season,internal_player_id,fantasypros_id,player_name,position,nfl_team,drafted,jugg_salary,jugg_owner,espn_salary_cap_value,espn_overall_rank,espn_position_rank,adp_espn,adp_yahoo,projected_points_jugg,prior_jugg_salary,player_pool_source
2020,nfl:def:BAL,8020,Baltimore Ravens,DEF,BAL,True,2,Robbie Bagwell,1,172,4,100.0,75.0,112.0,,espn_and_jugg
2020,nfl:def:BUF,8030,Buffalo Bills,DEF,BUF,True,1,Brandon Martin,1,170,2,84.0,93.0,108.38,,espn_and_jugg
2020,nfl:def:CHI,8050,Chicago Bears,DEF,CHI,True,1,Julius Berotte,1,175,7,123.0,97.0,100.91,,espn_and_jugg
2020,nfl:def:CIN,8060,Cincinnati Bengals,DEF,CIN,False,,,0,299,21,,,97.41,,espn
2020,nfl:def:CLE,8070,Cleveland Browns,DEF,CLE,False,,,0,297,19,429.0,,104.03,,espn
2020,nfl:def:DAL,8080,Dallas Cowboys,DEF,DAL,True,1,Phil Carr,0,221,13,171.0,,103.0,,espn_and_jugg
2020,nfl:def:DEN,8090,Denver Broncos,DEF,DEN,False,,,0,222,14,150.0,,100.94,,espn
2020,nfl:def:DET,8100,Detroit Lions,DEF,DET,False,,,0,286,18,,,95.9,,espn
2020,nfl:def:IND,8130,Indianapolis Colts,DEF,IND,True,1,Lee Krassner,1,174,6,119.0,,107.11,,espn_and_jugg
2020,nfl:def:KC,8150,Kansas City Chiefs,DEF,KC,False,,,0,298,20,176.0,115.0,110.33,,espn
2020,nfl:def:LAC,8250,Los Angeles Chargers,DEF,LAC,False,,,0,179,11,179.0,,92.84,,espn
2020,nfl:def:LAR,8280,Los Angeles Rams,DEF,LAR,True,2,Brad Beissner,0,254,16,197.0,,115.32,,espn_and_jugg
2020,nfl:def:MIA,8160,Miami Dolphins,DEF,MIA,False,,,0,300,22,,,91.84,,espn
2020,nfl:def:MIN,8170,Minnesota Vikings,DEF,MIN,False,,,1,176,8,133.0,120.0,111.43,,espn
2020,nfl:def:NE,8180,New England Patriots,DEF,NE,True,2,Joey Breeland,1,173,5,107.0,119.0,114.09,,espn_and_jugg
2020,nfl:def:NO,8190,New Orleans Saints,DEF,NO,False,,,1,177,9,144.0,110.0,110.64,,espn
2020,nfl:def:PHI,8230,Philadelphia Eagles,DEF,PHI,False,,,0,285,17,199.0,,109.66,,espn
2020,nfl:def:PIT,8240,Pittsburgh Steelers,DEF,PIT,True,2,Nate Corbett,1,169,1,81.0,80.0,121.81,,espn_and_jugg
2020,nfl:def:SEA,8260,Seattle Seahawks,DEF,SEA,True,1,George Rodman,0,253,15,172.0,,106.36,,espn_and_jugg
2020,nfl:def:SF,8270,San Francisco 49ers,DEF,SF,True,3,Ken Moller,1,171,3,83.0,62.0,118.89,,espn_and_jugg
2020,nfl:def:TB,8290,Tampa Bay Buccaneers,DEF,TB,False,,,1,178,10,160.0,,108.27,,espn
2020,nfl:def:TEN,8300,Tennessee Titans,DEF,TEN,False,,,0,180,12,182.0,,100.37,,espn
2020,nfl:gsis:00-0019596,9603,Tom Brady,QB,FA,True,4,Nate Corbett,2,117,8,61.0,81.0,317.596,4,espn_and_jugg
2020,nfl:gsis:00-0020531,9200,Drew Brees,QB,FA,True,1,Ken Moller,2,120,11,76.0,72.0,316.857,9,espn_and_jugg
2020,nfl:gsis:00-0022921,9383,Larry Fitzgerald,WR,FA,False,,,0,151,66,161.0,150.0,78.06,1,espn
2020,nfl:gsis:00-0022924,9039,Ben Roethlisberger,QB,FA,False,,,0,164,16,142.0,117.0,290.841,1,espn
2020,nfl:gsis:00-0022942,9509,Philip Rivers,QB,FA,False,,,0,245,26,190.0,156.0,275.684,1,espn
2020,nfl:gsis:00-0023252,9534,Robbie Gould,K,FA,True,1,Ken Moller,1,187,7,134.0,116.0,121.06,1,espn_and_jugg
2020,nfl:gsis:00-0023459,9001,Aaron Rodgers,QB,PIT,True,2,Brad Beissner,1,122,13,93.0,96.0,314.913,27,espn_and_jugg
2020,nfl:gsis:00-0023500,9218,Frank Gore,RB,FA,False,,,0,241,78,,,55.582,,espn
2020,nfl:gsis:00-0023853,9443,Matt Prater,K,FA,True,1,Brandon Martin,1,184,4,120.0,124.0,114.22,1,espn_and_jugg
2020,nfl:gsis:00-0025394,9006,Adrian Peterson,RB,FA,False,,,0,205,67,194.0,174.0,63.454,63,espn
2020,nfl:gsis:00-0025396,9588,Ted Ginn Jr.,WR,FA,False,,,0,260,93,,,40.399,,espn
2020,nfl:gsis:00-0025418,9238,Greg Olsen,TE,FA,False,,,0,259,29,200.0,143.0,60.106,2,espn
2020,nfl:gsis:00-0025580,9433,Mason Crosby,K,FA,True,1,George Rodman,0,287,17,189.0,193.0,110.25,2,espn_and_jugg
2020,nfl:gsis:00-0026035,9146,Danny Amendola,WR,FA,False,,,0,225,81,,,83.67,,espn
2020,nfl:gsis:00-0026143,9444,Matt Ryan,QB,FA,True,1,Phil Carr,2,116,7,82.0,65.0,334.193,23,espn_and_jugg
2020,nfl:gsis:00-0026189,9186,DeSean Jackson,WR,FA,True,1,Julius Berotte,2,102,49,137.0,161.0,110.958,12,espn_and_jugg
2020,nfl:gsis:00-0026498,9451,Matthew Stafford,QB,LAR,True,3,Phil Carr,1,121,12,117.0,103.0,299.206,3,espn_and_jugg
2020,nfl:gsis:00-0027029,9398,LeSean McCoy,RB,FA,False,,,0,206,68,221.0,151.0,44.176,1,espn
2020,nfl:gsis:00-0027061,9265,Jared Cook,TE,FA,True,1,Brandon Martin,2,111,9,86.0,71.0,103.376,3,espn_and_jugg
2020,nfl:gsis:00-0027150,9332,Julian Edelman,WR,FA,True,1,Joey Breeland,4,78,36,79.0,99.0,127.944,11,espn_and_jugg
2020,nfl:gsis:00-0027656,9721,Rob Gronkowski,TE,FA,True,3,Julius Berotte,2,112,10,67.0,77.0,90.076,53,espn_and_jugg
2020,nfl:gsis:00-0027685,9707,Emmanuel Sanders,WR,FA,False,,,2,100,47,116.0,136.0,103.045,6,espn
2020,nfl:gsis:00-0027696,9712,Jimmy Graham,TE,FA,False,,,0,247,24,203.0,129.0,57.907,29,espn
2020,nfl:gsis:00-0027793,9808,Antonio Brown,WR,FA,False,,,0,214,76,243.0,,0.0,39,espn
2020,nfl:gsis:00-0027891,9683,Golden Tate,WR,FA,False,,,2,97,44,122.0,,105.927,12,espn
2020,nfl:gsis:00-0027939,9869,Cam Newton,QB,FA,True,4,Julius Berotte,1,138,15,106.0,114.0,305.977,5,espn_and_jugg
2020,nfl:gsis:00-0027942,9857,A.J. Green,WR,FA,True,7,Brad Beissner,8,63,29,70.0,90.0,132.118,3,espn_and_jugg
2020,nfl:gsis:00-0027944,9867,Julio Jones,WR,FA,True,37,Brandon Martin,36,18,4,15.0,14.0,181.193,53,espn_and_jugg
2020,nfl:gsis:00-0027966,9872,Mark Ingram II,RB,FA,True,14,Phil Carr,9,59,27,64.0,40.0,149.217,12,espn_and_jugg
2020,nfl:gsis:00-0027981,9906,Kyle Rudolph,TE,FA,False,,,0,258,28,193.0,130.0,57.815,,espn
2020,nfl:gsis:00-0028002,9902,Randall Cobb,WR,FA,False,,,0,147,62,186.0,,76.513,46,espn
2020,nfl:gsis:00-0028087,9983,Dion Lewis,RB,FA,False,,,0,265,82,,,38.245,,espn
2020,nfl:gsis:00-0028118,10007,Tyrod Taylor,QB,GB,False,,,0,269,30,,,203.669,,espn
2020,nfl:gsis:00-0028237,11477,Chris Hogan,WR,FA,False,,,0,274,100,,,37.981,,espn
2020,nfl:gsis:00-0028660,10970,Dan Bailey,K,FA,False,,,0,256,16,209.0,,113.1,1,espn
2020,nfl:gsis:00-0029000,11459,Cole Beasley,WR,FA,False,,,0,216,78,220.0,,89.037,,espn
2020,nfl:gsis:00-0029137,11199,Alshon Jeffery,WR,FA,False,,,0,148,63,196.0,,66.346,6,espn
2020,nfl:gsis:00-0029263,11180,Russell Wilson,QB,FA,True,13,Ken Moller,5,76,6,47.0,41.0,344.06,3,espn_and_jugg
2020,nfl:gsis:00-0029293,11215,Marvin Jones Jr.,WR,FA,True,1,Joey Breeland,5,77,35,88.0,106.0,125.219,1,espn_and_jugg
2020,nfl:gsis:00-0029597,11465,Justin Tucker,K,FA,True,5,Lee Krassner,1,181,1,90.0,78.0,126.42,3,espn_and_jugg
2020,nfl:gsis:00-0029604,11177,Kirk Cousins,QB,LV,False,,,0,212,21,173.0,176.0,281.833,,espn
2020,nfl:gsis:00-0029608,11206,T.Y. Hilton,WR,FA,True,6,Joey Breeland,12,51,22,55.0,64.0,138.92,7,espn_and_jugg
2020,nfl:gsis:00-0029621,11345,Greg Zuerlein,K,FA,True,4,Brad Beissner,1,186,6,132.0,102.0,120.32,2,espn_and_jugg
2020,nfl:gsis:00-0029701,11174,Ryan Tannehill,QB,FA,True,1,George Rodman,0,165,17,163.0,175.0,292.436,2,espn_and_jugg
2020,nfl:gsis:00-0029822,13274,Brandon McManus,K,FA,False,,,0,223,13,216.0,,110.12,1,espn
2020,nfl:gsis:00-0030035,13429,Adam Thielen,WR,FA,True,23,Lee Krassner,30,26,10,26.0,29.0,152.088,25,espn_and_jugg
2020,nfl:gsis:00-0030061,11689,Zach Ertz,TE,FA,True,11,Brad Beissner,19,42,4,38.0,43.0,126.105,26,espn_and_jugg
2020,nfl:gsis:00-0030085,11611,Kenny Stills,WR,FA,False,,,0,261,94,,,61.579,,espn
2020,nfl:gsis:00-0030181,11987,Jack Doyle,TE,FA,False,,,0,161,17,166.0,,79.459,,espn
2020,nfl:gsis:00-0030279,11616,Keenan Allen,WR,IND,True,10,Julius Berotte,11,52,23,52.0,57.0,140.905,30,espn_and_jugg
2020,nfl:gsis:00-0030288,11655,Rex Burkhead,RB,FA,False,,,0,235,72,,,54.174,,espn
2020,nfl:gsis:00-0030404,11651,Chris Thompson,RB,FA,False,,,1,140,51,155.0,170.0,88.833,,espn
2020,nfl:gsis:00-0030431,11610,Robert Woods,WR,FA,True,12,Nate Corbett,22,37,19,45.0,61.0,150.838,15,espn_and_jugg
2020,nfl:gsis:00-0030456,11644,Giovani Bernard,RB,FA,False,,,0,207,69,,,61.261,3,espn
2020,nfl:gsis:00-0030496,11645,Le'Veon Bell,RB,FA,True,8,Brad Beissner,14,48,22,46.0,45.0,157.945,53,espn_and_jugg
2020,nfl:gsis:00-0030506,11594,Travis Kelce,TE,KC,True,51,George Rodman,35,20,1,20.0,19.0,161.422,53,espn_and_jugg
2020,nfl:gsis:00-0030513,11821,Latavius Murray,RB,FA,True,1,Phil Carr,2,105,43,131.0,142.0,100.52,3,espn_and_jugg
2020,nfl:gsis:00-0030549,11692,Tyler Eifert,TE,FA,False,,,0,246,23,232.0,168.0,69.784,,espn
2020,nfl:gsis:00-0030564,11606,DeAndre Hopkins,WR,BAL,True,38,Lee Krassner,36,19,5,19.0,20.0,162.442,61,espn_and_jugg
2020,nfl:gsis:00-0030663,12904,Willie Snead IV,WR,FA,False,,,0,294,103,,,51.55,,espn
2020,nfl:gsis:00-0031045,12105,Carlos Hyde,RB,FA,False,,,0,160,60,,183.0,50.356,1,espn
2020,nfl:gsis:00-0031051,12231,John Brown,WR,FA,True,1,George Rodman,2,99,46,126.0,123.0,112.08,,espn_and_jugg
2020,nfl:gsis:00-0031062,12195,James White,RB,FA,True,1,Joey Breeland,3,93,40,101.0,107.0,108.652,5,espn_and_jugg
2020,nfl:gsis:00-0031136,13029,Chris Boswell,K,PIT,True,1,Julius Berotte,1,185,5,140.0,,112.13,,espn_and_jugg
2020,nfl:gsis:00-0031235,12127,Odell Beckham Jr.,WR,NYG,True,25,Phil Carr,28,29,13,33.0,30.0,145.955,47,espn_and_jugg
2020,nfl:gsis:00-0031236,12122,Brandin Cooks,WR,FA,True,1,Phil Carr,4,80,38,92.0,118.0,114.788,18,espn_and_jugg
2020,nfl:gsis:00-0031237,12088,Teddy Bridgewater,QB,FA,False,,,0,267,28,191.0,149.0,268.47,1,espn
2020,nfl:gsis:00-0031280,12092,Derek Carr,QB,FA,False,,,0,244,25,204.0,131.0,277.299,1,espn
2020,nfl:gsis:00-0031285,12108,Devonta Freeman,RB,FA,False,,,0,237,74,229.0,188.0,0.0,26,espn
2020,nfl:gsis:00-0031325,12118,Sammy Watkins,WR,FA,False,,,0,146,61,156.0,159.0,100.164,2,espn
2020,nfl:gsis:00-0031345,12208,Jimmy Garoppolo,QB,LAR,False,,,0,168,20,152.0,132.0,287.701,,espn
2020,nfl:gsis:00-0031376,12209,Jerick McKinnon,RB,FA,False,,,0,158,58,224.0,186.0,75.72,1,espn
2020,nfl:gsis:00-0031381,12123,Davante Adams,WR,LAR,True,43,Brandon Martin,40,16,2,14.0,9.0,187.652,50,espn_and_jugg
2020,nfl:gsis:00-0031382,12128,Jarvis Landry,WR,FA,True,4,Brad Beissner,10,54,25,59.0,89.0,132.984,6,espn_and_jugg
2020,nfl:gsis:00-0031387,12143,Eric Ebron,TE,FA,False,,,0,162,18,167.0,169.0,76.083,,espn
2020,nfl:gsis:00-0031408,12119,Mike Evans,WR,SF,True,31,Brandon Martin,33,22,7,25.0,28.0,159.477,40,espn_and_jugg
2020,nfl:gsis:00-0031428,12126,Allen Robinson II,WR,FA,True,26,Phil Carr,29,28,12,34.0,26.0,144.816,3,espn_and_jugg
2020,nfl:gsis:00-0031492,14003,Jason Myers,K,SEA,False,,,0,288,18,230.0,,114.1,,espn
2020,nfl:gsis:00-0031544,13894,Amari Cooper,WR,FA,True,22,Brad Beissner,30,27,11,28.0,38.0,152.129,30,espn_and_jugg
2020,nfl:gsis:00-0031547,13897,DeVante Parker,WR,FA,True,2,Lee Krassner,8,61,27,71.0,67.0,142.426,1,espn_and_jugg
2020,nfl:gsis:00-0031588,13981,Stefon Diggs,WR,WAS,True,7,Nate Corbett,7,64,30,63.0,68.0,135.5,22,espn_and_jugg
2020,nfl:gsis:00-0031610,14104,Darren Waller,TE,CAR,True,10,Brandon Martin,6,69,5,53.0,56.0,115.647,,espn_and_jugg
2020,nfl:gsis:00-0031687,14338,Raheem Mostert,RB,LV,True,12,George Rodman,13,49,23,65.0,47.0,143.094,,espn_and_jugg
2020,nfl:gsis:00-0031806,13953,Malcolm Brown,RB,FA,False,,,0,202,64,,,52.241,,espn
2020,nfl:gsis:00-0031868,14222,Damiere Byrd,WR,FA,False,,,0,232,88,,,60.44,,espn
2020,nfl:gsis:00-0031941,13976,Jamison Crowder,WR,FA,False,,,3,95,42,110.0,126.0,119.1,,espn
2020,nfl:gsis:00-0032009,14498,Adam Humphries,WR,FA,False,,,0,234,90,,,59.979,,espn
2020,nfl:gsis:00-0032054,13975,Breshad Perriman,WR,FA,False,,,2,106,50,151.0,200.0,108.597,,espn
2020,nfl:gsis:00-0032058,13926,Tevin Coleman,RB,FA,False,,,3,92,39,127.0,137.0,105.694,2,espn
2020,nfl:gsis:00-0032063,13943,Mike Davis,RB,FA,False,,,0,242,79,,,36.85,,espn
2020,nfl:gsis:00-0032128,14151,Chris Conley,WR,FA,False,,,0,252,92,,,73.029,,espn
2020,nfl:gsis:00-0032144,13903,Melvin Gordon III,RB,FA,True,13,Lee Krassner,15,46,20,48.0,33.0,161.331,12,espn_and_jugg
2020,nfl:gsis:00-0032187,13948,David Johnson,RB,FA,True,19,Brandon Martin,20,40,16,37.0,52.0,173.693,55,espn_and_jugg
2020,nfl:gsis:00-0032211,13971,Tyler Lockett,WR,LV,True,13,Brad Beissner,22,36,18,42.0,48.0,150.775,19,espn_and_jugg
2020,nfl:gsis:00-0032241,13912,Todd Gurley II,RB,FA,True,29,Brandon Martin,18,43,17,32.0,32.0,179.589,49,espn_and_jugg
2020,nfl:gsis:00-0032257,13939,Duke Johnson Jr.,RB,FA,False,,,1,128,44,138.0,184.0,96.494,8,espn
2020,nfl:gsis:00-0032385,15569,Sterling Shepard,WR,HOU,True,3,Lee Krassner,4,79,37,95.0,135.0,116.346,25,espn_and_jugg
2020,nfl:gsis:00-0032392,15581,Austin Hooper,TE,ATL,False,,,1,136,16,136.0,121.0,83.804,,espn
2020,nfl:gsis:00-0032569,16026,Wil Lutz,K,DEN,True,15,Robbie Bagwell,1,183,3,105.0,94.0,128.97,1,espn_and_jugg
2020,nfl:gsis:00-0032602,16230,J.D. McKissic,RB,FA,False,,,0,276,83,,,34.344,,espn
2020,nfl:gsis:00-0032688,15688,Robbie Chosen,WR,FA,False,,,2,98,45,128.0,,99.594,,espn
2020,nfl:gsis:00-0032726,15756,Ka'imi Fairbairn,K,HOU,False,,,0,192,12,213.0,,110.06,1,espn
2020,nfl:gsis:00-0032741,15920,Peyton Barber,RB,FA,False,,,0,277,84,,,49.677,1,espn
2020,nfl:gsis:00-0032764,15514,Derrick Henry,RB,BAL,True,64,Ken Moller,50,7,6,7.0,5.0,239.371,16,espn_and_jugg
2020,nfl:gsis:00-0032765,15528,Michael Thomas,WR,FA,True,58,George Rodman,51,6,1,6.0,6.0,203.658,48,espn_and_jugg
2020,nfl:gsis:00-0032775,15665,Demarcus Robinson,WR,SF,False,,,0,284,102,,,32.052,,espn
2020,nfl:gsis:00-0032780,15585,Jordan Howard,RB,FA,True,1,Julius Berotte,3,87,34,103.0,87.0,113.094,1,espn_and_jugg
2020,nfl:gsis:00-0032791,15680,Jakeem Grant Sr.,WR,FA,False,,,0,230,86,,,64.768,,espn
2020,nfl:gsis:00-0032950,15520,Carson Wentz,QB,MIN,True,1,Brandon Martin,2,118,9,104.0,88.0,314.051,5,espn_and_jugg
2020,nfl:gsis:00-0032972,15555,Devontae Booker,RB,FA,False,,,0,280,87,,,29.758,,espn
2020,nfl:gsis:00-0033009,15547,Tyler Boyd,WR,FA,True,8,Joey Breeland,7,65,31,78.0,85.0,123.404,9,espn_and_jugg
2020,nfl:gsis:00-0033025,16120,Jalen Richard,RB,FA,False,,,0,236,73,,,66.132,,espn
2020,nfl:gsis:00-0033040,15802,Tyreek Hill,WR,FA,True,43,Julius Berotte,37,17,3,13.0,12.0,177.522,44,espn_and_jugg
2020,nfl:gsis:00-0033045,15498,Ezekiel Elliott,RB,FA,True,65,Joey Breeland,60,3,3,3.0,3.0,242.776,52,espn_and_jugg
2020,nfl:gsis:00-0033077,15600,Dak Prescott,QB,DAL,True,8,Lee Krassner,5,75,5,49.0,42.0,356.812,1,espn_and_jugg
2020,nfl:gsis:00-0033090,15561,Hunter Henry,TE,NE,False,,,2,110,8,91.0,73.0,93.225,7,espn
2020,nfl:gsis:00-0033106,15501,Jared Goff,QB,DET,False,,,0,166,18,153.0,147.0,297.608,1,espn
2020,nfl:gsis:00-0033110,15623,Tyler Higbee,TE,LAR,True,1,Lee Krassner,4,83,7,74.0,59.0,99.968,,espn_and_jugg
2020,nfl:gsis:00-0033118,15637,Kenyan Drake,RB,FA,True,46,Robbie Bagwell,44,13,12,16.0,17.0,192.411,2,espn_and_jugg
2020,nfl:gsis:00-0033280,16393,Christian McCaffrey,RB,SF,True,69,George Rodman,63,1,1,1.0,1.0,269.694,68,espn_and_jugg
2020,nfl:gsis:00-0033282,16434,Curtis Samuel,WR,FA,False,,,1,125,56,157.0,194.0,95.83,1,espn
2020,nfl:gsis:00-0033288,16499,George Kittle,TE,SF,True,40,Joey Breeland,32,23,2,23.0,16.0,137.739,25,espn_and_jugg
2020,nfl:gsis:00-0033292,16505,Trent Taylor,WR,FA,False,,,0,228,84,,,31.937,,espn
2020,nfl:gsis:00-0033293,16673,Aaron Jones Sr.,RB,MIN,True,46,Brad Beissner,43,14,13,18.0,21.0,196.678,18,espn_and_jugg
2020,nfl:gsis:00-0033303,16712,Harrison Butker,K,KC,True,1,Nate Corbett,1,182,2,89.0,83.0,131.15,1,espn_and_jugg
2020,nfl:gsis:00-0033308,17058,Matt Breida,RB,FA,True,2,Brandon Martin,3,91,38,114.0,100.0,104.26,2,espn_and_jugg
2020,nfl:gsis:00-0033357,17115,Taysom Hill,TE,FA,False,,,0,289,30,210.0,,24.039,,espn
2020,nfl:gsis:00-0033460,16388,John Ross,WR,FA,False,,,0,262,95,,,62.265,,espn
2020,nfl:gsis:00-0033536,16377,Mike Williams,WR,FA,False,,,2,108,52,149.0,177.0,101.93,5,espn
2020,nfl:gsis:00-0033537,16398,Deshaun Watson,QB,CLE,True,14,Nate Corbett,6,73,3,35.0,51.0,355.639,12,espn_and_jugg
2020,nfl:gsis:00-0033553,16447,James Conner,RB,ARI,True,11,Lee Krassner,17,44,18,41.0,25.0,172.941,48,espn_and_jugg
2020,nfl:gsis:00-0033556,16450,Tarik Cohen,RB,FA,True,1,Julius Berotte,3,88,35,87.0,128.0,104.214,6,espn_and_jugg
2020,nfl:gsis:00-0033567,16448,Brian Hill,RB,FA,False,,,0,204,66,,,47.077,,espn
2020,nfl:gsis:00-0033594,16754,Chris Carson,RB,FA,True,40,Nate Corbett,21,39,15,31.0,31.0,187.859,27,espn_and_jugg
2020,nfl:gsis:00-0033658,16638,Blake Jarwin,TE,FA,False,,,0,211,22,184.0,181.0,70.998,,espn
2020,nfl:gsis:00-0033699,16483,Austin Ekeler,RB,FA,True,45,Nate Corbett,43,15,14,21.0,22.0,184.311,8,espn_and_jugg
2020,nfl:gsis:00-0033702,16910,Younghoe Koo,K,FA,False,,,0,224,14,175.0,,113.01,1,espn
2020,nfl:gsis:00-0033787,16540,Jake Elliott,K,PHI,True,1,Phil Carr,1,189,9,168.0,,111.94,1,espn_and_jugg
2020,nfl:gsis:00-0033839,16436,Dede Westbrook,WR,FA,False,,,0,227,83,,,67.231,4,espn
2020,nfl:gsis:00-0033856,16378,Leonard Fournette,RB,FA,True,4,Lee Krassner,6,71,30,68.0,58.0,120.391,22,espn_and_jugg
2020,nfl:gsis:00-0033857,16427,JuJu Smith-Schuster,WR,FA,True,26,Joey Breeland,26,30,14,30.0,34.0,140.838,57,espn_and_jugg
2020,nfl:gsis:00-0033858,16460,Jonnu Smith,TE,FA,False,,,0,163,19,185.0,190.0,73.699,,espn
2020,nfl:gsis:00-0033862,16548,Zane Gonzalez,K,FA,False,,,1,188,8,158.0,178.0,111.68,,espn
2020,nfl:gsis:00-0033869,16381,Mitchell Trubisky,QB,TEN,False,,,0,296,32,235.0,,228.41,,espn
2020,nfl:gsis:00-0033871,16385,Corey Davis,WR,FA,False,,,0,218,80,,,87.866,,espn
2020,nfl:gsis:00-0033873,16413,Patrick Mahomes II,QB,KC,True,44,Joey Breeland,22,35,2,11.0,10.0,390.41,37,espn_and_jugg
2020,nfl:gsis:00-0033879,16380,O.J. Howard,TE,FA,False,,,0,293,34,214.0,146.0,51.047,17,espn
2020,nfl:gsis:00-0033881,16411,Evan Engram,TE,DEN,True,4,Nate Corbett,4,82,6,62.0,84.0,98.803,7,espn_and_jugg
2020,nfl:gsis:00-0033893,16374,Dalvin Cook,RB,FA,True,54,Robbie Bagwell,59,4,4,4.0,7.0,231.345,28,espn_and_jugg
2020,nfl:gsis:00-0033895,16459,Gerald Everett,TE,FA,False,,,0,292,33,,,46.581,,espn
2020,nfl:gsis:00-0033897,16420,Joe Mixon,RB,FA,True,42,Nate Corbett,45,12,11,22.0,11.0,200.819,41,espn_and_jugg
2020,nfl:gsis:00-0033906,16421,Alvin Kamara,RB,NO,True,50,Phil Carr,56,5,5,5.0,4.0,216.917,71,espn_and_jugg
2020,nfl:gsis:00-0033908,16433,Cooper Kupp,WR,SEA,True,15,Robbie Bagwell,21,38,20,43.0,44.0,149.396,6,espn_and_jugg
2020,nfl:gsis:00-0033921,16406,Chris Godwin Jr.,WR,TB,True,41,Julius Berotte,35,21,6,24.0,24.0,165.417,5,espn_and_jugg
2020,nfl:gsis:00-0033923,16425,Kareem Hunt,RB,FA,True,5,Ken Moller,9,60,28,58.0,69.0,126.048,1,espn_and_jugg
2020,nfl:gsis:00-0033932,16488,Kenny Golladay,WR,FA,True,33,Phil Carr,32,24,8,27.0,27.0,161.226,5,espn_and_jugg
2020,nfl:gsis:00-0033943,16439,Josh Reynolds,WR,FA,False,,,0,251,91,,,54.173,,espn
2020,nfl:gsis:00-0033948,16424,Jamaal Williams,RB,FA,False,,,0,203,65,,,64.807,,espn
2020,nfl:gsis:00-0033950,16422,Wayne Gallman Jr.,RB,FA,False,,,0,264,81,,,15.38,,espn
2020,nfl:gsis:00-0033951,16444,Marlon Mack,RB,FA,True,3,Ken Moller,1,129,45,130.0,113.0,123.845,10,espn_and_jugg
2020,nfl:gsis:00-0034011,17143,Dan Arnold,TE,FA,False,,,0,290,31,,,43.874,,espn
2020,nfl:gsis:00-0034109,17498,Phillip Lindsay,RB,FA,True,1,Joey Breeland,4,86,33,94.0,105.0,114.801,3,espn_and_jugg
2020,nfl:gsis:00-0034159,18049,Will Dissly,TE,FA,False,,,0,257,27,231.0,,48.059,,espn
2020,nfl:gsis:00-0034184,17687,Gus Edwards,RB,FA,False,,,0,208,70,,,40.527,,espn
2020,nfl:gsis:00-0034272,17528,Marquez Valdes-Scantling,WR,DAL,False,,,0,231,87,,,52.812,,espn
2020,nfl:gsis:00-0034301,17514,Darrel Williams,RB,FA,False,,,0,199,61,207.0,165.0,69.956,,espn
2020,nfl:gsis:00-0034331,17271,Jaylen Samuels,RB,FA,False,,,0,278,85,,,38.036,1,espn
2020,nfl:gsis:00-0034348,17253,Courtland Sutton,WR,DEN,True,7,Nate Corbett,26,31,15,39.0,55.0,140.573,1,espn_and_jugg
2020,nfl:gsis:00-0034349,17247,Kerryon Johnson,RB,FA,True,2,Brad Beissner,6,72,31,96.0,138.0,111.949,31,espn_and_jugg
2020,nfl:gsis:00-0034351,17270,Dallas Goedert,TE,PHI,False,,,0,210,21,178.0,,78.85,,espn
2020,nfl:gsis:00-0034353,17255,Anthony Miller,WR,FA,False,,,1,127,58,162.0,,100.084,,espn
2020,nfl:gsis:00-0034364,17415,Jordan Akins,TE,FA,False,,,0,291,32,,,40.321,,espn
2020,nfl:gsis:00-0034365,17387,Ian Thomas,TE,LV,False,,,0,248,25,,,64.352,,espn
2020,nfl:gsis:00-0034367,,Nyheim Hines,RB,IND,False,,,0,142,53,,,,,espn
2020,nfl:gsis:00-0034378,17249,Ito Smith,RB,FA,False,,,0,240,77,,,49.287,,espn
2020,nfl:gsis:00-0034411,17606,Russell Gage Jr.,WR,FA,False,,,0,215,77,,,67.878,,espn
2020,nfl:gsis:00-0034414,17612,Boston Scott,RB,FA,False,,,0,141,52,169.0,191.0,86.224,,espn
2020,nfl:gsis:00-0034440,17300,Justin Jackson,RB,FA,False,,,1,139,50,188.0,198.0,65.794,,espn
2020,nfl:gsis:00-0034521,17301,Allen Lazard,WR,FA,False,,,0,152,67,183.0,187.0,93.758,,espn
2020,nfl:gsis:00-0034676,17254,James Washington,WR,FA,False,,,0,197,73,,,67.983,1,espn
2020,nfl:gsis:00-0034681,17496,Chase Edmonds,RB,WAS,True,1,George Rodman,1,130,46,164.0,172.0,70.46,,espn_and_jugg
2020,nfl:gsis:00-0034750,17308,Rashaad Penny,RB,FA,False,,,0,250,80,,,43.431,1,espn
2020,nfl:gsis:00-0034753,17269,Mark Andrews,TE,BAL,True,23,Ken Moller,19,41,3,36.0,35.0,125.393,1,espn_and_jugg
2020,nfl:gsis:00-0034764,17259,Michael Gallup,WR,FA,True,2,Nate Corbett,8,62,28,72.0,76.0,136.892,3,espn_and_jugg
2020,nfl:gsis:00-0034766,17536,Chris Herndon IV,TE,FA,False,,,1,135,15,159.0,,84.396,,espn
2020,nfl:gsis:00-0034775,17268,Christian Kirk,WR,SF,True,1,Brad Beissner,4,84,40,112.0,164.0,113.54,1,espn_and_jugg
2020,nfl:gsis:00-0034777,17292,DJ Chark Jr.,WR,FA,True,15,Robbie Bagwell,10,55,26,60.0,54.0,134.272,,espn_and_jugg
2020,nfl:gsis:00-0034791,17246,Nick Chubb,RB,FA,True,44,Julius Berotte,45,11,10,10.0,13.0,203.522,59,espn_and_jugg
2020,nfl:gsis:00-0034796,17233,Lamar Jackson,QB,BAL,True,48,Julius Berotte,23,34,1,17.0,15.0,396.691,1,espn_and_jugg
2020,nfl:gsis:00-0034816,17243,Ronald Jones II,RB,FA,True,3,Brandon Martin,6,70,29,97.0,82.0,120.089,,espn_and_jugg
2020,nfl:gsis:00-0034827,17265,DJ Moore,WR,BUF,True,19,Brandon Martin,31,25,9,29.0,37.0,153.036,3,espn_and_jugg
2020,nfl:gsis:00-0034829,17272,Mike Gesicki,TE,CIN,False,,,1,134,14,143.0,140.0,85.556,,espn
2020,nfl:gsis:00-0034830,17283,Hayden Hurst,TE,FA,True,1,Phil Carr,2,114,12,115.0,104.0,89.195,,espn_and_jugg
2020,nfl:gsis:00-0034837,17258,Calvin Ridley,WR,TEN,True,14,Brad Beissner,24,33,17,40.0,49.0,150.081,5,espn_and_jugg
2020,nfl:gsis:00-0034838,17245,Royce Freeman,RB,FA,False,,,0,281,88,,,31.565,2,espn
2020,nfl:gsis:00-0034844,17240,Saquon Barkley,RB,PHI,True,64,Brad Beissner,60,2,2,2.0,2.0,241.66,72,espn_and_jugg
2020,nfl:gsis:00-0034845,17309,Sony Michel,RB,FA,False,,,1,131,47,148.0,111.0,99.676,17,espn
2020,nfl:gsis:00-0034855,17237,Baker Mayfield,QB,TB,False,,,0,167,19,165.0,148.0,290.035,10,espn
2020,nfl:gsis:00-0034857,17298,Josh Allen,QB,BUF,True,3,Brandon Martin,2,119,10,98.0,70.0,329.791,,espn_and_jugg
2020,nfl:gsis:00-0034869,17236,Sam Darnold,QB,SEA,False,,,0,266,27,241.0,,266.181,,espn
2020,nfl:gsis:00-0034928,18962,Steven Sims Jr.,WR,FA,False,,,0,194,70,,,91.364,,espn
2020,nfl:gsis:00-0034960,18598,Jakobi Meyers,WR,JAX,False,,,0,275,101,,,33.609,,espn
2020,nfl:gsis:00-0034970,18610,Irv Smith Jr.,TE,FA,False,,,0,193,20,211.0,182.0,55.901,,espn
2020,nfl:gsis:00-0034972,18621,Alexander Mattison,RB,FA,True,5,Robbie Bagwell,2,103,41,135.0,139.0,83.712,,espn_and_jugg
2020,nfl:gsis:00-0034983,18345,Hunter Renfrow,WR,FA,False,,,0,217,79,,163.0,88.539,,espn
2020,nfl:gsis:00-0035140,18587,Mecole Hardman Jr.,WR,BUF,False,,,1,123,54,139.0,157.0,88.524,,espn
2020,nfl:gsis:00-0035145,18689,Austin Seibert,K,FA,False,,,1,190,10,222.0,,112.75,,espn
2020,nfl:gsis:00-0035184,18630,Devine Ozigbo,RB,FA,False,,,0,200,62,206.0,,65.711,,espn
2020,nfl:gsis:00-0035216,18615,Diontae Johnson,WR,FA,False,,,4,81,39,102.0,108.0,115.909,,espn
2020,nfl:gsis:00-0035217,18609,Benny Snell Jr.,RB,FA,False,,,0,157,57,219.0,,64.74,,espn
2020,nfl:gsis:00-0035228,18600,Kyler Murray,QB,MIN,True,7,Robbie Bagwell,5,74,4,50.0,50.0,337.477,6,espn_and_jugg
2020,nfl:gsis:00-0035229,18290,T.J. Hockenson,TE,MIN,False,,,2,115,13,125.0,153.0,80.25,,espn
2020,nfl:gsis:00-0035232,,Dwayne Haskins Jr.,QB,WAS,False,,,0,268,29,,,,,espn
2020,nfl:gsis:00-0035243,18283,Miles Sanders,RB,FA,True,39,Phil Carr,48,9,8,12.0,23.0,198.165,4,espn_and_jugg
2020,nfl:gsis:00-0035246,18235,J.J. Arcega-Whiteside,WR,FA,False,,,0,295,104,,,28.247,,espn
2020,nfl:gsis:00-0035250,18280,Devin Singletary,RB,NYG,True,8,Lee Krassner,10,57,25,66.0,63.0,136.656,1,espn_and_jugg
2020,nfl:gsis:00-0035256,18266,Bryce Love,RB,FA,False,,,0,201,63,,,53.331,,espn
2020,nfl:gsis:00-0035261,18705,Tony Pollard,RB,TEN,True,1,Joey Breeland,1,132,48,154.0,167.0,84.082,2,espn_and_jugg
2020,nfl:gsis:00-0035268,18521,Ryquell Armstead,RB,FA,False,,,0,279,86,202.0,158.0,39.114,,espn
2020,nfl:gsis:00-0035269,18545,Matt Gay,K,LV,True,1,Joey Breeland,,,,195.0,195.0,0.0,,jugg_exception
2020,nfl:gsis:00-0035289,18562,Gardner Minshew II,QB,ARI,False,,,0,219,22,187.0,155.0,286.204,,espn
2020,nfl:gsis:00-0035291,18607,Trayveon Williams,RB,DET,False,,,0,282,89,,,13.007,,espn
2020,nfl:gsis:00-0035311,17251,Myles Gaskin,RB,FA,False,,,0,283,90,,,38.077,,espn
2020,nfl:gsis:00-0035350,18612,Preston Williams,WR,FA,False,,,3,94,41,121.0,179.0,110.73,,espn
2020,nfl:gsis:00-0035414,18941,Jalen Guyton,WR,FA,False,,,0,272,98,,,17.194,,espn
2020,nfl:gsis:00-0035527,18409,Andy Isabella,WR,FA,False,,,0,271,97,,,43.467,,espn
2020,nfl:gsis:00-0035535,18706,Darius Slayton,WR,NYG,True,1,George Rodman,2,96,43,129.0,133.0,109.635,,espn_and_jugg
2020,nfl:gsis:00-0035624,18222,N'Keal Harry,WR,FA,True,1,George Rodman,1,124,55,147.0,,93.465,,espn_and_jugg
2020,nfl:gsis:00-0035639,18463,Parris Campbell,WR,FA,True,1,George Rodman,1,126,57,174.0,180.0,73.318,,espn_and_jugg
2020,nfl:gsis:00-0035640,18219,DK Metcalf,WR,PIT,True,12,Ken Moller,11,53,24,54.0,53.0,140.637,,espn_and_jugg
2020,nfl:gsis:00-0035644,17527,Noah Fant,TE,NO,True,3,Robbie Bagwell,2,113,11,108.0,127.0,87.415,,espn_and_jugg
2020,nfl:gsis:00-0035645,19093,Gunner Olszewski,WR,NYG,False,,,0,263,96,,,15.378,,espn
2020,nfl:gsis:00-0035657,18230,Damien Harris,RB,FA,False,,,0,159,59,181.0,162.0,62.846,,espn
2020,nfl:gsis:00-0035659,18466,Terry McLaurin,WR,WAS,True,9,Nate Corbett,13,50,21,57.0,46.0,139.913,,espn_and_jugg
2020,nfl:gsis:00-0035662,18226,Hollywood Brown,WR,PHI,True,3,Joey Breeland,7,67,33,75.0,79.0,129.931,,espn_and_jugg
2020,nfl:gsis:00-0035664,18588,Darrell Henderson Jr.,RB,FA,False,,,2,104,42,124.0,152.0,82.739,1,espn
2020,nfl:gsis:00-0035676,18218,A.J. Brown,WR,NE,True,16,Robbie Bagwell,25,32,16,44.0,39.0,151.72,,espn_and_jugg
2020,nfl:gsis:00-0035685,18239,David Montgomery,RB,HOU,True,3,Robbie Bagwell,10,56,24,73.0,74.0,130.269,12,espn_and_jugg
2020,nfl:gsis:00-0035689,18631,Dawson Knox,TE,BUF,False,,,0,249,26,,,62.468,,espn
2020,nfl:gsis:00-0035700,18269,Josh Jacobs,RB,GB,True,57,Ken Moller,46,10,9,9.0,18.0,202.798,24,espn_and_jugg
2020,nfl:gsis:00-0035703,18636,Miles Boykin,WR,FA,False,,,0,273,99,,,57.073,,espn
2020,nfl:gsis:00-0035704,18225,Drew Lock,QB,SEA,False,,,0,243,24,180.0,154.0,270.387,,espn
2020,nfl:gsis:00-0035710,18232,Daniel Jones,QB,IND,True,1,George Rodman,1,137,14,141.0,144.0,295.539,,espn_and_jugg
2020,nfl:gsis:00-0035719,18244,Deebo Samuel Sr.,WR,SF,True,1,Ken Moller,6,68,34,85.0,98.0,117.792,,espn_and_jugg
2020,nfl:gsis:00-0035831,19631,James Robinson,RB,FA,False,,,1,133,49,215.0,171.0,71.036,,espn
2020,nfl:gsis:00-0035849,19469,Rodrigo Blankenship,K,FA,False,,,0,191,11,177.0,,107.93,,espn
2020,nfl:gsis:00-0036158,19245,J.K. Dobbins,RB,DEN,True,10,Lee Krassner,3,89,36,99.0,86.0,105.678,,espn_and_jugg
2020,nfl:gsis:00-0036212,19198,Tua Tagovailoa,QB,ATL,False,,,0,270,31,201.0,145.0,144.771,,espn
2020,nfl:gsis:00-0036223,19217,Jonathan Taylor,RB,IND,True,13,Robbie Bagwell,17,45,19,51.0,36.0,150.851,,espn_and_jugg
2020,nfl:gsis:00-0036251,19263,Zack Moss,RB,FA,True,1,George Rodman,3,90,37,109.0,101.0,106.791,,espn_and_jugg
2020,nfl:gsis:00-0036252,19278,Michael Pittman Jr.,WR,PIT,False,,,0,150,65,205.0,189.0,86.331,,espn
2020,nfl:gsis:00-0036255,19344,Denzel Mims,WR,DAL,False,,,0,153,68,,,54.43,,espn
2020,nfl:gsis:00-0036261,19252,Brandon Aiyuk,WR,SF,False,,,0,145,60,192.0,197.0,84.794,,espn
2020,nfl:gsis:00-0036265,19358,AJ Dillon,RB,CAR,False,,,0,156,56,217.0,173.0,61.845,,espn
2020,nfl:gsis:00-0036268,19221,Laviska Shenault Jr.,WR,FA,False,,,0,198,74,,,72.842,,espn
2020,nfl:gsis:00-0036269,19333,La'Mical Perine,RB,FA,False,,,0,238,75,,,34.061,,espn
2020,nfl:gsis:00-0036275,19210,D'Andre Swift,RB,CHI,True,4,Phil Carr,4,85,32,69.0,66.0,112.091,,espn_and_jugg
2020,nfl:gsis:00-0036297,19418,Darrynton Evans,RB,FA,False,,,0,155,55,,,71.447,,espn
2020,nfl:gsis:00-0036322,19236,Justin Jefferson,WR,MIN,True,1,Julius Berotte,0,144,59,145.0,166.0,90.997,,espn_and_jugg
2020,nfl:gsis:00-0036326,18627,Chase Claypool,WR,FA,False,,,0,196,72,,,56.544,,espn
2020,nfl:gsis:00-0036328,19624,Antonio Gibson,RB,FA,True,3,Robbie Bagwell,9,58,26,77.0,109.0,135.143,,espn_and_jugg
2020,nfl:gsis:00-0036331,19270,Devin Duvernay,WR,ARI,False,,,0,229,85,,,39.683,,espn
2020,nfl:gsis:00-0036336,19366,Anthony McFarland Jr.,RB,FA,False,,,0,209,71,,,37.389,,espn
2020,nfl:gsis:00-0036340,19338,Antonio Gandy-Golden,WR,FA,False,,,0,233,89,,,50.999,,espn
2020,nfl:gsis:00-0036357,19207,Henry Ruggs III,WR,FA,True,3,Ken Moller,2,101,48,111.0,141.0,106.319,,espn_and_jugg
2020,nfl:gsis:00-0036358,19202,CeeDee Lamb,WR,DAL,True,4,Nate Corbett,2,109,53,113.0,112.0,104.234,,espn_and_jugg
2020,nfl:gsis:00-0036360,19325,Clyde Edwards-Helaire,RB,FA,True,58,Lee Krassner,49,8,7,8.0,8.0,204.329,,espn_and_jugg
2020,nfl:gsis:00-0036365,18634,Bryan Edwards,WR,FA,False,,,0,213,75,379.0,199.0,80.307,,espn
2020,nfl:gsis:00-0036370,19445,Joshua Kelley,RB,FA,False,,,0,143,54,,,67.157,,espn
2020,nfl:gsis:00-0036387,19219,Jalen Reagor,WR,MIA,False,,,0,149,64,198.0,160.0,91.59,,espn
2020,nfl:gsis:00-0036407,19201,Jerry Jeudy,WR,CLE,True,2,Ken Moller,2,107,51,118.0,134.0,96.337,,espn_and_jugg
2020,nfl:gsis:00-0036410,19211,Tee Higgins,WR,CIN,False,,,0,154,69,,,62.291,,espn
2020,nfl:gsis:00-0036414,19268,Cam Akers,RB,FA,True,12,Ken Moller,15,47,21,56.0,60.0,135.47,,espn_and_jugg
2020,nfl:gsis:00-0036415,19483,Van Jefferson,WR,WAS,False,,,0,195,71,,,61.628,,espn
2020,nfl:gsis:00-0036436,19762,Sam Sloman,K,FA,False,,,0,255,15,,,109.65,,espn
2020,nfl:gsis:00-0036442,19196,Joe Burrow,QB,CIN,True,1,Julius Berotte,0,220,23,146.0,122.0,280.577,,espn_and_jugg
2020,nfl:gsis:00-0036450,19351,Ke'Shawn Vaughn,RB,FA,False,,,0,239,76,,125.0,15.676,,espn
2020,provisional:fantasypros:15629,15629,William Fuller V,WR,FA,True,3,Robbie Bagwell,7,66,32,80.0,95.0,117.105,,espn_and_jugg
2020,provisional:fantasypros:18714,18714,Scotty Miller,WR,CHI,False,,,0,226,82,,,41.225,,espn
2021,nfl:def:BAL,8020,Baltimore Ravens,DEF,BAL,True,2,Joey Breeland,1,174,6,96.0,98.0,109.55,2,espn_and_jugg
2021,nfl:def:BUF,8030,Buffalo Bills,DEF,BUF,True,1,George Rodman,1,172,4,112.0,167.0,108.54,1,espn_and_jugg
2021,nfl:def:CLE,8070,Cleveland Browns,DEF,CLE,True,1,Ken Moller,1,178,10,149.0,121.0,106.22,,espn_and_jugg
2021,nfl:def:DEN,8090,Denver Broncos,DEF,DEN,False,,,1,175,7,138.0,132.0,103.65,,espn
2021,nfl:def:GB,8110,Green Bay Packers,DEF,GB,False,,,0,222,14,192.0,227.0,110.23,,espn
2021,nfl:def:IND,8130,Indianapolis Colts,DEF,IND,True,1,Brandon Martin,0,179,11,148.0,215.0,114.05,1,espn_and_jugg
2021,nfl:def:LAR,8280,Los Angeles Rams,DEF,LAR,True,1,Robbie Bagwell,1,176,8,115.0,68.0,115.74,2,espn_and_jugg
2021,nfl:def:MIA,8160,Miami Dolphins,DEF,MIA,False,,,0,253,15,199.0,236.0,107.44,,espn
2021,nfl:def:MIN,8170,Minnesota Vikings,DEF,MIN,False,,,0,221,13,183.0,238.0,99.86,,espn
2021,nfl:def:NE,8180,New England Patriots,DEF,NE,True,1,Nate Corbett,0,180,12,154.0,218.0,107.99,2,espn_and_jugg
2021,nfl:def:NO,8190,New Orleans Saints,DEF,NO,False,,,1,177,9,180.0,237.0,111.5,,espn
2021,nfl:def:PIT,8240,Pittsburgh Steelers,DEF,PIT,True,7,Brad Beissner,1,170,2,95.0,87.0,117.97,2,espn_and_jugg
2021,nfl:def:SF,8270,San Francisco 49ers,DEF,SF,True,1,Phil Carr,1,173,5,118.0,94.0,106.25,3,espn_and_jugg
2021,nfl:def:TB,8290,Tampa Bay Buccaneers,DEF,TB,True,23,Julius Berotte,1,169,1,74.0,85.0,121.54,,espn_and_jugg
2021,nfl:def:WAS,8310,Washington Commanders,DEF,WAS,True,1,Lee Krassner,1,171,3,108.0,78.0,113.64,,espn_and_jugg
2021,nfl:gsis:00-0019596,9603,Tom Brady,QB,FA,True,5,Lee Krassner,2,109,9,64.0,65.0,376.49,4,espn_and_jugg
2021,nfl:gsis:00-0022924,9039,Ben Roethlisberger,QB,FA,False,,,0,148,18,159.0,144.0,323.908,1,espn
2021,nfl:gsis:00-0023459,9001,Aaron Rodgers,QB,PIT,True,13,Julius Berotte,4,79,6,48.0,57.0,382.022,2,espn_and_jugg
2021,nfl:gsis:00-0023682,9545,Ryan Fitzpatrick,QB,FA,False,,,0,220,23,182.0,216.0,314.433,,espn
2021,nfl:gsis:00-0023853,9443,Matt Prater,K,FA,False,,,0,192,12,190.0,230.0,118.03,1,espn
2021,nfl:gsis:00-0025580,9433,Mason Crosby,K,FA,True,1,Robbie Bagwell,,,,195.0,207.0,121.27,1,jugg_exception
2021,nfl:gsis:00-0026143,9444,Matt Ryan,QB,FA,False,,,0,147,17,153.0,145.0,319.693,1,espn
2021,nfl:gsis:00-0026189,9186,DeSean Jackson,WR,FA,False,,,0,231,87,,,76.254,1,espn
2021,nfl:gsis:00-0026498,9451,Matthew Stafford,QB,LAR,True,5,Brad Beissner,2,115,12,93.0,99.0,324.638,3,espn_and_jugg
2021,nfl:gsis:00-0026858,9232,Graham Gano,K,FA,True,1,Nate Corbett,1,183,3,137.0,,113.99,,espn_and_jugg
2021,nfl:gsis:00-0026968,9549,Ryan Succop,K,FA,False,,,0,255,15,179.0,128.0,127.12,,espn
2021,nfl:gsis:00-0027061,9265,Jared Cook,TE,FA,False,,,0,145,18,178.0,191.0,95.638,1,espn
2021,nfl:gsis:00-0027656,9721,Rob Gronkowski,TE,FA,True,2,Julius Berotte,0,143,16,114.0,114.0,87.66,3,espn_and_jugg
2021,nfl:gsis:00-0027685,9707,Emmanuel Sanders,WR,FA,False,,,0,163,72,203.0,148.0,91.347,6,espn
2021,nfl:gsis:00-0027793,9808,Antonio Brown,WR,FA,True,2,Ken Moller,3,91,48,104.0,103.0,111.766,39,espn_and_jugg
2021,nfl:gsis:00-0027942,9857,A.J. Green,WR,FA,False,,,0,160,69,177.0,139.0,81.347,7,espn
2021,nfl:gsis:00-0027944,9867,Julio Jones,WR,FA,True,14,Julius Berotte,19,41,19,49.0,49.0,156.571,37,espn_and_jugg
2021,nfl:gsis:00-0027966,9872,Mark Ingram II,RB,FA,False,,,0,195,56,220.0,164.0,54.725,14,espn
2021,nfl:gsis:00-0027973,9907,Andy Dalton,QB,PHI,False,,,0,315,36,,,83.771,1,espn
2021,nfl:gsis:00-0028002,9902,Randall Cobb,WR,FA,False,,,0,161,70,173.0,143.0,84.891,46,espn
2021,nfl:gsis:00-0028118,10007,Tyrod Taylor,QB,GB,False,,,0,296,32,,,232.39,,espn
2021,nfl:gsis:00-0029000,11459,Cole Beasley,WR,FA,False,,,2,118,53,133.0,147.0,105.446,,espn
2021,nfl:gsis:00-0029263,11180,Russell Wilson,QB,FA,True,10,Brandon Martin,4,80,7,55.0,53.0,388.231,13,espn_and_jugg
2021,nfl:gsis:00-0029293,11215,Marvin Jones Jr.,WR,FA,False,,,5,75,37,106.0,176.0,136.935,1,espn
2021,nfl:gsis:00-0029597,11465,Justin Tucker,K,FA,True,7,Brad Beissner,1,182,2,100.0,80.0,134.35,5,espn_and_jugg
2021,nfl:gsis:00-0029604,11177,Kirk Cousins,QB,LV,True,1,Robbie Bagwell,0,219,22,176.0,158.0,330.434,,espn_and_jugg
2021,nfl:gsis:00-0029608,11206,T.Y. Hilton,WR,FA,False,,,0,225,81,,178.0,84.132,6,espn
2021,nfl:gsis:00-0029621,11345,Greg Zuerlein,K,FA,True,1,Phil Carr,1,189,9,163.0,110.0,128.57,4,espn_and_jugg
2021,nfl:gsis:00-0029701,11174,Ryan Tannehill,QB,FA,True,4,Brad Beissner,2,114,11,98.0,96.0,352.844,1,espn_and_jugg
2021,nfl:gsis:00-0029822,13274,Brandon McManus,K,FA,False,,,1,185,5,143.0,224.0,116.92,1,espn
2021,nfl:gsis:00-0029892,11798,Kyle Juszczyk,RB,SF,False,,,0,242,79,,,38.706,,espn
2021,nfl:gsis:00-0030035,13429,Adam Thielen,WR,FA,True,16,Ken Moller,23,34,14,41.0,56.0,156.04,23,espn_and_jugg
2021,nfl:gsis:00-0030061,11689,Zach Ertz,TE,FA,False,,,0,211,22,169.0,150.0,67.732,11,espn
2021,nfl:gsis:00-0030279,11616,Keenan Allen,WR,IND,True,16,Robbie Bagwell,24,33,13,28.0,31.0,150.103,10,espn_and_jugg
2021,nfl:gsis:00-0030431,11610,Robert Woods,WR,FA,True,17,Julius Berotte,22,35,15,36.0,45.0,152.086,12,espn_and_jugg
2021,nfl:gsis:00-0030456,11644,Giovani Bernard,RB,FA,False,,,0,142,51,189.0,201.0,61.135,3,espn
2021,nfl:gsis:00-0030496,11645,Le'Veon Bell,RB,FA,False,,,0,194,55,216.0,,73.948,8,espn
2021,nfl:gsis:00-0030506,11594,Travis Kelce,TE,KC,True,51,Ken Moller,53,6,1,7.0,12.0,199.424,51,espn_and_jugg
2021,nfl:gsis:00-0030513,11821,Latavius Murray,RB,FA,True,1,Phil Carr,,,,227.0,190.0,89.45,1,jugg_exception
2021,nfl:gsis:00-0030564,11606,DeAndre Hopkins,WR,BAL,True,36,George Rodman,37,18,5,17.0,19.0,185.854,38,espn_and_jugg
2021,nfl:gsis:00-0030578,11613,Cordarrelle Patterson,RB,FA,False,,,0,209,70,,,49.726,,espn
2021,nfl:gsis:00-0030874,12334,Damien Williams,RB,FA,False,,,0,200,61,,,71.431,37,espn
2021,nfl:gsis:00-0031045,12105,Carlos Hyde,RB,FA,False,,,0,158,54,,,64.42,1,espn
2021,nfl:gsis:00-0031062,12195,James White,RB,FA,False,,,1,139,48,150.0,175.0,87.186,1,espn
2021,nfl:gsis:00-0031235,12127,Odell Beckham Jr.,WR,NYG,True,8,Brad Beissner,17,44,22,65.0,71.0,137.462,25,espn_and_jugg
2021,nfl:gsis:00-0031236,12122,Brandin Cooks,WR,FA,True,2,Phil Carr,7,65,31,77.0,109.0,142.033,1,espn_and_jugg
2021,nfl:gsis:00-0031237,12088,Teddy Bridgewater,QB,FA,False,,,0,269,30,206.0,135.0,271.029,1,espn
2021,nfl:gsis:00-0031260,12095,Logan Thomas,TE,FA,True,2,Nate Corbett,5,76,7,66.0,72.0,98.053,,espn_and_jugg
2021,nfl:gsis:00-0031280,12092,Derek Carr,QB,FA,False,,,0,245,26,184.0,149.0,315.006,1,espn
2021,nfl:gsis:00-0031325,12118,Sammy Watkins,WR,FA,False,,,0,214,76,,,70.448,2,espn
2021,nfl:gsis:00-0031345,12208,Jimmy Garoppolo,QB,LAR,False,,,0,301,33,,,116.115,,espn
2021,nfl:gsis:00-0031376,12209,Jerick McKinnon,RB,FA,False,,,0,237,74,,,36.467,1,espn
2021,nfl:gsis:00-0031381,12123,Davante Adams,WR,LAR,True,49,Nate Corbett,51,7,1,5.0,9.0,220.922,43,espn_and_jugg
2021,nfl:gsis:00-0031382,12128,Jarvis Landry,WR,FA,False,,,3,90,47,101.0,129.0,125.705,4,espn
2021,nfl:gsis:00-0031387,12143,Eric Ebron,TE,FA,False,,,0,165,19,171.0,138.0,82.483,,espn
2021,nfl:gsis:00-0031408,12119,Mike Evans,WR,SF,True,34,Phil Carr,30,27,11,33.0,36.0,157.459,31,espn_and_jugg
2021,nfl:gsis:00-0031428,12126,Allen Robinson II,WR,FA,True,18,Brad Beissner,29,28,12,32.0,30.0,152.73,26,espn_and_jugg
2021,nfl:gsis:00-0031492,14003,Jason Myers,K,SEA,True,1,George Rodman,1,184,4,127.0,228.0,125.05,,espn_and_jugg
2021,nfl:gsis:00-0031503,13891,Jameis Winston,QB,NYG,False,,,0,243,24,167.0,177.0,302.043,,espn
2021,nfl:gsis:00-0031544,13894,Amari Cooper,WR,FA,True,20,Phil Carr,21,38,16,38.0,41.0,157.617,22,espn_and_jugg
2021,nfl:gsis:00-0031547,13897,DeVante Parker,WR,FA,False,,,2,119,54,146.0,198.0,119.78,2,espn
2021,nfl:gsis:00-0031549,13969,Nelson Agholor,WR,FA,False,,,0,153,65,175.0,196.0,109.769,2,espn
2021,nfl:gsis:00-0031588,13981,Stefon Diggs,WR,WAS,True,46,Ken Moller,40,16,3,14.0,13.0,200.144,7,espn_and_jugg
2021,nfl:gsis:00-0031610,14104,Darren Waller,TE,CAR,True,38,Phil Carr,32,24,2,21.0,25.0,177.478,10,espn_and_jugg
2021,nfl:gsis:00-0031687,14338,Raheem Mostert,RB,LV,True,3,Ken Moller,3,92,28,79.0,74.0,135.666,12,espn_and_jugg
2021,nfl:gsis:00-0031806,13953,Malcolm Brown,RB,FA,False,,,0,141,50,188.0,,67.959,,espn
2021,nfl:gsis:00-0031941,13976,Jamison Crowder,WR,FA,False,,,0,152,64,230.0,192.0,96.997,,espn
2021,nfl:gsis:00-0032058,13926,Tevin Coleman,RB,FA,False,,,0,157,53,197.0,195.0,88.068,2,espn
2021,nfl:gsis:00-0032063,13943,Mike Davis,RB,FA,True,8,Joey Breeland,10,54,25,67.0,64.0,158.814,,espn_and_jugg
2021,nfl:gsis:00-0032087,14327,Josh Lambo,K,FA,True,1,Lee Krassner,0,191,11,231.0,,105.33,,espn_and_jugg
2021,nfl:gsis:00-0032134,14084,C.J. Uzomah,TE,FA,False,,,0,289,30,,,44.79,,espn
2021,nfl:gsis:00-0032144,13903,Melvin Gordon III,RB,FA,True,2,Brandon Martin,2,99,33,103.0,92.0,144.39,13,espn_and_jugg
2021,nfl:gsis:00-0032160,14324,Tyrell Williams,WR,FA,False,,,1,125,57,161.0,142.0,108.204,,espn
2021,nfl:gsis:00-0032187,13948,David Johnson,RB,FA,True,1,Brandon Martin,1,122,42,140.0,112.0,98.851,19,espn_and_jugg
2021,nfl:gsis:00-0032211,13971,Tyler Lockett,WR,LV,True,13,Robbie Bagwell,21,39,17,42.0,47.0,157.359,13,espn_and_jugg
2021,nfl:gsis:00-0032214,13960,Tyler Kroft,TE,FA,False,,,0,290,31,,,32.597,,espn
2021,nfl:gsis:00-0032385,15569,Sterling Shepard,WR,HOU,False,,,10,151,63,185.0,194.0,102.113,3,espn
2021,nfl:gsis:00-0032392,15581,Austin Hooper,TE,ATL,False,,,1,131,14,139.0,217.0,81.893,,espn
2021,nfl:gsis:00-0032426,15546,Alex Collins,RB,FA,False,,,0,235,72,,,21.477,,espn
2021,nfl:gsis:00-0032450,15850,Dwayne Washington,RB,FA,False,,,0,276,83,,,11.773,,espn
2021,nfl:gsis:00-0032464,16081,Kalif Raymond,WR,CHI,False,,,0,233,89,,,42.087,,espn
2021,nfl:gsis:00-0032602,16230,J.D. McKissic,RB,FA,False,,,1,140,49,157.0,206.0,89.484,,espn
2021,nfl:gsis:00-0032688,15688,Robbie Chosen,WR,FA,True,2,Phil Carr,7,64,30,70.0,84.0,128.04,,espn_and_jugg
2021,nfl:gsis:00-0032764,15514,Derrick Henry,RB,BAL,True,62,Brandon Martin,59,3,3,4.0,3.0,271.931,64,espn_and_jugg
2021,nfl:gsis:00-0032765,15528,Michael Thomas,WR,FA,True,3,Ken Moller,3,88,45,89.0,104.0,106.0,58,espn_and_jugg
2021,nfl:gsis:00-0032775,15665,Demarcus Robinson,WR,SF,False,,,0,234,90,,,63.317,,espn
2021,nfl:gsis:00-0032950,15520,Carson Wentz,QB,MIN,False,,,0,266,27,211.0,213.0,295.776,1,espn
2021,nfl:gsis:00-0032972,15555,Devontae Booker,RB,FA,False,,,0,197,58,,,52.832,,espn
2021,nfl:gsis:00-0033009,15547,Tyler Boyd,WR,FA,True,2,Ken Moller,4,86,43,82.0,100.0,120.134,8,espn_and_jugg
2021,nfl:gsis:00-0033040,15802,Tyreek Hill,WR,FA,True,45,Brandon Martin,44,13,2,9.0,8.0,224.249,43,espn_and_jugg
2021,nfl:gsis:00-0033045,15498,Ezekiel Elliott,RB,FA,True,58,Robbie Bagwell,48,9,7,8.0,5.0,211.04,65,espn_and_jugg
2021,nfl:gsis:00-0033077,15600,Dak Prescott,QB,DAL,True,15,Julius Berotte,7,67,4,51.0,55.0,397.316,8,espn_and_jugg
2021,nfl:gsis:00-0033090,15561,Hunter Henry,TE,NE,False,,,1,132,15,156.0,173.0,70.852,7,espn
2021,nfl:gsis:00-0033106,15501,Jared Goff,QB,DET,False,,,0,268,29,208.0,,286.458,1,espn
2021,nfl:gsis:00-0033110,15623,Tyler Higbee,TE,LAR,True,5,Lee Krassner,1,130,13,125.0,69.0,99.056,1,espn_and_jugg
2021,nfl:gsis:00-0033118,15637,Kenyan Drake,RB,FA,True,1,George Rodman,2,101,35,102.0,122.0,116.793,46,espn_and_jugg
2021,nfl:gsis:00-0033280,16393,Christian McCaffrey,RB,SF,True,78,George Rodman,62,1,1,1.0,1.0,280.113,69,espn_and_jugg
2021,nfl:gsis:00-0033282,16434,Curtis Samuel,WR,FA,True,1,Robbie Bagwell,3,89,46,119.0,155.0,123.767,1,espn_and_jugg
2021,nfl:gsis:00-0033288,16499,George Kittle,TE,SF,True,37,George Rodman,28,29,3,25.0,32.0,146.532,40,espn_and_jugg
2021,nfl:gsis:00-0033293,16673,Aaron Jones Sr.,RB,MIN,True,45,Lee Krassner,45,11,9,10.0,7.0,222.805,46,espn_and_jugg
2021,nfl:gsis:00-0033303,16712,Harrison Butker,K,KC,True,2,Julius Berotte,1,181,1,84.0,86.0,133.42,1,espn_and_jugg
2021,nfl:gsis:00-0033357,17115,Taysom Hill,TE,NO,False,,,0,310,35,,,,,espn
2021,nfl:gsis:00-0033455,16787,Anthony Firkser,TE,FA,False,,,0,167,21,209.0,229.0,83.946,,espn
2021,nfl:gsis:00-0033526,16423,Samaje Perine,RB,CIN,False,,,0,210,71,,,45.021,,espn
2021,nfl:gsis:00-0033536,16377,Mike Williams,WR,FA,False,,,3,87,44,116.0,137.0,121.668,5,espn
2021,nfl:gsis:00-0033537,16398,Deshaun Watson,QB,CLE,False,,,0,302,34,200.0,162.0,84.759,14,espn
2021,nfl:gsis:00-0033553,16447,James Conner,RB,ARI,True,2,Ken Moller,2,98,32,107.0,106.0,122.489,11,espn_and_jugg
2021,nfl:gsis:00-0033556,16450,Tarik Cohen,RB,FA,False,,,0,239,76,,,37.854,1,espn
2021,nfl:gsis:00-0033594,16754,Chris Carson,RB,FA,True,15,Ken Moller,22,37,19,37.0,33.0,194.576,40,espn_and_jugg
2021,nfl:gsis:00-0033658,16638,Blake Jarwin,TE,FA,False,,,0,248,25,217.0,159.0,66.019,,espn
2021,nfl:gsis:00-0033699,16483,Austin Ekeler,RB,FA,True,43,Brad Beissner,42,15,12,13.0,14.0,204.197,45,espn_and_jugg
2021,nfl:gsis:00-0033702,16910,Younghoe Koo,K,FA,True,4,Joey Breeland,1,187,7,130.0,97.0,126.88,1,espn_and_jugg
2021,nfl:gsis:00-0033757,16502,Robert Tonyan,TE,PIT,True,2,Brandon Martin,2,106,10,88.0,81.0,101.692,,espn_and_jugg
2021,nfl:gsis:00-0033854,16879,Dare Ogunbowale,RB,LV,False,,,0,264,81,,,25.713,,espn
2021,nfl:gsis:00-0033856,16378,Leonard Fournette,RB,FA,True,1,Brandon Martin,2,97,31,87.0,102.0,111.883,4,espn_and_jugg
2021,nfl:gsis:00-0033857,16427,JuJu Smith-Schuster,WR,FA,True,1,George Rodman,6,73,35,68.0,90.0,134.021,26,espn_and_jugg
2021,nfl:gsis:00-0033858,16460,Jonnu Smith,TE,FA,False,,,2,105,9,91.0,188.0,79.707,,espn
2021,nfl:gsis:00-0033871,16385,Corey Davis,WR,FA,True,1,Robbie Bagwell,4,84,41,94.0,113.0,118.14,,espn_and_jugg
2021,nfl:gsis:00-0033873,16413,Patrick Mahomes II,QB,KC,True,35,Phil Carr,13,49,1,19.0,15.0,428.341,44,espn_and_jugg
2021,nfl:gsis:00-0033879,16380,O.J. Howard,TE,FA,False,,,0,259,29,221.0,,50.103,17,espn
2021,nfl:gsis:00-0033881,16411,Evan Engram,TE,DEN,False,,,0,144,17,170.0,222.0,79.025,4,espn
2021,nfl:gsis:00-0033893,16374,Dalvin Cook,RB,FA,True,68,Brandon Martin,59,2,2,2.0,2.0,270.774,54,espn_and_jugg
2021,nfl:gsis:00-0033895,16459,Gerald Everett,TE,FA,False,,,0,246,23,204.0,183.0,70.381,,espn
2021,nfl:gsis:00-0033897,16420,Joe Mixon,RB,FA,True,31,Robbie Bagwell,33,22,13,24.0,21.0,204.869,42,espn_and_jugg
2021,nfl:gsis:00-0033906,16421,Alvin Kamara,RB,NO,True,64,Robbie Bagwell,58,4,4,3.0,4.0,247.388,50,espn_and_jugg
2021,nfl:gsis:00-0033908,16433,Cooper Kupp,WR,SEA,True,9,Joey Breeland,18,43,21,47.0,40.0,151.292,15,espn_and_jugg
2021,nfl:gsis:00-0033921,16406,Chris Godwin Jr.,WR,TB,True,14,Lee Krassner,20,40,18,46.0,37.0,147.331,41,espn_and_jugg
2021,nfl:gsis:00-0033923,16425,Kareem Hunt,RB,FA,True,10,Julius Berotte,11,52,23,58.0,61.0,136.492,5,espn_and_jugg
2021,nfl:gsis:00-0033932,16488,Kenny Golladay,WR,FA,True,7,Joey Breeland,15,46,24,72.0,91.0,139.785,33,espn_and_jugg
2021,nfl:gsis:00-0033948,16424,Jamaal Williams,RB,FA,True,1,Lee Krassner,2,104,38,124.0,120.0,105.179,,espn_and_jugg
2021,nfl:gsis:00-0033950,16422,Wayne Gallman Jr.,RB,FA,False,,,0,196,57,,,75.583,,espn
2021,nfl:gsis:00-0033951,16444,Marlon Mack,RB,FA,False,,,0,205,66,,166.0,66.047,3,espn
2021,nfl:gsis:00-0033955,16445,Jeremy McNichols,RB,WAS,False,,,0,265,82,,,19.288,,espn
2021,nfl:gsis:00-0034011,17143,Dan Arnold,TE,FA,False,,,0,293,34,,,46.917,,espn
2021,nfl:gsis:00-0034109,17498,Phillip Lindsay,RB,FA,True,1,Nate Corbett,1,123,43,155.0,187.0,99.812,1,espn_and_jugg
2021,nfl:gsis:00-0034161,17420,Daniel Carlson,K,LV,False,,,0,223,13,,231.0,122.12,,espn
2021,nfl:gsis:00-0034184,17687,Gus Edwards,RB,LAC,True,1,Nate Corbett,,,,,,,,jugg_exception
2021,nfl:gsis:00-0034270,17598,Tyler Conklin,TE,DET,False,,,0,249,26,,,50.715,,espn
2021,nfl:gsis:00-0034272,17528,Marquez Valdes-Scantling,WR,DAL,False,,,0,228,84,,146.0,71.011,,espn
2021,nfl:gsis:00-0034301,17514,Darrel Williams,RB,FA,False,,,0,202,63,,193.0,58.827,,espn
2021,nfl:gsis:00-0034348,17253,Courtland Sutton,WR,DEN,True,1,Brandon Martin,10,56,26,73.0,101.0,130.728,7,espn_and_jugg
2021,nfl:gsis:00-0034351,17270,Dallas Goedert,TE,PHI,False,,,2,107,11,99.0,95.0,93.203,,espn
2021,nfl:gsis:00-0034353,17255,Anthony Miller,WR,FA,False,,,0,232,88,,,62.458,,espn
2021,nfl:gsis:00-0034364,17415,Jordan Akins,TE,FA,False,,,0,291,32,,,66.69,,espn
2021,nfl:gsis:00-0034383,17349,Dalton Schultz,TE,HOU,False,,,0,311,35,,,43.143,,espn
2021,nfl:gsis:00-0034411,17606,Russell Gage Jr.,WR,FA,False,,,0,150,62,172.0,202.0,103.269,,espn
2021,nfl:gsis:00-0034414,17612,Boston Scott,RB,FA,False,,,0,206,67,,,49.456,,espn
2021,nfl:gsis:00-0034440,17300,Justin Jackson,RB,FA,False,,,0,199,60,,,69.37,,espn
2021,nfl:gsis:00-0034521,17301,Allen Lazard,WR,FA,False,,,0,227,83,,,60.473,,espn
2021,nfl:gsis:00-0034681,17496,Chase Edmonds,RB,WAS,True,1,Lee Krassner,12,51,22,56.0,73.0,153.967,1,espn_and_jugg
2021,nfl:gsis:00-0034750,17308,Rashaad Penny,RB,FA,False,,,0,198,59,,203.0,74.642,1,espn
2021,nfl:gsis:00-0034753,17269,Mark Andrews,TE,BAL,True,15,Brad Beissner,9,60,4,45.0,48.0,136.351,23,espn_and_jugg
2021,nfl:gsis:00-0034764,17259,Michael Gallup,WR,FA,True,1,Brandon Martin,7,66,32,86.0,127.0,135.778,2,espn_and_jugg
2021,nfl:gsis:00-0034765,17261,Tre'Quan Smith,WR,FA,False,,,0,215,77,,,85.422,,espn
2021,nfl:gsis:00-0034775,17268,Christian Kirk,WR,SF,False,,,0,226,82,,,79.426,1,espn
2021,nfl:gsis:00-0034777,17292,DJ Chark Jr.,WR,FA,True,2,Ken Moller,4,78,39,111.0,118.0,123.148,15,espn_and_jugg
2021,nfl:gsis:00-0034791,17246,Nick Chubb,RB,FA,True,53,Lee Krassner,46,10,8,12.0,6.0,217.23,44,espn_and_jugg
2021,nfl:gsis:00-0034794,17533,Jason Sanders,K,NYJ,True,1,Brandon Martin,1,186,6,141.0,169.0,122.84,,espn_and_jugg
2021,nfl:gsis:00-0034796,17233,Lamar Jackson,QB,BAL,True,18,Joey Breeland,6,68,5,43.0,39.0,398.366,48,espn_and_jugg
2021,nfl:gsis:00-0034816,17243,Ronald Jones II,RB,FA,True,1,Robbie Bagwell,2,102,36,121.0,79.0,126.852,3,espn_and_jugg
2021,nfl:gsis:00-0034827,17265,DJ Moore,WR,BUF,True,7,Brad Beissner,19,42,20,54.0,52.0,149.313,19,espn_and_jugg
2021,nfl:gsis:00-0034829,17272,Mike Gesicki,TE,CIN,False,,,2,108,12,109.0,119.0,105.212,,espn
2021,nfl:gsis:00-0034830,17283,Hayden Hurst,TE,FA,False,,,0,292,33,,,64.98,1,espn
2021,nfl:gsis:00-0034837,17258,Calvin Ridley,WR,TEN,True,47,Nate Corbett,38,17,4,20.0,18.0,197.249,14,espn_and_jugg
2021,nfl:gsis:00-0034844,17240,Saquon Barkley,RB,PHI,True,52,Phil Carr,56,5,5,6.0,11.0,222.537,64,espn_and_jugg
2021,nfl:gsis:00-0034845,17309,Sony Michel,RB,FA,True,2,Joey Breeland,3,94,30,90.0,111.0,120.387,17,espn_and_jugg
2021,nfl:gsis:00-0034855,17237,Baker Mayfield,QB,TB,False,,,1,134,14,126.0,134.0,320.058,10,espn
2021,nfl:gsis:00-0034857,17298,Josh Allen,QB,BUF,True,40,Ken Moller,13,50,2,29.0,26.0,424.761,3,espn_and_jugg
2021,nfl:gsis:00-0034869,17236,Sam Darnold,QB,SEA,False,,,0,270,31,218.0,189.0,292.127,,espn
2021,nfl:gsis:00-0034960,18598,Jakobi Meyers,WR,JAX,True,1,Phil Carr,2,117,52,136.0,171.0,118.796,,espn_and_jugg
2021,nfl:gsis:00-0034972,18621,Alexander Mattison,RB,FA,True,1,George Rodman,1,137,46,164.0,200.0,78.558,5,espn_and_jugg
2021,nfl:gsis:00-0035140,18587,Mecole Hardman Jr.,WR,BUF,False,,,1,126,58,144.0,165.0,109.611,,espn
2021,nfl:gsis:00-0035216,18615,Diontae Johnson,WR,FA,True,4,Brandon Martin,10,55,25,53.0,60.0,146.184,,espn_and_jugg
2021,nfl:gsis:00-0035217,18609,Benny Snell Jr.,RB,FA,False,,,0,278,85,,,43.072,,espn
2021,nfl:gsis:00-0035228,18600,Kyler Murray,QB,MIN,True,23,Nate Corbett,8,63,3,39.0,43.0,410.25,7,espn_and_jugg
2021,nfl:gsis:00-0035229,18290,T.J. Hockenson,TE,MIN,True,7,Robbie Bagwell,8,61,5,57.0,54.0,113.599,,espn_and_jugg
2021,nfl:gsis:00-0035243,18283,Miles Sanders,RB,FA,True,10,Brad Beissner,22,36,18,35.0,42.0,185.42,39,espn_and_jugg
2021,nfl:gsis:00-0035250,18280,Devin Singletary,RB,NYG,True,1,George Rodman,2,110,39,128.0,125.0,93.813,8,espn_and_jugg
2021,nfl:gsis:00-0035261,18705,Tony Pollard,RB,TEN,True,3,Joey Breeland,1,138,47,158.0,170.0,98.465,1,espn_and_jugg
2021,nfl:gsis:00-0035269,18545,Matt Gay,K,LV,False,,,1,188,8,142.0,220.0,120.77,1,espn
2021,nfl:gsis:00-0035289,18562,Gardner Minshew II,QB,ARI,False,,,0,319,40,,,15.236,,espn
2021,nfl:gsis:00-0035311,17251,Myles Gaskin,RB,FA,True,5,Julius Berotte,6,69,26,61.0,63.0,166.022,,espn_and_jugg
2021,nfl:gsis:00-0035358,19058,Chase McLaughlin,K,TB,False,,,0,224,14,212.0,234.0,116.97,,espn
2021,nfl:gsis:00-0035535,18706,Darius Slayton,WR,NYG,False,,,0,229,85,,,81.818,1,espn
2021,nfl:gsis:00-0035537,18406,Ty Johnson,RB,BUF,False,,,0,203,64,,,56.956,,espn
2021,nfl:gsis:00-0035639,18463,Parris Campbell,WR,FA,False,,,1,128,60,165.0,,77.721,1,espn
2021,nfl:gsis:00-0035640,18219,DK Metcalf,WR,PIT,True,43,Brad Beissner,36,19,6,18.0,20.0,187.996,12,espn_and_jugg
2021,nfl:gsis:00-0035644,17527,Noah Fant,TE,NO,True,3,Nate Corbett,4,82,8,80.0,89.0,103.596,3,espn_and_jugg
2021,nfl:gsis:00-0035657,18230,Damien Harris,RB,FA,True,3,Nate Corbett,6,70,27,76.0,66.0,155.919,,espn_and_jugg
2021,nfl:gsis:00-0035659,18466,Terry McLaurin,WR,WAS,True,26,Lee Krassner,31,25,9,27.0,29.0,155.311,9,espn_and_jugg
2021,nfl:gsis:00-0035662,18226,Hollywood Brown,WR,PHI,False,,,4,85,42,105.0,181.0,133.755,3,espn
2021,nfl:gsis:00-0035664,18588,Darrell Henderson Jr.,RB,FA,True,7,Nate Corbett,11,53,24,75.0,50.0,161.681,1,espn_and_jugg
2021,nfl:gsis:00-0035676,18218,A.J. Brown,WR,NE,True,34,Lee Krassner,35,20,7,22.0,24.0,182.707,16,espn_and_jugg
2021,nfl:gsis:00-0035685,18239,David Montgomery,RB,HOU,True,16,Ken Moller,26,30,15,34.0,34.0,192.553,3,espn_and_jugg
2021,nfl:gsis:00-0035689,18631,Dawson Knox,TE,BUF,False,,,0,247,24,,153.0,67.034,,espn
2021,nfl:gsis:00-0035700,18269,Josh Jacobs,RB,GB,True,21,George Rodman,25,32,17,40.0,38.0,182.3,57,espn_and_jugg
2021,nfl:gsis:00-0035704,18225,Drew Lock,QB,SEA,False,,,0,316,37,,,43.114,,espn
2021,nfl:gsis:00-0035710,18232,Daniel Jones,QB,IND,False,,,0,212,21,196.0,219.0,303.729,1,espn
2021,nfl:gsis:00-0035719,18244,Deebo Samuel Sr.,WR,SF,True,4,George Rodman,4,83,40,92.0,93.0,141.215,1,espn_and_jugg
2021,nfl:gsis:00-0035831,19631,James Robinson,RB,FA,True,29,Nate Corbett,26,31,16,31.0,51.0,193.64,,espn_and_jugg
2021,nfl:gsis:00-0035860,19482,Tony Jones Jr.,RB,FA,False,,,1,136,45,,,44.433,,espn
2021,nfl:gsis:00-0036020,19449,Salvon Ahmed,RB,CHI,False,,,0,204,65,,,50.567,,espn
2021,nfl:gsis:00-0036040,19562,Juwan Johnson,TE,NO,False,,,0,257,27,,,33.15,,espn
2021,nfl:gsis:00-0036158,19245,JK Dobbins,RB,LAC,True,20,Brad Beissner,,,,,,,10,jugg_exception
2021,nfl:gsis:00-0036162,19760,Tyler Bass,K,BUF,True,1,Ken Moller,1,190,10,162.0,107.0,127.66,,espn_and_jugg
2021,nfl:gsis:00-0036196,19398,Gabe Davis,WR,FA,False,,,0,162,71,224.0,,87.934,,espn
2021,nfl:gsis:00-0036212,19198,Tua Tagovailoa,QB,ATL,False,,,1,135,15,145.0,161.0,318.801,,espn
2021,nfl:gsis:00-0036219,19505,Marquez Callaway,WR,FA,True,1,Phil Carr,2,120,55,131.0,124.0,104.459,,espn_and_jugg
2021,nfl:gsis:00-0036223,19217,Jonathan Taylor,RB,IND,True,52,Joey Breeland,50,8,6,11.0,10.0,212.805,13,espn_and_jugg
2021,nfl:gsis:00-0036226,19220,Jacob Eason,QB,FA,False,,,0,317,38,,,22.16,,espn
2021,nfl:gsis:00-0036251,19263,Zack Moss,RB,FA,True,3,Julius Berotte,2,103,37,123.0,108.0,122.365,1,espn_and_jugg
2021,nfl:gsis:00-0036252,19278,Michael Pittman Jr.,WR,PIT,False,,,2,116,51,129.0,156.0,114.375,,espn
2021,nfl:gsis:00-0036261,19252,Brandon Aiyuk,WR,SF,True,8,Brad Beissner,17,45,23,59.0,62.0,143.301,,espn_and_jugg
2021,nfl:gsis:00-0036265,19358,AJ Dillon,RB,CAR,True,7,Lee Krassner,2,100,34,113.0,105.0,94.477,,espn_and_jugg
2021,nfl:gsis:00-0036268,19221,Laviska Shenault Jr.,WR,FA,False,,,5,77,38,83.0,123.0,120.407,,espn
2021,nfl:gsis:00-0036275,19210,D'Andre Swift,RB,CHI,True,10,Phil Carr,15,47,20,44.0,44.0,182.483,4,espn_and_jugg
2021,nfl:gsis:00-0036290,19229,Cole Kmet,TE,CHI,False,,,0,166,20,174.0,226.0,63.409,,espn
2021,nfl:gsis:00-0036297,19418,Darrynton Evans,RB,FA,False,,,0,240,77,,,48.137,,espn
2021,nfl:gsis:00-0036309,19810,Darnell Mooney,WR,NYG,False,,,1,127,59,152.0,180.0,100.662,,espn
2021,nfl:gsis:00-0036322,19236,Justin Jefferson,WR,MIN,True,36,Julius Berotte,34,21,8,23.0,22.0,188.444,1,espn_and_jugg
2021,nfl:gsis:00-0036326,18627,Chase Claypool,WR,FA,True,9,Julius Berotte,9,58,28,71.0,70.0,131.348,,espn_and_jugg
2021,nfl:gsis:00-0036328,19624,Antonio Gibson,RB,FA,True,31,Nate Corbett,45,12,10,16.0,17.0,199.856,3,espn_and_jugg
2021,nfl:gsis:00-0036336,19366,Anthony McFarland Jr.,RB,FA,False,,,0,250,80,,,28.71,,espn
2021,nfl:gsis:00-0036355,18635,Justin Herbert,QB,LAC,True,12,George Rodman,4,81,8,62.0,59.0,377.561,,espn_and_jugg
2021,nfl:gsis:00-0036357,19207,Henry Ruggs III,WR,FA,False,,,3,95,49,117.0,163.0,110.511,3,espn
2021,nfl:gsis:00-0036358,19202,CeeDee Lamb,WR,DAL,True,36,Joey Breeland,30,26,10,30.0,35.0,167.219,4,espn_and_jugg
2021,nfl:gsis:00-0036360,19325,Clyde Edwards-Helaire,RB,FA,True,40,Joey Breeland,32,23,14,26.0,23.0,198.08,58,espn_and_jugg
2021,nfl:gsis:00-0036365,18634,Bryan Edwards,WR,FA,False,,,0,159,68,214.0,,86.379,,espn
2021,nfl:gsis:00-0036370,19445,Joshua Kelley,RB,FA,False,,,0,238,75,,,38.623,,espn
2021,nfl:gsis:00-0036387,19219,Jalen Reagor,WR,MIA,False,,,1,121,56,151.0,174.0,88.377,,espn
2021,nfl:gsis:00-0036389,19275,Jalen Hurts,QB,PHI,True,3,Lee Krassner,2,113,10,97.0,77.0,346.752,,espn_and_jugg
2021,nfl:gsis:00-0036407,19201,Jerry Jeudy,WR,CLE,True,5,Brad Beissner,9,59,29,69.0,82.0,130.085,2,espn_and_jugg
2021,nfl:gsis:00-0036410,19211,Tee Higgins,WR,CIN,True,5,George Rodman,10,57,27,60.0,67.0,151.667,,espn_and_jugg
2021,nfl:gsis:00-0036412,19267,KJ Hamler,WR,FA,False,,,0,230,86,,,60.824,,espn
2021,nfl:gsis:00-0036415,19483,Van Jefferson,WR,WAS,False,,,0,216,78,,,49.264,,espn
2021,nfl:gsis:00-0036422,19423,Adam Trautman,TE,DEN,False,,,0,258,28,,221.0,56.051,,espn
2021,nfl:gsis:00-0036425,19521,DeeJay Dallas,RB,JAX,False,,,0,277,84,,,23.424,,espn
2021,nfl:gsis:00-0036442,19196,Joe Burrow,QB,CIN,True,5,Julius Berotte,1,133,13,122.0,117.0,336.252,1,espn_and_jugg
2021,nfl:gsis:00-0036457,19636,Ty'Son Williams,RB,FA,False,,,3,93,29,193.0,208.0,83.961,,espn
2021,nfl:gsis:00-0036550,19794,Rashod Bateman,WR,BAL,False,,,0,213,75,,212.0,56.57,,espn
2021,nfl:gsis:00-0036554,20130,Nico Collins,WR,HOU,False,,,0,193,74,,,55.326,,espn
2021,nfl:gsis:00-0036555,19792,Chuba Hubbard,RB,CAR,True,1,George Rodman,0,201,62,210.0,214.0,39.32,,espn_and_jugg
2021,nfl:gsis:00-0036567,22813,Elijah Mitchell,RB,FA,False,,,0,236,73,,,42.789,,espn
2021,nfl:gsis:00-0036613,19790,Jaylen Waddle,WR,DEN,True,2,Nate Corbett,2,96,50,110.0,152.0,103.819,,espn_and_jugg
2021,nfl:gsis:00-0036620,22785,Dee Eskridge,WR,FA,False,,,0,218,80,,,44.38,,espn
2021,nfl:gsis:00-0036755,20155,Jaret Patterson,RB,LAC,False,,,0,208,69,,,29.082,,espn
2021,nfl:gsis:00-0036857,22797,Chris Evans,RB,FA,False,,,0,241,78,,,26.588,,espn
2021,nfl:gsis:00-0036875,22726,Rhamondre Stevenson,RB,NE,False,,,0,156,52,181.0,179.0,57.799,,espn
2021,nfl:gsis:00-0036893,19302,Najee Harris,RB,NYG,True,46,Julius Berotte,43,14,11,15.0,16.0,202.123,,espn_and_jugg
2021,nfl:gsis:00-0036898,22799,Davis Mills,QB,HOU,False,,,0,318,39,,,37.93,,espn
2021,nfl:gsis:00-0036900,19788,Ja'Marr Chase,WR,CIN,True,4,Joey Breeland,6,71,33,78.0,88.0,138.576,,espn_and_jugg
2021,nfl:gsis:00-0036912,19222,DeVonta Smith,WR,PHI,True,4,Lee Krassner,5,74,36,81.0,115.0,119.573,,espn_and_jugg
2021,nfl:gsis:00-0036913,20119,Kadarius Toney,WR,FA,False,,,0,217,79,,,45.207,,espn
2021,nfl:gsis:00-0036919,23310,Kenny Gainwell,RB,TB,False,,,0,207,68,,,35.52,,espn
2021,nfl:gsis:00-0036924,22728,Michael Carter,RB,TEN,True,1,Brandon Martin,2,111,40,134.0,116.0,97.734,,espn_and_jugg
2021,nfl:gsis:00-0036936,,Rondale Moore,WR,ARI,False,,,0,154,66,,,,,espn
2021,nfl:gsis:00-0036945,19781,Justin Fields,QB,KC,False,,,0,149,19,147.0,172.0,254.055,,espn
2021,nfl:gsis:00-0036955,23242,Terrace Marshall Jr.,WR,MIA,False,,,0,155,67,194.0,197.0,71.36,,espn
2021,nfl:gsis:00-0036963,19799,Amon-Ra St. Brown,WR,DET,False,,,0,164,73,,,79.379,,espn
2021,nfl:gsis:00-0036970,20164,Kyle Pitts Sr.,TE,ATL,True,12,Joey Breeland,8,62,6,50.0,46.0,99.861,,espn_and_jugg
2021,nfl:gsis:00-0036971,19780,Trevor Lawrence,QB,JAX,False,,,0,146,16,135.0,136.0,319.224,,espn
2021,nfl:gsis:00-0036972,20156,Mac Jones,QB,SF,False,,,0,267,28,168.0,140.0,290.043,,espn
2021,nfl:gsis:00-0036980,20114,Elijah Moore,WR,PHI,False,,,1,129,61,160.0,199.0,85.18,,espn
2021,nfl:gsis:00-0036984,19425,Trey Sermon,RB,ATL,True,2,Phil Carr,2,112,41,120.0,76.0,113.001,,espn_and_jugg
2021,nfl:gsis:00-0036997,22739,Javonte Williams,RB,DAL,True,3,Joey Breeland,14,48,21,63.0,83.0,117.171,,espn_and_jugg
2021,nfl:gsis:00-0037012,20082,Trey Lance,QB,LAC,True,2,Robbie Bagwell,0,168,20,166.0,209.0,242.823,,espn_and_jugg
2021,nfl:gsis:00-0037013,22679,Zach Wilson,QB,NO,False,,,0,244,25,186.0,182.0,297.862,,espn
2021,provisional:fantasypros:15629,15629,William Fuller V,WR,FA,True,3,Robbie Bagwell,6,72,34,85.0,130.0,111.101,3,espn_and_jugg
2021,provisional:fantasypros:17297,17297,Nyheim Miller-Hines,RB,FA,False,,,1,124,44,132.0,160.0,90.051,,espn
2022,nfl:def:BAL,8020,Baltimore Ravens,DEF,BAL,True,1,Julius Berotte,1,145,5,119.0,202.0,103.72,2,espn_and_jugg
2022,nfl:def:BUF,8030,Buffalo Bills,DEF,BUF,True,1,Brad Beissner,1,141,1,80.0,66.0,116.09,1,espn_and_jugg
2022,nfl:def:CIN,8060,Cincinnati Bengals,DEF,CIN,False,,,0,253,15,195.0,235.0,103.59,,espn
2022,nfl:def:CLE,8070,Cleveland Browns,DEF,CLE,False,,,0,221,13,188.0,232.0,107.64,1,espn
2022,nfl:def:DAL,8080,Dallas Cowboys,DEF,DAL,True,1,Lee Krassner,1,147,7,130.0,154.0,114.3,1,espn_and_jugg
2022,nfl:def:DEN,8090,Denver Broncos,DEF,DEN,True,1,Joey Breeland,,,,184.0,111.0,104.04,,jugg_exception
2022,nfl:def:GB,8110,Green Bay Packers,DEF,GB,False,,,1,142,2,100.0,113.0,115.11,,espn
2022,nfl:def:IND,8130,Indianapolis Colts,DEF,IND,True,1,Robbie Bagwell,1,148,8,136.0,109.0,111.44,1,espn_and_jugg
2022,nfl:def:LAC,8250,Los Angeles Chargers,DEF,LAC,False,,,0,189,11,150.0,,111.47,,espn
2022,nfl:def:LAR,8280,Los Angeles Rams,DEF,LAR,True,1,George Rodman,,,,161.0,100.0,112.74,1,jugg_exception
2022,nfl:def:MIA,8160,Miami Dolphins,DEF,MIA,False,,,1,150,10,158.0,236.0,112.1,,espn
2022,nfl:def:NO,8190,New Orleans Saints,DEF,NO,True,2,Nate Corbett,1,143,3,105.0,127.0,112.52,,espn_and_jugg
2022,nfl:def:PHI,8230,Philadelphia Eagles,DEF,PHI,True,1,Phil Carr,0,222,14,172.0,237.0,103.1,,espn_and_jugg
2022,nfl:def:PIT,8240,Pittsburgh Steelers,DEF,PIT,True,1,Brandon Martin,1,149,9,147.0,230.0,116.25,7,espn_and_jugg
2022,nfl:def:SF,8270,San Francisco 49ers,DEF,SF,True,4,Ken Moller,1,146,6,121.0,81.0,111.13,1,espn_and_jugg
2022,nfl:def:TB,8290,Tampa Bay Buccaneers,DEF,TB,False,,,1,144,4,107.0,80.0,117.91,23,espn
2022,nfl:def:WAS,8310,Washington Commanders,DEF,WAS,False,,,0,190,12,193.0,211.0,103.77,1,espn
2022,nfl:gsis:00-0019596,9603,Tom Brady,QB,FA,True,12,George Rodman,3,90,8,64.0,60.0,373.144,5,espn_and_jugg
2022,nfl:gsis:00-0023252,9534,Robbie Gould,K,FA,False,,,0,223,13,189.0,147.0,122.35,1,espn
2022,nfl:gsis:00-0023459,9001,Aaron Rodgers,QB,PIT,True,5,Julius Berotte,3,91,9,68.0,89.0,350.961,13,espn_and_jugg
2022,nfl:gsis:00-0023853,9443,Matt Prater,K,FA,False,,,1,159,9,157.0,213.0,124.65,1,espn
2022,nfl:gsis:00-0025565,9491,Nick Folk,K,ATL,True,4,Nate Corbett,1,157,7,141.0,176.0,124.59,,espn_and_jugg
2022,nfl:gsis:00-0026143,9444,Matt Ryan,QB,FA,False,,,0,220,23,171.0,203.0,291.998,1,espn
2022,nfl:gsis:00-0026158,9300,Joe Flacco,QB,CIN,False,,,0,315,36,,,60.869,1,espn
2022,nfl:gsis:00-0026498,9451,Matthew Stafford,QB,LAR,True,1,Brandon Martin,3,94,12,87.0,98.0,353.681,5,espn_and_jugg
2022,nfl:gsis:00-0026858,9232,Graham Gano,K,FA,False,,,1,160,10,192.0,,112.73,1,espn
2022,nfl:gsis:00-0026968,9549,Ryan Succop,K,FA,True,2,Joey Breeland,0,224,14,194.0,229.0,127.37,,espn_and_jugg
2022,nfl:gsis:00-0027942,9857,A.J. Green,WR,FA,False,,,0,230,86,,,67.85,7,espn
2022,nfl:gsis:00-0027944,9867,Julio Jones,WR,FA,True,1,Ken Moller,0,176,67,160.0,142.0,71.863,14,espn_and_jugg
2022,nfl:gsis:00-0027966,9872,Mark Ingram II,RB,FA,False,,,0,198,59,203.0,162.0,86.91,14,espn
2022,nfl:gsis:00-0027981,9906,Kyle Rudolph,TE,FA,False,,,0,291,32,210.0,,51.449,,espn
2022,nfl:gsis:00-0028002,9902,Randall Cobb,WR,FA,False,,,0,229,85,,,74.282,46,espn
2022,nfl:gsis:00-0028118,10007,Tyrod Taylor,QB,GB,False,,,0,319,40,,,21.649,,espn
2022,nfl:gsis:00-0029263,11180,Russell Wilson,QB,FA,True,6,Brad Beissner,3,92,10,77.0,70.0,338.172,10,espn_and_jugg
2022,nfl:gsis:00-0029293,11215,Marvin Jones Jr.,WR,FA,False,,,1,135,60,159.0,,92.814,1,espn
2022,nfl:gsis:00-0029597,11465,Justin Tucker,K,FA,True,5,Ken Moller,1,151,1,88.0,76.0,129.77,7,espn_and_jugg
2022,nfl:gsis:00-0029604,11177,Kirk Cousins,QB,LV,False,,,1,123,15,125.0,120.0,335.114,1,espn
2022,nfl:gsis:00-0029701,11174,Ryan Tannehill,QB,FA,False,,,0,219,22,175.0,152.0,305.74,4,espn
2022,nfl:gsis:00-0029822,13274,Brandon McManus,K,FA,True,1,Robbie Bagwell,1,156,6,138.0,231.0,121.66,1,espn_and_jugg
2022,nfl:gsis:00-0030035,13429,Adam Thielen,WR,FA,True,2,Robbie Bagwell,6,69,33,73.0,77.0,130.599,16,espn_and_jugg
2022,nfl:gsis:00-0030061,11689,Zach Ertz,TE,FA,False,,,3,88,9,86.0,96.0,92.44,11,espn
2022,nfl:gsis:00-0030098,11818,Dustin Hopkins,K,FA,False,,,0,255,15,,233.0,120.49,,espn
2022,nfl:gsis:00-0030279,11616,Keenan Allen,WR,IND,True,16,Ken Moller,26,30,13,24.0,31.0,147.477,16,espn_and_jugg
2022,nfl:gsis:00-0030288,11655,Rex Burkhead,RB,FA,False,,,0,168,51,216.0,,77.644,,espn
2022,nfl:gsis:00-0030431,11610,Robert Woods,WR,FA,True,1,Brandon Martin,2,102,47,110.0,121.0,132.341,17,espn_and_jugg
2022,nfl:gsis:00-0030506,11594,Travis Kelce,TE,KC,True,39,Julius Berotte,34,21,2,17.0,15.0,161.264,51,espn_and_jugg
2022,nfl:gsis:00-0030564,11606,DeAndre Hopkins,WR,BAL,True,2,Ken Moller,2,100,45,98.0,105.0,121.05,36,espn_and_jugg
2022,nfl:gsis:00-0030565,11687,Geno Smith,QB,NYJ,False,,,0,296,32,,,190.735,,espn
2022,nfl:gsis:00-0030578,11613,Cordarrelle Patterson,RB,FA,True,2,Brad Beissner,4,86,34,92.0,101.0,140.814,,espn_and_jugg
2022,nfl:gsis:00-0030874,12334,Damien Williams,RB,FA,False,,,0,169,52,,,51.258,37,espn
2022,nfl:gsis:00-0031235,12127,Odell Beckham Jr.,WR,NYG,False,,,0,227,83,212.0,158.0,16.0,8,espn
2022,nfl:gsis:00-0031236,12122,Brandin Cooks,WR,FA,True,6,Joey Breeland,17,45,21,49.0,68.0,156.885,2,espn_and_jugg
2022,nfl:gsis:00-0031260,12095,Logan Thomas,TE,FA,False,,,0,248,25,,216.0,74.725,2,espn
2022,nfl:gsis:00-0031273,13470,Cameron Brate,TE,FA,False,,,0,292,33,,140.0,41.923,,espn
2022,nfl:gsis:00-0031280,12092,Derek Carr,QB,FA,False,,,1,122,14,114.0,112.0,327.234,1,espn
2022,nfl:gsis:00-0031376,12209,Jerick McKinnon,RB,FA,False,,,0,170,53,,,60.926,1,espn
2022,nfl:gsis:00-0031381,12123,Davante Adams,WR,LAR,True,51,Lee Krassner,44,13,6,11.0,12.0,195.079,49,espn_and_jugg
2022,nfl:gsis:00-0031382,12128,Jarvis Landry,WR,FA,False,,,114,131,56,148.0,160.0,102.015,4,espn
2022,nfl:gsis:00-0031408,12119,Mike Evans,WR,SF,True,31,George Rodman,31,25,10,27.0,21.0,179.256,34,espn_and_jugg
2022,nfl:gsis:00-0031428,12126,Allen Robinson II,WR,FA,True,10,Ken Moller,7,64,28,69.0,48.0,117.903,18,espn_and_jugg
2022,nfl:gsis:00-0031503,13891,Jameis Winston,QB,NYG,False,,,0,188,20,166.0,188.0,288.283,,espn
2022,nfl:gsis:00-0031544,13894,Amari Cooper,WR,FA,True,2,Ken Moller,7,66,30,70.0,86.0,128.968,20,espn_and_jugg
2022,nfl:gsis:00-0031547,13897,DeVante Parker,WR,FA,False,,,1,136,61,167.0,175.0,101.946,2,espn
2022,nfl:gsis:00-0031588,13981,Stefon Diggs,WR,WAS,True,42,Brad Beissner,44,12,5,13.0,10.0,170.589,46,espn_and_jugg
2022,nfl:gsis:00-0031610,14104,Darren Waller,TE,CAR,True,7,Brad Beissner,9,60,4,47.0,47.0,124.366,38,espn_and_jugg
2022,nfl:gsis:00-0031687,14338,Raheem Mostert,RB,LV,False,,,2,119,41,134.0,155.0,107.143,3,espn
2022,nfl:gsis:00-0031941,13976,Jamison Crowder,WR,FA,False,,,0,182,73,,,62.608,,espn
2022,nfl:gsis:00-0032063,13943,Mike Davis,RB,FA,False,,,0,195,56,,197.0,42.979,8,espn
2022,nfl:gsis:00-0032104,13924,Ameer Abdullah,RB,JAX,False,,,0,211,69,,,56.92,8,espn
2022,nfl:gsis:00-0032134,14084,C.J. Uzomah,TE,FA,False,,,0,311,35,,,45.479,,espn
2022,nfl:gsis:00-0032144,13903,Melvin Gordon III,RB,FA,True,1,Brandon Martin,2,107,38,117.0,103.0,127.176,2,espn_and_jugg
2022,nfl:gsis:00-0032211,13971,Tyler Lockett,WR,LV,True,2,Phil Carr,2,97,42,90.0,116.0,142.352,13,espn_and_jugg
2022,nfl:gsis:00-0032268,13890,Marcus Mariota,QB,WAS,False,,,0,269,30,223.0,,229.481,,espn
2022,nfl:gsis:00-0032385,15569,Sterling Shepard,WR,HOU,False,,,0,226,82,,,78.219,3,espn
2022,nfl:gsis:00-0032392,15581,Austin Hooper,TE,ATL,False,,,0,186,21,199.0,218.0,74.0,,espn
2022,nfl:gsis:00-0032602,16230,J.D. McKissic,RB,FA,True,1,Julius Berotte,0,162,45,163.0,207.0,78.18,,espn_and_jugg
2022,nfl:gsis:00-0032688,15688,Robbie Chosen,WR,FA,False,,,1,134,59,169.0,,94.754,2,espn
2022,nfl:gsis:00-0032764,15514,Derrick Henry,RB,BAL,True,62,Brandon Martin,59,2,2,5.0,6.0,267.926,62,espn_and_jugg
2022,nfl:gsis:00-0032765,15528,Michael Thomas,WR,FA,True,6,Nate Corbett,7,65,29,71.0,74.0,135.375,3,espn_and_jugg
2022,nfl:gsis:00-0032950,15520,Carson Wentz,QB,MIN,False,,,0,215,21,177.0,139.0,282.708,1,espn
2022,nfl:gsis:00-0033009,15547,Tyler Boyd,WR,FA,False,,,2,114,51,126.0,185.0,102.837,2,espn
2022,nfl:gsis:00-0033040,15802,Tyreek Hill,WR,FA,True,27,Julius Berotte,38,17,8,16.0,24.0,179.11,45,espn_and_jugg
2022,nfl:gsis:00-0033045,15498,Ezekiel Elliott,RB,FA,True,27,Joey Breeland,20,40,18,38.0,28.0,183.57,58,espn_and_jugg
2022,nfl:gsis:00-0033077,15600,Dak Prescott,QB,DAL,True,9,Brandon Martin,3,89,7,75.0,85.0,375.685,15,espn_and_jugg
2022,nfl:gsis:00-0033090,15561,Hunter Henry,TE,NE,True,1,George Rodman,1,125,13,118.0,159.0,99.689,7,espn_and_jugg
2022,nfl:gsis:00-0033106,15501,Jared Goff,QB,DET,False,,,0,244,25,207.0,177.0,281.86,1,espn
2022,nfl:gsis:00-0033110,15623,Tyler Higbee,TE,LAR,False,,,1,140,18,152.0,180.0,83.32,5,espn
2022,nfl:gsis:00-0033119,15642,Jacoby Brissett,QB,ARI,False,,,0,302,34,,,197.545,,espn
2022,nfl:gsis:00-0033217,16579,Mo Alie-Cox,TE,IND,False,,,0,249,26,,149.0,67.902,,espn
2022,nfl:gsis:00-0033280,16393,Christian McCaffrey,RB,SF,True,70,Phil Carr,58,4,3,2.0,2.0,254.955,78,espn_and_jugg
2022,nfl:gsis:00-0033282,16434,Curtis Samuel,WR,FA,False,,,0,205,77,,,92.789,1,espn
2022,nfl:gsis:00-0033288,16499,George Kittle,TE,SF,True,25,Ken Moller,8,61,5,41.0,42.0,112.562,37,espn_and_jugg
2022,nfl:gsis:00-0033293,16673,Aaron Jones Sr.,RB,MIN,True,38,Brad Beissner,29,28,14,21.0,14.0,203.431,45,espn_and_jugg
2022,nfl:gsis:00-0033303,16712,Harrison Butker,K,KC,True,1,George Rodman,1,154,4,116.0,115.0,129.54,2,espn_and_jugg
2022,nfl:gsis:00-0033307,17066,Kendrick Bourne,WR,ARI,False,,,0,231,87,,,72.432,,espn
2022,nfl:gsis:00-0033308,17058,Matt Breida,RB,FA,False,,,0,236,73,,,45.765,2,espn
2022,nfl:gsis:00-0033357,17115,Taysom Hill,TE,FA,False,,,0,259,29,205.0,138.0,25.1,,espn
2022,nfl:gsis:00-0033466,16604,Isaiah McKenzie,WR,FA,False,,,0,180,71,200.0,198.0,53.808,,espn
2022,nfl:gsis:00-0033526,16423,Samaje Perine,RB,CIN,False,,,0,199,60,,,45.693,,espn
2022,nfl:gsis:00-0033536,16377,Mike Williams,WR,FA,True,16,Robbie Bagwell,25,32,15,39.0,38.0,158.97,5,espn_and_jugg
2022,nfl:gsis:00-0033537,16398,Deshaun Watson,QB,CLE,False,,,0,245,26,196.0,171.0,102.17,14,espn
2022,nfl:gsis:00-0033553,16447,James Conner,RB,ARI,True,25,Robbie Bagwell,32,23,13,25.0,29.0,199.346,2,espn_and_jugg
2022,nfl:gsis:00-0033699,16483,Austin Ekeler,RB,FA,True,61,George Rodman,52,7,4,4.0,3.0,240.528,43,espn_and_jugg
2022,nfl:gsis:00-0033757,16502,Robert Tonyan,TE,PIT,False,,,0,246,23,201.0,201.0,77.887,2,espn
2022,nfl:gsis:00-0033787,16540,Jake Elliott,K,PHI,False,,,0,192,12,214.0,228.0,115.95,1,espn
2022,nfl:gsis:00-0033854,16879,Dare Ogunbowale,RB,LV,False,,,0,265,82,,,22.33,,espn
2022,nfl:gsis:00-0033856,16378,Leonard Fournette,RB,FA,True,31,Joey Breeland,42,15,9,18.0,20.0,201.366,1,espn_and_jugg
2022,nfl:gsis:00-0033857,16427,JuJu Smith-Schuster,WR,FA,True,16,Ken Moller,7,67,31,65.0,59.0,129.666,1,espn_and_jugg
2022,nfl:gsis:00-0033858,16460,Jonnu Smith,TE,FA,False,,,0,293,34,,,54.779,,espn
2022,nfl:gsis:00-0033869,16381,Mitchell Trubisky,QB,TEN,False,,,0,301,33,220.0,,209.757,,espn
2022,nfl:gsis:00-0033871,16385,Corey Davis,WR,FA,False,,,0,228,84,,,99.647,1,espn
2022,nfl:gsis:00-0033873,16413,Patrick Mahomes II,QB,KC,True,23,Nate Corbett,11,53,2,29.0,34.0,412.522,35,espn_and_jugg
2022,nfl:gsis:00-0033881,16411,Evan Engram,TE,DEN,False,,,0,184,19,191.0,222.0,78.184,4,espn
2022,nfl:gsis:00-0033885,16399,David Njoku,TE,LAC,False,,,1,137,15,155.0,163.0,82.238,3,espn
2022,nfl:gsis:00-0033891,16431,Zay Jones,WR,HOU,False,,,0,234,90,,214.0,71.25,,espn
2022,nfl:gsis:00-0033893,16374,Dalvin Cook,RB,FA,True,58,Robbie Bagwell,46,10,7,9.0,7.0,220.061,68,espn_and_jugg
2022,nfl:gsis:00-0033895,16459,Gerald Everett,TE,FA,False,,,0,247,24,217.0,219.0,74.713,,espn
2022,nfl:gsis:00-0033897,16420,Joe Mixon,RB,FA,True,48,Lee Krassner,49,9,6,12.0,11.0,223.767,31,espn_and_jugg
2022,nfl:gsis:00-0033906,16421,Alvin Kamara,RB,NO,True,45,Phil Carr,43,14,8,10.0,18.0,222.514,64,espn_and_jugg
2022,nfl:gsis:00-0033908,16433,Cooper Kupp,WR,SEA,True,52,Brad Beissner,59,3,1,3.0,4.0,240.049,9,espn_and_jugg
2022,nfl:gsis:00-0033921,16406,Chris Godwin Jr.,WR,TB,True,4,Ken Moller,13,50,25,59.0,94.0,143.712,14,espn_and_jugg
2022,nfl:gsis:00-0033923,16425,Kareem Hunt,RB,FA,True,7,Julius Berotte,4,83,31,81.0,99.0,124.462,10,espn_and_jugg
2022,nfl:gsis:00-0033925,16407,D'Onta Foreman,RB,FA,True,2,Phil Carr,0,206,64,,193.0,57.962,,espn_and_jugg
2022,nfl:gsis:00-0033932,16488,Kenny Golladay,WR,FA,False,,,0,171,62,183.0,178.0,104.079,7,espn
2022,nfl:gsis:00-0033948,16424,Jamaal Williams,RB,FA,False,,,0,164,47,168.0,209.0,97.855,1,espn
2022,nfl:gsis:00-0034115,18026,Jeff Wilson Jr.,RB,FA,False,,,0,240,77,,,37.867,,espn
2022,nfl:gsis:00-0034161,17420,Daniel Carlson,K,LV,True,1,Phil Carr,1,155,5,127.0,104.0,129.21,,espn_and_jugg
2022,nfl:gsis:00-0034184,17687,Gus Edwards,RB,FA,True,1,George Rodman,0,235,72,,227.0,64.021,1,espn_and_jugg
2022,nfl:gsis:00-0034253,18037,Dontrell Hilliard,RB,FA,False,,,0,200,61,,,49.048,,espn
2022,nfl:gsis:00-0034270,17598,Tyler Conklin,TE,DET,False,,,0,289,30,,,43.273,,espn
2022,nfl:gsis:00-0034272,17528,Marquez Valdes-Scantling,WR,DAL,True,1,Julius Berotte,2,96,41,123.0,182.0,104.037,,espn_and_jugg
2022,nfl:gsis:00-0034301,17514,Darrel Williams,RB,FA,False,,,0,208,66,,186.0,44.79,,espn
2022,nfl:gsis:00-0034348,17253,Courtland Sutton,WR,DEN,True,9,Robbie Bagwell,22,36,18,51.0,44.0,135.26,1,espn_and_jugg
2022,nfl:gsis:00-0034351,17270,Dallas Goedert,TE,PHI,True,2,Nate Corbett,3,87,8,79.0,61.0,102.058,,espn_and_jugg
2022,nfl:gsis:00-0034383,17349,Dalton Schultz,TE,HOU,True,6,Lee Krassner,5,77,6,57.0,53.0,108.192,,espn_and_jugg
2022,nfl:gsis:00-0034411,17606,Russell Gage Jr.,WR,FA,False,,,2,112,49,139.0,146.0,97.366,,espn
2022,nfl:gsis:00-0034414,17612,Boston Scott,RB,FA,False,,,0,201,62,,,53.195,,espn
2022,nfl:gsis:00-0034418,17262,Cedrick Wilson Jr.,WR,DET,False,,,0,216,78,,,63.611,,espn
2022,nfl:gsis:00-0034450,17647,Greg Joseph,K,FA,True,1,Brandon Martin,0,191,11,178.0,148.0,126.36,,espn_and_jugg
2022,nfl:gsis:00-0034521,17301,Allen Lazard,WR,FA,True,7,Nate Corbett,6,73,37,99.0,106.0,119.149,,espn_and_jugg
2022,nfl:gsis:00-0034681,17496,Chase Edmonds,RB,WAS,True,5,Lee Krassner,4,84,32,94.0,67.0,140.775,1,espn_and_jugg
2022,nfl:gsis:00-0034750,17308,Rashaad Penny,RB,FA,True,3,Nate Corbett,4,85,33,106.0,82.0,156.641,1,espn_and_jugg
2022,nfl:gsis:00-0034753,17269,Mark Andrews,TE,BAL,True,30,Joey Breeland,36,19,1,20.0,26.0,162.138,15,espn_and_jugg
2022,nfl:gsis:00-0034764,17259,Michael Gallup,WR,FA,False,,,2,116,53,140.0,215.0,100.726,1,espn
2022,nfl:gsis:00-0034775,17268,Christian Kirk,WR,SF,True,1,Phil Carr,5,75,39,82.0,107.0,114.056,1,espn_and_jugg
2022,nfl:gsis:00-0034777,17292,DJ Chark Jr.,WR,FA,False,,,2,115,52,145.0,206.0,98.257,2,espn
2022,nfl:gsis:00-0034791,17246,Nick Chubb,RB,FA,True,40,Ken Moller,35,20,11,28.0,19.0,197.826,53,espn_and_jugg
2022,nfl:gsis:00-0034796,17233,Lamar Jackson,QB,BAL,True,23,Joey Breeland,8,62,4,42.0,39.0,379.942,18,espn_and_jugg
2022,nfl:gsis:00-0034816,17243,Ronald Jones II,RB,FA,False,,,0,276,83,,124.0,49.057,1,espn
2022,nfl:gsis:00-0034827,17265,DJ Moore,WR,BUF,True,11,Brad Beissner,30,26,11,32.0,35.0,144.763,7,espn_and_jugg
2022,nfl:gsis:00-0034829,17272,Mike Gesicki,TE,CIN,False,,,1,126,14,129.0,132.0,88.241,,espn
2022,nfl:gsis:00-0034830,17283,Hayden Hurst,TE,FA,False,,,0,185,20,186.0,153.0,67.796,1,espn
2022,nfl:gsis:00-0034844,17240,Saquon Barkley,RB,PHI,True,44,Nate Corbett,24,33,16,26.0,16.0,197.0,52,espn_and_jugg
2022,nfl:gsis:00-0034845,17309,Sony Michel,RB,FA,False,,,0,202,63,,157.0,52.005,2,espn
2022,nfl:gsis:00-0034855,17237,Baker Mayfield,QB,TB,True,2,Brad Beissner,0,267,28,174.0,137.0,264.82,10,espn_and_jugg
2022,nfl:gsis:00-0034857,17298,Josh Allen,QB,BUF,True,34,Robbie Bagwell,18,43,1,22.0,22.0,438.38,40,espn_and_jugg
2022,nfl:gsis:00-0034869,17236,Sam Darnold,QB,SEA,False,,,0,317,38,,,21.701,,espn
2022,nfl:gsis:00-0034960,18598,Jakobi Meyers,WR,JAX,False,,,2,113,50,133.0,210.0,113.543,1,espn
2022,nfl:gsis:00-0034970,18610,Irv Smith Jr.,TE,FA,False,,,1,138,16,162.0,217.0,80.273,,espn
2022,nfl:gsis:00-0034972,18621,Alexander Mattison,RB,FA,False,,,0,165,48,154.0,144.0,83.775,1,espn
2022,nfl:gsis:00-0034983,18345,Hunter Renfrow,WR,FA,True,1,Joey Breeland,6,72,36,72.0,93.0,134.232,,espn_and_jugg
2022,nfl:gsis:00-0035140,18587,Mecole Hardman Jr.,WR,BUF,False,,,0,179,70,182.0,156.0,121.652,,espn
2022,nfl:gsis:00-0035216,18615,Diontae Johnson,WR,FA,True,8,Phil Carr,22,35,17,43.0,50.0,144.51,4,espn_and_jugg
2022,nfl:gsis:00-0035228,18600,Kyler Murray,QB,MIN,True,12,Ken Moller,8,63,5,52.0,56.0,378.993,23,espn_and_jugg
2022,nfl:gsis:00-0035229,18290,T.J. Hockenson,TE,MIN,False,,,4,78,7,67.0,65.0,103.058,7,espn
2022,nfl:gsis:00-0035243,18283,Miles Sanders,RB,FA,True,4,Brad Beissner,10,57,24,76.0,88.0,167.516,10,espn_and_jugg
2022,nfl:gsis:00-0035250,18280,Devin Singletary,RB,NYG,True,3,Robbie Bagwell,9,58,25,66.0,83.0,146.912,1,espn_and_jugg
2022,nfl:gsis:00-0035261,18705,Tony Pollard,RB,TEN,True,5,Joey Breeland,2,104,35,95.0,90.0,146.137,3,espn_and_jugg
2022,nfl:gsis:00-0035269,18545,Matt Gay,K,LV,True,5,Brad Beissner,1,153,3,113.0,110.0,128.88,1,espn_and_jugg
2022,nfl:gsis:00-0035289,18562,Gardner Minshew II,QB,ARI,False,,,0,318,39,,,18.319,,espn
2022,nfl:gsis:00-0035311,17251,Myles Gaskin,RB,FA,False,,,0,239,76,,,29.959,5,espn
2022,nfl:gsis:00-0035567,19074,Craig Reynolds,RB,WAS,False,,,0,264,81,,,30.333,,espn
2022,nfl:gsis:00-0035639,18463,Parris Campbell,WR,FA,False,,,0,233,89,,,89.087,1,espn
2022,nfl:gsis:00-0035640,18219,DK Metcalf,WR,PIT,True,26,Joey Breeland,13,49,24,46.0,55.0,148.143,43,espn_and_jugg
2022,nfl:gsis:00-0035644,17527,Noah Fant,TE,NO,True,1,Brandon Martin,1,139,17,153.0,199.0,82.166,3,espn_and_jugg
2022,nfl:gsis:00-0035657,18230,Damien Harris,RB,FA,True,3,Julius Berotte,4,80,28,89.0,71.0,172.576,3,espn_and_jugg
2022,nfl:gsis:00-0035659,18466,Terry McLaurin,WR,WAS,True,12,Julius Berotte,23,34,16,37.0,40.0,136.205,26,espn_and_jugg
2022,nfl:gsis:00-0035662,18226,Hollywood Brown,WR,PHI,True,7,Robbie Bagwell,17,44,20,53.0,78.0,134.555,3,espn_and_jugg
2022,nfl:gsis:00-0035664,18588,Darrell Henderson Jr.,RB,FA,True,3,George Rodman,0,163,46,156.0,125.0,100.879,7,espn_and_jugg
2022,nfl:gsis:00-0035676,18218,A.J. Brown,WR,NE,True,22,Brad Beissner,30,27,12,34.0,32.0,167.875,34,espn_and_jugg
2022,nfl:gsis:00-0035685,18239,David Montgomery,RB,HOU,True,17,Lee Krassner,19,41,19,40.0,46.0,184.681,16,espn_and_jugg
2022,nfl:gsis:00-0035689,18631,Dawson Knox,TE,BUF,True,3,George Rodman,2,109,10,101.0,73.0,101.873,,espn_and_jugg
2022,nfl:gsis:00-0035700,18269,Josh Jacobs,RB,GB,True,18,Joey Breeland,10,55,22,54.0,54.0,170.137,21,espn_and_jugg
2022,nfl:gsis:00-0035704,18225,Drew Lock,QB,SEA,False,,,0,316,37,,,80.841,,espn
2022,nfl:gsis:00-0035710,18232,Daniel Jones,QB,IND,False,,,0,187,19,187.0,224.0,289.49,1,espn
2022,nfl:gsis:00-0035719,18244,Deebo Samuel Sr.,WR,SF,True,44,Brandon Martin,45,11,4,14.0,23.0,206.902,4,espn_and_jugg
2022,nfl:gsis:00-0035831,19631,James Robinson,RB,FA,True,6,Joey Breeland,2,106,37,122.0,136.0,106.315,29,espn_and_jugg
2022,nfl:gsis:00-0036139,19647,Rico Dowdle,RB,PIT,False,,,0,277,84,,,12.941,,espn
2022,nfl:gsis:00-0036158,19245,J.K. Dobbins,RB,DEN,True,20,George Rodman,19,42,20,55.0,58.0,170.197,20,espn_and_jugg
2022,nfl:gsis:00-0036162,19760,Tyler Bass,K,BUF,True,1,Julius Berotte,1,158,8,144.0,102.0,126.64,1,espn_and_jugg
2022,nfl:gsis:00-0036182,19747,Nick Westbrook-Ikhine,WR,IND,False,,,0,232,88,,,64.718,,espn
2022,nfl:gsis:00-0036196,19398,Gabe Davis,WR,FA,True,10,Lee Krassner,15,46,22,61.0,63.0,157.167,,espn_and_jugg
2022,nfl:gsis:00-0036212,19198,Tua Tagovailoa,QB,ATL,False,,,1,128,17,135.0,169.0,313.311,,espn
2022,nfl:gsis:00-0036223,19217,Jonathan Taylor,RB,IND,True,75,Brandon Martin,61,1,1,1.0,1.0,294.257,52,espn_and_jugg
2022,nfl:gsis:00-0036252,19278,Michael Pittman Jr.,WR,PIT,True,15,Joey Breeland,26,31,14,31.0,27.0,157.35,,espn_and_jugg
2022,nfl:gsis:00-0036261,19252,Brandon Aiyuk,WR,SF,True,1,George Rodman,5,74,38,103.0,97.0,120.955,8,espn_and_jugg
2022,nfl:gsis:00-0036265,19358,AJ Dillon,RB,CAR,True,6,Lee Krassner,2,105,36,97.0,52.0,154.955,7,espn_and_jugg
2022,nfl:gsis:00-0036275,19210,D'Andre Swift,RB,CHI,True,43,Julius Berotte,33,22,12,15.0,17.0,194.721,10,espn_and_jugg
2022,nfl:gsis:00-0036290,19229,Cole Kmet,TE,CHI,True,1,Robbie Bagwell,2,110,11,115.0,117.0,91.166,,espn_and_jugg
2022,nfl:gsis:00-0036309,19810,Darnell Mooney,WR,NYG,True,9,Lee Krassner,12,51,26,63.0,91.0,137.357,,espn_and_jugg
2022,nfl:gsis:00-0036322,19236,Justin Jefferson,WR,MIN,True,62,Nate Corbett,55,5,2,6.0,5.0,207.976,36,espn_and_jugg
2022,nfl:gsis:00-0036326,18627,Chase Claypool,WR,FA,True,1,Brandon Martin,2,101,46,111.0,150.0,115.783,9,espn_and_jugg
2022,nfl:gsis:00-0036328,19624,Antonio Gibson,RB,FA,True,1,George Rodman,4,82,30,84.0,69.0,158.416,31,espn_and_jugg
2022,nfl:gsis:00-0036345,19708,K.J. Osborn,WR,TEN,False,,,0,225,81,,,70.031,,espn
2022,nfl:gsis:00-0036355,18635,Justin Herbert,QB,LAC,True,27,Phil Carr,10,54,3,36.0,36.0,397.14,12,espn_and_jugg
2022,nfl:gsis:00-0036358,19202,CeeDee Lamb,WR,DAL,True,38,Julius Berotte,40,16,7,19.0,13.0,165.814,36,espn_and_jugg
2022,nfl:gsis:00-0036360,19325,Clyde Edwards-Helaire,RB,FA,True,14,Nate Corbett,9,59,26,60.0,72.0,151.247,40,espn_and_jugg
2022,nfl:gsis:00-0036370,19445,Joshua Kelley,RB,FA,False,,,0,250,80,,,30.141,,espn
2022,nfl:gsis:00-0036383,19361,Eno Benjamin,RB,FA,False,,,0,209,67,,,46.243,,espn
2022,nfl:gsis:00-0036389,19275,Jalen Hurts,QB,PHI,True,10,Lee Krassner,5,76,6,56.0,57.0,380.539,3,espn_and_jugg
2022,nfl:gsis:00-0036407,19201,Jerry Jeudy,WR,CLE,True,7,George Rodman,15,47,23,50.0,62.0,132.799,5,espn_and_jugg
2022,nfl:gsis:00-0036410,19211,Tee Higgins,WR,CIN,True,10,Julius Berotte,32,24,9,30.0,30.0,170.641,5,espn_and_jugg
2022,nfl:gsis:00-0036412,19267,KJ Hamler,WR,FA,False,,,0,217,79,,,80.528,,espn
2022,nfl:gsis:00-0036414,19268,Cam Akers,RB,FA,True,12,Lee Krassner,28,29,15,33.0,45.0,174.132,12,espn_and_jugg
2022,nfl:gsis:00-0036415,19483,Van Jefferson,WR,WAS,False,,,0,183,74,,,82.858,,espn
2022,nfl:gsis:00-0036423,18246,Albert Okwuegbunam Jr.,TE,LV,False,,,0,214,22,190.0,131.0,83.913,,espn
2022,nfl:gsis:00-0036425,19521,DeeJay Dallas,RB,JAX,False,,,0,242,79,,,20.051,,espn
2022,nfl:gsis:00-0036442,19196,Joe Burrow,QB,CIN,True,12,Julius Berotte,3,93,11,74.0,51.0,357.439,5,espn_and_jugg
2022,nfl:gsis:00-0036450,19351,Ke'Shawn Vaughn,RB,FA,False,,,0,238,75,,,33.881,,espn
2022,nfl:gsis:00-0036493,20097,Deon Jackson,RB,FA,False,,,0,278,85,,,24.589,,espn
2022,nfl:gsis:00-0036550,19794,Rashod Bateman,WR,BAL,True,3,Nate Corbett,6,71,35,83.0,79.0,117.851,,espn_and_jugg
2022,nfl:gsis:00-0036554,20130,Nico Collins,WR,HOU,False,,,0,174,65,209.0,212.0,93.445,,espn
2022,nfl:gsis:00-0036555,19792,Chuba Hubbard,RB,CAR,True,2,Ken Moller,0,207,65,,,36.965,1,espn_and_jugg
2022,nfl:gsis:00-0036556,20162,Brevin Jordan,TE,HOU,False,,,0,258,28,,,61.281,,espn
2022,nfl:gsis:00-0036567,22813,Elijah Mitchell,RB,FA,True,20,Nate Corbett,10,56,23,62.0,37.0,175.771,,espn_and_jugg
2022,nfl:gsis:00-0036613,19790,Jaylen Waddle,WR,DEN,True,6,Brad Beissner,22,37,19,44.0,49.0,135.737,2,espn_and_jugg
2022,nfl:gsis:00-0036854,23297,Evan McPherson,K,CIN,True,11,Lee Krassner,1,152,2,102.0,84.0,124.51,,espn_and_jugg
2022,nfl:gsis:00-0036857,22797,Chris Evans,RB,FA,False,,,0,237,74,,,29.019,,espn
2022,nfl:gsis:00-0036875,22726,Rhamondre Stevenson,RB,NE,True,2,Lee Krassner,4,81,29,93.0,87.0,146.15,,espn_and_jugg
2022,nfl:gsis:00-0036893,19302,Najee Harris,RB,NYG,True,61,Ken Moller,50,8,5,8.0,9.0,211.692,46,espn_and_jugg
2022,nfl:gsis:00-0036894,20163,Pat Freiermuth,TE,PIT,False,,,1,124,12,108.0,119.0,83.315,,espn
2022,nfl:gsis:00-0036898,22799,Davis Mills,QB,HOU,False,,,0,268,29,,,256.279,,espn
2022,nfl:gsis:00-0036900,19788,Ja'Marr Chase,WR,CIN,True,57,George Rodman,54,6,3,7.0,8.0,216.061,4,espn_and_jugg
2022,nfl:gsis:00-0036906,22763,Khalil Herbert,RB,SF,False,,,0,167,50,176.0,196.0,72.65,,espn
2022,nfl:gsis:00-0036912,19222,DeVonta Smith,WR,PHI,True,2,Phil Carr,6,70,34,85.0,108.0,113.849,4,espn_and_jugg
2022,nfl:gsis:00-0036913,20119,Kadarius Toney,WR,FA,True,2,Brad Beissner,2,98,43,112.0,134.0,104.553,,espn_and_jugg
2022,nfl:gsis:00-0036919,23310,Kenny Gainwell,RB,TB,False,,,0,166,49,170.0,200.0,88.193,,espn
2022,nfl:gsis:00-0036924,22728,Michael Carter,RB,TEN,False,,,2,108,39,124.0,126.0,109.269,1,espn
2022,nfl:gsis:00-0036936,,Rondale Moore,WR,ARI,False,,,13,173,64,,,,,espn
2022,nfl:gsis:00-0036945,19781,Justin Fields,QB,KC,False,,,1,129,18,149.0,170.0,290.439,,espn
2022,nfl:gsis:00-0036963,19799,Amon-Ra St. Brown,WR,DET,True,12,Lee Krassner,11,52,27,58.0,64.0,146.908,,espn_and_jugg
2022,nfl:gsis:00-0036970,20164,Kyle Pitts Sr.,TE,ATL,True,37,Phil Carr,21,38,3,35.0,33.0,133.429,12,espn_and_jugg
2022,nfl:gsis:00-0036971,19780,Trevor Lawrence,QB,JAX,False,,,1,127,16,142.0,174.0,301.25,,espn
2022,nfl:gsis:00-0036972,20156,Mac Jones,QB,SF,False,,,0,243,24,173.0,151.0,287.001,,espn
2022,nfl:gsis:00-0036973,19231,Travis Etienne Jr.,RB,NO,True,9,Joey Breeland,14,48,21,45.0,43.0,168.973,,espn_and_jugg
2022,nfl:gsis:00-0036980,20114,Elijah Moore,WR,PHI,True,2,Phil Carr,6,68,32,91.0,95.0,138.735,,espn_and_jugg
2022,nfl:gsis:00-0036988,22845,Joshua Palmer,WR,BUF,False,,,1,132,57,164.0,179.0,84.788,,espn
2022,nfl:gsis:00-0036997,22739,Javonte Williams,RB,DAL,True,30,Robbie Bagwell,37,18,10,23.0,25.0,197.717,3,espn_and_jugg
2022,nfl:gsis:00-0037005,22795,Tommy Tremble,TE,CAR,False,,,0,290,31,,,44.147,,espn
2022,nfl:gsis:00-0037012,20082,Trey Lance,QB,LAC,True,2,Nate Corbett,2,103,13,104.0,92.0,341.469,2,espn_and_jugg
2022,nfl:gsis:00-0037013,22679,Zach Wilson,QB,NO,False,,,0,266,27,218.0,,233.045,,espn
2022,nfl:gsis:00-0037197,24333,Isiah Pacheco,RB,DET,True,2,Robbie Bagwell,0,197,58,197.0,165.0,43.199,,espn_and_jugg
2022,nfl:gsis:00-0037238,23163,Drake London,WR,ATL,False,,,3,95,40,96.0,122.0,116.232,,espn
2022,nfl:gsis:00-0037239,20111,Chris Olave,WR,NO,True,1,Phil Carr,2,99,44,109.0,135.0,92.326,,espn_and_jugg
2022,nfl:gsis:00-0037240,23677,Jameson Williams,WR,DET,False,,,0,203,75,,225.0,66.0,,espn
2022,nfl:gsis:00-0037247,22963,George Pickens,WR,DAL,False,,,0,172,63,146.0,130.0,88.187,,espn
2022,nfl:gsis:00-0037248,22958,James Cook III,RB,BUF,False,,,0,161,44,128.0,118.0,91.217,,espn
2022,nfl:gsis:00-0037256,23891,Rachaad White,RB,WAS,False,,,0,193,54,219.0,181.0,75.206,,espn
2022,nfl:gsis:00-0037258,22947,Dameon Pierce,RB,PHI,True,8,Nate Corbett,4,79,27,78.0,75.0,154.219,,espn_and_jugg
2022,nfl:gsis:00-0037263,24172,Tyler Allgeier,RB,ARI,False,,,0,194,55,185.0,184.0,74.571,,espn
2022,nfl:gsis:00-0037617,23798,Hassan Haskins,RB,NE,False,,,0,241,78,,,33.746,,espn
2022,nfl:gsis:00-0037664,23791,Alec Pierce,WR,IND,False,,,0,177,68,,,79.521,,espn
2022,nfl:gsis:00-0037666,23770,Jalen Tolbert,WR,MIA,False,,,0,178,69,208.0,172.0,74.127,,espn
2022,nfl:gsis:00-0037740,23072,Garrett Wilson,WR,NYJ,False,,,2,111,48,120.0,166.0,85.753,,espn
2022,nfl:gsis:00-0037741,23101,Jahan Dotson,WR,ATL,False,,,1,130,55,151.0,189.0,84.12,,espn
2022,nfl:gsis:00-0037742,22905,Treylon Burks,WR,WAS,True,1,Brandon Martin,2,117,54,143.0,194.0,119.163,,espn_and_jugg
2022,nfl:gsis:00-0037745,24214,Velus Jones Jr.,WR,SEA,False,,,0,218,80,,,46.154,,espn
2022,nfl:gsis:00-0037746,20094,Brian Robinson Jr.,RB,ATL,False,,,2,120,42,165.0,133.0,96.7,,espn
2022,nfl:gsis:00-0037816,23794,Romeo Doubs,WR,NE,False,,,0,181,72,180.0,187.0,65.48,,espn
2022,nfl:gsis:00-0037827,22992,Tyrion Davis-Price,RB,FA,False,,,0,213,71,,,30.124,,espn
2022,nfl:gsis:00-0037838,23781,Isaiah Likely,TE,NYG,False,,,0,257,27,221.0,164.0,52.254,,espn
2022,nfl:gsis:00-0038040,20095,Zamir White,RB,SF,False,,,0,196,57,225.0,183.0,61.961,,espn
2022,nfl:gsis:00-0038045,23143,Isaiah Spiller,RB,FA,False,,,0,210,68,,190.0,46.416,,espn
2022,nfl:gsis:00-0038090,23905,Skyy Moore,WR,GB,True,1,Phil Carr,1,133,58,137.0,192.0,70.392,,espn_and_jugg
2022,nfl:gsis:00-0038102,22722,Kenny Pickett,QB,CAR,True,1,Brandon Martin,0,270,31,211.0,128.0,99.345,,espn_and_jugg
2022,nfl:gsis:00-0038117,22985,Wan'Dale Robinson,WR,TEN,False,,,0,175,66,,,51.785,,espn
2022,nfl:gsis:00-0038120,22982,Breece Hall,RB,NYJ,True,8,Robbie Bagwell,21,39,17,48.0,41.0,175.553,,espn_and_jugg
2022,nfl:gsis:00-0038122,20080,Desmond Ridder,QB,FA,False,,,0,310,35,,,81.06,,espn
2022,nfl:gsis:00-0038124,23886,Christian Watson,WR,GB,False,,,0,204,76,,191.0,54.181,,espn
2022,nfl:gsis:00-0038134,23021,Kenneth Walker III,RB,KC,True,1,Brandon Martin,2,118,40,132.0,114.0,94.567,,espn_and_jugg
2022,provisional:fantasypros:13977,13977,Ty Montgomery II,RB,FA,False,,,0,212,70,,,22.083,,espn
2022,provisional:fantasypros:17297,17297,Nyheim Miller-Hines,RB,FA,False,,,1,121,43,131.0,143.0,86.759,,espn
2023,nfl:def:BAL,8020,Baltimore Ravens,DEF,BAL,False,,,0,253,15,167.0,128.0,106.89,1,espn
2023,nfl:def:BUF,8030,Buffalo Bills,DEF,BUF,False,,,1,143,3,97.0,86.0,108.3,1,espn
2023,nfl:def:CAR,8040,Carolina Panthers,DEF,CAR,False,,,0,189,11,174.0,237.0,97.01,,espn
2023,nfl:def:CIN,8060,Cincinnati Bengals,DEF,CIN,False,,,0,190,12,172.0,228.0,98.38,,espn
2023,nfl:def:CLE,8070,Cleveland Browns,DEF,CLE,False,,,1,147,7,139.0,202.0,107.74,1,espn
2023,nfl:def:DAL,8080,Dallas Cowboys,DEF,DAL,True,2,Phil Carr,1,146,6,109.0,73.0,118.53,1,espn_and_jugg
2023,nfl:def:DEN,8090,Denver Broncos,DEF,DEN,True,1,Robbie Bagwell,,,,204.0,119.0,102.0,1,jugg_exception
2023,nfl:def:GB,8110,Green Bay Packers,DEF,GB,False,,,1,150,10,161.0,232.0,104.02,,espn
2023,nfl:def:IND,8130,Indianapolis Colts,DEF,IND,True,1,George Rodman,,,,315.0,,105.36,1,jugg_exception
2023,nfl:def:MIA,8160,Miami Dolphins,DEF,MIA,False,,,1,145,5,123.0,127.0,106.24,,espn
2023,nfl:def:NE,8180,New England Patriots,DEF,NE,True,1,Brandon Martin,1,149,9,141.0,111.0,110.18,1,espn_and_jugg
2023,nfl:def:NO,8190,New Orleans Saints,DEF,NO,True,1,Nate Corbett,1,144,4,107.0,214.0,105.63,2,espn_and_jugg
2023,nfl:def:NYJ,8210,New York Jets,DEF,NYJ,True,2,Lee Krassner,1,148,8,128.0,89.0,107.44,,espn_and_jugg
2023,nfl:def:PHI,8230,Philadelphia Eagles,DEF,PHI,True,4,Ken Moller,,,,142.0,79.0,117.57,1,jugg_exception
2023,nfl:def:PIT,8240,Pittsburgh Steelers,DEF,PIT,True,1,Julius Berotte,1,142,2,95.0,207.0,107.75,1,espn_and_jugg
2023,nfl:def:SF,8270,San Francisco 49ers,DEF,SF,True,2,Brad Beissner,1,141,1,74.0,64.0,108.17,4,espn_and_jugg
2023,nfl:def:TB,8290,Tampa Bay Buccaneers,DEF,TB,False,,,0,222,14,,236.0,100.7,23,espn
2023,nfl:def:WAS,8310,Washington Commanders,DEF,WAS,True,1,Joey Breeland,0,221,13,175.0,235.0,107.96,1,espn_and_jugg
2023,nfl:gsis:00-0023459,9001,Aaron Rodgers,QB,PIT,True,3,Julius Berotte,1,124,15,93.0,103.0,305.619,5,espn_and_jugg
2023,nfl:gsis:00-0026498,9451,Matthew Stafford,QB,LAR,False,,,0,183,19,165.0,193.0,279.068,1,espn
2023,nfl:gsis:00-0026858,9232,Graham Gano,K,FA,False,,,1,155,5,132.0,226.0,114.19,1,espn
2023,nfl:gsis:00-0029263,11180,Russell Wilson,QB,FA,False,,,1,126,17,135.0,200.0,306.471,6,espn
2023,nfl:gsis:00-0029293,11215,Marvin Jones Jr.,WR,FA,False,,,0,216,78,,,45.0,1,espn
2023,nfl:gsis:00-0029597,11465,Justin Tucker,K,FA,True,4,Ken Moller,1,151,1,83.0,71.0,129.67,5,espn_and_jugg
2023,nfl:gsis:00-0029604,11177,Kirk Cousins,QB,LV,True,1,Brad Beissner,2,103,11,85.0,115.0,296.553,1,espn_and_jugg
2023,nfl:gsis:00-0029621,11345,Greg Zuerlein,K,FA,False,,,0,223,13,188.0,227.0,117.9,1,espn
2023,nfl:gsis:00-0029701,11174,Ryan Tannehill,QB,FA,False,,,0,243,24,222.0,,215.939,4,espn
2023,nfl:gsis:00-0029822,13274,Brandon McManus,K,FA,True,1,Julius Berotte,0,255,15,240.0,231.0,119.02,1,espn_and_jugg
2023,nfl:gsis:00-0030035,13429,Adam Thielen,WR,FA,False,,,1,122,56,137.0,171.0,99.443,2,espn
2023,nfl:gsis:00-0030061,11689,Zach Ertz,TE,FA,True,1,Brad Beissner,0,185,18,157.0,149.0,48.414,11,espn_and_jugg
2023,nfl:gsis:00-0030098,11818,Dustin Hopkins,K,FA,False,,,0,192,12,,,115.38,,espn
2023,nfl:gsis:00-0030279,11616,Keenan Allen,WR,IND,True,5,Brad Beissner,19,42,20,39.0,47.0,140.06,16,espn_and_jugg
2023,nfl:gsis:00-0030431,11610,Robert Woods,WR,FA,False,,,0,227,83,,,63.894,1,espn
2023,nfl:gsis:00-0030506,11594,Travis Kelce,TE,KC,True,66,George Rodman,57,5,1,5.0,6.0,169.947,39,espn_and_jugg
2023,nfl:gsis:00-0030564,11606,DeAndre Hopkins,WR,BAL,True,12,George Rodman,9,60,27,47.0,60.0,129.475,2,espn_and_jugg
2023,nfl:gsis:00-0030565,11687,Geno Smith,QB,NYJ,False,,,1,125,16,124.0,114.0,310.46,,espn
2023,nfl:gsis:00-0030578,11613,Cordarrelle Patterson,RB,FA,False,,,0,204,63,,150.0,56.769,2,espn
2023,nfl:gsis:00-0031203,13731,Cairo Santos,K,CHI,False,,,0,224,14,209.0,,112.84,,espn
2023,nfl:gsis:00-0031235,12127,Odell Beckham Jr.,WR,NYG,True,1,Julius Berotte,2,100,45,103.0,117.0,89.717,8,espn_and_jugg
2023,nfl:gsis:00-0031236,12122,Brandin Cooks,WR,FA,True,4,Nate Corbett,4,81,35,88.0,110.0,120.199,6,espn_and_jugg
2023,nfl:gsis:00-0031260,12095,Logan Thomas,TE,FA,False,,,0,248,25,,,61.755,2,espn
2023,nfl:gsis:00-0031280,12092,Derek Carr,QB,FA,True,1,Julius Berotte,0,219,22,164.0,186.0,278.037,1,espn_and_jugg
2023,nfl:gsis:00-0031345,12208,Jimmy Garoppolo,QB,LAR,False,,,0,220,23,182.0,123.0,230.519,,espn
2023,nfl:gsis:00-0031376,12209,Jerick McKinnon,RB,FA,True,1,Brad Beissner,1,130,44,127.0,141.0,75.539,1,espn_and_jugg
2023,nfl:gsis:00-0031381,12123,Davante Adams,WR,LAR,True,44,George Rodman,53,7,4,8.0,17.0,175.464,51,espn_and_jugg
2023,nfl:gsis:00-0031408,12119,Mike Evans,WR,SF,True,9,Lee Krassner,10,57,24,64.0,85.0,150.814,31,espn_and_jugg
2023,nfl:gsis:00-0031428,12126,Allen Robinson II,WR,FA,False,,,0,232,88,,,42.883,10,espn
2023,nfl:gsis:00-0031492,14003,Jason Myers,K,SEA,True,1,Joey Breeland,1,156,6,144.0,208.0,122.09,1,espn_and_jugg
2023,nfl:gsis:00-0031544,13894,Amari Cooper,WR,FA,True,11,Phil Carr,19,41,19,41.0,40.0,148.485,2,espn_and_jugg
2023,nfl:gsis:00-0031547,13897,DeVante Parker,WR,FA,False,,,0,197,75,,,69.562,2,espn
2023,nfl:gsis:00-0031588,13981,Stefon Diggs,WR,WAS,True,45,Brandon Martin,46,11,5,11.0,9.0,176.204,42,espn_and_jugg
2023,nfl:gsis:00-0031610,14104,Darren Waller,TE,CAR,True,9,Lee Krassner,7,64,4,45.0,58.0,93.188,7,espn_and_jugg
2023,nfl:gsis:00-0031687,14338,Raheem Mostert,RB,LV,False,,,2,111,37,122.0,125.0,155.305,3,espn
2023,nfl:gsis:00-0031800,13932,Taylor Heinicke,QB,FA,False,,,0,317,38,,,89.121,,espn
2023,nfl:gsis:00-0032104,13924,Ameer Abdullah,RB,JAX,False,,,0,237,74,,,32.077,8,espn
2023,nfl:gsis:00-0032211,13971,Tyler Lockett,WR,LV,True,3,Robbie Bagwell,4,80,34,69.0,51.0,125.002,2,espn_and_jugg
2023,nfl:gsis:00-0032392,15581,Austin Hooper,TE,ATL,False,,,0,311,35,,,35.711,,espn
2023,nfl:gsis:00-0032764,15514,Derrick Henry,RB,BAL,True,59,Julius Berotte,58,3,1,10.0,15.0,212.384,62,espn_and_jugg
2023,nfl:gsis:00-0032765,15528,Michael Thomas,WR,FA,True,1,Robbie Bagwell,2,101,46,104.0,112.0,84.794,6,espn_and_jugg
2023,nfl:gsis:00-0033009,15547,Tyler Boyd,WR,FA,False,,,1,136,58,151.0,187.0,90.096,2,espn
2023,nfl:gsis:00-0033040,15802,Tyreek Hill,WR,FA,True,59,Robbie Bagwell,55,6,3,6.0,5.0,209.822,27,espn_and_jugg
2023,nfl:gsis:00-0033045,15498,Ezekiel Elliott,RB,FA,True,2,George Rodman,1,131,45,130.0,132.0,105.174,27,espn_and_jugg
2023,nfl:gsis:00-0033077,15600,Dak Prescott,QB,DAL,True,5,Lee Krassner,2,102,10,89.0,77.0,347.743,9,espn_and_jugg
2023,nfl:gsis:00-0033090,15561,Hunter Henry,TE,NE,False,,,0,246,23,227.0,206.0,66.488,1,espn
2023,nfl:gsis:00-0033106,15501,Jared Goff,QB,DET,False,,,0,184,20,153.0,165.0,322.197,1,espn
2023,nfl:gsis:00-0033110,15623,Tyler Higbee,TE,LAR,False,,,1,134,15,117.0,154.0,73.516,5,espn
2023,nfl:gsis:00-0033119,15642,Jacoby Brissett,QB,ARI,False,,,0,315,36,,,44.148,,espn
2023,nfl:gsis:00-0033280,16393,Christian McCaffrey,RB,SF,True,66,Ken Moller,51,8,3,3.0,2.0,249.315,70,espn_and_jugg
2023,nfl:gsis:00-0033282,16434,Curtis Samuel,WR,FA,False,,,0,177,66,,,88.425,1,espn
2023,nfl:gsis:00-0033288,16499,George Kittle,TE,SF,True,15,Joey Breeland,6,70,5,49.0,46.0,114.841,25,espn_and_jugg
2023,nfl:gsis:00-0033293,16673,Aaron Jones Sr.,RB,MIN,True,24,Nate Corbett,25,32,13,32.0,32.0,162.827,38,espn_and_jugg
2023,nfl:gsis:00-0033303,16712,Harrison Butker,K,KC,True,1,Brandon Martin,1,154,4,108.0,98.0,129.17,1,espn_and_jugg
2023,nfl:gsis:00-0033307,17066,Kendrick Bourne,WR,ARI,False,,,0,231,87,,,65.395,,espn
2023,nfl:gsis:00-0033308,17058,Matt Breida,RB,FA,False,,,0,238,75,,,40.711,2,espn
2023,nfl:gsis:00-0033357,17115,Taysom Hill,TE,FA,False,,,0,258,28,199.0,147.0,34.51,,espn
2023,nfl:gsis:00-0033526,16423,Samaje Perine,RB,CIN,True,2,Brandon Martin,2,112,38,121.0,121.0,108.938,,espn_and_jugg
2023,nfl:gsis:00-0033536,16377,Mike Williams,WR,FA,True,5,Lee Krassner,17,44,22,63.0,78.0,114.296,16,espn_and_jugg
2023,nfl:gsis:00-0033537,16398,Deshaun Watson,QB,CLE,True,5,Nate Corbett,6,73,8,66.0,90.0,289.805,14,espn_and_jugg
2023,nfl:gsis:00-0033553,16447,James Conner,RB,ARI,True,10,Brandon Martin,11,53,22,57.0,54.0,164.075,25,espn_and_jugg
2023,nfl:gsis:00-0033555,16489,Mack Hollins,WR,NE,False,,,0,229,85,,,47.181,,espn
2023,nfl:gsis:00-0033699,16483,Austin Ekeler,RB,FA,True,57,Brad Beissner,57,4,2,4.0,4.0,200.692,61,espn_and_jugg
2023,nfl:gsis:00-0033702,16910,Younghoe Koo,K,FA,True,1,Lee Krassner,1,160,10,152.0,113.0,123.45,4,espn_and_jugg
2023,nfl:gsis:00-0033787,16540,Jake Elliott,K,PHI,True,1,George Rodman,1,158,8,133.0,190.0,124.52,1,espn_and_jugg
2023,nfl:gsis:00-0033854,16879,Dare Ogunbowale,RB,LV,False,,,0,240,77,,,19.223,,espn
2023,nfl:gsis:00-0033857,16427,JuJu Smith-Schuster,WR,FA,False,,,2,108,49,115.0,160.0,81.88,16,espn
2023,nfl:gsis:00-0033873,16413,Patrick Mahomes II,QB,KC,True,30,Brandon Martin,30,26,1,12.0,16.0,404.645,23,espn_and_jugg
2023,nfl:gsis:00-0033881,16411,Evan Engram,TE,DEN,True,5,Nate Corbett,3,93,9,79.0,74.0,93.972,4,espn_and_jugg
2023,nfl:gsis:00-0033885,16399,David Njoku,TE,LAC,False,,,3,94,10,90.0,93.0,95.435,3,espn
2023,nfl:gsis:00-0033891,16431,Zay Jones,WR,HOU,False,,,0,174,63,177.0,191.0,76.357,,espn
2023,nfl:gsis:00-0033893,16374,Dalvin Cook,RB,FA,True,8,Lee Krassner,4,78,30,72.0,66.0,100.151,58,espn_and_jugg
2023,nfl:gsis:00-0033895,16459,Gerald Everett,TE,FA,False,,,1,140,17,159.0,220.0,70.374,,espn
2023,nfl:gsis:00-0033897,16420,Joe Mixon,RB,FA,True,33,George Rodman,28,29,10,23.0,28.0,185.388,48,espn_and_jugg
2023,nfl:gsis:00-0033906,16421,Alvin Kamara,RB,NO,True,12,Ken Moller,11,52,21,51.0,80.0,154.802,45,espn_and_jugg
2023,nfl:gsis:00-0033908,16433,Cooper Kupp,WR,SEA,True,49,Nate Corbett,43,13,6,14.0,10.0,155.786,52,espn_and_jugg
2023,nfl:gsis:00-0033921,16406,Chris Godwin Jr.,WR,TB,True,2,Robbie Bagwell,7,65,28,56.0,70.0,124.041,4,espn_and_jugg
2023,nfl:gsis:00-0033925,16407,D'Onta Foreman,RB,FA,True,1,Brandon Martin,0,168,54,,194.0,83.287,2,espn_and_jugg
2023,nfl:gsis:00-0033948,16424,Jamaal Williams,RB,FA,True,1,George Rodman,3,91,35,113.0,105.0,90.035,1,espn_and_jugg
2023,nfl:gsis:00-0033949,16417,Joshua Dobbs,QB,DET,True,1,Phil Carr,0,302,34,,,137.454,,espn_and_jugg
2023,nfl:gsis:00-0034115,18026,Jeff Wilson Jr.,RB,FA,False,,,0,202,61,168.0,197.0,70.317,,espn
2023,nfl:gsis:00-0034161,17420,Daniel Carlson,K,LV,True,2,Nate Corbett,1,152,2,111.0,92.0,123.92,1,espn_and_jugg
2023,nfl:gsis:00-0034173,17575,Eddy Pineiro,K,SF,False,,,0,191,11,,,108.8,,espn
2023,nfl:gsis:00-0034184,17687,Gus Edwards,RB,FA,False,,,0,163,49,206.0,192.0,108.032,1,espn
2023,nfl:gsis:00-0034270,17598,Tyler Conklin,TE,DET,False,,,0,214,22,186.0,144.0,62.212,,espn
2023,nfl:gsis:00-0034272,17528,Marquez Valdes-Scantling,WR,DAL,False,,,0,193,71,198.0,,74.864,1,espn
2023,nfl:gsis:00-0034348,17253,Courtland Sutton,WR,DEN,True,7,Brad Beissner,4,79,33,92.0,126.0,115.35,9,espn_and_jugg
2023,nfl:gsis:00-0034351,17270,Dallas Goedert,TE,PHI,True,7,Robbie Bagwell,6,72,7,62.0,55.0,90.809,2,espn_and_jugg
2023,nfl:gsis:00-0034383,17349,Dalton Schultz,TE,HOU,False,,,2,115,12,120.0,170.0,80.273,6,espn
2023,nfl:gsis:00-0034419,17289,Braxton Berrios,WR,NYG,False,,,0,233,89,,,31.818,,espn
2023,nfl:gsis:00-0034521,17301,Allen Lazard,WR,FA,False,,,0,172,61,160.0,169.0,78.628,7,espn
2023,nfl:gsis:00-0034681,17496,Chase Edmonds,RB,WAS,False,,,0,209,67,,,46.002,5,espn
2023,nfl:gsis:00-0034750,17308,Rashaad Penny,RB,FA,True,1,Robbie Bagwell,2,110,36,129.0,107.0,80.891,3,espn_and_jugg
2023,nfl:gsis:00-0034753,17269,Mark Andrews,TE,BAL,True,26,Brandon Martin,21,38,2,36.0,33.0,104.544,30,espn_and_jugg
2023,nfl:gsis:00-0034764,17259,Michael Gallup,WR,FA,False,,,1,121,55,143.0,146.0,84.741,1,espn
2023,nfl:gsis:00-0034775,17268,Christian Kirk,WR,SF,True,3,Joey Breeland,6,69,32,84.0,87.0,121.962,1,espn_and_jugg
2023,nfl:gsis:00-0034777,17292,DJ Chark Jr.,WR,FA,False,,,2,109,50,147.0,182.0,86.289,2,espn
2023,nfl:gsis:00-0034791,17246,Nick Chubb,RB,FA,True,57,Robbie Bagwell,49,9,4,13.0,7.0,183.238,40,espn_and_jugg
2023,nfl:gsis:00-0034796,17233,Lamar Jackson,QB,BAL,True,27,Joey Breeland,21,39,4,31.0,36.0,376.886,23,espn_and_jugg
2023,nfl:gsis:00-0034816,17243,Ronald Jones II,RB,FA,False,,,0,235,72,,,25.989,1,espn
2023,nfl:gsis:00-0034827,17265,DJ Moore,WR,BUF,True,3,Ken Moller,18,43,21,55.0,52.0,151.806,11,espn_and_jugg
2023,nfl:gsis:00-0034829,17272,Mike Gesicki,TE,CIN,False,,,0,187,20,229.0,199.0,55.631,,espn
2023,nfl:gsis:00-0034830,17283,Hayden Hurst,TE,FA,False,,,0,259,29,235.0,153.0,47.167,1,espn
2023,nfl:gsis:00-0034837,17258,Calvin Ridley,WR,TEN,True,10,Ken Moller,22,36,17,38.0,38.0,141.873,47,espn_and_jugg
2023,nfl:gsis:00-0034844,17240,Saquon Barkley,RB,PHI,True,52,Phil Carr,44,12,6,9.0,11.0,201.178,44,espn_and_jugg
2023,nfl:gsis:00-0034855,17237,Baker Mayfield,QB,TB,False,,,0,296,32,211.0,,257.308,2,espn
2023,nfl:gsis:00-0034857,17298,Josh Allen,QB,BUF,True,30,Robbie Bagwell,30,27,2,20.0,22.0,426.94,34,espn_and_jugg
2023,nfl:gsis:00-0034869,17236,Sam Darnold,QB,SEA,False,,,0,316,37,,,43.389,,espn
2023,nfl:gsis:00-0034960,18598,Jakobi Meyers,WR,JAX,False,,,2,107,48,119.0,211.0,102.349,1,espn
2023,nfl:gsis:00-0034970,18610,Irv Smith Jr.,TE,FA,False,,,0,247,24,470.0,176.0,50.617,,espn
2023,nfl:gsis:00-0034972,18621,Alexander Mattison,RB,FA,True,13,Phil Carr,12,51,20,54.0,57.0,147.127,1,espn_and_jugg
2023,nfl:gsis:00-0034975,18256,Justice Hill,RB,BAL,False,,,0,277,84,,,45.642,,espn
2023,nfl:gsis:00-0034983,18345,Hunter Renfrow,WR,FA,False,,,0,173,62,178.0,,60.609,1,espn
2023,nfl:gsis:00-0035140,18587,Mecole Hardman Jr.,WR,BUF,False,,,0,217,79,,,55.351,,espn
2023,nfl:gsis:00-0035216,18615,Diontae Johnson,WR,FA,True,6,Nate Corbett,9,58,25,53.0,76.0,116.649,8,espn_and_jugg
2023,nfl:gsis:00-0035228,18600,Kyler Murray,QB,MIN,False,,,0,215,21,194.0,223.0,233.364,12,espn
2023,nfl:gsis:00-0035229,18290,T.J. Hockenson,TE,MIN,True,13,Ken Moller,13,49,3,43.0,42.0,120.168,7,espn_and_jugg
2023,nfl:gsis:00-0035243,18283,Miles Sanders,RB,FA,True,10,Brandon Martin,15,47,17,59.0,49.0,130.634,4,espn_and_jugg
2023,nfl:gsis:00-0035250,18280,Devin Singletary,RB,NYG,False,,,1,128,42,150.0,155.0,102.038,3,espn
2023,nfl:gsis:00-0035261,18705,Tony Pollard,RB,TEN,True,52,Lee Krassner,42,14,7,15.0,13.0,212.014,5,espn_and_jugg
2023,nfl:gsis:00-0035269,18545,Matt Gay,K,LV,False,,,1,159,9,166.0,222.0,111.98,5,espn
2023,nfl:gsis:00-0035291,18607,Trayveon Williams,RB,DET,False,,,0,211,69,,,36.556,,espn
2023,nfl:gsis:00-0035311,17251,Myles Gaskin,RB,FA,False,,,0,242,79,,,23.324,5,espn
2023,nfl:gsis:00-0035567,19074,Craig Reynolds,RB,WAS,False,,,0,213,71,,,37.456,,espn
2023,nfl:gsis:00-0035639,18463,Parris Campbell,WR,FA,False,,,1,138,60,189.0,,45.485,1,espn
2023,nfl:gsis:00-0035640,18219,DK Metcalf,WR,PIT,True,15,Lee Krassner,37,18,10,24.0,34.0,149.135,26,espn_and_jugg
2023,nfl:gsis:00-0035644,17527,Noah Fant,TE,NO,False,,,0,289,30,,,59.837,1,espn
2023,nfl:gsis:00-0035657,18230,Damien Harris,RB,FA,False,,,0,164,50,181.0,116.0,65.42,3,espn
2023,nfl:gsis:00-0035659,18466,Terry McLaurin,WR,WAS,True,3,George Rodman,9,59,26,65.0,62.0,125.678,12,espn_and_jugg
2023,nfl:gsis:00-0035662,18226,Hollywood Brown,WR,PHI,True,2,Phil Carr,7,66,29,81.0,99.0,114.717,7,espn_and_jugg
2023,nfl:gsis:00-0035676,18218,A.J. Brown,WR,NE,True,46,Brad Beissner,38,17,9,19.0,14.0,180.315,22,espn_and_jugg
2023,nfl:gsis:00-0035685,18239,David Montgomery,RB,HOU,True,3,George Rodman,5,76,28,76.0,75.0,163.318,17,espn_and_jugg
2023,nfl:gsis:00-0035689,18631,Dawson Knox,TE,BUF,False,,,0,249,26,185.0,134.0,60.701,3,espn
2023,nfl:gsis:00-0035700,18269,Josh Jacobs,RB,GB,True,45,Phil Carr,36,19,8,18.0,18.0,192.315,18,espn_and_jugg
2023,nfl:gsis:00-0035710,18232,Daniel Jones,QB,IND,False,,,2,104,12,114.0,91.0,265.996,1,espn
2023,nfl:gsis:00-0035719,18244,Deebo Samuel Sr.,WR,SF,True,25,Brad Beissner,32,23,13,35.0,39.0,156.152,44,espn_and_jugg
2023,nfl:gsis:00-0036020,19449,Salvon Ahmed,RB,CHI,False,,,0,212,70,,,22.857,,espn
2023,nfl:gsis:00-0036040,19562,Juwan Johnson,TE,NO,False,,,1,139,16,162.0,219.0,72.24,,espn
2023,nfl:gsis:00-0036139,19647,Rico Dowdle,RB,PIT,False,,,0,236,73,,,58.162,,espn
2023,nfl:gsis:00-0036158,19245,J.K. Dobbins,RB,BAL,True,14,George Rodman,5,77,29,,,,20,espn_and_jugg
2023,nfl:gsis:00-0036162,19760,Tyler Bass,K,BUF,True,2,Brad Beissner,1,157,7,136.0,100.0,126.32,1,espn_and_jugg
2023,nfl:gsis:00-0036165,19375,Isaiah Hodgins,WR,NYG,False,,,0,195,73,,,54.256,,espn
2023,nfl:gsis:00-0036196,19398,Gabe Davis,WR,FA,True,3,George Rodman,2,99,44,118.0,101.0,118.508,10,espn_and_jugg
2023,nfl:gsis:00-0036212,19198,Tua Tagovailoa,QB,ATL,False,,,2,105,13,101.0,95.0,326.837,,espn
2023,nfl:gsis:00-0036223,19217,Jonathan Taylor,RB,IND,True,25,Brandon Martin,8,62,25,67.0,30.0,144.241,75,espn_and_jugg
2023,nfl:gsis:00-0036233,19298,Donovan Peoples-Jones,WR,FA,False,,,0,218,80,,,59.646,,espn
2023,nfl:gsis:00-0036251,19263,Zack Moss,RB,FA,False,,,0,206,64,,,78.089,3,espn
2023,nfl:gsis:00-0036252,19278,Michael Pittman Jr.,WR,PIT,True,1,Phil Carr,4,83,37,87.0,82.0,125.141,15,espn_and_jugg
2023,nfl:gsis:00-0036261,19252,Brandon Aiyuk,WR,SF,True,3,Joey Breeland,7,67,30,73.0,63.0,140.291,1,espn_and_jugg
2023,nfl:gsis:00-0036264,19246,Jordan Love,QB,GB,False,,,0,267,28,179.0,167.0,303.016,,espn
2023,nfl:gsis:00-0036265,19358,AJ Dillon,RB,CAR,True,2,Joey Breeland,3,88,32,96.0,102.0,119.006,6,espn_and_jugg
2023,nfl:gsis:00-0036275,19210,D'Andre Swift,RB,CHI,True,4,Ken Moller,3,89,33,86.0,84.0,143.356,43,espn_and_jugg
2023,nfl:gsis:00-0036290,19229,Cole Kmet,TE,CHI,False,,,3,95,11,105.0,159.0,83.472,1,espn
2023,nfl:gsis:00-0036309,19810,Darnell Mooney,WR,NYG,False,,,2,117,51,140.0,212.0,79.205,9,espn
2023,nfl:gsis:00-0036322,19236,Justin Jefferson,WR,MIN,True,61,Lee Krassner,59,1,1,1.0,1.0,192.319,62,espn_and_jugg
2023,nfl:gsis:00-0036326,18627,Chase Claypool,WR,FA,False,,,0,176,65,,,49.474,1,espn
2023,nfl:gsis:00-0036328,19624,Antonio Gibson,RB,FA,True,3,Ken Moller,2,113,39,112.0,108.0,105.367,1,espn_and_jugg
2023,nfl:gsis:00-0036345,19708,K.J. Osborn,WR,TEN,False,,,1,137,59,169.0,,79.641,,espn
2023,nfl:gsis:00-0036355,18635,Justin Herbert,QB,LAC,True,15,George Rodman,10,55,6,42.0,50.0,331.011,27,espn_and_jugg
2023,nfl:gsis:00-0036358,19202,CeeDee Lamb,WR,DAL,True,44,Brandon Martin,41,15,7,16.0,12.0,198.269,38,espn_and_jugg
2023,nfl:gsis:00-0036360,19325,Clyde Edwards-Helaire,RB,FA,True,1,Julius Berotte,0,200,59,,140.0,59.852,14,espn_and_jugg
2023,nfl:gsis:00-0036370,19445,Joshua Kelley,RB,FA,False,,,0,201,60,,,60.808,,espn
2023,nfl:gsis:00-0036389,19275,Jalen Hurts,QB,PHI,True,29,Ken Moller,29,28,3,22.0,21.0,402.501,10,espn_and_jugg
2023,nfl:gsis:00-0036407,19201,Jerry Jeudy,WR,CLE,True,3,Brandon Martin,17,45,23,75.0,81.0,111.758,7,espn_and_jugg
2023,nfl:gsis:00-0036410,19211,Tee Higgins,WR,CIN,True,24,Brad Beissner,32,24,14,26.0,29.0,135.74,10,espn_and_jugg
2023,nfl:gsis:00-0036414,19268,Cam Akers,RB,FA,True,7,Joey Breeland,10,54,23,68.0,53.0,131.28,12,espn_and_jugg
2023,nfl:gsis:00-0036415,19483,Van Jefferson,WR,WAS,False,,,0,180,69,,,63.869,,espn
2023,nfl:gsis:00-0036442,19196,Joe Burrow,QB,CIN,True,18,Phil Carr,20,40,5,34.0,41.0,334.691,12,espn_and_jugg
2023,nfl:gsis:00-0036493,20097,Deon Jackson,RB,FA,False,,,0,166,52,187.0,204.0,38.138,,espn
2023,nfl:gsis:00-0036550,19794,Rashod Bateman,WR,BAL,False,,,0,181,70,197.0,139.0,77.663,3,espn
2023,nfl:gsis:00-0036554,20130,Nico Collins,WR,HOU,False,,,2,119,53,146.0,183.0,123.305,,espn
2023,nfl:gsis:00-0036555,19792,Chuba Hubbard,RB,CAR,False,,,0,203,62,,172.0,107.613,2,espn
2023,nfl:gsis:00-0036567,22813,Elijah Mitchell,RB,FA,True,4,Joey Breeland,2,114,40,148.0,156.0,87.34,20,espn_and_jugg
2023,nfl:gsis:00-0036613,19790,Jaylen Waddle,WR,DEN,True,26,Ken Moller,33,22,12,25.0,23.0,142.811,6,espn_and_jugg
2023,nfl:gsis:00-0036849,20126,Tutu Atwell,WR,MIA,True,1,Brandon Martin,0,230,86,,,65.826,,espn_and_jugg
2023,nfl:gsis:00-0036854,23297,Evan McPherson,K,CIN,True,1,Robbie Bagwell,1,153,3,106.0,96.0,122.09,11,espn_and_jugg
2023,nfl:gsis:00-0036857,22797,Chris Evans,RB,FA,False,,,0,276,83,,,21.547,,espn
2023,nfl:gsis:00-0036875,22726,Rhamondre Stevenson,RB,NE,True,13,Nate Corbett,23,34,15,37.0,31.0,145.188,2,espn_and_jugg
2023,nfl:gsis:00-0036893,19302,Najee Harris,RB,NYG,True,24,Julius Berotte,26,30,11,29.0,27.0,166.482,61,espn_and_jugg
2023,nfl:gsis:00-0036894,20163,Pat Freiermuth,TE,PIT,False,,,3,92,8,82.0,69.0,80.167,,espn
2023,nfl:gsis:00-0036900,19788,Ja'Marr Chase,WR,CIN,True,57,Julius Berotte,58,2,2,2.0,3.0,185.31,57,espn_and_jugg
2023,nfl:gsis:00-0036906,22763,Khalil Herbert,RB,SF,True,3,Phil Carr,3,87,31,91.0,94.0,127.422,,espn_and_jugg
2023,nfl:gsis:00-0036912,19222,DeVonta Smith,WR,PHI,True,32,Joey Breeland,22,35,16,30.0,25.0,142.902,2,espn_and_jugg
2023,nfl:gsis:00-0036913,20119,Kadarius Toney,WR,FA,True,3,Phil Carr,1,135,57,154.0,136.0,79.496,2,espn_and_jugg
2023,nfl:gsis:00-0036919,23310,Kenny Gainwell,RB,TB,False,,,0,165,51,192.0,148.0,85.759,,espn
2023,nfl:gsis:00-0036928,19800,Kyle Trask,QB,CAR,False,,,0,301,33,,,44.635,,espn
2023,nfl:gsis:00-0036936,,Rondale Moore,WR,ARI,False,,,2,118,52,,,,,espn
2023,nfl:gsis:00-0036945,19781,Justin Fields,QB,KC,True,20,Nate Corbett,10,56,7,44.0,48.0,337.755,,espn_and_jugg
2023,nfl:gsis:00-0036963,19799,Amon-Ra St. Brown,WR,DET,True,39,Julius Berotte,34,21,11,21.0,20.0,169.536,12,espn_and_jugg
2023,nfl:gsis:00-0036970,20164,Kyle Pitts Sr.,TE,ATL,True,8,Julius Berotte,6,71,6,58.0,59.0,96.395,37,espn_and_jugg
2023,nfl:gsis:00-0036971,19780,Trevor Lawrence,QB,JAX,True,6,Lee Krassner,5,74,9,60.0,56.0,326.279,,espn_and_jugg
2023,nfl:gsis:00-0036972,20156,Mac Jones,QB,SF,False,,,0,269,30,207.0,122.0,234.154,,espn
2023,nfl:gsis:00-0036973,19231,Travis Etienne Jr.,RB,NO,True,33,Joey Breeland,35,20,9,27.0,24.0,194.769,9,espn_and_jugg
2023,nfl:gsis:00-0036980,20114,Elijah Moore,WR,PHI,False,,,2,120,54,145.0,124.0,88.41,2,espn
2023,nfl:gsis:00-0036997,22739,Javonte Williams,RB,DAL,True,3,Ken Moller,8,63,26,70.0,67.0,140.038,30,espn_and_jugg
2023,nfl:gsis:00-0037077,23045,Sam Howell,QB,DAL,False,,,0,268,29,200.0,210.0,277.647,,espn
2023,nfl:gsis:00-0037197,24333,Isiah Pacheco,RB,DET,True,6,Brad Beissner,5,75,27,71.0,68.0,158.304,2,espn_and_jugg
2023,nfl:gsis:00-0037224,23901,Cameron Dicker,K,LAC,True,1,Phil Carr,,,,171.0,151.0,125.62,,jugg_exception
2023,nfl:gsis:00-0037228,24209,Jaylen Warren,RB,PIT,False,,,1,132,46,149.0,161.0,110.77,,espn
2023,nfl:gsis:00-0037238,23163,Drake London,WR,ATL,True,3,Julius Berotte,6,68,31,77.0,61.0,119.755,,espn_and_jugg
2023,nfl:gsis:00-0037239,20111,Chris Olave,WR,NO,True,36,Nate Corbett,31,25,15,28.0,26.0,147.55,1,espn_and_jugg
2023,nfl:gsis:00-0037240,23677,Jameson Williams,WR,DET,False,,,0,194,72,190.0,184.0,77.16,,espn
2023,nfl:gsis:00-0037247,22963,George Pickens,WR,DAL,True,8,Ken Moller,4,82,36,78.0,88.0,124.512,,espn_and_jugg
2023,nfl:gsis:00-0037248,22958,James Cook III,RB,BUF,True,4,Nate Corbett,8,61,24,61.0,65.0,156.568,,espn_and_jugg
2023,nfl:gsis:00-0037252,23153,Greg Dulcich,TE,MIA,False,,,0,188,21,195.0,131.0,56.163,,espn
2023,nfl:gsis:00-0037256,23891,Rachaad White,RB,WAS,True,10,Lee Krassner,13,50,19,52.0,83.0,169.102,,espn_and_jugg
2023,nfl:gsis:00-0037258,22947,Dameon Pierce,RB,PHI,True,24,Nate Corbett,24,33,14,40.0,43.0,137.701,8,espn_and_jugg
2023,nfl:gsis:00-0037263,24172,Tyler Allgeier,RB,ARI,False,,,1,129,43,158.0,179.0,105.649,,espn
2023,nfl:gsis:00-0037267,22921,Jerome Ford,RB,WAS,False,,,0,199,58,,,105.649,,espn
2023,nfl:gsis:00-0037276,19471,Ty Chandler,RB,NO,False,,,0,207,65,,,86.98,,espn
2023,nfl:gsis:00-0037299,23162,Keaontay Ingram,RB,FA,False,,,0,208,66,,,45.247,,espn
2023,nfl:gsis:00-0037429,20100,Raheem Blackshear,RB,DET,False,,,0,210,68,,,28.695,,espn
2023,nfl:gsis:00-0037545,24687,Rashid Shaheed,WR,SEA,False,,,0,228,84,,,87.809,,espn
2023,nfl:gsis:00-0037664,23791,Alec Pierce,WR,IND,False,,,0,196,74,,,68.491,,espn
2023,nfl:gsis:00-0037740,23072,Garrett Wilson,WR,NYJ,True,47,Phil Carr,40,16,8,17.0,19.0,150.093,,espn_and_jugg
2023,nfl:gsis:00-0037741,23101,Jahan Dotson,WR,ATL,True,3,Lee Krassner,4,84,38,94.0,97.0,106.996,,espn_and_jugg
2023,nfl:gsis:00-0037742,22905,Treylon Burks,WR,WAS,True,1,Brandon Martin,2,97,42,116.0,130.0,91.128,1,espn_and_jugg
2023,nfl:gsis:00-0037744,22936,Trey McBride,TE,ARI,False,,,0,292,33,,,70.625,,espn
2023,nfl:gsis:00-0037746,20094,Brian Robinson Jr.,RB,ATL,True,4,Lee Krassner,3,90,34,100.0,104.0,131.322,,espn_and_jugg
2023,nfl:gsis:00-0037809,23982,Chig Okonkwo,TE,WAS,False,,,2,116,13,156.0,145.0,72.764,,espn
2023,nfl:gsis:00-0037816,23794,Romeo Doubs,WR,NE,False,,,0,179,68,193.0,185.0,96.109,,espn
2023,nfl:gsis:00-0037834,19797,Brock Purdy,QB,SF,False,,,0,266,27,163.0,158.0,289.026,,espn
2023,nfl:gsis:00-0037840,23059,Kyren Williams,RB,LAR,False,,,0,169,55,,,138.381,,espn
2023,nfl:gsis:00-0038040,20095,Zamir White,RB,SF,False,,,0,264,81,,198.0,45.423,,espn
2023,nfl:gsis:00-0038041,22718,Jake Ferguson,TE,DAL,True,1,Phil Carr,0,293,34,203.0,224.0,77.067,,espn_and_jugg
2023,nfl:gsis:00-0038090,23905,Skyy Moore,WR,GB,True,2,Joey Breeland,4,86,40,98.0,142.0,75.55,1,espn_and_jugg
2023,nfl:gsis:00-0038102,22722,Kenny Pickett,QB,CAR,True,1,Brad Beissner,0,182,18,155.0,138.0,248.615,1,espn_and_jugg
2023,nfl:gsis:00-0038117,22985,Wan'Dale Robinson,WR,TEN,False,,,0,226,82,,,68.513,,espn
2023,nfl:gsis:00-0038120,22982,Breece Hall,RB,NYJ,True,7,Nate Corbett,14,48,18,48.0,37.0,174.75,8,espn_and_jugg
2023,nfl:gsis:00-0038122,20080,Desmond Ridder,QB,FA,False,,,0,270,31,,,225.721,,espn
2023,nfl:gsis:00-0038124,23886,Christian Watson,WR,GB,True,8,Joey Breeland,22,37,18,46.0,72.0,128.328,,espn_and_jugg
2023,nfl:gsis:00-0038129,23181,Cade Otton,TE,TB,False,,,0,257,27,,,66.533,,espn
2023,nfl:gsis:00-0038132,23028,Matt Corral,QB,FA,False,,,0,319,40,,,8.033,,espn
2023,nfl:gsis:00-0038134,23021,Kenneth Walker III,RB,KC,True,22,Brad Beissner,15,46,16,50.0,44.0,171.29,1,espn_and_jugg
2023,nfl:gsis:00-0038397,25325,Evan Hull,RB,ARI,False,,,0,167,53,,,30.525,,espn
2023,nfl:gsis:00-0038542,23133,Bijan Robinson,RB,ATL,True,62,Joey Breeland,48,10,5,7.0,8.0,214.389,,espn_and_jugg
2023,nfl:gsis:00-0038543,23070,Jaxon Smith-Njigba,WR,SEA,True,1,Julius Berotte,4,85,39,99.0,109.0,102.866,,espn_and_jugg
2023,nfl:gsis:00-0038544,23123,Quentin Johnston,WR,LAC,False,,,2,106,47,126.0,181.0,88.235,,espn
2023,nfl:gsis:00-0038551,24360,Kendre Miller,RB,NO,False,,,0,265,82,,188.0,51.056,,espn
2023,nfl:gsis:00-0038555,22908,Tank Bigsby,RB,PHI,True,2,Robbie Bagwell,0,170,56,173.0,177.0,62.656,,espn_and_jugg
2023,nfl:gsis:00-0038559,25333,Michael Wilson,WR,ARI,False,,,0,225,81,,,77.911,,espn
2023,nfl:gsis:00-0038582,25227,Clayton Tune,QB,FA,False,,,0,310,35,,,23.261,,espn
2023,nfl:gsis:00-0038611,22986,Chris Rodriguez Jr.,RB,JAX,False,,,0,278,85,,,32.449,,espn
2023,nfl:gsis:00-0038622,22984,Deuce Vaughn,RB,FA,True,1,Julius Berotte,0,239,76,191.0,143.0,40.179,,espn_and_jugg
2023,nfl:gsis:00-0038705,25654,Emari Demercado,RB,KC,False,,,0,241,78,,,56.46,,espn
2023,nfl:gsis:00-0038794,25876,Jaleel McLaughlin,RB,DEN,False,,,0,250,80,,,66.679,,espn
2023,nfl:gsis:00-0038933,25247,Dalton Kincaid,TE,BUF,False,,,1,133,14,131.0,137.0,82.099,,espn
2023,nfl:gsis:00-0038976,23080,Marvin Mims Jr.,WR,DEN,False,,,0,198,76,228.0,196.0,75.892,,espn
2023,nfl:gsis:00-0038977,25361,Tank Dell,WR,HOU,False,,,0,234,90,403.0,,75.899,,espn
2023,nfl:gsis:00-0038994,23107,Jordan Addison,WR,MIN,True,2,George Rodman,2,96,41,102.0,106.0,121.493,,espn_and_jugg
2023,nfl:gsis:00-0039021,25322,Roschon Johnson,RB,CHI,False,,,0,161,47,184.0,195.0,72.731,,espn
2023,nfl:gsis:00-0039032,25323,Tyjae Spears,RB,TEN,False,,,0,171,57,,205.0,87.9,,espn
2023,nfl:gsis:00-0039040,23136,De'Von Achane,RB,MIA,False,,,0,162,48,180.0,175.0,113.062,,espn
2023,nfl:gsis:00-0039062,23030,Jonathan Mingo,WR,DAL,False,,,0,175,64,210.0,,76.058,,espn
2023,nfl:gsis:00-0039064,22916,Zay Flowers,WR,BAL,True,2,Robbie Bagwell,2,98,43,110.0,129.0,115.15,,espn_and_jugg
2023,nfl:gsis:00-0039065,22978,Sam LaPorta,TE,DET,False,,,0,186,19,170.0,201.0,99.769,,espn
2023,nfl:gsis:00-0039066,23056,Michael Mayer,TE,LV,False,,,0,291,32,217.0,203.0,56.965,,espn
2023,nfl:gsis:00-0039067,23113,Rashee Rice,WR,KC,True,10,Ken Moller,0,205,77,,174.0,96.608,,espn_and_jugg
2023,nfl:gsis:00-0039139,22968,Jahmyr Gibbs,RB,DET,True,33,Robbie Bagwell,26,31,12,33.0,35.0,178.297,,espn_and_jugg
2023,nfl:gsis:00-0039144,25282,Luke Musgrave,TE,GB,False,,,0,290,31,205.0,178.0,54.664,,espn
2023,nfl:gsis:00-0039146,23020,Jayden Reed,WR,GB,False,,,0,178,67,,,105.248,,espn
2023,nfl:gsis:00-0039150,22900,Bryce Young,QB,CAR,False,,,0,244,25,176.0,135.0,251.247,,espn
2023,nfl:gsis:00-0039152,22987,Will Levis,QB,TEN,False,,,0,318,39,,,99.24,,espn
2023,nfl:gsis:00-0039163,23071,C.J. Stroud,QB,HOU,False,,,0,245,26,196.0,133.0,271.069,,espn
2023,nfl:gsis:00-0039164,24347,Anthony Richardson Sr.,QB,IND,False,,,1,123,14,125.0,120.0,260.226,,espn
2023,nfl:gsis:00-0039165,23152,Zach Charbonnet,RB,SEA,True,1,Robbie Bagwell,1,127,41,138.0,118.0,94.176,,espn_and_jugg
2024,nfl:def:ATL,8010,Atlanta Falcons,DEF,ATL,False,,,0,236,14,205.0,201.0,104.54,,espn
2024,nfl:def:BAL,8020,Baltimore Ravens,DEF,BAL,True,1,Brandon Martin,1,172,4,100.0,75.0,121.1,1,espn_and_jugg
2024,nfl:def:BUF,8030,Buffalo Bills,DEF,BUF,True,1,George Rodman,,,,184.0,136.0,111.26,1,jugg_exception
2024,nfl:def:CHI,8050,Chicago Bears,DEF,CHI,False,,,0,235,13,176.0,221.0,103.07,1,espn
2024,nfl:def:CIN,8060,Cincinnati Bengals,DEF,CIN,False,,,1,178,10,163.0,223.0,108.13,,espn
2024,nfl:def:CLE,8070,Cleveland Browns,DEF,CLE,True,1,Robbie Bagwell,1,169,1,85.0,91.0,109.84,1,espn_and_jugg
2024,nfl:def:DAL,8080,Dallas Cowboys,DEF,DAL,True,2,Julius Berotte,1,170,2,93.0,83.0,120.78,2,espn_and_jugg
2024,nfl:def:DET,8100,Detroit Lions,DEF,DET,False,,,0,180,12,167.0,198.0,102.42,,espn
2024,nfl:def:HOU,8120,Houston Texans,DEF,HOU,True,1,Brandon Martin,,,,185.0,211.0,114.21,,jugg_exception
2024,nfl:def:JAX,8140,Jacksonville Jaguars,DEF,JAX,False,,,1,177,9,169.0,213.0,105.13,,espn
2024,nfl:def:KC,8150,Kansas City Chiefs,DEF,KC,True,1,Nate Corbett,0,179,11,149.0,100.0,113.52,,espn_and_jugg
2024,nfl:def:MIA,8160,Miami Dolphins,DEF,MIA,True,1,Ken Moller,1,175,7,136.0,138.0,108.39,,espn_and_jugg
2024,nfl:def:NO,8190,New Orleans Saints,DEF,NO,True,1,Lee Krassner,1,176,8,147.0,224.0,105.93,1,espn_and_jugg
2024,nfl:def:NYJ,8210,New York Jets,DEF,NYJ,True,2,Brad Beissner,1,171,3,104.0,79.0,116.67,2,espn_and_jugg
2024,nfl:def:PHI,8230,Philadelphia Eagles,DEF,PHI,True,1,Phil Carr,,,,179.0,199.0,112.35,4,jugg_exception
2024,nfl:def:PIT,8240,Pittsburgh Steelers,DEF,PIT,False,,,1,174,6,121.0,113.0,111.47,1,espn
2024,nfl:def:SEA,8260,Seattle Seahawks,DEF,SEA,False,,,0,254,15,189.0,209.0,103.09,1,espn
2024,nfl:def:SF,8270,San Francisco 49ers,DEF,SF,True,2,Joey Breeland,1,173,5,102.0,70.0,110.49,2,espn_and_jugg
2024,nfl:gsis:00-0023459,9001,Aaron Rodgers,QB,PIT,True,1,Julius Berotte,2,118,13,107.0,143.0,288.843,3,espn_and_jugg
2024,nfl:gsis:00-0026158,9300,Joe Flacco,QB,CIN,False,,,0,318,39,272.0,,21.206,1,espn
2024,nfl:gsis:00-0026498,9451,Matthew Stafford,QB,LAR,False,,,0,197,21,162.0,164.0,292.996,1,espn
2024,nfl:gsis:00-0028118,10007,Tyrod Taylor,QB,GB,False,,,0,317,38,,,21.576,,espn
2024,nfl:gsis:00-0029263,11180,Russell Wilson,QB,FA,False,,,0,267,28,204.0,125.0,237.775,6,espn
2024,nfl:gsis:00-0029597,11465,Justin Tucker,K,FA,True,2,Brad Beissner,1,183,3,97.0,77.0,141.3,4,espn_and_jugg
2024,nfl:gsis:00-0029604,11177,Kirk Cousins,QB,LV,False,,,2,120,15,129.0,155.0,296.168,1,espn
2024,nfl:gsis:00-0029621,11345,Greg Zuerlein,K,FA,False,,,1,185,5,137.0,212.0,129.61,1,espn
2024,nfl:gsis:00-0030035,13429,Adam Thielen,WR,FA,False,,,1,138,59,145.0,161.0,95.661,2,espn
2024,nfl:gsis:00-0030098,11818,Dustin Hopkins,K,FA,False,,,0,237,13,,220.0,121.63,,espn
2024,nfl:gsis:00-0030279,11616,Keenan Allen,WR,IND,True,4,Brad Beissner,6,72,37,78.0,80.0,121.947,5,espn_and_jugg
2024,nfl:gsis:00-0030506,11594,Travis Kelce,TE,KC,True,31,Brandon Martin,22,37,2,24.0,21.0,139.257,66,espn_and_jugg
2024,nfl:gsis:00-0030564,11606,DeAndre Hopkins,WR,BAL,False,,,2,98,48,117.0,126.0,118.809,12,espn
2024,nfl:gsis:00-0030565,11687,Geno Smith,QB,NYJ,False,,,0,219,26,190.0,208.0,283.159,,espn
2024,nfl:gsis:00-0030578,11613,Cordarrelle Patterson,RB,FA,False,,,0,249,78,,,31.998,2,espn
2024,nfl:gsis:00-0031203,13731,Cairo Santos,K,CHI,False,,,1,190,10,177.0,205.0,128.04,,espn
2024,nfl:gsis:00-0031235,12127,Odell Beckham Jr.,WR,NYG,False,,,0,227,83,,,52.697,1,espn
2024,nfl:gsis:00-0031236,12122,Brandin Cooks,WR,FA,True,1,Julius Berotte,1,152,68,182.0,162.0,104.424,4,espn_and_jugg
2024,nfl:gsis:00-0031280,12092,Derek Carr,QB,FA,False,,,0,268,29,222.0,,268.727,1,espn
2024,nfl:gsis:00-0031381,12123,Davante Adams,WR,LAR,True,31,Lee Krassner,30,27,16,23.0,20.0,151.023,44,espn_and_jugg
2024,nfl:gsis:00-0031408,12119,Mike Evans,WR,SF,True,26,Nate Corbett,36,19,10,21.0,22.0,161.704,9,espn_and_jugg
2024,nfl:gsis:00-0031544,13894,Amari Cooper,WR,FA,True,11,Joey Breeland,7,67,32,68.0,53.0,146.678,11,espn_and_jugg
2024,nfl:gsis:00-0031588,13981,Stefon Diggs,WR,WAS,True,14,Brad Beissner,15,47,26,42.0,49.0,142.173,45,espn_and_jugg
2024,nfl:gsis:00-0031687,14338,Raheem Mostert,RB,LV,True,5,Joey Breeland,3,87,28,86.0,63.0,155.123,3,espn_and_jugg
2024,nfl:gsis:00-0032211,13971,Tyler Lockett,WR,LV,False,,,2,109,51,132.0,163.0,106.084,3,espn
2024,nfl:gsis:00-0032726,15756,Ka'imi Fairbairn,K,HOU,True,1,Robbie Bagwell,1,186,6,138.0,127.0,131.88,1,espn_and_jugg
2024,nfl:gsis:00-0032764,15514,Derrick Henry,RB,BAL,True,51,Ken Moller,42,15,7,18.0,13.0,210.85,59,espn_and_jugg
2024,nfl:gsis:00-0032775,15665,Demarcus Robinson,WR,SF,False,,,0,161,70,,,84.547,,espn
2024,nfl:gsis:00-0033009,15547,Tyler Boyd,WR,FA,False,,,0,203,75,,,66.219,2,espn
2024,nfl:gsis:00-0033040,15802,Tyreek Hill,WR,FA,True,64,Ken Moller,54,5,2,4.0,2.0,215.772,59,espn_and_jugg
2024,nfl:gsis:00-0033045,15498,Ezekiel Elliott,RB,FA,True,2,Ken Moller,2,102,32,109.0,124.0,126.024,2,espn_and_jugg
2024,nfl:gsis:00-0033077,15600,Dak Prescott,QB,DAL,True,9,Phil Carr,8,61,8,58.0,64.0,336.554,5,espn_and_jugg
2024,nfl:gsis:00-0033090,15561,Hunter Henry,TE,NE,False,,,0,167,19,,215.0,75.506,1,espn
2024,nfl:gsis:00-0033106,15501,Jared Goff,QB,DET,True,1,Ken Moller,0,164,20,141.0,104.0,304.744,1,espn_and_jugg
2024,nfl:gsis:00-0033119,15642,Jacoby Brissett,QB,ARI,False,,,0,301,33,,,95.308,,espn
2024,nfl:gsis:00-0033280,16393,Christian McCaffrey,RB,SF,True,73,George Rodman,57,1,1,1.0,1.0,280.603,66,espn_and_jugg
2024,nfl:gsis:00-0033282,16434,Curtis Samuel,WR,FA,False,,,1,140,61,161.0,172.0,105.475,1,espn
2024,nfl:gsis:00-0033288,16499,George Kittle,TE,SF,True,9,Julius Berotte,10,56,4,50.0,51.0,123.009,15,espn_and_jugg
2024,nfl:gsis:00-0033293,16673,Aaron Jones Sr.,RB,MIN,True,10,George Rodman,5,76,23,62.0,54.0,160.62,24,espn_and_jugg
2024,nfl:gsis:00-0033303,16712,Harrison Butker,K,KC,True,3,Joey Breeland,1,181,1,90.0,86.0,138.77,1,espn_and_jugg
2024,nfl:gsis:00-0033307,17066,Kendrick Bourne,WR,ARI,False,,,0,204,76,,,66.799,,espn
2024,nfl:gsis:00-0033357,17115,Taysom Hill,TE,FA,False,,,2,112,13,148.0,181.0,39.297,,espn
2024,nfl:gsis:00-0033526,16423,Samaje Perine,RB,CIN,False,,,0,196,59,,,47.892,2,espn
2024,nfl:gsis:00-0033536,16377,Mike Williams,WR,FA,False,,,2,107,49,130.0,202.0,104.567,5,espn
2024,nfl:gsis:00-0033537,16398,Deshaun Watson,QB,CLE,False,,,1,133,17,152.0,185.0,301.229,5,espn
2024,nfl:gsis:00-0033553,16447,James Conner,RB,ARI,True,8,Robbie Bagwell,8,63,19,65.0,59.0,157.229,10,espn_and_jugg
2024,nfl:gsis:00-0033699,16483,Austin Ekeler,RB,FA,True,1,Brandon Martin,2,104,34,92.0,108.0,122.849,57,espn_and_jugg
2024,nfl:gsis:00-0033702,16910,Younghoe Koo,K,FA,True,2,George Rodman,0,191,11,160.0,153.0,146.93,1,espn_and_jugg
2024,nfl:gsis:00-0033787,16540,Jake Elliott,K,PHI,True,1,Brandon Martin,1,184,4,112.0,106.0,135.58,1,espn_and_jugg
2024,nfl:gsis:00-0033858,16460,Jonnu Smith,TE,FA,False,,,0,260,29,,139.0,58.087,,espn
2024,nfl:gsis:00-0033873,16413,Patrick Mahomes II,QB,KC,True,23,Nate Corbett,13,50,4,26.0,27.0,370.425,30,espn_and_jugg
2024,nfl:gsis:00-0033881,16411,Evan Engram,TE,DEN,True,6,Brad Beissner,2,100,9,54.0,71.0,103.027,5,espn_and_jugg
2024,nfl:gsis:00-0033885,16399,David Njoku,TE,LAC,True,6,Lee Krassner,5,74,7,82.0,89.0,107.595,3,espn_and_jugg
2024,nfl:gsis:00-0033891,16431,Zay Jones,WR,HOU,False,,,0,228,84,,,39.578,,espn
2024,nfl:gsis:00-0033895,16459,Gerald Everett,TE,FA,False,,,0,311,35,,,45.396,,espn
2024,nfl:gsis:00-0033897,16420,Joe Mixon,RB,FA,True,26,Brad Beissner,21,39,15,38.0,36.0,183.373,33,espn_and_jugg
2024,nfl:gsis:00-0033906,16421,Alvin Kamara,RB,NO,True,15,Lee Krassner,20,40,16,29.0,50.0,169.707,12,espn_and_jugg
2024,nfl:gsis:00-0033908,16433,Cooper Kupp,WR,SEA,True,35,Ken Moller,17,44,23,46.0,32.0,150.779,49,espn_and_jugg
2024,nfl:gsis:00-0033921,16406,Chris Godwin Jr.,WR,TB,True,1,George Rodman,6,68,33,69.0,87.0,133.018,2,espn_and_jugg
2024,nfl:gsis:00-0033925,16407,D'Onta Foreman,RB,FA,False,,,0,222,64,,,49.143,1,espn
2024,nfl:gsis:00-0033943,16439,Josh Reynolds,WR,FA,False,,,0,211,81,,,74.21,,espn
2024,nfl:gsis:00-0033948,16424,Jamaal Williams,RB,FA,False,,,0,212,60,,,70.66,1,espn
2024,nfl:gsis:00-0033955,16445,Jeremy McNichols,RB,WAS,False,,,0,278,85,,,17.238,,espn
2024,nfl:gsis:00-0034173,17575,Eddy Pineiro,K,SF,False,,,0,256,15,,,107.54,,espn
2024,nfl:gsis:00-0034184,17687,Gus Edwards,RB,FA,True,2,Nate Corbett,2,106,36,128.0,123.0,132.726,1,espn_and_jugg
2024,nfl:gsis:00-0034270,17598,Tyler Conklin,TE,DET,False,,,0,165,17,157.0,194.0,73.071,,espn
2024,nfl:gsis:00-0034348,17253,Courtland Sutton,WR,DEN,False,,,4,83,40,94.0,121.0,119.125,7,espn
2024,nfl:gsis:00-0034351,17270,Dallas Goedert,TE,PHI,True,1,Brandon Martin,2,111,12,111.0,111.0,92.211,7,espn_and_jugg
2024,nfl:gsis:00-0034383,17349,Dalton Schultz,TE,HOU,False,,,1,137,16,126.0,128.0,88.418,6,espn
2024,nfl:gsis:00-0034407,17530,Ray-Ray McCloud III,WR,CHI,False,,,0,231,87,,,59.61,,espn
2024,nfl:gsis:00-0034753,17269,Mark Andrews,TE,BAL,True,9,Lee Krassner,12,51,3,45.0,48.0,133.326,26,espn_and_jugg
2024,nfl:gsis:00-0034775,17268,Christian Kirk,WR,SF,True,1,Robbie Bagwell,6,71,36,83.0,82.0,131.518,3,espn_and_jugg
2024,nfl:gsis:00-0034777,17292,DJ Chark Jr.,WR,FA,False,,,0,201,73,,,83.627,2,espn
2024,nfl:gsis:00-0034791,17246,Nick Chubb,RB,FA,True,5,Ken Moller,2,115,39,118.0,101.0,118.566,57,espn_and_jugg
2024,nfl:gsis:00-0034796,17233,Lamar Jackson,QB,BAL,True,16,George Rodman,13,49,3,34.0,35.0,364.172,27,espn_and_jugg
2024,nfl:gsis:00-0034827,17265,DJ Moore,WR,BUF,True,26,Phil Carr,24,33,19,44.0,38.0,147.636,3,espn_and_jugg
2024,nfl:gsis:00-0034829,17272,Mike Gesicki,TE,CIN,False,,,0,290,31,264.0,,53.757,,espn
2024,nfl:gsis:00-0034830,17283,Hayden Hurst,TE,FA,False,,,0,217,26,,,56.03,1,espn
2024,nfl:gsis:00-0034837,17258,Calvin Ridley,WR,TEN,True,5,George Rodman,23,34,20,57.0,85.0,139.84,10,espn_and_jugg
2024,nfl:gsis:00-0034844,17240,Saquon Barkley,RB,PHI,True,46,Julius Berotte,50,10,5,10.0,12.0,217.841,52,espn_and_jugg
2024,nfl:gsis:00-0034855,17237,Baker Mayfield,QB,TB,False,,,0,218,25,173.0,147.0,293.945,2,espn
2024,nfl:gsis:00-0034857,17298,Josh Allen,QB,BUF,True,28,Brandon Martin,22,35,1,22.0,23.0,388.206,30,espn_and_jugg
2024,nfl:gsis:00-0034869,17236,Sam Darnold,QB,SEA,False,,,0,296,32,268.0,,265.891,,espn
2024,nfl:gsis:00-0034960,18598,Jakobi Meyers,WR,JAX,False,,,2,97,47,119.0,179.0,102.939,1,espn
2024,nfl:gsis:00-0034972,18621,Alexander Mattison,RB,FA,True,1,Julius Berotte,0,213,61,,,72.1,13,espn_and_jugg
2024,nfl:gsis:00-0034975,18256,Justice Hill,RB,BAL,False,,,0,240,69,,,43.996,,espn
2024,nfl:gsis:00-0035100,18557,Jake Browning,QB,TB,False,,,0,319,40,,,27.131,,espn
2024,nfl:gsis:00-0035216,18615,Diontae Johnson,WR,FA,True,1,Robbie Bagwell,10,55,31,79.0,90.0,124.836,6,espn_and_jugg
2024,nfl:gsis:00-0035228,18600,Kyler Murray,QB,MIN,True,15,Robbie Bagwell,3,91,9,73.0,55.0,325.021,12,espn_and_jugg
2024,nfl:gsis:00-0035229,18290,T.J. Hockenson,TE,MIN,False,,,1,135,14,122.0,158.0,73.588,13,espn
2024,nfl:gsis:00-0035243,18283,Miles Sanders,RB,FA,False,,,1,159,57,,,55.426,10,espn
2024,nfl:gsis:00-0035250,18280,Devin Singletary,RB,NYG,True,1,Brandon Martin,3,88,29,103.0,96.0,137.932,3,espn_and_jugg
2024,nfl:gsis:00-0035261,18705,Tony Pollard,RB,TEN,True,8,Nate Corbett,4,80,27,89.0,88.0,145.775,52,espn_and_jugg
2024,nfl:gsis:00-0035269,18545,Matt Gay,K,LV,True,1,Ken Moller,0,238,14,211.0,219.0,127.61,5,espn_and_jugg
2024,nfl:gsis:00-0035289,18562,Gardner Minshew II,QB,ARI,False,,,0,270,31,,,198.896,,espn
2024,nfl:gsis:00-0035291,18607,Trayveon Williams,RB,DET,False,,,0,266,82,,,19.803,,espn
2024,nfl:gsis:00-0035535,18706,Darius Slayton,WR,NYG,False,,,0,209,79,,,80.35,1,espn
2024,nfl:gsis:00-0035537,18406,Ty Johnson,RB,BUF,False,,,0,239,68,,,37.868,,espn
2024,nfl:gsis:00-0035628,19111,D'Ernest Johnson,RB,TEN,False,,,0,250,79,,,18.935,,espn
2024,nfl:gsis:00-0035640,18219,DK Metcalf,WR,PIT,True,19,Robbie Bagwell,34,21,12,37.0,37.0,154.239,15,espn_and_jugg
2024,nfl:gsis:00-0035644,17527,Noah Fant,TE,NO,False,,,0,216,25,,214.0,65.255,1,espn
2024,nfl:gsis:00-0035659,18466,Terry McLaurin,WR,WAS,True,1,Ken Moller,6,70,35,75.0,72.0,127.893,3,espn_and_jugg
2024,nfl:gsis:00-0035662,18226,Hollywood Brown,WR,PHI,True,2,Ken Moller,2,108,50,131.0,109.0,112.36,2,espn_and_jugg
2024,nfl:gsis:00-0035676,18218,A.J. Brown,WR,NE,True,44,Brandon Martin,48,11,6,11.0,10.0,178.545,46,espn_and_jugg
2024,nfl:gsis:00-0035685,18239,David Montgomery,RB,HOU,True,9,Brad Beissner,5,77,24,71.0,52.0,169.519,3,espn_and_jugg
2024,nfl:gsis:00-0035689,18631,Dawson Knox,TE,BUF,False,,,0,259,28,209.0,137.0,49.306,3,espn
2024,nfl:gsis:00-0035700,18269,Josh Jacobs,RB,GB,True,33,Brad Beissner,29,28,12,33.0,29.0,193.619,45,espn_and_jugg
2024,nfl:gsis:00-0035710,18232,Daniel Jones,QB,IND,False,,,0,199,23,,,262.164,1,espn
2024,nfl:gsis:00-0035719,18244,Deebo Samuel Sr.,WR,SF,True,28,Brad Beissner,35,20,11,36.0,28.0,164.987,25,espn_and_jugg
2024,nfl:gsis:00-0035806,19627,JaMycal Hasty,RB,NE,False,,,0,276,83,,,22.269,,espn
2024,nfl:gsis:00-0036040,19562,Juwan Johnson,TE,NO,False,,,0,168,20,,,69.928,,espn
2024,nfl:gsis:00-0036139,19647,Rico Dowdle,RB,PIT,True,1,Phil Carr,1,145,49,171.0,159.0,100.632,,espn_and_jugg
2024,nfl:gsis:00-0036158,19245,J.K. Dobbins,RB,DEN,True,7,Lee Krassner,2,114,38,124.0,169.0,108.248,14,espn_and_jugg
2024,nfl:gsis:00-0036162,19760,Tyler Bass,K,BUF,True,1,Julius Berotte,,,,207.0,160.0,128.51,2,jugg_exception
2024,nfl:gsis:00-0036196,19398,Gabe Davis,WR,FA,False,,,1,131,58,153.0,196.0,105.168,3,espn
2024,nfl:gsis:00-0036212,19198,Tua Tagovailoa,QB,ATL,False,,,0,163,19,125.0,102.0,299.753,,espn
2024,nfl:gsis:00-0036223,19217,Jonathan Taylor,RB,IND,True,53,Phil Carr,51,9,4,9.0,9.0,222.423,25,espn_and_jugg
2024,nfl:gsis:00-0036244,19372,Colby Parkinson,TE,LAR,False,,,0,289,30,,,42.801,,espn
2024,nfl:gsis:00-0036251,19263,Zack Moss,RB,FA,True,3,Joey Breeland,2,113,37,116.0,99.0,136.732,3,espn_and_jugg
2024,nfl:gsis:00-0036252,19278,Michael Pittman Jr.,WR,PIT,True,8,Lee Krassner,19,42,21,25.0,44.0,134.778,1,espn_and_jugg
2024,nfl:gsis:00-0036261,19252,Brandon Aiyuk,WR,SF,True,15,Brandon Martin,30,26,15,39.0,31.0,155.17,3,espn_and_jugg
2024,nfl:gsis:00-0036264,19246,Jordan Love,QB,GB,True,9,Brad Beissner,3,92,10,72.0,68.0,323.379,,espn_and_jugg
2024,nfl:gsis:00-0036275,19210,D'Andre Swift,RB,CHI,True,11,Julius Berotte,8,62,18,56.0,74.0,144.912,4,espn_and_jugg
2024,nfl:gsis:00-0036290,19229,Cole Kmet,TE,CHI,False,,,0,193,21,164.0,173.0,74.576,1,espn
2024,nfl:gsis:00-0036309,19810,Darnell Mooney,WR,NYG,False,,,1,127,54,142.0,,96.531,9,espn
2024,nfl:gsis:00-0036322,19236,Justin Jefferson,WR,MIN,True,49,Lee Krassner,52,8,5,8.0,7.0,187.898,61,espn_and_jugg
2024,nfl:gsis:00-0036328,19624,Antonio Gibson,RB,FA,False,,,1,146,50,168.0,170.0,94.755,3,espn
2024,nfl:gsis:00-0036355,18635,Justin Herbert,QB,LAC,False,,,2,119,14,127.0,146.0,302.877,15,espn
2024,nfl:gsis:00-0036358,19202,CeeDee Lamb,WR,DAL,True,55,Brandon Martin,55,4,1,3.0,3.0,216.32,44,espn_and_jugg
2024,nfl:gsis:00-0036360,19325,Clyde Edwards-Helaire,RB,FA,False,,,0,195,58,,,49.672,1,espn
2024,nfl:gsis:00-0036389,19275,Jalen Hurts,QB,PHI,True,29,Julius Berotte,21,38,2,27.0,33.0,384.325,29,espn_and_jugg
2024,nfl:gsis:00-0036407,19201,Jerry Jeudy,WR,CLE,False,,,1,125,52,134.0,190.0,110.481,3,espn
2024,nfl:gsis:00-0036410,19211,Tee Higgins,WR,CIN,True,16,Brad Beissner,18,43,22,59.0,65.0,146.463,24,espn_and_jugg
2024,nfl:gsis:00-0036442,19196,Joe Burrow,QB,CIN,True,3,Joey Breeland,9,60,7,52.0,58.0,334.514,18,espn_and_jugg
2024,nfl:gsis:00-0036550,19794,Rashod Bateman,WR,BAL,False,,,0,205,77,,,81.517,3,espn
2024,nfl:gsis:00-0036554,20130,Nico Collins,WR,HOU,True,28,Nate Corbett,33,22,13,30.0,34.0,159.761,,espn_and_jugg
2024,nfl:gsis:00-0036555,19792,Chuba Hubbard,RB,CAR,False,,,2,116,40,135.0,171.0,106.817,2,espn
2024,nfl:gsis:00-0036613,19790,Jaylen Waddle,WR,DEN,True,18,Phil Carr,15,46,25,51.0,40.0,148.318,26,espn_and_jugg
2024,nfl:gsis:00-0036854,23297,Evan McPherson,K,CIN,False,,,1,187,7,143.0,134.0,128.66,1,espn
2024,nfl:gsis:00-0036875,22726,Rhamondre Stevenson,RB,NE,True,6,Nate Corbett,7,64,20,61.0,62.0,152.195,13,espn_and_jugg
2024,nfl:gsis:00-0036876,22841,Kylen Granson,TE,TEN,False,,,0,293,34,,,45.742,,espn
2024,nfl:gsis:00-0036893,19302,Najee Harris,RB,NYG,True,7,Julius Berotte,7,65,21,74.0,69.0,157.514,24,espn_and_jugg
2024,nfl:gsis:00-0036894,20163,Pat Freiermuth,TE,PIT,False,,,1,136,15,133.0,156.0,81.156,,espn
2024,nfl:gsis:00-0036900,19788,Ja'Marr Chase,WR,CIN,True,47,Robbie Bagwell,53,6,3,7.0,6.0,189.142,57,espn_and_jugg
2024,nfl:gsis:00-0036906,22763,Khalil Herbert,RB,SF,False,,,1,153,51,196.0,180.0,95.066,3,espn
2024,nfl:gsis:00-0036912,19222,DeVonta Smith,WR,PHI,True,11,George Rodman,17,45,24,48.0,45.0,148.946,32,espn_and_jugg
2024,nfl:gsis:00-0036919,23310,Kenny Gainwell,RB,TB,False,,,0,223,65,,,53.075,,espn
2024,nfl:gsis:00-0036945,19781,Justin Fields,QB,KC,False,,,0,302,34,230.0,135.0,75.596,20,espn
2024,nfl:gsis:00-0036963,19799,Amon-Ra St. Brown,WR,DET,True,57,Julius Berotte,53,7,4,6.0,8.0,186.06,39,espn_and_jugg
2024,nfl:gsis:00-0036970,20164,Kyle Pitts Sr.,TE,ATL,True,8,Phil Carr,6,73,6,67.0,60.0,117.266,8,espn_and_jugg
2024,nfl:gsis:00-0036971,19780,Trevor Lawrence,QB,JAX,False,,,1,134,18,140.0,130.0,310.561,6,espn
2024,nfl:gsis:00-0036973,19231,Travis Etienne Jr.,RB,NO,True,41,George Rodman,32,24,10,17.0,19.0,192.05,33,espn_and_jugg
2024,nfl:gsis:00-0036984,19425,Trey Sermon,RB,ATL,False,,,0,243,72,,,39.804,2,espn
2024,nfl:gsis:00-0036988,22845,Joshua Palmer,WR,BUF,False,,,1,141,62,165.0,189.0,105.625,,espn
2024,nfl:gsis:00-0036997,22739,Javonte Williams,RB,DAL,True,8,Phil Carr,4,79,26,76.0,92.0,143.425,3,espn_and_jugg
2024,nfl:gsis:00-0037077,23045,Sam Howell,QB,DAL,False,,,0,316,37,,,38.347,,espn
2024,nfl:gsis:00-0037120,22976,Tyler Goodson,RB,ATL,False,,,0,265,81,,,25.744,,espn
2024,nfl:gsis:00-0037197,24333,Isiah Pacheco,RB,DET,True,39,Nate Corbett,38,17,9,15.0,18.0,191.921,6,espn_and_jugg
2024,nfl:gsis:00-0037224,23901,Cameron Dicker,K,LAC,True,1,Lee Krassner,1,189,9,159.0,216.0,131.46,1,espn_and_jugg
2024,nfl:gsis:00-0037228,24209,Jaylen Warren,RB,PIT,True,2,Phil Carr,3,90,31,91.0,98.0,131.164,,espn_and_jugg
2024,nfl:gsis:00-0037238,23163,Drake London,WR,ATL,True,25,Julius Berotte,26,31,17,32.0,25.0,154.613,3,espn_and_jugg
2024,nfl:gsis:00-0037239,20111,Chris Olave,WR,NO,True,29,George Rodman,37,18,9,19.0,26.0,158.114,36,espn_and_jugg
2024,nfl:gsis:00-0037240,23677,Jameson Williams,WR,DET,True,1,Ken Moller,1,126,53,139.0,141.0,113.849,,espn_and_jugg
2024,nfl:gsis:00-0037247,22963,George Pickens,WR,DAL,True,7,Joey Breeland,14,48,27,64.0,67.0,145.253,8,espn_and_jugg
2024,nfl:gsis:00-0037248,22958,James Cook III,RB,BUF,True,29,Lee Krassner,27,30,14,31.0,41.0,186.321,4,espn_and_jugg
2024,nfl:gsis:00-0037256,23891,Rachaad White,RB,WAS,True,18,Brandon Martin,31,25,11,28.0,39.0,181.18,10,espn_and_jugg
2024,nfl:gsis:00-0037258,22947,Dameon Pierce,RB,PHI,False,,,0,241,70,,,51.439,24,espn
2024,nfl:gsis:00-0037261,23748,Khalil Shakir,WR,BUF,True,1,Phil Carr,1,129,56,154.0,151.0,104.363,,espn_and_jugg
2024,nfl:gsis:00-0037263,24172,Tyler Allgeier,RB,ARI,False,,,1,123,44,144.0,197.0,100.13,,espn
2024,nfl:gsis:00-0037267,22921,Jerome Ford,RB,WAS,True,2,Robbie Bagwell,1,121,42,120.0,122.0,124.274,,espn_and_jugg
2024,nfl:gsis:00-0037276,19471,Ty Chandler,RB,NO,False,,,2,117,41,155.0,195.0,103.649,,espn
2024,nfl:gsis:00-0037525,22969,Jordan Mason,RB,MIN,True,1,George Rodman,1,154,52,186.0,154.0,77.659,,espn_and_jugg
2024,nfl:gsis:00-0037545,24687,Rashid Shaheed,WR,SEA,False,,,1,139,60,172.0,177.0,101.392,,espn
2024,nfl:gsis:00-0037666,23770,Jalen Tolbert,WR,MIA,False,,,0,208,78,,,64.243,,espn
2024,nfl:gsis:00-0037692,26068,Brandon Aubrey,K,DAL,True,4,Phil Carr,1,182,2,101.0,81.0,138.54,,espn_and_jugg
2024,nfl:gsis:00-0037740,23072,Garrett Wilson,WR,NYJ,True,47,Nate Corbett,46,12,7,12.0,11.0,167.91,47,espn_and_jugg
2024,nfl:gsis:00-0037744,22936,Trey McBride,TE,ARI,True,19,Robbie Bagwell,10,57,5,49.0,47.0,117.33,,espn_and_jugg
2024,nfl:gsis:00-0037746,20094,Brian Robinson Jr.,RB,ATL,True,7,Joey Breeland,4,78,25,77.0,94.0,141.429,4,espn_and_jugg
2024,nfl:gsis:00-0037809,23982,Chig Okonkwo,TE,WAS,False,,,0,166,18,181.0,210.0,66.526,,espn
2024,nfl:gsis:00-0037816,23794,Romeo Doubs,WR,NE,False,,,1,150,66,175.0,182.0,101.287,,espn
2024,nfl:gsis:00-0037834,19797,Brock Purdy,QB,SF,True,1,Brandon Martin,3,93,11,80.0,84.0,322.573,,espn_and_jugg
2024,nfl:gsis:00-0037838,23781,Isaiah Likely,TE,NYG,False,,,0,258,27,203.0,148.0,66.741,,espn
2024,nfl:gsis:00-0037840,23059,Kyren Williams,RB,LAR,True,56,Robbie Bagwell,43,14,6,16.0,16.0,204.607,,espn_and_jugg
2024,nfl:gsis:00-0038040,20095,Zamir White,RB,SF,True,6,George Rodman,7,66,22,70.0,73.0,158.536,,espn_and_jugg
2024,nfl:gsis:00-0038041,22718,Jake Ferguson,TE,DAL,True,3,George Rodman,2,101,10,81.0,76.0,108.073,1,espn_and_jugg
2024,nfl:gsis:00-0038117,22985,Wan'Dale Robinson,WR,TEN,False,,,0,202,74,,,80.989,,espn
2024,nfl:gsis:00-0038120,22982,Breece Hall,RB,NYJ,True,65,Phil Carr,55,3,3,5.0,4.0,234.834,7,espn_and_jugg
2024,nfl:gsis:00-0038124,23886,Christian Watson,WR,GB,True,3,Phil Carr,6,69,34,88.0,112.0,122.778,8,espn_and_jugg
2024,nfl:gsis:00-0038129,23181,Cade Otton,TE,TB,False,,,0,215,24,,217.0,70.705,,espn
2024,nfl:gsis:00-0038134,23021,Kenneth Walker III,RB,KC,True,20,Lee Krassner,28,29,13,43.0,43.0,181.131,22,espn_and_jugg
2024,nfl:gsis:00-0038393,24354,Dontayvion Wicks,WR,PHI,False,,,1,151,67,198.0,157.0,89.446,,espn
2024,nfl:gsis:00-0038396,23075,Eric Gray,RB,NYG,False,,,0,245,74,,,39.593,,espn
2024,nfl:gsis:00-0038454,25360,Keaton Mitchell,RB,LAC,False,,,0,214,62,,,42.159,,espn
2024,nfl:gsis:00-0038542,23133,Bijan Robinson,RB,ATL,True,64,Joey Breeland,56,2,2,2.0,5.0,232.843,62,espn_and_jugg
2024,nfl:gsis:00-0038543,23070,Jaxon Smith-Njigba,WR,SEA,True,4,Joey Breeland,4,84,41,84.0,114.0,113.541,1,espn_and_jugg
2024,nfl:gsis:00-0038544,23123,Quentin Johnston,WR,LAC,False,,,0,230,86,,,70.259,,espn
2024,nfl:gsis:00-0038551,24360,Kendre Miller,RB,NO,False,,,0,221,63,,,43.772,,espn
2024,nfl:gsis:00-0038555,22908,Tank Bigsby,RB,PHI,False,,,0,226,67,,,59.364,2,espn
2024,nfl:gsis:00-0038559,25333,Michael Wilson,WR,ARI,False,,,1,148,64,271.0,,86.832,,espn
2024,nfl:gsis:00-0038562,24009,Jake Moody,K,FA,False,,,1,188,8,146.0,119.0,127.93,,espn
2024,nfl:gsis:00-0038563,25337,Tre Tucker,WR,LV,False,,,1,160,69,,,61.474,,espn
2024,nfl:gsis:00-0038579,24330,Aidan O'Connell,QB,LV,False,,,0,310,35,,,81.394,,espn
2024,nfl:gsis:00-0038597,25324,Chase Brown,RB,CIN,True,1,George Rodman,2,103,33,114.0,117.0,127.277,,espn_and_jugg
2024,nfl:gsis:00-0038619,25335,Andrei Iosivas,WR,CIN,False,,,0,229,85,,,61.736,,espn
2024,nfl:gsis:00-0038621,25304,DeMario Douglas,WR,NE,False,,,1,128,55,166.0,,96.321,,espn
2024,nfl:gsis:00-0038622,22984,Deuce Vaughn,RB,FA,False,,,0,242,71,,,29.314,1,espn
2024,nfl:gsis:00-0038705,25654,Emari Demercado,RB,KC,False,,,0,251,80,,,31.672,,espn
2024,nfl:gsis:00-0038794,25876,Jaleel McLaughlin,RB,DEN,True,2,Brad Beissner,1,143,47,158.0,178.0,93.266,,espn_and_jugg
2024,nfl:gsis:00-0038797,25885,Emanuel Wilson,RB,SEA,False,,,0,248,77,,,37.762,,espn
2024,nfl:gsis:00-0038933,25247,Dalton Kincaid,TE,BUF,True,11,Joey Breeland,5,75,8,60.0,57.0,112.951,,espn_and_jugg
2024,nfl:gsis:00-0038938,25251,Jalin Hyatt,WR,NYG,False,,,0,162,71,,,68.61,,espn
2024,nfl:gsis:00-0038976,23080,Marvin Mims Jr.,WR,DEN,False,,,0,224,82,,,72.161,,espn
2024,nfl:gsis:00-0038977,25361,Tank Dell,WR,HOU,True,6,Joey Breeland,11,52,28,66.0,61.0,143.119,,espn_and_jugg
2024,nfl:gsis:00-0038994,23107,Jordan Addison,WR,MIN,False,,,4,85,42,106.0,120.0,117.862,2,espn
2024,nfl:gsis:00-0038996,25298,Tucker Kraft,TE,GB,False,,,0,206,22,,,48.867,,espn
2024,nfl:gsis:00-0038997,24706,Josh Downs,WR,IND,False,,,0,194,72,,188.0,81.894,,espn
2024,nfl:gsis:00-0039021,25322,Roschon Johnson,RB,CHI,False,,,0,246,75,,,51.53,,espn
2024,nfl:gsis:00-0039032,25323,Tyjae Spears,RB,TEN,True,2,Robbie Bagwell,3,89,30,96.0,103.0,124.812,,espn_and_jugg
2024,nfl:gsis:00-0039040,23136,De'Von Achane,RB,MIA,True,23,Robbie Bagwell,19,41,17,40.0,24.0,184.47,,espn_and_jugg
2024,nfl:gsis:00-0039052,25331,Trey Palmer,WR,NO,False,,,0,232,88,,,49.741,,espn
2024,nfl:gsis:00-0039064,22916,Zay Flowers,WR,BAL,True,2,Brandon Martin,10,54,30,55.0,66.0,139.67,2,espn_and_jugg
2024,nfl:gsis:00-0039065,22978,Sam LaPorta,TE,DET,True,29,Ken Moller,22,36,1,35.0,30.0,134.606,,espn_and_jugg
2024,nfl:gsis:00-0039067,23113,Rashee Rice,WR,KC,True,7,Lee Krassner,11,53,29,63.0,78.0,137.623,10,espn_and_jugg
2024,nfl:gsis:00-0039075,23180,Puka Nacua,WR,LAR,True,37,Brad Beissner,45,13,8,13.0,15.0,178.15,,espn_and_jugg
2024,nfl:gsis:00-0039139,22968,Jahmyr Gibbs,RB,DET,True,47,Joey Breeland,40,16,8,14.0,14.0,193.931,33,espn_and_jugg
2024,nfl:gsis:00-0039144,25282,Luke Musgrave,TE,GB,False,,,0,207,23,210.0,206.0,70.424,,espn
2024,nfl:gsis:00-0039146,23020,Jayden Reed,WR,GB,True,2,Robbie Bagwell,4,81,38,95.0,93.0,128.042,,espn_and_jugg
2024,nfl:gsis:00-0039150,22900,Bryce Young,QB,CAR,False,,,0,198,22,191.0,,246.735,,espn
2024,nfl:gsis:00-0039152,22987,Will Levis,QB,TEN,False,,,0,200,24,193.0,149.0,271.431,,espn
2024,nfl:gsis:00-0039163,23071,C.J. Stroud,QB,HOU,True,12,Brad Beissner,9,59,6,47.0,42.0,335.807,,espn_and_jugg
2024,nfl:gsis:00-0039164,24347,Anthony Richardson Sr.,QB,IND,True,15,Lee Krassner,9,58,5,53.0,46.0,330.959,,espn_and_jugg
2024,nfl:gsis:00-0039165,23152,Zach Charbonnet,RB,SEA,False,,,1,122,43,150.0,191.0,90.537,1,espn
2024,nfl:gsis:00-0039172,26075,Jake Bates,K,DET,True,1,Nate Corbett,0,192,12,187.0,204.0,120.92,,espn_and_jugg
2024,nfl:gsis:00-0039337,25409,Malik Nabers,WR,NYG,True,10,Nate Corbett,25,32,18,41.0,56.0,141.005,,espn_and_jugg
2024,nfl:gsis:00-0039338,22955,Brock Bowers,TE,LV,True,5,Nate Corbett,2,110,11,108.0,110.0,95.091,,espn_and_jugg
2024,nfl:gsis:00-0039342,26136,Xavier Legette,WR,CAR,False,,,1,149,65,178.0,175.0,78.956,,espn
2024,nfl:gsis:00-0039344,26148,Jonathon Brooks,RB,CAR,True,2,Lee Krassner,2,105,35,123.0,118.0,113.161,,espn_and_jugg
2024,nfl:gsis:00-0039361,25981,Bucky Irving,RB,TB,False,,,1,144,48,183.0,176.0,79.762,,espn
2024,nfl:gsis:00-0039363,26392,Isaac Guerendo,RB,SF,False,,,0,277,84,,,39.554,,espn
2024,nfl:gsis:00-0039373,23054,Audric Estime,RB,NO,False,,,0,244,73,,,48.805,,espn
2024,nfl:gsis:00-0039384,22980,Tyrone Tracy Jr.,RB,NYG,False,,,1,156,54,,,69.198,,espn
2024,nfl:gsis:00-0039732,22910,Bo Nix,QB,DEN,False,,,0,220,27,180.0,132.0,246.532,,espn
2024,nfl:gsis:00-0039738,23013,Blake Corum,RB,LAR,True,2,Nate Corbett,1,124,45,151.0,144.0,103.183,,espn_and_jugg
2024,nfl:gsis:00-0039794,24346,Braelon Allen,RB,NYJ,False,,,0,225,66,,,68.552,,espn
2024,nfl:gsis:00-0039798,25977,Isaiah Davis,RB,NYJ,False,,,0,247,76,,,29.084,,espn
2024,nfl:gsis:00-0039811,23118,MarShawn Lloyd,RB,GB,False,,,1,158,56,,166.0,76.754,,espn
2024,nfl:gsis:00-0039847,23104,Theo Johnson,TE,NYG,False,,,0,292,33,,,47.366,,espn
2024,nfl:gsis:00-0039849,23064,Marvin Harrison Jr.,WR,ARI,True,23,Joey Breeland,32,23,14,20.0,17.0,155.546,,espn_and_jugg
2024,nfl:gsis:00-0039851,23046,Drake Maye,QB,NE,False,,,0,269,30,235.0,,175.72,,espn
2024,nfl:gsis:00-0039855,23179,Jalen McMillan,WR,TB,False,,,0,210,80,,,71.475,,espn
2024,nfl:gsis:00-0039868,23092,Troy Franklin,WR,DEN,False,,,0,233,89,,,59.445,,espn
2024,nfl:gsis:00-0039874,25987,Jaylen Wright,RB,MIA,False,,,1,155,53,188.0,174.0,53.682,,espn
2024,nfl:gsis:00-0039875,26191,Ray Davis,RB,BUF,False,,,1,157,55,,152.0,73.878,,espn
2024,nfl:gsis:00-0039890,24357,Adonai Mitchell,WR,NYJ,True,1,Julius Berotte,1,147,63,174.0,200.0,87.237,,espn_and_jugg
2024,nfl:gsis:00-0039893,23000,Brian Thomas Jr.,WR,JAX,True,1,Phil Carr,2,96,46,113.0,116.0,113.004,,espn_and_jugg
2024,nfl:gsis:00-0039894,23019,Xavier Worthy,WR,KC,True,9,Julius Berotte,4,82,39,87.0,107.0,119.794,,espn_and_jugg
2024,nfl:gsis:00-0039901,26019,Keon Coleman,WR,BUF,False,,,3,94,44,105.0,142.0,102.714,,espn
2024,nfl:gsis:00-0039907,26205,Ja'Lynn Polk,WR,FA,False,,,1,130,57,170.0,183.0,90.632,,espn
2024,nfl:gsis:00-0039910,22902,Jayden Daniels,QB,WAS,True,6,Ken Moller,2,99,12,99.0,95.0,310.535,,espn_and_jugg
2024,nfl:gsis:00-0039912,26310,Ben Sinnott,TE,WAS,False,,,0,291,32,,203.0,49.516,,espn
2024,nfl:gsis:00-0039915,26122,Ladd McConkey,WR,LAC,False,,,3,95,45,110.0,133.0,111.01,,espn
2024,nfl:gsis:00-0039917,22973,Michael Penix Jr.,QB,ATL,False,,,0,315,36,348.0,,28.186,,espn
2024,nfl:gsis:00-0039918,23084,Caleb Williams,QB,CHI,False,,,1,132,16,115.0,105.0,312.062,,espn
2024,nfl:gsis:00-0039919,25411,Rome Odunze,WR,CHI,True,2,Nate Corbett,4,86,43,98.0,97.0,116.08,,espn_and_jugg
2024,nfl:gsis:00-0039920,26023,Malachi Corley,WR,CLE,False,,,0,234,90,,,56.892,,espn
2024,nfl:gsis:00-0039921,25388,Trey Benson,RB,ARI,True,1,Ken Moller,1,142,46,156.0,131.0,97.465,,espn_and_jugg
2025,nfl:def:ARI,8000,Arizona Cardinals,DEF,ARI,True,1,Joey Breeland,,,,195.0,220.0,101.68,,jugg_exception
2025,nfl:def:BAL,8020,Baltimore Ravens,DEF,BAL,True,1,George Rodman,1,172,4,105.0,112.0,116.76,1,espn_and_jugg
2025,nfl:def:BUF,8030,Buffalo Bills,DEF,BUF,True,2,Brad Beissner,0,180,12,155.0,198.0,117.91,1,espn_and_jugg
2025,nfl:def:DAL,8080,Dallas Cowboys,DEF,DAL,True,1,Phil Carr,,,,205.0,205.0,106.61,2,jugg_exception
2025,nfl:def:DEN,8090,Denver Broncos,DEF,DEN,True,2,Lee Krassner,1,170,2,92.0,94.0,118.31,1,espn_and_jugg
2025,nfl:def:DET,8100,Detroit Lions,DEF,DET,True,1,Robbie Bagwell,1,175,7,131.0,175.0,106.92,,espn_and_jugg
2025,nfl:def:GB,8110,Green Bay Packers,DEF,GB,False,,,1,178,10,161.0,202.0,112.61,,espn
2025,nfl:def:HOU,8120,Houston Texans,DEF,HOU,True,10,Nate Corbett,1,171,3,104.0,189.0,116.99,1,espn_and_jugg
2025,nfl:def:IND,8130,Indianapolis Colts,DEF,IND,False,,,1,177,9,174.0,,99.65,1,espn
2025,nfl:def:MIN,8170,Minnesota Vikings,DEF,MIN,True,2,Ken Moller,1,173,5,122.0,140.0,110.52,,espn_and_jugg
2025,nfl:def:NE,8180,New England Patriots,DEF,NE,False,,,1,176,8,153.0,206.0,88.44,1,espn
2025,nfl:def:NYG,8200,New York Giants,DEF,NYG,False,,,0,236,14,197.0,192.0,109.59,,espn
2025,nfl:def:NYJ,8210,New York Jets,DEF,NYJ,False,,,0,235,13,200.0,224.0,102.69,2,espn
2025,nfl:def:PHI,8230,Philadelphia Eagles,DEF,PHI,True,1,Brandon Martin,0,179,11,133.0,90.0,116.3,1,espn_and_jugg
2025,nfl:def:PIT,8240,Pittsburgh Steelers,DEF,PIT,True,2,Julius Berotte,1,169,1,89.0,115.0,112.83,1,espn_and_jugg
2025,nfl:def:SEA,8260,Seattle Seahawks,DEF,SEA,False,,,1,174,6,143.0,218.0,103.25,1,espn
2025,nfl:def:TB,8290,Tampa Bay Buccaneers,DEF,TB,False,,,0,254,15,192.0,191.0,102.91,23,espn
2025,nfl:gsis:00-0023459,9001,Aaron Rodgers,QB,PIT,False,,,0,268,29,190.0,125.0,259.646,1,espn
2025,nfl:gsis:00-0025565,9491,Nick Folk,K,ATL,False,,,0,238,14,,,112.42,4,espn
2025,nfl:gsis:00-0026158,9300,Joe Flacco,QB,CIN,False,,,0,270,31,253.0,,169.168,1,espn
2025,nfl:gsis:00-0026498,9451,Matthew Stafford,QB,LAR,False,,,1,145,21,162.0,145.0,285.219,1,espn
2025,nfl:gsis:00-0029263,11180,Russell Wilson,QB,FA,False,,,0,269,30,238.0,,208.848,6,espn
2025,nfl:gsis:00-0029604,11177,Kirk Cousins,QB,LV,False,,,0,319,40,229.0,,7.997,1,espn
2025,nfl:gsis:00-0029822,13274,Brandon McManus,K,FA,False,,,0,256,15,215.0,184.0,127.66,1,espn
2025,nfl:gsis:00-0029892,11798,Kyle Juszczyk,RB,SF,False,,,0,278,85,,,22.399,,espn
2025,nfl:gsis:00-0030035,13429,Adam Thielen,WR,FA,False,,,0,197,72,178.0,156.0,71.599,2,espn
2025,nfl:gsis:00-0030061,11689,Zach Ertz,TE,FA,False,,,0,165,18,156.0,147.0,84.732,1,espn
2025,nfl:gsis:00-0030279,11616,Keenan Allen,WR,IND,False,,,2,109,51,120.0,171.0,91.585,4,espn
2025,nfl:gsis:00-0030506,11594,Travis Kelce,TE,KC,True,4,Lee Krassner,4,85,8,56.0,58.0,107.61,31,espn_and_jugg
2025,nfl:gsis:00-0030564,11606,DeAndre Hopkins,WR,BAL,False,,,0,201,73,,154.0,68.258,12,espn
2025,nfl:gsis:00-0030565,11687,Geno Smith,QB,NYJ,False,,,0,219,26,203.0,148.0,283.315,,espn
2025,nfl:gsis:00-0031136,13029,Chris Boswell,K,PIT,False,,,1,187,7,146.0,195.0,126.15,1,espn
2025,nfl:gsis:00-0031203,13731,Cairo Santos,K,CHI,False,,,1,189,9,177.0,,117.26,,espn
2025,nfl:gsis:00-0031345,12208,Jimmy Garoppolo,QB,LAR,False,,,0,318,39,301.0,,15.741,,espn
2025,nfl:gsis:00-0031381,12123,Davante Adams,WR,LAR,True,6,Brandon Martin,31,25,12,34.0,44.0,158.626,31,espn_and_jugg
2025,nfl:gsis:00-0031408,12119,Mike Evans,WR,SF,True,30,George Rodman,13,50,22,46.0,34.0,166.173,26,espn_and_jugg
2025,nfl:gsis:00-0031544,13894,Amari Cooper,WR,LV,False,,,0,163,68,,,,11,espn
2025,nfl:gsis:00-0031588,13981,Stefon Diggs,WR,WAS,True,2,Ken Moller,2,100,46,88.0,93.0,117.945,14,espn_and_jugg
2025,nfl:gsis:00-0031610,14104,Darren Waller,TE,CAR,False,,,0,168,21,188.0,194.0,72.699,9,espn
2025,nfl:gsis:00-0031687,14338,Raheem Mostert,RB,LV,True,1,Julius Berotte,0,246,75,,,56.156,5,espn_and_jugg
2025,nfl:gsis:00-0032211,13971,Tyler Lockett,WR,LV,False,,,0,224,82,,,77.029,3,espn
2025,nfl:gsis:00-0032726,15756,Ka'imi Fairbairn,K,HOU,True,1,Joey Breeland,0,192,12,183.0,200.0,127.76,1,espn_and_jugg
2025,nfl:gsis:00-0032764,15514,Derrick Henry,RB,BAL,True,58,George Rodman,50,10,5,12.0,8.0,255.818,51,espn_and_jugg
2025,nfl:gsis:00-0033040,15802,Tyreek Hill,WR,FA,True,28,Julius Berotte,30,26,13,31.0,36.0,167.22,64,espn_and_jugg
2025,nfl:gsis:00-0033077,15600,Dak Prescott,QB,DAL,True,5,Lee Krassner,2,106,14,99.0,81.0,318.859,9,espn_and_jugg
2025,nfl:gsis:00-0033090,15561,Hunter Henry,TE,NE,False,,,1,129,15,154.0,136.0,79.311,1,espn
2025,nfl:gsis:00-0033106,15501,Jared Goff,QB,DET,False,,,1,143,19,128.0,107.0,314.85,1,espn
2025,nfl:gsis:00-0033110,15623,Tyler Higbee,TE,LAR,False,,,0,260,29,,,64.174,5,espn
2025,nfl:gsis:00-0033280,16393,Christian McCaffrey,RB,SF,True,66,Brad Beissner,53,6,4,7.0,7.0,232.962,73,espn_and_jugg
2025,nfl:gsis:00-0033288,16499,George Kittle,TE,SF,True,22,Brad Beissner,20,40,3,36.0,29.0,144.799,9,espn_and_jugg
2025,nfl:gsis:00-0033293,16673,Aaron Jones Sr.,RB,MIN,True,6,Ken Moller,4,80,27,70.0,73.0,158.553,10,espn_and_jugg
2025,nfl:gsis:00-0033303,16712,Harrison Butker,K,KC,False,,,1,188,8,147.0,203.0,128.31,3,espn
2025,nfl:gsis:00-0033526,16423,Samaje Perine,RB,CIN,False,,,0,239,68,,,48.501,2,espn
2025,nfl:gsis:00-0033553,16447,James Conner,RB,ARI,True,10,Joey Breeland,19,41,16,45.0,46.0,189.829,8,espn_and_jugg
2025,nfl:gsis:00-0033591,16443,Noah Brown,WR,LV,False,,,0,211,81,,,56.25,,espn
2025,nfl:gsis:00-0033699,16483,Austin Ekeler,RB,WAS,False,,,3,92,32,,,,1,espn
2025,nfl:gsis:00-0033702,16910,Younghoe Koo,K,FA,True,1,George Rodman,,,,194.0,204.0,125.98,2,jugg_exception
2025,nfl:gsis:00-0033787,16540,Jake Elliott,K,PHI,True,1,Julius Berotte,1,186,6,141.0,214.0,134.25,1,espn_and_jugg
2025,nfl:gsis:00-0033858,16460,Jonnu Smith,TE,FA,False,,,0,166,19,187.0,133.0,74.371,,espn
2025,nfl:gsis:00-0033873,16413,Patrick Mahomes II,QB,KC,True,9,Brandon Martin,8,62,6,42.0,48.0,358.442,23,espn_and_jugg
2025,nfl:gsis:00-0033881,16411,Evan Engram,TE,DEN,True,1,George Rodman,4,86,9,80.0,78.0,86.211,6,espn_and_jugg
2025,nfl:gsis:00-0033885,16399,David Njoku,TE,LAC,True,1,Brandon Martin,4,84,7,72.0,80.0,101.62,6,espn_and_jugg
2025,nfl:gsis:00-0033897,16420,Joe Mixon,RB,FA,True,2,Lee Krassner,1,148,51,145.0,83.0,111.363,26,espn_and_jugg
2025,nfl:gsis:00-0033906,16421,Alvin Kamara,RB,NO,True,14,Nate Corbett,19,42,17,38.0,43.0,179.635,15,espn_and_jugg
2025,nfl:gsis:00-0033908,16433,Cooper Kupp,WR,SEA,True,1,Julius Berotte,2,96,42,91.0,121.0,118.122,35,espn_and_jugg
2025,nfl:gsis:00-0033921,16406,Chris Godwin Jr.,WR,TB,True,1,Joey Breeland,2,102,48,113.0,111.0,108.97,1,espn_and_jugg
2025,nfl:gsis:00-0033923,16425,Kareem Hunt,RB,FA,False,,,0,222,64,265.0,150.0,71.809,7,espn
2025,nfl:gsis:00-0033943,16439,Josh Reynolds,WR,FA,False,,,0,205,77,,,67.366,,espn
2025,nfl:gsis:00-0034348,17253,Courtland Sutton,WR,DEN,True,15,Joey Breeland,10,54,25,58.0,63.0,145.559,7,espn_and_jugg
2025,nfl:gsis:00-0034351,17270,Dallas Goedert,TE,PHI,False,,,1,127,13,127.0,119.0,85.86,1,espn
2025,nfl:gsis:00-0034383,17349,Dalton Schultz,TE,HOU,False,,,0,216,25,354.0,143.0,68.62,6,espn
2025,nfl:gsis:00-0034407,17530,Ray-Ray McCloud III,WR,CHI,False,,,0,208,78,,,66.784,,espn
2025,nfl:gsis:00-0034521,17301,Allen Lazard,WR,FA,False,,,0,232,88,,,50.028,7,espn
2025,nfl:gsis:00-0034753,17269,Mark Andrews,TE,BAL,True,4,Julius Berotte,4,83,6,71.0,60.0,114.507,9,espn_and_jugg
2025,nfl:gsis:00-0034775,17268,Christian Kirk,WR,SF,False,,,1,154,62,179.0,185.0,90.648,1,espn
2025,nfl:gsis:00-0034791,17246,Nick Chubb,RB,FA,False,,,2,116,38,121.0,134.0,98.854,5,espn
2025,nfl:gsis:00-0034796,17233,Lamar Jackson,QB,BAL,True,38,Julius Berotte,28,29,2,23.0,22.0,404.628,16,espn_and_jugg
2025,nfl:gsis:00-0034827,17265,DJ Moore,WR,BUF,True,2,Lee Krassner,10,56,27,55.0,61.0,143.831,26,espn_and_jugg
2025,nfl:gsis:00-0034829,17272,Mike Gesicki,TE,CIN,False,,,0,289,30,325.0,163.0,69.788,,espn
2025,nfl:gsis:00-0034837,17258,Calvin Ridley,WR,TEN,True,2,George Rodman,12,51,23,62.0,72.0,143.984,5,espn_and_jugg
2025,nfl:gsis:00-0034844,17240,Saquon Barkley,RB,PHI,True,67,Brandon Martin,55,4,2,3.0,3.0,278.27,46,espn_and_jugg
2025,nfl:gsis:00-0034855,17237,Baker Mayfield,QB,TB,True,3,George Rodman,8,63,7,52.0,70.0,351.165,2,espn_and_jugg
2025,nfl:gsis:00-0034857,17298,Josh Allen,QB,BUF,True,38,Nate Corbett,29,28,1,19.0,23.0,405.62,28,espn_and_jugg
2025,nfl:gsis:00-0034869,17236,Sam Darnold,QB,SEA,False,,,0,220,27,199.0,138.0,275.467,,espn
2025,nfl:gsis:00-0034960,18598,Jakobi Meyers,WR,JAX,True,1,Brandon Martin,5,76,38,83.0,95.0,120.171,1,espn_and_jugg
2025,nfl:gsis:00-0034975,18256,Justice Hill,RB,BAL,False,,,0,196,59,,,56.583,,espn
2025,nfl:gsis:00-0035228,18600,Kyler Murray,QB,MIN,True,2,Brad Beissner,3,88,9,77.0,91.0,340.129,15,espn_and_jugg
2025,nfl:gsis:00-0035229,18290,T.J. Hockenson,TE,MIN,True,6,Brandon Martin,6,69,5,57.0,56.0,102.732,13,espn_and_jugg
2025,nfl:gsis:00-0035243,18283,Miles Sanders,RB,FA,False,,,0,214,62,,,53.724,10,espn
2025,nfl:gsis:00-0035261,18705,Tony Pollard,RB,TEN,True,4,Nate Corbett,6,68,23,63.0,54.0,171.633,8,espn_and_jugg
2025,nfl:gsis:00-0035269,18545,Matt Gay,K,LV,True,1,Brandon Martin,0,191,11,182.0,216.0,137.21,1,espn_and_jugg
2025,nfl:gsis:00-0035358,19058,Chase McLaughlin,K,TB,False,,,1,182,2,115.0,223.0,136.58,,espn
2025,nfl:gsis:00-0035535,18706,Darius Slayton,WR,NYG,False,,,0,193,70,,,69.184,1,espn
2025,nfl:gsis:00-0035537,18406,Ty Johnson,RB,BUF,False,,,0,242,71,,,51.344,,espn
2025,nfl:gsis:00-0035640,18219,DK Metcalf,WR,PIT,True,5,Phil Carr,22,35,16,43.0,49.0,155.908,19,espn_and_jugg
2025,nfl:gsis:00-0035644,17527,Noah Fant,TE,NO,False,,,0,293,34,,,52.681,1,espn
2025,nfl:gsis:00-0035659,18466,Terry McLaurin,WR,WAS,True,10,Brad Beissner,30,27,14,35.0,40.0,160.46,1,espn_and_jugg
2025,nfl:gsis:00-0035662,18226,Hollywood Brown,WR,PHI,False,,,1,137,56,164.0,161.0,94.27,2,espn
2025,nfl:gsis:00-0035676,18218,A.J. Brown,WR,NE,True,37,Brad Beissner,42,15,9,16.0,20.0,172.722,44,espn_and_jugg
2025,nfl:gsis:00-0035685,18239,David Montgomery,RB,HOU,True,5,George Rodman,7,67,22,60.0,51.0,167.134,9,espn_and_jugg
2025,nfl:gsis:00-0035700,18269,Josh Jacobs,RB,GB,True,44,Brandon Martin,37,18,8,18.0,15.0,229.541,33,espn_and_jugg
2025,nfl:gsis:00-0035710,18232,Daniel Jones,QB,IND,False,,,0,267,28,,,245.91,1,espn
2025,nfl:gsis:00-0035719,18244,Deebo Samuel Sr.,WR,SF,True,3,Ken Moller,4,78,40,96.0,98.0,132.04,28,espn_and_jugg
2025,nfl:gsis:00-0036040,19562,Juwan Johnson,TE,NO,False,,,0,291,32,,,67.422,,espn
2025,nfl:gsis:00-0036139,19647,Rico Dowdle,RB,PIT,False,,,0,213,61,,166.0,76.006,1,espn
2025,nfl:gsis:00-0036158,19245,J.K. Dobbins,RB,DEN,True,10,Brad Beissner,3,90,30,97.0,100.0,117.976,7,espn_and_jugg
2025,nfl:gsis:00-0036162,19760,Tyler Bass,K,BUF,True,1,Brad Beissner,1,185,5,138.0,209.0,133.37,1,espn_and_jugg
2025,nfl:gsis:00-0036182,19747,Nick Westbrook-Ikhine,WR,IND,False,,,0,194,71,,,64.666,,espn
2025,nfl:gsis:00-0036212,19198,Tua Tagovailoa,QB,ATL,True,1,Julius Berotte,1,144,20,166.0,142.0,287.644,,espn_and_jugg
2025,nfl:gsis:00-0036223,19217,Jonathan Taylor,RB,IND,True,37,Robbie Bagwell,38,17,7,15.0,18.0,230.345,53,espn_and_jugg
2025,nfl:gsis:00-0036252,19278,Michael Pittman Jr.,WR,PIT,False,,,2,99,45,94.0,149.0,112.175,8,espn
2025,nfl:gsis:00-0036259,19590,Jauan Jennings,WR,MIN,True,1,Brandon Martin,2,97,43,114.0,103.0,116.165,,espn_and_jugg
2025,nfl:gsis:00-0036261,19252,Brandon Aiyuk,WR,SF,False,,,1,155,63,171.0,181.0,89.953,15,espn
2025,nfl:gsis:00-0036264,19246,Jordan Love,QB,GB,False,,,1,122,16,124.0,117.0,304.399,9,espn
2025,nfl:gsis:00-0036275,19210,D'Andre Swift,RB,CHI,True,7,Lee Krassner,11,52,21,53.0,67.0,166.655,11,espn_and_jugg
2025,nfl:gsis:00-0036309,19810,Darnell Mooney,WR,NYG,False,,,2,110,52,140.0,201.0,113.146,9,espn
2025,nfl:gsis:00-0036322,19236,Justin Jefferson,WR,MIN,True,54,George Rodman,55,3,2,4.0,5.0,200.191,49,espn_and_jugg
2025,nfl:gsis:00-0036355,18635,Justin Herbert,QB,LAC,False,,,2,103,11,93.0,105.0,315.241,15,espn
2025,nfl:gsis:00-0036358,19202,CeeDee Lamb,WR,DAL,True,62,Lee Krassner,53,7,3,6.0,6.0,193.981,55,espn_and_jugg
2025,nfl:gsis:00-0036389,19275,Jalen Hurts,QB,PHI,True,29,Robbie Bagwell,26,31,4,28.0,32.0,382.282,29,espn_and_jugg
2025,nfl:gsis:00-0036407,19201,Jerry Jeudy,WR,CLE,True,3,Joey Breeland,7,65,33,68.0,88.0,136.875,3,espn_and_jugg
2025,nfl:gsis:00-0036410,19211,Tee Higgins,WR,CIN,True,36,Julius Berotte,40,16,10,26.0,30.0,161.35,16,espn_and_jugg
2025,nfl:gsis:00-0036442,19196,Joe Burrow,QB,CIN,True,27,Ken Moller,21,39,5,33.0,42.0,376.138,3,espn_and_jugg
2025,nfl:gsis:00-0036550,19794,Rashod Bateman,WR,BAL,True,1,Julius Berotte,1,152,60,173.0,188.0,106.209,3,espn_and_jugg
2025,nfl:gsis:00-0036554,20130,Nico Collins,WR,HOU,True,42,Brad Beissner,45,13,7,13.0,9.0,184.502,28,espn_and_jugg
2025,nfl:gsis:00-0036555,19792,Chuba Hubbard,RB,CAR,True,19,Ken Moller,21,38,15,40.0,41.0,187.651,2,espn_and_jugg
2025,nfl:gsis:00-0036567,22813,Elijah Mitchell,RB,FA,False,,,0,245,74,,,35.851,4,espn
2025,nfl:gsis:00-0036613,19790,Jaylen Waddle,WR,DEN,True,2,Phil Carr,9,58,29,65.0,62.0,130.43,18,espn_and_jugg
2025,nfl:gsis:00-0036626,20113,Dyami Brown,WR,WAS,False,,,0,209,79,,,60.4,,espn
2025,nfl:gsis:00-0036849,20126,Tutu Atwell,WR,MIA,False,,,0,204,76,,,66.45,1,espn
2025,nfl:gsis:00-0036854,23297,Evan McPherson,K,CIN,True,1,Robbie Bagwell,,,,198.0,219.0,125.56,1,jugg_exception
2025,nfl:gsis:00-0036875,22726,Rhamondre Stevenson,RB,NE,True,1,Brad Beissner,3,91,31,103.0,123.0,113.243,6,espn_and_jugg
2025,nfl:gsis:00-0036893,19302,Najee Harris,RB,NYG,True,1,Julius Berotte,1,135,48,159.0,132.0,86.86,7,espn_and_jugg
2025,nfl:gsis:00-0036894,20163,Pat Freiermuth,TE,PIT,False,,,0,258,27,196.0,155.0,67.383,,espn
2025,nfl:gsis:00-0036900,19788,Ja'Marr Chase,WR,CIN,True,71,Ken Moller,57,1,1,1.0,1.0,231.678,47,espn_and_jugg
2025,nfl:gsis:00-0036912,19222,DeVonta Smith,WR,PHI,True,6,Nate Corbett,10,57,28,61.0,50.0,138.904,11,espn_and_jugg
2025,nfl:gsis:00-0036919,23310,Kenny Gainwell,RB,TB,False,,,0,240,69,,,43.325,,espn
2025,nfl:gsis:00-0036945,19781,Justin Fields,QB,KC,True,2,Lee Krassner,1,121,15,126.0,89.0,318.487,20,espn_and_jugg
2025,nfl:gsis:00-0036963,19799,Amon-Ra St. Brown,WR,DET,True,51,Nate Corbett,48,11,6,9.0,10.0,178.08,57,espn_and_jugg
2025,nfl:gsis:00-0036970,20164,Kyle Pitts Sr.,TE,ATL,True,3,Nate Corbett,1,141,16,142.0,146.0,90.177,8,espn_and_jugg
2025,nfl:gsis:00-0036971,19780,Trevor Lawrence,QB,JAX,True,1,Brandon Martin,0,198,22,170.0,162.0,298.603,6,espn_and_jugg
2025,nfl:gsis:00-0036973,19231,Travis Etienne Jr.,RB,NO,True,1,Julius Berotte,2,117,39,116.0,104.0,112.368,41,espn_and_jugg
2025,nfl:gsis:00-0036988,22845,Joshua Palmer,WR,BUF,False,,,1,156,64,,167.0,84.578,,espn
2025,nfl:gsis:00-0036997,22739,Javonte Williams,RB,DAL,True,3,Lee Krassner,3,93,33,102.0,141.0,116.611,8,espn_and_jugg
2025,nfl:gsis:00-0037197,24333,Isiah Pacheco,RB,DET,True,17,Julius Berotte,6,71,25,64.0,64.0,149.657,39,espn_and_jugg
2025,nfl:gsis:00-0037224,23901,Cameron Dicker,K,LAC,True,3,Lee Krassner,1,183,3,118.0,122.0,131.3,1,espn_and_jugg
2025,nfl:gsis:00-0037228,24209,Jaylen Warren,RB,PIT,True,1,George Rodman,4,82,29,84.0,84.0,129.132,2,espn_and_jugg
2025,nfl:gsis:00-0037238,23163,Drake London,WR,ATL,True,41,Robbie Bagwell,32,24,11,21.0,16.0,171.314,25,espn_and_jugg
2025,nfl:gsis:00-0037239,20111,Chris Olave,WR,NO,True,2,Brad Beissner,5,77,39,85.0,76.0,118.525,29,espn_and_jugg
2025,nfl:gsis:00-0037240,23677,Jameson Williams,WR,DET,True,9,Robbie Bagwell,10,55,26,66.0,66.0,147.89,1,espn_and_jugg
2025,nfl:gsis:00-0037247,22963,George Pickens,WR,DAL,True,5,Nate Corbett,9,60,31,69.0,52.0,139.44,7,espn_and_jugg
2025,nfl:gsis:00-0037248,22958,James Cook III,RB,BUF,True,33,George Rodman,24,33,13,32.0,31.0,202.059,29,espn_and_jugg
2025,nfl:gsis:00-0037256,23891,Rachaad White,RB,WAS,False,,,1,131,44,151.0,180.0,95.269,18,espn
2025,nfl:gsis:00-0037258,22947,Dameon Pierce,RB,PHI,False,,,0,161,56,,,29.896,24,espn
2025,nfl:gsis:00-0037261,23748,Khalil Shakir,WR,BUF,False,,,2,101,47,110.0,129.0,108.709,1,espn
2025,nfl:gsis:00-0037263,24172,Tyler Allgeier,RB,ARI,False,,,1,132,45,163.0,190.0,86.406,,espn
2025,nfl:gsis:00-0037267,22921,Jerome Ford,RB,WAS,False,,,1,130,43,139.0,178.0,106.317,2,espn
2025,nfl:gsis:00-0037525,22969,Jordan Mason,RB,MIN,True,1,Phil Carr,3,95,35,119.0,85.0,117.164,1,espn_and_jugg
2025,nfl:gsis:00-0037545,24687,Rashid Shaheed,WR,SEA,False,,,2,111,53,135.0,160.0,115.437,,espn
2025,nfl:gsis:00-0037692,26068,Brandon Aubrey,K,DAL,True,5,Nate Corbett,1,184,4,107.0,97.0,140.1,4,espn_and_jugg
2025,nfl:gsis:00-0037740,23072,Garrett Wilson,WR,NYJ,True,11,Lee Krassner,13,49,21,41.0,38.0,143.554,47,espn_and_jugg
2025,nfl:gsis:00-0037744,22936,Trey McBride,TE,ARI,True,30,Ken Moller,34,21,2,25.0,27.0,139.098,19,espn_and_jugg
2025,nfl:gsis:00-0037746,20094,Brian Robinson Jr.,RB,ATL,True,2,Ken Moller,0,195,58,168.0,92.0,70.445,7,espn_and_jugg
2025,nfl:gsis:00-0037801,18520,KaVontae Turpin,WR,DAL,False,,,0,231,87,,,47.638,,espn
2025,nfl:gsis:00-0037809,23982,Chig Okonkwo,TE,WAS,False,,,0,215,24,,139.0,73.968,,espn
2025,nfl:gsis:00-0037816,23794,Romeo Doubs,WR,NE,False,,,1,157,65,223.0,,84.49,,espn
2025,nfl:gsis:00-0037834,19797,Brock Purdy,QB,SF,False,,,3,89,10,78.0,69.0,337.32,1,espn
2025,nfl:gsis:00-0037837,23739,Calvin Austin III,WR,NYG,False,,,0,210,80,,,75.986,,espn
2025,nfl:gsis:00-0037838,23781,Isaiah Likely,TE,NYG,False,,,0,290,31,202.0,173.0,73.194,,espn
2025,nfl:gsis:00-0037840,23059,Kyren Williams,RB,LAR,True,37,Lee Krassner,33,22,10,29.0,26.0,221.264,56,espn_and_jugg
2025,nfl:gsis:00-0038041,22718,Jake Ferguson,TE,DAL,True,1,Phil Carr,1,142,17,137.0,114.0,82.456,3,espn_and_jugg
2025,nfl:gsis:00-0038117,22985,Wan'Dale Robinson,WR,TEN,False,,,1,139,58,169.0,,82.248,,espn
2025,nfl:gsis:00-0038120,22982,Breece Hall,RB,NYJ,True,21,Brandon Martin,17,45,20,51.0,45.0,178.681,65,espn_and_jugg
2025,nfl:gsis:00-0038124,23886,Christian Watson,WR,GB,False,,,0,228,84,,,50.21,3,espn
2025,nfl:gsis:00-0038129,23181,Cade Otton,TE,TB,False,,,0,206,22,243.0,157.0,75.315,,espn
2025,nfl:gsis:00-0038134,23021,Kenneth Walker III,RB,KC,True,24,Nate Corbett,17,44,19,47.0,39.0,178.42,20,espn_and_jugg
2025,nfl:gsis:00-0038454,25360,Keaton Mitchell,RB,LAC,False,,,0,277,84,,,54.033,,espn
2025,nfl:gsis:00-0038542,23133,Bijan Robinson,RB,ATL,True,68,Julius Berotte,56,2,1,2.0,2.0,266.064,64,espn_and_jugg
2025,nfl:gsis:00-0038543,23070,Jaxon Smith-Njigba,WR,SEA,True,23,Joey Breeland,15,46,18,37.0,33.0,151.578,4,espn_and_jugg
2025,nfl:gsis:00-0038544,23123,Quentin Johnston,WR,LAC,False,,,0,227,83,,,69.85,,espn
2025,nfl:gsis:00-0038551,24360,Kendre Miller,RB,NO,False,,,0,162,57,,,73.074,,espn
2025,nfl:gsis:00-0038555,22908,Tank Bigsby,RB,PHI,True,1,Nate Corbett,2,115,37,134.0,113.0,98.321,2,espn_and_jugg
2025,nfl:gsis:00-0038559,25333,Michael Wilson,WR,ARI,False,,,1,159,67,,,78.618,,espn
2025,nfl:gsis:00-0038597,25324,Chase Brown,RB,CIN,True,46,Lee Krassner,25,32,12,24.0,24.0,208.583,1,espn_and_jugg
2025,nfl:gsis:00-0038611,22986,Chris Rodriguez Jr.,RB,JAX,False,,,0,249,78,,,53.565,,espn
2025,nfl:gsis:00-0038619,25335,Andrei Iosivas,WR,CIN,False,,,0,234,90,,,59.736,,espn
2025,nfl:gsis:00-0038621,25304,DeMario Douglas,WR,NE,False,,,1,153,61,201.0,,87.032,,espn
2025,nfl:gsis:00-0038705,25654,Emari Demercado,RB,KC,False,,,0,265,81,,,19.168,,espn
2025,nfl:gsis:00-0038797,25885,Emanuel Wilson,RB,SEA,False,,,0,250,79,,,36.788,,espn
2025,nfl:gsis:00-0038933,25247,Dalton Kincaid,TE,BUF,False,,,1,128,14,129.0,118.0,83.579,11,espn
2025,nfl:gsis:00-0038935,25345,Brenton Strange,TE,JAX,False,,,0,167,20,193.0,196.0,74.883,,espn
2025,nfl:gsis:00-0038951,23679,Sean Tucker,RB,TB,False,,,0,251,80,,,36.302,,espn
2025,nfl:gsis:00-0038976,23080,Marvin Mims Jr.,WR,DEN,False,,,1,140,59,165.0,193.0,106.689,,espn
2025,nfl:gsis:00-0038979,25287,Cedric Tillman,WR,CLE,False,,,1,136,55,160.0,,96.415,,espn
2025,nfl:gsis:00-0038994,23107,Jordan Addison,WR,MIN,False,,,4,79,41,109.0,96.0,113.571,2,espn
2025,nfl:gsis:00-0038996,25298,Tucker Kraft,TE,GB,True,1,George Rodman,1,126,12,106.0,82.0,92.602,,espn_and_jugg
2025,nfl:gsis:00-0038997,24706,Josh Downs,WR,IND,True,1,Robbie Bagwell,2,108,50,132.0,137.0,103.453,,espn_and_jugg
2025,nfl:gsis:00-0039021,25322,Roschon Johnson,RB,CHI,False,,,0,221,63,,,67.616,,espn
2025,nfl:gsis:00-0039032,25323,Tyjae Spears,RB,TEN,False,,,0,212,60,204.0,182.0,74.885,2,espn
2025,nfl:gsis:00-0039040,23136,De'Von Achane,RB,MIA,True,52,Joey Breeland,36,19,9,14.0,17.0,218.292,23,espn_and_jugg
2025,nfl:gsis:00-0039064,22916,Zay Flowers,WR,BAL,True,6,Ken Moller,14,48,20,54.0,59.0,147.429,2,espn_and_jugg
2025,nfl:gsis:00-0039065,22978,Sam LaPorta,TE,DET,True,8,Nate Corbett,8,61,4,50.0,47.0,119.507,29,espn_and_jugg
2025,nfl:gsis:00-0039067,23113,Rashee Rice,WR,KC,True,1,Brad Beissner,9,59,30,76.0,74.0,104.914,7,espn_and_jugg
2025,nfl:gsis:00-0039075,23180,Puka Nacua,WR,LAR,True,40,Brandon Martin,51,9,5,10.0,13.0,184.056,37,espn_and_jugg
2025,nfl:gsis:00-0039139,22968,Jahmyr Gibbs,RB,DET,True,62,Robbie Bagwell,54,5,3,5.0,4.0,259.434,47,espn_and_jugg
2025,nfl:gsis:00-0039146,23020,Jayden Reed,WR,GB,True,1,Robbie Bagwell,2,107,49,130.0,120.0,111.765,2,espn_and_jugg
2025,nfl:gsis:00-0039150,22900,Bryce Young,QB,CAR,False,,,0,218,25,191.0,158.0,285.641,,espn
2025,nfl:gsis:00-0039163,23071,C.J. Stroud,QB,HOU,False,,,1,124,18,123.0,128.0,304.533,12,espn
2025,nfl:gsis:00-0039164,24347,Anthony Richardson Sr.,QB,IND,True,1,George Rodman,0,310,35,237.0,,62.045,15,espn_and_jugg
2025,nfl:gsis:00-0039165,23152,Zach Charbonnet,RB,SEA,True,14,Lee Krassner,2,119,41,125.0,101.0,119.239,1,espn_and_jugg
2025,nfl:gsis:00-0039172,26075,Jake Bates,K,DET,True,1,Phil Carr,1,181,1,100.0,135.0,128.93,1,espn_and_jugg
2025,nfl:gsis:00-0039337,25409,Malik Nabers,WR,NYG,True,40,Joey Breeland,52,8,4,8.0,11.0,184.322,10,espn_and_jugg
2025,nfl:gsis:00-0039338,22955,Brock Bowers,TE,LV,True,41,Joey Breeland,35,20,1,20.0,21.0,147.284,5,espn_and_jugg
2025,nfl:gsis:00-0039342,26136,Xavier Legette,WR,CAR,False,,,2,112,54,144.0,,95.969,,espn
2025,nfl:gsis:00-0039356,24334,Ja'Tavion Sanders,TE,CAR,False,,,0,292,33,353.0,,58.556,,espn
2025,nfl:gsis:00-0039361,25981,Bucky Irving,RB,TB,True,35,Phil Carr,32,23,11,22.0,19.0,209.959,,espn_and_jugg
2025,nfl:gsis:00-0039363,26392,Isaac Guerendo,RB,SF,False,,,0,247,76,,168.0,41.831,,espn
2025,nfl:gsis:00-0039376,23081,Spencer Rattler,QB,NO,False,,,0,296,32,,,201.966,,espn
2025,nfl:gsis:00-0039384,22980,Tyrone Tracy Jr.,RB,NYG,True,1,Joey Breeland,6,72,26,82.0,79.0,145.558,,espn_and_jugg
2025,nfl:gsis:00-0039409,26475,Cam Little,K,JAX,True,1,Ken Moller,,,,167.0,176.0,118.83,,jugg_exception
2025,nfl:gsis:00-0039491,26403,Jalen Coker,WR,CAR,False,,,0,233,89,,,63.3,,espn
2025,nfl:gsis:00-0039732,22910,Bo Nix,QB,DEN,True,8,Joey Breeland,3,87,8,67.0,65.0,336.226,,espn_and_jugg
2025,nfl:gsis:00-0039738,23013,Blake Corum,RB,LAR,False,,,0,223,65,,,59.15,2,espn
2025,nfl:gsis:00-0039746,22930,Will Shipley,RB,PHI,False,,,1,150,53,208.0,,38.982,,espn
2025,nfl:gsis:00-0039750,26478,Joshua Karty,K,FA,False,,,0,237,13,,207.0,122.62,,espn
2025,nfl:gsis:00-0039793,26335,AJ Barner,TE,SEA,False,,,0,311,35,,,44.797,,espn
2025,nfl:gsis:00-0039794,24346,Braelon Allen,RB,NYJ,False,,,1,134,47,152.0,99.0,78.652,,espn
2025,nfl:gsis:00-0039798,25977,Isaiah Davis,RB,NYJ,False,,,0,266,82,,,24.51,,espn
2025,nfl:gsis:00-0039811,23118,MarShawn Lloyd,RB,GB,False,,,0,225,66,,,58.354,,espn
2025,nfl:gsis:00-0039847,23104,Theo Johnson,TE,NYG,False,,,0,259,28,,,67.332,,espn
2025,nfl:gsis:00-0039849,23064,Marvin Harrison Jr.,WR,ARI,True,19,Ken Moller,22,36,17,44.0,37.0,152.742,23,espn_and_jugg
2025,nfl:gsis:00-0039851,23046,Drake Maye,QB,NE,True,1,Robbie Bagwell,2,105,13,117.0,108.0,301.455,,espn_and_jugg
2025,nfl:gsis:00-0039868,23092,Troy Franklin,WR,DEN,False,,,0,230,86,,,63.476,,espn
2025,nfl:gsis:00-0039874,25987,Jaylen Wright,RB,MIA,False,,,0,241,70,,172.0,66.985,,espn
2025,nfl:gsis:00-0039875,26191,Ray Davis,RB,BUF,False,,,1,149,52,189.0,174.0,85.27,,espn
2025,nfl:gsis:00-0039890,24357,Adonai Mitchell,WR,NYJ,False,,,0,229,85,,,50.557,1,espn
2025,nfl:gsis:00-0039893,23000,Brian Thomas Jr.,WR,JAX,True,38,Phil Carr,43,14,8,17.0,14.0,182.623,1,espn_and_jugg
2025,nfl:gsis:00-0039894,23019,Xavier Worthy,WR,KC,True,4,Nate Corbett,15,47,19,49.0,57.0,153.986,9,espn_and_jugg
2025,nfl:gsis:00-0039901,26019,Keon Coleman,WR,BUF,False,,,2,98,44,108.0,164.0,118.301,,espn
2025,nfl:gsis:00-0039910,22902,Jayden Daniels,QB,WAS,True,25,Phil Carr,27,30,3,27.0,28.0,381.317,6,espn_and_jugg
2025,nfl:gsis:00-0039915,26122,Ladd McConkey,WR,LAC,True,27,Nate Corbett,23,34,15,30.0,25.0,164.618,,espn_and_jugg
2025,nfl:gsis:00-0039916,26214,Ricky Pearsall,WR,SF,True,2,Brad Beissner,5,75,37,86.0,87.0,124.227,,espn_and_jugg
2025,nfl:gsis:00-0039917,22973,Michael Penix Jr.,QB,ATL,False,,,0,200,24,181.0,151.0,286.498,,espn
2025,nfl:gsis:00-0039918,23084,Caleb Williams,QB,CHI,False,,,2,104,12,111.0,110.0,312.261,,espn
2025,nfl:gsis:00-0039919,25411,Rome Odunze,WR,CHI,True,2,Brad Beissner,7,64,32,75.0,77.0,124.656,2,espn_and_jugg
2025,nfl:gsis:00-0039921,25388,Trey Benson,RB,ARI,False,,,2,120,42,149.0,179.0,94.928,1,espn
2025,nfl:gsis:00-0039923,23018,J.J. McCarthy,QB,MIN,False,,,1,123,17,136.0,130.0,320.608,,espn
2025,nfl:gsis:00-0040074,27534,Tyler Loop,K,BAL,False,,,1,190,10,176.0,208.0,129.74,,espn
2025,nfl:gsis:00-0040122,25989,Ashton Jeanty,RB,LV,True,51,Phil Carr,46,12,6,11.0,12.0,221.121,,espn_and_jugg
2025,nfl:gsis:00-0040124,25417,Tetairoa McMillan,WR,CAR,True,3,Ken Moller,11,53,24,59.0,68.0,141.811,,espn_and_jugg
2025,nfl:gsis:00-0040126,26006,Colston Loveland,TE,CHI,False,,,1,125,11,112.0,127.0,77.383,,espn
2025,nfl:gsis:00-0040128,26434,Tyler Warren,TE,IND,True,1,Robbie Bagwell,2,113,10,90.0,102.0,93.994,,espn_and_jugg
2025,nfl:gsis:00-0040129,23062,Emeka Egbuka,WR,TB,True,1,Robbie Bagwell,6,73,35,81.0,86.0,115.963,,espn_and_jugg
2025,nfl:gsis:00-0040130,27077,Jayden Higgins,WR,HOU,True,1,Phil Carr,1,138,57,150.0,187.0,89.256,,espn_and_jugg
2025,nfl:gsis:00-0040134,27211,Pat Bryant,WR,DEN,False,,,0,203,75,,,59.798,,espn
2025,nfl:gsis:00-0040142,27165,Kaleb Johnson,RB,PIT,True,3,Phil Carr,3,94,34,98.0,75.0,146.108,,espn_and_jugg
2025,nfl:gsis:00-0040162,27102,Dylan Sampson,RB,CLE,True,1,Brandon Martin,1,146,49,180.0,177.0,92.049,,espn_and_jugg
2025,nfl:gsis:00-0040170,27059,Elic Ayomanor,WR,TEN,False,,,0,202,74,,,54.71,,espn
2025,nfl:gsis:00-0040179,27097,DJ Giddens,RB,IND,False,,,0,226,67,,,30.273,,espn
2025,nfl:gsis:00-0040198,25984,Ollie Gordon II,RB,MIA,False,,,1,151,54,172.0,165.0,71.637,,espn
2025,nfl:gsis:00-0040202,23682,Devin Neal,RB,NO,False,,,0,244,73,,,43.355,,espn
2025,nfl:gsis:00-0040205,27045,Kalel Mullings,RB,TEN,False,,,0,276,83,,,20.915,,espn
2025,nfl:gsis:00-0040236,27131,Kyle Monangai,RB,CHI,False,,,0,243,72,,,45.768,,espn
2025,nfl:gsis:00-0040242,27316,Jacory Croskey-Merritt,RB,WAS,False,,,4,81,28,87.0,109.0,128.101,,espn
2025,nfl:gsis:00-0040583,27520,Woody Marks,RB,HOU,False,,,1,160,55,,,52.244,,espn
2025,nfl:gsis:00-0040586,24344,Jaydon Blue,RB,DAL,True,1,Phil Carr,1,133,46,157.0,169.0,89.437,,espn_and_jugg
2025,nfl:gsis:00-0040666,25395,Omarion Hampton,RB,LAC,True,35,Phil Carr,22,37,14,39.0,35.0,182.842,,espn_and_jugg
2025,nfl:gsis:00-0040667,26024,Matthew Golden,WR,GB,True,2,Joey Breeland,7,66,34,79.0,106.0,126.396,,espn_and_jugg
2025,nfl:gsis:00-0040668,25968,Shedeur Sanders,QB,CLE,False,,,0,316,37,211.0,124.0,41.61,,espn
2025,nfl:gsis:00-0040673,22884,Jalen Milroe,QB,SEA,False,,,0,317,38,311.0,,25.093,,espn
2025,nfl:gsis:00-0040676,24755,Cam Ward,QB,TEN,False,,,0,199,23,175.0,144.0,279.92,,espn
2025,nfl:gsis:00-0040691,23160,Jaxson Dart,QB,NYG,False,,,0,301,33,210.0,,57.892,,espn
2025,nfl:gsis:00-0040692,24335,Jarquez Hunter,RB,LAR,False,,,0,248,77,,,44.363,,espn
2025,nfl:gsis:00-0040704,23150,Dillon Gabriel,QB,CLE,False,,,0,315,36,,,54.037,,espn
2025,nfl:gsis:00-0040715,27166,Cam Skattebo,RB,NYG,True,1,Robbie Bagwell,2,114,36,101.0,126.0,94.954,,espn_and_jugg
2025,nfl:gsis:00-0040718,26034,Travis Hunter,WR,JAX,True,2,Ken Moller,5,74,36,73.0,71.0,126.192,,espn_and_jugg
2025,nfl:gsis:00-0040719,27297,Bhayshul Tuten,RB,JAX,False,,,2,118,40,148.0,153.0,81.283,,espn
2025,nfl:gsis:00-0040727,26215,Tre' Harris,WR,LAC,False,,,1,158,66,,,73.72,,espn
2025,nfl:gsis:00-0040730,27142,RJ Harvey,RB,DEN,True,9,George Rodman,6,70,24,74.0,55.0,152.017,,espn_and_jugg
2025,nfl:gsis:00-0040734,23065,TreVeyon Henderson,RB,NE,True,14,Robbie Bagwell,18,43,18,48.0,53.0,170.294,,espn_and_jugg
2025,nfl:gsis:00-0040735,27016,Luther Burden III,WR,CHI,False,,,0,164,69,213.0,170.0,75.966,,espn
2025,nfl:gsis:00-0040736,26005,Mason Taylor,TE,NYJ,False,,,0,207,23,,199.0,68.237,,espn
2025,nfl:gsis:00-0040739,23004,Elijah Arroyo,TE,SEA,False,,,0,217,26,,159.0,58.588,,espn
2025,nfl:gsis:00-0040743,23096,Tyler Shough,QB,NO,False,,,0,302,34,,,60.598,,espn
2025,nfl:gsis:00-0040784,25391,Quinshon Judkins,RB,CLE,True,2,Joey Breeland,1,147,50,158.0,116.0,96.122,,espn_and_jugg
