fantasypros_id,mfl_id,name,position,source_position,nfl_team,league_projected_points,league_scoring_status,fantasypros_points_std,fantasypros_points_half,fantasypros_points_ppr,stats_json
8020,531,Baltimore Ravens,DEF,DST,BAL,121.1,calculated,117.12,117.12,117.12,"{""def_ff"":16.5,""def_fr"":10.97,""def_int"":14.17,""def_pa_a"":0,""def_pa_b"":0,""def_pa_c"":0,""def_pa_d"":0,""def_pa_e"":0,""def_pa_f"":0,""def_pa_g"":0,""def_retd"":1,""def_sack"":50.92,""def_safety"":0,""def_td"":2.65,""points"":117.12,""points_half"":117.12,""points_ppr"":117.12}"
8080,516,Dallas Cowboys,DEF,DST,DAL,120.78,calculated,118.8,118.8,118.8,"{""def_ff"":16.62,""def_fr"":10.93,""def_int"":14.17,""def_pa_a"":0,""def_pa_b"":0,""def_pa_c"":0,""def_pa_d"":0,""def_pa_e"":0,""def_pa_f"":0,""def_pa_g"":0,""def_retd"":0.5,""def_sack"":50.04,""def_safety"":0,""def_td"":3.09,""points"":118.8,""points_half"":118.8,""points_ppr"":118.8}"
8210,505,New York Jets,DEF,DST,NYJ,116.67,calculated,114.69,114.69,114.69,"{""def_ff"":15.46,""def_fr"":9.55,""def_int"":14.51,""def_pa_a"":0,""def_pa_b"":0,""def_pa_c"":0,""def_pa_d"":0,""def_pa_e"":0,""def_pa_f"":0,""def_pa_g"":0,""def_retd"":0.5,""def_sack"":47.81,""def_safety"":1,""def_td"":2.79,""points"":114.69,""points_half"":114.69,""points_ppr"":114.69}"
8120,532,Houston Texans,DEF,DST,HOU,114.21,calculated,112.19,112.19,112.19,"{""def_ff"":15.46,""def_fr"":10.7,""def_int"":13.33,""def_pa_a"":0,""def_pa_b"":0,""def_pa_c"":0,""def_pa_d"":0,""def_pa_e"":0,""def_pa_f"":0,""def_pa_g"":0,""def_retd"":0.5,""def_sack"":49.05,""def_safety"":0.5,""def_td"":2.35,""points"":112.19,""points_half"":112.19,""points_ppr"":112.19}"
8150,512,Kansas City Chiefs,DEF,DST,KC,113.52,calculated,111.51,111.51,111.51,"{""def_ff"":15.82,""def_fr"":9.96,""def_int"":12.12,""def_pa_a"":0,""def_pa_b"":0,""def_pa_c"":0,""def_pa_d"":0,""def_pa_e"":0,""def_pa_f"":0,""def_pa_g"":0,""def_retd"":0.5,""def_sack"":49.98,""def_safety"":0.5,""def_td"":2.73,""points"":111.51,""points_half"":111.51,""points_ppr"":111.51}"
8230,518,Philadelphia Eagles,DEF,DST,PHI,112.35,calculated,112.34,112.34,112.34,"{""def_ff"":15.15,""def_fr"":10.27,""def_int"":13.07,""def_pa_a"":0,""def_pa_b"":0,""def_pa_c"":0,""def_pa_d"":0,""def_pa_e"":0,""def_pa_f"":0,""def_pa_g"":0,""def_retd"":0,""def_sack"":50.85,""def_safety"":0,""def_td"":2.47,""points"":112.34,""points_half"":112.34,""points_ppr"":112.34}"
8240,510,Pittsburgh Steelers,DEF,DST,PIT,111.47,calculated,111.49,111.49,111.49,"{""def_ff"":15.76,""def_fr"":9.84,""def_int"":13.6,""def_pa_a"":0,""def_pa_b"":0,""def_pa_c"":0,""def_pa_d"":0,""def_pa_e"":0,""def_pa_f"":0,""def_pa_g"":0,""def_retd"":0,""def_sack"":48.51,""def_safety"":0,""def_td"":2.68,""points"":111.49,""points_half"":111.49,""points_ppr"":111.49}"
8030,501,Buffalo Bills,DEF,DST,BUF,111.26,calculated,109.24,109.24,109.24,"{""def_ff"":17.97,""def_fr"":10.68,""def_int"":13.38,""def_pa_a"":0,""def_pa_b"":0,""def_pa_c"":0,""def_pa_d"":0,""def_pa_e"":0,""def_pa_f"":0,""def_pa_g"":0,""def_retd"":0.5,""def_sack"":45.98,""def_safety"":0.5,""def_td"":2.36,""points"":109.24,""points_half"":109.24,""points_ppr"":109.24}"
8270,530,San Francisco 49ers,DEF,DST,SF,110.49,calculated,110.51,110.51,110.51,"{""def_ff"":13.81,""def_fr"":9.36,""def_int"":15.1,""def_pa_a"":0,""def_pa_b"":0,""def_pa_c"":0,""def_pa_d"":0,""def_pa_e"":0,""def_pa_f"":0,""def_pa_g"":0,""def_retd"":0,""def_sack"":44.31,""def_safety"":0.5,""def_td"":2.71,""points"":110.51,""points_half"":110.51,""points_ppr"":110.51}"
8070,507,Cleveland Browns,DEF,DST,CLE,109.84,calculated,109.81,109.81,109.81,"{""def_ff"":14.4,""def_fr"":9.23,""def_int"":13.38,""def_pa_a"":0,""def_pa_b"":0,""def_pa_c"":0,""def_pa_d"":0,""def_pa_e"":0,""def_pa_f"":0,""def_pa_g"":0,""def_retd"":0,""def_sack"":47.46,""def_safety"":0,""def_td"":2.86,""points"":109.81,""points_half"":109.81,""points_ppr"":109.81}"
8130,502,Indianapolis Colts,DEF,DST,IND,109.19,calculated,109.17,109.17,109.17,"{""def_ff"":15.81,""def_fr"":9.92,""def_int"":12.43,""def_pa_a"":0,""def_pa_b"":0,""def_pa_c"":0,""def_pa_d"":0,""def_pa_e"":0,""def_pa_f"":0,""def_pa_g"":0,""def_retd"":0,""def_sack"":49.03,""def_safety"":0.5,""def_td"":2.41,""points"":109.17,""points_half"":109.17,""points_ppr"":109.17}"
8160,503,Miami Dolphins,DEF,DST,MIA,108.39,calculated,108.4,108.4,108.4,"{""def_ff"":18.03,""def_fr"":10.36,""def_int"":12.38,""def_pa_a"":0,""def_pa_b"":0,""def_pa_c"":0,""def_pa_d"":0,""def_pa_e"":0,""def_pa_f"":0,""def_pa_g"":0,""def_retd"":0,""def_sack"":47.21,""def_safety"":0.5,""def_td"":2.45,""points"":108.4,""points_half"":108.4,""points_ppr"":108.4}"
8060,506,Cincinnati Bengals,DEF,DST,CIN,108.13,calculated,108.12,108.12,108.12,"{""def_ff"":15.57,""def_fr"":9.96,""def_int"":13.16,""def_pa_a"":0,""def_pa_b"":0,""def_pa_c"":0,""def_pa_d"":0,""def_pa_e"":0,""def_pa_f"":0,""def_pa_g"":0,""def_retd"":0,""def_sack"":47.25,""def_safety"":0,""def_td"":2.44,""points"":108.12,""points_half"":108.12,""points_ppr"":108.12}"
8190,529,New Orleans Saints,DEF,DST,NO,105.93,calculated,103.89,103.89,103.89,"{""def_ff"":14.41,""def_fr"":10.03,""def_int"":13.35,""def_pa_a"":0,""def_pa_b"":0,""def_pa_c"":0,""def_pa_d"":0,""def_pa_e"":0,""def_pa_f"":0,""def_pa_g"":0,""def_retd"":0.5,""def_sack"":41.93,""def_safety"":0,""def_td"":2.54,""points"":103.89,""points_half"":103.89,""points_ppr"":103.89}"
8250,514,Los Angeles Chargers,DEF,DST,LAC,105.23,calculated,105.25,105.25,105.25,"{""def_ff"":18.12,""def_fr"":10.61,""def_int"":11.52,""def_pa_a"":0,""def_pa_b"":0,""def_pa_c"":0,""def_pa_d"":0,""def_pa_e"":0,""def_pa_f"":0,""def_pa_g"":0,""def_retd"":0,""def_sack"":45.87,""def_safety"":0.5,""def_td"":2.35,""points"":105.25,""points_half"":105.25,""points_ppr"":105.25}"
8140,509,Jacksonville Jaguars,DEF,DST,JAC,105.13,calculated,105.14,105.14,105.14,"{""def_ff"":16.25,""def_fr"":10.93,""def_int"":12.97,""def_pa_a"":0,""def_pa_b"":0,""def_pa_c"":0,""def_pa_d"":0,""def_pa_e"":0,""def_pa_f"":0,""def_pa_g"":0,""def_retd"":0,""def_sack"":41.19,""def_safety"":0,""def_td"":2.69,""points"":105.14,""points_half"":105.14,""points_ppr"":105.14}"
8110,523,Green Bay Packers,DEF,DST,GB,104.77,calculated,104.75,104.75,104.75,"{""def_ff"":14.74,""def_fr"":9.24,""def_int"":13.34,""def_pa_a"":0,""def_pa_b"":0,""def_pa_c"":0,""def_pa_d"":0,""def_pa_e"":0,""def_pa_f"":0,""def_pa_g"":0,""def_retd"":0,""def_sack"":43.91,""def_safety"":0.5,""def_td"":2.45,""points"":104.75,""points_half"":104.75,""points_ppr"":104.75}"
8310,520,Washington Commanders,DEF,DST,WAS,104.6,calculated,104.62,104.62,104.62,"{""def_ff"":15.68,""def_fr"":9.93,""def_int"":11.54,""def_pa_a"":0,""def_pa_b"":0,""def_pa_c"":0,""def_pa_d"":0,""def_pa_e"":0,""def_pa_f"":0,""def_pa_g"":0,""def_retd"":0,""def_sack"":47.82,""def_safety"":0.5,""def_td"":2.14,""points"":104.62,""points_half"":104.62,""points_ppr"":104.62}"
8010,526,Atlanta Falcons,DEF,DST,ATL,104.54,calculated,104.57,104.57,104.57,"{""def_ff"":13.76,""def_fr"":9.26,""def_int"":12.37,""def_pa_a"":0,""def_pa_b"":0,""def_pa_c"":0,""def_pa_d"":0,""def_pa_e"":0,""def_pa_f"":0,""def_pa_g"":0,""def_retd"":0,""def_sack"":45.94,""def_safety"":0.5,""def_td"":2.39,""points"":104.57,""points_half"":104.57,""points_ppr"":104.57}"
8200,517,New York Giants,DEF,DST,NYG,104.08,calculated,104.06,104.06,104.06,"{""def_ff"":19.28,""def_fr"":11.39,""def_int"":12.35,""def_pa_a"":0,""def_pa_b"":0,""def_pa_c"":0,""def_pa_d"":0,""def_pa_e"":0,""def_pa_f"":0,""def_pa_g"":0,""def_retd"":0,""def_sack"":41.6,""def_safety"":0,""def_td"":2.5,""points"":104.06,""points_half"":104.06,""points_ppr"":104.06}"
8090,511,Denver Broncos,DEF,DST,DEN,103.46,calculated,101.49,101.49,101.49,"{""def_ff"":18.89,""def_fr"":11.1,""def_int"":11.25,""def_pa_a"":0,""def_pa_b"":0,""def_pa_c"":0,""def_pa_d"":0,""def_pa_e"":0,""def_pa_f"":0,""def_pa_g"":0,""def_retd"":0.5,""def_sack"":41.66,""def_safety"":0.5,""def_td"":2.35,""points"":101.49,""points_half"":101.49,""points_ppr"":101.49}"
8260,515,Seattle Seahawks,DEF,DST,SEA,103.09,calculated,103.08,103.08,103.08,"{""def_ff"":14.26,""def_fr"":9.47,""def_int"":12.57,""def_pa_a"":0,""def_pa_b"":0,""def_pa_c"":0,""def_pa_d"":0,""def_pa_e"":0,""def_pa_f"":0,""def_pa_g"":0,""def_retd"":0,""def_sack"":45.05,""def_safety"":0.5,""def_td"":2.16,""points"":103.08,""points_half"":103.08,""points_ppr"":103.08}"
8050,521,Chicago Bears,DEF,DST,CHI,103.07,calculated,101.05,101.05,101.05,"{""def_ff"":13.15,""def_fr"":8.92,""def_int"":14.72,""def_pa_a"":0,""def_pa_b"":0,""def_pa_c"":0,""def_pa_d"":0,""def_pa_e"":0,""def_pa_f"":0,""def_pa_g"":0,""def_retd"":0.5,""def_sack"":38.09,""def_safety"":0.5,""def_td"":2.45,""points"":101.05,""points_half"":101.05,""points_ppr"":101.05}"
8290,525,Tampa Bay Buccaneers,DEF,DST,TB,103.0,calculated,103,103,103,"{""def_ff"":17.98,""def_fr"":10.1,""def_int"":11.51,""def_pa_a"":0,""def_pa_b"":0,""def_pa_c"":0,""def_pa_d"":0,""def_pa_e"":0,""def_pa_f"":0,""def_pa_g"":0,""def_retd"":0,""def_sack"":45.26,""def_safety"":0,""def_td"":2.42,""points"":103,""points_half"":103,""points_ppr"":103}"
8220,513,Las Vegas Raiders,DEF,DST,LV,102.62,calculated,102.62,102.62,102.62,"{""def_ff"":15.24,""def_fr"":9.48,""def_int"":11.32,""def_pa_a"":0,""def_pa_b"":0,""def_pa_c"":0,""def_pa_d"":0,""def_pa_e"":0,""def_pa_f"":0,""def_pa_g"":0,""def_retd"":0,""def_sack"":44.66,""def_safety"":0.5,""def_td"":2.56,""points"":102.62,""points_half"":102.62,""points_ppr"":102.62}"
8100,522,Detroit Lions,DEF,DST,DET,102.42,calculated,100.4,100.4,100.4,"{""def_ff"":12.76,""def_fr"":9.11,""def_int"":13.43,""def_pa_a"":0,""def_pa_b"":0,""def_pa_c"":0,""def_pa_d"":0,""def_pa_e"":0,""def_pa_f"":0,""def_pa_g"":0,""def_retd"":0.5,""def_sack"":40.9,""def_safety"":0.5,""def_td"":2.24,""points"":100.4,""points_half"":100.4,""points_ppr"":100.4}"
8170,524,Minnesota Vikings,DEF,DST,MIN,101.04,calculated,99.02,99.02,99.02,"{""def_ff"":17.13,""def_fr"":9.62,""def_int"":11.91,""def_pa_a"":0,""def_pa_b"":0,""def_pa_c"":0,""def_pa_d"":0,""def_pa_e"":0,""def_pa_f"":0,""def_pa_g"":0,""def_retd"":0.5,""def_sack"":43.32,""def_safety"":0,""def_td"":2.11,""points"":99.02,""points_half"":99.02,""points_ppr"":99.02}"
8280,528,Los Angeles Rams,DEF,DST,LAR,97.48,calculated,97.5,97.5,97.5,"{""def_ff"":11.87,""def_fr"":8.18,""def_int"":13.06,""def_pa_a"":0,""def_pa_b"":0,""def_pa_c"":0,""def_pa_d"":0,""def_pa_e"":0,""def_pa_f"":0,""def_pa_g"":0,""def_retd"":0,""def_sack"":41.1,""def_safety"":0.5,""def_td"":2.15,""points"":97.5,""points_half"":97.5,""points_ppr"":97.5}"
8300,508,Tennessee Titans,DEF,DST,TEN,96.63,calculated,96.62,96.62,96.62,"{""def_ff"":12.93,""def_fr"":9.19,""def_int"":11.14,""def_pa_a"":0,""def_pa_b"":0,""def_pa_c"":0,""def_pa_d"":0,""def_pa_e"":0,""def_pa_f"":0,""def_pa_g"":0,""def_retd"":0,""def_sack"":43.49,""def_safety"":0,""def_td"":2.08,""points"":96.62,""points_half"":96.62,""points_ppr"":96.62}"
8180,504,New England Patriots,DEF,DST,NE,94.09,calculated,92.06,92.06,92.06,"{""def_ff"":13.9,""def_fr"":9.31,""def_int"":12.26,""def_pa_a"":0,""def_pa_b"":0,""def_pa_c"":0,""def_pa_d"":0,""def_pa_e"":0,""def_pa_f"":0,""def_pa_g"":0,""def_retd"":0.5,""def_sack"":34.91,""def_safety"":0,""def_td"":2.34,""points"":92.06,""points_half"":92.06,""points_ppr"":92.06}"
8000,519,Arizona Cardinals,DEF,DST,ARI,93.45,calculated,93.46,93.46,93.46,"{""def_ff"":13.31,""def_fr"":8.77,""def_int"":11.9,""def_pa_a"":0,""def_pa_b"":0,""def_pa_c"":0,""def_pa_d"":0,""def_pa_e"":0,""def_pa_f"":0,""def_pa_g"":0,""def_retd"":0,""def_sack"":38.31,""def_safety"":0,""def_td"":2.3,""points"":93.46,""points_half"":93.46,""points_ppr"":93.46}"
8040,527,Carolina Panthers,DEF,DST,CAR,89.52,calculated,89.54,89.54,89.54,"{""def_ff"":11.29,""def_fr"":8.26,""def_int"":11.58,""def_pa_a"":0,""def_pa_b"":0,""def_pa_c"":0,""def_pa_d"":0,""def_pa_e"":0,""def_pa_f"":0,""def_pa_g"":0,""def_retd"":0,""def_sack"":36.4,""def_safety"":0,""def_td"":2.24,""points"":89.54,""points_half"":89.54,""points_ppr"":89.54}"
16910,13403,Younghoe Koo,K,K,FA,146.93,conservative_partial,146.93,146.93,146.93,"{""fg"":33.05,""fga"":37.85,""points"":146.93,""points_half"":146.93,""points_ppr"":146.93,""xpt"":47.78}"
11465,10976,Justin Tucker,K,K,FA,141.3,conservative_partial,141.29,141.29,141.29,"{""fg"":31.52,""fga"":35.49,""points"":141.29,""points_half"":141.29,""points_ppr"":141.29,""xpt"":46.74}"
16712,13354,Harrison Butker,K,K,KC,138.77,conservative_partial,138.78,138.78,138.78,"{""fg"":30.46,""fga"":34.45,""points"":138.78,""points_half"":138.78,""points_ppr"":138.78,""xpt"":47.39}"
26068,16414,Brandon Aubrey,K,K,DAL,138.54,conservative_partial,138.55,138.55,138.55,"{""fg"":31.93,""fga"":35.5,""points"":138.55,""points_half"":138.55,""points_ppr"":138.55,""xpt"":42.75}"
16540,13303,Jake Elliott,K,K,PHI,135.58,conservative_partial,135.58,135.58,135.58,"{""fg"":29.31,""fga"":32.83,""points"":135.58,""points_half"":135.58,""points_ppr"":135.58,""xpt"":47.65}"
14003,12437,Jason Myers,K,K,SEA,133.53,conservative_partial,133.52,133.52,133.52,"{""fg"":31.54,""fga"":36.55,""points"":133.52,""points_half"":133.52,""points_ppr"":133.52,""xpt"":38.91}"
15756,12860,Ka'imi Fairbairn,K,K,HOU,131.88,conservative_partial,131.88,131.88,131.88,"{""fg"":29.91,""fga"":33.85,""points"":131.88,""points_half"":131.88,""points_ppr"":131.88,""xpt"":42.15}"
23901,15979,Cameron Dicker,K,K,LAC,131.46,conservative_partial,131.46,131.46,131.46,"{""fg"":30,""fga"":33.21,""points"":131.46,""points_half"":131.46,""points_ppr"":131.46,""xpt"":41.46}"
25533,16444,Blake Grupe,K,K,IND,130.22,conservative_partial,130.23,130.23,130.23,"{""fg"":29.81,""fga"":34.91,""points"":130.23,""points_half"":130.23,""points_ppr"":130.23,""xpt"":40.79}"
11345,10868,Greg Zuerlein,K,K,FA,129.61,conservative_partial,129.6,129.6,129.6,"{""fg"":30.45,""fga"":34.82,""points"":129.6,""points_half"":129.6,""points_ppr"":129.6,""xpt"":38.26}"
23297,15368,Evan McPherson,K,K,CIN,128.66,conservative_partial,128.67,128.67,128.67,"{""fg"":27.75,""fga"":32.17,""points"":128.67,""points_half"":128.67,""points_ppr"":128.67,""xpt"":45.41}"
19760,14983,Tyler Bass,K,K,BUF,128.51,conservative_partial,128.5,128.5,128.5,"{""fg"":27.58,""fga"":33.84,""points"":128.5,""points_half"":128.5,""points_ppr"":128.5,""xpt"":45.77}"
13731,11945,Cairo Santos,K,K,CHI,128.04,conservative_partial,128.04,128.04,128.04,"{""fg"":29.96,""fga"":33.55,""points"":128.04,""points_half"":128.04,""points_ppr"":128.04,""xpt"":38.16}"
24009,16286,Jake Moody,K,K,FA,127.93,conservative_partial,127.93,127.93,127.93,"{""fg"":26.72,""fga"":31.46,""points"":127.93,""points_half"":127.93,""points_ppr"":127.93,""xpt"":47.77}"
18545,14244,Matt Gay,K,K,LV,127.61,conservative_partial,127.6,127.6,127.6,"{""fg"":29.46,""fga"":34.54,""points"":127.6,""points_half"":127.6,""points_ppr"":127.6,""xpt"":39.23}"
26581,16873,Brayden Narveson,K,K,FA,126.46,conservative_partial,126.45,126.45,126.45,"{""fg"":28.16,""fga"":33.52,""points"":126.45,""points_half"":126.45,""points_ppr"":126.45,""xpt"":41.98}"
17533,13832,Jason Sanders,K,K,NYJ,126.37,conservative_partial,126.37,126.37,126.37,"{""fg"":27.16,""fga"":32.19,""points"":126.37,""points_half"":126.37,""points_ppr"":126.37,""xpt"":44.89}"
19058,14717,Chase McLaughlin,K,K,TB,122.83,conservative_partial,122.83,122.83,122.83,"{""fg"":28.17,""fga"":32.23,""points"":122.83,""points_half"":122.83,""points_ppr"":122.83,""xpt"":38.32}"
9443,8930,Matt Prater,K,K,FA,121.78,conservative_partial,121.78,121.78,121.78,"{""fg"":28.86,""fga"":33.58,""points"":121.78,""points_half"":121.78,""points_ppr"":121.78,""xpt"":35.2}"
11818,11387,Dustin Hopkins,K,K,FA,121.63,conservative_partial,121.62,121.62,121.62,"{""fg"":28.28,""fga"":32.57,""points"":121.62,""points_half"":121.62,""points_ppr"":121.62,""xpt"":36.79}"
26475,16680,Cam Little,K,K,JAC,121.45,conservative_partial,121.46,121.46,121.46,"{""fg"":28.19,""fga"":33.9,""points"":121.46,""points_half"":121.46,""points_ppr"":121.46,""xpt"":36.88}"
26075,16846,Jake Bates,K,K,DET,120.92,conservative_partial,120.93,120.93,120.93,"{""fg"":25.56,""fga"":30.48,""points"":120.93,""points_half"":120.93,""points_ppr"":120.93,""xpt"":44.24}"
26478,16775,Joshua Karty,K,K,FA,120.56,conservative_partial,120.55,120.55,120.55,"{""fg"":27.49,""fga"":33.52,""points"":120.55,""points_half"":120.55,""points_ppr"":120.55,""xpt"":38.09}"
13029,11936,Chris Boswell,K,K,PIT,114.83,conservative_partial,114.84,114.84,114.84,"{""fg"":27.51,""fga"":31.6,""points"":114.84,""points_half"":114.84,""points_ppr"":114.84,""xpt"":32.3}"
9491,8851,Nick Folk,K,K,ATL,114.41,conservative_partial,114.4,114.4,114.4,"{""fg"":27.4,""fga"":30.59,""points"":114.4,""points_half"":114.4,""points_ppr"":114.4,""xpt"":32.21}"
16026,12956,Wil Lutz,K,K,DEN,113.66,conservative_partial,113.66,113.66,113.66,"{""fg"":27.07,""fga"":32.28,""points"":113.66,""points_half"":113.66,""points_ppr"":113.66,""xpt"":32.45}"
17420,13718,Daniel Carlson,K,K,LV,112.98,conservative_partial,112.98,112.98,112.98,"{""fg"":26.91,""fga"":30.61,""points"":112.98,""points_half"":112.98,""points_ppr"":112.98,""xpt"":32.25}"
26341,16681,Will Reichard,K,K,MIN,108.27,conservative_partial,108.27,108.27,108.27,"{""fg"":25.55,""fga"":30.59,""points"":108.27,""points_half"":108.27,""points_ppr"":108.27,""xpt"":31.62}"
17575,13719,Eddy Pineiro,K,K,SF,107.54,conservative_partial,107.54,107.54,107.54,"{""fg"":25.94,""fga"":30.58,""points"":107.54,""points_half"":107.54,""points_ppr"":107.54,""xpt"":29.72}"
24549,15882,Cade York,K,K,NYJ,106.84,conservative_partial,106.83,106.83,106.83,"{""fg"":24.49,""fga"":30.28,""points"":106.83,""points_half"":106.83,""points_ppr"":106.83,""xpt"":33.37}"
9232,9694,Graham Gano,K,K,FA,104.53,conservative_partial,104.52,104.52,104.52,"{""fg"":24.97,""fga"":29.97,""points"":104.52,""points_half"":104.52,""points_ppr"":104.52,""xpt"":29.62}"
19028,14600,Joey Slye,K,K,TEN,96.65,conservative_partial,96.65,96.65,96.65,"{""fg"":23.27,""fga"":28.3,""points"":96.65,""points_half"":96.65,""points_ppr"":96.65,""xpt"":26.84}"
17298,13589,Josh Allen,QB,QB,BUF,388.206,calculated,360.49,360.49,360.49,"{""2pt_tds"":0,""fumbles"":4.03,""pass_att"":564.93,""pass_cmp"":368.11,""pass_ints"":13.98,""pass_tds"":27.72,""pass_yds"":4062.37,""pass_yds_300"":0,""pass_yds_400"":0,""points"":360.49,""points_half"":360.49,""points_ppr"":360.49,""ret_tds"":0,""rush_att"":108.7,""rush_tds"":8.88,""rush_yds"":558.71,""rush_yds_100"":0,""rush_yds_200"":0,""scrimage_yards_100"":0,""scrimage_yards_200"":0}"
19275,14783,Jalen Hurts,QB,QB,PHI,384.325,calculated,359.87,359.87,359.87,"{""2pt_tds"":0,""fumbles"":3.78,""pass_att"":520.23,""pass_cmp"":339.36,""pass_ints"":12.1,""pass_tds"":24.44,""pass_yds"":3810.59,""pass_yds_300"":0,""pass_yds_400"":0,""points"":359.87,""points_half"":359.87,""points_ppr"":359.87,""ret_tds"":0,""rush_att"":144.12,""rush_tds"":11.23,""rush_yds"":619.81,""rush_yds_100"":0,""rush_yds_200"":0,""scrimage_yards_100"":0,""scrimage_yards_200"":0}"
16413,13116,Patrick Mahomes II,QB,QB,KC,370.425,calculated,337.69,337.69,337.69,"{""2pt_tds"":0,""fumbles"":3.12,""pass_att"":588.1,""pass_cmp"":394.66,""pass_ints"":11.23,""pass_tds"":32.72,""pass_yds"":4391.7,""pass_yds_300"":0,""pass_yds_400"":0,""points"":337.69,""points_half"":337.69,""points_ppr"":337.69,""ret_tds"":0,""rush_att"":72.04,""rush_tds"":1.83,""rush_yds"":376.47,""rush_yds_100"":0,""rush_yds_200"":0,""scrimage_yards_100"":0,""scrimage_yards_200"":0}"
17233,13593,Lamar Jackson,QB,QB,BAL,364.172,calculated,339.21,339.21,339.21,"{""2pt_tds"":0,""fumbles"":4.42,""pass_att"":463.71,""pass_cmp"":303.54,""pass_ints"":10.58,""pass_tds"":25,""pass_yds"":3567.9,""pass_yds_300"":0,""pass_yds_400"":0,""points"":339.21,""points_half"":339.21,""points_ppr"":339.21,""ret_tds"":0,""rush_att"":146.02,""rush_tds"":5.38,""rush_yds"":835.96,""rush_yds_100"":0,""rush_yds_200"":0,""scrimage_yards_100"":0,""scrimage_yards_200"":0}"
15600,12620,Dak Prescott,QB,QB,DAL,336.554,calculated,306.05,306.05,306.05,"{""2pt_tds"":0,""fumbles"":2.79,""pass_att"":572.46,""pass_cmp"":384.99,""pass_ints"":11.99,""pass_tds"":30.53,""pass_yds"":4181.02,""pass_yds_300"":0,""pass_yds_400"":0,""points"":306.05,""points_half"":306.05,""points_ppr"":306.05,""ret_tds"":0,""rush_att"":51.93,""rush_tds"":2.01,""rush_yds"":221.73,""rush_yds_100"":0,""rush_yds_200"":0,""scrimage_yards_100"":0,""scrimage_yards_200"":0}"
23071,16150,C.J. Stroud,QB,QB,HOU,335.807,calculated,306.34,306.34,306.34,"{""2pt_tds"":0,""fumbles"":3.64,""pass_att"":556.96,""pass_cmp"":362.58,""pass_ints"":10.14,""pass_tds"":29.45,""pass_yds"":4336,""pass_yds_300"":0,""pass_yds_400"":0,""points"":306.34,""points_half"":306.34,""points_ppr"":306.34,""ret_tds"":0,""rush_att"":43.76,""rush_tds"":2.36,""rush_yds"":183.77,""rush_yds_100"":0,""rush_yds_200"":0,""scrimage_yards_100"":0,""scrimage_yards_200"":0}"
19196,14777,Joe Burrow,QB,QB,CIN,334.514,calculated,304.4,304.4,304.4,"{""2pt_tds"":0,""fumbles"":3.07,""pass_att"":580.28,""pass_cmp"":388.95,""pass_ints"":11.47,""pass_tds"":30.13,""pass_yds"":4239.33,""pass_yds_300"":0,""pass_yds_400"":0,""points"":304.4,""points_half"":304.4,""points_ppr"":304.4,""ret_tds"":0,""rush_att"":56.71,""rush_tds"":2.13,""rush_yds"":191.21,""rush_yds_100"":0,""rush_yds_200"":0,""scrimage_yards_100"":0,""scrimage_yards_200"":0}"
24347,16152,Anthony Richardson Sr.,QB,QB,IND,330.959,calculated,310.96,310.96,310.96,"{""2pt_tds"":0,""fumbles"":5.01,""pass_att"":512.2,""pass_cmp"":325.86,""pass_ints"":11.45,""pass_tds"":19.99,""pass_yds"":3506.33,""pass_yds_300"":0,""pass_yds_400"":0,""points"":310.96,""points_half"":310.96,""points_ppr"":310.96,""ret_tds"":0,""rush_att"":128.15,""rush_tds"":7.9,""rush_yds"":648.26,""rush_yds_100"":0,""rush_yds_200"":0,""scrimage_yards_100"":0,""scrimage_yards_200"":0}"
18600,14056,Kyler Murray,QB,QB,MIN,325.021,calculated,303.07,303.07,303.07,"{""2pt_tds"":0,""fumbles"":2.56,""pass_att"":530.85,""pass_cmp"":353.84,""pass_ints"":12.09,""pass_tds"":21.98,""pass_yds"":3711.26,""pass_yds_300"":0,""pass_yds_400"":0,""points"":303.07,""points_half"":303.07,""points_ppr"":303.07,""ret_tds"":0,""rush_att"":96.03,""rush_tds"":5.14,""rush_yds"":530.41,""rush_yds_100"":0,""rush_yds_200"":0,""scrimage_yards_100"":0,""scrimage_yards_200"":0}"
19246,14782,Jordan Love,QB,QB,GB,323.379,calculated,294,294,294,"{""2pt_tds"":0,""fumbles"":3.04,""pass_att"":545.47,""pass_cmp"":354.84,""pass_ints"":11.46,""pass_tds"":29.37,""pass_yds"":3987.57,""pass_yds_300"":0,""pass_yds_400"":0,""points"":294,""points_half"":294,""points_ppr"":294,""ret_tds"":0,""rush_att"":45.74,""rush_tds"":2.42,""rush_yds"":200.46,""rush_yds_100"":0,""rush_yds_200"":0,""scrimage_yards_100"":0,""scrimage_yards_200"":0}"
19797,15698,Brock Purdy,QB,QB,SF,322.573,calculated,292.99,292.99,292.99,"{""2pt_tds"":0,""fumbles"":2.64,""pass_att"":498.12,""pass_cmp"":336.12,""pass_ints"":10.79,""pass_tds"":29.56,""pass_yds"":4075.19,""pass_yds_300"":0,""pass_yds_400"":0,""points"":292.99,""points_half"":292.99,""points_ppr"":292.99,""ret_tds"":0,""rush_att"":44.13,""rush_tds"":1.94,""rush_yds"":161.95,""rush_yds_100"":0,""rush_yds_200"":0,""scrimage_yards_100"":0,""scrimage_yards_200"":0}"
23084,16579,Caleb Williams,QB,QB,CHI,312.062,calculated,286.75,286.75,286.75,"{""2pt_tds"":0,""fumbles"":4.31,""pass_att"":532.69,""pass_cmp"":346.61,""pass_ints"":13.37,""pass_tds"":25.31,""pass_yds"":3783.9,""pass_yds_300"":0,""pass_yds_400"":0,""points"":286.75,""points_half"":286.75,""points_ppr"":286.75,""ret_tds"":0,""rush_att"":78.12,""rush_tds"":3.3,""rush_yds"":363.46,""rush_yds_100"":0,""rush_yds_200"":0,""scrimage_yards_100"":0,""scrimage_yards_200"":0}"
19780,15237,Trevor Lawrence,QB,QB,JAC,310.561,calculated,286.22,286.22,286.22,"{""2pt_tds"":0,""fumbles"":4.83,""pass_att"":566.41,""pass_cmp"":373.55,""pass_ints"":12.48,""pass_tds"":24.35,""pass_yds"":3985.71,""pass_yds_300"":0,""pass_yds_400"":0,""points"":286.22,""points_half"":286.22,""points_ppr"":286.22,""ret_tds"":0,""rush_att"":66.39,""rush_tds"":3.48,""rush_yds"":306.43,""rush_yds_100"":0,""rush_yds_200"":0,""scrimage_yards_100"":0,""scrimage_yards_200"":0}"
22902,16581,Jayden Daniels,QB,QB,WAS,310.535,calculated,290.46,290.46,290.46,"{""2pt_tds"":0,""fumbles"":4.39,""pass_att"":543.56,""pass_cmp"":338.63,""pass_ints"":13.83,""pass_tds"":20.09,""pass_yds"":3582.98,""pass_yds_300"":0,""pass_yds_400"":0,""points"":290.46,""points_half"":290.46,""points_ppr"":290.46,""ret_tds"":0,""rush_att"":114.61,""rush_tds"":4.99,""rush_yds"":594.36,""rush_yds_100"":0,""rush_yds_200"":0,""scrimage_yards_100"":0,""scrimage_yards_200"":0}"
15501,12611,Jared Goff,QB,QB,DET,304.744,calculated,276.69,276.69,276.69,"{""2pt_tds"":0,""fumbles"":3.14,""pass_att"":568.93,""pass_cmp"":383.99,""pass_ints"":10.56,""pass_tds"":28.05,""pass_yds"":4231.79,""pass_yds_300"":0,""pass_yds_400"":0,""points"":276.69,""points_half"":276.69,""points_ppr"":276.69,""ret_tds"":0,""rush_att"":24,""rush_tds"":1.11,""rush_yds"":54.02,""rush_yds_100"":0,""rush_yds_200"":0,""scrimage_yards_100"":0,""scrimage_yards_200"":0}"
18635,14779,Justin Herbert,QB,QB,LAC,302.877,calculated,278.4,278.4,278.4,"{""2pt_tds"":0,""fumbles"":2.99,""pass_att"":544.78,""pass_cmp"":356.23,""pass_ints"":9.88,""pass_tds"":24.47,""pass_yds"":3850.58,""pass_yds_300"":0,""pass_yds_400"":0,""points"":278.4,""points_half"":278.4,""points_ppr"":278.4,""ret_tds"":0,""rush_att"":64.85,""rush_tds"":2.67,""rush_yds"":263.44,""rush_yds_100"":0,""rush_yds_200"":0,""scrimage_yards_100"":0,""scrimage_yards_200"":0}"
16398,13113,Deshaun Watson,QB,QB,CLE,301.229,calculated,278.29,278.29,278.29,"{""2pt_tds"":0,""fumbles"":3.83,""pass_att"":544.62,""pass_cmp"":334.27,""pass_ints"":13.29,""pass_tds"":22.95,""pass_yds"":3747.25,""pass_yds_300"":0,""pass_yds_400"":0,""points"":278.29,""points_half"":278.29,""points_ppr"":278.29,""ret_tds"":0,""rush_att"":77.14,""rush_tds"":3.17,""rush_yds"":385.19,""rush_yds_100"":0,""rush_yds_200"":0,""scrimage_yards_100"":0,""scrimage_yards_200"":0}"
19198,14778,Tua Tagovailoa,QB,QB,ATL,299.753,calculated,272.44,272.44,272.44,"{""2pt_tds"":0,""fumbles"":3.77,""pass_att"":545.09,""pass_cmp"":371.01,""pass_ints"":12.49,""pass_tds"":27.31,""pass_yds"":4268.92,""pass_yds_300"":0,""pass_yds_400"":0,""points"":272.44,""points_half"":272.44,""points_ppr"":272.44,""ret_tds"":0,""rush_att"":31.8,""rush_tds"":0.6,""rush_yds"":88.76,""rush_yds_100"":0,""rush_yds_200"":0,""scrimage_yards_100"":0,""scrimage_yards_200"":0}"
11177,10700,Kirk Cousins,QB,QB,LV,296.168,calculated,269.09,269.09,269.09,"{""2pt_tds"":0,""fumbles"":4.5,""pass_att"":537.27,""pass_cmp"":351.91,""pass_ints"":10.47,""pass_tds"":27.08,""pass_yds"":4038.84,""pass_yds_300"":0,""pass_yds_400"":0,""points"":269.09,""points_half"":269.09,""points_ppr"":269.09,""ret_tds"":0,""rush_att"":34.71,""rush_tds"":1.43,""rush_yds"":101.04,""rush_yds_100"":0,""rush_yds_200"":0,""scrimage_yards_100"":0,""scrimage_yards_200"":0}"
17237,13590,Baker Mayfield,QB,QB,TB,293.945,calculated,268.2,268.2,268.2,"{""2pt_tds"":0,""fumbles"":3.29,""pass_att"":562.67,""pass_cmp"":355.51,""pass_ints"":11.93,""pass_tds"":25.76,""pass_yds"":3947.72,""pass_yds_300"":0,""pass_yds_400"":0,""points"":268.2,""points_half"":268.2,""points_ppr"":268.2,""ret_tds"":0,""rush_att"":51.84,""rush_tds"":1.44,""rush_yds"":171.06,""rush_yds_100"":0,""rush_yds_200"":0,""scrimage_yards_100"":0,""scrimage_yards_200"":0}"
9451,9431,Matthew Stafford,QB,QB,LAR,292.996,calculated,266.11,266.11,266.11,"{""2pt_tds"":0,""fumbles"":2.16,""pass_att"":552.97,""pass_cmp"":355.44,""pass_ints"":12.5,""pass_tds"":26.88,""pass_yds"":4127.47,""pass_yds_300"":0,""pass_yds_400"":0,""points"":266.11,""points_half"":266.11,""points_ppr"":266.11,""ret_tds"":0,""rush_att"":23.96,""rush_tds"":0.59,""rush_yds"":67.77,""rush_yds_100"":0,""rush_yds_200"":0,""scrimage_yards_100"":0,""scrimage_yards_200"":0}"
9001,7836,Aaron Rodgers,QB,QB,PIT,288.843,calculated,262.64,262.64,262.64,"{""2pt_tds"":0,""fumbles"":2.67,""pass_att"":544.56,""pass_cmp"":359.78,""pass_ints"":8.98,""pass_tds"":26.19,""pass_yds"":3841.61,""pass_yds_300"":0,""pass_yds_400"":0,""points"":262.64,""points_half"":262.64,""points_ppr"":262.64,""ret_tds"":0,""rush_att"":32.59,""rush_tds"":1.3,""rush_yds"":107.49,""rush_yds_100"":0,""rush_yds_200"":0,""scrimage_yards_100"":0,""scrimage_yards_200"":0}"
11687,11150,Geno Smith,QB,QB,NYJ,283.159,calculated,259.02,259.02,259.02,"{""2pt_tds"":0,""fumbles"":3.07,""pass_att"":521.38,""pass_cmp"":341.77,""pass_ints"":11.9,""pass_tds"":24.13,""pass_yds"":3745.74,""pass_yds_300"":0,""pass_yds_400"":0,""points"":259.02,""points_half"":259.02,""points_ppr"":259.02,""ret_tds"":0,""rush_att"":50.63,""rush_tds"":1.72,""rush_yds"":203.99,""rush_yds_100"":0,""rush_yds_200"":0,""scrimage_yards_100"":0,""scrimage_yards_200"":0}"
22987,16149,Will Levis,QB,QB,TEN,271.431,calculated,249.23,249.23,249.23,"{""2pt_tds"":0,""fumbles"":4.18,""pass_att"":513.3,""pass_cmp"":323.41,""pass_ints"":12.41,""pass_tds"":22.22,""pass_yds"":3728.59,""pass_yds_300"":0,""pass_yds_400"":0,""points"":249.23,""points_half"":249.23,""points_ppr"":249.23,""ret_tds"":0,""rush_att"":53.81,""rush_tds"":2.24,""rush_yds"":185.17,""rush_yds_100"":0,""rush_yds_200"":0,""scrimage_yards_100"":0,""scrimage_yards_200"":0}"
12092,11644,Derek Carr,QB,QB,FA,268.727,calculated,244.24,244.24,244.24,"{""2pt_tds"":0,""fumbles"":3.24,""pass_att"":544.44,""pass_cmp"":363.52,""pass_ints"":10.86,""pass_tds"":24.5,""pass_yds"":3842.37,""pass_yds_300"":0,""pass_yds_400"":0,""points"":244.24,""points_half"":244.24,""points_ppr"":244.24,""ret_tds"":0,""rush_att"":24.66,""rush_tds"":0.46,""rush_yds"":71.12,""rush_yds_100"":0,""rush_yds_200"":0,""scrimage_yards_100"":0,""scrimage_yards_200"":0}"
17236,13592,Sam Darnold,QB,QB,SEA,265.891,calculated,243.97,243.97,243.97,"{""2pt_tds"":0,""fumbles"":4.11,""pass_att"":541.04,""pass_cmp"":343.56,""pass_ints"":14.44,""pass_tds"":21.93,""pass_yds"":3721.51,""pass_yds_300"":0,""pass_yds_400"":0,""points"":243.97,""points_half"":243.97,""points_ppr"":243.97,""ret_tds"":0,""rush_att"":44.51,""rush_tds"":2.12,""rush_yds"":173.21,""rush_yds_100"":0,""rush_yds_200"":0,""scrimage_yards_100"":0,""scrimage_yards_200"":0}"
18232,14059,Daniel Jones,QB,QB,IND,262.164,calculated,245.54,245.54,245.54,"{""2pt_tds"":0,""fumbles"":3.58,""pass_att"":494.05,""pass_cmp"":322.41,""pass_ints"":10.61,""pass_tds"":16.6,""pass_yds"":3227.2,""pass_yds_300"":0,""pass_yds_400"":0,""points"":245.54,""points_half"":245.54,""points_ppr"":245.54,""ret_tds"":0,""rush_att"":94.98,""rush_tds"":3.49,""rush_yds"":469.06,""rush_yds_100"":0,""rush_yds_200"":0,""scrimage_yards_100"":0,""scrimage_yards_200"":0}"
22900,16148,Bryce Young,QB,QB,CAR,246.735,calculated,227.39,227.39,227.39,"{""2pt_tds"":0,""fumbles"":3.47,""pass_att"":531.43,""pass_cmp"":333.25,""pass_ints"":11.93,""pass_tds"":19.33,""pass_yds"":3450.94,""pass_yds_300"":0,""pass_yds_400"":0,""points"":227.39,""points_half"":227.39,""points_ppr"":227.39,""ret_tds"":0,""rush_att"":42.55,""rush_tds"":1.23,""rush_yds"":235.37,""rush_yds_100"":0,""rush_yds_200"":0,""scrimage_yards_100"":0,""scrimage_yards_200"":0}"
22910,16582,Bo Nix,QB,QB,DEN,246.532,calculated,227.52,227.52,227.52,"{""2pt_tds"":0,""fumbles"":3.55,""pass_att"":496.56,""pass_cmp"":309.91,""pass_ints"":12.09,""pass_tds"":19.02,""pass_yds"":3210.53,""pass_yds_300"":0,""pass_yds_400"":0,""points"":227.52,""points_half"":227.52,""points_ppr"":227.52,""ret_tds"":0,""rush_att"":61.41,""rush_tds"":2.35,""rush_yds"":281.01,""rush_yds_100"":0,""rush_yds_200"":0,""scrimage_yards_100"":0,""scrimage_yards_200"":0}"
11180,10703,Russell Wilson,QB,QB,FA,237.775,calculated,219.56,219.56,219.56,"{""2pt_tds"":0,""fumbles"":3.46,""pass_att"":442.98,""pass_cmp"":281.78,""pass_ints"":9.42,""pass_tds"":18.17,""pass_yds"":2951.37,""pass_yds_300"":0,""pass_yds_400"":0,""points"":219.56,""points_half"":219.56,""points_ppr"":219.56,""ret_tds"":0,""rush_att"":65.75,""rush_tds"":2.58,""rush_yds"":297.3,""rush_yds_100"":0,""rush_yds_200"":0,""scrimage_yards_100"":0,""scrimage_yards_200"":0}"
18562,14067,Gardner Minshew II,QB,QB,ARI,198.896,calculated,182.84,182.84,182.84,"{""2pt_tds"":0,""fumbles"":2.88,""pass_att"":413.31,""pass_cmp"":259.18,""pass_ints"":10.26,""pass_tds"":16.06,""pass_yds"":2792.78,""pass_yds_300"":0,""pass_yds_400"":0,""points"":182.84,""points_half"":182.84,""points_ppr"":182.84,""ret_tds"":0,""rush_att"":34.04,""rush_tds"":1.76,""rush_yds"":123.45,""rush_yds_100"":0,""rush_yds_200"":0,""scrimage_yards_100"":0,""scrimage_yards_200"":0}"
23046,16580,Drake Maye,QB,QB,NE,175.72,calculated,163.47,163.47,163.47,"{""2pt_tds"":0,""fumbles"":1.91,""pass_att"":422.57,""pass_cmp"":267.9,""pass_ints"":10.05,""pass_tds"":12.24,""pass_yds"":2452.35,""pass_yds_300"":0,""pass_yds_400"":0,""points"":163.47,""points_half"":163.47,""points_ppr"":163.47,""ret_tds"":0,""rush_att"":54.75,""rush_tds"":1.61,""rush_yds"":206.36,""rush_yds_100"":0,""rush_yds_200"":0,""scrimage_yards_100"":0,""scrimage_yards_200"":0}"
15642,12616,Jacoby Brissett,QB,QB,ARI,95.308,calculated,87.85,87.85,87.85,"{""2pt_tds"":0,""fumbles"":1.62,""pass_att"":126.61,""pass_cmp"":80.76,""pass_ints"":4.77,""pass_tds"":7.43,""pass_yds"":1300.88,""pass_yds_300"":0,""pass_yds_400"":0,""points"":87.85,""points_half"":87.85,""points_ppr"":87.85,""ret_tds"":0,""rush_att"":11.57,""rush_tds"":0.78,""rush_yds"":94.53,""rush_yds_100"":0,""rush_yds_200"":0,""scrimage_yards_100"":0,""scrimage_yards_200"":0}"
24330,16159,Aidan O'Connell,QB,QB,LV,81.394,calculated,74.9,74.9,74.9,"{""2pt_tds"":0,""fumbles"":0.95,""pass_att"":202.39,""pass_cmp"":127.78,""pass_ints"":4.62,""pass_tds"":6.5,""pass_yds"":1242.72,""pass_yds_300"":0,""pass_yds_400"":0,""points"":74.9,""points_half"":74.9,""points_ppr"":74.9,""ret_tds"":0,""rush_att"":18.08,""rush_tds"":0.34,""rush_yds"":36.65,""rush_yds_100"":0,""rush_yds_200"":0,""scrimage_yards_100"":0,""scrimage_yards_200"":0}"
19781,15238,Justin Fields,QB,QB,KC,75.596,calculated,71.45,71.45,71.45,"{""2pt_tds"":0,""fumbles"":1.84,""pass_att"":98.94,""pass_cmp"":60.69,""pass_ints"":3.12,""pass_tds"":4.14,""pass_yds"":761.26,""pass_yds_300"":0,""pass_yds_400"":0,""points"":71.45,""points_half"":71.45,""points_ppr"":71.45,""ret_tds"":0,""rush_att"":38.84,""rush_tds"":1.55,""rush_yds"":219.46,""rush_yds_100"":0,""rush_yds_200"":0,""scrimage_yards_100"":0,""scrimage_yards_200"":0}"
23045,15693,Sam Howell,QB,QB,DAL,38.347,calculated,35.3,35.3,35.3,"{""2pt_tds"":0,""fumbles"":0.53,""pass_att"":72.7,""pass_cmp"":46.76,""pass_ints"":2.19,""pass_tds"":3.07,""pass_yds"":494.15,""pass_yds_300"":0,""pass_yds_400"":0,""points"":35.3,""points_half"":35.3,""points_ppr"":35.3,""ret_tds"":0,""rush_att"":7.99,""rush_tds"":0.43,""rush_yds"":39.01,""rush_yds_100"":0,""rush_yds_200"":0,""scrimage_yards_100"":0,""scrimage_yards_200"":0}"
18225,14057,Drew Lock,QB,QB,SEA,37.245,calculated,33.91,33.91,33.91,"{""2pt_tds"":0,""fumbles"":0.56,""pass_att"":74.07,""pass_cmp"":46.41,""pass_ints"":1.76,""pass_tds"":3.32,""pass_yds"":504.97,""pass_yds_300"":0,""pass_yds_400"":0,""points"":33.91,""points_half"":33.91,""points_ppr"":33.91,""ret_tds"":0,""rush_att"":7.9,""rush_tds"":0.14,""rush_yds"":24.86,""rush_yds_100"":0,""rush_yds_200"":0,""scrimage_yards_100"":0,""scrimage_yards_200"":0}"
16726,13968,Nick Mullens,QB,QB,JAC,36.259,calculated,33.24,33.24,33.24,"{""2pt_tds"":0,""fumbles"":0.7,""pass_att"":82.94,""pass_cmp"":53.64,""pass_ints"":2.13,""pass_tds"":2.99,""pass_yds"":561.95,""pass_yds_300"":0,""pass_yds_400"":0,""points"":33.24,""points_half"":33.24,""points_ppr"":33.24,""ret_tds"":0,""rush_att"":5.56,""rush_tds"":0.09,""rush_yds"":18.21,""rush_yds_100"":0,""rush_yds_200"":0,""scrimage_yards_100"":0,""scrimage_yards_200"":0}"
18604,14063,Jarrett Stidham,QB,QB,DEN,31.374,calculated,28.93,28.93,28.93,"{""2pt_tds"":0,""fumbles"":0.61,""pass_att"":64.37,""pass_cmp"":40.13,""pass_ints"":1.77,""pass_tds"":2.44,""pass_yds"":439.73,""pass_yds_300"":0,""pass_yds_400"":0,""points"":28.93,""points_half"":28.93,""points_ppr"":28.93,""ret_tds"":0,""rush_att"":8.15,""rush_tds"":0.33,""rush_yds"":25.95,""rush_yds_100"":0,""rush_yds_200"":0,""scrimage_yards_100"":0,""scrimage_yards_200"":0}"
13891,12140,Jameis Winston,QB,QB,NYG,29.467,calculated,26.97,26.97,26.97,"{""2pt_tds"":0,""fumbles"":0.23,""pass_att"":60.5,""pass_cmp"":37.62,""pass_ints"":1.96,""pass_tds"":2.47,""pass_yds"":423.92,""pass_yds_300"":0,""pass_yds_400"":0,""points"":26.97,""points_half"":26.97,""points_ppr"":26.97,""ret_tds"":0,""rush_att"":5.77,""rush_tds"":0.07,""rush_yds"":21.6,""rush_yds_100"":0,""rush_yds_200"":0,""scrimage_yards_100"":0,""scrimage_yards_200"":0}"
22973,16583,Michael Penix Jr.,QB,QB,ATL,28.186,calculated,25.64,25.64,25.64,"{""2pt_tds"":0,""fumbles"":0.5,""pass_att"":42.07,""pass_cmp"":25.79,""pass_ints"":1.29,""pass_tds"":2.52,""pass_yds"":334.1,""pass_yds_300"":0,""pass_yds_400"":0,""points"":25.64,""points_half"":25.64,""points_ppr"":25.64,""ret_tds"":0,""rush_att"":3.41,""rush_tds"":0.4,""rush_yds"":21.12,""rush_yds_100"":0,""rush_yds_200"":0,""scrimage_yards_100"":0,""scrimage_yards_200"":0}"
18557,14358,Jake Browning,QB,QB,TB,27.131,calculated,24.72,24.72,24.72,"{""2pt_tds"":0,""fumbles"":0.16,""pass_att"":50.58,""pass_cmp"":32.67,""pass_ints"":0.97,""pass_tds"":2.41,""pass_yds"":328.01,""pass_yds_300"":0,""pass_yds_400"":0,""points"":24.72,""points_half"":24.72,""points_ppr"":24.72,""ret_tds"":0,""rush_att"":5.62,""rush_tds"":0.15,""rush_yds"":23.51,""rush_yds_100"":0,""rush_yds_200"":0,""scrimage_yards_100"":0,""scrimage_yards_200"":0}"
23081,16586,Spencer Rattler,QB,QB,NO,27.007,calculated,24.59,24.59,24.59,"{""2pt_tds"":0,""fumbles"":0.25,""pass_att"":66.56,""pass_cmp"":43.66,""pass_ints"":0.78,""pass_tds"":2.4,""pass_yds"":336.69,""pass_yds_300"":0,""pass_yds_400"":0,""points"":24.59,""points_half"":24.59,""points_ppr"":24.59,""ret_tds"":0,""rush_att"":5.51,""rush_tds"":0.1,""rush_yds"":22.19,""rush_yds_100"":0,""rush_yds_200"":0,""scrimage_yards_100"":0,""scrimage_yards_200"":0}"
24332,16151,Hendon Hooker,QB,QB,TEN,24.85,calculated,22.92,22.92,22.92,"{""2pt_tds"":0,""fumbles"":0.26,""pass_att"":68.07,""pass_cmp"":44.09,""pass_ints"":1.36,""pass_tds"":1.92,""pass_yds"":338.4,""pass_yds_300"":0,""pass_yds_400"":0,""points"":22.92,""points_half"":22.92,""points_ppr"":22.92,""ret_tds"":0,""rush_att"":6.1,""rush_tds"":0.17,""rush_yds"":25.74,""rush_yds_100"":0,""rush_yds_200"":0,""scrimage_yards_100"":0,""scrimage_yards_200"":0}"
9326,9207,Josh Johnson,QB,QB,CIN,24.744,calculated,22.88,22.88,22.88,"{""2pt_tds"":0,""fumbles"":0.35,""pass_att"":42.67,""pass_cmp"":26.65,""pass_ints"":0.87,""pass_tds"":1.85,""pass_yds"":293.51,""pass_yds_300"":0,""pass_yds_400"":0,""points"":22.88,""points_half"":22.88,""points_ppr"":22.88,""ret_tds"":0,""rush_att"":8.85,""rush_tds"":0.27,""rush_yds"":37.04,""rush_yds_100"":0,""rush_yds_200"":0,""scrimage_yards_100"":0,""scrimage_yards_200"":0}"
16381,13115,Mitchell Trubisky,QB,QB,TEN,24.038,calculated,22.03,22.03,22.03,"{""2pt_tds"":0,""fumbles"":0.15,""pass_att"":45.88,""pass_cmp"":30.4,""pass_ints"":1.29,""pass_tds"":2.02,""pass_yds"":274.98,""pass_yds_300"":0,""pass_yds_400"":0,""points"":22.03,""points_half"":22.03,""points_ppr"":22.03,""ret_tds"":0,""rush_att"":8.05,""rush_tds"":0.31,""rush_yds"":26.69,""rush_yds_100"":0,""rush_yds_200"":0,""scrimage_yards_100"":0,""scrimage_yards_200"":0}"
12208,11760,Jimmy Garoppolo,QB,QB,LAR,23.298,calculated,21.2,21.2,21.2,"{""2pt_tds"":0,""fumbles"":0.14,""pass_att"":46.92,""pass_cmp"":30.47,""pass_ints"":0.96,""pass_tds"":2.11,""pass_yds"":317.36,""pass_yds_300"":0,""pass_yds_400"":0,""points"":21.2,""points_half"":21.2,""points_ppr"":21.2,""ret_tds"":0,""rush_att"":3.83,""rush_tds"":0.04,""rush_yds"":10.54,""rush_yds_100"":0,""rush_yds_200"":0,""scrimage_yards_100"":0,""scrimage_yards_200"":0}"
24170,15699,Skylar Thompson,QB,QB,BAL,22.893,calculated,21.12,21.12,21.12,"{""2pt_tds"":0,""fumbles"":0.25,""pass_att"":70.27,""pass_cmp"":44.36,""pass_ints"":1.38,""pass_tds"":1.73,""pass_yds"":340.59,""pass_yds_300"":0,""pass_yds_400"":0,""points"":21.12,""points_half"":21.12,""points_ppr"":21.12,""ret_tds"":0,""rush_att"":5.78,""rush_tds"":0.09,""rush_yds"":19.59,""rush_yds_100"":0,""rush_yds_200"":0,""scrimage_yards_100"":0,""scrimage_yards_200"":0}"
15520,12610,Carson Wentz,QB,QB,MIN,22.73,calculated,20.6,20.6,20.6,"{""2pt_tds"":0,""fumbles"":0.22,""pass_att"":46.07,""pass_cmp"":28.93,""pass_ints"":0.69,""pass_tds"":2.08,""pass_yds"":285.67,""pass_yds_300"":0,""pass_yds_400"":0,""points"":20.6,""points_half"":20.6,""points_ppr"":20.6,""ret_tds"":0,""rush_att"":3.79,""rush_tds"":0.08,""rush_yds"":15.53,""rush_yds_100"":0,""rush_yds_200"":0,""scrimage_yards_100"":0,""scrimage_yards_200"":0}"
16417,13119,Joshua Dobbs,QB,QB,DET,22.198,calculated,20.41,20.41,20.41,"{""2pt_tds"":0,""fumbles"":0.24,""pass_att"":40.57,""pass_cmp"":26.88,""pass_ints"":0.86,""pass_tds"":1.81,""pass_yds"":267.17,""pass_yds_300"":0,""pass_yds_400"":0,""points"":20.41,""points_half"":20.41,""points_ppr"":20.41,""ret_tds"":0,""rush_att"":6,""rush_tds"":0.17,""rush_yds"":27.81,""rush_yds_100"":0,""rush_yds_200"":0,""scrimage_yards_100"":0,""scrimage_yards_200"":0}"
25321,16384,Tyson Bagent,QB,QB,CHI,21.763,calculated,20.03,20.03,20.03,"{""2pt_tds"":0,""fumbles"":0.2,""pass_att"":46.32,""pass_cmp"":29.74,""pass_ints"":1.18,""pass_tds"":1.72,""pass_yds"":290.98,""pass_yds_300"":0,""pass_yds_400"":0,""points"":20.03,""points_half"":20.03,""points_ppr"":20.03,""ret_tds"":0,""rush_att"":5.22,""rush_tds"":0.11,""rush_yds"":24.44,""rush_yds_100"":0,""rush_yds_200"":0,""scrimage_yards_100"":0,""scrimage_yards_200"":0}"
16477,13124,Cooper Rush,QB,QB,ATL,21.648,calculated,19.66,19.66,19.66,"{""2pt_tds"":0,""fumbles"":0.17,""pass_att"":48.17,""pass_cmp"":30.56,""pass_ints"":1.28,""pass_tds"":1.97,""pass_yds"":298.84,""pass_yds_300"":0,""pass_yds_400"":0,""points"":19.66,""points_half"":19.66,""points_ppr"":19.66,""ret_tds"":0,""rush_att"":5.66,""rush_tds"":0.06,""rush_yds"":11.04,""rush_yds_100"":0,""rush_yds_200"":0,""scrimage_yards_100"":0,""scrimage_yards_200"":0}"
10007,10413,Tyrod Taylor,QB,QB,GB,21.576,calculated,19.66,19.66,19.66,"{""2pt_tds"":0,""fumbles"":0.2,""pass_att"":43.51,""pass_cmp"":27.47,""pass_ints"":0.95,""pass_tds"":1.86,""pass_yds"":273.13,""pass_yds_300"":0,""pass_yds_400"":0,""points"":19.66,""points_half"":19.66,""points_ppr"":19.66,""ret_tds"":0,""rush_att"":5.47,""rush_tds"":0.05,""rush_yds"":24.01,""rush_yds_100"":0,""rush_yds_200"":0,""scrimage_yards_100"":0,""scrimage_yards_200"":0}"
22799,15252,Davis Mills,QB,QB,HOU,21.402,calculated,19.53,19.53,19.53,"{""2pt_tds"":0,""fumbles"":0.17,""pass_att"":47.65,""pass_cmp"":29.94,""pass_ints"":0.97,""pass_tds"":1.85,""pass_yds"":290.21,""pass_yds_300"":0,""pass_yds_400"":0,""points"":19.53,""points_half"":19.53,""points_ppr"":19.53,""ret_tds"":0,""rush_att"":4.52,""rush_tds"":0.06,""rush_yds"":14.94,""rush_yds_100"":0,""rush_yds_200"":0,""scrimage_yards_100"":0,""scrimage_yards_200"":0}"
9300,9064,Joe Flacco,QB,QB,CIN,21.206,calculated,19.39,19.39,19.39,"{""2pt_tds"":0,""fumbles"":0.52,""pass_att"":48.89,""pass_cmp"":30.67,""pass_ints"":1.14,""pass_tds"":1.81,""pass_yds"":317.59,""pass_yds_300"":0,""pass_yds_400"":0,""points"":19.39,""points_half"":19.39,""points_ppr"":19.39,""ret_tds"":0,""rush_att"":4.98,""rush_tds"":0.05,""rush_yds"":13.32,""rush_yds_100"":0,""rush_yds_200"":0,""scrimage_yards_100"":0,""scrimage_yards_200"":0}"
23499,15694,Malik Willis,QB,QB,MIA,21.14,calculated,19.25,19.25,19.25,"{""2pt_tds"":0,""fumbles"":0.25,""pass_att"":40.75,""pass_cmp"":25.12,""pass_ints"":0.92,""pass_tds"":1.87,""pass_yds"":255.97,""pass_yds_300"":0,""pass_yds_400"":0,""points"":19.25,""points_half"":19.25,""points_ppr"":19.25,""ret_tds"":0,""rush_att"":6.91,""rush_tds"":0.06,""rush_yds"":26.11,""rush_yds_100"":0,""rush_yds_200"":0,""scrimage_yards_100"":0,""scrimage_yards_200"":0}"
13932,12476,Taylor Heinicke,QB,QB,FA,21.013,calculated,19.3,19.3,19.3,"{""2pt_tds"":0,""fumbles"":0.48,""pass_att"":42.86,""pass_cmp"":27.26,""pass_ints"":0.88,""pass_tds"":1.7,""pass_yds"":274.82,""pass_yds_300"":0,""pass_yds_400"":0,""points"":19.3,""points_half"":19.3,""points_ppr"":19.3,""ret_tds"":0,""rush_att"":6.64,""rush_tds"":0.1,""rush_yds"":27.6,""rush_yds_100"":0,""rush_yds_200"":0,""scrimage_yards_100"":0,""scrimage_yards_200"":0}"
20156,15241,Mac Jones,QB,QB,SF,20.895,calculated,19.26,19.26,19.26,"{""2pt_tds"":0,""fumbles"":0.15,""pass_att"":46.92,""pass_cmp"":31.51,""pass_ints"":0.93,""pass_tds"":1.65,""pass_yds"":293.68,""pass_yds_300"":0,""pass_yds_400"":0,""points"":19.26,""points_half"":19.26,""points_ppr"":19.26,""ret_tds"":0,""rush_att"":5.36,""rush_tds"":0.04,""rush_yds"":18.88,""rush_yds_100"":0,""rush_yds_200"":0,""scrimage_yards_100"":0,""scrimage_yards_200"":0}"
25227,16160,Clayton Tune,QB,QB,FA,20.882,calculated,19.32,19.32,19.32,"{""2pt_tds"":0,""fumbles"":0.18,""pass_att"":48.35,""pass_cmp"":30.9,""pass_ints"":1.45,""pass_tds"":1.57,""pass_yds"":305.62,""pass_yds_300"":0,""pass_yds_400"":0,""points"":19.32,""points_half"":19.32,""points_ppr"":19.32,""ret_tds"":0,""rush_att"":5.69,""rush_tds"":0.09,""rush_yds"":20.77,""rush_yds_100"":0,""rush_yds_200"":0,""scrimage_yards_100"":0,""scrimage_yards_200"":0}"
22722,15692,Kenny Pickett,QB,QB,CAR,20.567,calculated,18.91,18.91,18.91,"{""2pt_tds"":0,""fumbles"":0.46,""pass_att"":43.83,""pass_cmp"":28.44,""pass_ints"":1.16,""pass_tds"":1.64,""pass_yds"":283.34,""pass_yds_300"":0,""pass_yds_400"":0,""points"":18.91,""points_half"":18.91,""points_ppr"":18.91,""ret_tds"":0,""rush_att"":7.08,""rush_tds"":0.16,""rush_yds"":21.53,""rush_yds_100"":0,""rush_yds_200"":0,""scrimage_yards_100"":0,""scrimage_yards_200"":0}"
13890,12141,Marcus Mariota,QB,QB,WAS,20.36,calculated,18.88,18.88,18.88,"{""2pt_tds"":0,""fumbles"":0.23,""pass_att"":42.58,""pass_cmp"":26.43,""pass_ints"":1.23,""pass_tds"":1.47,""pass_yds"":272.22,""pass_yds_300"":0,""pass_yds_400"":0,""points"":18.88,""points_half"":18.88,""points_ppr"":18.88,""ret_tds"":0,""rush_att"":6.86,""rush_tds"":0.13,""rush_yds"":30.31,""rush_yds_100"":0,""rush_yds_200"":0,""scrimage_yards_100"":0,""scrimage_yards_200"":0}"
19800,15242,Kyle Trask,QB,QB,CAR,19.804,calculated,18.06,18.06,18.06,"{""2pt_tds"":0,""fumbles"":0.18,""pass_att"":44.77,""pass_cmp"":26.93,""pass_ints"":0.94,""pass_tds"":1.73,""pass_yds"":265.54,""pass_yds_300"":0,""pass_yds_400"":0,""points"":18.06,""points_half"":18.06,""points_ppr"":18.06,""ret_tds"":0,""rush_att"":5.46,""rush_tds"":0.08,""rush_yds"":13.52,""rush_yds_100"":0,""rush_yds_200"":0,""scrimage_yards_100"":0,""scrimage_yards_200"":0}"
17234,13595,Mason Rudolph,QB,QB,PIT,19.719,calculated,18.03,18.03,18.03,"{""2pt_tds"":0,""fumbles"":0.21,""pass_att"":43.98,""pass_cmp"":27.11,""pass_ints"":1.2,""pass_tds"":1.67,""pass_yds"":281.02,""pass_yds_300"":0,""pass_yds_400"":0,""points"":18.03,""points_half"":18.03,""points_ppr"":18.03,""ret_tds"":0,""rush_att"":4.86,""rush_tds"":0.05,""rush_yds"":14.48,""rush_yds_100"":0,""rush_yds_200"":0,""scrimage_yards_100"":0,""scrimage_yards_200"":0}"
9907,10313,Andy Dalton,QB,QB,PHI,19.361,calculated,17.8,17.8,17.8,"{""2pt_tds"":0,""fumbles"":0.12,""pass_att"":45.53,""pass_cmp"":28.53,""pass_ints"":0.93,""pass_tds"":1.54,""pass_yds"":270.27,""pass_yds_300"":0,""pass_yds_400"":0,""points"":17.8,""points_half"":17.8,""points_ppr"":17.8,""ret_tds"":0,""rush_att"":4.72,""rush_tds"":0.06,""rush_yds"":16.6,""rush_yds_100"":0,""rush_yds_200"":0,""scrimage_yards_100"":0,""scrimage_yards_200"":0}"
11174,10697,Ryan Tannehill,QB,QB,FA,17.18,calculated,16.18,16.18,16.18,"{""2pt_tds"":0,""fumbles"":0,""pass_att"":0,""pass_cmp"":0,""pass_ints"":1,""pass_tds"":1,""pass_yds"":207,""pass_yds_300"":0,""pass_yds_400"":0,""points"":16.18,""points_half"":16.18,""points_ppr"":16.18,""ret_tds"":0,""rush_att"":0,""rush_tds"":0,""rush_yds"":49,""rush_yds_100"":0,""rush_yds_200"":0,""scrimage_yards_100"":0,""scrimage_yards_200"":0}"
19297,14789,Tyler Huntley,QB,QB,BAL,14.48,calculated,13.48,13.48,13.48,"{""2pt_tds"":0,""fumbles"":0,""pass_att"":0,""pass_cmp"":0,""pass_ints"":1,""pass_tds"":1,""pass_yds"":202,""pass_yds_300"":0,""pass_yds_400"":0,""points"":13.48,""points_half"":13.48,""points_ppr"":13.48,""ret_tds"":0,""rush_att"":0,""rush_tds"":0,""rush_yds"":24,""rush_yds_100"":0,""rush_yds_200"":0,""scrimage_yards_100"":0,""scrimage_yards_200"":0}"
18446,14069,Easton Stick,QB,QB,IND,13.9,calculated,12.9,12.9,12.9,"{""2pt_tds"":0,""fumbles"":0,""pass_att"":0,""pass_cmp"":0,""pass_ints"":1,""pass_tds"":1,""pass_yds"":215,""pass_yds_300"":0,""pass_yds_400"":0,""points"":12.9,""points_half"":12.9,""points_ppr"":12.9,""ret_tds"":0,""rush_att"":0,""rush_tds"":0,""rush_yds"":13,""rush_yds_100"":0,""rush_yds_200"":0,""scrimage_yards_100"":0,""scrimage_yards_200"":0}"
22679,15239,Zach Wilson,QB,QB,NO,13.7,calculated,12.7,12.7,12.7,"{""2pt_tds"":0,""fumbles"":0,""pass_att"":0,""pass_cmp"":0,""pass_ints"":1,""pass_tds"":1,""pass_yds"":200,""pass_yds_300"":0,""pass_yds_400"":0,""points"":12.7,""points_half"":12.7,""points_ppr"":12.7,""ret_tds"":0,""rush_att"":0,""rush_tds"":0,""rush_yds"":17,""rush_yds_100"":0,""rush_yds_200"":0,""scrimage_yards_100"":0,""scrimage_yards_200"":0}"
24073,16154,Jaren Hall,QB,QB,FA,13.56,calculated,12.56,12.56,12.56,"{""2pt_tds"":0,""fumbles"":0,""pass_att"":0,""pass_cmp"":0,""pass_ints"":1,""pass_tds"":1,""pass_yds"":174,""pass_yds_300"":0,""pass_yds_400"":0,""points"":12.56,""points_half"":12.56,""points_ppr"":12.56,""ret_tds"":0,""rush_att"":0,""rush_tds"":0,""rush_yds"":26,""rush_yds_100"":0,""rush_yds_200"":0,""scrimage_yards_100"":0,""scrimage_yards_200"":0}"
25746,16441,Tommy DeVito,QB,QB,NE,13.3,calculated,12.3,12.3,12.3,"{""2pt_tds"":0,""fumbles"":0,""pass_att"":0,""pass_cmp"":0,""pass_ints"":1,""pass_tds"":1,""pass_yds"":190,""pass_yds_300"":0,""pass_yds_400"":0,""points"":12.3,""points_half"":12.3,""points_ppr"":12.3,""ret_tds"":0,""rush_att"":0,""rush_tds"":0,""rush_yds"":17,""rush_yds_100"":0,""rush_yds_200"":0,""scrimage_yards_100"":0,""scrimage_yards_200"":0}"
20082,15240,Trey Lance,QB,QB,LAC,12.93,calculated,11.93,11.93,11.93,"{""2pt_tds"":0,""fumbles"":0,""pass_att"":24,""pass_cmp"":15,""pass_ints"":1,""pass_tds"":1,""pass_yds"":177,""pass_yds_300"":0,""pass_yds_400"":0,""points"":11.93,""points_half"":11.93,""points_ppr"":11.93,""ret_tds"":0,""rush_att"":5,""rush_tds"":0,""rush_yds"":18.5,""rush_yds_100"":0,""rush_yds_200"":0,""scrimage_yards_100"":0,""scrimage_yards_200"":0}"
25226,16588,Michael Pratt,QB,QB,FA,12.8,calculated,11.8,11.8,11.8,"{""2pt_tds"":0,""fumbles"":0,""pass_att"":0,""pass_cmp"":0,""pass_ints"":1,""pass_tds"":1,""pass_yds"":190,""pass_yds_300"":0,""pass_yds_400"":0,""points"":11.8,""points_half"":11.8,""points_ppr"":11.8,""ret_tds"":0,""rush_att"":0,""rush_tds"":0,""rush_yds"":12,""rush_yds_100"":0,""rush_yds_200"":0,""scrimage_yards_100"":0,""scrimage_yards_200"":0}"
25377,16589,Jordan Travis,QB,QB,FA,12.52,calculated,11.52,11.52,11.52,"{""2pt_tds"":0,""fumbles"":0,""pass_att"":0,""pass_cmp"":0,""pass_ints"":1,""pass_tds"":1,""pass_yds"":188,""pass_yds_300"":0,""pass_yds_400"":0,""points"":11.52,""points_half"":11.52,""points_ppr"":11.52,""ret_tds"":0,""rush_att"":0,""rush_tds"":0,""rush_yds"":10,""rush_yds_100"":0,""rush_yds_200"":0,""scrimage_yards_100"":0,""scrimage_yards_200"":0}"
25967,16585,Joe Milton III,QB,QB,DAL,11.3,calculated,10.3,10.3,10.3,"{""2pt_tds"":0,""fumbles"":1,""pass_att"":0,""pass_cmp"":0,""pass_ints"":1,""pass_tds"":1,""pass_yds"":190,""pass_yds_300"":0,""pass_yds_400"":0,""points"":10.3,""points_half"":10.3,""points_ppr"":10.3,""ret_tds"":0,""rush_att"":0,""rush_tds"":0,""rush_yds"":17,""rush_yds_100"":0,""rush_yds_200"":0,""scrimage_yards_100"":0,""scrimage_yards_200"":0}"
17869,13879,Kyle Allen,QB,QB,BUF,10.96,calculated,9.96,9.96,9.96,"{""2pt_tds"":0,""fumbles"":0,""pass_att"":0,""pass_cmp"":0,""pass_ints"":1,""pass_tds"":1,""pass_yds"":149,""pass_yds_300"":0,""pass_yds_400"":0,""points"":9.96,""points_half"":9.96,""points_ppr"":9.96,""ret_tds"":0,""rush_att"":0,""rush_tds"":0,""rush_yds"":10,""rush_yds_100"":0,""rush_yds_200"":0,""scrimage_yards_100"":0,""scrimage_yards_200"":0}"
20073,16313,Sean Clifford,QB,QB,CIN,10.96,calculated,9.96,9.96,9.96,"{""2pt_tds"":0,""fumbles"":0,""pass_att"":0,""pass_cmp"":0,""pass_ints"":1,""pass_tds"":1,""pass_yds"":154,""pass_yds_300"":0,""pass_yds_400"":0,""points"":9.96,""points_half"":9.96,""points_ppr"":9.96,""ret_tds"":0,""rush_att"":0,""rush_tds"":0,""rush_yds"":8,""rush_yds_100"":0,""rush_yds_200"":0,""scrimage_yards_100"":0,""scrimage_yards_200"":0}"
17447,13598,Mike White,QB,QB,FA,10.9,calculated,9.9,9.9,9.9,"{""2pt_tds"":0,""fumbles"":0,""pass_att"":0,""pass_cmp"":0,""pass_ints"":1,""pass_tds"":1,""pass_yds"":155,""pass_yds_300"":0,""pass_yds_400"":0,""points"":9.9,""points_half"":9.9,""points_ppr"":9.9,""ret_tds"":0,""rush_att"":0,""rush_tds"":0,""rush_yds"":7,""rush_yds_100"":0,""rush_yds_200"":0,""scrimage_yards_100"":0,""scrimage_yards_200"":0}"
24027,15696,Bailey Zappe,QB,QB,NYJ,10.7,calculated,9.7,9.7,9.7,"{""2pt_tds"":0,""fumbles"":0,""pass_att"":0,""pass_cmp"":0,""pass_ints"":1,""pass_tds"":1,""pass_yds"":140,""pass_yds_300"":0,""pass_yds_400"":0,""points"":9.7,""points_half"":9.7,""points_ppr"":9.7,""ret_tds"":0,""rush_att"":0,""rush_tds"":0,""rush_yds"":11,""rush_yds_100"":0,""rush_yds_200"":0,""scrimage_yards_100"":0,""scrimage_yards_200"":0}"
16419,13125,C.J. Beathard,QB,QB,FA,10.7,calculated,9.7,9.7,9.7,"{""2pt_tds"":0,""fumbles"":0,""pass_att"":0,""pass_cmp"":0,""pass_ints"":1,""pass_tds"":1,""pass_yds"":140,""pass_yds_300"":0,""pass_yds_400"":0,""points"":9.7,""points_half"":9.7,""points_ppr"":9.7,""ret_tds"":0,""rush_att"":0,""rush_tds"":0,""rush_yds"":11,""rush_yds_100"":0,""rush_yds_200"":0,""scrimage_yards_100"":0,""scrimage_yards_200"":0}"
24728,16156,Jake Haener,QB,QB,NYG,10.56,calculated,9.56,9.56,9.56,"{""2pt_tds"":0,""fumbles"":0,""pass_att"":17,""pass_cmp"":11,""pass_ints"":0,""pass_tds"":1,""pass_yds"":119,""pass_yds_300"":0,""pass_yds_400"":0,""points"":9.56,""points_half"":9.56,""points_ppr"":9.56,""ret_tds"":0,""rush_att"":2,""rush_tds"":0,""rush_yds"":8,""rush_yds_100"":0,""rush_yds_200"":0,""scrimage_yards_100"":0,""scrimage_yards_200"":0}"
23927,16153,Stetson Bennett IV,QB,QB,LAR,9.98,calculated,8.98,8.98,8.98,"{""2pt_tds"":0,""fumbles"":0,""pass_att"":0,""pass_cmp"":0,""pass_ints"":0,""pass_tds"":1,""pass_yds"":92,""pass_yds_300"":0,""pass_yds_400"":0,""points"":8.98,""points_half"":8.98,""points_ppr"":8.98,""ret_tds"":0,""rush_att"":0,""rush_tds"":0,""rush_yds"":13,""rush_yds_100"":0,""rush_yds_200"":0,""scrimage_yards_100"":0,""scrimage_yards_200"":0}"
24340,16587,Sam Hartman,QB,QB,WAS,9.7,calculated,8.7,8.7,8.7,"{""2pt_tds"":0,""fumbles"":0,""pass_att"":0,""pass_cmp"":0,""pass_ints"":0,""pass_tds"":1,""pass_yds"":100,""pass_yds_300"":0,""pass_yds_400"":0,""points"":8.7,""points_half"":8.7,""points_ppr"":8.7,""ret_tds"":0,""rush_att"":0,""rush_tds"":0,""rush_yds"":7,""rush_yds_100"":0,""rush_yds_200"":0,""scrimage_yards_100"":0,""scrimage_yards_200"":0}"
24740,15702,Tanner McKee,QB,QB,PHI,9.0,calculated,8,8,8,"{""2pt_tds"":0,""fumbles"":0,""pass_att"":0,""pass_cmp"":0,""pass_ints"":0,""pass_tds"":1,""pass_yds"":80,""pass_yds_300"":0,""pass_yds_400"":0,""points"":8,""points_half"":8,""points_ppr"":8,""ret_tds"":0,""rush_att"":0,""rush_tds"":0,""rush_yds"":8,""rush_yds_100"":0,""rush_yds_200"":0,""scrimage_yards_100"":0,""scrimage_yards_200"":0}"
20086,16158,Dorian Thompson-Robinson,QB,QB,FA,8.96,calculated,8.46,8.46,8.46,"{""2pt_tds"":0,""fumbles"":0,""pass_att"":25,""pass_cmp"":14,""pass_ints"":0.5,""pass_tds"":0.5,""pass_yds"":121.5,""pass_yds_300"":0,""pass_yds_400"":0,""points"":8.46,""points_half"":8.46,""points_ppr"":8.46,""ret_tds"":0,""rush_att"":5,""rush_tds"":0,""rush_yds"":21,""rush_yds_100"":0,""rush_yds_200"":0,""scrimage_yards_100"":0,""scrimage_yards_200"":0}"
19803,15250,Sam Ehlinger,QB,QB,DEN,8.84,calculated,7.84,7.84,7.84,"{""2pt_tds"":0,""fumbles"":0,""pass_att"":0,""pass_cmp"":0,""pass_ints"":0,""pass_tds"":1,""pass_yds"":76,""pass_yds_300"":0,""pass_yds_400"":0,""points"":7.84,""points_half"":7.84,""points_ppr"":7.84,""ret_tds"":0,""rush_att"":0,""rush_tds"":0,""rush_yds"":8,""rush_yds_100"":0,""rush_yds_200"":0,""scrimage_yards_100"":0,""scrimage_yards_200"":0}"
24698,16591,Devin Leary,QB,QB,FA,2.6,calculated,2.6,2.6,2.6,"{""2pt_tds"":0,""fumbles"":0,""pass_att"":0,""pass_cmp"":0,""pass_ints"":0,""pass_tds"":0,""pass_yds"":65,""pass_yds_300"":0,""pass_yds_400"":0,""points"":2.6,""points_half"":2.6,""points_ppr"":2.6,""ret_tds"":0,""rush_att"":0,""rush_tds"":0,""rush_yds"":0,""rush_yds_100"":0,""rush_yds_200"":0,""scrimage_yards_100"":0,""scrimage_yards_200"":0}"
16393,13130,Christian McCaffrey,RB,RB,SF,280.603,calculated,280.62,315.58,350.55,"{""2pt_tds"":0,""fumbles"":1.73,""points"":280.62,""points_half"":315.58,""points_ppr"":350.55,""rec_rec"":69.93,""rec_tds"":4.81,""rec_yds"":567.3,""rec_yds_100"":0,""rec_yds_200"":0,""ret_tds"":0,""rush_att"":272.44,""rush_tds"":11.59,""rush_yds"":1289.33,""rush_yds_100"":0,""rush_yds_200"":0,""scrimage_yards_100"":0,""scrimage_yards_200"":0}"
22982,15708,Breece Hall,RB,RB,NYJ,234.834,calculated,234.79,268.2,301.62,"{""2pt_tds"":0,""fumbles"":1.38,""points"":234.79,""points_half"":268.2,""points_ppr"":301.62,""rec_rec"":66.83,""rec_tds"":3.84,""rec_yds"":530.18,""rec_yds_100"":0,""rec_yds_200"":0,""ret_tds"":0,""rush_att"":249.48,""rush_tds"":8.1,""rush_yds"":1129.36,""rush_yds_100"":0,""rush_yds_200"":0,""scrimage_yards_100"":0,""scrimage_yards_200"":0}"
23133,16161,Bijan Robinson,RB,RB,ATL,232.843,calculated,232.85,265.74,298.63,"{""2pt_tds"":0,""fumbles"":2.21,""points"":232.85,""points_half"":265.74,""points_ppr"":298.63,""rec_rec"":65.78,""rec_tds"":4.32,""rec_yds"":549.76,""rec_yds_100"":0,""rec_yds_200"":0,""ret_tds"":0,""rush_att"":243.84,""rush_tds"":7.38,""rush_yds"":1120.87,""rush_yds_100"":0,""rush_yds_200"":0,""scrimage_yards_100"":0,""scrimage_yards_200"":0}"
19217,14802,Jonathan Taylor,RB,RB,IND,222.423,calculated,222.43,241.07,259.7,"{""2pt_tds"":0,""fumbles"":1.38,""points"":222.43,""points_half"":241.07,""points_ppr"":259.7,""rec_rec"":37.27,""rec_tds"":1.62,""rec_yds"":279.18,""rec_yds_100"":0,""rec_yds_200"":0,""ret_tds"":0,""rush_att"":283.58,""rush_tds"":10.08,""rush_yds"":1270.65,""rush_yds_100"":0,""rush_yds_200"":0,""scrimage_yards_100"":0,""scrimage_yards_200"":0}"
17240,13604,Saquon Barkley,RB,RB,PHI,217.841,calculated,217.85,241.87,265.89,"{""2pt_tds"":0,""fumbles"":1.67,""points"":217.85,""points_half"":241.87,""points_ppr"":265.89,""rec_rec"":48.04,""rec_tds"":2.98,""rec_yds"":347.46,""rec_yds_100"":0,""rec_yds_200"":0,""ret_tds"":0,""rush_att"":268.77,""rush_tds"":9.3,""rush_yds"":1127.55,""rush_yds_100"":0,""rush_yds_200"":0,""scrimage_yards_100"":0,""scrimage_yards_200"":0}"
15514,12626,Derrick Henry,RB,RB,BAL,210.85,calculated,210.86,223.29,235.73,"{""2pt_tds"":0,""fumbles"":0.96,""points"":210.86,""points_half"":223.29,""points_ppr"":235.73,""rec_rec"":24.87,""rec_tds"":0.88,""rec_yds"":199.16,""rec_yds_100"":0,""rec_yds_200"":0,""ret_tds"":0,""rush_att"":269.12,""rush_tds"":11.21,""rush_yds"":1203.14,""rush_yds_100"":0,""rush_yds_200"":0,""scrimage_yards_100"":0,""scrimage_yards_200"":0}"
23059,15710,Kyren Williams,RB,RB,LAR,204.607,calculated,204.62,221.83,239.04,"{""2pt_tds"":0,""fumbles"":1.7,""points"":204.62,""points_half"":221.83,""points_ppr"":239.04,""rec_rec"":34.42,""rec_tds"":1.94,""rec_yds"":251.2,""rec_yds_100"":0,""rec_yds_200"":0,""ret_tds"":0,""rush_att"":245.44,""rush_tds"":9.95,""rush_yds"":1115.47,""rush_yds_100"":0,""rush_yds_200"":0,""scrimage_yards_100"":0,""scrimage_yards_200"":0}"
22968,16162,Jahmyr Gibbs,RB,RB,DET,193.931,calculated,193.88,221.19,248.51,"{""2pt_tds"":0,""fumbles"":1.37,""points"":193.88,""points_half"":221.19,""points_ppr"":248.51,""rec_rec"":54.63,""rec_tds"":2.17,""rec_yds"":388.84,""rec_yds_100"":0,""rec_yds_200"":0,""ret_tds"":0,""rush_att"":202.55,""rush_tds"":8.43,""rush_yds"":941.87,""rush_yds_100"":0,""rush_yds_200"":0,""scrimage_yards_100"":0,""scrimage_yards_200"":0}"
18269,14073,Josh Jacobs,RB,RB,GB,193.619,calculated,193.61,213.58,233.56,"{""2pt_tds"":0,""fumbles"":1.06,""points"":193.61,""points_half"":213.58,""points_ppr"":233.56,""rec_rec"":39.95,""rec_tds"":1.16,""rec_yds"":303.44,""rec_yds_100"":0,""rec_yds_200"":0,""ret_tds"":0,""rush_att"":258.19,""rush_tds"":8.65,""rush_yds"":1065.35,""rush_yds_100"":0,""rush_yds_200"":0,""scrimage_yards_100"":0,""scrimage_yards_200"":0}"
19231,15253,Travis Etienne Jr.,RB,RB,NO,192.05,calculated,192.05,215.08,238.11,"{""2pt_tds"":0,""fumbles"":1.29,""points"":192.05,""points_half"":215.08,""points_ppr"":238.11,""rec_rec"":46.06,""rec_tds"":1.21,""rec_yds"":358.11,""rec_yds_100"":0,""rec_yds_200"":0,""ret_tds"":0,""rush_att"":250.1,""rush_tds"":8.17,""rush_yds"":1025.39,""rush_yds_100"":0,""rush_yds_200"":0,""scrimage_yards_100"":0,""scrimage_yards_200"":0}"
24333,15749,Isiah Pacheco,RB,RB,DET,191.921,calculated,191.91,211.29,230.67,"{""2pt_tds"":0,""fumbles"":1.41,""points"":191.91,""points_half"":211.29,""points_ppr"":230.67,""rec_rec"":38.76,""rec_tds"":1.9,""rec_yds"":258.18,""rec_yds_100"":0,""rec_yds_200"":0,""ret_tds"":0,""rush_att"":238.08,""rush_tds"":8.52,""rush_yds"":1064.03,""rush_yds_100"":0,""rush_yds_200"":0,""scrimage_yards_100"":0,""scrimage_yards_200"":0}"
22958,15715,James Cook III,RB,RB,BUF,186.321,calculated,186.28,208.79,231.3,"{""2pt_tds"":0,""fumbles"":1.41,""points"":186.28,""points_half"":208.79,""points_ppr"":231.3,""rec_rec"":45.02,""rec_tds"":2.84,""rec_yds"":382.4,""rec_yds_100"":0,""rec_yds_200"":0,""ret_tds"":0,""rush_att"":231.7,""rush_tds"":5.09,""rush_yds"":1033.21,""rush_yds_100"":0,""rush_yds_200"":0,""scrimage_yards_100"":0,""scrimage_yards_200"":0}"
23136,16167,De'Von Achane,RB,RB,MIA,184.47,calculated,184.43,207.15,229.86,"{""2pt_tds"":0,""fumbles"":0.93,""points"":184.43,""points_half"":207.15,""points_ppr"":229.86,""rec_rec"":45.43,""rec_tds"":2.88,""rec_yds"":348.35,""rec_yds_100"":0,""rec_yds_200"":0,""ret_tds"":0,""rush_att"":175.04,""rush_tds"":7.25,""rush_yds"":907.15,""rush_yds_100"":0,""rush_yds_200"":0,""scrimage_yards_100"":0,""scrimage_yards_200"":0}"
16420,13131,Joe Mixon,RB,RB,FA,183.373,calculated,183.38,203.41,223.44,"{""2pt_tds"":0,""fumbles"":0.87,""points"":183.38,""points_half"":203.41,""points_ppr"":223.44,""rec_rec"":40.06,""rec_tds"":2.16,""rec_yds"":304.38,""rec_yds_100"":0,""rec_yds_200"":0,""ret_tds"":0,""rush_att"":244.76,""rush_tds"":7.59,""rush_yds"":961.75,""rush_yds_100"":0,""rush_yds_200"":0,""scrimage_yards_100"":0,""scrimage_yards_200"":0}"
23891,15721,Rachaad White,RB,RB,WAS,181.18,calculated,181.16,207.44,233.72,"{""2pt_tds"":0,""fumbles"":1.72,""points"":181.16,""points_half"":207.44,""points_ppr"":233.72,""rec_rec"":52.57,""rec_tds"":2.44,""rec_yds"":395.93,""rec_yds_100"":0,""rec_yds_200"":0,""ret_tds"":0,""rush_att"":235.23,""rush_tds"":6.5,""rush_yds"":913.87,""rush_yds_100"":0,""rush_yds_200"":0,""scrimage_yards_100"":0,""scrimage_yards_200"":0}"
23021,15711,Kenneth Walker III,RB,RB,KC,181.131,calculated,181.09,195.63,210.16,"{""2pt_tds"":0,""fumbles"":0.9,""points"":181.09,""points_half"":195.63,""points_ppr"":210.16,""rec_rec"":29.08,""rec_tds"":1.03,""rec_yds"":224.23,""rec_yds_100"":0,""rec_yds_200"":0,""ret_tds"":0,""rush_att"":240.89,""rush_tds"":8.96,""rush_yds"":1005.68,""rush_yds_100"":0,""rush_yds_200"":0,""scrimage_yards_100"":0,""scrimage_yards_200"":0}"
16421,13132,Alvin Kamara,RB,RB,NO,169.707,calculated,169.76,202.77,235.78,"{""2pt_tds"":0,""fumbles"":0.92,""points"":169.76,""points_half"":202.77,""points_ppr"":235.78,""rec_rec"":66.01,""rec_tds"":2.18,""rec_yds"":467.25,""rec_yds_100"":0,""rec_yds_200"":0,""ret_tds"":0,""rush_att"":204.73,""rush_tds"":5.25,""rush_yds"":802.42,""rush_yds_100"":0,""rush_yds_200"":0,""scrimage_yards_100"":0,""scrimage_yards_200"":0}"
18239,14071,David Montgomery,RB,RB,HOU,169.519,calculated,169.52,180.72,191.92,"{""2pt_tds"":0,""fumbles"":0.9,""points"":169.52,""points_half"":180.72,""points_ppr"":191.92,""rec_rec"":22.39,""rec_tds"":0.82,""rec_yds"":167.55,""rec_yds_100"":0,""rec_yds_200"":0,""ret_tds"":0,""rush_att"":205.1,""rush_tds"":9.9,""rush_yds"":902.44,""rush_yds_100"":0,""rush_yds_200"":0,""scrimage_yards_100"":0,""scrimage_yards_200"":0}"
16673,13319,Aaron Jones Sr.,RB,RB,MIN,160.62,calculated,160.64,182.04,203.43,"{""2pt_tds"":0,""fumbles"":0.99,""points"":160.64,""points_half"":182.04,""points_ppr"":203.43,""rec_rec"":42.79,""rec_tds"":1.94,""rec_yds"":313.52,""rec_yds_100"":0,""rec_yds_200"":0,""ret_tds"":0,""rush_att"":189.32,""rush_tds"":5.45,""rush_yds"":869.08,""rush_yds_100"":0,""rush_yds_200"":0,""scrimage_yards_100"":0,""scrimage_yards_200"":0}"
20095,15714,Zamir White,RB,RB,SF,158.536,calculated,158.58,175.04,191.5,"{""2pt_tds"":0,""fumbles"":1.31,""points"":158.58,""points_half"":175.04,""points_ppr"":191.5,""rec_rec"":32.92,""rec_tds"":0.79,""rec_yds"":229.92,""rec_yds_100"":0,""rec_yds_200"":0,""ret_tds"":0,""rush_att"":235.27,""rush_tds"":5.76,""rush_yds"":988.64,""rush_yds_100"":0,""rush_yds_200"":0,""scrimage_yards_100"":0,""scrimage_yards_200"":0}"
19302,15254,Najee Harris,RB,RB,NYG,157.514,calculated,157.48,171.81,186.13,"{""2pt_tds"":0,""fumbles"":0.95,""points"":157.48,""points_half"":171.81,""points_ppr"":186.13,""rec_rec"":28.65,""rec_tds"":1.16,""rec_yds"":180.77,""rec_yds_100"":0,""rec_yds_200"":0,""ret_tds"":0,""rush_att"":237.2,""rush_tds"":6.58,""rush_yds"":948.97,""rush_yds_100"":0,""rush_yds_200"":0,""scrimage_yards_100"":0,""scrimage_yards_200"":0}"
16447,13146,James Conner,RB,RB,ARI,157.229,calculated,157.19,173.47,189.76,"{""2pt_tds"":0,""fumbles"":0.88,""points"":157.19,""points_half"":173.47,""points_ppr"":189.76,""rec_rec"":32.58,""rec_tds"":1.42,""rec_yds"":222.19,""rec_yds_100"":0,""rec_yds_200"":0,""ret_tds"":0,""rush_att"":201.56,""rush_tds"":6.66,""rush_yds"":882.9,""rush_yds_100"":0,""rush_yds_200"":0,""scrimage_yards_100"":0,""scrimage_yards_200"":0}"
14338,12447,Raheem Mostert,RB,RB,LV,155.123,calculated,155.08,167.76,180.44,"{""2pt_tds"":0,""fumbles"":0.97,""points"":155.08,""points_half"":167.76,""points_ppr"":180.44,""rec_rec"":25.37,""rec_tds"":1.33,""rec_yds"":179.17,""rec_yds_100"":0,""rec_yds_200"":0,""ret_tds"":0,""rush_att"":168.7,""rush_tds"":8.46,""rush_yds"":804.06,""rush_yds_100"":0,""rush_yds_200"":0,""scrimage_yards_100"":0,""scrimage_yards_200"":0}"
22726,15259,Rhamondre Stevenson,RB,RB,NE,152.195,calculated,152.16,172.68,193.2,"{""2pt_tds"":0,""fumbles"":0.99,""points"":152.16,""points_half"":172.68,""points_ppr"":193.2,""rec_rec"":41.04,""rec_tds"":0.82,""rec_yds"":282.22,""rec_yds_100"":0,""rec_yds_200"":0,""ret_tds"":0,""rush_att"":208.92,""rush_tds"":5.65,""rush_yds"":871.33,""rush_yds_100"":0,""rush_yds_200"":0,""scrimage_yards_100"":0,""scrimage_yards_200"":0}"
18705,14085,Tony Pollard,RB,RB,TEN,145.775,calculated,145.79,162.87,179.95,"{""2pt_tds"":0,""fumbles"":0.93,""points"":145.79,""points_half"":162.87,""points_ppr"":179.95,""rec_rec"":34.15,""rec_tds"":0.86,""rec_yds"":236.68,""rec_yds_100"":0,""rec_yds_200"":0,""ret_tds"":0,""rush_att"":197.5,""rush_tds"":5.7,""rush_yds"":846.07,""rush_yds_100"":0,""rush_yds_200"":0,""scrimage_yards_100"":0,""scrimage_yards_200"":0}"
19210,14797,D'Andre Swift,RB,RB,CHI,144.912,calculated,144.9,163.18,181.45,"{""2pt_tds"":0,""fumbles"":1,""points"":144.9,""points_half"":163.18,""points_ppr"":181.45,""rec_rec"":36.55,""rec_tds"":1.61,""rec_yds"":251.84,""rec_yds_100"":0,""rec_yds_200"":0,""ret_tds"":0,""rush_att"":178.27,""rush_tds"":5.17,""rush_yds"":810.48,""rush_yds_100"":0,""rush_yds_200"":0,""scrimage_yards_100"":0,""scrimage_yards_200"":0}"
22739,15256,Javonte Williams,RB,RB,DAL,143.425,calculated,143.45,164.07,184.69,"{""2pt_tds"":0,""fumbles"":0.93,""points"":143.45,""points_half"":164.07,""points_ppr"":184.69,""rec_rec"":41.23,""rec_tds"":1.53,""rec_yds"":247.14,""rec_yds_100"":0,""rec_yds_200"":0,""ret_tds"":0,""rush_att"":204.22,""rush_tds"":4.66,""rush_yds"":834.31,""rush_yds_100"":0,""rush_yds_200"":0,""scrimage_yards_100"":0,""scrimage_yards_200"":0}"
20094,15716,Brian Robinson Jr.,RB,RB,ATL,141.429,calculated,141.45,155.83,170.21,"{""2pt_tds"":0,""fumbles"":1.45,""points"":141.45,""points_half"":155.83,""points_ppr"":170.21,""rec_rec"":28.76,""rec_tds"":1.79,""rec_yds"":241.23,""rec_yds_100"":0,""rec_yds_200"":0,""ret_tds"":0,""rush_att"":185.35,""rush_tds"":5.31,""rush_yds"":776.06,""rush_yds_100"":0,""rush_yds_200"":0,""scrimage_yards_100"":0,""scrimage_yards_200"":0}"
18280,14080,Devin Singletary,RB,RB,NYG,137.932,calculated,137.95,154.47,170.99,"{""2pt_tds"":0,""fumbles"":0.96,""points"":137.95,""points_half"":154.47,""points_ppr"":170.99,""rec_rec"":33.04,""rec_tds"":0.68,""rec_yds"":212.85,""rec_yds_100"":0,""rec_yds_200"":0,""ret_tds"":0,""rush_att"":196.5,""rush_tds"":4.96,""rush_yds"":847.27,""rush_yds_100"":0,""rush_yds_200"":0,""scrimage_yards_100"":0,""scrimage_yards_200"":0}"
19263,14798,Zack Moss,RB,RB,FA,136.732,calculated,136.76,151.53,166.3,"{""2pt_tds"":0,""fumbles"":0.5,""points"":136.76,""points_half"":151.53,""points_ppr"":166.3,""rec_rec"":29.55,""rec_tds"":1.43,""rec_yds"":204.72,""rec_yds_100"":0,""rec_yds_200"":0,""ret_tds"":0,""rush_att"":170.28,""rush_tds"":5.82,""rush_yds"":737.6,""rush_yds_100"":0,""rush_yds_200"":0,""scrimage_yards_100"":0,""scrimage_yards_200"":0}"
17687,13850,Gus Edwards,RB,RB,FA,132.726,calculated,132.76,140.24,147.72,"{""2pt_tds"":0,""fumbles"":1.33,""points"":132.76,""points_half"":140.24,""points_ppr"":147.72,""rec_rec"":14.96,""rec_tds"":0.37,""rec_yds"":131.16,""rec_yds_100"":0,""rec_yds_200"":0,""ret_tds"":0,""rush_att"":183.91,""rush_tds"":6.99,""rush_yds"":781.1,""rush_yds_100"":0,""rush_yds_200"":0,""scrimage_yards_100"":0,""scrimage_yards_200"":0}"
24209,15742,Jaylen Warren,RB,RB,PIT,131.164,calculated,131.12,154.89,178.66,"{""2pt_tds"":0,""fumbles"":1.37,""points"":131.12,""points_half"":154.89,""points_ppr"":178.66,""rec_rec"":47.54,""rec_tds"":1.71,""rec_yds"":323.87,""rec_yds_100"":0,""rec_yds_200"":0,""ret_tds"":0,""rush_att"":142.4,""rush_tds"":3.92,""rush_yds"":677.37,""rush_yds_100"":0,""rush_yds_200"":0,""scrimage_yards_100"":0,""scrimage_yards_200"":0}"
25324,16181,Chase Brown,RB,RB,CIN,127.277,calculated,127.32,145.98,164.64,"{""2pt_tds"":0,""fumbles"":0.63,""points"":127.32,""points_half"":145.98,""points_ppr"":164.64,""rec_rec"":37.32,""rec_tds"":1.88,""rec_yds"":312.57,""rec_yds_100"":0,""rec_yds_200"":0,""ret_tds"":0,""rush_att"":142.43,""rush_tds"":4.03,""rush_yds"":618.2,""rush_yds_100"":0,""rush_yds_200"":0,""scrimage_yards_100"":0,""scrimage_yards_200"":0}"
15498,12625,Ezekiel Elliott,RB,RB,FA,126.024,calculated,126.07,140.66,155.25,"{""2pt_tds"":0,""fumbles"":0.96,""points"":126.07,""points_half"":140.66,""points_ppr"":155.25,""rec_rec"":29.18,""rec_tds"":1.33,""rec_yds"":193.81,""rec_yds_100"":0,""rec_yds_200"":0,""ret_tds"":0,""rush_att"":170.23,""rush_tds"":5.7,""rush_yds"":663.83,""rush_yds_100"":0,""rush_yds_200"":0,""scrimage_yards_100"":0,""scrimage_yards_200"":0}"
25323,16165,Tyjae Spears,RB,RB,TEN,124.812,calculated,124.79,146.46,168.13,"{""2pt_tds"":0,""fumbles"":0.88,""points"":124.79,""points_half"":146.46,""points_ppr"":168.13,""rec_rec"":43.34,""rec_tds"":1.57,""rec_yds"":335.98,""rec_yds_100"":0,""rec_yds_200"":0,""ret_tds"":0,""rush_att"":141.57,""rush_tds"":3.58,""rush_yds"":620.74,""rush_yds_100"":0,""rush_yds_200"":0,""scrimage_yards_100"":0,""scrimage_yards_200"":0}"
22921,15713,Jerome Ford,RB,RB,WAS,124.274,calculated,124.3,141.41,158.53,"{""2pt_tds"":0,""fumbles"":0.84,""points"":124.3,""points_half"":141.41,""points_ppr"":158.53,""rec_rec"":34.22,""rec_tds"":1.88,""rec_yds"":243.79,""rec_yds_100"":0,""rec_yds_200"":0,""ret_tds"":0,""rush_att"":168.71,""rush_tds"":4,""rush_yds"":662.95,""rush_yds_100"":0,""rush_yds_200"":0,""scrimage_yards_100"":0,""scrimage_yards_200"":0}"
16483,13404,Austin Ekeler,RB,RB,FA,122.849,calculated,122.82,145.98,169.14,"{""2pt_tds"":0,""fumbles"":1.69,""points"":122.82,""points_half"":145.98,""points_ppr"":169.14,""rec_rec"":46.33,""rec_tds"":2.02,""rec_yds"":366.95,""rec_yds_100"":0,""rec_yds_200"":0,""ret_tds"":0,""rush_att"":126.55,""rush_tds"":4.17,""rush_yds"":523.94,""rush_yds_100"":0,""rush_yds_200"":0,""scrimage_yards_100"":0,""scrimage_yards_200"":0}"
17246,13610,Nick Chubb,RB,RB,FA,118.566,calculated,118.59,127.31,136.04,"{""2pt_tds"":0,""fumbles"":0.85,""points"":118.59,""points_half"":127.31,""points_ppr"":136.04,""rec_rec"":17.45,""rec_tds"":0.61,""rec_yds"":138.15,""rec_yds_100"":0,""rec_yds_200"":0,""ret_tds"":0,""rush_att"":149.69,""rush_tds"":5.02,""rush_yds"":726.71,""rush_yds_100"":0,""rush_yds_200"":0,""scrimage_yards_100"":0,""scrimage_yards_200"":0}"
26148,16597,Jonathon Brooks,RB,RB,CAR,113.161,calculated,113.15,124.71,136.28,"{""2pt_tds"":0,""fumbles"":1.55,""points"":113.15,""points_half"":124.71,""points_ppr"":136.28,""rec_rec"":23.13,""rec_tds"":0.89,""rec_yds"":177.95,""rec_yds_100"":0,""rec_yds_200"":0,""ret_tds"":0,""rush_att"":152.14,""rush_tds"":4.45,""rush_yds"":664.26,""rush_yds_100"":0,""rush_yds_200"":0,""scrimage_yards_100"":0,""scrimage_yards_200"":0}"
19245,14800,J.K. Dobbins,RB,RB,DEN,108.248,calculated,108.21,120.67,133.13,"{""2pt_tds"":0,""fumbles"":0.89,""points"":108.21,""points_half"":120.67,""points_ppr"":133.13,""rec_rec"":24.92,""rec_tds"":1.5,""rec_yds"":188.41,""rec_yds_100"":0,""rec_yds_200"":0,""ret_tds"":0,""rush_att"":133.63,""rush_tds"":3.86,""rush_yds"":590.27,""rush_yds_100"":0,""rush_yds_200"":0,""scrimage_yards_100"":0,""scrimage_yards_200"":0}"
19792,15261,Chuba Hubbard,RB,RB,CAR,106.817,calculated,106.81,120.68,134.56,"{""2pt_tds"":0,""fumbles"":0.85,""points"":106.81,""points_half"":120.68,""points_ppr"":134.56,""rec_rec"":27.75,""rec_tds"":0.52,""rec_yds"":192.61,""rec_yds_100"":0,""rec_yds_200"":0,""ret_tds"":0,""rush_att"":156.35,""rush_tds"":3.99,""rush_yds"":621.96,""rush_yds_100"":0,""rush_yds_200"":0,""scrimage_yards_100"":0,""scrimage_yards_200"":0}"
19471,15723,Ty Chandler,RB,RB,NO,103.649,calculated,103.62,114.18,124.74,"{""2pt_tds"":0,""fumbles"":0.79,""points"":103.62,""points_half"":114.18,""points_ppr"":124.74,""rec_rec"":21.12,""rec_tds"":0.64,""rec_yds"":154.85,""rec_yds_100"":0,""rec_yds_200"":0,""ret_tds"":0,""rush_att"":146.58,""rush_tds"":4.34,""rush_yds"":598.64,""rush_yds_100"":0,""rush_yds_200"":0,""scrimage_yards_100"":0,""scrimage_yards_200"":0}"
23013,16593,Blake Corum,RB,RB,LAR,103.183,calculated,103.18,112.93,122.67,"{""2pt_tds"":0,""fumbles"":1.53,""points"":103.18,""points_half"":112.93,""points_ppr"":122.67,""rec_rec"":19.5,""rec_tds"":0.75,""rec_yds"":152.29,""rec_yds_100"":0,""rec_yds_200"":0,""ret_tds"":0,""rush_att"":138.3,""rush_tds"":4.61,""rush_yds"":588.54,""rush_yds_100"":0,""rush_yds_200"":0,""scrimage_yards_100"":0,""scrimage_yards_200"":0}"
19647,14823,Rico Dowdle,RB,RB,PIT,100.632,calculated,100.63,112.43,124.23,"{""2pt_tds"":0,""fumbles"":0.43,""points"":100.63,""points_half"":112.43,""points_ppr"":124.23,""rec_rec"":23.6,""rec_tds"":1.24,""rec_yds"":181.03,""rec_yds_100"":0,""rec_yds_200"":0,""ret_tds"":0,""rush_att"":140.05,""rush_tds"":3.57,""rush_yds"":545.29,""rush_yds_100"":0,""rush_yds_200"":0,""scrimage_yards_100"":0,""scrimage_yards_200"":0}"
24172,15712,Tyler Allgeier,RB,RB,ARI,100.13,calculated,100.12,110.66,121.2,"{""2pt_tds"":0,""fumbles"":0.78,""points"":100.12,""points_half"":110.66,""points_ppr"":121.2,""rec_rec"":21.08,""rec_tds"":1.18,""rec_yds"":167.14,""rec_yds_100"":0,""rec_yds_200"":0,""ret_tds"":0,""rush_att"":134.31,""rush_tds"":3.83,""rush_yds"":549.16,""rush_yds_100"":0,""rush_yds_200"":0,""scrimage_yards_100"":0,""scrimage_yards_200"":0}"
25388,16594,Trey Benson,RB,RB,ARI,97.465,calculated,97.49,107.03,116.57,"{""2pt_tds"":0,""fumbles"":1.53,""points"":97.49,""points_half"":107.03,""points_ppr"":116.57,""rec_rec"":19.07,""rec_tds"":0.86,""rec_yds"":139.39,""rec_yds_100"":0,""rec_yds_200"":0,""ret_tds"":0,""rush_att"":134.21,""rush_tds"":3.93,""rush_yds"":578.46,""rush_yds_100"":0,""rush_yds_200"":0,""scrimage_yards_100"":0,""scrimage_yards_200"":0}"
22763,15271,Khalil Herbert,RB,RB,SF,95.066,calculated,95.04,103.33,111.62,"{""2pt_tds"":0,""fumbles"":0.82,""points"":95.04,""points_half"":103.33,""points_ppr"":111.62,""rec_rec"":16.58,""rec_tds"":0.86,""rec_yds"":114.89,""rec_yds_100"":0,""rec_yds_200"":0,""ret_tds"":0,""rush_att"":148.13,""rush_tds"":3.39,""rush_yds"":597.17,""rush_yds_100"":0,""rush_yds_200"":0,""scrimage_yards_100"":0,""scrimage_yards_200"":0}"
19624,14852,Antonio Gibson,RB,RB,FA,94.755,calculated,94.79,113.83,132.88,"{""2pt_tds"":0,""fumbles"":1.37,""points"":94.79,""points_half"":113.83,""points_ppr"":132.88,""rec_rec"":38.09,""rec_tds"":1.19,""rec_yds"":286.2,""rec_yds_100"":0,""rec_yds_200"":0,""ret_tds"":0,""rush_att"":119.81,""rush_tds"":2.6,""rush_yds"":461.35,""rush_yds_100"":0,""rush_yds_200"":0,""scrimage_yards_100"":0,""scrimage_yards_200"":0}"
25876,16390,Jaleel McLaughlin,RB,RB,DEN,93.266,calculated,93.27,109.66,126.05,"{""2pt_tds"":0,""fumbles"":0.77,""points"":93.27,""points_half"":109.66,""points_ppr"":126.05,""rec_rec"":32.77,""rec_tds"":1.23,""rec_yds"":215.1,""rec_yds_100"":0,""rec_yds_200"":0,""ret_tds"":0,""rush_att"":102.64,""rush_tds"":2.68,""rush_yds"":498.36,""rush_yds_100"":0,""rush_yds_200"":0,""scrimage_yards_100"":0,""scrimage_yards_200"":0}"
23152,16169,Zach Charbonnet,RB,RB,SEA,90.537,calculated,90.53,106.42,122.31,"{""2pt_tds"":0,""fumbles"":0.78,""points"":90.53,""points_half"":106.42,""points_ppr"":122.31,""rec_rec"":31.78,""rec_tds"":0.83,""rec_yds"":213.14,""rec_yds_100"":0,""rec_yds_200"":0,""ret_tds"":0,""rush_att"":117.48,""rush_tds"":2.86,""rush_yds"":486.43,""rush_yds_100"":0,""rush_yds_200"":0,""scrimage_yards_100"":0,""scrimage_yards_200"":0}"
25981,16598,Bucky Irving,RB,RB,TB,79.762,calculated,79.7,90.19,100.68,"{""2pt_tds"":0,""fumbles"":1.5,""points"":79.7,""points_half"":90.19,""points_ppr"":100.68,""rec_rec"":20.99,""rec_tds"":0.96,""rec_yds"":164.82,""rec_yds_100"":0,""rec_yds_200"":0,""ret_tds"":0,""rush_att"":116.17,""rush_tds"":2.81,""rush_yds"":436.6,""rush_yds_100"":0,""rush_yds_200"":0,""scrimage_yards_100"":0,""scrimage_yards_200"":0}"
22969,15972,Jordan Mason,RB,RB,MIN,77.659,calculated,77.67,82.72,87.77,"{""2pt_tds"":0,""fumbles"":0.11,""points"":77.67,""points_half"":82.72,""points_ppr"":87.77,""rec_rec"":10.1,""rec_tds"":0.56,""rec_yds"":74.03,""rec_yds_100"":0,""rec_yds_200"":0,""ret_tds"":0,""rush_att"":100.3,""rush_tds"":3.82,""rush_yds"":441.96,""rush_yds_100"":0,""rush_yds_200"":0,""scrimage_yards_100"":0,""scrimage_yards_200"":0}"
23118,16604,MarShawn Lloyd,RB,RB,GB,76.754,calculated,76.75,85.2,93.65,"{""2pt_tds"":0,""fumbles"":1.1,""points"":76.75,""points_half"":85.2,""points_ppr"":93.65,""rec_rec"":16.9,""rec_tds"":0.91,""rec_yds"":131.48,""rec_yds_100"":0,""rec_yds_200"":0,""ret_tds"":0,""rush_att"":99.7,""rush_tds"":3.15,""rush_yds"":414.46,""rush_yds_100"":0,""rush_yds_200"":0,""scrimage_yards_100"":0,""scrimage_yards_200"":0}"
26191,16603,Ray Davis,RB,RB,BUF,73.878,calculated,73.88,82.21,90.54,"{""2pt_tds"":0,""fumbles"":0.79,""points"":73.88,""points_half"":82.21,""points_ppr"":90.54,""rec_rec"":16.66,""rec_tds"":0.87,""rec_yds"":136.67,""rec_yds_100"":0,""rec_yds_200"":0,""ret_tds"":0,""rush_att"":86.37,""rush_tds"":2.92,""rush_yds"":390.51,""rush_yds_100"":0,""rush_yds_200"":0,""scrimage_yards_100"":0,""scrimage_yards_200"":0}"
18621,14223,Alexander Mattison,RB,RB,FA,72.1,calculated,72.09,79.35,86.61,"{""2pt_tds"":0,""fumbles"":0.86,""points"":72.09,""points_half"":79.35,""points_ppr"":86.61,""rec_rec"":14.52,""rec_tds"":1,""rec_yds"":97.81,""rec_yds_100"":0,""rec_yds_200"":0,""ret_tds"":0,""rush_att"":113.7,""rush_tds"":2.59,""rush_yds"":424.99,""rush_yds_100"":0,""rush_yds_200"":0,""scrimage_yards_100"":0,""scrimage_yards_200"":0}"
16424,13139,Jamaal Williams,RB,RB,FA,70.66,calculated,70.62,79.58,88.55,"{""2pt_tds"":0,""fumbles"":0.49,""points"":70.62,""points_half"":79.58,""points_ppr"":88.55,""rec_rec"":17.93,""rec_tds"":0.26,""rec_yds"":102.23,""rec_yds_100"":0,""rec_yds_200"":0,""ret_tds"":0,""rush_att"":114.69,""rush_tds"":2.97,""rush_yds"":420.37,""rush_yds_100"":0,""rush_yds_200"":0,""scrimage_yards_100"":0,""scrimage_yards_200"":0}"
22980,16747,Tyrone Tracy Jr.,RB,RB,NYG,69.198,calculated,69.19,77.34,85.48,"{""2pt_tds"":0,""fumbles"":1.13,""points"":69.19,""points_half"":77.34,""points_ppr"":85.48,""rec_rec"":16.29,""rec_tds"":0.81,""rec_yds"":119.54,""rec_yds_100"":0,""rec_yds_200"":0,""ret_tds"":0,""rush_att"":102.38,""rush_tds"":2.5,""rush_yds"":396.44,""rush_yds_100"":0,""rush_yds_200"":0,""scrimage_yards_100"":0,""scrimage_yards_200"":0}"
24346,16596,Braelon Allen,RB,RB,NYJ,68.552,calculated,68.5,74.79,81.09,"{""2pt_tds"":0,""fumbles"":0.79,""points"":68.5,""points_half"":74.79,""points_ppr"":81.09,""rec_rec"":12.59,""rec_tds"":0.78,""rec_yds"":96.08,""rec_yds_100"":0,""rec_yds_200"":0,""ret_tds"":0,""rush_att"":103.86,""rush_tds"":2.75,""rush_yds"":393.44,""rush_yds_100"":0,""rush_yds_200"":0,""scrimage_yards_100"":0,""scrimage_yards_200"":0}"
22908,16164,Tank Bigsby,RB,RB,PHI,59.364,calculated,59.38,63.98,68.57,"{""2pt_tds"":0,""fumbles"":2.22,""points"":59.38,""points_half"":63.98,""points_ppr"":68.57,""rec_rec"":9.2,""rec_tds"":0.25,""rec_yds"":62.75,""rec_yds_100"":0,""rec_yds_200"":0,""ret_tds"":0,""rush_att"":101.55,""rush_tds"":3.62,""rush_yds"":343.09,""rush_yds_100"":0,""rush_yds_200"":0,""scrimage_yards_100"":0,""scrimage_yards_200"":0}"
18283,14079,Miles Sanders,RB,RB,FA,55.426,calculated,55.37,63.48,71.59,"{""2pt_tds"":0,""fumbles"":1.18,""points"":55.37,""points_half"":63.48,""points_ppr"":71.59,""rec_rec"":16.22,""rec_tds"":0.15,""rec_yds"":99.84,""rec_yds_100"":0,""rec_yds_200"":0,""ret_tds"":0,""rush_att"":96.91,""rush_tds"":1.99,""rush_yds"":349.62,""rush_yds_100"":0,""rush_yds_200"":0,""scrimage_yards_100"":0,""scrimage_yards_200"":0}"
25987,16610,Jaylen Wright,RB,RB,MIA,53.682,calculated,53.71,60.11,66.52,"{""2pt_tds"":0,""fumbles"":0.75,""points"":53.71,""points_half"":60.11,""points_ppr"":66.52,""rec_rec"":12.81,""rec_tds"":0.71,""rec_yds"":104.43,""rec_yds_100"":0,""rec_yds_200"":0,""ret_tds"":0,""rush_att"":57.78,""rush_tds"":2.24,""rush_yds"":270.39,""rush_yds_100"":0,""rush_yds_200"":0,""scrimage_yards_100"":0,""scrimage_yards_200"":0}"
23310,15255,Kenny Gainwell,RB,RB,TB,53.075,calculated,53.01,61.89,70.78,"{""2pt_tds"":0,""fumbles"":1.18,""points"":53.01,""points_half"":61.89,""points_ppr"":70.78,""rec_rec"":17.77,""rec_tds"":0.46,""rec_yds"":124.06,""rec_yds_100"":0,""rec_yds_200"":0,""ret_tds"":0,""rush_att"":72.2,""rush_tds"":2.09,""rush_yds"":277.29,""rush_yds_100"":0,""rush_yds_200"":0,""scrimage_yards_100"":0,""scrimage_yards_200"":0}"
25322,16175,Roschon Johnson,RB,RB,CHI,51.53,calculated,51.48,60.42,69.35,"{""2pt_tds"":0,""fumbles"":0.76,""points"":51.48,""points_half"":60.42,""points_ppr"":69.35,""rec_rec"":17.87,""rec_tds"":0.45,""rec_yds"":118.52,""rec_yds_100"":0,""rec_yds_200"":0,""ret_tds"":0,""rush_att"":66.93,""rush_tds"":2.03,""rush_yds"":263.18,""rush_yds_100"":0,""rush_yds_200"":0,""scrimage_yards_100"":0,""scrimage_yards_200"":0}"
22947,15717,Dameon Pierce,RB,RB,PHI,51.439,calculated,51.4,56.66,61.92,"{""2pt_tds"":0,""fumbles"":0.48,""points"":51.4,""points_half"":56.66,""points_ppr"":61.92,""rec_rec"":10.52,""rec_tds"":0.19,""rec_yds"":76.76,""rec_yds_100"":0,""rec_yds_200"":0,""ret_tds"":0,""rush_att"":72.76,""rush_tds"":2.16,""rush_yds"":306.23,""rush_yds_100"":0,""rush_yds_200"":0,""scrimage_yards_100"":0,""scrimage_yards_200"":0}"
19325,14803,Clyde Edwards-Helaire,RB,RB,FA,49.672,calculated,49.68,56.76,63.83,"{""2pt_tds"":0,""fumbles"":0.45,""points"":49.68,""points_half"":56.76,""points_ppr"":63.83,""rec_rec"":14.15,""rec_tds"":1.15,""rec_yds"":119,""rec_yds_100"":0,""rec_yds_200"":0,""ret_tds"":0,""rush_att"":58.28,""rush_tds"":1.54,""rush_yds"":225.32,""rush_yds_100"":0,""rush_yds_200"":0,""scrimage_yards_100"":0,""scrimage_yards_200"":0}"
16407,13134,D'Onta Foreman,RB,RB,FA,49.143,calculated,49.13,54.43,59.73,"{""2pt_tds"":0,""fumbles"":0.19,""points"":49.13,""points_half"":54.43,""points_ppr"":59.73,""rec_rec"":10.6,""rec_tds"":0.28,""rec_yds"":78.03,""rec_yds_100"":0,""rec_yds_200"":0,""ret_tds"":0,""rush_att"":64.27,""rush_tds"":2,""rush_yds"":280.4,""rush_yds_100"":0,""rush_yds_200"":0,""scrimage_yards_100"":0,""scrimage_yards_200"":0}"
23054,16595,Audric Estime,RB,RB,NO,48.805,calculated,48.74,55.2,61.66,"{""2pt_tds"":0,""fumbles"":1.42,""points"":48.74,""points_half"":55.2,""points_ppr"":61.66,""rec_rec"":12.92,""rec_tds"":0.52,""rec_yds"":96.88,""rec_yds_100"":0,""rec_yds_200"":0,""ret_tds"":0,""rush_att"":68.21,""rush_tds"":1.88,""rush_yds"":275.57,""rush_yds_100"":0,""rush_yds_200"":0,""scrimage_yards_100"":0,""scrimage_yards_200"":0}"
16423,13133,Samaje Perine,RB,RB,CIN,47.892,calculated,47.91,58.91,69.91,"{""2pt_tds"":0,""fumbles"":0.76,""points"":47.91,""points_half"":58.91,""points_ppr"":69.91,""rec_rec"":22,""rec_tds"":0.81,""rec_yds"":172.76,""rec_yds_100"":0,""rec_yds_200"":0,""ret_tds"":0,""rush_att"":46.87,""rush_tds"":1.22,""rush_yds"":199.56,""rush_yds_100"":0,""rush_yds_200"":0,""scrimage_yards_100"":0,""scrimage_yards_200"":0}"
18256,14086,Justice Hill,RB,RB,BAL,43.996,calculated,43.97,50.89,57.81,"{""2pt_tds"":0,""fumbles"":0.77,""points"":43.97,""points_half"":50.89,""points_ppr"":57.81,""rec_rec"":13.84,""rec_tds"":0.45,""rec_yds"":102.44,""rec_yds_100"":0,""rec_yds_200"":0,""ret_tds"":0,""rush_att"":57.79,""rush_tds"":1.58,""rush_yds"":231.12,""rush_yds_100"":0,""rush_yds_200"":0,""scrimage_yards_100"":0,""scrimage_yards_200"":0}"
24360,16171,Kendre Miller,RB,RB,NO,43.772,calculated,43.79,49.75,55.7,"{""2pt_tds"":0,""fumbles"":0.74,""points"":43.79,""points_half"":49.75,""points_ppr"":55.7,""rec_rec"":11.91,""rec_tds"":0.51,""rec_yds"":100.51,""rec_yds_100"":0,""rec_yds_200"":0,""ret_tds"":0,""rush_att"":54.2,""rush_tds"":1.66,""rush_yds"":221.81,""rush_yds_100"":0,""rush_yds_200"":0,""scrimage_yards_100"":0,""scrimage_yards_200"":0}"
25360,16178,Keaton Mitchell,RB,RB,LAC,42.159,calculated,42.12,46.41,50.7,"{""2pt_tds"":0,""fumbles"":0.72,""points"":42.12,""points_half"":46.41,""points_ppr"":50.7,""rec_rec"":8.58,""rec_tds"":0.22,""rec_yds"":69.42,""rec_yds_100"":0,""rec_yds_200"":0,""ret_tds"":0,""rush_att"":52.54,""rush_tds"":1.64,""rush_yds"":254.97,""rush_yds_100"":0,""rush_yds_200"":0,""scrimage_yards_100"":0,""scrimage_yards_200"":0}"
26355,16757,Kimani Vidal,RB,RB,LAC,41.735,calculated,41.7,47.1,52.5,"{""2pt_tds"":0,""fumbles"":0.07,""points"":41.7,""points_half"":47.1,""points_ppr"":52.5,""rec_rec"":10.81,""rec_tds"":0.25,""rec_yds"":76.51,""rec_yds_100"":0,""rec_yds_200"":0,""ret_tds"":0,""rush_att"":46.98,""rush_tds"":1.59,""rush_yds"":231.84,""rush_yds_100"":0,""rush_yds_200"":0,""scrimage_yards_100"":0,""scrimage_yards_200"":0}"
22986,16174,Chris Rodriguez Jr.,RB,RB,JAC,40.6,calculated,40.6,44.1,47.6,"{""2pt_tds"":0,""fumbles"":0,""points"":40.6,""points_half"":44.1,""points_ppr"":47.6,""rec_rec"":7,""rec_tds"":0,""rec_yds"":51,""rec_yds_100"":0,""rec_yds_200"":0,""ret_tds"":0,""rush_att"":0,""rush_tds"":2,""rush_yds"":235,""rush_yds_100"":0,""rush_yds_200"":0,""scrimage_yards_100"":0,""scrimage_yards_200"":0}"
16374,13128,Dalvin Cook,RB,RB,FA,40.316,calculated,40.3,44.52,48.74,"{""2pt_tds"":0,""fumbles"":0,""points"":40.3,""points_half"":44.52,""points_ppr"":48.74,""rec_rec"":8.44,""rec_tds"":0.28,""rec_yds"":60.76,""rec_yds_100"":0,""rec_yds_200"":0,""ret_tds"":0,""rush_att"":49.3,""rush_tds"":1.6,""rush_yds"":229.6,""rush_yds_100"":0,""rush_yds_200"":0,""scrimage_yards_100"":0,""scrimage_yards_200"":0}"
19425,15257,Trey Sermon,RB,RB,ATL,39.804,calculated,39.81,43.78,47.75,"{""2pt_tds"":0,""fumbles"":0.08,""points"":39.81,""points_half"":43.78,""points_ppr"":47.75,""rec_rec"":7.93,""rec_tds"":0.16,""rec_yds"":54.53,""rec_yds_100"":0,""rec_yds_200"":0,""ret_tds"":0,""rush_att"":52.82,""rush_tds"":1.35,""rush_yds"":254.51,""rush_yds_100"":0,""rush_yds_200"":0,""scrimage_yards_100"":0,""scrimage_yards_200"":0}"
23075,16173,Eric Gray,RB,RB,NYG,39.593,calculated,39.6,45.01,50.43,"{""2pt_tds"":0,""fumbles"":0.14,""points"":39.6,""points_half"":45.01,""points_ppr"":50.43,""rec_rec"":10.82,""rec_tds"":0.54,""rec_yds"":73.41,""rec_yds_100"":0,""rec_yds_200"":0,""ret_tds"":0,""rush_att"":39.48,""rush_tds"":1.44,""rush_yds"":206.52,""rush_yds_100"":0,""rush_yds_200"":0,""scrimage_yards_100"":0,""scrimage_yards_200"":0}"
26392,16688,Isaac Guerendo,RB,RB,SF,39.554,calculated,39.56,42.82,46.08,"{""2pt_tds"":0,""fumbles"":0.07,""points"":39.56,""points_half"":42.82,""points_ppr"":46.08,""rec_rec"":6.52,""rec_tds"":0.08,""rec_yds"":52.88,""rec_yds_100"":0,""rec_yds_200"":0,""ret_tds"":0,""rush_att"":39.18,""rush_tds"":1.88,""rush_yds"":226.46,""rush_yds_100"":0,""rush_yds_200"":0,""scrimage_yards_100"":0,""scrimage_yards_200"":0}"
18406,14095,Ty Johnson,RB,RB,BUF,37.868,calculated,37.89,44.43,50.97,"{""2pt_tds"":0,""fumbles"":0.2,""points"":37.89,""points_half"":44.43,""points_ppr"":50.97,""rec_rec"":13.09,""rec_tds"":0.66,""rec_yds"":111.18,""rec_yds_100"":0,""rec_yds_200"":0,""ret_tds"":0,""rush_att"":39.71,""rush_tds"":1.11,""rush_yds"":165.3,""rush_yds_100"":0,""rush_yds_200"":0,""scrimage_yards_100"":0,""scrimage_yards_200"":0}"
25885,16432,Emanuel Wilson,RB,RB,SEA,37.762,calculated,37.74,42.76,47.77,"{""2pt_tds"":0,""fumbles"":0.14,""points"":37.74,""points_half"":42.76,""points_ppr"":47.77,""rec_rec"":10.03,""rec_tds"":0.54,""rec_yds"":72.68,""rec_yds_100"":0,""rec_yds_200"":0,""ret_tds"":0,""rush_att"":40.85,""rush_tds"":1.34,""rush_yds"":194.94,""rush_yds_100"":0,""rush_yds_200"":0,""scrimage_yards_100"":0,""scrimage_yards_200"":0}"
19268,14799,Cam Akers,RB,RB,FA,32.971,calculated,32.99,35.83,38.66,"{""2pt_tds"":0,""fumbles"":0.06,""points"":32.99,""points_half"":35.83,""points_ppr"":38.66,""rec_rec"":5.67,""rec_tds"":0.18,""rec_yds"":43.64,""rec_yds_100"":0,""rec_yds_200"":0,""ret_tds"":0,""rush_att"":41.29,""rush_tds"":1.4,""rush_yds"":192.47,""rush_yds_100"":0,""rush_yds_200"":0,""scrimage_yards_100"":0,""scrimage_yards_200"":0}"
11613,11225,Cordarrelle Patterson,RB,RB,FA,31.998,calculated,31.97,37.18,42.38,"{""2pt_tds"":0,""fumbles"":0.08,""points"":31.97,""points_half"":37.18,""points_ppr"":42.38,""rec_rec"":10.41,""rec_tds"":0.35,""rec_yds"":79.04,""rec_yds_100"":0,""rec_yds_200"":0,""ret_tds"":0,""rush_att"":36.03,""rush_tds"":1.1,""rush_yds"":155.54,""rush_yds_100"":0,""rush_yds_200"":0,""scrimage_yards_100"":0,""scrimage_yards_200"":0}"
24173,15733,Pierre Strong Jr.,RB,RB,GB,31.944,calculated,31.9,34.66,37.42,"{""2pt_tds"":0,""fumbles"":1.37,""points"":31.9,""points_half"":34.66,""points_ppr"":37.42,""rec_rec"":5.52,""rec_tds"":0.12,""rec_yds"":42.26,""rec_yds_100"":0,""rec_yds_200"":0,""ret_tds"":0,""rush_att"":51.05,""rush_tds"":1.18,""rush_yds"":226.58,""rush_yds_100"":0,""rush_yds_200"":0,""scrimage_yards_100"":0,""scrimage_yards_200"":0}"
25654,16385,Emari Demercado,RB,RB,KC,31.672,calculated,31.66,38.34,45.01,"{""2pt_tds"":0,""fumbles"":0.39,""points"":31.66,""points_half"":38.34,""points_ppr"":45.01,""rec_rec"":13.35,""rec_tds"":0.37,""rec_yds"":88.43,""rec_yds_100"":0,""rec_yds_200"":0,""ret_tds"":0,""rush_att"":34.23,""rush_tds"":1.08,""rush_yds"":149.09,""rush_yds_100"":0,""rush_yds_200"":0,""scrimage_yards_100"":0,""scrimage_yards_200"":0}"
25325,16180,Evan Hull,RB,RB,ARI,31.3,calculated,31.3,35.3,39.3,"{""2pt_tds"":0,""fumbles"":0,""points"":31.3,""points_half"":35.3,""points_ppr"":39.3,""rec_rec"":8,""rec_tds"":1,""rec_yds"":59,""rec_yds_100"":0,""rec_yds_200"":0,""ret_tds"":0,""rush_att"":0,""rush_tds"":1,""rush_yds"":134,""rush_yds_100"":0,""rush_yds_200"":0,""scrimage_yards_100"":0,""scrimage_yards_200"":0}"
22930,16601,Will Shipley,RB,RB,PHI,31.097,calculated,31.08,33.69,36.29,"{""2pt_tds"":0,""fumbles"":0.05,""points"":31.08,""points_half"":33.69,""points_ppr"":36.29,""rec_rec"":5.21,""rec_tds"":0.33,""rec_yds"":40.55,""rec_yds_100"":0,""rec_yds_200"":0,""ret_tds"":0,""rush_att"":30.02,""rush_tds"":1.4,""rush_yds"":167.62,""rush_yds_100"":0,""rush_yds_200"":0,""scrimage_yards_100"":0,""scrimage_yards_200"":0}"
22984,16176,Deuce Vaughn,RB,RB,FA,29.314,calculated,29.31,33.85,38.39,"{""2pt_tds"":0,""fumbles"":0.43,""points"":29.31,""points_half"":33.85,""points_ppr"":38.39,""rec_rec"":9.08,""rec_tds"":0.21,""rec_yds"":68.52,""rec_yds_100"":0,""rec_yds_200"":0,""ret_tds"":0,""rush_att"":40,""rush_tds"":1.21,""rush_yds"":148.02,""rush_yds_100"":0,""rush_yds_200"":0,""scrimage_yards_100"":0,""scrimage_yards_200"":0}"
25977,16752,Isaiah Davis,RB,RB,NYJ,29.084,calculated,29.09,31.91,34.73,"{""2pt_tds"":0,""fumbles"":0.1,""points"":29.09,""points_half"":31.91,""points_ppr"":34.73,""rec_rec"":5.64,""rec_tds"":0.13,""rec_yds"":41.04,""rec_yds_100"":0,""rec_yds_200"":0,""ret_tds"":0,""rush_att"":45.71,""rush_tds"":1.26,""rush_yds"":168.4,""rush_yds_100"":0,""rush_yds_200"":0,""scrimage_yards_100"":0,""scrimage_yards_200"":0}"
26194,16613,Dylan Laube,RB,RB,LV,27.519,calculated,27.45,31.32,35.2,"{""2pt_tds"":0,""fumbles"":0.03,""points"":27.45,""points_half"":31.32,""points_ppr"":35.2,""rec_rec"":7.75,""rec_tds"":0.13,""rec_yds"":57.23,""rec_yds_100"":0,""rec_yds_200"":0,""ret_tds"":0,""rush_att"":26.97,""rush_tds"":1.09,""rush_yds"":145.36,""rush_yds_100"":0,""rush_yds_200"":0,""scrimage_yards_100"":0,""scrimage_yards_200"":0}"
22976,15730,Tyler Goodson,RB,RB,ATL,25.744,calculated,25.72,29.47,33.22,"{""2pt_tds"":0,""fumbles"":0.08,""points"":25.72,""points_half"":29.47,""points_ppr"":33.22,""rec_rec"":7.5,""rec_tds"":0.36,""rec_yds"":54.39,""rec_yds_100"":0,""rec_yds_200"":0,""ret_tds"":0,""rush_att"":25.14,""rush_tds"":0.87,""rush_yds"":130.85,""rush_yds_100"":0,""rush_yds_200"":0,""scrimage_yards_100"":0,""scrimage_yards_200"":0}"
22894,16605,Jase McClellan,RB,RB,FA,25.486,calculated,25.46,28.18,30.9,"{""2pt_tds"":0,""fumbles"":0.04,""points"":25.46,""points_half"":28.18,""points_ppr"":30.9,""rec_rec"":5.44,""rec_tds"":0.4,""rec_yds"":43.72,""rec_yds_100"":0,""rec_yds_200"":0,""ret_tds"":0,""rush_att"":31.19,""rush_tds"":0.98,""rush_yds"":129.14,""rush_yds_100"":0,""rush_yds_200"":0,""scrimage_yards_100"":0,""scrimage_yards_200"":0}"
25983,16746,Rasheen Ali,RB,RB,BAL,25.264,calculated,25.25,27.19,29.12,"{""2pt_tds"":0,""fumbles"":0.03,""points"":25.25,""points_half"":27.19,""points_ppr"":29.12,""rec_rec"":3.87,""rec_tds"":0.06,""rec_yds"":30.97,""rec_yds_100"":0,""rec_yds_200"":0,""ret_tds"":0,""rush_att"":26.37,""rush_tds"":1.16,""rush_yds"":149.07,""rush_yds_100"":0,""rush_yds_200"":0,""scrimage_yards_100"":0,""scrimage_yards_200"":0}"
22728,15258,Michael Carter,RB,RB,TEN,24.0,calculated,24,29,34,"{""2pt_tds"":0,""fumbles"":0,""points"":24,""points_half"":29,""points_ppr"":34,""rec_rec"":10,""rec_tds"":0,""rec_yds"":69,""rec_yds_100"":0,""rec_yds_200"":0,""ret_tds"":0,""rush_att"":0,""rush_tds"":1,""rush_yds"":111,""rush_yds_100"":0,""rush_yds_200"":0,""scrimage_yards_100"":0,""scrimage_yards_200"":0}"
11798,11367,Kyle Juszczyk,RB,RB,SF,23.811,calculated,23.8,31.31,38.82,"{""2pt_tds"":0,""fumbles"":0.04,""points"":23.8,""points_half"":31.31,""points_ppr"":38.82,""rec_rec"":15.02,""rec_tds"":1.12,""rec_yds"":143.73,""rec_yds_100"":0,""rec_yds_200"":0,""ret_tds"":0,""rush_att"":5.56,""rush_tds"":0.13,""rush_yds"":20.18,""rush_yds_100"":0,""rush_yds_200"":0,""scrimage_yards_100"":0,""scrimage_yards_200"":0}"
23117,15719,Kevin Harris,RB,RB,FA,23.372,calculated,23.37,25.85,28.32,"{""2pt_tds"":0,""fumbles"":0,""points"":23.37,""points_half"":25.85,""points_ppr"":28.32,""rec_rec"":4.95,""rec_tds"":0,""rec_yds"":36.64,""rec_yds_100"":0,""rec_yds_200"":0,""ret_tds"":0,""rush_att"":4.52,""rush_tds"":1.05,""rush_yds"":134.08,""rush_yds_100"":0,""rush_yds_200"":0,""scrimage_yards_100"":0,""scrimage_yards_200"":0}"
19627,14821,JaMycal Hasty,RB,RB,NE,22.269,calculated,22.23,27.04,31.85,"{""2pt_tds"":0,""fumbles"":0.08,""points"":22.23,""points_half"":27.04,""points_ppr"":31.85,""rec_rec"":9.62,""rec_tds"":0.15,""rec_yds"":64.54,""rec_yds_100"":0,""rec_yds_200"":0,""ret_tds"":0,""rush_att"":24.01,""rush_tds"":0.76,""rush_yds"":105.15,""rush_yds_100"":0,""rush_yds_200"":0,""scrimage_yards_100"":0,""scrimage_yards_200"":0}"
25265,16179,DeWayne McBride,RB,RB,FA,21.5,calculated,21.5,23.5,25.5,"{""2pt_tds"":0,""fumbles"":0,""points"":21.5,""points_half"":23.5,""points_ppr"":25.5,""rec_rec"":4,""rec_tds"":0,""rec_yds"":30,""rec_yds_100"":0,""rec_yds_200"":0,""ret_tds"":0,""rush_att"":0,""rush_tds"":1,""rush_yds"":125,""rush_yds_100"":0,""rush_yds_200"":0,""scrimage_yards_100"":0,""scrimage_yards_200"":0}"
26329,16773,Jawhar Jordan,RB,RB,HOU,20.8,calculated,20.8,22.8,24.8,"{""2pt_tds"":0,""fumbles"":0,""points"":20.8,""points_half"":22.8,""points_ppr"":24.8,""rec_rec"":4,""rec_tds"":0,""rec_yds"":27,""rec_yds_100"":0,""rec_yds_200"":0,""ret_tds"":0,""rush_att"":0,""rush_tds"":1,""rush_yds"":121,""rush_yds_100"":0,""rush_yds_200"":0,""scrimage_yards_100"":0,""scrimage_yards_200"":0}"
25770,16380,Deneric Prince,RB,RB,FA,20.2,calculated,20.2,22.2,24.2,"{""2pt_tds"":0,""fumbles"":0,""points"":20.2,""points_half"":22.2,""points_ppr"":24.2,""rec_rec"":4,""rec_tds"":0,""rec_yds"":29,""rec_yds_100"":0,""rec_yds_200"":0,""ret_tds"":0,""rush_att"":0,""rush_tds"":1,""rush_yds"":113,""rush_yds_100"":0,""rush_yds_200"":0,""scrimage_yards_100"":0,""scrimage_yards_200"":0}"
23986,15726,Ronnie Rivers,RB,RB,LAR,20.155,calculated,20.1,22.4,24.69,"{""2pt_tds"":0,""fumbles"":0.03,""points"":20.1,""points_half"":22.4,""points_ppr"":24.69,""rec_rec"":4.59,""rec_tds"":0.08,""rec_yds"":33.28,""rec_yds_100"":0,""rec_yds_200"":0,""ret_tds"":0,""rush_att"":29.69,""rush_tds"":0.79,""rush_yds"":116.67,""rush_yds_100"":0,""rush_yds_200"":0,""scrimage_yards_100"":0,""scrimage_yards_200"":0}"
13924,12155,Ameer Abdullah,RB,RB,JAC,20.15,calculated,20.11,25.45,30.78,"{""2pt_tds"":0,""fumbles"":0.05,""points"":20.11,""points_half"":25.45,""points_ppr"":30.78,""rec_rec"":10.67,""rec_tds"":0.15,""rec_yds"":78.37,""rec_yds_100"":0,""rec_yds_200"":0,""ret_tds"":0,""rush_att"":26.81,""rush_tds"":0.21,""rush_yds"":102.53,""rush_yds_100"":0,""rush_yds_200"":0,""scrimage_yards_100"":0,""scrimage_yards_200"":0}"
26372,16612,Carson Steele,RB,RB,PHI,19.98,calculated,19.99,22.28,24.58,"{""2pt_tds"":0,""fumbles"":0.02,""points"":19.99,""points_half"":22.28,""points_ppr"":24.58,""rec_rec"":4.59,""rec_tds"":0.07,""rec_yds"":35.22,""rec_yds_100"":0,""rec_yds_200"":0,""ret_tds"":0,""rush_att"":16.51,""rush_tds"":0.9,""rush_yds"":106.78,""rush_yds_100"":0,""rush_yds_200"":0,""scrimage_yards_100"":0,""scrimage_yards_200"":0}"
18607,14076,Trayveon Williams,RB,RB,DET,19.803,calculated,19.81,22.87,25.93,"{""2pt_tds"":0,""fumbles"":0.12,""points"":19.81,""points_half"":22.87,""points_ppr"":25.93,""rec_rec"":6.12,""rec_tds"":0.13,""rec_yds"":39.82,""rec_yds_100"":0,""rec_yds_200"":0,""ret_tds"":0,""rush_att"":41.59,""rush_tds"":0.69,""rush_yds"":111.41,""rush_yds_100"":0,""rush_yds_200"":0,""scrimage_yards_100"":0,""scrimage_yards_200"":0}"
23143,15709,Isaiah Spiller,RB,RB,FA,19.3,calculated,19.3,21.3,23.3,"{""2pt_tds"":0,""fumbles"":0,""points"":19.3,""points_half"":21.3,""points_ppr"":23.3,""rec_rec"":4,""rec_tds"":0,""rec_yds"":27,""rec_yds_100"":0,""rec_yds_200"":0,""ret_tds"":0,""rush_att"":0,""rush_tds"":1,""rush_yds"":106,""rush_yds_100"":0,""rush_yds_200"":0,""scrimage_yards_100"":0,""scrimage_yards_200"":0}"
19111,14331,D'Ernest Johnson,RB,RB,TEN,18.935,calculated,18.97,21.69,24.42,"{""2pt_tds"":0,""fumbles"":0.11,""points"":18.97,""points_half"":21.69,""points_ppr"":24.42,""rec_rec"":5.45,""rec_tds"":0.13,""rec_yds"":39.2,""rec_yds_100"":0,""rec_yds_200"":0,""ret_tds"":0,""rush_att"":31.78,""rush_tds"":0.51,""rush_yds"":113.95,""rush_yds_100"":0,""rush_yds_200"":0,""scrimage_yards_100"":0,""scrimage_yards_200"":0}"
26226,16609,Dillon Johnson,RB,RB,FA,18.9,calculated,18.9,20.4,21.9,"{""2pt_tds"":0,""fumbles"":0,""points"":18.9,""points_half"":20.4,""points_ppr"":21.9,""rec_rec"":3,""rec_tds"":0,""rec_yds"":22,""rec_yds_100"":0,""rec_yds_200"":0,""ret_tds"":0,""rush_att"":0,""rush_tds"":1,""rush_yds"":107,""rush_yds_100"":0,""rush_yds_200"":0,""scrimage_yards_100"":0,""scrimage_yards_200"":0}"
19074,14727,Craig Reynolds,RB,RB,WAS,18.63,calculated,18.67,20.7,22.74,"{""2pt_tds"":0,""fumbles"":0.06,""points"":18.67,""points_half"":20.7,""points_ppr"":22.74,""rec_rec"":4.07,""rec_tds"":0.09,""rec_yds"":33.31,""rec_yds_100"":0,""rec_yds_200"":0,""ret_tds"":0,""rush_att"":21.61,""rush_tds"":0.77,""rush_yds"":102.59,""rush_yds_100"":0,""rush_yds_200"":0,""scrimage_yards_100"":0,""scrimage_yards_200"":0}"
16445,13143,Jeremy McNichols,RB,RB,WAS,17.238,calculated,17.26,21.85,26.44,"{""2pt_tds"":0,""fumbles"":0.04,""points"":17.26,""points_half"":21.85,""points_ppr"":26.44,""rec_rec"":9.18,""rec_tds"":0.36,""rec_yds"":69.51,""rec_yds_100"":0,""rec_yds_200"":0,""ret_tds"":0,""rush_att"":18.44,""rush_tds"":0.16,""rush_yds"":72.47,""rush_yds_100"":0,""rush_yds_200"":0,""scrimage_yards_100"":0,""scrimage_yards_200"":0}"
25329,16170,Kenny McIntosh,RB,RB,FA,16.373,calculated,16.37,18.4,20.43,"{""2pt_tds"":0,""fumbles"":0.05,""points"":16.37,""points_half"":18.4,""points_ppr"":20.43,""rec_rec"":4.06,""rec_tds"":0.11,""rec_yds"":32.17,""rec_yds_100"":0,""rec_yds_200"":0,""ret_tds"":0,""rush_att"":26.92,""rush_tds"":0.61,""rush_yds"":89.36,""rush_yds_100"":0,""rush_yds_200"":0,""scrimage_yards_100"":0,""scrimage_yards_200"":0}"
17058,13378,Matt Breida,RB,RB,FA,16.3,calculated,16.3,17.8,19.3,"{""2pt_tds"":0,""fumbles"":0,""points"":16.3,""points_half"":17.8,""points_ppr"":19.3,""rec_rec"":3,""rec_tds"":0,""rec_yds"":23,""rec_yds_100"":0,""rec_yds_200"":0,""ret_tds"":0,""rush_att"":0,""rush_tds"":1,""rush_yds"":80,""rush_yds_100"":0,""rush_yds_200"":0,""scrimage_yards_100"":0,""scrimage_yards_200"":0}"
26391,16803,Blake Watson,RB,RB,FA,15.878,calculated,15.86,17.86,19.86,"{""2pt_tds"":0,""fumbles"":0.04,""points"":15.86,""points_half"":17.86,""points_ppr"":19.86,""rec_rec"":4,""rec_tds"":0.07,""rec_yds"":28.64,""rec_yds_100"":0,""rec_yds_200"":0,""ret_tds"":0,""rush_att"":14.64,""rush_tds"":0.71,""rush_yds"":84.14,""rush_yds_100"":0,""rush_yds_200"":0,""scrimage_yards_100"":0,""scrimage_yards_200"":0}"
25941,16391,Hunter Luepke,RB,RB,DAL,14.836,calculated,14.84,16.83,18.83,"{""2pt_tds"":0,""fumbles"":0.02,""points"":14.84,""points_half"":16.83,""points_ppr"":18.83,""rec_rec"":3.99,""rec_tds"":0.15,""rec_yds"":27.11,""rec_yds_100"":0,""rec_yds_200"":0,""ret_tds"":0,""rush_att"":7.36,""rush_tds"":1.44,""rush_yds"":26.25,""rush_yds_100"":0,""rush_yds_200"":0,""scrimage_yards_100"":0,""scrimage_yards_200"":0}"
18026,14017,Jeff Wilson Jr.,RB,RB,FA,14.787,calculated,14.74,16.33,17.93,"{""2pt_tds"":0,""fumbles"":0.02,""points"":14.74,""points_half"":16.33,""points_ppr"":17.93,""rec_rec"":3.19,""rec_tds"":0.09,""rec_yds"":23.64,""rec_yds_100"":0,""rec_yds_200"":0,""ret_tds"":0,""rush_att"":15.02,""rush_tds"":0.65,""rush_yds"":80.23,""rush_yds_100"":0,""rush_yds_200"":0,""scrimage_yards_100"":0,""scrimage_yards_200"":0}"
23679,16166,Sean Tucker,RB,RB,TB,14.226,calculated,14.2,15.62,17.03,"{""2pt_tds"":0,""fumbles"":0.06,""points"":14.2,""points_half"":15.62,""points_ppr"":17.03,""rec_rec"":2.83,""rec_tds"":0.09,""rec_yds"":21.43,""rec_yds_100"":0,""rec_yds_200"":0,""ret_tds"":0,""rush_att"":25.46,""rush_tds"":0.6,""rush_yds"":80.63,""rush_yds_100"":0,""rush_yds_200"":0,""scrimage_yards_100"":0,""scrimage_yards_200"":0}"
16879,13148,Dare Ogunbowale,RB,RB,LV,14.025,calculated,14,17.65,21.31,"{""2pt_tds"":0,""fumbles"":0.04,""points"":14,""points_half"":17.65,""points_ppr"":21.31,""rec_rec"":7.3,""rec_tds"":0.12,""rec_yds"":54.74,""rec_yds_100"":0,""rec_yds_200"":0,""ret_tds"":0,""rush_att"":16.73,""rush_tds"":0.37,""rush_yds"":56.91,""rush_yds_100"":0,""rush_yds_200"":0,""scrimage_yards_100"":0,""scrimage_yards_200"":0}"
24689,15965,Julius Chestnut,RB,RB,TEN,13.859,calculated,13.84,15.78,17.72,"{""2pt_tds"":0,""fumbles"":0.05,""points"":13.84,""points_half"":15.78,""points_ppr"":17.72,""rec_rec"":3.89,""rec_tds"":0.09,""rec_yds"":31.36,""rec_yds_100"":0,""rec_yds_200"":0,""ret_tds"":0,""rush_att"":20.72,""rush_tds"":0.48,""rush_yds"":74.03,""rush_yds_100"":0,""rush_yds_200"":0,""scrimage_yards_100"":0,""scrimage_yards_200"":0}"
17245,13617,Royce Freeman,RB,RB,FA,13.8,calculated,13.8,15.8,17.8,"{""2pt_tds"":0,""fumbles"":0,""points"":13.8,""points_half"":15.8,""points_ppr"":17.8,""rec_rec"":4,""rec_tds"":0,""rec_yds"":26,""rec_yds_100"":0,""rec_yds_200"":0,""ret_tds"":0,""rush_att"":0,""rush_tds"":1,""rush_yds"":52,""rush_yds_100"":0,""rush_yds_200"":0,""scrimage_yards_100"":0,""scrimage_yards_200"":0}"
25816,16424,Jordan Mims,RB,RB,FA,12.583,calculated,12.53,14.29,16.05,"{""2pt_tds"":0,""fumbles"":0.02,""points"":12.53,""points_half"":14.29,""points_ppr"":16.05,""rec_rec"":3.52,""rec_tds"":0.11,""rec_yds"":25.27,""rec_yds_100"":0,""rec_yds_200"":0,""ret_tds"":0,""rush_att"":14.61,""rush_tds"":0.56,""rush_yds"":60.76,""rush_yds_100"":0,""rush_yds_200"":0,""scrimage_yards_100"":0,""scrimage_yards_200"":0}"
19445,14807,Joshua Kelley,RB,RB,FA,12.518,calculated,12.52,14.28,16.03,"{""2pt_tds"":0,""fumbles"":0,""points"":12.52,""points_half"":14.28,""points_ppr"":16.03,""rec_rec"":3.52,""rec_tds"":0,""rec_yds"":23.96,""rec_yds_100"":0,""rec_yds_200"":0,""ret_tds"":0,""rush_att"":2.15,""rush_tds"":0.5,""rush_yds"":71.22,""rush_yds_100"":0,""rush_yds_200"":0,""scrimage_yards_100"":0,""scrimage_yards_200"":0}"
26216,16600,Cody Schrader,RB,RB,DEN,12.1,calculated,12.1,13.1,14.1,"{""2pt_tds"":0,""fumbles"":0,""points"":12.1,""points_half"":13.1,""points_ppr"":14.1,""rec_rec"":2,""rec_tds"":0,""rec_yds"":14,""rec_yds_100"":0,""rec_yds_200"":0,""ret_tds"":0,""rush_att"":31,""rush_tds"":0.5,""rush_yds"":77,""rush_yds_100"":0,""rush_yds_200"":0,""scrimage_yards_100"":0,""scrimage_yards_200"":0}"
25644,16864,Carlos Washington Jr.,RB,RB,MIA,11.9,calculated,11.9,13.9,15.9,"{""2pt_tds"":0,""fumbles"":0,""points"":11.9,""points_half"":13.9,""points_ppr"":15.9,""rec_rec"":4,""rec_tds"":0,""rec_yds"":22,""rec_yds_100"":0,""rec_yds_200"":0,""ret_tds"":0,""rush_att"":0,""rush_tds"":1,""rush_yds"":37,""rush_yds_100"":0,""rush_yds_200"":0,""scrimage_yards_100"":0,""scrimage_yards_200"":0}"
17612,13814,Boston Scott,RB,RB,FA,10.71,calculated,10.68,11.88,13.08,"{""2pt_tds"":0,""fumbles"":0,""points"":10.68,""points_half"":11.88,""points_ppr"":13.08,""rec_rec"":2.41,""rec_tds"":0.06,""rec_yds"":17.53,""rec_yds_100"":0,""rec_yds_200"":0,""ret_tds"":0,""rush_att"":2.55,""rush_tds"":0.52,""rush_yds"":54.77,""rush_yds_100"":0,""rush_yds_200"":0,""scrimage_yards_100"":0,""scrimage_yards_200"":0}"
24352,16168,Israel Abanikanda,RB,RB,DAL,10.043,calculated,10.08,11.44,12.8,"{""2pt_tds"":0,""fumbles"":0.06,""points"":10.08,""points_half"":11.44,""points_ppr"":12.8,""rec_rec"":2.71,""rec_tds"":0.11,""rec_yds"":19,""rec_yds_100"":0,""rec_yds_200"":0,""ret_tds"":0,""rush_att"":14.89,""rush_tds"":0.31,""rush_yds"":57.43,""rush_yds_100"":0,""rush_yds_200"":0,""scrimage_yards_100"":0,""scrimage_yards_200"":0}"
26309,16678,Sione Vaki,RB,RB,DET,9.369,calculated,9.34,10.59,11.85,"{""2pt_tds"":0,""fumbles"":0.03,""points"":9.34,""points_half"":10.59,""points_ppr"":11.85,""rec_rec"":2.51,""rec_tds"":0.05,""rec_yds"":18.73,""rec_yds_100"":0,""rec_yds_200"":0,""ret_tds"":0,""rush_att"":12.64,""rush_tds"":0.21,""rush_yds"":59.96,""rush_yds_100"":0,""rush_yds_200"":0,""scrimage_yards_100"":0,""scrimage_yards_200"":0}"
23279,15454,Avery Williams,RB,RB,FA,9.127,calculated,9.15,11.08,13.02,"{""2pt_tds"":0,""fumbles"":0.02,""points"":9.15,""points_half"":11.08,""points_ppr"":13.02,""rec_rec"":3.87,""rec_tds"":0.12,""rec_yds"":23.06,""rec_yds_100"":0,""rec_yds_200"":0,""ret_tds"":0,""rush_att"":7.6,""rush_tds"":0.44,""rush_yds"":35.01,""rush_yds_100"":0,""rush_yds_200"":0,""scrimage_yards_100"":0,""scrimage_yards_200"":0}"
20100,15973,Raheem Blackshear,RB,RB,DET,8.438,calculated,8.47,10.8,13.13,"{""2pt_tds"":0,""fumbles"":0.04,""points"":8.47,""points_half"":10.8,""points_ppr"":13.13,""rec_rec"":4.66,""rec_tds"":0.04,""rec_yds"":34.58,""rec_yds_100"":0,""rec_yds_200"":0,""ret_tds"":0,""rush_att"":7.17,""rush_tds"":0.16,""rush_yds"":38.6,""rush_yds_100"":0,""rush_yds_200"":0,""scrimage_yards_100"":0,""scrimage_yards_200"":0}"
18571,14420,Alec Ingold,RB,RB,LAC,7.81,calculated,7.78,11.57,15.36,"{""2pt_tds"":0,""fumbles"":0.05,""points"":7.78,""points_half"":11.57,""points_ppr"":15.36,""rec_rec"":7.58,""rec_tds"":0.32,""rec_yds"":55.51,""rec_yds_100"":0,""rec_yds_200"":0,""ret_tds"":0,""rush_att"":1.11,""rush_tds"":0,""rush_yds"":4.39,""rush_yds_100"":0,""rush_yds_200"":0,""scrimage_yards_100"":0,""scrimage_yards_200"":0}"
24205,15738,Malik Davis,RB,RB,DAL,7.8,calculated,7.8,9.3,10.8,"{""2pt_tds"":0,""fumbles"":0,""points"":7.8,""points_half"":9.3,""points_ppr"":10.8,""rec_rec"":3,""rec_tds"":0,""rec_yds"":23,""rec_yds_100"":0,""rec_yds_200"":0,""ret_tds"":0,""rush_att"":0,""rush_tds"":0,""rush_yds"":55,""rush_yds_100"":0,""rush_yds_200"":0,""scrimage_yards_100"":0,""scrimage_yards_200"":0}"
23798,15720,Hassan Haskins,RB,RB,NE,7.051,calculated,7.04,8.42,9.79,"{""2pt_tds"":0,""fumbles"":0.05,""points"":7.04,""points_half"":8.42,""points_ppr"":9.79,""rec_rec"":2.75,""rec_tds"":0.08,""rec_yds"":17.37,""rec_yds_100"":0,""rec_yds_200"":0,""ret_tds"":0,""rush_att"":9.49,""rush_tds"":0.12,""rush_yds"":42.14,""rush_yds_100"":0,""rush_yds_200"":0,""scrimage_yards_100"":0,""scrimage_yards_200"":0}"
19449,14811,Salvon Ahmed,RB,RB,CHI,6.555,calculated,6.52,8.56,10.6,"{""2pt_tds"":0,""fumbles"":0,""points"":6.52,""points_half"":8.56,""points_ppr"":10.6,""rec_rec"":4.08,""rec_tds"":0.09,""rec_yds"":29.76,""rec_yds_100"":0,""rec_yds_200"":0,""ret_tds"":0,""rush_att"":2.22,""rush_tds"":0,""rush_yds"":30.39,""rush_yds_100"":0,""rush_yds_200"":0,""scrimage_yards_100"":0,""scrimage_yards_200"":0}"
26330,16611,Emani Bailey,RB,RB,FA,6.5,calculated,6.5,7.5,8.5,"{""2pt_tds"":0,""fumbles"":0,""points"":6.5,""points_half"":7.5,""points_ppr"":8.5,""rec_rec"":2,""rec_tds"":0,""rec_yds"":18,""rec_yds_100"":0,""rec_yds_200"":0,""ret_tds"":0,""rush_att"":0,""rush_tds"":0,""rush_yds"":47,""rush_yds_100"":0,""rush_yds_200"":0,""scrimage_yards_100"":0,""scrimage_yards_200"":0}"
23249,15414,Kene Nwangwu,RB,RB,NYJ,6.0,calculated,6,7,8,"{""2pt_tds"":0,""fumbles"":0,""points"":6,""points_half"":7,""points_ppr"":8,""rec_rec"":2,""rec_tds"":0,""rec_yds"":11,""rec_yds_100"":0,""rec_yds_200"":0,""ret_tds"":0,""rush_att"":0,""rush_tds"":0,""rush_yds"":49,""rush_yds_100"":0,""rush_yds_200"":0,""scrimage_yards_100"":0,""scrimage_yards_200"":0}"
18616,14083,Travis Homer,RB,RB,PIT,5.985,calculated,5.96,7.49,9.02,"{""2pt_tds"":0,""fumbles"":0,""points"":5.96,""points_half"":7.49,""points_ppr"":9.02,""rec_rec"":3.07,""rec_tds"":0.09,""rec_yds"":22.14,""rec_yds_100"":0,""rec_yds_200"":0,""ret_tds"":0,""rush_att"":2.33,""rush_tds"":0,""rush_yds"":32.31,""rush_yds_100"":0,""rush_yds_200"":0,""scrimage_yards_100"":0,""scrimage_yards_200"":0}"
19544,14817,Patrick Taylor Jr.,RB,RB,SF,5.584,calculated,5.55,6.51,7.47,"{""2pt_tds"":0,""fumbles"":0.03,""points"":5.55,""points_half"":6.51,""points_ppr"":7.47,""rec_rec"":1.92,""rec_tds"":0.08,""rec_yds"":13.46,""rec_yds_100"":0,""rec_yds_200"":0,""ret_tds"":0,""rush_att"":7.93,""rush_tds"":0.17,""rush_yds"":27.98,""rush_yds_100"":0,""rush_yds_200"":0,""scrimage_yards_100"":0,""scrimage_yards_200"":0}"
19521,14815,DeeJay Dallas,RB,RB,JAC,5.202,calculated,5.2,6.94,8.69,"{""2pt_tds"":0,""fumbles"":0,""points"":5.2,""points_half"":6.94,""points_ppr"":8.69,""rec_rec"":3.49,""rec_tds"":0,""rec_yds"":24.02,""rec_yds_100"":0,""rec_yds_200"":0,""ret_tds"":0,""rush_att"":2.47,""rush_tds"":0,""rush_yds"":28,""rush_yds_100"":0,""rush_yds_200"":0,""scrimage_yards_100"":0,""scrimage_yards_200"":0}"
17297,13622,Nyheim Miller-Hines,RB,RB,FA,5.125,calculated,5.09,7.36,9.63,"{""2pt_tds"":0,""fumbles"":0,""points"":5.09,""points_half"":7.36,""points_ppr"":9.63,""rec_rec"":4.54,""rec_tds"":0.03,""rec_yds"":32.34,""rec_yds_100"":0,""rec_yds_200"":0,""ret_tds"":0,""rush_att"":1.27,""rush_tds"":0,""rush_yds"":17.11,""rush_yds_100"":0,""rush_yds_200"":0,""scrimage_yards_100"":0,""scrimage_yards_200"":0}"
19844,15103,Reggie Gilliam,RB,RB,NE,4.937,calculated,4.94,7.14,9.35,"{""2pt_tds"":0,""fumbles"":0,""points"":4.94,""points_half"":7.14,""points_ppr"":9.35,""rec_rec"":4.41,""rec_tds"":0.27,""rec_yds"":33.17,""rec_yds_100"":0,""rec_yds_200"":0,""ret_tds"":0,""rush_att"":0,""rush_tds"":0,""rush_yds"":0,""rush_yds_100"":0,""rush_yds_200"":0,""scrimage_yards_100"":0,""scrimage_yards_200"":0}"
22896,16748,Keilan Robinson,RB,RB,FA,4.8,calculated,4.8,5.8,6.8,"{""2pt_tds"":0,""fumbles"":0,""points"":4.8,""points_half"":5.8,""points_ppr"":6.8,""rec_rec"":2,""rec_tds"":0,""rec_yds"":15,""rec_yds_100"":0,""rec_yds_200"":0,""ret_tds"":0,""rush_att"":0,""rush_tds"":0,""rush_yds"":33,""rush_yds_100"":0,""rush_yds_200"":0,""scrimage_yards_100"":0,""scrimage_yards_200"":0}"
17145,13455,Patrick Ricard,RB,RB,NYG,4.788,calculated,4.79,6.62,8.46,"{""2pt_tds"":0,""fumbles"":0,""points"":4.79,""points_half"":6.62,""points_ppr"":8.46,""rec_rec"":3.67,""rec_tds"":0.17,""rec_yds"":26.2,""rec_yds_100"":0,""rec_yds_200"":0,""ret_tds"":0,""rush_att"":2.7,""rush_tds"":0.01,""rush_yds"":10.88,""rush_yds_100"":0,""rush_yds_200"":0,""scrimage_yards_100"":0,""scrimage_yards_200"":0}"
23451,15650,Adam Prentice,RB,RB,DEN,4.755,calculated,4.76,6.4,8.05,"{""2pt_tds"":0,""fumbles"":0.04,""points"":4.76,""points_half"":6.4,""points_ppr"":8.05,""rec_rec"":3.3,""rec_tds"":0.14,""rec_yds"":22.98,""rec_yds_100"":0,""rec_yds_200"":0,""ret_tds"":0,""rush_att"":3.31,""rush_tds"":0.05,""rush_yds"":13.97,""rush_yds_100"":0,""rush_yds_200"":0,""scrimage_yards_100"":0,""scrimage_yards_200"":0}"
14191,12325,Michael Burton,RB,RB,CLE,4.477,calculated,4.48,6.33,8.19,"{""2pt_tds"":0,""fumbles"":0,""points"":4.48,""points_half"":6.33,""points_ppr"":8.19,""rec_rec"":3.71,""rec_tds"":0.17,""rec_yds"":24.53,""rec_yds_100"":0,""rec_yds_200"":0,""ret_tds"":0,""rush_att"":2.38,""rush_tds"":0.01,""rush_yds"":9.44,""rush_yds_100"":0,""rush_yds_200"":0,""scrimage_yards_100"":0,""scrimage_yards_200"":0}"
23122,16163,Zach Evans,RB,RB,FA,4.1,calculated,4.1,4.6,5.1,"{""2pt_tds"":0,""fumbles"":0,""points"":4.1,""points_half"":4.6,""points_ppr"":5.1,""rec_rec"":1,""rec_tds"":0,""rec_yds"":9,""rec_yds_100"":0,""rec_yds_200"":0,""ret_tds"":0,""rush_att"":0,""rush_tds"":0,""rush_yds"":32,""rush_yds_100"":0,""rush_yds_200"":0,""scrimage_yards_100"":0,""scrimage_yards_200"":0}"
23162,15734,Keaontay Ingram,RB,RB,FA,4.0,calculated,4,5,6,"{""2pt_tds"":0,""fumbles"":0,""points"":4,""points_half"":5,""points_ppr"":6,""rec_rec"":2,""rec_tds"":0,""rec_yds"":10,""rec_yds_100"":0,""rec_yds_200"":0,""ret_tds"":0,""rush_att"":0,""rush_tds"":0,""rush_yds"":30,""rush_yds_100"":0,""rush_yds_200"":0,""scrimage_yards_100"":0,""scrimage_yards_200"":0}"
25558,16409,Elijah Dotson,RB,RB,FA,3.9,calculated,3.9,4.9,5.9,"{""2pt_tds"":0,""fumbles"":0,""points"":3.9,""points_half"":4.9,""points_ppr"":5.9,""rec_rec"":2,""rec_tds"":0,""rec_yds"":15,""rec_yds_100"":0,""rec_yds_200"":0,""ret_tds"":0,""rush_att"":0,""rush_tds"":0,""rush_yds"":24,""rush_yds_100"":0,""rush_yds_200"":0,""scrimage_yards_100"":0,""scrimage_yards_200"":0}"
17251,14081,Myles Gaskin,RB,RB,FA,3.7,calculated,3.7,4.7,5.7,"{""2pt_tds"":0,""fumbles"":0,""points"":3.7,""points_half"":4.7,""points_ppr"":5.7,""rec_rec"":2,""rec_tds"":0,""rec_yds"":11,""rec_yds_100"":0,""rec_yds_200"":0,""ret_tds"":0,""rush_att"":0,""rush_tds"":0,""rush_yds"":26,""rush_yds_100"":0,""rush_yds_200"":0,""scrimage_yards_100"":0,""scrimage_yards_200"":0}"
16209,12923,C.J. Ham,RB,RB,FA,3.668,calculated,3.67,5.32,6.97,"{""2pt_tds"":0,""fumbles"":0.03,""points"":3.67,""points_half"":5.32,""points_ppr"":6.97,""rec_rec"":3.31,""rec_tds"":0.08,""rec_yds"":22.36,""rec_yds_100"":0,""rec_yds_200"":0,""ret_tds"":0,""rush_att"":2.04,""rush_tds"":0.03,""rush_yds"":8.32,""rush_yds_100"":0,""rush_yds_200"":0,""scrimage_yards_100"":0,""scrimage_yards_200"":0}"
19333,14806,La'Mical Perine,RB,RB,FA,3.6,calculated,3.6,4.6,5.6,"{""2pt_tds"":0,""fumbles"":0,""points"":3.6,""points_half"":4.6,""points_ppr"":5.6,""rec_rec"":2,""rec_tds"":0,""rec_yds"":11,""rec_yds_100"":0,""rec_yds_200"":0,""ret_tds"":0,""rush_att"":0,""rush_tds"":0,""rush_yds"":25,""rush_yds_100"":0,""rush_yds_200"":0,""scrimage_yards_100"":0,""scrimage_yards_200"":0}"
11410,10932,Brandon Bolden,RB,RB,FA,2.3,calculated,2.3,2.8,3.3,"{""2pt_tds"":0,""fumbles"":0,""points"":2.3,""points_half"":2.8,""points_ppr"":3.3,""rec_rec"":1,""rec_tds"":0,""rec_yds"":6,""rec_yds_100"":0,""rec_yds_200"":0,""ret_tds"":0,""rush_att"":0,""rush_tds"":0,""rush_yds"":17,""rush_yds_100"":0,""rush_yds_200"":0,""scrimage_yards_100"":0,""scrimage_yards_200"":0}"
22948,15729,Jashaun Corbin,RB,RB,DAL,2.113,calculated,2.11,3.13,4.14,"{""2pt_tds"":0,""fumbles"":0,""points"":2.11,""points_half"":3.13,""points_ppr"":4.14,""rec_rec"":2.03,""rec_tds"":0,""rec_yds"":12.37,""rec_yds_100"":0,""rec_yds_200"":0,""ret_tds"":0,""rush_att"":2.15,""rush_tds"":0,""rush_yds"":8.76,""rush_yds_100"":0,""rush_yds_200"":0,""scrimage_yards_100"":0,""scrimage_yards_200"":0}"
22992,15746,Tyrion Davis-Price,RB,RB,FA,2.0,calculated,2,2.5,3,"{""2pt_tds"":0,""fumbles"":0,""points"":2,""points_half"":2.5,""points_ppr"":3,""rec_rec"":1,""rec_tds"":0,""rec_yds"":3,""rec_yds_100"":0,""rec_yds_200"":0,""ret_tds"":0,""rush_att"":0,""rush_tds"":0,""rush_yds"":17,""rush_yds_100"":0,""rush_yds_200"":0,""scrimage_yards_100"":0,""scrimage_yards_200"":0}"
11594,11244,Travis Kelce,TE,TE,KC,139.257,calculated,140.27,184.7,229.13,"{""2pt_tds"":0,""fumbles"":0.83,""points"":140.27,""points_half"":184.7,""points_ppr"":229.13,""rec_rec"":88.86,""rec_tds"":7.49,""rec_yds"":959.77,""rec_yds_100"":0,""rec_yds_200"":0,""ret_tds"":0,""scrimage_yards_100"":0,""scrimage_yards_200"":0}"
22978,16214,Sam LaPorta,TE,TE,DET,134.606,calculated,134.58,177.74,220.9,"{""2pt_tds"":0,""fumbles"":0.42,""points"":134.58,""points_half"":177.74,""points_ppr"":220.9,""rec_rec"":86.32,""rec_tds"":7.72,""rec_yds"":891.26,""rec_yds_100"":0,""rec_yds_200"":0,""ret_tds"":0,""scrimage_yards_100"":0,""scrimage_yards_200"":0}"
17269,13671,Mark Andrews,TE,TE,BAL,133.326,calculated,133.33,169.28,205.23,"{""2pt_tds"":0,""fumbles"":0.52,""points"":133.33,""points_half"":169.28,""points_ppr"":205.23,""rec_rec"":71.9,""rec_tds"":7.9,""rec_yds"":869.66,""rec_yds_100"":0,""rec_yds_200"":0,""ret_tds"":0,""scrimage_yards_100"":0,""scrimage_yards_200"":0}"
16499,13299,George Kittle,TE,TE,SF,123.009,calculated,123.28,155.89,188.5,"{""2pt_tds"":0,""fumbles"":0.44,""points"":123.28,""points_half"":155.89,""points_ppr"":188.5,""rec_rec"":65.22,""rec_tds"":5.96,""rec_yds"":881.29,""rec_yds_100"":0,""rec_yds_200"":0,""ret_tds"":0,""scrimage_yards_100"":0,""scrimage_yards_200"":0}"
22936,15794,Trey McBride,TE,TE,ARI,117.33,calculated,117.3,160.33,203.36,"{""2pt_tds"":0,""fumbles"":0.54,""points"":117.3,""points_half"":160.33,""points_ppr"":203.36,""rec_rec"":86.06,""rec_tds"":5.07,""rec_yds"":879.9,""rec_yds_100"":0,""rec_yds_200"":0,""ret_tds"":0,""scrimage_yards_100"":0,""scrimage_yards_200"":0}"
20164,15329,Kyle Pitts Sr.,TE,TE,ATL,117.266,calculated,117.3,151.23,185.16,"{""2pt_tds"":0,""fumbles"":0.4,""points"":117.3,""points_half"":151.23,""points_ppr"":185.16,""rec_rec"":67.87,""rec_tds"":5.16,""rec_yds"":871.06,""rec_yds_100"":0,""rec_yds_200"":0,""ret_tds"":0,""scrimage_yards_100"":0,""scrimage_yards_200"":0}"
25247,16213,Dalton Kincaid,TE,TE,BUF,112.951,calculated,112.97,154.11,195.25,"{""2pt_tds"":0,""fumbles"":0.83,""points"":112.97,""points_half"":154.11,""points_ppr"":195.25,""rec_rec"":82.28,""rec_tds"":5.4,""rec_yds"":822.11,""rec_yds_100"":0,""rec_yds_200"":0,""ret_tds"":0,""scrimage_yards_100"":0,""scrimage_yards_200"":0}"
22718,15799,Jake Ferguson,TE,TE,DAL,108.073,calculated,108.05,143.4,178.74,"{""2pt_tds"":0,""fumbles"":0.4,""points"":108.05,""points_half"":143.4,""points_ppr"":178.74,""rec_rec"":70.69,""rec_tds"":5.87,""rec_yds"":736.53,""rec_yds_100"":0,""rec_yds_200"":0,""ret_tds"":0,""scrimage_yards_100"":0,""scrimage_yards_200"":0}"
16399,13192,David Njoku,TE,TE,LAC,107.595,calculated,107.59,142.5,177.41,"{""2pt_tds"":0,""fumbles"":1.17,""points"":107.59,""points_half"":142.5,""points_ppr"":177.41,""rec_rec"":69.83,""rec_tds"":5.45,""rec_yds"":772.35,""rec_yds_100"":0,""rec_yds_200"":0,""ret_tds"":0,""scrimage_yards_100"":0,""scrimage_yards_200"":0}"
16411,13189,Evan Engram,TE,TE,DEN,103.027,calculated,103.04,145.72,188.39,"{""2pt_tds"":0,""fumbles"":0.91,""points"":103.04,""points_half"":145.72,""points_ppr"":188.39,""rec_rec"":85.35,""rec_tds"":4.36,""rec_yds"":786.87,""rec_yds_100"":0,""rec_yds_200"":0,""ret_tds"":0,""scrimage_yards_100"":0,""scrimage_yards_200"":0}"
22955,16641,Brock Bowers,TE,TE,LV,95.091,calculated,95.1,126.56,158.02,"{""2pt_tds"":0,""fumbles"":1.12,""points"":95.1,""points_half"":126.56,""points_ppr"":158.02,""rec_rec"":62.92,""rec_tds"":4.62,""rec_yds"":696.11,""rec_yds_100"":0,""rec_yds_200"":0,""ret_tds"":0,""scrimage_yards_100"":0,""scrimage_yards_200"":0}"
17270,13674,Dallas Goedert,TE,TE,PHI,92.211,calculated,92.18,124.91,157.64,"{""2pt_tds"":0,""fumbles"":0.45,""points"":92.18,""points_half"":124.91,""points_ppr"":157.64,""rec_rec"":65.46,""rec_tds"":4.02,""rec_yds"":689.91,""rec_yds_100"":0,""rec_yds_200"":0,""ret_tds"":0,""scrimage_yards_100"":0,""scrimage_yards_200"":0}"
17349,13772,Dalton Schultz,TE,TE,HOU,88.418,calculated,88.44,116.9,145.36,"{""2pt_tds"":0,""fumbles"":0.79,""points"":88.44,""points_half"":116.9,""points_ppr"":145.36,""rec_rec"":56.93,""rec_tds"":4.87,""rec_yds"":607.78,""rec_yds_100"":0,""rec_yds_200"":0,""ret_tds"":0,""scrimage_yards_100"":0,""scrimage_yards_200"":0}"
20163,15331,Pat Freiermuth,TE,TE,PIT,81.156,calculated,81.19,108.57,135.96,"{""2pt_tds"":0,""fumbles"":0.46,""points"":81.19,""points_half"":108.57,""points_ppr"":135.96,""rec_rec"":54.77,""rec_tds"":4.14,""rec_yds"":572.36,""rec_yds_100"":0,""rec_yds_200"":0,""ret_tds"":0,""scrimage_yards_100"":0,""scrimage_yards_200"":0}"
15561,12676,Hunter Henry,TE,TE,NE,75.506,calculated,75.51,99.68,123.86,"{""2pt_tds"":0,""fumbles"":0.09,""points"":75.51,""points_half"":99.68,""points_ppr"":123.86,""rec_rec"":48.34,""rec_tds"":4.26,""rec_yds"":501.26,""rec_yds_100"":0,""rec_yds_200"":0,""ret_tds"":0,""scrimage_yards_100"":0,""scrimage_yards_200"":0}"
19229,14867,Cole Kmet,TE,TE,CHI,74.576,calculated,74.59,100.03,125.48,"{""2pt_tds"":0,""fumbles"":0.45,""points"":74.59,""points_half"":100.03,""points_ppr"":125.48,""rec_rec"":50.88,""rec_tds"":4.19,""rec_yds"":503.36,""rec_yds_100"":0,""rec_yds_200"":0,""ret_tds"":0,""scrimage_yards_100"":0,""scrimage_yards_200"":0}"
18290,14138,T.J. Hockenson,TE,TE,MIN,73.588,calculated,73.56,101.6,129.64,"{""2pt_tds"":0,""fumbles"":0.78,""points"":73.56,""points_half"":101.6,""points_ppr"":129.64,""rec_rec"":56.08,""rec_tds"":3.17,""rec_yds"":561.28,""rec_yds_100"":0,""rec_yds_200"":0,""ret_tds"":0,""scrimage_yards_100"":0,""scrimage_yards_200"":0}"
17598,13675,Tyler Conklin,TE,TE,DET,73.071,calculated,73.06,99.72,126.37,"{""2pt_tds"":0,""fumbles"":0.11,""points"":73.06,""points_half"":99.72,""points_ppr"":126.37,""rec_rec"":53.31,""rec_tds"":3.34,""rec_yds"":532.51,""rec_yds_100"":0,""rec_yds_200"":0,""ret_tds"":0,""scrimage_yards_100"":0,""scrimage_yards_200"":0}"
23181,15802,Cade Otton,TE,TE,TB,70.705,calculated,70.68,95.31,119.94,"{""2pt_tds"":0,""fumbles"":0.43,""points"":70.68,""points_half"":95.31,""points_ppr"":119.94,""rec_rec"":49.25,""rec_tds"":3.76,""rec_yds"":490.05,""rec_yds_100"":0,""rec_yds_200"":0,""ret_tds"":0,""scrimage_yards_100"":0,""scrimage_yards_200"":0}"
25282,16215,Luke Musgrave,TE,TE,GB,70.424,calculated,70.39,94.15,117.9,"{""2pt_tds"":0,""fumbles"":0.08,""points"":70.39,""points_half"":94.15,""points_ppr"":117.9,""rec_rec"":47.5,""rec_tds"":3.44,""rec_yds"":499.44,""rec_yds_100"":0,""rec_yds_200"":0,""ret_tds"":0,""scrimage_yards_100"":0,""scrimage_yards_200"":0}"
19562,14861,Juwan Johnson,TE,TE,NO,69.928,calculated,69.95,90.8,111.65,"{""2pt_tds"":0,""fumbles"":0.08,""points"":69.95,""points_half"":90.8,""points_ppr"":111.65,""rec_rec"":41.71,""rec_tds"":4.12,""rec_yds"":453.68,""rec_yds_100"":0,""rec_yds_200"":0,""ret_tds"":0,""scrimage_yards_100"":0,""scrimage_yards_200"":0}"
23781,15798,Isaiah Likely,TE,TE,NYG,66.741,calculated,66.76,84.37,101.98,"{""2pt_tds"":0,""fumbles"":0.06,""points"":66.76,""points_half"":84.37,""points_ppr"":101.98,""rec_rec"":35.22,""rec_tds"":4.09,""rec_yds"":423.21,""rec_yds_100"":0,""rec_yds_200"":0,""ret_tds"":0,""scrimage_yards_100"":0,""scrimage_yards_200"":0}"
23982,15889,Chig Okonkwo,TE,TE,WAS,66.526,calculated,66.75,90.88,115,"{""2pt_tds"":0,""fumbles"":0.42,""points"":66.75,""points_half"":90.88,""points_ppr"":115,""rec_rec"":48.25,""rec_tds"":2.67,""rec_yds"":513.46,""rec_yds_100"":0,""rec_yds_200"":0,""ret_tds"":0,""scrimage_yards_100"":0,""scrimage_yards_200"":0}"
17527,14137,Noah Fant,TE,TE,NO,65.255,calculated,65.27,88.2,111.14,"{""2pt_tds"":0,""fumbles"":0.08,""points"":65.27,""points_half"":88.2,""points_ppr"":111.14,""rec_rec"":45.88,""rec_tds"":2.76,""rec_yds"":488.55,""rec_yds_100"":0,""rec_yds_200"":0,""ret_tds"":0,""scrimage_yards_100"":0,""scrimage_yards_200"":0}"
16460,13193,Jonnu Smith,TE,TE,FA,58.087,calculated,58.1,77.01,95.93,"{""2pt_tds"":0,""fumbles"":0.42,""points"":58.1,""points_half"":77.01,""points_ppr"":95.93,""rec_rec"":37.83,""rec_tds"":2.87,""rec_yds"":417.07,""rec_yds_100"":0,""rec_yds_200"":0,""ret_tds"":0,""scrimage_yards_100"":0,""scrimage_yards_200"":0}"
17283,13680,Hayden Hurst,TE,TE,FA,56.03,calculated,56.04,76.34,96.64,"{""2pt_tds"":0,""fumbles"":0.11,""points"":56.04,""points_half"":76.34,""points_ppr"":96.64,""rec_rec"":40.59,""rec_tds"":2.86,""rec_yds"":390.9,""rec_yds_100"":0,""rec_yds_200"":0,""ret_tds"":0,""scrimage_yards_100"":0,""scrimage_yards_200"":0}"
17272,13672,Mike Gesicki,TE,TE,CIN,53.757,calculated,53.73,71.65,89.58,"{""2pt_tds"":0,""fumbles"":0.05,""points"":53.73,""points_half"":71.65,""points_ppr"":89.58,""rec_rec"":35.85,""rec_tds"":3.11,""rec_yds"":351.97,""rec_yds_100"":0,""rec_yds_200"":0,""ret_tds"":0,""scrimage_yards_100"":0,""scrimage_yards_200"":0}"
11689,11247,Zach Ertz,TE,TE,FA,51.465,calculated,51.46,70.68,89.9,"{""2pt_tds"":0,""fumbles"":0.05,""points"":51.46,""points_half"":70.68,""points_ppr"":89.9,""rec_rec"":38.44,""rec_tds"":2.7,""rec_yds"":353.65,""rec_yds_100"":0,""rec_yds_200"":0,""ret_tds"":0,""scrimage_yards_100"":0,""scrimage_yards_200"":0}"
26310,16644,Ben Sinnott,TE,TE,WAS,49.516,calculated,49.5,67.23,84.96,"{""2pt_tds"":0,""fumbles"":0.4,""points"":49.5,""points_half"":67.23,""points_ppr"":84.96,""rec_rec"":35.46,""rec_tds"":2.37,""rec_yds"":360.96,""rec_yds_100"":0,""rec_yds_200"":0,""ret_tds"":0,""scrimage_yards_100"":0,""scrimage_yards_200"":0}"
18631,14143,Dawson Knox,TE,TE,BUF,49.306,calculated,49.31,63.44,77.58,"{""2pt_tds"":0,""fumbles"":0.06,""points"":49.31,""points_half"":63.44,""points_ppr"":77.58,""rec_rec"":28.27,""rec_tds"":3.28,""rec_yds"":297.46,""rec_yds_100"":0,""rec_yds_200"":0,""ret_tds"":0,""scrimage_yards_100"":0,""scrimage_yards_200"":0}"
25298,16222,Tucker Kraft,TE,TE,GB,48.867,calculated,48.88,65.24,81.59,"{""2pt_tds"":0,""fumbles"":0.07,""points"":48.88,""points_half"":65.24,""points_ppr"":81.59,""rec_rec"":32.71,""rec_tds"":2.48,""rec_yds"":341.27,""rec_yds_100"":0,""rec_yds_200"":0,""ret_tds"":0,""scrimage_yards_100"":0,""scrimage_yards_200"":0}"
23153,15797,Greg Dulcich,TE,TE,MIA,48.86,calculated,48.83,65.59,82.35,"{""2pt_tds"":0,""fumbles"":0.06,""points"":48.83,""points_half"":65.59,""points_ppr"":82.35,""rec_rec"":33.52,""rec_tds"":1.88,""rec_yds"":377,""rec_yds_100"":0,""rec_yds_200"":0,""ret_tds"":0,""scrimage_yards_100"":0,""scrimage_yards_200"":0}"
23104,16649,Theo Johnson,TE,TE,NYG,47.366,calculated,47.4,65.22,83.04,"{""2pt_tds"":0,""fumbles"":0.62,""points"":47.4,""points_half"":65.22,""points_ppr"":83.04,""rec_rec"":35.64,""rec_tds"":2.34,""rec_yds"":345.66,""rec_yds_100"":0,""rec_yds_200"":0,""ret_tds"":0,""scrimage_yards_100"":0,""scrimage_yards_200"":0}"
22841,15419,Kylen Granson,TE,TE,TEN,45.742,calculated,45.76,61.27,76.79,"{""2pt_tds"":0,""fumbles"":0.08,""points"":45.76,""points_half"":61.27,""points_ppr"":76.79,""rec_rec"":31.03,""rec_tds"":2.09,""rec_yds"":333.62,""rec_yds_100"":0,""rec_yds_200"":0,""ret_tds"":0,""scrimage_yards_100"":0,""scrimage_yards_200"":0}"
16459,13236,Gerald Everett,TE,TE,FA,45.396,calculated,45.37,61.64,77.9,"{""2pt_tds"":0,""fumbles"":0.11,""points"":45.37,""points_half"":61.64,""points_ppr"":77.9,""rec_rec"":32.53,""rec_tds"":2.57,""rec_yds"":301.96,""rec_yds_100"":0,""rec_yds_200"":0,""ret_tds"":0,""scrimage_yards_100"":0,""scrimage_yards_200"":0}"
15623,12678,Tyler Higbee,TE,TE,LAR,44.471,calculated,44.46,60.36,76.26,"{""2pt_tds"":0,""fumbles"":0.05,""points"":44.46,""points_half"":60.36,""points_ppr"":76.26,""rec_rec"":31.8,""rec_tds"":2.03,""rec_yds"":323.91,""rec_yds_100"":0,""rec_yds_200"":0,""ret_tds"":0,""scrimage_yards_100"":0,""scrimage_yards_200"":0}"
24334,16643,Ja'Tavion Sanders,TE,TE,CAR,44.14,calculated,44.13,59.07,74,"{""2pt_tds"":0,""fumbles"":0.38,""points"":44.13,""points_half"":59.07,""points_ppr"":74,""rec_rec"":29.87,""rec_tds"":2.3,""rec_yds"":311,""rec_yds_100"":0,""rec_yds_200"":0,""ret_tds"":0,""scrimage_yards_100"":0,""scrimage_yards_200"":0}"
23056,16212,Michael Mayer,TE,TE,LV,43.058,calculated,43.08,57.6,72.11,"{""2pt_tds"":0,""fumbles"":0.06,""points"":43.08,""points_half"":57.6,""points_ppr"":72.11,""rec_rec"":29.04,""rec_tds"":1.98,""rec_yds"":312.98,""rec_yds_100"":0,""rec_yds_200"":0,""ret_tds"":0,""scrimage_yards_100"":0,""scrimage_yards_200"":0}"
19372,14871,Colby Parkinson,TE,TE,LAR,42.801,calculated,42.83,56.74,70.66,"{""2pt_tds"":0,""fumbles"":0.06,""points"":42.83,""points_half"":56.74,""points_ppr"":70.66,""rec_rec"":27.82,""rec_tds"":2.26,""rec_yds"":293.61,""rec_yds_100"":0,""rec_yds_200"":0,""ret_tds"":0,""scrimage_yards_100"":0,""scrimage_yards_200"":0}"
22795,15332,Tommy Tremble,TE,TE,CAR,40.804,calculated,40.82,54.59,68.36,"{""2pt_tds"":0,""fumbles"":0.06,""points"":40.82,""points_half"":54.59,""points_ppr"":68.36,""rec_rec"":27.54,""rec_tds"":2.46,""rec_yds"":261.64,""rec_yds_100"":0,""rec_yds_200"":0,""ret_tds"":0,""scrimage_yards_100"":0,""scrimage_yards_200"":0}"
24238,15873,Daniel Bellinger,TE,TE,TEN,40.269,calculated,40.28,55.97,71.67,"{""2pt_tds"":0,""fumbles"":0.05,""points"":40.28,""points_half"":55.97,""points_ppr"":71.67,""rec_rec"":31.39,""rec_tds"":1.77,""rec_yds"":297.49,""rec_yds_100"":0,""rec_yds_200"":0,""ret_tds"":0,""scrimage_yards_100"":0,""scrimage_yards_200"":0}"
17115,13424,Taysom Hill,TE,TE,FA,39.297,calculated,87.75,102.13,116.51,"{""2pt_tds"":0,""fumbles"":0.35,""points"":87.75,""points_half"":102.13,""points_ppr"":116.51,""rec_rec"":28.76,""rec_tds"":2.13,""rec_yds"":272.17,""rec_yds_100"":0,""rec_yds_200"":0,""ret_tds"":0,""scrimage_yards_100"":0,""scrimage_yards_200"":0}"
19539,15337,Noah Gray,TE,TE,KC,34.112,calculated,34.09,45.41,56.74,"{""2pt_tds"":0,""fumbles"":0.05,""points"":34.09,""points_half"":45.41,""points_ppr"":56.74,""rec_rec"":22.65,""rec_tds"":1.74,""rec_yds"":237.72,""rec_yds_100"":0,""rec_yds_200"":0,""ret_tds"":0,""scrimage_yards_100"":0,""scrimage_yards_200"":0}"
18049,13763,Will Dissly,TE,TE,FA,33.211,calculated,33.19,45.6,58.01,"{""2pt_tds"":0,""fumbles"":0.07,""points"":33.19,""points_half"":45.6,""points_ppr"":58.01,""rec_rec"":24.82,""rec_tds"":1.58,""rec_yds"":238.71,""rec_yds_100"":0,""rec_yds_200"":0,""ret_tds"":0,""scrimage_yards_100"":0,""scrimage_yards_200"":0}"
16579,13246,Mo Alie-Cox,TE,TE,IND,31.65,calculated,31.63,40.25,48.88,"{""2pt_tds"":0,""fumbles"":0.03,""points"":31.63,""points_half"":40.25,""points_ppr"":48.88,""rec_rec"":17.26,""rec_tds"":2.05,""rec_yds"":194.1,""rec_yds_100"":0,""rec_yds_200"":0,""ret_tds"":0,""scrimage_yards_100"":0,""scrimage_yards_200"":0}"
20162,15330,Brevin Jordan,TE,TE,HOU,28.599,calculated,28.58,35.87,43.16,"{""2pt_tds"":0,""fumbles"":0.02,""points"":28.58,""points_half"":35.87,""points_ppr"":43.16,""rec_rec"":14.59,""rec_tds"":1.71,""rec_yds"":183.79,""rec_yds_100"":0,""rec_yds_200"":0,""ret_tds"":0,""scrimage_yards_100"":0,""scrimage_yards_200"":0}"
18487,14209,Josh Oliver,TE,TE,MIN,26.851,calculated,26.81,36.67,46.52,"{""2pt_tds"":0,""fumbles"":0.39,""points"":26.81,""points_half"":36.67,""points_ppr"":46.52,""rec_rec"":19.71,""rec_tds"":1.43,""rec_yds"":190.51,""rec_yds_100"":0,""rec_yds_200"":0,""ret_tds"":0,""scrimage_yards_100"":0,""scrimage_yards_200"":0}"
17508,13676,Durham Smythe,TE,TE,BAL,26.815,calculated,26.79,36.6,46.4,"{""2pt_tds"":0,""fumbles"":0.03,""points"":26.79,""points_half"":36.6,""points_ppr"":46.4,""rec_rec"":19.61,""rec_tds"":1.29,""rec_yds"":191.35,""rec_yds_100"":0,""rec_yds_200"":0,""ret_tds"":0,""scrimage_yards_100"":0,""scrimage_yards_200"":0}"
24747,16646,Jaheim Bell,TE,TE,PIT,26.2,calculated,26.2,34.45,42.7,"{""2pt_tds"":0,""fumbles"":0,""points"":26.2,""points_half"":34.45,""points_ppr"":42.7,""rec_rec"":16.5,""rec_tds"":1.5,""rec_yds"":172,""rec_yds_100"":0,""rec_yds_200"":0,""ret_tds"":0,""scrimage_yards_100"":0,""scrimage_yards_200"":0}"
19423,14870,Adam Trautman,TE,TE,DEN,26.002,calculated,26.02,34.65,43.28,"{""2pt_tds"":0,""fumbles"":0.04,""points"":26.02,""points_half"":34.65,""points_ppr"":43.28,""rec_rec"":17.26,""rec_tds"":1.54,""rec_yds"":168.42,""rec_yds_100"":0,""rec_yds_200"":0,""ret_tds"":0,""scrimage_yards_100"":0,""scrimage_yards_200"":0}"
23341,15626,Brock Wright,TE,TE,DET,26.002,calculated,26.02,34.55,43.07,"{""2pt_tds"":0,""fumbles"":0.05,""points"":26.02,""points_half"":34.55,""points_ppr"":43.07,""rec_rec"":17.05,""rec_tds"":1.63,""rec_yds"":163.22,""rec_yds_100"":0,""rec_yds_200"":0,""ret_tds"":0,""scrimage_yards_100"":0,""scrimage_yards_200"":0}"
17826,14370,Tanner Hudson,TE,TE,CIN,25.291,calculated,25.27,34.16,43.05,"{""2pt_tds"":0,""fumbles"":0.02,""points"":25.27,""points_half"":34.16,""points_ppr"":43.05,""rec_rec"":17.78,""rec_tds"":1.37,""rec_yds"":171.11,""rec_yds_100"":0,""rec_yds_200"":0,""ret_tds"":0,""scrimage_yards_100"":0,""scrimage_yards_200"":0}"
15581,12677,Austin Hooper,TE,TE,ATL,23.941,calculated,23.92,33.63,43.34,"{""2pt_tds"":0,""fumbles"":0.04,""points"":23.92,""points_half"":33.63,""points_ppr"":43.34,""rec_rec"":19.42,""rec_tds"":0.93,""rec_yds"":184.41,""rec_yds_100"":0,""rec_yds_200"":0,""ret_tds"":0,""scrimage_yards_100"":0,""scrimage_yards_200"":0}"
23742,15796,Jeremy Ruckert,TE,TE,NYJ,23.811,calculated,23.8,32.15,40.5,"{""2pt_tds"":0,""fumbles"":0.05,""points"":23.8,""points_half"":32.15,""points_ppr"":40.5,""rec_rec"":16.7,""rec_tds"":1.22,""rec_yds"":165.91,""rec_yds_100"":0,""rec_yds_200"":0,""ret_tds"":0,""scrimage_yards_100"":0,""scrimage_yards_200"":0}"
18835,14341,Donald Parham Jr.,TE,TE,FA,23.693,calculated,23.66,30.88,38.09,"{""2pt_tds"":0,""fumbles"":0,""points"":23.66,""points_half"":30.88,""points_ppr"":38.09,""rec_rec"":14.43,""rec_tds"":1.44,""rec_yds"":150.53,""rec_yds_100"":0,""rec_yds_200"":0,""ret_tds"":0,""scrimage_yards_100"":0,""scrimage_yards_200"":0}"
23119,16333,Elijah Higgins,TE,TE,ARI,23.636,calculated,23.61,31.76,39.91,"{""2pt_tds"":0,""fumbles"":0.03,""points"":23.61,""points_half"":31.76,""points_ppr"":39.91,""rec_rec"":16.29,""rec_tds"":0.99,""rec_yds"":177.56,""rec_yds_100"":0,""rec_yds_200"":0,""ret_tds"":0,""scrimage_yards_100"":0,""scrimage_yards_200"":0}"
16743,13940,Johnny Mundt,TE,TE,PHI,23.545,calculated,23.53,32.73,41.94,"{""2pt_tds"":0,""fumbles"":0.05,""points"":23.53,""points_half"":32.73,""points_ppr"":41.94,""rec_rec"":18.41,""rec_tds"":1.04,""rec_yds"":174.05,""rec_yds_100"":0,""rec_yds_200"":0,""ret_tds"":0,""scrimage_yards_100"":0,""scrimage_yards_200"":0}"
16502,13427,Robert Tonyan,TE,TE,PIT,21.3,calculated,21.3,28.8,36.3,"{""2pt_tds"":0,""fumbles"":0,""points"":21.3,""points_half"":28.8,""points_ppr"":36.3,""rec_rec"":15,""rec_tds"":1,""rec_yds"":153,""rec_yds_100"":0,""rec_yds_200"":0,""ret_tds"":0,""scrimage_yards_100"":0,""scrimage_yards_200"":0}"
22967,16216,Darnell Washington,TE,TE,PIT,20.568,calculated,20.58,28.31,36.04,"{""2pt_tds"":0,""fumbles"":0.03,""points"":20.58,""points_half"":28.31,""points_ppr"":36.04,""rec_rec"":15.46,""rec_tds"":0.91,""rec_yds"":151.68,""rec_yds_100"":0,""rec_yds_200"":0,""ret_tds"":0,""scrimage_yards_100"":0,""scrimage_yards_200"":0}"
12095,11647,Logan Thomas,TE,TE,FA,20.3,calculated,20.3,27.3,34.3,"{""2pt_tds"":0,""fumbles"":0,""points"":20.3,""points_half"":27.3,""points_ppr"":34.3,""rec_rec"":14,""rec_tds"":1,""rec_yds"":143,""rec_yds_100"":0,""rec_yds_200"":0,""ret_tds"":0,""scrimage_yards_100"":0,""scrimage_yards_200"":0}"
25267,16221,Luke Schoonmaker,TE,TE,DAL,20.043,calculated,20.02,26.21,32.4,"{""2pt_tds"":0,""fumbles"":0.04,""points"":20.02,""points_half"":26.21,""points_ppr"":32.4,""rec_rec"":12.39,""rec_tds"":1.29,""rec_yds"":123.83,""rec_yds_100"":0,""rec_yds_200"":0,""ret_tds"":0,""scrimage_yards_100"":0,""scrimage_yards_200"":0}"
19641,15026,Stephen Sullivan,TE,TE,FA,19.526,calculated,19.53,26.9,34.28,"{""2pt_tds"":0,""fumbles"":0,""points"":19.53,""points_half"":26.9,""points_ppr"":34.28,""rec_rec"":14.75,""rec_tds"":0.76,""rec_yds"":149.66,""rec_yds_100"":0,""rec_yds_200"":0,""ret_tds"":0,""scrimage_yards_100"":0,""scrimage_yards_200"":0}"
22923,16312,Josh Whyle,TE,TE,GB,19.192,calculated,19.16,25.38,31.61,"{""2pt_tds"":0,""fumbles"":0.03,""points"":19.16,""points_half"":25.38,""points_ppr"":31.61,""rec_rec"":12.46,""rec_tds"":1.08,""rec_yds"":127.72,""rec_yds_100"":0,""rec_yds_200"":0,""ret_tds"":0,""scrimage_yards_100"":0,""scrimage_yards_200"":0}"
23761,16219,Davis Allen,TE,TE,LAR,18.742,calculated,18.73,25.04,31.34,"{""2pt_tds"":0,""fumbles"":0.03,""points"":18.73,""points_half"":25.04,""points_ppr"":31.34,""rec_rec"":12.61,""rec_tds"":0.98,""rec_yds"":129.22,""rec_yds_100"":0,""rec_yds_200"":0,""ret_tds"":0,""scrimage_yards_100"":0,""scrimage_yards_200"":0}"
18397,14239,Foster Moreau,TE,TE,HOU,18.593,calculated,18.56,24.36,30.16,"{""2pt_tds"":0,""fumbles"":0.04,""points"":18.56,""points_half"":24.36,""points_ppr"":30.16,""rec_rec"":11.6,""rec_tds"":0.97,""rec_yds"":128.53,""rec_yds_100"":0,""rec_yds_200"":0,""ret_tds"":0,""scrimage_yards_100"":0,""scrimage_yards_200"":0}"
17415,13753,Jordan Akins,TE,TE,FA,18.528,calculated,18.5,24.77,31.04,"{""2pt_tds"":0,""fumbles"":0.06,""points"":18.5,""points_half"":24.77,""points_ppr"":31.04,""rec_rec"":12.55,""rec_tds"":1.03,""rec_yds"":124.68,""rec_yds_100"":0,""rec_yds_200"":0,""ret_tds"":0,""scrimage_yards_100"":0,""scrimage_yards_200"":0}"
26440,16796,Devin Culp,TE,TE,TB,18.4,calculated,18.4,24.4,30.4,"{""2pt_tds"":0,""fumbles"":0,""points"":18.4,""points_half"":24.4,""points_ppr"":30.4,""rec_rec"":12,""rec_tds"":1,""rec_yds"":124,""rec_yds_100"":0,""rec_yds_200"":0,""ret_tds"":0,""scrimage_yards_100"":0,""scrimage_yards_200"":0}"
26352,16765,Tanner McLachlan,TE,TE,SF,18.25,calculated,18.25,24.25,30.25,"{""2pt_tds"":0,""fumbles"":0,""points"":18.25,""points_half"":24.25,""points_ppr"":30.25,""rec_rec"":12,""rec_tds"":1,""rec_yds"":122.5,""rec_yds_100"":0,""rec_yds_200"":0,""ret_tds"":0,""scrimage_yards_100"":0,""scrimage_yards_200"":0}"
16937,13994,Pharaoh Brown,TE,TE,IND,17.962,calculated,17.97,23.72,29.47,"{""2pt_tds"":0,""fumbles"":0.04,""points"":17.97,""points_half"":23.72,""points_ppr"":29.47,""rec_rec"":11.5,""rec_tds"":0.9,""rec_yds"":126.42,""rec_yds_100"":0,""rec_yds_200"":0,""ret_tds"":0,""scrimage_yards_100"":0,""scrimage_yards_200"":0}"
23821,16220,Will Mallory,TE,TE,IND,17.908,calculated,17.91,23.98,30.05,"{""2pt_tds"":0,""fumbles"":0.03,""points"":17.91,""points_half"":23.98,""points_ppr"":30.05,""rec_rec"":12.14,""rec_tds"":0.88,""rec_yds"":126.88,""rec_yds_100"":0,""rec_yds_200"":0,""ret_tds"":0,""scrimage_yards_100"":0,""scrimage_yards_200"":0}"
18610,14141,Irv Smith Jr.,TE,TE,FA,17.6,calculated,17.6,23.1,28.6,"{""2pt_tds"":0,""fumbles"":0,""points"":17.6,""points_half"":23.1,""points_ppr"":28.6,""rec_rec"":11,""rec_tds"":1,""rec_yds"":116,""rec_yds_100"":0,""rec_yds_200"":0,""ret_tds"":0,""scrimage_yards_100"":0,""scrimage_yards_200"":0}"
26335,16723,AJ Barner,TE,TE,SEA,17.128,calculated,17.15,22.93,28.72,"{""2pt_tds"":0,""fumbles"":0.02,""points"":17.15,""points_half"":22.93,""points_ppr"":28.72,""rec_rec"":11.57,""rec_tds"":0.89,""rec_yds"":118.28,""rec_yds_100"":0,""rec_yds_200"":0,""ret_tds"":0,""scrimage_yards_100"":0,""scrimage_yards_200"":0}"
24621,16113,Stone Smartt,TE,TE,PHI,17.125,calculated,17.14,22.45,27.76,"{""2pt_tds"":0,""fumbles"":0.03,""points"":17.14,""points_half"":22.45,""points_ppr"":27.76,""rec_rec"":10.62,""rec_tds"":0.9,""rec_yds"":117.85,""rec_yds_100"":0,""rec_yds_200"":0,""ret_tds"":0,""scrimage_yards_100"":0,""scrimage_yards_200"":0}"
24562,15800,Connor Heyward,TE,TE,LV,17.066,calculated,17.08,24.4,31.71,"{""2pt_tds"":0,""fumbles"":0.04,""points"":17.08,""points_half"":24.4,""points_ppr"":31.71,""rec_rec"":14.63,""rec_tds"":0.68,""rec_yds"":130.66,""rec_yds_100"":0,""rec_yds_200"":0,""ret_tds"":0,""scrimage_yards_100"":0,""scrimage_yards_200"":0}"
26343,16648,Jared Wiley,TE,TE,KC,16.795,calculated,16.78,22.3,27.81,"{""2pt_tds"":0,""fumbles"":0.02,""points"":16.78,""points_half"":22.3,""points_ppr"":27.81,""rec_rec"":11.03,""rec_tds"":0.93,""rec_yds"":112.55,""rec_yds_100"":0,""rec_yds_200"":0,""ret_tds"":0,""scrimage_yards_100"":0,""scrimage_yards_200"":0}"
24561,15916,Drew Ogletree,TE,TE,IND,16.435,calculated,16.42,21.18,25.94,"{""2pt_tds"":0,""fumbles"":0.03,""points"":16.42,""points_half"":21.18,""points_ppr"":25.94,""rec_rec"":9.52,""rec_tds"":0.84,""rec_yds"":114.55,""rec_yds_100"":0,""rec_yds_200"":0,""ret_tds"":0,""scrimage_yards_100"":0,""scrimage_yards_200"":0}"
17387,13678,Ian Thomas,TE,TE,LV,16.314,calculated,16.32,22.68,29.05,"{""2pt_tds"":0,""fumbles"":0.03,""points"":16.32,""points_half"":22.68,""points_ppr"":29.05,""rec_rec"":12.73,""rec_tds"":0.57,""rec_yds"":129.54,""rec_yds_100"":0,""rec_yds_200"":0,""ret_tds"":0,""scrimage_yards_100"":0,""scrimage_yards_200"":0}"
25820,16447,Travis Vokolek,TE,TE,FA,16.2,calculated,16.2,21.7,27.2,"{""2pt_tds"":0,""fumbles"":0,""points"":16.2,""points_half"":21.7,""points_ppr"":27.2,""rec_rec"":11,""rec_tds"":1,""rec_yds"":102,""rec_yds_100"":0,""rec_yds_200"":0,""ret_tds"":0,""scrimage_yards_100"":0,""scrimage_yards_200"":0}"
23193,15541,Jack Stoll,TE,TE,CLE,15.5,calculated,15.5,20,24.5,"{""2pt_tds"":0,""fumbles"":0,""points"":15.5,""points_half"":20,""points_ppr"":24.5,""rec_rec"":9,""rec_tds"":1,""rec_yds"":95,""rec_yds_100"":0,""rec_yds_200"":0,""ret_tds"":0,""scrimage_yards_100"":0,""scrimage_yards_200"":0}"
25345,16269,Brenton Strange,TE,TE,JAC,15.206,calculated,15.23,20.08,24.94,"{""2pt_tds"":0,""fumbles"":0.03,""points"":15.23,""points_half"":20.08,""points_ppr"":24.94,""rec_rec"":9.71,""rec_tds"":1.01,""rec_yds"":92.06,""rec_yds_100"":0,""rec_yds_200"":0,""ret_tds"":0,""scrimage_yards_100"":0,""scrimage_yards_200"":0}"
25269,16642,Cade Stover,TE,TE,HOU,15.184,calculated,15.18,20.16,25.13,"{""2pt_tds"":0,""fumbles"":0.01,""points"":15.18,""points_half"":20.16,""points_ppr"":25.13,""rec_rec"":9.95,""rec_tds"":0.77,""rec_yds"":105.84,""rec_yds_100"":0,""rec_yds_200"":0,""ret_tds"":0,""scrimage_yards_100"":0,""scrimage_yards_200"":0}"
23837,16645,Erick All Jr.,TE,TE,CIN,15.038,calculated,15.04,20.19,25.33,"{""2pt_tds"":0,""fumbles"":0.03,""points"":15.04,""points_half"":20.19,""points_ppr"":25.33,""rec_rec"":10.3,""rec_tds"":0.8,""rec_yds"":102.98,""rec_yds_100"":0,""rec_yds_200"":0,""ret_tds"":0,""scrimage_yards_100"":0,""scrimage_yards_200"":0}"
24331,16217,Cameron Latu,TE,TE,PHI,14.8,calculated,14.8,21.3,27.8,"{""2pt_tds"":0,""fumbles"":0,""points"":14.8,""points_half"":21.3,""points_ppr"":27.8,""rec_rec"":13,""rec_tds"":1,""rec_yds"":88,""rec_yds_100"":0,""rec_yds_200"":0,""ret_tds"":0,""scrimage_yards_100"":0,""scrimage_yards_200"":0}"
24240,15970,Lucas Krull,TE,TE,DEN,14.692,calculated,14.69,19.5,24.32,"{""2pt_tds"":0,""fumbles"":0.02,""points"":14.69,""points_half"":19.5,""points_ppr"":24.32,""rec_rec"":9.63,""rec_tds"":0.73,""rec_yds"":103.52,""rec_yds_100"":0,""rec_yds_200"":0,""ret_tds"":0,""scrimage_yards_100"":0,""scrimage_yards_200"":0}"
26432,16706,Tip Reiman,TE,TE,ARI,14.667,calculated,14.69,19.79,24.89,"{""2pt_tds"":0,""fumbles"":0.02,""points"":14.69,""points_half"":19.79,""points_ppr"":24.89,""rec_rec"":10.2,""rec_tds"":0.8,""rec_yds"":99.07,""rec_yds_100"":0,""rec_yds_200"":0,""ret_tds"":0,""scrimage_yards_100"":0,""scrimage_yards_200"":0}"
26439,,Messiah Swinson,TE,TE,GB,14.5,calculated,14.5,19,23.5,"{""2pt_tds"":0,""fumbles"":0,""points"":14.5,""points_half"":19,""points_ppr"":23.5,""rec_rec"":9,""rec_tds"":1,""rec_yds"":85,""rec_yds_100"":0,""rec_yds_200"":0,""ret_tds"":0,""scrimage_yards_100"":0,""scrimage_yards_200"":0}"
18246,14873,Albert Okwuegbunam Jr.,TE,TE,LV,14.2,calculated,14.2,18.2,22.2,"{""2pt_tds"":0,""fumbles"":0,""points"":14.2,""points_half"":18.2,""points_ppr"":22.2,""rec_rec"":8,""rec_tds"":1,""rec_yds"":82,""rec_yds_100"":0,""rec_yds_200"":0,""ret_tds"":0,""scrimage_yards_100"":0,""scrimage_yards_200"":0}"
24732,16807,Dallin Holker,TE,TE,FA,14.081,calculated,14.1,18.74,23.37,"{""2pt_tds"":0,""fumbles"":0.01,""points"":14.1,""points_half"":18.74,""points_ppr"":23.37,""rec_rec"":9.27,""rec_tds"":0.76,""rec_yds"":95.41,""rec_yds_100"":0,""rec_yds_200"":0,""ret_tds"":0,""scrimage_yards_100"":0,""scrimage_yards_200"":0}"
25346,16218,Payne Durham,TE,TE,TB,14.016,calculated,13.99,18.61,23.23,"{""2pt_tds"":0,""fumbles"":0.02,""points"":13.99,""points_half"":18.61,""points_ppr"":23.23,""rec_rec"":9.24,""rec_tds"":0.73,""rec_yds"":96.76,""rec_yds_100"":0,""rec_yds_200"":0,""ret_tds"":0,""scrimage_yards_100"":0,""scrimage_yards_200"":0}"
18561,14146,Drew Sample,TE,TE,CIN,13.985,calculated,13.97,19.21,24.46,"{""2pt_tds"":0,""fumbles"":0.03,""points"":13.97,""points_half"":19.21,""points_ppr"":24.46,""rec_rec"":10.49,""rec_tds"":0.77,""rec_yds"":94.25,""rec_yds_100"":0,""rec_yds_200"":0,""ret_tds"":0,""scrimage_yards_100"":0,""scrimage_yards_200"":0}"
13964,12309,MyCole Pruitt,TE,TE,FA,12.739,calculated,12.73,15.99,19.24,"{""2pt_tds"":0,""fumbles"":0.03,""points"":12.73,""points_half"":15.99,""points_ppr"":19.24,""rec_rec"":6.51,""rec_tds"":1.01,""rec_yds"":67.39,""rec_yds_100"":0,""rec_yds_200"":0,""ret_tds"":0,""scrimage_yards_100"":0,""scrimage_yards_200"":0}"
24180,15804,Grant Calcaterra,TE,TE,PHI,12.629,calculated,12.64,16.87,21.11,"{""2pt_tds"":0,""fumbles"":0.04,""points"":12.64,""points_half"":16.87,""points_ppr"":21.11,""rec_rec"":8.47,""rec_tds"":0.69,""rec_yds"":85.69,""rec_yds_100"":0,""rec_yds_200"":0,""ret_tds"":0,""scrimage_yards_100"":0,""scrimage_yards_200"":0}"
19501,15335,Luke Farrell,TE,TE,SF,12.607,calculated,12.61,16.96,21.31,"{""2pt_tds"":0,""fumbles"":0.04,""points"":12.61,""points_half"":16.96,""points_ppr"":21.31,""rec_rec"":8.7,""rec_tds"":0.65,""rec_yds"":87.87,""rec_yds_100"":0,""rec_yds_200"":0,""ret_tds"":0,""scrimage_yards_100"":0,""scrimage_yards_200"":0}"
17886,13988,Ross Dwelley,TE,TE,FA,12.344,calculated,12.32,15.32,18.31,"{""2pt_tds"":0,""fumbles"":0.02,""points"":12.32,""points_half"":15.32,""points_ppr"":18.31,""rec_rec"":5.99,""rec_tds"":0.67,""rec_yds"":83.64,""rec_yds_100"":0,""rec_yds_200"":0,""ret_tds"":0,""scrimage_yards_100"":0,""scrimage_yards_200"":0}"
22820,15341,Quintin Morris,TE,TE,JAC,11.812,calculated,11.79,14.88,17.98,"{""2pt_tds"":0,""fumbles"":0.01,""points"":11.79,""points_half"":14.88,""points_ppr"":17.98,""rec_rec"":6.19,""rec_tds"":0.88,""rec_yds"":65.52,""rec_yds_100"":0,""rec_yds_200"":0,""ret_tds"":0,""scrimage_yards_100"":0,""scrimage_yards_200"":0}"
19389,14875,Harrison Bryant,TE,TE,FA,11.612,calculated,11.59,15.48,19.37,"{""2pt_tds"":0,""fumbles"":0.02,""points"":11.59,""points_half"":15.48,""points_ppr"":19.37,""rec_rec"":7.78,""rec_tds"":0.71,""rec_yds"":73.92,""rec_yds_100"":0,""rec_yds_200"":0,""ret_tds"":0,""scrimage_yards_100"":0,""scrimage_yards_200"":0}"
22971,16000,Peyton Hendershot,TE,TE,FA,11.605,calculated,11.6,15.47,19.34,"{""2pt_tds"":0,""fumbles"":0.01,""points"":11.6,""points_half"":15.47,""points_ppr"":19.34,""rec_rec"":7.75,""rec_tds"":0.65,""rec_yds"":77.25,""rec_yds_100"":0,""rec_yds_200"":0,""ret_tds"":0,""scrimage_yards_100"":0,""scrimage_yards_200"":0}"
26437,16962,Brenden Bates,TE,TE,CLE,11.04,calculated,11.01,14.71,18.41,"{""2pt_tds"":0,""fumbles"":0.01,""points"":11.01,""points_half"":14.71,""points_ppr"":18.41,""rec_rec"":7.4,""rec_tds"":0.66,""rec_yds"":71,""rec_yds_100"":0,""rec_yds_200"":0,""ret_tds"":0,""scrimage_yards_100"":0,""scrimage_yards_200"":0}"
22833,15344,John Bates,TE,TE,WAS,10.595,calculated,10.56,14.85,19.13,"{""2pt_tds"":0,""fumbles"":0.02,""points"":10.56,""points_half"":14.85,""points_ppr"":19.13,""rec_rec"":8.58,""rec_tds"":0.43,""rec_yds"":80.55,""rec_yds_100"":0,""rec_yds_200"":0,""ret_tds"":0,""scrimage_yards_100"":0,""scrimage_yards_200"":0}"
22783,15334,Hunter Long,TE,TE,JAC,10.432,calculated,10.4,13.58,16.76,"{""2pt_tds"":0,""fumbles"":0,""points"":10.4,""points_half"":13.58,""points_ppr"":16.76,""rec_rec"":6.36,""rec_tds"":0.66,""rec_yds"":64.72,""rec_yds_100"":0,""rec_yds_200"":0,""ret_tds"":0,""scrimage_yards_100"":0,""scrimage_yards_200"":0}"
25349,16483,Ben Sims,TE,TE,MIA,9.912,calculated,9.89,12.68,15.46,"{""2pt_tds"":0,""fumbles"":0.01,""points"":9.89,""points_half"":12.68,""points_ppr"":15.46,""rec_rec"":5.57,""rec_tds"":0.83,""rec_yds"":49.52,""rec_yds_100"":0,""rec_yds_200"":0,""ret_tds"":0,""scrimage_yards_100"":0,""scrimage_yards_200"":0}"
9413,8269,Marcedes Lewis,TE,TE,FA,9.896,calculated,9.91,13.33,16.76,"{""2pt_tds"":0,""fumbles"":0.02,""points"":9.91,""points_half"":13.33,""points_ppr"":16.76,""rec_rec"":6.86,""rec_tds"":0.67,""rec_yds"":59.16,""rec_yds_100"":0,""rec_yds_200"":0,""ret_tds"":0,""scrimage_yards_100"":0,""scrimage_yards_200"":0}"
22756,15795,Charlie Kolar,TE,TE,LAC,8.869,calculated,8.85,11.77,14.68,"{""2pt_tds"":0,""fumbles"":0,""points"":8.85,""points_half"":11.77,""points_ppr"":14.68,""rec_rec"":5.83,""rec_tds"":0.42,""rec_yds"":63.49,""rec_yds_100"":0,""rec_yds_200"":0,""ret_tds"":0,""scrimage_yards_100"":0,""scrimage_yards_200"":0}"
24568,15929,Ko Kieft,TE,TE,TB,8.39,calculated,8.38,10.76,13.15,"{""2pt_tds"":0,""fumbles"":0.03,""points"":8.38,""points_half"":10.76,""points_ppr"":13.15,""rec_rec"":4.77,""rec_tds"":0.64,""rec_yds"":46.1,""rec_yds_100"":0,""rec_yds_200"":0,""ret_tds"":0,""scrimage_yards_100"":0,""scrimage_yards_200"":0}"
25731,16496,Brady Russell,TE,TE,SEA,8.388,calculated,8.36,10.85,13.35,"{""2pt_tds"":0,""fumbles"":0,""points"":8.36,""points_half"":10.85,""points_ppr"":13.35,""rec_rec"":4.99,""rec_tds"":0.59,""rec_yds"":48.48,""rec_yds_100"":0,""rec_yds_200"":0,""ret_tds"":0,""scrimage_yards_100"":0,""scrimage_yards_200"":0}"
25881,16474,Nate Adkins,TE,TE,DEN,8.244,calculated,8.24,10.93,13.61,"{""2pt_tds"":0,""fumbles"":0,""points"":8.24,""points_half"":10.93,""points_ppr"":13.61,""rec_rec"":5.37,""rec_tds"":0.58,""rec_yds"":47.64,""rec_yds_100"":0,""rec_yds_200"":0,""ret_tds"":0,""scrimage_yards_100"":0,""scrimage_yards_200"":0}"
19665,14984,Charlie Woerner,TE,TE,ATL,8.162,calculated,8.19,12.23,16.26,"{""2pt_tds"":0,""fumbles"":0.03,""points"":8.19,""points_half"":12.23,""points_ppr"":16.26,""rec_rec"":8.07,""rec_tds"":0.33,""rec_yds"":62.42,""rec_yds_100"":0,""rec_yds_200"":0,""ret_tds"":0,""scrimage_yards_100"":0,""scrimage_yards_200"":0}"
25824,16425,Julian Hill,TE,TE,NE,8.053,calculated,8.02,11.41,14.79,"{""2pt_tds"":0,""fumbles"":1,""points"":8.02,""points_half"":11.41,""points_ppr"":14.79,""rec_rec"":6.77,""rec_tds"":0.61,""rec_yds"":63.93,""rec_yds_100"":0,""rec_yds_200"":0,""ret_tds"":0,""scrimage_yards_100"":0,""scrimage_yards_200"":0}"
16706,13315,Eric Saubert,TE,TE,SEA,7.478,calculated,7.45,10.88,14.31,"{""2pt_tds"":0,""fumbles"":0.02,""points"":7.45,""points_half"":10.88,""points_ppr"":14.31,""rec_rec"":6.87,""rec_tds"":0.3,""rec_yds"":57.18,""rec_yds_100"":0,""rec_yds_200"":0,""ret_tds"":0,""scrimage_yards_100"":0,""scrimage_yards_200"":0}"
16787,13919,Anthony Firkser,TE,TE,FA,6.004,calculated,6,8.2,10.4,"{""2pt_tds"":0,""fumbles"":0,""points"":6,""points_half"":8.2,""points_ppr"":10.4,""rec_rec"":4.4,""rec_tds"":0.31,""rec_yds"":41.44,""rec_yds_100"":0,""rec_yds_200"":0,""ret_tds"":0,""scrimage_yards_100"":0,""scrimage_yards_200"":0}"
14084,12317,C.J. Uzomah,TE,TE,FA,5.8,calculated,5.8,8.8,11.8,"{""2pt_tds"":0,""fumbles"":0,""points"":5.8,""points_half"":8.8,""points_ppr"":11.8,""rec_rec"":6,""rec_tds"":0,""rec_yds"":58,""rec_yds_100"":0,""rec_yds_200"":0,""ret_tds"":0,""scrimage_yards_100"":0,""scrimage_yards_200"":0}"
19067,15564,Parker Hesse,TE,TE,FA,5.198,calculated,5.2,7.06,8.93,"{""2pt_tds"":0,""fumbles"":0.02,""points"":5.2,""points_half"":7.06,""points_ppr"":8.93,""rec_rec"":3.73,""rec_tds"":0.26,""rec_yds"":36.78,""rec_yds_100"":0,""rec_yds_200"":0,""ret_tds"":0,""scrimage_yards_100"":0,""scrimage_yards_200"":0}"
19456,14876,Josiah Deguara,TE,TE,SF,5.1,calculated,5.1,7.6,10.1,"{""2pt_tds"":0,""fumbles"":0,""points"":5.1,""points_half"":7.6,""points_ppr"":10.1,""rec_rec"":5,""rec_tds"":0,""rec_yds"":51,""rec_yds_100"":0,""rec_yds_200"":0,""ret_tds"":0,""scrimage_yards_100"":0,""scrimage_yards_200"":0}"
24239,15937,Nick Muse,TE,TE,ATL,5.075,calculated,5.04,6.91,8.78,"{""2pt_tds"":0,""fumbles"":0.03,""points"":5.04,""points_half"":6.91,""points_ppr"":8.78,""rec_rec"":3.74,""rec_tds"":0.26,""rec_yds"":35.75,""rec_yds_100"":0,""rec_yds_200"":0,""ret_tds"":0,""scrimage_yards_100"":0,""scrimage_yards_200"":0}"
14014,12955,Chris Manhertz,TE,TE,NYG,5.041,calculated,5.04,7.76,10.49,"{""2pt_tds"":0,""fumbles"":0,""points"":5.04,""points_half"":7.76,""points_ppr"":10.49,""rec_rec"":5.45,""rec_tds"":0.06,""rec_yds"":46.81,""rec_yds_100"":0,""rec_yds_200"":0,""ret_tds"":0,""scrimage_yards_100"":0,""scrimage_yards_200"":0}"
22815,15339,Kenny Yeboah,TE,TE,FA,4.175,calculated,4.18,5.65,7.12,"{""2pt_tds"":0,""fumbles"":0,""points"":4.18,""points_half"":5.65,""points_ppr"":7.12,""rec_rec"":2.94,""rec_tds"":0.22,""rec_yds"":28.55,""rec_yds_100"":0,""rec_yds_200"":0,""ret_tds"":0,""scrimage_yards_100"":0,""scrimage_yards_200"":0}"
24182,15905,Teagan Quitoriano,TE,TE,ARI,3.254,calculated,3.25,4.27,5.28,"{""2pt_tds"":0,""fumbles"":0,""points"":3.25,""points_half"":4.27,""points_ppr"":5.28,""rec_rec"":2.03,""rec_tds"":0.17,""rec_yds"":22.34,""rec_yds_100"":0,""rec_yds_200"":0,""ret_tds"":0,""scrimage_yards_100"":0,""scrimage_yards_200"":0}"
22807,15333,Tre' McKitty,TE,TE,WAS,3.063,calculated,3.06,4.09,5.12,"{""2pt_tds"":0,""fumbles"":0,""points"":3.06,""points_half"":4.09,""points_ppr"":5.12,""rec_rec"":2.06,""rec_tds"":0.17,""rec_yds"":20.43,""rec_yds_100"":0,""rec_yds_200"":0,""ret_tds"":0,""scrimage_yards_100"":0,""scrimage_yards_200"":0}"
18757,14488,Stephen Carlson,TE,TE,CHI,2.952,calculated,2.95,3.94,4.93,"{""2pt_tds"":0,""fumbles"":0,""points"":2.95,""points_half"":3.94,""points_ppr"":4.93,""rec_rec"":1.98,""rec_tds"":0.17,""rec_yds"":19.32,""rec_yds_100"":0,""rec_yds_200"":0,""ret_tds"":0,""scrimage_yards_100"":0,""scrimage_yards_200"":0}"
19893,15544,Tommy Hudson,TE,TE,FA,2.947,calculated,2.95,3.95,4.96,"{""2pt_tds"":0,""fumbles"":0,""points"":2.95,""points_half"":3.95,""points_ppr"":4.96,""rec_rec"":2.01,""rec_tds"":0.17,""rec_yds"":19.27,""rec_yds_100"":0,""rec_yds_200"":0,""ret_tds"":0,""scrimage_yards_100"":0,""scrimage_yards_200"":0}"
24778,16036,Jake Tonges,TE,TE,SF,2.753,calculated,2.75,3.67,4.58,"{""2pt_tds"":0,""fumbles"":0,""points"":2.75,""points_half"":3.67,""points_ppr"":4.58,""rec_rec"":1.83,""rec_tds"":0.17,""rec_yds"":17.33,""rec_yds_100"":0,""rec_yds_200"":0,""ret_tds"":0,""scrimage_yards_100"":0,""scrimage_yards_200"":0}"
19510,15563,Mitchell Wilcox,TE,TE,FA,2.689,calculated,2.69,4.4,6.12,"{""2pt_tds"":0,""fumbles"":0,""points"":2.69,""points_half"":4.4,""points_ppr"":6.12,""rec_rec"":3.43,""rec_tds"":0.04,""rec_yds"":24.49,""rec_yds_100"":0,""rec_yds_200"":0,""ret_tds"":0,""scrimage_yards_100"":0,""scrimage_yards_200"":0}"
18690,14240,Zach Gentry,TE,TE,FA,2.615,calculated,2.62,3.49,4.36,"{""2pt_tds"":0,""fumbles"":0,""points"":2.62,""points_half"":3.49,""points_ppr"":4.36,""rec_rec"":1.74,""rec_tds"":0.17,""rec_yds"":15.95,""rec_yds_100"":0,""rec_yds_200"":0,""ret_tds"":0,""scrimage_yards_100"":0,""scrimage_yards_200"":0}"
19202,14832,CeeDee Lamb,WR,WR,DAL,216.32,calculated,216.31,274.32,332.33,"{""2pt_tds"":0,""fumbles"":1.06,""points"":216.31,""points_half"":274.32,""points_ppr"":332.33,""rec_rec"":116.02,""rec_tds"":9.66,""rec_yds"":1488.37,""rec_yds_100"":0,""rec_yds_200"":0,""ret_tds"":0,""rush_att"":9.79,""rush_tds"":0.8,""rush_yds"":68.43,""rush_yds_100"":0,""rush_yds_200"":0,""scrimage_yards_100"":0,""scrimage_yards_200"":0}"
15802,12801,Tyreek Hill,WR,WR,FA,215.772,calculated,215.75,270.77,325.78,"{""2pt_tds"":0,""fumbles"":0.96,""points"":215.75,""points_half"":270.77,""points_ppr"":325.78,""rec_rec"":110.03,""rec_tds"":9.92,""rec_yds"":1544.6,""rec_yds_100"":0,""rec_yds_200"":0,""ret_tds"":0,""rush_att"":5.19,""rush_tds"":0.11,""rush_yds"":30.52,""rush_yds_100"":0,""rush_yds_200"":0,""scrimage_yards_100"":0,""scrimage_yards_200"":0}"
19788,15281,Ja'Marr Chase,WR,WR,CIN,189.142,calculated,189.12,242.36,295.59,"{""2pt_tds"":0,""fumbles"":0.67,""points"":189.12,""points_half"":242.36,""points_ppr"":295.59,""rec_rec"":106.47,""rec_tds"":8.89,""rec_yds"":1354.65,""rec_yds_100"":0,""rec_yds_200"":0,""ret_tds"":0,""rush_att"":3,""rush_tds"":0.07,""rush_yds"":12.57,""rush_yds_100"":0,""rush_yds_200"":0,""scrimage_yards_100"":0,""scrimage_yards_200"":0}"
19236,14836,Justin Jefferson,WR,WR,MIN,187.898,calculated,187.89,240.65,293.42,"{""2pt_tds"":0,""fumbles"":0.97,""points"":187.89,""points_half"":240.65,""points_ppr"":293.42,""rec_rec"":105.53,""rec_tds"":7.43,""rec_yds"":1447.54,""rec_yds_100"":0,""rec_yds_200"":0,""ret_tds"":0,""rush_att"":1.23,""rush_tds"":0.02,""rush_yds"":3.84,""rush_yds_100"":0,""rush_yds_200"":0,""scrimage_yards_100"":0,""scrimage_yards_200"":0}"
19799,15287,Amon-Ra St. Brown,WR,WR,DET,186.06,calculated,186.05,241.54,297.02,"{""2pt_tds"":0,""fumbles"":0.93,""points"":186.05,""points_half"":241.54,""points_ppr"":297.02,""rec_rec"":110.96,""rec_tds"":8.2,""rec_yds"":1351.07,""rec_yds_100"":0,""rec_yds_200"":0,""ret_tds"":0,""rush_att"":4.46,""rush_tds"":0.08,""rush_yds"":31.33,""rush_yds_100"":0,""rush_yds_200"":0,""scrimage_yards_100"":0,""scrimage_yards_200"":0}"
18218,14104,A.J. Brown,WR,WR,NE,178.545,calculated,178.58,225.04,271.5,"{""2pt_tds"":0,""fumbles"":1.32,""points"":178.58,""points_half"":225.04,""points_ppr"":271.5,""rec_rec"":92.92,""rec_tds"":8.23,""rec_yds"":1316.65,""rec_yds_100"":0,""rec_yds_200"":0,""ret_tds"":0,""rush_att"":0,""rush_tds"":0,""rush_yds"":1.4,""rush_yds_100"":0,""rush_yds_200"":0,""scrimage_yards_100"":0,""scrimage_yards_200"":0}"
23180,16211,Puka Nacua,WR,WR,LAR,178.15,calculated,178.14,225.51,272.88,"{""2pt_tds"":0,""fumbles"":0.66,""points"":178.14,""points_half"":225.51,""points_ppr"":272.88,""rec_rec"":94.74,""rec_tds"":7.19,""rec_yds"":1299.01,""rec_yds_100"":0,""rec_yds_200"":0,""ret_tds"":0,""rush_att"":8.93,""rush_tds"":0.16,""rush_yds"":54.69,""rush_yds_100"":0,""rush_yds_200"":0,""scrimage_yards_100"":0,""scrimage_yards_200"":0}"
23072,15753,Garrett Wilson,WR,WR,NYJ,167.91,calculated,167.87,215.45,263.03,"{""2pt_tds"":0,""fumbles"":1.31,""points"":167.87,""points_half"":215.45,""points_ppr"":263.03,""rec_rec"":95.16,""rec_tds"":8.17,""rec_yds"":1190.49,""rec_yds_100"":0,""rec_yds_200"":0,""ret_tds"":0,""rush_att"":3.88,""rush_tds"":0.09,""rush_yds"":19.21,""rush_yds_100"":0,""rush_yds_200"":0,""scrimage_yards_100"":0,""scrimage_yards_200"":0}"
18244,14136,Deebo Samuel Sr.,WR,WR,SF,164.987,calculated,164.98,198.43,231.88,"{""2pt_tds"":0,""fumbles"":0.95,""points"":164.98,""points_half"":198.43,""points_ppr"":231.88,""rec_rec"":66.9,""rec_tds"":5.87,""rec_yds"":924.66,""rec_yds_100"":0,""rec_yds_200"":0,""ret_tds"":0,""rush_att"":35.77,""rush_tds"":3.06,""rush_yds"":208.41,""rush_yds_100"":0,""rush_yds_200"":0,""scrimage_yards_100"":0,""scrimage_yards_200"":0}"
12119,11671,Mike Evans,WR,WR,SF,161.704,calculated,161.73,199.54,237.34,"{""2pt_tds"":0,""fumbles"":0.48,""points"":161.73,""points_half"":199.54,""points_ppr"":237.34,""rec_rec"":75.61,""rec_tds"":8.4,""rec_yds"":1121.44,""rec_yds_100"":0,""rec_yds_200"":0,""ret_tds"":0,""rush_att"":0,""rush_tds"":0,""rush_yds"":1.2,""rush_yds_100"":0,""rush_yds_200"":0,""scrimage_yards_100"":0,""scrimage_yards_200"":0}"
20130,15290,Nico Collins,WR,WR,HOU,159.761,calculated,159.74,198.99,238.23,"{""2pt_tds"":0,""fumbles"":0.54,""points"":159.74,""points_half"":198.99,""points_ppr"":238.23,""rec_rec"":78.49,""rec_tds"":7.42,""rec_yds"":1152.21,""rec_yds_100"":0,""rec_yds_200"":0,""ret_tds"":0,""rush_att"":1.36,""rush_tds"":0.04,""rush_yds"":8.6,""rush_yds_100"":0,""rush_yds_200"":0,""scrimage_yards_100"":0,""scrimage_yards_200"":0}"
20111,15754,Chris Olave,WR,WR,NO,158.114,calculated,158.11,203.04,247.97,"{""2pt_tds"":0,""fumbles"":0.56,""points"":158.11,""points_half"":203.04,""points_ppr"":247.97,""rec_rec"":89.87,""rec_tds"":6.5,""rec_yds"":1201.34,""rec_yds_100"":0,""rec_yds_200"":0,""ret_tds"":0,""rush_att"":0,""rush_tds"":0,""rush_yds"":1,""rush_yds_100"":0,""rush_yds_200"":0,""scrimage_yards_100"":0,""scrimage_yards_200"":0}"
23064,16614,Marvin Harrison Jr.,WR,WR,ARI,155.546,calculated,155.55,199.76,243.98,"{""2pt_tds"":0,""fumbles"":1.5,""points"":155.55,""points_half"":199.76,""points_ppr"":243.98,""rec_rec"":88.42,""rec_tds"":6.78,""rec_yds"":1175.06,""rec_yds_100"":0,""rec_yds_200"":0,""ret_tds"":0,""rush_att"":0.5,""rush_tds"":0,""rush_yds"":3.6,""rush_yds_100"":0,""rush_yds_200"":0,""scrimage_yards_100"":0,""scrimage_yards_200"":0}"
19252,14840,Brandon Aiyuk,WR,WR,SF,155.17,calculated,155.16,192.75,230.33,"{""2pt_tds"":0,""fumbles"":0.9,""points"":155.16,""points_half"":192.75,""points_ppr"":230.33,""rec_rec"":75.16,""rec_tds"":7.25,""rec_yds"":1130.7,""rec_yds_100"":0,""rec_yds_200"":0,""ret_tds"":0,""rush_att"":0.75,""rush_tds"":0,""rush_yds"":4,""rush_yds_100"":0,""rush_yds_200"":0,""scrimage_yards_100"":0,""scrimage_yards_200"":0}"
23163,15751,Drake London,WR,WR,ATL,154.613,calculated,154.59,198.53,242.48,"{""2pt_tds"":0,""fumbles"":0.92,""points"":154.59,""points_half"":198.53,""points_ppr"":242.48,""rec_rec"":87.89,""rec_tds"":7.04,""rec_yds"":1139.93,""rec_yds_100"":0,""rec_yds_200"":0,""ret_tds"":0,""rush_att"":0,""rush_tds"":0,""rush_yds"":2.2,""rush_yds_100"":0,""rush_yds_200"":0,""scrimage_yards_100"":0,""scrimage_yards_200"":0}"
18219,14102,DK Metcalf,WR,WR,PIT,154.239,calculated,154.22,191.02,227.82,"{""2pt_tds"":0,""fumbles"":0.53,""points"":154.22,""points_half"":191.02,""points_ppr"":227.82,""rec_rec"":73.6,""rec_tds"":8.1,""rec_yds"":1065.79,""rec_yds_100"":0,""rec_yds_200"":0,""ret_tds"":0,""rush_att"":0,""rush_tds"":0,""rush_yds"":1.2,""rush_yds_100"":0,""rush_yds_200"":0,""scrimage_yards_100"":0,""scrimage_yards_200"":0}"
12123,11675,Davante Adams,WR,WR,LAR,151.023,calculated,151.04,197.56,244.08,"{""2pt_tds"":0,""fumbles"":0.54,""points"":151.04,""points_half"":197.56,""points_ppr"":244.08,""rec_rec"":93.04,""rec_tds"":6.52,""rec_yds"":1128.83,""rec_yds_100"":0,""rec_yds_200"":0,""ret_tds"":0,""rush_att"":0,""rush_tds"":0,""rush_yds"":1,""rush_yds_100"":0,""rush_yds_200"":0,""scrimage_yards_100"":0,""scrimage_yards_200"":0}"
16433,13164,Cooper Kupp,WR,WR,SEA,150.779,calculated,150.75,193.68,236.61,"{""2pt_tds"":0,""fumbles"":0.54,""points"":150.75,""points_half"":193.68,""points_ppr"":236.61,""rec_rec"":85.87,""rec_tds"":7.28,""rec_yds"":1060.75,""rec_yds_100"":0,""rec_yds_200"":0,""ret_tds"":0,""rush_att"":2.93,""rush_tds"":0.06,""rush_yds"":17.44,""rush_yds_100"":0,""rush_yds_200"":0,""scrimage_yards_100"":0,""scrimage_yards_200"":0}"
19222,15282,DeVonta Smith,WR,WR,PHI,148.946,calculated,148.95,191.36,233.78,"{""2pt_tds"":0,""fumbles"":0.91,""points"":148.95,""points_half"":191.36,""points_ppr"":233.78,""rec_rec"":84.83,""rec_tds"":7.09,""rec_yds"":1081.06,""rec_yds_100"":0,""rec_yds_200"":0,""ret_tds"":0,""rush_att"":0,""rush_tds"":0,""rush_yds"":1.2,""rush_yds_100"":0,""rush_yds_200"":0,""scrimage_yards_100"":0,""scrimage_yards_200"":0}"
19790,15284,Jaylen Waddle,WR,WR,DEN,148.318,calculated,148.34,189.24,230.15,"{""2pt_tds"":0,""fumbles"":0.54,""points"":148.34,""points_half"":189.24,""points_ppr"":230.15,""rec_rec"":81.81,""rec_tds"":5.74,""rec_yds"":1123.68,""rec_yds_100"":0,""rec_yds_200"":0,""ret_tds"":0,""rush_att"":3.64,""rush_tds"":0.08,""rush_yds"":21.1,""rush_yds_100"":0,""rush_yds_200"":0,""scrimage_yards_100"":0,""scrimage_yards_200"":0}"
17265,13635,DJ Moore,WR,WR,BUF,147.636,calculated,147.65,185.71,223.77,"{""2pt_tds"":0,""fumbles"":0.89,""points"":147.65,""points_half"":185.71,""points_ppr"":223.77,""rec_rec"":76.11,""rec_tds"":6.98,""rec_yds"":1047.03,""rec_yds_100"":0,""rec_yds_200"":0,""ret_tds"":0,""rush_att"":2.27,""rush_tds"":0.22,""rush_yds"":15.13,""rush_yds_100"":0,""rush_yds_200"":0,""scrimage_yards_100"":0,""scrimage_yards_200"":0}"
13894,12175,Amari Cooper,WR,WR,FA,146.678,calculated,146.71,183.18,219.65,"{""2pt_tds"":0,""fumbles"":0.91,""points"":146.71,""points_half"":183.18,""points_ppr"":219.65,""rec_rec"":72.94,""rec_tds"":6.29,""rec_yds"":1106.58,""rec_yds_100"":0,""rec_yds_200"":0,""ret_tds"":0,""rush_att"":0,""rush_tds"":0,""rush_yds"":1,""rush_yds_100"":0,""rush_yds_200"":0,""scrimage_yards_100"":0,""scrimage_yards_200"":0}"
19211,14835,Tee Higgins,WR,WR,CIN,146.463,calculated,146.46,182.25,218.04,"{""2pt_tds"":0,""fumbles"":0.54,""points"":146.46,""points_half"":182.25,""points_ppr"":218.04,""rec_rec"":71.58,""rec_tds"":7.5,""rec_yds"":1024.43,""rec_yds_100"":0,""rec_yds_200"":0,""ret_tds"":0,""rush_att"":0,""rush_tds"":0,""rush_yds"":1,""rush_yds_100"":0,""rush_yds_200"":0,""scrimage_yards_100"":0,""scrimage_yards_200"":0}"
22963,15762,George Pickens,WR,WR,DAL,145.253,calculated,145.25,180.61,215.98,"{""2pt_tds"":0,""fumbles"":0.95,""points"":145.25,""points_half"":180.61,""points_ppr"":215.98,""rec_rec"":70.73,""rec_tds"":6.05,""rec_yds"":1089.22,""rec_yds_100"":0,""rec_yds_200"":0,""ret_tds"":0,""rush_att"":2.62,""rush_tds"":0.04,""rush_yds"":16.91,""rush_yds_100"":0,""rush_yds_200"":0,""scrimage_yards_100"":0,""scrimage_yards_200"":0}"
25361,16204,Tank Dell,WR,WR,HOU,143.119,calculated,143.16,178.15,213.13,"{""2pt_tds"":0,""fumbles"":0.64,""points"":143.16,""points_half"":178.15,""points_ppr"":213.13,""rec_rec"":69.97,""rec_tds"":6.98,""rec_yds"":954.61,""rec_yds_100"":0,""rec_yds_200"":0,""ret_tds"":0,""rush_att"":11.1,""rush_tds"":0.15,""rush_yds"":61.58,""rush_yds_100"":0,""rush_yds_200"":0,""scrimage_yards_100"":0,""scrimage_yards_200"":0}"
13981,12186,Stefon Diggs,WR,WR,WAS,142.173,calculated,142.14,184.67,227.21,"{""2pt_tds"":0,""fumbles"":0.99,""points"":142.14,""points_half"":184.67,""points_ppr"":227.21,""rec_rec"":85.06,""rec_tds"":6.62,""rec_yds"":1032.19,""rec_yds_100"":0,""rec_yds_200"":0,""ret_tds"":0,""rush_att"":1.86,""rush_tds"":0.05,""rush_yds"":9.14,""rush_yds_100"":0,""rush_yds_200"":0,""scrimage_yards_100"":0,""scrimage_yards_200"":0}"
25409,16615,Malik Nabers,WR,WR,NYG,141.005,calculated,141.02,181.64,222.26,"{""2pt_tds"":0,""fumbles"":1.16,""points"":141.02,""points_half"":181.64,""points_ppr"":222.26,""rec_rec"":81.24,""rec_tds"":5.86,""rec_yds"":1076.65,""rec_yds_100"":0,""rec_yds_200"":0,""ret_tds"":0,""rush_att"":0.5,""rush_tds"":0,""rush_yds"":5,""rush_yds_100"":0,""rush_yds_200"":0,""scrimage_yards_100"":0,""scrimage_yards_200"":0}"
17258,13629,Calvin Ridley,WR,WR,TEN,139.84,calculated,139.86,175.46,211.06,"{""2pt_tds"":0,""fumbles"":0.54,""points"":139.86,""points_half"":175.46,""points_ppr"":211.06,""rec_rec"":71.2,""rec_tds"":6.96,""rec_yds"":975.04,""rec_yds_100"":0,""rec_yds_200"":0,""ret_tds"":0,""rush_att"":2.91,""rush_tds"":0.03,""rush_yds"":14.76,""rush_yds_100"":0,""rush_yds_200"":0,""scrimage_yards_100"":0,""scrimage_yards_200"":0}"
22916,16190,Zay Flowers,WR,WR,BAL,139.67,calculated,139.66,179.38,219.1,"{""2pt_tds"":0,""fumbles"":0.96,""points"":139.66,""points_half"":179.38,""points_ppr"":219.1,""rec_rec"":79.44,""rec_tds"":6.19,""rec_yds"":964.59,""rec_yds_100"":0,""rec_yds_200"":0,""ret_tds"":0,""rush_att"":7.36,""rush_tds"":0.56,""rush_yds"":46.31,""rush_yds_100"":0,""rush_yds_200"":0,""scrimage_yards_100"":0,""scrimage_yards_200"":0}"
23113,16194,Rashee Rice,WR,WR,KC,137.623,calculated,137.63,177.98,218.34,"{""2pt_tds"":0,""fumbles"":0.95,""points"":137.63,""points_half"":177.98,""points_ppr"":218.34,""rec_rec"":80.71,""rec_tds"":7.1,""rec_yds"":959.82,""rec_yds_100"":0,""rec_yds_200"":0,""ret_tds"":0,""rush_att"":1.54,""rush_tds"":0.04,""rush_yds"":7.01,""rush_yds_100"":0,""rush_yds_200"":0,""scrimage_yards_100"":0,""scrimage_yards_200"":0}"
19278,14842,Michael Pittman Jr.,WR,WR,PIT,134.778,calculated,134.79,183.12,231.46,"{""2pt_tds"":0,""fumbles"":1.02,""points"":134.79,""points_half"":183.12,""points_ppr"":231.46,""rec_rec"":96.67,""rec_tds"":5.05,""rec_yds"":1062.18,""rec_yds_100"":0,""rec_yds_200"":0,""ret_tds"":0,""rush_att"":0.25,""rush_tds"":0,""rush_yds"":3,""rush_yds_100"":0,""rush_yds_200"":0,""scrimage_yards_100"":0,""scrimage_yards_200"":0}"
16406,13163,Chris Godwin Jr.,WR,WR,TB,133.018,calculated,133.04,174.64,216.23,"{""2pt_tds"":0,""fumbles"":0.54,""points"":133.04,""points_half"":174.64,""points_ppr"":216.23,""rec_rec"":83.19,""rec_tds"":5.26,""rec_yds"":989.51,""rec_yds_100"":0,""rec_yds_200"":0,""ret_tds"":0,""rush_att"":2.72,""rush_tds"":0.25,""rush_yds"":20.87,""rush_yds_100"":0,""rush_yds_200"":0,""scrimage_yards_100"":0,""scrimage_yards_200"":0}"
17268,13633,Christian Kirk,WR,WR,SF,131.518,calculated,131.49,171.96,212.43,"{""2pt_tds"":0,""fumbles"":1.32,""points"":131.49,""points_half"":171.96,""points_ppr"":212.43,""rec_rec"":80.94,""rec_tds"":5.43,""rec_yds"":1008.2,""rec_yds_100"":0,""rec_yds_200"":0,""ret_tds"":0,""rush_att"":1,""rush_tds"":0.02,""rush_yds"":6.38,""rush_yds_100"":0,""rush_yds_200"":0,""scrimage_yards_100"":0,""scrimage_yards_200"":0}"
23020,16184,Jayden Reed,WR,WR,GB,128.042,calculated,128.05,160.12,192.18,"{""2pt_tds"":0,""fumbles"":0.61,""points"":128.05,""points_half"":160.12,""points_ppr"":192.18,""rec_rec"":64.13,""rec_tds"":5.9,""rec_yds"":795.94,""rec_yds_100"":0,""rec_yds_200"":0,""ret_tds"":0,""rush_att"":9,""rush_tds"":1.15,""rush_yds"":73.68,""rush_yds_100"":0,""rush_yds_200"":0,""scrimage_yards_100"":0,""scrimage_yards_200"":0}"
18466,14109,Terry McLaurin,WR,WR,WAS,127.893,calculated,127.91,166.11,204.31,"{""2pt_tds"":0,""fumbles"":0.49,""points"":127.91,""points_half"":166.11,""points_ppr"":204.31,""rec_rec"":76.4,""rec_tds"":4.61,""rec_yds"":1009.93,""rec_yds_100"":0,""rec_yds_200"":0,""ret_tds"":0,""rush_att"":0.25,""rush_tds"":0,""rush_yds"":2.2,""rush_yds_100"":0,""rush_yds_200"":0,""scrimage_yards_100"":0,""scrimage_yards_200"":0}"
18615,14208,Diontae Johnson,WR,WR,FA,124.836,calculated,124.83,161.23,197.63,"{""2pt_tds"":0,""fumbles"":0.61,""points"":124.83,""points_half"":161.23,""points_ppr"":197.63,""rec_rec"":72.8,""rec_tds"":5.77,""rec_yds"":905.96,""rec_yds_100"":0,""rec_yds_200"":0,""ret_tds"":0,""rush_att"":1.03,""rush_tds"":0.02,""rush_yds"":7.2,""rush_yds_100"":0,""rush_yds_200"":0,""scrimage_yards_100"":0,""scrimage_yards_200"":0}"
23886,15789,Christian Watson,WR,WR,GB,122.778,calculated,122.82,149.67,176.52,"{""2pt_tds"":0,""fumbles"":0.51,""points"":122.82,""points_half"":149.67,""points_ppr"":176.52,""rec_rec"":53.7,""rec_tds"":6.95,""rec_yds"":779.59,""rec_yds_100"":0,""rec_yds_200"":0,""ret_tds"":0,""rush_att"":4.16,""rush_tds"":0.28,""rush_yds"":24.59,""rush_yds_100"":0,""rush_yds_200"":0,""scrimage_yards_100"":0,""scrimage_yards_200"":0}"
11616,11222,Keenan Allen,WR,WR,IND,121.947,calculated,121.95,161.8,201.64,"{""2pt_tds"":0,""fumbles"":0.95,""points"":121.95,""points_half"":161.8,""points_ppr"":201.64,""rec_rec"":79.69,""rec_tds"":5.6,""rec_yds"":894.98,""rec_yds_100"":0,""rec_yds_200"":0,""ret_tds"":0,""rush_att"":1.02,""rush_tds"":0.02,""rush_yds"":6.29,""rush_yds_100"":0,""rush_yds_200"":0,""scrimage_yards_100"":0,""scrimage_yards_200"":0}"
23019,16620,Xavier Worthy,WR,WR,KC,119.794,calculated,119.79,148.31,176.82,"{""2pt_tds"":0,""fumbles"":0.79,""points"":119.79,""points_half"":148.31,""points_ppr"":176.82,""rec_rec"":57.03,""rec_tds"":5.95,""rec_yds"":828.73,""rec_yds_100"":0,""rec_yds_200"":0,""ret_tds"":0,""rush_att"":3.75,""rush_tds"":0.08,""rush_yds"":23.21,""rush_yds_100"":0,""rush_yds_200"":0,""scrimage_yards_100"":0,""scrimage_yards_200"":0}"
17253,13630,Courtland Sutton,WR,WR,DEN,119.125,calculated,119.11,152.02,184.92,"{""2pt_tds"":0,""fumbles"":1.27,""points"":119.11,""points_half"":152.02,""points_ppr"":184.92,""rec_rec"":65.82,""rec_tds"":6.09,""rec_yds"":850.05,""rec_yds_100"":0,""rec_yds_200"":0,""ret_tds"":0,""rush_att"":0,""rush_tds"":0,""rush_yds"":1.2,""rush_yds_100"":0,""rush_yds_200"":0,""scrimage_yards_100"":0,""scrimage_yards_200"":0}"
11606,11232,DeAndre Hopkins,WR,WR,BAL,118.809,calculated,118.84,151.21,183.59,"{""2pt_tds"":0,""fumbles"":0.52,""points"":118.84,""points_half"":151.21,""points_ppr"":183.59,""rec_rec"":64.75,""rec_tds"":5.74,""rec_yds"":851.29,""rec_yds_100"":0,""rec_yds_200"":0,""ret_tds"":0,""rush_att"":0.25,""rush_tds"":0,""rush_yds"":2.8,""rush_yds_100"":0,""rush_yds_200"":0,""scrimage_yards_100"":0,""scrimage_yards_200"":0}"
23107,16186,Jordan Addison,WR,WR,MIN,117.862,calculated,117.83,150.28,182.73,"{""2pt_tds"":0,""fumbles"":0.54,""points"":117.83,""points_half"":150.28,""points_ppr"":182.73,""rec_rec"":64.89,""rec_tds"":5.86,""rec_yds"":833.82,""rec_yds_100"":0,""rec_yds_200"":0,""ret_tds"":0,""rush_att"":0.25,""rush_tds"":0,""rush_yds"":4,""rush_yds_100"":0,""rush_yds_200"":0,""scrimage_yards_100"":0,""scrimage_yards_200"":0}"
25411,16616,Rome Odunze,WR,WR,CHI,116.08,calculated,116.1,147.36,178.62,"{""2pt_tds"":0,""fumbles"":1.12,""points"":116.1,""points_half"":147.36,""points_ppr"":178.62,""rec_rec"":62.52,""rec_tds"":5.39,""rec_yds"":852.23,""rec_yds_100"":0,""rec_yds_200"":0,""ret_tds"":0,""rush_att"":1.02,""rush_tds"":0.02,""rush_yds"":6.37,""rush_yds_100"":0,""rush_yds_200"":0,""scrimage_yards_100"":0,""scrimage_yards_200"":0}"
23677,15756,Jameson Williams,WR,WR,DET,113.849,calculated,113.88,141.5,169.12,"{""2pt_tds"":0,""fumbles"":0.55,""points"":113.88,""points_half"":141.5,""points_ppr"":169.12,""rec_rec"":55.24,""rec_tds"":4.83,""rec_yds"":775.48,""rec_yds_100"":0,""rec_yds_200"":0,""ret_tds"":0,""rush_att"":4.46,""rush_tds"":0.7,""rush_yds"":42.21,""rush_yds_100"":0,""rush_yds_200"":0,""scrimage_yards_100"":0,""scrimage_yards_200"":0}"
23070,16185,Jaxon Smith-Njigba,WR,WR,SEA,113.541,calculated,113.55,151.35,189.14,"{""2pt_tds"":0,""fumbles"":0.56,""points"":113.55,""points_half"":151.35,""points_ppr"":189.14,""rec_rec"":75.59,""rec_tds"":5.27,""rec_yds"":828.41,""rec_yds_100"":0,""rec_yds_200"":0,""ret_tds"":0,""rush_att"":0,""rush_tds"":0,""rush_yds"":2,""rush_yds_100"":0,""rush_yds_200"":0,""scrimage_yards_100"":0,""scrimage_yards_200"":0}"
23000,16618,Brian Thomas Jr.,WR,WR,JAC,113.004,calculated,112.98,144.6,176.22,"{""2pt_tds"":0,""fumbles"":1.12,""points"":112.98,""points_half"":144.6,""points_ppr"":176.22,""rec_rec"":63.24,""rec_tds"":5.02,""rec_yds"":845.24,""rec_yds_100"":0,""rec_yds_200"":0,""ret_tds"":0,""rush_att"":0.67,""rush_tds"":0,""rush_yds"":6,""rush_yds_100"":0,""rush_yds_200"":0,""scrimage_yards_100"":0,""scrimage_yards_200"":0}"
18226,14105,Hollywood Brown,WR,WR,PHI,112.36,calculated,112.34,140.67,169,"{""2pt_tds"":0,""fumbles"":0.45,""points"":112.34,""points_half"":140.67,""points_ppr"":169,""rec_rec"":56.66,""rec_tds"":6.1,""rec_yds"":755.12,""rec_yds_100"":0,""rec_yds_200"":0,""ret_tds"":0,""rush_att"":1.2,""rush_tds"":0.02,""rush_yds"":10.28,""rush_yds_100"":0,""rush_yds_200"":0,""scrimage_yards_100"":0,""scrimage_yards_200"":0}"
26122,16627,Ladd McConkey,WR,WR,LAC,111.01,calculated,111.05,144.16,177.28,"{""2pt_tds"":0,""fumbles"":1.13,""points"":111.05,""points_half"":144.16,""points_ppr"":177.28,""rec_rec"":66.24,""rec_tds"":5.05,""rec_yds"":822.36,""rec_yds_100"":0,""rec_yds_200"":0,""ret_tds"":0,""rush_att"":1.06,""rush_tds"":0.01,""rush_yds"":6.74,""rush_yds_100"":0,""rush_yds_200"":0,""scrimage_yards_100"":0,""scrimage_yards_200"":0}"
19201,14833,Jerry Jeudy,WR,WR,CLE,110.481,calculated,110.47,141.43,172.39,"{""2pt_tds"":0,""fumbles"":0.55,""points"":110.47,""points_half"":141.43,""points_ppr"":172.39,""rec_rec"":61.92,""rec_tds"":4.33,""rec_yds"":850.76,""rec_yds_100"":0,""rec_yds_200"":0,""ret_tds"":0,""rush_att"":0.33,""rush_tds"":0,""rush_yds"":5.25,""rush_yds_100"":0,""rush_yds_200"":0,""scrimage_yards_100"":0,""scrimage_yards_200"":0}"
13971,12187,Tyler Lockett,WR,WR,LV,106.084,calculated,106.09,139.25,172.4,"{""2pt_tds"":0,""fumbles"":0.5,""points"":106.09,""points_half"":139.25,""points_ppr"":172.4,""rec_rec"":66.31,""rec_tds"":5.16,""rec_yds"":759.74,""rec_yds_100"":0,""rec_yds_200"":0,""ret_tds"":0,""rush_att"":0,""rush_tds"":0,""rush_yds"":1.5,""rush_yds_100"":0,""rush_yds_200"":0,""scrimage_yards_100"":0,""scrimage_yards_200"":0}"
22845,15319,Joshua Palmer,WR,WR,BUF,105.625,calculated,105.61,136.68,167.75,"{""2pt_tds"":0,""fumbles"":0.87,""points"":105.61,""points_half"":136.68,""points_ppr"":167.75,""rec_rec"":62.14,""rec_tds"":4.73,""rec_yds"":787.05,""rec_yds_100"":0,""rec_yds_200"":0,""ret_tds"":0,""rush_att"":0.25,""rush_tds"":0,""rush_yds"":2.8,""rush_yds_100"":0,""rush_yds_200"":0,""scrimage_yards_100"":0,""scrimage_yards_200"":0}"
16434,13157,Curtis Samuel,WR,WR,FA,105.475,calculated,105.47,135.99,166.51,"{""2pt_tds"":0,""fumbles"":0.49,""points"":105.47,""points_half"":135.99,""points_ppr"":166.51,""rec_rec"":61.04,""rec_tds"":4.55,""rec_yds"":663.09,""rec_yds_100"":0,""rec_yds_200"":0,""ret_tds"":0,""rush_att"":11.33,""rush_tds"":1.03,""rush_yds"":66.66,""rush_yds_100"":0,""rush_yds_200"":0,""scrimage_yards_100"":0,""scrimage_yards_200"":0}"
19398,14845,Gabe Davis,WR,WR,FA,105.168,calculated,105.13,130.12,155.1,"{""2pt_tds"":0,""fumbles"":0.85,""points"":105.13,""points_half"":130.12,""points_ppr"":155.1,""rec_rec"":49.97,""rec_tds"":5.47,""rec_yds"":739.23,""rec_yds_100"":0,""rec_yds_200"":0,""ret_tds"":0,""rush_att"":0.33,""rush_tds"":0,""rush_yds"":1.25,""rush_yds_100"":0,""rush_yds_200"":0,""scrimage_yards_100"":0,""scrimage_yards_200"":0}"
16377,13154,Mike Williams,WR,WR,FA,104.567,calculated,104.6,132.64,160.69,"{""2pt_tds"":0,""fumbles"":0.48,""points"":104.6,""points_half"":132.64,""points_ppr"":160.69,""rec_rec"":56.1,""rec_tds"":4.85,""rec_yds"":752.62,""rec_yds_100"":0,""rec_yds_200"":0,""ret_tds"":0,""rush_att"":2.26,""rush_tds"":0.04,""rush_yds"":9.25,""rush_yds_100"":0,""rush_yds_200"":0,""scrimage_yards_100"":0,""scrimage_yards_200"":0}"
12122,11674,Brandin Cooks,WR,WR,FA,104.424,calculated,104.41,132.67,160.93,"{""2pt_tds"":0,""fumbles"":0.49,""points"":104.41,""points_half"":132.67,""points_ppr"":160.93,""rec_rec"":56.52,""rec_tds"":5.6,""rec_yds"":692.56,""rec_yds_100"":0,""rec_yds_200"":0,""ret_tds"":0,""rush_att"":3.45,""rush_tds"":0.08,""rush_yds"":20.68,""rush_yds_100"":0,""rush_yds_200"":0,""scrimage_yards_100"":0,""scrimage_yards_200"":0}"
23748,15761,Khalil Shakir,WR,WR,BUF,104.363,calculated,104.39,134.01,163.63,"{""2pt_tds"":0,""fumbles"":0.22,""points"":104.39,""points_half"":134.01,""points_ppr"":163.63,""rec_rec"":59.24,""rec_tds"":4.48,""rec_yds"":776.03,""rec_yds_100"":0,""rec_yds_200"":0,""ret_tds"":0,""rush_att"":0.25,""rush_tds"":0,""rush_yds"":3.2,""rush_yds_100"":0,""rush_yds_200"":0,""scrimage_yards_100"":0,""scrimage_yards_200"":0}"
18598,14127,Jakobi Meyers,WR,WR,JAC,102.939,calculated,102.89,135.23,167.57,"{""2pt_tds"":0,""fumbles"":0.54,""points"":102.89,""points_half"":135.23,""points_ppr"":167.57,""rec_rec"":64.68,""rec_tds"":4.61,""rec_yds"":728.17,""rec_yds_100"":0,""rec_yds_200"":0,""ret_tds"":0,""rush_att"":2.4,""rush_tds"":0.33,""rush_yds"":15.62,""rush_yds_100"":0,""rush_yds_200"":0,""scrimage_yards_100"":0,""scrimage_yards_200"":0}"
26019,16617,Keon Coleman,WR,WR,BUF,102.714,calculated,102.72,130.64,158.57,"{""2pt_tds"":0,""fumbles"":1.12,""points"":102.72,""points_half"":130.64,""points_ppr"":158.57,""rec_rec"":55.85,""rec_tds"":4.99,""rec_yds"":745.39,""rec_yds_100"":0,""rec_yds_200"":0,""ret_tds"":0,""rush_att"":1,""rush_tds"":0,""rush_yds"":4.75,""rush_yds_100"":0,""rush_yds_200"":0,""scrimage_yards_100"":0,""scrimage_yards_200"":0}"
24687,16080,Rashid Shaheed,WR,WR,SEA,101.392,calculated,101.38,127.1,152.82,"{""2pt_tds"":0,""fumbles"":0.88,""points"":101.38,""points_half"":127.1,""points_ppr"":152.82,""rec_rec"":51.44,""rec_tds"":4.24,""rec_yds"":742.1,""rec_yds_100"":0,""rec_yds_200"":0,""ret_tds"":0,""rush_att"":4.31,""rush_tds"":0.03,""rush_yds"":33.22,""rush_yds_100"":0,""rush_yds_200"":0,""scrimage_yards_100"":0,""scrimage_yards_200"":0}"
23794,15779,Romeo Doubs,WR,WR,NE,101.287,calculated,101.28,129.2,157.13,"{""2pt_tds"":0,""fumbles"":0.52,""points"":101.28,""points_half"":129.2,""points_ppr"":157.13,""rec_rec"":55.85,""rec_tds"":5.6,""rec_yds"":685.77,""rec_yds_100"":0,""rec_yds_200"":0,""ret_tds"":0,""rush_att"":0,""rush_tds"":0,""rush_yds"":1.5,""rush_yds_100"":0,""rush_yds_200"":0,""scrimage_yards_100"":0,""scrimage_yards_200"":0}"
19810,14974,Darnell Mooney,WR,WR,NYG,96.531,calculated,96.52,121.99,147.46,"{""2pt_tds"":0,""fumbles"":0.17,""points"":96.52,""points_half"":121.99,""points_ppr"":147.46,""rec_rec"":50.94,""rec_tds"":4.15,""rec_yds"":703.45,""rec_yds_100"":0,""rec_yds_200"":0,""ret_tds"":0,""rush_att"":2.1,""rush_tds"":0.07,""rush_yds"":12.06,""rush_yds_100"":0,""rush_yds_200"":0,""scrimage_yards_100"":0,""scrimage_yards_200"":0}"
25304,16342,DeMario Douglas,WR,WR,NE,96.321,calculated,96.28,127.1,157.92,"{""2pt_tds"":0,""fumbles"":0.93,""points"":96.28,""points_half"":127.1,""points_ppr"":157.92,""rec_rec"":61.64,""rec_tds"":3.22,""rec_yds"":736.42,""rec_yds_100"":0,""rec_yds_200"":0,""ret_tds"":0,""rush_att"":8.4,""rush_tds"":0.13,""rush_yds"":44.39,""rush_yds_100"":0,""rush_yds_200"":0,""scrimage_yards_100"":0,""scrimage_yards_200"":0}"
13429,11938,Adam Thielen,WR,WR,FA,95.661,calculated,95.63,130.12,164.61,"{""2pt_tds"":0,""fumbles"":0.57,""points"":95.63,""points_half"":130.12,""points_ppr"":164.61,""rec_rec"":68.98,""rec_tds"":4.49,""rec_yds"":695.61,""rec_yds_100"":0,""rec_yds_200"":0,""ret_tds"":0,""rush_att"":0.33,""rush_tds"":0,""rush_yds"":3,""rush_yds_100"":0,""rush_yds_200"":0,""scrimage_yards_100"":0,""scrimage_yards_200"":0}"
25942,16433,John Stephens Jr.,WR,WR,FA,92.1,calculated,92.1,118.6,145.1,"{""2pt_tds"":0,""fumbles"":2,""points"":92.1,""points_half"":118.6,""points_ppr"":145.1,""rec_rec"":53,""rec_tds"":4,""rec_yds"":711,""rec_yds_100"":0,""rec_yds_200"":0,""ret_tds"":0,""rush_att"":2,""rush_tds"":0,""rush_yds"":10,""rush_yds_100"":0,""rush_yds_200"":0,""scrimage_yards_100"":0,""scrimage_yards_200"":0}"
26205,16631,Ja'Lynn Polk,WR,WR,FA,90.632,calculated,90.65,120,149.34,"{""2pt_tds"":0,""fumbles"":0.78,""points"":90.65,""points_half"":120,""points_ppr"":149.34,""rec_rec"":58.69,""rec_tds"":3.22,""rec_yds"":722.97,""rec_yds_100"":0,""rec_yds_200"":0,""ret_tds"":0,""rush_att"":0.67,""rush_tds"":0,""rush_yds"":5.75,""rush_yds_100"":0,""rush_yds_200"":0,""scrimage_yards_100"":0,""scrimage_yards_200"":0}"
24354,16195,Dontayvion Wicks,WR,WR,PHI,89.446,calculated,89.42,112.46,135.5,"{""2pt_tds"":0,""fumbles"":0.51,""points"":89.42,""points_half"":112.46,""points_ppr"":135.5,""rec_rec"":46.09,""rec_tds"":4.77,""rec_yds"":614.71,""rec_yds_100"":0,""rec_yds_200"":0,""ret_tds"":0,""rush_att"":0.33,""rush_tds"":0,""rush_yds"":3.75,""rush_yds_100"":0,""rush_yds_200"":0,""scrimage_yards_100"":0,""scrimage_yards_200"":0}"
24357,16626,Adonai Mitchell,WR,WR,NYJ,87.237,calculated,87.26,111.57,135.88,"{""2pt_tds"":0,""fumbles"":0.76,""points"":87.26,""points_half"":111.57,""points_ppr"":135.88,""rec_rec"":48.62,""rec_tds"":3.76,""rec_yds"":657.22,""rec_yds_100"":0,""rec_yds_200"":0,""ret_tds"":0,""rush_att"":0.67,""rush_tds"":0,""rush_yds"":4.75,""rush_yds_100"":0,""rush_yds_200"":0,""scrimage_yards_100"":0,""scrimage_yards_200"":0}"
25333,16206,Michael Wilson,WR,WR,ARI,86.832,calculated,86.83,111.74,136.64,"{""2pt_tds"":0,""fumbles"":0.21,""points"":86.83,""points_half"":111.74,""points_ppr"":136.64,""rec_rec"":49.81,""rec_tds"":3.67,""rec_yds"":651.07,""rec_yds_100"":0,""rec_yds_200"":0,""ret_tds"":0,""rush_att"":0,""rush_tds"":0,""rush_yds"":1.25,""rush_yds_100"":0,""rush_yds_200"":0,""scrimage_yards_100"":0,""scrimage_yards_200"":0}"
15665,12785,Demarcus Robinson,WR,WR,SF,84.547,calculated,84.56,107.47,130.37,"{""2pt_tds"":0,""fumbles"":0.55,""points"":84.56,""points_half"":107.47,""points_ppr"":130.37,""rec_rec"":45.81,""rec_tds"":4.36,""rec_yds"":587.12,""rec_yds_100"":0,""rec_yds_200"":0,""ret_tds"":0,""rush_att"":0.33,""rush_tds"":0,""rush_yds"":7.75,""rush_yds_100"":0,""rush_yds_200"":0,""scrimage_yards_100"":0,""scrimage_yards_200"":0}"
17292,13668,DJ Chark Jr.,WR,WR,FA,83.627,calculated,83.65,103.18,122.71,"{""2pt_tds"":0,""fumbles"":0.47,""points"":83.65,""points_half"":103.18,""points_ppr"":122.71,""rec_rec"":39.07,""rec_tds"":4.72,""rec_yds"":560.72,""rec_yds_100"":0,""rec_yds_200"":0,""ret_tds"":0,""rush_att"":0,""rush_tds"":0,""rush_yds"":1.75,""rush_yds_100"":0,""rush_yds_200"":0,""scrimage_yards_100"":0,""scrimage_yards_200"":0}"
24706,16187,Josh Downs,WR,WR,IND,81.894,calculated,81.89,109.35,136.8,"{""2pt_tds"":0,""fumbles"":0.48,""points"":81.89,""points_half"":109.35,""points_ppr"":136.8,""rec_rec"":54.91,""rec_tds"":3.28,""rec_yds"":626.49,""rec_yds_100"":0,""rec_yds_200"":0,""ret_tds"":0,""rush_att"":0,""rush_tds"":0,""rush_yds"":5.25,""rush_yds_100"":0,""rush_yds_200"":0,""scrimage_yards_100"":0,""scrimage_yards_200"":0}"
19794,15293,Rashod Bateman,WR,WR,BAL,81.517,calculated,81.53,104.62,127.71,"{""2pt_tds"":0,""fumbles"":0.15,""points"":81.53,""points_half"":104.62,""points_ppr"":127.71,""rec_rec"":46.18,""rec_tds"":3.48,""rec_yds"":604.87,""rec_yds_100"":0,""rec_yds_200"":0,""ret_tds"":0,""rush_att"":0.33,""rush_tds"":0,""rush_yds"":4.5,""rush_yds_100"":0,""rush_yds_200"":0,""scrimage_yards_100"":0,""scrimage_yards_200"":0}"
22985,15757,Wan'Dale Robinson,WR,WR,TEN,80.989,calculated,80.96,111.51,142.06,"{""2pt_tds"":0,""fumbles"":0.54,""points"":80.96,""points_half"":111.51,""points_ppr"":142.06,""rec_rec"":61.1,""rec_tds"":2.79,""rec_yds"":567.6,""rec_yds_100"":0,""rec_yds_200"":0,""ret_tds"":0,""rush_att"":8.08,""rush_tds"":0.46,""rush_yds"":58.09,""rush_yds_100"":0,""rush_yds_200"":0,""scrimage_yards_100"":0,""scrimage_yards_200"":0}"
18706,14122,Darius Slayton,WR,WR,NYG,80.35,calculated,80.33,102.01,123.7,"{""2pt_tds"":0,""fumbles"":0.13,""points"":80.33,""points_half"":102.01,""points_ppr"":123.7,""rec_rec"":43.37,""rec_tds"":3.21,""rec_yds"":612.25,""rec_yds_100"":0,""rec_yds_200"":0,""ret_tds"":0,""rush_att"":0,""rush_tds"":0,""rush_yds"":1.25,""rush_yds_100"":0,""rush_yds_200"":0,""scrimage_yards_100"":0,""scrimage_yards_200"":0}"
26136,16639,Xavier Legette,WR,WR,CAR,78.956,calculated,78.95,101.76,124.58,"{""2pt_tds"":0,""fumbles"":0.44,""points"":78.95,""points_half"":101.76,""points_ppr"":124.58,""rec_rec"":45.64,""rec_tds"":3.05,""rec_yds"":593.32,""rec_yds_100"":0,""rec_yds_200"":0,""ret_tds"":0,""rush_att"":2.77,""rush_tds"":0.08,""rush_yds"":17.24,""rush_yds_100"":0,""rush_yds_200"":0,""scrimage_yards_100"":0,""scrimage_yards_200"":0}"
16439,13168,Josh Reynolds,WR,WR,FA,74.21,calculated,74.18,94.67,115.16,"{""2pt_tds"":0,""fumbles"":0.48,""points"":74.18,""points_half"":94.67,""points_ppr"":115.16,""rec_rec"":40.98,""rec_tds"":3.63,""rec_yds"":532.4,""rec_yds_100"":0,""rec_yds_200"":0,""ret_tds"":0,""rush_att"":0,""rush_tds"":0,""rush_yds"":1.5,""rush_yds_100"":0,""rush_yds_200"":0,""scrimage_yards_100"":0,""scrimage_yards_200"":0}"
23080,16189,Marvin Mims Jr.,WR,WR,DEN,72.161,calculated,72.18,92.8,113.41,"{""2pt_tds"":0,""fumbles"":0.25,""points"":72.18,""points_half"":92.8,""points_ppr"":113.41,""rec_rec"":41.23,""rec_tds"":2.6,""rec_yds"":541.09,""rec_yds_100"":0,""rec_yds_200"":0,""ret_tds"":0,""rush_att"":3.89,""rush_tds"":0.1,""rush_yds"":23.52,""rush_yds_100"":0,""rush_yds_200"":0,""scrimage_yards_100"":0,""scrimage_yards_200"":0}"
23179,16628,Jalen McMillan,WR,WR,TB,71.475,calculated,71.48,93.42,115.36,"{""2pt_tds"":0,""fumbles"":0.75,""points"":71.48,""points_half"":93.42,""points_ppr"":115.36,""rec_rec"":43.88,""rec_tds"":3.3,""rec_yds"":524.25,""rec_yds_100"":0,""rec_yds_200"":0,""ret_tds"":0,""rush_att"":0.67,""rush_tds"":0,""rush_yds"":7.5,""rush_yds_100"":0,""rush_yds_200"":0,""scrimage_yards_100"":0,""scrimage_yards_200"":0}"
23123,16188,Quentin Johnston,WR,WR,LAC,70.259,calculated,70.21,90.49,110.77,"{""2pt_tds"":0,""fumbles"":0.14,""points"":70.21,""points_half"":90.49,""points_ppr"":110.77,""rec_rec"":40.57,""rec_tds"":3.21,""rec_yds"":504.74,""rec_yds_100"":0,""rec_yds_200"":0,""ret_tds"":0,""rush_att"":1.74,""rush_tds"":0.02,""rush_yds"":6.85,""rush_yds_100"":0,""rush_yds_200"":0,""scrimage_yards_100"":0,""scrimage_yards_200"":0}"
25251,16183,Jalin Hyatt,WR,WR,NYG,68.61,calculated,68.63,90.25,111.87,"{""2pt_tds"":0,""fumbles"":0.29,""points"":68.63,""points_half"":90.25,""points_ppr"":111.87,""rec_rec"":43.24,""rec_tds"":2.52,""rec_yds"":539.7,""rec_yds_100"":0,""rec_yds_200"":0,""ret_tds"":0,""rush_att"":0,""rush_tds"":0,""rush_yds"":1,""rush_yds_100"":0,""rush_yds_200"":0,""scrimage_yards_100"":0,""scrimage_yards_200"":0}"
17066,13418,Kendrick Bourne,WR,WR,ARI,66.799,calculated,66.8,86.33,105.86,"{""2pt_tds"":0,""fumbles"":0.47,""points"":66.8,""points_half"":86.33,""points_ppr"":105.86,""rec_rec"":39.06,""rec_tds"":3.14,""rec_yds"":471.31,""rec_yds_100"":0,""rec_yds_200"":0,""ret_tds"":0,""rush_att"":2.76,""rush_tds"":0.01,""rush_yds"":17.08,""rush_yds_100"":0,""rush_yds_200"":0,""scrimage_yards_100"":0,""scrimage_yards_200"":0}"
15547,12650,Tyler Boyd,WR,WR,FA,66.219,calculated,66.17,89.88,113.59,"{""2pt_tds"":0,""fumbles"":0.48,""points"":66.17,""points_half"":89.88,""points_ppr"":113.59,""rec_rec"":47.41,""rec_tds"":2.51,""rec_yds"":512.34,""rec_yds_100"":0,""rec_yds_200"":0,""ret_tds"":0,""rush_att"":1.27,""rush_tds"":0.02,""rush_yds"":7.65,""rush_yds_100"":0,""rush_yds_200"":0,""scrimage_yards_100"":0,""scrimage_yards_200"":0}"
16556,13377,Tim Patrick,WR,WR,NYJ,65.6,calculated,65.6,84.6,103.6,"{""2pt_tds"":0,""fumbles"":0,""points"":65.6,""points_half"":84.6,""points_ppr"":103.6,""rec_rec"":38,""rec_tds"":3,""rec_yds"":467,""rec_yds_100"":0,""rec_yds_200"":0,""ret_tds"":0,""rush_att"":0,""rush_tds"":0,""rush_yds"":9,""rush_yds_100"":0,""rush_yds_200"":0,""scrimage_yards_100"":0,""scrimage_yards_200"":0}"
26160,16629,Roman Wilson,WR,WR,FA,64.978,calculated,64.99,83.48,101.96,"{""2pt_tds"":0,""fumbles"":0.38,""points"":64.99,""points_half"":83.48,""points_ppr"":101.96,""rec_rec"":36.98,""rec_tds"":2.79,""rec_yds"":479.98,""rec_yds_100"":0,""rec_yds_200"":0,""ret_tds"":0,""rush_att"":0.67,""rush_tds"":0,""rush_yds"":10,""rush_yds_100"":0,""rush_yds_200"":0,""scrimage_yards_100"":0,""scrimage_yards_200"":0}"
23770,15788,Jalen Tolbert,WR,WR,MIA,64.243,calculated,64.26,82.99,101.71,"{""2pt_tds"":0,""fumbles"":0.24,""points"":64.26,""points_half"":82.99,""points_ppr"":101.71,""rec_rec"":37.45,""rec_tds"":3.01,""rec_yds"":464.3,""rec_yds_100"":0,""rec_yds_200"":0,""ret_tds"":0,""rush_att"":0,""rush_tds"":0,""rush_yds"":2.33,""rush_yds_100"":0,""rush_yds_200"":0,""scrimage_yards_100"":0,""scrimage_yards_200"":0}"
23101,15755,Jahan Dotson,WR,WR,ATL,63.686,calculated,63.66,81.42,99.18,"{""2pt_tds"":0,""fumbles"":0.42,""points"":63.66,""points_half"":81.42,""points_ppr"":99.18,""rec_rec"":35.52,""rec_tds"":3.46,""rec_yds"":435.66,""rec_yds_100"":0,""rec_yds_200"":0,""ret_tds"":0,""rush_att"":0,""rush_tds"":0,""rush_yds"":2,""rush_yds_100"":0,""rush_yds_200"":0,""scrimage_yards_100"":0,""scrimage_yards_200"":0}"
25335,16207,Andrei Iosivas,WR,WR,CIN,61.736,calculated,61.75,79.91,98.08,"{""2pt_tds"":0,""fumbles"":0.22,""points"":61.75,""points_half"":79.91,""points_ppr"":98.08,""rec_rec"":36.33,""rec_tds"":3.24,""rec_yds"":424.03,""rec_yds_100"":0,""rec_yds_200"":0,""ret_tds"":0,""rush_att"":0,""rush_tds"":0,""rush_yds"":3.33,""rush_yds_100"":0,""rush_yds_200"":0,""scrimage_yards_100"":0,""scrimage_yards_200"":0}"
22956,16632,Jermaine Burton,WR,WR,FA,61.548,calculated,61.57,79,96.42,"{""2pt_tds"":0,""fumbles"":0.39,""points"":61.57,""points_half"":79,""points_ppr"":96.42,""rec_rec"":34.86,""rec_tds"":2.94,""rec_yds"":442.63,""rec_yds_100"":0,""rec_yds_200"":0,""ret_tds"":0,""rush_att"":0.67,""rush_tds"":0,""rush_yds"":4.25,""rush_yds_100"":0,""rush_yds_200"":0,""scrimage_yards_100"":0,""scrimage_yards_200"":0}"
25337,16287,Tre Tucker,WR,WR,LV,61.474,calculated,61.46,78.97,96.47,"{""2pt_tds"":0,""fumbles"":0.31,""points"":61.46,""points_half"":78.97,""points_ppr"":96.47,""rec_rec"":35,""rec_tds"":2.45,""rec_yds"":424.39,""rec_yds_100"":0,""rec_yds_200"":0,""ret_tds"":0,""rush_att"":6.06,""rush_tds"":0.16,""rush_yds"":39.95,""rush_yds_100"":0,""rush_yds_200"":0,""scrimage_yards_100"":0,""scrimage_yards_200"":0}"
18585,14108,Greg Dortch,WR,WR,DET,59.648,calculated,59.64,80.09,100.54,"{""2pt_tds"":0,""fumbles"":0.12,""points"":59.64,""points_half"":80.09,""points_ppr"":100.54,""rec_rec"":40.9,""rec_tds"":2.49,""rec_yds"":424.05,""rec_yds_100"":0,""rec_yds_200"":0,""ret_tds"":0,""rush_att"":3.19,""rush_tds"":0.07,""rush_yds"":21.23,""rush_yds_100"":0,""rush_yds_200"":0,""scrimage_yards_100"":0,""scrimage_yards_200"":0}"
17530,13641,Ray-Ray McCloud III,WR,WR,CHI,59.61,calculated,59.65,77.89,96.14,"{""2pt_tds"":0,""fumbles"":0.24,""points"":59.65,""points_half"":77.89,""points_ppr"":96.14,""rec_rec"":36.49,""rec_tds"":2.77,""rec_yds"":374.16,""rec_yds_100"":0,""rec_yds_200"":0,""ret_tds"":0,""rush_att"":6.88,""rush_tds"":0.23,""rush_yds"":46.74,""rush_yds_100"":0,""rush_yds_200"":0,""scrimage_yards_100"":0,""scrimage_yards_200"":0}"
23092,16619,Troy Franklin,WR,WR,DEN,59.445,calculated,59.41,77.2,94.99,"{""2pt_tds"":0,""fumbles"":0.1,""points"":59.41,""points_half"":77.2,""points_ppr"":94.99,""rec_rec"":35.58,""rec_tds"":2.51,""rec_yds"":443.35,""rec_yds_100"":0,""rec_yds_200"":0,""ret_tds"":0,""rush_att"":0,""rush_tds"":0,""rush_yds"":2.5,""rush_yds_100"":0,""rush_yds_200"":0,""scrimage_yards_100"":0,""scrimage_yards_200"":0}"
26214,16622,Ricky Pearsall,WR,WR,SF,59.345,calculated,59.37,75.45,91.53,"{""2pt_tds"":0,""fumbles"":0.09,""points"":59.37,""points_half"":75.45,""points_ppr"":91.53,""rec_rec"":32.16,""rec_tds"":3.01,""rec_yds"":393.93,""rec_yds_100"":0,""rec_yds_200"":0,""ret_tds"":0,""rush_att"":2.36,""rush_tds"":0.09,""rush_yds"":15.32,""rush_yds_100"":0,""rush_yds_200"":0,""scrimage_yards_100"":0,""scrimage_yards_200"":0}"
16443,13172,Noah Brown,WR,WR,LV,58.837,calculated,58.85,75.82,92.79,"{""2pt_tds"":0,""fumbles"":0.08,""points"":58.85,""points_half"":75.82,""points_ppr"":92.79,""rec_rec"":33.94,""rec_tds"":2.05,""rec_yds"":466.22,""rec_yds_100"":0,""rec_yds_200"":0,""ret_tds"":0,""rush_att"":0.33,""rush_tds"":0,""rush_yds"":0.75,""rush_yds_100"":0,""rush_yds_200"":0,""scrimage_yards_100"":0,""scrimage_yards_200"":0}"
20114,15288,Elijah Moore,WR,WR,PHI,58.011,calculated,57.99,76.59,95.19,"{""2pt_tds"":0,""fumbles"":0.77,""points"":57.99,""points_half"":76.59,""points_ppr"":95.19,""rec_rec"":37.21,""rec_tds"":2.49,""rec_yds"":428.38,""rec_yds_100"":0,""rec_yds_200"":0,""ret_tds"":0,""rush_att"":4.43,""rush_tds"":0.05,""rush_yds"":14.73,""rush_yds_100"":0,""rush_yds_200"":0,""scrimage_yards_100"":0,""scrimage_yards_200"":0}"
26023,16636,Malachi Corley,WR,WR,CLE,56.892,calculated,56.89,74.47,92.04,"{""2pt_tds"":0,""fumbles"":0.74,""points"":56.89,""points_half"":74.47,""points_ppr"":92.04,""rec_rec"":35.15,""rec_tds"":2.47,""rec_yds"":404.19,""rec_yds_100"":0,""rec_yds_200"":0,""ret_tds"":0,""rush_att"":3.59,""rush_tds"":0.11,""rush_yds"":24.73,""rush_yds_100"":0,""rush_yds_200"":0,""scrimage_yards_100"":0,""scrimage_yards_200"":0}"
26328,16635,Luke McCaffrey,WR,WR,WAS,55.255,calculated,55.22,73.14,91.07,"{""2pt_tds"":0,""fumbles"":0.39,""points"":55.22,""points_half"":73.14,""points_ppr"":91.07,""rec_rec"":35.85,""rec_tds"":2.14,""rec_yds"":422.7,""rec_yds_100"":0,""rec_yds_200"":0,""ret_tds"":0,""rush_att"":0.67,""rush_tds"":0,""rush_yds"":9.25,""rush_yds_100"":0,""rush_yds_200"":0,""scrimage_yards_100"":0,""scrimage_yards_200"":0}"
20113,15292,Dyami Brown,WR,WR,WAS,54.87,calculated,54.84,69.7,84.56,"{""2pt_tds"":0,""fumbles"":0.09,""points"":54.84,""points_half"":69.7,""points_ppr"":84.56,""rec_rec"":29.72,""rec_tds"":2.41,""rec_yds"":403.15,""rec_yds_100"":0,""rec_yds_200"":0,""ret_tds"":0,""rush_att"":0,""rush_tds"":0,""rush_yds"":2.75,""rush_yds_100"":0,""rush_yds_200"":0,""scrimage_yards_100"":0,""scrimage_yards_200"":0}"
23030,16197,Jonathan Mingo,WR,WR,DAL,54.755,calculated,54.74,72.73,90.71,"{""2pt_tds"":0,""fumbles"":0.12,""points"":54.74,""points_half"":72.73,""points_ppr"":90.71,""rec_rec"":35.97,""rec_tds"":2.07,""rec_yds"":422.75,""rec_yds_100"":0,""rec_yds_200"":0,""ret_tds"":0,""rush_att"":0,""rush_tds"":0,""rush_yds"":3,""rush_yds_100"":0,""rush_yds_200"":0,""scrimage_yards_100"":0,""scrimage_yards_200"":0}"
12127,11679,Odell Beckham Jr.,WR,WR,NYG,52.697,calculated,52.69,66.65,80.62,"{""2pt_tds"":0,""fumbles"":0.41,""points"":52.69,""points_half"":66.65,""points_ppr"":80.62,""rec_rec"":27.93,""rec_tds"":2.56,""rec_yds"":379.57,""rec_yds_100"":0,""rec_yds_200"":0,""ret_tds"":0,""rush_att"":0,""rush_tds"":0,""rush_yds"":2,""rush_yds_100"":0,""rush_yds_200"":0,""scrimage_yards_100"":0,""scrimage_yards_200"":0}"
25331,16199,Trey Palmer,WR,WR,NO,49.741,calculated,49.7,64.41,79.13,"{""2pt_tds"":0,""fumbles"":0.48,""points"":49.7,""points_half"":64.41,""points_ppr"":79.13,""rec_rec"":29.43,""rec_tds"":2.26,""rec_yds"":344.03,""rec_yds_100"":0,""rec_yds_200"":0,""ret_tds"":0,""rush_att"":3.81,""rush_tds"":0.1,""rush_yds"":21.38,""rush_yds_100"":0,""rush_yds_200"":0,""scrimage_yards_100"":0,""scrimage_yards_200"":0}"
16081,13066,Kalif Raymond,WR,WR,CHI,49.616,calculated,49.63,64.05,78.48,"{""2pt_tds"":0,""fumbles"":0.21,""points"":49.63,""points_half"":64.05,""points_ppr"":78.48,""rec_rec"":28.86,""rec_tds"":1.91,""rec_yds"":356.92,""rec_yds_100"":0,""rec_yds_200"":0,""ret_tds"":0,""rush_att"":2.25,""rush_tds"":0.07,""rush_yds"":24.64,""rush_yds_100"":0,""rush_yds_200"":0,""scrimage_yards_100"":0,""scrimage_yards_200"":0}"
17262,13652,Cedrick Wilson Jr.,WR,WR,DET,49.376,calculated,49.4,62.71,76.02,"{""2pt_tds"":0,""fumbles"":0.07,""points"":49.4,""points_half"":62.71,""points_ppr"":76.02,""rec_rec"":26.62,""rec_tds"":2.71,""rec_yds"":330.31,""rec_yds_100"":0,""rec_yds_200"":0,""ret_tds"":0,""rush_att"":0.33,""rush_tds"":0,""rush_yds"":2.25,""rush_yds_100"":0,""rush_yds_200"":0,""scrimage_yards_100"":0,""scrimage_yards_200"":0}"
23791,15768,Alec Pierce,WR,WR,IND,48.388,calculated,48.36,60.42,72.48,"{""2pt_tds"":0,""fumbles"":0.06,""points"":48.36,""points_half"":60.42,""points_ppr"":72.48,""rec_rec"":24.13,""rec_tds"":2.02,""rec_yds"":362.63,""rec_yds_100"":0,""rec_yds_200"":0,""ret_tds"":0,""rush_att"":0,""rush_tds"":0,""rush_yds"":1.25,""rush_yds_100"":0,""rush_yds_200"":0,""scrimage_yards_100"":0,""scrimage_yards_200"":0}"
22905,15752,Treylon Burks,WR,WR,WAS,47.429,calculated,47.44,60.93,74.42,"{""2pt_tds"":0,""fumbles"":0.61,""points"":47.44,""points_half"":60.93,""points_ppr"":74.42,""rec_rec"":26.98,""rec_tds"":1.78,""rec_yds"":358,""rec_yds_100"":0,""rec_yds_200"":0,""ret_tds"":0,""rush_att"":1.82,""rush_tds"":0.05,""rush_yds"":18.69,""rush_yds_100"":0,""rush_yds_200"":0,""scrimage_yards_100"":0,""scrimage_yards_200"":0}"
24353,16196,A.T. Perry,WR,WR,FA,46.608,calculated,46.62,57.51,68.41,"{""2pt_tds"":0,""fumbles"":0.01,""points"":46.62,""points_half"":57.51,""points_ppr"":68.41,""rec_rec"":21.79,""rec_tds"":2.44,""rec_yds"":318.13,""rec_yds_100"":0,""rec_yds_200"":0,""ret_tds"":0,""rush_att"":0.33,""rush_tds"":0,""rush_yds"":1.75,""rush_yds_100"":0,""rush_yds_200"":0,""scrimage_yards_100"":0,""scrimage_yards_200"":0}"
18520,15981,KaVontae Turpin,WR,WR,DAL,46.245,calculated,46.21,55.54,64.88,"{""2pt_tds"":0,""fumbles"":0.43,""points"":46.21,""points_half"":55.54,""points_ppr"":64.88,""rec_rec"":18.67,""rec_tds"":2.65,""rec_yds"":220.26,""rec_yds_100"":0,""rec_yds_200"":0,""ret_tds"":0,""rush_att"":8.66,""rush_tds"":0.41,""rush_yds"":67.19,""rush_yds_100"":0,""rush_yds_200"":0,""scrimage_yards_100"":0,""scrimage_yards_200"":0}"
24177,15786,Jalen Nailor,WR,WR,LV,44.177,calculated,44.18,57.95,71.72,"{""2pt_tds"":0,""fumbles"":0.07,""points"":44.18,""points_half"":57.95,""points_ppr"":71.72,""rec_rec"":27.54,""rec_tds"":1.69,""rec_yds"":341.52,""rec_yds_100"":0,""rec_yds_200"":0,""ret_tds"":0,""rush_att"":0,""rush_tds"":0,""rush_yds"":0.25,""rush_yds_100"":0,""rush_yds_200"":0,""scrimage_yards_100"":0,""scrimage_yards_200"":0}"
19483,14858,Van Jefferson,WR,WR,WAS,44.132,calculated,44.16,56.22,68.28,"{""2pt_tds"":0,""fumbles"":0.13,""points"":44.16,""points_half"":56.22,""points_ppr"":68.28,""rec_rec"":24.11,""rec_tds"":1.88,""rec_yds"":327.12,""rec_yds_100"":0,""rec_yds_200"":0,""ret_tds"":0,""rush_att"":0,""rush_tds"":0,""rush_yds"":4,""rush_yds_100"":0,""rush_yds_200"":0,""scrimage_yards_100"":0,""scrimage_yards_200"":0}"
23739,15777,Calvin Austin III,WR,WR,NYG,43.337,calculated,43.34,56.05,68.77,"{""2pt_tds"":0,""fumbles"":0.16,""points"":43.34,""points_half"":56.05,""points_ppr"":68.77,""rec_rec"":25.43,""rec_tds"":1.63,""rec_yds"":294.71,""rec_yds_100"":0,""rec_yds_200"":0,""ret_tds"":0,""rush_att"":4.5,""rush_tds"":0.13,""rush_yds"":36.26,""rush_yds_100"":0,""rush_yds_200"":0,""scrimage_yards_100"":0,""scrimage_yards_200"":0}"
25287,16191,Cedric Tillman,WR,WR,CLE,42.334,calculated,42.33,54.4,66.48,"{""2pt_tds"":0,""fumbles"":0.16,""points"":42.33,""points_half"":54.4,""points_ppr"":66.48,""rec_rec"":24.14,""rec_tds"":1.95,""rec_yds"":307.87,""rec_yds_100"":0,""rec_yds_200"":0,""ret_tds"":0,""rush_att"":0,""rush_tds"":0,""rush_yds"":1.67,""rush_yds_100"":0,""rush_yds_200"":0,""scrimage_yards_100"":0,""scrimage_yards_200"":0}"
19590,14860,Jauan Jennings,WR,WR,MIN,42.327,calculated,42.35,54.73,67.11,"{""2pt_tds"":0,""fumbles"":0.12,""points"":42.35,""points_half"":54.73,""points_ppr"":67.11,""rec_rec"":24.77,""rec_tds"":1.99,""rec_yds"":302.94,""rec_yds_100"":0,""rec_yds_200"":0,""ret_tds"":0,""rush_att"":0,""rush_tds"":0,""rush_yds"":3.33,""rush_yds_100"":0,""rush_yds_200"":0,""scrimage_yards_100"":0,""scrimage_yards_200"":0}"
13969,12181,Nelson Agholor,WR,WR,FA,41.862,calculated,41.89,53.54,65.18,"{""2pt_tds"":0,""fumbles"":0.15,""points"":41.89,""points_half"":53.54,""points_ppr"":65.18,""rec_rec"":23.29,""rec_tds"":2.13,""rec_yds"":291.82,""rec_yds_100"":0,""rec_yds_200"":0,""ret_tds"":0,""rush_att"":0,""rush_tds"":0,""rush_yds"":2,""rush_yds_100"":0,""rush_yds_200"":0,""scrimage_yards_100"":0,""scrimage_yards_200"":0}"
19708,14977,K.J. Osborn,WR,WR,TEN,40.098,calculated,40.13,52.51,64.89,"{""2pt_tds"":0,""fumbles"":0.08,""points"":40.13,""points_half"":52.51,""points_ppr"":64.89,""rec_rec"":24.76,""rec_tds"":1.66,""rec_yds"":300.98,""rec_yds_100"":0,""rec_yds_200"":0,""ret_tds"":0,""rush_att"":0,""rush_tds"":0,""rush_yds"":2,""rush_yds_100"":0,""rush_yds_200"":0,""scrimage_yards_100"":0,""scrimage_yards_200"":0}"
26011,16621,Devontez Walker,WR,WR,BAL,39.767,calculated,39.77,50.93,62.09,"{""2pt_tds"":0,""fumbles"":0.04,""points"":39.77,""points_half"":50.93,""points_ppr"":62.09,""rec_rec"":22.32,""rec_tds"":2.03,""rec_yds"":273.17,""rec_yds_100"":0,""rec_yds_200"":0,""ret_tds"":0,""rush_att"":0,""rush_tds"":0,""rush_yds"":3.5,""rush_yds_100"":0,""rush_yds_200"":0,""scrimage_yards_100"":0,""scrimage_yards_200"":0}"
16431,13176,Zay Jones,WR,WR,HOU,39.578,calculated,39.6,52.43,65.26,"{""2pt_tds"":0,""fumbles"":0.62,""points"":39.6,""points_half"":52.43,""points_ppr"":65.26,""rec_rec"":25.66,""rec_tds"":1.92,""rec_yds"":290.98,""rec_yds_100"":0,""rec_yds_200"":0,""ret_tds"":0,""rush_att"":0,""rush_tds"":0,""rush_yds"":2,""rush_yds_100"":0,""rush_yds_200"":0,""scrimage_yards_100"":0,""scrimage_yards_200"":0}"
18166,13963,KhaDarel Hodge,WR,WR,SF,36.864,calculated,36.86,47.14,57.42,"{""2pt_tds"":0,""fumbles"":0.27,""points"":36.86,""points_half"":47.14,""points_ppr"":57.42,""rec_rec"":20.56,""rec_tds"":1.7,""rec_yds"":272.04,""rec_yds_100"":0,""rec_yds_200"":0,""ret_tds"":0,""rush_att"":0,""rush_tds"":0,""rush_yds"":0,""rush_yds_100"":0,""rush_yds_200"":0,""scrimage_yards_100"":0,""scrimage_yards_200"":0}"
18864,14592,Olamide Zaccheaus,WR,WR,ATL,36.742,calculated,36.76,47.83,58.9,"{""2pt_tds"":0,""fumbles"":0.11,""points"":36.76,""points_half"":47.83,""points_ppr"":58.9,""rec_rec"":22.14,""rec_tds"":1.57,""rec_yds"":270.42,""rec_yds_100"":0,""rec_yds_200"":0,""ret_tds"":0,""rush_att"":0,""rush_tds"":0,""rush_yds"":5,""rush_yds_100"":0,""rush_yds_200"":0,""scrimage_yards_100"":0,""scrimage_yards_200"":0}"
22885,16637,Javon Baker,WR,WR,FA,36.321,calculated,36.3,47.5,58.7,"{""2pt_tds"":0,""fumbles"":0.04,""points"":36.3,""points_half"":47.5,""points_ppr"":58.7,""rec_rec"":22.4,""rec_tds"":1.45,""rec_yds"":269.68,""rec_yds_100"":0,""rec_yds_200"":0,""ret_tds"":0,""rush_att"":0,""rush_tds"":0,""rush_yds"":7.33,""rush_yds_100"":0,""rush_yds_200"":0,""scrimage_yards_100"":0,""scrimage_yards_200"":0}"
17301,13632,Allen Lazard,WR,WR,FA,35.781,calculated,35.79,45.49,55.19,"{""2pt_tds"":0,""fumbles"":0.07,""points"":35.79,""points_half"":45.49,""points_ppr"":55.19,""rec_rec"":19.4,""rec_tds"":1.81,""rec_yds"":249.94,""rec_yds_100"":0,""rec_yds_200"":0,""ret_tds"":0,""rush_att"":0,""rush_tds"":0,""rush_yds"":0.67,""rush_yds_100"":0,""rush_yds_200"":0,""scrimage_yards_100"":0,""scrimage_yards_200"":0}"
25758,16416,Xavier Gipson,WR,WR,NYG,35.61,calculated,35.65,45.33,55.02,"{""2pt_tds"":0,""fumbles"":0.14,""points"":35.65,""points_half"":45.33,""points_ppr"":55.02,""rec_rec"":19.37,""rec_tds"":1.59,""rec_yds"":221.35,""rec_yds_100"":0,""rec_yds_200"":0,""ret_tds"":0,""rush_att"":4.58,""rush_tds"":0.16,""rush_yds"":32.55,""rush_yds_100"":0,""rush_yds_200"":0,""scrimage_yards_100"":0,""scrimage_yards_200"":0}"
13979,12188,Phillip Dorsett II,WR,WR,LV,33.154,calculated,33.15,43.8,54.44,"{""2pt_tds"":0,""fumbles"":0,""points"":33.15,""points_half"":43.8,""points_ppr"":54.44,""rec_rec"":21.29,""rec_tds"":1.45,""rec_yds"":244.54,""rec_yds_100"":0,""rec_yds_200"":0,""ret_tds"":0,""rush_att"":0,""rush_tds"":0,""rush_yds"":0,""rush_yds_100"":0,""rush_yds_200"":0,""scrimage_yards_100"":0,""scrimage_yards_200"":0}"
22895,15759,John Metchie III,WR,WR,CAR,32.662,calculated,32.67,42.27,51.87,"{""2pt_tds"":0,""fumbles"":0.1,""points"":32.67,""points_half"":42.27,""points_ppr"":51.87,""rec_rec"":19.2,""rec_tds"":1.51,""rec_yds"":232.69,""rec_yds_100"":0,""rec_yds_200"":0,""ret_tds"":0,""rush_att"":0,""rush_tds"":0,""rush_yds"":5.33,""rush_yds_100"":0,""rush_yds_200"":0,""scrimage_yards_100"":0,""scrimage_yards_200"":0}"
15706,12913,Alex Erickson,WR,WR,FA,32.375,calculated,32.38,42.98,53.58,"{""2pt_tds"":0,""fumbles"":0,""points"":32.38,""points_half"":42.98,""points_ppr"":53.58,""rec_rec"":21.2,""rec_tds"":1.26,""rec_yds"":248.15,""rec_yds_100"":0,""rec_yds_200"":0,""ret_tds"":0,""rush_att"":0,""rush_tds"":0,""rush_yds"":0,""rush_yds_100"":0,""rush_yds_200"":0,""scrimage_yards_100"":0,""scrimage_yards_200"":0}"
18726,14551,Trenton Irwin,WR,WR,SF,32.194,calculated,32.22,41.31,50.4,"{""2pt_tds"":0,""fumbles"":0.08,""points"":32.22,""points_half"":41.31,""points_ppr"":50.4,""rec_rec"":18.19,""rec_tds"":1.53,""rec_yds"":230.24,""rec_yds_100"":0,""rec_yds_200"":0,""ret_tds"":0,""rush_att"":0,""rush_tds"":0,""rush_yds"":1.5,""rush_yds_100"":0,""rush_yds_200"":0,""scrimage_yards_100"":0,""scrimage_yards_200"":0}"
16427,13156,JuJu Smith-Schuster,WR,WR,FA,31.905,calculated,31.89,42.51,53.12,"{""2pt_tds"":0,""fumbles"":0.03,""points"":31.89,""points_half"":42.51,""points_ppr"":53.12,""rec_rec"":21.23,""rec_tds"":1.58,""rec_yds"":223.85,""rec_yds_100"":0,""rec_yds_200"":0,""ret_tds"":0,""rush_att"":0.33,""rush_tds"":0,""rush_yds"":1,""rush_yds_100"":0,""rush_yds_200"":0,""scrimage_yards_100"":0,""scrimage_yards_200"":0}"
23106,16192,Parker Washington,WR,WR,JAC,31.666,calculated,31.69,41.9,52.11,"{""2pt_tds"":0,""fumbles"":0.02,""points"":31.69,""points_half"":41.9,""points_ppr"":52.11,""rec_rec"":20.43,""rec_tds"":1.6,""rec_yds"":217.06,""rec_yds_100"":0,""rec_yds_200"":0,""ret_tds"":0,""rush_att"":0,""rush_tds"":0,""rush_yds"":4,""rush_yds_100"":0,""rush_yds_200"":0,""scrimage_yards_100"":0,""scrimage_yards_200"":0}"
20126,15301,Tutu Atwell,WR,WR,MIA,31.647,calculated,31.68,40.4,49.11,"{""2pt_tds"":0,""fumbles"":0.12,""points"":31.68,""points_half"":40.4,""points_ppr"":49.11,""rec_rec"":17.44,""rec_tds"":1.16,""rec_yds"":229.76,""rec_yds_100"":0,""rec_yds_200"":0,""ret_tds"":0,""rush_att"":2.19,""rush_tds"":0.09,""rush_yds"":14.11,""rush_yds_100"":0,""rush_yds_200"":0,""scrimage_yards_100"":0,""scrimage_yards_200"":0}"
20119,15289,Kadarius Toney,WR,WR,FA,28.1,calculated,28.1,35.1,42.1,"{""2pt_tds"":0,""fumbles"":0,""points"":28.1,""points_half"":35.1,""points_ppr"":42.1,""rec_rec"":14,""rec_tds"":1,""rec_yds"":172,""rec_yds_100"":0,""rec_yds_200"":0,""ret_tds"":0,""rush_att"":0,""rush_tds"":0,""rush_yds"":49,""rush_yds_100"":0,""rush_yds_200"":0,""scrimage_yards_100"":0,""scrimage_yards_200"":0}"
22913,15787,Tyquan Thornton,WR,WR,KC,26.64,calculated,26.69,34.69,42.68,"{""2pt_tds"":0,""fumbles"":0.12,""points"":26.69,""points_half"":34.69,""points_ppr"":42.68,""rec_rec"":15.99,""rec_tds"":0.99,""rec_yds"":199.56,""rec_yds_100"":0,""rec_yds_200"":0,""ret_tds"":0,""rush_att"":1.19,""rush_tds"":0.03,""rush_yds"":8.04,""rush_yds_100"":0,""rush_yds_200"":0,""scrimage_yards_100"":0,""scrimage_yards_200"":0}"
16489,13289,Mack Hollins,WR,WR,NE,26.301,calculated,26.31,33.53,40.74,"{""2pt_tds"":0,""fumbles"":0.05,""points"":26.31,""points_half"":33.53,""points_ppr"":40.74,""rec_rec"":14.43,""rec_tds"":1.31,""rec_yds"":185.41,""rec_yds_100"":0,""rec_yds_200"":0,""ret_tds"":0,""rush_att"":0,""rush_tds"":0,""rush_yds"":0,""rush_yds_100"":0,""rush_yds_200"":0,""scrimage_yards_100"":0,""scrimage_yards_200"":0}"
18984,14486,D.J. Montgomery,WR,WR,IND,25.8,calculated,25.8,33.8,41.8,"{""2pt_tds"":0,""fumbles"":0,""points"":25.8,""points_half"":33.8,""points_ppr"":41.8,""rec_rec"":16,""rec_tds"":1,""rec_yds"":192,""rec_yds_100"":0,""rec_yds_200"":0,""ret_tds"":0,""rush_att"":0,""rush_tds"":0,""rush_yds"":6,""rush_yds_100"":0,""rush_yds_200"":0,""scrimage_yards_100"":0,""scrimage_yards_200"":0}"
25339,16393,Jake Bobo,WR,WR,SEA,24.959,calculated,24.98,32.46,39.94,"{""2pt_tds"":0,""fumbles"":0.08,""points"":24.98,""points_half"":32.46,""points_ppr"":39.94,""rec_rec"":14.96,""rec_tds"":1.27,""rec_yds"":173.66,""rec_yds_100"":0,""rec_yds_200"":0,""ret_tds"":0,""rush_att"":0,""rush_tds"":0,""rush_yds"":1.33,""rush_yds_100"":0,""rush_yds_200"":0,""scrimage_yards_100"":0,""scrimage_yards_200"":0}"
19375,14849,Isaiah Hodgins,WR,WR,NYG,24.7,calculated,24.7,31.7,38.7,"{""2pt_tds"":0,""fumbles"":0,""points"":24.7,""points_half"":31.7,""points_ppr"":38.7,""rec_rec"":14,""rec_tds"":1,""rec_yds"":183,""rec_yds_100"":0,""rec_yds_200"":0,""ret_tds"":0,""rush_att"":0,""rush_tds"":0,""rush_yds"":4,""rush_yds_100"":0,""rush_yds_200"":0,""scrimage_yards_100"":0,""scrimage_yards_200"":0}"
23108,15758,David Bell,WR,WR,FA,24.668,calculated,24.66,32.26,39.86,"{""2pt_tds"":0,""fumbles"":0.03,""points"":24.66,""points_half"":32.26,""points_ppr"":39.86,""rec_rec"":15.2,""rec_tds"":1.48,""rec_yds"":157.48,""rec_yds_100"":0,""rec_yds_200"":0,""ret_tds"":0,""rush_att"":0,""rush_tds"":0,""rush_yds"":1,""rush_yds_100"":0,""rush_yds_200"":0,""scrimage_yards_100"":0,""scrimage_yards_200"":0}"
17603,13776,Justin Watson,WR,WR,HOU,24.569,calculated,24.55,30.71,36.87,"{""2pt_tds"":0,""fumbles"":0.08,""points"":24.55,""points_half"":30.71,""points_ppr"":36.87,""rec_rec"":12.32,""rec_tds"":1.24,""rec_yds"":172.89,""rec_yds_100"":0,""rec_yds_200"":0,""ret_tds"":0,""rush_att"":0,""rush_tds"":0,""rush_yds"":0,""rush_yds_100"":0,""rush_yds_200"":0,""scrimage_yards_100"":0,""scrimage_yards_200"":0}"
19298,14857,Donovan Peoples-Jones,WR,WR,FA,24.5,calculated,24.5,31,37.5,"{""2pt_tds"":0,""fumbles"":0,""points"":24.5,""points_half"":31,""points_ppr"":37.5,""rec_rec"":13,""rec_tds"":1,""rec_yds"":181,""rec_yds_100"":0,""rec_yds_200"":0,""ret_tds"":0,""rush_att"":0,""rush_tds"":0,""rush_yds"":4,""rush_yds_100"":0,""rush_yds_200"":0,""scrimage_yards_100"":0,""scrimage_yards_200"":0}"
23001,16198,Rakim Jarrett,WR,WR,FA,24.5,calculated,24.5,31.5,38.5,"{""2pt_tds"":0,""fumbles"":0,""points"":24.5,""points_half"":31.5,""points_ppr"":38.5,""rec_rec"":14,""rec_tds"":1,""rec_yds"":175,""rec_yds_100"":0,""rec_yds_200"":0,""ret_tds"":0,""rush_att"":0,""rush_tds"":0,""rush_yds"":10,""rush_yds_100"":0,""rush_yds_200"":0,""scrimage_yards_100"":0,""scrimage_yards_200"":0}"
26314,16684,Malik Washington,WR,WR,MIA,22.951,calculated,22.95,29.26,35.57,"{""2pt_tds"":0,""fumbles"":0.04,""points"":22.95,""points_half"":29.26,""points_ppr"":35.57,""rec_rec"":12.62,""rec_tds"":0.95,""rec_yds"":157.01,""rec_yds_100"":0,""rec_yds_200"":0,""ret_tds"":0,""rush_att"":2.06,""rush_tds"":0.05,""rush_yds"":13.3,""rush_yds_100"":0,""rush_yds_200"":0,""scrimage_yards_100"":0,""scrimage_yards_200"":0}"
23017,16801,Cornelius Johnson,WR,WR,BAL,22.6,calculated,22.6,28.1,33.6,"{""2pt_tds"":0,""fumbles"":0,""points"":22.6,""points_half"":28.1,""points_ppr"":33.6,""rec_rec"":11,""rec_tds"":1,""rec_yds"":166,""rec_yds_100"":0,""rec_yds_200"":0,""ret_tds"":0,""rush_att"":0,""rush_tds"":0,""rush_yds"":0,""rush_yds_100"":0,""rush_yds_200"":0,""scrimage_yards_100"":0,""scrimage_yards_200"":0}"
26379,16630,Isaiah Williams,WR,WR,NYJ,22.499,calculated,22.5,29.29,36.09,"{""2pt_tds"":0,""fumbles"":0.08,""points"":22.5,""points_half"":29.29,""points_ppr"":36.09,""rec_rec"":13.59,""rec_tds"":1.08,""rec_yds"":161.79,""rec_yds_100"":0,""rec_yds_200"":0,""ret_tds"":0,""rush_att"":0,""rush_tds"":0,""rush_yds"":0,""rush_yds_100"":0,""rush_yds_200"":0,""scrimage_yards_100"":0,""scrimage_yards_200"":0}"
17888,13893,Trent Sherfield Sr.,WR,WR,BUF,22.453,calculated,22.45,29.39,36.32,"{""2pt_tds"":0,""fumbles"":0,""points"":22.45,""points_half"":29.39,""points_ppr"":36.32,""rec_rec"":13.87,""rec_tds"":0.95,""rec_yds"":165.53,""rec_yds_100"":0,""rec_yds_200"":0,""ret_tds"":0,""rush_att"":0,""rush_tds"":0,""rush_yds"":2,""rush_yds_100"":0,""rush_yds_200"":0,""scrimage_yards_100"":0,""scrimage_yards_200"":0}"
17528,13793,Marquez Valdes-Scantling,WR,WR,DAL,22.401,calculated,22.43,27.39,32.35,"{""2pt_tds"":0,""fumbles"":0.05,""points"":22.43,""points_half"":27.39,""points_ppr"":32.35,""rec_rec"":9.92,""rec_tds"":1.15,""rec_yds"":155.01,""rec_yds_100"":0,""rec_yds_200"":0,""ret_tds"":0,""rush_att"":0,""rush_tds"":0,""rush_yds"":1,""rush_yds_100"":0,""rush_yds_200"":0,""scrimage_yards_100"":0,""scrimage_yards_200"":0}"
26354,16751,Bub Means,WR,WR,NO,22.278,calculated,22.29,28.91,35.52,"{""2pt_tds"":0,""fumbles"":0.05,""points"":22.29,""points_half"":28.91,""points_ppr"":35.52,""rec_rec"":13.24,""rec_tds"":1.06,""rec_yds"":160.18,""rec_yds_100"":0,""rec_yds_200"":0,""ret_tds"":0,""rush_att"":0,""rush_tds"":0,""rush_yds"":0,""rush_yds_100"":0,""rush_yds_200"":0,""scrimage_yards_100"":0,""scrimage_yards_200"":0}"
18463,14112,Parris Campbell,WR,WR,FA,21.7,calculated,21.7,28.7,35.7,"{""2pt_tds"":0,""fumbles"":0,""points"":21.7,""points_half"":28.7,""points_ppr"":35.7,""rec_rec"":14,""rec_tds"":1,""rec_yds"":152,""rec_yds_100"":0,""rec_yds_200"":0,""ret_tds"":0,""rush_att"":0,""rush_tds"":0,""rush_yds"":5,""rush_yds_100"":0,""rush_yds_200"":0,""scrimage_yards_100"":0,""scrimage_yards_200"":0}"
17793,13910,Brandon Powell,WR,WR,FA,21.138,calculated,21.13,28.46,35.79,"{""2pt_tds"":0,""fumbles"":0.09,""points"":21.13,""points_half"":28.46,""points_ppr"":35.79,""rec_rec"":14.67,""rec_tds"":0.88,""rec_yds"":143.38,""rec_yds_100"":0,""rec_yds_200"":0,""ret_tds"":0,""rush_att"":1.9,""rush_tds"":0.04,""rush_yds"":14.6,""rush_yds_100"":0,""rush_yds_200"":0,""scrimage_yards_100"":0,""scrimage_yards_200"":0}"
23142,16686,Ainias Smith,WR,WR,FA,20.7,calculated,20.7,26.2,31.7,"{""2pt_tds"":0,""fumbles"":0,""points"":20.7,""points_half"":26.2,""points_ppr"":31.7,""rec_rec"":11,""rec_tds"":1,""rec_yds"":141,""rec_yds_100"":0,""rec_yds_200"":0,""ret_tds"":0,""rush_att"":0,""rush_tds"":0,""rush_yds"":6,""rush_yds_100"":0,""rush_yds_200"":0,""scrimage_yards_100"":0,""scrimage_yards_200"":0}"
26162,16624,Jamari Thrash,WR,WR,CLE,20.7,calculated,20.7,26.2,31.7,"{""2pt_tds"":0,""fumbles"":0,""points"":20.7,""points_half"":26.2,""points_ppr"":31.7,""rec_rec"":11,""rec_tds"":1,""rec_yds"":141,""rec_yds_100"":0,""rec_yds_200"":0,""ret_tds"":0,""rush_att"":0,""rush_tds"":0,""rush_yds"":6,""rush_yds_100"":0,""rush_yds_200"":0,""scrimage_yards_100"":0,""scrimage_yards_200"":0}"
26398,16778,Ryan Flournoy,WR,WR,DAL,20.513,calculated,20.48,26.49,32.49,"{""2pt_tds"":0,""fumbles"":0.04,""points"":20.48,""points_half"":26.49,""points_ppr"":32.49,""rec_rec"":12.01,""rec_tds"":1.08,""rec_yds"":141.13,""rec_yds_100"":0,""rec_yds_200"":0,""ret_tds"":0,""rush_att"":0,""rush_tds"":0,""rush_yds"":0,""rush_yds_100"":0,""rush_yds_200"":0,""scrimage_yards_100"":0,""scrimage_yards_200"":0}"
25466,16349,Antoine Green,WR,WR,FA,20.1,calculated,20.1,26.1,32.1,"{""2pt_tds"":0,""fumbles"":0,""points"":20.1,""points_half"":26.1,""points_ppr"":32.1,""rec_rec"":12,""rec_tds"":1,""rec_yds"":141,""rec_yds_100"":0,""rec_yds_200"":0,""ret_tds"":0,""rush_att"":0,""rush_tds"":0,""rush_yds"":0,""rush_yds_100"":0,""rush_yds_200"":0,""scrimage_yards_100"":0,""scrimage_yards_200"":0}"
25289,16640,Jacob Cowing,WR,WR,SF,20.0,calculated,20,25.5,31,"{""2pt_tds"":0,""fumbles"":0,""points"":20,""points_half"":25.5,""points_ppr"":31,""rec_rec"":11,""rec_tds"":1,""rec_yds"":134,""rec_yds_100"":0,""rec_yds_200"":0,""ret_tds"":0,""rush_att"":0,""rush_tds"":0,""rush_yds"":6,""rush_yds_100"":0,""rush_yds_200"":0,""scrimage_yards_100"":0,""scrimage_yards_200"":0}"
17289,13638,Braxton Berrios,WR,WR,NYG,19.803,calculated,19.8,27.01,34.23,"{""2pt_tds"":0,""fumbles"":0.08,""points"":19.8,""points_half"":27.01,""points_ppr"":34.23,""rec_rec"":14.42,""rec_tds"":0.94,""rec_yds"":140.56,""rec_yds_100"":0,""rec_yds_200"":0,""ret_tds"":0,""rush_att"":0,""rush_tds"":0,""rush_yds"":2.67,""rush_yds_100"":0,""rush_yds_200"":0,""scrimage_yards_100"":0,""scrimage_yards_200"":0}"
25295,16625,Johnny Wilson,WR,WR,PHI,19.352,calculated,19.32,25.24,31.16,"{""2pt_tds"":0,""fumbles"":0.03,""points"":19.32,""points_half"":25.24,""points_ppr"":31.16,""rec_rec"":11.84,""rec_tds"":0.86,""rec_yds"":140.02,""rec_yds_100"":0,""rec_yds_200"":0,""ret_tds"":0,""rush_att"":0,""rush_tds"":0,""rush_yds"":2.5,""rush_yds_100"":0,""rush_yds_200"":0,""scrimage_yards_100"":0,""scrimage_yards_200"":0}"
19747,15109,Nick Westbrook-Ikhine,WR,WR,IND,19.25,calculated,19.25,24.56,29.87,"{""2pt_tds"":0,""fumbles"":0.04,""points"":19.25,""points_half"":24.56,""points_ppr"":29.87,""rec_rec"":10.62,""rec_tds"":0.81,""rec_yds"":143.37,""rec_yds_100"":0,""rec_yds_200"":0,""ret_tds"":0,""rush_att"":0,""rush_tds"":0,""rush_yds"":1.33,""rush_yds_100"":0,""rush_yds_200"":0,""scrimage_yards_100"":0,""scrimage_yards_200"":0}"
26342,16819,Marcus Rosemy-Jacksaint,WR,WR,FA,19.2,calculated,19.2,24.2,29.2,"{""2pt_tds"":0,""fumbles"":0,""points"":19.2,""points_half"":24.2,""points_ppr"":29.2,""rec_rec"":10,""rec_tds"":1,""rec_yds"":126,""rec_yds_100"":0,""rec_yds_200"":0,""ret_tds"":0,""rush_att"":0,""rush_tds"":0,""rush_yds"":6,""rush_yds_100"":0,""rush_yds_200"":0,""scrimage_yards_100"":0,""scrimage_yards_200"":0}"
26409,16788,Devaughn Vele,WR,WR,NO,19.108,calculated,19.11,25,30.9,"{""2pt_tds"":0,""fumbles"":0.04,""points"":19.11,""points_half"":25,""points_ppr"":30.9,""rec_rec"":11.79,""rec_tds"":0.88,""rec_yds"":139.08,""rec_yds_100"":0,""rec_yds_200"":0,""ret_tds"":0,""rush_att"":0,""rush_tds"":0,""rush_yds"":0,""rush_yds_100"":0,""rush_yds_200"":0,""scrimage_yards_100"":0,""scrimage_yards_200"":0}"
24233,15987,Brandon Johnson,WR,WR,LV,19.1,calculated,19.1,24.1,29.1,"{""2pt_tds"":0,""fumbles"":0,""points"":19.1,""points_half"":24.1,""points_ppr"":29.1,""rec_rec"":10,""rec_tds"":1,""rec_yds"":124,""rec_yds_100"":0,""rec_yds_200"":0,""ret_tds"":0,""rush_att"":0,""rush_tds"":0,""rush_yds"":7,""rush_yds_100"":0,""rush_yds_200"":0,""scrimage_yards_100"":0,""scrimage_yards_200"":0}"
19267,14837,KJ Hamler,WR,WR,FA,19.0,calculated,19,23.5,28,"{""2pt_tds"":0,""fumbles"":0,""points"":19,""points_half"":23.5,""points_ppr"":28,""rec_rec"":9,""rec_tds"":1,""rec_yds"":125,""rec_yds_100"":0,""rec_yds_200"":0,""ret_tds"":0,""rush_att"":0,""rush_tds"":0,""rush_yds"":5,""rush_yds_100"":0,""rush_yds_200"":0,""scrimage_yards_100"":0,""scrimage_yards_200"":0}"
25772,16422,Nikko Remigio,WR,WR,KC,19.0,calculated,19,24,29,"{""2pt_tds"":0,""fumbles"":0,""points"":19,""points_half"":24,""points_ppr"":29,""rec_rec"":10,""rec_tds"":1,""rec_yds"":130,""rec_yds_100"":0,""rec_yds_200"":0,""ret_tds"":0,""rush_att"":0,""rush_tds"":0,""rush_yds"":0,""rush_yds_100"":0,""rush_yds_200"":0,""scrimage_yards_100"":0,""scrimage_yards_200"":0}"
19715,14992,Quez Watkins,WR,WR,PHI,19.0,calculated,19,23.5,28,"{""2pt_tds"":0,""fumbles"":0,""points"":19,""points_half"":23.5,""points_ppr"":28,""rec_rec"":9,""rec_tds"":1,""rec_yds"":127,""rec_yds_100"":0,""rec_yds_200"":0,""ret_tds"":0,""rush_att"":0,""rush_tds"":0,""rush_yds"":3,""rush_yds_100"":0,""rush_yds_200"":0,""scrimage_yards_100"":0,""scrimage_yards_200"":0}"
23893,15792,Michael Woods II,WR,WR,DEN,18.3,calculated,18.3,22.8,27.3,"{""2pt_tds"":0,""fumbles"":0,""points"":18.3,""points_half"":22.8,""points_ppr"":27.3,""rec_rec"":9,""rec_tds"":1,""rec_yds"":119,""rec_yds_100"":0,""rec_yds_200"":0,""ret_tds"":0,""rush_att"":0,""rush_tds"":0,""rush_yds"":4,""rush_yds_100"":0,""rush_yds_200"":0,""scrimage_yards_100"":0,""scrimage_yards_200"":0}"
26411,16763,Tejhaun Palmer,WR,WR,NE,18.2,calculated,18.2,23.7,29.2,"{""2pt_tds"":0,""fumbles"":0,""points"":18.2,""points_half"":23.7,""points_ppr"":29.2,""rec_rec"":11,""rec_tds"":1,""rec_yds"":122,""rec_yds_100"":0,""rec_yds_200"":0,""ret_tds"":0,""rush_att"":0,""rush_tds"":0,""rush_yds"":0,""rush_yds_100"":0,""rush_yds_200"":0,""scrimage_yards_100"":0,""scrimage_yards_200"":0}"
23135,16633,Jordan Whittington,WR,WR,LAR,18.178,calculated,18.18,23.59,29.01,"{""2pt_tds"":0,""fumbles"":0.03,""points"":18.18,""points_half"":23.59,""points_ppr"":29.01,""rec_rec"":10.83,""rec_tds"":0.88,""rec_yds"":129.58,""rec_yds_100"":0,""rec_yds_200"":0,""ret_tds"":0,""rush_att"":0,""rush_tds"":0,""rush_yds"":0,""rush_yds_100"":0,""rush_yds_200"":0,""scrimage_yards_100"":0,""scrimage_yards_200"":0}"
12126,11678,Allen Robinson II,WR,WR,FA,17.7,calculated,17.7,23.2,28.7,"{""2pt_tds"":0,""fumbles"":0,""points"":17.7,""points_half"":23.2,""points_ppr"":28.7,""rec_rec"":11,""rec_tds"":1,""rec_yds"":113,""rec_yds_100"":0,""rec_yds_200"":0,""ret_tds"":0,""rush_att"":0,""rush_tds"":0,""rush_yds"":4,""rush_yds_100"":0,""rush_yds_200"":0,""scrimage_yards_100"":0,""scrimage_yards_200"":0}"
16604,13313,Isaiah McKenzie,WR,WR,FA,17.7,calculated,17.7,23.2,28.7,"{""2pt_tds"":0,""fumbles"":0,""points"":17.7,""points_half"":23.2,""points_ppr"":28.7,""rec_rec"":11,""rec_tds"":1,""rec_yds"":107,""rec_yds_100"":0,""rec_yds_200"":0,""ret_tds"":0,""rush_att"":0,""rush_tds"":0,""rush_yds"":10,""rush_yds_100"":0,""rush_yds_200"":0,""scrimage_yards_100"":0,""scrimage_yards_200"":0}"
17606,13809,Russell Gage Jr.,WR,WR,FA,17.7,calculated,17.7,22.7,27.7,"{""2pt_tds"":0,""fumbles"":0,""points"":17.7,""points_half"":22.7,""points_ppr"":27.7,""rec_rec"":10,""rec_tds"":1,""rec_yds"":114,""rec_yds_100"":0,""rec_yds_200"":0,""ret_tds"":0,""rush_att"":0,""rush_tds"":0,""rush_yds"":3,""rush_yds_100"":0,""rush_yds_200"":0,""scrimage_yards_100"":0,""scrimage_yards_200"":0}"
22843,15491,Ben Skowronek,WR,WR,PIT,17.5,calculated,17.5,22,26.5,"{""2pt_tds"":0,""fumbles"":0,""points"":17.5,""points_half"":22,""points_ppr"":26.5,""rec_rec"":9,""rec_tds"":1,""rec_yds"":111,""rec_yds_100"":0,""rec_yds_200"":0,""ret_tds"":0,""rush_att"":0,""rush_tds"":0,""rush_yds"":4,""rush_yds_100"":0,""rush_yds_200"":0,""scrimage_yards_100"":0,""scrimage_yards_200"":0}"
25442,16205,Tyler Scott,WR,WR,LAR,17.072,calculated,17.12,21.59,26.06,"{""2pt_tds"":0,""fumbles"":0.04,""points"":17.12,""points_half"":21.59,""points_ppr"":26.06,""rec_rec"":8.94,""rec_tds"":0.81,""rec_yds"":101.69,""rec_yds_100"":0,""rec_yds_200"":0,""ret_tds"":0,""rush_att"":2.09,""rush_tds"":0.05,""rush_yds"":18.23,""rush_yds_100"":0,""rush_yds_200"":0,""scrimage_yards_100"":0,""scrimage_yards_200"":0}"
9867,10271,Julio Jones,WR,WR,FA,16.7,calculated,16.7,20.7,24.7,"{""2pt_tds"":0,""fumbles"":0,""points"":16.7,""points_half"":20.7,""points_ppr"":24.7,""rec_rec"":8,""rec_tds"":1,""rec_yds"":103,""rec_yds_100"":0,""rec_yds_200"":0,""ret_tds"":0,""rush_att"":0,""rush_tds"":0,""rush_yds"":4,""rush_yds_100"":0,""rush_yds_200"":0,""scrimage_yards_100"":0,""scrimage_yards_200"":0}"
19798,15763,Justyn Ross,WR,WR,FA,16.3,calculated,16.3,20.3,24.3,"{""2pt_tds"":0,""fumbles"":0,""points"":16.3,""points_half"":20.3,""points_ppr"":24.3,""rec_rec"":8,""rec_tds"":1,""rec_yds"":103,""rec_yds_100"":0,""rec_yds_200"":0,""ret_tds"":0,""rush_att"":0,""rush_tds"":0,""rush_yds"":0,""rush_yds_100"":0,""rush_yds_200"":0,""scrimage_yards_100"":0,""scrimage_yards_200"":0}"
13976,12184,Jamison Crowder,WR,WR,FA,16.294,calculated,16.31,22.37,28.43,"{""2pt_tds"":0,""fumbles"":0.04,""points"":16.31,""points_half"":22.37,""points_ppr"":28.43,""rec_rec"":12.11,""rec_tds"":0.73,""rec_yds"":119.94,""rec_yds_100"":0,""rec_yds_200"":0,""ret_tds"":0,""rush_att"":0,""rush_tds"":0,""rush_yds"":0,""rush_yds_100"":0,""rush_yds_200"":0,""scrimage_yards_100"":0,""scrimage_yards_200"":0}"
24178,15782,Danny Gray,WR,WR,PHI,15.8,calculated,15.8,19.3,22.8,"{""2pt_tds"":0,""fumbles"":0,""points"":15.8,""points_half"":19.3,""points_ppr"":22.8,""rec_rec"":7,""rec_tds"":1,""rec_yds"":94,""rec_yds_100"":0,""rec_yds_200"":0,""ret_tds"":0,""rush_att"":0,""rush_tds"":0,""rush_yds"":4,""rush_yds_100"":0,""rush_yds_200"":0,""scrimage_yards_100"":0,""scrimage_yards_200"":0}"
25334,16299,Derius Davis,WR,WR,LAC,15.795,calculated,15.83,19.32,22.81,"{""2pt_tds"":0,""fumbles"":0.1,""points"":15.83,""points_half"":19.32,""points_ppr"":22.81,""rec_rec"":6.98,""rec_tds"":0.56,""rec_yds"":81.17,""rec_yds_100"":0,""rec_yds_200"":0,""ret_tds"":0,""rush_att"":6.67,""rush_tds"":0.11,""rush_yds"":38.58,""rush_yds_100"":0,""rush_yds_200"":0,""scrimage_yards_100"":0,""scrimage_yards_200"":0}"
26413,16760,Casey Washington,WR,WR,CAR,15.517,calculated,15.49,19.83,24.18,"{""2pt_tds"":0,""fumbles"":0.02,""points"":15.49,""points_half"":19.83,""points_ppr"":24.18,""rec_rec"":8.7,""rec_tds"":0.83,""rec_yds"":105.77,""rec_yds_100"":0,""rec_yds_200"":0,""ret_tds"":0,""rush_att"":0,""rush_tds"":0,""rush_yds"":0,""rush_yds_100"":0,""rush_yds_200"":0,""scrimage_yards_100"":0,""scrimage_yards_200"":0}"
17307,13637,Equanimeous St. Brown,WR,WR,FA,15.5,calculated,15.5,19,22.5,"{""2pt_tds"":0,""fumbles"":0,""points"":15.5,""points_half"":19,""points_ppr"":22.5,""rec_rec"":7,""rec_tds"":1,""rec_yds"":91,""rec_yds_100"":0,""rec_yds_200"":0,""ret_tds"":0,""rush_att"":0,""rush_tds"":0,""rush_yds"":4,""rush_yds_100"":0,""rush_yds_200"":0,""scrimage_yards_100"":0,""scrimage_yards_200"":0}"
25468,16364,Jalen Brooks,WR,WR,ARI,15.366,calculated,15.35,21.09,26.83,"{""2pt_tds"":0,""fumbles"":0.03,""points"":15.35,""points_half"":21.09,""points_ppr"":26.83,""rec_rec"":11.49,""rec_tds"":0.79,""rec_yds"":106.86,""rec_yds_100"":0,""rec_yds_200"":0,""ret_tds"":0,""rush_att"":0,""rush_tds"":0,""rush_yds"":0,""rush_yds_100"":0,""rush_yds_200"":0,""scrimage_yards_100"":0,""scrimage_yards_200"":0}"
24134,15977,Deven Thompkins,WR,WR,LV,15.202,calculated,15.17,19.41,23.64,"{""2pt_tds"":0,""fumbles"":0,""points"":15.17,""points_half"":19.41,""points_ppr"":23.64,""rec_rec"":8.47,""rec_tds"":0.63,""rec_yds"":96.22,""rec_yds_100"":0,""rec_yds_200"":0,""ret_tds"":0,""rush_att"":0,""rush_tds"":0,""rush_yds"":18,""rush_yds_100"":0,""rush_yds_200"":0,""scrimage_yards_100"":0,""scrimage_yards_200"":0}"
23905,15766,Skyy Moore,WR,WR,GB,14.805,calculated,14.8,19.06,23.33,"{""2pt_tds"":0,""fumbles"":0.06,""points"":14.8,""points_half"":19.06,""points_ppr"":23.33,""rec_rec"":8.54,""rec_tds"":0.78,""rec_yds"":99.45,""rec_yds_100"":0,""rec_yds_200"":0,""ret_tds"":0,""rush_att"":0,""rush_tds"":0,""rush_yds"":3,""rush_yds_100"":0,""rush_yds_200"":0,""scrimage_yards_100"":0,""scrimage_yards_200"":0}"
16757,13348,David Moore,WR,WR,CAR,14.746,calculated,14.77,18.79,22.82,"{""2pt_tds"":0,""fumbles"":0.06,""points"":14.77,""points_half"":18.79,""points_ppr"":22.82,""rec_rec"":8.05,""rec_tds"":0.65,""rec_yds"":107.99,""rec_yds_100"":0,""rec_yds_200"":0,""ret_tds"":0,""rush_att"":0,""rush_tds"":0,""rush_yds"":1.67,""rush_yds_100"":0,""rush_yds_200"":0,""scrimage_yards_100"":0,""scrimage_yards_200"":0}"
19270,14847,Devin Duvernay,WR,WR,ARI,13.465,calculated,13.44,17.83,22.22,"{""2pt_tds"":0,""fumbles"":0.07,""points"":13.44,""points_half"":17.83,""points_ppr"":22.22,""rec_rec"":8.78,""rec_tds"":0.42,""rec_yds"":88.53,""rec_yds_100"":0,""rec_yds_200"":0,""ret_tds"":0,""rush_att"":3.26,""rush_tds"":0.09,""rush_yds"":16.92,""rush_yds_100"":0,""rush_yds_200"":0,""scrimage_yards_100"":0,""scrimage_yards_200"":0}"
19219,14839,Jalen Reagor,WR,WR,MIA,13.228,calculated,13.23,16.73,20.23,"{""2pt_tds"":0,""fumbles"":0,""points"":13.23,""points_half"":16.73,""points_ppr"":20.23,""rec_rec"":7,""rec_tds"":0.66,""rec_yds"":90.68,""rec_yds_100"":0,""rec_yds_200"":0,""ret_tds"":0,""rush_att"":0,""rush_tds"":0,""rush_yds"":2,""rush_yds_100"":0,""rush_yds_200"":0,""scrimage_yards_100"":0,""scrimage_yards_200"":0}"
20116,15434,Ihmir Smith-Marsette,WR,WR,ARI,12.902,calculated,12.9,18.55,24.19,"{""2pt_tds"":0,""fumbles"":0,""points"":12.9,""points_half"":18.55,""points_ppr"":24.19,""rec_rec"":11.29,""rec_tds"":0.57,""rec_yds"":81.82,""rec_yds_100"":0,""rec_yds_200"":0,""ret_tds"":0,""rush_att"":0,""rush_tds"":0,""rush_yds"":13,""rush_yds_100"":0,""rush_yds_200"":0,""scrimage_yards_100"":0,""scrimage_yards_200"":0}"
11610,11228,Robert Woods,WR,WR,FA,12.816,calculated,12.82,16.98,21.15,"{""2pt_tds"":0,""fumbles"":0.02,""points"":12.82,""points_half"":16.98,""points_ppr"":21.15,""rec_rec"":8.34,""rec_tds"":0.63,""rec_yds"":89.43,""rec_yds_100"":0,""rec_yds_200"":0,""ret_tds"":0,""rush_att"":0,""rush_tds"":0,""rush_yds"":1.33,""rush_yds_100"":0,""rush_yds_200"":0,""scrimage_yards_100"":0,""scrimage_yards_200"":0}"
26213,16623,Brenden Rice,WR,WR,FA,12.75,calculated,12.72,16.33,19.93,"{""2pt_tds"":0,""fumbles"":0.01,""points"":12.72,""points_half"":16.33,""points_ppr"":19.93,""rec_rec"":7.21,""rec_tds"":0.63,""rec_yds"":87.9,""rec_yds_100"":0,""rec_yds_200"":0,""ret_tds"":0,""rush_att"":0,""rush_tds"":0,""rush_yds"":2,""rush_yds_100"":0,""rush_yds_200"":0,""scrimage_yards_100"":0,""scrimage_yards_200"":0}"
15654,12773,Chris Moore,WR,WR,BAL,12.713,calculated,12.7,16.56,20.41,"{""2pt_tds"":0,""fumbles"":0.03,""points"":12.7,""points_half"":16.56,""points_ppr"":20.41,""rec_rec"":7.71,""rec_tds"":0.53,""rec_yds"":92.6,""rec_yds_100"":0,""rec_yds_200"":0,""ret_tds"":0,""rush_att"":0,""rush_tds"":0,""rush_yds"":3.33,""rush_yds_100"":0,""rush_yds_200"":0,""scrimage_yards_100"":0,""scrimage_yards_200"":0}"
16972,13488,Zach Pascal,WR,WR,FA,12.511,calculated,12.51,15.89,19.27,"{""2pt_tds"":0,""fumbles"":0,""points"":12.51,""points_half"":15.89,""points_ppr"":19.27,""rec_rec"":6.76,""rec_tds"":0.66,""rec_yds"":83.51,""rec_yds_100"":0,""rec_yds_200"":0,""ret_tds"":0,""rush_att"":0,""rush_tds"":0,""rush_yds"":2,""rush_yds_100"":0,""rush_yds_200"":0,""scrimage_yards_100"":0,""scrimage_yards_200"":0}"
26546,16858,Mason Tipton,WR,WR,NO,12.426,calculated,12.4,16.27,20.14,"{""2pt_tds"":0,""fumbles"":0.01,""points"":12.4,""points_half"":16.27,""points_ppr"":20.14,""rec_rec"":7.74,""rec_tds"":0.64,""rec_yds"":86.06,""rec_yds_100"":0,""rec_yds_200"":0,""ret_tds"":0,""rush_att"":0,""rush_tds"":0,""rush_yds"":0,""rush_yds_100"":0,""rush_yds_200"":0,""scrimage_yards_100"":0,""scrimage_yards_200"":0}"
23313,15497,Kawaan Baker,WR,WR,FA,12.37,calculated,12.37,16.27,20.17,"{""2pt_tds"":0,""fumbles"":0,""points"":12.37,""points_half"":16.27,""points_ppr"":20.17,""rec_rec"":7.8,""rec_tds"":0.4,""rec_yds"":99.7,""rec_yds_100"":0,""rec_yds_200"":0,""ret_tds"":0,""rush_att"":0,""rush_tds"":0,""rush_yds"":0,""rush_yds_100"":0,""rush_yds_200"":0,""scrimage_yards_100"":0,""scrimage_yards_200"":0}"
22989,16193,Kayshon Boutte,WR,WR,NE,12.304,calculated,12.3,15.73,19.16,"{""2pt_tds"":0,""fumbles"":0,""points"":12.3,""points_half"":15.73,""points_ppr"":19.16,""rec_rec"":6.86,""rec_tds"":0.57,""rec_yds"":86.34,""rec_yds_100"":0,""rec_yds_200"":0,""ret_tds"":0,""rush_att"":0,""rush_tds"":0,""rush_yds"":2.5,""rush_yds_100"":0,""rush_yds_200"":0,""scrimage_yards_100"":0,""scrimage_yards_200"":0}"
15688,12930,Robbie Chosen,WR,WR,FA,12.001,calculated,12,15.32,18.64,"{""2pt_tds"":0,""fumbles"":0,""points"":12,""points_half"":15.32,""points_ppr"":18.64,""rec_rec"":6.64,""rec_tds"":0.65,""rec_yds"":79.01,""rec_yds_100"":0,""rec_yds_200"":0,""ret_tds"":0,""rush_att"":0,""rush_tds"":0,""rush_yds"":2,""rush_yds_100"":0,""rush_yds_200"":0,""scrimage_yards_100"":0,""scrimage_yards_200"":0}"
25332,16201,Xavier Hutchinson,WR,WR,HOU,11.897,calculated,11.87,15.04,18.22,"{""2pt_tds"":0,""fumbles"":0,""points"":11.87,""points_half"":15.04,""points_ppr"":18.22,""rec_rec"":6.35,""rec_tds"":0.59,""rec_yds"":76.57,""rec_yds_100"":0,""rec_yds_200"":0,""ret_tds"":0,""rush_att"":0,""rush_tds"":0,""rush_yds"":7,""rush_yds_100"":0,""rush_yds_200"":0,""scrimage_yards_100"":0,""scrimage_yards_200"":0}"
26404,16732,Anthony Gould,WR,WR,IND,11.816,calculated,11.83,15.25,18.67,"{""2pt_tds"":0,""fumbles"":0.02,""points"":11.83,""points_half"":15.25,""points_ppr"":18.67,""rec_rec"":6.84,""rec_tds"":0.63,""rec_yds"":80.76,""rec_yds_100"":0,""rec_yds_200"":0,""ret_tds"":0,""rush_att"":0,""rush_tds"":0,""rush_yds"":0,""rush_yds_100"":0,""rush_yds_200"":0,""scrimage_yards_100"":0,""scrimage_yards_200"":0}"
18587,14113,Mecole Hardman Jr.,WR,WR,BUF,11.815,calculated,11.84,14.39,16.94,"{""2pt_tds"":0,""fumbles"":0.04,""points"":11.84,""points_half"":14.39,""points_ppr"":16.94,""rec_rec"":5.1,""rec_tds"":0.56,""rec_yds"":64.52,""rec_yds_100"":0,""rec_yds_200"":0,""ret_tds"":0,""rush_att"":2.07,""rush_tds"":0.09,""rush_yds"":15.43,""rush_yds_100"":0,""rush_yds_200"":0,""scrimage_yards_100"":0,""scrimage_yards_200"":0}"
18876,14558,Deonte Harty,WR,WR,FA,11.784,calculated,11.76,14.93,18.09,"{""2pt_tds"":0,""fumbles"":0.02,""points"":11.76,""points_half"":14.93,""points_ppr"":18.09,""rec_rec"":6.33,""rec_tds"":0.6,""rec_yds"":77.24,""rec_yds_100"":0,""rec_yds_200"":0,""ret_tds"":0,""rush_att"":0,""rush_tds"":0,""rush_yds"":5,""rush_yds_100"":0,""rush_yds_200"":0,""scrimage_yards_100"":0,""scrimage_yards_200"":0}"
18941,14337,Jalen Guyton,WR,WR,FA,11.733,calculated,11.7,14.69,17.67,"{""2pt_tds"":0,""fumbles"":0,""points"":11.7,""points_half"":14.69,""points_ppr"":17.67,""rec_rec"":5.97,""rec_tds"":0.59,""rec_yds"":79.93,""rec_yds_100"":0,""rec_yds_200"":0,""ret_tds"":0,""rush_att"":0,""rush_tds"":0,""rush_yds"":2,""rush_yds_100"":0,""rush_yds_200"":0,""scrimage_yards_100"":0,""scrimage_yards_200"":0}"
25336,16203,Charlie Jones,WR,WR,CIN,11.673,calculated,11.65,15.04,18.43,"{""2pt_tds"":0,""fumbles"":0.02,""points"":11.65,""points_half"":15.04,""points_ppr"":18.43,""rec_rec"":6.78,""rec_tds"":0.54,""rec_yds"":83.06,""rec_yds_100"":0,""rec_yds_200"":0,""ret_tds"":0,""rush_att"":0,""rush_tds"":0,""rush_yds"":1.67,""rush_yds_100"":0,""rush_yds_200"":0,""scrimage_yards_100"":0,""scrimage_yards_200"":0}"
23012,16202,Ronnie Bell,WR,WR,NO,11.662,calculated,11.63,14.85,18.08,"{""2pt_tds"":0,""fumbles"":0,""points"":11.63,""points_half"":14.85,""points_ppr"":18.08,""rec_rec"":6.45,""rec_tds"":0.61,""rec_yds"":78.02,""rec_yds_100"":0,""rec_yds_200"":0,""ret_tds"":0,""rush_att"":0,""rush_tds"":0,""rush_yds"":2,""rush_yds_100"":0,""rush_yds_200"":0,""scrimage_yards_100"":0,""scrimage_yards_200"":0}"
18656,14315,Ashton Dulin,WR,WR,IND,11.615,calculated,11.58,14.82,18.06,"{""2pt_tds"":0,""fumbles"":0,""points"":11.58,""points_half"":14.82,""points_ppr"":18.06,""rec_rec"":6.48,""rec_tds"":0.65,""rec_yds"":75.15,""rec_yds_100"":0,""rec_yds_200"":0,""ret_tds"":0,""rush_att"":0,""rush_tds"":0,""rush_yds"":2,""rush_yds_100"":0,""rush_yds_200"":0,""scrimage_yards_100"":0,""scrimage_yards_200"":0}"
25754,16423,Jason Brownlee,WR,WR,KC,11.555,calculated,11.52,14.69,17.86,"{""2pt_tds"":0,""fumbles"":0,""points"":11.52,""points_half"":14.69,""points_ppr"":17.86,""rec_rec"":6.34,""rec_tds"":0.59,""rec_yds"":78.65,""rec_yds_100"":0,""rec_yds_200"":0,""ret_tds"":0,""rush_att"":0,""rush_tds"":0,""rush_yds"":1.5,""rush_yds_100"":0,""rush_yds_200"":0,""scrimage_yards_100"":0,""scrimage_yards_200"":0}"
19221,14838,Laviska Shenault Jr.,WR,WR,FA,11.049,calculated,11.01,13.6,16.2,"{""2pt_tds"":0,""fumbles"":0.07,""points"":11.01,""points_half"":13.6,""points_ppr"":16.2,""rec_rec"":5.19,""rec_tds"":0.19,""rec_yds"":54.92,""rec_yds_100"":0,""rec_yds_200"":0,""ret_tds"":0,""rush_att"":5.34,""rush_tds"":0.15,""rush_yds"":36.57,""rush_yds_100"":0,""rush_yds_200"":0,""scrimage_yards_100"":0,""scrimage_yards_200"":0}"
14151,12257,Chris Conley,WR,WR,FA,10.514,calculated,10.51,13.23,15.95,"{""2pt_tds"":0,""fumbles"":0,""points"":10.51,""points_half"":13.23,""points_ppr"":15.95,""rec_rec"":5.44,""rec_tds"":0.6,""rec_yds"":67.14,""rec_yds_100"":0,""rec_yds_200"":0,""ret_tds"":0,""rush_att"":0,""rush_tds"":0,""rush_yds"":2,""rush_yds_100"":0,""rush_yds_200"":0,""scrimage_yards_100"":0,""scrimage_yards_200"":0}"
24049,15785,Bo Melton,WR,WR,GB,10.407,calculated,10.38,13.3,16.23,"{""2pt_tds"":0,""fumbles"":0.13,""points"":10.38,""points_half"":13.3,""points_ppr"":16.23,""rec_rec"":5.86,""rec_tds"":0.49,""rec_yds"":68.53,""rec_yds_100"":0,""rec_yds_200"":0,""ret_tds"":0,""rush_att"":1.03,""rush_tds"":0.04,""rush_yds"":6.34,""rush_yds_100"":0,""rush_yds_200"":0,""scrimage_yards_100"":0,""scrimage_yards_200"":0}"
14222,12464,Damiere Byrd,WR,WR,FA,10.216,calculated,10.22,13.06,15.91,"{""2pt_tds"":0,""fumbles"":0,""points"":10.22,""points_half"":13.06,""points_ppr"":15.91,""rec_rec"":5.69,""rec_tds"":0.32,""rec_yds"":80.96,""rec_yds_100"":0,""rec_yds_200"":0,""ret_tds"":0,""rush_att"":0,""rush_tds"":0,""rush_yds"":2,""rush_yds_100"":0,""rush_yds_200"":0,""scrimage_yards_100"":0,""scrimage_yards_200"":0}"
25668,16413,Malik Heath,WR,WR,FA,9.573,calculated,9.55,12.23,14.9,"{""2pt_tds"":0,""fumbles"":0.02,""points"":9.55,""points_half"":12.23,""points_ppr"":14.9,""rec_rec"":5.35,""rec_tds"":0.55,""rec_yds"":62.13,""rec_yds_100"":0,""rec_yds_200"":0,""ret_tds"":0,""rush_att"":0,""rush_tds"":0,""rush_yds"":1,""rush_yds_100"":0,""rush_yds_200"":0,""scrimage_yards_100"":0,""scrimage_yards_200"":0}"
25340,16379,Bryce Ford-Wheaton,WR,WR,FA,9.557,calculated,9.56,13.09,16.62,"{""2pt_tds"":0,""fumbles"":0.04,""points"":9.56,""points_half"":13.09,""points_ppr"":16.62,""rec_rec"":7.06,""rec_tds"":0.36,""rec_yds"":74.77,""rec_yds_100"":0,""rec_yds_200"":0,""ret_tds"":0,""rush_att"":0,""rush_tds"":0,""rush_yds"":0,""rush_yds_100"":0,""rush_yds_200"":0,""scrimage_yards_100"":0,""scrimage_yards_200"":0}"
17224,13862,River Cracraft,WR,WR,FA,9.508,calculated,9.51,14.14,18.78,"{""2pt_tds"":0,""fumbles"":0,""points"":9.51,""points_half"":14.14,""points_ppr"":18.78,""rec_rec"":9.27,""rec_tds"":0.27,""rec_yds"":78.88,""rec_yds_100"":0,""rec_yds_200"":0,""ret_tds"":0,""rush_att"":0,""rush_tds"":0,""rush_yds"":0,""rush_yds_100"":0,""rush_yds_200"":0,""scrimage_yards_100"":0,""scrimage_yards_200"":0}"
23438,16005,Tim Jones,WR,WR,JAC,9.435,calculated,9.41,11.86,14.32,"{""2pt_tds"":0,""fumbles"":0,""points"":9.41,""points_half"":11.86,""points_ppr"":14.32,""rec_rec"":4.91,""rec_tds"":0.59,""rec_yds"":56.95,""rec_yds_100"":0,""rec_yds_200"":0,""ret_tds"":0,""rush_att"":0,""rush_tds"":0,""rush_yds"":2,""rush_yds_100"":0,""rush_yds_200"":0,""scrimage_yards_100"":0,""scrimage_yards_200"":0}"
18714,14280,Scotty Miller,WR,WR,CHI,8.591,calculated,8.6,11.41,14.22,"{""2pt_tds"":0,""fumbles"":0.03,""points"":8.6,""points_half"":11.41,""points_ppr"":14.22,""rec_rec"":5.62,""rec_tds"":0.26,""rec_yds"":69.58,""rec_yds_100"":0,""rec_yds_200"":0,""ret_tds"":0,""rush_att"":0,""rush_tds"":0,""rush_yds"":1.33,""rush_yds_100"":0,""rush_yds_200"":0,""scrimage_yards_100"":0,""scrimage_yards_200"":0}"
24570,15941,Dareke Young,WR,WR,LV,8.126,calculated,8.13,10.68,13.24,"{""2pt_tds"":0,""fumbles"":0,""points"":8.13,""points_half"":10.68,""points_ppr"":13.24,""rec_rec"":5.11,""rec_tds"":0.36,""rec_yds"":59.66,""rec_yds_100"":0,""rec_yds_200"":0,""ret_tds"":0,""rush_att"":0,""rush_tds"":0,""rush_yds"":0,""rush_yds_100"":0,""rush_yds_200"":0,""scrimage_yards_100"":0,""scrimage_yards_200"":0}"
19486,15529,Easop Winston Jr.,WR,WR,FA,8.083,calculated,8.08,10.63,13.17,"{""2pt_tds"":0,""fumbles"":0,""points"":8.08,""points_half"":10.63,""points_ppr"":13.17,""rec_rec"":5.09,""rec_tds"":0.36,""rec_yds"":59.23,""rec_yds_100"":0,""rec_yds_200"":0,""ret_tds"":0,""rush_att"":0,""rush_tds"":0,""rush_yds"":0,""rush_yds_100"":0,""rush_yds_200"":0,""scrimage_yards_100"":0,""scrimage_yards_200"":0}"
24234,15772,Britain Covey,WR,WR,PHI,7.208,calculated,7.21,9.82,12.44,"{""2pt_tds"":0,""fumbles"":0,""points"":7.21,""points_half"":9.82,""points_ppr"":12.44,""rec_rec"":5.23,""rec_tds"":0.25,""rec_yds"":57.08,""rec_yds_100"":0,""rec_yds_200"":0,""ret_tds"":0,""rush_att"":0,""rush_tds"":0,""rush_yds"":0,""rush_yds_100"":0,""rush_yds_200"":0,""scrimage_yards_100"":0,""scrimage_yards_200"":0}"
23242,15308,Terrace Marshall Jr.,WR,WR,MIA,6.8,calculated,6.8,9.3,11.8,"{""2pt_tds"":0,""fumbles"":0,""points"":6.8,""points_half"":9.3,""points_ppr"":11.8,""rec_rec"":5,""rec_tds"":0,""rec_yds"":64,""rec_yds_100"":0,""rec_yds_200"":0,""ret_tds"":0,""rush_att"":0,""rush_tds"":0,""rush_yds"":4,""rush_yds_100"":0,""rush_yds_200"":0,""scrimage_yards_100"":0,""scrimage_yards_200"":0}"
19690,14855,Austin Mack,WR,WR,FA,6.378,calculated,6.38,8.19,10,"{""2pt_tds"":0,""fumbles"":0,""points"":6.38,""points_half"":8.19,""points_ppr"":10,""rec_rec"":3.62,""rec_tds"":0.34,""rec_yds"":43.38,""rec_yds_100"":0,""rec_yds_200"":0,""ret_tds"":0,""rush_att"":0,""rush_tds"":0,""rush_yds"":0,""rush_yds_100"":0,""rush_yds_200"":0,""scrimage_yards_100"":0,""scrimage_yards_200"":0}"
25218,16141,Josh Ali,WR,WR,FA,6.341,calculated,6.34,8.14,9.93,"{""2pt_tds"":0,""fumbles"":0,""points"":6.34,""points_half"":8.14,""points_ppr"":9.93,""rec_rec"":3.59,""rec_tds"":0.34,""rec_yds"":43.01,""rec_yds_100"":0,""rec_yds_200"":0,""ret_tds"":0,""rush_att"":0,""rush_tds"":0,""rush_yds"":0,""rush_yds_100"":0,""rush_yds_200"":0,""scrimage_yards_100"":0,""scrimage_yards_200"":0}"
22785,15302,Dee Eskridge,WR,WR,FA,6.2,calculated,6.2,8.2,10.2,"{""2pt_tds"":0,""fumbles"":0,""points"":6.2,""points_half"":8.2,""points_ppr"":10.2,""rec_rec"":4,""rec_tds"":0,""rec_yds"":56,""rec_yds_100"":0,""rec_yds_200"":0,""ret_tds"":0,""rush_att"":0,""rush_tds"":0,""rush_yds"":6,""rush_yds_100"":0,""rush_yds_200"":0,""scrimage_yards_100"":0,""scrimage_yards_200"":0}"
19093,14555,Gunner Olszewski,WR,WR,NYG,5.628,calculated,5.63,7.72,9.81,"{""2pt_tds"":0,""fumbles"":0.04,""points"":5.63,""points_half"":7.72,""points_ppr"":9.81,""rec_rec"":4.19,""rec_tds"":0.21,""rec_yds"":44.48,""rec_yds_100"":0,""rec_yds_200"":0,""ret_tds"":0,""rush_att"":0,""rush_tds"":0,""rush_yds"":0,""rush_yds_100"":0,""rush_yds_200"":0,""scrimage_yards_100"":0,""scrimage_yards_200"":0}"
19674,15027,Tyrie Cleveland,WR,WR,FA,5.043,calculated,5.04,6.63,8.21,"{""2pt_tds"":0,""fumbles"":0,""points"":5.04,""points_half"":6.63,""points_ppr"":8.21,""rec_rec"":3.17,""rec_tds"":0.23,""rec_yds"":36.63,""rec_yds_100"":0,""rec_yds_200"":0,""ret_tds"":0,""rush_att"":0,""rush_tds"":0,""rush_yds"":0,""rush_yds_100"":0,""rush_yds_200"":0,""scrimage_yards_100"":0,""scrimage_yards_200"":0}"
23423,15995,DJ Turner,WR,WR,FA,4.876,calculated,4.88,6.52,8.16,"{""2pt_tds"":0,""fumbles"":0.06,""points"":4.88,""points_half"":6.52,""points_ppr"":8.16,""rec_rec"":3.28,""rec_tds"":0.21,""rec_yds"":37.36,""rec_yds_100"":0,""rec_yds_200"":0,""ret_tds"":0,""rush_att"":0,""rush_tds"":0,""rush_yds"":0,""rush_yds_100"":0,""rush_yds_200"":0,""scrimage_yards_100"":0,""scrimage_yards_200"":0}"
19801,15285,Tylan Wallace,WR,WR,CLE,4.873,calculated,4.84,6.47,8.09,"{""2pt_tds"":0,""fumbles"":0,""points"":4.84,""points_half"":6.47,""points_ppr"":8.09,""rec_rec"":3.25,""rec_tds"":0.09,""rec_yds"":41.33,""rec_yds_100"":0,""rec_yds_200"":0,""ret_tds"":0,""rush_att"":0,""rush_tds"":0,""rush_yds"":2,""rush_yds_100"":0,""rush_yds_200"":0,""scrimage_yards_100"":0,""scrimage_yards_200"":0}"
24214,15767,Velus Jones Jr.,WR,WR,SEA,4.436,calculated,4.41,5.33,6.26,"{""2pt_tds"":0,""fumbles"":0,""points"":4.41,""points_half"":5.33,""points_ppr"":6.26,""rec_rec"":1.85,""rec_tds"":0.09,""rec_yds"":25.05,""rec_yds_100"":0,""rec_yds_200"":0,""ret_tds"":0,""rush_att"":2.33,""rush_tds"":0.07,""rush_yds"":9.71,""rush_yds_100"":0,""rush_yds_200"":0,""scrimage_yards_100"":0,""scrimage_yards_200"":0}"
24904,15984,Irv Charles,WR,WR,SEA,4.327,calculated,4.33,5.61,6.89,"{""2pt_tds"":0,""fumbles"":0.04,""points"":4.33,""points_half"":5.61,""points_ppr"":6.89,""rec_rec"":2.57,""rec_tds"":0.24,""rec_yds"":29.67,""rec_yds_100"":0,""rec_yds_200"":0,""ret_tds"":0,""rush_att"":0,""rush_tds"":0,""rush_yds"":0,""rush_yds_100"":0,""rush_yds_200"":0,""scrimage_yards_100"":0,""scrimage_yards_200"":0}"
26377,16758,Jha'Quan Jackson,WR,WR,HOU,4.1,calculated,4.1,6.1,8.1,"{""2pt_tds"":0,""fumbles"":0,""points"":4.1,""points_half"":6.1,""points_ppr"":8.1,""rec_rec"":4,""rec_tds"":0,""rec_yds"":41,""rec_yds_100"":0,""rec_yds_200"":0,""ret_tds"":0,""rush_att"":0,""rush_tds"":0,""rush_yds"":0,""rush_yds_100"":0,""rush_yds_200"":0,""scrimage_yards_100"":0,""scrimage_yards_200"":0}"
18633,14864,Tyler Johnson,WR,WR,DAL,3.775,calculated,3.78,4.81,5.86,"{""2pt_tds"":0,""fumbles"":0,""points"":3.78,""points_half"":4.81,""points_ppr"":5.86,""rec_rec"":2.08,""rec_tds"":0.21,""rec_yds"":25.15,""rec_yds_100"":0,""rec_yds_200"":0,""ret_tds"":0,""rush_att"":0,""rush_tds"":0,""rush_yds"":0,""rush_yds_100"":0,""rush_yds_200"":0,""scrimage_yards_100"":0,""scrimage_yards_200"":0}"
23896,15901,Kyle Philips,WR,WR,FA,3.503,calculated,3.47,4.88,6.29,"{""2pt_tds"":0,""fumbles"":0,""points"":3.47,""points_half"":4.88,""points_ppr"":6.29,""rec_rec"":2.82,""rec_tds"":0.09,""rec_yds"":29.13,""rec_yds_100"":0,""rec_yds_200"":0,""ret_tds"":0,""rush_att"":0,""rush_tds"":0,""rush_yds"":0.5,""rush_yds_100"":0,""rush_yds_200"":0,""scrimage_yards_100"":0,""scrimage_yards_200"":0}"
24554,15900,Montrell Washington,WR,WR,FA,3.125,calculated,3.13,4,4.87,"{""2pt_tds"":0,""fumbles"":0,""points"":3.13,""points_half"":4,""points_ppr"":4.87,""rec_rec"":1.74,""rec_tds"":0.17,""rec_yds"":21.05,""rec_yds_100"":0,""rec_yds_200"":0,""ret_tds"":0,""rush_att"":0,""rush_tds"":0,""rush_yds"":0,""rush_yds_100"":0,""rush_yds_200"":0,""scrimage_yards_100"":0,""scrimage_yards_200"":0}"
24837,16507,Kwamie Lassiter II,WR,WR,FA,3.068,calculated,3.07,3.95,4.83,"{""2pt_tds"":0,""fumbles"":0,""points"":3.07,""points_half"":3.95,""points_ppr"":4.83,""rec_rec"":1.76,""rec_tds"":0.17,""rec_yds"":20.48,""rec_yds_100"":0,""rec_yds_200"":0,""ret_tds"":0,""rush_att"":0,""rush_tds"":0,""rush_yds"":0,""rush_yds_100"":0,""rush_yds_200"":0,""scrimage_yards_100"":0,""scrimage_yards_200"":0}"
23196,15303,Simi Fehoko,WR,WR,ARI,3.039,calculated,3.04,3.89,4.75,"{""2pt_tds"":0,""fumbles"":0,""points"":3.04,""points_half"":3.89,""points_ppr"":4.75,""rec_rec"":1.71,""rec_tds"":0.17,""rec_yds"":20.19,""rec_yds_100"":0,""rec_yds_200"":0,""ret_tds"":0,""rush_att"":0,""rush_tds"":0,""rush_yds"":0,""rush_yds_100"":0,""rush_yds_200"":0,""scrimage_yards_100"":0,""scrimage_yards_200"":0}"
20118,15286,Seth Williams,WR,WR,LV,3.007,calculated,3.01,3.9,4.8,"{""2pt_tds"":0,""fumbles"":0,""points"":3.01,""points_half"":3.9,""points_ppr"":4.8,""rec_rec"":1.79,""rec_tds"":0.17,""rec_yds"":19.87,""rec_yds_100"":0,""rec_yds_200"":0,""ret_tds"":0,""rush_att"":0,""rush_tds"":0,""rush_yds"":0,""rush_yds_100"":0,""rush_yds_200"":0,""scrimage_yards_100"":0,""scrimage_yards_200"":0}"
25520,,Cephus Johnson III,WR,WR,FA,2.986,calculated,2.99,3.83,4.67,"{""2pt_tds"":0,""fumbles"":0,""points"":2.99,""points_half"":3.83,""points_ppr"":4.67,""rec_rec"":1.68,""rec_tds"":0.17,""rec_yds"":19.66,""rec_yds_100"":0,""rec_yds_200"":0,""ret_tds"":0,""rush_att"":0,""rush_tds"":0,""rush_yds"":0,""rush_yds_100"":0,""rush_yds_200"":0,""scrimage_yards_100"":0,""scrimage_yards_200"":0}"
19739,15589,Cody White,WR,WR,SEA,2.966,calculated,2.97,3.82,4.67,"{""2pt_tds"":0,""fumbles"":0,""points"":2.97,""points_half"":3.82,""points_ppr"":4.67,""rec_rec"":1.7,""rec_tds"":0.17,""rec_yds"":19.46,""rec_yds_100"":0,""rec_yds_200"":0,""ret_tds"":0,""rush_att"":0,""rush_tds"":0,""rush_yds"":0,""rush_yds_100"":0,""rush_yds_200"":0,""scrimage_yards_100"":0,""scrimage_yards_200"":0}"
24796,16050,Raleigh Webb,WR,WR,FA,2.927,calculated,2.93,3.68,4.44,"{""2pt_tds"":0,""fumbles"":0,""points"":2.93,""points_half"":3.68,""points_ppr"":4.44,""rec_rec"":1.51,""rec_tds"":0.17,""rec_yds"":19.07,""rec_yds_100"":0,""rec_yds_200"":0,""ret_tds"":0,""rush_att"":0,""rush_tds"":0,""rush_yds"":0,""rush_yds_100"":0,""rush_yds_200"":0,""scrimage_yards_100"":0,""scrimage_yards_200"":0}"
19672,14859,Trishton Jackson,WR,WR,FA,2.894,calculated,2.89,3.73,4.57,"{""2pt_tds"":0,""fumbles"":0,""points"":2.89,""points_half"":3.73,""points_ppr"":4.57,""rec_rec"":1.68,""rec_tds"":0.17,""rec_yds"":18.74,""rec_yds_100"":0,""rec_yds_200"":0,""ret_tds"":0,""rush_att"":0,""rush_tds"":0,""rush_yds"":0,""rush_yds_100"":0,""rush_yds_200"":0,""scrimage_yards_100"":0,""scrimage_yards_200"":0}"
19891,15528,Kristian Wilkerson,WR,WR,FA,2.773,calculated,2.77,3.52,4.27,"{""2pt_tds"":0,""fumbles"":0,""points"":2.77,""points_half"":3.52,""points_ppr"":4.27,""rec_rec"":1.5,""rec_tds"":0.17,""rec_yds"":17.53,""rec_yds_100"":0,""rec_yds_200"":0,""ret_tds"":0,""rush_att"":0,""rush_tds"":0,""rush_yds"":0,""rush_yds_100"":0,""rush_yds_200"":0,""scrimage_yards_100"":0,""scrimage_yards_200"":0}"
18016,13895,Cam Sims,WR,WR,FA,2.755,calculated,2.76,3.55,4.34,"{""2pt_tds"":0,""fumbles"":0,""points"":2.76,""points_half"":3.55,""points_ppr"":4.34,""rec_rec"":1.58,""rec_tds"":0.11,""rec_yds"":20.95,""rec_yds_100"":0,""rec_yds_200"":0,""ret_tds"":0,""rush_att"":0,""rush_tds"":0,""rush_yds"":0,""rush_yds_100"":0,""rush_yds_200"":0,""scrimage_yards_100"":0,""scrimage_yards_200"":0}"
19505,15034,Marquez Callaway,WR,WR,FA,2.749,calculated,2.75,3.44,4.14,"{""2pt_tds"":0,""fumbles"":0,""points"":2.75,""points_half"":3.44,""points_ppr"":4.14,""rec_rec"":1.39,""rec_tds"":0.17,""rec_yds"":17.29,""rec_yds_100"":0,""rec_yds_200"":0,""ret_tds"":0,""rush_att"":0,""rush_tds"":0,""rush_yds"":0,""rush_yds_100"":0,""rush_yds_200"":0,""scrimage_yards_100"":0,""scrimage_yards_200"":0}"
23296,15467,Jalen Camp,WR,WR,FA,2.705,calculated,2.71,3.49,4.27,"{""2pt_tds"":0,""fumbles"":0,""points"":2.71,""points_half"":3.49,""points_ppr"":4.27,""rec_rec"":1.56,""rec_tds"":0.13,""rec_yds"":19.25,""rec_yds_100"":0,""rec_yds_200"":0,""ret_tds"":0,""rush_att"":0,""rush_tds"":0,""rush_yds"":0,""rush_yds_100"":0,""rush_yds_200"":0,""scrimage_yards_100"":0,""scrimage_yards_200"":0}"
14103,12394,DeAndre Carter,WR,WR,FA,2.7,calculated,2.7,3.7,4.7,"{""2pt_tds"":0,""fumbles"":0,""points"":2.7,""points_half"":3.7,""points_ppr"":4.7,""rec_rec"":2,""rec_tds"":0,""rec_yds"":21,""rec_yds_100"":0,""rec_yds_200"":0,""ret_tds"":0,""rush_att"":0,""rush_tds"":0,""rush_yds"":6,""rush_yds_100"":0,""rush_yds_200"":0,""scrimage_yards_100"":0,""scrimage_yards_200"":0}"
18566,14110,David Sills V,WR,WR,TB,2.531,calculated,2.53,3.29,4.05,"{""2pt_tds"":0,""fumbles"":0,""points"":2.53,""points_half"":3.29,""points_ppr"":4.05,""rec_rec"":1.52,""rec_tds"":0.14,""rec_yds"":16.91,""rec_yds_100"":0,""rec_yds_200"":0,""ret_tds"":0,""rush_att"":0,""rush_tds"":0,""rush_yds"":0,""rush_yds_100"":0,""rush_yds_200"":0,""scrimage_yards_100"":0,""scrimage_yards_200"":0}"
17739,13863,Byron Pringle,WR,WR,FA,2.527,calculated,2.5,3.46,4.42,"{""2pt_tds"":0,""fumbles"":0,""points"":2.5,""points_half"":3.46,""points_ppr"":4.42,""rec_rec"":1.93,""rec_tds"":0.09,""rec_yds"":18.87,""rec_yds_100"":0,""rec_yds_200"":0,""ret_tds"":0,""rush_att"":0,""rush_tds"":0,""rush_yds"":1,""rush_yds_100"":0,""rush_yds_200"":0,""scrimage_yards_100"":0,""scrimage_yards_200"":0}"
18791,14561,Jeff Smith,WR,WR,FA,2.446,calculated,2.45,3.2,3.95,"{""2pt_tds"":0,""fumbles"":0,""points"":2.45,""points_half"":3.2,""points_ppr"":3.95,""rec_rec"":1.5,""rec_tds"":0.13,""rec_yds"":16.66,""rec_yds_100"":0,""rec_yds_200"":0,""ret_tds"":0,""rush_att"":0,""rush_tds"":0,""rush_yds"":0,""rush_yds_100"":0,""rush_yds_200"":0,""scrimage_yards_100"":0,""scrimage_yards_200"":0}"
