fantasypros_id,mfl_id,name,position,source_position,nfl_team,league_projected_points,league_scoring_status,fantasypros_points_std,fantasypros_points_half,fantasypros_points_ppr,stats_json
8080,516,Dallas Cowboys,DEF,DST,DAL,118.53,calculated,114.51,114.51,114.51,"{""def_ff"":18.18,""def_fr"":11.71,""def_int"":14.3,""def_pa_a"":0,""def_pa_b"":0,""def_pa_c"":0,""def_pa_d"":0,""def_pa_e"":0,""def_pa_f"":0,""def_pa_g"":0,""def_retd"":1,""def_sack"":46.61,""def_safety"":0,""def_td"":2.65,""points"":114.51,""points_half"":114.51,""points_ppr"":114.51}"
8230,518,Philadelphia Eagles,DEF,DST,PHI,117.57,calculated,113.56,113.56,113.56,"{""def_ff"":15.79,""def_fr"":9.38,""def_int"":12.43,""def_pa_a"":0,""def_pa_b"":0,""def_pa_c"":0,""def_pa_d"":0,""def_pa_e"":0,""def_pa_f"":0,""def_pa_g"":0,""def_retd"":1,""def_sack"":53.49,""def_safety"":0.4,""def_td"":2.61,""points"":113.56,""points_half"":113.56,""points_ppr"":113.56}"
8180,504,New England Patriots,DEF,DST,NE,110.18,calculated,110.19,110.19,110.19,"{""def_ff"":13.45,""def_fr"":9.29,""def_int"":14.51,""def_pa_a"":0,""def_pa_b"":0,""def_pa_c"":0,""def_pa_d"":0,""def_pa_e"":0,""def_pa_f"":0,""def_pa_g"":0,""def_retd"":0,""def_sack"":44.92,""def_safety"":0.4,""def_td"":2.81,""points"":110.19,""points_half"":110.19,""points_ppr"":110.19}"
8150,512,Kansas City Chiefs,DEF,DST,KC,108.54,calculated,104.53,104.53,104.53,"{""def_ff"":14.17,""def_fr"":9.41,""def_int"":12.7,""def_pa_a"":0,""def_pa_b"":0,""def_pa_c"":0,""def_pa_d"":0,""def_pa_e"":0,""def_pa_f"":0,""def_pa_g"":0,""def_retd"":1,""def_sack"":45.58,""def_safety"":0.47,""def_td"":2.3,""points"":104.53,""points_half"":104.53,""points_ppr"":104.53}"
8030,501,Buffalo Bills,DEF,DST,BUF,108.3,calculated,104.29,104.29,104.29,"{""def_ff"":13.21,""def_fr"":9.64,""def_int"":14.6,""def_pa_a"":0,""def_pa_b"":0,""def_pa_c"":0,""def_pa_d"":0,""def_pa_e"":0,""def_pa_f"":0,""def_pa_g"":0,""def_retd"":1,""def_sack"":42.76,""def_safety"":0.53,""def_td"":2,""points"":104.29,""points_half"":104.29,""points_ppr"":104.29}"
8270,530,San Francisco 49ers,DEF,DST,SF,108.17,calculated,108.17,108.17,108.17,"{""def_ff"":15.67,""def_fr"":9.84,""def_int"":13.66,""def_pa_a"":0,""def_pa_b"":0,""def_pa_c"":0,""def_pa_d"":0,""def_pa_e"":0,""def_pa_f"":0,""def_pa_g"":0,""def_retd"":0,""def_sack"":47.37,""def_safety"":0,""def_td"":2.3,""points"":108.17,""points_half"":108.17,""points_ppr"":108.17}"
8310,520,Washington Commanders,DEF,DST,WAS,107.96,calculated,103.96,103.96,103.96,"{""def_ff"":14.96,""def_fr"":9.3,""def_int"":12.06,""def_pa_a"":0,""def_pa_b"":0,""def_pa_c"":0,""def_pa_d"":0,""def_pa_e"":0,""def_pa_f"":0,""def_pa_g"":0,""def_retd"":1,""def_sack"":47.22,""def_safety"":0.5,""def_td"":2.17,""points"":103.96,""points_half"":103.96,""points_ppr"":103.96}"
8240,510,Pittsburgh Steelers,DEF,DST,PIT,107.75,calculated,107.76,107.76,107.76,"{""def_ff"":12.6,""def_fr"":8.6,""def_int"":14.47,""def_pa_a"":0,""def_pa_b"":0,""def_pa_c"":0,""def_pa_d"":0,""def_pa_e"":0,""def_pa_f"":0,""def_pa_g"":0,""def_retd"":0,""def_sack"":49.47,""def_safety"":0.07,""def_td"":2,""points"":107.76,""points_half"":107.76,""points_ppr"":107.76}"
8070,507,Cleveland Browns,DEF,DST,CLE,107.74,calculated,107.77,107.77,107.77,"{""def_ff"":14.43,""def_fr"":9.62,""def_int"":14,""def_pa_a"":0,""def_pa_b"":0,""def_pa_c"":0,""def_pa_d"":0,""def_pa_e"":0,""def_pa_f"":0,""def_pa_g"":0,""def_retd"":0,""def_sack"":45.46,""def_safety"":0.2,""def_td"":2.44,""points"":107.77,""points_half"":107.77,""points_ppr"":107.77}"
8210,505,New York Jets,DEF,DST,NYJ,107.44,calculated,103.45,103.45,103.45,"{""def_ff"":13.07,""def_fr"":8.58,""def_int"":13.17,""def_pa_a"":0,""def_pa_b"":0,""def_pa_c"":0,""def_pa_d"":0,""def_pa_e"":0,""def_pa_f"":0,""def_pa_g"":0,""def_retd"":1,""def_sack"":44.76,""def_safety"":0.93,""def_td"":2.22,""points"":103.45,""points_half"":103.45,""points_ppr"":103.45}"
8100,522,Detroit Lions,DEF,DST,DET,107.09,calculated,103.11,103.11,103.11,"{""def_ff"":15.92,""def_fr"":10.26,""def_int"":13.32,""def_pa_a"":0,""def_pa_b"":0,""def_pa_c"":0,""def_pa_d"":0,""def_pa_e"":0,""def_pa_f"":0,""def_pa_g"":0,""def_retd"":1,""def_sack"":41.59,""def_safety"":0.57,""def_td"":2.2,""points"":103.11,""points_half"":103.11,""points_ppr"":103.11}"
8020,531,Baltimore Ravens,DEF,DST,BAL,106.89,calculated,102.85,102.85,102.85,"{""def_ff"":16.32,""def_fr"":9.91,""def_int"":12.38,""def_pa_a"":0,""def_pa_b"":0,""def_pa_c"":0,""def_pa_d"":0,""def_pa_e"":0,""def_pa_f"":0,""def_pa_g"":0,""def_retd"":1,""def_sack"":45.01,""def_safety"":0.17,""def_td"":2.16,""points"":102.85,""points_half"":102.85,""points_ppr"":102.85}"
8170,524,Minnesota Vikings,DEF,DST,MIN,106.87,calculated,102.86,102.86,102.86,"{""def_ff"":14.52,""def_fr"":9.88,""def_int"":13.87,""def_pa_a"":0,""def_pa_b"":0,""def_pa_c"":0,""def_pa_d"":0,""def_pa_e"":0,""def_pa_f"":0,""def_pa_g"":0,""def_retd"":1,""def_sack"":42.07,""def_safety"":0.17,""def_td"":2.16,""points"":102.86,""points_half"":102.86,""points_ppr"":102.86}"
8160,503,Miami Dolphins,DEF,DST,MIA,106.24,calculated,106.25,106.25,106.25,"{""def_ff"":14.85,""def_fr"":9.5,""def_int"":13.48,""def_pa_a"":0,""def_pa_b"":0,""def_pa_c"":0,""def_pa_d"":0,""def_pa_e"":0,""def_pa_f"":0,""def_pa_g"":0,""def_retd"":0,""def_sack"":45.96,""def_safety"":0.5,""def_td"":2.22,""points"":106.25,""points_half"":106.25,""points_ppr"":106.25}"
8190,529,New Orleans Saints,DEF,DST,NO,105.63,calculated,105.64,105.64,105.64,"{""def_ff"":12.81,""def_fr"":8.97,""def_int"":13.88,""def_pa_a"":0,""def_pa_b"":0,""def_pa_c"":0,""def_pa_d"":0,""def_pa_e"":0,""def_pa_f"":0,""def_pa_g"":0,""def_retd"":0,""def_sack"":46.33,""def_safety"":0.17,""def_td"":2.21,""points"":105.64,""points_half"":105.64,""points_ppr"":105.64}"
8130,502,Indianapolis Colts,DEF,DST,IND,105.36,calculated,105.34,105.34,105.34,"{""def_ff"":16.35,""def_fr"":10.64,""def_int"":13.13,""def_pa_a"":0,""def_pa_b"":0,""def_pa_c"":0,""def_pa_d"":0,""def_pa_e"":0,""def_pa_f"":0,""def_pa_g"":0,""def_retd"":0,""def_sack"":43.78,""def_safety"":0.87,""def_td"":2.05,""points"":105.34,""points_half"":105.34,""points_ppr"":105.34}"
8110,523,Green Bay Packers,DEF,DST,GB,104.02,calculated,104.02,104.02,104.02,"{""def_ff"":13.29,""def_fr"":8.78,""def_int"":14.66,""def_pa_a"":0,""def_pa_b"":0,""def_pa_c"":0,""def_pa_d"":0,""def_pa_e"":0,""def_pa_f"":0,""def_pa_g"":0,""def_retd"":0,""def_sack"":42.34,""def_safety"":0.5,""def_td"":2.3,""points"":104.02,""points_half"":104.02,""points_ppr"":104.02}"
8140,509,Jacksonville Jaguars,DEF,DST,JAC,103.42,calculated,99.43,99.43,99.43,"{""def_ff"":15.79,""def_fr"":9.96,""def_int"":13.15,""def_pa_a"":0,""def_pa_b"":0,""def_pa_c"":0,""def_pa_d"":0,""def_pa_e"":0,""def_pa_f"":0,""def_pa_g"":0,""def_retd"":1,""def_sack"":39.28,""def_safety"":0,""def_td"":2.32,""points"":99.43,""points_half"":99.43,""points_ppr"":99.43}"
8120,532,Houston Texans,DEF,DST,HOU,103.36,calculated,103.34,103.34,103.34,"{""def_ff"":15.22,""def_fr"":10.52,""def_int"":13.76,""def_pa_a"":0,""def_pa_b"":0,""def_pa_c"":0,""def_pa_d"":0,""def_pa_e"":0,""def_pa_f"":0,""def_pa_g"":0,""def_retd"":0,""def_sack"":41.74,""def_safety"":0.53,""def_td"":2,""points"":103.34,""points_half"":103.34,""points_ppr"":103.34}"
8260,515,Seattle Seahawks,DEF,DST,SEA,103.2,calculated,103.21,103.21,103.21,"{""def_ff"":15.31,""def_fr"":9.71,""def_int"":13.35,""def_pa_a"":0,""def_pa_b"":0,""def_pa_c"":0,""def_pa_d"":0,""def_pa_e"":0,""def_pa_f"":0,""def_pa_g"":0,""def_retd"":0,""def_sack"":43.74,""def_safety"":0.7,""def_td"":1.99,""points"":103.21,""points_half"":103.21,""points_ppr"":103.21}"
8250,514,Los Angeles Chargers,DEF,DST,LAC,102.66,calculated,102.65,102.65,102.65,"{""def_ff"":15.01,""def_fr"":9.59,""def_int"":13.83,""def_pa_a"":0,""def_pa_b"":0,""def_pa_c"":0,""def_pa_d"":0,""def_pa_e"":0,""def_pa_f"":0,""def_pa_g"":0,""def_retd"":0,""def_sack"":42.52,""def_safety"":0.53,""def_td"":2.04,""points"":102.65,""points_half"":102.65,""points_ppr"":102.65}"
8090,511,Denver Broncos,DEF,DST,DEN,102.0,calculated,98,98,98,"{""def_ff"":14.52,""def_fr"":9.01,""def_int"":13.66,""def_pa_a"":0,""def_pa_b"":0,""def_pa_c"":0,""def_pa_d"":0,""def_pa_e"":0,""def_pa_f"":0,""def_pa_g"":0,""def_retd"":1,""def_sack"":41.42,""def_safety"":0.1,""def_td"":1.84,""points"":98,""points_half"":98,""points_ppr"":98}"
8290,525,Tampa Bay Buccaneers,DEF,DST,TB,100.7,calculated,100.69,100.69,100.69,"{""def_ff"":16.76,""def_fr"":10.79,""def_int"":11.7,""def_pa_a"":0,""def_pa_b"":0,""def_pa_c"":0,""def_pa_d"":0,""def_pa_e"":0,""def_pa_f"":0,""def_pa_g"":0,""def_retd"":0,""def_sack"":43.04,""def_safety"":0.07,""def_td"":2.09,""points"":100.69,""points_half"":100.69,""points_ppr"":100.69}"
8010,526,Atlanta Falcons,DEF,DST,ATL,100.49,calculated,96.46,96.46,96.46,"{""def_ff"":15.71,""def_fr"":9.73,""def_int"":13.7,""def_pa_a"":0,""def_pa_b"":0,""def_pa_c"":0,""def_pa_d"":0,""def_pa_e"":0,""def_pa_f"":0,""def_pa_g"":0,""def_retd"":1,""def_sack"":34.99,""def_safety"":0.57,""def_td"":2.25,""points"":96.46,""points_half"":96.46,""points_ppr"":96.46}"
8300,508,Tennessee Titans,DEF,DST,TEN,98.87,calculated,98.87,98.87,98.87,"{""def_ff"":12.27,""def_fr"":8.4,""def_int"":13.72,""def_pa_a"":0,""def_pa_b"":0,""def_pa_c"":0,""def_pa_d"":0,""def_pa_e"":0,""def_pa_f"":0,""def_pa_g"":0,""def_retd"":0,""def_sack"":40.99,""def_safety"":0.07,""def_td"":2.25,""points"":98.87,""points_half"":98.87,""points_ppr"":98.87}"
8060,506,Cincinnati Bengals,DEF,DST,CIN,98.38,calculated,98.37,98.37,98.37,"{""def_ff"":15.3,""def_fr"":9.8,""def_int"":13.36,""def_pa_a"":0,""def_pa_b"":0,""def_pa_c"":0,""def_pa_d"":0,""def_pa_e"":0,""def_pa_f"":0,""def_pa_g"":0,""def_retd"":0,""def_sack"":39.8,""def_safety"":0.07,""def_td"":2.02,""points"":98.37,""points_half"":98.37,""points_ppr"":98.37}"
8200,517,New York Giants,DEF,DST,NYG,98.31,calculated,98.31,98.31,98.31,"{""def_ff"":17.16,""def_fr"":10.05,""def_int"":12.49,""def_pa_a"":0,""def_pa_b"":0,""def_pa_c"":0,""def_pa_d"":0,""def_pa_e"":0,""def_pa_f"":0,""def_pa_g"":0,""def_retd"":0,""def_sack"":40.29,""def_safety"":0.5,""def_td"":1.99,""points"":98.31,""points_half"":98.31,""points_ppr"":98.31}"
8280,528,Los Angeles Rams,DEF,DST,LAR,98.2,calculated,98.24,98.24,98.24,"{""def_ff"":12.42,""def_fr"":8.41,""def_int"":13.07,""def_pa_a"":0,""def_pa_b"":0,""def_pa_c"":0,""def_pa_d"":0,""def_pa_e"":0,""def_pa_f"":0,""def_pa_g"":0,""def_retd"":0,""def_sack"":41.96,""def_safety"":0.13,""def_td"":2.17,""points"":98.24,""points_half"":98.24,""points_ppr"":98.24}"
8040,527,Carolina Panthers,DEF,DST,CAR,97.01,calculated,97,97,97,"{""def_ff"":12.47,""def_fr"":9.46,""def_int"":11.76,""def_pa_a"":0,""def_pa_b"":0,""def_pa_c"":0,""def_pa_d"":0,""def_pa_e"":0,""def_pa_f"":0,""def_pa_g"":0,""def_retd"":0,""def_sack"":40.65,""def_safety"":0.27,""def_td"":2.23,""points"":97,""points_half"":97,""points_ppr"":97}"
8050,521,Chicago Bears,DEF,DST,CHI,96.63,calculated,92.63,92.63,92.63,"{""def_ff"":14.31,""def_fr"":9.43,""def_int"":12.69,""def_pa_a"":0,""def_pa_b"":0,""def_pa_c"":0,""def_pa_d"":0,""def_pa_e"":0,""def_pa_f"":0,""def_pa_g"":0,""def_retd"":1,""def_sack"":35.43,""def_safety"":0.6,""def_td"":1.96,""points"":92.63,""points_half"":92.63,""points_ppr"":92.63}"
8000,519,Arizona Cardinals,DEF,DST,ARI,93.75,calculated,93.75,93.75,93.75,"{""def_ff"":14.28,""def_fr"":9.72,""def_int"":11.42,""def_pa_a"":0,""def_pa_b"":0,""def_pa_c"":0,""def_pa_d"":0,""def_pa_e"":0,""def_pa_f"":0,""def_pa_g"":0,""def_retd"":0,""def_sack"":39.39,""def_safety"":0.07,""def_td"":1.99,""points"":93.75,""points_half"":93.75,""points_ppr"":93.75}"
8220,513,Las Vegas Raiders,DEF,DST,LV,89.27,calculated,89.25,89.25,89.25,"{""def_ff"":13.88,""def_fr"":9.04,""def_int"":10.43,""def_pa_a"":0,""def_pa_b"":0,""def_pa_c"":0,""def_pa_d"":0,""def_pa_e"":0,""def_pa_f"":0,""def_pa_g"":0,""def_retd"":0,""def_sack"":36.01,""def_safety"":0.47,""def_td"":2.23,""points"":89.25,""points_half"":89.25,""points_ppr"":89.25}"
11465,10976,Justin Tucker,K,K,FA,129.67,conservative_partial,129.67,129.67,129.67,"{""fg"":29.37,""fga"":33.21,""points"":129.67,""points_half"":129.67,""points_ppr"":129.67,""xpt"":41.56}"
16712,13354,Harrison Butker,K,K,KC,129.17,conservative_partial,129.15,129.15,129.15,"{""fg"":26.92,""fga"":31.57,""points"":129.15,""points_half"":129.15,""points_ppr"":129.15,""xpt"":48.41}"
19760,14983,Tyler Bass,K,K,BUF,126.32,conservative_partial,126.32,126.32,126.32,"{""fg"":27.56,""fga"":32.19,""points"":126.32,""points_half"":126.32,""points_ppr"":126.32,""xpt"":43.64}"
23901,15979,Cameron Dicker,K,K,LAC,125.62,conservative_partial,125.6,125.6,125.6,"{""fg"":27.7,""fga"":32.12,""points"":125.6,""points_half"":125.6,""points_ppr"":125.6,""xpt"":42.52}"
16540,13303,Jake Elliott,K,K,PHI,124.52,conservative_partial,124.51,124.51,124.51,"{""fg"":25.96,""fga"":30.08,""points"":124.51,""points_half"":124.51,""points_ppr"":124.51,""xpt"":46.64}"
17420,13718,Daniel Carlson,K,K,LV,123.92,conservative_partial,123.91,123.91,123.91,"{""fg"":29.7,""fga"":32.98,""points"":123.91,""points_half"":123.91,""points_ppr"":123.91,""xpt"":34.82}"
16910,13403,Younghoe Koo,K,K,FA,123.45,conservative_partial,123.45,123.45,123.45,"{""fg"":29.31,""fga"":32.81,""points"":123.45,""points_half"":123.45,""points_ppr"":123.45,""xpt"":35.52}"
23297,15368,Evan McPherson,K,K,CIN,122.09,conservative_partial,122.07,122.07,122.07,"{""fg"":27.39,""fga"":32.16,""points"":122.07,""points_half"":122.07,""points_ppr"":122.07,""xpt"":39.92}"
14003,12437,Jason Myers,K,K,SEA,122.09,conservative_partial,122.07,122.07,122.07,"{""fg"":27.3,""fga"":31.22,""points"":122.07,""points_half"":122.07,""points_ppr"":122.07,""xpt"":40.19}"
17647,13898,Greg Joseph,K,K,FA,119.98,conservative_partial,119.98,119.98,119.98,"{""fg"":27.34,""fga"":32.84,""points"":119.98,""points_half"":119.98,""points_ppr"":119.98,""xpt"":37.96}"
24009,16286,Jake Moody,K,K,FA,119.69,conservative_partial,119.69,119.69,119.69,"{""fg"":26.77,""fga"":32.01,""points"":119.69,""points_half"":119.69,""points_ppr"":119.69,""xpt"":39.38}"
13274,11947,Brandon McManus,K,K,FA,119.02,conservative_partial,119.02,119.02,119.02,"{""fg"":28.37,""fga"":33.52,""points"":119.02,""points_half"":119.02,""points_ppr"":119.02,""xpt"":33.91}"
23370,15369,Riley Patterson,K,K,MIA,118.9,conservative_partial,118.9,118.9,118.9,"{""fg"":25.93,""fga"":30.46,""points"":118.9,""points_half"":118.9,""points_ppr"":118.9,""xpt"":41.11}"
11345,10868,Greg Zuerlein,K,K,FA,117.9,conservative_partial,117.89,117.89,117.89,"{""fg"":28.06,""fga"":34.35,""points"":117.89,""points_half"":117.89,""points_ppr"":117.89,""xpt"":33.72}"
26068,16414,Brandon Aubrey,K,K,DAL,117.08,conservative_partial,117.09,117.09,117.09,"{""fg"":26.2,""fga"":31.38,""points"":117.09,""points_half"":117.09,""points_ppr"":117.09,""xpt"":38.48}"
17533,13832,Jason Sanders,K,K,NYJ,116.94,conservative_partial,116.94,116.94,116.94,"{""fg"":26.73,""fga"":31.87,""points"":116.94,""points_half"":116.94,""points_ppr"":116.94,""xpt"":36.75}"
11818,11387,Dustin Hopkins,K,K,FA,115.38,conservative_partial,115.37,115.37,115.37,"{""fg"":25.42,""fga"":30.65,""points"":115.37,""points_half"":115.37,""points_ppr"":115.37,""xpt"":39.12}"
9232,9694,Graham Gano,K,K,FA,114.19,conservative_partial,114.18,114.18,114.18,"{""fg"":27.25,""fga"":30.24,""points"":114.18,""points_half"":114.18,""points_ppr"":114.18,""xpt"":32.44}"
13731,11945,Cairo Santos,K,K,CHI,112.84,conservative_partial,112.84,112.84,112.84,"{""fg"":26.48,""fga"":29.96,""points"":112.84,""points_half"":112.84,""points_ppr"":112.84,""xpt"":33.4}"
16026,12956,Wil Lutz,K,K,DEN,112.68,conservative_partial,112.67,112.67,112.67,"{""fg"":26.19,""fga"":32.27,""points"":112.67,""points_half"":112.67,""points_ppr"":112.67,""xpt"":34.11}"
13029,11936,Chris Boswell,K,K,PIT,112.62,conservative_partial,112.62,112.62,112.62,"{""fg"":27.08,""fga"":32.1,""points"":112.62,""points_half"":112.62,""points_ppr"":112.62,""xpt"":31.38}"
18545,14244,Matt Gay,K,K,LV,111.98,conservative_partial,111.98,111.98,111.98,"{""fg"":26.52,""fga"":29.8,""points"":111.98,""points_half"":111.98,""points_ppr"":111.98,""xpt"":32.42}"
15756,12860,Ka'imi Fairbairn,K,K,HOU,111.39,conservative_partial,111.4,111.4,111.4,"{""fg"":26.57,""fga"":30.52,""points"":111.4,""points_half"":111.4,""points_ppr"":111.4,""xpt"":31.68}"
25533,16444,Blake Grupe,K,K,IND,109.62,conservative_partial,109.62,109.62,109.62,"{""fg"":24.48,""fga"":29.39,""points"":109.62,""points_half"":109.62,""points_ppr"":109.62,""xpt"":36.18}"
17575,13719,Eddy Pineiro,K,K,SF,108.8,conservative_partial,108.8,108.8,108.8,"{""fg"":26.21,""fga"":29.68,""points"":108.8,""points_half"":108.8,""points_ppr"":108.8,""xpt"":30.17}"
9491,8851,Nick Folk,K,K,ATL,108.08,conservative_partial,108.07,108.07,108.07,"{""fg"":24.02,""fga"":28.44,""points"":108.07,""points_half"":108.07,""points_ppr"":108.07,""xpt"":36.02}"
25354,16292,Chad Ryland,K,K,ARI,107.62,conservative_partial,107.61,107.61,107.61,"{""fg"":25.36,""fga"":29.81,""points"":107.61,""points_half"":107.61,""points_ppr"":107.61,""xpt"":31.54}"
25465,16339,Anders Carlson,K,K,FA,107.13,conservative_partial,107.14,107.14,107.14,"{""fg"":23.87,""fga"":28.55,""points"":107.14,""points_half"":107.14,""points_ppr"":107.14,""xpt"":35.52}"
9443,8930,Matt Prater,K,K,FA,104.78,conservative_partial,104.78,104.78,104.78,"{""fg"":24.46,""fga"":28.53,""points"":104.78,""points_half"":104.78,""points_ppr"":104.78,""xpt"":31.4}"
19058,14717,Chase McLaughlin,K,K,TB,103.44,conservative_partial,103.43,103.43,103.43,"{""fg"":23.58,""fga"":28.02,""points"":103.43,""points_half"":103.43,""points_ppr"":103.43,""xpt"":32.7}"
19028,14600,Joey Slye,K,K,TEN,101.8,conservative_partial,101.78,101.78,101.78,"{""fg"":25.07,""fga"":29.63,""points"":101.78,""points_half"":101.78,""points_ppr"":101.78,""xpt"":26.59}"
25222,16043,Lucas Havrisik,K,K,FA,101.6,conservative_partial,101.6,101.6,101.6,"{""fg"":22.6,""fga"":26.7,""points"":101.6,""points_half"":101.6,""points_ppr"":101.6,""xpt"":33.8}"
12378,13909,Brett Maher,K,K,FA,76.69,conservative_partial,76.69,76.69,76.69,"{""fg"":18.94,""fga"":21.32,""points"":76.69,""points_half"":76.69,""points_ppr"":76.69,""xpt"":19.87}"
24549,15882,Cade York,K,K,NYJ,0.0,conservative_partial,0,0,0,"{""fg"":0,""fga"":0,""points"":0,""points_half"":0,""points_ppr"":0,""xpt"":0}"
9433,8742,Mason Crosby,K,K,FA,0.0,conservative_partial,0,0,0,"{""fg"":0,""fga"":0,""points"":0,""points_half"":0,""points_ppr"":0,""xpt"":0}"
17693,13980,Michael Badgley,K,K,FA,0.0,conservative_partial,0,0,0,"{""fg"":0,""fga"":0,""points"":0,""points_half"":0,""points_ppr"":0,""xpt"":0}"
11339,10862,Randy Bullock,K,K,FA,0.0,conservative_partial,0,0,0,"{""fg"":0,""fga"":0,""points"":0,""points_half"":0,""points_ppr"":0,""xpt"":0}"
19469,14912,Rodrigo Blankenship,K,K,FA,0.0,conservative_partial,0,0,0,"{""fg"":0,""fga"":0,""points"":0,""points_half"":0,""points_ppr"":0,""xpt"":0}"
9549,9686,Ryan Succop,K,K,FA,0.0,conservative_partial,0,0,0,"{""fg"":0,""fga"":0,""points"":0,""points_half"":0,""points_ppr"":0,""xpt"":0}"
17635,,Tyler Davis,K,K,FA,0.0,conservative_partial,0,0,0,"{""fg"":0,""fga"":0,""points"":0,""points_half"":0,""points_ppr"":0,""xpt"":0}"
17298,13589,Josh Allen,QB,QB,BUF,426.94,calculated,385.99,385.99,385.99,"{""2pt_tds"":4.09,""fumbles"":4.61,""pass_att"":577.94,""pass_cmp"":365.04,""pass_ints"":14.71,""pass_tds"":32.79,""pass_yds"":4319.91,""pass_yds_300"":6,""pass_yds_400"":2.5,""points"":385.99,""points_half"":385.99,""points_ppr"":385.99,""ret_tds"":0,""rush_att"":116.71,""rush_tds"":7.13,""rush_yds"":631.64,""rush_yds_100"":0.3,""rush_yds_200"":0,""scrimage_yards_100"":0.3,""scrimage_yards_200"":0}"
16413,13116,Patrick Mahomes II,QB,QB,KC,404.645,calculated,368.29,368.29,368.29,"{""2pt_tds"":0,""fumbles"":2.42,""pass_att"":609.26,""pass_cmp"":405.27,""pass_ints"":11.37,""pass_tds"":36.34,""pass_yds"":4660.51,""pass_yds_300"":7.2,""pass_yds_400"":2.4,""points"":368.29,""points_half"":368.29,""points_ppr"":368.29,""ret_tds"":0,""rush_att"":64.83,""rush_tds"":2.72,""rush_yds"":364.15,""rush_yds_100"":0.5,""rush_yds_200"":0,""scrimage_yards_100"":0.5,""scrimage_yards_200"":0}"
19275,14783,Jalen Hurts,QB,QB,PHI,402.501,calculated,377.26,377.26,377.26,"{""2pt_tds"":1,""fumbles"":3.86,""pass_att"":495.94,""pass_cmp"":319.3,""pass_ints"":10.22,""pass_tds"":23.24,""pass_yds"":3812.57,""pass_yds_300"":4.6,""pass_yds_400"":1.8,""points"":377.26,""points_half"":377.26,""points_ppr"":377.26,""ret_tds"":0,""rush_att"":157.8,""rush_tds"":12.49,""rush_yds"":747.98,""rush_yds_100"":1.3,""rush_yds_200"":0,""scrimage_yards_100"":1.3,""scrimage_yards_200"":0}"
17233,13593,Lamar Jackson,QB,QB,BAL,376.886,calculated,348.65,348.65,348.65,"{""2pt_tds"":1,""fumbles"":4.11,""pass_att"":481.75,""pass_cmp"":305.91,""pass_ints"":10.83,""pass_tds"":26.19,""pass_yds"":3522.21,""pass_yds_300"":2.2,""pass_yds_400"":0.3,""points"":348.65,""points_half"":348.65,""points_ppr"":348.65,""ret_tds"":0,""rush_att"":148.5,""rush_tds"":5.19,""rush_yds"":909.58,""rush_yds_100"":3.8,""rush_yds_200"":0.1,""scrimage_yards_100"":3.8,""scrimage_yards_200"":0.1}"
15600,12620,Dak Prescott,QB,QB,DAL,347.743,calculated,311.3,311.3,311.3,"{""2pt_tds"":3.06,""fumbles"":3.16,""pass_att"":558.01,""pass_cmp"":368.9,""pass_ints"":12.92,""pass_tds"":30.36,""pass_yds"":4237.29,""pass_yds_300"":7.2,""pass_yds_400"":3,""points"":311.3,""points_half"":311.3,""points_ppr"":311.3,""ret_tds"":0,""rush_att"":59.03,""rush_tds"":2.56,""rush_yds"":242.11,""rush_yds_100"":0,""rush_yds_200"":0,""scrimage_yards_100"":0,""scrimage_yards_200"":0}"
19781,15238,Justin Fields,QB,QB,KC,337.755,calculated,314.96,314.96,314.96,"{""2pt_tds"":1,""fumbles"":4.1,""pass_att"":419.16,""pass_cmp"":259.64,""pass_ints"":12.5,""pass_tds"":20.76,""pass_yds"":2944.85,""pass_yds_300"":0.2,""pass_yds_400"":0,""points"":314.96,""points_half"":314.96,""points_ppr"":314.96,""ret_tds"":0,""rush_att"":154.13,""rush_tds"":6.41,""rush_yds"":964.01,""rush_yds_100"":4.6,""rush_yds_200"":0.8,""scrimage_yards_100"":4.6,""scrimage_yards_200"":0.8}"
19196,14777,Joe Burrow,QB,QB,CIN,334.691,calculated,305.31,305.31,305.31,"{""2pt_tds"":0,""fumbles"":2.25,""pass_att"":605.76,""pass_cmp"":410.52,""pass_ints"":11.71,""pass_tds"":29.35,""pass_yds"":4109.25,""pass_yds_300"":0,""pass_yds_400"":0,""points"":305.31,""points_half"":305.31,""points_ppr"":305.31,""ret_tds"":0,""rush_att"":64.59,""rush_tds"":3.04,""rush_yds"":215.41,""rush_yds_100"":0,""rush_yds_200"":0,""scrimage_yards_100"":0,""scrimage_yards_200"":0}"
18635,14779,Justin Herbert,QB,QB,LAC,331.011,calculated,301.24,301.24,301.24,"{""2pt_tds"":1,""fumbles"":2.27,""pass_att"":636.54,""pass_cmp"":428.71,""pass_ints"":11,""pass_tds"":27.75,""pass_yds"":4307.31,""pass_yds_300"":0,""pass_yds_400"":0,""points"":301.24,""points_half"":301.24,""points_ppr"":301.24,""ret_tds"":0,""rush_att"":57.43,""rush_tds"":1.86,""rush_yds"":223.49,""rush_yds_100"":0,""rush_yds_200"":0,""scrimage_yards_100"":0,""scrimage_yards_200"":0}"
19198,14778,Tua Tagovailoa,QB,QB,ATL,326.837,calculated,293.3,293.3,293.3,"{""2pt_tds"":2,""fumbles"":2.86,""pass_att"":541.93,""pass_cmp"":356.8,""pass_ints"":12.5,""pass_tds"":29.53,""pass_yds"":4313.11,""pass_yds_300"":7,""pass_yds_400"":3.1,""points"":293.3,""points_half"":293.3,""points_ppr"":293.3,""ret_tds"":0,""rush_att"":42.53,""rush_tds"":1.42,""rush_yds"":123.63,""rush_yds_100"":0,""rush_yds_200"":0,""scrimage_yards_100"":0,""scrimage_yards_200"":0}"
19780,15237,Trevor Lawrence,QB,QB,JAC,326.279,calculated,294.28,294.28,294.28,"{""2pt_tds"":3.16,""fumbles"":6.58,""pass_att"":577.78,""pass_cmp"":377.9,""pass_ints"":11.81,""pass_tds"":25.67,""pass_yds"":4057.4,""pass_yds_300"":5.4,""pass_yds_400"":1.2,""points"":294.28,""points_half"":294.28,""points_ppr"":294.28,""ret_tds"":0,""rush_att"":62.3,""rush_tds"":4.08,""rush_yds"":298.03,""rush_yds_100"":0,""rush_yds_200"":0,""scrimage_yards_100"":0,""scrimage_yards_200"":0}"
15501,12611,Jared Goff,QB,QB,DET,322.197,calculated,283.05,283.05,283.05,"{""2pt_tds"":5.16,""fumbles"":4.26,""pass_att"":574.88,""pass_cmp"":378.29,""pass_ints"":11.15,""pass_tds"":28.81,""pass_yds"":4317.62,""pass_yds_300"":7.1,""pass_yds_400"":2.9,""points"":283.05,""points_half"":283.05,""points_ppr"":283.05,""ret_tds"":0,""rush_att"":31.65,""rush_tds"":1.25,""rush_yds"":72.92,""rush_yds_100"":0,""rush_yds_200"":0,""scrimage_yards_100"":0,""scrimage_yards_200"":0}"
11687,11150,Geno Smith,QB,QB,NYJ,310.46,calculated,282.65,282.65,282.65,"{""2pt_tds"":1.06,""fumbles"":3.61,""pass_att"":545.49,""pass_cmp"":371.48,""pass_ints"":10.95,""pass_tds"":25.66,""pass_yds"":3957.54,""pass_yds_300"":4.4,""pass_yds_400"":0.9,""points"":282.65,""points_half"":282.65,""points_ppr"":282.65,""ret_tds"":0,""rush_att"":61.88,""rush_tds"":1.87,""rush_yds"":286.88,""rush_yds_100"":0.4,""rush_yds_200"":0,""scrimage_yards_100"":0.4,""scrimage_yards_200"":0}"
11180,10703,Russell Wilson,QB,QB,FA,306.471,calculated,277.78,277.78,277.78,"{""2pt_tds"":2,""fumbles"":3.25,""pass_att"":513.53,""pass_cmp"":323.88,""pass_ints"":10.54,""pass_tds"":24.68,""pass_yds"":3684.84,""pass_yds_300"":3.7,""pass_yds_400"":0.6,""points"":277.78,""points_half"":277.78,""points_ppr"":277.78,""ret_tds"":0,""rush_att"":63.84,""rush_tds"":2.75,""rush_yds"":322.17,""rush_yds_100"":0,""rush_yds_200"":0,""scrimage_yards_100"":0,""scrimage_yards_200"":0}"
9001,7836,Aaron Rodgers,QB,QB,PIT,305.619,calculated,278.35,278.35,278.35,"{""2pt_tds"":0,""fumbles"":3.33,""pass_att"":576.14,""pass_cmp"":370.23,""pass_ints"":8.62,""pass_tds"":27.27,""pass_yds"":4105.12,""pass_yds_300"":0,""pass_yds_400"":0,""points"":278.35,""points_half"":278.35,""points_ppr"":278.35,""ret_tds"":0,""rush_att"":35.31,""rush_tds"":1.41,""rush_yds"":118.84,""rush_yds_100"":0,""rush_yds_200"":0,""scrimage_yards_100"":0,""scrimage_yards_200"":0}"
19246,14782,Jordan Love,QB,QB,GB,303.016,calculated,272.55,272.55,272.55,"{""2pt_tds"":2.09,""fumbles"":2.95,""pass_att"":554.2,""pass_cmp"":352.52,""pass_ints"":14.2,""pass_tds"":26.28,""pass_yds"":3977.06,""pass_yds_300"":6.8,""pass_yds_400"":1.5,""points"":272.55,""points_half"":272.55,""points_ppr"":272.55,""ret_tds"":0,""rush_att"":44.37,""rush_tds"":1.83,""rush_yds"":174.74,""rush_yds_100"":0,""rush_yds_200"":0,""scrimage_yards_100"":0,""scrimage_yards_200"":0}"
11177,10700,Kirk Cousins,QB,QB,LV,296.553,calculated,269.02,269.02,269.02,"{""2pt_tds"":0,""fumbles"":3.74,""pass_att"":614.29,""pass_cmp"":407.31,""pass_ints"":11.04,""pass_tds"":27.53,""pass_yds"":4047.02,""pass_yds_300"":0,""pass_yds_400"":0,""points"":269.02,""points_half"":269.02,""points_ppr"":269.02,""ret_tds"":0,""rush_att"":29.11,""rush_tds"":1.19,""rush_yds"":84.02,""rush_yds_100"":0,""rush_yds_200"":0,""scrimage_yards_100"":0,""scrimage_yards_200"":0}"
16398,13113,Deshaun Watson,QB,QB,CLE,289.805,calculated,263.2,263.2,263.2,"{""2pt_tds"":3,""fumbles"":2.13,""pass_att"":512.69,""pass_cmp"":327.11,""pass_ints"":9.98,""pass_tds"":20.57,""pass_yds"":3275.45,""pass_yds_300"":0,""pass_yds_400"":0,""points"":263.2,""points_half"":263.2,""points_ppr"":263.2,""ret_tds"":0,""rush_att"":102.14,""rush_tds"":3.53,""rush_yds"":429.97,""rush_yds_100"":0,""rush_yds_200"":0,""scrimage_yards_100"":0,""scrimage_yards_200"":0}"
19797,15698,Brock Purdy,QB,QB,SF,289.026,calculated,263.03,263.03,263.03,"{""2pt_tds"":0,""fumbles"":1.73,""pass_att"":449.65,""pass_cmp"":293.44,""pass_ints"":9.85,""pass_tds"":25.98,""pass_yds"":3630.15,""pass_yds_300"":3.8,""pass_yds_400"":1.4,""points"":263.03,""points_half"":263.03,""points_ppr"":263.03,""ret_tds"":0,""rush_att"":38.59,""rush_tds"":2.6,""rush_yds"":116.3,""rush_yds_100"":0,""rush_yds_200"":0,""scrimage_yards_100"":0,""scrimage_yards_200"":0}"
9451,9431,Matthew Stafford,QB,QB,LAR,279.068,calculated,250.84,250.84,250.84,"{""2pt_tds"":2,""fumbles"":2.83,""pass_att"":528.11,""pass_cmp"":350.96,""pass_ints"":13.21,""pass_tds"":24.22,""pass_yds"":4034.9,""pass_yds_300"":6.3,""pass_yds_400"":2.5,""points"":250.84,""points_half"":250.84,""points_ppr"":250.84,""ret_tds"":0,""rush_att"":30.06,""rush_tds"":0.71,""rush_yds"":71.82,""rush_yds_100"":0,""rush_yds_200"":0,""scrimage_yards_100"":0,""scrimage_yards_200"":0}"
12092,11644,Derek Carr,QB,QB,FA,278.037,calculated,250.23,250.23,250.23,"{""2pt_tds"":2,""fumbles"":3.24,""pass_att"":512.78,""pass_cmp"":337.8,""pass_ints"":11.22,""pass_tds"":23.79,""pass_yds"":3919.2,""pass_yds_300"":5.9,""pass_yds_400"":2,""points"":250.23,""points_half"":250.23,""points_ppr"":250.23,""ret_tds"":0,""rush_att"":34.57,""rush_tds"":0.84,""rush_yds"":109.79,""rush_yds_100"":0,""rush_yds_200"":0,""scrimage_yards_100"":0,""scrimage_yards_200"":0}"
23045,15693,Sam Howell,QB,QB,DAL,277.647,calculated,252.12,252.12,252.12,"{""2pt_tds"":2,""fumbles"":2.75,""pass_att"":526.8,""pass_cmp"":330.08,""pass_ints"":15.17,""pass_tds"":21.53,""pass_yds"":3704.48,""pass_yds_300"":6.2,""pass_yds_400"":1.3,""points"":252.12,""points_half"":252.12,""points_ppr"":252.12,""ret_tds"":0,""rush_att"":56.87,""rush_tds"":2.41,""rush_yds"":240.28,""rush_yds_100"":0,""rush_yds_200"":0,""scrimage_yards_100"":0,""scrimage_yards_200"":0}"
23071,16150,C.J. Stroud,QB,QB,HOU,271.069,calculated,245.63,245.63,245.63,"{""2pt_tds"":2.06,""fumbles"":3.32,""pass_att"":528.11,""pass_cmp"":333.77,""pass_ints"":12.3,""pass_tds"":21.3,""pass_yds"":3634.71,""pass_yds_300"":3.9,""pass_yds_400"":0.5,""points"":245.63,""points_half"":245.63,""points_ppr"":245.63,""ret_tds"":0,""rush_att"":56.28,""rush_tds"":2.01,""rush_yds"":219.41,""rush_yds_100"":0,""rush_yds_200"":0,""scrimage_yards_100"":0,""scrimage_yards_200"":0}"
18232,14059,Daniel Jones,QB,QB,IND,265.996,calculated,248.85,248.85,248.85,"{""2pt_tds"":0,""fumbles"":2.84,""pass_att"":521.28,""pass_cmp"":339.72,""pass_ints"":8.68,""pass_tds"":17.15,""pass_yds"":2952.89,""pass_yds_300"":0,""pass_yds_400"":0,""points"":248.85,""points_half"":248.85,""points_ppr"":248.85,""ret_tds"":0,""rush_att"":114.14,""rush_tds"":3.79,""rush_yds"":537.5,""rush_yds_100"":0,""rush_yds_200"":0,""scrimage_yards_100"":0,""scrimage_yards_200"":0}"
24347,16152,Anthony Richardson Sr.,QB,QB,IND,260.226,calculated,242.46,242.46,242.46,"{""2pt_tds"":2,""fumbles"":1.94,""pass_att"":464.85,""pass_cmp"":282.96,""pass_ints"":10.76,""pass_tds"":13.79,""pass_yds"":2520.04,""pass_yds_300"":0,""pass_yds_400"":0,""points"":242.46,""points_half"":242.46,""points_ppr"":242.46,""ret_tds"":0,""rush_att"":157.44,""rush_tds"":5.23,""rush_yds"":697.34,""rush_yds_100"":0,""rush_yds_200"":0,""scrimage_yards_100"":0,""scrimage_yards_200"":0}"
17237,13590,Baker Mayfield,QB,QB,TB,257.308,calculated,227.87,227.87,227.87,"{""2pt_tds"":4,""fumbles"":3.02,""pass_att"":498.77,""pass_cmp"":309.6,""pass_ints"":11.85,""pass_tds"":21.44,""pass_yds"":3473.38,""pass_yds_300"":4.9,""pass_yds_400"":1.2,""points"":227.87,""points_half"":227.87,""points_ppr"":227.87,""ret_tds"":0,""rush_att"":36.22,""rush_tds"":1.34,""rush_yds"":130.23,""rush_yds_100"":0,""rush_yds_200"":0,""scrimage_yards_100"":0,""scrimage_yards_200"":0}"
22900,16148,Bryce Young,QB,QB,CAR,251.247,calculated,227.68,227.68,227.68,"{""2pt_tds"":2,""fumbles"":3.67,""pass_att"":535.6,""pass_cmp"":334.78,""pass_ints"":12.92,""pass_tds"":19.58,""pass_yds"":3584.33,""pass_yds_300"":5,""pass_yds_400"":0.9,""points"":227.68,""points_half"":227.68,""points_ppr"":227.68,""ret_tds"":0,""rush_att"":46.22,""rush_tds"":1.19,""rush_yds"":190.94,""rush_yds_100"":0,""rush_yds_200"":0,""scrimage_yards_100"":0,""scrimage_yards_200"":0}"
22722,15692,Kenny Pickett,QB,QB,CAR,248.615,calculated,230.91,230.91,230.91,"{""2pt_tds"":1,""fumbles"":1.31,""pass_att"":501.83,""pass_cmp"":317.72,""pass_ints"":10.47,""pass_tds"":15.71,""pass_yds"":3088.06,""pass_yds_300"":1.2,""pass_yds_400"":0.1,""points"":230.91,""points_half"":230.91,""points_ppr"":230.91,""ret_tds"":0,""rush_att"":67.04,""rush_tds"":3.27,""rush_yds"":380.13,""rush_yds_100"":3.5,""rush_yds_200"":1.6,""scrimage_yards_100"":3.5,""scrimage_yards_200"":1.6}"
20156,15241,Mac Jones,QB,QB,SF,234.154,calculated,213.22,213.22,213.22,"{""2pt_tds"":1.01,""fumbles"":2.42,""pass_att"":519.41,""pass_cmp"":343.62,""pass_ints"":13.26,""pass_tds"":18.91,""pass_yds"":3405.6,""pass_yds_300"":4.8,""pass_yds_400"":1.7,""points"":213.22,""points_half"":213.22,""points_ppr"":213.22,""ret_tds"":0,""rush_att"":52.53,""rush_tds"":0.92,""rush_yds"":139.4,""rush_yds_100"":0,""rush_yds_200"":0,""scrimage_yards_100"":0,""scrimage_yards_200"":0}"
18600,14056,Kyler Murray,QB,QB,MIN,233.364,calculated,210.92,210.92,210.92,"{""2pt_tds"":4.16,""fumbles"":1.75,""pass_att"":416.12,""pass_cmp"":273.41,""pass_ints"":9.02,""pass_tds"":14.11,""pass_yds"":2651.95,""pass_yds_300"":3.3,""pass_yds_400"":0.4,""points"":210.92,""points_half"":210.92,""points_ppr"":210.92,""ret_tds"":0,""rush_att"":77.4,""rush_tds"":3.37,""rush_yds"":407.16,""rush_yds_100"":0.4,""rush_yds_200"":0,""scrimage_yards_100"":0.4,""scrimage_yards_200"":0}"
12208,11760,Jimmy Garoppolo,QB,QB,LAR,230.519,calculated,208.66,208.66,208.66,"{""2pt_tds"":1,""fumbles"":2.11,""pass_att"":492.15,""pass_cmp"":325.91,""pass_ints"":11.76,""pass_tds"":19.86,""pass_yds"":3279,""pass_yds_300"":3.6,""pass_yds_400"":0.6,""points"":208.66,""points_half"":208.66,""points_ppr"":208.66,""ret_tds"":0,""rush_att"":30.51,""rush_tds"":1.36,""rush_yds"":58.79,""rush_yds_100"":0,""rush_yds_200"":0,""scrimage_yards_100"":0,""scrimage_yards_200"":0}"
20080,15697,Desmond Ridder,QB,QB,FA,225.721,calculated,201.88,201.88,201.88,"{""2pt_tds"":3,""fumbles"":4.64,""pass_att"":456.61,""pass_cmp"":283.31,""pass_ints"":10.85,""pass_tds"":17.84,""pass_yds"":3062.67,""pass_yds_300"":4.5,""pass_yds_400"":0.8,""points"":201.88,""points_half"":201.88,""points_ppr"":201.88,""ret_tds"":0,""rush_att"":40.1,""rush_tds"":2.03,""rush_yds"":159.64,""rush_yds_100"":0,""rush_yds_200"":0,""scrimage_yards_100"":0,""scrimage_yards_200"":0}"
11174,10697,Ryan Tannehill,QB,QB,FA,215.939,calculated,199.74,199.74,199.74,"{""2pt_tds"":0.03,""fumbles"":2.16,""pass_att"":446.67,""pass_cmp"":290.4,""pass_ints"":10.59,""pass_tds"":16.18,""pass_yds"":3029.5,""pass_yds_300"":1.7,""pass_yds_400"":0.2,""points"":199.74,""points_half"":199.74,""points_ppr"":199.74,""ret_tds"":0,""rush_att"":41.65,""rush_tds"":2.24,""rush_yds"":152.69,""rush_yds_100"":0,""rush_yds_200"":0,""scrimage_yards_100"":0,""scrimage_yards_200"":0}"
24330,16159,Aidan O'Connell,QB,QB,LV,145.556,calculated,131.53,131.53,131.53,"{""2pt_tds"":1,""fumbles"":1.87,""pass_att"":301.65,""pass_cmp"":190.55,""pass_ints"":8.47,""pass_tds"":12.03,""pass_yds"":2153.33,""pass_yds_300"":4,""pass_yds_400"":0.6,""points"":131.53,""points_half"":131.53,""points_ppr"":131.53,""ret_tds"":0,""rush_att"":23.7,""rush_tds"":0.87,""rush_yds"":42.63,""rush_yds_100"":0,""rush_yds_200"":0,""scrimage_yards_100"":0,""scrimage_yards_200"":0}"
22679,15239,Zach Wilson,QB,QB,NO,140.717,calculated,126.15,126.15,126.15,"{""2pt_tds"":3,""fumbles"":2.86,""pass_att"":217.15,""pass_cmp"":122.88,""pass_ints"":6.8,""pass_tds"":8.56,""pass_yds"":1759.4,""pass_yds_300"":2.5,""pass_yds_400"":0.4,""points"":126.15,""points_half"":126.15,""points_ppr"":126.15,""ret_tds"":0,""rush_att"":20.75,""rush_tds"":1.6,""rush_yds"":244.61,""rush_yds_100"":1.6,""rush_yds_200"":0.5,""scrimage_yards_100"":1.6,""scrimage_yards_200"":0.5}"
16417,13119,Joshua Dobbs,QB,QB,DET,137.454,calculated,119.68,119.68,119.68,"{""2pt_tds"":4.03,""fumbles"":3.44,""pass_att"":244.34,""pass_cmp"":153.76,""pass_ints"":7.82,""pass_tds"":9.69,""pass_yds"":1791.84,""pass_yds_300"":4.9,""pass_yds_400"":0.8,""points"":119.68,""points_half"":119.68,""points_ppr"":119.68,""ret_tds"":0,""rush_att"":23.43,""rush_tds"":1.65,""rush_yds"":140.7,""rush_yds_100"":0,""rush_yds_200"":0,""scrimage_yards_100"":0,""scrimage_yards_200"":0}"
18562,14067,Gardner Minshew II,QB,QB,ARI,114.838,calculated,102.27,102.27,102.27,"{""2pt_tds"":2,""fumbles"":3.44,""pass_att"":157.62,""pass_cmp"":102.57,""pass_ints"":4.39,""pass_tds"":8.58,""pass_yds"":1629.19,""pass_yds_300"":4.2,""pass_yds_400"":1.8,""points"":102.27,""points_half"":102.27,""points_ppr"":102.27,""ret_tds"":0,""rush_att"":21.81,""rush_tds"":0.87,""rush_yds"":88.2,""rush_yds_100"":0,""rush_yds_200"":0,""scrimage_yards_100"":0,""scrimage_yards_200"":0}"
9702,9899,Colt McCoy,QB,QB,FA,113.581,calculated,104.52,104.52,104.52,"{""2pt_tds"":0.39,""fumbles"":0.27,""pass_att"":0,""pass_cmp"":0,""pass_ints"":6.19,""pass_tds"":8.28,""pass_yds"":1616.85,""pass_yds_300"":0,""pass_yds_400"":0,""points"":104.52,""points_half"":104.52,""points_ppr"":104.52,""ret_tds"":0,""rush_att"":0,""rush_tds"":0.77,""rush_yds"":88.37,""rush_yds_100"":0,""rush_yds_200"":0,""scrimage_yards_100"":0,""scrimage_yards_200"":0}"
18557,14358,Jake Browning,QB,QB,TB,106.856,calculated,97.54,97.54,97.54,"{""2pt_tds"":1.08,""fumbles"":0.95,""pass_att"":178.44,""pass_cmp"":112.5,""pass_ints"":5.49,""pass_tds"":7.18,""pass_yds"":1434.67,""pass_yds_300"":1.7,""pass_yds_400"":0.2,""points"":97.54,""points_half"":97.54,""points_ppr"":97.54,""ret_tds"":0,""rush_att"":26.4,""rush_tds"":1.36,""rush_yds"":106.39,""rush_yds_100"":0,""rush_yds_200"":0,""scrimage_yards_100"":0,""scrimage_yards_200"":0}"
22987,16149,Will Levis,QB,QB,TEN,99.24,calculated,89.49,89.49,89.49,"{""2pt_tds"":1,""fumbles"":2.1,""pass_att"":188.91,""pass_cmp"":120.95,""pass_ints"":4.39,""pass_tds"":7.76,""pass_yds"":1438.64,""pass_yds_300"":3.7,""pass_yds_400"":0.5,""points"":89.49,""points_half"":89.49,""points_ppr"":89.49,""ret_tds"":0,""rush_att"":19.18,""rush_tds"":0.6,""rush_yds"":58.84,""rush_yds_100"":0,""rush_yds_200"":0,""scrimage_yards_100"":0,""scrimage_yards_200"":0}"
25746,16441,Tommy DeVito,QB,QB,NE,90.144,calculated,85.51,85.51,85.51,"{""2pt_tds"":0,""fumbles"":1.46,""pass_att"":254.6,""pass_cmp"":161.4,""pass_ints"":4.62,""pass_tds"":4.63,""pass_yds"":1373.92,""pass_yds_300"":0,""pass_yds_400"":0,""points"":85.51,""points_half"":85.51,""points_ppr"":85.51,""ret_tds"":0,""rush_att"":41.3,""rush_tds"":0.51,""rush_yds"":165.17,""rush_yds_100"":0,""rush_yds_200"":0,""scrimage_yards_100"":0,""scrimage_yards_200"":0}"
13932,12476,Taylor Heinicke,QB,QB,FA,89.121,calculated,81.99,81.99,81.99,"{""2pt_tds"":0,""fumbles"":1.54,""pass_att"":172.92,""pass_cmp"":109.84,""pass_ints"":4.94,""pass_tds"":7.14,""pass_yds"":1174.77,""pass_yds_300"":2,""pass_yds_400"":0.2,""points"":81.99,""points_half"":81.99,""points_ppr"":81.99,""ret_tds"":0,""rush_att"":25.66,""rush_tds"":0.65,""rush_yds"":105.5,""rush_yds_100"":0,""rush_yds_200"":0,""scrimage_yards_100"":0,""scrimage_yards_200"":0}"
9300,9064,Joe Flacco,QB,QB,CIN,75.777,calculated,67.28,67.28,67.28,"{""2pt_tds"":1,""fumbles"":1.35,""pass_att"":137.7,""pass_cmp"":81.7,""pass_ints"":6.9,""pass_tds"":6.5,""pass_yds"":1190.55,""pass_yds_300"":0,""pass_yds_400"":0,""points"":67.28,""points_half"":67.28,""points_ppr"":67.28,""ret_tds"":0,""rush_att"":23.7,""rush_tds"":0.1,""rush_yds"":26.55,""rush_yds_100"":0,""rush_yds_200"":0,""scrimage_yards_100"":0,""scrimage_yards_200"":0}"
24027,15696,Bailey Zappe,QB,QB,NYJ,60.063,calculated,56.08,56.08,56.08,"{""2pt_tds"":0,""fumbles"":1.6,""pass_att"":170.15,""pass_cmp"":101.25,""pass_ints"":7.33,""pass_tds"":4,""pass_yds"":1086.5,""pass_yds_300"":0,""pass_yds_400"":0,""points"":56.08,""points_half"":56.08,""points_ppr"":56.08,""ret_tds"":0,""rush_att"":18.65,""rush_tds"":0.33,""rush_yds"":51.53,""rush_yds_100"":0,""rush_yds_200"":0,""scrimage_yards_100"":0,""scrimage_yards_200"":0}"
10007,10413,Tyrod Taylor,QB,QB,GB,51.749,calculated,46.89,46.89,46.89,"{""2pt_tds"":1,""fumbles"":0.36,""pass_att"":65.87,""pass_cmp"":42.67,""pass_ints"":2.34,""pass_tds"":2.84,""pass_yds"":659.4,""pass_yds_300"":0,""pass_yds_400"":0,""points"":46.89,""points_half"":46.89,""points_ppr"":46.89,""ret_tds"":0,""rush_att"":15.03,""rush_tds"":0.13,""rush_yds"":114.53,""rush_yds_100"":0,""rush_yds_200"":0,""scrimage_yards_100"":0,""scrimage_yards_200"":0}"
19800,15242,Kyle Trask,QB,QB,CAR,44.635,calculated,41.39,41.39,41.39,"{""2pt_tds"":0,""fumbles"":0.88,""pass_att"":145.93,""pass_cmp"":88.14,""pass_ints"":3.73,""pass_tds"":3.26,""pass_yds"":744.99,""pass_yds_300"":0,""pass_yds_400"":0,""points"":41.39,""points_half"":41.39,""points_ppr"":41.39,""ret_tds"":0,""rush_att"":10.52,""rush_tds"":0.16,""rush_yds"":30.65,""rush_yds_100"":0,""rush_yds_200"":0,""scrimage_yards_100"":0,""scrimage_yards_200"":0}"
15642,12616,Jacoby Brissett,QB,QB,ARI,44.148,calculated,41.37,41.37,41.37,"{""2pt_tds"":0,""fumbles"":1.14,""pass_att"":145.48,""pass_cmp"":82.1,""pass_ints"":2.15,""pass_tds"":2.78,""pass_yds"":690.07,""pass_yds_300"":0,""pass_yds_400"":0,""points"":41.37,""points_half"":41.37,""points_ppr"":41.37,""ret_tds"":0,""rush_att"":19.23,""rush_tds"":0.33,""rush_yds"":50.95,""rush_yds_100"":0,""rush_yds_200"":0,""scrimage_yards_100"":0,""scrimage_yards_200"":0}"
17236,13592,Sam Darnold,QB,QB,SEA,43.389,calculated,40.44,40.44,40.44,"{""2pt_tds"":0,""fumbles"":1.64,""pass_att"":125.99,""pass_cmp"":74.75,""pass_ints"":3.94,""pass_tds"":2.93,""pass_yds"":686.69,""pass_yds_300"":0,""pass_yds_400"":0,""points"":40.44,""points_half"":40.44,""points_ppr"":40.44,""ret_tds"":0,""rush_att"":17.27,""rush_tds"":0.54,""rush_yds"":52.51,""rush_yds_100"":0,""rush_yds_200"":0,""scrimage_yards_100"":0,""scrimage_yards_200"":0}"
18446,14069,Easton Stick,QB,QB,IND,39.364,calculated,37.74,37.74,37.74,"{""2pt_tds"":0,""fumbles"":1.9,""pass_att"":74.54,""pass_cmp"":46.55,""pass_ints"":2.13,""pass_tds"":1.66,""pass_yds"":680.78,""pass_yds_300"":0,""pass_yds_400"":0,""points"":37.74,""points_half"":37.74,""points_ppr"":37.74,""ret_tds"":0,""rush_att"":12.58,""rush_tds"":0.4,""rush_yds"":73.63,""rush_yds_100"":0,""rush_yds_200"":0,""scrimage_yards_100"":0,""scrimage_yards_200"":0}"
16726,13968,Nick Mullens,QB,QB,JAC,36.543,calculated,33.46,33.46,33.46,"{""2pt_tds"":0,""fumbles"":0.71,""pass_att"":58.38,""pass_cmp"":44.02,""pass_ints"":3.75,""pass_tds"":3.05,""pass_yds"":621.87,""pass_yds_300"":0,""pass_yds_400"":0,""points"":33.46,""points_half"":33.46,""points_ppr"":33.46,""ret_tds"":0,""rush_att"":6.15,""rush_tds"":0.03,""rush_yds"":14.08,""rush_yds_100"":0,""rush_yds_200"":0,""scrimage_yards_100"":0,""scrimage_yards_200"":0}"
16381,13115,Mitchell Trubisky,QB,QB,TEN,36.427,calculated,32.26,32.26,32.26,"{""2pt_tds"":1,""fumbles"":0.52,""pass_att"":69.85,""pass_cmp"":46.48,""pass_ints"":2.68,""pass_tds"":2.16,""pass_yds"":494.19,""pass_yds_300"":0,""pass_yds_400"":0,""points"":32.26,""points_half"":32.26,""points_ppr"":32.26,""ret_tds"":0,""rush_att"":10.27,""rush_tds"":0.62,""rush_yds"":38.59,""rush_yds_100"":0,""rush_yds_200"":0,""scrimage_yards_100"":0,""scrimage_yards_200"":0}"
25321,16384,Tyson Bagent,QB,QB,CHI,36.355,calculated,32.48,32.48,32.48,"{""2pt_tds"":1,""fumbles"":1.07,""pass_att"":67.99,""pass_cmp"":41.56,""pass_ints"":3.9,""pass_tds"":1.83,""pass_yds"":539.01,""pass_yds_300"":0,""pass_yds_400"":0,""points"":32.48,""points_half"":32.48,""points_ppr"":32.48,""ret_tds"":0,""rush_att"":12.99,""rush_tds"":0.64,""rush_yds"":58.45,""rush_yds_100"":0,""rush_yds_200"":0,""scrimage_yards_100"":0,""scrimage_yards_200"":0}"
17234,13595,Mason Rudolph,QB,QB,PIT,33.19,calculated,31.19,31.19,31.19,"{""2pt_tds"":0,""fumbles"":0.5,""pass_att"":97.4,""pass_cmp"":65.4,""pass_ints"":1.85,""pass_tds"":2,""pass_yds"":591.5,""pass_yds_300"":0,""pass_yds_400"":0,""points"":31.19,""points_half"":31.19,""points_ppr"":31.19,""ret_tds"":0,""rush_att"":20.3,""rush_tds"":0,""rush_yds"":23.8,""rush_yds_100"":0,""rush_yds_200"":0,""scrimage_yards_100"":0,""scrimage_yards_200"":0}"
15520,12610,Carson Wentz,QB,QB,MIN,32.911,calculated,28.81,28.81,28.81,"{""2pt_tds"":1,""fumbles"":0.7,""pass_att"":92.2,""pass_cmp"":45.5,""pass_ints"":1.8,""pass_tds"":2.1,""pass_yds"":265.15,""pass_yds_300"":0,""pass_yds_400"":0,""points"":28.81,""points_half"":28.81,""points_ppr"":28.81,""ret_tds"":0,""rush_att"":28.3,""rush_tds"":1.15,""rush_yds"":61.05,""rush_yds_100"":0,""rush_yds_200"":0,""scrimage_yards_100"":0,""scrimage_yards_200"":0}"
14142,12381,Trevor Siemian,QB,QB,FA,30.292,calculated,28.99,28.99,28.99,"{""2pt_tds"":0,""fumbles"":2.4,""pass_att"":148.2,""pass_cmp"":85.5,""pass_ints"":4.8,""pass_tds"":1.3,""pass_yds"":753.3,""pass_yds_300"":0,""pass_yds_400"":0,""points"":28.99,""points_half"":28.99,""points_ppr"":28.99,""ret_tds"":0,""rush_att"":12,""rush_tds"":0.1,""rush_yds"":26.6,""rush_yds_100"":0,""rush_yds_200"":0,""scrimage_yards_100"":0,""scrimage_yards_200"":0}"
16841,13416,P.J. Walker,QB,QB,FA,30.189,calculated,29.19,29.19,29.19,"{""2pt_tds"":0,""fumbles"":1.55,""pass_att"":225.9,""pass_cmp"":106.3,""pass_ints"":8.25,""pass_tds"":1,""pass_yds"":808.35,""pass_yds_300"":0,""pass_yds_400"":0,""points"":29.19,""points_half"":29.19,""points_ppr"":29.19,""ret_tds"":0,""rush_att"":23.9,""rush_tds"":0,""rush_yds"":42.05,""rush_yds_100"":0,""rush_yds_200"":0,""scrimage_yards_100"":0,""scrimage_yards_200"":0}"
20086,16158,Dorian Thompson-Robinson,QB,QB,FA,30.17,calculated,24.77,24.77,24.77,"{""2pt_tds"":2,""fumbles"":0.59,""pass_att"":84.93,""pass_cmp"":50.66,""pass_ints"":3.12,""pass_tds"":1.44,""pass_yds"":487.02,""pass_yds_300"":0,""pass_yds_400"":0,""points"":24.77,""points_half"":24.77,""points_ppr"":24.77,""ret_tds"":0,""rush_att"":11.05,""rush_tds"":0.04,""rush_yds"":35.49,""rush_yds_100"":0,""rush_yds_200"":0,""scrimage_yards_100"":0,""scrimage_yards_200"":0}"
9078,9714,Brian Hoyer,QB,QB,FA,28.985,calculated,26.24,26.24,26.24,"{""2pt_tds"":0,""fumbles"":0.63,""pass_att"":72.36,""pass_cmp"":44.75,""pass_ints"":3.43,""pass_tds"":2.75,""pass_yds"":440.49,""pass_yds_300"":0,""pass_yds_400"":0,""points"":26.24,""points_half"":26.24,""points_ppr"":26.24,""ret_tds"":0,""rush_att"":11.33,""rush_tds"":0.08,""rush_yds"":18.25,""rush_yds_100"":0,""rush_yds_200"":0,""scrimage_yards_100"":0,""scrimage_yards_200"":0}"
9907,10313,Andy Dalton,QB,QB,PHI,26.122,calculated,24.19,24.19,24.19,"{""2pt_tds"":0,""fumbles"":0.44,""pass_att"":72.32,""pass_cmp"":44.89,""pass_ints"":2.19,""pass_tds"":1.94,""pass_yds"":437.07,""pass_yds_300"":0,""pass_yds_400"":0,""points"":24.19,""points_half"":24.19,""points_ppr"":24.19,""ret_tds"":0,""rush_att"":8.37,""rush_tds"":0.03,""rush_yds"":18.29,""rush_yds_100"":0,""rush_yds_200"":0,""scrimage_yards_100"":0,""scrimage_yards_200"":0}"
17447,13598,Mike White,QB,QB,FA,25.376,calculated,23.23,23.23,23.23,"{""2pt_tds"":0,""fumbles"":0.81,""pass_att"":82.98,""pass_cmp"":49.79,""pass_ints"":3.14,""pass_tds"":2.12,""pass_yds"":439.28,""pass_yds_300"":0,""pass_yds_400"":0,""points"":23.23,""points_half"":23.23,""points_ppr"":23.23,""ret_tds"":0,""rush_att"":12.34,""rush_tds"":0.06,""rush_yds"":16.05,""rush_yds_100"":0,""rush_yds_200"":0,""scrimage_yards_100"":0,""scrimage_yards_200"":0}"
13891,12140,Jameis Winston,QB,QB,NYG,25.215,calculated,23.31,23.31,23.31,"{""2pt_tds"":0,""fumbles"":0.25,""pass_att"":44.78,""pass_cmp"":30.17,""pass_ints"":2.13,""pass_tds"":1.94,""pass_yds"":390.83,""pass_yds_300"":0,""pass_yds_400"":0,""points"":23.31,""points_half"":23.31,""points_ppr"":23.31,""ret_tds"":0,""rush_att"":5.82,""rush_tds"":0.24,""rush_yds"":10.72,""rush_yds_100"":0,""rush_yds_200"":0,""scrimage_yards_100"":0,""scrimage_yards_200"":0}"
18604,14063,Jarrett Stidham,QB,QB,DEN,25.18,calculated,22.92,22.92,22.92,"{""2pt_tds"":0,""fumbles"":0.31,""pass_att"":56.56,""pass_cmp"":32.19,""pass_ints"":1.92,""pass_tds"":2.26,""pass_yds"":378.49,""pass_yds_300"":0,""pass_yds_400"":0,""points"":22.92,""points_half"":22.92,""points_ppr"":22.92,""ret_tds"":0,""rush_att"":4.65,""rush_tds"":0.03,""rush_yds"":11,""rush_yds_100"":0,""rush_yds_200"":0,""scrimage_yards_100"":0,""scrimage_yards_200"":0}"
13890,12141,Marcus Mariota,QB,QB,WAS,24.878,calculated,23.19,23.19,23.19,"{""2pt_tds"":0,""fumbles"":0.58,""pass_att"":48.93,""pass_cmp"":30.65,""pass_ints"":1.2,""pass_tds"":1.68,""pass_yds"":304.13,""pass_yds_300"":0,""pass_yds_400"":0,""points"":23.19,""points_half"":23.19,""points_ppr"":23.19,""ret_tds"":0,""rush_att"":14.26,""rush_tds"":0.2,""rush_yds"":54.73,""rush_yds_100"":0,""rush_yds_200"":0,""scrimage_yards_100"":0,""scrimage_yards_200"":0}"
19297,14789,Tyler Huntley,QB,QB,BAL,24.802,calculated,23.06,23.06,23.06,"{""2pt_tds"":0,""fumbles"":0.37,""pass_att"":48.27,""pass_cmp"":30.25,""pass_ints"":0.97,""pass_tds"":1.76,""pass_yds"":281.75,""pass_yds_300"":0,""pass_yds_400"":0,""points"":23.06,""points_half"":23.06,""points_ppr"":23.06,""ret_tds"":0,""rush_att"":18.02,""rush_tds"":0.09,""rush_yds"":59.02,""rush_yds_100"":0,""rush_yds_200"":0,""scrimage_yards_100"":0,""scrimage_yards_200"":0}"
25227,16160,Clayton Tune,QB,QB,FA,23.261,calculated,19.93,19.93,19.93,"{""2pt_tds"":1,""fumbles"":0.86,""pass_att"":77.99,""pass_cmp"":46.65,""pass_ints"":3.1,""pass_tds"":1.31,""pass_yds"":383.33,""pass_yds_300"":0,""pass_yds_400"":0,""points"":19.93,""points_half"":19.93,""points_ppr"":19.93,""ret_tds"":0,""rush_att"":10.04,""rush_tds"":0.27,""rush_yds"":25.78,""rush_yds_100"":0,""rush_yds_200"":0,""scrimage_yards_100"":0,""scrimage_yards_200"":0}"
22799,15252,Davis Mills,QB,QB,HOU,22.761,calculated,19.34,19.34,19.34,"{""2pt_tds"":1.03,""fumbles"":0.58,""pass_att"":79.53,""pass_cmp"":46.62,""pass_ints"":3.31,""pass_tds"":1.36,""pass_yds"":376.05,""pass_yds_300"":0,""pass_yds_400"":0,""points"":19.34,""points_half"":19.34,""points_ppr"":19.34,""ret_tds"":0,""rush_att"":14.03,""rush_tds"":0.11,""rush_yds"":26.69,""rush_yds_100"":0,""rush_yds_200"":0,""scrimage_yards_100"":0,""scrimage_yards_200"":0}"
18225,14057,Drew Lock,QB,QB,SEA,22.388,calculated,20.53,20.53,20.53,"{""2pt_tds"":0,""fumbles"":0.5,""pass_att"":53,""pass_cmp"":29.04,""pass_ints"":3.02,""pass_tds"":1.85,""pass_yds"":380.32,""pass_yds_300"":0,""pass_yds_400"":0,""points"":20.53,""points_half"":20.53,""points_ppr"":20.53,""ret_tds"":0,""rush_att"":5.96,""rush_tds"":0.05,""rush_yds"":16.45,""rush_yds_100"":0,""rush_yds_200"":0,""scrimage_yards_100"":0,""scrimage_yards_200"":0}"
23927,16153,Stetson Bennett IV,QB,QB,LAR,20.305,calculated,18.89,18.89,18.89,"{""2pt_tds"":0,""fumbles"":0.68,""pass_att"":54.87,""pass_cmp"":34.39,""pass_ints"":1.96,""pass_tds"":1.38,""pass_yds"":350.73,""pass_yds_300"":0,""pass_yds_400"":0,""points"":18.89,""points_half"":18.89,""points_ppr"":18.89,""ret_tds"":0,""rush_att"":7.94,""rush_tds"":0.11,""rush_yds"":20.36,""rush_yds_100"":0,""rush_yds_200"":0,""scrimage_yards_100"":0,""scrimage_yards_200"":0}"
16419,13125,C.J. Beathard,QB,QB,FA,20.288,calculated,17.05,17.05,17.05,"{""2pt_tds"":1,""fumbles"":0.53,""pass_att"":56.59,""pass_cmp"":33.03,""pass_ints"":2.44,""pass_tds"":1.23,""pass_yds"":324.49,""pass_yds_300"":0,""pass_yds_400"":0,""points"":17.05,""points_half"":17.05,""points_ppr"":17.05,""ret_tds"":0,""rush_att"":11.55,""rush_tds"":0.04,""rush_yds"":24.18,""rush_yds_100"":0,""rush_yds_200"":0,""scrimage_yards_100"":0,""scrimage_yards_200"":0}"
17801,13873,Tim Boyle,QB,QB,FA,18.757,calculated,17.61,17.61,17.61,"{""2pt_tds"":0,""fumbles"":0.9,""pass_att"":111,""pass_cmp"":63.4,""pass_ints"":6,""pass_tds"":1.15,""pass_yds"":460.8,""pass_yds_300"":0,""pass_yds_400"":0,""points"":17.61,""points_half"":17.61,""points_ppr"":17.61,""ret_tds"":0,""rush_att"":27,""rush_tds"":0,""rush_yds"":23.75,""rush_yds_100"":0,""rush_yds_200"":0,""scrimage_yards_100"":0,""scrimage_yards_200"":0}"
22988,16157,Malik Cunningham,QB,QB,DET,17.754,calculated,17.75,17.75,17.75,"{""2pt_tds"":0,""fumbles"":1.5,""pass_att"":94.9,""pass_cmp"":55.8,""pass_ints"":5.3,""pass_tds"":0,""pass_yds"":515.1,""pass_yds_300"":0,""pass_yds_400"":0,""points"":17.75,""points_half"":17.75,""points_ppr"":17.75,""ret_tds"":0,""rush_att"":20.6,""rush_tds"":0.2,""rush_yds"":42.5,""rush_yds_100"":0,""rush_yds_200"":0,""scrimage_yards_100"":0,""scrimage_yards_200"":0}"
15615,12623,Jeff Driskel,QB,QB,WAS,15.656,calculated,14.5,14.5,14.5,"{""2pt_tds"":0.1,""fumbles"":0.05,""pass_att"":0,""pass_cmp"":0,""pass_ints"":0.55,""pass_tds"":0.96,""pass_yds"":175.05,""pass_yds_300"":0,""pass_yds_400"":0,""points"":14.5,""points_half"":14.5,""points_ppr"":14.5,""ret_tds"":0,""rush_att"":0,""rush_tds"":0.22,""rush_yds"":29.84,""rush_yds_100"":0,""rush_yds_200"":0,""scrimage_yards_100"":0,""scrimage_yards_200"":0}"
23499,15694,Malik Willis,QB,QB,MIA,15.532,calculated,15.39,15.39,15.39,"{""2pt_tds"":0,""fumbles"":0.93,""pass_att"":84.6,""pass_cmp"":50.65,""pass_ints"":2.8,""pass_tds"":0.13,""pass_yds"":360.23,""pass_yds_300"":0,""pass_yds_400"":0,""points"":15.39,""points_half"":15.39,""points_ppr"":15.39,""ret_tds"":0,""rush_att"":19.35,""rush_tds"":0.07,""rush_yds"":47.13,""rush_yds_100"":0,""rush_yds_200"":0,""scrimage_yards_100"":0,""scrimage_yards_200"":0}"
11425,10948,Case Keenum,QB,QB,CHI,15.278,calculated,14.58,14.58,14.58,"{""2pt_tds"":0,""fumbles"":1,""pass_att"":146.2,""pass_cmp"":74.2,""pass_ints"":2.95,""pass_tds"":0.7,""pass_yds"":413.95,""pass_yds_300"":0,""pass_yds_400"":0,""points"":14.58,""points_half"":14.58,""points_ppr"":14.58,""ret_tds"":0,""rush_att"":15.9,""rush_tds"":0,""rush_yds"":1.7,""rush_yds_100"":0,""rush_yds_200"":0,""scrimage_yards_100"":0,""scrimage_yards_200"":0}"
20073,16313,Sean Clifford,QB,QB,CIN,15.013,calculated,13.86,13.86,13.86,"{""2pt_tds"":0,""fumbles"":0.5,""pass_att"":55.22,""pass_cmp"":33.75,""pass_ints"":1.64,""pass_tds"":1.12,""pass_yds"":267.07,""pass_yds_300"":0,""pass_yds_400"":0,""points"":13.86,""points_half"":13.86,""points_ppr"":13.86,""ret_tds"":0,""rush_att"":3.98,""rush_tds"":0.09,""rush_yds"":8.3,""rush_yds_100"":0,""rush_yds_200"":0,""scrimage_yards_100"":0,""scrimage_yards_200"":0}"
17869,13879,Kyle Allen,QB,QB,BUF,14.726,calculated,13.42,13.42,13.42,"{""2pt_tds"":0,""fumbles"":1.61,""pass_att"":45.26,""pass_cmp"":28.11,""pass_ints"":3.67,""pass_tds"":1.32,""pass_yds"":300.52,""pass_yds_300"":0,""pass_yds_400"":0,""points"":13.42,""points_half"":13.42,""points_ppr"":13.42,""ret_tds"":0,""rush_att"":7.97,""rush_tds"":0.15,""rush_yds"":20.95,""rush_yds_100"":0,""rush_yds_200"":0,""scrimage_yards_100"":0,""scrimage_yards_200"":0}"
24073,16154,Jaren Hall,QB,QB,FA,14.695,calculated,13.91,13.91,13.91,"{""2pt_tds"":0,""fumbles"":1.3,""pass_att"":85.55,""pass_cmp"":49.9,""pass_ints"":3.17,""pass_tds"":0.77,""pass_yds"":363.2,""pass_yds_300"":0,""pass_yds_400"":0,""points"":13.91,""points_half"":13.91,""points_ppr"":13.91,""ret_tds"":0,""rush_att"":14.4,""rush_tds"":0,""rush_yds"":20.87,""rush_yds_100"":0,""rush_yds_200"":0,""scrimage_yards_100"":0,""scrimage_yards_200"":0}"
16477,13124,Cooper Rush,QB,QB,ATL,12.705,calculated,11.62,11.62,11.62,"{""2pt_tds"":0,""fumbles"":0.14,""pass_att"":32,""pass_cmp"":20.07,""pass_ints"":1.03,""pass_tds"":1.09,""pass_yds"":197.38,""pass_yds_300"":0,""pass_yds_400"":0,""points"":11.62,""points_half"":11.62,""points_ppr"":11.62,""ret_tds"":0,""rush_att"":2.93,""rush_tds"":0.04,""rush_yds"":4.3,""rush_yds_100"":0,""rush_yds_200"":0,""scrimage_yards_100"":0,""scrimage_yards_200"":0}"
12088,11640,Teddy Bridgewater,QB,QB,FA,12.312,calculated,11.6,11.6,11.6,"{""2pt_tds"":0,""fumbles"":0.17,""pass_att"":57.91,""pass_cmp"":31.66,""pass_ints"":0.99,""pass_tds"":0.68,""pass_yds"":218.32,""pass_yds_300"":0,""pass_yds_400"":0,""points"":11.6,""points_half"":11.6,""points_ppr"":11.6,""ret_tds"":0,""rush_att"":4.77,""rush_tds"":0.06,""rush_yds"":11.49,""rush_yds_100"":0,""rush_yds_200"":0,""scrimage_yards_100"":0,""scrimage_yards_200"":0}"
9858,10262,Blaine Gabbert,QB,QB,FA,12.086,calculated,10.8,10.8,10.8,"{""2pt_tds"":0,""fumbles"":0.44,""pass_att"":21.74,""pass_cmp"":13.42,""pass_ints"":2.72,""pass_tds"":1.26,""pass_yds"":157.42,""pass_yds_300"":0,""pass_yds_400"":0,""points"":10.8,""points_half"":10.8,""points_ppr"":10.8,""ret_tds"":0,""rush_att"":13.46,""rush_tds"":0.04,""rush_yds"":28.49,""rush_yds_100"":0,""rush_yds_200"":0,""scrimage_yards_100"":0,""scrimage_yards_200"":0}"
20082,15240,Trey Lance,QB,QB,LAC,8.809,calculated,8.33,8.33,8.33,"{""2pt_tds"":0.03,""fumbles"":0.4,""pass_att"":37.27,""pass_cmp"":22.2,""pass_ints"":1.67,""pass_tds"":0.38,""pass_yds"":167.91,""pass_yds_300"":0,""pass_yds_400"":0,""points"":8.33,""points_half"":8.33,""points_ppr"":8.33,""ret_tds"":0,""rush_att"":10.17,""rush_tds"":0.06,""rush_yds"":22.43,""rush_yds_100"":0,""rush_yds_200"":0,""scrimage_yards_100"":0,""scrimage_yards_200"":0}"
24170,15699,Skylar Thompson,QB,QB,BAL,8.686,calculated,7.29,7.29,7.29,"{""2pt_tds"":0,""fumbles"":1.6,""pass_att"":41.1,""pass_cmp"":23.1,""pass_ints"":7.2,""pass_tds"":1.4,""pass_yds"":199.9,""pass_yds_300"":0,""pass_yds_400"":0,""points"":7.29,""points_half"":7.29,""points_ppr"":7.29,""ret_tds"":0,""rush_att"":27.6,""rush_tds"":0,""rush_yds"":40.9,""rush_yds_100"":0,""rush_yds_200"":0,""scrimage_yards_100"":0,""scrimage_yards_200"":0}"
24728,16156,Jake Haener,QB,QB,NYG,8.655,calculated,8.16,8.16,8.16,"{""2pt_tds"":0,""fumbles"":0.7,""pass_att"":31.1,""pass_cmp"":18.75,""pass_ints"":2.4,""pass_tds"":0.5,""pass_yds"":183.75,""pass_yds_300"":0,""pass_yds_400"":0,""points"":8.16,""points_half"":8.16,""points_ppr"":8.16,""ret_tds"":0,""rush_att"":9.55,""rush_tds"":0.1,""rush_yds"":20.05,""rush_yds_100"":0,""rush_yds_200"":0,""scrimage_yards_100"":0,""scrimage_yards_200"":0}"
24740,15702,Tanner McKee,QB,QB,PHI,8.105,calculated,7.61,7.61,7.61,"{""2pt_tds"":0.07,""fumbles"":0.47,""pass_att"":42.4,""pass_cmp"":25.1,""pass_ints"":1.71,""pass_tds"":0.36,""pass_yds"":172.33,""pass_yds_300"":0,""pass_yds_400"":0,""points"":7.61,""points_half"":7.61,""points_ppr"":7.61,""ret_tds"":0,""rush_att"":9.7,""rush_tds"":0.08,""rush_yds"":14.42,""rush_yds_100"":0,""rush_yds_200"":0,""scrimage_yards_100"":0,""scrimage_yards_200"":0}"
23028,15691,Matt Corral,QB,QB,FA,8.033,calculated,7.31,7.31,7.31,"{""2pt_tds"":0,""fumbles"":0.52,""pass_att"":16.77,""pass_cmp"":10.75,""pass_ints"":1.77,""pass_tds"":0.73,""pass_yds"":110.59,""pass_yds_300"":0,""pass_yds_400"":0,""points"":7.31,""points_half"":7.31,""points_ppr"":7.31,""ret_tds"":0,""rush_att"":9.05,""rush_tds"":0.11,""rush_yds"":21.09,""rush_yds_100"":0,""rush_yds_200"":0,""scrimage_yards_100"":0,""scrimage_yards_200"":0}"
24332,16151,Hendon Hooker,QB,QB,TEN,7.15,calculated,7.15,7.15,7.15,"{""2pt_tds"":0,""fumbles"":1.4,""pass_att"":47.2,""pass_cmp"":27.5,""pass_ints"":4.8,""pass_tds"":0,""pass_yds"":248.5,""pass_yds_300"":0,""pass_yds_400"":0,""points"":7.15,""points_half"":7.15,""points_ppr"":7.15,""ret_tds"":0,""rush_att"":18.1,""rush_tds"":0.2,""rush_yds"":36.1,""rush_yds_100"":0,""rush_yds_200"":0,""scrimage_yards_100"":0,""scrimage_yards_200"":0}"
15745,12621,Brandon Allen,QB,QB,NYG,7.021,calculated,5.3,5.3,5.3,"{""2pt_tds"":0,""fumbles"":0.3,""pass_att"":0,""pass_cmp"":0,""pass_ints"":1.75,""pass_tds"":1.73,""pass_yds"":8.52,""pass_yds_300"":0,""pass_yds_400"":0,""points"":5.3,""points_half"":5.3,""points_ppr"":5.3,""ret_tds"":0,""rush_att"":16.4,""rush_tds"":0,""rush_yds"":3.8,""rush_yds_100"":0,""rush_yds_200"":0,""scrimage_yards_100"":0,""scrimage_yards_200"":0}"
18756,14070,David Blough,QB,QB,FA,6.845,calculated,4.52,4.52,4.52,"{""2pt_tds"":0.56,""fumbles"":0.79,""pass_att"":0,""pass_cmp"":0,""pass_ints"":4.13,""pass_tds"":1.15,""pass_yds"":72.53,""pass_yds_300"":0,""pass_yds_400"":0,""points"":4.52,""points_half"":4.52,""points_ppr"":4.52,""ret_tds"":0,""rush_att"":33.4,""rush_tds"":0.05,""rush_yds"":24.84,""rush_yds_100"":0,""rush_yds_200"":0,""scrimage_yards_100"":0,""scrimage_yards_200"":0}"
11686,11151,Matt Barkley,QB,QB,FA,6.497,calculated,5.85,5.85,5.85,"{""2pt_tds"":0,""fumbles"":0.85,""pass_att"":69.9,""pass_cmp"":39.5,""pass_ints"":3.75,""pass_tds"":0.65,""pass_yds"":172.3,""pass_yds_300"":0,""pass_yds_400"":0,""points"":5.85,""points_half"":5.85,""points_ppr"":5.85,""ret_tds"":0,""rush_att"":26,""rush_tds"":0,""rush_yds"":18.05,""rush_yds_100"":0,""rush_yds_200"":0,""scrimage_yards_100"":0,""scrimage_yards_200"":0}"
18323,14065,Brett Rypien,QB,QB,HOU,4.62,calculated,3.77,3.77,3.77,"{""2pt_tds"":0,""fumbles"":1.25,""pass_att"":0,""pass_cmp"":0,""pass_ints"":3.95,""pass_tds"":0.85,""pass_yds"":86,""pass_yds_300"":0,""pass_yds_400"":0,""points"":3.77,""points_half"":3.77,""points_ppr"":3.77,""ret_tds"":0,""rush_att"":33.4,""rush_tds"":0,""rush_yds"":33.8,""rush_yds_100"":0,""rush_yds_200"":0,""scrimage_yards_100"":0,""scrimage_yards_200"":0}"
20081,15244,Feleipe Franks,QB,QB,CAR,3.46,calculated,1.76,1.76,1.76,"{""2pt_tds"":0,""fumbles"":1.5,""pass_att"":0,""pass_cmp"":0,""pass_ints"":6.9,""pass_tds"":1.7,""pass_yds"":0,""pass_yds_300"":0,""pass_yds_400"":0,""points"":1.76,""points_half"":1.76,""points_ppr"":1.76,""ret_tds"":0,""rush_att"":33.4,""rush_tds"":0,""rush_yds"":48.6,""rush_yds_100"":0,""rush_yds_200"":0,""scrimage_yards_100"":0,""scrimage_yards_200"":0}"
18185,15035,John Wolford,QB,QB,FA,3.46,calculated,1.76,1.76,1.76,"{""2pt_tds"":0,""fumbles"":1.5,""pass_att"":0,""pass_cmp"":0,""pass_ints"":6.9,""pass_tds"":1.7,""pass_yds"":0,""pass_yds_300"":0,""pass_yds_400"":0,""points"":1.76,""points_half"":1.76,""points_ppr"":1.76,""ret_tds"":0,""rush_att"":33.4,""rush_tds"":0,""rush_yds"":48.6,""rush_yds_100"":0,""rush_yds_200"":0,""scrimage_yards_100"":0,""scrimage_yards_200"":0}"
16414,13127,Nathan Peterman,QB,QB,FA,3.46,calculated,1.76,1.76,1.76,"{""2pt_tds"":0,""fumbles"":1.5,""pass_att"":0,""pass_cmp"":0,""pass_ints"":6.9,""pass_tds"":1.7,""pass_yds"":0,""pass_yds_300"":0,""pass_yds_400"":0,""points"":1.76,""points_half"":1.76,""points_ppr"":1.76,""ret_tds"":0,""rush_att"":33.4,""rush_tds"":0,""rush_yds"":48.6,""rush_yds_100"":0,""rush_yds_200"":0,""scrimage_yards_100"":0,""scrimage_yards_200"":0}"
23121,16155,Max Duggan,QB,QB,FA,2.287,calculated,2.18,2.18,2.18,"{""2pt_tds"":0,""fumbles"":0.02,""pass_att"":0,""pass_cmp"":0,""pass_ints"":0.2,""pass_tds"":0.11,""pass_yds"":42.18,""pass_yds_300"":0,""pass_yds_400"":0,""points"":2.18,""points_half"":2.18,""points_ppr"":2.18,""ret_tds"":0,""rush_att"":0,""rush_tds"":0.04,""rush_yds"":0.5,""rush_yds_100"":0,""rush_yds_200"":0,""scrimage_yards_100"":0,""scrimage_yards_200"":0}"
18241,14062,Will Grier,QB,QB,FA,2.081,calculated,1.78,1.78,1.78,"{""2pt_tds"":0,""fumbles"":0.7,""pass_att"":0,""pass_cmp"":0,""pass_ints"":2.86,""pass_tds"":0.29,""pass_yds"":6.66,""pass_yds_300"":0,""pass_yds_400"":0,""points"":1.78,""points_half"":1.78,""points_ppr"":1.78,""ret_tds"":0,""rush_att"":29.3,""rush_tds"":0.15,""rush_yds"":37.25,""rush_yds_100"":0,""rush_yds_200"":0,""scrimage_yards_100"":0,""scrimage_yards_200"":0}"
19243,14781,Jake Fromm,QB,QB,FA,2.064,calculated,1.18,1.18,1.18,"{""2pt_tds"":0,""fumbles"":0.75,""pass_att"":0,""pass_cmp"":0,""pass_ints"":3.53,""pass_tds"":0.87,""pass_yds"":7.79,""pass_yds_300"":0,""pass_yds_400"":0,""points"":1.18,""points_half"":1.18,""points_ppr"":1.18,""ret_tds"":0,""rush_att"":33.4,""rush_tds"":0,""rush_yds"":24.32,""rush_yds_100"":0,""rush_yds_200"":0,""scrimage_yards_100"":0,""scrimage_yards_200"":0}"
19803,15250,Sam Ehlinger,QB,QB,DEN,2.024,calculated,1.72,1.72,1.72,"{""2pt_tds"":0,""fumbles"":0.7,""pass_att"":0,""pass_cmp"":0,""pass_ints"":2.86,""pass_tds"":0.29,""pass_yds"":4.95,""pass_yds_300"":0,""pass_yds_400"":0,""points"":1.72,""points_half"":1.72,""points_ppr"":1.72,""ret_tds"":0,""rush_att"":29.3,""rush_tds"":0.15,""rush_yds"":37.36,""rush_yds_100"":0,""rush_yds_200"":0,""scrimage_yards_100"":0,""scrimage_yards_200"":0}"
12091,11643,AJ McCarron,QB,QB,FA,2.008,calculated,1.14,1.14,1.14,"{""2pt_tds"":0,""fumbles"":0.75,""pass_att"":0,""pass_cmp"":0,""pass_ints"":3.49,""pass_tds"":0.87,""pass_yds"":5.45,""pass_yds_300"":0,""pass_yds_400"":0,""points"":1.14,""points_half"":1.14,""points_ppr"":1.14,""ret_tds"":0,""rush_att"":33.4,""rush_tds"":0,""rush_yds"":24.3,""rush_yds_100"":0,""rush_yds_200"":0,""scrimage_yards_100"":0,""scrimage_yards_200"":0}"
25628,16526,Dresser Winn,QB,QB,FA,1.526,calculated,1.45,1.45,1.45,"{""2pt_tds"":0,""fumbles"":0,""pass_att"":0,""pass_cmp"":0,""pass_ints"":0.1,""pass_tds"":0.08,""pass_yds"":23.92,""pass_yds_300"":0,""pass_yds_400"":0,""points"":1.45,""points_half"":1.45,""points_ppr"":1.45,""ret_tds"":0,""rush_att"":0,""rush_tds"":0.03,""rush_yds"":0.89,""rush_yds_100"":0,""rush_yds_200"":0,""scrimage_yards_100"":0,""scrimage_yards_200"":0}"
19618,14793,Jake Luton,QB,QB,FA,0.76,calculated,0.71,0.71,0.71,"{""2pt_tds"":0,""fumbles"":0,""pass_att"":0,""pass_cmp"":0,""pass_ints"":0.13,""pass_tds"":0.05,""pass_yds"":16.01,""pass_yds_300"":0,""pass_yds_400"":0,""points"":0.71,""points_half"":0.71,""points_ppr"":0.71,""ret_tds"":0,""rush_att"":0,""rush_tds"":0,""rush_yds"":0,""rush_yds_100"":0,""rush_yds_200"":0,""scrimage_yards_100"":0,""scrimage_yards_200"":0}"
9444,9099,Matt Ryan,QB,QB,FA,0.572,calculated,-0.43,-0.43,-0.43,"{""2pt_tds"":0,""fumbles"":3.2,""pass_att"":53,""pass_cmp"":30.7,""pass_ints"":10,""pass_tds"":1,""pass_yds"":299.3,""pass_yds_300"":0,""pass_yds_400"":0,""points"":-0.43,""points_half"":-0.43,""points_ppr"":-0.43,""ret_tds"":0,""rush_att"":0,""rush_tds"":0,""rush_yds"":0,""rush_yds_100"":0,""rush_yds_200"":0,""scrimage_yards_100"":0,""scrimage_yards_200"":0}"
24575,15948,Chris Oladokun,QB,QB,KC,-0.05,calculated,-0.09,-0.09,-0.09,"{""2pt_tds"":0,""fumbles"":0.65,""pass_att"":0,""pass_cmp"":0,""pass_ints"":2.29,""pass_tds"":0.04,""pass_yds"":11.57,""pass_yds_300"":0,""pass_yds_400"":0,""points"":-0.09,""points_half"":-0.09,""points_ppr"":-0.09,""ret_tds"":0,""rush_att"":22.5,""rush_tds"":0.11,""rush_yds"":22.17,""rush_yds_100"":0,""rush_yds_200"":0,""scrimage_yards_100"":0,""scrimage_yards_200"":0}"
9326,9207,Josh Johnson,QB,QB,CIN,-1.02,calculated,-1.62,-1.62,-1.62,"{""2pt_tds"":0.09,""fumbles"":0.65,""pass_att"":0,""pass_cmp"":0,""pass_ints"":2.2,""pass_tds"":0.42,""pass_yds"":4.99,""pass_yds_300"":0,""pass_yds_400"":0,""points"":-1.62,""points_half"":-1.62,""points_ppr"":-1.62,""ret_tds"":0,""rush_att"":0,""rush_tds"":0,""rush_yds"":0,""rush_yds_100"":0,""rush_yds_200"":0,""scrimage_yards_100"":0,""scrimage_yards_200"":0}"
19376,15248,Shane Buechele,QB,QB,BUF,-1.48,calculated,-1.48,-1.48,-1.48,"{""2pt_tds"":0,""fumbles"":1.3,""pass_att"":0,""pass_cmp"":0,""pass_ints"":4.5,""pass_tds"":0,""pass_yds"":0,""pass_yds_300"":0,""pass_yds_400"":0,""points"":-1.48,""points_half"":-1.48,""points_ppr"":-1.48,""ret_tds"":0,""rush_att"":22.5,""rush_tds"":0.2,""rush_yds"":44.2,""rush_yds_100"":0,""rush_yds_200"":0,""scrimage_yards_100"":0,""scrimage_yards_200"":0}"
19827,15008,Ben DiNucci,QB,QB,FA,-2.9,calculated,-3.7,-3.7,-3.7,"{""2pt_tds"":0,""fumbles"":1.3,""pass_att"":0,""pass_cmp"":0,""pass_ints"":4.3,""pass_tds"":0.8,""pass_yds"":0,""pass_yds_300"":0,""pass_yds_400"":0,""points"":-3.7,""points_half"":-3.7,""points_ppr"":-3.7,""ret_tds"":0,""rush_att"":0,""rush_tds"":0,""rush_yds"":0,""rush_yds_100"":0,""rush_yds_200"":0,""scrimage_yards_100"":0,""scrimage_yards_200"":0}"
17239,13846,Logan Woodside,QB,QB,FA,-2.9,calculated,-3.7,-3.7,-3.7,"{""2pt_tds"":0,""fumbles"":1.3,""pass_att"":0,""pass_cmp"":0,""pass_ints"":4.3,""pass_tds"":0.8,""pass_yds"":0,""pass_yds_300"":0,""pass_yds_400"":0,""points"":-3.7,""points_half"":-3.7,""points_ppr"":-3.7,""ret_tds"":0,""rush_att"":0,""rush_tds"":0,""rush_yds"":0,""rush_yds_100"":0,""rush_yds_200"":0,""scrimage_yards_100"":0,""scrimage_yards_200"":0}"
16393,13130,Christian McCaffrey,RB,RB,SF,249.315,calculated,249.29,286.06,322.82,"{""2pt_tds"":0,""fumbles"":0.96,""points"":249.29,""points_half"":286.06,""points_ppr"":322.82,""rec_rec"":73.53,""rec_tds"":4.76,""rec_yds"":622.4,""rec_yds_100"":0.7,""rec_yds_200"":0,""ret_tds"":0,""rush_att"":221.37,""rush_tds"":8.64,""rush_yds"":1085.95,""rush_yds_100"":3,""rush_yds_200"":0,""scrimage_yards_100"":8.4,""scrimage_yards_200"":0.9}"
23133,16161,Bijan Robinson,RB,RB,ATL,214.389,calculated,214.41,237.62,260.84,"{""2pt_tds"":0,""fumbles"":2.42,""points"":214.41,""points_half"":237.62,""points_ppr"":260.84,""rec_rec"":46.43,""rec_tds"":2.38,""rec_yds"":384.29,""rec_yds_100"":0,""rec_yds_200"":0,""ret_tds"":0,""rush_att"":245.09,""rush_tds"":7.96,""rush_yds"":1187.6,""rush_yds_100"":4.2,""rush_yds_200"":0,""scrimage_yards_100"":7.7,""scrimage_yards_200"":0.4}"
15514,12626,Derrick Henry,RB,RB,BAL,212.384,calculated,212.37,227.41,242.44,"{""2pt_tds"":0,""fumbles"":1.3,""points"":212.37,""points_half"":227.41,""points_ppr"":242.44,""rec_rec"":30.08,""rec_tds"":0.6,""rec_yds"":243.98,""rec_yds_100"":0,""rec_yds_200"":0,""ret_tds"":0,""rush_att"":308.54,""rush_tds"":9.55,""rush_yds"":1296.86,""rush_yds_100"":4.5,""rush_yds_200"":0,""scrimage_yards_100"":5.9,""scrimage_yards_200"":0.1}"
18705,14085,Tony Pollard,RB,RB,TEN,212.014,calculated,209.95,233.21,256.47,"{""2pt_tds"":1.03,""fumbles"":0.8,""points"":209.95,""points_half"":233.21,""points_ppr"":256.47,""rec_rec"":46.52,""rec_tds"":2.13,""rec_yds"":361.99,""rec_yds_100"":0,""rec_yds_200"":0,""ret_tds"":0,""rush_att"":227.79,""rush_tds"":8.36,""rush_yds"":1124.15,""rush_yds_100"":3.1,""rush_yds_200"":0,""scrimage_yards_100"":6.5,""scrimage_yards_200"":0.2}"
17240,13604,Saquon Barkley,RB,RB,PHI,201.178,calculated,199.18,224.62,250.05,"{""2pt_tds"":1,""fumbles"":1.03,""points"":199.18,""points_half"":224.62,""points_ppr"":250.05,""rec_rec"":50.87,""rec_tds"":2.04,""rec_yds"":353.11,""rec_yds_100"":0,""rec_yds_200"":0,""ret_tds"":0,""rush_att"":251.96,""rush_tds"":7.49,""rush_yds"":1087.47,""rush_yds_100"":2.4,""rush_yds_200"":0,""scrimage_yards_100"":5.2,""scrimage_yards_200"":0.2}"
16483,13404,Austin Ekeler,RB,RB,FA,200.692,calculated,200.65,236.63,272.6,"{""2pt_tds"":0,""fumbles"":2.29,""points"":200.65,""points_half"":236.63,""points_ppr"":272.6,""rec_rec"":71.95,""rec_tds"":3.39,""rec_yds"":559.94,""rec_yds_100"":0.3,""rec_yds_200"":0,""ret_tds"":0,""rush_att"":188.78,""rush_tds"":8.37,""rush_yds"":787.18,""rush_yds_100"":0.7,""rush_yds_200"":0,""scrimage_yards_100"":4.5,""scrimage_yards_200"":0.1}"
19231,15253,Travis Etienne Jr.,RB,RB,NO,194.769,calculated,190.58,210.91,231.24,"{""2pt_tds"":2.09,""fumbles"":1.97,""points"":190.58,""points_half"":210.91,""points_ppr"":231.24,""rec_rec"":40.65,""rec_tds"":0.94,""rec_yds"":338.5,""rec_yds_100"":0,""rec_yds_200"":0,""ret_tds"":0,""rush_att"":222.33,""rush_tds"":7.63,""rush_yds"":1092.59,""rush_yds_100"":6,""rush_yds_200"":0,""scrimage_yards_100"":9,""scrimage_yards_200"":0.6}"
18269,14073,Josh Jacobs,RB,RB,GB,192.315,calculated,192.29,211.55,230.81,"{""2pt_tds"":0,""fumbles"":1.1,""points"":192.29,""points_half"":211.55,""points_ppr"":230.81,""rec_rec"":38.52,""rec_tds"":0.61,""rec_yds"":280.38,""rec_yds_100"":0,""rec_yds_200"":0,""ret_tds"":0,""rush_att"":260.52,""rush_tds"":8.68,""rush_yds"":1107.37,""rush_yds_100"":3,""rush_yds_200"":0,""scrimage_yards_100"":5.3,""scrimage_yards_200"":0.1}"
16420,13131,Joe Mixon,RB,RB,FA,185.388,calculated,183.35,207.28,231.22,"{""2pt_tds"":1,""fumbles"":0.53,""points"":183.35,""points_half"":207.28,""points_ppr"":231.22,""rec_rec"":47.87,""rec_tds"":2.25,""rec_yds"":339.13,""rec_yds_100"":0,""rec_yds_200"":0,""ret_tds"":0,""rush_att"":226.43,""rush_tds"":7.41,""rush_yds"":925.75,""rush_yds_100"":2.4,""rush_yds_200"":0,""scrimage_yards_100"":4.9,""scrimage_yards_200"":0.1}"
17246,13610,Nick Chubb,RB,RB,FA,183.238,calculated,183.24,194.65,206.05,"{""2pt_tds"":0,""fumbles"":0.63,""points"":183.24,""points_half"":194.65,""points_ppr"":206.05,""rec_rec"":22.81,""rec_tds"":0.83,""rec_yds"":186.98,""rec_yds_100"":0,""rec_yds_200"":0,""ret_tds"":0,""rush_att"":284.77,""rush_tds"":7.5,""rush_yds"":1158.2,""rush_yds_100"":0,""rush_yds_200"":0,""scrimage_yards_100"":0,""scrimage_yards_200"":0}"
22968,16162,Jahmyr Gibbs,RB,RB,DET,178.297,calculated,178.31,202.18,226.04,"{""2pt_tds"":0,""fumbles"":1.54,""points"":178.31,""points_half"":202.18,""points_ppr"":226.04,""rec_rec"":47.73,""rec_tds"":2.4,""rec_yds"":421.54,""rec_yds_100"":0.5,""rec_yds_200"":0,""ret_tds"":0,""rush_att"":171.53,""rush_tds"":7.3,""rush_yds"":810.23,""rush_yds_100"":1.4,""rush_yds_200"":0,""scrimage_yards_100"":6.3,""scrimage_yards_200"":0.3}"
22982,15708,Breece Hall,RB,RB,NYJ,174.75,calculated,172.74,195.21,217.67,"{""2pt_tds"":1,""fumbles"":1.06,""points"":172.74,""points_half"":195.21,""points_ppr"":217.67,""rec_rec"":44.92,""rec_tds"":2.26,""rec_yds"":378.79,""rec_yds_100"":0,""rec_yds_200"":0,""ret_tds"":0,""rush_att"":175.2,""rush_tds"":5.7,""rush_yds"":892.31,""rush_yds_100"":3.1,""rush_yds_200"":0,""scrimage_yards_100"":6.2,""scrimage_yards_200"":0.2}"
23021,15711,Kenneth Walker III,RB,RB,KC,171.29,calculated,171.29,184.58,197.88,"{""2pt_tds"":0,""fumbles"":0.38,""points"":171.29,""points_half"":184.58,""points_ppr"":197.88,""rec_rec"":26.6,""rec_tds"":0.66,""rec_yds"":187.44,""rec_yds_100"":0,""rec_yds_200"":0,""ret_tds"":0,""rush_att"":227.16,""rush_tds"":8.18,""rush_yds"":1002.66,""rush_yds_100"":2.8,""rush_yds_200"":0,""scrimage_yards_100"":4.2,""scrimage_yards_200"":0}"
23891,15721,Rachaad White,RB,RB,WAS,169.102,calculated,169.05,194.22,219.39,"{""2pt_tds"":0,""fumbles"":3.34,""points"":169.05,""points_half"":194.22,""points_ppr"":219.39,""rec_rec"":50.35,""rec_tds"":2.2,""rec_yds"":407.59,""rec_yds_100"":1.2,""rec_yds_200"":0,""ret_tds"":0,""rush_att"":216.16,""rush_tds"":4.79,""rush_yds"":930.83,""rush_yds_100"":4,""rush_yds_200"":0.1,""scrimage_yards_100"":7.6,""scrimage_yards_200"":2.1}"
19302,15254,Najee Harris,RB,RB,NYG,166.482,calculated,166.43,185.15,203.87,"{""2pt_tds"":0,""fumbles"":1.02,""points"":166.43,""points_half"":185.15,""points_ppr"":203.87,""rec_rec"":37.43,""rec_tds"":1.72,""rec_yds"":232.56,""rec_yds_100"":0,""rec_yds_200"":0,""ret_tds"":0,""rush_att"":247.73,""rush_tds"":6.35,""rush_yds"":968.46,""rush_yds_100"":1.3,""rush_yds_200"":0,""scrimage_yards_100"":2.9,""scrimage_yards_200"":0}"
16447,13146,James Conner,RB,RB,ARI,164.075,calculated,164.02,182.82,201.62,"{""2pt_tds"":0,""fumbles"":0.67,""points"":164.02,""points_half"":182.82,""points_ppr"":201.62,""rec_rec"":37.6,""rec_tds"":1.31,""rec_yds"":267.17,""rec_yds_100"":0,""rec_yds_200"":0,""ret_tds"":0,""rush_att"":213.63,""rush_tds"":6.72,""rush_yds"":905.18,""rush_yds_100"":1,""rush_yds_200"":0,""scrimage_yards_100"":2.8,""scrimage_yards_200"":0}"
18239,14071,David Montgomery,RB,RB,HOU,163.318,calculated,161.28,176.24,191.19,"{""2pt_tds"":1,""fumbles"":1.11,""points"":161.28,""points_half"":176.24,""points_ppr"":191.19,""rec_rec"":29.91,""rec_tds"":0.99,""rec_yds"":257.58,""rec_yds_100"":0,""rec_yds_200"":0,""ret_tds"":0,""rush_att"":198.71,""rush_tds"":7.96,""rush_yds"":840.8,""rush_yds_100"":2.8,""rush_yds_200"":0,""scrimage_yards_100"":5.6,""scrimage_yards_200"":0.1}"
16673,13319,Aaron Jones Sr.,RB,RB,MIN,162.827,calculated,162.87,185.14,207.41,"{""2pt_tds"":0,""fumbles"":1.41,""points"":162.87,""points_half"":185.14,""points_ppr"":207.41,""rec_rec"":44.54,""rec_tds"":2.27,""rec_yds"":325.58,""rec_yds_100"":0,""rec_yds_200"":0,""ret_tds"":0,""rush_att"":198.94,""rush_tds"":4.61,""rush_yds"":918.09,""rush_yds_100"":1.5,""rush_yds_200"":0,""scrimage_yards_100"":3.9,""scrimage_yards_200"":0}"
24333,15749,Isiah Pacheco,RB,RB,DET,158.304,calculated,158.32,172.08,185.85,"{""2pt_tds"":0,""fumbles"":1.53,""points"":158.32,""points_half"":172.08,""points_ppr"":185.85,""rec_rec"":27.53,""rec_tds"":0.88,""rec_yds"":199.21,""rec_yds_100"":0,""rec_yds_200"":0,""ret_tds"":0,""rush_att"":195.66,""rush_tds"":7.5,""rush_yds"":911.63,""rush_yds_100"":1.8,""rush_yds_200"":0,""scrimage_yards_100"":3.1,""scrimage_yards_200"":0}"
22958,15715,James Cook III,RB,RB,BUF,156.568,calculated,156.58,174.95,193.33,"{""2pt_tds"":0,""fumbles"":1.65,""points"":156.58,""points_half"":174.95,""points_ppr"":193.33,""rec_rec"":36.75,""rec_tds"":2.16,""rec_yds"":302.6,""rec_yds_100"":0,""rec_yds_200"":0,""ret_tds"":0,""rush_att"":167.65,""rush_tds"":4.35,""rush_yds"":905.48,""rush_yds_100"":3.2,""rush_yds_200"":0.1,""scrimage_yards_100"":5.2,""scrimage_yards_200"":0.6}"
14338,12447,Raheem Mostert,RB,RB,LV,155.305,calculated,155.27,168.82,182.36,"{""2pt_tds"":0,""fumbles"":1.11,""points"":155.27,""points_half"":168.82,""points_ppr"":182.36,""rec_rec"":27.09,""rec_tds"":1.73,""rec_yds"":195.25,""rec_yds_100"":0,""rec_yds_200"":0,""ret_tds"":0,""rush_att"":171.62,""rush_tds"":7.08,""rush_yds"":851.4,""rush_yds_100"":3.7,""rush_yds_200"":0,""scrimage_yards_100"":5.7,""scrimage_yards_200"":0.1}"
16421,13132,Alvin Kamara,RB,RB,NO,154.802,calculated,148.82,173.05,197.27,"{""2pt_tds"":3,""fumbles"":1.03,""points"":148.82,""points_half"":173.05,""points_ppr"":197.27,""rec_rec"":48.45,""rec_tds"":1.79,""rec_yds"":405.31,""rec_yds_100"":0.2,""rec_yds_200"":0,""ret_tds"":0,""rush_att"":181.39,""rush_tds"":4.17,""rush_yds"":745.71,""rush_yds_100"":2,""rush_yds_200"":0,""scrimage_yards_100"":6.1,""scrimage_yards_200"":0.3}"
18621,14223,Alexander Mattison,RB,RB,FA,147.127,calculated,147.13,163.6,180.08,"{""2pt_tds"":0,""fumbles"":1.11,""points"":147.13,""points_half"":163.6,""points_ppr"":180.08,""rec_rec"":32.95,""rec_tds"":1.64,""rec_yds"":211.87,""rec_yds_100"":0,""rec_yds_200"":0,""ret_tds"":0,""rush_att"":206.36,""rush_tds"":5.96,""rush_yds"":825.6,""rush_yds_100"":0.5,""rush_yds_200"":0,""scrimage_yards_100"":1.3,""scrimage_yards_200"":0}"
22726,15259,Rhamondre Stevenson,RB,RB,NE,145.188,calculated,145.19,170.23,195.26,"{""2pt_tds"":0,""fumbles"":0.97,""points"":145.19,""points_half"":170.23,""points_ppr"":195.26,""rec_rec"":50.07,""rec_tds"":1.1,""rec_yds"":298.93,""rec_yds_100"":0,""rec_yds_200"":0,""ret_tds"":0,""rush_att"":187.95,""rush_tds"":4.79,""rush_yds"":818.95,""rush_yds_100"":0.3,""rush_yds_200"":0,""scrimage_yards_100"":0.8,""scrimage_yards_200"":0}"
19217,14802,Jonathan Taylor,RB,RB,IND,144.241,calculated,144.25,154.45,164.64,"{""2pt_tds"":0,""fumbles"":1.13,""points"":144.25,""points_half"":154.45,""points_ppr"":164.64,""rec_rec"":20.39,""rec_tds"":0.63,""rec_yds"":161.85,""rec_yds_100"":0,""rec_yds_200"":0,""ret_tds"":0,""rush_att"":204.56,""rush_tds"":5.99,""rush_yds"":905.96,""rush_yds_100"":3.8,""rush_yds_200"":0,""scrimage_yards_100"":5.8,""scrimage_yards_200"":0.2}"
19210,14797,D'Andre Swift,RB,RB,CHI,143.356,calculated,143.36,162.13,180.89,"{""2pt_tds"":0,""fumbles"":0.99,""points"":143.36,""points_half"":162.13,""points_ppr"":180.89,""rec_rec"":37.53,""rec_tds"":1.95,""rec_yds"":315.74,""rec_yds_100"":0.2,""rec_yds_200"":0,""ret_tds"":0,""rush_att"":125.26,""rush_tds"":5.61,""rush_yds"":684.02,""rush_yds_100"":1.4,""rush_yds_200"":0,""scrimage_yards_100"":5.1,""scrimage_yards_200"":0.3}"
22739,15256,Javonte Williams,RB,RB,DAL,140.038,calculated,136.08,154.6,173.12,"{""2pt_tds"":2,""fumbles"":1.4,""points"":136.08,""points_half"":154.6,""points_ppr"":173.12,""rec_rec"":37.04,""rec_tds"":1.67,""rec_yds"":239.94,""rec_yds_100"":0,""rec_yds_200"":0,""ret_tds"":0,""rush_att"":177.39,""rush_tds"":4.37,""rush_yds"":786.04,""rush_yds_100"":1.6,""rush_yds_200"":0,""scrimage_yards_100"":3.8,""scrimage_yards_200"":0}"
23059,15710,Kyren Williams,RB,RB,LAR,138.381,calculated,136.41,147.11,157.81,"{""2pt_tds"":1,""fumbles"":1.26,""points"":136.41,""points_half"":147.11,""points_ppr"":157.81,""rec_rec"":21.4,""rec_tds"":1.37,""rec_yds"":220.94,""rec_yds_100"":0,""rec_yds_200"":0,""ret_tds"":0,""rush_att"":123.39,""rush_tds"":5.93,""rush_yds"":730.07,""rush_yds_100"":5.2,""rush_yds_200"":0,""scrimage_yards_100"":8.9,""scrimage_yards_200"":0.7}"
22947,15717,Dameon Pierce,RB,RB,PHI,137.701,calculated,137.69,152.19,166.68,"{""2pt_tds"":0,""fumbles"":1.24,""points"":137.69,""points_half"":152.19,""points_ppr"":166.68,""rec_rec"":28.99,""rec_tds"":0.78,""rec_yds"":176.71,""rec_yds_100"":0,""rec_yds_200"":0,""ret_tds"":0,""rush_att"":249.25,""rush_tds"":4.45,""rush_yds"":911.3,""rush_yds_100"":1.2,""rush_yds_200"":0,""scrimage_yards_100"":2,""scrimage_yards_200"":0}"
20094,15716,Brian Robinson Jr.,RB,RB,ATL,131.322,calculated,129.29,139.36,149.44,"{""2pt_tds"":1,""fumbles"":0.98,""points"":129.29,""points_half"":139.36,""points_ppr"":149.44,""rec_rec"":20.15,""rec_tds"":1.29,""rec_yds"":145.38,""rec_yds_100"":0,""rec_yds_200"":0,""ret_tds"":0,""rush_att"":212.46,""rush_tds"":4.17,""rush_yds"":839.84,""rush_yds_100"":3.1,""rush_yds_200"":0,""scrimage_yards_100"":3.7,""scrimage_yards_200"":0}"
19268,14799,Cam Akers,RB,RB,FA,131.28,calculated,131.3,141.97,152.63,"{""2pt_tds"":0,""fumbles"":1.03,""points"":131.3,""points_half"":141.97,""points_ppr"":152.63,""rec_rec"":21.34,""rec_tds"":0.48,""rec_yds"":171.53,""rec_yds_100"":0,""rec_yds_200"":0,""ret_tds"":0,""rush_att"":230.57,""rush_tds"":5.59,""rush_yds"":797.67,""rush_yds_100"":0,""rush_yds_200"":0,""scrimage_yards_100"":0,""scrimage_yards_200"":0}"
18283,14079,Miles Sanders,RB,RB,FA,130.634,calculated,130.62,146.67,162.72,"{""2pt_tds"":0,""fumbles"":1.51,""points"":130.62,""points_half"":146.67,""points_ppr"":162.72,""rec_rec"":32.1,""rec_tds"":0.55,""rec_yds"":197.19,""rec_yds_100"":0,""rec_yds_200"":0,""ret_tds"":0,""rush_att"":205.39,""rush_tds"":4.2,""rush_yds"":854.35,""rush_yds_100"":0.7,""rush_yds_200"":0,""scrimage_yards_100"":1.5,""scrimage_yards_200"":0}"
22763,15271,Khalil Herbert,RB,RB,SF,127.422,calculated,125.37,135.91,146.44,"{""2pt_tds"":1,""fumbles"":0.63,""points"":125.37,""points_half"":135.91,""points_ppr"":146.44,""rec_rec"":21.07,""rec_tds"":0.82,""rec_yds"":136.55,""rec_yds_100"":0,""rec_yds_200"":0,""ret_tds"":0,""rush_att"":173.37,""rush_tds"":4.48,""rush_yds"":812.27,""rush_yds_100"":2.7,""rush_yds_200"":0,""scrimage_yards_100"":3.5,""scrimage_yards_200"":0}"
19358,14805,AJ Dillon,RB,RB,CAR,119.006,calculated,119.04,131,142.96,"{""2pt_tds"":0,""fumbles"":0.52,""points"":119.04,""points_half"":131,""points_ppr"":142.96,""rec_rec"":23.92,""rec_tds"":0.48,""rec_yds"":190.03,""rec_yds_100"":0,""rec_yds_200"":0,""ret_tds"":0,""rush_att"":165.28,""rush_tds"":4.75,""rush_yds"":696.63,""rush_yds_100"":0.8,""rush_yds_200"":0,""scrimage_yards_100"":1.8,""scrimage_yards_200"":0}"
23136,16167,De'Von Achane,RB,RB,MIA,113.062,calculated,113.08,124.86,136.65,"{""2pt_tds"":0,""fumbles"":1.16,""points"":113.08,""points_half"":124.86,""points_ppr"":136.65,""rec_rec"":23.56,""rec_tds"":1.46,""rec_yds"":201.41,""rec_yds_100"":0,""rec_yds_200"":0,""ret_tds"":0,""rush_att"":129.51,""rush_tds"":4.55,""rush_yds"":591.81,""rush_yds_100"":2.1,""rush_yds_200"":0,""scrimage_yards_100"":4.2,""scrimage_yards_200"":0}"
24209,15742,Jaylen Warren,RB,RB,PIT,110.77,calculated,110.73,127.54,144.36,"{""2pt_tds"":0,""fumbles"":0.66,""points"":110.73,""points_half"":127.54,""points_ppr"":144.36,""rec_rec"":33.63,""rec_tds"":0.36,""rec_yds"":239.05,""rec_yds_100"":0,""rec_yds_200"":0,""ret_tds"":0,""rush_att"":114.8,""rush_tds"":4.52,""rush_yds"":589.05,""rush_yds_100"":0.4,""rush_yds_200"":0,""scrimage_yards_100"":1.7,""scrimage_yards_200"":0}"
16423,13133,Samaje Perine,RB,RB,CIN,108.938,calculated,108.94,125.23,141.52,"{""2pt_tds"":0,""fumbles"":0.86,""points"":108.94,""points_half"":125.23,""points_ppr"":141.52,""rec_rec"":32.58,""rec_tds"":1.17,""rec_yds"":251.13,""rec_yds_100"":0,""rec_yds_200"":0,""ret_tds"":0,""rush_att"":150.99,""rush_tds"":3.28,""rush_yds"":588.45,""rush_yds_100"":0.1,""rush_yds_200"":0,""scrimage_yards_100"":0.8,""scrimage_yards_200"":0}"
17687,13850,Gus Edwards,RB,RB,FA,108.032,calculated,106.02,109.9,113.78,"{""2pt_tds"":1,""fumbles"":1.26,""points"":106.02,""points_half"":109.9,""points_ppr"":113.78,""rec_rec"":7.76,""rec_tds"":0.1,""rec_yds"":85.04,""rec_yds_100"":0,""rec_yds_200"":0,""ret_tds"":0,""rush_att"":124.09,""rush_tds"":5.48,""rush_yds"":665.68,""rush_yds_100"":2.4,""rush_yds_200"":0,""scrimage_yards_100"":3.2,""scrimage_yards_200"":0}"
19792,15261,Chuba Hubbard,RB,RB,CAR,107.613,calculated,107.61,118.25,128.88,"{""2pt_tds"":0,""fumbles"":0.63,""points"":107.61,""points_half"":118.25,""points_ppr"":128.88,""rec_rec"":21.27,""rec_tds"":0.46,""rec_yds"":183.35,""rec_yds_100"":0,""rec_yds_200"":0,""ret_tds"":0,""rush_att"":126.49,""rush_tds"":4.16,""rush_yds"":628.18,""rush_yds_100"":2.1,""rush_yds_200"":0,""scrimage_yards_100"":3.9,""scrimage_yards_200"":0.2}"
22921,15713,Jerome Ford,RB,RB,WAS,105.649,calculated,103.56,113.75,123.93,"{""2pt_tds"":1.03,""fumbles"":1.17,""points"":103.56,""points_half"":113.75,""points_ppr"":123.93,""rec_rec"":20.37,""rec_tds"":1.68,""rec_yds"":170.43,""rec_yds_100"":0,""rec_yds_200"":0,""ret_tds"":0,""rush_att"":121.54,""rush_tds"":3.34,""rush_yds"":587.66,""rush_yds_100"":1.6,""rush_yds_200"":0,""scrimage_yards_100"":3.3,""scrimage_yards_200"":0}"
24172,15712,Tyler Allgeier,RB,RB,ARI,105.649,calculated,103.6,109.73,115.86,"{""2pt_tds"":1,""fumbles"":0.34,""points"":103.6,""points_half"":109.73,""points_ppr"":115.86,""rec_rec"":12.26,""rec_tds"":0.64,""rec_yds"":104.92,""rec_yds_100"":0,""rec_yds_200"":0,""ret_tds"":0,""rush_att"":150.69,""rush_tds"":3.29,""rush_yds"":702.57,""rush_yds_100"":2.3,""rush_yds_200"":0,""scrimage_yards_100"":3.3,""scrimage_yards_200"":0}"
19624,14852,Antonio Gibson,RB,RB,FA,105.367,calculated,105.38,127.35,149.33,"{""2pt_tds"":0,""fumbles"":1.3,""points"":105.38,""points_half"":127.35,""points_ppr"":149.33,""rec_rec"":43.95,""rec_tds"":1.45,""rec_yds"":302.35,""rec_yds_100"":0,""rec_yds_200"":0,""ret_tds"":0,""rush_att"":137.92,""rush_tds"":3.07,""rush_yds"":506.12,""rush_yds_100"":0.7,""rush_yds_200"":0,""scrimage_yards_100"":1.9,""scrimage_yards_200"":0}"
15498,12625,Ezekiel Elliott,RB,RB,FA,105.174,calculated,104.97,116.72,128.46,"{""2pt_tds"":0.09,""fumbles"":1.02,""points"":104.97,""points_half"":116.72,""points_ppr"":128.46,""rec_rec"":23.48,""rec_tds"":0.83,""rec_yds"":159.36,""rec_yds_100"":0,""rec_yds_200"":0,""ret_tds"":0,""rush_att"":148.49,""rush_tds"":4.6,""rush_yds"":585.18,""rush_yds_100"":1.5,""rush_yds_200"":0,""scrimage_yards_100"":3.1,""scrimage_yards_200"":0}"
16425,13138,Kareem Hunt,RB,RB,FA,103.11,calculated,103.11,110.61,118.11,"{""2pt_tds"":0,""fumbles"":0,""points"":103.11,""points_half"":110.61,""points_ppr"":118.11,""rec_rec"":15,""rec_tds"":0.55,""rec_yds"":174.2,""rec_yds_100"":0,""rec_yds_200"":0,""ret_tds"":0,""rush_att"":135.4,""rush_tds"":5.95,""rush_yds"":466.9,""rush_yds_100"":0.3,""rush_yds_200"":0,""scrimage_yards_100"":1.5,""scrimage_yards_200"":0}"
18280,14080,Devin Singletary,RB,RB,NYG,102.038,calculated,102.06,114.11,126.17,"{""2pt_tds"":0,""fumbles"":1.07,""points"":102.06,""points_half"":114.11,""points_ppr"":126.17,""rec_rec"":24.11,""rec_tds"":0.42,""rec_yds"":186.16,""rec_yds_100"":0,""rec_yds_200"":0,""ret_tds"":0,""rush_att"":134.14,""rush_tds"":3.25,""rush_yds"":635.42,""rush_yds_100"":1.8,""rush_yds_200"":0,""scrimage_yards_100"":4,""scrimage_yards_200"":0}"
16374,13128,Dalvin Cook,RB,RB,FA,100.151,calculated,100.12,112.74,125.37,"{""2pt_tds"":0,""fumbles"":1.48,""points"":100.12,""points_half"":112.74,""points_ppr"":125.37,""rec_rec"":25.26,""rec_tds"":0.8,""rec_yds"":163.75,""rec_yds_100"":0,""rec_yds_200"":0,""ret_tds"":0,""rush_att"":164.69,""rush_tds"":3.38,""rush_yds"":616.56,""rush_yds_100"":0.2,""rush_yds_200"":0,""scrimage_yards_100"":0.6,""scrimage_yards_200"":0}"
23152,16169,Zach Charbonnet,RB,RB,SEA,94.176,calculated,94.2,107.1,120,"{""2pt_tds"":0,""fumbles"":0.88,""points"":94.2,""points_half"":107.1,""points_ppr"":120,""rec_rec"":25.8,""rec_tds"":0.63,""rec_yds"":195.29,""rec_yds_100"":0,""rec_yds_200"":0,""ret_tds"":0,""rush_att"":123.71,""rush_tds"":2.98,""rush_yds"":547.47,""rush_yds_100"":1.2,""rush_yds_200"":0,""scrimage_yards_100"":3,""scrimage_yards_200"":0}"
16424,13139,Jamaal Williams,RB,RB,FA,90.035,calculated,90.02,98.41,106.81,"{""2pt_tds"":0,""fumbles"":0.49,""points"":90.02,""points_half"":98.41,""points_ppr"":106.81,""rec_rec"":16.8,""rec_tds"":0.28,""rec_yds"":102.65,""rec_yds_100"":0,""rec_yds_200"":0,""ret_tds"":0,""rush_att"":151.15,""rush_tds"":3.94,""rush_yds"":554.3,""rush_yds_100"":0.3,""rush_yds_200"":0,""scrimage_yards_100"":0.7,""scrimage_yards_200"":0}"
25323,16165,Tyjae Spears,RB,RB,TEN,87.9,calculated,87.89,101.49,115.09,"{""2pt_tds"":0,""fumbles"":0.8,""points"":87.89,""points_half"":101.49,""points_ppr"":115.09,""rec_rec"":27.2,""rec_tds"":1.08,""rec_yds"":255.57,""rec_yds_100"":0,""rec_yds_200"":0,""ret_tds"":0,""rush_att"":99.88,""rush_tds"":2.34,""rush_yds"":434.23,""rush_yds_100"":0.3,""rush_yds_200"":0,""scrimage_yards_100"":2.3,""scrimage_yards_200"":0}"
22813,15263,Elijah Mitchell,RB,RB,FA,87.34,calculated,87.35,92.66,97.97,"{""2pt_tds"":0,""fumbles"":0.34,""points"":87.35,""points_half"":92.66,""points_ppr"":97.97,""rec_rec"":10.62,""rec_tds"":0.57,""rec_yds"":69.33,""rec_yds_100"":0,""rec_yds_200"":0,""ret_tds"":0,""rush_att"":136.7,""rush_tds"":3.46,""rush_yds"":569.07,""rush_yds_100"":0.5,""rush_yds_200"":0,""scrimage_yards_100"":0.8,""scrimage_yards_200"":0}"
19471,15723,Ty Chandler,RB,RB,NO,86.98,calculated,86.95,95.28,103.6,"{""2pt_tds"":0,""fumbles"":0.86,""points"":86.95,""points_half"":95.28,""points_ppr"":103.6,""rec_rec"":16.65,""rec_tds"":0.66,""rec_yds"":157.75,""rec_yds_100"":0,""rec_yds_200"":0,""ret_tds"":0,""rush_att"":111.74,""rush_tds"":3.24,""rush_yds"":495.25,""rush_yds_100"":1.5,""rush_yds_200"":0,""scrimage_yards_100"":3.5,""scrimage_yards_200"":0}"
23310,15255,Kenny Gainwell,RB,RB,TB,85.759,calculated,83.74,95.88,108.02,"{""2pt_tds"":1.03,""fumbles"":0.72,""points"":83.74,""points_half"":95.88,""points_ppr"":108.02,""rec_rec"":24.27,""rec_tds"":0.55,""rec_yds"":175.21,""rec_yds_100"":0,""rec_yds_200"":0,""ret_tds"":0,""rush_att"":96.28,""rush_tds"":3.73,""rush_yds"":419.38,""rush_yds_100"":0,""rush_yds_200"":0,""scrimage_yards_100"":0.3,""scrimage_yards_200"":0}"
16407,13134,D'Onta Foreman,RB,RB,FA,83.287,calculated,83.28,87.26,91.24,"{""2pt_tds"":0,""fumbles"":0.5,""points"":83.28,""points_half"":87.26,""points_ppr"":91.24,""rec_rec"":7.97,""rec_tds"":0.35,""rec_yds"":58.61,""rec_yds_100"":0,""rec_yds_200"":0,""ret_tds"":0,""rush_att"":132.17,""rush_tds"":2.96,""rush_yds"":585.66,""rush_yds_100"":2.2,""rush_yds_200"":0,""scrimage_yards_100"":2.9,""scrimage_yards_200"":0}"
17308,13608,Rashaad Penny,RB,RB,FA,80.891,calculated,80.85,84.38,87.9,"{""2pt_tds"":0,""fumbles"":0.48,""points"":80.85,""points_half"":84.38,""points_ppr"":87.9,""rec_rec"":7.05,""rec_tds"":0.08,""rec_yds"":41.24,""rec_yds_100"":0,""rec_yds_200"":0,""ret_tds"":0,""rush_att"":134.57,""rush_tds"":3.75,""rush_yds"":547.47,""rush_yds_100"":0.1,""rush_yds_200"":0,""scrimage_yards_100"":0.2,""scrimage_yards_200"":0}"
19263,14798,Zack Moss,RB,RB,FA,78.089,calculated,76.11,83.96,91.81,"{""2pt_tds"":1,""fumbles"":0.58,""points"":76.11,""points_half"":83.96,""points_ppr"":91.81,""rec_rec"":15.7,""rec_tds"":0.79,""rec_yds"":113.33,""rec_yds_100"":0,""rec_yds_200"":0,""ret_tds"":0,""rush_att"":88.79,""rush_tds"":2.58,""rush_yds"":456.96,""rush_yds_100"":0.4,""rush_yds_200"":0,""scrimage_yards_100"":1.1,""scrimage_yards_200"":0}"
12209,11761,Jerick McKinnon,RB,RB,FA,75.539,calculated,75.54,93.61,111.67,"{""2pt_tds"":0,""fumbles"":0.18,""points"":75.54,""points_half"":93.61,""points_ppr"":111.67,""rec_rec"":36.14,""rec_tds"":3.04,""rec_yds"":285.23,""rec_yds_100"":0,""rec_yds_200"":0,""ret_tds"":0,""rush_att"":58.05,""rush_tds"":1.54,""rush_yds"":198.96,""rush_yds_100"":0,""rush_yds_200"":0,""scrimage_yards_100"":0.2,""scrimage_yards_200"":0}"
25322,16175,Roschon Johnson,RB,RB,CHI,72.731,calculated,72.75,81.4,90.05,"{""2pt_tds"":0,""fumbles"":0.76,""points"":72.75,""points_half"":81.4,""points_ppr"":90.05,""rec_rec"":17.3,""rec_tds"":0.51,""rec_yds"":141.61,""rec_yds_100"":0,""rec_yds_200"":0,""ret_tds"":0,""rush_att"":95.43,""rush_tds"":2.28,""rush_yds"":433.5,""rush_yds_100"":0.8,""rush_yds_200"":0,""scrimage_yards_100"":2,""scrimage_yards_200"":0}"
18026,14017,Jeff Wilson Jr.,RB,RB,FA,70.317,calculated,70.3,78.35,86.41,"{""2pt_tds"":0,""fumbles"":0.76,""points"":70.3,""points_half"":78.35,""points_ppr"":86.41,""rec_rec"":16.11,""rec_tds"":0.74,""rec_yds"":122.1,""rec_yds_100"":0,""rec_yds_200"":0,""ret_tds"":0,""rush_att"":115.5,""rush_tds"":2.28,""rush_yds"":415.07,""rush_yds_100"":0.7,""rush_yds_200"":0,""scrimage_yards_100"":1.3,""scrimage_yards_200"":0}"
25876,16390,Jaleel McLaughlin,RB,RB,DEN,66.679,calculated,66.69,77.5,88.32,"{""2pt_tds"":0,""fumbles"":0.32,""points"":66.69,""points_half"":77.5,""points_ppr"":88.32,""rec_rec"":21.63,""rec_tds"":1.1,""rec_yds"":190.83,""rec_yds_100"":0,""rec_yds_200"":0,""ret_tds"":0,""rush_att"":72.34,""rush_tds"":1.35,""rush_yds"":335.36,""rush_yds_100"":0.1,""rush_yds_200"":0,""scrimage_yards_100"":1.1,""scrimage_yards_200"":0}"
18230,14075,Damien Harris,RB,RB,FA,65.42,calculated,65.39,72.47,79.55,"{""2pt_tds"":0,""fumbles"":0.42,""points"":65.39,""points_half"":72.47,""points_ppr"":79.55,""rec_rec"":14.16,""rec_tds"":0.29,""rec_yds"":87.16,""rec_yds_100"":0,""rec_yds_200"":0,""ret_tds"":0,""rush_att"":105.02,""rush_tds"":2.7,""rush_yds"":396.04,""rush_yds_100"":0.2,""rush_yds_200"":0,""scrimage_yards_100"":0.3,""scrimage_yards_200"":0}"
22908,16164,Tank Bigsby,RB,RB,PHI,62.656,calculated,62.69,70.4,78.12,"{""2pt_tds"":0,""fumbles"":1.25,""points"":62.69,""points_half"":70.4,""points_ppr"":78.12,""rec_rec"":15.43,""rec_tds"":0.56,""rec_yds"":112.7,""rec_yds_100"":0,""rec_yds_200"":0,""ret_tds"":0,""rush_att"":100.15,""rush_tds"":2.34,""rush_yds"":364.86,""rush_yds_100"":0.1,""rush_yds_200"":0,""scrimage_yards_100"":0.3,""scrimage_yards_200"":0}"
25360,16178,Keaton Mitchell,RB,RB,LAC,60.9,calculated,60.9,65.4,69.9,"{""2pt_tds"":0,""fumbles"":0,""points"":60.9,""points_half"":65.4,""points_ppr"":69.9,""rec_rec"":9,""rec_tds"":0,""rec_yds"":93,""rec_yds_100"":0,""rec_yds_200"":0,""ret_tds"":0,""rush_att"":0,""rush_tds"":2,""rush_yds"":396,""rush_yds_100"":0,""rush_yds_200"":0,""scrimage_yards_100"":0,""scrimage_yards_200"":0}"
19445,14807,Joshua Kelley,RB,RB,FA,60.808,calculated,60.83,67.14,73.46,"{""2pt_tds"":0,""fumbles"":1.03,""points"":60.83,""points_half"":67.14,""points_ppr"":73.46,""rec_rec"":12.64,""rec_tds"":0.21,""rec_yds"":96.61,""rec_yds_100"":0,""rec_yds_200"":0,""ret_tds"":0,""rush_att"":98.56,""rush_tds"":2.16,""rush_yds"":389.87,""rush_yds_100"":0.2,""rush_yds_200"":0,""scrimage_yards_100"":0.7,""scrimage_yards_200"":0}"
19325,14803,Clyde Edwards-Helaire,RB,RB,FA,59.852,calculated,59.82,67.09,74.36,"{""2pt_tds"":0,""fumbles"":0.18,""points"":59.82,""points_half"":67.09,""points_ppr"":74.36,""rec_rec"":14.54,""rec_tds"":1.04,""rec_yds"":134.99,""rec_yds_100"":0,""rec_yds_200"":0,""ret_tds"":0,""rush_att"":75.84,""rush_tds"":1.8,""rush_yds"":296.73,""rush_yds_100"":0.4,""rush_yds_200"":0,""scrimage_yards_100"":1.1,""scrimage_yards_200"":0}"
19647,14823,Rico Dowdle,RB,RB,PIT,58.162,calculated,58.17,62.63,67.09,"{""2pt_tds"":0,""fumbles"":0.23,""points"":58.17,""points_half"":62.63,""points_ppr"":67.09,""rec_rec"":8.92,""rec_tds"":0.62,""rec_yds"":96.07,""rec_yds_100"":0,""rec_yds_200"":0,""ret_tds"":0,""rush_att"":82.16,""rush_tds"":1.81,""rush_yds"":344.35,""rush_yds_100"":0.8,""rush_yds_200"":0,""scrimage_yards_100"":1.9,""scrimage_yards_200"":0}"
11613,11225,Cordarrelle Patterson,RB,RB,FA,56.769,calculated,56.73,65.73,74.73,"{""2pt_tds"":0,""fumbles"":0.14,""points"":56.73,""points_half"":65.73,""points_ppr"":74.73,""rec_rec"":18,""rec_tds"":0.94,""rec_yds"":135.99,""rec_yds_100"":0,""rec_yds_200"":0,""ret_tds"":0,""rush_att"":67.67,""rush_tds"":1.76,""rush_yds"":272.5,""rush_yds_100"":0,""rush_yds_200"":0,""scrimage_yards_100"":0.4,""scrimage_yards_200"":0}"
25654,16385,Emari Demercado,RB,RB,KC,56.46,calculated,56.51,64.86,73.21,"{""2pt_tds"":0,""fumbles"":0.33,""points"":56.51,""points_half"":64.86,""points_ppr"":73.21,""rec_rec"":16.7,""rec_tds"":0.23,""rec_yds"":117.66,""rec_yds_100"":0,""rec_yds_200"":0,""ret_tds"":0,""rush_att"":94,""rush_tds"":1.64,""rush_yds"":341.34,""rush_yds_100"":0.4,""rush_yds_200"":0,""scrimage_yards_100"":1,""scrimage_yards_200"":0}"
16378,13129,Leonard Fournette,RB,RB,FA,51.297,calculated,51.3,58.3,65.3,"{""2pt_tds"":0,""fumbles"":0.05,""points"":51.3,""points_half"":58.3,""points_ppr"":65.3,""rec_rec"":14,""rec_tds"":0.33,""rec_yds"":139.7,""rec_yds_100"":0,""rec_yds_200"":0,""ret_tds"":0,""rush_att"":120.1,""rush_tds"":1.07,""rush_yds"":290.27,""rush_yds_100"":0.2,""rush_yds_200"":0,""scrimage_yards_100"":0.9,""scrimage_yards_200"":0}"
24360,16171,Kendre Miller,RB,RB,NO,51.056,calculated,51.07,59.08,67.09,"{""2pt_tds"":0,""fumbles"":0.66,""points"":51.07,""points_half"":59.08,""points_ppr"":67.09,""rec_rec"":16.02,""rec_tds"":0.51,""rec_yds"":135.47,""rec_yds_100"":0,""rec_yds_200"":0,""ret_tds"":0,""rush_att"":74.78,""rush_tds"":1.33,""rush_yds"":277.89,""rush_yds_100"":0.1,""rush_yds_200"":0,""scrimage_yards_100"":0.4,""scrimage_yards_200"":0}"
11821,11390,Latavius Murray,RB,RB,FA,49.98,calculated,50,55.34,60.69,"{""2pt_tds"":0,""fumbles"":0.04,""points"":50,""points_half"":55.34,""points_ppr"":60.69,""rec_rec"":10.69,""rec_tds"":0.16,""rec_yds"":77.88,""rec_yds_100"":0,""rec_yds_200"":0,""ret_tds"":0,""rush_att"":68.17,""rush_tds"":2.09,""rush_yds"":287.72,""rush_yds_100"":0.4,""rush_yds_200"":0,""scrimage_yards_100"":0.9,""scrimage_yards_200"":0}"
17496,13726,Chase Edmonds,RB,RB,WAS,46.002,calculated,45.96,54.86,63.75,"{""2pt_tds"":0,""fumbles"":0.38,""points"":45.96,""points_half"":54.86,""points_ppr"":63.75,""rec_rec"":17.79,""rec_tds"":0.54,""rec_yds"":133.39,""rec_yds_100"":0,""rec_yds_200"":0,""ret_tds"":0,""rush_att"":66.82,""rush_tds"":0.95,""rush_yds"":244.83,""rush_yds_100"":0.1,""rush_yds_200"":0,""scrimage_yards_100"":0.5,""scrimage_yards_200"":0}"
18256,14086,Justice Hill,RB,RB,BAL,45.642,calculated,45.65,52.1,58.55,"{""2pt_tds"":0,""fumbles"":0.58,""points"":45.65,""points_half"":52.1,""points_ppr"":58.55,""rec_rec"":12.9,""rec_tds"":0.37,""rec_yds"":93.38,""rec_yds_100"":0,""rec_yds_200"":0,""ret_tds"":0,""rush_att"":40.38,""rush_tds"":1.63,""rush_yds"":254.64,""rush_yds_100"":0.4,""rush_yds_200"":0,""scrimage_yards_100"":0.9,""scrimage_yards_200"":0}"
20095,15714,Zamir White,RB,RB,SF,45.423,calculated,45.43,50.89,56.35,"{""2pt_tds"":0,""fumbles"":0.49,""points"":45.43,""points_half"":50.89,""points_ppr"":56.35,""rec_rec"":10.92,""rec_tds"":0.2,""rec_yds"":55.73,""rec_yds_100"":0,""rec_yds_200"":0,""ret_tds"":0,""rush_att"":59.18,""rush_tds"":1.75,""rush_yds"":291.3,""rush_yds_100"":0,""rush_yds_200"":0,""scrimage_yards_100"":0,""scrimage_yards_200"":0}"
23162,15734,Keaontay Ingram,RB,RB,FA,45.247,calculated,45.25,51.65,58.05,"{""2pt_tds"":0,""fumbles"":0.36,""points"":45.25,""points_half"":51.65,""points_ppr"":58.05,""rec_rec"":12.81,""rec_tds"":0.21,""rec_yds"":90.11,""rec_yds_100"":0,""rec_yds_200"":0,""ret_tds"":0,""rush_att"":83.98,""rush_tds"":1.34,""rush_yds"":276.56,""rush_yds_100"":0,""rush_yds_200"":0,""scrimage_yards_100"":0.2,""scrimage_yards_200"":0}"
25324,16181,Chase Brown,RB,RB,CIN,44.847,calculated,44.84,52.44,60.03,"{""2pt_tds"":0,""fumbles"":0.7,""points"":44.84,""points_half"":52.44,""points_ppr"":60.03,""rec_rec"":15.19,""rec_tds"":0.63,""rec_yds"":139.68,""rec_yds_100"":0,""rec_yds_200"":0,""ret_tds"":0,""rush_att"":58.98,""rush_tds"":1.04,""rush_yds"":222.59,""rush_yds_100"":0.3,""rush_yds_200"":0,""scrimage_yards_100"":0.9,""scrimage_yards_200"":0}"
17245,13617,Royce Freeman,RB,RB,FA,42.29,calculated,42.29,42.79,43.29,"{""2pt_tds"":0,""fumbles"":0.15,""points"":42.29,""points_half"":42.79,""points_ppr"":43.29,""rec_rec"":1,""rec_tds"":0.05,""rec_yds"":68.45,""rec_yds_100"":0,""rec_yds_200"":0,""ret_tds"":0,""rush_att"":70,""rush_tds"":1.05,""rush_yds"":291.45,""rush_yds_100"":0,""rush_yds_200"":0,""scrimage_yards_100"":0.3,""scrimage_yards_200"":0}"
23796,15728,Abram Smith,RB,RB,FA,40.786,calculated,40.69,48.79,56.9,"{""2pt_tds"":0.05,""fumbles"":0.14,""points"":40.69,""points_half"":48.79,""points_ppr"":56.9,""rec_rec"":16.21,""rec_tds"":0.63,""rec_yds"":126.45,""rec_yds_100"":0,""rec_yds_200"":0,""ret_tds"":0,""rush_att"":0,""rush_tds"":1.2,""rush_yds"":173.41,""rush_yds_100"":0,""rush_yds_200"":0,""scrimage_yards_100"":0,""scrimage_yards_200"":0}"
17058,13378,Matt Breida,RB,RB,FA,40.711,calculated,40.74,46.99,53.25,"{""2pt_tds"":0,""fumbles"":0.67,""points"":40.74,""points_half"":46.99,""points_ppr"":53.25,""rec_rec"":12.52,""rec_tds"":0.2,""rec_yds"":91.85,""rec_yds_100"":0,""rec_yds_200"":0,""ret_tds"":0,""rush_att"":63.06,""rush_tds"":1.05,""rush_yds"":253.66,""rush_yds_100"":0.4,""rush_yds_200"":0,""scrimage_yards_100"":1,""scrimage_yards_200"":0}"
22984,16176,Deuce Vaughn,RB,RB,FA,40.179,calculated,40.15,46.38,52.6,"{""2pt_tds"":0,""fumbles"":0.64,""points"":40.15,""points_half"":46.38,""points_ppr"":52.6,""rec_rec"":12.46,""rec_tds"":0.46,""rec_yds"":93.21,""rec_yds_100"":0,""rec_yds_200"":0,""ret_tds"":0,""rush_att"":66.61,""rush_tds"":1.08,""rush_yds"":228.98,""rush_yds_100"":0,""rush_yds_200"":0,""scrimage_yards_100"":0.2,""scrimage_yards_200"":0}"
22969,15972,Jordan Mason,RB,RB,MIN,38.998,calculated,39.01,40.3,41.59,"{""2pt_tds"":0,""fumbles"":0.16,""points"":39.01,""points_half"":40.3,""points_ppr"":41.59,""rec_rec"":2.59,""rec_tds"":0.08,""rec_yds"":41.02,""rec_yds_100"":0,""rec_yds_200"":0,""ret_tds"":0,""rush_att"":59.06,""rush_tds"":1.33,""rush_yds"":267.56,""rush_yds_100"":0.2,""rush_yds_200"":0,""scrimage_yards_100"":0.5,""scrimage_yards_200"":0}"
20097,15277,Deon Jackson,RB,RB,FA,38.138,calculated,38.17,47.03,55.88,"{""2pt_tds"":0,""fumbles"":1.18,""points"":38.17,""points_half"":47.03,""points_ppr"":55.88,""rec_rec"":17.71,""rec_tds"":0.68,""rec_yds"":104.15,""rec_yds_100"":0,""rec_yds_200"":0,""ret_tds"":0,""rush_att"":67.59,""rush_tds"":1.13,""rush_yds"":192.23,""rush_yds_100"":0,""rush_yds_200"":0,""scrimage_yards_100"":0,""scrimage_yards_200"":0}"
19074,14727,Craig Reynolds,RB,RB,WAS,37.456,calculated,37.44,42.67,47.9,"{""2pt_tds"":0,""fumbles"":0.74,""points"":37.44,""points_half"":42.67,""points_ppr"":47.9,""rec_rec"":10.46,""rec_tds"":0.2,""rec_yds"":103.03,""rec_yds_100"":0,""rec_yds_200"":0,""ret_tds"":0,""rush_att"":53.33,""rush_tds"":1.03,""rush_yds"":212.53,""rush_yds_100"":0,""rush_yds_200"":0,""scrimage_yards_100"":0.3,""scrimage_yards_200"":0}"
18607,14076,Trayveon Williams,RB,RB,DET,36.556,calculated,36.57,41.97,47.38,"{""2pt_tds"":0,""fumbles"":0.95,""points"":36.57,""points_half"":41.97,""points_ppr"":47.38,""rec_rec"":10.81,""rec_tds"":0.28,""rec_yds"":73.84,""rec_yds_100"":0,""rec_yds_200"":0,""ret_tds"":0,""rush_att"":60.72,""rush_tds"":0.81,""rush_yds"":245.32,""rush_yds_100"":0.2,""rush_yds_200"":0,""scrimage_yards_100"":0.5,""scrimage_yards_200"":0}"
23143,15709,Isaiah Spiller,RB,RB,FA,34.499,calculated,34.51,38.61,42.72,"{""2pt_tds"":0,""fumbles"":0.22,""points"":34.51,""points_half"":38.61,""points_ppr"":42.72,""rec_rec"":8.22,""rec_tds"":0.18,""rec_yds"":67,""rec_yds_100"":0,""rec_yds_200"":0,""ret_tds"":0,""rush_att"":63.77,""rush_tds"":0.79,""rush_yds"":224.19,""rush_yds_100"":0.1,""rush_yds_200"":0,""scrimage_yards_100"":0.3,""scrimage_yards_200"":0}"
23679,16166,Sean Tucker,RB,RB,TB,33.931,calculated,33.93,38.51,43.09,"{""2pt_tds"":0,""fumbles"":0.15,""points"":33.93,""points_half"":38.51,""points_ppr"":43.09,""rec_rec"":9.16,""rec_tds"":0.28,""rec_yds"":70.17,""rec_yds_100"":0,""rec_yds_200"":0,""ret_tds"":0,""rush_att"":65.34,""rush_tds"":0.84,""rush_yds"":204.94,""rush_yds_100"":0,""rush_yds_200"":0,""scrimage_yards_100"":0.2,""scrimage_yards_200"":0}"
24173,15733,Pierre Strong Jr.,RB,RB,GB,33.746,calculated,33.73,37.15,40.56,"{""2pt_tds"":0,""fumbles"":0.44,""points"":33.73,""points_half"":37.15,""points_ppr"":40.56,""rec_rec"":6.83,""rec_tds"":0.19,""rec_yds"":62.38,""rec_yds_100"":0,""rec_yds_200"":0,""ret_tds"":0,""rush_att"":45.27,""rush_tds"":1.01,""rush_yds"":211.88,""rush_yds_100"":0.1,""rush_yds_200"":0,""scrimage_yards_100"":0.4,""scrimage_yards_200"":0}"
22986,16174,Chris Rodriguez Jr.,RB,RB,JAC,32.449,calculated,32.45,36.02,39.59,"{""2pt_tds"":0,""fumbles"":0.41,""points"":32.45,""points_half"":36.02,""points_ppr"":39.59,""rec_rec"":7.14,""rec_tds"":0.17,""rec_yds"":53.52,""rec_yds_100"":0,""rec_yds_200"":0,""ret_tds"":0,""rush_att"":38.38,""rush_tds"":1.34,""rush_yds"":188.57,""rush_yds_100"":0,""rush_yds_200"":0,""scrimage_yards_100"":0,""scrimage_yards_200"":0}"
13924,12155,Ameer Abdullah,RB,RB,JAC,32.077,calculated,32.07,41.97,51.88,"{""2pt_tds"":0,""fumbles"":0.15,""points"":32.07,""points_half"":41.97,""points_ppr"":51.88,""rec_rec"":19.81,""rec_tds"":0.51,""rec_yds"":156.86,""rec_yds_100"":0,""rec_yds_200"":0,""ret_tds"":0,""rush_att"":30.94,""rush_tds"":0.34,""rush_yds"":115.91,""rush_yds_100"":0,""rush_yds_200"":0,""scrimage_yards_100"":0.1,""scrimage_yards_200"":0}"
25325,16180,Evan Hull,RB,RB,ARI,30.525,calculated,30.53,33.7,36.87,"{""2pt_tds"":0,""fumbles"":0.11,""points"":30.53,""points_half"":33.7,""points_ppr"":36.87,""rec_rec"":6.34,""rec_tds"":0.24,""rec_yds"":50.44,""rec_yds_100"":0,""rec_yds_200"":0,""ret_tds"":0,""rush_att"":58.38,""rush_tds"":0.97,""rush_yds"":184.41,""rush_yds_100"":0,""rush_yds_200"":0,""scrimage_yards_100"":0,""scrimage_yards_200"":0}"
23117,15719,Kevin Harris,RB,RB,FA,28.9,calculated,28.93,33.99,39.04,"{""2pt_tds"":0,""fumbles"":0.2,""points"":28.93,""points_half"":33.99,""points_ppr"":39.04,""rec_rec"":10.11,""rec_tds"":0.19,""rec_yds"":87.49,""rec_yds_100"":0,""rec_yds_200"":0,""ret_tds"":0,""rush_att"":54.71,""rush_tds"":0.65,""rush_yds"":155.11,""rush_yds_100"":0.1,""rush_yds_200"":0,""scrimage_yards_100"":0.2,""scrimage_yards_200"":0}"
20100,15973,Raheem Blackshear,RB,RB,DET,28.695,calculated,26.71,32.51,38.32,"{""2pt_tds"":1,""fumbles"":0.38,""points"":26.71,""points_half"":32.51,""points_ppr"":38.32,""rec_rec"":11.62,""rec_tds"":0.24,""rec_yds"":80.82,""rec_yds_100"":0,""rec_yds_200"":0,""ret_tds"":0,""rush_att"":36.44,""rush_tds"":1.03,""rush_yds"":117.53,""rush_yds_100"":0,""rush_yds_200"":0,""scrimage_yards_100"":0,""scrimage_yards_200"":0}"
19111,14331,D'Ernest Johnson,RB,RB,TEN,28.666,calculated,28.7,31.95,35.2,"{""2pt_tds"":0,""fumbles"":0,""points"":28.7,""points_half"":31.95,""points_ppr"":35.2,""rec_rec"":6.51,""rec_tds"":0.04,""rec_yds"":78.4,""rec_yds_100"":0,""rec_yds_200"":0,""ret_tds"":0,""rush_att"":41.55,""rush_tds"":0.44,""rush_yds"":179.46,""rush_yds_100"":0.3,""rush_yds_200"":0,""scrimage_yards_100"":0.8,""scrimage_yards_200"":0}"
18588,14087,Darrell Henderson Jr.,RB,RB,FA,28.14,calculated,28.14,33.14,38.14,"{""2pt_tds"":0,""fumbles"":0,""points"":28.14,""points_half"":33.14,""points_ppr"":38.14,""rec_rec"":10,""rec_tds"":0,""rec_yds"":76.3,""rec_yds_100"":0,""rec_yds_200"":0,""ret_tds"":0,""rush_att"":49.7,""rush_tds"":1,""rush_yds"":145.1,""rush_yds_100"":0,""rush_yds_200"":0,""scrimage_yards_100"":0,""scrimage_yards_200"":0}"
22728,15258,Michael Carter,RB,RB,TEN,27.05,calculated,27.07,33.24,39.4,"{""2pt_tds"":0,""fumbles"":0.18,""points"":27.07,""points_half"":33.24,""points_ppr"":39.4,""rec_rec"":12.33,""rec_tds"":0.4,""rec_yds"":83.65,""rec_yds_100"":0,""rec_yds_200"":0,""ret_tds"":0,""rush_att"":37.62,""rush_tds"":0.42,""rush_yds"":141.25,""rush_yds_100"":0,""rush_yds_200"":0,""scrimage_yards_100"":0.2,""scrimage_yards_200"":0}"
23122,16163,Zach Evans,RB,RB,FA,27.023,calculated,27.05,30.57,34.08,"{""2pt_tds"":0,""fumbles"":0.37,""points"":27.05,""points_half"":30.57,""points_ppr"":34.08,""rec_rec"":7.03,""rec_tds"":0.32,""rec_yds"":61.78,""rec_yds_100"":0,""rec_yds_200"":0,""ret_tds"":0,""rush_att"":48.69,""rush_tds"":0.73,""rush_yds"":152.85,""rush_yds_100"":0,""rush_yds_200"":0,""scrimage_yards_100"":0.1,""scrimage_yards_200"":0}"
19627,14821,JaMycal Hasty,RB,RB,NE,26.592,calculated,26.53,32.4,38.27,"{""2pt_tds"":0,""fumbles"":0.09,""points"":26.53,""points_half"":32.4,""points_ppr"":38.27,""rec_rec"":11.74,""rec_tds"":0.39,""rec_yds"":62,""rec_yds_100"":0,""rec_yds_200"":0,""ret_tds"":0,""rush_att"":31.66,""rush_tds"":0.8,""rush_yds"":134.32,""rush_yds_100"":0,""rush_yds_200"":0,""scrimage_yards_100"":0,""scrimage_yards_200"":0}"
19482,14828,Tony Jones Jr.,RB,RB,FA,26.475,calculated,26.48,29.98,33.48,"{""2pt_tds"":0,""fumbles"":0,""points"":26.48,""points_half"":29.98,""points_ppr"":33.48,""rec_rec"":7,""rec_tds"":0,""rec_yds"":52.9,""rec_yds_100"":0,""rec_yds_200"":0,""ret_tds"":0,""rush_att"":68,""rush_tds"":1,""rush_yds"":151.85,""rush_yds_100"":0,""rush_yds_200"":0,""scrimage_yards_100"":0.1,""scrimage_yards_200"":0}"
17243,13606,Ronald Jones II,RB,RB,FA,25.989,calculated,26,27.34,28.69,"{""2pt_tds"":0,""fumbles"":0.19,""points"":26,""points_half"":27.34,""points_ppr"":28.69,""rec_rec"":2.7,""rec_tds"":0.05,""rec_yds"":19.88,""rec_yds_100"":0,""rec_yds_200"":0,""ret_tds"":0,""rush_att"":41.2,""rush_tds"":1.2,""rush_yds"":168.81,""rush_yds_100"":0,""rush_yds_200"":0,""scrimage_yards_100"":0,""scrimage_yards_200"":0}"
23075,16173,Eric Gray,RB,RB,NYG,25.749,calculated,25.71,29.54,33.37,"{""2pt_tds"":0,""fumbles"":0.57,""points"":25.71,""points_half"":29.54,""points_ppr"":33.37,""rec_rec"":7.66,""rec_tds"":0.29,""rec_yds"":50.32,""rec_yds_100"":0,""rec_yds_200"":0,""ret_tds"":0,""rush_att"":42.19,""rush_tds"":0.86,""rush_yds"":149.57,""rush_yds_100"":0,""rush_yds_200"":0,""scrimage_yards_100"":0,""scrimage_yards_200"":0}"
17251,14081,Myles Gaskin,RB,RB,FA,23.324,calculated,23.32,27.01,30.71,"{""2pt_tds"":0,""fumbles"":0.24,""points"":23.32,""points_half"":27.01,""points_ppr"":30.71,""rec_rec"":7.39,""rec_tds"":0.28,""rec_yds"":56.24,""rec_yds_100"":0,""rec_yds_200"":0,""ret_tds"":0,""rush_att"":46.25,""rush_tds"":0.64,""rush_yds"":126.6,""rush_yds_100"":0,""rush_yds_200"":0,""scrimage_yards_100"":0,""scrimage_yards_200"":0}"
19418,14808,Darrynton Evans,RB,RB,FA,23.0,calculated,23,26.5,30,"{""2pt_tds"":0,""fumbles"":0,""points"":23,""points_half"":26.5,""points_ppr"":30,""rec_rec"":7,""rec_tds"":0,""rec_yds"":49,""rec_yds_100"":0,""rec_yds_200"":0,""ret_tds"":0,""rush_att"":0,""rush_tds"":1,""rush_yds"":121,""rush_yds_100"":0,""rush_yds_200"":0,""scrimage_yards_100"":0,""scrimage_yards_200"":0}"
19449,14811,Salvon Ahmed,RB,RB,CHI,22.857,calculated,22.83,26.12,29.42,"{""2pt_tds"":0,""fumbles"":0.03,""points"":22.83,""points_half"":26.12,""points_ppr"":29.42,""rec_rec"":6.59,""rec_tds"":0.27,""rec_yds"":54.28,""rec_yds_100"":0,""rec_yds_200"":0,""ret_tds"":0,""rush_att"":38.74,""rush_tds"":0.68,""rush_yds"":117.89,""rush_yds_100"":0,""rush_yds_200"":0,""scrimage_yards_100"":0.2,""scrimage_yards_200"":0}"
11798,11367,Kyle Juszczyk,RB,RB,SF,22.709,calculated,22.73,29.45,36.17,"{""2pt_tds"":0,""fumbles"":0.03,""points"":22.73,""points_half"":29.45,""points_ppr"":36.17,""rec_rec"":13.44,""rec_tds"":0.86,""rec_yds"":122.63,""rec_yds_100"":0,""rec_yds_200"":0,""ret_tds"":0,""rush_att"":9.93,""rush_tds"":0.33,""rush_yds"":33.66,""rush_yds_100"":0,""rush_yds_200"":0,""scrimage_yards_100"":0,""scrimage_yards_200"":0}"
23986,15726,Ronnie Rivers,RB,RB,LAR,22.626,calculated,22.63,24.9,27.18,"{""2pt_tds"":0,""fumbles"":0.25,""points"":22.63,""points_half"":24.9,""points_ppr"":27.18,""rec_rec"":4.55,""rec_tds"":0.09,""rec_yds"":57.14,""rec_yds_100"":0,""rec_yds_200"":0,""ret_tds"":0,""rush_att"":44.76,""rush_tds"":0.09,""rush_yds"":163.32,""rush_yds_100"":0.1,""rush_yds_200"":0,""scrimage_yards_100"":0.5,""scrimage_yards_200"":0}"
19544,14817,Patrick Taylor Jr.,RB,RB,SF,22.12,calculated,22.12,27.62,33.12,"{""2pt_tds"":0,""fumbles"":0.15,""points"":22.12,""points_half"":27.62,""points_ppr"":33.12,""rec_rec"":11,""rec_tds"":0,""rec_yds"":57.75,""rec_yds_100"":0,""rec_yds_200"":0,""ret_tds"":0,""rush_att"":53.6,""rush_tds"":0,""rush_yds"":166.45,""rush_yds_100"":0,""rush_yds_200"":0,""scrimage_yards_100"":0.1,""scrimage_yards_200"":0}"
19351,14810,Ke'Shawn Vaughn,RB,RB,FA,21.659,calculated,21.68,24.22,26.77,"{""2pt_tds"":0,""fumbles"":0.44,""points"":21.68,""points_half"":24.22,""points_ppr"":26.77,""rec_rec"":5.09,""rec_tds"":0.11,""rec_yds"":31.24,""rec_yds_100"":0,""rec_yds_200"":0,""ret_tds"":0,""rush_att"":47.21,""rush_tds"":0.81,""rush_yds"":138.95,""rush_yds_100"":0,""rush_yds_200"":0,""scrimage_yards_100"":0,""scrimage_yards_200"":0}"
22797,15275,Chris Evans,RB,RB,FA,21.547,calculated,21.58,25.81,30.05,"{""2pt_tds"":0,""fumbles"":0.14,""points"":21.58,""points_half"":25.81,""points_ppr"":30.05,""rec_rec"":8.47,""rec_tds"":0.45,""rec_yds"":66.81,""rec_yds_100"":0,""rec_yds_200"":0,""ret_tds"":0,""rush_att"":32.6,""rush_tds"":0.34,""rush_yds"":104.06,""rush_yds_100"":0,""rush_yds_200"":0,""scrimage_yards_100"":0.1,""scrimage_yards_200"":0}"
24352,16168,Israel Abanikanda,RB,RB,DAL,20.17,calculated,20.18,22.43,24.68,"{""2pt_tds"":0,""fumbles"":0.43,""points"":20.18,""points_half"":22.43,""points_ppr"":24.68,""rec_rec"":4.5,""rec_tds"":0,""rec_yds"":48.33,""rec_yds_100"":0,""rec_yds_200"":0,""ret_tds"":0,""rush_att"":45.7,""rush_tds"":0.33,""rush_yds"":142.17,""rush_yds_100"":0,""rush_yds_200"":0,""scrimage_yards_100"":0.2,""scrimage_yards_200"":0}"
16879,13148,Dare Ogunbowale,RB,RB,LV,19.223,calculated,19.26,22.87,26.47,"{""2pt_tds"":0,""fumbles"":0.06,""points"":19.26,""points_half"":22.87,""points_ppr"":26.47,""rec_rec"":7.21,""rec_tds"":0.13,""rec_yds"":54.98,""rec_yds_100"":0,""rec_yds_200"":0,""ret_tds"":0,""rush_att"":32.24,""rush_tds"":0.58,""rush_yds"":95.85,""rush_yds_100"":0,""rush_yds_200"":0,""scrimage_yards_100"":0,""scrimage_yards_200"":0}"
25885,16432,Emanuel Wilson,RB,RB,SEA,19.071,calculated,19.1,22.03,24.96,"{""2pt_tds"":0,""fumbles"":0.12,""points"":19.1,""points_half"":22.03,""points_ppr"":24.96,""rec_rec"":5.86,""rec_tds"":0.09,""rec_yds"":42.49,""rec_yds_100"":0,""rec_yds_200"":0,""ret_tds"":0,""rush_att"":38.74,""rush_tds"":0.31,""rush_yds"":126.62,""rush_yds_100"":0,""rush_yds_200"":0,""scrimage_yards_100"":0,""scrimage_yards_200"":0}"
17612,13814,Boston Scott,RB,RB,FA,18.938,calculated,18.97,20.52,22.08,"{""2pt_tds"":0,""fumbles"":0.36,""points"":18.97,""points_half"":20.52,""points_ppr"":22.08,""rec_rec"":3.12,""rec_tds"":0.06,""rec_yds"":36.52,""rec_yds_100"":0,""rec_yds_200"":0,""ret_tds"":0,""rush_att"":28.95,""rush_tds"":0.7,""rush_yds"":114.46,""rush_yds_100"":0,""rush_yds_200"":0,""scrimage_yards_100"":0.1,""scrimage_yards_200"":0}"
25831,16523,Owen Wright,RB,RB,HOU,18.649,calculated,18.61,21.16,23.71,"{""2pt_tds"":0.02,""fumbles"":0.11,""points"":18.61,""points_half"":21.16,""points_ppr"":23.71,""rec_rec"":5.1,""rec_tds"":0.19,""rec_yds"":29.73,""rec_yds_100"":0,""rec_yds_200"":0,""ret_tds"":0,""rush_att"":0,""rush_tds"":0.72,""rush_yds"":103.96,""rush_yds_100"":0,""rush_yds_200"":0,""scrimage_yards_100"":0,""scrimage_yards_200"":0}"
19425,15257,Trey Sermon,RB,RB,ATL,18.43,calculated,18.43,19.93,21.43,"{""2pt_tds"":0,""fumbles"":0.1,""points"":18.43,""points_half"":19.93,""points_ppr"":21.43,""rec_rec"":3,""rec_tds"":0,""rec_yds"":32.2,""rec_yds_100"":0,""rec_yds_200"":0,""ret_tds"":0,""rush_att"":43.3,""rush_tds"":0,""rush_yds"":154.1,""rush_yds_100"":0,""rush_yds_200"":0,""scrimage_yards_100"":0,""scrimage_yards_200"":0}"
11410,10932,Brandon Bolden,RB,RB,FA,18.408,calculated,16.42,18.79,21.16,"{""2pt_tds"":1,""fumbles"":0.05,""points"":16.42,""points_half"":18.79,""points_ppr"":21.16,""rec_rec"":4.74,""rec_tds"":0.3,""rec_yds"":44.18,""rec_yds_100"":0,""rec_yds_200"":0,""ret_tds"":0,""rush_att"":19.22,""rush_tds"":0.56,""rush_yds"":69.3,""rush_yds_100"":0,""rush_yds_200"":0,""scrimage_yards_100"":0,""scrimage_yards_200"":0}"
18406,14095,Ty Johnson,RB,RB,BUF,18.034,calculated,18.03,20.86,23.68,"{""2pt_tds"":0,""fumbles"":0.15,""points"":18.03,""points_half"":20.86,""points_ppr"":23.68,""rec_rec"":5.65,""rec_tds"":0.41,""rec_yds"":60.25,""rec_yds_100"":0,""rec_yds_200"":0,""ret_tds"":0,""rush_att"":20.52,""rush_tds"":0.06,""rush_yds"":94.89,""rush_yds_100"":0,""rush_yds_200"":0,""scrimage_yards_100"":0,""scrimage_yards_200"":0}"
23293,15462,Gary Brightwell,RB,RB,CIN,17.996,calculated,18,20.38,22.76,"{""2pt_tds"":0,""fumbles"":0.05,""points"":18,""points_half"":20.38,""points_ppr"":22.76,""rec_rec"":4.76,""rec_tds"":0.09,""rec_yds"":35.18,""rec_yds_100"":0,""rec_yds_200"":0,""ret_tds"":0,""rush_att"":28.08,""rush_tds"":0.59,""rush_yds"":104.98,""rush_yds_100"":0,""rush_yds_200"":0,""scrimage_yards_100"":0,""scrimage_yards_200"":0}"
24689,15965,Julius Chestnut,RB,RB,TEN,16.304,calculated,16.27,19.53,22.79,"{""2pt_tds"":0,""fumbles"":0.1,""points"":16.27,""points_half"":19.53,""points_ppr"":22.79,""rec_rec"":6.52,""rec_tds"":0.19,""rec_yds"":49.7,""rec_yds_100"":0,""rec_yds_200"":0,""ret_tds"":0,""rush_att"":27.01,""rush_tds"":0.4,""rush_yds"":79.94,""rush_yds_100"":0,""rush_yds_200"":0,""scrimage_yards_100"":0,""scrimage_yards_200"":0}"
19655,14973,Jason Huntley,RB,RB,FA,15.776,calculated,15.74,18.07,20.41,"{""2pt_tds"":0.02,""fumbles"":0.06,""points"":15.74,""points_half"":18.07,""points_ppr"":20.41,""rec_rec"":4.67,""rec_tds"":0.15,""rec_yds"":42.47,""rec_yds_100"":0,""rec_yds_200"":0,""ret_tds"":0,""rush_att"":0,""rush_tds"":0.47,""rush_yds"":78.89,""rush_yds_100"":0,""rush_yds_200"":0,""scrimage_yards_100"":0,""scrimage_yards_200"":0}"
18616,14083,Travis Homer,RB,RB,PIT,15.231,calculated,15.19,17.66,20.13,"{""2pt_tds"":0,""fumbles"":0.11,""points"":15.19,""points_half"":17.66,""points_ppr"":20.13,""rec_rec"":4.94,""rec_tds"":0.09,""rec_yds"":46.77,""rec_yds_100"":0,""rec_yds_200"":0,""ret_tds"":0,""rush_att"":17.97,""rush_tds"":0.19,""rush_yds"":90.94,""rush_yds_100"":0,""rush_yds_200"":0,""scrimage_yards_100"":0,""scrimage_yards_200"":0}"
25941,16391,Hunter Luepke,RB,RB,DAL,15.15,calculated,15.15,18.4,21.65,"{""2pt_tds"":0,""fumbles"":0,""points"":15.15,""points_half"":18.4,""points_ppr"":21.65,""rec_rec"":6.5,""rec_tds"":0,""rec_yds"":44,""rec_yds_100"":0,""rec_yds_200"":0,""ret_tds"":0,""rush_att"":18,""rush_tds"":1,""rush_yds"":47.5,""rush_yds_100"":0,""rush_yds_200"":0,""scrimage_yards_100"":0,""scrimage_yards_200"":0}"
13903,12151,Melvin Gordon III,RB,RB,FA,15.002,calculated,15,16.64,18.27,"{""2pt_tds"":0,""fumbles"":0.95,""points"":15,""points_half"":16.64,""points_ppr"":18.27,""rec_rec"":3.27,""rec_tds"":0.06,""rec_yds"":44.31,""rec_yds_100"":0,""rec_yds_200"":0,""ret_tds"":0,""rush_att"":39.97,""rush_tds"":0.33,""rush_yds"":101.31,""rush_yds_100"":0,""rush_yds_200"":0,""scrimage_yards_100"":0.1,""scrimage_yards_200"":0}"
18571,14420,Alec Ingold,RB,RB,LAC,14.816,calculated,14.85,21.37,27.89,"{""2pt_tds"":0,""fumbles"":0.03,""points"":14.85,""points_half"":21.37,""points_ppr"":27.89,""rec_rec"":13.03,""rec_tds"":0.34,""rec_yds"":103.69,""rec_yds_100"":0,""rec_yds_200"":0,""ret_tds"":0,""rush_att"":7.16,""rush_tds"":0.09,""rush_yds"":19.27,""rush_yds_100"":0,""rush_yds_200"":0,""scrimage_yards_100"":0,""scrimage_yards_200"":0}"
19366,14804,Anthony McFarland Jr.,RB,RB,FA,13.902,calculated,13.89,16.81,19.73,"{""2pt_tds"":0,""fumbles"":0.05,""points"":13.89,""points_half"":16.81,""points_ppr"":19.73,""rec_rec"":5.84,""rec_tds"":0.15,""rec_yds"":40.82,""rec_yds_100"":0,""rec_yds_200"":0,""ret_tds"":0,""rush_att"":24.51,""rush_tds"":0.34,""rush_yds"":69.8,""rush_yds_100"":0,""rush_yds_200"":0,""scrimage_yards_100"":0,""scrimage_yards_200"":0}"
23027,15725,Snoop Conner,RB,RB,FA,13.782,calculated,13.7,14.8,15.89,"{""2pt_tds"":0.04,""fumbles"":0.12,""points"":13.7,""points_half"":14.8,""points_ppr"":15.89,""rec_rec"":2.19,""rec_tds"":0.05,""rec_yds"":8.57,""rec_yds_100"":0,""rec_yds_200"":0,""ret_tds"":0,""rush_att"":16.9,""rush_tds"":0.52,""rush_yds"":96.65,""rush_yds_100"":0,""rush_yds_200"":0,""scrimage_yards_100"":0,""scrimage_yards_200"":0}"
25329,16170,Kenny McIntosh,RB,RB,FA,13.366,calculated,13.37,14.49,15.6,"{""2pt_tds"":0,""fumbles"":0.07,""points"":13.37,""points_half"":14.49,""points_ppr"":15.6,""rec_rec"":2.23,""rec_tds"":0.01,""rec_yds"":28.54,""rec_yds_100"":0,""rec_yds_200"":0,""ret_tds"":0,""rush_att"":33.5,""rush_tds"":0.34,""rush_yds"":85.52,""rush_yds_100"":0,""rush_yds_200"":0,""scrimage_yards_100"":0,""scrimage_yards_200"":0}"
18617,14098,Damarea Crockett,RB,RB,FA,12.746,calculated,12.75,15.05,17.35,"{""2pt_tds"":0,""fumbles"":0,""points"":12.75,""points_half"":15.05,""points_ppr"":17.35,""rec_rec"":4.6,""rec_tds"":0.23,""rec_yds"":33.9,""rec_yds_100"":0,""rec_yds_200"":0,""ret_tds"":0,""rush_att"":13.69,""rush_tds"":0.36,""rush_yds"":58.16,""rush_yds_100"":0,""rush_yds_200"":0,""scrimage_yards_100"":0,""scrimage_yards_200"":0}"
22976,15730,Tyler Goodson,RB,RB,ATL,12.1,calculated,12.1,15.1,18.1,"{""2pt_tds"":0,""fumbles"":0,""points"":12.1,""points_half"":15.1,""points_ppr"":18.1,""rec_rec"":6,""rec_tds"":0,""rec_yds"":34,""rec_yds_100"":0,""rec_yds_200"":0,""ret_tds"":0,""rush_att"":0,""rush_tds"":0,""rush_yds"":87,""rush_yds_100"":0,""rush_yds_200"":0,""scrimage_yards_100"":0,""scrimage_yards_200"":0}"
23249,15414,Kene Nwangwu,RB,RB,NYJ,11.9,calculated,11.86,13.2,14.54,"{""2pt_tds"":0,""fumbles"":0.1,""points"":11.86,""points_half"":13.2,""points_ppr"":14.54,""rec_rec"":2.68,""rec_tds"":0.09,""rec_yds"":30.23,""rec_yds_100"":0,""rec_yds_200"":0,""ret_tds"":0,""rush_att"":30.09,""rush_tds"":0.13,""rush_yds"":77.57,""rush_yds_100"":0,""rush_yds_200"":0,""scrimage_yards_100"":0,""scrimage_yards_200"":0}"
19521,14815,DeeJay Dallas,RB,RB,JAC,11.847,calculated,11.82,15.46,19.11,"{""2pt_tds"":0,""fumbles"":0.74,""points"":11.82,""points_half"":15.46,""points_ppr"":19.11,""rec_rec"":7.29,""rec_tds"":0.13,""rec_yds"":47.64,""rec_yds_100"":0,""rec_yds_200"":0,""ret_tds"":0,""rush_att"":17.39,""rush_tds"":0.23,""rush_yds"":64.03,""rush_yds_100"":0,""rush_yds_200"":0,""scrimage_yards_100"":0,""scrimage_yards_200"":0}"
25265,16179,DeWayne McBride,RB,RB,FA,11.249,calculated,11.26,12.27,13.29,"{""2pt_tds"":0,""fumbles"":0.09,""points"":11.26,""points_half"":12.27,""points_ppr"":13.29,""rec_rec"":2.03,""rec_tds"":0.05,""rec_yds"":21.55,""rec_yds_100"":0,""rec_yds_200"":0,""ret_tds"":0,""rush_att"":23.7,""rush_tds"":0.3,""rush_yds"":71.74,""rush_yds_100"":0,""rush_yds_200"":0,""scrimage_yards_100"":0,""scrimage_yards_200"":0}"
22992,15746,Tyrion Davis-Price,RB,RB,FA,11.164,calculated,11.14,12.35,13.55,"{""2pt_tds"":0,""fumbles"":0.1,""points"":11.14,""points_half"":12.35,""points_ppr"":13.55,""rec_rec"":2.41,""rec_tds"":0.08,""rec_yds"":24.81,""rec_yds_100"":0,""rec_yds_200"":0,""ret_tds"":0,""rush_att"":23,""rush_tds"":0.24,""rush_yds"":69.63,""rush_yds_100"":0,""rush_yds_200"":0,""scrimage_yards_100"":0,""scrimage_yards_200"":0}"
15792,12823,Derek Watt,RB,RB,FA,11.064,calculated,11.06,15.01,18.96,"{""2pt_tds"":0,""fumbles"":0,""points"":11.06,""points_half"":15.01,""points_ppr"":18.96,""rec_rec"":7.9,""rec_tds"":0.34,""rec_yds"":59.29,""rec_yds_100"":0,""rec_yds_200"":0,""ret_tds"":0,""rush_att"":5,""rush_tds"":0.17,""rush_yds"":20.75,""rush_yds_100"":0,""rush_yds_200"":0,""scrimage_yards_100"":0,""scrimage_yards_200"":0}"
25823,16387,Chris Brooks,RB,RB,GB,10.6,calculated,10.6,10.6,10.6,"{""2pt_tds"":0,""fumbles"":0,""points"":10.6,""points_half"":10.6,""points_ppr"":10.6,""rec_rec"":0,""rec_tds"":0,""rec_yds"":0,""rec_yds_100"":0,""rec_yds_200"":0,""ret_tds"":0,""rush_att"":0,""rush_tds"":0,""rush_yds"":106,""rush_yds_100"":0,""rush_yds_200"":0,""scrimage_yards_100"":0,""scrimage_yards_200"":0}"
19844,15103,Reggie Gilliam,RB,RB,NE,10.466,calculated,10.41,14.88,19.36,"{""2pt_tds"":0,""fumbles"":0.1,""points"":10.41,""points_half"":14.88,""points_ppr"":19.36,""rec_rec"":8.95,""rec_tds"":0.26,""rec_yds"":44.03,""rec_yds_100"":0,""rec_yds_200"":0,""ret_tds"":0,""rush_att"":12.76,""rush_tds"":0.09,""rush_yds"":41.63,""rush_yds_100"":0,""rush_yds_200"":0,""scrimage_yards_100"":0,""scrimage_yards_200"":0}"
16209,12923,C.J. Ham,RB,RB,FA,9.543,calculated,9.53,13.97,18.42,"{""2pt_tds"":0,""fumbles"":0.02,""points"":9.53,""points_half"":13.97,""points_ppr"":18.42,""rec_rec"":8.89,""rec_tds"":0.14,""rec_yds"":53.33,""rec_yds_100"":0,""rec_yds_200"":0,""ret_tds"":0,""rush_att"":5.85,""rush_tds"":0.28,""rush_yds"":17.3,""rush_yds_100"":0,""rush_yds_200"":0,""scrimage_yards_100"":0,""scrimage_yards_200"":0}"
17813,13868,Mike Boone,RB,RB,FA,9.395,calculated,9.4,12.9,16.4,"{""2pt_tds"":0,""fumbles"":0,""points"":9.4,""points_half"":12.9,""points_ppr"":16.4,""rec_rec"":7,""rec_tds"":0,""rec_yds"":34.35,""rec_yds_100"":0,""rec_yds_200"":0,""ret_tds"":0,""rush_att"":24,""rush_tds"":0,""rush_yds"":59.6,""rush_yds_100"":0,""rush_yds_200"":0,""scrimage_yards_100"":0,""scrimage_yards_200"":0}"
20105,15270,Demetric Felton Jr.,RB,RB,FA,9.222,calculated,9.23,12.14,15.04,"{""2pt_tds"":0,""fumbles"":0.07,""points"":9.23,""points_half"":12.14,""points_ppr"":15.04,""rec_rec"":5.81,""rec_tds"":0.14,""rec_yds"":40.21,""rec_yds_100"":0,""rec_yds_200"":0,""ret_tds"":0,""rush_att"":9.21,""rush_tds"":0.14,""rush_yds"":36.61,""rush_yds_100"":0,""rush_yds_200"":0,""scrimage_yards_100"":0,""scrimage_yards_200"":0}"
25558,16409,Elijah Dotson,RB,RB,FA,9.034,calculated,9.01,10.62,12.24,"{""2pt_tds"":0,""fumbles"":0.06,""points"":9.01,""points_half"":10.62,""points_ppr"":12.24,""rec_rec"":3.24,""rec_tds"":0.06,""rec_yds"":22.49,""rec_yds_100"":0,""rec_yds_200"":0,""ret_tds"":0,""rush_att"":20.39,""rush_tds"":0.24,""rush_yds"":51.05,""rush_yds_100"":0,""rush_yds_200"":0,""scrimage_yards_100"":0,""scrimage_yards_200"":0}"
17587,13838,Nick Bawden,RB,RB,FA,8.5,calculated,8.5,10,11.5,"{""2pt_tds"":0,""fumbles"":0,""points"":8.5,""points_half"":10,""points_ppr"":11.5,""rec_rec"":3,""rec_tds"":0,""rec_yds"":21,""rec_yds_100"":0,""rec_yds_200"":0,""ret_tds"":0,""rush_att"":0,""rush_tds"":1,""rush_yds"":4,""rush_yds_100"":0,""rush_yds_200"":0,""scrimage_yards_100"":0,""scrimage_yards_200"":0}"
14191,12325,Michael Burton,RB,RB,CLE,8.421,calculated,6.42,8.32,10.22,"{""2pt_tds"":1,""fumbles"":0,""points"":6.42,""points_half"":8.32,""points_ppr"":10.22,""rec_rec"":3.8,""rec_tds"":0.08,""rec_yds"":25.82,""rec_yds_100"":0,""rec_yds_200"":0,""ret_tds"":0,""rush_att"":9.95,""rush_tds"":0.07,""rush_yds"":29.39,""rush_yds_100"":0,""rush_yds_200"":0,""scrimage_yards_100"":0,""scrimage_yards_200"":0}"
13948,12171,David Johnson,RB,RB,FA,8.193,calculated,8.19,10.38,12.57,"{""2pt_tds"":0,""fumbles"":0,""points"":8.19,""points_half"":10.38,""points_ppr"":12.57,""rec_rec"":4.38,""rec_tds"":0.2,""rec_yds"":38.12,""rec_yds_100"":0,""rec_yds_200"":0,""ret_tds"":0,""rush_att"":5.68,""rush_tds"":0.16,""rush_yds"":22.21,""rush_yds_100"":0,""rush_yds_200"":0,""scrimage_yards_100"":0,""scrimage_yards_200"":0}"
19438,14827,J.J. Taylor,RB,RB,FA,8.193,calculated,8.18,10.26,12.33,"{""2pt_tds"":0.02,""fumbles"":0.09,""points"":8.18,""points_half"":10.26,""points_ppr"":12.33,""rec_rec"":4.15,""rec_tds"":0.1,""rec_yds"":17.76,""rec_yds_100"":0,""rec_yds_200"":0,""ret_tds"":0,""rush_att"":8.27,""rush_tds"":0.28,""rush_yds"":42.77,""rush_yds_100"":0,""rush_yds_200"":0,""scrimage_yards_100"":0,""scrimage_yards_200"":0}"
24205,15738,Malik Davis,RB,RB,DAL,8.005,calculated,7.97,8.36,8.74,"{""2pt_tds"":0,""fumbles"":0.1,""points"":7.97,""points_half"":8.36,""points_ppr"":8.74,""rec_rec"":0.77,""rec_tds"":0.02,""rec_yds"":20.97,""rec_yds_100"":0,""rec_yds_200"":0,""ret_tds"":0,""rush_att"":32.4,""rush_tds"":0.04,""rush_yds"":57.48,""rush_yds_100"":0,""rush_yds_200"":0,""scrimage_yards_100"":0,""scrimage_yards_200"":0}"
17145,13455,Patrick Ricard,RB,RB,NYG,7.759,calculated,7.74,10.45,13.16,"{""2pt_tds"":0,""fumbles"":0.49,""points"":7.74,""points_half"":10.45,""points_ppr"":13.16,""rec_rec"":5.42,""rec_tds"":0.4,""rec_yds"":44.9,""rec_yds_100"":0,""rec_yds_200"":0,""ret_tds"":0,""rush_att"":5.98,""rush_tds"":0.05,""rush_yds"":15.49,""rush_yds_100"":0,""rush_yds_200"":0,""scrimage_yards_100"":0,""scrimage_yards_200"":0}"
13977,12261,Ty Montgomery II,RB,RB,FA,7.439,calculated,7.41,10.96,14.5,"{""2pt_tds"":0,""fumbles"":0,""points"":7.41,""points_half"":10.96,""points_ppr"":14.5,""rec_rec"":7.09,""rec_tds"":0.19,""rec_yds"":42.6,""rec_yds_100"":0,""rec_yds_200"":0,""ret_tds"":0,""rush_att"":6.56,""rush_tds"":0.05,""rush_yds"":17.39,""rush_yds_100"":0,""rush_yds_200"":0,""scrimage_yards_100"":0,""scrimage_yards_200"":0}"
19333,14806,La'Mical Perine,RB,RB,FA,6.97,calculated,6.97,8.47,9.97,"{""2pt_tds"":0,""fumbles"":0,""points"":6.97,""points_half"":8.47,""points_ppr"":9.97,""rec_rec"":3,""rec_tds"":0,""rec_yds"":19.35,""rec_yds_100"":0,""rec_yds_200"":0,""ret_tds"":0,""rush_att"":6.8,""rush_tds"":0,""rush_yds"":50.35,""rush_yds_100"":0,""rush_yds_200"":0,""scrimage_yards_100"":0,""scrimage_yards_200"":0}"
25770,16380,Deneric Prince,RB,RB,FA,6.826,calculated,6.8,7.16,7.52,"{""2pt_tds"":0,""fumbles"":0.05,""points"":6.8,""points_half"":7.16,""points_ppr"":7.52,""rec_rec"":0.72,""rec_tds"":0.02,""rec_yds"":18.13,""rec_yds_100"":0,""rec_yds_200"":0,""ret_tds"":0,""rush_att"":26.6,""rush_tds"":0.04,""rush_yds"":47.53,""rush_yds_100"":0,""rush_yds_200"":0,""scrimage_yards_100"":0,""scrimage_yards_200"":0}"
19974,15042,Jonathan Ward,RB,RB,BAL,6.228,calculated,6.17,7.56,8.94,"{""2pt_tds"":0,""fumbles"":0,""points"":6.17,""points_half"":7.56,""points_ppr"":8.94,""rec_rec"":2.78,""rec_tds"":0.15,""rec_yds"":20.96,""rec_yds_100"":0,""rec_yds_200"":0,""ret_tds"":0,""rush_att"":10.11,""rush_tds"":0.09,""rush_yds"":26.92,""rush_yds_100"":0,""rush_yds_200"":0,""scrimage_yards_100"":0,""scrimage_yards_200"":0}"
22948,15729,Jashaun Corbin,RB,RB,DAL,5.83,calculated,5.83,7.33,8.83,"{""2pt_tds"":0,""fumbles"":0.05,""points"":5.83,""points_half"":7.33,""points_ppr"":8.83,""rec_rec"":3,""rec_tds"":0,""rec_yds"":30.25,""rec_yds_100"":0,""rec_yds_200"":0,""ret_tds"":0,""rush_att"":17.8,""rush_tds"":0,""rush_yds"":29.05,""rush_yds_100"":0,""rush_yds_200"":0,""scrimage_yards_100"":0,""scrimage_yards_200"":0}"
13192,12040,Keith Smith,RB,RB,FA,5.549,calculated,5.51,7.11,8.7,"{""2pt_tds"":0,""fumbles"":0,""points"":5.51,""points_half"":7.11,""points_ppr"":8.7,""rec_rec"":3.2,""rec_tds"":0.06,""rec_yds"":27.79,""rec_yds_100"":0,""rec_yds_200"":0,""ret_tds"":0,""rush_att"":9.13,""rush_tds"":0.06,""rush_yds"":20.5,""rush_yds_100"":0,""rush_yds_200"":0,""scrimage_yards_100"":0,""scrimage_yards_200"":0}"
12334,11886,Damien Williams,RB,RB,FA,5.5,calculated,5.5,6.5,7.5,"{""2pt_tds"":0,""fumbles"":0,""points"":5.5,""points_half"":6.5,""points_ppr"":7.5,""rec_rec"":2,""rec_tds"":0,""rec_yds"":12,""rec_yds_100"":0,""rec_yds_200"":0,""ret_tds"":0,""rush_att"":0,""rush_tds"":0,""rush_yds"":43,""rush_yds_100"":0,""rush_yds_200"":0,""scrimage_yards_100"":0,""scrimage_yards_200"":0}"
18847,14552,Khari Blasingame,RB,RB,FA,4.759,calculated,4.7,6.2,7.7,"{""2pt_tds"":0,""fumbles"":0,""points"":4.7,""points_half"":6.2,""points_ppr"":7.7,""rec_rec"":3.01,""rec_tds"":0.09,""rec_yds"":11.7,""rec_yds_100"":0,""rec_yds_200"":0,""ret_tds"":0,""rush_att"":5.66,""rush_tds"":0.09,""rush_yds"":25.09,""rush_yds_100"":0,""rush_yds_200"":0,""scrimage_yards_100"":0,""scrimage_yards_200"":0}"
17352,14011,Godwin Igwebuike,RB,RB,FA,4.52,calculated,4.52,4.52,4.52,"{""2pt_tds"":0,""fumbles"":0,""points"":4.52,""points_half"":4.52,""points_ppr"":4.52,""rec_rec"":0,""rec_tds"":0,""rec_yds"":20.8,""rec_yds_100"":0,""rec_yds_200"":0,""ret_tds"":0,""rush_att"":8,""rush_tds"":0,""rush_yds"":24.4,""rush_yds_100"":0,""rush_yds_200"":0,""scrimage_yards_100"":0,""scrimage_yards_200"":0}"
15637,12630,Kenyan Drake,RB,RB,FA,4.42,calculated,4.42,5.42,6.42,"{""2pt_tds"":0,""fumbles"":0.55,""points"":4.42,""points_half"":5.42,""points_ppr"":6.42,""rec_rec"":2,""rec_tds"":0,""rec_yds"":25.65,""rec_yds_100"":0,""rec_yds_200"":0,""ret_tds"":0,""rush_att"":22.8,""rush_tds"":0,""rush_yds"":29.55,""rush_yds_100"":0,""rush_yds_200"":0,""scrimage_yards_100"":0,""scrimage_yards_200"":0}"
20155,15260,Jaret Patterson,RB,RB,LAC,4.19,calculated,4.16,4.55,4.95,"{""2pt_tds"":0,""fumbles"":0,""points"":4.16,""points_half"":4.55,""points_ppr"":4.95,""rec_rec"":0.79,""rec_tds"":0.02,""rec_yds"":6.15,""rec_yds_100"":0,""rec_yds_200"":0,""ret_tds"":0,""rush_att"":12.1,""rush_tds"":0.09,""rush_yds"":29.15,""rush_yds_100"":0,""rush_yds_200"":0,""scrimage_yards_100"":0,""scrimage_yards_200"":0}"
25630,,Jack Colletto,RB,RB,FA,4.017,calculated,3.92,5.73,7.55,"{""2pt_tds"":0.05,""fumbles"":0,""points"":3.92,""points_half"":5.73,""points_ppr"":7.55,""rec_rec"":3.63,""rec_tds"":0.15,""rec_yds"":16.28,""rec_yds_100"":0,""rec_yds_200"":0,""ret_tds"":0,""rush_att"":0,""rush_tds"":0.11,""rush_yds"":7.29,""rush_yds_100"":0,""rush_yds_200"":0,""scrimage_yards_100"":0,""scrimage_yards_200"":0}"
19631,14813,James Robinson,RB,RB,FA,3.75,calculated,3.75,4.25,4.75,"{""2pt_tds"":0,""fumbles"":0.05,""points"":3.75,""points_half"":4.25,""points_ppr"":4.75,""rec_rec"":1,""rec_tds"":0,""rec_yds"":7.25,""rec_yds_100"":0,""rec_yds_200"":0,""ret_tds"":0,""rush_att"":23.7,""rush_tds"":0,""rush_yds"":31.25,""rush_yds_100"":0,""rush_yds_200"":0,""scrimage_yards_100"":0,""scrimage_yards_200"":0}"
23812,15718,Tyler Badie,RB,RB,DEN,3.738,calculated,3.74,4.12,4.51,"{""2pt_tds"":0,""fumbles"":0.05,""points"":3.74,""points_half"":4.12,""points_ppr"":4.51,""rec_rec"":0.77,""rec_tds"":0.01,""rec_yds"":9.08,""rec_yds_100"":0,""rec_yds_200"":0,""ret_tds"":0,""rush_att"":16.9,""rush_tds"":0.02,""rush_yds"":27.5,""rush_yds_100"":0,""rush_yds_200"":0,""scrimage_yards_100"":0,""scrimage_yards_200"":0}"
16446,13136,Corey Clement,RB,RB,FA,3.369,calculated,3.34,3.57,3.81,"{""2pt_tds"":0,""fumbles"":0,""points"":3.34,""points_half"":3.57,""points_ppr"":3.81,""rec_rec"":0.47,""rec_tds"":0,""rec_yds"":7.41,""rec_yds_100"":0,""rec_yds_200"":0,""ret_tds"":0,""rush_att"":14.1,""rush_tds"":0.04,""rush_yds"":23.88,""rush_yds_100"":0,""rush_yds_200"":0,""scrimage_yards_100"":0,""scrimage_yards_200"":0}"
18673,14359,Jakob Johnson,RB,RB,FA,3.061,calculated,3.02,4.3,5.58,"{""2pt_tds"":0,""fumbles"":0,""points"":3.02,""points_half"":4.3,""points_ppr"":5.58,""rec_rec"":2.56,""rec_tds"":0.06,""rec_yds"":14.07,""rec_yds_100"":0,""rec_yds_200"":0,""ret_tds"":0,""rush_att"":3.78,""rush_tds"":0.06,""rush_yds"":9.34,""rush_yds_100"":0,""rush_yds_200"":0,""scrimage_yards_100"":0,""scrimage_yards_200"":0}"
19113,15533,Derrick Gore,RB,RB,FA,2.6,calculated,2.6,2.6,2.6,"{""2pt_tds"":0,""fumbles"":0,""points"":2.6,""points_half"":2.6,""points_ppr"":2.6,""rec_rec"":0,""rec_tds"":0,""rec_yds"":0,""rec_yds_100"":0,""rec_yds_200"":0,""ret_tds"":0,""rush_att"":0,""rush_tds"":0,""rush_yds"":26,""rush_yds_100"":0,""rush_yds_200"":0,""scrimage_yards_100"":0,""scrimage_yards_200"":0}"
25918,16438,Ellis Merriweather,RB,RB,FA,2.535,calculated,2.54,2.83,3.13,"{""2pt_tds"":0,""fumbles"":0.02,""points"":2.54,""points_half"":2.83,""points_ppr"":3.13,""rec_rec"":0.59,""rec_tds"":0.03,""rec_yds"":4.14,""rec_yds_100"":0,""rec_yds_200"":0,""ret_tds"":0,""rush_att"":0,""rush_tds"":0.13,""rush_yds"":12.01,""rush_yds_100"":0,""rush_yds_200"":0,""scrimage_yards_100"":0,""scrimage_yards_200"":0}"
23451,15650,Adam Prentice,RB,RB,DEN,2.479,calculated,2.42,3.9,5.39,"{""2pt_tds"":0,""fumbles"":1,""points"":2.42,""points_half"":3.9,""points_ppr"":5.39,""rec_rec"":2.97,""rec_tds"":0.09,""rec_yds"":20.14,""rec_yds_100"":0,""rec_yds_200"":0,""ret_tds"":0,""rush_att"":4.84,""rush_tds"":0.05,""rush_yds"":16.25,""rush_yds_100"":0,""rush_yds_200"":0,""scrimage_yards_100"":0,""scrimage_yards_200"":0}"
23190,15480,Jake Funk,RB,RB,FA,2.2,calculated,2.2,2.7,3.2,"{""2pt_tds"":0,""fumbles"":0,""points"":2.2,""points_half"":2.7,""points_ppr"":3.2,""rec_rec"":1,""rec_tds"":0,""rec_yds"":12,""rec_yds_100"":0,""rec_yds_200"":0,""ret_tds"":0,""rush_att"":0,""rush_tds"":0,""rush_yds"":10,""rush_yds_100"":0,""rush_yds_200"":0,""scrimage_yards_100"":0,""scrimage_yards_200"":0}"
24901,15727,Bam Knight,RB,RB,ARI,2.1,calculated,2.1,2.6,3.1,"{""2pt_tds"":0,""fumbles"":0,""points"":2.1,""points_half"":2.6,""points_ppr"":3.1,""rec_rec"":1,""rec_tds"":0,""rec_yds"":8,""rec_yds_100"":0,""rec_yds_200"":0,""ret_tds"":0,""rush_att"":0,""rush_tds"":0,""rush_yds"":13,""rush_yds_100"":0,""rush_yds_200"":0,""scrimage_yards_100"":0,""scrimage_yards_200"":0}"
23933,15960,Zander Horvath,RB,RB,FA,1.908,calculated,1.8,3.22,4.65,"{""2pt_tds"":0.04,""fumbles"":0,""points"":1.8,""points_half"":3.22,""points_ppr"":4.65,""rec_rec"":2.85,""rec_tds"":0.07,""rec_yds"":6.01,""rec_yds_100"":0,""rec_yds_200"":0,""ret_tds"":0,""rush_att"":3.1,""rush_tds"":0.04,""rush_yds"":5.67,""rush_yds_100"":0,""rush_yds_200"":0,""scrimage_yards_100"":0,""scrimage_yards_200"":0}"
16707,13326,Alex Armah Jr.,RB,RB,FA,1.3,calculated,1.3,2.8,4.3,"{""2pt_tds"":0,""fumbles"":0,""points"":1.3,""points_half"":2.8,""points_ppr"":4.3,""rec_rec"":3,""rec_tds"":0,""rec_yds"":13,""rec_yds_100"":0,""rec_yds_200"":0,""ret_tds"":0,""rush_att"":0,""rush_tds"":0,""rush_yds"":0,""rush_yds_100"":0,""rush_yds_200"":0,""scrimage_yards_100"":0,""scrimage_yards_200"":0}"
20153,16172,Mohamed Ibrahim,RB,RB,FA,1.18,calculated,1.18,1.18,1.18,"{""2pt_tds"":0,""fumbles"":0,""points"":1.18,""points_half"":1.18,""points_ppr"":1.18,""rec_rec"":0,""rec_tds"":0,""rec_yds"":3.2,""rec_yds_100"":0,""rec_yds_200"":0,""ret_tds"":0,""rush_att"":3,""rush_tds"":0,""rush_yds"":8.6,""rush_yds_100"":0,""rush_yds_200"":0,""scrimage_yards_100"":0,""scrimage_yards_200"":0}"
18480,14097,Qadree Ollison,RB,RB,FA,1.133,calculated,1.13,1.25,1.36,"{""2pt_tds"":0,""fumbles"":0,""points"":1.13,""points_half"":1.25,""points_ppr"":1.36,""rec_rec"":0.23,""rec_tds"":0,""rec_yds"":1.43,""rec_yds_100"":0,""rec_yds_200"":0,""ret_tds"":0,""rush_att"":0,""rush_tds"":0.06,""rush_yds"":6.3,""rush_yds_100"":0,""rush_yds_200"":0,""scrimage_yards_100"":0,""scrimage_yards_200"":0}"
17514,13623,Darrel Williams,RB,RB,FA,1.13,calculated,1.13,1.13,1.13,"{""2pt_tds"":0,""fumbles"":0,""points"":1.13,""points_half"":1.13,""points_ppr"":1.13,""rec_rec"":0,""rec_tds"":0,""rec_yds"":4.3,""rec_yds_100"":0,""rec_yds_200"":0,""ret_tds"":0,""rush_att"":2.6,""rush_tds"":0,""rush_yds"":7,""rush_yds_100"":0,""rush_yds_200"":0,""scrimage_yards_100"":0,""scrimage_yards_200"":0}"
24047,15748,Trestan Ebner,RB,RB,FA,1.13,calculated,1.13,1.13,1.13,"{""2pt_tds"":0,""fumbles"":0,""points"":1.13,""points_half"":1.13,""points_ppr"":1.13,""rec_rec"":0,""rec_tds"":0,""rec_yds"":2.9,""rec_yds_100"":0,""rec_yds_200"":0,""ret_tds"":0,""rush_att"":3.1,""rush_tds"":0,""rush_yds"":8.4,""rush_yds_100"":0,""rush_yds_200"":0,""scrimage_yards_100"":0,""scrimage_yards_200"":0}"
16445,13143,Jeremy McNichols,RB,RB,WAS,1.124,calculated,1.12,1.44,1.75,"{""2pt_tds"":0,""fumbles"":0,""points"":1.12,""points_half"":1.44,""points_ppr"":1.75,""rec_rec"":0.63,""rec_tds"":0.03,""rec_yds"":3.78,""rec_yds_100"":0,""rec_yds_200"":0,""ret_tds"":0,""rush_att"":0,""rush_tds"":0.02,""rush_yds"":4.46,""rush_yds_100"":0,""rush_yds_200"":0,""scrimage_yards_100"":0,""scrimage_yards_200"":0}"
15850,12845,Dwayne Washington,RB,RB,FA,0.782,calculated,0.78,1.04,1.29,"{""2pt_tds"":0,""fumbles"":0,""points"":0.78,""points_half"":1.04,""points_ppr"":1.29,""rec_rec"":0.51,""rec_tds"":0.03,""rec_yds"":4.38,""rec_yds_100"":0,""rec_yds_200"":0,""ret_tds"":0,""rush_att"":0,""rush_tds"":0,""rush_yds"":1.64,""rush_yds_100"":0,""rush_yds_200"":0,""scrimage_yards_100"":0,""scrimage_yards_200"":0}"
24080,,Clint Ratkovich,RB,RB,FA,0.694,calculated,0.69,1.07,1.45,"{""2pt_tds"":0,""fumbles"":0,""points"":0.69,""points_half"":1.07,""points_ppr"":1.45,""rec_rec"":0.76,""rec_tds"":0.03,""rec_yds"":3.85,""rec_yds_100"":0,""rec_yds_200"":0,""ret_tds"":0,""rush_att"":0,""rush_tds"":0,""rush_yds"":1.29,""rush_yds_100"":0,""rush_yds_200"":0,""scrimage_yards_100"":0,""scrimage_yards_200"":0}"
25667,16544,Henry Pearson,RB,RB,FA,0.474,calculated,0.47,0.59,0.71,"{""2pt_tds"":0,""fumbles"":0,""points"":0.47,""points_half"":0.59,""points_ppr"":0.71,""rec_rec"":0.24,""rec_tds"":0.02,""rec_yds"":1.01,""rec_yds_100"":0,""rec_yds_200"":0,""ret_tds"":0,""rush_att"":0,""rush_tds"":0,""rush_yds"":2.53,""rush_yds_100"":0,""rush_yds_200"":0,""scrimage_yards_100"":0,""scrimage_yards_200"":0}"
26083,,Aaron Dykes,RB,RB,FA,0.0,calculated,0,0,0,"{""2pt_tds"":0,""fumbles"":0,""points"":0,""points_half"":0,""points_ppr"":0,""rec_rec"":0,""rec_tds"":0,""rec_yds"":0,""rec_yds_100"":0,""rec_yds_200"":0,""ret_tds"":0,""rush_att"":0,""rush_tds"":0,""rush_yds"":0,""rush_yds_100"":0,""rush_yds_200"":0,""scrimage_yards_100"":0,""scrimage_yards_200"":0}"
11594,11244,Travis Kelce,TE,TE,KC,169.947,calculated,169.93,219.26,268.59,"{""2pt_tds"":0,""fumbles"":0.88,""points"":169.93,""points_half"":219.26,""points_ppr"":268.59,""rec_rec"":98.66,""rec_tds"":9.2,""rec_yds"":1165.07,""rec_yds_100"":5.1,""rec_yds_200"":0,""ret_tds"":0,""scrimage_yards_100"":5.1,""scrimage_yards_200"":0}"
18290,14138,T.J. Hockenson,TE,TE,MIN,120.168,calculated,120.18,162.02,203.86,"{""2pt_tds"":0,""fumbles"":0.81,""points"":120.18,""points_half"":162.02,""points_ppr"":203.86,""rec_rec"":83.68,""rec_tds"":5.78,""rec_yds"":871.08,""rec_yds_100"":0,""rec_yds_200"":0,""ret_tds"":0,""scrimage_yards_100"":0,""scrimage_yards_200"":0}"
16499,13299,George Kittle,TE,TE,SF,114.841,calculated,114.96,145.75,176.55,"{""2pt_tds"":0,""fumbles"":0.48,""points"":114.96,""points_half"":145.75,""points_ppr"":176.55,""rec_rec"":61.6,""rec_tds"":5.82,""rec_yds"":808.81,""rec_yds_100"":1.9,""rec_yds_200"":0,""ret_tds"":0,""scrimage_yards_100"":1.9,""scrimage_yards_200"":0}"
17269,13671,Mark Andrews,TE,TE,BAL,104.544,calculated,104.56,138.82,173.08,"{""2pt_tds"":0,""fumbles"":0.14,""points"":104.56,""points_half"":138.82,""points_ppr"":173.08,""rec_rec"":68.52,""rec_tds"":5.65,""rec_yds"":709.24,""rec_yds_100"":0,""rec_yds_200"":0,""ret_tds"":0,""scrimage_yards_100"":0,""scrimage_yards_200"":0}"
22978,16214,Sam LaPorta,TE,TE,DET,99.769,calculated,96,122.69,149.39,"{""2pt_tds"":2,""fumbles"":0.69,""points"":96,""points_half"":122.69,""points_ppr"":149.39,""rec_rec"":53.39,""rec_tds"":5.93,""rec_yds"":615.69,""rec_yds_100"":1.5,""rec_yds_200"":0,""ret_tds"":0,""scrimage_yards_100"":1.5,""scrimage_yards_200"":0}"
20164,15329,Kyle Pitts Sr.,TE,TE,ATL,96.395,calculated,96.36,124.89,153.41,"{""2pt_tds"":0,""fumbles"":0.07,""points"":96.36,""points_half"":124.89,""points_ppr"":153.41,""rec_rec"":57.05,""rec_tds"":3.58,""rec_yds"":750.55,""rec_yds_100"":1.4,""rec_yds_200"":0,""ret_tds"":0,""scrimage_yards_100"":1.4,""scrimage_yards_200"":0}"
16399,13192,David Njoku,TE,TE,LAC,95.435,calculated,95.42,124.87,154.31,"{""2pt_tds"":0,""fumbles"":0.96,""points"":95.42,""points_half"":124.87,""points_ppr"":154.31,""rec_rec"":58.88,""rec_tds"":5.27,""rec_yds"":657.35,""rec_yds_100"":0.8,""rec_yds_200"":0,""ret_tds"":0,""scrimage_yards_100"":0.8,""scrimage_yards_200"":0}"
16411,13189,Evan Engram,TE,TE,DEN,93.972,calculated,93.97,130.17,166.37,"{""2pt_tds"":0,""fumbles"":0.72,""points"":93.97,""points_half"":130.17,""points_ppr"":166.37,""rec_rec"":72.41,""rec_tds"":3.86,""rec_yds"":722.52,""rec_yds_100"":1.2,""rec_yds_200"":0,""ret_tds"":0,""scrimage_yards_100"":1.2,""scrimage_yards_200"":0}"
14104,12263,Darren Waller,TE,TE,CAR,93.188,calculated,93.17,124.97,156.78,"{""2pt_tds"":0,""fumbles"":0.23,""points"":93.17,""points_half"":124.97,""points_ppr"":156.78,""rec_rec"":63.61,""rec_tds"":3.93,""rec_yds"":700.68,""rec_yds_100"":0.5,""rec_yds_200"":0,""ret_tds"":0,""scrimage_yards_100"":0.5,""scrimage_yards_200"":0}"
17270,13674,Dallas Goedert,TE,TE,PHI,90.809,calculated,90.84,121.53,152.21,"{""2pt_tds"":0,""fumbles"":0.54,""points"":90.84,""points_half"":121.53,""points_ppr"":152.21,""rec_rec"":61.37,""rec_tds"":3.81,""rec_yds"":690.29,""rec_yds_100"":1.3,""rec_yds_200"":0,""ret_tds"":0,""scrimage_yards_100"":1.3,""scrimage_yards_200"":0}"
19229,14867,Cole Kmet,TE,TE,CHI,83.472,calculated,83.57,109.99,136.41,"{""2pt_tds"":0,""fumbles"":0.21,""points"":83.57,""points_half"":109.99,""points_ppr"":136.41,""rec_rec"":52.84,""rec_tds"":4.64,""rec_yds"":560.52,""rec_yds_100"":0.5,""rec_yds_200"":0,""ret_tds"":0,""scrimage_yards_100"":0.5,""scrimage_yards_200"":0}"
25247,16213,Dalton Kincaid,TE,TE,BUF,82.099,calculated,82.13,107.86,133.6,"{""2pt_tds"":0,""fumbles"":0.68,""points"":82.13,""points_half"":107.86,""points_ppr"":133.6,""rec_rec"":51.47,""rec_tds"":4.4,""rec_yds"":570.59,""rec_yds_100"":0.8,""rec_yds_200"":0,""ret_tds"":0,""scrimage_yards_100"":0.8,""scrimage_yards_200"":0}"
17349,13772,Dalton Schultz,TE,TE,HOU,80.273,calculated,80.25,108.29,136.33,"{""2pt_tds"":0,""fumbles"":0.74,""points"":80.25,""points_half"":108.29,""points_ppr"":136.33,""rec_rec"":56.08,""rec_tds"":4.2,""rec_yds"":565.53,""rec_yds_100"":0.6,""rec_yds_200"":0,""ret_tds"":0,""scrimage_yards_100"":0.6,""scrimage_yards_200"":0}"
20163,15331,Pat Freiermuth,TE,TE,PIT,80.167,calculated,78.19,105.47,132.74,"{""2pt_tds"":1,""fumbles"":0.17,""points"":78.19,""points_half"":105.47,""points_ppr"":132.74,""rec_rec"":54.55,""rec_tds"":3.45,""rec_yds"":578.07,""rec_yds_100"":0.4,""rec_yds_200"":0,""ret_tds"":0,""scrimage_yards_100"":0.4,""scrimage_yards_200"":0}"
22718,15799,Jake Ferguson,TE,TE,DAL,77.067,calculated,77.05,101.08,125.11,"{""2pt_tds"":0,""fumbles"":0.06,""points"":77.05,""points_half"":101.08,""points_ppr"":125.11,""rec_rec"":48.06,""rec_tds"":4.52,""rec_yds"":500.67,""rec_yds_100"":0.4,""rec_yds_200"":0,""ret_tds"":0,""scrimage_yards_100"":0.4,""scrimage_yards_200"":0}"
15623,12678,Tyler Higbee,TE,TE,LAR,73.516,calculated,73.51,102.59,131.66,"{""2pt_tds"":0,""fumbles"":0.07,""points"":73.51,""points_half"":102.59,""points_ppr"":131.66,""rec_rec"":58.15,""rec_tds"":3.08,""rec_yds"":551.76,""rec_yds_100"":0.4,""rec_yds_200"":0,""ret_tds"":0,""scrimage_yards_100"":0.4,""scrimage_yards_200"":0}"
23982,15889,Chig Okonkwo,TE,TE,WAS,72.764,calculated,75.26,98.44,121.62,"{""2pt_tds"":0,""fumbles"":0.08,""points"":75.26,""points_half"":98.44,""points_ppr"":121.62,""rec_rec"":46.36,""rec_tds"":2.98,""rec_yds"":550.44,""rec_yds_100"":0.5,""rec_yds_200"":0,""ret_tds"":0,""scrimage_yards_100"":0.5,""scrimage_yards_200"":0}"
19562,14861,Juwan Johnson,TE,TE,NO,72.24,calculated,72.24,92.73,113.21,"{""2pt_tds"":0,""fumbles"":0.06,""points"":72.24,""points_half"":92.73,""points_ppr"":113.21,""rec_rec"":40.97,""rec_tds"":4.21,""rec_yds"":471,""rec_yds_100"":0.1,""rec_yds_200"":0,""ret_tds"":0,""scrimage_yards_100"":0.1,""scrimage_yards_200"":0}"
22936,15794,Trey McBride,TE,TE,ARI,70.625,calculated,70.63,93.61,116.59,"{""2pt_tds"":0,""fumbles"":0.18,""points"":70.63,""points_half"":93.61,""points_ppr"":116.59,""rec_rec"":45.96,""rec_tds"":3.23,""rec_yds"":516.05,""rec_yds_100"":1.3,""rec_yds_200"":0,""ret_tds"":0,""scrimage_yards_100"":1.3,""scrimage_yards_200"":0}"
16459,13236,Gerald Everett,TE,TE,FA,70.374,calculated,70.87,95.36,119.85,"{""2pt_tds"":0,""fumbles"":0.29,""points"":70.87,""points_half"":95.36,""points_ppr"":119.85,""rec_rec"":48.98,""rec_tds"":3.54,""rec_yds"":497.14,""rec_yds_100"":0.4,""rec_yds_200"":0,""ret_tds"":0,""scrimage_yards_100"":0.4,""scrimage_yards_200"":0}"
23181,15802,Cade Otton,TE,TE,TB,66.533,calculated,64.52,86.83,109.14,"{""2pt_tds"":1,""fumbles"":0.32,""points"":64.52,""points_half"":86.83,""points_ppr"":109.14,""rec_rec"":44.62,""rec_tds"":3.05,""rec_yds"":468.73,""rec_yds_100"":0.4,""rec_yds_200"":0,""ret_tds"":0,""scrimage_yards_100"":0.4,""scrimage_yards_200"":0}"
15561,12676,Hunter Henry,TE,TE,NE,66.488,calculated,66.47,86.99,107.5,"{""2pt_tds"":0,""fumbles"":0.1,""points"":66.47,""points_half"":86.99,""points_ppr"":107.5,""rec_rec"":41.03,""rec_tds"":3.34,""rec_yds"":466.48,""rec_yds_100"":0.3,""rec_yds_200"":0,""ret_tds"":0,""scrimage_yards_100"":0.3,""scrimage_yards_200"":0}"
17598,13675,Tyler Conklin,TE,TE,DET,62.212,calculated,62.19,86.97,111.75,"{""2pt_tds"":0,""fumbles"":0.13,""points"":62.19,""points_half"":86.97,""points_ppr"":111.75,""rec_rec"":49.55,""rec_tds"":2.25,""rec_yds"":489.72,""rec_yds_100"":0.2,""rec_yds_200"":0,""ret_tds"":0,""scrimage_yards_100"":0.2,""scrimage_yards_200"":0}"
12095,11647,Logan Thomas,TE,TE,FA,61.755,calculated,59.85,82.8,105.74,"{""2pt_tds"":1,""fumbles"":0.66,""points"":59.85,""points_half"":82.8,""points_ppr"":105.74,""rec_rec"":45.89,""rec_tds"":2.86,""rec_yds"":439.15,""rec_yds_100"":0.2,""rec_yds_200"":0,""ret_tds"":0,""scrimage_yards_100"":0.2,""scrimage_yards_200"":0}"
18631,14143,Dawson Knox,TE,TE,BUF,60.701,calculated,58.68,76.41,94.15,"{""2pt_tds"":1,""fumbles"":0.15,""points"":58.68,""points_half"":76.41,""points_ppr"":94.15,""rec_rec"":35.47,""rec_tds"":3.41,""rec_yds"":385.41,""rec_yds_100"":0.1,""rec_yds_200"":0,""ret_tds"":0,""scrimage_yards_100"":0.1,""scrimage_yards_200"":0}"
17527,14137,Noah Fant,TE,TE,NO,59.837,calculated,59.82,81.47,103.12,"{""2pt_tds"":0,""fumbles"":0.09,""points"":59.82,""points_half"":81.47,""points_ppr"":103.12,""rec_rec"":43.3,""rec_tds"":2.41,""rec_yds"":455.57,""rec_yds_100"":0.2,""rec_yds_200"":0,""ret_tds"":0,""scrimage_yards_100"":0.2,""scrimage_yards_200"":0}"
23056,16212,Michael Mayer,TE,TE,LV,56.965,calculated,54.97,72.85,90.74,"{""2pt_tds"":1,""fumbles"":0.38,""points"":54.97,""points_half"":72.85,""points_ppr"":90.74,""rec_rec"":35.77,""rec_tds"":2.64,""rec_yds"":398.85,""rec_yds_100"":0.2,""rec_yds_200"":0,""ret_tds"":0,""scrimage_yards_100"":0.2,""scrimage_yards_200"":0}"
23153,15797,Greg Dulcich,TE,TE,MIA,56.163,calculated,56.14,74.66,93.18,"{""2pt_tds"":0,""fumbles"":0.07,""points"":56.14,""points_half"":74.66,""points_ppr"":93.18,""rec_rec"":37.04,""rec_tds"":2.59,""rec_yds"":407.63,""rec_yds_100"":0,""rec_yds_200"":0,""ret_tds"":0,""scrimage_yards_100"":0,""scrimage_yards_200"":0}"
17272,13672,Mike Gesicki,TE,TE,CIN,55.631,calculated,55.64,73.58,91.52,"{""2pt_tds"":0,""fumbles"":0.11,""points"":55.64,""points_half"":73.58,""points_ppr"":91.52,""rec_rec"":35.88,""rec_tds"":2.78,""rec_yds"":391.71,""rec_yds_100"":0.3,""rec_yds_200"":0,""ret_tds"":0,""scrimage_yards_100"":0.3,""scrimage_yards_200"":0}"
25282,16215,Luke Musgrave,TE,TE,GB,54.664,calculated,54.64,74.74,94.83,"{""2pt_tds"":0,""fumbles"":0.36,""points"":54.64,""points_half"":74.74,""points_ppr"":94.83,""rec_rec"":40.18,""rec_tds"":2.49,""rec_yds"":404.44,""rec_yds_100"":0,""rec_yds_200"":0,""ret_tds"":0,""scrimage_yards_100"":0,""scrimage_yards_200"":0}"
18610,14141,Irv Smith Jr.,TE,TE,FA,50.617,calculated,50.63,69.77,88.9,"{""2pt_tds"":0,""fumbles"":0.33,""points"":50.63,""points_half"":69.77,""points_ppr"":88.9,""rec_rec"":38.27,""rec_tds"":3.08,""rec_yds"":327.97,""rec_yds_100"":0,""rec_yds_200"":0,""ret_tds"":0,""scrimage_yards_100"":0,""scrimage_yards_200"":0}"
23781,15798,Isaiah Likely,TE,TE,NYG,49.262,calculated,49.27,61.13,72.99,"{""2pt_tds"":0,""fumbles"":0.04,""points"":49.27,""points_half"":61.13,""points_ppr"":72.99,""rec_rec"":23.73,""rec_tds"":3.13,""rec_yds"":305.62,""rec_yds_100"":0.2,""rec_yds_200"":0,""ret_tds"":0,""scrimage_yards_100"":0.2,""scrimage_yards_200"":0}"
11689,11247,Zach Ertz,TE,TE,FA,48.414,calculated,48.38,69.08,89.77,"{""2pt_tds"":0,""fumbles"":0.09,""points"":48.38,""points_half"":69.08,""points_ppr"":89.77,""rec_rec"":41.39,""rec_tds"":2.12,""rec_yds"":358.74,""rec_yds_100"":0,""rec_yds_200"":0,""ret_tds"":0,""scrimage_yards_100"":0,""scrimage_yards_200"":0}"
17283,13680,Hayden Hurst,TE,TE,FA,47.167,calculated,47.17,67.49,87.81,"{""2pt_tds"":0,""fumbles"":0.43,""points"":47.17,""points_half"":67.49,""points_ppr"":87.81,""rec_rec"":40.64,""rec_tds"":2.04,""rec_yds"":357.87,""rec_yds_100"":0,""rec_yds_200"":0,""ret_tds"":0,""scrimage_yards_100"":0,""scrimage_yards_200"":0}"
16460,13193,Jonnu Smith,TE,TE,FA,42.724,calculated,42.74,55.74,68.73,"{""2pt_tds"":0,""fumbles"":0.3,""points"":42.74,""points_half"":55.74,""points_ppr"":68.73,""rec_rec"":25.99,""rec_tds"":1.99,""rec_yds"":313.84,""rec_yds_100"":0.1,""rec_yds_200"":0,""ret_tds"":0,""scrimage_yards_100"":0.1,""scrimage_yards_200"":0}"
25298,16222,Tucker Kraft,TE,TE,GB,38.657,calculated,38.68,48.64,58.59,"{""2pt_tds"":0,""fumbles"":0.36,""points"":38.68,""points_half"":48.64,""points_ppr"":58.59,""rec_rec"":19.91,""rec_tds"":1.88,""rec_yds"":280.97,""rec_yds_100"":0.4,""rec_yds_200"":0,""ret_tds"":0,""scrimage_yards_100"":0.4,""scrimage_yards_200"":0}"
19423,14870,Adam Trautman,TE,TE,DEN,38.152,calculated,38.13,49.55,60.98,"{""2pt_tds"":0,""fumbles"":0.18,""points"":38.13,""points_half"":49.55,""points_ppr"":60.98,""rec_rec"":22.85,""rec_tds"":2.06,""rec_yds"":261.52,""rec_yds_100"":0.1,""rec_yds_200"":0,""ret_tds"":0,""scrimage_yards_100"":0.1,""scrimage_yards_200"":0}"
17826,14370,Tanner Hudson,TE,TE,CIN,37.885,calculated,37.89,57.39,76.88,"{""2pt_tds"":0,""fumbles"":0,""points"":37.89,""points_half"":57.39,""points_ppr"":76.88,""rec_rec"":39,""rec_tds"":0.5,""rec_yds"":348.85,""rec_yds_100"":0,""rec_yds_200"":0,""ret_tds"":0,""scrimage_yards_100"":0,""scrimage_yards_200"":0}"
19539,15337,Noah Gray,TE,TE,KC,37.006,calculated,37.02,48.15,59.28,"{""2pt_tds"":0,""fumbles"":0.04,""points"":37.02,""points_half"":48.15,""points_ppr"":59.28,""rec_rec"":22.26,""rec_tds"":2.04,""rec_yds"":248.46,""rec_yds_100"":0,""rec_yds_200"":0,""ret_tds"":0,""scrimage_yards_100"":0,""scrimage_yards_200"":0}"
18835,14341,Donald Parham Jr.,TE,TE,FA,36.734,calculated,36.73,46.22,55.71,"{""2pt_tds"":0,""fumbles"":0.04,""points"":36.73,""points_half"":46.22,""points_ppr"":55.71,""rec_rec"":18.98,""rec_tds"":2.29,""rec_yds"":230.74,""rec_yds_100"":0.1,""rec_yds_200"":0,""ret_tds"":0,""scrimage_yards_100"":0.1,""scrimage_yards_200"":0}"
23829,15840,Jelani Woods,TE,TE,NYJ,36.166,calculated,36.18,47.67,59.16,"{""2pt_tds"":0,""fumbles"":0.05,""points"":36.18,""points_half"":47.67,""points_ppr"":59.16,""rec_rec"":22.98,""rec_tds"":1.53,""rec_yds"":270.86,""rec_yds_100"":0,""rec_yds_200"":0,""ret_tds"":0,""scrimage_yards_100"":0,""scrimage_yards_200"":0}"
15581,12677,Austin Hooper,TE,TE,ATL,35.711,calculated,35.69,49.65,63.62,"{""2pt_tds"":0,""fumbles"":0.04,""points"":35.69,""points_half"":49.65,""points_ppr"":63.62,""rec_rec"":27.93,""rec_tds"":1.38,""rec_yds"":275.11,""rec_yds_100"":0,""rec_yds_200"":0,""ret_tds"":0,""scrimage_yards_100"":0,""scrimage_yards_200"":0}"
22841,15419,Kylen Granson,TE,TE,TEN,34.646,calculated,34.78,45.78,56.79,"{""2pt_tds"":0,""fumbles"":0.03,""points"":34.78,""points_half"":45.78,""points_ppr"":56.79,""rec_rec"":22.01,""rec_tds"":0.79,""rec_yds"":299.66,""rec_yds_100"":0.7,""rec_yds_200"":0,""ret_tds"":0,""scrimage_yards_100"":0.7,""scrimage_yards_200"":0}"
17115,13424,Taysom Hill,TE,TE,FA,34.51,calculated,85.71,94.3,102.89,"{""2pt_tds"":0,""fumbles"":1.38,""points"":85.71,""points_half"":94.3,""points_ppr"":102.89,""rec_rec"":17.17,""rec_tds"":2.38,""rec_yds"":229.9,""rec_yds_100"":0.6,""rec_yds_200"":0,""ret_tds"":0,""scrimage_yards_100"":0.6,""scrimage_yards_200"":0}"
17508,13676,Durham Smythe,TE,TE,BAL,33.607,calculated,33.6,47.24,60.89,"{""2pt_tds"":0,""fumbles"":0.05,""points"":33.6,""points_half"":47.24,""points_ppr"":60.89,""rec_rec"":27.29,""rec_tds"":1.2,""rec_yds"":265.07,""rec_yds_100"":0,""rec_yds_200"":0,""ret_tds"":0,""scrimage_yards_100"":0,""scrimage_yards_200"":0}"
16579,13246,Mo Alie-Cox,TE,TE,IND,29.892,calculated,27.93,35.37,42.81,"{""2pt_tds"":1,""fumbles"":0.38,""points"":27.93,""points_half"":35.37,""points_ppr"":42.81,""rec_rec"":14.88,""rec_tds"":1.77,""rec_yds"":180.32,""rec_yds_100"":0,""rec_yds_200"":0,""ret_tds"":0,""scrimage_yards_100"":0,""scrimage_yards_200"":0}"
18487,14209,Josh Oliver,TE,TE,MIN,29.642,calculated,29.63,38.06,46.5,"{""2pt_tds"":0,""fumbles"":0.28,""points"":29.63,""points_half"":38.06,""points_ppr"":46.5,""rec_rec"":16.87,""rec_tds"":1.61,""rec_yds"":205.42,""rec_yds_100"":0.1,""rec_yds_200"":0,""ret_tds"":0,""scrimage_yards_100"":0.1,""scrimage_yards_200"":0}"
23341,15626,Brock Wright,TE,TE,DET,27.065,calculated,27.06,35.05,43.03,"{""2pt_tds"":0,""fumbles"":0.03,""points"":27.06,""points_half"":35.05,""points_ppr"":43.03,""rec_rec"":15.97,""rec_tds"":1.91,""rec_yds"":156.65,""rec_yds_100"":0,""rec_yds_200"":0,""ret_tds"":0,""scrimage_yards_100"":0,""scrimage_yards_200"":0}"
18397,14239,Foster Moreau,TE,TE,HOU,26.396,calculated,26.43,34.95,43.47,"{""2pt_tds"":0,""fumbles"":0.33,""points"":26.43,""points_half"":34.95,""points_ppr"":43.47,""rec_rec"":17.04,""rec_tds"":1.03,""rec_yds"":208.76,""rec_yds_100"":0,""rec_yds_200"":0,""ret_tds"":0,""scrimage_yards_100"":0,""scrimage_yards_200"":0}"
18049,13763,Will Dissly,TE,TE,FA,26.045,calculated,26.04,35.8,45.56,"{""2pt_tds"":0,""fumbles"":0.05,""points"":26.04,""points_half"":35.8,""points_ppr"":45.56,""rec_rec"":19.52,""rec_tds"":1.11,""rec_yds"":194.85,""rec_yds_100"":0,""rec_yds_200"":0,""ret_tds"":0,""scrimage_yards_100"":0,""scrimage_yards_200"":0}"
16502,13427,Robert Tonyan,TE,TE,PIT,26.024,calculated,26.03,34.03,42.02,"{""2pt_tds"":0,""fumbles"":0.01,""points"":26.03,""points_half"":34.03,""points_ppr"":42.02,""rec_rec"":15.99,""rec_tds"":1.2,""rec_yds"":188.44,""rec_yds_100"":0,""rec_yds_200"":0,""ret_tds"":0,""scrimage_yards_100"":0,""scrimage_yards_200"":0}"
22795,15332,Tommy Tremble,TE,TE,CAR,25.297,calculated,25.31,33.24,41.17,"{""2pt_tds"":0,""fumbles"":0.42,""points"":25.31,""points_half"":33.24,""points_ppr"":41.17,""rec_rec"":15.85,""rec_tds"":1.7,""rec_yds"":159.37,""rec_yds_100"":0,""rec_yds_200"":0,""ret_tds"":0,""scrimage_yards_100"":0,""scrimage_yards_200"":0}"
14084,12317,C.J. Uzomah,TE,TE,FA,24.672,calculated,24.67,33.25,41.84,"{""2pt_tds"":0,""fumbles"":0.03,""points"":24.67,""points_half"":33.25,""points_ppr"":41.84,""rec_rec"":17.17,""rec_tds"":1.37,""rec_yds"":165.12,""rec_yds_100"":0,""rec_yds_200"":0,""ret_tds"":0,""scrimage_yards_100"":0,""scrimage_yards_200"":0}"
19372,14871,Colby Parkinson,TE,TE,LAR,24.51,calculated,24.52,32.36,40.2,"{""2pt_tds"":0,""fumbles"":0.03,""points"":24.52,""points_half"":32.36,""points_ppr"":40.2,""rec_rec"":15.68,""rec_tds"":1,""rec_yds"":185.7,""rec_yds_100"":0,""rec_yds_200"":0,""ret_tds"":0,""scrimage_yards_100"":0,""scrimage_yards_200"":0}"
25267,16221,Luke Schoonmaker,TE,TE,DAL,23.588,calculated,23.59,30.74,37.88,"{""2pt_tds"":0,""fumbles"":0.33,""points"":23.59,""points_half"":30.74,""points_ppr"":37.88,""rec_rec"":14.3,""rec_tds"":1.37,""rec_yds"":160.28,""rec_yds_100"":0,""rec_yds_200"":0,""ret_tds"":0,""scrimage_yards_100"":0,""scrimage_yards_200"":0}"
24238,15873,Daniel Bellinger,TE,TE,TEN,22.934,calculated,20.94,28.98,37.03,"{""2pt_tds"":1,""fumbles"":0.28,""points"":20.94,""points_half"":28.98,""points_ppr"":37.03,""rec_rec"":16.09,""rec_tds"":0.63,""rec_yds"":177.14,""rec_yds_100"":0,""rec_yds_200"":0,""ret_tds"":0,""scrimage_yards_100"":0,""scrimage_yards_200"":0}"
20162,15330,Brevin Jordan,TE,TE,HOU,22.424,calculated,22.43,29.34,36.25,"{""2pt_tds"":0,""fumbles"":0.01,""points"":22.43,""points_half"":29.34,""points_ppr"":36.25,""rec_rec"":13.82,""rec_tds"":0.92,""rec_yds"":169.24,""rec_yds_100"":0,""rec_yds_200"":0,""ret_tds"":0,""scrimage_yards_100"":0,""scrimage_yards_200"":0}"
25345,16269,Brenton Strange,TE,TE,JAC,22.215,calculated,22.23,29.8,37.38,"{""2pt_tds"":0,""fumbles"":0.3,""points"":22.23,""points_half"":29.8,""points_ppr"":37.38,""rec_rec"":15.15,""rec_tds"":1.18,""rec_yds"":157.35,""rec_yds_100"":0,""rec_yds_200"":0,""ret_tds"":0,""scrimage_yards_100"":0,""scrimage_yards_200"":0}"
19389,14875,Harrison Bryant,TE,TE,FA,21.945,calculated,22.37,30.38,38.39,"{""2pt_tds"":0,""fumbles"":0.42,""points"":22.37,""points_half"":30.38,""points_ppr"":38.39,""rec_rec"":16.02,""rec_tds"":1.39,""rec_yds"":144.45,""rec_yds_100"":0,""rec_yds_200"":0,""ret_tds"":0,""scrimage_yards_100"":0,""scrimage_yards_200"":0}"
23119,16333,Elijah Higgins,TE,TE,ARI,20.535,calculated,20.54,26.54,32.54,"{""2pt_tds"":0,""fumbles"":0.05,""points"":20.54,""points_half"":26.54,""points_ppr"":32.54,""rec_rec"":12,""rec_tds"":0.7,""rec_yds"":164.35,""rec_yds_100"":0,""rec_yds_200"":0,""ret_tds"":0,""scrimage_yards_100"":0,""scrimage_yards_200"":0}"
22967,16216,Darnell Washington,TE,TE,PIT,19.604,calculated,19.62,26.75,33.87,"{""2pt_tds"":0,""fumbles"":0.29,""points"":19.62,""points_half"":26.75,""points_ppr"":33.87,""rec_rec"":14.25,""rec_tds"":0.65,""rec_yds"":162.84,""rec_yds_100"":0,""rec_yds_200"":0,""ret_tds"":0,""scrimage_yards_100"":0,""scrimage_yards_200"":0}"
24621,16113,Stone Smartt,TE,TE,PHI,19.3,calculated,19.3,25.55,31.8,"{""2pt_tds"":0,""fumbles"":0,""points"":19.3,""points_half"":25.55,""points_ppr"":31.8,""rec_rec"":12.5,""rec_tds"":1,""rec_yds"":133,""rec_yds_100"":0,""rec_yds_200"":0,""ret_tds"":0,""scrimage_yards_100"":0,""scrimage_yards_200"":0}"
24182,15905,Teagan Quitoriano,TE,TE,ARI,19.292,calculated,19.28,25.28,31.29,"{""2pt_tds"":0,""fumbles"":0.06,""points"":19.28,""points_half"":25.28,""points_ppr"":31.29,""rec_rec"":12.01,""rec_tds"":0.92,""rec_yds"":138.92,""rec_yds_100"":0,""rec_yds_200"":0,""ret_tds"":0,""scrimage_yards_100"":0,""scrimage_yards_200"":0}"
19456,14876,Josiah Deguara,TE,TE,SF,19.252,calculated,19.27,27.45,35.63,"{""2pt_tds"":0,""fumbles"":0.02,""points"":19.27,""points_half"":27.45,""points_ppr"":35.63,""rec_rec"":16.37,""rec_tds"":0.72,""rec_yds"":149.72,""rec_yds_100"":0,""rec_yds_200"":0,""ret_tds"":0,""scrimage_yards_100"":0,""scrimage_yards_200"":0}"
24561,15916,Drew Ogletree,TE,TE,IND,19.13,calculated,19.14,23.89,28.64,"{""2pt_tds"":0,""fumbles"":0.03,""points"":19.14,""points_half"":23.89,""points_ppr"":28.64,""rec_rec"":9.5,""rec_tds"":1.13,""rec_yds"":124.1,""rec_yds_100"":0,""rec_yds_200"":0,""ret_tds"":0,""scrimage_yards_100"":0,""scrimage_yards_200"":0}"
17387,13678,Ian Thomas,TE,TE,LV,18.851,calculated,18.87,26.68,34.49,"{""2pt_tds"":0,""fumbles"":0.03,""points"":18.87,""points_half"":26.68,""points_ppr"":34.49,""rec_rec"":15.63,""rec_tds"":0.62,""rec_yds"":151.91,""rec_yds_100"":0,""rec_yds_200"":0,""ret_tds"":0,""scrimage_yards_100"":0,""scrimage_yards_200"":0}"
17415,13753,Jordan Akins,TE,TE,FA,18.421,calculated,18.41,24.5,30.59,"{""2pt_tds"":0,""fumbles"":0.15,""points"":18.41,""points_half"":24.5,""points_ppr"":30.59,""rec_rec"":12.18,""rec_tds"":0.7,""rec_yds"":145.21,""rec_yds_100"":0,""rec_yds_200"":0,""ret_tds"":0,""scrimage_yards_100"":0,""scrimage_yards_200"":0}"
18561,14146,Drew Sample,TE,TE,CIN,17.632,calculated,17.62,24.14,30.65,"{""2pt_tds"":0,""fumbles"":0.14,""points"":17.62,""points_half"":24.14,""points_ppr"":30.65,""rec_rec"":13.03,""rec_tds"":0.88,""rec_yds"":126.32,""rec_yds_100"":0,""rec_yds_200"":0,""ret_tds"":0,""scrimage_yards_100"":0,""scrimage_yards_200"":0}"
23761,16219,Davis Allen,TE,TE,LAR,17.413,calculated,17.4,27.15,36.9,"{""2pt_tds"":0,""fumbles"":0.37,""points"":17.4,""points_half"":27.15,""points_ppr"":36.9,""rec_rec"":19.5,""rec_tds"":0.77,""rec_yds"":135.33,""rec_yds_100"":0,""rec_yds_200"":0,""ret_tds"":0,""scrimage_yards_100"":0,""scrimage_yards_200"":0}"
9712,9925,Jimmy Graham,TE,TE,FA,16.781,calculated,16.78,20.19,23.6,"{""2pt_tds"":0,""fumbles"":0.02,""points"":16.78,""points_half"":20.19,""points_ppr"":23.6,""rec_rec"":6.82,""rec_tds"":1.32,""rec_yds"":89.01,""rec_yds_100"":0,""rec_yds_200"":0,""ret_tds"":0,""scrimage_yards_100"":0,""scrimage_yards_200"":0}"
22923,16312,Josh Whyle,TE,TE,GB,16.44,calculated,16.46,21.7,26.93,"{""2pt_tds"":0,""fumbles"":0.05,""points"":16.46,""points_half"":21.7,""points_ppr"":26.93,""rec_rec"":10.47,""rec_tds"":0.86,""rec_yds"":113.8,""rec_yds_100"":0,""rec_yds_200"":0,""ret_tds"":0,""scrimage_yards_100"":0,""scrimage_yards_200"":0}"
22833,15344,John Bates,TE,TE,WAS,16.357,calculated,16.36,23.36,30.36,"{""2pt_tds"":0,""fumbles"":0.02,""points"":16.36,""points_half"":23.36,""points_ppr"":30.36,""rec_rec"":14,""rec_tds"":0.47,""rec_yds"":135.77,""rec_yds_100"":0,""rec_yds_200"":0,""ret_tds"":0,""scrimage_yards_100"":0,""scrimage_yards_200"":0}"
23821,16220,Will Mallory,TE,TE,IND,16.153,calculated,16.17,23.17,30.17,"{""2pt_tds"":0,""fumbles"":0.03,""points"":16.17,""points_half"":23.17,""points_ppr"":30.17,""rec_rec"":14,""rec_tds"":0.43,""rec_yds"":136.33,""rec_yds_100"":0,""rec_yds_200"":0,""ret_tds"":0,""scrimage_yards_100"":0,""scrimage_yards_200"":0}"
23742,15796,Jeremy Ruckert,TE,TE,NYJ,15.556,calculated,15.57,20.7,25.83,"{""2pt_tds"":0,""fumbles"":0.06,""points"":15.57,""points_half"":20.7,""points_ppr"":25.83,""rec_rec"":10.26,""rec_tds"":0.5,""rec_yds"":126.76,""rec_yds_100"":0,""rec_yds_200"":0,""ret_tds"":0,""scrimage_yards_100"":0,""scrimage_yards_200"":0}"
24240,15970,Lucas Krull,TE,TE,DEN,15.5,calculated,15.5,19.5,23.5,"{""2pt_tds"":0,""fumbles"":0,""points"":15.5,""points_half"":19.5,""points_ppr"":23.5,""rec_rec"":8,""rec_tds"":1,""rec_yds"":95,""rec_yds_100"":0,""rec_yds_200"":0,""ret_tds"":0,""scrimage_yards_100"":0,""scrimage_yards_200"":0}"
22783,15334,Hunter Long,TE,TE,JAC,15.134,calculated,15.16,20.1,25.03,"{""2pt_tds"":0,""fumbles"":0.08,""points"":15.16,""points_half"":20.1,""points_ppr"":25.03,""rec_rec"":9.87,""rec_tds"":0.63,""rec_yds"":115.14,""rec_yds_100"":0,""rec_yds_200"":0,""ret_tds"":0,""scrimage_yards_100"":0,""scrimage_yards_200"":0}"
22971,16000,Peyton Hendershot,TE,TE,FA,14.982,calculated,14.96,19.26,23.56,"{""2pt_tds"":0,""fumbles"":0.04,""points"":14.96,""points_half"":19.26,""points_ppr"":23.56,""rec_rec"":8.6,""rec_tds"":0.84,""rec_yds"":100.22,""rec_yds_100"":0,""rec_yds_200"":0,""ret_tds"":0,""scrimage_yards_100"":0,""scrimage_yards_200"":0}"
24562,15800,Connor Heyward,TE,TE,LV,14.763,calculated,14.79,20.7,26.62,"{""2pt_tds"":0,""fumbles"":0.06,""points"":14.79,""points_half"":20.7,""points_ppr"":26.62,""rec_rec"":11.83,""rec_tds"":0.57,""rec_yds"":114.63,""rec_yds_100"":0,""rec_yds_200"":0,""ret_tds"":0,""scrimage_yards_100"":0,""scrimage_yards_200"":0}"
24568,15929,Ko Kieft,TE,TE,TB,14.412,calculated,14.41,18.83,23.25,"{""2pt_tds"":0,""fumbles"":0.06,""points"":14.41,""points_half"":18.83,""points_ppr"":23.25,""rec_rec"":8.84,""rec_tds"":0.82,""rec_yds"":96.12,""rec_yds_100"":0,""rec_yds_200"":0,""ret_tds"":0,""scrimage_yards_100"":0,""scrimage_yards_200"":0}"
13966,12213,Blake Bell,TE,TE,FA,14.298,calculated,16.32,21.18,26.05,"{""2pt_tds"":0,""fumbles"":0.28,""points"":16.32,""points_half"":21.18,""points_ppr"":26.05,""rec_rec"":9.72,""rec_tds"":0.98,""rec_yds"":89.78,""rec_yds_100"":0,""rec_yds_200"":0,""ret_tds"":0,""scrimage_yards_100"":0,""scrimage_yards_200"":0}"
14164,12378,Geoff Swaim,TE,TE,FA,14.146,calculated,14.16,20.76,27.35,"{""2pt_tds"":0,""fumbles"":0.01,""points"":14.16,""points_half"":20.76,""points_ppr"":27.35,""rec_rec"":13.19,""rec_tds"":0.75,""rec_yds"":96.66,""rec_yds_100"":0,""rec_yds_200"":0,""ret_tds"":0,""scrimage_yards_100"":0,""scrimage_yards_200"":0}"
16937,13994,Pharaoh Brown,TE,TE,IND,14.019,calculated,14.03,19.67,25.32,"{""2pt_tds"":0,""fumbles"":0.4,""points"":14.03,""points_half"":19.67,""points_ppr"":25.32,""rec_rec"":11.3,""rec_tds"":0.35,""rec_yds"":127.19,""rec_yds_100"":0,""rec_yds_200"":0,""ret_tds"":0,""scrimage_yards_100"":0,""scrimage_yards_200"":0}"
19641,15026,Stephen Sullivan,TE,TE,FA,13.961,calculated,13.92,18.81,23.7,"{""2pt_tds"":0,""fumbles"":0.03,""points"":13.92,""points_half"":18.81,""points_ppr"":23.7,""rec_rec"":9.78,""rec_tds"":0.46,""rec_yds"":112.61,""rec_yds_100"":0,""rec_yds_200"":0,""ret_tds"":0,""scrimage_yards_100"":0,""scrimage_yards_200"":0}"
18246,14873,Albert Okwuegbunam Jr.,TE,TE,LV,13.815,calculated,13.8,18.08,22.37,"{""2pt_tds"":0,""fumbles"":0.1,""points"":13.8,""points_half"":18.08,""points_ppr"":22.37,""rec_rec"":8.57,""rec_tds"":0.76,""rec_yds"":94.55,""rec_yds_100"":0,""rec_yds_200"":0,""ret_tds"":0,""scrimage_yards_100"":0,""scrimage_yards_200"":0}"
16743,13940,Johnny Mundt,TE,TE,PHI,13.771,calculated,13.76,18.74,23.72,"{""2pt_tds"":0,""fumbles"":0.02,""points"":13.76,""points_half"":18.74,""points_ppr"":23.72,""rec_rec"":9.97,""rec_tds"":0.59,""rec_yds"":102.71,""rec_yds_100"":0,""rec_yds_200"":0,""ret_tds"":0,""scrimage_yards_100"":0,""scrimage_yards_200"":0}"
25824,16425,Julian Hill,TE,TE,NE,13.715,calculated,13.69,16.4,19.12,"{""2pt_tds"":0,""fumbles"":0.55,""points"":13.69,""points_half"":16.4,""points_ppr"":19.12,""rec_rec"":5.43,""rec_tds"":0.22,""rec_yds"":134.95,""rec_yds_100"":0,""rec_yds_200"":0,""ret_tds"":0,""scrimage_yards_100"":0,""scrimage_yards_200"":0}"
18748,14319,Andrew Beck,TE,TE,NYJ,13.65,calculated,19.95,25.45,30.95,"{""2pt_tds"":0,""fumbles"":0.5,""points"":19.95,""points_half"":25.45,""points_ppr"":30.95,""rec_rec"":11,""rec_tds"":1,""rec_yds"":86.5,""rec_yds_100"":0,""rec_yds_200"":0,""ret_tds"":0,""scrimage_yards_100"":0,""scrimage_yards_200"":0}"
18567,14231,Trevon Wesco,TE,TE,FA,13.577,calculated,13.58,17.99,22.41,"{""2pt_tds"":0,""fumbles"":0.07,""points"":13.58,""points_half"":17.99,""points_ppr"":22.41,""rec_rec"":8.84,""rec_tds"":0.57,""rec_yds"":102.97,""rec_yds_100"":0,""rec_yds_200"":0,""ret_tds"":0,""scrimage_yards_100"":0,""scrimage_yards_200"":0}"
23727,15803,Cole Turner,TE,TE,MIA,12.651,calculated,12.67,16.26,19.84,"{""2pt_tds"":0,""fumbles"":0.05,""points"":12.67,""points_half"":16.26,""points_ppr"":19.84,""rec_rec"":7.17,""rec_tds"":0.26,""rec_yds"":111.91,""rec_yds_100"":0,""rec_yds_200"":0,""ret_tds"":0,""scrimage_yards_100"":0,""scrimage_yards_200"":0}"
19501,15335,Luke Farrell,TE,TE,SF,12.642,calculated,12.63,17.48,22.33,"{""2pt_tds"":0,""fumbles"":0,""points"":12.63,""points_half"":17.48,""points_ppr"":22.33,""rec_rec"":9.7,""rec_tds"":0.33,""rec_yds"":106.62,""rec_yds_100"":0,""rec_yds_200"":0,""ret_tds"":0,""scrimage_yards_100"":0,""scrimage_yards_200"":0}"
19234,14868,Brycen Hopkins,TE,TE,FA,12.64,calculated,12.65,16.68,20.71,"{""2pt_tds"":0,""fumbles"":0.04,""points"":12.65,""points_half"":16.68,""points_ppr"":20.71,""rec_rec"":8.07,""rec_tds"":0.31,""rec_yds"":108.6,""rec_yds_100"":0,""rec_yds_200"":0,""ret_tds"":0,""scrimage_yards_100"":0,""scrimage_yards_200"":0}"
25349,16483,Ben Sims,TE,TE,MIA,12.35,calculated,12.35,16.1,19.85,"{""2pt_tds"":0,""fumbles"":0,""points"":12.35,""points_half"":16.1,""points_ppr"":19.85,""rec_rec"":7.5,""rec_tds"":1,""rec_yds"":63.5,""rec_yds_100"":0,""rec_yds_200"":0,""ret_tds"":0,""scrimage_yards_100"":0,""scrimage_yards_200"":0}"
9413,8269,Marcedes Lewis,TE,TE,FA,12.263,calculated,12.24,15.55,18.85,"{""2pt_tds"":0,""fumbles"":0.05,""points"":12.24,""points_half"":15.55,""points_ppr"":18.85,""rec_rec"":6.61,""rec_tds"":0.97,""rec_yds"":65.43,""rec_yds_100"":0,""rec_yds_200"":0,""ret_tds"":0,""scrimage_yards_100"":0,""scrimage_yards_200"":0}"
22756,15795,Charlie Kolar,TE,TE,LAC,12.224,calculated,12.22,15.61,19,"{""2pt_tds"":0,""fumbles"":0.04,""points"":12.22,""points_half"":15.61,""points_ppr"":19,""rec_rec"":6.78,""rec_tds"":0.67,""rec_yds"":82.84,""rec_yds_100"":0,""rec_yds_200"":0,""ret_tds"":0,""scrimage_yards_100"":0,""scrimage_yards_200"":0}"
23193,15541,Jack Stoll,TE,TE,CLE,12.191,calculated,12.22,16.72,21.23,"{""2pt_tds"":0,""fumbles"":0.01,""points"":12.22,""points_half"":16.72,""points_ppr"":21.23,""rec_rec"":9.01,""rec_tds"":0.34,""rec_yds"":101.71,""rec_yds_100"":0,""rec_yds_200"":0,""ret_tds"":0,""scrimage_yards_100"":0,""scrimage_yards_200"":0}"
25346,16218,Payne Durham,TE,TE,TB,12.122,calculated,12.13,17.21,22.3,"{""2pt_tds"":0,""fumbles"":0.29,""points"":12.13,""points_half"":17.21,""points_ppr"":22.3,""rec_rec"":10.16,""rec_tds"":0.42,""rec_yds"":101.82,""rec_yds_100"":0,""rec_yds_200"":0,""ret_tds"":0,""scrimage_yards_100"":0,""scrimage_yards_200"":0}"
17886,13988,Ross Dwelley,TE,TE,FA,12.018,calculated,12.03,14.51,16.99,"{""2pt_tds"":0,""fumbles"":0.01,""points"":12.03,""points_half"":14.51,""points_ppr"":16.99,""rec_rec"":4.96,""rec_tds"":0.59,""rec_yds"":84.98,""rec_yds_100"":0,""rec_yds_200"":0,""ret_tds"":0,""scrimage_yards_100"":0,""scrimage_yards_200"":0}"
18831,15070,Jody Fortson Jr.,TE,TE,FA,11.697,calculated,11.76,14.82,17.88,"{""2pt_tds"":0,""fumbles"":0.6,""points"":11.76,""points_half"":14.82,""points_ppr"":17.88,""rec_rec"":6.12,""rec_tds"":0.4,""rec_yds"":104.97,""rec_yds_100"":0,""rec_yds_200"":0,""ret_tds"":0,""scrimage_yards_100"":0,""scrimage_yards_200"":0}"
22820,15341,Quintin Morris,TE,TE,JAC,11.449,calculated,11.43,14.28,17.14,"{""2pt_tds"":0,""fumbles"":0.37,""points"":11.43,""points_half"":14.28,""points_ppr"":17.14,""rec_rec"":5.71,""rec_tds"":0.69,""rec_yds"":80.49,""rec_yds_100"":0,""rec_yds_200"":0,""ret_tds"":0,""scrimage_yards_100"":0,""scrimage_yards_200"":0}"
23174,15909,James Mitchell,TE,TE,CAR,11.326,calculated,11.34,14.85,18.37,"{""2pt_tds"":0,""fumbles"":0.04,""points"":11.34,""points_half"":14.85,""points_ppr"":18.37,""rec_rec"":7.02,""rec_tds"":0.5,""rec_yds"":84.06,""rec_yds_100"":0,""rec_yds_200"":0,""ret_tds"":0,""scrimage_yards_100"":0,""scrimage_yards_200"":0}"
24242,15990,Armani Rogers,TE,TE,FA,10.683,calculated,10.68,14.35,18.02,"{""2pt_tds"":0,""fumbles"":0.1,""points"":10.68,""points_half"":14.35,""points_ppr"":18.02,""rec_rec"":7.34,""rec_tds"":0.39,""rec_yds"":85.43,""rec_yds_100"":0,""rec_yds_200"":0,""ret_tds"":0,""scrimage_yards_100"":0,""scrimage_yards_200"":0}"
22807,15333,Tre' McKitty,TE,TE,WAS,10.497,calculated,10.54,14.43,18.32,"{""2pt_tds"":0,""fumbles"":0.01,""points"":10.54,""points_half"":14.43,""points_ppr"":18.32,""rec_rec"":7.78,""rec_tds"":0.49,""rec_yds"":75.77,""rec_yds_100"":0,""rec_yds_200"":0,""ret_tds"":0,""scrimage_yards_100"":0,""scrimage_yards_200"":0}"
16706,13315,Eric Saubert,TE,TE,SEA,10.458,calculated,10.48,16.11,21.75,"{""2pt_tds"":0,""fumbles"":0,""points"":10.48,""points_half"":16.11,""points_ppr"":21.75,""rec_rec"":11.27,""rec_tds"":0.46,""rec_yds"":76.98,""rec_yds_100"":0,""rec_yds_200"":0,""ret_tds"":0,""scrimage_yards_100"":0,""scrimage_yards_200"":0}"
19510,15563,Mitchell Wilcox,TE,TE,FA,10.135,calculated,10.15,14.31,18.48,"{""2pt_tds"":0,""fumbles"":0.03,""points"":10.15,""points_half"":14.31,""points_ppr"":18.48,""rec_rec"":8.33,""rec_tds"":0.33,""rec_yds"":82.15,""rec_yds_100"":0,""rec_yds_200"":0,""ret_tds"":0,""scrimage_yards_100"":0,""scrimage_yards_200"":0}"
14014,12955,Chris Manhertz,TE,TE,NYG,10.067,calculated,10.04,13.42,16.79,"{""2pt_tds"":0,""fumbles"":0.01,""points"":10.04,""points_half"":13.42,""points_ppr"":16.79,""rec_rec"":6.75,""rec_tds"":0.44,""rec_yds"":74.47,""rec_yds_100"":0,""rec_yds_200"":0,""ret_tds"":0,""scrimage_yards_100"":0,""scrimage_yards_200"":0}"
13960,12212,Tyler Kroft,TE,TE,FA,9.741,calculated,9.76,12.59,15.42,"{""2pt_tds"":0,""fumbles"":0.04,""points"":9.76,""points_half"":12.59,""points_ppr"":15.42,""rec_rec"":5.66,""rec_tds"":0.64,""rec_yds"":59.81,""rec_yds_100"":0,""rec_yds_200"":0,""ret_tds"":0,""scrimage_yards_100"":0,""scrimage_yards_200"":0}"
19756,15054,Giovanni Ricci,TE,TE,FA,9.597,calculated,9.61,12.36,15.11,"{""2pt_tds"":0,""fumbles"":0.03,""points"":9.61,""points_half"":12.36,""points_ppr"":15.11,""rec_rec"":5.5,""rec_tds"":0.13,""rec_yds"":88.77,""rec_yds_100"":0,""rec_yds_200"":0,""ret_tds"":0,""scrimage_yards_100"":0,""scrimage_yards_200"":0}"
23461,15604,Shane Zylstra,TE,TE,BUF,9.537,calculated,9.54,11.5,13.47,"{""2pt_tds"":0,""fumbles"":0.1,""points"":9.54,""points_half"":11.5,""points_ppr"":13.47,""rec_rec"":3.93,""rec_tds"":0.33,""rec_yds"":77.57,""rec_yds_100"":0,""rec_yds_200"":0,""ret_tds"":0,""scrimage_yards_100"":0,""scrimage_yards_200"":0}"
14339,13065,Eric Tomlinson,TE,TE,FA,9.454,calculated,9.51,13.22,16.92,"{""2pt_tds"":0,""fumbles"":0,""points"":9.51,""points_half"":13.22,""points_ppr"":16.92,""rec_rec"":7.41,""rec_tds"":0.49,""rec_yds"":65.14,""rec_yds_100"":0,""rec_yds_200"":0,""ret_tds"":0,""scrimage_yards_100"":0,""scrimage_yards_200"":0}"
18482,14752,Jesper Horsted,TE,TE,FA,9.345,calculated,9.36,12.05,14.74,"{""2pt_tds"":0,""fumbles"":0.04,""points"":9.36,""points_half"":12.05,""points_ppr"":14.74,""rec_rec"":5.39,""rec_tds"":0.44,""rec_yds"":67.85,""rec_yds_100"":0,""rec_yds_200"":0,""ret_tds"":0,""scrimage_yards_100"":0,""scrimage_yards_200"":0}"
24180,15804,Grant Calcaterra,TE,TE,PHI,9.203,calculated,9.2,11.08,12.96,"{""2pt_tds"":0,""fumbles"":0.05,""points"":9.2,""points_half"":11.08,""points_ppr"":12.96,""rec_rec"":3.76,""rec_tds"":0.19,""rec_yds"":81.63,""rec_yds_100"":0,""rec_yds_200"":0,""ret_tds"":0,""scrimage_yards_100"":0,""scrimage_yards_200"":0}"
24630,16406,Curtis Hodges,TE,TE,FA,9.153,calculated,9.17,12.24,15.32,"{""2pt_tds"":0,""fumbles"":0,""points"":9.17,""points_half"":12.24,""points_ppr"":15.32,""rec_rec"":6.16,""rec_tds"":0.56,""rec_yds"":57.93,""rec_yds_100"":0,""rec_yds_200"":0,""ret_tds"":0,""scrimage_yards_100"":0,""scrimage_yards_200"":0}"
25469,16367,Brayden Willis,TE,TE,SF,8.707,calculated,8.68,11.23,13.78,"{""2pt_tds"":0,""fumbles"":0,""points"":8.68,""points_half"":11.23,""points_ppr"":13.78,""rec_rec"":5.1,""rec_tds"":0.52,""rec_yds"":55.87,""rec_yds_100"":0,""rec_yds_200"":0,""ret_tds"":0,""scrimage_yards_100"":0,""scrimage_yards_200"":0}"
18293,14142,Kaden Smith,TE,TE,FA,8.481,calculated,8.48,11.64,14.8,"{""2pt_tds"":0,""fumbles"":0,""points"":8.48,""points_half"":11.64,""points_ppr"":14.8,""rec_rec"":6.32,""rec_tds"":0.45,""rec_yds"":57.81,""rec_yds_100"":0,""rec_yds_200"":0,""ret_tds"":0,""scrimage_yards_100"":0,""scrimage_yards_200"":0}"
24181,15925,John FitzPatrick,TE,TE,FA,7.6,calculated,7.6,9.85,12.1,"{""2pt_tds"":0,""fumbles"":0,""points"":7.6,""points_half"":9.85,""points_ppr"":12.1,""rec_rec"":4.5,""rec_tds"":0.5,""rec_yds"":46,""rec_yds_100"":0,""rec_yds_200"":0,""ret_tds"":0,""scrimage_yards_100"":0,""scrimage_yards_200"":0}"
19726,15097,Sean McKeon,TE,TE,IND,7.51,calculated,7.51,7.51,7.51,"{""2pt_tds"":0,""fumbles"":0,""points"":7.51,""points_half"":7.51,""points_ppr"":7.51,""rec_rec"":0,""rec_tds"":0.3,""rec_yds"":57.1,""rec_yds_100"":0,""rec_yds_200"":0,""ret_tds"":0,""scrimage_yards_100"":0,""scrimage_yards_200"":0}"
13964,12309,MyCole Pruitt,TE,TE,FA,7.353,calculated,7.32,8.9,10.47,"{""2pt_tds"":0,""fumbles"":0,""points"":7.32,""points_half"":8.9,""points_ppr"":10.47,""rec_rec"":3.15,""rec_tds"":0.49,""rec_yds"":44.13,""rec_yds_100"":0,""rec_yds_200"":0,""ret_tds"":0,""scrimage_yards_100"":0,""scrimage_yards_200"":0}"
18325,14294,Tommy Sweeney,TE,TE,FA,6.963,calculated,6.96,8.81,10.65,"{""2pt_tds"":0,""fumbles"":0.1,""points"":6.96,""points_half"":8.81,""points_ppr"":10.65,""rec_rec"":3.69,""rec_tds"":0.25,""rec_yds"":56.63,""rec_yds_100"":0,""rec_yds_200"":0,""ret_tds"":0,""scrimage_yards_100"":0,""scrimage_yards_200"":0}"
22815,15339,Kenny Yeboah,TE,TE,FA,6.75,calculated,6.75,7.75,8.75,"{""2pt_tds"":0,""fumbles"":0.05,""points"":6.75,""points_half"":7.75,""points_ppr"":8.75,""rec_rec"":2,""rec_tds"":0.15,""rec_yds"":59.5,""rec_yds_100"":0,""rec_yds_200"":0,""ret_tds"":0,""scrimage_yards_100"":0,""scrimage_yards_200"":0}"
19665,14984,Charlie Woerner,TE,TE,ATL,6.706,calculated,6.73,8.35,9.97,"{""2pt_tds"":0,""fumbles"":0.05,""points"":6.73,""points_half"":8.35,""points_ppr"":9.97,""rec_rec"":3.24,""rec_tds"":0.2,""rec_yds"":56.06,""rec_yds_100"":0,""rec_yds_200"":0,""ret_tds"":0,""scrimage_yards_100"":0,""scrimage_yards_200"":0}"
19811,14996,Tyler Davis,TE,TE,FA,6.33,calculated,6.32,8.39,10.46,"{""2pt_tds"":0,""fumbles"":0,""points"":6.32,""points_half"":8.39,""points_ppr"":10.46,""rec_rec"":4.15,""rec_tds"":0.37,""rec_yds"":41.1,""rec_yds_100"":0,""rec_yds_200"":0,""ret_tds"":0,""scrimage_yards_100"":0,""scrimage_yards_200"":0}"
19698,15088,Ben Ellefson,TE,TE,FA,5.881,calculated,5.88,7.98,10.08,"{""2pt_tds"":0,""fumbles"":0,""points"":5.88,""points_half"":7.98,""points_ppr"":10.08,""rec_rec"":4.2,""rec_tds"":0.34,""rec_yds"":38.41,""rec_yds_100"":0,""rec_yds_200"":0,""ret_tds"":0,""scrimage_yards_100"":0,""scrimage_yards_200"":0}"
17143,13880,Dan Arnold,TE,TE,FA,5.86,calculated,5.86,5.86,5.86,"{""2pt_tds"":0,""fumbles"":0.1,""points"":5.86,""points_half"":5.86,""points_ppr"":5.86,""rec_rec"":0,""rec_tds"":0.4,""rec_yds"":36.6,""rec_yds_100"":0,""rec_yds_200"":0,""ret_tds"":0,""scrimage_yards_100"":0,""scrimage_yards_200"":0}"
16541,13366,Mason Schreck,TE,TE,FA,5.3,calculated,5.3,5.3,5.3,"{""2pt_tds"":0,""fumbles"":0,""points"":5.3,""points_half"":5.3,""points_ppr"":5.3,""rec_rec"":0,""rec_tds"":0.3,""rec_yds"":35,""rec_yds_100"":0,""rec_yds_200"":0,""ret_tds"":0,""scrimage_yards_100"":0,""scrimage_yards_200"":0}"
18921,15213,Matt Sokol,TE,TE,FA,5.277,calculated,5.3,7.15,9.01,"{""2pt_tds"":0,""fumbles"":0.03,""points"":5.3,""points_half"":7.15,""points_ppr"":9.01,""rec_rec"":3.72,""rec_tds"":0.25,""rec_yds"":38.37,""rec_yds_100"":0,""rec_yds_200"":0,""ret_tds"":0,""scrimage_yards_100"":0,""scrimage_yards_200"":0}"
25347,16249,Zack Kuntz,TE,TE,DAL,4.92,calculated,4.93,5.05,5.18,"{""2pt_tds"":0,""fumbles"":0.05,""points"":4.93,""points_half"":5.05,""points_ppr"":5.18,""rec_rec"":0.25,""rec_tds"":0.16,""rec_yds"":40.6,""rec_yds_100"":0,""rec_yds_200"":0,""ret_tds"":0,""scrimage_yards_100"":0,""scrimage_yards_200"":0}"
23251,15425,Jacob Harris,TE,TE,FA,4.373,calculated,4.44,5.15,5.86,"{""2pt_tds"":0,""fumbles"":0,""points"":4.44,""points_half"":5.15,""points_ppr"":5.86,""rec_rec"":1.42,""rec_tds"":0.21,""rec_yds"":31.13,""rec_yds_100"":0,""rec_yds_200"":0,""ret_tds"":0,""scrimage_yards_100"":0,""scrimage_yards_200"":0}"
18431,14357,Kendall Blanton,TE,TE,FA,4.22,calculated,4.22,4.22,4.22,"{""2pt_tds"":0,""fumbles"":0,""points"":4.22,""points_half"":4.22,""points_ppr"":4.22,""rec_rec"":0,""rec_tds"":0.3,""rec_yds"":24.2,""rec_yds_100"":0,""rec_yds_200"":0,""ret_tds"":0,""scrimage_yards_100"":0,""scrimage_yards_200"":0}"
17802,14363,Kevin Rader,TE,TE,FA,4.115,calculated,4.12,4.64,5.16,"{""2pt_tds"":0,""fumbles"":0,""points"":4.12,""points_half"":4.64,""points_ppr"":5.16,""rec_rec"":1.04,""rec_tds"":0.16,""rec_yds"":31.55,""rec_yds_100"":0,""rec_yds_200"":0,""ret_tds"":0,""scrimage_yards_100"":0,""scrimage_yards_200"":0}"
19067,15564,Parker Hesse,TE,TE,FA,3.993,calculated,4,4.09,4.19,"{""2pt_tds"":0,""fumbles"":0,""points"":4,""points_half"":4.09,""points_ppr"":4.19,""rec_rec"":0.19,""rec_tds"":0.01,""rec_yds"":39.33,""rec_yds_100"":0,""rec_yds_200"":0,""ret_tds"":0,""scrimage_yards_100"":0,""scrimage_yards_200"":0}"
24778,16036,Jake Tonges,TE,TE,SF,3.833,calculated,3.83,5.19,6.54,"{""2pt_tds"":0,""fumbles"":0,""points"":3.83,""points_half"":5.19,""points_ppr"":6.54,""rec_rec"":2.71,""rec_tds"":0.2,""rec_yds"":26.33,""rec_yds_100"":0,""rec_yds_200"":0,""ret_tds"":0,""scrimage_yards_100"":0,""scrimage_yards_200"":0}"
19435,14936,Devin Asiasi,TE,TE,FA,2.837,calculated,2.84,2.93,3.01,"{""2pt_tds"":0,""fumbles"":0,""points"":2.84,""points_half"":2.93,""points_ppr"":3.01,""rec_rec"":0.17,""rec_tds"":0.16,""rec_yds"":18.77,""rec_yds_100"":0,""rec_yds_200"":0,""ret_tds"":0,""scrimage_yards_100"":0,""scrimage_yards_200"":0}"
18690,14240,Zach Gentry,TE,TE,FA,2.55,calculated,2.52,2.85,3.17,"{""2pt_tds"":0,""fumbles"":0,""points"":2.52,""points_half"":2.85,""points_ppr"":3.17,""rec_rec"":0.65,""rec_tds"":0.03,""rec_yds"":23.7,""rec_yds_100"":0,""rec_yds_200"":0,""ret_tds"":0,""scrimage_yards_100"":0,""scrimage_yards_200"":0}"
25657,16940,Blake Whiteheart,TE,TE,CLE,2.28,calculated,2.31,2.98,3.66,"{""2pt_tds"":0,""fumbles"":0,""points"":2.31,""points_half"":2.98,""points_ppr"":3.66,""rec_rec"":1.35,""rec_tds"":0.11,""rec_yds"":16.2,""rec_yds_100"":0,""rec_yds_200"":0,""ret_tds"":0,""scrimage_yards_100"":0,""scrimage_yards_200"":0}"
25881,16474,Nate Adkins,TE,TE,DEN,2.2,calculated,2.2,4.2,6.2,"{""2pt_tds"":0,""fumbles"":0,""points"":2.2,""points_half"":4.2,""points_ppr"":6.2,""rec_rec"":4,""rec_tds"":0,""rec_yds"":22,""rec_yds_100"":0,""rec_yds_200"":0,""ret_tds"":0,""scrimage_yards_100"":0,""scrimage_yards_200"":0}"
24239,15937,Nick Muse,TE,TE,ATL,2.2,calculated,2.2,2.7,3.2,"{""2pt_tds"":0,""fumbles"":0,""points"":2.2,""points_half"":2.7,""points_ppr"":3.2,""rec_rec"":1,""rec_tds"":0,""rec_yds"":22,""rec_yds_100"":0,""rec_yds_200"":0,""ret_tds"":0,""scrimage_yards_100"":0,""scrimage_yards_200"":0}"
19706,15562,Tyler Mabry,TE,TE,FA,1.317,calculated,1.33,1.71,2.09,"{""2pt_tds"":0,""fumbles"":0,""points"":1.33,""points_half"":1.71,""points_ppr"":2.09,""rec_rec"":0.76,""rec_tds"":0.09,""rec_yds"":7.77,""rec_yds_100"":0,""rec_yds_200"":0,""ret_tds"":0,""scrimage_yards_100"":0,""scrimage_yards_200"":0}"
23255,,Josh Pederson,TE,TE,FA,1.134,calculated,1.17,1.46,1.76,"{""2pt_tds"":0,""fumbles"":0,""points"":1.17,""points_half"":1.46,""points_ppr"":1.76,""rec_rec"":0.59,""rec_tds"":0.08,""rec_yds"":6.54,""rec_yds_100"":0,""rec_yds_200"":0,""ret_tds"":0,""scrimage_yards_100"":0,""scrimage_yards_200"":0}"
19563,14939,Dalton Keene,TE,TE,FA,1.104,calculated,1.11,1.59,2.07,"{""2pt_tds"":0,""fumbles"":0,""points"":1.11,""points_half"":1.59,""points_ppr"":2.07,""rec_rec"":0.96,""rec_tds"":0.06,""rec_yds"":7.44,""rec_yds_100"":0,""rec_yds_200"":0,""ret_tds"":0,""scrimage_yards_100"":0,""scrimage_yards_200"":0}"
24921,16557,Tucker Fisk,TE,TE,FA,0.9,calculated,0.9,1.4,1.9,"{""2pt_tds"":0,""fumbles"":0,""points"":0.9,""points_half"":1.4,""points_ppr"":1.9,""rec_rec"":1,""rec_tds"":0,""rec_yds"":9,""rec_yds_100"":0,""rec_yds_200"":0,""ret_tds"":0,""scrimage_yards_100"":0,""scrimage_yards_200"":0}"
16787,13919,Anthony Firkser,TE,TE,FA,0.812,calculated,0.82,1.06,1.31,"{""2pt_tds"":0,""fumbles"":0,""points"":0.82,""points_half"":1.06,""points_ppr"":1.31,""rec_rec"":0.49,""rec_tds"":0.04,""rec_yds"":5.72,""rec_yds_100"":0,""rec_yds_200"":0,""ret_tds"":0,""scrimage_yards_100"":0,""scrimage_yards_200"":0}"
18757,14488,Stephen Carlson,TE,TE,CHI,0.743,calculated,0.43,0.53,0.63,"{""2pt_tds"":0.16,""fumbles"":0,""points"":0.43,""points_half"":0.53,""points_ppr"":0.63,""rec_rec"":0.2,""rec_tds"":0.02,""rec_yds"":3.03,""rec_yds_100"":0,""rec_yds_200"":0,""ret_tds"":0,""scrimage_yards_100"":0,""scrimage_yards_200"":0}"
24886,16435,Cole Fotheringham,TE,TE,FA,0.6,calculated,0.6,1.1,1.6,"{""2pt_tds"":0,""fumbles"":0,""points"":0.6,""points_half"":1.1,""points_ppr"":1.6,""rec_rec"":1,""rec_tds"":0,""rec_yds"":6,""rec_yds_100"":0,""rec_yds_200"":0,""ret_tds"":0,""scrimage_yards_100"":0,""scrimage_yards_200"":0}"
25820,16447,Travis Vokolek,TE,TE,FA,0.552,calculated,0.57,0.76,0.96,"{""2pt_tds"":0,""fumbles"":0,""points"":0.57,""points_half"":0.76,""points_ppr"":0.96,""rec_rec"":0.39,""rec_tds"":0.03,""rec_yds"":3.72,""rec_yds_100"":0,""rec_yds_200"":0,""ret_tds"":0,""scrimage_yards_100"":0,""scrimage_yards_200"":0}"
19688,15080,Noah Togiai,TE,TE,FA,0.494,calculated,0.5,0.7,0.89,"{""2pt_tds"":0,""fumbles"":0,""points"":0.5,""points_half"":0.7,""points_ppr"":0.89,""rec_rec"":0.39,""rec_tds"":0.03,""rec_yds"":3.14,""rec_yds_100"":0,""rec_yds_200"":0,""ret_tds"":0,""scrimage_yards_100"":0,""scrimage_yards_200"":0}"
25939,16986,Princeton Fant,TE,TE,DAL,0.485,calculated,0.5,0.66,0.82,"{""2pt_tds"":0,""fumbles"":0,""points"":0.5,""points_half"":0.66,""points_ppr"":0.82,""rec_rec"":0.32,""rec_tds"":0.03,""rec_yds"":3.05,""rec_yds_100"":0,""rec_yds_200"":0,""ret_tds"":0,""scrimage_yards_100"":0,""scrimage_yards_200"":0}"
22865,15506,Matt Bushman,TE,TE,FA,0.468,calculated,0.48,0.57,0.66,"{""2pt_tds"":0,""fumbles"":0,""points"":0.48,""points_half"":0.57,""points_ppr"":0.66,""rec_rec"":0.18,""rec_tds"":0.03,""rec_yds"":2.88,""rec_yds_100"":0,""rec_yds_200"":0,""ret_tds"":0,""scrimage_yards_100"":0,""scrimage_yards_200"":0}"
23386,,Hunter Kampmoyer,TE,TE,FA,0.411,calculated,0.42,0.56,0.69,"{""2pt_tds"":0,""fumbles"":0,""points"":0.42,""points_half"":0.56,""points_ppr"":0.69,""rec_rec"":0.27,""rec_tds"":0.03,""rec_yds"":2.31,""rec_yds_100"":0,""rec_yds_200"":0,""ret_tds"":0,""scrimage_yards_100"":0,""scrimage_yards_200"":0}"
25731,16496,Brady Russell,TE,TE,SEA,0.331,calculated,0.34,0.42,0.51,"{""2pt_tds"":0,""fumbles"":0,""points"":0.34,""points_half"":0.42,""points_ppr"":0.51,""rec_rec"":0.17,""rec_tds"":0.02,""rec_yds"":2.11,""rec_yds_100"":0,""rec_yds_200"":0,""ret_tds"":0,""scrimage_yards_100"":0,""scrimage_yards_200"":0}"
18591,14060,Tyree Jackson,TE,TE,FA,0.305,calculated,0.31,0.37,0.43,"{""2pt_tds"":0,""fumbles"":0,""points"":0.31,""points_half"":0.37,""points_ppr"":0.43,""rec_rec"":0.12,""rec_tds"":0.02,""rec_yds"":1.85,""rec_yds_100"":0,""rec_yds_200"":0,""ret_tds"":0,""scrimage_yards_100"":0,""scrimage_yards_200"":0}"
15645,12680,Nick Vannett,TE,TE,SEA,0.3,calculated,0.3,0.8,1.3,"{""2pt_tds"":0,""fumbles"":0,""points"":0.3,""points_half"":0.8,""points_ppr"":1.3,""rec_rec"":1,""rec_tds"":0,""rec_yds"":3,""rec_yds_100"":0,""rec_yds_200"":0,""ret_tds"":0,""scrimage_yards_100"":0,""scrimage_yards_200"":0}"
24216,15991,Tanner Conner,TE,TE,NYG,0.257,calculated,0.26,0.3,0.33,"{""2pt_tds"":0,""fumbles"":0,""points"":0.26,""points_half"":0.3,""points_ppr"":0.33,""rec_rec"":0.07,""rec_tds"":0.02,""rec_yds"":1.37,""rec_yds_100"":0,""rec_yds_200"":0,""ret_tds"":0,""scrimage_yards_100"":0,""scrimage_yards_200"":0}"
17443,14355,David Wells,TE,TE,FA,-1.0,calculated,-1,0,1,"{""2pt_tds"":0,""fumbles"":0,""points"":-1,""points_half"":0,""points_ppr"":1,""rec_rec"":2,""rec_tds"":0,""rec_yds"":-10,""rec_yds_100"":0,""rec_yds_200"":0,""ret_tds"":0,""scrimage_yards_100"":0,""scrimage_yards_200"":0}"
15802,12801,Tyreek Hill,WR,WR,FA,209.822,calculated,209.81,262.83,315.86,"{""2pt_tds"":0,""fumbles"":0.6,""points"":209.81,""points_half"":262.83,""points_ppr"":315.86,""rec_rec"":106.05,""rec_tds"":9.26,""rec_yds"":1475.97,""rec_yds_100"":6.2,""rec_yds_200"":0.6,""ret_tds"":0,""rush_att"":9.43,""rush_tds"":0.48,""rush_yds"":49.85,""rush_yds_100"":0,""rush_yds_200"":0,""scrimage_yards_100"":6.2,""scrimage_yards_200"":0.6}"
19202,14832,CeeDee Lamb,WR,WR,DAL,198.269,calculated,196.31,248.8,301.29,"{""2pt_tds"":1,""fumbles"":0.78,""points"":196.31,""points_half"":248.8,""points_ppr"":301.29,""rec_rec"":104.98,""rec_tds"":8.66,""rec_yds"":1361.31,""rec_yds_100"":6,""rec_yds_200"":0.4,""ret_tds"":0,""rush_att"":9.16,""rush_tds"":0.52,""rush_yds"":66.18,""rush_yds_100"":0,""rush_yds_200"":0,""scrimage_yards_100"":6,""scrimage_yards_200"":0.4}"
19236,14836,Justin Jefferson,WR,WR,MIN,192.319,calculated,192.31,244.38,296.46,"{""2pt_tds"":0,""fumbles"":0.52,""points"":192.31,""points_half"":244.38,""points_ppr"":296.46,""rec_rec"":104.15,""rec_tds"":7.45,""rec_yds"":1455.04,""rec_yds_100"":6,""rec_yds_200"":0.6,""ret_tds"":0,""rush_att"":3.66,""rush_tds"":0.3,""rush_yds"":13.55,""rush_yds_100"":0,""rush_yds_200"":0,""scrimage_yards_100"":6,""scrimage_yards_200"":0.6}"
19788,15281,Ja'Marr Chase,WR,WR,CIN,185.31,calculated,185.32,236.86,288.4,"{""2pt_tds"":0,""fumbles"":1.03,""points"":185.32,""points_half"":236.86,""points_ppr"":288.4,""rec_rec"":103.08,""rec_tds"":9.18,""rec_yds"":1303.95,""rec_yds_100"":3.3,""rec_yds_200"":0.1,""ret_tds"":0,""rush_att"":4.45,""rush_tds"":0.06,""rush_yds"":15.35,""rush_yds_100"":0,""rush_yds_200"":0,""scrimage_yards_100"":3.3,""scrimage_yards_200"":0.1}"
18218,14104,A.J. Brown,WR,WR,NE,180.315,calculated,180.29,222.98,265.68,"{""2pt_tds"":0,""fumbles"":1.17,""points"":180.29,""points_half"":222.98,""points_ppr"":265.68,""rec_rec"":85.39,""rec_tds"":8.82,""rec_yds"":1290.35,""rec_yds_100"":5.8,""rec_yds_200"":0.4,""ret_tds"":0,""rush_att"":0.34,""rush_tds"":0.05,""rush_yds"":4,""rush_yds_100"":0,""rush_yds_200"":0,""scrimage_yards_100"":5.8,""scrimage_yards_200"":0.4}"
13981,12186,Stefon Diggs,WR,WR,WAS,176.204,calculated,174.18,224.33,274.47,"{""2pt_tds"":1,""fumbles"":0.6,""points"":174.18,""points_half"":224.33,""points_ppr"":274.47,""rec_rec"":100.29,""rec_tds"":8.38,""rec_yds"":1248.16,""rec_yds_100"":5.1,""rec_yds_200"":0.3,""ret_tds"":0,""rush_att"":0.58,""rush_tds"":0,""rush_yds"":3.08,""rush_yds_100"":0,""rush_yds_200"":0,""scrimage_yards_100"":5.1,""scrimage_yards_200"":0.3}"
12123,11675,Davante Adams,WR,WR,LAR,175.464,calculated,175.42,224.54,273.66,"{""2pt_tds"":0,""fumbles"":0.29,""points"":175.42,""points_half"":224.54,""points_ppr"":273.66,""rec_rec"":98.23,""rec_tds"":8.21,""rec_yds"":1257.41,""rec_yds_100"":3.4,""rec_yds_200"":0.1,""ret_tds"":0,""rush_att"":1.82,""rush_tds"":0.07,""rush_yds"":6.23,""rush_yds_100"":0,""rush_yds_200"":0,""scrimage_yards_100"":3.4,""scrimage_yards_200"":0.1}"
19799,15287,Amon-Ra St. Brown,WR,WR,DET,169.536,calculated,169.54,221.62,273.69,"{""2pt_tds"":0,""fumbles"":0.39,""points"":169.54,""points_half"":221.62,""points_ppr"":273.69,""rec_rec"":104.15,""rec_tds"":6.66,""rec_yds"":1215.87,""rec_yds_100"":5.1,""rec_yds_200"":0.3,""ret_tds"":0,""rush_att"":8.37,""rush_tds"":0.42,""rush_yds"":62.49,""rush_yds_100"":0,""rush_yds_200"":0,""scrimage_yards_100"":5.1,""scrimage_yards_200"":0.3}"
18244,14136,Deebo Samuel Sr.,WR,WR,SF,156.152,calculated,156.15,188.5,220.86,"{""2pt_tds"":0,""fumbles"":1.16,""points"":156.15,""points_half"":188.5,""points_ppr"":220.86,""rec_rec"":64.71,""rec_tds"":4.55,""rec_yds"":892.14,""rec_yds_100"":3.2,""rec_yds_200"":0.1,""ret_tds"":0,""rush_att"":42.83,""rush_tds"":3.03,""rush_yds"":237.78,""rush_yds_100"":0,""rush_yds_200"":0,""scrimage_yards_100"":3.2,""scrimage_yards_200"":0.1}"
16433,13164,Cooper Kupp,WR,WR,SEA,155.786,calculated,153.8,198.35,242.91,"{""2pt_tds"":1,""fumbles"":0.72,""points"":153.8,""points_half"":198.35,""points_ppr"":242.91,""rec_rec"":89.12,""rec_tds"":6.67,""rec_yds"":1093.4,""rec_yds_100"":3.9,""rec_yds_200"":0.1,""ret_tds"":0,""rush_att"":7.75,""rush_tds"":0.34,""rush_yds"":38.26,""rush_yds_100"":0,""rush_yds_200"":0,""scrimage_yards_100"":3.9,""scrimage_yards_200"":0.1}"
17265,13635,DJ Moore,WR,WR,BUF,151.806,calculated,151.77,189.68,227.59,"{""2pt_tds"":0,""fumbles"":0.55,""points"":151.77,""points_half"":189.68,""points_ppr"":227.59,""rec_rec"":75.82,""rec_tds"":7.09,""rec_yds"":1053.07,""rec_yds_100"":4.9,""rec_yds_200"":0.2,""ret_tds"":0,""rush_att"":6.18,""rush_tds"":0.22,""rush_yds"":37.39,""rush_yds_100"":0,""rush_yds_200"":0,""scrimage_yards_100"":4.9,""scrimage_yards_200"":0.2}"
12119,11671,Mike Evans,WR,WR,SF,150.814,calculated,150.81,186.87,222.94,"{""2pt_tds"":0,""fumbles"":0.12,""points"":150.81,""points_half"":186.87,""points_ppr"":222.94,""rec_rec"":72.13,""rec_tds"":7.6,""rec_yds"":1053.96,""rec_yds_100"":4.3,""rec_yds_200"":0.2,""ret_tds"":0,""rush_att"":0.06,""rush_tds"":0,""rush_yds"":0.58,""rush_yds_100"":0,""rush_yds_200"":0,""scrimage_yards_100"":4.3,""scrimage_yards_200"":0.2}"
23072,15753,Garrett Wilson,WR,WR,NYJ,150.093,calculated,150.08,194.51,238.94,"{""2pt_tds"":0,""fumbles"":1.27,""points"":150.08,""points_half"":194.51,""points_ppr"":238.94,""rec_rec"":88.86,""rec_tds"":6.05,""rec_yds"":1156.25,""rec_yds_100"":5,""rec_yds_200"":0.3,""ret_tds"":0,""rush_att"":2.31,""rush_tds"":0.03,""rush_yds"":5.28,""rush_yds_100"":0,""rush_yds_200"":0,""scrimage_yards_100"":5,""scrimage_yards_200"":0.3}"
18219,14102,DK Metcalf,WR,WR,PIT,149.135,calculated,149.15,189.02,228.88,"{""2pt_tds"":0,""fumbles"":0.8,""points"":149.15,""points_half"":189.02,""points_ppr"":228.88,""rec_rec"":79.72,""rec_tds"":7.61,""rec_yds"":1049.93,""rec_yds_100"":3.2,""rec_yds_200"":0.1,""ret_tds"":0,""rush_att"":0.14,""rush_tds"":0,""rush_yds"":0.82,""rush_yds_100"":0,""rush_yds_200"":0,""scrimage_yards_100"":3.2,""scrimage_yards_200"":0.1}"
13894,12175,Amari Cooper,WR,WR,FA,148.485,calculated,146.47,183.57,220.68,"{""2pt_tds"":1,""fumbles"":0.38,""points"":146.47,""points_half"":183.57,""points_ppr"":220.68,""rec_rec"":74.21,""rec_tds"":6.82,""rec_yds"":1062.12,""rec_yds_100"":3.1,""rec_yds_200"":0.1,""ret_tds"":0,""rush_att"":0.54,""rush_tds"":0,""rush_yds"":1.13,""rush_yds_100"":0,""rush_yds_200"":0,""scrimage_yards_100"":3.1,""scrimage_yards_200"":0.1}"
20111,15754,Chris Olave,WR,WR,NO,147.55,calculated,145.58,186.71,227.85,"{""2pt_tds"":1,""fumbles"":1.27,""points"":145.58,""points_half"":186.71,""points_ppr"":227.85,""rec_rec"":82.27,""rec_tds"":5.4,""rec_yds"":1156.89,""rec_yds_100"":4.1,""rec_yds_200"":0.4,""ret_tds"":0,""rush_att"":0,""rush_tds"":0,""rush_yds"":0.01,""rush_yds_100"":0,""rush_yds_200"":0,""scrimage_yards_100"":4.1,""scrimage_yards_200"":0.4}"
19222,15282,DeVonta Smith,WR,WR,PHI,142.902,calculated,142.87,184.38,225.9,"{""2pt_tds"":0,""fumbles"":0.89,""points"":142.87,""points_half"":184.38,""points_ppr"":225.9,""rec_rec"":83.03,""rec_tds"":6.51,""rec_yds"":1056.22,""rec_yds_100"":3.7,""rec_yds_200"":0.1,""ret_tds"":0,""rush_att"":0,""rush_tds"":0,""rush_yds"":0,""rush_yds_100"":0,""rush_yds_200"":0,""scrimage_yards_100"":3.7,""scrimage_yards_200"":0.1}"
19790,15284,Jaylen Waddle,WR,WR,DEN,142.811,calculated,142.83,182.24,221.65,"{""2pt_tds"":0,""fumbles"":0.63,""points"":142.83,""points_half"":182.24,""points_ppr"":221.65,""rec_rec"":78.83,""rec_tds"":5.49,""rec_yds"":1078.02,""rec_yds_100"":1.9,""rec_yds_200"":0,""ret_tds"":0,""rush_att"":3.9,""rush_tds"":0.19,""rush_yds"":21.89,""rush_yds_100"":0,""rush_yds_200"":0,""scrimage_yards_100"":1.9,""scrimage_yards_200"":0}"
17258,13629,Calvin Ridley,WR,WR,TEN,141.873,calculated,139.83,178.95,218.06,"{""2pt_tds"":1,""fumbles"":0.54,""points"":139.83,""points_half"":178.95,""points_ppr"":218.06,""rec_rec"":78.24,""rec_tds"":6.67,""rec_yds"":997.08,""rec_yds_100"":3.1,""rec_yds_200"":0.1,""ret_tds"":0,""rush_att"":2.19,""rush_tds"":0.03,""rush_yds"":10.45,""rush_yds_100"":0,""rush_yds_200"":0,""scrimage_yards_100"":3.1,""scrimage_yards_200"":0.1}"
19252,14840,Brandon Aiyuk,WR,WR,SF,140.291,calculated,140.33,174.42,208.52,"{""2pt_tds"":0,""fumbles"":0.86,""points"":140.33,""points_half"":174.42,""points_ppr"":208.52,""rec_rec"":68.19,""rec_tds"":6.41,""rec_yds"":1001.18,""rec_yds_100"":4.4,""rec_yds_200"":0.1,""ret_tds"":0,""rush_att"":3.07,""rush_tds"":0.23,""rush_yds"":20.53,""rush_yds_100"":0,""rush_yds_200"":0,""scrimage_yards_100"":4.4,""scrimage_yards_200"":0.1}"
11616,11222,Keenan Allen,WR,WR,IND,140.06,calculated,140.08,187.84,235.61,"{""2pt_tds"":0,""fumbles"":0.92,""points"":140.08,""points_half"":187.84,""points_ppr"":235.61,""rec_rec"":95.53,""rec_tds"":5.91,""rec_yds"":1055.6,""rec_yds_100"":3.5,""rec_yds_200"":0.1,""ret_tds"":0,""rush_att"":1.32,""rush_tds"":0.03,""rush_yds"":7,""rush_yds_100"":0,""rush_yds_200"":0,""scrimage_yards_100"":3.5,""scrimage_yards_200"":0.1}"
19211,14835,Tee Higgins,WR,WR,CIN,135.74,calculated,135.75,172.46,209.17,"{""2pt_tds"":0,""fumbles"":0.29,""points"":135.75,""points_half"":172.46,""points_ppr"":209.17,""rec_rec"":73.41,""rec_tds"":6.21,""rec_yds"":988.78,""rec_yds_100"":3,""rec_yds_200"":0.1,""ret_tds"":0,""rush_att"":0.48,""rush_tds"":0,""rush_yds"":1.82,""rush_yds_100"":0,""rush_yds_200"":0,""scrimage_yards_100"":3,""scrimage_yards_200"":0.1}"
11606,11232,DeAndre Hopkins,WR,WR,BAL,129.475,calculated,129.47,167.57,205.67,"{""2pt_tds"":0,""fumbles"":0.74,""points"":129.47,""points_half"":167.57,""points_ppr"":205.67,""rec_rec"":76.2,""rec_tds"":5.35,""rec_yds"":985.85,""rec_yds_100"":3.2,""rec_yds_200"":0.1,""ret_tds"":0,""rush_att"":0.14,""rush_tds"":0,""rush_yds"":2.7,""rush_yds_100"":0,""rush_yds_200"":0,""scrimage_yards_100"":3.2,""scrimage_yards_200"":0.1}"
23886,15789,Christian Watson,WR,WR,GB,128.328,calculated,128.31,158.74,189.16,"{""2pt_tds"":0,""fumbles"":0.21,""points"":128.31,""points_half"":158.74,""points_ppr"":189.16,""rec_rec"":60.85,""rec_tds"":5.65,""rec_yds"":843.77,""rec_yds_100"":1.7,""rec_yds_200"":0,""ret_tds"":0,""rush_att"":8.08,""rush_tds"":0.81,""rush_yds"":56.11,""rush_yds_100"":0,""rush_yds_200"":0,""scrimage_yards_100"":1.7,""scrimage_yards_200"":0}"
18466,14109,Terry McLaurin,WR,WR,WAS,125.678,calculated,125.65,162.14,198.64,"{""2pt_tds"":0,""fumbles"":0.21,""points"":125.65,""points_half"":162.14,""points_ppr"":198.64,""rec_rec"":72.99,""rec_tds"":4.2,""rec_yds"":989.43,""rec_yds_100"":3.2,""rec_yds_200"":0.1,""ret_tds"":0,""rush_att"":3.31,""rush_tds"":0.06,""rush_yds"":15.95,""rush_yds_100"":0,""rush_yds_200"":0,""scrimage_yards_100"":3.2,""scrimage_yards_200"":0.1}"
19278,14842,Michael Pittman Jr.,WR,WR,PIT,125.141,calculated,121.09,161.81,202.53,"{""2pt_tds"":2,""fumbles"":0.81,""points"":121.09,""points_half"":161.81,""points_ppr"":202.53,""rec_rec"":81.45,""rec_tds"":4.37,""rec_yds"":944.02,""rec_yds_100"":4.3,""rec_yds_200"":0.1,""ret_tds"":0,""rush_att"":2.73,""rush_tds"":0.03,""rush_yds"":19.59,""rush_yds_100"":0,""rush_yds_200"":0,""scrimage_yards_100"":4.3,""scrimage_yards_200"":0.1}"
13971,12187,Tyler Lockett,WR,WR,LV,125.002,calculated,122.99,162.33,201.67,"{""2pt_tds"":1,""fumbles"":0.56,""points"":122.99,""points_half"":162.33,""points_ppr"":201.67,""rec_rec"":78.68,""rec_tds"":5.52,""rec_yds"":909.7,""rec_yds_100"":2.4,""rec_yds_200"":0,""ret_tds"":0,""rush_att"":0.24,""rush_tds"":0,""rush_yds"":0.32,""rush_yds_100"":0,""rush_yds_200"":0,""scrimage_yards_100"":2.4,""scrimage_yards_200"":0}"
22963,15762,George Pickens,WR,WR,DAL,124.512,calculated,124.54,154.88,185.21,"{""2pt_tds"":0,""fumbles"":0.16,""points"":124.54,""points_half"":154.88,""points_ppr"":185.21,""rec_rec"":60.67,""rec_tds"":5.04,""rec_yds"":904.19,""rec_yds_100"":2.5,""rec_yds_200"":0,""ret_tds"":0,""rush_att"":2.75,""rush_tds"":0.39,""rush_yds"":18.33,""rush_yds_100"":0,""rush_yds_200"":0,""scrimage_yards_100"":2.5,""scrimage_yards_200"":0}"
16406,13163,Chris Godwin Jr.,WR,WR,TB,124.041,calculated,120.06,163.21,206.36,"{""2pt_tds"":2,""fumbles"":0.72,""points"":120.06,""points_half"":163.21,""points_ppr"":206.36,""rec_rec"":86.3,""rec_tds"":3.72,""rec_yds"":958.98,""rec_yds_100"":3.1,""rec_yds_200"":0.1,""ret_tds"":0,""rush_att"":2.67,""rush_tds"":0.27,""rush_yds"":16.43,""rush_yds_100"":0,""rush_yds_200"":0,""scrimage_yards_100"":3.1,""scrimage_yards_200"":0.1}"
20130,15290,Nico Collins,WR,WR,HOU,123.305,calculated,121.32,152.05,182.78,"{""2pt_tds"":1,""fumbles"":0.12,""points"":121.32,""points_half"":152.05,""points_ppr"":182.78,""rec_rec"":61.46,""rec_tds"":6.68,""rec_yds"":813.25,""rec_yds_100"":0.7,""rec_yds_200"":0,""ret_tds"":0,""rush_att"":0,""rush_tds"":0,""rush_yds"":1.4,""rush_yds_100"":0,""rush_yds_200"":0,""scrimage_yards_100"":0.7,""scrimage_yards_200"":0}"
17268,13633,Christian Kirk,WR,WR,SF,121.962,calculated,121.94,156.77,191.6,"{""2pt_tds"":0,""fumbles"":1.2,""points"":121.94,""points_half"":156.77,""points_ppr"":191.6,""rec_rec"":69.66,""rec_tds"":5.54,""rec_yds"":892.15,""rec_yds_100"":0,""rec_yds_200"":0,""ret_tds"":0,""rush_att"":3.19,""rush_tds"":0.07,""rush_yds"":14.87,""rush_yds_100"":0,""rush_yds_200"":0,""scrimage_yards_100"":0,""scrimage_yards_200"":0}"
23107,16186,Jordan Addison,WR,WR,MIN,121.493,calculated,121.49,153.52,185.56,"{""2pt_tds"":0,""fumbles"":0.77,""points"":121.49,""points_half"":153.52,""points_ppr"":185.56,""rec_rec"":64.07,""rec_tds"":5.88,""rec_yds"":856.42,""rec_yds_100"":2.2,""rec_yds_200"":0,""ret_tds"":0,""rush_att"":3.14,""rush_tds"":0.1,""rush_yds"":15.11,""rush_yds_100"":0,""rush_yds_200"":0,""scrimage_yards_100"":2.2,""scrimage_yards_200"":0}"
12122,11674,Brandin Cooks,WR,WR,FA,120.199,calculated,118.19,150.64,183.08,"{""2pt_tds"":1,""fumbles"":0.11,""points"":118.19,""points_half"":150.64,""points_ppr"":183.08,""rec_rec"":64.89,""rec_tds"":5.46,""rec_yds"":829.52,""rec_yds_100"":2.4,""rec_yds_200"":0,""ret_tds"":0,""rush_att"":3.07,""rush_tds"":0.09,""rush_yds"":21.67,""rush_yds_100"":0,""rush_yds_200"":0,""scrimage_yards_100"":2.4,""scrimage_yards_200"":0}"
23163,15751,Drake London,WR,WR,ATL,119.755,calculated,117.77,155.04,192.31,"{""2pt_tds"":1,""fumbles"":1.81,""points"":117.77,""points_half"":155.04,""points_ppr"":192.31,""rec_rec"":74.54,""rec_tds"":4.77,""rec_yds"":927.55,""rec_yds_100"":3,""rec_yds_200"":0.1,""ret_tds"":0,""rush_att"":0,""rush_tds"":0,""rush_yds"":0,""rush_yds_100"":0,""rush_yds_200"":0,""scrimage_yards_100"":3,""scrimage_yards_200"":0.1}"
19398,14845,Gabe Davis,WR,WR,FA,118.508,calculated,116.55,141.42,166.29,"{""2pt_tds"":1,""fumbles"":0.7,""points"":116.55,""points_half"":141.42,""points_ppr"":166.29,""rec_rec"":49.74,""rec_tds"":6.48,""rec_yds"":790.61,""rec_yds_100"":1.4,""rec_yds_200"":0,""ret_tds"":0,""rush_att"":0.06,""rush_tds"":0,""rush_yds"":-0.33,""rush_yds_100"":0,""rush_yds_200"":0,""scrimage_yards_100"":1.4,""scrimage_yards_200"":0}"
18615,14208,Diontae Johnson,WR,WR,FA,116.649,calculated,116.61,154.72,192.82,"{""2pt_tds"":0,""fumbles"":0.53,""points"":116.61,""points_half"":154.72,""points_ppr"":192.82,""rec_rec"":76.21,""rec_tds"":4.43,""rec_yds"":888.25,""rec_yds_100"":2.6,""rec_yds_200"":0,""ret_tds"":0,""rush_att"":4.47,""rush_tds"":0.03,""rush_yds"":21.24,""rush_yds_100"":0,""rush_yds_200"":0,""scrimage_yards_100"":2.6,""scrimage_yards_200"":0}"
17253,13630,Courtland Sutton,WR,WR,DEN,115.35,calculated,115.36,146.49,177.61,"{""2pt_tds"":0,""fumbles"":0.86,""points"":115.36,""points_half"":146.49,""points_ppr"":177.61,""rec_rec"":62.25,""rec_tds"":5.34,""rec_yds"":848.27,""rec_yds_100"":3.5,""rec_yds_200"":0.1,""ret_tds"":0,""rush_att"":0.5,""rush_tds"":0,""rush_yds"":2.03,""rush_yds_100"":0,""rush_yds_200"":0,""scrimage_yards_100"":3.5,""scrimage_yards_200"":0.1}"
22916,16190,Zay Flowers,WR,WR,BAL,115.15,calculated,113.19,143.29,173.38,"{""2pt_tds"":1,""fumbles"":0.79,""points"":113.19,""points_half"":143.29,""points_ppr"":173.38,""rec_rec"":60.19,""rec_tds"":5.01,""rec_yds"":806.36,""rec_yds_100"":2.9,""rec_yds_200"":0.1,""ret_tds"":0,""rush_att"":2.84,""rush_tds"":0.27,""rush_yds"":24.14,""rush_yds_100"":0,""rush_yds_200"":0,""scrimage_yards_100"":2.9,""scrimage_yards_200"":0.1}"
18226,14105,Hollywood Brown,WR,WR,PHI,114.717,calculated,114.72,151.39,188.05,"{""2pt_tds"":0,""fumbles"":0.24,""points"":114.72,""points_half"":151.39,""points_ppr"":188.05,""rec_rec"":73.33,""rec_tds"":4.5,""rec_yds"":868.71,""rec_yds_100"":0,""rec_yds_200"":0,""ret_tds"":0,""rush_att"":1.4,""rush_tds"":0.04,""rush_yds"":10.86,""rush_yds_100"":0,""rush_yds_200"":0,""scrimage_yards_100"":0,""scrimage_yards_200"":0}"
16377,13154,Mike Williams,WR,WR,FA,114.296,calculated,114.33,143.41,172.5,"{""2pt_tds"":0,""fumbles"":0.13,""points"":114.33,""points_half"":143.41,""points_ppr"":172.5,""rec_rec"":58.17,""rec_tds"":5.44,""rec_yds"":812.01,""rec_yds_100"":0,""rec_yds_200"":0,""ret_tds"":0,""rush_att"":1.07,""rush_tds"":0.03,""rush_yds"":5.35,""rush_yds_100"":0,""rush_yds_200"":0,""scrimage_yards_100"":0,""scrimage_yards_200"":0}"
23180,16211,Puka Nacua,WR,WR,LAR,112.337,calculated,112.33,139.28,166.24,"{""2pt_tds"":0,""fumbles"":0.39,""points"":112.33,""points_half"":139.28,""points_ppr"":166.24,""rec_rec"":53.91,""rec_tds"":3.9,""rec_yds"":851.23,""rec_yds_100"":4.4,""rec_yds_200"":0.2,""ret_tds"":0,""rush_att"":3.13,""rush_tds"":0.13,""rush_yds"":38.14,""rush_yds_100"":0,""rush_yds_200"":0,""scrimage_yards_100"":4.4,""scrimage_yards_200"":0.2}"
19201,14833,Jerry Jeudy,WR,WR,CLE,111.758,calculated,111.75,143.13,174.52,"{""2pt_tds"":0,""fumbles"":0.15,""points"":111.75,""points_half"":143.13,""points_ppr"":174.52,""rec_rec"":62.77,""rec_tds"":3.81,""rec_yds"":881.09,""rec_yds_100"":2.4,""rec_yds_200"":0,""ret_tds"":0,""rush_att"":1.42,""rush_tds"":0.02,""rush_yds"":9.69,""rush_yds_100"":0,""rush_yds_200"":0,""scrimage_yards_100"":2.4,""scrimage_yards_200"":0}"
23101,15755,Jahan Dotson,WR,WR,ATL,106.996,calculated,106.99,136.26,165.53,"{""2pt_tds"":0,""fumbles"":0.18,""points"":106.99,""points_half"":136.26,""points_ppr"":165.53,""rec_rec"":58.54,""rec_tds"":5.11,""rec_yds"":753,""rec_yds_100"":0.6,""rec_yds_200"":0,""ret_tds"":0,""rush_att"":2.86,""rush_tds"":0.09,""rush_yds"":8.56,""rush_yds_100"":0,""rush_yds_200"":0,""scrimage_yards_100"":0.6,""scrimage_yards_200"":0}"
23020,16184,Jayden Reed,WR,WR,GB,105.248,calculated,103.27,129.49,155.72,"{""2pt_tds"":1,""fumbles"":0.68,""points"":103.27,""points_half"":129.49,""points_ppr"":155.72,""rec_rec"":52.45,""rec_tds"":4.71,""rec_yds"":691.2,""rec_yds_100"":1.9,""rec_yds_200"":0,""ret_tds"":0,""rush_att"":3.42,""rush_tds"":0.52,""rush_yds"":41.08,""rush_yds_100"":0,""rush_yds_200"":0,""scrimage_yards_100"":1.9,""scrimage_yards_200"":0}"
23070,16185,Jaxon Smith-Njigba,WR,WR,SEA,102.866,calculated,102.87,131.97,161.08,"{""2pt_tds"":0,""fumbles"":0.78,""points"":102.87,""points_half"":131.97,""points_ppr"":161.08,""rec_rec"":58.21,""rec_tds"":4.36,""rec_yds"":769.39,""rec_yds_100"":2.6,""rec_yds_200"":0,""ret_tds"":0,""rush_att"":1.8,""rush_tds"":0.07,""rush_yds"":9.07,""rush_yds_100"":0,""rush_yds_200"":0,""scrimage_yards_100"":2.6,""scrimage_yards_200"":0}"
18598,14127,Jakobi Meyers,WR,WR,JAC,102.349,calculated,102.33,134.1,165.86,"{""2pt_tds"":0,""fumbles"":0.73,""points"":102.33,""points_half"":134.1,""points_ppr"":165.86,""rec_rec"":63.53,""rec_tds"":4.31,""rec_yds"":752.8,""rec_yds_100"":1.6,""rec_yds_200"":0,""ret_tds"":0,""rush_att"":1.13,""rush_tds"":0.35,""rush_yds"":5.69,""rush_yds_100"":0,""rush_yds_200"":0,""scrimage_yards_100"":1.6,""scrimage_yards_200"":0}"
13429,11938,Adam Thielen,WR,WR,FA,99.443,calculated,97.44,129.82,162.2,"{""2pt_tds"":1,""fumbles"":0.15,""points"":97.44,""points_half"":129.82,""points_ppr"":162.2,""rec_rec"":64.76,""rec_tds"":4.52,""rec_yds"":701.4,""rec_yds_100"":1.2,""rec_yds_200"":0,""ret_tds"":0,""rush_att"":0.68,""rush_tds"":0.03,""rush_yds"":3.03,""rush_yds_100"":0,""rush_yds_200"":0,""scrimage_yards_100"":1.2,""scrimage_yards_200"":0}"
23113,16194,Rashee Rice,WR,WR,KC,96.608,calculated,96.59,119.71,142.84,"{""2pt_tds"":0,""fumbles"":0.67,""points"":96.59,""points_half"":119.71,""points_ppr"":142.84,""rec_rec"":46.25,""rec_tds"":4.98,""rec_yds"":674.2,""rec_yds_100"":2.6,""rec_yds_200"":0,""ret_tds"":0,""rush_att"":1.3,""rush_tds"":0.02,""rush_yds"":5.28,""rush_yds_100"":0,""rush_yds_200"":0,""scrimage_yards_100"":2.6,""scrimage_yards_200"":0}"
23794,15779,Romeo Doubs,WR,WR,NE,96.109,calculated,96.13,124.8,153.46,"{""2pt_tds"":0,""fumbles"":0.77,""points"":96.13,""points_half"":124.8,""points_ppr"":153.46,""rec_rec"":57.33,""rec_tds"":5.2,""rec_yds"":658.11,""rec_yds_100"":0.6,""rec_yds_200"":0,""ret_tds"":0,""rush_att"":0.68,""rush_tds"":0,""rush_yds"":6.38,""rush_yds_100"":0,""rush_yds_200"":0,""scrimage_yards_100"":0.6,""scrimage_yards_200"":0}"
22905,15752,Treylon Burks,WR,WR,WAS,91.128,calculated,91.07,116.28,141.48,"{""2pt_tds"":0,""fumbles"":0.19,""points"":91.07,""points_half"":116.28,""points_ppr"":141.48,""rec_rec"":50.41,""rec_tds"":3.15,""rec_yds"":673.99,""rec_yds_100"":0.5,""rec_yds_200"":0,""ret_tds"":0,""rush_att"":6.36,""rush_tds"":0.09,""rush_yds"":46.69,""rush_yds_100"":0,""rush_yds_200"":0,""scrimage_yards_100"":0.5,""scrimage_yards_200"":0}"
15547,12650,Tyler Boyd,WR,WR,FA,90.096,calculated,90.13,119.4,148.67,"{""2pt_tds"":0,""fumbles"":0.21,""points"":90.13,""points_half"":119.4,""points_ppr"":148.67,""rec_rec"":58.54,""rec_tds"":3.54,""rec_yds"":680.73,""rec_yds_100"":1.2,""rec_yds_200"":0,""ret_tds"":0,""rush_att"":1.5,""rush_tds"":0.03,""rush_yds"":10.23,""rush_yds_100"":0,""rush_yds_200"":0,""scrimage_yards_100"":1.2,""scrimage_yards_200"":0}"
12127,11679,Odell Beckham Jr.,WR,WR,NYG,89.717,calculated,89.74,112.9,136.07,"{""2pt_tds"":0,""fumbles"":0.46,""points"":89.74,""points_half"":112.9,""points_ppr"":136.07,""rec_rec"":46.33,""rec_tds"":3.94,""rec_yds"":638.15,""rec_yds_100"":1.3,""rec_yds_200"":0,""ret_tds"":0,""rush_att"":1.59,""rush_tds"":0.24,""rush_yds"":17.42,""rush_yds_100"":0,""rush_yds_200"":0,""scrimage_yards_100"":1.3,""scrimage_yards_200"":0}"
16434,13157,Curtis Samuel,WR,WR,FA,88.425,calculated,88.41,114.35,140.3,"{""2pt_tds"":0,""fumbles"":0.48,""points"":88.41,""points_half"":114.35,""points_ppr"":140.3,""rec_rec"":51.88,""rec_tds"":2.74,""rec_yds"":538.67,""rec_yds_100"":0.8,""rec_yds_200"":0,""ret_tds"":0,""rush_att"":28.49,""rush_tds"":1.03,""rush_yds"":128.98,""rush_yds_100"":0,""rush_yds_200"":0,""scrimage_yards_100"":0.8,""scrimage_yards_200"":0}"
20114,15288,Elijah Moore,WR,WR,PHI,88.41,calculated,88.41,115.78,143.16,"{""2pt_tds"":0,""fumbles"":0.63,""points"":88.41,""points_half"":115.78,""points_ppr"":143.16,""rec_rec"":54.76,""rec_tds"":3.18,""rec_yds"":666.35,""rec_yds_100"":0.8,""rec_yds_200"":0,""ret_tds"":0,""rush_att"":5.98,""rush_tds"":0.22,""rush_yds"":26.35,""rush_yds_100"":0,""rush_yds_200"":0,""scrimage_yards_100"":0.8,""scrimage_yards_200"":0}"
23123,16188,Quentin Johnston,WR,WR,LAC,88.235,calculated,88.27,112.67,137.07,"{""2pt_tds"":0,""fumbles"":0.72,""points"":88.27,""points_half"":112.67,""points_ppr"":137.07,""rec_rec"":48.81,""rec_tds"":3.37,""rec_yds"":674.26,""rec_yds_100"":1.4,""rec_yds_200"":0,""ret_tds"":0,""rush_att"":2.9,""rush_tds"":0.09,""rush_yds"":14.89,""rush_yds_100"":0,""rush_yds_200"":0,""scrimage_yards_100"":1.4,""scrimage_yards_200"":0}"
24687,16080,Rashid Shaheed,WR,WR,SEA,87.809,calculated,87.79,106.75,125.71,"{""2pt_tds"":0,""fumbles"":0.36,""points"":87.79,""points_half"":106.75,""points_ppr"":125.71,""rec_rec"":37.92,""rec_tds"":2.9,""rec_yds"":617.88,""rec_yds_100"":2.1,""rec_yds_200"":0,""ret_tds"":0,""rush_att"":4.08,""rush_tds"":0.78,""rush_yds"":46.61,""rush_yds_100"":0,""rush_yds_200"":0,""scrimage_yards_100"":2.1,""scrimage_yards_200"":0}"
17292,13668,DJ Chark Jr.,WR,WR,FA,86.289,calculated,86.28,108.02,129.75,"{""2pt_tds"":0,""fumbles"":0.36,""points"":86.28,""points_half"":108.02,""points_ppr"":129.75,""rec_rec"":43.47,""rec_tds"":3.66,""rec_yds"":649.61,""rec_yds_100"":0.7,""rec_yds_200"":0,""ret_tds"":0,""rush_att"":0.1,""rush_tds"":0,""rush_yds"":0.88,""rush_yds_100"":0,""rush_yds_200"":0,""scrimage_yards_100"":0.7,""scrimage_yards_200"":0}"
15528,12652,Michael Thomas,WR,WR,FA,84.794,calculated,84.78,114.43,144.08,"{""2pt_tds"":0,""fumbles"":0.16,""points"":84.78,""points_half"":114.43,""points_ppr"":144.08,""rec_rec"":59.31,""rec_tds"":3.42,""rec_yds"":645.77,""rec_yds_100"":0.9,""rec_yds_200"":0,""ret_tds"":0,""rush_att"":0.28,""rush_tds"":0,""rush_yds"":0.17,""rush_yds_100"":0,""rush_yds_200"":0,""scrimage_yards_100"":0.9,""scrimage_yards_200"":0}"
17259,13646,Michael Gallup,WR,WR,FA,84.741,calculated,84.73,107.67,130.61,"{""2pt_tds"":0,""fumbles"":0.1,""points"":84.73,""points_half"":107.67,""points_ppr"":130.61,""rec_rec"":45.89,""rec_tds"":4.08,""rec_yds"":604.61,""rec_yds_100"":1.2,""rec_yds_200"":0,""ret_tds"":0,""rush_att"":0,""rush_tds"":0,""rush_yds"":0,""rush_yds_100"":0,""rush_yds_200"":0,""scrimage_yards_100"":1.2,""scrimage_yards_200"":0}"
16427,13156,JuJu Smith-Schuster,WR,WR,FA,81.88,calculated,81.87,112.7,143.52,"{""2pt_tds"":0,""fumbles"":0.66,""points"":81.87,""points_half"":112.7,""points_ppr"":143.52,""rec_rec"":61.65,""rec_tds"":2.91,""rec_yds"":655.15,""rec_yds_100"":0.5,""rec_yds_200"":0,""ret_tds"":0,""rush_att"":0.12,""rush_tds"":0.03,""rush_yds"":0.45,""rush_yds_100"":0,""rush_yds_200"":0,""scrimage_yards_100"":0.5,""scrimage_yards_200"":0}"
19708,14977,K.J. Osborn,WR,WR,TEN,79.641,calculated,79.68,102.85,126.03,"{""2pt_tds"":0,""fumbles"":0.16,""points"":79.68,""points_half"":102.85,""points_ppr"":126.03,""rec_rec"":46.36,""rec_tds"":4.03,""rec_yds"":541.16,""rec_yds_100"":0.5,""rec_yds_200"":0,""ret_tds"":0,""rush_att"":3.01,""rush_tds"":0.08,""rush_yds"":11.85,""rush_yds_100"":0,""rush_yds_200"":0,""scrimage_yards_100"":0.5,""scrimage_yards_200"":0}"
20119,15289,Kadarius Toney,WR,WR,FA,79.496,calculated,79.55,101.87,124.19,"{""2pt_tds"":0,""fumbles"":0.52,""points"":79.55,""points_half"":101.87,""points_ppr"":124.19,""rec_rec"":44.64,""rec_tds"":3.36,""rec_yds"":475.97,""rec_yds_100"":0.1,""rec_yds_200"":0,""ret_tds"":0,""rush_att"":9.45,""rush_tds"":0.93,""rush_yds"":71.99,""rush_yds_100"":0,""rush_yds_200"":0,""scrimage_yards_100"":0.1,""scrimage_yards_200"":0}"
19810,14974,Darnell Mooney,WR,WR,NYG,79.205,calculated,79.23,102.26,125.3,"{""2pt_tds"":0,""fumbles"":0.13,""points"":79.23,""points_half"":102.26,""points_ppr"":125.3,""rec_rec"":46.07,""rec_tds"":3.14,""rec_yds"":592.42,""rec_yds_100"":0.8,""rec_yds_200"":0,""ret_tds"":0,""rush_att"":1.91,""rush_tds"":0.08,""rush_yds"":9.03,""rush_yds_100"":0,""rush_yds_200"":0,""scrimage_yards_100"":0.8,""scrimage_yards_200"":0}"
17301,13632,Allen Lazard,WR,WR,FA,78.628,calculated,78.65,101.93,125.21,"{""2pt_tds"":0,""fumbles"":0.08,""points"":78.65,""points_half"":101.93,""points_ppr"":125.21,""rec_rec"":46.56,""rec_tds"":3.3,""rec_yds"":579.48,""rec_yds_100"":0.2,""rec_yds_200"":0,""ret_tds"":0,""rush_att"":1.87,""rush_tds"":0.03,""rush_yds"":8.6,""rush_yds_100"":0,""rush_yds_200"":0,""scrimage_yards_100"":0.2,""scrimage_yards_200"":0}"
18706,14122,Darius Slayton,WR,WR,NYG,77.92,calculated,77.9,98.19,118.49,"{""2pt_tds"":0,""fumbles"":0.55,""points"":77.9,""points_half"":98.19,""points_ppr"":118.49,""rec_rec"":40.59,""rec_tds"":2.88,""rec_yds"":617.4,""rec_yds_100"":1.4,""rec_yds_200"":0,""ret_tds"":0,""rush_att"":0.53,""rush_tds"":0,""rush_yds"":0,""rush_yds_100"":0,""rush_yds_200"":0,""scrimage_yards_100"":1.4,""scrimage_yards_200"":0}"
25333,16206,Michael Wilson,WR,WR,ARI,77.911,calculated,75.87,96.65,117.43,"{""2pt_tds"":1,""fumbles"":0.36,""points"":75.87,""points_half"":96.65,""points_ppr"":117.43,""rec_rec"":41.56,""rec_tds"":2.66,""rec_yds"":587.98,""rec_yds_100"":1.1,""rec_yds_200"":0,""ret_tds"":0,""rush_att"":2.2,""rush_tds"":0.08,""rush_yds"":13.93,""rush_yds_100"":0,""rush_yds_200"":0,""scrimage_yards_100"":1.1,""scrimage_yards_200"":0}"
19794,15293,Rashod Bateman,WR,WR,BAL,77.663,calculated,77.63,99.41,121.18,"{""2pt_tds"":0,""fumbles"":0.84,""points"":77.63,""points_half"":99.41,""points_ppr"":121.18,""rec_rec"":43.55,""rec_tds"":2.88,""rec_yds"":617.03,""rec_yds_100"":1.1,""rec_yds_200"":0,""ret_tds"":0,""rush_att"":0,""rush_tds"":0,""rush_yds"":3.6,""rush_yds_100"":0,""rush_yds_200"":0,""scrimage_yards_100"":1.1,""scrimage_yards_200"":0}"
23677,15756,Jameson Williams,WR,WR,DET,77.16,calculated,77.16,94.78,112.41,"{""2pt_tds"":0,""fumbles"":0.45,""points"":77.16,""points_half"":94.78,""points_ppr"":112.41,""rec_rec"":35.25,""rec_tds"":3.24,""rec_yds"":554.41,""rec_yds_100"":1.4,""rec_yds_200"":0,""ret_tds"":0,""rush_att"":1.21,""rush_tds"":0.24,""rush_yds"":17.39,""rush_yds_100"":0,""rush_yds_200"":0,""scrimage_yards_100"":1.4,""scrimage_yards_200"":0}"
16431,13176,Zay Jones,WR,WR,HOU,76.357,calculated,76.38,102.53,128.67,"{""2pt_tds"":0,""fumbles"":0.17,""points"":76.38,""points_half"":102.53,""points_ppr"":128.67,""rec_rec"":52.29,""rec_tds"":3.29,""rec_yds"":562.18,""rec_yds_100"":0.9,""rec_yds_200"":0,""ret_tds"":0,""rush_att"":1.81,""rush_tds"":0.02,""rush_yds"":6.19,""rush_yds_100"":0,""rush_yds_200"":0,""scrimage_yards_100"":0.9,""scrimage_yards_200"":0}"
23030,16197,Jonathan Mingo,WR,WR,DAL,76.058,calculated,76.03,99.04,122.05,"{""2pt_tds"":0,""fumbles"":0.47,""points"":76.03,""points_half"":99.04,""points_ppr"":122.05,""rec_rec"":46.02,""rec_tds"":2.34,""rec_yds"":617.34,""rec_yds_100"":1.3,""rec_yds_200"":0,""ret_tds"":0,""rush_att"":1.8,""rush_tds"":0.06,""rush_yds"":8.64,""rush_yds_100"":0,""rush_yds_200"":0,""scrimage_yards_100"":1.3,""scrimage_yards_200"":0}"
25361,16204,Tank Dell,WR,WR,HOU,75.899,calculated,75.86,95.88,115.91,"{""2pt_tds"":0,""fumbles"":0.73,""points"":75.86,""points_half"":95.88,""points_ppr"":115.91,""rec_rec"":40.05,""rec_tds"":3.54,""rec_yds"":546.19,""rec_yds_100"":0,""rec_yds_200"":0,""ret_tds"":0,""rush_att"":0.67,""rush_tds"":0,""rush_yds"":15,""rush_yds_100"":0,""rush_yds_200"":0,""scrimage_yards_100"":0,""scrimage_yards_200"":0}"
23080,16189,Marvin Mims Jr.,WR,WR,DEN,75.892,calculated,75.89,96.24,116.6,"{""2pt_tds"":0,""fumbles"":1.14,""points"":75.89,""points_half"":96.24,""points_ppr"":116.6,""rec_rec"":40.71,""rec_tds"":3.01,""rec_yds"":589.34,""rec_yds_100"":1.1,""rec_yds_200"":0,""ret_tds"":0,""rush_att"":1.03,""rush_tds"":0.02,""rush_yds"":10.58,""rush_yds_100"":0,""rush_yds_200"":0,""scrimage_yards_100"":1.1,""scrimage_yards_200"":0}"
23905,15766,Skyy Moore,WR,WR,GB,75.55,calculated,75.5,98.75,122.01,"{""2pt_tds"":0,""fumbles"":1.79,""points"":75.5,""points_half"":98.75,""points_ppr"":122.01,""rec_rec"":46.51,""rec_tds"":3.66,""rec_yds"":536.27,""rec_yds_100"":0.5,""rec_yds_200"":0,""ret_tds"":0,""rush_att"":4.93,""rush_tds"":0.15,""rush_yds"":26.43,""rush_yds_100"":0,""rush_yds_200"":0,""scrimage_yards_100"":0.5,""scrimage_yards_200"":0}"
17528,13793,Marquez Valdes-Scantling,WR,WR,DAL,74.864,calculated,74.84,92.3,109.76,"{""2pt_tds"":0,""fumbles"":0.36,""points"":74.84,""points_half"":92.3,""points_ppr"":109.76,""rec_rec"":34.93,""rec_tds"":3.05,""rec_yds"":572.1,""rec_yds_100"":0.5,""rec_yds_200"":0,""ret_tds"":0,""rush_att"":0.6,""rush_tds"":0,""rush_yds"":0.74,""rush_yds_100"":0,""rush_yds_200"":0,""scrimage_yards_100"":0.5,""scrimage_yards_200"":0}"
24706,16187,Josh Downs,WR,WR,IND,72.773,calculated,72.76,93.27,113.78,"{""2pt_tds"":0,""fumbles"":0.3,""points"":72.76,""points_half"":93.27,""points_ppr"":113.78,""rec_rec"":41.02,""rec_tds"":2.41,""rec_yds"":573.92,""rec_yds_100"":2.2,""rec_yds_200"":0,""ret_tds"":0,""rush_att"":2.17,""rush_tds"":0.08,""rush_yds"":10.41,""rush_yds_100"":0,""rush_yds_200"":0,""scrimage_yards_100"":2.2,""scrimage_yards_200"":0}"
25304,16342,DeMario Douglas,WR,WR,NE,71.06,calculated,71.04,91.46,111.88,"{""2pt_tds"":0,""fumbles"":0.63,""points"":71.04,""points_half"":91.46,""points_ppr"":111.88,""rec_rec"":40.84,""rec_tds"":1.61,""rec_yds"":594.27,""rec_yds_100"":1.8,""rec_yds_200"":0,""ret_tds"":0,""rush_att"":3,""rush_tds"":0.1,""rush_yds"":26.33,""rush_yds_100"":0,""rush_yds_200"":0,""scrimage_yards_100"":1.8,""scrimage_yards_200"":0}"
16439,13168,Josh Reynolds,WR,WR,FA,70.725,calculated,70.7,87.22,103.75,"{""2pt_tds"":0,""fumbles"":0.54,""points"":70.7,""points_half"":87.22,""points_ppr"":103.75,""rec_rec"":33.05,""rec_tds"":3.35,""rec_yds"":517.03,""rec_yds_100"":1.1,""rec_yds_200"":0,""ret_tds"":0,""rush_att"":0.37,""rush_tds"":0,""rush_yds"":0.02,""rush_yds_100"":0,""rush_yds_200"":0,""scrimage_yards_100"":1.1,""scrimage_yards_200"":0}"
13897,12176,DeVante Parker,WR,WR,FA,69.562,calculated,69.55,90.11,110.67,"{""2pt_tds"":0,""fumbles"":0.09,""points"":69.55,""points_half"":90.11,""points_ppr"":110.67,""rec_rec"":41.12,""rec_tds"":2.4,""rec_yds"":553.42,""rec_yds_100"":0.6,""rec_yds_200"":0,""ret_tds"":0,""rush_att"":0,""rush_tds"":0,""rush_yds"":0,""rush_yds_100"":0,""rush_yds_200"":0,""scrimage_yards_100"":0.6,""scrimage_yards_200"":0}"
22985,15757,Wan'Dale Robinson,WR,WR,TEN,68.513,calculated,68.5,91.88,115.26,"{""2pt_tds"":0,""fumbles"":0.51,""points"":68.5,""points_half"":91.88,""points_ppr"":115.26,""rec_rec"":46.76,""rec_tds"":2.01,""rec_yds"":527,""rec_yds_100"":1.2,""rec_yds_200"":0,""ret_tds"":0,""rush_att"":3.07,""rush_tds"":0.3,""rush_yds"":29.73,""rush_yds_100"":0,""rush_yds_200"":0,""scrimage_yards_100"":1.2,""scrimage_yards_200"":0}"
23791,15768,Alec Pierce,WR,WR,IND,68.491,calculated,68.46,87.62,106.77,"{""2pt_tds"":0,""fumbles"":0.12,""points"":68.46,""points_half"":87.62,""points_ppr"":106.77,""rec_rec"":38.31,""rec_tds"":2.06,""rec_yds"":563.71,""rec_yds_100"":1,""rec_yds_200"":0,""ret_tds"":0,""rush_att"":0,""rush_tds"":0,""rush_yds"":0,""rush_yds_100"":0,""rush_yds_200"":0,""scrimage_yards_100"":1,""scrimage_yards_200"":0}"
22845,15319,Joshua Palmer,WR,WR,BUF,65.853,calculated,65.82,85.4,104.97,"{""2pt_tds"":0,""fumbles"":0.32,""points"":65.82,""points_half"":85.4,""points_ppr"":104.97,""rec_rec"":39.15,""rec_tds"":2.47,""rec_yds"":514.85,""rec_yds_100"":0.8,""rec_yds_200"":0,""ret_tds"":0,""rush_att"":0.5,""rush_tds"":0,""rush_yds"":1.88,""rush_yds_100"":0,""rush_yds_200"":0,""scrimage_yards_100"":0.8,""scrimage_yards_200"":0}"
20126,15301,Tutu Atwell,WR,WR,MIA,65.826,calculated,61.8,76.56,91.33,"{""2pt_tds"":2,""fumbles"":0.24,""points"":61.8,""points_half"":76.56,""points_ppr"":91.33,""rec_rec"":29.53,""rec_tds"":1.82,""rec_yds"":452.76,""rec_yds_100"":0.7,""rec_yds_200"":0,""ret_tds"":0,""rush_att"":7.66,""rush_tds"":0.4,""rush_yds"":37.1,""rush_yds_100"":0,""rush_yds_200"":0,""scrimage_yards_100"":0.7,""scrimage_yards_200"":0}"
17066,13418,Kendrick Bourne,WR,WR,ARI,65.395,calculated,65.43,85.51,105.6,"{""2pt_tds"":0,""fumbles"":0.76,""points"":65.43,""points_half"":85.51,""points_ppr"":105.6,""rec_rec"":40.17,""rec_tds"":2.84,""rec_yds"":460.87,""rec_yds_100"":0,""rec_yds_200"":0,""ret_tds"":0,""rush_att"":6.41,""rush_tds"":0.16,""rush_yds"":28.28,""rush_yds_100"":0,""rush_yds_200"":0,""scrimage_yards_100"":0,""scrimage_yards_200"":0}"
11610,11228,Robert Woods,WR,WR,FA,63.894,calculated,63.9,86.84,109.78,"{""2pt_tds"":0,""fumbles"":0.46,""points"":63.9,""points_half"":86.84,""points_ppr"":109.78,""rec_rec"":45.88,""rec_tds"":1.98,""rec_yds"":495.48,""rec_yds_100"":0.7,""rec_yds_200"":0,""ret_tds"":0,""rush_att"":4.34,""rush_tds"":0.19,""rush_yds"":22.46,""rush_yds_100"":0,""rush_yds_200"":0,""scrimage_yards_100"":0.7,""scrimage_yards_200"":0}"
19483,14858,Van Jefferson,WR,WR,WAS,63.869,calculated,63.87,82.33,100.78,"{""2pt_tds"":0,""fumbles"":0.11,""points"":63.87,""points_half"":82.33,""points_ppr"":100.78,""rec_rec"":36.91,""rec_tds"":2.29,""rec_yds"":500.15,""rec_yds_100"":0.2,""rec_yds_200"":0,""ret_tds"":0,""rush_att"":0.5,""rush_tds"":0,""rush_yds"":3.34,""rush_yds_100"":0,""rush_yds_200"":0,""scrimage_yards_100"":0.2,""scrimage_yards_200"":0}"
16443,13172,Noah Brown,WR,WR,LV,60.808,calculated,60.78,75.38,89.98,"{""2pt_tds"":0,""fumbles"":0.39,""points"":60.78,""points_half"":75.38,""points_ppr"":89.98,""rec_rec"":29.21,""rec_tds"":1.72,""rec_yds"":511.98,""rec_yds_100"":2.3,""rec_yds_200"":0,""ret_tds"":0,""rush_att"":0.3,""rush_tds"":0,""rush_yds"":0.7,""rush_yds_100"":0,""rush_yds_200"":0,""scrimage_yards_100"":2.3,""scrimage_yards_200"":0}"
18345,14123,Hunter Renfrow,WR,WR,FA,60.609,calculated,60.6,85.71,110.81,"{""2pt_tds"":0,""fumbles"":0.79,""points"":60.6,""points_half"":85.71,""points_ppr"":110.81,""rec_rec"":50.2,""rec_tds"":2.16,""rec_yds"":491.99,""rec_yds_100"":0.2,""rec_yds_200"":0,""ret_tds"":0,""rush_att"":0.38,""rush_tds"":0,""rush_yds"":0.3,""rush_yds_100"":0,""rush_yds_200"":0,""scrimage_yards_100"":0.2,""scrimage_yards_200"":0}"
19298,14857,Donovan Peoples-Jones,WR,WR,FA,59.646,calculated,59.63,77.66,95.69,"{""2pt_tds"":0,""fumbles"":0.51,""points"":59.63,""points_half"":77.66,""points_ppr"":95.69,""rec_rec"":36.06,""rec_tds"":1.82,""rec_yds"":497.16,""rec_yds_100"":0.5,""rec_yds_200"":0,""ret_tds"":0,""rush_att"":0.33,""rush_tds"":0,""rush_yds"":0.3,""rush_yds_100"":0,""rush_yds_200"":0,""scrimage_yards_100"":0.5,""scrimage_yards_200"":0}"
25331,16199,Trey Palmer,WR,WR,NO,58.753,calculated,58.71,76.32,93.93,"{""2pt_tds"":0,""fumbles"":0.48,""points"":58.71,""points_half"":76.32,""points_ppr"":93.93,""rec_rec"":35.23,""rec_tds"":2.25,""rec_yds"":452.18,""rec_yds_100"":0.7,""rec_yds_200"":0,""ret_tds"":0,""rush_att"":0.6,""rush_tds"":0.03,""rush_yds"":8.15,""rush_yds_100"":0,""rush_yds_200"":0,""scrimage_yards_100"":0.7,""scrimage_yards_200"":0}"
25251,16183,Jalin Hyatt,WR,WR,NYG,58.269,calculated,58.26,73.99,89.71,"{""2pt_tds"":0,""fumbles"":0.43,""points"":58.26,""points_half"":73.99,""points_ppr"":89.71,""rec_rec"":31.46,""rec_tds"":1.8,""rec_yds"":472.45,""rec_yds_100"":1.1,""rec_yds_200"":0,""ret_tds"":0,""rush_att"":1.7,""rush_tds"":0.04,""rush_yds"":8.44,""rush_yds_100"":0,""rush_yds_200"":0,""scrimage_yards_100"":1.1,""scrimage_yards_200"":0}"
24354,16195,Dontayvion Wicks,WR,WR,PHI,57.654,calculated,57.65,72.43,87.2,"{""2pt_tds"":0,""fumbles"":0.54,""points"":57.65,""points_half"":72.43,""points_ppr"":87.2,""rec_rec"":29.55,""rec_tds"":2.05,""rec_yds"":452.01,""rec_yds_100"":0.5,""rec_yds_200"":0,""ret_tds"":0,""rush_att"":1.85,""rush_tds"":0.07,""rush_yds"":8.13,""rush_yds_100"":0,""rush_yds_200"":0,""scrimage_yards_100"":0.5,""scrimage_yards_200"":0}"
23748,15761,Khalil Shakir,WR,WR,BUF,55.763,calculated,55.71,67.9,80.08,"{""2pt_tds"":0,""fumbles"":0.27,""points"":55.71,""points_half"":67.9,""points_ppr"":80.08,""rec_rec"":24.37,""rec_tds"":1.74,""rec_yds"":442.93,""rec_yds_100"":1.4,""rec_yds_200"":0,""ret_tds"":0,""rush_att"":1.77,""rush_tds"":0.08,""rush_yds"":10.9,""rush_yds_100"":0,""rush_yds_200"":0,""scrimage_yards_100"":1.4,""scrimage_yards_200"":0}"
18587,14113,Mecole Hardman Jr.,WR,WR,BUF,55.351,calculated,55.33,71.15,86.98,"{""2pt_tds"":0,""fumbles"":0.91,""points"":55.33,""points_half"":71.15,""points_ppr"":86.98,""rec_rec"":31.66,""rec_tds"":1.95,""rec_yds"":372.77,""rec_yds_100"":0.2,""rec_yds_200"":0,""ret_tds"":0,""rush_att"":7.49,""rush_tds"":0.67,""rush_yds"":41.74,""rush_yds_100"":0,""rush_yds_200"":0,""scrimage_yards_100"":0.2,""scrimage_yards_200"":0}"
19375,14849,Isaiah Hodgins,WR,WR,NYG,54.256,calculated,54.27,72.17,90.07,"{""2pt_tds"":0,""fumbles"":0.82,""points"":54.27,""points_half"":72.17,""points_ppr"":90.07,""rec_rec"":35.8,""rec_tds"":3.11,""rec_yds"":372.16,""rec_yds_100"":0.1,""rec_yds_200"":0,""ret_tds"":0,""rush_att"":0,""rush_tds"":0,""rush_yds"":0.2,""rush_yds_100"":0,""rush_yds_200"":0,""scrimage_yards_100"":0.1,""scrimage_yards_200"":0}"
17262,13652,Cedrick Wilson Jr.,WR,WR,DET,51.973,calculated,51.98,67.27,82.55,"{""2pt_tds"":0,""fumbles"":0.08,""points"":51.98,""points_half"":67.27,""points_ppr"":82.55,""rec_rec"":30.57,""rec_tds"":2.32,""rec_yds"":381.33,""rec_yds_100"":0.2,""rec_yds_200"":0,""ret_tds"":0,""rush_att"":0.63,""rush_tds"":0,""rush_yds"":0.8,""rush_yds_100"":0,""rush_yds_200"":0,""scrimage_yards_100"":0.2,""scrimage_yards_200"":0}"
19747,15109,Nick Westbrook-Ikhine,WR,WR,IND,51.496,calculated,49.53,63.19,76.86,"{""2pt_tds"":1,""fumbles"":0.15,""points"":49.53,""points_half"":63.19,""points_ppr"":76.86,""rec_rec"":27.33,""rec_tds"":2.25,""rec_yds"":362.96,""rec_yds_100"":0.1,""rec_yds_200"":0,""ret_tds"":0,""rush_att"":0,""rush_tds"":0,""rush_yds"":0,""rush_yds_100"":0,""rush_yds_200"":0,""scrimage_yards_100"":0.1,""scrimage_yards_200"":0}"
18627,14841,Chase Claypool,WR,WR,FA,49.474,calculated,49.45,63.81,78.18,"{""2pt_tds"":0,""fumbles"":0.43,""points"":49.45,""points_half"":63.81,""points_ppr"":78.18,""rec_rec"":28.73,""rec_tds"":2.09,""rec_yds"":348.67,""rec_yds_100"":0,""rec_yds_200"":0,""ret_tds"":0,""rush_att"":4.43,""rush_tds"":0.1,""rush_yds"":23.27,""rush_yds_100"":0,""rush_yds_200"":0,""scrimage_yards_100"":0,""scrimage_yards_200"":0}"
18585,14108,Greg Dortch,WR,WR,DET,49.317,calculated,49.33,67.07,84.8,"{""2pt_tds"":0,""fumbles"":0.52,""points"":49.33,""points_half"":67.07,""points_ppr"":84.8,""rec_rec"":35.48,""rec_tds"":1.61,""rec_yds"":366.05,""rec_yds_100"":0.1,""rec_yds_200"":0,""ret_tds"":0,""rush_att"":6.33,""rush_tds"":0.07,""rush_yds"":36.72,""rush_yds_100"":0,""rush_yds_200"":0,""scrimage_yards_100"":0.1,""scrimage_yards_200"":0}"
16489,13289,Mack Hollins,WR,WR,NE,47.181,calculated,47.17,63.09,79.01,"{""2pt_tds"":0,""fumbles"":0.19,""points"":47.17,""points_half"":63.09,""points_ppr"":79.01,""rec_rec"":31.84,""rec_tds"":1.52,""rec_yds"":381.88,""rec_yds_100"":0.1,""rec_yds_200"":0,""ret_tds"":0,""rush_att"":0.33,""rush_tds"":0,""rush_yds"":2.53,""rush_yds_100"":0,""rush_yds_200"":0,""scrimage_yards_100"":0.1,""scrimage_yards_200"":0}"
18463,14112,Parris Campbell,WR,WR,FA,45.485,calculated,45.52,62.72,79.92,"{""2pt_tds"":0,""fumbles"":0.23,""points"":45.52,""points_half"":62.72,""points_ppr"":79.92,""rec_rec"":34.41,""rec_tds"":1.6,""rec_yds"":337.97,""rec_yds_100"":0.1,""rec_yds_200"":0,""ret_tds"":0,""rush_att"":2.87,""rush_tds"":0.03,""rush_yds"":23.68,""rush_yds_100"":0,""rush_yds_200"":0,""scrimage_yards_100"":0.1,""scrimage_yards_200"":0}"
11215,10738,Marvin Jones Jr.,WR,WR,FA,45.0,calculated,45.02,59.92,74.82,"{""2pt_tds"":0,""fumbles"":0.31,""points"":45.02,""points_half"":59.92,""points_ppr"":74.82,""rec_rec"":29.8,""rec_tds"":2.27,""rec_yds"":320,""rec_yds_100"":0,""rec_yds_200"":0,""ret_tds"":0,""rush_att"":0.03,""rush_tds"":0,""rush_yds"":0,""rush_yds_100"":0,""rush_yds_200"":0,""scrimage_yards_100"":0,""scrimage_yards_200"":0}"
17603,13776,Justin Watson,WR,WR,HOU,44.369,calculated,44.37,51.35,58.34,"{""2pt_tds"":0,""fumbles"":0.36,""points"":44.37,""points_half"":51.35,""points_ppr"":58.34,""rec_rec"":13.97,""rec_tds"":2.33,""rec_yds"":311.09,""rec_yds_100"":0.5,""rec_yds_200"":0,""ret_tds"":0,""rush_att"":0,""rush_tds"":0,""rush_yds"":0,""rush_yds_100"":0,""rush_yds_200"":0,""scrimage_yards_100"":0.5,""scrimage_yards_200"":0}"
25339,16393,Jake Bobo,WR,WR,SEA,44.178,calculated,44.15,53.11,62.08,"{""2pt_tds"":0,""fumbles"":0.1,""points"":44.15,""points_half"":53.11,""points_ppr"":62.08,""rec_rec"":17.93,""rec_tds"":1.44,""rec_yds"":317.8,""rec_yds_100"":0.2,""rec_yds_200"":0,""ret_tds"":0,""rush_att"":1.2,""rush_tds"":0.56,""rush_yds"":5.98,""rush_yds_100"":0,""rush_yds_200"":0,""scrimage_yards_100"":0.2,""scrimage_yards_200"":0}"
15665,12785,Demarcus Robinson,WR,WR,SF,44.027,calculated,44,54.7,65.39,"{""2pt_tds"":0,""fumbles"":0.56,""points"":44,""points_half"":54.7,""points_ppr"":65.39,""rec_rec"":21.39,""rec_tds"":2.12,""rec_yds"":318.52,""rec_yds_100"":0.3,""rec_yds_200"":0,""ret_tds"":0,""rush_att"":0,""rush_tds"":0,""rush_yds"":5.75,""rush_yds_100"":0,""rush_yds_200"":0,""scrimage_yards_100"":0.3,""scrimage_yards_200"":0}"
24353,16196,A.T. Perry,WR,WR,FA,43.392,calculated,43.39,48.24,53.09,"{""2pt_tds"":0,""fumbles"":0.11,""points"":43.39,""points_half"":48.24,""points_ppr"":53.09,""rec_rec"":9.7,""rec_tds"":2.12,""rec_yds"":303.79,""rec_yds_100"":0.6,""rec_yds_200"":0,""ret_tds"":0,""rush_att"":0.85,""rush_tds"":0.03,""rush_yds"":3.33,""rush_yds_100"":0,""rush_yds_200"":0,""scrimage_yards_100"":0.6,""scrimage_yards_200"":0}"
23242,15308,Terrace Marshall Jr.,WR,WR,MIA,43.219,calculated,43.23,56.76,70.3,"{""2pt_tds"":0,""fumbles"":0.08,""points"":43.23,""points_half"":56.76,""points_ppr"":70.3,""rec_rec"":27.07,""rec_tds"":1.21,""rec_yds"":361.19,""rec_yds_100"":0.3,""rec_yds_200"":0,""ret_tds"":0,""rush_att"":0,""rush_tds"":0,""rush_yds"":0,""rush_yds_100"":0,""rush_yds_200"":0,""scrimage_yards_100"":0.3,""scrimage_yards_200"":0}"
12126,11678,Allen Robinson II,WR,WR,FA,42.883,calculated,42.87,59.69,76.52,"{""2pt_tds"":0,""fumbles"":0.07,""points"":42.87,""points_half"":59.69,""points_ppr"":76.52,""rec_rec"":33.65,""rec_tds"":1.69,""rec_yds"":328.81,""rec_yds_100"":0,""rec_yds_200"":0,""ret_tds"":0,""rush_att"":0.03,""rush_tds"":0,""rush_yds"":0.02,""rush_yds_100"":0,""rush_yds_200"":0,""scrimage_yards_100"":0,""scrimage_yards_200"":0}"
16081,13066,Kalif Raymond,WR,WR,CHI,42.274,calculated,42.27,53.84,65.4,"{""2pt_tds"":0,""fumbles"":0.3,""points"":42.27,""points_half"":53.84,""points_ppr"":65.4,""rec_rec"":23.12,""rec_tds"":0.93,""rec_yds"":337.89,""rec_yds_100"":0.4,""rec_yds_200"":0,""ret_tds"":0,""rush_att"":3.04,""rush_tds"":0.07,""rush_yds"":30.85,""rush_yds_100"":0,""rush_yds_200"":0,""scrimage_yards_100"":0.4,""scrimage_yards_200"":0}"
25287,16191,Cedric Tillman,WR,WR,CLE,39.132,calculated,39.13,48.42,57.7,"{""2pt_tds"":0,""fumbles"":0.21,""points"":39.13,""points_half"":48.42,""points_ppr"":57.7,""rec_rec"":18.57,""rec_tds"":1.01,""rec_yds"":322.84,""rec_yds_100"":0.9,""rec_yds_200"":0,""ret_tds"":0,""rush_att"":1.5,""rush_tds"":0.05,""rush_yds"":9.08,""rush_yds_100"":0,""rush_yds_200"":0,""scrimage_yards_100"":0.9,""scrimage_yards_200"":0}"
18726,14551,Trenton Irwin,WR,WR,SF,38.963,calculated,38.93,48.39,57.84,"{""2pt_tds"":0,""fumbles"":0.07,""points"":38.93,""points_half"":48.39,""points_ppr"":57.84,""rec_rec"":18.91,""rec_tds"":1.5,""rec_yds"":297.47,""rec_yds_100"":0.3,""rec_yds_200"":0,""ret_tds"":0,""rush_att"":0.43,""rush_tds"":0,""rush_yds"":3.56,""rush_yds_100"":0,""rush_yds_200"":0,""scrimage_yards_100"":0.3,""scrimage_yards_200"":0}"
18876,14558,Deonte Harty,WR,WR,FA,38.2,calculated,38.21,50.85,63.5,"{""2pt_tds"":0,""fumbles"":0.75,""points"":38.21,""points_half"":50.85,""points_ppr"":63.5,""rec_rec"":25.29,""rec_tds"":1.3,""rec_yds"":302.26,""rec_yds_100"":0.1,""rec_yds_200"":0,""ret_tds"":0,""rush_att"":2.86,""rush_tds"":0.03,""rush_yds"":14.94,""rush_yds_100"":0,""rush_yds_200"":0,""scrimage_yards_100"":0.1,""scrimage_yards_200"":0}"
13969,12181,Nelson Agholor,WR,WR,FA,37.409,calculated,37.4,44.76,52.12,"{""2pt_tds"":0,""fumbles"":0.27,""points"":37.4,""points_half"":44.76,""points_ppr"":52.12,""rec_rec"":14.72,""rec_tds"":1.98,""rec_yds"":259.6,""rec_yds_100"":0.3,""rec_yds_200"":0,""ret_tds"":0,""rush_att"":0.4,""rush_tds"":0,""rush_yds"":1.09,""rush_yds_100"":0,""rush_yds_200"":0,""scrimage_yards_100"":0.3,""scrimage_yards_200"":0}"
9902,10308,Randall Cobb,WR,WR,FA,37.012,calculated,34.99,46.68,58.37,"{""2pt_tds"":1,""fumbles"":0.18,""points"":34.99,""points_half"":46.68,""points_ppr"":58.37,""rec_rec"":23.38,""rec_tds"":1.69,""rec_yds"":252.02,""rec_yds_100"":0,""rec_yds_200"":0,""ret_tds"":0,""rush_att"":0.13,""rush_tds"":0,""rush_yds"":0.3,""rush_yds_100"":0,""rush_yds_200"":0,""scrimage_yards_100"":0,""scrimage_yards_200"":0}"
20113,15292,Dyami Brown,WR,WR,WAS,36.224,calculated,36.23,44.08,51.92,"{""2pt_tds"":0,""fumbles"":0.03,""points"":36.23,""points_half"":44.08,""points_ppr"":51.92,""rec_rec"":15.69,""rec_tds"":1.77,""rec_yds"":242.53,""rec_yds_100"":0,""rec_yds_200"":0,""ret_tds"":0,""rush_att"":2.08,""rush_tds"":0.05,""rush_yds"":11.11,""rush_yds_100"":0,""rush_yds_200"":0,""scrimage_yards_100"":0,""scrimage_yards_200"":0}"
15569,12658,Sterling Shepard,WR,WR,HOU,36.083,calculated,36.12,49.95,63.78,"{""2pt_tds"":0,""fumbles"":0.31,""points"":36.12,""points_half"":49.95,""points_ppr"":63.78,""rec_rec"":27.66,""rec_tds"":1.53,""rec_yds"":259.01,""rec_yds_100"":0,""rec_yds_200"":0,""ret_tds"":0,""rush_att"":2.17,""rush_tds"":0.06,""rush_yds"":12.62,""rush_yds_100"":0,""rush_yds_200"":0,""scrimage_yards_100"":0,""scrimage_yards_200"":0}"
25335,16207,Andrei Iosivas,WR,WR,CIN,35.625,calculated,35.63,43.13,50.63,"{""2pt_tds"":0,""fumbles"":0.1,""points"":35.63,""points_half"":43.13,""points_ppr"":50.63,""rec_rec"":15,""rec_tds"":2.15,""rec_yds"":226.5,""rec_yds_100"":0.1,""rec_yds_200"":0,""ret_tds"":0,""rush_att"":0.9,""rush_tds"":0,""rush_yds"":2.75,""rush_yds_100"":0,""rush_yds_200"":0,""scrimage_yards_100"":0.1,""scrimage_yards_200"":0}"
22913,15787,Tyquan Thornton,WR,WR,KC,35.402,calculated,35.36,46.04,56.73,"{""2pt_tds"":0,""fumbles"":0,""points"":35.36,""points_half"":46.04,""points_ppr"":56.73,""rec_rec"":21.37,""rec_tds"":1.1,""rec_yds"":226.64,""rec_yds_100"":0,""rec_yds_200"":0,""ret_tds"":0,""rush_att"":2.03,""rush_tds"":0.68,""rush_yds"":20.58,""rush_yds_100"":0,""rush_yds_200"":0,""scrimage_yards_100"":0,""scrimage_yards_200"":0}"
22895,15759,John Metchie III,WR,WR,CAR,35.036,calculated,35,48.03,61.05,"{""2pt_tds"":0,""fumbles"":0.11,""points"":35,""points_half"":48.03,""points_ppr"":61.05,""rec_rec"":26.05,""rec_tds"":0.99,""rec_yds"":287.43,""rec_yds_100"":0,""rec_yds_200"":0,""ret_tds"":0,""rush_att"":0.6,""rush_tds"":0.03,""rush_yds"":3.93,""rush_yds_100"":0,""rush_yds_200"":0,""scrimage_yards_100"":0,""scrimage_yards_200"":0}"
23739,15777,Calvin Austin III,WR,WR,NYG,33.386,calculated,33.39,41.8,50.21,"{""2pt_tds"":0,""fumbles"":0.16,""points"":33.39,""points_half"":41.8,""points_ppr"":50.21,""rec_rec"":16.82,""rec_tds"":0.87,""rec_yds"":250.63,""rec_yds_100"":0.2,""rec_yds_200"":0,""ret_tds"":0,""rush_att"":0.97,""rush_tds"":0.28,""rush_yds"":17.43,""rush_yds_100"":0,""rush_yds_200"":0,""scrimage_yards_100"":0.2,""scrimage_yards_200"":0}"
22843,15491,Ben Skowronek,WR,WR,PIT,32.307,calculated,32.28,45.21,58.15,"{""2pt_tds"":0,""fumbles"":0.05,""points"":32.28,""points_half"":45.21,""points_ppr"":58.15,""rec_rec"":25.86,""rec_tds"":1.1,""rec_yds"":238.27,""rec_yds_100"":0,""rec_yds_200"":0,""ret_tds"":0,""rush_att"":0.3,""rush_tds"":0.24,""rush_yds"":5.4,""rush_yds_100"":0,""rush_yds_200"":0,""scrimage_yards_100"":0,""scrimage_yards_200"":0}"
25337,16287,Tre Tucker,WR,WR,LV,32.137,calculated,32.16,38.67,45.19,"{""2pt_tds"":0,""fumbles"":0.08,""points"":32.16,""points_half"":38.67,""points_ppr"":45.19,""rec_rec"":13.04,""rec_tds"":0.91,""rec_yds"":241.07,""rec_yds_100"":0.1,""rec_yds_200"":0,""ret_tds"":0,""rush_att"":0.4,""rush_tds"":0,""rush_yds"":27.3,""rush_yds_100"":0,""rush_yds_200"":0,""scrimage_yards_100"":0.1,""scrimage_yards_200"":0}"
24134,15977,Deven Thompkins,WR,WR,LV,31.932,calculated,31.96,42.81,53.66,"{""2pt_tds"":0,""fumbles"":0.66,""points"":31.96,""points_half"":42.81,""points_ppr"":53.66,""rec_rec"":21.7,""rec_tds"":1.32,""rec_yds"":231.1,""rec_yds_100"":0,""rec_yds_200"":0,""ret_tds"":0,""rush_att"":0,""rush_tds"":0.02,""rush_yds"":21.02,""rush_yds_100"":0,""rush_yds_200"":0,""scrimage_yards_100"":0,""scrimage_yards_200"":0}"
17289,13638,Braxton Berrios,WR,WR,NYG,31.818,calculated,31.78,42.1,52.42,"{""2pt_tds"":0,""fumbles"":0.33,""points"":31.78,""points_half"":42.1,""points_ppr"":52.42,""rec_rec"":20.64,""rec_tds"":1.07,""rec_yds"":231.68,""rec_yds_100"":0.1,""rec_yds_200"":0,""ret_tds"":0,""rush_att"":1.53,""rush_tds"":0.28,""rush_yds"":12.1,""rush_yds_100"":0,""rush_yds_200"":0,""scrimage_yards_100"":0.1,""scrimage_yards_200"":0}"
24233,15987,Brandon Johnson,WR,WR,LV,31.814,calculated,29.82,36.76,43.69,"{""2pt_tds"":1,""fumbles"":0.09,""points"":29.82,""points_half"":36.76,""points_ppr"":43.69,""rec_rec"":13.87,""rec_tds"":1.51,""rec_yds"":208.26,""rec_yds_100"":0,""rec_yds_200"":0,""ret_tds"":0,""rush_att"":0.23,""rush_tds"":0,""rush_yds"":1.08,""rush_yds_100"":0,""rush_yds_200"":0,""scrimage_yards_100"":0,""scrimage_yards_200"":0}"
25758,16416,Xavier Gipson,WR,WR,NYG,31.7,calculated,31.7,42.2,52.7,"{""2pt_tds"":0,""fumbles"":2,""points"":31.7,""points_half"":42.2,""points_ppr"":52.7,""rec_rec"":21,""rec_tds"":0,""rec_yds"":229,""rec_yds_100"":0,""rec_yds_200"":0,""ret_tds"":0,""rush_att"":0,""rush_tds"":1,""rush_yds"":68,""rush_yds_100"":0,""rush_yds_200"":0,""scrimage_yards_100"":0,""scrimage_yards_200"":0}"
19221,14838,Laviska Shenault Jr.,WR,WR,FA,31.201,calculated,31.15,39.6,48.04,"{""2pt_tds"":0,""fumbles"":0.15,""points"":31.15,""points_half"":39.6,""points_ppr"":48.04,""rec_rec"":16.89,""rec_tds"":0.51,""rec_yds"":171.76,""rec_yds_100"":0,""rec_yds_200"":0,""ret_tds"":0,""rush_att"":15.33,""rush_tds"":0.55,""rush_yds"":79.65,""rush_yds_100"":0,""rush_yds_200"":0,""scrimage_yards_100"":0,""scrimage_yards_200"":0}"
23770,15788,Jalen Tolbert,WR,WR,MIA,31.169,calculated,31.18,38.26,45.34,"{""2pt_tds"":0,""fumbles"":0.52,""points"":31.18,""points_half"":38.26,""points_ppr"":45.34,""rec_rec"":14.16,""rec_tds"":1.07,""rec_yds"":249.76,""rec_yds_100"":0.3,""rec_yds_200"":0,""ret_tds"":0,""rush_att"":1.07,""rush_tds"":0.05,""rush_yds"":5.13,""rush_yds_100"":0,""rush_yds_200"":0,""scrimage_yards_100"":0.3,""scrimage_yards_200"":0}"
19590,14860,Jauan Jennings,WR,WR,MIN,31.143,calculated,31.14,40.84,50.53,"{""2pt_tds"":0,""fumbles"":0.1,""points"":31.14,""points_half"":40.84,""points_ppr"":50.53,""rec_rec"":19.39,""rec_tds"":1.04,""rec_yds"":251.03,""rec_yds_100"":0,""rec_yds_200"":0,""ret_tds"":0,""rush_att"":0,""rush_tds"":0,""rush_yds"":0,""rush_yds_100"":0,""rush_yds_200"":0,""scrimage_yards_100"":0,""scrimage_yards_200"":0}"
23896,15901,Kyle Philips,WR,WR,FA,30.984,calculated,30.94,38.93,46.91,"{""2pt_tds"":0,""fumbles"":0.53,""points"":30.94,""points_half"":38.93,""points_ppr"":46.91,""rec_rec"":15.97,""rec_tds"":0.48,""rec_yds"":280.94,""rec_yds_100"":0.3,""rec_yds_200"":0,""ret_tds"":0,""rush_att"":1.55,""rush_tds"":0.07,""rush_yds"":6.5,""rush_yds_100"":0,""rush_yds_200"":0,""scrimage_yards_100"":0.3,""scrimage_yards_200"":0}"
15654,12773,Chris Moore,WR,WR,BAL,30.862,calculated,30.83,39.74,48.65,"{""2pt_tds"":0,""fumbles"":0.01,""points"":30.83,""points_half"":39.74,""points_ppr"":48.65,""rec_rec"":17.83,""rec_tds"":0.57,""rec_yds"":264.36,""rec_yds_100"":0,""rec_yds_200"":0,""ret_tds"":0,""rush_att"":0.3,""rush_tds"":0,""rush_yds"":10.26,""rush_yds_100"":0,""rush_yds_200"":0,""scrimage_yards_100"":0,""scrimage_yards_200"":0}"
17793,13910,Brandon Powell,WR,WR,FA,30.668,calculated,30.66,38.14,45.61,"{""2pt_tds"":0,""fumbles"":0.82,""points"":30.66,""points_half"":38.14,""points_ppr"":45.61,""rec_rec"":14.95,""rec_tds"":1.37,""rec_yds"":200.35,""rec_yds_100"":0,""rec_yds_200"":0,""ret_tds"":0,""rush_att"":9.68,""rush_tds"":0.04,""rush_yds"":38.13,""rush_yds_100"":0,""rush_yds_200"":0,""scrimage_yards_100"":0,""scrimage_yards_200"":0}"
23106,16192,Parker Washington,WR,WR,JAC,30.091,calculated,30.11,36.74,43.37,"{""2pt_tds"":0,""fumbles"":0.42,""points"":30.11,""points_half"":36.74,""points_ppr"":43.37,""rec_rec"":13.26,""rec_tds"":1.21,""rec_yds"":232.41,""rec_yds_100"":0.3,""rec_yds_200"":0,""ret_tds"":0,""rush_att"":0.6,""rush_tds"":0.03,""rush_yds"":2.5,""rush_yds_100"":0,""rush_yds_200"":0,""scrimage_yards_100"":0.3,""scrimage_yards_200"":0}"
17303,13724,Richie James Jr.,WR,WR,FA,30.063,calculated,30.08,39.74,49.4,"{""2pt_tds"":0,""fumbles"":1.33,""points"":30.08,""points_half"":39.74,""points_ppr"":49.4,""rec_rec"":19.31,""rec_tds"":1.33,""rec_yds"":246.31,""rec_yds_100"":0.1,""rec_yds_200"":0,""ret_tds"":0,""rush_att"":0.38,""rush_tds"":0,""rush_yds"":1.12,""rush_yds_100"":0,""rush_yds_200"":0,""scrimage_yards_100"":0.1,""scrimage_yards_200"":0}"
24049,15785,Bo Melton,WR,WR,GB,29.9,calculated,29.9,37.9,45.9,"{""2pt_tds"":0,""fumbles"":0,""points"":29.9,""points_half"":37.9,""points_ppr"":45.9,""rec_rec"":16,""rec_tds"":1,""rec_yds"":218,""rec_yds_100"":0,""rec_yds_200"":0,""ret_tds"":0,""rush_att"":0,""rush_tds"":0,""rush_yds"":21,""rush_yds_100"":0,""rush_yds_200"":0,""scrimage_yards_100"":0,""scrimage_yards_200"":0}"
15706,12913,Alex Erickson,WR,WR,FA,29.2,calculated,29.2,37.2,45.2,"{""2pt_tds"":0,""fumbles"":0,""points"":29.2,""points_half"":37.2,""points_ppr"":45.2,""rec_rec"":16,""rec_tds"":1,""rec_yds"":232,""rec_yds_100"":0,""rec_yds_200"":0,""ret_tds"":0,""rush_att"":0,""rush_tds"":0,""rush_yds"":0,""rush_yds_100"":0,""rush_yds_200"":0,""scrimage_yards_100"":0,""scrimage_yards_200"":0}"
9867,10271,Julio Jones,WR,WR,FA,28.235,calculated,28.24,33.74,39.24,"{""2pt_tds"":0,""fumbles"":0,""points"":28.24,""points_half"":33.74,""points_ppr"":39.24,""rec_rec"":11,""rec_tds"":1.7,""rec_yds"":178.4,""rec_yds_100"":0.1,""rec_yds_200"":0,""ret_tds"":0,""rush_att"":0.6,""rush_tds"":0,""rush_yds"":1.95,""rush_yds_100"":0,""rush_yds_200"":0,""scrimage_yards_100"":0.1,""scrimage_yards_200"":0}"
18864,14592,Olamide Zaccheaus,WR,WR,ATL,27.198,calculated,27.17,35.32,43.46,"{""2pt_tds"":0,""fumbles"":0.32,""points"":27.17,""points_half"":35.32,""points_ppr"":43.46,""rec_rec"":16.29,""rec_tds"":1.28,""rec_yds"":200.24,""rec_yds_100"":0,""rec_yds_200"":0,""ret_tds"":0,""rush_att"":0.55,""rush_tds"":0,""rush_yds"":1.34,""rush_yds_100"":0,""rush_yds_200"":0,""scrimage_yards_100"":0,""scrimage_yards_200"":0}"
16604,13313,Isaiah McKenzie,WR,WR,FA,26.723,calculated,26.69,37.82,48.95,"{""2pt_tds"":0,""fumbles"":0.75,""points"":26.69,""points_half"":37.82,""points_ppr"":48.95,""rec_rec"":22.27,""rec_tds"":0.85,""rec_yds"":191.07,""rec_yds_100"":0,""rec_yds_200"":0,""ret_tds"":0,""rush_att"":6.21,""rush_tds"":0.18,""rush_yds"":29.36,""rush_yds_100"":0,""rush_yds_200"":0,""scrimage_yards_100"":0,""scrimage_yards_200"":0}"
16666,13308,Jamal Agnew,WR,WR,FA,26.179,calculated,26.18,35.05,43.92,"{""2pt_tds"":0,""fumbles"":0.48,""points"":26.18,""points_half"":35.05,""points_ppr"":43.92,""rec_rec"":17.73,""rec_tds"":1.04,""rec_yds"":173.65,""rec_yds_100"":0,""rec_yds_200"":0,""ret_tds"":0,""rush_att"":5.33,""rush_tds"":0.14,""rush_yds"":26.94,""rush_yds_100"":0,""rush_yds_200"":0,""scrimage_yards_100"":0,""scrimage_yards_200"":0}"
17888,13893,Trent Sherfield Sr.,WR,WR,BUF,24.929,calculated,24.94,32.4,39.86,"{""2pt_tds"":0,""fumbles"":0.06,""points"":24.94,""points_half"":32.4,""points_ppr"":39.86,""rec_rec"":14.91,""rec_tds"":1.03,""rec_yds"":188.69,""rec_yds_100"":0,""rec_yds_200"":0,""ret_tds"":0,""rush_att"":0,""rush_tds"":0,""rush_yds"":0,""rush_yds_100"":0,""rush_yds_200"":0,""scrimage_yards_100"":0,""scrimage_yards_200"":0}"
11599,11239,Marquise Goodwin,WR,WR,FA,24.811,calculated,24.79,30.81,36.83,"{""2pt_tds"":0,""fumbles"":0.02,""points"":24.79,""points_half"":30.81,""points_ppr"":36.83,""rec_rec"":12.04,""rec_tds"":1.06,""rec_yds"":172.34,""rec_yds_100"":0,""rec_yds_200"":0,""ret_tds"":0,""rush_att"":1.53,""rush_tds"":0.02,""rush_yds"":11.37,""rush_yds_100"":0,""rush_yds_200"":0,""scrimage_yards_100"":0,""scrimage_yards_200"":0}"
19715,14992,Quez Watkins,WR,WR,PHI,24.7,calculated,24.68,33.47,42.26,"{""2pt_tds"":0,""fumbles"":0.16,""points"":24.68,""points_half"":33.47,""points_ppr"":42.26,""rec_rec"":17.58,""rec_tds"":0.95,""rec_yds"":193.05,""rec_yds_100"":0,""rec_yds_200"":0,""ret_tds"":0,""rush_att"":0.2,""rush_tds"":0,""rush_yds"":0.15,""rush_yds_100"":0,""rush_yds_200"":0,""scrimage_yards_100"":0,""scrimage_yards_200"":0}"
22989,16193,Kayshon Boutte,WR,WR,NE,24.106,calculated,24.12,29.94,35.76,"{""2pt_tds"":0,""fumbles"":0.14,""points"":24.12,""points_half"":29.94,""points_ppr"":35.76,""rec_rec"":11.64,""rec_tds"":0.45,""rec_yds"":210.03,""rec_yds_100"":0.1,""rec_yds_200"":0,""ret_tds"":0,""rush_att"":1.2,""rush_tds"":0.03,""rush_yds"":5.03,""rush_yds_100"":0,""rush_yds_200"":0,""scrimage_yards_100"":0.1,""scrimage_yards_200"":0}"
18590,14118,Lil'Jordan Humphrey,WR,WR,DEN,23.71,calculated,23.71,30.21,36.71,"{""2pt_tds"":0,""fumbles"":0,""points"":23.71,""points_half"":30.21,""points_ppr"":36.71,""rec_rec"":13,""rec_tds"":1.55,""rec_yds"":144.1,""rec_yds_100"":0,""rec_yds_200"":0,""ret_tds"":0,""rush_att"":0,""rush_tds"":0,""rush_yds"":0,""rush_yds_100"":0,""rush_yds_200"":0,""scrimage_yards_100"":0,""scrimage_yards_200"":0}"
22808,15325,Cade Johnson,WR,WR,FA,23.327,calculated,23.33,30.64,37.96,"{""2pt_tds"":0,""fumbles"":0,""points"":23.33,""points_half"":30.64,""points_ppr"":37.96,""rec_rec"":14.63,""rec_tds"":1.06,""rec_yds"":168.02,""rec_yds_100"":0,""rec_yds_200"":0,""ret_tds"":0,""rush_att"":0,""rush_tds"":0,""rush_yds"":1.65,""rush_yds_100"":0,""rush_yds_200"":0,""scrimage_yards_100"":0,""scrimage_yards_200"":0}"
18520,15981,KaVontae Turpin,WR,WR,DAL,23.251,calculated,23.26,27.62,31.97,"{""2pt_tds"":0,""fumbles"":0.07,""points"":23.26,""points_half"":27.62,""points_ppr"":31.97,""rec_rec"":8.71,""rec_tds"":1.06,""rec_yds"":116.02,""rec_yds_100"":0,""rec_yds_200"":0,""ret_tds"":0,""rush_att"":1.82,""rush_tds"":0.31,""rush_yds"":35.69,""rush_yds_100"":0,""rush_yds_200"":0,""scrimage_yards_100"":0,""scrimage_yards_200"":0}"
25336,16203,Charlie Jones,WR,WR,CIN,23.024,calculated,23.02,30.31,37.6,"{""2pt_tds"":0,""fumbles"":0.54,""points"":23.02,""points_half"":30.31,""points_ppr"":37.6,""rec_rec"":14.59,""rec_tds"":0.85,""rec_yds"":183.38,""rec_yds_100"":0,""rec_yds_200"":0,""ret_tds"":0,""rush_att"":0.75,""rush_tds"":0.02,""rush_yds"":5.46,""rush_yds_100"":0,""rush_yds_200"":0,""scrimage_yards_100"":0,""scrimage_yards_200"":0}"
18941,14337,Jalen Guyton,WR,WR,FA,22.35,calculated,22.35,27.35,32.35,"{""2pt_tds"":0,""fumbles"":0,""points"":22.35,""points_half"":27.35,""points_ppr"":32.35,""rec_rec"":10,""rec_tds"":0.6,""rec_yds"":183.35,""rec_yds_100"":0.1,""rec_yds_200"":0,""ret_tds"":0,""rush_att"":2.2,""rush_tds"":0,""rush_yds"":4.15,""rush_yds_100"":0,""rush_yds_200"":0,""scrimage_yards_100"":0.1,""scrimage_yards_200"":0}"
25442,16205,Tyler Scott,WR,WR,LAR,22.22,calculated,22.22,30.72,39.22,"{""2pt_tds"":0,""fumbles"":0.6,""points"":22.22,""points_half"":30.72,""points_ppr"":39.22,""rec_rec"":17,""rec_tds"":0,""rec_yds"":205.6,""rec_yds_100"":0,""rec_yds_200"":0,""ret_tds"":0,""rush_att"":1.6,""rush_tds"":0.05,""rush_yds"":25.6,""rush_yds_100"":0,""rush_yds_200"":0,""scrimage_yards_100"":0,""scrimage_yards_200"":0}"
25668,16413,Malik Heath,WR,WR,FA,21.446,calculated,21.46,27.7,33.93,"{""2pt_tds"":0,""fumbles"":0.05,""points"":21.46,""points_half"":27.7,""points_ppr"":33.93,""rec_rec"":12.48,""rec_tds"":0.62,""rec_yds"":176.69,""rec_yds_100"":0.1,""rec_yds_200"":0,""ret_tds"":0,""rush_att"":0.4,""rush_tds"":0,""rush_yds"":1.57,""rush_yds_100"":0,""rush_yds_200"":0,""scrimage_yards_100"":0.1,""scrimage_yards_200"":0}"
16972,13488,Zach Pascal,WR,WR,FA,20.775,calculated,20.77,28.93,37.09,"{""2pt_tds"":0,""fumbles"":0.09,""points"":20.77,""points_half"":28.93,""points_ppr"":37.09,""rec_rec"":16.32,""rec_tds"":0.67,""rec_yds"":168.87,""rec_yds_100"":0,""rec_yds_200"":0,""ret_tds"":0,""rush_att"":0.1,""rush_tds"":0,""rush_yds"":0.48,""rush_yds_100"":0,""rush_yds_200"":0,""scrimage_yards_100"":0,""scrimage_yards_200"":0}"
19798,15763,Justyn Ross,WR,WR,FA,20.724,calculated,20.66,25.66,30.66,"{""2pt_tds"":0,""fumbles"":0.13,""points"":20.66,""points_half"":25.66,""points_ppr"":30.66,""rec_rec"":10,""rec_tds"":0.65,""rec_yds"":165.74,""rec_yds_100"":0.1,""rec_yds_200"":0,""ret_tds"":0,""rush_att"":0.7,""rush_tds"":0.03,""rush_yds"":3.3,""rush_yds_100"":0,""rush_yds_200"":0,""scrimage_yards_100"":0.1,""scrimage_yards_200"":0}"
23108,15758,David Bell,WR,WR,FA,20.381,calculated,20.37,25.1,29.82,"{""2pt_tds"":0,""fumbles"":0.02,""points"":20.37,""points_half"":25.1,""points_ppr"":29.82,""rec_rec"":9.45,""rec_tds"":0.97,""rec_yds"":146.01,""rec_yds_100"":0,""rec_yds_200"":0,""ret_tds"":0,""rush_att"":0,""rush_tds"":0,""rush_yds"":0,""rush_yds_100"":0,""rush_yds_200"":0,""scrimage_yards_100"":0,""scrimage_yards_200"":0}"
18166,13963,KhaDarel Hodge,WR,WR,SF,18.96,calculated,18.97,25.55,32.14,"{""2pt_tds"":0,""fumbles"":0.07,""points"":18.97,""points_half"":25.55,""points_ppr"":32.14,""rec_rec"":13.17,""rec_tds"":0.39,""rec_yds"":167.6,""rec_yds_100"":0,""rec_yds_200"":0,""ret_tds"":0,""rush_att"":0,""rush_tds"":0,""rush_yds"":0,""rush_yds_100"":0,""rush_yds_200"":0,""scrimage_yards_100"":0,""scrimage_yards_200"":0}"
23012,16202,Ronnie Bell,WR,WR,NO,18.791,calculated,18.8,22.2,25.6,"{""2pt_tds"":0,""fumbles"":0.03,""points"":18.8,""points_half"":22.2,""points_ppr"":25.6,""rec_rec"":6.8,""rec_tds"":1.83,""rec_yds"":78.71,""rec_yds_100"":0,""rec_yds_200"":0,""ret_tds"":0,""rush_att"":0,""rush_tds"":0,""rush_yds"":0,""rush_yds_100"":0,""rush_yds_200"":0,""scrimage_yards_100"":0,""scrimage_yards_200"":0}"
23883,15841,Samori Toure,WR,WR,PHI,18.253,calculated,16.27,23.02,29.77,"{""2pt_tds"":1,""fumbles"":0.55,""points"":16.27,""points_half"":23.02,""points_ppr"":29.77,""rec_rec"":13.5,""rec_tds"":0.45,""rec_yds"":145.86,""rec_yds_100"":0,""rec_yds_200"":0,""ret_tds"":0,""rush_att"":0.15,""rush_tds"":0,""rush_yds"":0.67,""rush_yds_100"":0,""rush_yds_200"":0,""scrimage_yards_100"":0,""scrimage_yards_200"":0}"
23305,15306,Tre Nixon,WR,WR,FA,18.116,calculated,18.12,22.42,26.72,"{""2pt_tds"":0,""fumbles"":0,""points"":18.12,""points_half"":22.42,""points_ppr"":26.72,""rec_rec"":8.6,""rec_tds"":0.77,""rec_yds"":126.86,""rec_yds_100"":0,""rec_yds_200"":0,""ret_tds"":0,""rush_att"":0,""rush_tds"":0.03,""rush_yds"":6.3,""rush_yds_100"":0,""rush_yds_200"":0,""scrimage_yards_100"":0,""scrimage_yards_200"":0}"
18984,14486,D.J. Montgomery,WR,WR,IND,17.49,calculated,17.49,17.49,17.49,"{""2pt_tds"":0,""fumbles"":0.1,""points"":17.49,""points_half"":17.49,""points_ppr"":17.49,""rec_rec"":0,""rec_tds"":0.1,""rec_yds"":168.2,""rec_yds_100"":0,""rec_yds_200"":0,""ret_tds"":0,""rush_att"":0.5,""rush_tds"":0,""rush_yds"":2.7,""rush_yds_100"":0,""rush_yds_200"":0,""scrimage_yards_100"":0,""scrimage_yards_200"":0}"
25332,16201,Xavier Hutchinson,WR,WR,HOU,17.255,calculated,17.26,21.26,25.26,"{""2pt_tds"":0,""fumbles"":0.1,""points"":17.26,""points_half"":21.26,""points_ppr"":25.26,""rec_rec"":8,""rec_tds"":0,""rec_yds"":142.9,""rec_yds_100"":0,""rec_yds_200"":0,""ret_tds"":0,""rush_att"":1.3,""rush_tds"":0.05,""rush_yds"":28.65,""rush_yds_100"":0,""rush_yds_200"":0,""scrimage_yards_100"":0,""scrimage_yards_200"":0}"
17739,13863,Byron Pringle,WR,WR,FA,16.03,calculated,16.03,22.52,29.02,"{""2pt_tds"":0,""fumbles"":0.55,""points"":16.03,""points_half"":22.52,""points_ppr"":29.02,""rec_rec"":12.99,""rec_tds"":0.28,""rec_yds"":139.95,""rec_yds_100"":0,""rec_yds_200"":0,""ret_tds"":0,""rush_att"":2.52,""rush_tds"":0.08,""rush_yds"":9.75,""rush_yds_100"":0,""rush_yds_200"":0,""scrimage_yards_100"":0,""scrimage_yards_200"":0}"
17224,13862,River Cracraft,WR,WR,FA,16.005,calculated,15.98,21.28,26.58,"{""2pt_tds"":0,""fumbles"":0.06,""points"":15.98,""points_half"":21.28,""points_ppr"":26.58,""rec_rec"":10.6,""rec_tds"":0.68,""rec_yds"":119.47,""rec_yds_100"":0,""rec_yds_200"":0,""ret_tds"":0,""rush_att"":0.2,""rush_tds"":0,""rush_yds"":0.98,""rush_yds_100"":0,""rush_yds_200"":0,""scrimage_yards_100"":0,""scrimage_yards_200"":0}"
16757,13348,David Moore,WR,WR,CAR,15.953,calculated,15.95,18.34,20.72,"{""2pt_tds"":0,""fumbles"":0,""points"":15.95,""points_half"":18.34,""points_ppr"":20.72,""rec_rec"":4.77,""rec_tds"":1.07,""rec_yds"":95.23,""rec_yds_100"":0,""rec_yds_200"":0,""ret_tds"":0,""rush_att"":0,""rush_tds"":0,""rush_yds"":0.1,""rush_yds_100"":0,""rush_yds_200"":0,""scrimage_yards_100"":0,""scrimage_yards_200"":0}"
13976,12184,Jamison Crowder,WR,WR,FA,15.39,calculated,15.39,23.24,31.1,"{""2pt_tds"":0,""fumbles"":0.55,""points"":15.39,""points_half"":23.24,""points_ppr"":31.1,""rec_rec"":15.71,""rec_tds"":0.52,""rec_yds"":133.18,""rec_yds_100"":0,""rec_yds_200"":0,""ret_tds"":0,""rush_att"":0.1,""rush_tds"":0,""rush_yds"":0.52,""rush_yds_100"":0,""rush_yds_200"":0,""scrimage_yards_100"":0,""scrimage_yards_200"":0}"
15688,12930,Robbie Chosen,WR,WR,FA,15.135,calculated,15.14,17.13,19.13,"{""2pt_tds"":0,""fumbles"":0.05,""points"":15.14,""points_half"":17.13,""points_ppr"":19.13,""rec_rec"":4,""rec_tds"":0.55,""rec_yds"":118.3,""rec_yds_100"":0,""rec_yds_200"":0,""ret_tds"":0,""rush_att"":0.3,""rush_tds"":0,""rush_yds"":1.05,""rush_yds_100"":0,""rush_yds_200"":0,""scrimage_yards_100"":0,""scrimage_yards_200"":0}"
25754,16423,Jason Brownlee,WR,WR,KC,14.635,calculated,14.6,18.53,22.45,"{""2pt_tds"":0,""fumbles"":0.03,""points"":14.6,""points_half"":18.53,""points_ppr"":22.45,""rec_rec"":7.85,""rec_tds"":0.97,""rec_yds"":88.75,""rec_yds_100"":0,""rec_yds_200"":0,""ret_tds"":0,""rush_att"":0,""rush_tds"":0,""rush_yds"":0,""rush_yds_100"":0,""rush_yds_200"":0,""scrimage_yards_100"":0,""scrimage_yards_200"":0}"
18714,14280,Scotty Miller,WR,WR,CHI,14.436,calculated,14.41,18.6,22.78,"{""2pt_tds"":0,""fumbles"":0.03,""points"":14.41,""points_half"":18.6,""points_ppr"":22.78,""rec_rec"":8.37,""rec_tds"":0.68,""rec_yds"":100.53,""rec_yds_100"":0,""rec_yds_200"":0,""ret_tds"":0,""rush_att"":0.23,""rush_tds"":0.03,""rush_yds"":1.83,""rush_yds_100"":0,""rush_yds_200"":0,""scrimage_yards_100"":0,""scrimage_yards_200"":0}"
17530,13641,Ray-Ray McCloud III,WR,WR,CHI,14.099,calculated,14.06,18.32,22.57,"{""2pt_tds"":0,""fumbles"":0.14,""points"":14.06,""points_half"":18.32,""points_ppr"":22.57,""rec_rec"":8.51,""rec_tds"":0.22,""rec_yds"":90.6,""rec_yds_100"":0,""rec_yds_200"":0,""ret_tds"":0,""rush_att"":3.39,""rush_tds"":0.19,""rush_yds"":28.59,""rush_yds_100"":0,""rush_yds_200"":0,""scrimage_yards_100"":0,""scrimage_yards_200"":0}"
19901,15183,Kendall Hinton,WR,WR,FA,13.776,calculated,13.78,19.33,24.88,"{""2pt_tds"":0,""fumbles"":0,""points"":13.78,""points_half"":19.33,""points_ppr"":24.88,""rec_rec"":11.11,""rec_tds"":0.44,""rec_yds"":101.84,""rec_yds_100"":0,""rec_yds_200"":0,""ret_tds"":0,""rush_att"":0.2,""rush_tds"":0.03,""rush_yds"":7.72,""rush_yds_100"":0,""rush_yds_200"":0,""scrimage_yards_100"":0,""scrimage_yards_200"":0}"
13979,12188,Phillip Dorsett II,WR,WR,LV,13.713,calculated,13.71,18.72,23.73,"{""2pt_tds"":0,""fumbles"":0.04,""points"":13.71,""points_half"":18.72,""points_ppr"":23.73,""rec_rec"":10.02,""rec_tds"":0.43,""rec_yds"":111.08,""rec_yds_100"":0,""rec_yds_200"":0,""ret_tds"":0,""rush_att"":0.2,""rush_tds"":0,""rush_yds"":1.05,""rush_yds_100"":0,""rush_yds_200"":0,""scrimage_yards_100"":0,""scrimage_yards_200"":0}"
18933,14545,Jason Moore Jr.,WR,WR,FA,13.07,calculated,13.07,16.98,20.88,"{""2pt_tds"":0,""fumbles"":0,""points"":13.07,""points_half"":16.98,""points_ppr"":20.88,""rec_rec"":7.81,""rec_tds"":0.5,""rec_yds"":100.7,""rec_yds_100"":0,""rec_yds_200"":0,""ret_tds"":0,""rush_att"":0,""rush_tds"":0,""rush_yds"":0,""rush_yds_100"":0,""rush_yds_200"":0,""scrimage_yards_100"":0,""scrimage_yards_200"":0}"
23001,16198,Rakim Jarrett,WR,WR,FA,12.956,calculated,12.94,18.17,23.39,"{""2pt_tds"":0,""fumbles"":0.07,""points"":12.94,""points_half"":18.17,""points_ppr"":23.39,""rec_rec"":10.45,""rec_tds"":0.34,""rec_yds"":109.59,""rec_yds_100"":0,""rec_yds_200"":0,""ret_tds"":0,""rush_att"":0.25,""rush_tds"":0,""rush_yds"":0.97,""rush_yds_100"":0,""rush_yds_200"":0,""scrimage_yards_100"":0,""scrimage_yards_200"":0}"
23755,15780,Erik Ezukanma,WR,WR,PHI,12.147,calculated,12.08,15.05,18.02,"{""2pt_tds"":0,""fumbles"":0.07,""points"":12.08,""points_half"":15.05,""points_ppr"":18.02,""rec_rec"":5.94,""rec_tds"":0.37,""rec_yds"":91.67,""rec_yds_100"":0,""rec_yds_200"":0,""ret_tds"":0,""rush_att"":0.37,""rush_tds"":0.03,""rush_yds"":7.2,""rush_yds_100"":0,""rush_yds_200"":0,""scrimage_yards_100"":0,""scrimage_yards_200"":0}"
20116,15434,Ihmir Smith-Marsette,WR,WR,ARI,12.027,calculated,12.04,15.51,18.99,"{""2pt_tds"":0,""fumbles"":0.02,""points"":12.04,""points_half"":15.51,""points_ppr"":18.99,""rec_rec"":6.95,""rec_tds"":0.18,""rec_yds"":75.97,""rec_yds_100"":0,""rec_yds_200"":0,""ret_tds"":0,""rush_att"":0.1,""rush_tds"":0.25,""rush_yds"":18.9,""rush_yds_100"":0,""rush_yds_200"":0,""scrimage_yards_100"":0,""scrimage_yards_200"":0}"
25334,16299,Derius Davis,WR,WR,LAC,11.985,calculated,11.99,19.49,26.99,"{""2pt_tds"":0,""fumbles"":0.55,""points"":11.99,""points_half"":19.49,""points_ppr"":26.99,""rec_rec"":15,""rec_tds"":0,""rec_yds"":78.4,""rec_yds_100"":0,""rec_yds_200"":0,""ret_tds"":0,""rush_att"":0.6,""rush_tds"":0,""rush_yds"":52.45,""rush_yds_100"":0,""rush_yds_200"":0,""scrimage_yards_100"":0,""scrimage_yards_200"":0}"
24083,16210,Justin Shorter,WR,WR,LV,11.83,calculated,11.83,11.83,11.83,"{""2pt_tds"":0,""fumbles"":0.1,""points"":11.83,""points_half"":11.83,""points_ppr"":11.83,""rec_rec"":0,""rec_tds"":0,""rec_yds"":117.3,""rec_yds_100"":0,""rec_yds_200"":0,""ret_tds"":0,""rush_att"":0.5,""rush_tds"":0,""rush_yds"":3,""rush_yds_100"":0,""rush_yds_200"":0,""scrimage_yards_100"":0,""scrimage_yards_200"":0}"
24554,15900,Montrell Washington,WR,WR,FA,11.68,calculated,11.68,11.68,11.68,"{""2pt_tds"":0,""fumbles"":0.1,""points"":11.68,""points_half"":11.68,""points_ppr"":11.68,""rec_rec"":0,""rec_tds"":0,""rec_yds"":113.9,""rec_yds_100"":0,""rec_yds_200"":0,""ret_tds"":0,""rush_att"":0.8,""rush_tds"":0,""rush_yds"":4.9,""rush_yds_100"":0,""rush_yds_200"":0,""scrimage_yards_100"":0,""scrimage_yards_200"":0}"
24177,15786,Jalen Nailor,WR,WR,LV,11.594,calculated,11.59,13.98,16.37,"{""2pt_tds"":0,""fumbles"":0.06,""points"":11.59,""points_half"":13.98,""points_ppr"":16.37,""rec_rec"":4.78,""rec_tds"":0.24,""rec_yds"":101.76,""rec_yds_100"":0,""rec_yds_200"":0,""ret_tds"":0,""rush_att"":0.2,""rush_tds"":0,""rush_yds"":0.98,""rush_yds_100"":0,""rush_yds_200"":0,""scrimage_yards_100"":0,""scrimage_yards_200"":0}"
22785,15302,Dee Eskridge,WR,WR,FA,11.55,calculated,11.51,15.02,18.53,"{""2pt_tds"":0,""fumbles"":0.03,""points"":11.51,""points_half"":15.02,""points_ppr"":18.53,""rec_rec"":7.01,""rec_tds"":0.34,""rec_yds"":72.97,""rec_yds_100"":0,""rec_yds_200"":0,""ret_tds"":0,""rush_att"":3.12,""rush_tds"":0.07,""rush_yds"":18.53,""rush_yds_100"":0,""rush_yds_200"":0,""scrimage_yards_100"":0,""scrimage_yards_200"":0}"
19587,14843,Lynn Bowden Jr.,WR,WR,FA,11.5,calculated,11.5,17,22.5,"{""2pt_tds"":0,""fumbles"":0,""points"":11.5,""points_half"":17,""points_ppr"":22.5,""rec_rec"":11,""rec_tds"":0,""rec_yds"":83,""rec_yds_100"":0,""rec_yds_200"":0,""ret_tds"":0,""rush_att"":0,""rush_tds"":0,""rush_yds"":32,""rush_yds_100"":0,""rush_yds_200"":0,""scrimage_yards_100"":0,""scrimage_yards_200"":0}"
19270,14847,Devin Duvernay,WR,WR,ARI,11.477,calculated,11.48,14.11,16.73,"{""2pt_tds"":0,""fumbles"":0.05,""points"":11.48,""points_half"":14.11,""points_ppr"":16.73,""rec_rec"":5.24,""rec_tds"":0.28,""rec_yds"":66.59,""rec_yds_100"":0,""rec_yds_200"":0,""ret_tds"":0,""rush_att"":3.42,""rush_tds"":0.15,""rush_yds"":23.38,""rush_yds_100"":0,""rush_yds_200"":0,""scrimage_yards_100"":0,""scrimage_yards_200"":0}"
19753,15046,Kirk Merritt,WR,WR,FA,11.004,calculated,11,14.09,17.17,"{""2pt_tds"":0,""fumbles"":0,""points"":11,""points_half"":14.09,""points_ppr"":17.17,""rec_rec"":6.17,""rec_tds"":0.49,""rec_yds"":78.38,""rec_yds_100"":0,""rec_yds_200"":0,""ret_tds"":0,""rush_att"":0,""rush_tds"":0,""rush_yds"":2.26,""rush_yds_100"":0,""rush_yds_200"":0,""scrimage_yards_100"":0,""scrimage_yards_200"":0}"
24214,15767,Velus Jones Jr.,WR,WR,SEA,10.904,calculated,10.92,13.8,16.69,"{""2pt_tds"":0,""fumbles"":0.07,""points"":10.92,""points_half"":13.8,""points_ppr"":16.69,""rec_rec"":5.77,""rec_tds"":0.25,""rec_yds"":70.41,""rec_yds_100"":0,""rec_yds_200"":0,""ret_tds"":0,""rush_att"":1.8,""rush_tds"":0.05,""rush_yds"":22.03,""rush_yds_100"":0,""rush_yds_200"":0,""scrimage_yards_100"":0,""scrimage_yards_200"":0}"
17871,13882,Keith Kirkwood,WR,WR,FA,10.734,calculated,10.73,12.99,15.24,"{""2pt_tds"":0,""fumbles"":0.05,""points"":10.73,""points_half"":12.99,""points_ppr"":15.24,""rec_rec"":4.51,""rec_tds"":0.44,""rec_yds"":81.11,""rec_yds_100"":0,""rec_yds_200"":0,""ret_tds"":0,""rush_att"":0.2,""rush_tds"":0,""rush_yds"":0.83,""rush_yds_100"":0,""rush_yds_200"":0,""scrimage_yards_100"":0,""scrimage_yards_200"":0}"
18612,14126,Preston Williams,WR,WR,FA,10.528,calculated,10.53,13.67,16.81,"{""2pt_tds"":0,""fumbles"":0,""points"":10.53,""points_half"":13.67,""points_ppr"":16.81,""rec_rec"":6.28,""rec_tds"":0.42,""rec_yds"":80.08,""rec_yds_100"":0,""rec_yds_200"":0,""ret_tds"":0,""rush_att"":0,""rush_tds"":0,""rush_yds"":0,""rush_yds_100"":0,""rush_yds_200"":0,""scrimage_yards_100"":0,""scrimage_yards_200"":0}"
24213,,Kaylon Geiger Sr.,WR,WR,FA,10.095,calculated,10.1,12.67,15.25,"{""2pt_tds"":0,""fumbles"":0,""points"":10.1,""points_half"":12.67,""points_ppr"":15.25,""rec_rec"":5.15,""rec_tds"":0.42,""rec_yds"":66.45,""rec_yds_100"":0,""rec_yds_200"":0,""ret_tds"":0,""rush_att"":0,""rush_tds"":0.06,""rush_yds"":5.7,""rush_yds_100"":0,""rush_yds_200"":0,""scrimage_yards_100"":0,""scrimage_yards_200"":0}"
19219,14839,Jalen Reagor,WR,WR,MIA,10.015,calculated,10.02,13.52,17.02,"{""2pt_tds"":0,""fumbles"":0.05,""points"":10.02,""points_half"":13.52,""points_ppr"":17.02,""rec_rec"":7,""rec_tds"":0,""rec_yds"":90.1,""rec_yds_100"":0,""rec_yds_200"":0,""ret_tds"":0,""rush_att"":1.1,""rush_tds"":0,""rush_yds"":11.05,""rush_yds_100"":0,""rush_yds_200"":0,""scrimage_yards_100"":0,""scrimage_yards_200"":0}"
20133,15317,Marquez Stevenson,WR,WR,FA,9.845,calculated,9.85,13,16.15,"{""2pt_tds"":0,""fumbles"":0,""points"":9.85,""points_half"":13,""points_ppr"":16.15,""rec_rec"":6.3,""rec_tds"":0.34,""rec_yds"":78.05,""rec_yds_100"":0,""rec_yds_200"":0,""ret_tds"":0,""rush_att"":0,""rush_tds"":0,""rush_yds"":0,""rush_yds_100"":0,""rush_yds_200"":0,""scrimage_yards_100"":0,""scrimage_yards_200"":0}"
14103,12394,DeAndre Carter,WR,WR,FA,9.836,calculated,9.83,12.31,14.8,"{""2pt_tds"":0,""fumbles"":0.19,""points"":9.83,""points_half"":12.31,""points_ppr"":14.8,""rec_rec"":4.97,""rec_tds"":0.17,""rec_yds"":84.81,""rec_yds_100"":0,""rec_yds_200"":0,""ret_tds"":0,""rush_att"":0.57,""rush_tds"":0,""rush_yds"":7.15,""rush_yds_100"":0,""rush_yds_200"":0,""scrimage_yards_100"":0,""scrimage_yards_200"":0}"
17307,13637,Equanimeous St. Brown,WR,WR,FA,9.043,calculated,9.06,11.65,14.24,"{""2pt_tds"":0,""fumbles"":0.04,""points"":9.06,""points_half"":11.65,""points_ppr"":14.24,""rec_rec"":5.18,""rec_tds"":0.2,""rec_yds"":71.44,""rec_yds_100"":0,""rec_yds_200"":0,""ret_tds"":0,""rush_att"":1.08,""rush_tds"":0.02,""rush_yds"":6.59,""rush_yds_100"":0,""rush_yds_200"":0,""scrimage_yards_100"":0,""scrimage_yards_200"":0}"
11459,10973,Cole Beasley,WR,WR,FA,9.03,calculated,9.03,11.89,14.74,"{""2pt_tds"":0,""fumbles"":0,""points"":9.03,""points_half"":11.89,""points_ppr"":14.74,""rec_rec"":5.71,""rec_tds"":0.39,""rec_yds"":66.71,""rec_yds_100"":0,""rec_yds_200"":0,""ret_tds"":0,""rush_att"":0,""rush_tds"":0,""rush_yds"":0.19,""rush_yds_100"":0,""rush_yds_200"":0,""scrimage_yards_100"":0,""scrimage_yards_200"":0}"
25205,16066,Maurice Alexander,WR,WR,CHI,8.917,calculated,8.92,11.35,13.78,"{""2pt_tds"":0,""fumbles"":0,""points"":8.92,""points_half"":11.35,""points_ppr"":13.78,""rec_rec"":4.86,""rec_tds"":0.4,""rec_yds"":65.17,""rec_yds_100"":0,""rec_yds_200"":0,""ret_tds"":0,""rush_att"":0,""rush_tds"":0,""rush_yds"":0,""rush_yds_100"":0,""rush_yds_200"":0,""scrimage_yards_100"":0,""scrimage_yards_200"":0}"
17261,13645,Tre'Quan Smith,WR,WR,FA,8.441,calculated,8.42,11.28,14.15,"{""2pt_tds"":0,""fumbles"":0.04,""points"":8.42,""points_half"":11.28,""points_ppr"":14.15,""rec_rec"":5.73,""rec_tds"":0.36,""rec_yds"":63.57,""rec_yds_100"":0,""rec_yds_200"":0,""ret_tds"":0,""rush_att"":0,""rush_tds"":0,""rush_yds"":0.04,""rush_yds_100"":0,""rush_yds_200"":0,""scrimage_yards_100"":0,""scrimage_yards_200"":0}"
23438,16005,Tim Jones,WR,WR,JAC,8.191,calculated,8.2,11.76,15.32,"{""2pt_tds"":0,""fumbles"":0.06,""points"":8.2,""points_half"":11.76,""points_ppr"":15.32,""rec_rec"":7.12,""rec_tds"":0.18,""rec_yds"":71.46,""rec_yds_100"":0,""rec_yds_200"":0,""ret_tds"":0,""rush_att"":0.17,""rush_tds"":0,""rush_yds"":0.85,""rush_yds_100"":0,""rush_yds_200"":0,""scrimage_yards_100"":0,""scrimage_yards_200"":0}"
19030,14330,Darrius Shepherd,WR,WR,FA,8.139,calculated,8.14,10.26,12.38,"{""2pt_tds"":0,""fumbles"":0,""points"":8.14,""points_half"":10.26,""points_ppr"":12.38,""rec_rec"":4.24,""rec_tds"":0.32,""rec_yds"":57.15,""rec_yds_100"":0,""rec_yds_200"":0,""ret_tds"":0,""rush_att"":0,""rush_tds"":0,""rush_yds"":5.04,""rush_yds_100"":0,""rush_yds_200"":0,""scrimage_yards_100"":0,""scrimage_yards_200"":0}"
24570,15941,Dareke Young,WR,WR,LV,8.05,calculated,8.03,10.63,13.23,"{""2pt_tds"":0,""fumbles"":0.07,""points"":8.03,""points_half"":10.63,""points_ppr"":13.23,""rec_rec"":5.2,""rec_tds"":0.3,""rec_yds"":63.14,""rec_yds_100"":0,""rec_yds_200"":0,""ret_tds"":0,""rush_att"":0.17,""rush_tds"":0,""rush_yds"":0.76,""rush_yds_100"":0,""rush_yds_200"":0,""scrimage_yards_100"":0,""scrimage_yards_200"":0}"
18634,14844,Bryan Edwards,WR,WR,FA,8.004,calculated,8,11.28,14.55,"{""2pt_tds"":0,""fumbles"":0,""points"":8,""points_half"":11.28,""points_ppr"":14.55,""rec_rec"":6.55,""rec_tds"":0.27,""rec_yds"":63.29,""rec_yds_100"":0,""rec_yds_200"":0,""ret_tds"":0,""rush_att"":0,""rush_tds"":0,""rush_yds"":0.55,""rush_yds_100"":0,""rush_yds_200"":0,""scrimage_yards_100"":0,""scrimage_yards_200"":0}"
19052,14503,Tom Kennedy,WR,WR,DET,7.912,calculated,7.91,10.01,12.1,"{""2pt_tds"":0,""fumbles"":0,""points"":7.91,""points_half"":10.01,""points_ppr"":12.1,""rec_rec"":4.19,""rec_tds"":0.37,""rec_yds"":56.92,""rec_yds_100"":0,""rec_yds_200"":0,""ret_tds"":0,""rush_att"":0,""rush_tds"":0,""rush_yds"":0,""rush_yds_100"":0,""rush_yds_200"":0,""scrimage_yards_100"":0,""scrimage_yards_200"":0}"
18815,14499,Trinity Benson,WR,WR,FA,7.721,calculated,7.72,9.81,11.89,"{""2pt_tds"":0,""fumbles"":0,""points"":7.72,""points_half"":9.81,""points_ppr"":11.89,""rec_rec"":4.17,""rec_tds"":0.37,""rec_yds"":55.01,""rec_yds_100"":0,""rec_yds_200"":0,""ret_tds"":0,""rush_att"":0,""rush_tds"":0,""rush_yds"":0,""rush_yds_100"":0,""rush_yds_200"":0,""scrimage_yards_100"":0,""scrimage_yards_200"":0}"
19093,14555,Gunner Olszewski,WR,WR,NYG,7.254,calculated,7.25,9.58,11.9,"{""2pt_tds"":0,""fumbles"":0.72,""points"":7.25,""points_half"":9.58,""points_ppr"":11.9,""rec_rec"":4.65,""rec_tds"":0.2,""rec_yds"":56.08,""rec_yds_100"":0,""rec_yds_200"":0,""ret_tds"":0,""rush_att"":3.36,""rush_tds"":0.07,""rush_yds"":14.66,""rush_yds_100"":0,""rush_yds_200"":0,""scrimage_yards_100"":0,""scrimage_yards_200"":0}"
18016,13895,Cam Sims,WR,WR,FA,7.026,calculated,7.03,10.42,13.81,"{""2pt_tds"":0,""fumbles"":0,""points"":7.03,""points_half"":10.42,""points_ppr"":13.81,""rec_rec"":6.78,""rec_tds"":0.18,""rec_yds"":59.21,""rec_yds_100"":0,""rec_yds_200"":0,""ret_tds"":0,""rush_att"":0.05,""rush_tds"":0,""rush_yds"":0.25,""rush_yds_100"":0,""rush_yds_200"":0,""scrimage_yards_100"":0,""scrimage_yards_200"":0}"
22800,15326,Dax Milne,WR,WR,FA,7.004,calculated,7,8.71,10.42,"{""2pt_tds"":0,""fumbles"":0.4,""points"":7,""points_half"":8.71,""points_ppr"":10.42,""rec_rec"":3.42,""rec_tds"":0.13,""rec_yds"":55.45,""rec_yds_100"":0,""rec_yds_200"":0,""ret_tds"":0,""rush_att"":2.82,""rush_tds"":0.08,""rush_yds"":9.99,""rush_yds_100"":0,""rush_yds_200"":0,""scrimage_yards_100"":0,""scrimage_yards_200"":0}"
14151,12257,Chris Conley,WR,WR,FA,6.9,calculated,6.9,8.4,9.9,"{""2pt_tds"":0,""fumbles"":0,""points"":6.9,""points_half"":8.4,""points_ppr"":9.9,""rec_rec"":3,""rec_tds"":0,""rec_yds"":69,""rec_yds_100"":0,""rec_yds_200"":0,""ret_tds"":0,""rush_att"":0,""rush_tds"":0,""rush_yds"":0,""rush_yds_100"":0,""rush_yds_200"":0,""scrimage_yards_100"":0,""scrimage_yards_200"":0}"
23196,15303,Simi Fehoko,WR,WR,ARI,6.9,calculated,6.9,7.4,7.9,"{""2pt_tds"":0,""fumbles"":0,""points"":6.9,""points_half"":7.4,""points_ppr"":7.9,""rec_rec"":1,""rec_tds"":1,""rec_yds"":9,""rec_yds_100"":0,""rec_yds_200"":0,""ret_tds"":0,""rush_att"":0,""rush_tds"":0,""rush_yds"":0,""rush_yds_100"":0,""rush_yds_200"":0,""scrimage_yards_100"":0,""scrimage_yards_200"":0}"
18633,14864,Tyler Johnson,WR,WR,DAL,6.8,calculated,6.8,7.8,8.8,"{""2pt_tds"":0,""fumbles"":0,""points"":6.8,""points_half"":7.8,""points_ppr"":8.8,""rec_rec"":2,""rec_tds"":1,""rec_yds"":8,""rec_yds_100"":0,""rec_yds_200"":0,""ret_tds"":0,""rush_att"":0,""rush_tds"":0,""rush_yds"":0,""rush_yds_100"":0,""rush_yds_200"":0,""scrimage_yards_100"":0,""scrimage_yards_200"":0}"
19468,14862,Joe Reed,WR,WR,FA,6.656,calculated,6.63,7.67,8.71,"{""2pt_tds"":0,""fumbles"":0,""points"":6.63,""points_half"":7.67,""points_ppr"":8.71,""rec_rec"":2.09,""rec_tds"":0.19,""rec_yds"":45.68,""rec_yds_100"":0,""rec_yds_200"":0,""ret_tds"":0,""rush_att"":0,""rush_tds"":0.03,""rush_yds"":7.68,""rush_yds_100"":0,""rush_yds_200"":0,""scrimage_yards_100"":0,""scrimage_yards_200"":0}"
19771,14972,Isaiah Coulter,WR,WR,FA,6.431,calculated,6.43,8.27,10.1,"{""2pt_tds"":0,""fumbles"":0,""points"":6.43,""points_half"":8.27,""points_ppr"":10.1,""rec_rec"":3.67,""rec_tds"":0.33,""rec_yds"":44.51,""rec_yds_100"":0,""rec_yds_200"":0,""ret_tds"":0,""rush_att"":0,""rush_tds"":0,""rush_yds"":0,""rush_yds_100"":0,""rush_yds_200"":0,""scrimage_yards_100"":0,""scrimage_yards_200"":0}"
25468,16364,Jalen Brooks,WR,WR,ARI,6.4,calculated,6.4,9.4,12.4,"{""2pt_tds"":0,""fumbles"":0,""points"":6.4,""points_half"":9.4,""points_ppr"":12.4,""rec_rec"":6,""rec_tds"":0,""rec_yds"":64,""rec_yds_100"":0,""rec_yds_200"":0,""ret_tds"":0,""rush_att"":0,""rush_tds"":0,""rush_yds"":0,""rush_yds_100"":0,""rush_yds_200"":0,""scrimage_yards_100"":0,""scrimage_yards_200"":0}"
17286,13640,Antonio Callaway,WR,WR,FA,6.332,calculated,6.33,8.07,9.81,"{""2pt_tds"":0,""fumbles"":0,""points"":6.33,""points_half"":8.07,""points_ppr"":9.81,""rec_rec"":3.48,""rec_tds"":0.34,""rec_yds"":42.92,""rec_yds_100"":0,""rec_yds_200"":0,""ret_tds"":0,""rush_att"":0,""rush_tds"":0,""rush_yds"":0,""rush_yds_100"":0,""rush_yds_200"":0,""scrimage_yards_100"":0,""scrimage_yards_200"":0}"
18636,14125,Miles Boykin,WR,WR,FA,6.222,calculated,6.2,8.56,10.92,"{""2pt_tds"":0,""fumbles"":0,""points"":6.2,""points_half"":8.56,""points_ppr"":10.92,""rec_rec"":4.72,""rec_tds"":0.14,""rec_yds"":53.82,""rec_yds_100"":0,""rec_yds_200"":0,""ret_tds"":0,""rush_att"":0,""rush_tds"":0,""rush_yds"":0,""rush_yds_100"":0,""rush_yds_200"":0,""scrimage_yards_100"":0,""scrimage_yards_200"":0}"
19801,15285,Tylan Wallace,WR,WR,CLE,6.143,calculated,6.12,7.12,8.12,"{""2pt_tds"":0,""fumbles"":0.05,""points"":6.12,""points_half"":7.12,""points_ppr"":8.12,""rec_rec"":2,""rec_tds"":0.06,""rec_yds"":57.03,""rec_yds_100"":0,""rec_yds_200"":0,""ret_tds"":0,""rush_att"":0.4,""rush_tds"":0,""rush_yds"":1.8,""rush_yds_100"":0,""rush_yds_200"":0,""scrimage_yards_100"":0,""scrimage_yards_200"":0}"
18535,14321,Cody Thompson,WR,WR,FA,6.129,calculated,6.15,8.11,10.06,"{""2pt_tds"":0,""fumbles"":0.03,""points"":6.15,""points_half"":8.11,""points_ppr"":10.06,""rec_rec"":3.91,""rec_tds"":0.26,""rec_yds"":46.29,""rec_yds_100"":0,""rec_yds_200"":0,""ret_tds"":0,""rush_att"":0,""rush_tds"":0,""rush_yds"":0,""rush_yds_100"":0,""rush_yds_200"":0,""scrimage_yards_100"":0,""scrimage_yards_200"":0}"
18699,14267,Juwann Winfree,WR,WR,HOU,5.69,calculated,5.69,5.69,5.69,"{""2pt_tds"":0,""fumbles"":0.1,""points"":5.69,""points_half"":5.69,""points_ppr"":5.69,""rec_rec"":0,""rec_tds"":0,""rec_yds"":56.5,""rec_yds_100"":0,""rec_yds_200"":0,""ret_tds"":0,""rush_att"":0.4,""rush_tds"":0,""rush_yds"":2.4,""rush_yds_100"":0,""rush_yds_200"":0,""scrimage_yards_100"":0,""scrimage_yards_200"":0}"
19344,14846,Denzel Mims,WR,WR,DAL,5.288,calculated,5.29,6.68,8.07,"{""2pt_tds"":0,""fumbles"":0,""points"":5.29,""points_half"":6.68,""points_ppr"":8.07,""rec_rec"":2.78,""rec_tds"":0.11,""rec_yds"":46.15,""rec_yds_100"":0,""rec_yds_200"":0,""ret_tds"":0,""rush_att"":0,""rush_tds"":0,""rush_yds"":0.13,""rush_yds_100"":0,""rush_yds_200"":0,""scrimage_yards_100"":0,""scrimage_yards_200"":0}"
20127,15298,Shi Smith,WR,WR,FA,5.274,calculated,5.27,6.46,7.64,"{""2pt_tds"":0,""fumbles"":0.05,""points"":5.27,""points_half"":6.46,""points_ppr"":7.64,""rec_rec"":2.37,""rec_tds"":0.12,""rec_yds"":46.38,""rec_yds_100"":0,""rec_yds_200"":0,""ret_tds"":0,""rush_att"":0.1,""rush_tds"":0,""rush_yds"":0.16,""rush_yds_100"":0,""rush_yds_200"":0,""scrimage_yards_100"":0,""scrimage_yards_200"":0}"
24812,15993,Lance McCutcheon,WR,WR,TEN,5.242,calculated,5.24,6.34,7.45,"{""2pt_tds"":0,""fumbles"":0,""points"":5.24,""points_half"":6.34,""points_ppr"":7.45,""rec_rec"":2.21,""rec_tds"":0.15,""rec_yds"":42.71,""rec_yds_100"":0,""rec_yds_200"":0,""ret_tds"":0,""rush_att"":0,""rush_tds"":0,""rush_yds"":0.71,""rush_yds_100"":0,""rush_yds_200"":0,""scrimage_yards_100"":0,""scrimage_yards_200"":0}"
23395,15478,Michael Strachan,WR,WR,FA,5.095,calculated,5.1,5.6,6.1,"{""2pt_tds"":0,""fumbles"":0.05,""points"":5.1,""points_half"":5.6,""points_ppr"":6.1,""rec_rec"":1,""rec_tds"":0,""rec_yds"":50.75,""rec_yds_100"":0,""rec_yds_200"":0,""ret_tds"":0,""rush_att"":0.4,""rush_tds"":0,""rush_yds"":1.2,""rush_yds_100"":0,""rush_yds_200"":0,""scrimage_yards_100"":0,""scrimage_yards_200"":0}"
25466,16349,Antoine Green,WR,WR,FA,5.015,calculated,5,6.7,8.4,"{""2pt_tds"":0,""fumbles"":0.02,""points"":5,""points_half"":6.7,""points_ppr"":8.4,""rec_rec"":3.4,""rec_tds"":0.24,""rec_yds"":36.15,""rec_yds_100"":0,""rec_yds_200"":0,""ret_tds"":0,""rush_att"":0,""rush_tds"":0,""rush_yds"":0,""rush_yds_100"":0,""rush_yds_200"":0,""scrimage_yards_100"":0,""scrimage_yards_200"":0}"
19736,14998,Dezmon Patmon,WR,WR,FA,4.982,calculated,4.95,6.78,8.61,"{""2pt_tds"":0,""fumbles"":0,""points"":4.95,""points_half"":6.78,""points_ppr"":8.61,""rec_rec"":3.66,""rec_tds"":0.17,""rec_yds"":38.87,""rec_yds_100"":0,""rec_yds_200"":0,""ret_tds"":0,""rush_att"":0.1,""rush_tds"":0,""rush_yds"":0.75,""rush_yds_100"":0,""rush_yds_200"":0,""scrimage_yards_100"":0,""scrimage_yards_200"":0}"
25211,16125,Daylen Baldwin,WR,WR,FA,4.936,calculated,4.94,6.52,8.11,"{""2pt_tds"":0,""fumbles"":0,""points"":4.94,""points_half"":6.52,""points_ppr"":8.11,""rec_rec"":3.17,""rec_tds"":0.17,""rec_yds"":39.16,""rec_yds_100"":0,""rec_yds_200"":0,""ret_tds"":0,""rush_att"":0,""rush_tds"":0,""rush_yds"":0,""rush_yds_100"":0,""rush_yds_200"":0,""scrimage_yards_100"":0,""scrimage_yards_200"":0}"
16864,13412,Keelan Cole Sr.,WR,WR,FA,4.9,calculated,4.9,6.53,8.16,"{""2pt_tds"":0,""fumbles"":0,""points"":4.9,""points_half"":6.53,""points_ppr"":8.16,""rec_rec"":3.26,""rec_tds"":0.17,""rec_yds"":38.8,""rec_yds_100"":0,""rec_yds_200"":0,""ret_tds"":0,""rush_att"":0,""rush_tds"":0,""rush_yds"":0,""rush_yds_100"":0,""rush_yds_200"":0,""scrimage_yards_100"":0,""scrimage_yards_200"":0}"
19739,15589,Cody White,WR,WR,SEA,4.862,calculated,4.86,6.5,8.13,"{""2pt_tds"":0,""fumbles"":0,""points"":4.86,""points_half"":6.5,""points_ppr"":8.13,""rec_rec"":3.27,""rec_tds"":0.17,""rec_yds"":38.42,""rec_yds_100"":0,""rec_yds_200"":0,""ret_tds"":0,""rush_att"":0,""rush_tds"":0,""rush_yds"":0,""rush_yds_100"":0,""rush_yds_200"":0,""scrimage_yards_100"":0,""scrimage_yards_200"":0}"
23893,15792,Michael Woods II,WR,WR,DEN,4.855,calculated,4.86,6.42,7.98,"{""2pt_tds"":0,""fumbles"":0,""points"":4.86,""points_half"":6.42,""points_ppr"":7.98,""rec_rec"":3.12,""rec_tds"":0.17,""rec_yds"":38.35,""rec_yds_100"":0,""rec_yds_200"":0,""ret_tds"":0,""rush_att"":0,""rush_tds"":0,""rush_yds"":0,""rush_yds_100"":0,""rush_yds_200"":0,""scrimage_yards_100"":0,""scrimage_yards_200"":0}"
18902,14548,Alex Bachman,WR,WR,LAR,4.842,calculated,4.84,6.47,8.1,"{""2pt_tds"":0,""fumbles"":0,""points"":4.84,""points_half"":6.47,""points_ppr"":8.1,""rec_rec"":3.26,""rec_tds"":0.17,""rec_yds"":38.22,""rec_yds_100"":0,""rec_yds_200"":0,""ret_tds"":0,""rush_att"":0,""rush_tds"":0,""rush_yds"":0,""rush_yds_100"":0,""rush_yds_200"":0,""scrimage_yards_100"":0,""scrimage_yards_200"":0}"
25821,16200,Dontay Demus Jr.,WR,WR,FA,4.78,calculated,4.78,4.78,4.78,"{""2pt_tds"":0,""fumbles"":0,""points"":4.78,""points_half"":4.78,""points_ppr"":4.78,""rec_rec"":0,""rec_tds"":0,""rec_yds"":46.6,""rec_yds_100"":0,""rec_yds_200"":0,""ret_tds"":0,""rush_att"":0.2,""rush_tds"":0,""rush_yds"":1.2,""rush_yds_100"":0,""rush_yds_200"":0,""scrimage_yards_100"":0,""scrimage_yards_200"":0}"
19505,15034,Marquez Callaway,WR,WR,FA,4.762,calculated,4.76,4.76,4.76,"{""2pt_tds"":0,""fumbles"":0,""points"":4.76,""points_half"":4.76,""points_ppr"":4.76,""rec_rec"":0,""rec_tds"":0.05,""rec_yds"":44.59,""rec_yds_100"":0,""rec_yds_200"":0,""ret_tds"":0,""rush_att"":0,""rush_tds"":0,""rush_yds"":0.03,""rush_yds_100"":0,""rush_yds_200"":0,""scrimage_yards_100"":0,""scrimage_yards_200"":0}"
19729,14865,Freddie Swain,WR,WR,FA,4.72,calculated,4.72,5.99,7.26,"{""2pt_tds"":0,""fumbles"":0,""points"":4.72,""points_half"":5.99,""points_ppr"":7.26,""rec_rec"":2.54,""rec_tds"":0.21,""rec_yds"":33.64,""rec_yds_100"":0,""rec_yds_200"":0,""ret_tds"":0,""rush_att"":0,""rush_tds"":0,""rush_yds"":0.96,""rush_yds_100"":0,""rush_yds_200"":0,""scrimage_yards_100"":0,""scrimage_yards_200"":0}"
24178,15782,Danny Gray,WR,WR,PHI,4.659,calculated,4.66,5.43,6.19,"{""2pt_tds"":0,""fumbles"":0.05,""points"":4.66,""points_half"":5.43,""points_ppr"":6.19,""rec_rec"":1.54,""rec_tds"":0.06,""rec_yds"":42.65,""rec_yds_100"":0,""rec_yds_200"":0,""ret_tds"":0,""rush_att"":0.3,""rush_tds"":0,""rush_yds"":1.34,""rush_yds_100"":0,""rush_yds_200"":0,""scrimage_yards_100"":0,""scrimage_yards_200"":0}"
24234,15772,Britain Covey,WR,WR,PHI,4.455,calculated,4.46,6.46,8.46,"{""2pt_tds"":0,""fumbles"":0,""points"":4.46,""points_half"":6.46,""points_ppr"":8.46,""rec_rec"":4,""rec_tds"":0,""rec_yds"":43.55,""rec_yds_100"":0,""rec_yds_200"":0,""ret_tds"":0,""rush_att"":0.3,""rush_tds"":0,""rush_yds"":1,""rush_yds_100"":0,""rush_yds_200"":0,""scrimage_yards_100"":0,""scrimage_yards_200"":0}"
15914,12675,Mike Thomas,WR,WR,FA,4.384,calculated,4.38,5.82,7.26,"{""2pt_tds"":0,""fumbles"":0,""points"":4.38,""points_half"":5.82,""points_ppr"":7.26,""rec_rec"":2.88,""rec_tds"":0.17,""rec_yds"":33.64,""rec_yds_100"":0,""rec_yds_200"":0,""ret_tds"":0,""rush_att"":0,""rush_tds"":0,""rush_yds"":0,""rush_yds_100"":0,""rush_yds_200"":0,""scrimage_yards_100"":0,""scrimage_yards_200"":0}"
20125,15296,Anthony Schwartz,WR,WR,FA,4.33,calculated,4.33,4.33,4.33,"{""2pt_tds"":0,""fumbles"":0.1,""points"":4.33,""points_half"":4.33,""points_ppr"":4.33,""rec_rec"":0,""rec_tds"":0,""rec_yds"":27.5,""rec_yds_100"":0,""rec_yds_200"":0,""ret_tds"":0,""rush_att"":1.2,""rush_tds"":0.1,""rush_yds"":11.8,""rush_yds_100"":0,""rush_yds_200"":0,""scrimage_yards_100"":0,""scrimage_yards_200"":0}"
23296,15467,Jalen Camp,WR,WR,FA,4.196,calculated,4.2,4.66,5.12,"{""2pt_tds"":0,""fumbles"":0,""points"":4.2,""points_half"":4.66,""points_ppr"":5.12,""rec_rec"":0.92,""rec_tds"":0.12,""rec_yds"":26.26,""rec_yds_100"":0,""rec_yds_200"":0,""ret_tds"":0,""rush_att"":0,""rush_tds"":0.03,""rush_yds"":6.7,""rush_yds_100"":0,""rush_yds_200"":0,""scrimage_yards_100"":0,""scrimage_yards_200"":0}"
23778,16250,Joseph Ngata,WR,WR,FA,4.062,calculated,4.03,4.98,5.92,"{""2pt_tds"":0,""fumbles"":0,""points"":4.03,""points_half"":4.98,""points_ppr"":5.92,""rec_rec"":1.89,""rec_tds"":0.07,""rec_yds"":35.14,""rec_yds_100"":0,""rec_yds_200"":0,""ret_tds"":0,""rush_att"":0.2,""rush_tds"":0,""rush_yds"":1.28,""rush_yds_100"":0,""rush_yds_200"":0,""scrimage_yards_100"":0,""scrimage_yards_200"":0}"
20118,15286,Seth Williams,WR,WR,LV,4.058,calculated,4.06,5.14,6.22,"{""2pt_tds"":0,""fumbles"":0,""points"":4.06,""points_half"":5.14,""points_ppr"":6.22,""rec_rec"":2.16,""rec_tds"":0.19,""rec_yds"":27.83,""rec_yds_100"":0,""rec_yds_200"":0,""ret_tds"":0,""rush_att"":0,""rush_tds"":0,""rush_yds"":1.35,""rush_yds_100"":0,""rush_yds_200"":0,""scrimage_yards_100"":0,""scrimage_yards_200"":0}"
17130,13864,Greg Ward,WR,WR,FA,3.931,calculated,3.93,5.17,6.41,"{""2pt_tds"":0,""fumbles"":0,""points"":3.93,""points_half"":5.17,""points_ppr"":6.41,""rec_rec"":2.48,""rec_tds"":0.15,""rec_yds"":30.15,""rec_yds_100"":0,""rec_yds_200"":0,""ret_tds"":0,""rush_att"":0,""rush_tds"":0,""rush_yds"":0.16,""rush_yds_100"":0,""rush_yds_200"":0,""scrimage_yards_100"":0,""scrimage_yards_200"":0}"
25604,16453,Elijah Cooks,WR,WR,CAR,3.8,calculated,3.8,5.3,6.8,"{""2pt_tds"":0,""fumbles"":0,""points"":3.8,""points_half"":5.3,""points_ppr"":6.8,""rec_rec"":3,""rec_tds"":0,""rec_yds"":38,""rec_yds_100"":0,""rec_yds_200"":0,""ret_tds"":0,""rush_att"":0,""rush_tds"":0,""rush_yds"":0,""rush_yds_100"":0,""rush_yds_200"":0,""scrimage_yards_100"":0,""scrimage_yards_200"":0}"
18168,13669,Malik Turner,WR,WR,SF,3.66,calculated,3.66,3.66,3.66,"{""2pt_tds"":0,""fumbles"":0,""points"":3.66,""points_half"":3.66,""points_ppr"":3.66,""rec_rec"":0,""rec_tds"":0,""rec_yds"":36.6,""rec_yds_100"":0,""rec_yds_200"":0,""ret_tds"":0,""rush_att"":0,""rush_tds"":0,""rush_yds"":0,""rush_yds_100"":0,""rush_yds_200"":0,""scrimage_yards_100"":0,""scrimage_yards_200"":0}"
19891,15528,Kristian Wilkerson,WR,WR,FA,3.593,calculated,3.59,4.65,5.7,"{""2pt_tds"":0,""fumbles"":0,""points"":3.59,""points_half"":4.65,""points_ppr"":5.7,""rec_rec"":2.11,""rec_tds"":0.18,""rec_yds"":24.4,""rec_yds_100"":0,""rec_yds_200"":0,""ret_tds"":0,""rush_att"":0,""rush_tds"":0,""rush_yds"":0.73,""rush_yds_100"":0,""rush_yds_200"":0,""scrimage_yards_100"":0,""scrimage_yards_200"":0}"
23366,15504,Blake Proehl,WR,WR,FA,3.58,calculated,3.58,3.58,3.58,"{""2pt_tds"":0,""fumbles"":0,""points"":3.58,""points_half"":3.58,""points_ppr"":3.58,""rec_rec"":0,""rec_tds"":0,""rec_yds"":34.9,""rec_yds_100"":0,""rec_yds_200"":0,""ret_tds"":0,""rush_att"":0.1,""rush_tds"":0,""rush_yds"":0.9,""rush_yds_100"":0,""rush_yds_200"":0,""scrimage_yards_100"":0,""scrimage_yards_200"":0}"
24839,16015,Kendric Pryor,WR,WR,CIN,3.58,calculated,3.58,3.58,3.58,"{""2pt_tds"":0,""fumbles"":0,""points"":3.58,""points_half"":3.58,""points_ppr"":3.58,""rec_rec"":0,""rec_tds"":0,""rec_yds"":34.9,""rec_yds_100"":0,""rec_yds_200"":0,""ret_tds"":0,""rush_att"":0.1,""rush_tds"":0,""rush_yds"":0.9,""rush_yds_100"":0,""rush_yds_200"":0,""scrimage_yards_100"":0,""scrimage_yards_200"":0}"
13975,12197,Breshad Perriman,WR,WR,FA,3.56,calculated,3.56,3.56,3.56,"{""2pt_tds"":0,""fumbles"":0,""points"":3.56,""points_half"":3.56,""points_ppr"":3.56,""rec_rec"":0,""rec_tds"":0,""rec_yds"":35.3,""rec_yds_100"":0,""rec_yds_200"":0,""ret_tds"":0,""rush_att"":0.1,""rush_tds"":0,""rush_yds"":0.3,""rush_yds_100"":0,""rush_yds_200"":0,""scrimage_yards_100"":0,""scrimage_yards_200"":0}"
24857,15983,Dennis Houston,WR,WR,TB,3.52,calculated,3.52,3.52,3.52,"{""2pt_tds"":0,""fumbles"":0,""points"":3.52,""points_half"":3.52,""points_ppr"":3.52,""rec_rec"":0,""rec_tds"":0,""rec_yds"":33.7,""rec_yds_100"":0,""rec_yds_200"":0,""ret_tds"":0,""rush_att"":0.2,""rush_tds"":0,""rush_yds"":1.5,""rush_yds_100"":0,""rush_yds_200"":0,""scrimage_yards_100"":0,""scrimage_yards_200"":0}"
16918,13503,Marcus Kemp,WR,WR,FA,3.52,calculated,3.52,3.52,3.52,"{""2pt_tds"":0,""fumbles"":0,""points"":3.52,""points_half"":3.52,""points_ppr"":3.52,""rec_rec"":0,""rec_tds"":0,""rec_yds"":33.7,""rec_yds_100"":0,""rec_yds_200"":0,""ret_tds"":0,""rush_att"":0.2,""rush_tds"":0,""rush_yds"":1.5,""rush_yds_100"":0,""rush_yds_200"":0,""scrimage_yards_100"":0,""scrimage_yards_200"":0}"
19674,15027,Tyrie Cleveland,WR,WR,FA,3.52,calculated,3.52,3.52,3.52,"{""2pt_tds"":0,""fumbles"":0,""points"":3.52,""points_half"":3.52,""points_ppr"":3.52,""rec_rec"":0,""rec_tds"":0,""rec_yds"":33.7,""rec_yds_100"":0,""rec_yds_200"":0,""ret_tds"":0,""rush_att"":0.2,""rush_tds"":0,""rush_yds"":1.5,""rush_yds_100"":0,""rush_yds_200"":0,""scrimage_yards_100"":0,""scrimage_yards_200"":0}"
12904,11951,Willie Snead IV,WR,WR,FA,3.31,calculated,3.31,4.31,5.31,"{""2pt_tds"":0,""fumbles"":0,""points"":3.31,""points_half"":4.31,""points_ppr"":5.31,""rec_rec"":2,""rec_tds"":0,""rec_yds"":33.05,""rec_yds_100"":0,""rec_yds_200"":0,""ret_tds"":0,""rush_att"":0.1,""rush_tds"":0,""rush_yds"":0.05,""rush_yds_100"":0,""rush_yds_200"":0,""scrimage_yards_100"":0,""scrimage_yards_200"":0}"
18540,14317,Keelan Doss,WR,WR,FA,3.3,calculated,3.3,6.3,9.3,"{""2pt_tds"":0,""fumbles"":0,""points"":3.3,""points_half"":6.3,""points_ppr"":9.3,""rec_rec"":6,""rec_tds"":0,""rec_yds"":33,""rec_yds_100"":0,""rec_yds_200"":0,""ret_tds"":0,""rush_att"":0,""rush_tds"":0,""rush_yds"":0,""rush_yds_100"":0,""rush_yds_200"":0,""scrimage_yards_100"":0,""scrimage_yards_200"":0}"
18962,14613,Steven Sims Jr.,WR,WR,FA,3.25,calculated,3.25,4.75,6.25,"{""2pt_tds"":0,""fumbles"":0.05,""points"":3.25,""points_half"":4.75,""points_ppr"":6.25,""rec_rec"":3,""rec_tds"":0,""rec_yds"":29.4,""rec_yds_100"":0,""rec_yds_200"":0,""ret_tds"":0,""rush_att"":0.9,""rush_tds"":0,""rush_yds"":4.1,""rush_yds_100"":0,""rush_yds_200"":0,""scrimage_yards_100"":0,""scrimage_yards_200"":0}"
16505,13316,Trent Taylor,WR,WR,FA,2.934,calculated,2.91,3.55,4.18,"{""2pt_tds"":0,""fumbles"":0.5,""points"":2.91,""points_half"":3.55,""points_ppr"":4.18,""rec_rec"":1.27,""rec_tds"":0.06,""rec_yds"":33.58,""rec_yds_100"":0,""rec_yds_200"":0,""ret_tds"":0,""rush_att"":0.65,""rush_tds"":0,""rush_yds"":2.16,""rush_yds_100"":0,""rush_yds_200"":0,""scrimage_yards_100"":0,""scrimage_yards_200"":0}"
20112,15407,Dez Fitzpatrick,WR,WR,FA,2.924,calculated,2.89,3.15,3.41,"{""2pt_tds"":0,""fumbles"":0,""points"":2.89,""points_half"":3.15,""points_ppr"":3.41,""rec_rec"":0.52,""rec_tds"":0.02,""rec_yds"":27.55,""rec_yds_100"":0,""rec_yds_200"":0,""ret_tds"":0,""rush_att"":0.1,""rush_tds"":0,""rush_yds"":0.49,""rush_yds_100"":0,""rush_yds_200"":0,""scrimage_yards_100"":0,""scrimage_yards_200"":0}"
19672,14859,Trishton Jackson,WR,WR,FA,2.9,calculated,0.9,1.9,2.9,"{""2pt_tds"":1,""fumbles"":0,""points"":0.9,""points_half"":1.9,""points_ppr"":2.9,""rec_rec"":2,""rec_tds"":0,""rec_yds"":9,""rec_yds_100"":0,""rec_yds_200"":0,""ret_tds"":0,""rush_att"":0,""rush_tds"":0,""rush_yds"":0,""rush_yds_100"":0,""rush_yds_200"":0,""scrimage_yards_100"":0,""scrimage_yards_200"":0}"
9446,9200,Matthew Slater,WR,WR,FA,2.89,calculated,2.89,3.78,4.67,"{""2pt_tds"":0,""fumbles"":0,""points"":2.89,""points_half"":3.78,""points_ppr"":4.67,""rec_rec"":1.78,""rec_tds"":0.1,""rec_yds"":22.77,""rec_yds_100"":0,""rec_yds_200"":0,""ret_tds"":0,""rush_att"":0,""rush_tds"":0,""rush_yds"":0.13,""rush_yds_100"":0,""rush_yds_200"":0,""scrimage_yards_100"":0,""scrimage_yards_200"":0}"
19534,15328,Tarik Black,WR,WR,DET,2.85,calculated,2.85,3.62,4.39,"{""2pt_tds"":0,""fumbles"":0,""points"":2.85,""points_half"":3.62,""points_ppr"":4.39,""rec_rec"":1.54,""rec_tds"":0.14,""rec_yds"":19.77,""rec_yds_100"":0,""rec_yds_200"":0,""ret_tds"":0,""rush_att"":0,""rush_tds"":0,""rush_yds"":0.33,""rush_yds_100"":0,""rush_yds_200"":0,""scrimage_yards_100"":0,""scrimage_yards_200"":0}"
20124,,Reggie Roberson Jr.,WR,WR,FA,2.531,calculated,2.53,3.17,3.8,"{""2pt_tds"":0,""fumbles"":0,""points"":2.53,""points_half"":3.17,""points_ppr"":3.8,""rec_rec"":1.27,""rec_tds"":0.09,""rec_yds"":18.47,""rec_yds_100"":0,""rec_yds_200"":0,""ret_tds"":0,""rush_att"":0,""rush_tds"":0,""rush_yds"":1.44,""rush_yds_100"":0,""rush_yds_200"":0,""scrimage_yards_100"":0,""scrimage_yards_200"":0}"
18566,14110,David Sills V,WR,WR,TB,2.464,calculated,2.46,2.51,2.55,"{""2pt_tds"":0,""fumbles"":0,""points"":2.46,""points_half"":2.51,""points_ppr"":2.55,""rec_rec"":0.09,""rec_tds"":0,""rec_yds"":23.61,""rec_yds_100"":0,""rec_yds_200"":0,""ret_tds"":0,""rush_att"":0.3,""rush_tds"":0,""rush_yds"":1.03,""rush_yds_100"":0,""rush_yds_200"":0,""scrimage_yards_100"":0,""scrimage_yards_200"":0}"
25218,16141,Josh Ali,WR,WR,FA,2.447,calculated,2.45,3.26,4.07,"{""2pt_tds"":0,""fumbles"":0,""points"":2.45,""points_half"":3.26,""points_ppr"":4.07,""rec_rec"":1.63,""rec_tds"":0.1,""rec_yds"":18.32,""rec_yds_100"":0,""rec_yds_200"":0,""ret_tds"":0,""rush_att"":0,""rush_tds"":0,""rush_yds"":0.15,""rush_yds_100"":0,""rush_yds_200"":0,""scrimage_yards_100"":0,""scrimage_yards_200"":0}"
22882,15304,Frank Darby,WR,WR,FA,2.212,calculated,2.18,2.88,3.58,"{""2pt_tds"":0,""fumbles"":0,""points"":2.18,""points_half"":2.88,""points_ppr"":3.58,""rec_rec"":1.4,""rec_tds"":0.09,""rec_yds"":16.69,""rec_yds_100"":0,""rec_yds_200"":0,""ret_tds"":0,""rush_att"":0,""rush_tds"":0,""rush_yds"":0.03,""rush_yds_100"":0,""rush_yds_200"":0,""scrimage_yards_100"":0,""scrimage_yards_200"":0}"
23423,15995,DJ Turner,WR,WR,FA,2.074,calculated,2.07,2.17,2.26,"{""2pt_tds"":0,""fumbles"":0,""points"":2.07,""points_half"":2.17,""points_ppr"":2.26,""rec_rec"":0.19,""rec_tds"":0.01,""rec_yds"":19.6,""rec_yds_100"":0,""rec_yds_200"":0,""ret_tds"":0,""rush_att"":0.1,""rush_tds"":0,""rush_yds"":0.54,""rush_yds_100"":0,""rush_yds_200"":0,""scrimage_yards_100"":0,""scrimage_yards_200"":0}"
25559,,Terrell Bynum,WR,WR,FA,1.858,calculated,1.86,2.54,3.22,"{""2pt_tds"":0,""fumbles"":0,""points"":1.86,""points_half"":2.54,""points_ppr"":3.22,""rec_rec"":1.36,""rec_tds"":0.07,""rec_yds"":13.76,""rec_yds_100"":0,""rec_yds_200"":0,""ret_tds"":0,""rush_att"":0,""rush_tds"":0,""rush_yds"":0.62,""rush_yds_100"":0,""rush_yds_200"":0,""scrimage_yards_100"":0,""scrimage_yards_200"":0}"
15495,12645,Laquon Treadwell,WR,WR,IND,1.814,calculated,1.81,2.3,2.78,"{""2pt_tds"":0,""fumbles"":0,""points"":1.81,""points_half"":2.3,""points_ppr"":2.78,""rec_rec"":0.97,""rec_tds"":0.08,""rec_yds"":13.28,""rec_yds_100"":0,""rec_yds_200"":0,""ret_tds"":0,""rush_att"":0,""rush_tds"":0,""rush_yds"":0.06,""rush_yds_100"":0,""rush_yds_200"":0,""scrimage_yards_100"":0,""scrimage_yards_200"":0}"
22798,15324,Austin Watkins Jr.,WR,WR,FA,1.655,calculated,1.66,2.22,2.78,"{""2pt_tds"":0,""fumbles"":0,""points"":1.66,""points_half"":2.22,""points_ppr"":2.78,""rec_rec"":1.12,""rec_tds"":0.06,""rec_yds"":12.45,""rec_yds_100"":0,""rec_yds_200"":0,""ret_tds"":0,""rush_att"":0,""rush_tds"":0,""rush_yds"":0.5,""rush_yds_100"":0,""rush_yds_200"":0,""scrimage_yards_100"":0,""scrimage_yards_200"":0}"
25912,16429,Dylan Drummond,WR,WR,ATL,1.523,calculated,1.52,1.92,2.32,"{""2pt_tds"":0,""fumbles"":0,""points"":1.52,""points_half"":1.92,""points_ppr"":2.32,""rec_rec"":0.8,""rec_tds"":0.07,""rec_yds"":10.43,""rec_yds_100"":0,""rec_yds_200"":0,""ret_tds"":0,""rush_att"":0,""rush_tds"":0,""rush_yds"":0.6,""rush_yds_100"":0,""rush_yds_200"":0,""scrimage_yards_100"":0,""scrimage_yards_200"":0}"
23270,15313,Racey McMath,WR,WR,FA,1.355,calculated,1.36,1.72,2.09,"{""2pt_tds"":0,""fumbles"":0,""points"":1.36,""points_half"":1.72,""points_ppr"":2.09,""rec_rec"":0.73,""rec_tds"":0.05,""rec_yds"":9.37,""rec_yds_100"":0,""rec_yds_200"":0,""ret_tds"":0,""rush_att"":0,""rush_tds"":0,""rush_yds"":1.18,""rush_yds_100"":0,""rush_yds_200"":0,""scrimage_yards_100"":0,""scrimage_yards_200"":0}"
18856,14533,Malik Taylor,WR,WR,FA,1.3,calculated,1.3,2.3,3.3,"{""2pt_tds"":0,""fumbles"":0,""points"":1.3,""points_half"":2.3,""points_ppr"":3.3,""rec_rec"":2,""rec_tds"":0,""rec_yds"":13,""rec_yds_100"":0,""rec_yds_200"":0,""ret_tds"":0,""rush_att"":0,""rush_tds"":0,""rush_yds"":0,""rush_yds_100"":0,""rush_yds_200"":0,""scrimage_yards_100"":0,""scrimage_yards_200"":0}"
24029,15771,Tay Martin,WR,WR,DET,1.237,calculated,1.24,1.65,2.07,"{""2pt_tds"":0,""fumbles"":0,""points"":1.24,""points_half"":1.65,""points_ppr"":2.07,""rec_rec"":0.83,""rec_tds"":0.06,""rec_yds"":8.35,""rec_yds_100"":0,""rec_yds_200"":0,""ret_tds"":0,""rush_att"":0,""rush_tds"":0,""rush_yds"":0.42,""rush_yds_100"":0,""rush_yds_200"":0,""scrimage_yards_100"":0,""scrimage_yards_200"":0}"
18289,14853,Collin Johnson,WR,WR,FA,1.1,calculated,1.1,1.6,2.1,"{""2pt_tds"":0,""fumbles"":0,""points"":1.1,""points_half"":1.6,""points_ppr"":2.1,""rec_rec"":1,""rec_tds"":0,""rec_yds"":11,""rec_yds_100"":0,""rec_yds_200"":0,""ret_tds"":0,""rush_att"":0,""rush_tds"":0,""rush_yds"":0,""rush_yds_100"":0,""rush_yds_200"":0,""scrimage_yards_100"":0,""scrimage_yards_200"":0}"
25857,16958,Ryan Miller,WR,WR,NYG,1.076,calculated,1.08,1.42,1.76,"{""2pt_tds"":0,""fumbles"":0,""points"":1.08,""points_half"":1.42,""points_ppr"":1.76,""rec_rec"":0.68,""rec_tds"":0.04,""rec_yds"":7.85,""rec_yds_100"":0,""rec_yds_200"":0,""ret_tds"":0,""rush_att"":0,""rush_tds"":0,""rush_yds"":0.51,""rush_yds_100"":0,""rush_yds_200"":0,""scrimage_yards_100"":0,""scrimage_yards_200"":0}"
23260,16120,Austin Trammell,WR,WR,JAC,0.9,calculated,0.9,2.9,4.9,"{""2pt_tds"":0,""fumbles"":1,""points"":0.9,""points_half"":2.9,""points_ppr"":4.9,""rec_rec"":4,""rec_tds"":0,""rec_yds"":29,""rec_yds_100"":0,""rec_yds_200"":0,""ret_tds"":0,""rush_att"":0,""rush_tds"":0,""rush_yds"":0,""rush_yds_100"":0,""rush_yds_200"":0,""scrimage_yards_100"":0,""scrimage_yards_200"":0}"
19359,14848,James Proche II,WR,WR,FA,0.865,calculated,0.87,0.87,0.87,"{""2pt_tds"":0,""fumbles"":0.5,""points"":0.87,""points_half"":0.87,""points_ppr"":0.87,""rec_rec"":0,""rec_tds"":0,""rec_yds"":18.65,""rec_yds_100"":0,""rec_yds_200"":0,""ret_tds"":0,""rush_att"":0,""rush_tds"":0,""rush_yds"":0,""rush_yds_100"":0,""rush_yds_200"":0,""scrimage_yards_100"":0,""scrimage_yards_200"":0}"
19486,15529,Easop Winston Jr.,WR,WR,FA,0.754,calculated,0.75,0.95,1.15,"{""2pt_tds"":0,""fumbles"":0,""points"":0.75,""points_half"":0.95,""points_ppr"":1.15,""rec_rec"":0.4,""rec_tds"":0.03,""rec_yds"":5.48,""rec_yds_100"":0,""rec_yds_200"":0,""ret_tds"":0,""rush_att"":0,""rush_tds"":0,""rush_yds"":0.26,""rush_yds_100"":0,""rush_yds_200"":0,""scrimage_yards_100"":0,""scrimage_yards_200"":0}"
24877,,Ethan Fernea,WR,WR,FA,0.623,calculated,0.62,0.77,0.92,"{""2pt_tds"":0,""fumbles"":0,""points"":0.62,""points_half"":0.77,""points_ppr"":0.92,""rec_rec"":0.3,""rec_tds"":0.03,""rec_yds"":4.08,""rec_yds_100"":0,""rec_yds_200"":0,""ret_tds"":0,""rush_att"":0,""rush_tds"":0,""rush_yds"":0.35,""rush_yds_100"":0,""rush_yds_200"":0,""scrimage_yards_100"":0,""scrimage_yards_200"":0}"
19704,15535,Mason Kinsey,WR,WR,TEN,0.6,calculated,0.6,1.1,1.6,"{""2pt_tds"":0,""fumbles"":0,""points"":0.6,""points_half"":1.1,""points_ppr"":1.6,""rec_rec"":1,""rec_tds"":0,""rec_yds"":6,""rec_yds_100"":0,""rec_yds_200"":0,""ret_tds"":0,""rush_att"":0,""rush_tds"":0,""rush_yds"":0,""rush_yds_100"":0,""rush_yds_200"":0,""scrimage_yards_100"":0,""scrimage_yards_200"":0}"
25952,17342,Lucky Jackson,WR,WR,DET,0.382,calculated,0.38,0.54,0.69,"{""2pt_tds"":0,""fumbles"":0,""points"":0.38,""points_half"":0.54,""points_ppr"":0.69,""rec_rec"":0.31,""rec_tds"":0,""rec_yds"":3.44,""rec_yds_100"":0,""rec_yds_200"":0,""ret_tds"":0,""rush_att"":0,""rush_tds"":0,""rush_yds"":0.38,""rush_yds_100"":0,""rush_yds_200"":0,""scrimage_yards_100"":0,""scrimage_yards_200"":0}"
24370,16403,Mitch Tinsley,WR,WR,CIN,0.339,calculated,0.34,0.43,0.53,"{""2pt_tds"":0,""fumbles"":0,""points"":0.34,""points_half"":0.43,""points_ppr"":0.53,""rec_rec"":0.19,""rec_tds"":0,""rec_yds"":3.12,""rec_yds_100"":0,""rec_yds_200"":0,""ret_tds"":0,""rush_att"":0,""rush_tds"":0,""rush_yds"":0.27,""rush_yds_100"":0,""rush_yds_200"":0,""scrimage_yards_100"":0,""scrimage_yards_200"":0}"
25467,16354,Colton Dowell,WR,WR,FA,0.3,calculated,0.3,0.8,1.3,"{""2pt_tds"":0,""fumbles"":0,""points"":0.3,""points_half"":0.8,""points_ppr"":1.3,""rec_rec"":1,""rec_tds"":0,""rec_yds"":3,""rec_yds_100"":0,""rec_yds_200"":0,""ret_tds"":0,""rush_att"":0,""rush_tds"":0,""rush_yds"":0,""rush_yds_100"":0,""rush_yds_200"":0,""scrimage_yards_100"":0,""scrimage_yards_200"":0}"
20056,15057,Dan Chisena,WR,WR,CAR,0.29,calculated,0.29,0.33,0.38,"{""2pt_tds"":0,""fumbles"":0,""points"":0.29,""points_half"":0.33,""points_ppr"":0.38,""rec_rec"":0.09,""rec_tds"":0,""rec_yds"":2.75,""rec_yds_100"":0,""rec_yds_200"":0,""ret_tds"":0,""rush_att"":0,""rush_tds"":0,""rush_yds"":0.15,""rush_yds_100"":0,""rush_yds_200"":0,""scrimage_yards_100"":0,""scrimage_yards_200"":0}"
18624,14131,Stanley Morgan Jr.,WR,WR,FA,0.253,calculated,0.25,0.32,0.38,"{""2pt_tds"":0,""fumbles"":0,""points"":0.25,""points_half"":0.32,""points_ppr"":0.38,""rec_rec"":0.13,""rec_tds"":0,""rec_yds"":2.42,""rec_yds_100"":0,""rec_yds_200"":0,""ret_tds"":0,""rush_att"":0,""rush_tds"":0,""rush_yds"":0.11,""rush_yds_100"":0,""rush_yds_200"":0,""scrimage_yards_100"":0,""scrimage_yards_200"":0}"
24837,16507,Kwamie Lassiter II,WR,WR,FA,0.2,calculated,0.2,0.7,1.2,"{""2pt_tds"":0,""fumbles"":0,""points"":0.2,""points_half"":0.7,""points_ppr"":1.2,""rec_rec"":1,""rec_tds"":0,""rec_yds"":2,""rec_yds_100"":0,""rec_yds_200"":0,""ret_tds"":0,""rush_att"":0,""rush_tds"":0,""rush_yds"":0,""rush_yds_100"":0,""rush_yds_200"":0,""scrimage_yards_100"":0,""scrimage_yards_200"":0}"
