season,source,scoring,teams,budget_per_team,overall_rank,position,position_rank,player_name,nfl_team,salary_cap_value,bye_week,internal_player_id,fantasypros_id,identity_status,match_method,match_confidence,source_pdf,source_sha256
2020,espn,non_ppr,10,200,1,RB,1,Christian McCaffrey,CAR,63,13,nfl:gsis:00-0033280,16393,stable,exact_name_position,0.95,data/raw/espn_cheat_sheets/espn_salary_cap_values_2020_non_ppr.pdf,37b8d5e4c29dec132e0e97e3b9a8fdbf9f7a123421d62d50aa280c1439090bc9
2020,espn,non_ppr,10,200,2,RB,2,Saquon Barkley,NYG,60,11,nfl:gsis:00-0034844,17240,stable,exact_name_position,0.95,data/raw/espn_cheat_sheets/espn_salary_cap_values_2020_non_ppr.pdf,37b8d5e4c29dec132e0e97e3b9a8fdbf9f7a123421d62d50aa280c1439090bc9
2020,espn,non_ppr,10,200,3,RB,3,Ezekiel Elliott,DAL,60,10,nfl:gsis:00-0033045,15498,stable,exact_name_position,0.95,data/raw/espn_cheat_sheets/espn_salary_cap_values_2020_non_ppr.pdf,37b8d5e4c29dec132e0e97e3b9a8fdbf9f7a123421d62d50aa280c1439090bc9
2020,espn,non_ppr,10,200,4,RB,4,Dalvin Cook,MIN,59,7,nfl:gsis:00-0033893,16374,stable,exact_name_position,0.95,data/raw/espn_cheat_sheets/espn_salary_cap_values_2020_non_ppr.pdf,37b8d5e4c29dec132e0e97e3b9a8fdbf9f7a123421d62d50aa280c1439090bc9
2020,espn,non_ppr,10,200,5,RB,5,Alvin Kamara,NO,56,6,nfl:gsis:00-0033906,16421,stable,exact_name_position,0.95,data/raw/espn_cheat_sheets/espn_salary_cap_values_2020_non_ppr.pdf,37b8d5e4c29dec132e0e97e3b9a8fdbf9f7a123421d62d50aa280c1439090bc9
2020,espn,non_ppr,10,200,6,WR,1,Michael Thomas,NO,51,6,nfl:gsis:00-0032765,15528,stable,exact_name_position,0.95,data/raw/espn_cheat_sheets/espn_salary_cap_values_2020_non_ppr.pdf,37b8d5e4c29dec132e0e97e3b9a8fdbf9f7a123421d62d50aa280c1439090bc9
2020,espn,non_ppr,10,200,7,RB,6,Derrick Henry,TEN,50,7,nfl:gsis:00-0032764,15514,stable,exact_name_position,0.95,data/raw/espn_cheat_sheets/espn_salary_cap_values_2020_non_ppr.pdf,37b8d5e4c29dec132e0e97e3b9a8fdbf9f7a123421d62d50aa280c1439090bc9
2020,espn,non_ppr,10,200,8,RB,7,Clyde Edwards-Helaire,KC,49,10,nfl:gsis:00-0036360,19325,stable,exact_name_position,0.95,data/raw/espn_cheat_sheets/espn_salary_cap_values_2020_non_ppr.pdf,37b8d5e4c29dec132e0e97e3b9a8fdbf9f7a123421d62d50aa280c1439090bc9
2020,espn,non_ppr,10,200,9,RB,8,Miles Sanders,PHI,48,9,nfl:gsis:00-0035243,18283,stable,exact_name_position,0.95,data/raw/espn_cheat_sheets/espn_salary_cap_values_2020_non_ppr.pdf,37b8d5e4c29dec132e0e97e3b9a8fdbf9f7a123421d62d50aa280c1439090bc9
2020,espn,non_ppr,10,200,10,RB,9,Josh Jacobs,LV,46,6,nfl:gsis:00-0035700,18269,stable,exact_name_position,0.95,data/raw/espn_cheat_sheets/espn_salary_cap_values_2020_non_ppr.pdf,37b8d5e4c29dec132e0e97e3b9a8fdbf9f7a123421d62d50aa280c1439090bc9
2020,espn,non_ppr,10,200,11,RB,10,Nick Chubb,CLE,45,9,nfl:gsis:00-0034791,17246,stable,exact_name_position,0.95,data/raw/espn_cheat_sheets/espn_salary_cap_values_2020_non_ppr.pdf,37b8d5e4c29dec132e0e97e3b9a8fdbf9f7a123421d62d50aa280c1439090bc9
2020,espn,non_ppr,10,200,12,RB,11,Joe Mixon,CIN,45,9,nfl:gsis:00-0033897,16420,stable,exact_name_position,0.95,data/raw/espn_cheat_sheets/espn_salary_cap_values_2020_non_ppr.pdf,37b8d5e4c29dec132e0e97e3b9a8fdbf9f7a123421d62d50aa280c1439090bc9
2020,espn,non_ppr,10,200,13,RB,12,Kenyan Drake,ARI,44,8,nfl:gsis:00-0033118,15637,stable,exact_name_position,0.95,data/raw/espn_cheat_sheets/espn_salary_cap_values_2020_non_ppr.pdf,37b8d5e4c29dec132e0e97e3b9a8fdbf9f7a123421d62d50aa280c1439090bc9
2020,espn,non_ppr,10,200,14,RB,13,Aaron Jones,GB,43,5,nfl:gsis:00-0033293,16673,stable,exact_name_position,0.95,data/raw/espn_cheat_sheets/espn_salary_cap_values_2020_non_ppr.pdf,37b8d5e4c29dec132e0e97e3b9a8fdbf9f7a123421d62d50aa280c1439090bc9
2020,espn,non_ppr,10,200,15,RB,14,Austin Ekeler,LAC,43,10,nfl:gsis:00-0033699,16483,stable,exact_name_position,0.95,data/raw/espn_cheat_sheets/espn_salary_cap_values_2020_non_ppr.pdf,37b8d5e4c29dec132e0e97e3b9a8fdbf9f7a123421d62d50aa280c1439090bc9
2020,espn,non_ppr,10,200,16,WR,2,Davante Adams,GB,40,5,nfl:gsis:00-0031381,12123,stable,exact_name_position,0.95,data/raw/espn_cheat_sheets/espn_salary_cap_values_2020_non_ppr.pdf,37b8d5e4c29dec132e0e97e3b9a8fdbf9f7a123421d62d50aa280c1439090bc9
2020,espn,non_ppr,10,200,17,WR,3,Tyreek Hill,KC,37,10,nfl:gsis:00-0033040,15802,stable,exact_name_position,0.95,data/raw/espn_cheat_sheets/espn_salary_cap_values_2020_non_ppr.pdf,37b8d5e4c29dec132e0e97e3b9a8fdbf9f7a123421d62d50aa280c1439090bc9
2020,espn,non_ppr,10,200,18,WR,4,Julio Jones,ATL,36,10,nfl:gsis:00-0027944,9867,stable,exact_name_position,0.95,data/raw/espn_cheat_sheets/espn_salary_cap_values_2020_non_ppr.pdf,37b8d5e4c29dec132e0e97e3b9a8fdbf9f7a123421d62d50aa280c1439090bc9
2020,espn,non_ppr,10,200,19,WR,5,DeAndre Hopkins,ARI,36,8,nfl:gsis:00-0030564,11606,stable,exact_name_position,0.95,data/raw/espn_cheat_sheets/espn_salary_cap_values_2020_non_ppr.pdf,37b8d5e4c29dec132e0e97e3b9a8fdbf9f7a123421d62d50aa280c1439090bc9
2020,espn,non_ppr,10,200,20,TE,1,Travis Kelce,KC,35,10,nfl:gsis:00-0030506,11594,stable,exact_name_position,0.95,data/raw/espn_cheat_sheets/espn_salary_cap_values_2020_non_ppr.pdf,37b8d5e4c29dec132e0e97e3b9a8fdbf9f7a123421d62d50aa280c1439090bc9
2020,espn,non_ppr,10,200,21,WR,6,Chris Godwin,TB,35,13,nfl:gsis:00-0033921,16406,stable,exact_name_position,0.95,data/raw/espn_cheat_sheets/espn_salary_cap_values_2020_non_ppr.pdf,37b8d5e4c29dec132e0e97e3b9a8fdbf9f7a123421d62d50aa280c1439090bc9
2020,espn,non_ppr,10,200,22,WR,7,Mike Evans,TB,33,13,nfl:gsis:00-0031408,12119,stable,exact_name_position,0.95,data/raw/espn_cheat_sheets/espn_salary_cap_values_2020_non_ppr.pdf,37b8d5e4c29dec132e0e97e3b9a8fdbf9f7a123421d62d50aa280c1439090bc9
2020,espn,non_ppr,10,200,23,TE,2,George Kittle,SF,32,11,nfl:gsis:00-0033288,16499,stable,exact_name_position,0.95,data/raw/espn_cheat_sheets/espn_salary_cap_values_2020_non_ppr.pdf,37b8d5e4c29dec132e0e97e3b9a8fdbf9f7a123421d62d50aa280c1439090bc9
2020,espn,non_ppr,10,200,24,WR,8,Kenny Golladay,DET,32,5,nfl:gsis:00-0033932,16488,stable,exact_name_position,0.95,data/raw/espn_cheat_sheets/espn_salary_cap_values_2020_non_ppr.pdf,37b8d5e4c29dec132e0e97e3b9a8fdbf9f7a123421d62d50aa280c1439090bc9
2020,espn,non_ppr,10,200,25,WR,9,DJ Moore,CAR,31,13,nfl:gsis:00-0034827,17265,stable,exact_name_position,0.95,data/raw/espn_cheat_sheets/espn_salary_cap_values_2020_non_ppr.pdf,37b8d5e4c29dec132e0e97e3b9a8fdbf9f7a123421d62d50aa280c1439090bc9
2020,espn,non_ppr,10,200,26,WR,10,Adam Thielen,MIN,30,7,nfl:gsis:00-0030035,13429,stable,exact_name_position,0.95,data/raw/espn_cheat_sheets/espn_salary_cap_values_2020_non_ppr.pdf,37b8d5e4c29dec132e0e97e3b9a8fdbf9f7a123421d62d50aa280c1439090bc9
2020,espn,non_ppr,10,200,27,WR,11,Amari Cooper,DAL,30,10,nfl:gsis:00-0031544,13894,stable,exact_name_position,0.95,data/raw/espn_cheat_sheets/espn_salary_cap_values_2020_non_ppr.pdf,37b8d5e4c29dec132e0e97e3b9a8fdbf9f7a123421d62d50aa280c1439090bc9
2020,espn,non_ppr,10,200,28,WR,12,Allen Robinson II,CHI,29,11,nfl:gsis:00-0031428,12126,stable,exact_name_position,0.95,data/raw/espn_cheat_sheets/espn_salary_cap_values_2020_non_ppr.pdf,37b8d5e4c29dec132e0e97e3b9a8fdbf9f7a123421d62d50aa280c1439090bc9
2020,espn,non_ppr,10,200,29,WR,13,Odell Beckham Jr.,CLE,28,9,nfl:gsis:00-0031235,12127,stable,exact_name_position,0.95,data/raw/espn_cheat_sheets/espn_salary_cap_values_2020_non_ppr.pdf,37b8d5e4c29dec132e0e97e3b9a8fdbf9f7a123421d62d50aa280c1439090bc9
2020,espn,non_ppr,10,200,30,WR,14,JuJu Smith-Schuster,PIT,26,8,nfl:gsis:00-0033857,16427,stable,exact_name_position,0.95,data/raw/espn_cheat_sheets/espn_salary_cap_values_2020_non_ppr.pdf,37b8d5e4c29dec132e0e97e3b9a8fdbf9f7a123421d62d50aa280c1439090bc9
2020,espn,non_ppr,10,200,31,WR,15,Courtland Sutton,DEN,26,8,nfl:gsis:00-0034348,17253,stable,exact_name_position,0.95,data/raw/espn_cheat_sheets/espn_salary_cap_values_2020_non_ppr.pdf,37b8d5e4c29dec132e0e97e3b9a8fdbf9f7a123421d62d50aa280c1439090bc9
2020,espn,non_ppr,10,200,32,WR,16,A.J. Brown,TEN,25,7,nfl:gsis:00-0035676,18218,stable,exact_name_position,0.95,data/raw/espn_cheat_sheets/espn_salary_cap_values_2020_non_ppr.pdf,37b8d5e4c29dec132e0e97e3b9a8fdbf9f7a123421d62d50aa280c1439090bc9
2020,espn,non_ppr,10,200,33,WR,17,Calvin Ridley,ATL,24,10,nfl:gsis:00-0034837,17258,stable,exact_name_position,0.95,data/raw/espn_cheat_sheets/espn_salary_cap_values_2020_non_ppr.pdf,37b8d5e4c29dec132e0e97e3b9a8fdbf9f7a123421d62d50aa280c1439090bc9
2020,espn,non_ppr,10,200,34,QB,1,Lamar Jackson,BAL,23,8,nfl:gsis:00-0034796,17233,stable,exact_name_position,0.95,data/raw/espn_cheat_sheets/espn_salary_cap_values_2020_non_ppr.pdf,37b8d5e4c29dec132e0e97e3b9a8fdbf9f7a123421d62d50aa280c1439090bc9
2020,espn,non_ppr,10,200,35,QB,2,Patrick Mahomes,KC,22,10,nfl:gsis:00-0033873,16413,stable,exact_name_position,0.95,data/raw/espn_cheat_sheets/espn_salary_cap_values_2020_non_ppr.pdf,37b8d5e4c29dec132e0e97e3b9a8fdbf9f7a123421d62d50aa280c1439090bc9
2020,espn,non_ppr,10,200,36,WR,18,Tyler Lockett,SEA,22,6,nfl:gsis:00-0032211,13971,stable,exact_name_position,0.95,data/raw/espn_cheat_sheets/espn_salary_cap_values_2020_non_ppr.pdf,37b8d5e4c29dec132e0e97e3b9a8fdbf9f7a123421d62d50aa280c1439090bc9
2020,espn,non_ppr,10,200,37,WR,19,Robert Woods,LAR,22,9,nfl:gsis:00-0030431,11610,stable,exact_name_position,0.95,data/raw/espn_cheat_sheets/espn_salary_cap_values_2020_non_ppr.pdf,37b8d5e4c29dec132e0e97e3b9a8fdbf9f7a123421d62d50aa280c1439090bc9
2020,espn,non_ppr,10,200,38,WR,20,Cooper Kupp,LAR,21,9,nfl:gsis:00-0033908,16433,stable,exact_name_position,0.95,data/raw/espn_cheat_sheets/espn_salary_cap_values_2020_non_ppr.pdf,37b8d5e4c29dec132e0e97e3b9a8fdbf9f7a123421d62d50aa280c1439090bc9
2020,espn,non_ppr,10,200,39,RB,15,Chris Carson,SEA,21,6,nfl:gsis:00-0033594,16754,stable,exact_name_position,0.95,data/raw/espn_cheat_sheets/espn_salary_cap_values_2020_non_ppr.pdf,37b8d5e4c29dec132e0e97e3b9a8fdbf9f7a123421d62d50aa280c1439090bc9
2020,espn,non_ppr,10,200,40,RB,16,David Johnson,HOU,20,8,nfl:gsis:00-0032187,13948,stable,exact_name_position,0.95,data/raw/espn_cheat_sheets/espn_salary_cap_values_2020_non_ppr.pdf,37b8d5e4c29dec132e0e97e3b9a8fdbf9f7a123421d62d50aa280c1439090bc9
2020,espn,non_ppr,10,200,41,TE,3,Mark Andrews,BAL,19,8,nfl:gsis:00-0034753,17269,stable,exact_name_position,0.95,data/raw/espn_cheat_sheets/espn_salary_cap_values_2020_non_ppr.pdf,37b8d5e4c29dec132e0e97e3b9a8fdbf9f7a123421d62d50aa280c1439090bc9
2020,espn,non_ppr,10,200,42,TE,4,Zach Ertz,PHI,19,9,nfl:gsis:00-0030061,11689,stable,exact_name_position,0.95,data/raw/espn_cheat_sheets/espn_salary_cap_values_2020_non_ppr.pdf,37b8d5e4c29dec132e0e97e3b9a8fdbf9f7a123421d62d50aa280c1439090bc9
2020,espn,non_ppr,10,200,43,RB,17,Todd Gurley II,ATL,18,10,nfl:gsis:00-0032241,13912,stable,exact_name_position,0.95,data/raw/espn_cheat_sheets/espn_salary_cap_values_2020_non_ppr.pdf,37b8d5e4c29dec132e0e97e3b9a8fdbf9f7a123421d62d50aa280c1439090bc9
2020,espn,non_ppr,10,200,44,RB,18,James Conner,PIT,17,8,nfl:gsis:00-0033553,16447,stable,exact_name_position,0.95,data/raw/espn_cheat_sheets/espn_salary_cap_values_2020_non_ppr.pdf,37b8d5e4c29dec132e0e97e3b9a8fdbf9f7a123421d62d50aa280c1439090bc9
2020,espn,non_ppr,10,200,45,RB,19,Jonathan Taylor,IND,17,7,nfl:gsis:00-0036223,19217,stable,exact_name_position,0.95,data/raw/espn_cheat_sheets/espn_salary_cap_values_2020_non_ppr.pdf,37b8d5e4c29dec132e0e97e3b9a8fdbf9f7a123421d62d50aa280c1439090bc9
2020,espn,non_ppr,10,200,46,RB,20,Melvin Gordon,DEN,15,8,nfl:gsis:00-0032144,13903,stable,exact_name_position,0.95,data/raw/espn_cheat_sheets/espn_salary_cap_values_2020_non_ppr.pdf,37b8d5e4c29dec132e0e97e3b9a8fdbf9f7a123421d62d50aa280c1439090bc9
2020,espn,non_ppr,10,200,47,RB,21,Cam Akers,LAR,15,9,nfl:gsis:00-0036414,19268,stable,exact_name_position,0.95,data/raw/espn_cheat_sheets/espn_salary_cap_values_2020_non_ppr.pdf,37b8d5e4c29dec132e0e97e3b9a8fdbf9f7a123421d62d50aa280c1439090bc9
2020,espn,non_ppr,10,200,48,RB,22,Le'Veon Bell,NYJ,14,11,nfl:gsis:00-0030496,11645,stable,exact_name_position,0.95,data/raw/espn_cheat_sheets/espn_salary_cap_values_2020_non_ppr.pdf,37b8d5e4c29dec132e0e97e3b9a8fdbf9f7a123421d62d50aa280c1439090bc9
2020,espn,non_ppr,10,200,49,RB,23,Raheem Mostert,SF,13,11,nfl:gsis:00-0031687,14338,stable,exact_name_position,0.95,data/raw/espn_cheat_sheets/espn_salary_cap_values_2020_non_ppr.pdf,37b8d5e4c29dec132e0e97e3b9a8fdbf9f7a123421d62d50aa280c1439090bc9
2020,espn,non_ppr,10,200,50,WR,21,Terry McLaurin,WAS,13,8,nfl:gsis:00-0035659,18466,stable,exact_name_position,0.95,data/raw/espn_cheat_sheets/espn_salary_cap_values_2020_non_ppr.pdf,37b8d5e4c29dec132e0e97e3b9a8fdbf9f7a123421d62d50aa280c1439090bc9
2020,espn,non_ppr,10,200,51,WR,22,T.Y. Hilton,IND,12,7,nfl:gsis:00-0029608,11206,stable,exact_name_position,0.95,data/raw/espn_cheat_sheets/espn_salary_cap_values_2020_non_ppr.pdf,37b8d5e4c29dec132e0e97e3b9a8fdbf9f7a123421d62d50aa280c1439090bc9
2020,espn,non_ppr,10,200,52,WR,23,Keenan Allen,LAC,11,10,nfl:gsis:00-0030279,11616,stable,exact_name_position,0.95,data/raw/espn_cheat_sheets/espn_salary_cap_values_2020_non_ppr.pdf,37b8d5e4c29dec132e0e97e3b9a8fdbf9f7a123421d62d50aa280c1439090bc9
2020,espn,non_ppr,10,200,53,WR,24,DK Metcalf,SEA,11,6,nfl:gsis:00-0035640,18219,stable,exact_name_position,0.95,data/raw/espn_cheat_sheets/espn_salary_cap_values_2020_non_ppr.pdf,37b8d5e4c29dec132e0e97e3b9a8fdbf9f7a123421d62d50aa280c1439090bc9
2020,espn,non_ppr,10,200,54,WR,25,Jarvis Landry,CLE,10,9,nfl:gsis:00-0031382,12128,stable,exact_name_position,0.95,data/raw/espn_cheat_sheets/espn_salary_cap_values_2020_non_ppr.pdf,37b8d5e4c29dec132e0e97e3b9a8fdbf9f7a123421d62d50aa280c1439090bc9
2020,espn,non_ppr,10,200,55,WR,26,DJ Chark Jr.,JAX,10,7,nfl:gsis:00-0034777,17292,stable,exact_name_position,0.95,data/raw/espn_cheat_sheets/espn_salary_cap_values_2020_non_ppr.pdf,37b8d5e4c29dec132e0e97e3b9a8fdbf9f7a123421d62d50aa280c1439090bc9
2020,espn,non_ppr,10,200,56,RB,24,David Montgomery,CHI,10,11,nfl:gsis:00-0035685,18239,stable,exact_name_position,0.95,data/raw/espn_cheat_sheets/espn_salary_cap_values_2020_non_ppr.pdf,37b8d5e4c29dec132e0e97e3b9a8fdbf9f7a123421d62d50aa280c1439090bc9
2020,espn,non_ppr,10,200,57,RB,25,Devin Singletary,BUF,10,11,nfl:gsis:00-0035250,18280,stable,exact_name_position,0.95,data/raw/espn_cheat_sheets/espn_salary_cap_values_2020_non_ppr.pdf,37b8d5e4c29dec132e0e97e3b9a8fdbf9f7a123421d62d50aa280c1439090bc9
2020,espn,non_ppr,10,200,58,RB,26,Antonio Gibson,WAS,9,8,nfl:gsis:00-0036328,19624,stable,exact_name_position,0.95,data/raw/espn_cheat_sheets/espn_salary_cap_values_2020_non_ppr.pdf,37b8d5e4c29dec132e0e97e3b9a8fdbf9f7a123421d62d50aa280c1439090bc9
2020,espn,non_ppr,10,200,59,RB,27,Mark Ingram II,BAL,9,8,nfl:gsis:00-0027966,9872,stable,exact_name_position,0.95,data/raw/espn_cheat_sheets/espn_salary_cap_values_2020_non_ppr.pdf,37b8d5e4c29dec132e0e97e3b9a8fdbf9f7a123421d62d50aa280c1439090bc9
2020,espn,non_ppr,10,200,60,RB,28,Kareem Hunt,CLE,9,9,nfl:gsis:00-0033923,16425,stable,exact_name_position,0.95,data/raw/espn_cheat_sheets/espn_salary_cap_values_2020_non_ppr.pdf,37b8d5e4c29dec132e0e97e3b9a8fdbf9f7a123421d62d50aa280c1439090bc9
2020,espn,non_ppr,10,200,61,WR,27,DeVante Parker,MIA,8,11,nfl:gsis:00-0031547,13897,stable,exact_name_position,0.95,data/raw/espn_cheat_sheets/espn_salary_cap_values_2020_non_ppr.pdf,37b8d5e4c29dec132e0e97e3b9a8fdbf9f7a123421d62d50aa280c1439090bc9
2020,espn,non_ppr,10,200,62,WR,28,Michael Gallup,DAL,8,10,nfl:gsis:00-0034764,17259,stable,exact_name_position,0.95,data/raw/espn_cheat_sheets/espn_salary_cap_values_2020_non_ppr.pdf,37b8d5e4c29dec132e0e97e3b9a8fdbf9f7a123421d62d50aa280c1439090bc9
2020,espn,non_ppr,10,200,63,WR,29,A.J. Green,CIN,8,9,nfl:gsis:00-0027942,9857,stable,exact_name_position,0.95,data/raw/espn_cheat_sheets/espn_salary_cap_values_2020_non_ppr.pdf,37b8d5e4c29dec132e0e97e3b9a8fdbf9f7a123421d62d50aa280c1439090bc9
2020,espn,non_ppr,10,200,64,WR,30,Stefon Diggs,BUF,7,11,nfl:gsis:00-0031588,13981,stable,exact_name_position,0.95,data/raw/espn_cheat_sheets/espn_salary_cap_values_2020_non_ppr.pdf,37b8d5e4c29dec132e0e97e3b9a8fdbf9f7a123421d62d50aa280c1439090bc9
2020,espn,non_ppr,10,200,65,WR,31,Tyler Boyd,CIN,7,9,nfl:gsis:00-0033009,15547,stable,exact_name_position,0.95,data/raw/espn_cheat_sheets/espn_salary_cap_values_2020_non_ppr.pdf,37b8d5e4c29dec132e0e97e3b9a8fdbf9f7a123421d62d50aa280c1439090bc9
2020,espn,non_ppr,10,200,66,WR,32,Will Fuller V,HOU,7,8,provisional:fantasypros:15629,15629,provisional,exact_name_position,0.95,data/raw/espn_cheat_sheets/espn_salary_cap_values_2020_non_ppr.pdf,37b8d5e4c29dec132e0e97e3b9a8fdbf9f7a123421d62d50aa280c1439090bc9
2020,espn,non_ppr,10,200,67,WR,33,Marquise Brown,BAL,7,8,nfl:gsis:00-0035662,18226,stable,exact_name_position,0.95,data/raw/espn_cheat_sheets/espn_salary_cap_values_2020_non_ppr.pdf,37b8d5e4c29dec132e0e97e3b9a8fdbf9f7a123421d62d50aa280c1439090bc9
2020,espn,non_ppr,10,200,68,WR,34,Deebo Samuel,SF,6,11,nfl:gsis:00-0035719,18244,stable,exact_name_position,0.95,data/raw/espn_cheat_sheets/espn_salary_cap_values_2020_non_ppr.pdf,37b8d5e4c29dec132e0e97e3b9a8fdbf9f7a123421d62d50aa280c1439090bc9
2020,espn,non_ppr,10,200,69,TE,5,Darren Waller,LV,6,6,nfl:gsis:00-0031610,14104,stable,exact_name_position,0.95,data/raw/espn_cheat_sheets/espn_salary_cap_values_2020_non_ppr.pdf,37b8d5e4c29dec132e0e97e3b9a8fdbf9f7a123421d62d50aa280c1439090bc9
2020,espn,non_ppr,10,200,70,RB,29,Ronald Jones II,TB,6,13,nfl:gsis:00-0034816,17243,stable,exact_name_position,0.95,data/raw/espn_cheat_sheets/espn_salary_cap_values_2020_non_ppr.pdf,37b8d5e4c29dec132e0e97e3b9a8fdbf9f7a123421d62d50aa280c1439090bc9
2020,espn,non_ppr,10,200,71,RB,30,Leonard Fournette,TB,6,13,nfl:gsis:00-0033856,16378,stable,exact_name_position,0.95,data/raw/espn_cheat_sheets/espn_salary_cap_values_2020_non_ppr.pdf,37b8d5e4c29dec132e0e97e3b9a8fdbf9f7a123421d62d50aa280c1439090bc9
2020,espn,non_ppr,10,200,72,RB,31,Kerryon Johnson,DET,6,5,nfl:gsis:00-0034349,17247,stable,exact_name_position,0.95,data/raw/espn_cheat_sheets/espn_salary_cap_values_2020_non_ppr.pdf,37b8d5e4c29dec132e0e97e3b9a8fdbf9f7a123421d62d50aa280c1439090bc9
2020,espn,non_ppr,10,200,73,QB,3,Deshaun Watson,HOU,6,8,nfl:gsis:00-0033537,16398,stable,exact_name_position,0.95,data/raw/espn_cheat_sheets/espn_salary_cap_values_2020_non_ppr.pdf,37b8d5e4c29dec132e0e97e3b9a8fdbf9f7a123421d62d50aa280c1439090bc9
2020,espn,non_ppr,10,200,74,QB,4,Kyler Murray,ARI,5,8,nfl:gsis:00-0035228,18600,stable,exact_name_position,0.95,data/raw/espn_cheat_sheets/espn_salary_cap_values_2020_non_ppr.pdf,37b8d5e4c29dec132e0e97e3b9a8fdbf9f7a123421d62d50aa280c1439090bc9
2020,espn,non_ppr,10,200,75,QB,5,Dak Prescott,DAL,5,10,nfl:gsis:00-0033077,15600,stable,exact_name_position,0.95,data/raw/espn_cheat_sheets/espn_salary_cap_values_2020_non_ppr.pdf,37b8d5e4c29dec132e0e97e3b9a8fdbf9f7a123421d62d50aa280c1439090bc9
2020,espn,non_ppr,10,200,76,QB,6,Russell Wilson,SEA,5,6,nfl:gsis:00-0029263,11180,stable,exact_name_position,0.95,data/raw/espn_cheat_sheets/espn_salary_cap_values_2020_non_ppr.pdf,37b8d5e4c29dec132e0e97e3b9a8fdbf9f7a123421d62d50aa280c1439090bc9
2020,espn,non_ppr,10,200,77,WR,35,Marvin Jones Jr.,DET,5,5,nfl:gsis:00-0029293,11215,stable,exact_name_position,0.95,data/raw/espn_cheat_sheets/espn_salary_cap_values_2020_non_ppr.pdf,37b8d5e4c29dec132e0e97e3b9a8fdbf9f7a123421d62d50aa280c1439090bc9
2020,espn,non_ppr,10,200,78,WR,36,Julian Edelman,NE,4,6,nfl:gsis:00-0027150,9332,stable,exact_name_position,0.95,data/raw/espn_cheat_sheets/espn_salary_cap_values_2020_non_ppr.pdf,37b8d5e4c29dec132e0e97e3b9a8fdbf9f7a123421d62d50aa280c1439090bc9
2020,espn,non_ppr,10,200,79,WR,37,Sterling Shepard,NYG,4,11,nfl:gsis:00-0032385,15569,stable,exact_name_position,0.95,data/raw/espn_cheat_sheets/espn_salary_cap_values_2020_non_ppr.pdf,37b8d5e4c29dec132e0e97e3b9a8fdbf9f7a123421d62d50aa280c1439090bc9
2020,espn,non_ppr,10,200,80,WR,38,Brandin Cooks,HOU,4,8,nfl:gsis:00-0031236,12122,stable,exact_name_position,0.95,data/raw/espn_cheat_sheets/espn_salary_cap_values_2020_non_ppr.pdf,37b8d5e4c29dec132e0e97e3b9a8fdbf9f7a123421d62d50aa280c1439090bc9
2020,espn,non_ppr,10,200,81,WR,39,Diontae Johnson,PIT,4,8,nfl:gsis:00-0035216,18615,stable,exact_name_position,0.95,data/raw/espn_cheat_sheets/espn_salary_cap_values_2020_non_ppr.pdf,37b8d5e4c29dec132e0e97e3b9a8fdbf9f7a123421d62d50aa280c1439090bc9
2020,espn,non_ppr,10,200,82,TE,6,Evan Engram,NYG,4,11,nfl:gsis:00-0033881,16411,stable,exact_name_position,0.95,data/raw/espn_cheat_sheets/espn_salary_cap_values_2020_non_ppr.pdf,37b8d5e4c29dec132e0e97e3b9a8fdbf9f7a123421d62d50aa280c1439090bc9
2020,espn,non_ppr,10,200,83,TE,7,Tyler Higbee,LAR,4,9,nfl:gsis:00-0033110,15623,stable,exact_name_position,0.95,data/raw/espn_cheat_sheets/espn_salary_cap_values_2020_non_ppr.pdf,37b8d5e4c29dec132e0e97e3b9a8fdbf9f7a123421d62d50aa280c1439090bc9
2020,espn,non_ppr,10,200,84,WR,40,Christian Kirk,ARI,4,8,nfl:gsis:00-0034775,17268,stable,exact_name_position,0.95,data/raw/espn_cheat_sheets/espn_salary_cap_values_2020_non_ppr.pdf,37b8d5e4c29dec132e0e97e3b9a8fdbf9f7a123421d62d50aa280c1439090bc9
2020,espn,non_ppr,10,200,85,RB,32,D'Andre Swift,DET,4,5,nfl:gsis:00-0036275,19210,stable,exact_name_position,0.95,data/raw/espn_cheat_sheets/espn_salary_cap_values_2020_non_ppr.pdf,37b8d5e4c29dec132e0e97e3b9a8fdbf9f7a123421d62d50aa280c1439090bc9
2020,espn,non_ppr,10,200,86,RB,33,Phillip Lindsay,DEN,4,8,nfl:gsis:00-0034109,17498,stable,exact_name_position,0.95,data/raw/espn_cheat_sheets/espn_salary_cap_values_2020_non_ppr.pdf,37b8d5e4c29dec132e0e97e3b9a8fdbf9f7a123421d62d50aa280c1439090bc9
2020,espn,non_ppr,10,200,87,RB,34,Jordan Howard,MIA,3,11,nfl:gsis:00-0032780,15585,stable,exact_name_position,0.95,data/raw/espn_cheat_sheets/espn_salary_cap_values_2020_non_ppr.pdf,37b8d5e4c29dec132e0e97e3b9a8fdbf9f7a123421d62d50aa280c1439090bc9
2020,espn,non_ppr,10,200,88,RB,35,Tarik Cohen,CHI,3,11,nfl:gsis:00-0033556,16450,stable,exact_name_position,0.95,data/raw/espn_cheat_sheets/espn_salary_cap_values_2020_non_ppr.pdf,37b8d5e4c29dec132e0e97e3b9a8fdbf9f7a123421d62d50aa280c1439090bc9
2020,espn,non_ppr,10,200,89,RB,36,J.K. Dobbins,BAL,3,8,nfl:gsis:00-0036158,19245,stable,exact_name_position,0.95,data/raw/espn_cheat_sheets/espn_salary_cap_values_2020_non_ppr.pdf,37b8d5e4c29dec132e0e97e3b9a8fdbf9f7a123421d62d50aa280c1439090bc9
2020,espn,non_ppr,10,200,90,RB,37,Zack Moss,BUF,3,11,nfl:gsis:00-0036251,19263,stable,exact_name_position,0.95,data/raw/espn_cheat_sheets/espn_salary_cap_values_2020_non_ppr.pdf,37b8d5e4c29dec132e0e97e3b9a8fdbf9f7a123421d62d50aa280c1439090bc9
2020,espn,non_ppr,10,200,91,RB,38,Matt Breida,MIA,3,11,nfl:gsis:00-0033308,17058,stable,exact_name_position,0.95,data/raw/espn_cheat_sheets/espn_salary_cap_values_2020_non_ppr.pdf,37b8d5e4c29dec132e0e97e3b9a8fdbf9f7a123421d62d50aa280c1439090bc9
2020,espn,non_ppr,10,200,92,RB,39,Tevin Coleman,SF,3,11,nfl:gsis:00-0032058,13926,stable,exact_name_position,0.95,data/raw/espn_cheat_sheets/espn_salary_cap_values_2020_non_ppr.pdf,37b8d5e4c29dec132e0e97e3b9a8fdbf9f7a123421d62d50aa280c1439090bc9
2020,espn,non_ppr,10,200,93,RB,40,James White,NE,3,6,nfl:gsis:00-0031062,12195,stable,exact_name_position,0.95,data/raw/espn_cheat_sheets/espn_salary_cap_values_2020_non_ppr.pdf,37b8d5e4c29dec132e0e97e3b9a8fdbf9f7a123421d62d50aa280c1439090bc9
2020,espn,non_ppr,10,200,94,WR,41,Preston Williams,MIA,3,11,nfl:gsis:00-0035350,18612,stable,exact_name_position,0.95,data/raw/espn_cheat_sheets/espn_salary_cap_values_2020_non_ppr.pdf,37b8d5e4c29dec132e0e97e3b9a8fdbf9f7a123421d62d50aa280c1439090bc9
2020,espn,non_ppr,10,200,95,WR,42,Jamison Crowder,NYJ,3,11,nfl:gsis:00-0031941,13976,stable,exact_name_position,0.95,data/raw/espn_cheat_sheets/espn_salary_cap_values_2020_non_ppr.pdf,37b8d5e4c29dec132e0e97e3b9a8fdbf9f7a123421d62d50aa280c1439090bc9
2020,espn,non_ppr,10,200,96,WR,43,Darius Slayton,NYG,2,11,nfl:gsis:00-0035535,18706,stable,exact_name_position,0.95,data/raw/espn_cheat_sheets/espn_salary_cap_values_2020_non_ppr.pdf,37b8d5e4c29dec132e0e97e3b9a8fdbf9f7a123421d62d50aa280c1439090bc9
2020,espn,non_ppr,10,200,97,WR,44,Golden Tate,NYG,2,11,nfl:gsis:00-0027891,9683,stable,exact_name_position,0.95,data/raw/espn_cheat_sheets/espn_salary_cap_values_2020_non_ppr.pdf,37b8d5e4c29dec132e0e97e3b9a8fdbf9f7a123421d62d50aa280c1439090bc9
2020,espn,non_ppr,10,200,98,WR,45,Robby Anderson,CAR,2,13,nfl:gsis:00-0032688,15688,stable,exact_name_position,0.95,data/raw/espn_cheat_sheets/espn_salary_cap_values_2020_non_ppr.pdf,37b8d5e4c29dec132e0e97e3b9a8fdbf9f7a123421d62d50aa280c1439090bc9
2020,espn,non_ppr,10,200,99,WR,46,John Brown,BUF,2,11,nfl:gsis:00-0031051,12231,stable,exact_name_position,0.95,data/raw/espn_cheat_sheets/espn_salary_cap_values_2020_non_ppr.pdf,37b8d5e4c29dec132e0e97e3b9a8fdbf9f7a123421d62d50aa280c1439090bc9
2020,espn,non_ppr,10,200,100,WR,47,Emmanuel Sanders,NO,2,6,nfl:gsis:00-0027685,9707,stable,exact_name_position,0.95,data/raw/espn_cheat_sheets/espn_salary_cap_values_2020_non_ppr.pdf,37b8d5e4c29dec132e0e97e3b9a8fdbf9f7a123421d62d50aa280c1439090bc9
2020,espn,non_ppr,10,200,101,WR,48,Henry Ruggs III,LV,2,6,nfl:gsis:00-0036357,19207,stable,exact_name_position,0.95,data/raw/espn_cheat_sheets/espn_salary_cap_values_2020_non_ppr.pdf,37b8d5e4c29dec132e0e97e3b9a8fdbf9f7a123421d62d50aa280c1439090bc9
2020,espn,non_ppr,10,200,102,WR,49,DeSean Jackson,PHI,2,9,nfl:gsis:00-0026189,9186,stable,exact_name_position,0.95,data/raw/espn_cheat_sheets/espn_salary_cap_values_2020_non_ppr.pdf,37b8d5e4c29dec132e0e97e3b9a8fdbf9f7a123421d62d50aa280c1439090bc9
2020,espn,non_ppr,10,200,103,RB,41,Alexander Mattison,MIN,2,7,nfl:gsis:00-0034972,18621,stable,exact_name_position,0.95,data/raw/espn_cheat_sheets/espn_salary_cap_values_2020_non_ppr.pdf,37b8d5e4c29dec132e0e97e3b9a8fdbf9f7a123421d62d50aa280c1439090bc9
2020,espn,non_ppr,10,200,104,RB,42,Darrell Henderson Jr.,LAR,2,9,nfl:gsis:00-0035664,18588,stable,exact_name_position,0.95,data/raw/espn_cheat_sheets/espn_salary_cap_values_2020_non_ppr.pdf,37b8d5e4c29dec132e0e97e3b9a8fdbf9f7a123421d62d50aa280c1439090bc9
2020,espn,non_ppr,10,200,105,RB,43,Latavius Murray,NO,2,6,nfl:gsis:00-0030513,11821,stable,exact_name_position,0.95,data/raw/espn_cheat_sheets/espn_salary_cap_values_2020_non_ppr.pdf,37b8d5e4c29dec132e0e97e3b9a8fdbf9f7a123421d62d50aa280c1439090bc9
2020,espn,non_ppr,10,200,106,WR,50,Breshad Perriman,NYJ,2,11,nfl:gsis:00-0032054,13975,stable,exact_name_position,0.95,data/raw/espn_cheat_sheets/espn_salary_cap_values_2020_non_ppr.pdf,37b8d5e4c29dec132e0e97e3b9a8fdbf9f7a123421d62d50aa280c1439090bc9
2020,espn,non_ppr,10,200,107,WR,51,Jerry Jeudy,DEN,2,8,nfl:gsis:00-0036407,19201,stable,exact_name_position,0.95,data/raw/espn_cheat_sheets/espn_salary_cap_values_2020_non_ppr.pdf,37b8d5e4c29dec132e0e97e3b9a8fdbf9f7a123421d62d50aa280c1439090bc9
2020,espn,non_ppr,10,200,108,WR,52,Mike Williams,LAC,2,10,nfl:gsis:00-0033536,16377,stable,exact_name_position,0.95,data/raw/espn_cheat_sheets/espn_salary_cap_values_2020_non_ppr.pdf,37b8d5e4c29dec132e0e97e3b9a8fdbf9f7a123421d62d50aa280c1439090bc9
2020,espn,non_ppr,10,200,109,WR,53,CeeDee Lamb,DAL,2,10,nfl:gsis:00-0036358,19202,stable,exact_name_position,0.95,data/raw/espn_cheat_sheets/espn_salary_cap_values_2020_non_ppr.pdf,37b8d5e4c29dec132e0e97e3b9a8fdbf9f7a123421d62d50aa280c1439090bc9
2020,espn,non_ppr,10,200,110,TE,8,Hunter Henry,LAC,2,10,nfl:gsis:00-0033090,15561,stable,exact_name_position,0.95,data/raw/espn_cheat_sheets/espn_salary_cap_values_2020_non_ppr.pdf,37b8d5e4c29dec132e0e97e3b9a8fdbf9f7a123421d62d50aa280c1439090bc9
2020,espn,non_ppr,10,200,111,TE,9,Jared Cook,NO,2,6,nfl:gsis:00-0027061,9265,stable,exact_name_position,0.95,data/raw/espn_cheat_sheets/espn_salary_cap_values_2020_non_ppr.pdf,37b8d5e4c29dec132e0e97e3b9a8fdbf9f7a123421d62d50aa280c1439090bc9
2020,espn,non_ppr,10,200,112,TE,10,Rob Gronkowski,TB,2,13,nfl:gsis:00-0027656,9721,stable,exact_name_position,0.95,data/raw/espn_cheat_sheets/espn_salary_cap_values_2020_non_ppr.pdf,37b8d5e4c29dec132e0e97e3b9a8fdbf9f7a123421d62d50aa280c1439090bc9
2020,espn,non_ppr,10,200,113,TE,11,Noah Fant,DEN,2,8,nfl:gsis:00-0035644,17527,stable,exact_name_position,0.95,data/raw/espn_cheat_sheets/espn_salary_cap_values_2020_non_ppr.pdf,37b8d5e4c29dec132e0e97e3b9a8fdbf9f7a123421d62d50aa280c1439090bc9
2020,espn,non_ppr,10,200,114,TE,12,Hayden Hurst,ATL,2,10,nfl:gsis:00-0034830,17283,stable,exact_name_position,0.95,data/raw/espn_cheat_sheets/espn_salary_cap_values_2020_non_ppr.pdf,37b8d5e4c29dec132e0e97e3b9a8fdbf9f7a123421d62d50aa280c1439090bc9
2020,espn,non_ppr,10,200,115,TE,13,T.J. Hockenson,DET,2,5,nfl:gsis:00-0035229,18290,stable,exact_name_position,0.95,data/raw/espn_cheat_sheets/espn_salary_cap_values_2020_non_ppr.pdf,37b8d5e4c29dec132e0e97e3b9a8fdbf9f7a123421d62d50aa280c1439090bc9
2020,espn,non_ppr,10,200,116,QB,7,Matt Ryan,ATL,2,10,nfl:gsis:00-0026143,9444,stable,exact_name_position,0.95,data/raw/espn_cheat_sheets/espn_salary_cap_values_2020_non_ppr.pdf,37b8d5e4c29dec132e0e97e3b9a8fdbf9f7a123421d62d50aa280c1439090bc9
2020,espn,non_ppr,10,200,117,QB,8,Tom Brady,TB,2,13,nfl:gsis:00-0019596,9603,stable,exact_name_position,0.95,data/raw/espn_cheat_sheets/espn_salary_cap_values_2020_non_ppr.pdf,37b8d5e4c29dec132e0e97e3b9a8fdbf9f7a123421d62d50aa280c1439090bc9
2020,espn,non_ppr,10,200,118,QB,9,Carson Wentz,PHI,2,9,nfl:gsis:00-0032950,15520,stable,exact_name_position,0.95,data/raw/espn_cheat_sheets/espn_salary_cap_values_2020_non_ppr.pdf,37b8d5e4c29dec132e0e97e3b9a8fdbf9f7a123421d62d50aa280c1439090bc9
2020,espn,non_ppr,10,200,119,QB,10,Josh Allen,BUF,2,11,nfl:gsis:00-0034857,17298,stable,exact_name_position,0.95,data/raw/espn_cheat_sheets/espn_salary_cap_values_2020_non_ppr.pdf,37b8d5e4c29dec132e0e97e3b9a8fdbf9f7a123421d62d50aa280c1439090bc9
2020,espn,non_ppr,10,200,120,QB,11,Drew Brees,NO,2,6,nfl:gsis:00-0020531,9200,stable,exact_name_position,0.95,data/raw/espn_cheat_sheets/espn_salary_cap_values_2020_non_ppr.pdf,37b8d5e4c29dec132e0e97e3b9a8fdbf9f7a123421d62d50aa280c1439090bc9
2020,espn,non_ppr,10,200,121,QB,12,Matthew Stafford,DET,1,5,nfl:gsis:00-0026498,9451,stable,exact_name_position,0.95,data/raw/espn_cheat_sheets/espn_salary_cap_values_2020_non_ppr.pdf,37b8d5e4c29dec132e0e97e3b9a8fdbf9f7a123421d62d50aa280c1439090bc9
2020,espn,non_ppr,10,200,122,QB,13,Aaron Rodgers,GB,1,5,nfl:gsis:00-0023459,9001,stable,exact_name_position,0.95,data/raw/espn_cheat_sheets/espn_salary_cap_values_2020_non_ppr.pdf,37b8d5e4c29dec132e0e97e3b9a8fdbf9f7a123421d62d50aa280c1439090bc9
2020,espn,non_ppr,10,200,123,WR,54,Mecole Hardman,KC,1,10,nfl:gsis:00-0035140,18587,stable,exact_name_position,0.95,data/raw/espn_cheat_sheets/espn_salary_cap_values_2020_non_ppr.pdf,37b8d5e4c29dec132e0e97e3b9a8fdbf9f7a123421d62d50aa280c1439090bc9
2020,espn,non_ppr,10,200,124,WR,55,N'Keal Harry,NE,1,6,nfl:gsis:00-0035624,18222,stable,exact_name_position,0.95,data/raw/espn_cheat_sheets/espn_salary_cap_values_2020_non_ppr.pdf,37b8d5e4c29dec132e0e97e3b9a8fdbf9f7a123421d62d50aa280c1439090bc9
2020,espn,non_ppr,10,200,125,WR,56,Curtis Samuel,CAR,1,13,nfl:gsis:00-0033282,16434,stable,exact_name_position,0.95,data/raw/espn_cheat_sheets/espn_salary_cap_values_2020_non_ppr.pdf,37b8d5e4c29dec132e0e97e3b9a8fdbf9f7a123421d62d50aa280c1439090bc9
2020,espn,non_ppr,10,200,126,WR,57,Parris Campbell,IND,1,7,nfl:gsis:00-0035639,18463,stable,exact_name_position,0.95,data/raw/espn_cheat_sheets/espn_salary_cap_values_2020_non_ppr.pdf,37b8d5e4c29dec132e0e97e3b9a8fdbf9f7a123421d62d50aa280c1439090bc9
2020,espn,non_ppr,10,200,127,WR,58,Anthony Miller,CHI,1,11,nfl:gsis:00-0034353,17255,stable,exact_name_position,0.95,data/raw/espn_cheat_sheets/espn_salary_cap_values_2020_non_ppr.pdf,37b8d5e4c29dec132e0e97e3b9a8fdbf9f7a123421d62d50aa280c1439090bc9
2020,espn,non_ppr,10,200,128,RB,44,Duke Johnson,HOU,1,8,nfl:gsis:00-0032257,13939,stable,exact_name_position,0.95,data/raw/espn_cheat_sheets/espn_salary_cap_values_2020_non_ppr.pdf,37b8d5e4c29dec132e0e97e3b9a8fdbf9f7a123421d62d50aa280c1439090bc9
2020,espn,non_ppr,10,200,129,RB,45,Marlon Mack,IND,1,7,nfl:gsis:00-0033951,16444,stable,exact_name_position,0.95,data/raw/espn_cheat_sheets/espn_salary_cap_values_2020_non_ppr.pdf,37b8d5e4c29dec132e0e97e3b9a8fdbf9f7a123421d62d50aa280c1439090bc9
2020,espn,non_ppr,10,200,130,RB,46,Chase Edmonds,ARI,1,8,nfl:gsis:00-0034681,17496,stable,exact_name_position,0.95,data/raw/espn_cheat_sheets/espn_salary_cap_values_2020_non_ppr.pdf,37b8d5e4c29dec132e0e97e3b9a8fdbf9f7a123421d62d50aa280c1439090bc9
2020,espn,non_ppr,10,200,131,RB,47,Sony Michel,NE,1,6,nfl:gsis:00-0034845,17309,stable,exact_name_position,0.95,data/raw/espn_cheat_sheets/espn_salary_cap_values_2020_non_ppr.pdf,37b8d5e4c29dec132e0e97e3b9a8fdbf9f7a123421d62d50aa280c1439090bc9
2020,espn,non_ppr,10,200,132,RB,48,Tony Pollard,DAL,1,10,nfl:gsis:00-0035261,18705,stable,exact_name_position,0.95,data/raw/espn_cheat_sheets/espn_salary_cap_values_2020_non_ppr.pdf,37b8d5e4c29dec132e0e97e3b9a8fdbf9f7a123421d62d50aa280c1439090bc9
2020,espn,non_ppr,10,200,133,RB,49,James Robinson,JAX,1,7,nfl:gsis:00-0035831,19631,stable,exact_name_position,0.95,data/raw/espn_cheat_sheets/espn_salary_cap_values_2020_non_ppr.pdf,37b8d5e4c29dec132e0e97e3b9a8fdbf9f7a123421d62d50aa280c1439090bc9
2020,espn,non_ppr,10,200,134,TE,14,Mike Gesicki,MIA,1,11,nfl:gsis:00-0034829,17272,stable,exact_name_position,0.95,data/raw/espn_cheat_sheets/espn_salary_cap_values_2020_non_ppr.pdf,37b8d5e4c29dec132e0e97e3b9a8fdbf9f7a123421d62d50aa280c1439090bc9
2020,espn,non_ppr,10,200,135,TE,15,Chris Herndon,NYJ,1,11,nfl:gsis:00-0034766,17536,stable,exact_name_position,0.95,data/raw/espn_cheat_sheets/espn_salary_cap_values_2020_non_ppr.pdf,37b8d5e4c29dec132e0e97e3b9a8fdbf9f7a123421d62d50aa280c1439090bc9
2020,espn,non_ppr,10,200,136,TE,16,Austin Hooper,CLE,1,9,nfl:gsis:00-0032392,15581,stable,exact_name_position,0.95,data/raw/espn_cheat_sheets/espn_salary_cap_values_2020_non_ppr.pdf,37b8d5e4c29dec132e0e97e3b9a8fdbf9f7a123421d62d50aa280c1439090bc9
2020,espn,non_ppr,10,200,137,QB,14,Daniel Jones,NYG,1,11,nfl:gsis:00-0035710,18232,stable,exact_name_position,0.95,data/raw/espn_cheat_sheets/espn_salary_cap_values_2020_non_ppr.pdf,37b8d5e4c29dec132e0e97e3b9a8fdbf9f7a123421d62d50aa280c1439090bc9
2020,espn,non_ppr,10,200,138,QB,15,Cam Newton,NE,1,6,nfl:gsis:00-0027939,9869,stable,exact_name_position,0.95,data/raw/espn_cheat_sheets/espn_salary_cap_values_2020_non_ppr.pdf,37b8d5e4c29dec132e0e97e3b9a8fdbf9f7a123421d62d50aa280c1439090bc9
2020,espn,non_ppr,10,200,139,RB,50,Justin Jackson,LAC,1,10,nfl:gsis:00-0034440,17300,stable,exact_name_position,0.95,data/raw/espn_cheat_sheets/espn_salary_cap_values_2020_non_ppr.pdf,37b8d5e4c29dec132e0e97e3b9a8fdbf9f7a123421d62d50aa280c1439090bc9
2020,espn,non_ppr,10,200,140,RB,51,Chris Thompson,JAX,1,7,nfl:gsis:00-0030404,11651,stable,exact_name_position,0.95,data/raw/espn_cheat_sheets/espn_salary_cap_values_2020_non_ppr.pdf,37b8d5e4c29dec132e0e97e3b9a8fdbf9f7a123421d62d50aa280c1439090bc9
2020,espn,non_ppr,10,200,141,RB,52,Boston Scott,PHI,0,9,nfl:gsis:00-0034414,17612,stable,exact_name_position,0.95,data/raw/espn_cheat_sheets/espn_salary_cap_values_2020_non_ppr.pdf,37b8d5e4c29dec132e0e97e3b9a8fdbf9f7a123421d62d50aa280c1439090bc9
2020,espn,non_ppr,10,200,142,RB,53,Nyheim Hines,IND,0,7,nfl:gsis:00-0034367,,stable,nflverse_exact_name,0.9,data/raw/espn_cheat_sheets/espn_salary_cap_values_2020_non_ppr.pdf,37b8d5e4c29dec132e0e97e3b9a8fdbf9f7a123421d62d50aa280c1439090bc9
2020,espn,non_ppr,10,200,143,RB,54,Joshua Kelley,LAC,0,10,nfl:gsis:00-0036370,19445,stable,exact_name_position,0.95,data/raw/espn_cheat_sheets/espn_salary_cap_values_2020_non_ppr.pdf,37b8d5e4c29dec132e0e97e3b9a8fdbf9f7a123421d62d50aa280c1439090bc9
2020,espn,non_ppr,10,200,144,WR,59,Justin Jefferson,MIN,0,7,nfl:gsis:00-0036322,19236,stable,exact_name_position,0.95,data/raw/espn_cheat_sheets/espn_salary_cap_values_2020_non_ppr.pdf,37b8d5e4c29dec132e0e97e3b9a8fdbf9f7a123421d62d50aa280c1439090bc9
2020,espn,non_ppr,10,200,145,WR,60,Brandon Aiyuk,SF,0,11,nfl:gsis:00-0036261,19252,stable,exact_name_position,0.95,data/raw/espn_cheat_sheets/espn_salary_cap_values_2020_non_ppr.pdf,37b8d5e4c29dec132e0e97e3b9a8fdbf9f7a123421d62d50aa280c1439090bc9
2020,espn,non_ppr,10,200,146,WR,61,Sammy Watkins,KC,0,10,nfl:gsis:00-0031325,12118,stable,exact_name_position,0.95,data/raw/espn_cheat_sheets/espn_salary_cap_values_2020_non_ppr.pdf,37b8d5e4c29dec132e0e97e3b9a8fdbf9f7a123421d62d50aa280c1439090bc9
2020,espn,non_ppr,10,200,147,WR,62,Randall Cobb,HOU,0,8,nfl:gsis:00-0028002,9902,stable,exact_name_position,0.95,data/raw/espn_cheat_sheets/espn_salary_cap_values_2020_non_ppr.pdf,37b8d5e4c29dec132e0e97e3b9a8fdbf9f7a123421d62d50aa280c1439090bc9
2020,espn,non_ppr,10,200,148,WR,63,Alshon Jeffery,PHI,0,9,nfl:gsis:00-0029137,11199,stable,exact_name_position,0.95,data/raw/espn_cheat_sheets/espn_salary_cap_values_2020_non_ppr.pdf,37b8d5e4c29dec132e0e97e3b9a8fdbf9f7a123421d62d50aa280c1439090bc9
2020,espn,non_ppr,10,200,149,WR,64,Jalen Reagor,PHI,0,9,nfl:gsis:00-0036387,19219,stable,exact_name_position,0.95,data/raw/espn_cheat_sheets/espn_salary_cap_values_2020_non_ppr.pdf,37b8d5e4c29dec132e0e97e3b9a8fdbf9f7a123421d62d50aa280c1439090bc9
2020,espn,non_ppr,10,200,150,WR,65,Michael Pittman Jr.,IND,0,7,nfl:gsis:00-0036252,19278,stable,exact_name_position,0.95,data/raw/espn_cheat_sheets/espn_salary_cap_values_2020_non_ppr.pdf,37b8d5e4c29dec132e0e97e3b9a8fdbf9f7a123421d62d50aa280c1439090bc9
2020,espn,non_ppr,10,200,151,WR,66,Larry Fitzgerald,ARI,0,8,nfl:gsis:00-0022921,9383,stable,exact_name_position,0.95,data/raw/espn_cheat_sheets/espn_salary_cap_values_2020_non_ppr.pdf,37b8d5e4c29dec132e0e97e3b9a8fdbf9f7a123421d62d50aa280c1439090bc9
2020,espn,non_ppr,10,200,152,WR,67,Allen Lazard,GB,0,5,nfl:gsis:00-0034521,17301,stable,exact_name_position,0.95,data/raw/espn_cheat_sheets/espn_salary_cap_values_2020_non_ppr.pdf,37b8d5e4c29dec132e0e97e3b9a8fdbf9f7a123421d62d50aa280c1439090bc9
2020,espn,non_ppr,10,200,153,WR,68,Denzel Mims,NYJ,0,11,nfl:gsis:00-0036255,19344,stable,exact_name_position,0.95,data/raw/espn_cheat_sheets/espn_salary_cap_values_2020_non_ppr.pdf,37b8d5e4c29dec132e0e97e3b9a8fdbf9f7a123421d62d50aa280c1439090bc9
2020,espn,non_ppr,10,200,154,WR,69,Tee Higgins,CIN,0,9,nfl:gsis:00-0036410,19211,stable,exact_name_position,0.95,data/raw/espn_cheat_sheets/espn_salary_cap_values_2020_non_ppr.pdf,37b8d5e4c29dec132e0e97e3b9a8fdbf9f7a123421d62d50aa280c1439090bc9
2020,espn,non_ppr,10,200,155,RB,55,Darrynton Evans,TEN,0,7,nfl:gsis:00-0036297,19418,stable,exact_name_position,0.95,data/raw/espn_cheat_sheets/espn_salary_cap_values_2020_non_ppr.pdf,37b8d5e4c29dec132e0e97e3b9a8fdbf9f7a123421d62d50aa280c1439090bc9
2020,espn,non_ppr,10,200,156,RB,56,AJ Dillon,GB,0,5,nfl:gsis:00-0036265,19358,stable,exact_name_position,0.95,data/raw/espn_cheat_sheets/espn_salary_cap_values_2020_non_ppr.pdf,37b8d5e4c29dec132e0e97e3b9a8fdbf9f7a123421d62d50aa280c1439090bc9
2020,espn,non_ppr,10,200,157,RB,57,Benny Snell Jr.,PIT,0,8,nfl:gsis:00-0035217,18609,stable,exact_name_position,0.95,data/raw/espn_cheat_sheets/espn_salary_cap_values_2020_non_ppr.pdf,37b8d5e4c29dec132e0e97e3b9a8fdbf9f7a123421d62d50aa280c1439090bc9
2020,espn,non_ppr,10,200,158,RB,58,Jerick McKinnon,SF,0,11,nfl:gsis:00-0031376,12209,stable,exact_name_position,0.95,data/raw/espn_cheat_sheets/espn_salary_cap_values_2020_non_ppr.pdf,37b8d5e4c29dec132e0e97e3b9a8fdbf9f7a123421d62d50aa280c1439090bc9
2020,espn,non_ppr,10,200,159,RB,59,Damien Harris,NE,0,6,nfl:gsis:00-0035657,18230,stable,exact_name_position,0.95,data/raw/espn_cheat_sheets/espn_salary_cap_values_2020_non_ppr.pdf,37b8d5e4c29dec132e0e97e3b9a8fdbf9f7a123421d62d50aa280c1439090bc9
2020,espn,non_ppr,10,200,160,RB,60,Carlos Hyde,SEA,0,6,nfl:gsis:00-0031045,12105,stable,exact_name_position,0.95,data/raw/espn_cheat_sheets/espn_salary_cap_values_2020_non_ppr.pdf,37b8d5e4c29dec132e0e97e3b9a8fdbf9f7a123421d62d50aa280c1439090bc9
2020,espn,non_ppr,10,200,161,TE,17,Jack Doyle,IND,0,7,nfl:gsis:00-0030181,11987,stable,exact_name_position,0.95,data/raw/espn_cheat_sheets/espn_salary_cap_values_2020_non_ppr.pdf,37b8d5e4c29dec132e0e97e3b9a8fdbf9f7a123421d62d50aa280c1439090bc9
2020,espn,non_ppr,10,200,162,TE,18,Eric Ebron,PIT,0,8,nfl:gsis:00-0031387,12143,stable,exact_name_position,0.95,data/raw/espn_cheat_sheets/espn_salary_cap_values_2020_non_ppr.pdf,37b8d5e4c29dec132e0e97e3b9a8fdbf9f7a123421d62d50aa280c1439090bc9
2020,espn,non_ppr,10,200,163,TE,19,Jonnu Smith,TEN,0,7,nfl:gsis:00-0033858,16460,stable,exact_name_position,0.95,data/raw/espn_cheat_sheets/espn_salary_cap_values_2020_non_ppr.pdf,37b8d5e4c29dec132e0e97e3b9a8fdbf9f7a123421d62d50aa280c1439090bc9
2020,espn,non_ppr,10,200,164,QB,16,Ben Roethlisberger,PIT,0,8,nfl:gsis:00-0022924,9039,stable,exact_name_position,0.95,data/raw/espn_cheat_sheets/espn_salary_cap_values_2020_non_ppr.pdf,37b8d5e4c29dec132e0e97e3b9a8fdbf9f7a123421d62d50aa280c1439090bc9
2020,espn,non_ppr,10,200,165,QB,17,Ryan Tannehill,TEN,0,7,nfl:gsis:00-0029701,11174,stable,exact_name_position,0.95,data/raw/espn_cheat_sheets/espn_salary_cap_values_2020_non_ppr.pdf,37b8d5e4c29dec132e0e97e3b9a8fdbf9f7a123421d62d50aa280c1439090bc9
2020,espn,non_ppr,10,200,166,QB,18,Jared Goff,LAR,0,9,nfl:gsis:00-0033106,15501,stable,exact_name_position,0.95,data/raw/espn_cheat_sheets/espn_salary_cap_values_2020_non_ppr.pdf,37b8d5e4c29dec132e0e97e3b9a8fdbf9f7a123421d62d50aa280c1439090bc9
2020,espn,non_ppr,10,200,167,QB,19,Baker Mayfield,CLE,0,9,nfl:gsis:00-0034855,17237,stable,exact_name_position,0.95,data/raw/espn_cheat_sheets/espn_salary_cap_values_2020_non_ppr.pdf,37b8d5e4c29dec132e0e97e3b9a8fdbf9f7a123421d62d50aa280c1439090bc9
2020,espn,non_ppr,10,200,168,QB,20,Jimmy Garoppolo,SF,0,11,nfl:gsis:00-0031345,12208,stable,exact_name_position,0.95,data/raw/espn_cheat_sheets/espn_salary_cap_values_2020_non_ppr.pdf,37b8d5e4c29dec132e0e97e3b9a8fdbf9f7a123421d62d50aa280c1439090bc9
2020,espn,non_ppr,10,200,169,DEF,1,Steelers D/ST,PIT,1,8,nfl:def:PIT,8240,stable,exact_defense_team,1.0,data/raw/espn_cheat_sheets/espn_salary_cap_values_2020_non_ppr.pdf,37b8d5e4c29dec132e0e97e3b9a8fdbf9f7a123421d62d50aa280c1439090bc9
2020,espn,non_ppr,10,200,170,DEF,2,Bills D/ST,BUF,1,11,nfl:def:BUF,8030,stable,exact_defense_team,1.0,data/raw/espn_cheat_sheets/espn_salary_cap_values_2020_non_ppr.pdf,37b8d5e4c29dec132e0e97e3b9a8fdbf9f7a123421d62d50aa280c1439090bc9
2020,espn,non_ppr,10,200,171,DEF,3,49ers D/ST,SF,1,11,nfl:def:SF,8270,stable,exact_defense_team,1.0,data/raw/espn_cheat_sheets/espn_salary_cap_values_2020_non_ppr.pdf,37b8d5e4c29dec132e0e97e3b9a8fdbf9f7a123421d62d50aa280c1439090bc9
2020,espn,non_ppr,10,200,172,DEF,4,Ravens D/ST,BAL,1,8,nfl:def:BAL,8020,stable,exact_defense_team,1.0,data/raw/espn_cheat_sheets/espn_salary_cap_values_2020_non_ppr.pdf,37b8d5e4c29dec132e0e97e3b9a8fdbf9f7a123421d62d50aa280c1439090bc9
2020,espn,non_ppr,10,200,173,DEF,5,Patriots D/ST,NE,1,6,nfl:def:NE,8180,stable,exact_defense_team,1.0,data/raw/espn_cheat_sheets/espn_salary_cap_values_2020_non_ppr.pdf,37b8d5e4c29dec132e0e97e3b9a8fdbf9f7a123421d62d50aa280c1439090bc9
2020,espn,non_ppr,10,200,174,DEF,6,Colts D/ST,IND,1,7,nfl:def:IND,8130,stable,exact_defense_team,1.0,data/raw/espn_cheat_sheets/espn_salary_cap_values_2020_non_ppr.pdf,37b8d5e4c29dec132e0e97e3b9a8fdbf9f7a123421d62d50aa280c1439090bc9
2020,espn,non_ppr,10,200,175,DEF,7,Bears D/ST,CHI,1,11,nfl:def:CHI,8050,stable,exact_defense_team,1.0,data/raw/espn_cheat_sheets/espn_salary_cap_values_2020_non_ppr.pdf,37b8d5e4c29dec132e0e97e3b9a8fdbf9f7a123421d62d50aa280c1439090bc9
2020,espn,non_ppr,10,200,176,DEF,8,Vikings D/ST,MIN,1,7,nfl:def:MIN,8170,stable,exact_defense_team,1.0,data/raw/espn_cheat_sheets/espn_salary_cap_values_2020_non_ppr.pdf,37b8d5e4c29dec132e0e97e3b9a8fdbf9f7a123421d62d50aa280c1439090bc9
2020,espn,non_ppr,10,200,177,DEF,9,Saints D/ST,NO,1,6,nfl:def:NO,8190,stable,exact_defense_team,1.0,data/raw/espn_cheat_sheets/espn_salary_cap_values_2020_non_ppr.pdf,37b8d5e4c29dec132e0e97e3b9a8fdbf9f7a123421d62d50aa280c1439090bc9
2020,espn,non_ppr,10,200,178,DEF,10,Buccaneers D/ST,TB,1,13,nfl:def:TB,8290,stable,exact_defense_team,1.0,data/raw/espn_cheat_sheets/espn_salary_cap_values_2020_non_ppr.pdf,37b8d5e4c29dec132e0e97e3b9a8fdbf9f7a123421d62d50aa280c1439090bc9
2020,espn,non_ppr,10,200,179,DEF,11,Chargers D/ST,LAC,0,10,nfl:def:LAC,8250,stable,exact_defense_team,1.0,data/raw/espn_cheat_sheets/espn_salary_cap_values_2020_non_ppr.pdf,37b8d5e4c29dec132e0e97e3b9a8fdbf9f7a123421d62d50aa280c1439090bc9
2020,espn,non_ppr,10,200,180,DEF,12,Titans D/ST,TEN,0,7,nfl:def:TEN,8300,stable,exact_defense_team,1.0,data/raw/espn_cheat_sheets/espn_salary_cap_values_2020_non_ppr.pdf,37b8d5e4c29dec132e0e97e3b9a8fdbf9f7a123421d62d50aa280c1439090bc9
2020,espn,non_ppr,10,200,181,K,1,Justin Tucker,BAL,1,8,nfl:gsis:00-0029597,11465,stable,exact_name_position,0.95,data/raw/espn_cheat_sheets/espn_salary_cap_values_2020_non_ppr.pdf,37b8d5e4c29dec132e0e97e3b9a8fdbf9f7a123421d62d50aa280c1439090bc9
2020,espn,non_ppr,10,200,182,K,2,Harrison Butker,KC,1,10,nfl:gsis:00-0033303,16712,stable,exact_name_position,0.95,data/raw/espn_cheat_sheets/espn_salary_cap_values_2020_non_ppr.pdf,37b8d5e4c29dec132e0e97e3b9a8fdbf9f7a123421d62d50aa280c1439090bc9
2020,espn,non_ppr,10,200,183,K,3,Wil Lutz,NO,1,6,nfl:gsis:00-0032569,16026,stable,exact_name_position,0.95,data/raw/espn_cheat_sheets/espn_salary_cap_values_2020_non_ppr.pdf,37b8d5e4c29dec132e0e97e3b9a8fdbf9f7a123421d62d50aa280c1439090bc9
2020,espn,non_ppr,10,200,184,K,4,Matt Prater,DET,1,5,nfl:gsis:00-0023853,9443,stable,exact_name_position,0.95,data/raw/espn_cheat_sheets/espn_salary_cap_values_2020_non_ppr.pdf,37b8d5e4c29dec132e0e97e3b9a8fdbf9f7a123421d62d50aa280c1439090bc9
2020,espn,non_ppr,10,200,185,K,5,Chris Boswell,PIT,1,8,nfl:gsis:00-0031136,13029,stable,exact_name_position,0.95,data/raw/espn_cheat_sheets/espn_salary_cap_values_2020_non_ppr.pdf,37b8d5e4c29dec132e0e97e3b9a8fdbf9f7a123421d62d50aa280c1439090bc9
2020,espn,non_ppr,10,200,186,K,6,Greg Zuerlein,DAL,1,10,nfl:gsis:00-0029621,11345,stable,exact_name_position,0.95,data/raw/espn_cheat_sheets/espn_salary_cap_values_2020_non_ppr.pdf,37b8d5e4c29dec132e0e97e3b9a8fdbf9f7a123421d62d50aa280c1439090bc9
2020,espn,non_ppr,10,200,187,K,7,Robbie Gould,SF,1,11,nfl:gsis:00-0023252,9534,stable,exact_name_position,0.95,data/raw/espn_cheat_sheets/espn_salary_cap_values_2020_non_ppr.pdf,37b8d5e4c29dec132e0e97e3b9a8fdbf9f7a123421d62d50aa280c1439090bc9
2020,espn,non_ppr,10,200,188,K,8,Zane Gonzalez,ARI,1,8,nfl:gsis:00-0033862,16548,stable,exact_name_position,0.95,data/raw/espn_cheat_sheets/espn_salary_cap_values_2020_non_ppr.pdf,37b8d5e4c29dec132e0e97e3b9a8fdbf9f7a123421d62d50aa280c1439090bc9
2020,espn,non_ppr,10,200,189,K,9,Jake Elliott,PHI,1,9,nfl:gsis:00-0033787,16540,stable,exact_name_position,0.95,data/raw/espn_cheat_sheets/espn_salary_cap_values_2020_non_ppr.pdf,37b8d5e4c29dec132e0e97e3b9a8fdbf9f7a123421d62d50aa280c1439090bc9
2020,espn,non_ppr,10,200,190,K,10,Austin Seibert,CLE,1,9,nfl:gsis:00-0035145,18689,stable,exact_name_position,0.95,data/raw/espn_cheat_sheets/espn_salary_cap_values_2020_non_ppr.pdf,37b8d5e4c29dec132e0e97e3b9a8fdbf9f7a123421d62d50aa280c1439090bc9
2020,espn,non_ppr,10,200,191,K,11,Rodrigo Blankenship,IND,0,7,nfl:gsis:00-0035849,19469,stable,exact_name_position,0.95,data/raw/espn_cheat_sheets/espn_salary_cap_values_2020_non_ppr.pdf,37b8d5e4c29dec132e0e97e3b9a8fdbf9f7a123421d62d50aa280c1439090bc9
2020,espn,non_ppr,10,200,192,K,12,Ka'imi Fairbairn,HOU,0,8,nfl:gsis:00-0032726,15756,stable,exact_name_position,0.95,data/raw/espn_cheat_sheets/espn_salary_cap_values_2020_non_ppr.pdf,37b8d5e4c29dec132e0e97e3b9a8fdbf9f7a123421d62d50aa280c1439090bc9
2020,espn,non_ppr,10,200,193,TE,20,Irv Smith Jr.,MIN,0,7,nfl:gsis:00-0034970,18610,stable,exact_name_position,0.95,data/raw/espn_cheat_sheets/espn_salary_cap_values_2020_non_ppr.pdf,37b8d5e4c29dec132e0e97e3b9a8fdbf9f7a123421d62d50aa280c1439090bc9
2020,espn,non_ppr,10,200,194,WR,70,Steven Sims Jr.,WAS,0,8,nfl:gsis:00-0034928,18962,stable,exact_name_position,0.95,data/raw/espn_cheat_sheets/espn_salary_cap_values_2020_non_ppr.pdf,37b8d5e4c29dec132e0e97e3b9a8fdbf9f7a123421d62d50aa280c1439090bc9
2020,espn,non_ppr,10,200,195,WR,71,Van Jefferson,LAR,0,9,nfl:gsis:00-0036415,19483,stable,exact_name_position,0.95,data/raw/espn_cheat_sheets/espn_salary_cap_values_2020_non_ppr.pdf,37b8d5e4c29dec132e0e97e3b9a8fdbf9f7a123421d62d50aa280c1439090bc9
2020,espn,non_ppr,10,200,196,WR,72,Chase Claypool,PIT,0,8,nfl:gsis:00-0036326,18627,stable,exact_name_position,0.95,data/raw/espn_cheat_sheets/espn_salary_cap_values_2020_non_ppr.pdf,37b8d5e4c29dec132e0e97e3b9a8fdbf9f7a123421d62d50aa280c1439090bc9
2020,espn,non_ppr,10,200,197,WR,73,James Washington,PIT,0,8,nfl:gsis:00-0034676,17254,stable,exact_name_position,0.95,data/raw/espn_cheat_sheets/espn_salary_cap_values_2020_non_ppr.pdf,37b8d5e4c29dec132e0e97e3b9a8fdbf9f7a123421d62d50aa280c1439090bc9
2020,espn,non_ppr,10,200,198,WR,74,Laviska Shenault Jr.,JAX,0,7,nfl:gsis:00-0036268,19221,stable,exact_name_position,0.95,data/raw/espn_cheat_sheets/espn_salary_cap_values_2020_non_ppr.pdf,37b8d5e4c29dec132e0e97e3b9a8fdbf9f7a123421d62d50aa280c1439090bc9
2020,espn,non_ppr,10,200,199,RB,61,Darrel Williams,KC,0,10,nfl:gsis:00-0034301,17514,stable,exact_name_position,0.95,data/raw/espn_cheat_sheets/espn_salary_cap_values_2020_non_ppr.pdf,37b8d5e4c29dec132e0e97e3b9a8fdbf9f7a123421d62d50aa280c1439090bc9
2020,espn,non_ppr,10,200,200,RB,62,Devine Ozigbo,JAX,0,7,nfl:gsis:00-0035184,18630,stable,exact_name_position,0.95,data/raw/espn_cheat_sheets/espn_salary_cap_values_2020_non_ppr.pdf,37b8d5e4c29dec132e0e97e3b9a8fdbf9f7a123421d62d50aa280c1439090bc9
2020,espn,non_ppr,10,200,201,RB,63,Bryce Love,WAS,0,8,nfl:gsis:00-0035256,18266,stable,exact_name_position,0.95,data/raw/espn_cheat_sheets/espn_salary_cap_values_2020_non_ppr.pdf,37b8d5e4c29dec132e0e97e3b9a8fdbf9f7a123421d62d50aa280c1439090bc9
2020,espn,non_ppr,10,200,202,RB,64,Malcolm Brown,LAR,0,9,nfl:gsis:00-0031806,13953,stable,exact_name_position,0.95,data/raw/espn_cheat_sheets/espn_salary_cap_values_2020_non_ppr.pdf,37b8d5e4c29dec132e0e97e3b9a8fdbf9f7a123421d62d50aa280c1439090bc9
2020,espn,non_ppr,10,200,203,RB,65,Jamaal Williams,GB,0,5,nfl:gsis:00-0033948,16424,stable,exact_name_position,0.95,data/raw/espn_cheat_sheets/espn_salary_cap_values_2020_non_ppr.pdf,37b8d5e4c29dec132e0e97e3b9a8fdbf9f7a123421d62d50aa280c1439090bc9
2020,espn,non_ppr,10,200,204,RB,66,Brian Hill,ATL,0,10,nfl:gsis:00-0033567,16448,stable,exact_name_position,0.95,data/raw/espn_cheat_sheets/espn_salary_cap_values_2020_non_ppr.pdf,37b8d5e4c29dec132e0e97e3b9a8fdbf9f7a123421d62d50aa280c1439090bc9
2020,espn,non_ppr,10,200,205,RB,67,Adrian Peterson,DET,0,5,nfl:gsis:00-0025394,9006,stable,exact_name_position,0.95,data/raw/espn_cheat_sheets/espn_salary_cap_values_2020_non_ppr.pdf,37b8d5e4c29dec132e0e97e3b9a8fdbf9f7a123421d62d50aa280c1439090bc9
2020,espn,non_ppr,10,200,206,RB,68,LeSean McCoy,TB,0,13,nfl:gsis:00-0027029,9398,stable,exact_name_position,0.95,data/raw/espn_cheat_sheets/espn_salary_cap_values_2020_non_ppr.pdf,37b8d5e4c29dec132e0e97e3b9a8fdbf9f7a123421d62d50aa280c1439090bc9
2020,espn,non_ppr,10,200,207,RB,69,Giovani Bernard,CIN,0,9,nfl:gsis:00-0030456,11644,stable,exact_name_position,0.95,data/raw/espn_cheat_sheets/espn_salary_cap_values_2020_non_ppr.pdf,37b8d5e4c29dec132e0e97e3b9a8fdbf9f7a123421d62d50aa280c1439090bc9
2020,espn,non_ppr,10,200,208,RB,70,Gus Edwards,BAL,0,8,nfl:gsis:00-0034184,17687,stable,exact_name_position,0.95,data/raw/espn_cheat_sheets/espn_salary_cap_values_2020_non_ppr.pdf,37b8d5e4c29dec132e0e97e3b9a8fdbf9f7a123421d62d50aa280c1439090bc9
2020,espn,non_ppr,10,200,209,RB,71,Anthony McFarland Jr.,PIT,0,8,nfl:gsis:00-0036336,19366,stable,exact_name_position,0.95,data/raw/espn_cheat_sheets/espn_salary_cap_values_2020_non_ppr.pdf,37b8d5e4c29dec132e0e97e3b9a8fdbf9f7a123421d62d50aa280c1439090bc9
2020,espn,non_ppr,10,200,210,TE,21,Dallas Goedert,PHI,0,9,nfl:gsis:00-0034351,17270,stable,exact_name_position,0.95,data/raw/espn_cheat_sheets/espn_salary_cap_values_2020_non_ppr.pdf,37b8d5e4c29dec132e0e97e3b9a8fdbf9f7a123421d62d50aa280c1439090bc9
2020,espn,non_ppr,10,200,211,TE,22,Blake Jarwin,DAL,0,10,nfl:gsis:00-0033658,16638,stable,exact_name_position,0.95,data/raw/espn_cheat_sheets/espn_salary_cap_values_2020_non_ppr.pdf,37b8d5e4c29dec132e0e97e3b9a8fdbf9f7a123421d62d50aa280c1439090bc9
2020,espn,non_ppr,10,200,212,QB,21,Kirk Cousins,MIN,0,7,nfl:gsis:00-0029604,11177,stable,exact_name_position,0.95,data/raw/espn_cheat_sheets/espn_salary_cap_values_2020_non_ppr.pdf,37b8d5e4c29dec132e0e97e3b9a8fdbf9f7a123421d62d50aa280c1439090bc9
2020,espn,non_ppr,10,200,213,WR,75,Bryan Edwards,LV,0,6,nfl:gsis:00-0036365,18634,stable,exact_name_position,0.95,data/raw/espn_cheat_sheets/espn_salary_cap_values_2020_non_ppr.pdf,37b8d5e4c29dec132e0e97e3b9a8fdbf9f7a123421d62d50aa280c1439090bc9
2020,espn,non_ppr,10,200,214,WR,76,Antonio Brown,FA,0,0,nfl:gsis:00-0027793,9808,stable,exact_name_position,0.95,data/raw/espn_cheat_sheets/espn_salary_cap_values_2020_non_ppr.pdf,37b8d5e4c29dec132e0e97e3b9a8fdbf9f7a123421d62d50aa280c1439090bc9
2020,espn,non_ppr,10,200,215,WR,77,Russell Gage,ATL,0,10,nfl:gsis:00-0034411,17606,stable,exact_name_position,0.95,data/raw/espn_cheat_sheets/espn_salary_cap_values_2020_non_ppr.pdf,37b8d5e4c29dec132e0e97e3b9a8fdbf9f7a123421d62d50aa280c1439090bc9
2020,espn,non_ppr,10,200,216,WR,78,Cole Beasley,BUF,0,11,nfl:gsis:00-0029000,11459,stable,exact_name_position,0.95,data/raw/espn_cheat_sheets/espn_salary_cap_values_2020_non_ppr.pdf,37b8d5e4c29dec132e0e97e3b9a8fdbf9f7a123421d62d50aa280c1439090bc9
2020,espn,non_ppr,10,200,217,WR,79,Hunter Renfrow,LV,0,6,nfl:gsis:00-0034983,18345,stable,exact_name_position,0.95,data/raw/espn_cheat_sheets/espn_salary_cap_values_2020_non_ppr.pdf,37b8d5e4c29dec132e0e97e3b9a8fdbf9f7a123421d62d50aa280c1439090bc9
2020,espn,non_ppr,10,200,218,WR,80,Corey Davis,TEN,0,7,nfl:gsis:00-0033871,16385,stable,exact_name_position,0.95,data/raw/espn_cheat_sheets/espn_salary_cap_values_2020_non_ppr.pdf,37b8d5e4c29dec132e0e97e3b9a8fdbf9f7a123421d62d50aa280c1439090bc9
2020,espn,non_ppr,10,200,219,QB,22,Gardner Minshew II,JAX,0,7,nfl:gsis:00-0035289,18562,stable,exact_name_position,0.95,data/raw/espn_cheat_sheets/espn_salary_cap_values_2020_non_ppr.pdf,37b8d5e4c29dec132e0e97e3b9a8fdbf9f7a123421d62d50aa280c1439090bc9
2020,espn,non_ppr,10,200,220,QB,23,Joe Burrow,CIN,0,9,nfl:gsis:00-0036442,19196,stable,exact_name_position,0.95,data/raw/espn_cheat_sheets/espn_salary_cap_values_2020_non_ppr.pdf,37b8d5e4c29dec132e0e97e3b9a8fdbf9f7a123421d62d50aa280c1439090bc9
2020,espn,non_ppr,10,200,221,DEF,13,Cowboys D/ST,DAL,0,10,nfl:def:DAL,8080,stable,exact_defense_team,1.0,data/raw/espn_cheat_sheets/espn_salary_cap_values_2020_non_ppr.pdf,37b8d5e4c29dec132e0e97e3b9a8fdbf9f7a123421d62d50aa280c1439090bc9
2020,espn,non_ppr,10,200,222,DEF,14,Broncos D/ST,DEN,0,8,nfl:def:DEN,8090,stable,exact_defense_team,1.0,data/raw/espn_cheat_sheets/espn_salary_cap_values_2020_non_ppr.pdf,37b8d5e4c29dec132e0e97e3b9a8fdbf9f7a123421d62d50aa280c1439090bc9
2020,espn,non_ppr,10,200,223,K,13,Brandon McManus,DEN,0,8,nfl:gsis:00-0029822,13274,stable,exact_name_position,0.95,data/raw/espn_cheat_sheets/espn_salary_cap_values_2020_non_ppr.pdf,37b8d5e4c29dec132e0e97e3b9a8fdbf9f7a123421d62d50aa280c1439090bc9
2020,espn,non_ppr,10,200,224,K,14,Younghoe Koo,ATL,0,10,nfl:gsis:00-0033702,16910,stable,exact_name_position,0.95,data/raw/espn_cheat_sheets/espn_salary_cap_values_2020_non_ppr.pdf,37b8d5e4c29dec132e0e97e3b9a8fdbf9f7a123421d62d50aa280c1439090bc9
2020,espn,non_ppr,10,200,225,WR,81,Danny Amendola,DET,0,5,nfl:gsis:00-0026035,9146,stable,exact_name_position,0.95,data/raw/espn_cheat_sheets/espn_salary_cap_values_2020_non_ppr.pdf,37b8d5e4c29dec132e0e97e3b9a8fdbf9f7a123421d62d50aa280c1439090bc9
2020,espn,non_ppr,10,200,226,WR,82,Scotty Miller,TB,0,13,provisional:fantasypros:18714,18714,provisional,exact_name_position,0.95,data/raw/espn_cheat_sheets/espn_salary_cap_values_2020_non_ppr.pdf,37b8d5e4c29dec132e0e97e3b9a8fdbf9f7a123421d62d50aa280c1439090bc9
2020,espn,non_ppr,10,200,227,WR,83,Dede Westbrook,JAX,0,7,nfl:gsis:00-0033839,16436,stable,exact_name_position,0.95,data/raw/espn_cheat_sheets/espn_salary_cap_values_2020_non_ppr.pdf,37b8d5e4c29dec132e0e97e3b9a8fdbf9f7a123421d62d50aa280c1439090bc9
2020,espn,non_ppr,10,200,228,WR,84,Trent Taylor,SF,0,11,nfl:gsis:00-0033292,16505,stable,exact_name_position,0.95,data/raw/espn_cheat_sheets/espn_salary_cap_values_2020_non_ppr.pdf,37b8d5e4c29dec132e0e97e3b9a8fdbf9f7a123421d62d50aa280c1439090bc9
2020,espn,non_ppr,10,200,229,WR,85,Devin Duvernay,BAL,0,8,nfl:gsis:00-0036331,19270,stable,exact_name_position,0.95,data/raw/espn_cheat_sheets/espn_salary_cap_values_2020_non_ppr.pdf,37b8d5e4c29dec132e0e97e3b9a8fdbf9f7a123421d62d50aa280c1439090bc9
2020,espn,non_ppr,10,200,230,WR,86,Jakeem Grant,MIA,0,11,nfl:gsis:00-0032791,15680,stable,exact_name_position,0.95,data/raw/espn_cheat_sheets/espn_salary_cap_values_2020_non_ppr.pdf,37b8d5e4c29dec132e0e97e3b9a8fdbf9f7a123421d62d50aa280c1439090bc9
2020,espn,non_ppr,10,200,231,WR,87,Marquez Valdes-Scantling,GB,0,5,nfl:gsis:00-0034272,17528,stable,exact_name_position,0.95,data/raw/espn_cheat_sheets/espn_salary_cap_values_2020_non_ppr.pdf,37b8d5e4c29dec132e0e97e3b9a8fdbf9f7a123421d62d50aa280c1439090bc9
2020,espn,non_ppr,10,200,232,WR,88,Damiere Byrd,NE,0,6,nfl:gsis:00-0031868,14222,stable,exact_name_position,0.95,data/raw/espn_cheat_sheets/espn_salary_cap_values_2020_non_ppr.pdf,37b8d5e4c29dec132e0e97e3b9a8fdbf9f7a123421d62d50aa280c1439090bc9
2020,espn,non_ppr,10,200,233,WR,89,Antonio Gandy-Golden,WAS,0,8,nfl:gsis:00-0036340,19338,stable,exact_name_position,0.95,data/raw/espn_cheat_sheets/espn_salary_cap_values_2020_non_ppr.pdf,37b8d5e4c29dec132e0e97e3b9a8fdbf9f7a123421d62d50aa280c1439090bc9
2020,espn,non_ppr,10,200,234,WR,90,Adam Humphries,TEN,0,7,nfl:gsis:00-0032009,14498,stable,exact_name_position,0.95,data/raw/espn_cheat_sheets/espn_salary_cap_values_2020_non_ppr.pdf,37b8d5e4c29dec132e0e97e3b9a8fdbf9f7a123421d62d50aa280c1439090bc9
2020,espn,non_ppr,10,200,235,RB,72,Rex Burkhead,NE,0,6,nfl:gsis:00-0030288,11655,stable,exact_name_position,0.95,data/raw/espn_cheat_sheets/espn_salary_cap_values_2020_non_ppr.pdf,37b8d5e4c29dec132e0e97e3b9a8fdbf9f7a123421d62d50aa280c1439090bc9
2020,espn,non_ppr,10,200,236,RB,73,Jalen Richard,LV,0,6,nfl:gsis:00-0033025,16120,stable,exact_name_position,0.95,data/raw/espn_cheat_sheets/espn_salary_cap_values_2020_non_ppr.pdf,37b8d5e4c29dec132e0e97e3b9a8fdbf9f7a123421d62d50aa280c1439090bc9
2020,espn,non_ppr,10,200,237,RB,74,Devonta Freeman,FA,0,0,nfl:gsis:00-0031285,12108,stable,exact_name_position,0.95,data/raw/espn_cheat_sheets/espn_salary_cap_values_2020_non_ppr.pdf,37b8d5e4c29dec132e0e97e3b9a8fdbf9f7a123421d62d50aa280c1439090bc9
2020,espn,non_ppr,10,200,238,RB,75,La'Mical Perine,NYJ,0,11,nfl:gsis:00-0036269,19333,stable,exact_name_position,0.95,data/raw/espn_cheat_sheets/espn_salary_cap_values_2020_non_ppr.pdf,37b8d5e4c29dec132e0e97e3b9a8fdbf9f7a123421d62d50aa280c1439090bc9
2020,espn,non_ppr,10,200,239,RB,76,Ke'Shawn Vaughn,TB,0,13,nfl:gsis:00-0036450,19351,stable,exact_name_position,0.95,data/raw/espn_cheat_sheets/espn_salary_cap_values_2020_non_ppr.pdf,37b8d5e4c29dec132e0e97e3b9a8fdbf9f7a123421d62d50aa280c1439090bc9
2020,espn,non_ppr,10,200,240,RB,77,Ito Smith,ATL,0,10,nfl:gsis:00-0034378,17249,stable,exact_name_position,0.95,data/raw/espn_cheat_sheets/espn_salary_cap_values_2020_non_ppr.pdf,37b8d5e4c29dec132e0e97e3b9a8fdbf9f7a123421d62d50aa280c1439090bc9
2020,espn,non_ppr,10,200,241,RB,78,Frank Gore,NYJ,0,11,nfl:gsis:00-0023500,9218,stable,exact_name_position,0.95,data/raw/espn_cheat_sheets/espn_salary_cap_values_2020_non_ppr.pdf,37b8d5e4c29dec132e0e97e3b9a8fdbf9f7a123421d62d50aa280c1439090bc9
2020,espn,non_ppr,10,200,242,RB,79,Mike Davis,CAR,0,13,nfl:gsis:00-0032063,13943,stable,exact_name_position,0.95,data/raw/espn_cheat_sheets/espn_salary_cap_values_2020_non_ppr.pdf,37b8d5e4c29dec132e0e97e3b9a8fdbf9f7a123421d62d50aa280c1439090bc9
2020,espn,non_ppr,10,200,243,QB,24,Drew Lock,DEN,0,8,nfl:gsis:00-0035704,18225,stable,exact_name_position,0.95,data/raw/espn_cheat_sheets/espn_salary_cap_values_2020_non_ppr.pdf,37b8d5e4c29dec132e0e97e3b9a8fdbf9f7a123421d62d50aa280c1439090bc9
2020,espn,non_ppr,10,200,244,QB,25,Derek Carr,LV,0,6,nfl:gsis:00-0031280,12092,stable,exact_name_position,0.95,data/raw/espn_cheat_sheets/espn_salary_cap_values_2020_non_ppr.pdf,37b8d5e4c29dec132e0e97e3b9a8fdbf9f7a123421d62d50aa280c1439090bc9
2020,espn,non_ppr,10,200,245,QB,26,Philip Rivers,IND,0,7,nfl:gsis:00-0022942,9509,stable,exact_name_position,0.95,data/raw/espn_cheat_sheets/espn_salary_cap_values_2020_non_ppr.pdf,37b8d5e4c29dec132e0e97e3b9a8fdbf9f7a123421d62d50aa280c1439090bc9
2020,espn,non_ppr,10,200,246,TE,23,Tyler Eifert,JAX,0,7,nfl:gsis:00-0030549,11692,stable,exact_name_position,0.95,data/raw/espn_cheat_sheets/espn_salary_cap_values_2020_non_ppr.pdf,37b8d5e4c29dec132e0e97e3b9a8fdbf9f7a123421d62d50aa280c1439090bc9
2020,espn,non_ppr,10,200,247,TE,24,Jimmy Graham,CHI,0,11,nfl:gsis:00-0027696,9712,stable,exact_name_position,0.95,data/raw/espn_cheat_sheets/espn_salary_cap_values_2020_non_ppr.pdf,37b8d5e4c29dec132e0e97e3b9a8fdbf9f7a123421d62d50aa280c1439090bc9
2020,espn,non_ppr,10,200,248,TE,25,Ian Thomas,CAR,0,13,nfl:gsis:00-0034365,17387,stable,exact_name_position,0.95,data/raw/espn_cheat_sheets/espn_salary_cap_values_2020_non_ppr.pdf,37b8d5e4c29dec132e0e97e3b9a8fdbf9f7a123421d62d50aa280c1439090bc9
2020,espn,non_ppr,10,200,249,TE,26,Dawson Knox,BUF,0,11,nfl:gsis:00-0035689,18631,stable,exact_name_position,0.95,data/raw/espn_cheat_sheets/espn_salary_cap_values_2020_non_ppr.pdf,37b8d5e4c29dec132e0e97e3b9a8fdbf9f7a123421d62d50aa280c1439090bc9
2020,espn,non_ppr,10,200,250,RB,80,Rashaad Penny,SEA,0,6,nfl:gsis:00-0034750,17308,stable,exact_name_position,0.95,data/raw/espn_cheat_sheets/espn_salary_cap_values_2020_non_ppr.pdf,37b8d5e4c29dec132e0e97e3b9a8fdbf9f7a123421d62d50aa280c1439090bc9
2020,espn,non_ppr,10,200,251,WR,91,Josh Reynolds,LAR,0,9,nfl:gsis:00-0033943,16439,stable,exact_name_position,0.95,data/raw/espn_cheat_sheets/espn_salary_cap_values_2020_non_ppr.pdf,37b8d5e4c29dec132e0e97e3b9a8fdbf9f7a123421d62d50aa280c1439090bc9
2020,espn,non_ppr,10,200,252,WR,92,Chris Conley,JAX,0,7,nfl:gsis:00-0032128,14151,stable,exact_name_position,0.95,data/raw/espn_cheat_sheets/espn_salary_cap_values_2020_non_ppr.pdf,37b8d5e4c29dec132e0e97e3b9a8fdbf9f7a123421d62d50aa280c1439090bc9
2020,espn,non_ppr,10,200,253,DEF,15,Seahawks D/ST,SEA,0,6,nfl:def:SEA,8260,stable,exact_defense_team,1.0,data/raw/espn_cheat_sheets/espn_salary_cap_values_2020_non_ppr.pdf,37b8d5e4c29dec132e0e97e3b9a8fdbf9f7a123421d62d50aa280c1439090bc9
2020,espn,non_ppr,10,200,254,DEF,16,Rams D/ST,LAR,0,9,nfl:def:LAR,8280,stable,exact_defense_team,1.0,data/raw/espn_cheat_sheets/espn_salary_cap_values_2020_non_ppr.pdf,37b8d5e4c29dec132e0e97e3b9a8fdbf9f7a123421d62d50aa280c1439090bc9
2020,espn,non_ppr,10,200,255,K,15,Sam Sloman,LAR,0,9,nfl:gsis:00-0036436,19762,stable,exact_name_position,0.95,data/raw/espn_cheat_sheets/espn_salary_cap_values_2020_non_ppr.pdf,37b8d5e4c29dec132e0e97e3b9a8fdbf9f7a123421d62d50aa280c1439090bc9
2020,espn,non_ppr,10,200,256,K,16,Dan Bailey,MIN,0,7,nfl:gsis:00-0028660,10970,stable,exact_name_position,0.95,data/raw/espn_cheat_sheets/espn_salary_cap_values_2020_non_ppr.pdf,37b8d5e4c29dec132e0e97e3b9a8fdbf9f7a123421d62d50aa280c1439090bc9
2020,espn,non_ppr,10,200,257,TE,27,Will Dissly,SEA,0,6,nfl:gsis:00-0034159,18049,stable,exact_name_position,0.95,data/raw/espn_cheat_sheets/espn_salary_cap_values_2020_non_ppr.pdf,37b8d5e4c29dec132e0e97e3b9a8fdbf9f7a123421d62d50aa280c1439090bc9
2020,espn,non_ppr,10,200,258,TE,28,Kyle Rudolph,MIN,0,7,nfl:gsis:00-0027981,9906,stable,exact_name_position,0.95,data/raw/espn_cheat_sheets/espn_salary_cap_values_2020_non_ppr.pdf,37b8d5e4c29dec132e0e97e3b9a8fdbf9f7a123421d62d50aa280c1439090bc9
2020,espn,non_ppr,10,200,259,TE,29,Greg Olsen,SEA,0,6,nfl:gsis:00-0025418,9238,stable,exact_name_position,0.95,data/raw/espn_cheat_sheets/espn_salary_cap_values_2020_non_ppr.pdf,37b8d5e4c29dec132e0e97e3b9a8fdbf9f7a123421d62d50aa280c1439090bc9
2020,espn,non_ppr,10,200,260,WR,93,Ted Ginn Jr.,CHI,0,11,nfl:gsis:00-0025396,9588,stable,exact_name_position,0.95,data/raw/espn_cheat_sheets/espn_salary_cap_values_2020_non_ppr.pdf,37b8d5e4c29dec132e0e97e3b9a8fdbf9f7a123421d62d50aa280c1439090bc9
2020,espn,non_ppr,10,200,261,WR,94,Kenny Stills,HOU,0,8,nfl:gsis:00-0030085,11611,stable,exact_name_position,0.95,data/raw/espn_cheat_sheets/espn_salary_cap_values_2020_non_ppr.pdf,37b8d5e4c29dec132e0e97e3b9a8fdbf9f7a123421d62d50aa280c1439090bc9
2020,espn,non_ppr,10,200,262,WR,95,John Ross III,CIN,0,9,nfl:gsis:00-0033460,16388,stable,exact_name_position,0.95,data/raw/espn_cheat_sheets/espn_salary_cap_values_2020_non_ppr.pdf,37b8d5e4c29dec132e0e97e3b9a8fdbf9f7a123421d62d50aa280c1439090bc9
2020,espn,non_ppr,10,200,263,WR,96,Gunner Olszewski,NE,0,6,nfl:gsis:00-0035645,19093,stable,exact_name_position,0.95,data/raw/espn_cheat_sheets/espn_salary_cap_values_2020_non_ppr.pdf,37b8d5e4c29dec132e0e97e3b9a8fdbf9f7a123421d62d50aa280c1439090bc9
2020,espn,non_ppr,10,200,264,RB,81,Wayne Gallman,NYG,0,11,nfl:gsis:00-0033950,16422,stable,exact_name_position,0.95,data/raw/espn_cheat_sheets/espn_salary_cap_values_2020_non_ppr.pdf,37b8d5e4c29dec132e0e97e3b9a8fdbf9f7a123421d62d50aa280c1439090bc9
2020,espn,non_ppr,10,200,265,RB,82,Dion Lewis,NYG,0,11,nfl:gsis:00-0028087,9983,stable,exact_name_position,0.95,data/raw/espn_cheat_sheets/espn_salary_cap_values_2020_non_ppr.pdf,37b8d5e4c29dec132e0e97e3b9a8fdbf9f7a123421d62d50aa280c1439090bc9
2020,espn,non_ppr,10,200,266,QB,27,Sam Darnold,NYJ,0,11,nfl:gsis:00-0034869,17236,stable,exact_name_position,0.95,data/raw/espn_cheat_sheets/espn_salary_cap_values_2020_non_ppr.pdf,37b8d5e4c29dec132e0e97e3b9a8fdbf9f7a123421d62d50aa280c1439090bc9
2020,espn,non_ppr,10,200,267,QB,28,Teddy Bridgewater,CAR,0,13,nfl:gsis:00-0031237,12088,stable,exact_name_position,0.95,data/raw/espn_cheat_sheets/espn_salary_cap_values_2020_non_ppr.pdf,37b8d5e4c29dec132e0e97e3b9a8fdbf9f7a123421d62d50aa280c1439090bc9
2020,espn,non_ppr,10,200,268,QB,29,Dwayne Haskins Jr.,WAS,0,8,nfl:gsis:00-0035232,,stable,nflverse_exact_name,0.9,data/raw/espn_cheat_sheets/espn_salary_cap_values_2020_non_ppr.pdf,37b8d5e4c29dec132e0e97e3b9a8fdbf9f7a123421d62d50aa280c1439090bc9
2020,espn,non_ppr,10,200,269,QB,30,Tyrod Taylor,LAC,0,10,nfl:gsis:00-0028118,10007,stable,exact_name_position,0.95,data/raw/espn_cheat_sheets/espn_salary_cap_values_2020_non_ppr.pdf,37b8d5e4c29dec132e0e97e3b9a8fdbf9f7a123421d62d50aa280c1439090bc9
2020,espn,non_ppr,10,200,270,QB,31,Tua Tagovailoa,MIA,0,11,nfl:gsis:00-0036212,19198,stable,exact_name_position,0.95,data/raw/espn_cheat_sheets/espn_salary_cap_values_2020_non_ppr.pdf,37b8d5e4c29dec132e0e97e3b9a8fdbf9f7a123421d62d50aa280c1439090bc9
2020,espn,non_ppr,10,200,271,WR,97,Andy Isabella,ARI,0,8,nfl:gsis:00-0035527,18409,stable,exact_name_position,0.95,data/raw/espn_cheat_sheets/espn_salary_cap_values_2020_non_ppr.pdf,37b8d5e4c29dec132e0e97e3b9a8fdbf9f7a123421d62d50aa280c1439090bc9
2020,espn,non_ppr,10,200,272,WR,98,Jalen Guyton,LAC,0,10,nfl:gsis:00-0035414,18941,stable,exact_name_position,0.95,data/raw/espn_cheat_sheets/espn_salary_cap_values_2020_non_ppr.pdf,37b8d5e4c29dec132e0e97e3b9a8fdbf9f7a123421d62d50aa280c1439090bc9
2020,espn,non_ppr,10,200,273,WR,99,Miles Boykin,BAL,0,8,nfl:gsis:00-0035703,18636,stable,exact_name_position,0.95,data/raw/espn_cheat_sheets/espn_salary_cap_values_2020_non_ppr.pdf,37b8d5e4c29dec132e0e97e3b9a8fdbf9f7a123421d62d50aa280c1439090bc9
2020,espn,non_ppr,10,200,274,WR,100,Chris Hogan,NYJ,0,11,nfl:gsis:00-0028237,11477,stable,exact_name_position,0.95,data/raw/espn_cheat_sheets/espn_salary_cap_values_2020_non_ppr.pdf,37b8d5e4c29dec132e0e97e3b9a8fdbf9f7a123421d62d50aa280c1439090bc9
2020,espn,non_ppr,10,200,275,WR,101,Jakobi Meyers,NE,0,6,nfl:gsis:00-0034960,18598,stable,exact_name_position,0.95,data/raw/espn_cheat_sheets/espn_salary_cap_values_2020_non_ppr.pdf,37b8d5e4c29dec132e0e97e3b9a8fdbf9f7a123421d62d50aa280c1439090bc9
2020,espn,non_ppr,10,200,276,RB,83,J.D. McKissic,WAS,0,8,nfl:gsis:00-0032602,16230,stable,exact_name_position,0.95,data/raw/espn_cheat_sheets/espn_salary_cap_values_2020_non_ppr.pdf,37b8d5e4c29dec132e0e97e3b9a8fdbf9f7a123421d62d50aa280c1439090bc9
2020,espn,non_ppr,10,200,277,RB,84,Peyton Barber,WAS,0,8,nfl:gsis:00-0032741,15920,stable,exact_name_position,0.95,data/raw/espn_cheat_sheets/espn_salary_cap_values_2020_non_ppr.pdf,37b8d5e4c29dec132e0e97e3b9a8fdbf9f7a123421d62d50aa280c1439090bc9
2020,espn,non_ppr,10,200,278,RB,85,Jaylen Samuels,PIT,0,8,nfl:gsis:00-0034331,17271,stable,exact_name_position,0.95,data/raw/espn_cheat_sheets/espn_salary_cap_values_2020_non_ppr.pdf,37b8d5e4c29dec132e0e97e3b9a8fdbf9f7a123421d62d50aa280c1439090bc9
2020,espn,non_ppr,10,200,279,RB,86,Ryquell Armstead,JAX,0,7,nfl:gsis:00-0035268,18521,stable,exact_name_position,0.95,data/raw/espn_cheat_sheets/espn_salary_cap_values_2020_non_ppr.pdf,37b8d5e4c29dec132e0e97e3b9a8fdbf9f7a123421d62d50aa280c1439090bc9
2020,espn,non_ppr,10,200,280,RB,87,Devontae Booker,LV,0,6,nfl:gsis:00-0032972,15555,stable,exact_name_position,0.95,data/raw/espn_cheat_sheets/espn_salary_cap_values_2020_non_ppr.pdf,37b8d5e4c29dec132e0e97e3b9a8fdbf9f7a123421d62d50aa280c1439090bc9
2020,espn,non_ppr,10,200,281,RB,88,Royce Freeman,DEN,0,8,nfl:gsis:00-0034838,17245,stable,exact_name_position,0.95,data/raw/espn_cheat_sheets/espn_salary_cap_values_2020_non_ppr.pdf,37b8d5e4c29dec132e0e97e3b9a8fdbf9f7a123421d62d50aa280c1439090bc9
2020,espn,non_ppr,10,200,282,RB,89,Trayveon Williams,CIN,0,9,nfl:gsis:00-0035291,18607,stable,exact_name_position,0.95,data/raw/espn_cheat_sheets/espn_salary_cap_values_2020_non_ppr.pdf,37b8d5e4c29dec132e0e97e3b9a8fdbf9f7a123421d62d50aa280c1439090bc9
2020,espn,non_ppr,10,200,283,RB,90,Myles Gaskin,MIA,0,11,nfl:gsis:00-0035311,17251,stable,exact_name_position,0.95,data/raw/espn_cheat_sheets/espn_salary_cap_values_2020_non_ppr.pdf,37b8d5e4c29dec132e0e97e3b9a8fdbf9f7a123421d62d50aa280c1439090bc9
2020,espn,non_ppr,10,200,284,WR,102,Demarcus Robinson,KC,0,10,nfl:gsis:00-0032775,15665,stable,exact_name_position,0.95,data/raw/espn_cheat_sheets/espn_salary_cap_values_2020_non_ppr.pdf,37b8d5e4c29dec132e0e97e3b9a8fdbf9f7a123421d62d50aa280c1439090bc9
2020,espn,non_ppr,10,200,285,DEF,17,Eagles D/ST,PHI,0,9,nfl:def:PHI,8230,stable,exact_defense_team,1.0,data/raw/espn_cheat_sheets/espn_salary_cap_values_2020_non_ppr.pdf,37b8d5e4c29dec132e0e97e3b9a8fdbf9f7a123421d62d50aa280c1439090bc9
2020,espn,non_ppr,10,200,286,DEF,18,Lions D/ST,DET,0,5,nfl:def:DET,8100,stable,exact_defense_team,1.0,data/raw/espn_cheat_sheets/espn_salary_cap_values_2020_non_ppr.pdf,37b8d5e4c29dec132e0e97e3b9a8fdbf9f7a123421d62d50aa280c1439090bc9
2020,espn,non_ppr,10,200,287,K,17,Mason Crosby,GB,0,5,nfl:gsis:00-0025580,9433,stable,exact_name_position,0.95,data/raw/espn_cheat_sheets/espn_salary_cap_values_2020_non_ppr.pdf,37b8d5e4c29dec132e0e97e3b9a8fdbf9f7a123421d62d50aa280c1439090bc9
2020,espn,non_ppr,10,200,288,K,18,Jason Myers,SEA,0,6,nfl:gsis:00-0031492,14003,stable,exact_name_position,0.95,data/raw/espn_cheat_sheets/espn_salary_cap_values_2020_non_ppr.pdf,37b8d5e4c29dec132e0e97e3b9a8fdbf9f7a123421d62d50aa280c1439090bc9
2020,espn,non_ppr,10,200,289,TE,30,Taysom Hill,NO,0,6,nfl:gsis:00-0033357,17115,stable,exact_name_position,0.95,data/raw/espn_cheat_sheets/espn_salary_cap_values_2020_non_ppr.pdf,37b8d5e4c29dec132e0e97e3b9a8fdbf9f7a123421d62d50aa280c1439090bc9
2020,espn,non_ppr,10,200,290,TE,31,Dan Arnold,ARI,0,8,nfl:gsis:00-0034011,17143,stable,exact_name_position,0.95,data/raw/espn_cheat_sheets/espn_salary_cap_values_2020_non_ppr.pdf,37b8d5e4c29dec132e0e97e3b9a8fdbf9f7a123421d62d50aa280c1439090bc9
2020,espn,non_ppr,10,200,291,TE,32,Jordan Akins,HOU,0,8,nfl:gsis:00-0034364,17415,stable,exact_name_position,0.95,data/raw/espn_cheat_sheets/espn_salary_cap_values_2020_non_ppr.pdf,37b8d5e4c29dec132e0e97e3b9a8fdbf9f7a123421d62d50aa280c1439090bc9
2020,espn,non_ppr,10,200,292,TE,33,Gerald Everett,LAR,0,9,nfl:gsis:00-0033895,16459,stable,exact_name_position,0.95,data/raw/espn_cheat_sheets/espn_salary_cap_values_2020_non_ppr.pdf,37b8d5e4c29dec132e0e97e3b9a8fdbf9f7a123421d62d50aa280c1439090bc9
2020,espn,non_ppr,10,200,293,TE,34,O.J. Howard,TB,0,13,nfl:gsis:00-0033879,16380,stable,exact_name_position,0.95,data/raw/espn_cheat_sheets/espn_salary_cap_values_2020_non_ppr.pdf,37b8d5e4c29dec132e0e97e3b9a8fdbf9f7a123421d62d50aa280c1439090bc9
2020,espn,non_ppr,10,200,294,WR,103,Willie Snead IV,BAL,0,8,nfl:gsis:00-0030663,12904,stable,exact_name_position,0.95,data/raw/espn_cheat_sheets/espn_salary_cap_values_2020_non_ppr.pdf,37b8d5e4c29dec132e0e97e3b9a8fdbf9f7a123421d62d50aa280c1439090bc9
2020,espn,non_ppr,10,200,295,WR,104,J.J. Arcega-Whiteside,PHI,0,9,nfl:gsis:00-0035246,18235,stable,exact_name_position,0.95,data/raw/espn_cheat_sheets/espn_salary_cap_values_2020_non_ppr.pdf,37b8d5e4c29dec132e0e97e3b9a8fdbf9f7a123421d62d50aa280c1439090bc9
2020,espn,non_ppr,10,200,296,QB,32,Mitchell Trubisky,CHI,0,11,nfl:gsis:00-0033869,16381,stable,exact_name_position,0.95,data/raw/espn_cheat_sheets/espn_salary_cap_values_2020_non_ppr.pdf,37b8d5e4c29dec132e0e97e3b9a8fdbf9f7a123421d62d50aa280c1439090bc9
2020,espn,non_ppr,10,200,297,DEF,19,Browns D/ST,CLE,0,9,nfl:def:CLE,8070,stable,exact_defense_team,1.0,data/raw/espn_cheat_sheets/espn_salary_cap_values_2020_non_ppr.pdf,37b8d5e4c29dec132e0e97e3b9a8fdbf9f7a123421d62d50aa280c1439090bc9
2020,espn,non_ppr,10,200,298,DEF,20,Chiefs D/ST,KC,0,10,nfl:def:KC,8150,stable,exact_defense_team,1.0,data/raw/espn_cheat_sheets/espn_salary_cap_values_2020_non_ppr.pdf,37b8d5e4c29dec132e0e97e3b9a8fdbf9f7a123421d62d50aa280c1439090bc9
2020,espn,non_ppr,10,200,299,DEF,21,Bengals D/ST,CIN,0,9,nfl:def:CIN,8060,stable,exact_defense_team,1.0,data/raw/espn_cheat_sheets/espn_salary_cap_values_2020_non_ppr.pdf,37b8d5e4c29dec132e0e97e3b9a8fdbf9f7a123421d62d50aa280c1439090bc9
2020,espn,non_ppr,10,200,300,DEF,22,Dolphins D/ST,MIA,0,11,nfl:def:MIA,8160,stable,exact_defense_team,1.0,data/raw/espn_cheat_sheets/espn_salary_cap_values_2020_non_ppr.pdf,37b8d5e4c29dec132e0e97e3b9a8fdbf9f7a123421d62d50aa280c1439090bc9
2021,espn,non_ppr,10,200,49,QB,1,Patrick Mahomes,KC,13,12,nfl:gsis:00-0033873,16413,stable,exact_name,0.95,data/raw/espn_cheat_sheets/espn_salary_cap_values_2021_non_ppr.pdf,92a00b4d1e894f31ee6c1ba251a0bc58d4e59f66404373b232eee1bb6ce2360b
2021,espn,non_ppr,10,200,1,RB,1,Christian McCaffrey,CAR,62,13,nfl:gsis:00-0033280,16393,stable,exact_name,0.95,data/raw/espn_cheat_sheets/espn_salary_cap_values_2021_non_ppr.pdf,92a00b4d1e894f31ee6c1ba251a0bc58d4e59f66404373b232eee1bb6ce2360b
2021,espn,non_ppr,10,200,241,RB,78,Chris Evans,CIN,0,10,nfl:gsis:00-0036857,22797,stable,exact_name,0.95,data/raw/espn_cheat_sheets/espn_salary_cap_values_2021_non_ppr.pdf,92a00b4d1e894f31ee6c1ba251a0bc58d4e59f66404373b232eee1bb6ce2360b
2021,espn,non_ppr,10,200,159,WR,68,Bryan Edwards,LV,0,8,nfl:gsis:00-0036365,18634,stable,exact_name,0.95,data/raw/espn_cheat_sheets/espn_salary_cap_values_2021_non_ppr.pdf,92a00b4d1e894f31ee6c1ba251a0bc58d4e59f66404373b232eee1bb6ce2360b
2021,espn,non_ppr,10,200,50,QB,2,Josh Allen,BUF,13,7,nfl:gsis:00-0034857,17298,stable,exact_name,0.95,data/raw/espn_cheat_sheets/espn_salary_cap_values_2021_non_ppr.pdf,92a00b4d1e894f31ee6c1ba251a0bc58d4e59f66404373b232eee1bb6ce2360b
2021,espn,non_ppr,10,200,2,RB,2,Dalvin Cook,MIN,59,7,nfl:gsis:00-0033893,16374,stable,exact_name,0.95,data/raw/espn_cheat_sheets/espn_salary_cap_values_2021_non_ppr.pdf,92a00b4d1e894f31ee6c1ba251a0bc58d4e59f66404373b232eee1bb6ce2360b
2021,espn,non_ppr,10,200,242,RB,79,Kyle Juszczyk,SF,0,6,nfl:gsis:00-0029892,11798,stable,exact_name,0.95,data/raw/espn_cheat_sheets/espn_salary_cap_values_2021_non_ppr.pdf,92a00b4d1e894f31ee6c1ba251a0bc58d4e59f66404373b232eee1bb6ce2360b
2021,espn,non_ppr,10,200,160,WR,69,A.J. Green,ARI,0,12,nfl:gsis:00-0027942,9857,stable,exact_name,0.95,data/raw/espn_cheat_sheets/espn_salary_cap_values_2021_non_ppr.pdf,92a00b4d1e894f31ee6c1ba251a0bc58d4e59f66404373b232eee1bb6ce2360b
2021,espn,non_ppr,10,200,63,QB,3,Kyler Murray,ARI,8,12,nfl:gsis:00-0035228,18600,stable,exact_name,0.95,data/raw/espn_cheat_sheets/espn_salary_cap_values_2021_non_ppr.pdf,92a00b4d1e894f31ee6c1ba251a0bc58d4e59f66404373b232eee1bb6ce2360b
2021,espn,non_ppr,10,200,3,RB,3,Derrick Henry,TEN,59,13,nfl:gsis:00-0032764,15514,stable,exact_name,0.95,data/raw/espn_cheat_sheets/espn_salary_cap_values_2021_non_ppr.pdf,92a00b4d1e894f31ee6c1ba251a0bc58d4e59f66404373b232eee1bb6ce2360b
2021,espn,non_ppr,10,200,250,RB,80,Anthony McFarland Jr.,PIT,0,7,nfl:gsis:00-0036336,19366,stable,exact_name,0.95,data/raw/espn_cheat_sheets/espn_salary_cap_values_2021_non_ppr.pdf,92a00b4d1e894f31ee6c1ba251a0bc58d4e59f66404373b232eee1bb6ce2360b
2021,espn,non_ppr,10,200,161,WR,70,Randall Cobb,GB,0,13,nfl:gsis:00-0028002,9902,stable,exact_name,0.95,data/raw/espn_cheat_sheets/espn_salary_cap_values_2021_non_ppr.pdf,92a00b4d1e894f31ee6c1ba251a0bc58d4e59f66404373b232eee1bb6ce2360b
2021,espn,non_ppr,10,200,67,QB,4,Dak Prescott,DAL,7,7,nfl:gsis:00-0033077,15600,stable,exact_name,0.95,data/raw/espn_cheat_sheets/espn_salary_cap_values_2021_non_ppr.pdf,92a00b4d1e894f31ee6c1ba251a0bc58d4e59f66404373b232eee1bb6ce2360b
2021,espn,non_ppr,10,200,4,RB,4,Alvin Kamara,NO,58,6,nfl:gsis:00-0033906,16421,stable,exact_name,0.95,data/raw/espn_cheat_sheets/espn_salary_cap_values_2021_non_ppr.pdf,92a00b4d1e894f31ee6c1ba251a0bc58d4e59f66404373b232eee1bb6ce2360b
2021,espn,non_ppr,10,200,264,RB,81,Dare Ogunbowale,JAX,0,7,nfl:gsis:00-0033854,16879,stable,exact_name,0.95,data/raw/espn_cheat_sheets/espn_salary_cap_values_2021_non_ppr.pdf,92a00b4d1e894f31ee6c1ba251a0bc58d4e59f66404373b232eee1bb6ce2360b
2021,espn,non_ppr,10,200,162,WR,71,Gabriel Davis,BUF,0,7,nfl:gsis:00-0036196,19398,stable,exact_name,0.95,data/raw/espn_cheat_sheets/espn_salary_cap_values_2021_non_ppr.pdf,92a00b4d1e894f31ee6c1ba251a0bc58d4e59f66404373b232eee1bb6ce2360b
2021,espn,non_ppr,10,200,68,QB,5,Lamar Jackson,BAL,6,8,nfl:gsis:00-0034796,17233,stable,exact_name,0.95,data/raw/espn_cheat_sheets/espn_salary_cap_values_2021_non_ppr.pdf,92a00b4d1e894f31ee6c1ba251a0bc58d4e59f66404373b232eee1bb6ce2360b
2021,espn,non_ppr,10,200,5,RB,5,Saquon Barkley,NYG,56,10,nfl:gsis:00-0034844,17240,stable,exact_name,0.95,data/raw/espn_cheat_sheets/espn_salary_cap_values_2021_non_ppr.pdf,92a00b4d1e894f31ee6c1ba251a0bc58d4e59f66404373b232eee1bb6ce2360b
2021,espn,non_ppr,10,200,265,RB,82,Jeremy McNichols,TEN,0,13,nfl:gsis:00-0033955,16445,stable,exact_name,0.95,data/raw/espn_cheat_sheets/espn_salary_cap_values_2021_non_ppr.pdf,92a00b4d1e894f31ee6c1ba251a0bc58d4e59f66404373b232eee1bb6ce2360b
2021,espn,non_ppr,10,200,163,WR,72,Emmanuel Sanders,BUF,0,7,nfl:gsis:00-0027685,9707,stable,exact_name,0.95,data/raw/espn_cheat_sheets/espn_salary_cap_values_2021_non_ppr.pdf,92a00b4d1e894f31ee6c1ba251a0bc58d4e59f66404373b232eee1bb6ce2360b
2021,espn,non_ppr,10,200,79,QB,6,Aaron Rodgers,GB,4,13,nfl:gsis:00-0023459,9001,stable,exact_name,0.95,data/raw/espn_cheat_sheets/espn_salary_cap_values_2021_non_ppr.pdf,92a00b4d1e894f31ee6c1ba251a0bc58d4e59f66404373b232eee1bb6ce2360b
2021,espn,non_ppr,10,200,8,RB,6,Jonathan Taylor,IND,50,14,nfl:gsis:00-0036223,19217,stable,exact_name,0.95,data/raw/espn_cheat_sheets/espn_salary_cap_values_2021_non_ppr.pdf,92a00b4d1e894f31ee6c1ba251a0bc58d4e59f66404373b232eee1bb6ce2360b
2021,espn,non_ppr,10,200,276,RB,83,Dwayne Washington,NO,0,6,nfl:gsis:00-0032450,15850,stable,exact_name,0.95,data/raw/espn_cheat_sheets/espn_salary_cap_values_2021_non_ppr.pdf,92a00b4d1e894f31ee6c1ba251a0bc58d4e59f66404373b232eee1bb6ce2360b
2021,espn,non_ppr,10,200,164,WR,73,Amon-Ra St. Brown,DET,0,9,nfl:gsis:00-0036963,19799,stable,exact_name,0.95,data/raw/espn_cheat_sheets/espn_salary_cap_values_2021_non_ppr.pdf,92a00b4d1e894f31ee6c1ba251a0bc58d4e59f66404373b232eee1bb6ce2360b
2021,espn,non_ppr,10,200,80,QB,7,Russell Wilson,SEA,4,9,nfl:gsis:00-0029263,11180,stable,exact_name,0.95,data/raw/espn_cheat_sheets/espn_salary_cap_values_2021_non_ppr.pdf,92a00b4d1e894f31ee6c1ba251a0bc58d4e59f66404373b232eee1bb6ce2360b
2021,espn,non_ppr,10,200,9,RB,7,Ezekiel Elliott,DAL,48,7,nfl:gsis:00-0033045,15498,stable,exact_name,0.95,data/raw/espn_cheat_sheets/espn_salary_cap_values_2021_non_ppr.pdf,92a00b4d1e894f31ee6c1ba251a0bc58d4e59f66404373b232eee1bb6ce2360b
2021,espn,non_ppr,10,200,277,RB,84,DeeJay Dallas,SEA,0,9,nfl:gsis:00-0036425,19521,stable,exact_name,0.95,data/raw/espn_cheat_sheets/espn_salary_cap_values_2021_non_ppr.pdf,92a00b4d1e894f31ee6c1ba251a0bc58d4e59f66404373b232eee1bb6ce2360b
2021,espn,non_ppr,10,200,193,WR,74,Nico Collins,HOU,0,10,nfl:gsis:00-0036554,20130,stable,exact_name,0.95,data/raw/espn_cheat_sheets/espn_salary_cap_values_2021_non_ppr.pdf,92a00b4d1e894f31ee6c1ba251a0bc58d4e59f66404373b232eee1bb6ce2360b
2021,espn,non_ppr,10,200,81,QB,8,Justin Herbert,LAC,4,7,nfl:gsis:00-0036355,18635,stable,exact_name,0.95,data/raw/espn_cheat_sheets/espn_salary_cap_values_2021_non_ppr.pdf,92a00b4d1e894f31ee6c1ba251a0bc58d4e59f66404373b232eee1bb6ce2360b
2021,espn,non_ppr,10,200,10,RB,8,Nick Chubb,CLE,46,13,nfl:gsis:00-0034791,17246,stable,exact_name,0.95,data/raw/espn_cheat_sheets/espn_salary_cap_values_2021_non_ppr.pdf,92a00b4d1e894f31ee6c1ba251a0bc58d4e59f66404373b232eee1bb6ce2360b
2021,espn,non_ppr,10,200,278,RB,85,Benny Snell Jr.,PIT,0,7,nfl:gsis:00-0035217,18609,stable,exact_name,0.95,data/raw/espn_cheat_sheets/espn_salary_cap_values_2021_non_ppr.pdf,92a00b4d1e894f31ee6c1ba251a0bc58d4e59f66404373b232eee1bb6ce2360b
2021,espn,non_ppr,10,200,213,WR,75,Rashod Bateman,BAL,0,8,nfl:gsis:00-0036550,19794,stable,exact_name,0.95,data/raw/espn_cheat_sheets/espn_salary_cap_values_2021_non_ppr.pdf,92a00b4d1e894f31ee6c1ba251a0bc58d4e59f66404373b232eee1bb6ce2360b
2021,espn,non_ppr,10,200,109,QB,9,Tom Brady,TB,2,9,nfl:gsis:00-0019596,9603,stable,exact_name,0.95,data/raw/espn_cheat_sheets/espn_salary_cap_values_2021_non_ppr.pdf,92a00b4d1e894f31ee6c1ba251a0bc58d4e59f66404373b232eee1bb6ce2360b
2021,espn,non_ppr,10,200,11,RB,9,Aaron Jones,GB,45,13,nfl:gsis:00-0033293,16673,stable,exact_name,0.95,data/raw/espn_cheat_sheets/espn_salary_cap_values_2021_non_ppr.pdf,92a00b4d1e894f31ee6c1ba251a0bc58d4e59f66404373b232eee1bb6ce2360b
2021,espn,non_ppr,10,200,214,WR,76,Sammy Watkins,BAL,0,8,nfl:gsis:00-0031325,12118,stable,exact_name,0.95,data/raw/espn_cheat_sheets/espn_salary_cap_values_2021_non_ppr.pdf,92a00b4d1e894f31ee6c1ba251a0bc58d4e59f66404373b232eee1bb6ce2360b
2021,espn,non_ppr,10,200,113,QB,10,Jalen Hurts,PHI,2,14,nfl:gsis:00-0036389,19275,stable,exact_name,0.95,data/raw/espn_cheat_sheets/espn_salary_cap_values_2021_non_ppr.pdf,92a00b4d1e894f31ee6c1ba251a0bc58d4e59f66404373b232eee1bb6ce2360b
2021,espn,non_ppr,10,200,12,RB,10,Antonio Gibson,WAS,45,9,nfl:gsis:00-0036328,19624,stable,exact_name,0.95,data/raw/espn_cheat_sheets/espn_salary_cap_values_2021_non_ppr.pdf,92a00b4d1e894f31ee6c1ba251a0bc58d4e59f66404373b232eee1bb6ce2360b
2021,espn,non_ppr,10,200,215,WR,77,Tre'Quan Smith,NO,0,6,nfl:gsis:00-0034765,17261,stable,exact_name,0.95,data/raw/espn_cheat_sheets/espn_salary_cap_values_2021_non_ppr.pdf,92a00b4d1e894f31ee6c1ba251a0bc58d4e59f66404373b232eee1bb6ce2360b
2021,espn,non_ppr,10,200,114,QB,11,Ryan Tannehill,TEN,2,13,nfl:gsis:00-0029701,11174,stable,exact_name,0.95,data/raw/espn_cheat_sheets/espn_salary_cap_values_2021_non_ppr.pdf,92a00b4d1e894f31ee6c1ba251a0bc58d4e59f66404373b232eee1bb6ce2360b
2021,espn,non_ppr,10,200,14,RB,11,Najee Harris,PIT,43,7,nfl:gsis:00-0036893,19302,stable,exact_name,0.95,data/raw/espn_cheat_sheets/espn_salary_cap_values_2021_non_ppr.pdf,92a00b4d1e894f31ee6c1ba251a0bc58d4e59f66404373b232eee1bb6ce2360b
2021,espn,non_ppr,10,200,7,WR,1,Davante Adams,GB,51,13,nfl:gsis:00-0031381,12123,stable,exact_name,0.95,data/raw/espn_cheat_sheets/espn_salary_cap_values_2021_non_ppr.pdf,92a00b4d1e894f31ee6c1ba251a0bc58d4e59f66404373b232eee1bb6ce2360b
2021,espn,non_ppr,10,200,216,WR,78,Van Jefferson,LAR,0,11,nfl:gsis:00-0036415,19483,stable,exact_name,0.95,data/raw/espn_cheat_sheets/espn_salary_cap_values_2021_non_ppr.pdf,92a00b4d1e894f31ee6c1ba251a0bc58d4e59f66404373b232eee1bb6ce2360b
2021,espn,non_ppr,10,200,115,QB,12,Matthew Stafford,LAR,2,11,nfl:gsis:00-0026498,9451,stable,exact_name,0.95,data/raw/espn_cheat_sheets/espn_salary_cap_values_2021_non_ppr.pdf,92a00b4d1e894f31ee6c1ba251a0bc58d4e59f66404373b232eee1bb6ce2360b
2021,espn,non_ppr,10,200,15,RB,12,Austin Ekeler,LAC,42,7,nfl:gsis:00-0033699,16483,stable,exact_name,0.95,data/raw/espn_cheat_sheets/espn_salary_cap_values_2021_non_ppr.pdf,92a00b4d1e894f31ee6c1ba251a0bc58d4e59f66404373b232eee1bb6ce2360b
2021,espn,non_ppr,10,200,13,WR,2,Tyreek Hill,KC,44,12,nfl:gsis:00-0033040,15802,stable,exact_name,0.95,data/raw/espn_cheat_sheets/espn_salary_cap_values_2021_non_ppr.pdf,92a00b4d1e894f31ee6c1ba251a0bc58d4e59f66404373b232eee1bb6ce2360b
2021,espn,non_ppr,10,200,217,WR,79,Kadarius Toney,NYG,0,10,nfl:gsis:00-0036913,20119,stable,exact_name,0.95,data/raw/espn_cheat_sheets/espn_salary_cap_values_2021_non_ppr.pdf,92a00b4d1e894f31ee6c1ba251a0bc58d4e59f66404373b232eee1bb6ce2360b
2021,espn,non_ppr,10,200,133,QB,13,Joe Burrow,CIN,1,10,nfl:gsis:00-0036442,19196,stable,exact_name,0.95,data/raw/espn_cheat_sheets/espn_salary_cap_values_2021_non_ppr.pdf,92a00b4d1e894f31ee6c1ba251a0bc58d4e59f66404373b232eee1bb6ce2360b
2021,espn,non_ppr,10,200,22,RB,13,Joe Mixon,CIN,33,10,nfl:gsis:00-0033897,16420,stable,exact_name,0.95,data/raw/espn_cheat_sheets/espn_salary_cap_values_2021_non_ppr.pdf,92a00b4d1e894f31ee6c1ba251a0bc58d4e59f66404373b232eee1bb6ce2360b
2021,espn,non_ppr,10,200,16,WR,3,Stefon Diggs,BUF,40,7,nfl:gsis:00-0031588,13981,stable,exact_name,0.95,data/raw/espn_cheat_sheets/espn_salary_cap_values_2021_non_ppr.pdf,92a00b4d1e894f31ee6c1ba251a0bc58d4e59f66404373b232eee1bb6ce2360b
2021,espn,non_ppr,10,200,218,WR,80,D'Wayne Eskridge,SEA,0,9,nfl:gsis:00-0036620,22785,stable,exact_name,0.95,data/raw/espn_cheat_sheets/espn_salary_cap_values_2021_non_ppr.pdf,92a00b4d1e894f31ee6c1ba251a0bc58d4e59f66404373b232eee1bb6ce2360b
2021,espn,non_ppr,10,200,134,QB,14,Baker Mayfield,CLE,1,13,nfl:gsis:00-0034855,17237,stable,exact_name,0.95,data/raw/espn_cheat_sheets/espn_salary_cap_values_2021_non_ppr.pdf,92a00b4d1e894f31ee6c1ba251a0bc58d4e59f66404373b232eee1bb6ce2360b
2021,espn,non_ppr,10,200,23,RB,14,Clyde Edwards-Helaire,KC,32,12,nfl:gsis:00-0036360,19325,stable,exact_name,0.95,data/raw/espn_cheat_sheets/espn_salary_cap_values_2021_non_ppr.pdf,92a00b4d1e894f31ee6c1ba251a0bc58d4e59f66404373b232eee1bb6ce2360b
2021,espn,non_ppr,10,200,17,WR,4,Calvin Ridley,ATL,38,6,nfl:gsis:00-0034837,17258,stable,exact_name,0.95,data/raw/espn_cheat_sheets/espn_salary_cap_values_2021_non_ppr.pdf,92a00b4d1e894f31ee6c1ba251a0bc58d4e59f66404373b232eee1bb6ce2360b
2021,espn,non_ppr,10,200,225,WR,81,T.Y. Hilton,IND,0,14,nfl:gsis:00-0029608,11206,stable,exact_name,0.95,data/raw/espn_cheat_sheets/espn_salary_cap_values_2021_non_ppr.pdf,92a00b4d1e894f31ee6c1ba251a0bc58d4e59f66404373b232eee1bb6ce2360b
2021,espn,non_ppr,10,200,135,QB,15,Tua Tagovailoa,MIA,1,14,nfl:gsis:00-0036212,19198,stable,exact_name,0.95,data/raw/espn_cheat_sheets/espn_salary_cap_values_2021_non_ppr.pdf,92a00b4d1e894f31ee6c1ba251a0bc58d4e59f66404373b232eee1bb6ce2360b
2021,espn,non_ppr,10,200,30,RB,15,David Montgomery,CHI,26,10,nfl:gsis:00-0035685,18239,stable,exact_name,0.95,data/raw/espn_cheat_sheets/espn_salary_cap_values_2021_non_ppr.pdf,92a00b4d1e894f31ee6c1ba251a0bc58d4e59f66404373b232eee1bb6ce2360b
2021,espn,non_ppr,10,200,18,WR,5,DeAndre Hopkins,ARI,37,12,nfl:gsis:00-0030564,11606,stable,exact_name,0.95,data/raw/espn_cheat_sheets/espn_salary_cap_values_2021_non_ppr.pdf,92a00b4d1e894f31ee6c1ba251a0bc58d4e59f66404373b232eee1bb6ce2360b
2021,espn,non_ppr,10,200,226,WR,82,Christian Kirk,ARI,0,12,nfl:gsis:00-0034775,17268,stable,exact_name,0.95,data/raw/espn_cheat_sheets/espn_salary_cap_values_2021_non_ppr.pdf,92a00b4d1e894f31ee6c1ba251a0bc58d4e59f66404373b232eee1bb6ce2360b
2021,espn,non_ppr,10,200,146,QB,16,Trevor Lawrence,JAX,0,7,nfl:gsis:00-0036971,19780,stable,exact_name,0.95,data/raw/espn_cheat_sheets/espn_salary_cap_values_2021_non_ppr.pdf,92a00b4d1e894f31ee6c1ba251a0bc58d4e59f66404373b232eee1bb6ce2360b
2021,espn,non_ppr,10,200,31,RB,16,James Robinson,JAX,26,7,nfl:gsis:00-0035831,19631,stable,exact_name,0.95,data/raw/espn_cheat_sheets/espn_salary_cap_values_2021_non_ppr.pdf,92a00b4d1e894f31ee6c1ba251a0bc58d4e59f66404373b232eee1bb6ce2360b
2021,espn,non_ppr,10,200,19,WR,6,DK Metcalf,SEA,36,9,nfl:gsis:00-0035640,18219,stable,exact_name,0.95,data/raw/espn_cheat_sheets/espn_salary_cap_values_2021_non_ppr.pdf,92a00b4d1e894f31ee6c1ba251a0bc58d4e59f66404373b232eee1bb6ce2360b
2021,espn,non_ppr,10,200,227,WR,83,Allen Lazard,GB,0,13,nfl:gsis:00-0034521,17301,stable,exact_name,0.95,data/raw/espn_cheat_sheets/espn_salary_cap_values_2021_non_ppr.pdf,92a00b4d1e894f31ee6c1ba251a0bc58d4e59f66404373b232eee1bb6ce2360b
2021,espn,non_ppr,10,200,147,QB,17,Matt Ryan,ATL,0,6,nfl:gsis:00-0026143,9444,stable,exact_name,0.95,data/raw/espn_cheat_sheets/espn_salary_cap_values_2021_non_ppr.pdf,92a00b4d1e894f31ee6c1ba251a0bc58d4e59f66404373b232eee1bb6ce2360b
2021,espn,non_ppr,10,200,32,RB,17,Josh Jacobs,LV,25,8,nfl:gsis:00-0035700,18269,stable,exact_name,0.95,data/raw/espn_cheat_sheets/espn_salary_cap_values_2021_non_ppr.pdf,92a00b4d1e894f31ee6c1ba251a0bc58d4e59f66404373b232eee1bb6ce2360b
2021,espn,non_ppr,10,200,20,WR,7,A.J. Brown,TEN,35,13,nfl:gsis:00-0035676,18218,stable,exact_name,0.95,data/raw/espn_cheat_sheets/espn_salary_cap_values_2021_non_ppr.pdf,92a00b4d1e894f31ee6c1ba251a0bc58d4e59f66404373b232eee1bb6ce2360b
2021,espn,non_ppr,10,200,228,WR,84,Marquez Valdes-Scantling,GB,0,13,nfl:gsis:00-0034272,17528,stable,exact_name,0.95,data/raw/espn_cheat_sheets/espn_salary_cap_values_2021_non_ppr.pdf,92a00b4d1e894f31ee6c1ba251a0bc58d4e59f66404373b232eee1bb6ce2360b
2021,espn,non_ppr,10,200,148,QB,18,Ben Roethlisberger,PIT,0,7,nfl:gsis:00-0022924,9039,stable,exact_name,0.95,data/raw/espn_cheat_sheets/espn_salary_cap_values_2021_non_ppr.pdf,92a00b4d1e894f31ee6c1ba251a0bc58d4e59f66404373b232eee1bb6ce2360b
2021,espn,non_ppr,10,200,36,RB,18,Miles Sanders,PHI,22,14,nfl:gsis:00-0035243,18283,stable,exact_name,0.95,data/raw/espn_cheat_sheets/espn_salary_cap_values_2021_non_ppr.pdf,92a00b4d1e894f31ee6c1ba251a0bc58d4e59f66404373b232eee1bb6ce2360b
2021,espn,non_ppr,10,200,21,WR,8,Justin Jefferson,MIN,34,7,nfl:gsis:00-0036322,19236,stable,exact_name,0.95,data/raw/espn_cheat_sheets/espn_salary_cap_values_2021_non_ppr.pdf,92a00b4d1e894f31ee6c1ba251a0bc58d4e59f66404373b232eee1bb6ce2360b
2021,espn,non_ppr,10,200,229,WR,85,Darius Slayton,NYG,0,10,nfl:gsis:00-0035535,18706,stable,exact_name,0.95,data/raw/espn_cheat_sheets/espn_salary_cap_values_2021_non_ppr.pdf,92a00b4d1e894f31ee6c1ba251a0bc58d4e59f66404373b232eee1bb6ce2360b
2021,espn,non_ppr,10,200,149,QB,19,Justin Fields,CHI,0,10,nfl:gsis:00-0036945,19781,stable,exact_name,0.95,data/raw/espn_cheat_sheets/espn_salary_cap_values_2021_non_ppr.pdf,92a00b4d1e894f31ee6c1ba251a0bc58d4e59f66404373b232eee1bb6ce2360b
2021,espn,non_ppr,10,200,37,RB,19,Chris Carson,SEA,22,9,nfl:gsis:00-0033594,16754,stable,exact_name,0.95,data/raw/espn_cheat_sheets/espn_salary_cap_values_2021_non_ppr.pdf,92a00b4d1e894f31ee6c1ba251a0bc58d4e59f66404373b232eee1bb6ce2360b
2021,espn,non_ppr,10,200,25,WR,9,Terry McLaurin,WAS,31,9,nfl:gsis:00-0035659,18466,stable,exact_name,0.95,data/raw/espn_cheat_sheets/espn_salary_cap_values_2021_non_ppr.pdf,92a00b4d1e894f31ee6c1ba251a0bc58d4e59f66404373b232eee1bb6ce2360b
2021,espn,non_ppr,10,200,230,WR,86,KJ Hamler,DEN,0,11,nfl:gsis:00-0036412,19267,stable,exact_name,0.95,data/raw/espn_cheat_sheets/espn_salary_cap_values_2021_non_ppr.pdf,92a00b4d1e894f31ee6c1ba251a0bc58d4e59f66404373b232eee1bb6ce2360b
2021,espn,non_ppr,10,200,168,QB,20,Trey Lance,SF,0,6,nfl:gsis:00-0037012,20082,stable,exact_name,0.95,data/raw/espn_cheat_sheets/espn_salary_cap_values_2021_non_ppr.pdf,92a00b4d1e894f31ee6c1ba251a0bc58d4e59f66404373b232eee1bb6ce2360b
2021,espn,non_ppr,10,200,47,RB,20,D'Andre Swift,DET,15,9,nfl:gsis:00-0036275,19210,stable,exact_name,0.95,data/raw/espn_cheat_sheets/espn_salary_cap_values_2021_non_ppr.pdf,92a00b4d1e894f31ee6c1ba251a0bc58d4e59f66404373b232eee1bb6ce2360b
2021,espn,non_ppr,10,200,26,WR,10,CeeDee Lamb,DAL,30,7,nfl:gsis:00-0036358,19202,stable,exact_name,0.95,data/raw/espn_cheat_sheets/espn_salary_cap_values_2021_non_ppr.pdf,92a00b4d1e894f31ee6c1ba251a0bc58d4e59f66404373b232eee1bb6ce2360b
2021,espn,non_ppr,10,200,231,WR,87,DeSean Jackson,LAR,0,11,nfl:gsis:00-0026189,9186,stable,exact_name,0.95,data/raw/espn_cheat_sheets/espn_salary_cap_values_2021_non_ppr.pdf,92a00b4d1e894f31ee6c1ba251a0bc58d4e59f66404373b232eee1bb6ce2360b
2021,espn,non_ppr,10,200,212,QB,21,Daniel Jones,NYG,0,10,nfl:gsis:00-0035710,18232,stable,exact_name,0.95,data/raw/espn_cheat_sheets/espn_salary_cap_values_2021_non_ppr.pdf,92a00b4d1e894f31ee6c1ba251a0bc58d4e59f66404373b232eee1bb6ce2360b
2021,espn,non_ppr,10,200,48,RB,21,Javonte Williams,DEN,14,11,nfl:gsis:00-0036997,22739,stable,exact_name,0.95,data/raw/espn_cheat_sheets/espn_salary_cap_values_2021_non_ppr.pdf,92a00b4d1e894f31ee6c1ba251a0bc58d4e59f66404373b232eee1bb6ce2360b
2021,espn,non_ppr,10,200,27,WR,11,Mike Evans,TB,30,9,nfl:gsis:00-0031408,12119,stable,exact_name,0.95,data/raw/espn_cheat_sheets/espn_salary_cap_values_2021_non_ppr.pdf,92a00b4d1e894f31ee6c1ba251a0bc58d4e59f66404373b232eee1bb6ce2360b
2021,espn,non_ppr,10,200,232,WR,88,Anthony Miller,HOU,0,10,nfl:gsis:00-0034353,17255,stable,exact_name,0.95,data/raw/espn_cheat_sheets/espn_salary_cap_values_2021_non_ppr.pdf,92a00b4d1e894f31ee6c1ba251a0bc58d4e59f66404373b232eee1bb6ce2360b
2021,espn,non_ppr,10,200,219,QB,22,Kirk Cousins,MIN,0,7,nfl:gsis:00-0029604,11177,stable,exact_name,0.95,data/raw/espn_cheat_sheets/espn_salary_cap_values_2021_non_ppr.pdf,92a00b4d1e894f31ee6c1ba251a0bc58d4e59f66404373b232eee1bb6ce2360b
2021,espn,non_ppr,10,200,51,RB,22,Chase Edmonds,ARI,12,12,nfl:gsis:00-0034681,17496,stable,exact_name,0.95,data/raw/espn_cheat_sheets/espn_salary_cap_values_2021_non_ppr.pdf,92a00b4d1e894f31ee6c1ba251a0bc58d4e59f66404373b232eee1bb6ce2360b
2021,espn,non_ppr,10,200,28,WR,12,Allen Robinson II,CHI,29,10,nfl:gsis:00-0031428,12126,stable,exact_name,0.95,data/raw/espn_cheat_sheets/espn_salary_cap_values_2021_non_ppr.pdf,92a00b4d1e894f31ee6c1ba251a0bc58d4e59f66404373b232eee1bb6ce2360b
2021,espn,non_ppr,10,200,233,WR,89,Kalif Raymond,DET,0,9,nfl:gsis:00-0032464,16081,stable,exact_name,0.95,data/raw/espn_cheat_sheets/espn_salary_cap_values_2021_non_ppr.pdf,92a00b4d1e894f31ee6c1ba251a0bc58d4e59f66404373b232eee1bb6ce2360b
2021,espn,non_ppr,10,200,220,QB,23,Ryan Fitzpatrick,WAS,0,9,nfl:gsis:00-0023682,9545,stable,exact_name,0.95,data/raw/espn_cheat_sheets/espn_salary_cap_values_2021_non_ppr.pdf,92a00b4d1e894f31ee6c1ba251a0bc58d4e59f66404373b232eee1bb6ce2360b
2021,espn,non_ppr,10,200,52,RB,23,Kareem Hunt,CLE,11,13,nfl:gsis:00-0033923,16425,stable,exact_name,0.95,data/raw/espn_cheat_sheets/espn_salary_cap_values_2021_non_ppr.pdf,92a00b4d1e894f31ee6c1ba251a0bc58d4e59f66404373b232eee1bb6ce2360b
2021,espn,non_ppr,10,200,33,WR,13,Keenan Allen,LAC,24,7,nfl:gsis:00-0030279,11616,stable,exact_name,0.95,data/raw/espn_cheat_sheets/espn_salary_cap_values_2021_non_ppr.pdf,92a00b4d1e894f31ee6c1ba251a0bc58d4e59f66404373b232eee1bb6ce2360b
2021,espn,non_ppr,10,200,234,WR,90,Demarcus Robinson,KC,0,12,nfl:gsis:00-0032775,15665,stable,exact_name,0.95,data/raw/espn_cheat_sheets/espn_salary_cap_values_2021_non_ppr.pdf,92a00b4d1e894f31ee6c1ba251a0bc58d4e59f66404373b232eee1bb6ce2360b
2021,espn,non_ppr,10,200,243,QB,24,Jameis Winston,NO,0,6,nfl:gsis:00-0031503,13891,stable,exact_name,0.95,data/raw/espn_cheat_sheets/espn_salary_cap_values_2021_non_ppr.pdf,92a00b4d1e894f31ee6c1ba251a0bc58d4e59f66404373b232eee1bb6ce2360b
2021,espn,non_ppr,10,200,53,RB,24,Darrell Henderson Jr.,LAR,11,11,nfl:gsis:00-0035664,18588,stable,exact_name,0.95,data/raw/espn_cheat_sheets/espn_salary_cap_values_2021_non_ppr.pdf,92a00b4d1e894f31ee6c1ba251a0bc58d4e59f66404373b232eee1bb6ce2360b
2021,espn,non_ppr,10,200,34,WR,14,Adam Thielen,MIN,23,7,nfl:gsis:00-0030035,13429,stable,exact_name,0.95,data/raw/espn_cheat_sheets/espn_salary_cap_values_2021_non_ppr.pdf,92a00b4d1e894f31ee6c1ba251a0bc58d4e59f66404373b232eee1bb6ce2360b
2021,espn,non_ppr,10,200,244,QB,25,Zach Wilson,NYJ,0,6,nfl:gsis:00-0037013,22679,stable,exact_name,0.95,data/raw/espn_cheat_sheets/espn_salary_cap_values_2021_non_ppr.pdf,92a00b4d1e894f31ee6c1ba251a0bc58d4e59f66404373b232eee1bb6ce2360b
2021,espn,non_ppr,10,200,54,RB,25,Mike Davis,ATL,10,6,nfl:gsis:00-0032063,13943,stable,exact_name,0.95,data/raw/espn_cheat_sheets/espn_salary_cap_values_2021_non_ppr.pdf,92a00b4d1e894f31ee6c1ba251a0bc58d4e59f66404373b232eee1bb6ce2360b
2021,espn,non_ppr,10,200,35,WR,15,Robert Woods,LAR,22,11,nfl:gsis:00-0030431,11610,stable,exact_name,0.95,data/raw/espn_cheat_sheets/espn_salary_cap_values_2021_non_ppr.pdf,92a00b4d1e894f31ee6c1ba251a0bc58d4e59f66404373b232eee1bb6ce2360b
2021,espn,non_ppr,10,200,245,QB,26,Derek Carr,LV,0,8,nfl:gsis:00-0031280,12092,stable,exact_name,0.95,data/raw/espn_cheat_sheets/espn_salary_cap_values_2021_non_ppr.pdf,92a00b4d1e894f31ee6c1ba251a0bc58d4e59f66404373b232eee1bb6ce2360b
2021,espn,non_ppr,10,200,69,RB,26,Myles Gaskin,MIA,6,14,nfl:gsis:00-0035311,17251,stable,exact_name,0.95,data/raw/espn_cheat_sheets/espn_salary_cap_values_2021_non_ppr.pdf,92a00b4d1e894f31ee6c1ba251a0bc58d4e59f66404373b232eee1bb6ce2360b
2021,espn,non_ppr,10,200,38,WR,16,Amari Cooper,DAL,21,7,nfl:gsis:00-0031544,13894,stable,exact_name,0.95,data/raw/espn_cheat_sheets/espn_salary_cap_values_2021_non_ppr.pdf,92a00b4d1e894f31ee6c1ba251a0bc58d4e59f66404373b232eee1bb6ce2360b
2021,espn,non_ppr,10,200,169,DEF,1,Buccaneers D/ST,TB,1,9,nfl:def:TB,8290,stable,exact_defense_team,1.0,data/raw/espn_cheat_sheets/espn_salary_cap_values_2021_non_ppr.pdf,92a00b4d1e894f31ee6c1ba251a0bc58d4e59f66404373b232eee1bb6ce2360b
2021,espn,non_ppr,10,200,266,QB,27,Carson Wentz,IND,0,14,nfl:gsis:00-0032950,15520,stable,exact_name,0.95,data/raw/espn_cheat_sheets/espn_salary_cap_values_2021_non_ppr.pdf,92a00b4d1e894f31ee6c1ba251a0bc58d4e59f66404373b232eee1bb6ce2360b
2021,espn,non_ppr,10,200,70,RB,27,Damien Harris,NE,6,14,nfl:gsis:00-0035657,18230,stable,exact_name,0.95,data/raw/espn_cheat_sheets/espn_salary_cap_values_2021_non_ppr.pdf,92a00b4d1e894f31ee6c1ba251a0bc58d4e59f66404373b232eee1bb6ce2360b
2021,espn,non_ppr,10,200,39,WR,17,Tyler Lockett,SEA,21,9,nfl:gsis:00-0032211,13971,stable,exact_name,0.95,data/raw/espn_cheat_sheets/espn_salary_cap_values_2021_non_ppr.pdf,92a00b4d1e894f31ee6c1ba251a0bc58d4e59f66404373b232eee1bb6ce2360b
2021,espn,non_ppr,10,200,170,DEF,2,Steelers D/ST,PIT,1,7,nfl:def:PIT,8240,stable,exact_defense_team,1.0,data/raw/espn_cheat_sheets/espn_salary_cap_values_2021_non_ppr.pdf,92a00b4d1e894f31ee6c1ba251a0bc58d4e59f66404373b232eee1bb6ce2360b
2021,espn,non_ppr,10,200,267,QB,28,Mac Jones,NE,0,14,nfl:gsis:00-0036972,20156,stable,exact_name,0.95,data/raw/espn_cheat_sheets/espn_salary_cap_values_2021_non_ppr.pdf,92a00b4d1e894f31ee6c1ba251a0bc58d4e59f66404373b232eee1bb6ce2360b
2021,espn,non_ppr,10,200,92,RB,28,Raheem Mostert,SF,3,6,nfl:gsis:00-0031687,14338,stable,exact_name,0.95,data/raw/espn_cheat_sheets/espn_salary_cap_values_2021_non_ppr.pdf,92a00b4d1e894f31ee6c1ba251a0bc58d4e59f66404373b232eee1bb6ce2360b
2021,espn,non_ppr,10,200,40,WR,18,Chris Godwin,TB,20,9,nfl:gsis:00-0033921,16406,stable,exact_name,0.95,data/raw/espn_cheat_sheets/espn_salary_cap_values_2021_non_ppr.pdf,92a00b4d1e894f31ee6c1ba251a0bc58d4e59f66404373b232eee1bb6ce2360b
2021,espn,non_ppr,10,200,171,DEF,3,WFT D/ST,WAS,1,9,nfl:def:WAS,8310,stable,exact_defense_team,1.0,data/raw/espn_cheat_sheets/espn_salary_cap_values_2021_non_ppr.pdf,92a00b4d1e894f31ee6c1ba251a0bc58d4e59f66404373b232eee1bb6ce2360b
2021,espn,non_ppr,10,200,268,QB,29,Jared Goff,DET,0,9,nfl:gsis:00-0033106,15501,stable,exact_name,0.95,data/raw/espn_cheat_sheets/espn_salary_cap_values_2021_non_ppr.pdf,92a00b4d1e894f31ee6c1ba251a0bc58d4e59f66404373b232eee1bb6ce2360b
2021,espn,non_ppr,10,200,93,RB,29,Ty'Son Williams,BAL,3,8,nfl:gsis:00-0036457,19636,stable,exact_name,0.95,data/raw/espn_cheat_sheets/espn_salary_cap_values_2021_non_ppr.pdf,92a00b4d1e894f31ee6c1ba251a0bc58d4e59f66404373b232eee1bb6ce2360b
2021,espn,non_ppr,10,200,41,WR,19,Julio Jones,TEN,19,13,nfl:gsis:00-0027944,9867,stable,exact_name,0.95,data/raw/espn_cheat_sheets/espn_salary_cap_values_2021_non_ppr.pdf,92a00b4d1e894f31ee6c1ba251a0bc58d4e59f66404373b232eee1bb6ce2360b
2021,espn,non_ppr,10,200,172,DEF,4,Bills D/ST,BUF,1,7,nfl:def:BUF,8030,stable,exact_defense_team,1.0,data/raw/espn_cheat_sheets/espn_salary_cap_values_2021_non_ppr.pdf,92a00b4d1e894f31ee6c1ba251a0bc58d4e59f66404373b232eee1bb6ce2360b
2021,espn,non_ppr,10,200,269,QB,30,Teddy Bridgewater,DEN,0,11,nfl:gsis:00-0031237,12088,stable,exact_name,0.95,data/raw/espn_cheat_sheets/espn_salary_cap_values_2021_non_ppr.pdf,92a00b4d1e894f31ee6c1ba251a0bc58d4e59f66404373b232eee1bb6ce2360b
2021,espn,non_ppr,10,200,94,RB,30,Sony Michel,LAR,3,11,nfl:gsis:00-0034845,17309,stable,exact_name,0.95,data/raw/espn_cheat_sheets/espn_salary_cap_values_2021_non_ppr.pdf,92a00b4d1e894f31ee6c1ba251a0bc58d4e59f66404373b232eee1bb6ce2360b
2021,espn,non_ppr,10,200,42,WR,20,DJ Moore,CAR,19,13,nfl:gsis:00-0034827,17265,stable,exact_name,0.95,data/raw/espn_cheat_sheets/espn_salary_cap_values_2021_non_ppr.pdf,92a00b4d1e894f31ee6c1ba251a0bc58d4e59f66404373b232eee1bb6ce2360b
2021,espn,non_ppr,10,200,173,DEF,5,49ers D/ST,SF,1,6,nfl:def:SF,8270,stable,exact_defense_team,1.0,data/raw/espn_cheat_sheets/espn_salary_cap_values_2021_non_ppr.pdf,92a00b4d1e894f31ee6c1ba251a0bc58d4e59f66404373b232eee1bb6ce2360b
2021,espn,non_ppr,10,200,270,QB,31,Sam Darnold,CAR,0,13,nfl:gsis:00-0034869,17236,stable,exact_name,0.95,data/raw/espn_cheat_sheets/espn_salary_cap_values_2021_non_ppr.pdf,92a00b4d1e894f31ee6c1ba251a0bc58d4e59f66404373b232eee1bb6ce2360b
2021,espn,non_ppr,10,200,97,RB,31,Leonard Fournette,TB,2,9,nfl:gsis:00-0033856,16378,stable,exact_name,0.95,data/raw/espn_cheat_sheets/espn_salary_cap_values_2021_non_ppr.pdf,92a00b4d1e894f31ee6c1ba251a0bc58d4e59f66404373b232eee1bb6ce2360b
2021,espn,non_ppr,10,200,43,WR,21,Cooper Kupp,LAR,18,11,nfl:gsis:00-0033908,16433,stable,exact_name,0.95,data/raw/espn_cheat_sheets/espn_salary_cap_values_2021_non_ppr.pdf,92a00b4d1e894f31ee6c1ba251a0bc58d4e59f66404373b232eee1bb6ce2360b
2021,espn,non_ppr,10,200,174,DEF,6,Ravens D/ST,BAL,1,8,nfl:def:BAL,8020,stable,exact_defense_team,1.0,data/raw/espn_cheat_sheets/espn_salary_cap_values_2021_non_ppr.pdf,92a00b4d1e894f31ee6c1ba251a0bc58d4e59f66404373b232eee1bb6ce2360b
2021,espn,non_ppr,10,200,296,QB,32,Tyrod Taylor,HOU,0,10,nfl:gsis:00-0028118,10007,stable,exact_name,0.95,data/raw/espn_cheat_sheets/espn_salary_cap_values_2021_non_ppr.pdf,92a00b4d1e894f31ee6c1ba251a0bc58d4e59f66404373b232eee1bb6ce2360b
2021,espn,non_ppr,10,200,98,RB,32,James Conner,ARI,2,12,nfl:gsis:00-0033553,16447,stable,exact_name,0.95,data/raw/espn_cheat_sheets/espn_salary_cap_values_2021_non_ppr.pdf,92a00b4d1e894f31ee6c1ba251a0bc58d4e59f66404373b232eee1bb6ce2360b
2021,espn,non_ppr,10,200,44,WR,22,Odell Beckham Jr.,CLE,17,13,nfl:gsis:00-0031235,12127,stable,exact_name,0.95,data/raw/espn_cheat_sheets/espn_salary_cap_values_2021_non_ppr.pdf,92a00b4d1e894f31ee6c1ba251a0bc58d4e59f66404373b232eee1bb6ce2360b
2021,espn,non_ppr,10,200,175,DEF,7,Broncos D/ST,DEN,1,11,nfl:def:DEN,8090,stable,exact_defense_team,1.0,data/raw/espn_cheat_sheets/espn_salary_cap_values_2021_non_ppr.pdf,92a00b4d1e894f31ee6c1ba251a0bc58d4e59f66404373b232eee1bb6ce2360b
2021,espn,non_ppr,10,200,301,QB,33,Jimmy Garoppolo,SF,0,6,nfl:gsis:00-0031345,12208,stable,exact_name,0.95,data/raw/espn_cheat_sheets/espn_salary_cap_values_2021_non_ppr.pdf,92a00b4d1e894f31ee6c1ba251a0bc58d4e59f66404373b232eee1bb6ce2360b
2021,espn,non_ppr,10,200,99,RB,33,Melvin Gordon,DEN,2,11,nfl:gsis:00-0032144,13903,stable,exact_name,0.95,data/raw/espn_cheat_sheets/espn_salary_cap_values_2021_non_ppr.pdf,92a00b4d1e894f31ee6c1ba251a0bc58d4e59f66404373b232eee1bb6ce2360b
2021,espn,non_ppr,10,200,45,WR,23,Brandon Aiyuk,SF,17,6,nfl:gsis:00-0036261,19252,stable,exact_name,0.95,data/raw/espn_cheat_sheets/espn_salary_cap_values_2021_non_ppr.pdf,92a00b4d1e894f31ee6c1ba251a0bc58d4e59f66404373b232eee1bb6ce2360b
2021,espn,non_ppr,10,200,176,DEF,8,Rams D/ST,LAR,1,11,nfl:def:LAR,8280,stable,exact_defense_team,1.0,data/raw/espn_cheat_sheets/espn_salary_cap_values_2021_non_ppr.pdf,92a00b4d1e894f31ee6c1ba251a0bc58d4e59f66404373b232eee1bb6ce2360b
2021,espn,non_ppr,10,200,302,QB,34,Deshaun Watson,HOU,0,10,nfl:gsis:00-0033537,16398,stable,exact_name,0.95,data/raw/espn_cheat_sheets/espn_salary_cap_values_2021_non_ppr.pdf,92a00b4d1e894f31ee6c1ba251a0bc58d4e59f66404373b232eee1bb6ce2360b
2021,espn,non_ppr,10,200,100,RB,34,AJ Dillon,GB,2,13,nfl:gsis:00-0036265,19358,stable,exact_name,0.95,data/raw/espn_cheat_sheets/espn_salary_cap_values_2021_non_ppr.pdf,92a00b4d1e894f31ee6c1ba251a0bc58d4e59f66404373b232eee1bb6ce2360b
2021,espn,non_ppr,10,200,46,WR,24,Kenny Golladay,NYG,15,10,nfl:gsis:00-0033932,16488,stable,exact_name,0.95,data/raw/espn_cheat_sheets/espn_salary_cap_values_2021_non_ppr.pdf,92a00b4d1e894f31ee6c1ba251a0bc58d4e59f66404373b232eee1bb6ce2360b
2021,espn,non_ppr,10,200,177,DEF,9,Saints D/ST,NO,1,6,nfl:def:NO,8190,stable,exact_defense_team,1.0,data/raw/espn_cheat_sheets/espn_salary_cap_values_2021_non_ppr.pdf,92a00b4d1e894f31ee6c1ba251a0bc58d4e59f66404373b232eee1bb6ce2360b
2021,espn,non_ppr,10,200,310,TE,35,Taysom Hill,NO,0,6,nfl:gsis:00-0033357,17115,stable,global_exact_name,0.8,data/raw/espn_cheat_sheets/espn_salary_cap_values_2021_non_ppr.pdf,92a00b4d1e894f31ee6c1ba251a0bc58d4e59f66404373b232eee1bb6ce2360b
2021,espn,non_ppr,10,200,101,RB,35,Kenyan Drake,LV,2,8,nfl:gsis:00-0033118,15637,stable,exact_name,0.95,data/raw/espn_cheat_sheets/espn_salary_cap_values_2021_non_ppr.pdf,92a00b4d1e894f31ee6c1ba251a0bc58d4e59f66404373b232eee1bb6ce2360b
2021,espn,non_ppr,10,200,55,WR,25,Diontae Johnson,PIT,10,7,nfl:gsis:00-0035216,18615,stable,exact_name,0.95,data/raw/espn_cheat_sheets/espn_salary_cap_values_2021_non_ppr.pdf,92a00b4d1e894f31ee6c1ba251a0bc58d4e59f66404373b232eee1bb6ce2360b
2021,espn,non_ppr,10,200,178,DEF,10,Browns D/ST,CLE,1,13,nfl:def:CLE,8070,stable,exact_defense_team,1.0,data/raw/espn_cheat_sheets/espn_salary_cap_values_2021_non_ppr.pdf,92a00b4d1e894f31ee6c1ba251a0bc58d4e59f66404373b232eee1bb6ce2360b
2021,espn,non_ppr,10,200,315,QB,36,Andy Dalton,CHI,0,10,nfl:gsis:00-0027973,9907,stable,exact_name,0.95,data/raw/espn_cheat_sheets/espn_salary_cap_values_2021_non_ppr.pdf,92a00b4d1e894f31ee6c1ba251a0bc58d4e59f66404373b232eee1bb6ce2360b
2021,espn,non_ppr,10,200,102,RB,36,Ronald Jones II,TB,2,9,nfl:gsis:00-0034816,17243,stable,exact_name,0.95,data/raw/espn_cheat_sheets/espn_salary_cap_values_2021_non_ppr.pdf,92a00b4d1e894f31ee6c1ba251a0bc58d4e59f66404373b232eee1bb6ce2360b
2021,espn,non_ppr,10,200,56,WR,26,Courtland Sutton,DEN,10,11,nfl:gsis:00-0034348,17253,stable,exact_name,0.95,data/raw/espn_cheat_sheets/espn_salary_cap_values_2021_non_ppr.pdf,92a00b4d1e894f31ee6c1ba251a0bc58d4e59f66404373b232eee1bb6ce2360b
2021,espn,non_ppr,10,200,179,DEF,11,Colts D/ST,IND,0,14,nfl:def:IND,8130,stable,exact_defense_team,1.0,data/raw/espn_cheat_sheets/espn_salary_cap_values_2021_non_ppr.pdf,92a00b4d1e894f31ee6c1ba251a0bc58d4e59f66404373b232eee1bb6ce2360b
2021,espn,non_ppr,10,200,316,QB,37,Drew Lock,DEN,0,11,nfl:gsis:00-0035704,18225,stable,exact_name,0.95,data/raw/espn_cheat_sheets/espn_salary_cap_values_2021_non_ppr.pdf,92a00b4d1e894f31ee6c1ba251a0bc58d4e59f66404373b232eee1bb6ce2360b
2021,espn,non_ppr,10,200,103,RB,37,Zack Moss,BUF,2,7,nfl:gsis:00-0036251,19263,stable,exact_name,0.95,data/raw/espn_cheat_sheets/espn_salary_cap_values_2021_non_ppr.pdf,92a00b4d1e894f31ee6c1ba251a0bc58d4e59f66404373b232eee1bb6ce2360b
2021,espn,non_ppr,10,200,57,WR,27,Tee Higgins,CIN,10,10,nfl:gsis:00-0036410,19211,stable,exact_name,0.95,data/raw/espn_cheat_sheets/espn_salary_cap_values_2021_non_ppr.pdf,92a00b4d1e894f31ee6c1ba251a0bc58d4e59f66404373b232eee1bb6ce2360b
2021,espn,non_ppr,10,200,180,DEF,12,Patriots D/ST,NE,0,14,nfl:def:NE,8180,stable,exact_defense_team,1.0,data/raw/espn_cheat_sheets/espn_salary_cap_values_2021_non_ppr.pdf,92a00b4d1e894f31ee6c1ba251a0bc58d4e59f66404373b232eee1bb6ce2360b
2021,espn,non_ppr,10,200,317,QB,38,Jacob Eason,IND,0,14,nfl:gsis:00-0036226,19220,stable,exact_name,0.95,data/raw/espn_cheat_sheets/espn_salary_cap_values_2021_non_ppr.pdf,92a00b4d1e894f31ee6c1ba251a0bc58d4e59f66404373b232eee1bb6ce2360b
2021,espn,non_ppr,10,200,104,RB,38,Jamaal Williams,DET,2,9,nfl:gsis:00-0033948,16424,stable,exact_name,0.95,data/raw/espn_cheat_sheets/espn_salary_cap_values_2021_non_ppr.pdf,92a00b4d1e894f31ee6c1ba251a0bc58d4e59f66404373b232eee1bb6ce2360b
2021,espn,non_ppr,10,200,58,WR,28,Chase Claypool,PIT,9,7,nfl:gsis:00-0036326,18627,stable,exact_name,0.95,data/raw/espn_cheat_sheets/espn_salary_cap_values_2021_non_ppr.pdf,92a00b4d1e894f31ee6c1ba251a0bc58d4e59f66404373b232eee1bb6ce2360b
2021,espn,non_ppr,10,200,221,DEF,13,Vikings D/ST,MIN,0,7,nfl:def:MIN,8170,stable,exact_defense_team,1.0,data/raw/espn_cheat_sheets/espn_salary_cap_values_2021_non_ppr.pdf,92a00b4d1e894f31ee6c1ba251a0bc58d4e59f66404373b232eee1bb6ce2360b
2021,espn,non_ppr,10,200,318,QB,39,Davis Mills,HOU,0,10,nfl:gsis:00-0036898,22799,stable,exact_name,0.95,data/raw/espn_cheat_sheets/espn_salary_cap_values_2021_non_ppr.pdf,92a00b4d1e894f31ee6c1ba251a0bc58d4e59f66404373b232eee1bb6ce2360b
2021,espn,non_ppr,10,200,110,RB,39,Devin Singletary,BUF,2,7,nfl:gsis:00-0035250,18280,stable,exact_name,0.95,data/raw/espn_cheat_sheets/espn_salary_cap_values_2021_non_ppr.pdf,92a00b4d1e894f31ee6c1ba251a0bc58d4e59f66404373b232eee1bb6ce2360b
2021,espn,non_ppr,10,200,59,WR,29,Jerry Jeudy,DEN,9,11,nfl:gsis:00-0036407,19201,stable,exact_name,0.95,data/raw/espn_cheat_sheets/espn_salary_cap_values_2021_non_ppr.pdf,92a00b4d1e894f31ee6c1ba251a0bc58d4e59f66404373b232eee1bb6ce2360b
2021,espn,non_ppr,10,200,222,DEF,14,Packers D/ST,GB,0,13,nfl:def:GB,8110,stable,exact_defense_team,1.0,data/raw/espn_cheat_sheets/espn_salary_cap_values_2021_non_ppr.pdf,92a00b4d1e894f31ee6c1ba251a0bc58d4e59f66404373b232eee1bb6ce2360b
2021,espn,non_ppr,10,200,319,QB,40,Gardner Minshew II,PHI,0,14,nfl:gsis:00-0035289,18562,stable,exact_name,0.95,data/raw/espn_cheat_sheets/espn_salary_cap_values_2021_non_ppr.pdf,92a00b4d1e894f31ee6c1ba251a0bc58d4e59f66404373b232eee1bb6ce2360b
2021,espn,non_ppr,10,200,111,RB,40,Michael Carter,NYJ,2,6,nfl:gsis:00-0036924,22728,stable,exact_name,0.95,data/raw/espn_cheat_sheets/espn_salary_cap_values_2021_non_ppr.pdf,92a00b4d1e894f31ee6c1ba251a0bc58d4e59f66404373b232eee1bb6ce2360b
2021,espn,non_ppr,10,200,64,WR,30,Robby Anderson,CAR,7,13,nfl:gsis:00-0032688,15688,stable,exact_name,0.95,data/raw/espn_cheat_sheets/espn_salary_cap_values_2021_non_ppr.pdf,92a00b4d1e894f31ee6c1ba251a0bc58d4e59f66404373b232eee1bb6ce2360b
2021,espn,non_ppr,10,200,253,DEF,15,Dolphins D/ST,MIA,0,14,nfl:def:MIA,8160,stable,exact_defense_team,1.0,data/raw/espn_cheat_sheets/espn_salary_cap_values_2021_non_ppr.pdf,92a00b4d1e894f31ee6c1ba251a0bc58d4e59f66404373b232eee1bb6ce2360b
2021,espn,non_ppr,10,200,112,RB,41,Trey Sermon,SF,2,6,nfl:gsis:00-0036984,19425,stable,exact_name,0.95,data/raw/espn_cheat_sheets/espn_salary_cap_values_2021_non_ppr.pdf,92a00b4d1e894f31ee6c1ba251a0bc58d4e59f66404373b232eee1bb6ce2360b
2021,espn,non_ppr,10,200,65,WR,31,Brandin Cooks,HOU,7,10,nfl:gsis:00-0031236,12122,stable,exact_name,0.95,data/raw/espn_cheat_sheets/espn_salary_cap_values_2021_non_ppr.pdf,92a00b4d1e894f31ee6c1ba251a0bc58d4e59f66404373b232eee1bb6ce2360b
2021,espn,non_ppr,10,200,122,RB,42,David Johnson,HOU,1,10,nfl:gsis:00-0032187,13948,stable,exact_name,0.95,data/raw/espn_cheat_sheets/espn_salary_cap_values_2021_non_ppr.pdf,92a00b4d1e894f31ee6c1ba251a0bc58d4e59f66404373b232eee1bb6ce2360b
2021,espn,non_ppr,10,200,66,WR,32,Michael Gallup,DAL,7,7,nfl:gsis:00-0034764,17259,stable,exact_name,0.95,data/raw/espn_cheat_sheets/espn_salary_cap_values_2021_non_ppr.pdf,92a00b4d1e894f31ee6c1ba251a0bc58d4e59f66404373b232eee1bb6ce2360b
2021,espn,non_ppr,10,200,6,TE,1,Travis Kelce,KC,53,12,nfl:gsis:00-0030506,11594,stable,exact_name,0.95,data/raw/espn_cheat_sheets/espn_salary_cap_values_2021_non_ppr.pdf,92a00b4d1e894f31ee6c1ba251a0bc58d4e59f66404373b232eee1bb6ce2360b
2021,espn,non_ppr,10,200,123,RB,43,Phillip Lindsay,HOU,1,10,nfl:gsis:00-0034109,17498,stable,exact_name,0.95,data/raw/espn_cheat_sheets/espn_salary_cap_values_2021_non_ppr.pdf,92a00b4d1e894f31ee6c1ba251a0bc58d4e59f66404373b232eee1bb6ce2360b
2021,espn,non_ppr,10,200,71,WR,33,Ja'Marr Chase,CIN,6,10,nfl:gsis:00-0036900,19788,stable,exact_name,0.95,data/raw/espn_cheat_sheets/espn_salary_cap_values_2021_non_ppr.pdf,92a00b4d1e894f31ee6c1ba251a0bc58d4e59f66404373b232eee1bb6ce2360b
2021,espn,non_ppr,10,200,181,K,1,Harrison Butker,KC,1,12,nfl:gsis:00-0033303,16712,stable,exact_name,0.95,data/raw/espn_cheat_sheets/espn_salary_cap_values_2021_non_ppr.pdf,92a00b4d1e894f31ee6c1ba251a0bc58d4e59f66404373b232eee1bb6ce2360b
2021,espn,non_ppr,10,200,24,TE,2,Darren Waller,LV,32,8,nfl:gsis:00-0031610,14104,stable,exact_name,0.95,data/raw/espn_cheat_sheets/espn_salary_cap_values_2021_non_ppr.pdf,92a00b4d1e894f31ee6c1ba251a0bc58d4e59f66404373b232eee1bb6ce2360b
2021,espn,non_ppr,10,200,124,RB,44,Nyheim Hines,IND,1,14,provisional:fantasypros:17297,17297,provisional,exact_name,0.95,data/raw/espn_cheat_sheets/espn_salary_cap_values_2021_non_ppr.pdf,92a00b4d1e894f31ee6c1ba251a0bc58d4e59f66404373b232eee1bb6ce2360b
2021,espn,non_ppr,10,200,72,WR,34,Will Fuller V,MIA,6,14,provisional:fantasypros:15629,15629,provisional,exact_name,0.95,data/raw/espn_cheat_sheets/espn_salary_cap_values_2021_non_ppr.pdf,92a00b4d1e894f31ee6c1ba251a0bc58d4e59f66404373b232eee1bb6ce2360b
2021,espn,non_ppr,10,200,182,K,2,Justin Tucker,BAL,1,8,nfl:gsis:00-0029597,11465,stable,exact_name,0.95,data/raw/espn_cheat_sheets/espn_salary_cap_values_2021_non_ppr.pdf,92a00b4d1e894f31ee6c1ba251a0bc58d4e59f66404373b232eee1bb6ce2360b
2021,espn,non_ppr,10,200,29,TE,3,George Kittle,SF,28,6,nfl:gsis:00-0033288,16499,stable,exact_name,0.95,data/raw/espn_cheat_sheets/espn_salary_cap_values_2021_non_ppr.pdf,92a00b4d1e894f31ee6c1ba251a0bc58d4e59f66404373b232eee1bb6ce2360b
2021,espn,non_ppr,10,200,136,RB,45,Tony Jones Jr.,NO,1,6,nfl:gsis:00-0035860,19482,stable,exact_name,0.95,data/raw/espn_cheat_sheets/espn_salary_cap_values_2021_non_ppr.pdf,92a00b4d1e894f31ee6c1ba251a0bc58d4e59f66404373b232eee1bb6ce2360b
2021,espn,non_ppr,10,200,73,WR,35,JuJu Smith-Schuster,PIT,6,7,nfl:gsis:00-0033857,16427,stable,exact_name,0.95,data/raw/espn_cheat_sheets/espn_salary_cap_values_2021_non_ppr.pdf,92a00b4d1e894f31ee6c1ba251a0bc58d4e59f66404373b232eee1bb6ce2360b
2021,espn,non_ppr,10,200,183,K,3,Graham Gano,NYG,1,10,nfl:gsis:00-0026858,9232,stable,exact_name,0.95,data/raw/espn_cheat_sheets/espn_salary_cap_values_2021_non_ppr.pdf,92a00b4d1e894f31ee6c1ba251a0bc58d4e59f66404373b232eee1bb6ce2360b
2021,espn,non_ppr,10,200,60,TE,4,Mark Andrews,BAL,9,8,nfl:gsis:00-0034753,17269,stable,exact_name,0.95,data/raw/espn_cheat_sheets/espn_salary_cap_values_2021_non_ppr.pdf,92a00b4d1e894f31ee6c1ba251a0bc58d4e59f66404373b232eee1bb6ce2360b
2021,espn,non_ppr,10,200,137,RB,46,Alexander Mattison,MIN,1,7,nfl:gsis:00-0034972,18621,stable,exact_name,0.95,data/raw/espn_cheat_sheets/espn_salary_cap_values_2021_non_ppr.pdf,92a00b4d1e894f31ee6c1ba251a0bc58d4e59f66404373b232eee1bb6ce2360b
2021,espn,non_ppr,10,200,74,WR,36,DeVonta Smith,PHI,5,14,nfl:gsis:00-0036912,19222,stable,exact_name,0.95,data/raw/espn_cheat_sheets/espn_salary_cap_values_2021_non_ppr.pdf,92a00b4d1e894f31ee6c1ba251a0bc58d4e59f66404373b232eee1bb6ce2360b
2021,espn,non_ppr,10,200,184,K,4,Jason Myers,SEA,1,9,nfl:gsis:00-0031492,14003,stable,exact_name,0.95,data/raw/espn_cheat_sheets/espn_salary_cap_values_2021_non_ppr.pdf,92a00b4d1e894f31ee6c1ba251a0bc58d4e59f66404373b232eee1bb6ce2360b
2021,espn,non_ppr,10,200,61,TE,5,T.J. Hockenson,DET,8,9,nfl:gsis:00-0035229,18290,stable,exact_name,0.95,data/raw/espn_cheat_sheets/espn_salary_cap_values_2021_non_ppr.pdf,92a00b4d1e894f31ee6c1ba251a0bc58d4e59f66404373b232eee1bb6ce2360b
2021,espn,non_ppr,10,200,138,RB,47,Tony Pollard,DAL,1,7,nfl:gsis:00-0035261,18705,stable,exact_name,0.95,data/raw/espn_cheat_sheets/espn_salary_cap_values_2021_non_ppr.pdf,92a00b4d1e894f31ee6c1ba251a0bc58d4e59f66404373b232eee1bb6ce2360b
2021,espn,non_ppr,10,200,75,WR,37,Marvin Jones Jr.,JAX,5,7,nfl:gsis:00-0029293,11215,stable,exact_name,0.95,data/raw/espn_cheat_sheets/espn_salary_cap_values_2021_non_ppr.pdf,92a00b4d1e894f31ee6c1ba251a0bc58d4e59f66404373b232eee1bb6ce2360b
2021,espn,non_ppr,10,200,185,K,5,Brandon McManus,DEN,1,11,nfl:gsis:00-0029822,13274,stable,exact_name,0.95,data/raw/espn_cheat_sheets/espn_salary_cap_values_2021_non_ppr.pdf,92a00b4d1e894f31ee6c1ba251a0bc58d4e59f66404373b232eee1bb6ce2360b
2021,espn,non_ppr,10,200,62,TE,6,Kyle Pitts,ATL,8,6,nfl:gsis:00-0036970,20164,stable,exact_name,0.95,data/raw/espn_cheat_sheets/espn_salary_cap_values_2021_non_ppr.pdf,92a00b4d1e894f31ee6c1ba251a0bc58d4e59f66404373b232eee1bb6ce2360b
2021,espn,non_ppr,10,200,139,RB,48,James White,NE,1,14,nfl:gsis:00-0031062,12195,stable,exact_name,0.95,data/raw/espn_cheat_sheets/espn_salary_cap_values_2021_non_ppr.pdf,92a00b4d1e894f31ee6c1ba251a0bc58d4e59f66404373b232eee1bb6ce2360b
2021,espn,non_ppr,10,200,77,WR,38,Laviska Shenault Jr.,JAX,5,7,nfl:gsis:00-0036268,19221,stable,exact_name,0.95,data/raw/espn_cheat_sheets/espn_salary_cap_values_2021_non_ppr.pdf,92a00b4d1e894f31ee6c1ba251a0bc58d4e59f66404373b232eee1bb6ce2360b
2021,espn,non_ppr,10,200,186,K,6,Jason Sanders,MIA,1,14,nfl:gsis:00-0034794,17533,stable,exact_name,0.95,data/raw/espn_cheat_sheets/espn_salary_cap_values_2021_non_ppr.pdf,92a00b4d1e894f31ee6c1ba251a0bc58d4e59f66404373b232eee1bb6ce2360b
2021,espn,non_ppr,10,200,76,TE,7,Logan Thomas,WAS,5,9,nfl:gsis:00-0031260,12095,stable,exact_name,0.95,data/raw/espn_cheat_sheets/espn_salary_cap_values_2021_non_ppr.pdf,92a00b4d1e894f31ee6c1ba251a0bc58d4e59f66404373b232eee1bb6ce2360b
2021,espn,non_ppr,10,200,140,RB,49,J.D. McKissic,WAS,1,9,nfl:gsis:00-0032602,16230,stable,exact_name,0.95,data/raw/espn_cheat_sheets/espn_salary_cap_values_2021_non_ppr.pdf,92a00b4d1e894f31ee6c1ba251a0bc58d4e59f66404373b232eee1bb6ce2360b
2021,espn,non_ppr,10,200,78,WR,39,DJ Chark Jr.,JAX,4,7,nfl:gsis:00-0034777,17292,stable,exact_name,0.95,data/raw/espn_cheat_sheets/espn_salary_cap_values_2021_non_ppr.pdf,92a00b4d1e894f31ee6c1ba251a0bc58d4e59f66404373b232eee1bb6ce2360b
2021,espn,non_ppr,10,200,187,K,7,Younghoe Koo,ATL,1,6,nfl:gsis:00-0033702,16910,stable,exact_name,0.95,data/raw/espn_cheat_sheets/espn_salary_cap_values_2021_non_ppr.pdf,92a00b4d1e894f31ee6c1ba251a0bc58d4e59f66404373b232eee1bb6ce2360b
2021,espn,non_ppr,10,200,82,TE,8,Noah Fant,DEN,4,11,nfl:gsis:00-0035644,17527,stable,exact_name,0.95,data/raw/espn_cheat_sheets/espn_salary_cap_values_2021_non_ppr.pdf,92a00b4d1e894f31ee6c1ba251a0bc58d4e59f66404373b232eee1bb6ce2360b
2021,espn,non_ppr,10,200,141,RB,50,Malcolm Brown,MIA,0,14,nfl:gsis:00-0031806,13953,stable,exact_name,0.95,data/raw/espn_cheat_sheets/espn_salary_cap_values_2021_non_ppr.pdf,92a00b4d1e894f31ee6c1ba251a0bc58d4e59f66404373b232eee1bb6ce2360b
2021,espn,non_ppr,10,200,83,WR,40,Deebo Samuel,SF,4,6,nfl:gsis:00-0035719,18244,stable,exact_name,0.95,data/raw/espn_cheat_sheets/espn_salary_cap_values_2021_non_ppr.pdf,92a00b4d1e894f31ee6c1ba251a0bc58d4e59f66404373b232eee1bb6ce2360b
2021,espn,non_ppr,10,200,188,K,8,Matt Gay,LAR,1,11,nfl:gsis:00-0035269,18545,stable,exact_name,0.95,data/raw/espn_cheat_sheets/espn_salary_cap_values_2021_non_ppr.pdf,92a00b4d1e894f31ee6c1ba251a0bc58d4e59f66404373b232eee1bb6ce2360b
2021,espn,non_ppr,10,200,105,TE,9,Jonnu Smith,NE,2,14,nfl:gsis:00-0033858,16460,stable,exact_name,0.95,data/raw/espn_cheat_sheets/espn_salary_cap_values_2021_non_ppr.pdf,92a00b4d1e894f31ee6c1ba251a0bc58d4e59f66404373b232eee1bb6ce2360b
2021,espn,non_ppr,10,200,142,RB,51,Giovani Bernard,TB,0,9,nfl:gsis:00-0030456,11644,stable,exact_name,0.95,data/raw/espn_cheat_sheets/espn_salary_cap_values_2021_non_ppr.pdf,92a00b4d1e894f31ee6c1ba251a0bc58d4e59f66404373b232eee1bb6ce2360b
2021,espn,non_ppr,10,200,84,WR,41,Corey Davis,NYJ,4,6,nfl:gsis:00-0033871,16385,stable,exact_name,0.95,data/raw/espn_cheat_sheets/espn_salary_cap_values_2021_non_ppr.pdf,92a00b4d1e894f31ee6c1ba251a0bc58d4e59f66404373b232eee1bb6ce2360b
2021,espn,non_ppr,10,200,189,K,9,Greg Zuerlein,DAL,1,7,nfl:gsis:00-0029621,11345,stable,exact_name,0.95,data/raw/espn_cheat_sheets/espn_salary_cap_values_2021_non_ppr.pdf,92a00b4d1e894f31ee6c1ba251a0bc58d4e59f66404373b232eee1bb6ce2360b
2021,espn,non_ppr,10,200,106,TE,10,Robert Tonyan,GB,2,13,nfl:gsis:00-0033757,16502,stable,exact_name,0.95,data/raw/espn_cheat_sheets/espn_salary_cap_values_2021_non_ppr.pdf,92a00b4d1e894f31ee6c1ba251a0bc58d4e59f66404373b232eee1bb6ce2360b
2021,espn,non_ppr,10,200,156,RB,52,Rhamondre Stevenson,NE,0,14,nfl:gsis:00-0036875,22726,stable,exact_name,0.95,data/raw/espn_cheat_sheets/espn_salary_cap_values_2021_non_ppr.pdf,92a00b4d1e894f31ee6c1ba251a0bc58d4e59f66404373b232eee1bb6ce2360b
2021,espn,non_ppr,10,200,85,WR,42,Marquise Brown,BAL,4,8,nfl:gsis:00-0035662,18226,stable,exact_name,0.95,data/raw/espn_cheat_sheets/espn_salary_cap_values_2021_non_ppr.pdf,92a00b4d1e894f31ee6c1ba251a0bc58d4e59f66404373b232eee1bb6ce2360b
2021,espn,non_ppr,10,200,190,K,10,Tyler Bass,BUF,1,7,nfl:gsis:00-0036162,19760,stable,exact_name,0.95,data/raw/espn_cheat_sheets/espn_salary_cap_values_2021_non_ppr.pdf,92a00b4d1e894f31ee6c1ba251a0bc58d4e59f66404373b232eee1bb6ce2360b
2021,espn,non_ppr,10,200,107,TE,11,Dallas Goedert,PHI,2,14,nfl:gsis:00-0034351,17270,stable,exact_name,0.95,data/raw/espn_cheat_sheets/espn_salary_cap_values_2021_non_ppr.pdf,92a00b4d1e894f31ee6c1ba251a0bc58d4e59f66404373b232eee1bb6ce2360b
2021,espn,non_ppr,10,200,157,RB,53,Tevin Coleman,NYJ,0,6,nfl:gsis:00-0032058,13926,stable,exact_name,0.95,data/raw/espn_cheat_sheets/espn_salary_cap_values_2021_non_ppr.pdf,92a00b4d1e894f31ee6c1ba251a0bc58d4e59f66404373b232eee1bb6ce2360b
2021,espn,non_ppr,10,200,86,WR,43,Tyler Boyd,CIN,4,10,nfl:gsis:00-0033009,15547,stable,exact_name,0.95,data/raw/espn_cheat_sheets/espn_salary_cap_values_2021_non_ppr.pdf,92a00b4d1e894f31ee6c1ba251a0bc58d4e59f66404373b232eee1bb6ce2360b
2021,espn,non_ppr,10,200,191,K,11,Josh Lambo,JAX,0,7,nfl:gsis:00-0032087,14327,stable,exact_name,0.95,data/raw/espn_cheat_sheets/espn_salary_cap_values_2021_non_ppr.pdf,92a00b4d1e894f31ee6c1ba251a0bc58d4e59f66404373b232eee1bb6ce2360b
2021,espn,non_ppr,10,200,108,TE,12,Mike Gesicki,MIA,2,14,nfl:gsis:00-0034829,17272,stable,exact_name,0.95,data/raw/espn_cheat_sheets/espn_salary_cap_values_2021_non_ppr.pdf,92a00b4d1e894f31ee6c1ba251a0bc58d4e59f66404373b232eee1bb6ce2360b
2021,espn,non_ppr,10,200,158,RB,54,Carlos Hyde,JAX,0,7,nfl:gsis:00-0031045,12105,stable,exact_name,0.95,data/raw/espn_cheat_sheets/espn_salary_cap_values_2021_non_ppr.pdf,92a00b4d1e894f31ee6c1ba251a0bc58d4e59f66404373b232eee1bb6ce2360b
2021,espn,non_ppr,10,200,87,WR,44,Mike Williams,LAC,3,7,nfl:gsis:00-0033536,16377,stable,exact_name,0.95,data/raw/espn_cheat_sheets/espn_salary_cap_values_2021_non_ppr.pdf,92a00b4d1e894f31ee6c1ba251a0bc58d4e59f66404373b232eee1bb6ce2360b
2021,espn,non_ppr,10,200,192,K,12,Matt Prater,ARI,0,12,nfl:gsis:00-0023853,9443,stable,exact_name,0.95,data/raw/espn_cheat_sheets/espn_salary_cap_values_2021_non_ppr.pdf,92a00b4d1e894f31ee6c1ba251a0bc58d4e59f66404373b232eee1bb6ce2360b
2021,espn,non_ppr,10,200,130,TE,13,Tyler Higbee,LAR,1,11,nfl:gsis:00-0033110,15623,stable,exact_name,0.95,data/raw/espn_cheat_sheets/espn_salary_cap_values_2021_non_ppr.pdf,92a00b4d1e894f31ee6c1ba251a0bc58d4e59f66404373b232eee1bb6ce2360b
2021,espn,non_ppr,10,200,194,RB,55,Le'Veon Bell,BAL,0,8,nfl:gsis:00-0030496,11645,stable,exact_name,0.95,data/raw/espn_cheat_sheets/espn_salary_cap_values_2021_non_ppr.pdf,92a00b4d1e894f31ee6c1ba251a0bc58d4e59f66404373b232eee1bb6ce2360b
2021,espn,non_ppr,10,200,88,WR,45,Michael Thomas,NO,3,6,nfl:gsis:00-0032765,15528,stable,exact_name,0.95,data/raw/espn_cheat_sheets/espn_salary_cap_values_2021_non_ppr.pdf,92a00b4d1e894f31ee6c1ba251a0bc58d4e59f66404373b232eee1bb6ce2360b
2021,espn,non_ppr,10,200,223,K,13,Daniel Carlson,LV,0,8,nfl:gsis:00-0034161,17420,stable,exact_name,0.95,data/raw/espn_cheat_sheets/espn_salary_cap_values_2021_non_ppr.pdf,92a00b4d1e894f31ee6c1ba251a0bc58d4e59f66404373b232eee1bb6ce2360b
2021,espn,non_ppr,10,200,131,TE,14,Austin Hooper,CLE,1,13,nfl:gsis:00-0032392,15581,stable,exact_name,0.95,data/raw/espn_cheat_sheets/espn_salary_cap_values_2021_non_ppr.pdf,92a00b4d1e894f31ee6c1ba251a0bc58d4e59f66404373b232eee1bb6ce2360b
2021,espn,non_ppr,10,200,195,RB,56,Mark Ingram II,HOU,0,10,nfl:gsis:00-0027966,9872,stable,exact_name,0.95,data/raw/espn_cheat_sheets/espn_salary_cap_values_2021_non_ppr.pdf,92a00b4d1e894f31ee6c1ba251a0bc58d4e59f66404373b232eee1bb6ce2360b
2021,espn,non_ppr,10,200,89,WR,46,Curtis Samuel,WAS,3,9,nfl:gsis:00-0033282,16434,stable,exact_name,0.95,data/raw/espn_cheat_sheets/espn_salary_cap_values_2021_non_ppr.pdf,92a00b4d1e894f31ee6c1ba251a0bc58d4e59f66404373b232eee1bb6ce2360b
2021,espn,non_ppr,10,200,224,K,14,Chase McLaughlin,CLE,0,13,nfl:gsis:00-0035358,19058,stable,exact_name,0.95,data/raw/espn_cheat_sheets/espn_salary_cap_values_2021_non_ppr.pdf,92a00b4d1e894f31ee6c1ba251a0bc58d4e59f66404373b232eee1bb6ce2360b
2021,espn,non_ppr,10,200,132,TE,15,Hunter Henry,NE,1,14,nfl:gsis:00-0033090,15561,stable,exact_name,0.95,data/raw/espn_cheat_sheets/espn_salary_cap_values_2021_non_ppr.pdf,92a00b4d1e894f31ee6c1ba251a0bc58d4e59f66404373b232eee1bb6ce2360b
2021,espn,non_ppr,10,200,196,RB,57,Wayne Gallman,ATL,0,6,nfl:gsis:00-0033950,16422,stable,exact_name,0.95,data/raw/espn_cheat_sheets/espn_salary_cap_values_2021_non_ppr.pdf,92a00b4d1e894f31ee6c1ba251a0bc58d4e59f66404373b232eee1bb6ce2360b
2021,espn,non_ppr,10,200,90,WR,47,Jarvis Landry,CLE,3,13,nfl:gsis:00-0031382,12128,stable,exact_name,0.95,data/raw/espn_cheat_sheets/espn_salary_cap_values_2021_non_ppr.pdf,92a00b4d1e894f31ee6c1ba251a0bc58d4e59f66404373b232eee1bb6ce2360b
2021,espn,non_ppr,10,200,255,K,15,Ryan Succop,TB,0,9,nfl:gsis:00-0026968,9549,stable,exact_name,0.95,data/raw/espn_cheat_sheets/espn_salary_cap_values_2021_non_ppr.pdf,92a00b4d1e894f31ee6c1ba251a0bc58d4e59f66404373b232eee1bb6ce2360b
2021,espn,non_ppr,10,200,143,TE,16,Rob Gronkowski,TB,0,9,nfl:gsis:00-0027656,9721,stable,exact_name,0.95,data/raw/espn_cheat_sheets/espn_salary_cap_values_2021_non_ppr.pdf,92a00b4d1e894f31ee6c1ba251a0bc58d4e59f66404373b232eee1bb6ce2360b
2021,espn,non_ppr,10,200,197,RB,58,Devontae Booker,NYG,0,10,nfl:gsis:00-0032972,15555,stable,exact_name,0.95,data/raw/espn_cheat_sheets/espn_salary_cap_values_2021_non_ppr.pdf,92a00b4d1e894f31ee6c1ba251a0bc58d4e59f66404373b232eee1bb6ce2360b
2021,espn,non_ppr,10,200,91,WR,48,Antonio Brown,TB,3,9,nfl:gsis:00-0027793,9808,stable,exact_name,0.95,data/raw/espn_cheat_sheets/espn_salary_cap_values_2021_non_ppr.pdf,92a00b4d1e894f31ee6c1ba251a0bc58d4e59f66404373b232eee1bb6ce2360b
2021,espn,non_ppr,10,200,144,TE,17,Evan Engram,NYG,0,10,nfl:gsis:00-0033881,16411,stable,exact_name,0.95,data/raw/espn_cheat_sheets/espn_salary_cap_values_2021_non_ppr.pdf,92a00b4d1e894f31ee6c1ba251a0bc58d4e59f66404373b232eee1bb6ce2360b
2021,espn,non_ppr,10,200,198,RB,59,Rashaad Penny,SEA,0,9,nfl:gsis:00-0034750,17308,stable,exact_name,0.95,data/raw/espn_cheat_sheets/espn_salary_cap_values_2021_non_ppr.pdf,92a00b4d1e894f31ee6c1ba251a0bc58d4e59f66404373b232eee1bb6ce2360b
2021,espn,non_ppr,10,200,95,WR,49,Henry Ruggs III,LV,3,8,nfl:gsis:00-0036357,19207,stable,exact_name,0.95,data/raw/espn_cheat_sheets/espn_salary_cap_values_2021_non_ppr.pdf,92a00b4d1e894f31ee6c1ba251a0bc58d4e59f66404373b232eee1bb6ce2360b
2021,espn,non_ppr,10,200,145,TE,18,Jared Cook,LAC,0,7,nfl:gsis:00-0027061,9265,stable,exact_name,0.95,data/raw/espn_cheat_sheets/espn_salary_cap_values_2021_non_ppr.pdf,92a00b4d1e894f31ee6c1ba251a0bc58d4e59f66404373b232eee1bb6ce2360b
2021,espn,non_ppr,10,200,199,RB,60,Justin Jackson,LAC,0,7,nfl:gsis:00-0034440,17300,stable,exact_name,0.95,data/raw/espn_cheat_sheets/espn_salary_cap_values_2021_non_ppr.pdf,92a00b4d1e894f31ee6c1ba251a0bc58d4e59f66404373b232eee1bb6ce2360b
2021,espn,non_ppr,10,200,96,WR,50,Jaylen Waddle,MIA,2,14,nfl:gsis:00-0036613,19790,stable,exact_name,0.95,data/raw/espn_cheat_sheets/espn_salary_cap_values_2021_non_ppr.pdf,92a00b4d1e894f31ee6c1ba251a0bc58d4e59f66404373b232eee1bb6ce2360b
2021,espn,non_ppr,10,200,165,TE,19,Eric Ebron,PIT,0,7,nfl:gsis:00-0031387,12143,stable,exact_name,0.95,data/raw/espn_cheat_sheets/espn_salary_cap_values_2021_non_ppr.pdf,92a00b4d1e894f31ee6c1ba251a0bc58d4e59f66404373b232eee1bb6ce2360b
2021,espn,non_ppr,10,200,200,RB,61,Damien Williams,CHI,0,10,nfl:gsis:00-0030874,12334,stable,exact_name,0.95,data/raw/espn_cheat_sheets/espn_salary_cap_values_2021_non_ppr.pdf,92a00b4d1e894f31ee6c1ba251a0bc58d4e59f66404373b232eee1bb6ce2360b
2021,espn,non_ppr,10,200,116,WR,51,Michael Pittman Jr.,IND,2,14,nfl:gsis:00-0036252,19278,stable,exact_name,0.95,data/raw/espn_cheat_sheets/espn_salary_cap_values_2021_non_ppr.pdf,92a00b4d1e894f31ee6c1ba251a0bc58d4e59f66404373b232eee1bb6ce2360b
2021,espn,non_ppr,10,200,166,TE,20,Cole Kmet,CHI,0,10,nfl:gsis:00-0036290,19229,stable,exact_name,0.95,data/raw/espn_cheat_sheets/espn_salary_cap_values_2021_non_ppr.pdf,92a00b4d1e894f31ee6c1ba251a0bc58d4e59f66404373b232eee1bb6ce2360b
2021,espn,non_ppr,10,200,201,RB,62,Chuba Hubbard,CAR,0,13,nfl:gsis:00-0036555,19792,stable,exact_name,0.95,data/raw/espn_cheat_sheets/espn_salary_cap_values_2021_non_ppr.pdf,92a00b4d1e894f31ee6c1ba251a0bc58d4e59f66404373b232eee1bb6ce2360b
2021,espn,non_ppr,10,200,117,WR,52,Jakobi Meyers,NE,2,14,nfl:gsis:00-0034960,18598,stable,exact_name,0.95,data/raw/espn_cheat_sheets/espn_salary_cap_values_2021_non_ppr.pdf,92a00b4d1e894f31ee6c1ba251a0bc58d4e59f66404373b232eee1bb6ce2360b
2021,espn,non_ppr,10,200,167,TE,21,Anthony Firkser,TEN,0,13,nfl:gsis:00-0033455,16787,stable,exact_name,0.95,data/raw/espn_cheat_sheets/espn_salary_cap_values_2021_non_ppr.pdf,92a00b4d1e894f31ee6c1ba251a0bc58d4e59f66404373b232eee1bb6ce2360b
2021,espn,non_ppr,10,200,202,RB,63,Darrel Williams,KC,0,12,nfl:gsis:00-0034301,17514,stable,exact_name,0.95,data/raw/espn_cheat_sheets/espn_salary_cap_values_2021_non_ppr.pdf,92a00b4d1e894f31ee6c1ba251a0bc58d4e59f66404373b232eee1bb6ce2360b
2021,espn,non_ppr,10,200,118,WR,53,Cole Beasley,BUF,2,7,nfl:gsis:00-0029000,11459,stable,exact_name,0.95,data/raw/espn_cheat_sheets/espn_salary_cap_values_2021_non_ppr.pdf,92a00b4d1e894f31ee6c1ba251a0bc58d4e59f66404373b232eee1bb6ce2360b
2021,espn,non_ppr,10,200,211,TE,22,Zach Ertz,PHI,0,14,nfl:gsis:00-0030061,11689,stable,exact_name,0.95,data/raw/espn_cheat_sheets/espn_salary_cap_values_2021_non_ppr.pdf,92a00b4d1e894f31ee6c1ba251a0bc58d4e59f66404373b232eee1bb6ce2360b
2021,espn,non_ppr,10,200,203,RB,64,Ty Johnson,NYJ,0,6,nfl:gsis:00-0035537,18406,stable,exact_name,0.95,data/raw/espn_cheat_sheets/espn_salary_cap_values_2021_non_ppr.pdf,92a00b4d1e894f31ee6c1ba251a0bc58d4e59f66404373b232eee1bb6ce2360b
2021,espn,non_ppr,10,200,119,WR,54,DeVante Parker,MIA,2,14,nfl:gsis:00-0031547,13897,stable,exact_name,0.95,data/raw/espn_cheat_sheets/espn_salary_cap_values_2021_non_ppr.pdf,92a00b4d1e894f31ee6c1ba251a0bc58d4e59f66404373b232eee1bb6ce2360b
2021,espn,non_ppr,10,200,246,TE,23,Gerald Everett,SEA,0,9,nfl:gsis:00-0033895,16459,stable,exact_name,0.95,data/raw/espn_cheat_sheets/espn_salary_cap_values_2021_non_ppr.pdf,92a00b4d1e894f31ee6c1ba251a0bc58d4e59f66404373b232eee1bb6ce2360b
2021,espn,non_ppr,10,200,204,RB,65,Salvon Ahmed,MIA,0,14,nfl:gsis:00-0036020,19449,stable,exact_name,0.95,data/raw/espn_cheat_sheets/espn_salary_cap_values_2021_non_ppr.pdf,92a00b4d1e894f31ee6c1ba251a0bc58d4e59f66404373b232eee1bb6ce2360b
2021,espn,non_ppr,10,200,120,WR,55,Marquez Callaway,NO,2,6,nfl:gsis:00-0036219,19505,stable,exact_name,0.95,data/raw/espn_cheat_sheets/espn_salary_cap_values_2021_non_ppr.pdf,92a00b4d1e894f31ee6c1ba251a0bc58d4e59f66404373b232eee1bb6ce2360b
2021,espn,non_ppr,10,200,247,TE,24,Dawson Knox,BUF,0,7,nfl:gsis:00-0035689,18631,stable,exact_name,0.95,data/raw/espn_cheat_sheets/espn_salary_cap_values_2021_non_ppr.pdf,92a00b4d1e894f31ee6c1ba251a0bc58d4e59f66404373b232eee1bb6ce2360b
2021,espn,non_ppr,10,200,205,RB,66,Marlon Mack,IND,0,14,nfl:gsis:00-0033951,16444,stable,exact_name,0.95,data/raw/espn_cheat_sheets/espn_salary_cap_values_2021_non_ppr.pdf,92a00b4d1e894f31ee6c1ba251a0bc58d4e59f66404373b232eee1bb6ce2360b
2021,espn,non_ppr,10,200,121,WR,56,Jalen Reagor,PHI,1,14,nfl:gsis:00-0036387,19219,stable,exact_name,0.95,data/raw/espn_cheat_sheets/espn_salary_cap_values_2021_non_ppr.pdf,92a00b4d1e894f31ee6c1ba251a0bc58d4e59f66404373b232eee1bb6ce2360b
2021,espn,non_ppr,10,200,248,TE,25,Blake Jarwin,DAL,0,7,nfl:gsis:00-0033658,16638,stable,exact_name,0.95,data/raw/espn_cheat_sheets/espn_salary_cap_values_2021_non_ppr.pdf,92a00b4d1e894f31ee6c1ba251a0bc58d4e59f66404373b232eee1bb6ce2360b
2021,espn,non_ppr,10,200,206,RB,67,Boston Scott,PHI,0,14,nfl:gsis:00-0034414,17612,stable,exact_name,0.95,data/raw/espn_cheat_sheets/espn_salary_cap_values_2021_non_ppr.pdf,92a00b4d1e894f31ee6c1ba251a0bc58d4e59f66404373b232eee1bb6ce2360b
2021,espn,non_ppr,10,200,125,WR,57,Tyrell Williams,DET,1,9,nfl:gsis:00-0032160,14324,stable,exact_name,0.95,data/raw/espn_cheat_sheets/espn_salary_cap_values_2021_non_ppr.pdf,92a00b4d1e894f31ee6c1ba251a0bc58d4e59f66404373b232eee1bb6ce2360b
2021,espn,non_ppr,10,200,249,TE,26,Tyler Conklin,MIN,0,7,nfl:gsis:00-0034270,17598,stable,exact_name,0.95,data/raw/espn_cheat_sheets/espn_salary_cap_values_2021_non_ppr.pdf,92a00b4d1e894f31ee6c1ba251a0bc58d4e59f66404373b232eee1bb6ce2360b
2021,espn,non_ppr,10,200,207,RB,68,Kenneth Gainwell,PHI,0,14,nfl:gsis:00-0036919,23310,stable,exact_name,0.95,data/raw/espn_cheat_sheets/espn_salary_cap_values_2021_non_ppr.pdf,92a00b4d1e894f31ee6c1ba251a0bc58d4e59f66404373b232eee1bb6ce2360b
2021,espn,non_ppr,10,200,126,WR,58,Mecole Hardman,KC,1,12,nfl:gsis:00-0035140,18587,stable,exact_name,0.95,data/raw/espn_cheat_sheets/espn_salary_cap_values_2021_non_ppr.pdf,92a00b4d1e894f31ee6c1ba251a0bc58d4e59f66404373b232eee1bb6ce2360b
2021,espn,non_ppr,10,200,257,TE,27,Juwan Johnson,NO,0,6,nfl:gsis:00-0036040,19562,stable,exact_name,0.95,data/raw/espn_cheat_sheets/espn_salary_cap_values_2021_non_ppr.pdf,92a00b4d1e894f31ee6c1ba251a0bc58d4e59f66404373b232eee1bb6ce2360b
2021,espn,non_ppr,10,200,208,RB,69,Jaret Patterson,WAS,0,9,nfl:gsis:00-0036755,20155,stable,exact_name,0.95,data/raw/espn_cheat_sheets/espn_salary_cap_values_2021_non_ppr.pdf,92a00b4d1e894f31ee6c1ba251a0bc58d4e59f66404373b232eee1bb6ce2360b
2021,espn,non_ppr,10,200,127,WR,59,Darnell Mooney,CHI,1,10,nfl:gsis:00-0036309,19810,stable,exact_name,0.95,data/raw/espn_cheat_sheets/espn_salary_cap_values_2021_non_ppr.pdf,92a00b4d1e894f31ee6c1ba251a0bc58d4e59f66404373b232eee1bb6ce2360b
2021,espn,non_ppr,10,200,258,TE,28,Adam Trautman,NO,0,6,nfl:gsis:00-0036422,19423,stable,exact_name,0.95,data/raw/espn_cheat_sheets/espn_salary_cap_values_2021_non_ppr.pdf,92a00b4d1e894f31ee6c1ba251a0bc58d4e59f66404373b232eee1bb6ce2360b
2021,espn,non_ppr,10,200,209,RB,70,Cordarrelle Patterson,ATL,0,6,nfl:gsis:00-0030578,11613,stable,exact_name,0.95,data/raw/espn_cheat_sheets/espn_salary_cap_values_2021_non_ppr.pdf,92a00b4d1e894f31ee6c1ba251a0bc58d4e59f66404373b232eee1bb6ce2360b
2021,espn,non_ppr,10,200,128,WR,60,Parris Campbell,IND,1,14,nfl:gsis:00-0035639,18463,stable,exact_name,0.95,data/raw/espn_cheat_sheets/espn_salary_cap_values_2021_non_ppr.pdf,92a00b4d1e894f31ee6c1ba251a0bc58d4e59f66404373b232eee1bb6ce2360b
2021,espn,non_ppr,10,200,259,TE,29,O.J. Howard,TB,0,9,nfl:gsis:00-0033879,16380,stable,exact_name,0.95,data/raw/espn_cheat_sheets/espn_salary_cap_values_2021_non_ppr.pdf,92a00b4d1e894f31ee6c1ba251a0bc58d4e59f66404373b232eee1bb6ce2360b
2021,espn,non_ppr,10,200,210,RB,71,Samaje Perine,CIN,0,10,nfl:gsis:00-0033526,16423,stable,exact_name,0.95,data/raw/espn_cheat_sheets/espn_salary_cap_values_2021_non_ppr.pdf,92a00b4d1e894f31ee6c1ba251a0bc58d4e59f66404373b232eee1bb6ce2360b
2021,espn,non_ppr,10,200,129,WR,61,Elijah Moore,NYJ,1,6,nfl:gsis:00-0036980,20114,stable,exact_name,0.95,data/raw/espn_cheat_sheets/espn_salary_cap_values_2021_non_ppr.pdf,92a00b4d1e894f31ee6c1ba251a0bc58d4e59f66404373b232eee1bb6ce2360b
2021,espn,non_ppr,10,200,289,TE,30,C.J. Uzomah,CIN,0,10,nfl:gsis:00-0032134,14084,stable,exact_name,0.95,data/raw/espn_cheat_sheets/espn_salary_cap_values_2021_non_ppr.pdf,92a00b4d1e894f31ee6c1ba251a0bc58d4e59f66404373b232eee1bb6ce2360b
2021,espn,non_ppr,10,200,235,RB,72,Alex Collins,SEA,0,9,nfl:gsis:00-0032426,15546,stable,exact_name,0.95,data/raw/espn_cheat_sheets/espn_salary_cap_values_2021_non_ppr.pdf,92a00b4d1e894f31ee6c1ba251a0bc58d4e59f66404373b232eee1bb6ce2360b
2021,espn,non_ppr,10,200,150,WR,62,Russell Gage,ATL,0,6,nfl:gsis:00-0034411,17606,stable,exact_name,0.95,data/raw/espn_cheat_sheets/espn_salary_cap_values_2021_non_ppr.pdf,92a00b4d1e894f31ee6c1ba251a0bc58d4e59f66404373b232eee1bb6ce2360b
2021,espn,non_ppr,10,200,290,TE,31,Tyler Kroft,NYJ,0,6,nfl:gsis:00-0032214,13960,stable,exact_name,0.95,data/raw/espn_cheat_sheets/espn_salary_cap_values_2021_non_ppr.pdf,92a00b4d1e894f31ee6c1ba251a0bc58d4e59f66404373b232eee1bb6ce2360b
2021,espn,non_ppr,10,200,236,RB,73,Elijah Mitchell,SF,0,6,nfl:gsis:00-0036567,22813,stable,exact_name,0.95,data/raw/espn_cheat_sheets/espn_salary_cap_values_2021_non_ppr.pdf,92a00b4d1e894f31ee6c1ba251a0bc58d4e59f66404373b232eee1bb6ce2360b
2021,espn,non_ppr,10,200,151,WR,63,Sterling Shepard,NYG,10,12,nfl:gsis:00-0032385,15569,stable,exact_name,0.95,data/raw/espn_cheat_sheets/espn_salary_cap_values_2021_non_ppr.pdf,92a00b4d1e894f31ee6c1ba251a0bc58d4e59f66404373b232eee1bb6ce2360b
2021,espn,non_ppr,10,200,291,TE,32,Jordan Akins,HOU,0,10,nfl:gsis:00-0034364,17415,stable,exact_name,0.95,data/raw/espn_cheat_sheets/espn_salary_cap_values_2021_non_ppr.pdf,92a00b4d1e894f31ee6c1ba251a0bc58d4e59f66404373b232eee1bb6ce2360b
2021,espn,non_ppr,10,200,237,RB,74,Jerick McKinnon,KC,0,12,nfl:gsis:00-0031376,12209,stable,exact_name,0.95,data/raw/espn_cheat_sheets/espn_salary_cap_values_2021_non_ppr.pdf,92a00b4d1e894f31ee6c1ba251a0bc58d4e59f66404373b232eee1bb6ce2360b
2021,espn,non_ppr,10,200,152,WR,64,Jamison Crowder,NYJ,0,6,nfl:gsis:00-0031941,13976,stable,exact_name,0.95,data/raw/espn_cheat_sheets/espn_salary_cap_values_2021_non_ppr.pdf,92a00b4d1e894f31ee6c1ba251a0bc58d4e59f66404373b232eee1bb6ce2360b
2021,espn,non_ppr,10,200,292,TE,33,Hayden Hurst,ATL,0,6,nfl:gsis:00-0034830,17283,stable,exact_name,0.95,data/raw/espn_cheat_sheets/espn_salary_cap_values_2021_non_ppr.pdf,92a00b4d1e894f31ee6c1ba251a0bc58d4e59f66404373b232eee1bb6ce2360b
2021,espn,non_ppr,10,200,238,RB,75,Joshua Kelley,LAC,0,7,nfl:gsis:00-0036370,19445,stable,exact_name,0.95,data/raw/espn_cheat_sheets/espn_salary_cap_values_2021_non_ppr.pdf,92a00b4d1e894f31ee6c1ba251a0bc58d4e59f66404373b232eee1bb6ce2360b
2021,espn,non_ppr,10,200,153,WR,65,Nelson Agholor,NE,0,14,nfl:gsis:00-0031549,13969,stable,exact_name,0.95,data/raw/espn_cheat_sheets/espn_salary_cap_values_2021_non_ppr.pdf,92a00b4d1e894f31ee6c1ba251a0bc58d4e59f66404373b232eee1bb6ce2360b
2021,espn,non_ppr,10,200,293,TE,34,Dan Arnold,CAR,0,13,nfl:gsis:00-0034011,17143,stable,exact_name,0.95,data/raw/espn_cheat_sheets/espn_salary_cap_values_2021_non_ppr.pdf,92a00b4d1e894f31ee6c1ba251a0bc58d4e59f66404373b232eee1bb6ce2360b
2021,espn,non_ppr,10,200,239,RB,76,Tarik Cohen,CHI,0,10,nfl:gsis:00-0033556,16450,stable,exact_name,0.95,data/raw/espn_cheat_sheets/espn_salary_cap_values_2021_non_ppr.pdf,92a00b4d1e894f31ee6c1ba251a0bc58d4e59f66404373b232eee1bb6ce2360b
2021,espn,non_ppr,10,200,154,WR,66,Rondale Moore,ARI,0,12,nfl:gsis:00-0036936,,stable,nflverse_exact_name,0.9,data/raw/espn_cheat_sheets/espn_salary_cap_values_2021_non_ppr.pdf,92a00b4d1e894f31ee6c1ba251a0bc58d4e59f66404373b232eee1bb6ce2360b
2021,espn,non_ppr,10,200,311,TE,35,Dalton Schultz,DAL,0,7,nfl:gsis:00-0034383,17349,stable,exact_name,0.95,data/raw/espn_cheat_sheets/espn_salary_cap_values_2021_non_ppr.pdf,92a00b4d1e894f31ee6c1ba251a0bc58d4e59f66404373b232eee1bb6ce2360b
2021,espn,non_ppr,10,200,240,RB,77,Darrynton Evans,TEN,0,13,nfl:gsis:00-0036297,19418,stable,exact_name,0.95,data/raw/espn_cheat_sheets/espn_salary_cap_values_2021_non_ppr.pdf,92a00b4d1e894f31ee6c1ba251a0bc58d4e59f66404373b232eee1bb6ce2360b
2021,espn,non_ppr,10,200,155,WR,67,Terrace Marshall Jr.,CAR,0,13,nfl:gsis:00-0036955,23242,stable,exact_name,0.95,data/raw/espn_cheat_sheets/espn_salary_cap_values_2021_non_ppr.pdf,92a00b4d1e894f31ee6c1ba251a0bc58d4e59f66404373b232eee1bb6ce2360b
2022,espn,non_ppr,10,200,43,QB,1,Josh Allen,BUF,18,7,nfl:gsis:00-0034857,17298,stable,exact_name,0.95,data/raw/espn_cheat_sheets/espn_salary_cap_values_2022_non_ppr.pdf,ebb9ea92da343ede916fd77b5a8bfc4495eb05ea9bfd06de2b6f3d6865893ad8
2022,espn,non_ppr,10,200,1,RB,1,Jonathan Taylor,IND,61,14,nfl:gsis:00-0036223,19217,stable,exact_name,0.95,data/raw/espn_cheat_sheets/espn_salary_cap_values_2022_non_ppr.pdf,ebb9ea92da343ede916fd77b5a8bfc4495eb05ea9bfd06de2b6f3d6865893ad8
2022,espn,non_ppr,10,200,241,RB,78,Hassan Haskins,TEN,0,6,nfl:gsis:00-0037617,23798,stable,exact_name,0.95,data/raw/espn_cheat_sheets/espn_salary_cap_values_2022_non_ppr.pdf,ebb9ea92da343ede916fd77b5a8bfc4495eb05ea9bfd06de2b6f3d6865893ad8
2022,espn,non_ppr,10,200,177,WR,68,Alec Pierce,IND,0,14,nfl:gsis:00-0037664,23791,stable,exact_name,0.95,data/raw/espn_cheat_sheets/espn_salary_cap_values_2022_non_ppr.pdf,ebb9ea92da343ede916fd77b5a8bfc4495eb05ea9bfd06de2b6f3d6865893ad8
2022,espn,non_ppr,10,200,53,QB,2,Patrick Mahomes,KC,11,8,nfl:gsis:00-0033873,16413,stable,exact_name,0.95,data/raw/espn_cheat_sheets/espn_salary_cap_values_2022_non_ppr.pdf,ebb9ea92da343ede916fd77b5a8bfc4495eb05ea9bfd06de2b6f3d6865893ad8
2022,espn,non_ppr,10,200,2,RB,2,Derrick Henry,TEN,59,6,nfl:gsis:00-0032764,15514,stable,exact_name,0.95,data/raw/espn_cheat_sheets/espn_salary_cap_values_2022_non_ppr.pdf,ebb9ea92da343ede916fd77b5a8bfc4495eb05ea9bfd06de2b6f3d6865893ad8
2022,espn,non_ppr,10,200,242,RB,79,DeeJay Dallas,SEA,0,11,nfl:gsis:00-0036425,19521,stable,exact_name,0.95,data/raw/espn_cheat_sheets/espn_salary_cap_values_2022_non_ppr.pdf,ebb9ea92da343ede916fd77b5a8bfc4495eb05ea9bfd06de2b6f3d6865893ad8
2022,espn,non_ppr,10,200,178,WR,69,Jalen Tolbert,DAL,0,9,nfl:gsis:00-0037666,23770,stable,exact_name,0.95,data/raw/espn_cheat_sheets/espn_salary_cap_values_2022_non_ppr.pdf,ebb9ea92da343ede916fd77b5a8bfc4495eb05ea9bfd06de2b6f3d6865893ad8
2022,espn,non_ppr,10,200,54,QB,3,Justin Herbert,LAC,10,8,nfl:gsis:00-0036355,18635,stable,exact_name,0.95,data/raw/espn_cheat_sheets/espn_salary_cap_values_2022_non_ppr.pdf,ebb9ea92da343ede916fd77b5a8bfc4495eb05ea9bfd06de2b6f3d6865893ad8
2022,espn,non_ppr,10,200,4,RB,3,Christian McCaffrey,CAR,58,13,nfl:gsis:00-0033280,16393,stable,exact_name,0.95,data/raw/espn_cheat_sheets/espn_salary_cap_values_2022_non_ppr.pdf,ebb9ea92da343ede916fd77b5a8bfc4495eb05ea9bfd06de2b6f3d6865893ad8
2022,espn,non_ppr,10,200,250,RB,80,Joshua Kelley,LAC,0,8,nfl:gsis:00-0036370,19445,stable,exact_name,0.95,data/raw/espn_cheat_sheets/espn_salary_cap_values_2022_non_ppr.pdf,ebb9ea92da343ede916fd77b5a8bfc4495eb05ea9bfd06de2b6f3d6865893ad8
2022,espn,non_ppr,10,200,179,WR,70,Mecole Hardman,KC,0,8,nfl:gsis:00-0035140,18587,stable,exact_name,0.95,data/raw/espn_cheat_sheets/espn_salary_cap_values_2022_non_ppr.pdf,ebb9ea92da343ede916fd77b5a8bfc4495eb05ea9bfd06de2b6f3d6865893ad8
2022,espn,non_ppr,10,200,62,QB,4,Lamar Jackson,BAL,8,10,nfl:gsis:00-0034796,17233,stable,exact_name,0.95,data/raw/espn_cheat_sheets/espn_salary_cap_values_2022_non_ppr.pdf,ebb9ea92da343ede916fd77b5a8bfc4495eb05ea9bfd06de2b6f3d6865893ad8
2022,espn,non_ppr,10,200,7,RB,4,Austin Ekeler,LAC,52,8,nfl:gsis:00-0033699,16483,stable,exact_name,0.95,data/raw/espn_cheat_sheets/espn_salary_cap_values_2022_non_ppr.pdf,ebb9ea92da343ede916fd77b5a8bfc4495eb05ea9bfd06de2b6f3d6865893ad8
2022,espn,non_ppr,10,200,264,RB,81,Craig Reynolds,DET,0,6,nfl:gsis:00-0035567,19074,stable,exact_name,0.95,data/raw/espn_cheat_sheets/espn_salary_cap_values_2022_non_ppr.pdf,ebb9ea92da343ede916fd77b5a8bfc4495eb05ea9bfd06de2b6f3d6865893ad8
2022,espn,non_ppr,10,200,180,WR,71,Isaiah McKenzie,BUF,0,7,nfl:gsis:00-0033466,16604,stable,exact_name,0.95,data/raw/espn_cheat_sheets/espn_salary_cap_values_2022_non_ppr.pdf,ebb9ea92da343ede916fd77b5a8bfc4495eb05ea9bfd06de2b6f3d6865893ad8
2022,espn,non_ppr,10,200,63,QB,5,Kyler Murray,ARI,8,13,nfl:gsis:00-0035228,18600,stable,exact_name,0.95,data/raw/espn_cheat_sheets/espn_salary_cap_values_2022_non_ppr.pdf,ebb9ea92da343ede916fd77b5a8bfc4495eb05ea9bfd06de2b6f3d6865893ad8
2022,espn,non_ppr,10,200,8,RB,5,Najee Harris,PIT,50,9,nfl:gsis:00-0036893,19302,stable,exact_name,0.95,data/raw/espn_cheat_sheets/espn_salary_cap_values_2022_non_ppr.pdf,ebb9ea92da343ede916fd77b5a8bfc4495eb05ea9bfd06de2b6f3d6865893ad8
2022,espn,non_ppr,10,200,265,RB,82,Dare Ogunbowale,HOU,0,6,nfl:gsis:00-0033854,16879,stable,exact_name,0.95,data/raw/espn_cheat_sheets/espn_salary_cap_values_2022_non_ppr.pdf,ebb9ea92da343ede916fd77b5a8bfc4495eb05ea9bfd06de2b6f3d6865893ad8
2022,espn,non_ppr,10,200,181,WR,72,Romeo Doubs,GB,0,14,nfl:gsis:00-0037816,23794,stable,exact_name,0.95,data/raw/espn_cheat_sheets/espn_salary_cap_values_2022_non_ppr.pdf,ebb9ea92da343ede916fd77b5a8bfc4495eb05ea9bfd06de2b6f3d6865893ad8
2022,espn,non_ppr,10,200,76,QB,6,Jalen Hurts,PHI,5,7,nfl:gsis:00-0036389,19275,stable,exact_name,0.95,data/raw/espn_cheat_sheets/espn_salary_cap_values_2022_non_ppr.pdf,ebb9ea92da343ede916fd77b5a8bfc4495eb05ea9bfd06de2b6f3d6865893ad8
2022,espn,non_ppr,10,200,9,RB,6,Joe Mixon,CIN,49,10,nfl:gsis:00-0033897,16420,stable,exact_name,0.95,data/raw/espn_cheat_sheets/espn_salary_cap_values_2022_non_ppr.pdf,ebb9ea92da343ede916fd77b5a8bfc4495eb05ea9bfd06de2b6f3d6865893ad8
2022,espn,non_ppr,10,200,276,RB,83,Ronald Jones II,KC,0,8,nfl:gsis:00-0034816,17243,stable,exact_name,0.95,data/raw/espn_cheat_sheets/espn_salary_cap_values_2022_non_ppr.pdf,ebb9ea92da343ede916fd77b5a8bfc4495eb05ea9bfd06de2b6f3d6865893ad8
2022,espn,non_ppr,10,200,182,WR,73,Jamison Crowder,BUF,0,7,nfl:gsis:00-0031941,13976,stable,exact_name,0.95,data/raw/espn_cheat_sheets/espn_salary_cap_values_2022_non_ppr.pdf,ebb9ea92da343ede916fd77b5a8bfc4495eb05ea9bfd06de2b6f3d6865893ad8
2022,espn,non_ppr,10,200,89,QB,7,Dak Prescott,DAL,3,9,nfl:gsis:00-0033077,15600,stable,exact_name,0.95,data/raw/espn_cheat_sheets/espn_salary_cap_values_2022_non_ppr.pdf,ebb9ea92da343ede916fd77b5a8bfc4495eb05ea9bfd06de2b6f3d6865893ad8
2022,espn,non_ppr,10,200,10,RB,7,Dalvin Cook,MIN,46,7,nfl:gsis:00-0033893,16374,stable,exact_name,0.95,data/raw/espn_cheat_sheets/espn_salary_cap_values_2022_non_ppr.pdf,ebb9ea92da343ede916fd77b5a8bfc4495eb05ea9bfd06de2b6f3d6865893ad8
2022,espn,non_ppr,10,200,277,RB,84,Rico Dowdle,DAL,0,9,nfl:gsis:00-0036139,19647,stable,exact_name,0.95,data/raw/espn_cheat_sheets/espn_salary_cap_values_2022_non_ppr.pdf,ebb9ea92da343ede916fd77b5a8bfc4495eb05ea9bfd06de2b6f3d6865893ad8
2022,espn,non_ppr,10,200,183,WR,74,Van Jefferson,LAR,0,7,nfl:gsis:00-0036415,19483,stable,exact_name,0.95,data/raw/espn_cheat_sheets/espn_salary_cap_values_2022_non_ppr.pdf,ebb9ea92da343ede916fd77b5a8bfc4495eb05ea9bfd06de2b6f3d6865893ad8
2022,espn,non_ppr,10,200,90,QB,8,Tom Brady,TB,3,11,nfl:gsis:00-0019596,9603,stable,exact_name,0.95,data/raw/espn_cheat_sheets/espn_salary_cap_values_2022_non_ppr.pdf,ebb9ea92da343ede916fd77b5a8bfc4495eb05ea9bfd06de2b6f3d6865893ad8
2022,espn,non_ppr,10,200,14,RB,8,Alvin Kamara,NO,43,14,nfl:gsis:00-0033906,16421,stable,exact_name,0.95,data/raw/espn_cheat_sheets/espn_salary_cap_values_2022_non_ppr.pdf,ebb9ea92da343ede916fd77b5a8bfc4495eb05ea9bfd06de2b6f3d6865893ad8
2022,espn,non_ppr,10,200,278,RB,85,Deon Jackson,IND,0,14,nfl:gsis:00-0036493,20097,stable,exact_name,0.95,data/raw/espn_cheat_sheets/espn_salary_cap_values_2022_non_ppr.pdf,ebb9ea92da343ede916fd77b5a8bfc4495eb05ea9bfd06de2b6f3d6865893ad8
2022,espn,non_ppr,10,200,203,WR,75,Jameson Williams,DET,0,6,nfl:gsis:00-0037240,23677,stable,exact_name,0.95,data/raw/espn_cheat_sheets/espn_salary_cap_values_2022_non_ppr.pdf,ebb9ea92da343ede916fd77b5a8bfc4495eb05ea9bfd06de2b6f3d6865893ad8
2022,espn,non_ppr,10,200,91,QB,9,Aaron Rodgers,GB,3,14,nfl:gsis:00-0023459,9001,stable,exact_name,0.95,data/raw/espn_cheat_sheets/espn_salary_cap_values_2022_non_ppr.pdf,ebb9ea92da343ede916fd77b5a8bfc4495eb05ea9bfd06de2b6f3d6865893ad8
2022,espn,non_ppr,10,200,15,RB,9,Leonard Fournette,TB,42,11,nfl:gsis:00-0033856,16378,stable,exact_name,0.95,data/raw/espn_cheat_sheets/espn_salary_cap_values_2022_non_ppr.pdf,ebb9ea92da343ede916fd77b5a8bfc4495eb05ea9bfd06de2b6f3d6865893ad8
2022,espn,non_ppr,10,200,204,WR,76,Christian Watson,GB,0,14,nfl:gsis:00-0038124,23886,stable,exact_name,0.95,data/raw/espn_cheat_sheets/espn_salary_cap_values_2022_non_ppr.pdf,ebb9ea92da343ede916fd77b5a8bfc4495eb05ea9bfd06de2b6f3d6865893ad8
2022,espn,non_ppr,10,200,92,QB,10,Russell Wilson,DEN,3,9,nfl:gsis:00-0029263,11180,stable,exact_name,0.95,data/raw/espn_cheat_sheets/espn_salary_cap_values_2022_non_ppr.pdf,ebb9ea92da343ede916fd77b5a8bfc4495eb05ea9bfd06de2b6f3d6865893ad8
2022,espn,non_ppr,10,200,18,RB,10,Javonte Williams,DEN,37,9,nfl:gsis:00-0036997,22739,stable,exact_name,0.95,data/raw/espn_cheat_sheets/espn_salary_cap_values_2022_non_ppr.pdf,ebb9ea92da343ede916fd77b5a8bfc4495eb05ea9bfd06de2b6f3d6865893ad8
2022,espn,non_ppr,10,200,205,WR,77,Curtis Samuel,WAS,0,14,nfl:gsis:00-0033282,16434,stable,exact_name,0.95,data/raw/espn_cheat_sheets/espn_salary_cap_values_2022_non_ppr.pdf,ebb9ea92da343ede916fd77b5a8bfc4495eb05ea9bfd06de2b6f3d6865893ad8
2022,espn,non_ppr,10,200,93,QB,11,Joe Burrow,CIN,3,10,nfl:gsis:00-0036442,19196,stable,exact_name,0.95,data/raw/espn_cheat_sheets/espn_salary_cap_values_2022_non_ppr.pdf,ebb9ea92da343ede916fd77b5a8bfc4495eb05ea9bfd06de2b6f3d6865893ad8
2022,espn,non_ppr,10,200,20,RB,11,Nick Chubb,CLE,35,9,nfl:gsis:00-0034791,17246,stable,exact_name,0.95,data/raw/espn_cheat_sheets/espn_salary_cap_values_2022_non_ppr.pdf,ebb9ea92da343ede916fd77b5a8bfc4495eb05ea9bfd06de2b6f3d6865893ad8
2022,espn,non_ppr,10,200,3,WR,1,Cooper Kupp,LAR,59,7,nfl:gsis:00-0033908,16433,stable,exact_name,0.95,data/raw/espn_cheat_sheets/espn_salary_cap_values_2022_non_ppr.pdf,ebb9ea92da343ede916fd77b5a8bfc4495eb05ea9bfd06de2b6f3d6865893ad8
2022,espn,non_ppr,10,200,216,WR,78,Cedrick Wilson,MIA,0,11,nfl:gsis:00-0034418,17262,stable,exact_name,0.95,data/raw/espn_cheat_sheets/espn_salary_cap_values_2022_non_ppr.pdf,ebb9ea92da343ede916fd77b5a8bfc4495eb05ea9bfd06de2b6f3d6865893ad8
2022,espn,non_ppr,10,200,94,QB,12,Matthew Stafford,LAR,3,7,nfl:gsis:00-0026498,9451,stable,exact_name,0.95,data/raw/espn_cheat_sheets/espn_salary_cap_values_2022_non_ppr.pdf,ebb9ea92da343ede916fd77b5a8bfc4495eb05ea9bfd06de2b6f3d6865893ad8
2022,espn,non_ppr,10,200,22,RB,12,D'Andre Swift,DET,33,6,nfl:gsis:00-0036275,19210,stable,exact_name,0.95,data/raw/espn_cheat_sheets/espn_salary_cap_values_2022_non_ppr.pdf,ebb9ea92da343ede916fd77b5a8bfc4495eb05ea9bfd06de2b6f3d6865893ad8
2022,espn,non_ppr,10,200,5,WR,2,Justin Jefferson,MIN,55,7,nfl:gsis:00-0036322,19236,stable,exact_name,0.95,data/raw/espn_cheat_sheets/espn_salary_cap_values_2022_non_ppr.pdf,ebb9ea92da343ede916fd77b5a8bfc4495eb05ea9bfd06de2b6f3d6865893ad8
2022,espn,non_ppr,10,200,217,WR,79,KJ Hamler,DEN,0,9,nfl:gsis:00-0036412,19267,stable,exact_name,0.95,data/raw/espn_cheat_sheets/espn_salary_cap_values_2022_non_ppr.pdf,ebb9ea92da343ede916fd77b5a8bfc4495eb05ea9bfd06de2b6f3d6865893ad8
2022,espn,non_ppr,10,200,103,QB,13,Trey Lance,SF,2,9,nfl:gsis:00-0037012,20082,stable,exact_name,0.95,data/raw/espn_cheat_sheets/espn_salary_cap_values_2022_non_ppr.pdf,ebb9ea92da343ede916fd77b5a8bfc4495eb05ea9bfd06de2b6f3d6865893ad8
2022,espn,non_ppr,10,200,23,RB,13,James Conner,ARI,32,13,nfl:gsis:00-0033553,16447,stable,exact_name,0.95,data/raw/espn_cheat_sheets/espn_salary_cap_values_2022_non_ppr.pdf,ebb9ea92da343ede916fd77b5a8bfc4495eb05ea9bfd06de2b6f3d6865893ad8
2022,espn,non_ppr,10,200,6,WR,3,Ja'Marr Chase,CIN,54,10,nfl:gsis:00-0036900,19788,stable,exact_name,0.95,data/raw/espn_cheat_sheets/espn_salary_cap_values_2022_non_ppr.pdf,ebb9ea92da343ede916fd77b5a8bfc4495eb05ea9bfd06de2b6f3d6865893ad8
2022,espn,non_ppr,10,200,218,WR,80,Velus Jones Jr.,CHI,0,14,nfl:gsis:00-0037745,24214,stable,exact_name,0.95,data/raw/espn_cheat_sheets/espn_salary_cap_values_2022_non_ppr.pdf,ebb9ea92da343ede916fd77b5a8bfc4495eb05ea9bfd06de2b6f3d6865893ad8
2022,espn,non_ppr,10,200,122,QB,14,Derek Carr,LV,1,6,nfl:gsis:00-0031280,12092,stable,exact_name,0.95,data/raw/espn_cheat_sheets/espn_salary_cap_values_2022_non_ppr.pdf,ebb9ea92da343ede916fd77b5a8bfc4495eb05ea9bfd06de2b6f3d6865893ad8
2022,espn,non_ppr,10,200,28,RB,14,Aaron Jones,GB,29,14,nfl:gsis:00-0033293,16673,stable,exact_name,0.95,data/raw/espn_cheat_sheets/espn_salary_cap_values_2022_non_ppr.pdf,ebb9ea92da343ede916fd77b5a8bfc4495eb05ea9bfd06de2b6f3d6865893ad8
2022,espn,non_ppr,10,200,11,WR,4,Deebo Samuel,SF,45,9,nfl:gsis:00-0035719,18244,stable,exact_name,0.95,data/raw/espn_cheat_sheets/espn_salary_cap_values_2022_non_ppr.pdf,ebb9ea92da343ede916fd77b5a8bfc4495eb05ea9bfd06de2b6f3d6865893ad8
2022,espn,non_ppr,10,200,225,WR,81,K.J. Osborn,MIN,0,7,nfl:gsis:00-0036345,19708,stable,exact_name,0.95,data/raw/espn_cheat_sheets/espn_salary_cap_values_2022_non_ppr.pdf,ebb9ea92da343ede916fd77b5a8bfc4495eb05ea9bfd06de2b6f3d6865893ad8
2022,espn,non_ppr,10,200,123,QB,15,Kirk Cousins,MIN,1,7,nfl:gsis:00-0029604,11177,stable,exact_name,0.95,data/raw/espn_cheat_sheets/espn_salary_cap_values_2022_non_ppr.pdf,ebb9ea92da343ede916fd77b5a8bfc4495eb05ea9bfd06de2b6f3d6865893ad8
2022,espn,non_ppr,10,200,29,RB,15,Cam Akers,LAR,28,7,nfl:gsis:00-0036414,19268,stable,exact_name,0.95,data/raw/espn_cheat_sheets/espn_salary_cap_values_2022_non_ppr.pdf,ebb9ea92da343ede916fd77b5a8bfc4495eb05ea9bfd06de2b6f3d6865893ad8
2022,espn,non_ppr,10,200,12,WR,5,Stefon Diggs,BUF,44,7,nfl:gsis:00-0031588,13981,stable,exact_name,0.95,data/raw/espn_cheat_sheets/espn_salary_cap_values_2022_non_ppr.pdf,ebb9ea92da343ede916fd77b5a8bfc4495eb05ea9bfd06de2b6f3d6865893ad8
2022,espn,non_ppr,10,200,226,WR,82,Sterling Shepard,NYG,0,9,nfl:gsis:00-0032385,15569,stable,exact_name,0.95,data/raw/espn_cheat_sheets/espn_salary_cap_values_2022_non_ppr.pdf,ebb9ea92da343ede916fd77b5a8bfc4495eb05ea9bfd06de2b6f3d6865893ad8
2022,espn,non_ppr,10,200,127,QB,16,Trevor Lawrence,JAX,1,11,nfl:gsis:00-0036971,19780,stable,exact_name,0.95,data/raw/espn_cheat_sheets/espn_salary_cap_values_2022_non_ppr.pdf,ebb9ea92da343ede916fd77b5a8bfc4495eb05ea9bfd06de2b6f3d6865893ad8
2022,espn,non_ppr,10,200,33,RB,16,Saquon Barkley,NYG,24,9,nfl:gsis:00-0034844,17240,stable,exact_name,0.95,data/raw/espn_cheat_sheets/espn_salary_cap_values_2022_non_ppr.pdf,ebb9ea92da343ede916fd77b5a8bfc4495eb05ea9bfd06de2b6f3d6865893ad8
2022,espn,non_ppr,10,200,13,WR,6,Davante Adams,LV,44,6,nfl:gsis:00-0031381,12123,stable,exact_name,0.95,data/raw/espn_cheat_sheets/espn_salary_cap_values_2022_non_ppr.pdf,ebb9ea92da343ede916fd77b5a8bfc4495eb05ea9bfd06de2b6f3d6865893ad8
2022,espn,non_ppr,10,200,227,WR,83,Odell Beckham Jr.,FA,0,0,nfl:gsis:00-0031235,12127,stable,exact_name,0.95,data/raw/espn_cheat_sheets/espn_salary_cap_values_2022_non_ppr.pdf,ebb9ea92da343ede916fd77b5a8bfc4495eb05ea9bfd06de2b6f3d6865893ad8
2022,espn,non_ppr,10,200,128,QB,17,Tua Tagovailoa,MIA,1,11,nfl:gsis:00-0036212,19198,stable,exact_name,0.95,data/raw/espn_cheat_sheets/espn_salary_cap_values_2022_non_ppr.pdf,ebb9ea92da343ede916fd77b5a8bfc4495eb05ea9bfd06de2b6f3d6865893ad8
2022,espn,non_ppr,10,200,39,RB,17,Breece Hall,NYJ,21,10,nfl:gsis:00-0038120,22982,stable,exact_name,0.95,data/raw/espn_cheat_sheets/espn_salary_cap_values_2022_non_ppr.pdf,ebb9ea92da343ede916fd77b5a8bfc4495eb05ea9bfd06de2b6f3d6865893ad8
2022,espn,non_ppr,10,200,16,WR,7,CeeDee Lamb,DAL,40,9,nfl:gsis:00-0036358,19202,stable,exact_name,0.95,data/raw/espn_cheat_sheets/espn_salary_cap_values_2022_non_ppr.pdf,ebb9ea92da343ede916fd77b5a8bfc4495eb05ea9bfd06de2b6f3d6865893ad8
2022,espn,non_ppr,10,200,228,WR,84,Corey Davis,NYJ,0,10,nfl:gsis:00-0033871,16385,stable,exact_name,0.95,data/raw/espn_cheat_sheets/espn_salary_cap_values_2022_non_ppr.pdf,ebb9ea92da343ede916fd77b5a8bfc4495eb05ea9bfd06de2b6f3d6865893ad8
2022,espn,non_ppr,10,200,129,QB,18,Justin Fields,CHI,1,14,nfl:gsis:00-0036945,19781,stable,exact_name,0.95,data/raw/espn_cheat_sheets/espn_salary_cap_values_2022_non_ppr.pdf,ebb9ea92da343ede916fd77b5a8bfc4495eb05ea9bfd06de2b6f3d6865893ad8
2022,espn,non_ppr,10,200,40,RB,18,Ezekiel Elliott,DAL,20,9,nfl:gsis:00-0033045,15498,stable,exact_name,0.95,data/raw/espn_cheat_sheets/espn_salary_cap_values_2022_non_ppr.pdf,ebb9ea92da343ede916fd77b5a8bfc4495eb05ea9bfd06de2b6f3d6865893ad8
2022,espn,non_ppr,10,200,17,WR,8,Tyreek Hill,MIA,38,11,nfl:gsis:00-0033040,15802,stable,exact_name,0.95,data/raw/espn_cheat_sheets/espn_salary_cap_values_2022_non_ppr.pdf,ebb9ea92da343ede916fd77b5a8bfc4495eb05ea9bfd06de2b6f3d6865893ad8
2022,espn,non_ppr,10,200,229,WR,85,Randall Cobb,GB,0,14,nfl:gsis:00-0028002,9902,stable,exact_name,0.95,data/raw/espn_cheat_sheets/espn_salary_cap_values_2022_non_ppr.pdf,ebb9ea92da343ede916fd77b5a8bfc4495eb05ea9bfd06de2b6f3d6865893ad8
2022,espn,non_ppr,10,200,187,QB,19,Daniel Jones,NYG,0,9,nfl:gsis:00-0035710,18232,stable,exact_name,0.95,data/raw/espn_cheat_sheets/espn_salary_cap_values_2022_non_ppr.pdf,ebb9ea92da343ede916fd77b5a8bfc4495eb05ea9bfd06de2b6f3d6865893ad8
2022,espn,non_ppr,10,200,41,RB,19,David Montgomery,CHI,19,14,nfl:gsis:00-0035685,18239,stable,exact_name,0.95,data/raw/espn_cheat_sheets/espn_salary_cap_values_2022_non_ppr.pdf,ebb9ea92da343ede916fd77b5a8bfc4495eb05ea9bfd06de2b6f3d6865893ad8
2022,espn,non_ppr,10,200,24,WR,9,Tee Higgins,CIN,32,10,nfl:gsis:00-0036410,19211,stable,exact_name,0.95,data/raw/espn_cheat_sheets/espn_salary_cap_values_2022_non_ppr.pdf,ebb9ea92da343ede916fd77b5a8bfc4495eb05ea9bfd06de2b6f3d6865893ad8
2022,espn,non_ppr,10,200,230,WR,86,A.J. Green,ARI,0,13,nfl:gsis:00-0027942,9857,stable,exact_name,0.95,data/raw/espn_cheat_sheets/espn_salary_cap_values_2022_non_ppr.pdf,ebb9ea92da343ede916fd77b5a8bfc4495eb05ea9bfd06de2b6f3d6865893ad8
2022,espn,non_ppr,10,200,188,QB,20,Jameis Winston,NO,0,14,nfl:gsis:00-0031503,13891,stable,exact_name,0.95,data/raw/espn_cheat_sheets/espn_salary_cap_values_2022_non_ppr.pdf,ebb9ea92da343ede916fd77b5a8bfc4495eb05ea9bfd06de2b6f3d6865893ad8
2022,espn,non_ppr,10,200,42,RB,20,J.K. Dobbins,BAL,19,10,nfl:gsis:00-0036158,19245,stable,exact_name,0.95,data/raw/espn_cheat_sheets/espn_salary_cap_values_2022_non_ppr.pdf,ebb9ea92da343ede916fd77b5a8bfc4495eb05ea9bfd06de2b6f3d6865893ad8
2022,espn,non_ppr,10,200,25,WR,10,Mike Evans,TB,31,11,nfl:gsis:00-0031408,12119,stable,exact_name,0.95,data/raw/espn_cheat_sheets/espn_salary_cap_values_2022_non_ppr.pdf,ebb9ea92da343ede916fd77b5a8bfc4495eb05ea9bfd06de2b6f3d6865893ad8
2022,espn,non_ppr,10,200,231,WR,87,Kendrick Bourne,NE,0,10,nfl:gsis:00-0033307,17066,stable,exact_name,0.95,data/raw/espn_cheat_sheets/espn_salary_cap_values_2022_non_ppr.pdf,ebb9ea92da343ede916fd77b5a8bfc4495eb05ea9bfd06de2b6f3d6865893ad8
2022,espn,non_ppr,10,200,215,QB,21,Carson Wentz,WAS,0,14,nfl:gsis:00-0032950,15520,stable,exact_name,0.95,data/raw/espn_cheat_sheets/espn_salary_cap_values_2022_non_ppr.pdf,ebb9ea92da343ede916fd77b5a8bfc4495eb05ea9bfd06de2b6f3d6865893ad8
2022,espn,non_ppr,10,200,48,RB,21,Travis Etienne Jr.,JAX,14,11,nfl:gsis:00-0036973,19231,stable,exact_name,0.95,data/raw/espn_cheat_sheets/espn_salary_cap_values_2022_non_ppr.pdf,ebb9ea92da343ede916fd77b5a8bfc4495eb05ea9bfd06de2b6f3d6865893ad8
2022,espn,non_ppr,10,200,26,WR,11,DJ Moore,CAR,30,13,nfl:gsis:00-0034827,17265,stable,exact_name,0.95,data/raw/espn_cheat_sheets/espn_salary_cap_values_2022_non_ppr.pdf,ebb9ea92da343ede916fd77b5a8bfc4495eb05ea9bfd06de2b6f3d6865893ad8
2022,espn,non_ppr,10,200,232,WR,88,Nick Westbrook-Ikhine,TEN,0,6,nfl:gsis:00-0036182,19747,stable,exact_name,0.95,data/raw/espn_cheat_sheets/espn_salary_cap_values_2022_non_ppr.pdf,ebb9ea92da343ede916fd77b5a8bfc4495eb05ea9bfd06de2b6f3d6865893ad8
2022,espn,non_ppr,10,200,219,QB,22,Ryan Tannehill,TEN,0,6,nfl:gsis:00-0029701,11174,stable,exact_name,0.95,data/raw/espn_cheat_sheets/espn_salary_cap_values_2022_non_ppr.pdf,ebb9ea92da343ede916fd77b5a8bfc4495eb05ea9bfd06de2b6f3d6865893ad8
2022,espn,non_ppr,10,200,55,RB,22,Josh Jacobs,LV,10,6,nfl:gsis:00-0035700,18269,stable,exact_name,0.95,data/raw/espn_cheat_sheets/espn_salary_cap_values_2022_non_ppr.pdf,ebb9ea92da343ede916fd77b5a8bfc4495eb05ea9bfd06de2b6f3d6865893ad8
2022,espn,non_ppr,10,200,27,WR,12,A.J. Brown,PHI,30,7,nfl:gsis:00-0035676,18218,stable,exact_name,0.95,data/raw/espn_cheat_sheets/espn_salary_cap_values_2022_non_ppr.pdf,ebb9ea92da343ede916fd77b5a8bfc4495eb05ea9bfd06de2b6f3d6865893ad8
2022,espn,non_ppr,10,200,233,WR,89,Parris Campbell,IND,0,14,nfl:gsis:00-0035639,18463,stable,exact_name,0.95,data/raw/espn_cheat_sheets/espn_salary_cap_values_2022_non_ppr.pdf,ebb9ea92da343ede916fd77b5a8bfc4495eb05ea9bfd06de2b6f3d6865893ad8
2022,espn,non_ppr,10,200,220,QB,23,Matt Ryan,IND,0,14,nfl:gsis:00-0026143,9444,stable,exact_name,0.95,data/raw/espn_cheat_sheets/espn_salary_cap_values_2022_non_ppr.pdf,ebb9ea92da343ede916fd77b5a8bfc4495eb05ea9bfd06de2b6f3d6865893ad8
2022,espn,non_ppr,10,200,56,RB,23,Elijah Mitchell,SF,10,9,nfl:gsis:00-0036567,22813,stable,exact_name,0.95,data/raw/espn_cheat_sheets/espn_salary_cap_values_2022_non_ppr.pdf,ebb9ea92da343ede916fd77b5a8bfc4495eb05ea9bfd06de2b6f3d6865893ad8
2022,espn,non_ppr,10,200,30,WR,13,Keenan Allen,LAC,26,8,nfl:gsis:00-0030279,11616,stable,exact_name,0.95,data/raw/espn_cheat_sheets/espn_salary_cap_values_2022_non_ppr.pdf,ebb9ea92da343ede916fd77b5a8bfc4495eb05ea9bfd06de2b6f3d6865893ad8
2022,espn,non_ppr,10,200,234,WR,90,Zay Jones,JAX,0,11,nfl:gsis:00-0033891,16431,stable,exact_name,0.95,data/raw/espn_cheat_sheets/espn_salary_cap_values_2022_non_ppr.pdf,ebb9ea92da343ede916fd77b5a8bfc4495eb05ea9bfd06de2b6f3d6865893ad8
2022,espn,non_ppr,10,200,243,QB,24,Mac Jones,NE,0,10,nfl:gsis:00-0036972,20156,stable,exact_name,0.95,data/raw/espn_cheat_sheets/espn_salary_cap_values_2022_non_ppr.pdf,ebb9ea92da343ede916fd77b5a8bfc4495eb05ea9bfd06de2b6f3d6865893ad8
2022,espn,non_ppr,10,200,57,RB,24,Miles Sanders,PHI,10,7,nfl:gsis:00-0035243,18283,stable,exact_name,0.95,data/raw/espn_cheat_sheets/espn_salary_cap_values_2022_non_ppr.pdf,ebb9ea92da343ede916fd77b5a8bfc4495eb05ea9bfd06de2b6f3d6865893ad8
2022,espn,non_ppr,10,200,31,WR,14,Michael Pittman Jr.,IND,26,14,nfl:gsis:00-0036252,19278,stable,exact_name,0.95,data/raw/espn_cheat_sheets/espn_salary_cap_values_2022_non_ppr.pdf,ebb9ea92da343ede916fd77b5a8bfc4495eb05ea9bfd06de2b6f3d6865893ad8
2022,espn,non_ppr,10,200,244,QB,25,Jared Goff,DET,0,6,nfl:gsis:00-0033106,15501,stable,exact_name,0.95,data/raw/espn_cheat_sheets/espn_salary_cap_values_2022_non_ppr.pdf,ebb9ea92da343ede916fd77b5a8bfc4495eb05ea9bfd06de2b6f3d6865893ad8
2022,espn,non_ppr,10,200,58,RB,25,Devin Singletary,BUF,9,7,nfl:gsis:00-0035250,18280,stable,exact_name,0.95,data/raw/espn_cheat_sheets/espn_salary_cap_values_2022_non_ppr.pdf,ebb9ea92da343ede916fd77b5a8bfc4495eb05ea9bfd06de2b6f3d6865893ad8
2022,espn,non_ppr,10,200,32,WR,15,Mike Williams,LAC,25,8,nfl:gsis:00-0033536,16377,stable,exact_name,0.95,data/raw/espn_cheat_sheets/espn_salary_cap_values_2022_non_ppr.pdf,ebb9ea92da343ede916fd77b5a8bfc4495eb05ea9bfd06de2b6f3d6865893ad8
2022,espn,non_ppr,10,200,245,QB,26,Deshaun Watson,CLE,0,9,nfl:gsis:00-0033537,16398,stable,exact_name,0.95,data/raw/espn_cheat_sheets/espn_salary_cap_values_2022_non_ppr.pdf,ebb9ea92da343ede916fd77b5a8bfc4495eb05ea9bfd06de2b6f3d6865893ad8
2022,espn,non_ppr,10,200,59,RB,26,Clyde Edwards-Helaire,KC,9,8,nfl:gsis:00-0036360,19325,stable,exact_name,0.95,data/raw/espn_cheat_sheets/espn_salary_cap_values_2022_non_ppr.pdf,ebb9ea92da343ede916fd77b5a8bfc4495eb05ea9bfd06de2b6f3d6865893ad8
2022,espn,non_ppr,10,200,34,WR,16,Terry McLaurin,WAS,23,14,nfl:gsis:00-0035659,18466,stable,exact_name,0.95,data/raw/espn_cheat_sheets/espn_salary_cap_values_2022_non_ppr.pdf,ebb9ea92da343ede916fd77b5a8bfc4495eb05ea9bfd06de2b6f3d6865893ad8
2022,espn,non_ppr,10,200,141,DEF,1,Bills D/ST,BUF,1,7,nfl:def:BUF,8030,stable,exact_defense_team,1.0,data/raw/espn_cheat_sheets/espn_salary_cap_values_2022_non_ppr.pdf,ebb9ea92da343ede916fd77b5a8bfc4495eb05ea9bfd06de2b6f3d6865893ad8
2022,espn,non_ppr,10,200,266,QB,27,Zach Wilson,NYJ,0,10,nfl:gsis:00-0037013,22679,stable,exact_name,0.95,data/raw/espn_cheat_sheets/espn_salary_cap_values_2022_non_ppr.pdf,ebb9ea92da343ede916fd77b5a8bfc4495eb05ea9bfd06de2b6f3d6865893ad8
2022,espn,non_ppr,10,200,79,RB,27,Dameon Pierce,HOU,4,6,nfl:gsis:00-0037258,22947,stable,exact_name,0.95,data/raw/espn_cheat_sheets/espn_salary_cap_values_2022_non_ppr.pdf,ebb9ea92da343ede916fd77b5a8bfc4495eb05ea9bfd06de2b6f3d6865893ad8
2022,espn,non_ppr,10,200,35,WR,17,Diontae Johnson,PIT,22,9,nfl:gsis:00-0035216,18615,stable,exact_name,0.95,data/raw/espn_cheat_sheets/espn_salary_cap_values_2022_non_ppr.pdf,ebb9ea92da343ede916fd77b5a8bfc4495eb05ea9bfd06de2b6f3d6865893ad8
2022,espn,non_ppr,10,200,142,DEF,2,Packers D/ST,GB,1,14,nfl:def:GB,8110,stable,exact_defense_team,1.0,data/raw/espn_cheat_sheets/espn_salary_cap_values_2022_non_ppr.pdf,ebb9ea92da343ede916fd77b5a8bfc4495eb05ea9bfd06de2b6f3d6865893ad8
2022,espn,non_ppr,10,200,267,QB,28,Baker Mayfield,CAR,0,13,nfl:gsis:00-0034855,17237,stable,exact_name,0.95,data/raw/espn_cheat_sheets/espn_salary_cap_values_2022_non_ppr.pdf,ebb9ea92da343ede916fd77b5a8bfc4495eb05ea9bfd06de2b6f3d6865893ad8
2022,espn,non_ppr,10,200,80,RB,28,Damien Harris,NE,4,10,nfl:gsis:00-0035657,18230,stable,exact_name,0.95,data/raw/espn_cheat_sheets/espn_salary_cap_values_2022_non_ppr.pdf,ebb9ea92da343ede916fd77b5a8bfc4495eb05ea9bfd06de2b6f3d6865893ad8
2022,espn,non_ppr,10,200,36,WR,18,Courtland Sutton,DEN,22,9,nfl:gsis:00-0034348,17253,stable,exact_name,0.95,data/raw/espn_cheat_sheets/espn_salary_cap_values_2022_non_ppr.pdf,ebb9ea92da343ede916fd77b5a8bfc4495eb05ea9bfd06de2b6f3d6865893ad8
2022,espn,non_ppr,10,200,143,DEF,3,Saints D/ST,NO,1,14,nfl:def:NO,8190,stable,exact_defense_team,1.0,data/raw/espn_cheat_sheets/espn_salary_cap_values_2022_non_ppr.pdf,ebb9ea92da343ede916fd77b5a8bfc4495eb05ea9bfd06de2b6f3d6865893ad8
2022,espn,non_ppr,10,200,268,QB,29,Davis Mills,HOU,0,6,nfl:gsis:00-0036898,22799,stable,exact_name,0.95,data/raw/espn_cheat_sheets/espn_salary_cap_values_2022_non_ppr.pdf,ebb9ea92da343ede916fd77b5a8bfc4495eb05ea9bfd06de2b6f3d6865893ad8
2022,espn,non_ppr,10,200,81,RB,29,Rhamondre Stevenson,NE,4,10,nfl:gsis:00-0036875,22726,stable,exact_name,0.95,data/raw/espn_cheat_sheets/espn_salary_cap_values_2022_non_ppr.pdf,ebb9ea92da343ede916fd77b5a8bfc4495eb05ea9bfd06de2b6f3d6865893ad8
2022,espn,non_ppr,10,200,37,WR,19,Jaylen Waddle,MIA,22,11,nfl:gsis:00-0036613,19790,stable,exact_name,0.95,data/raw/espn_cheat_sheets/espn_salary_cap_values_2022_non_ppr.pdf,ebb9ea92da343ede916fd77b5a8bfc4495eb05ea9bfd06de2b6f3d6865893ad8
2022,espn,non_ppr,10,200,144,DEF,4,Buccaneers D/ST,TB,1,11,nfl:def:TB,8290,stable,exact_defense_team,1.0,data/raw/espn_cheat_sheets/espn_salary_cap_values_2022_non_ppr.pdf,ebb9ea92da343ede916fd77b5a8bfc4495eb05ea9bfd06de2b6f3d6865893ad8
2022,espn,non_ppr,10,200,269,QB,30,Marcus Mariota,ATL,0,14,nfl:gsis:00-0032268,13890,stable,exact_name,0.95,data/raw/espn_cheat_sheets/espn_salary_cap_values_2022_non_ppr.pdf,ebb9ea92da343ede916fd77b5a8bfc4495eb05ea9bfd06de2b6f3d6865893ad8
2022,espn,non_ppr,10,200,82,RB,30,Antonio Gibson,WAS,4,14,nfl:gsis:00-0036328,19624,stable,exact_name,0.95,data/raw/espn_cheat_sheets/espn_salary_cap_values_2022_non_ppr.pdf,ebb9ea92da343ede916fd77b5a8bfc4495eb05ea9bfd06de2b6f3d6865893ad8
2022,espn,non_ppr,10,200,44,WR,20,Marquise Brown,ARI,17,13,nfl:gsis:00-0035662,18226,stable,exact_name,0.95,data/raw/espn_cheat_sheets/espn_salary_cap_values_2022_non_ppr.pdf,ebb9ea92da343ede916fd77b5a8bfc4495eb05ea9bfd06de2b6f3d6865893ad8
2022,espn,non_ppr,10,200,145,DEF,5,Ravens D/ST,BAL,1,10,nfl:def:BAL,8020,stable,exact_defense_team,1.0,data/raw/espn_cheat_sheets/espn_salary_cap_values_2022_non_ppr.pdf,ebb9ea92da343ede916fd77b5a8bfc4495eb05ea9bfd06de2b6f3d6865893ad8
2022,espn,non_ppr,10,200,270,QB,31,Kenny Pickett,PIT,0,9,nfl:gsis:00-0038102,22722,stable,exact_name,0.95,data/raw/espn_cheat_sheets/espn_salary_cap_values_2022_non_ppr.pdf,ebb9ea92da343ede916fd77b5a8bfc4495eb05ea9bfd06de2b6f3d6865893ad8
2022,espn,non_ppr,10,200,83,RB,31,Kareem Hunt,CLE,4,9,nfl:gsis:00-0033923,16425,stable,exact_name,0.95,data/raw/espn_cheat_sheets/espn_salary_cap_values_2022_non_ppr.pdf,ebb9ea92da343ede916fd77b5a8bfc4495eb05ea9bfd06de2b6f3d6865893ad8
2022,espn,non_ppr,10,200,45,WR,21,Brandin Cooks,HOU,17,6,nfl:gsis:00-0031236,12122,stable,exact_name,0.95,data/raw/espn_cheat_sheets/espn_salary_cap_values_2022_non_ppr.pdf,ebb9ea92da343ede916fd77b5a8bfc4495eb05ea9bfd06de2b6f3d6865893ad8
2022,espn,non_ppr,10,200,146,DEF,6,49ers D/ST,SF,1,9,nfl:def:SF,8270,stable,exact_defense_team,1.0,data/raw/espn_cheat_sheets/espn_salary_cap_values_2022_non_ppr.pdf,ebb9ea92da343ede916fd77b5a8bfc4495eb05ea9bfd06de2b6f3d6865893ad8
2022,espn,non_ppr,10,200,296,QB,32,Geno Smith,SEA,0,11,nfl:gsis:00-0030565,11687,stable,exact_name,0.95,data/raw/espn_cheat_sheets/espn_salary_cap_values_2022_non_ppr.pdf,ebb9ea92da343ede916fd77b5a8bfc4495eb05ea9bfd06de2b6f3d6865893ad8
2022,espn,non_ppr,10,200,84,RB,32,Chase Edmonds,MIA,4,11,nfl:gsis:00-0034681,17496,stable,exact_name,0.95,data/raw/espn_cheat_sheets/espn_salary_cap_values_2022_non_ppr.pdf,ebb9ea92da343ede916fd77b5a8bfc4495eb05ea9bfd06de2b6f3d6865893ad8
2022,espn,non_ppr,10,200,46,WR,22,Gabriel Davis,BUF,15,7,nfl:gsis:00-0036196,19398,stable,exact_name,0.95,data/raw/espn_cheat_sheets/espn_salary_cap_values_2022_non_ppr.pdf,ebb9ea92da343ede916fd77b5a8bfc4495eb05ea9bfd06de2b6f3d6865893ad8
2022,espn,non_ppr,10,200,147,DEF,7,Cowboys D/ST,DAL,1,9,nfl:def:DAL,8080,stable,exact_defense_team,1.0,data/raw/espn_cheat_sheets/espn_salary_cap_values_2022_non_ppr.pdf,ebb9ea92da343ede916fd77b5a8bfc4495eb05ea9bfd06de2b6f3d6865893ad8
2022,espn,non_ppr,10,200,301,QB,33,Mitchell Trubisky,PIT,0,9,nfl:gsis:00-0033869,16381,stable,exact_name,0.95,data/raw/espn_cheat_sheets/espn_salary_cap_values_2022_non_ppr.pdf,ebb9ea92da343ede916fd77b5a8bfc4495eb05ea9bfd06de2b6f3d6865893ad8
2022,espn,non_ppr,10,200,85,RB,33,Rashaad Penny,SEA,4,11,nfl:gsis:00-0034750,17308,stable,exact_name,0.95,data/raw/espn_cheat_sheets/espn_salary_cap_values_2022_non_ppr.pdf,ebb9ea92da343ede916fd77b5a8bfc4495eb05ea9bfd06de2b6f3d6865893ad8
2022,espn,non_ppr,10,200,47,WR,23,Jerry Jeudy,DEN,15,9,nfl:gsis:00-0036407,19201,stable,exact_name,0.95,data/raw/espn_cheat_sheets/espn_salary_cap_values_2022_non_ppr.pdf,ebb9ea92da343ede916fd77b5a8bfc4495eb05ea9bfd06de2b6f3d6865893ad8
2022,espn,non_ppr,10,200,148,DEF,8,Colts D/ST,IND,1,14,nfl:def:IND,8130,stable,exact_defense_team,1.0,data/raw/espn_cheat_sheets/espn_salary_cap_values_2022_non_ppr.pdf,ebb9ea92da343ede916fd77b5a8bfc4495eb05ea9bfd06de2b6f3d6865893ad8
2022,espn,non_ppr,10,200,302,QB,34,Jacoby Brissett,CLE,0,9,nfl:gsis:00-0033119,15642,stable,exact_name,0.95,data/raw/espn_cheat_sheets/espn_salary_cap_values_2022_non_ppr.pdf,ebb9ea92da343ede916fd77b5a8bfc4495eb05ea9bfd06de2b6f3d6865893ad8
2022,espn,non_ppr,10,200,86,RB,34,Cordarrelle Patterson,ATL,4,14,nfl:gsis:00-0030578,11613,stable,exact_name,0.95,data/raw/espn_cheat_sheets/espn_salary_cap_values_2022_non_ppr.pdf,ebb9ea92da343ede916fd77b5a8bfc4495eb05ea9bfd06de2b6f3d6865893ad8
2022,espn,non_ppr,10,200,49,WR,24,DK Metcalf,SEA,13,11,nfl:gsis:00-0035640,18219,stable,exact_name,0.95,data/raw/espn_cheat_sheets/espn_salary_cap_values_2022_non_ppr.pdf,ebb9ea92da343ede916fd77b5a8bfc4495eb05ea9bfd06de2b6f3d6865893ad8
2022,espn,non_ppr,10,200,149,DEF,9,Steelers D/ST,PIT,1,9,nfl:def:PIT,8240,stable,exact_defense_team,1.0,data/raw/espn_cheat_sheets/espn_salary_cap_values_2022_non_ppr.pdf,ebb9ea92da343ede916fd77b5a8bfc4495eb05ea9bfd06de2b6f3d6865893ad8
2022,espn,non_ppr,10,200,310,QB,35,Desmond Ridder,ATL,0,14,nfl:gsis:00-0038122,20080,stable,exact_name,0.95,data/raw/espn_cheat_sheets/espn_salary_cap_values_2022_non_ppr.pdf,ebb9ea92da343ede916fd77b5a8bfc4495eb05ea9bfd06de2b6f3d6865893ad8
2022,espn,non_ppr,10,200,104,RB,35,Tony Pollard,DAL,2,9,nfl:gsis:00-0035261,18705,stable,exact_name,0.95,data/raw/espn_cheat_sheets/espn_salary_cap_values_2022_non_ppr.pdf,ebb9ea92da343ede916fd77b5a8bfc4495eb05ea9bfd06de2b6f3d6865893ad8
2022,espn,non_ppr,10,200,50,WR,25,Chris Godwin,TB,13,11,nfl:gsis:00-0033921,16406,stable,exact_name,0.95,data/raw/espn_cheat_sheets/espn_salary_cap_values_2022_non_ppr.pdf,ebb9ea92da343ede916fd77b5a8bfc4495eb05ea9bfd06de2b6f3d6865893ad8
2022,espn,non_ppr,10,200,150,DEF,10,Dolphins D/ST,MIA,1,11,nfl:def:MIA,8160,stable,exact_defense_team,1.0,data/raw/espn_cheat_sheets/espn_salary_cap_values_2022_non_ppr.pdf,ebb9ea92da343ede916fd77b5a8bfc4495eb05ea9bfd06de2b6f3d6865893ad8
2022,espn,non_ppr,10,200,315,QB,36,Joe Flacco,NYJ,0,10,nfl:gsis:00-0026158,9300,stable,exact_name,0.95,data/raw/espn_cheat_sheets/espn_salary_cap_values_2022_non_ppr.pdf,ebb9ea92da343ede916fd77b5a8bfc4495eb05ea9bfd06de2b6f3d6865893ad8
2022,espn,non_ppr,10,200,105,RB,36,AJ Dillon,GB,2,14,nfl:gsis:00-0036265,19358,stable,exact_name,0.95,data/raw/espn_cheat_sheets/espn_salary_cap_values_2022_non_ppr.pdf,ebb9ea92da343ede916fd77b5a8bfc4495eb05ea9bfd06de2b6f3d6865893ad8
2022,espn,non_ppr,10,200,51,WR,26,Darnell Mooney,CHI,12,14,nfl:gsis:00-0036309,19810,stable,exact_name,0.95,data/raw/espn_cheat_sheets/espn_salary_cap_values_2022_non_ppr.pdf,ebb9ea92da343ede916fd77b5a8bfc4495eb05ea9bfd06de2b6f3d6865893ad8
2022,espn,non_ppr,10,200,189,DEF,11,Chargers D/ST,LAC,0,8,nfl:def:LAC,8250,stable,exact_defense_team,1.0,data/raw/espn_cheat_sheets/espn_salary_cap_values_2022_non_ppr.pdf,ebb9ea92da343ede916fd77b5a8bfc4495eb05ea9bfd06de2b6f3d6865893ad8
2022,espn,non_ppr,10,200,316,QB,37,Drew Lock,SEA,0,11,nfl:gsis:00-0035704,18225,stable,exact_name,0.95,data/raw/espn_cheat_sheets/espn_salary_cap_values_2022_non_ppr.pdf,ebb9ea92da343ede916fd77b5a8bfc4495eb05ea9bfd06de2b6f3d6865893ad8
2022,espn,non_ppr,10,200,106,RB,37,James Robinson,JAX,2,11,nfl:gsis:00-0035831,19631,stable,exact_name,0.95,data/raw/espn_cheat_sheets/espn_salary_cap_values_2022_non_ppr.pdf,ebb9ea92da343ede916fd77b5a8bfc4495eb05ea9bfd06de2b6f3d6865893ad8
2022,espn,non_ppr,10,200,52,WR,27,Amon-Ra St. Brown,DET,11,6,nfl:gsis:00-0036963,19799,stable,exact_name,0.95,data/raw/espn_cheat_sheets/espn_salary_cap_values_2022_non_ppr.pdf,ebb9ea92da343ede916fd77b5a8bfc4495eb05ea9bfd06de2b6f3d6865893ad8
2022,espn,non_ppr,10,200,190,DEF,12,Commanders D/ST,WAS,0,14,nfl:def:WAS,8310,stable,exact_defense_team,1.0,data/raw/espn_cheat_sheets/espn_salary_cap_values_2022_non_ppr.pdf,ebb9ea92da343ede916fd77b5a8bfc4495eb05ea9bfd06de2b6f3d6865893ad8
2022,espn,non_ppr,10,200,317,QB,38,Sam Darnold,CAR,0,13,nfl:gsis:00-0034869,17236,stable,exact_name,0.95,data/raw/espn_cheat_sheets/espn_salary_cap_values_2022_non_ppr.pdf,ebb9ea92da343ede916fd77b5a8bfc4495eb05ea9bfd06de2b6f3d6865893ad8
2022,espn,non_ppr,10,200,107,RB,38,Melvin Gordon III,DEN,2,9,nfl:gsis:00-0032144,13903,stable,exact_name,0.95,data/raw/espn_cheat_sheets/espn_salary_cap_values_2022_non_ppr.pdf,ebb9ea92da343ede916fd77b5a8bfc4495eb05ea9bfd06de2b6f3d6865893ad8
2022,espn,non_ppr,10,200,64,WR,28,Allen Robinson II,LAR,7,7,nfl:gsis:00-0031428,12126,stable,exact_name,0.95,data/raw/espn_cheat_sheets/espn_salary_cap_values_2022_non_ppr.pdf,ebb9ea92da343ede916fd77b5a8bfc4495eb05ea9bfd06de2b6f3d6865893ad8
2022,espn,non_ppr,10,200,221,DEF,13,Browns D/ST,CLE,0,9,nfl:def:CLE,8070,stable,exact_defense_team,1.0,data/raw/espn_cheat_sheets/espn_salary_cap_values_2022_non_ppr.pdf,ebb9ea92da343ede916fd77b5a8bfc4495eb05ea9bfd06de2b6f3d6865893ad8
2022,espn,non_ppr,10,200,318,QB,39,Gardner Minshew II,PHI,0,7,nfl:gsis:00-0035289,18562,stable,exact_name,0.95,data/raw/espn_cheat_sheets/espn_salary_cap_values_2022_non_ppr.pdf,ebb9ea92da343ede916fd77b5a8bfc4495eb05ea9bfd06de2b6f3d6865893ad8
2022,espn,non_ppr,10,200,108,RB,39,Michael Carter,NYJ,2,10,nfl:gsis:00-0036924,22728,stable,exact_name,0.95,data/raw/espn_cheat_sheets/espn_salary_cap_values_2022_non_ppr.pdf,ebb9ea92da343ede916fd77b5a8bfc4495eb05ea9bfd06de2b6f3d6865893ad8
2022,espn,non_ppr,10,200,65,WR,29,Michael Thomas,NO,7,14,nfl:gsis:00-0032765,15528,stable,exact_name,0.95,data/raw/espn_cheat_sheets/espn_salary_cap_values_2022_non_ppr.pdf,ebb9ea92da343ede916fd77b5a8bfc4495eb05ea9bfd06de2b6f3d6865893ad8
2022,espn,non_ppr,10,200,222,DEF,14,Eagles D/ST,PHI,0,7,nfl:def:PHI,8230,stable,exact_defense_team,1.0,data/raw/espn_cheat_sheets/espn_salary_cap_values_2022_non_ppr.pdf,ebb9ea92da343ede916fd77b5a8bfc4495eb05ea9bfd06de2b6f3d6865893ad8
2022,espn,non_ppr,10,200,319,QB,40,Tyrod Taylor,NYG,0,9,nfl:gsis:00-0028118,10007,stable,exact_name,0.95,data/raw/espn_cheat_sheets/espn_salary_cap_values_2022_non_ppr.pdf,ebb9ea92da343ede916fd77b5a8bfc4495eb05ea9bfd06de2b6f3d6865893ad8
2022,espn,non_ppr,10,200,118,RB,40,Ken Walker III,SEA,2,11,nfl:gsis:00-0038134,23021,stable,exact_name,0.95,data/raw/espn_cheat_sheets/espn_salary_cap_values_2022_non_ppr.pdf,ebb9ea92da343ede916fd77b5a8bfc4495eb05ea9bfd06de2b6f3d6865893ad8
2022,espn,non_ppr,10,200,66,WR,30,Amari Cooper,CLE,7,9,nfl:gsis:00-0031544,13894,stable,exact_name,0.95,data/raw/espn_cheat_sheets/espn_salary_cap_values_2022_non_ppr.pdf,ebb9ea92da343ede916fd77b5a8bfc4495eb05ea9bfd06de2b6f3d6865893ad8
2022,espn,non_ppr,10,200,253,DEF,15,Bengals D/ST,CIN,0,10,nfl:def:CIN,8060,stable,exact_defense_team,1.0,data/raw/espn_cheat_sheets/espn_salary_cap_values_2022_non_ppr.pdf,ebb9ea92da343ede916fd77b5a8bfc4495eb05ea9bfd06de2b6f3d6865893ad8
2022,espn,non_ppr,10,200,119,RB,41,Raheem Mostert,MIA,2,11,nfl:gsis:00-0031687,14338,stable,exact_name,0.95,data/raw/espn_cheat_sheets/espn_salary_cap_values_2022_non_ppr.pdf,ebb9ea92da343ede916fd77b5a8bfc4495eb05ea9bfd06de2b6f3d6865893ad8
2022,espn,non_ppr,10,200,67,WR,31,JuJu Smith-Schuster,KC,7,8,nfl:gsis:00-0033857,16427,stable,exact_name,0.95,data/raw/espn_cheat_sheets/espn_salary_cap_values_2022_non_ppr.pdf,ebb9ea92da343ede916fd77b5a8bfc4495eb05ea9bfd06de2b6f3d6865893ad8
2022,espn,non_ppr,10,200,120,RB,42,Brian Robinson Jr.,WAS,2,14,nfl:gsis:00-0037746,20094,stable,exact_name,0.95,data/raw/espn_cheat_sheets/espn_salary_cap_values_2022_non_ppr.pdf,ebb9ea92da343ede916fd77b5a8bfc4495eb05ea9bfd06de2b6f3d6865893ad8
2022,espn,non_ppr,10,200,68,WR,32,Elijah Moore,NYJ,6,10,nfl:gsis:00-0036980,20114,stable,exact_name,0.95,data/raw/espn_cheat_sheets/espn_salary_cap_values_2022_non_ppr.pdf,ebb9ea92da343ede916fd77b5a8bfc4495eb05ea9bfd06de2b6f3d6865893ad8
2022,espn,non_ppr,10,200,19,TE,1,Mark Andrews,BAL,36,10,nfl:gsis:00-0034753,17269,stable,exact_name,0.95,data/raw/espn_cheat_sheets/espn_salary_cap_values_2022_non_ppr.pdf,ebb9ea92da343ede916fd77b5a8bfc4495eb05ea9bfd06de2b6f3d6865893ad8
2022,espn,non_ppr,10,200,121,RB,43,Nyheim Hines,IND,1,14,provisional:fantasypros:17297,17297,provisional,exact_name,0.95,data/raw/espn_cheat_sheets/espn_salary_cap_values_2022_non_ppr.pdf,ebb9ea92da343ede916fd77b5a8bfc4495eb05ea9bfd06de2b6f3d6865893ad8
2022,espn,non_ppr,10,200,69,WR,33,Adam Thielen,MIN,6,7,nfl:gsis:00-0030035,13429,stable,exact_name,0.95,data/raw/espn_cheat_sheets/espn_salary_cap_values_2022_non_ppr.pdf,ebb9ea92da343ede916fd77b5a8bfc4495eb05ea9bfd06de2b6f3d6865893ad8
2022,espn,non_ppr,10,200,151,K,1,Justin Tucker,BAL,1,10,nfl:gsis:00-0029597,11465,stable,exact_name,0.95,data/raw/espn_cheat_sheets/espn_salary_cap_values_2022_non_ppr.pdf,ebb9ea92da343ede916fd77b5a8bfc4495eb05ea9bfd06de2b6f3d6865893ad8
2022,espn,non_ppr,10,200,21,TE,2,Travis Kelce,KC,34,8,nfl:gsis:00-0030506,11594,stable,exact_name,0.95,data/raw/espn_cheat_sheets/espn_salary_cap_values_2022_non_ppr.pdf,ebb9ea92da343ede916fd77b5a8bfc4495eb05ea9bfd06de2b6f3d6865893ad8
2022,espn,non_ppr,10,200,161,RB,44,James Cook,BUF,0,7,nfl:gsis:00-0037248,22958,stable,exact_name,0.95,data/raw/espn_cheat_sheets/espn_salary_cap_values_2022_non_ppr.pdf,ebb9ea92da343ede916fd77b5a8bfc4495eb05ea9bfd06de2b6f3d6865893ad8
2022,espn,non_ppr,10,200,70,WR,34,DeVonta Smith,PHI,6,7,nfl:gsis:00-0036912,19222,stable,exact_name,0.95,data/raw/espn_cheat_sheets/espn_salary_cap_values_2022_non_ppr.pdf,ebb9ea92da343ede916fd77b5a8bfc4495eb05ea9bfd06de2b6f3d6865893ad8
2022,espn,non_ppr,10,200,152,K,2,Evan McPherson,CIN,1,10,nfl:gsis:00-0036854,23297,stable,exact_name,0.95,data/raw/espn_cheat_sheets/espn_salary_cap_values_2022_non_ppr.pdf,ebb9ea92da343ede916fd77b5a8bfc4495eb05ea9bfd06de2b6f3d6865893ad8
2022,espn,non_ppr,10,200,38,TE,3,Kyle Pitts,ATL,21,14,nfl:gsis:00-0036970,20164,stable,exact_name,0.95,data/raw/espn_cheat_sheets/espn_salary_cap_values_2022_non_ppr.pdf,ebb9ea92da343ede916fd77b5a8bfc4495eb05ea9bfd06de2b6f3d6865893ad8
2022,espn,non_ppr,10,200,162,RB,45,J.D. McKissic,WAS,0,14,nfl:gsis:00-0032602,16230,stable,exact_name,0.95,data/raw/espn_cheat_sheets/espn_salary_cap_values_2022_non_ppr.pdf,ebb9ea92da343ede916fd77b5a8bfc4495eb05ea9bfd06de2b6f3d6865893ad8
2022,espn,non_ppr,10,200,71,WR,35,Rashod Bateman,BAL,6,10,nfl:gsis:00-0036550,19794,stable,exact_name,0.95,data/raw/espn_cheat_sheets/espn_salary_cap_values_2022_non_ppr.pdf,ebb9ea92da343ede916fd77b5a8bfc4495eb05ea9bfd06de2b6f3d6865893ad8
2022,espn,non_ppr,10,200,153,K,3,Matt Gay,LAR,1,7,nfl:gsis:00-0035269,18545,stable,exact_name,0.95,data/raw/espn_cheat_sheets/espn_salary_cap_values_2022_non_ppr.pdf,ebb9ea92da343ede916fd77b5a8bfc4495eb05ea9bfd06de2b6f3d6865893ad8
2022,espn,non_ppr,10,200,60,TE,4,Darren Waller,LV,9,6,nfl:gsis:00-0031610,14104,stable,exact_name,0.95,data/raw/espn_cheat_sheets/espn_salary_cap_values_2022_non_ppr.pdf,ebb9ea92da343ede916fd77b5a8bfc4495eb05ea9bfd06de2b6f3d6865893ad8
2022,espn,non_ppr,10,200,163,RB,46,Darrell Henderson Jr.,LAR,0,7,nfl:gsis:00-0035664,18588,stable,exact_name,0.95,data/raw/espn_cheat_sheets/espn_salary_cap_values_2022_non_ppr.pdf,ebb9ea92da343ede916fd77b5a8bfc4495eb05ea9bfd06de2b6f3d6865893ad8
2022,espn,non_ppr,10,200,72,WR,36,Hunter Renfrow,LV,6,6,nfl:gsis:00-0034983,18345,stable,exact_name,0.95,data/raw/espn_cheat_sheets/espn_salary_cap_values_2022_non_ppr.pdf,ebb9ea92da343ede916fd77b5a8bfc4495eb05ea9bfd06de2b6f3d6865893ad8
2022,espn,non_ppr,10,200,154,K,4,Harrison Butker,KC,1,8,nfl:gsis:00-0033303,16712,stable,exact_name,0.95,data/raw/espn_cheat_sheets/espn_salary_cap_values_2022_non_ppr.pdf,ebb9ea92da343ede916fd77b5a8bfc4495eb05ea9bfd06de2b6f3d6865893ad8
2022,espn,non_ppr,10,200,61,TE,5,George Kittle,SF,8,9,nfl:gsis:00-0033288,16499,stable,exact_name,0.95,data/raw/espn_cheat_sheets/espn_salary_cap_values_2022_non_ppr.pdf,ebb9ea92da343ede916fd77b5a8bfc4495eb05ea9bfd06de2b6f3d6865893ad8
2022,espn,non_ppr,10,200,164,RB,47,Jamaal Williams,DET,0,6,nfl:gsis:00-0033948,16424,stable,exact_name,0.95,data/raw/espn_cheat_sheets/espn_salary_cap_values_2022_non_ppr.pdf,ebb9ea92da343ede916fd77b5a8bfc4495eb05ea9bfd06de2b6f3d6865893ad8
2022,espn,non_ppr,10,200,73,WR,37,Allen Lazard,GB,6,14,nfl:gsis:00-0034521,17301,stable,exact_name,0.95,data/raw/espn_cheat_sheets/espn_salary_cap_values_2022_non_ppr.pdf,ebb9ea92da343ede916fd77b5a8bfc4495eb05ea9bfd06de2b6f3d6865893ad8
2022,espn,non_ppr,10,200,155,K,5,Daniel Carlson,LV,1,6,nfl:gsis:00-0034161,17420,stable,exact_name,0.95,data/raw/espn_cheat_sheets/espn_salary_cap_values_2022_non_ppr.pdf,ebb9ea92da343ede916fd77b5a8bfc4495eb05ea9bfd06de2b6f3d6865893ad8
2022,espn,non_ppr,10,200,77,TE,6,Dalton Schultz,DAL,5,9,nfl:gsis:00-0034383,17349,stable,exact_name,0.95,data/raw/espn_cheat_sheets/espn_salary_cap_values_2022_non_ppr.pdf,ebb9ea92da343ede916fd77b5a8bfc4495eb05ea9bfd06de2b6f3d6865893ad8
2022,espn,non_ppr,10,200,165,RB,48,Alexander Mattison,MIN,0,7,nfl:gsis:00-0034972,18621,stable,exact_name,0.95,data/raw/espn_cheat_sheets/espn_salary_cap_values_2022_non_ppr.pdf,ebb9ea92da343ede916fd77b5a8bfc4495eb05ea9bfd06de2b6f3d6865893ad8
2022,espn,non_ppr,10,200,74,WR,38,Brandon Aiyuk,SF,5,9,nfl:gsis:00-0036261,19252,stable,exact_name,0.95,data/raw/espn_cheat_sheets/espn_salary_cap_values_2022_non_ppr.pdf,ebb9ea92da343ede916fd77b5a8bfc4495eb05ea9bfd06de2b6f3d6865893ad8
2022,espn,non_ppr,10,200,156,K,6,Brandon McManus,DEN,1,9,nfl:gsis:00-0029822,13274,stable,exact_name,0.95,data/raw/espn_cheat_sheets/espn_salary_cap_values_2022_non_ppr.pdf,ebb9ea92da343ede916fd77b5a8bfc4495eb05ea9bfd06de2b6f3d6865893ad8
2022,espn,non_ppr,10,200,78,TE,7,T.J. Hockenson,DET,4,6,nfl:gsis:00-0035229,18290,stable,exact_name,0.95,data/raw/espn_cheat_sheets/espn_salary_cap_values_2022_non_ppr.pdf,ebb9ea92da343ede916fd77b5a8bfc4495eb05ea9bfd06de2b6f3d6865893ad8
2022,espn,non_ppr,10,200,166,RB,49,Kenneth Gainwell,PHI,0,7,nfl:gsis:00-0036919,23310,stable,exact_name,0.95,data/raw/espn_cheat_sheets/espn_salary_cap_values_2022_non_ppr.pdf,ebb9ea92da343ede916fd77b5a8bfc4495eb05ea9bfd06de2b6f3d6865893ad8
2022,espn,non_ppr,10,200,75,WR,39,Christian Kirk,JAX,5,11,nfl:gsis:00-0034775,17268,stable,exact_name,0.95,data/raw/espn_cheat_sheets/espn_salary_cap_values_2022_non_ppr.pdf,ebb9ea92da343ede916fd77b5a8bfc4495eb05ea9bfd06de2b6f3d6865893ad8
2022,espn,non_ppr,10,200,157,K,7,Nick Folk,NE,1,10,nfl:gsis:00-0025565,9491,stable,exact_name,0.95,data/raw/espn_cheat_sheets/espn_salary_cap_values_2022_non_ppr.pdf,ebb9ea92da343ede916fd77b5a8bfc4495eb05ea9bfd06de2b6f3d6865893ad8
2022,espn,non_ppr,10,200,87,TE,8,Dallas Goedert,PHI,3,7,nfl:gsis:00-0034351,17270,stable,exact_name,0.95,data/raw/espn_cheat_sheets/espn_salary_cap_values_2022_non_ppr.pdf,ebb9ea92da343ede916fd77b5a8bfc4495eb05ea9bfd06de2b6f3d6865893ad8
2022,espn,non_ppr,10,200,167,RB,50,Khalil Herbert,CHI,0,14,nfl:gsis:00-0036906,22763,stable,exact_name,0.95,data/raw/espn_cheat_sheets/espn_salary_cap_values_2022_non_ppr.pdf,ebb9ea92da343ede916fd77b5a8bfc4495eb05ea9bfd06de2b6f3d6865893ad8
2022,espn,non_ppr,10,200,95,WR,40,Drake London,ATL,3,14,nfl:gsis:00-0037238,23163,stable,exact_name,0.95,data/raw/espn_cheat_sheets/espn_salary_cap_values_2022_non_ppr.pdf,ebb9ea92da343ede916fd77b5a8bfc4495eb05ea9bfd06de2b6f3d6865893ad8
2022,espn,non_ppr,10,200,158,K,8,Tyler Bass,BUF,1,7,nfl:gsis:00-0036162,19760,stable,exact_name,0.95,data/raw/espn_cheat_sheets/espn_salary_cap_values_2022_non_ppr.pdf,ebb9ea92da343ede916fd77b5a8bfc4495eb05ea9bfd06de2b6f3d6865893ad8
2022,espn,non_ppr,10,200,88,TE,9,Zach Ertz,ARI,3,13,nfl:gsis:00-0030061,11689,stable,exact_name,0.95,data/raw/espn_cheat_sheets/espn_salary_cap_values_2022_non_ppr.pdf,ebb9ea92da343ede916fd77b5a8bfc4495eb05ea9bfd06de2b6f3d6865893ad8
2022,espn,non_ppr,10,200,168,RB,51,Rex Burkhead,HOU,0,6,nfl:gsis:00-0030288,11655,stable,exact_name,0.95,data/raw/espn_cheat_sheets/espn_salary_cap_values_2022_non_ppr.pdf,ebb9ea92da343ede916fd77b5a8bfc4495eb05ea9bfd06de2b6f3d6865893ad8
2022,espn,non_ppr,10,200,96,WR,41,Marquez Valdes-Scantling,KC,2,8,nfl:gsis:00-0034272,17528,stable,exact_name,0.95,data/raw/espn_cheat_sheets/espn_salary_cap_values_2022_non_ppr.pdf,ebb9ea92da343ede916fd77b5a8bfc4495eb05ea9bfd06de2b6f3d6865893ad8
2022,espn,non_ppr,10,200,159,K,9,Matt Prater,ARI,1,13,nfl:gsis:00-0023853,9443,stable,exact_name,0.95,data/raw/espn_cheat_sheets/espn_salary_cap_values_2022_non_ppr.pdf,ebb9ea92da343ede916fd77b5a8bfc4495eb05ea9bfd06de2b6f3d6865893ad8
2022,espn,non_ppr,10,200,109,TE,10,Dawson Knox,BUF,2,7,nfl:gsis:00-0035689,18631,stable,exact_name,0.95,data/raw/espn_cheat_sheets/espn_salary_cap_values_2022_non_ppr.pdf,ebb9ea92da343ede916fd77b5a8bfc4495eb05ea9bfd06de2b6f3d6865893ad8
2022,espn,non_ppr,10,200,169,RB,52,Damien Williams,ATL,0,14,nfl:gsis:00-0030874,12334,stable,exact_name,0.95,data/raw/espn_cheat_sheets/espn_salary_cap_values_2022_non_ppr.pdf,ebb9ea92da343ede916fd77b5a8bfc4495eb05ea9bfd06de2b6f3d6865893ad8
2022,espn,non_ppr,10,200,97,WR,42,Tyler Lockett,SEA,2,11,nfl:gsis:00-0032211,13971,stable,exact_name,0.95,data/raw/espn_cheat_sheets/espn_salary_cap_values_2022_non_ppr.pdf,ebb9ea92da343ede916fd77b5a8bfc4495eb05ea9bfd06de2b6f3d6865893ad8
2022,espn,non_ppr,10,200,160,K,10,Graham Gano,NYG,1,9,nfl:gsis:00-0026858,9232,stable,exact_name,0.95,data/raw/espn_cheat_sheets/espn_salary_cap_values_2022_non_ppr.pdf,ebb9ea92da343ede916fd77b5a8bfc4495eb05ea9bfd06de2b6f3d6865893ad8
2022,espn,non_ppr,10,200,110,TE,11,Cole Kmet,CHI,2,14,nfl:gsis:00-0036290,19229,stable,exact_name,0.95,data/raw/espn_cheat_sheets/espn_salary_cap_values_2022_non_ppr.pdf,ebb9ea92da343ede916fd77b5a8bfc4495eb05ea9bfd06de2b6f3d6865893ad8
2022,espn,non_ppr,10,200,170,RB,53,Jerick McKinnon,KC,0,8,nfl:gsis:00-0031376,12209,stable,exact_name,0.95,data/raw/espn_cheat_sheets/espn_salary_cap_values_2022_non_ppr.pdf,ebb9ea92da343ede916fd77b5a8bfc4495eb05ea9bfd06de2b6f3d6865893ad8
2022,espn,non_ppr,10,200,98,WR,43,Kadarius Toney,NYG,2,9,nfl:gsis:00-0036913,20119,stable,exact_name,0.95,data/raw/espn_cheat_sheets/espn_salary_cap_values_2022_non_ppr.pdf,ebb9ea92da343ede916fd77b5a8bfc4495eb05ea9bfd06de2b6f3d6865893ad8
2022,espn,non_ppr,10,200,191,K,11,Greg Joseph,MIN,0,7,nfl:gsis:00-0034450,17647,stable,exact_name,0.95,data/raw/espn_cheat_sheets/espn_salary_cap_values_2022_non_ppr.pdf,ebb9ea92da343ede916fd77b5a8bfc4495eb05ea9bfd06de2b6f3d6865893ad8
2022,espn,non_ppr,10,200,124,TE,12,Pat Freiermuth,PIT,1,9,nfl:gsis:00-0036894,20163,stable,exact_name,0.95,data/raw/espn_cheat_sheets/espn_salary_cap_values_2022_non_ppr.pdf,ebb9ea92da343ede916fd77b5a8bfc4495eb05ea9bfd06de2b6f3d6865893ad8
2022,espn,non_ppr,10,200,193,RB,54,Rachaad White,TB,0,11,nfl:gsis:00-0037256,23891,stable,exact_name,0.95,data/raw/espn_cheat_sheets/espn_salary_cap_values_2022_non_ppr.pdf,ebb9ea92da343ede916fd77b5a8bfc4495eb05ea9bfd06de2b6f3d6865893ad8
2022,espn,non_ppr,10,200,99,WR,44,Chris Olave,NO,2,14,nfl:gsis:00-0037239,20111,stable,exact_name,0.95,data/raw/espn_cheat_sheets/espn_salary_cap_values_2022_non_ppr.pdf,ebb9ea92da343ede916fd77b5a8bfc4495eb05ea9bfd06de2b6f3d6865893ad8
2022,espn,non_ppr,10,200,192,K,12,Jake Elliott,PHI,0,7,nfl:gsis:00-0033787,16540,stable,exact_name,0.95,data/raw/espn_cheat_sheets/espn_salary_cap_values_2022_non_ppr.pdf,ebb9ea92da343ede916fd77b5a8bfc4495eb05ea9bfd06de2b6f3d6865893ad8
2022,espn,non_ppr,10,200,125,TE,13,Hunter Henry,NE,1,10,nfl:gsis:00-0033090,15561,stable,exact_name,0.95,data/raw/espn_cheat_sheets/espn_salary_cap_values_2022_non_ppr.pdf,ebb9ea92da343ede916fd77b5a8bfc4495eb05ea9bfd06de2b6f3d6865893ad8
2022,espn,non_ppr,10,200,194,RB,55,Tyler Allgeier,ATL,0,14,nfl:gsis:00-0037263,24172,stable,exact_name,0.95,data/raw/espn_cheat_sheets/espn_salary_cap_values_2022_non_ppr.pdf,ebb9ea92da343ede916fd77b5a8bfc4495eb05ea9bfd06de2b6f3d6865893ad8
2022,espn,non_ppr,10,200,100,WR,45,DeAndre Hopkins,ARI,2,13,nfl:gsis:00-0030564,11606,stable,exact_name,0.95,data/raw/espn_cheat_sheets/espn_salary_cap_values_2022_non_ppr.pdf,ebb9ea92da343ede916fd77b5a8bfc4495eb05ea9bfd06de2b6f3d6865893ad8
2022,espn,non_ppr,10,200,223,K,13,Robbie Gould,SF,0,9,nfl:gsis:00-0023252,9534,stable,exact_name,0.95,data/raw/espn_cheat_sheets/espn_salary_cap_values_2022_non_ppr.pdf,ebb9ea92da343ede916fd77b5a8bfc4495eb05ea9bfd06de2b6f3d6865893ad8
2022,espn,non_ppr,10,200,126,TE,14,Mike Gesicki,MIA,1,11,nfl:gsis:00-0034829,17272,stable,exact_name,0.95,data/raw/espn_cheat_sheets/espn_salary_cap_values_2022_non_ppr.pdf,ebb9ea92da343ede916fd77b5a8bfc4495eb05ea9bfd06de2b6f3d6865893ad8
2022,espn,non_ppr,10,200,195,RB,56,Mike Davis,BAL,0,10,nfl:gsis:00-0032063,13943,stable,exact_name,0.95,data/raw/espn_cheat_sheets/espn_salary_cap_values_2022_non_ppr.pdf,ebb9ea92da343ede916fd77b5a8bfc4495eb05ea9bfd06de2b6f3d6865893ad8
2022,espn,non_ppr,10,200,101,WR,46,Chase Claypool,PIT,2,9,nfl:gsis:00-0036326,18627,stable,exact_name,0.95,data/raw/espn_cheat_sheets/espn_salary_cap_values_2022_non_ppr.pdf,ebb9ea92da343ede916fd77b5a8bfc4495eb05ea9bfd06de2b6f3d6865893ad8
2022,espn,non_ppr,10,200,224,K,14,Ryan Succop,TB,0,11,nfl:gsis:00-0026968,9549,stable,exact_name,0.95,data/raw/espn_cheat_sheets/espn_salary_cap_values_2022_non_ppr.pdf,ebb9ea92da343ede916fd77b5a8bfc4495eb05ea9bfd06de2b6f3d6865893ad8
2022,espn,non_ppr,10,200,137,TE,15,David Njoku,CLE,1,9,nfl:gsis:00-0033885,16399,stable,exact_name,0.95,data/raw/espn_cheat_sheets/espn_salary_cap_values_2022_non_ppr.pdf,ebb9ea92da343ede916fd77b5a8bfc4495eb05ea9bfd06de2b6f3d6865893ad8
2022,espn,non_ppr,10,200,196,RB,57,Zamir White,LV,0,6,nfl:gsis:00-0038040,20095,stable,exact_name,0.95,data/raw/espn_cheat_sheets/espn_salary_cap_values_2022_non_ppr.pdf,ebb9ea92da343ede916fd77b5a8bfc4495eb05ea9bfd06de2b6f3d6865893ad8
2022,espn,non_ppr,10,200,102,WR,47,Robert Woods,TEN,2,6,nfl:gsis:00-0030431,11610,stable,exact_name,0.95,data/raw/espn_cheat_sheets/espn_salary_cap_values_2022_non_ppr.pdf,ebb9ea92da343ede916fd77b5a8bfc4495eb05ea9bfd06de2b6f3d6865893ad8
2022,espn,non_ppr,10,200,255,K,15,Dustin Hopkins,LAC,0,8,nfl:gsis:00-0030098,11818,stable,exact_name,0.95,data/raw/espn_cheat_sheets/espn_salary_cap_values_2022_non_ppr.pdf,ebb9ea92da343ede916fd77b5a8bfc4495eb05ea9bfd06de2b6f3d6865893ad8
2022,espn,non_ppr,10,200,138,TE,16,Irv Smith Jr.,MIN,1,7,nfl:gsis:00-0034970,18610,stable,exact_name,0.95,data/raw/espn_cheat_sheets/espn_salary_cap_values_2022_non_ppr.pdf,ebb9ea92da343ede916fd77b5a8bfc4495eb05ea9bfd06de2b6f3d6865893ad8
2022,espn,non_ppr,10,200,197,RB,58,Isiah Pacheco,KC,0,8,nfl:gsis:00-0037197,24333,stable,exact_name,0.95,data/raw/espn_cheat_sheets/espn_salary_cap_values_2022_non_ppr.pdf,ebb9ea92da343ede916fd77b5a8bfc4495eb05ea9bfd06de2b6f3d6865893ad8
2022,espn,non_ppr,10,200,111,WR,48,Garrett Wilson,NYJ,2,10,nfl:gsis:00-0037740,23072,stable,exact_name,0.95,data/raw/espn_cheat_sheets/espn_salary_cap_values_2022_non_ppr.pdf,ebb9ea92da343ede916fd77b5a8bfc4495eb05ea9bfd06de2b6f3d6865893ad8
2022,espn,non_ppr,10,200,139,TE,17,Noah Fant,SEA,1,11,nfl:gsis:00-0035644,17527,stable,exact_name,0.95,data/raw/espn_cheat_sheets/espn_salary_cap_values_2022_non_ppr.pdf,ebb9ea92da343ede916fd77b5a8bfc4495eb05ea9bfd06de2b6f3d6865893ad8
2022,espn,non_ppr,10,200,198,RB,59,Mark Ingram II,NO,0,14,nfl:gsis:00-0027966,9872,stable,exact_name,0.95,data/raw/espn_cheat_sheets/espn_salary_cap_values_2022_non_ppr.pdf,ebb9ea92da343ede916fd77b5a8bfc4495eb05ea9bfd06de2b6f3d6865893ad8
2022,espn,non_ppr,10,200,112,WR,49,Russell Gage,TB,2,11,nfl:gsis:00-0034411,17606,stable,exact_name,0.95,data/raw/espn_cheat_sheets/espn_salary_cap_values_2022_non_ppr.pdf,ebb9ea92da343ede916fd77b5a8bfc4495eb05ea9bfd06de2b6f3d6865893ad8
2022,espn,non_ppr,10,200,140,TE,18,Tyler Higbee,LAR,1,7,nfl:gsis:00-0033110,15623,stable,exact_name,0.95,data/raw/espn_cheat_sheets/espn_salary_cap_values_2022_non_ppr.pdf,ebb9ea92da343ede916fd77b5a8bfc4495eb05ea9bfd06de2b6f3d6865893ad8
2022,espn,non_ppr,10,200,199,RB,60,Samaje Perine,CIN,0,10,nfl:gsis:00-0033526,16423,stable,exact_name,0.95,data/raw/espn_cheat_sheets/espn_salary_cap_values_2022_non_ppr.pdf,ebb9ea92da343ede916fd77b5a8bfc4495eb05ea9bfd06de2b6f3d6865893ad8
2022,espn,non_ppr,10,200,113,WR,50,Jakobi Meyers,NE,2,10,nfl:gsis:00-0034960,18598,stable,exact_name,0.95,data/raw/espn_cheat_sheets/espn_salary_cap_values_2022_non_ppr.pdf,ebb9ea92da343ede916fd77b5a8bfc4495eb05ea9bfd06de2b6f3d6865893ad8
2022,espn,non_ppr,10,200,184,TE,19,Evan Engram,JAX,0,11,nfl:gsis:00-0033881,16411,stable,exact_name,0.95,data/raw/espn_cheat_sheets/espn_salary_cap_values_2022_non_ppr.pdf,ebb9ea92da343ede916fd77b5a8bfc4495eb05ea9bfd06de2b6f3d6865893ad8
2022,espn,non_ppr,10,200,200,RB,61,Dontrell Hilliard,TEN,0,6,nfl:gsis:00-0034253,18037,stable,exact_name,0.95,data/raw/espn_cheat_sheets/espn_salary_cap_values_2022_non_ppr.pdf,ebb9ea92da343ede916fd77b5a8bfc4495eb05ea9bfd06de2b6f3d6865893ad8
2022,espn,non_ppr,10,200,114,WR,51,Tyler Boyd,CIN,2,10,nfl:gsis:00-0033009,15547,stable,exact_name,0.95,data/raw/espn_cheat_sheets/espn_salary_cap_values_2022_non_ppr.pdf,ebb9ea92da343ede916fd77b5a8bfc4495eb05ea9bfd06de2b6f3d6865893ad8
2022,espn,non_ppr,10,200,185,TE,20,Hayden Hurst,CIN,0,10,nfl:gsis:00-0034830,17283,stable,exact_name,0.95,data/raw/espn_cheat_sheets/espn_salary_cap_values_2022_non_ppr.pdf,ebb9ea92da343ede916fd77b5a8bfc4495eb05ea9bfd06de2b6f3d6865893ad8
2022,espn,non_ppr,10,200,201,RB,62,Boston Scott,PHI,0,7,nfl:gsis:00-0034414,17612,stable,exact_name,0.95,data/raw/espn_cheat_sheets/espn_salary_cap_values_2022_non_ppr.pdf,ebb9ea92da343ede916fd77b5a8bfc4495eb05ea9bfd06de2b6f3d6865893ad8
2022,espn,non_ppr,10,200,115,WR,52,DJ Chark Jr.,DET,2,6,nfl:gsis:00-0034777,17292,stable,exact_name,0.95,data/raw/espn_cheat_sheets/espn_salary_cap_values_2022_non_ppr.pdf,ebb9ea92da343ede916fd77b5a8bfc4495eb05ea9bfd06de2b6f3d6865893ad8
2022,espn,non_ppr,10,200,186,TE,21,Austin Hooper,TEN,0,6,nfl:gsis:00-0032392,15581,stable,exact_name,0.95,data/raw/espn_cheat_sheets/espn_salary_cap_values_2022_non_ppr.pdf,ebb9ea92da343ede916fd77b5a8bfc4495eb05ea9bfd06de2b6f3d6865893ad8
2022,espn,non_ppr,10,200,202,RB,63,Sony Michel,LAC,0,8,nfl:gsis:00-0034845,17309,stable,exact_name,0.95,data/raw/espn_cheat_sheets/espn_salary_cap_values_2022_non_ppr.pdf,ebb9ea92da343ede916fd77b5a8bfc4495eb05ea9bfd06de2b6f3d6865893ad8
2022,espn,non_ppr,10,200,116,WR,53,Michael Gallup,DAL,2,9,nfl:gsis:00-0034764,17259,stable,exact_name,0.95,data/raw/espn_cheat_sheets/espn_salary_cap_values_2022_non_ppr.pdf,ebb9ea92da343ede916fd77b5a8bfc4495eb05ea9bfd06de2b6f3d6865893ad8
2022,espn,non_ppr,10,200,214,TE,22,Albert Okwuegbunam,DEN,0,9,nfl:gsis:00-0036423,18246,stable,exact_name,0.95,data/raw/espn_cheat_sheets/espn_salary_cap_values_2022_non_ppr.pdf,ebb9ea92da343ede916fd77b5a8bfc4495eb05ea9bfd06de2b6f3d6865893ad8
2022,espn,non_ppr,10,200,206,RB,64,D'Onta Foreman,CAR,0,13,nfl:gsis:00-0033925,16407,stable,exact_name,0.95,data/raw/espn_cheat_sheets/espn_salary_cap_values_2022_non_ppr.pdf,ebb9ea92da343ede916fd77b5a8bfc4495eb05ea9bfd06de2b6f3d6865893ad8
2022,espn,non_ppr,10,200,117,WR,54,Treylon Burks,TEN,2,6,nfl:gsis:00-0037742,22905,stable,exact_name,0.95,data/raw/espn_cheat_sheets/espn_salary_cap_values_2022_non_ppr.pdf,ebb9ea92da343ede916fd77b5a8bfc4495eb05ea9bfd06de2b6f3d6865893ad8
2022,espn,non_ppr,10,200,246,TE,23,Robert Tonyan,GB,0,14,nfl:gsis:00-0033757,16502,stable,exact_name,0.95,data/raw/espn_cheat_sheets/espn_salary_cap_values_2022_non_ppr.pdf,ebb9ea92da343ede916fd77b5a8bfc4495eb05ea9bfd06de2b6f3d6865893ad8
2022,espn,non_ppr,10,200,207,RB,65,Chuba Hubbard,CAR,0,13,nfl:gsis:00-0036555,19792,stable,exact_name,0.95,data/raw/espn_cheat_sheets/espn_salary_cap_values_2022_non_ppr.pdf,ebb9ea92da343ede916fd77b5a8bfc4495eb05ea9bfd06de2b6f3d6865893ad8
2022,espn,non_ppr,10,200,130,WR,55,Jahan Dotson,WAS,1,14,nfl:gsis:00-0037741,23101,stable,exact_name,0.95,data/raw/espn_cheat_sheets/espn_salary_cap_values_2022_non_ppr.pdf,ebb9ea92da343ede916fd77b5a8bfc4495eb05ea9bfd06de2b6f3d6865893ad8
2022,espn,non_ppr,10,200,247,TE,24,Gerald Everett,LAC,0,8,nfl:gsis:00-0033895,16459,stable,exact_name,0.95,data/raw/espn_cheat_sheets/espn_salary_cap_values_2022_non_ppr.pdf,ebb9ea92da343ede916fd77b5a8bfc4495eb05ea9bfd06de2b6f3d6865893ad8
2022,espn,non_ppr,10,200,208,RB,66,Darrel Williams,ARI,0,13,nfl:gsis:00-0034301,17514,stable,exact_name,0.95,data/raw/espn_cheat_sheets/espn_salary_cap_values_2022_non_ppr.pdf,ebb9ea92da343ede916fd77b5a8bfc4495eb05ea9bfd06de2b6f3d6865893ad8
2022,espn,non_ppr,10,200,131,WR,56,Jarvis Landry,NO,114,8,nfl:gsis:00-0031382,12128,stable,exact_name,0.95,data/raw/espn_cheat_sheets/espn_salary_cap_values_2022_non_ppr.pdf,ebb9ea92da343ede916fd77b5a8bfc4495eb05ea9bfd06de2b6f3d6865893ad8
2022,espn,non_ppr,10,200,248,TE,25,Logan Thomas,WAS,0,14,nfl:gsis:00-0031260,12095,stable,exact_name,0.95,data/raw/espn_cheat_sheets/espn_salary_cap_values_2022_non_ppr.pdf,ebb9ea92da343ede916fd77b5a8bfc4495eb05ea9bfd06de2b6f3d6865893ad8
2022,espn,non_ppr,10,200,209,RB,67,Eno Benjamin,ARI,0,13,nfl:gsis:00-0036383,19361,stable,exact_name,0.95,data/raw/espn_cheat_sheets/espn_salary_cap_values_2022_non_ppr.pdf,ebb9ea92da343ede916fd77b5a8bfc4495eb05ea9bfd06de2b6f3d6865893ad8
2022,espn,non_ppr,10,200,132,WR,57,Josh Palmer,LAC,1,8,nfl:gsis:00-0036988,22845,stable,exact_name,0.95,data/raw/espn_cheat_sheets/espn_salary_cap_values_2022_non_ppr.pdf,ebb9ea92da343ede916fd77b5a8bfc4495eb05ea9bfd06de2b6f3d6865893ad8
2022,espn,non_ppr,10,200,249,TE,26,Mo Alie-Cox,IND,0,14,nfl:gsis:00-0033217,16579,stable,exact_name,0.95,data/raw/espn_cheat_sheets/espn_salary_cap_values_2022_non_ppr.pdf,ebb9ea92da343ede916fd77b5a8bfc4495eb05ea9bfd06de2b6f3d6865893ad8
2022,espn,non_ppr,10,200,210,RB,68,Isaiah Spiller,LAC,0,8,nfl:gsis:00-0038045,23143,stable,exact_name,0.95,data/raw/espn_cheat_sheets/espn_salary_cap_values_2022_non_ppr.pdf,ebb9ea92da343ede916fd77b5a8bfc4495eb05ea9bfd06de2b6f3d6865893ad8
2022,espn,non_ppr,10,200,133,WR,58,Skyy Moore,KC,1,8,nfl:gsis:00-0038090,23905,stable,exact_name,0.95,data/raw/espn_cheat_sheets/espn_salary_cap_values_2022_non_ppr.pdf,ebb9ea92da343ede916fd77b5a8bfc4495eb05ea9bfd06de2b6f3d6865893ad8
2022,espn,non_ppr,10,200,257,TE,27,Isaiah Likely,BAL,0,10,nfl:gsis:00-0037838,23781,stable,exact_name,0.95,data/raw/espn_cheat_sheets/espn_salary_cap_values_2022_non_ppr.pdf,ebb9ea92da343ede916fd77b5a8bfc4495eb05ea9bfd06de2b6f3d6865893ad8
2022,espn,non_ppr,10,200,211,RB,69,Ameer Abdullah,LV,0,6,nfl:gsis:00-0032104,13924,stable,exact_name,0.95,data/raw/espn_cheat_sheets/espn_salary_cap_values_2022_non_ppr.pdf,ebb9ea92da343ede916fd77b5a8bfc4495eb05ea9bfd06de2b6f3d6865893ad8
2022,espn,non_ppr,10,200,134,WR,59,Robbie Anderson,CAR,1,13,nfl:gsis:00-0032688,15688,stable,exact_name,0.95,data/raw/espn_cheat_sheets/espn_salary_cap_values_2022_non_ppr.pdf,ebb9ea92da343ede916fd77b5a8bfc4495eb05ea9bfd06de2b6f3d6865893ad8
2022,espn,non_ppr,10,200,258,TE,28,Brevin Jordan,HOU,0,6,nfl:gsis:00-0036556,20162,stable,exact_name,0.95,data/raw/espn_cheat_sheets/espn_salary_cap_values_2022_non_ppr.pdf,ebb9ea92da343ede916fd77b5a8bfc4495eb05ea9bfd06de2b6f3d6865893ad8
2022,espn,non_ppr,10,200,212,RB,70,Ty Montgomery,NE,0,10,provisional:fantasypros:13977,13977,provisional,exact_name,0.95,data/raw/espn_cheat_sheets/espn_salary_cap_values_2022_non_ppr.pdf,ebb9ea92da343ede916fd77b5a8bfc4495eb05ea9bfd06de2b6f3d6865893ad8
2022,espn,non_ppr,10,200,135,WR,60,Marvin Jones Jr.,JAX,1,11,nfl:gsis:00-0029293,11215,stable,exact_name,0.95,data/raw/espn_cheat_sheets/espn_salary_cap_values_2022_non_ppr.pdf,ebb9ea92da343ede916fd77b5a8bfc4495eb05ea9bfd06de2b6f3d6865893ad8
2022,espn,non_ppr,10,200,259,TE,29,Taysom Hill,NO,0,14,nfl:gsis:00-0033357,17115,stable,exact_name,0.95,data/raw/espn_cheat_sheets/espn_salary_cap_values_2022_non_ppr.pdf,ebb9ea92da343ede916fd77b5a8bfc4495eb05ea9bfd06de2b6f3d6865893ad8
2022,espn,non_ppr,10,200,213,RB,71,Tyrion Davis-Price,SF,0,9,nfl:gsis:00-0037827,22992,stable,exact_name,0.95,data/raw/espn_cheat_sheets/espn_salary_cap_values_2022_non_ppr.pdf,ebb9ea92da343ede916fd77b5a8bfc4495eb05ea9bfd06de2b6f3d6865893ad8
2022,espn,non_ppr,10,200,136,WR,61,DeVante Parker,NE,1,10,nfl:gsis:00-0031547,13897,stable,exact_name,0.95,data/raw/espn_cheat_sheets/espn_salary_cap_values_2022_non_ppr.pdf,ebb9ea92da343ede916fd77b5a8bfc4495eb05ea9bfd06de2b6f3d6865893ad8
2022,espn,non_ppr,10,200,289,TE,30,Tyler Conklin,NYJ,0,10,nfl:gsis:00-0034270,17598,stable,exact_name,0.95,data/raw/espn_cheat_sheets/espn_salary_cap_values_2022_non_ppr.pdf,ebb9ea92da343ede916fd77b5a8bfc4495eb05ea9bfd06de2b6f3d6865893ad8
2022,espn,non_ppr,10,200,235,RB,72,Gus Edwards,BAL,0,10,nfl:gsis:00-0034184,17687,stable,exact_name,0.95,data/raw/espn_cheat_sheets/espn_salary_cap_values_2022_non_ppr.pdf,ebb9ea92da343ede916fd77b5a8bfc4495eb05ea9bfd06de2b6f3d6865893ad8
2022,espn,non_ppr,10,200,171,WR,62,Kenny Golladay,NYG,0,9,nfl:gsis:00-0033932,16488,stable,exact_name,0.95,data/raw/espn_cheat_sheets/espn_salary_cap_values_2022_non_ppr.pdf,ebb9ea92da343ede916fd77b5a8bfc4495eb05ea9bfd06de2b6f3d6865893ad8
2022,espn,non_ppr,10,200,290,TE,31,Tommy Tremble,CAR,0,13,nfl:gsis:00-0037005,22795,stable,exact_name,0.95,data/raw/espn_cheat_sheets/espn_salary_cap_values_2022_non_ppr.pdf,ebb9ea92da343ede916fd77b5a8bfc4495eb05ea9bfd06de2b6f3d6865893ad8
2022,espn,non_ppr,10,200,236,RB,73,Matt Breida,NYG,0,9,nfl:gsis:00-0033308,17058,stable,exact_name,0.95,data/raw/espn_cheat_sheets/espn_salary_cap_values_2022_non_ppr.pdf,ebb9ea92da343ede916fd77b5a8bfc4495eb05ea9bfd06de2b6f3d6865893ad8
2022,espn,non_ppr,10,200,172,WR,63,George Pickens,PIT,0,9,nfl:gsis:00-0037247,22963,stable,exact_name,0.95,data/raw/espn_cheat_sheets/espn_salary_cap_values_2022_non_ppr.pdf,ebb9ea92da343ede916fd77b5a8bfc4495eb05ea9bfd06de2b6f3d6865893ad8
2022,espn,non_ppr,10,200,291,TE,32,Kyle Rudolph,TB,0,11,nfl:gsis:00-0027981,9906,stable,exact_name,0.95,data/raw/espn_cheat_sheets/espn_salary_cap_values_2022_non_ppr.pdf,ebb9ea92da343ede916fd77b5a8bfc4495eb05ea9bfd06de2b6f3d6865893ad8
2022,espn,non_ppr,10,200,237,RB,74,Chris Evans,CIN,0,10,nfl:gsis:00-0036857,22797,stable,exact_name,0.95,data/raw/espn_cheat_sheets/espn_salary_cap_values_2022_non_ppr.pdf,ebb9ea92da343ede916fd77b5a8bfc4495eb05ea9bfd06de2b6f3d6865893ad8
2022,espn,non_ppr,10,200,173,WR,64,Rondale Moore,ARI,13,13,nfl:gsis:00-0036936,,stable,nflverse_exact_name,0.9,data/raw/espn_cheat_sheets/espn_salary_cap_values_2022_non_ppr.pdf,ebb9ea92da343ede916fd77b5a8bfc4495eb05ea9bfd06de2b6f3d6865893ad8
2022,espn,non_ppr,10,200,292,TE,33,Cameron Brate,TB,0,11,nfl:gsis:00-0031273,13470,stable,exact_name,0.95,data/raw/espn_cheat_sheets/espn_salary_cap_values_2022_non_ppr.pdf,ebb9ea92da343ede916fd77b5a8bfc4495eb05ea9bfd06de2b6f3d6865893ad8
2022,espn,non_ppr,10,200,238,RB,75,Ke'Shawn Vaughn,TB,0,11,nfl:gsis:00-0036450,19351,stable,exact_name,0.95,data/raw/espn_cheat_sheets/espn_salary_cap_values_2022_non_ppr.pdf,ebb9ea92da343ede916fd77b5a8bfc4495eb05ea9bfd06de2b6f3d6865893ad8
2022,espn,non_ppr,10,200,174,WR,65,Nico Collins,HOU,0,6,nfl:gsis:00-0036554,20130,stable,exact_name,0.95,data/raw/espn_cheat_sheets/espn_salary_cap_values_2022_non_ppr.pdf,ebb9ea92da343ede916fd77b5a8bfc4495eb05ea9bfd06de2b6f3d6865893ad8
2022,espn,non_ppr,10,200,293,TE,34,Jonnu Smith,NE,0,10,nfl:gsis:00-0033858,16460,stable,exact_name,0.95,data/raw/espn_cheat_sheets/espn_salary_cap_values_2022_non_ppr.pdf,ebb9ea92da343ede916fd77b5a8bfc4495eb05ea9bfd06de2b6f3d6865893ad8
2022,espn,non_ppr,10,200,239,RB,76,Myles Gaskin,MIA,0,11,nfl:gsis:00-0035311,17251,stable,exact_name,0.95,data/raw/espn_cheat_sheets/espn_salary_cap_values_2022_non_ppr.pdf,ebb9ea92da343ede916fd77b5a8bfc4495eb05ea9bfd06de2b6f3d6865893ad8
2022,espn,non_ppr,10,200,175,WR,66,Wan'Dale Robinson,NYG,0,9,nfl:gsis:00-0038117,22985,stable,exact_name,0.95,data/raw/espn_cheat_sheets/espn_salary_cap_values_2022_non_ppr.pdf,ebb9ea92da343ede916fd77b5a8bfc4495eb05ea9bfd06de2b6f3d6865893ad8
2022,espn,non_ppr,10,200,311,TE,35,C.J. Uzomah,NYJ,0,10,nfl:gsis:00-0032134,14084,stable,exact_name,0.95,data/raw/espn_cheat_sheets/espn_salary_cap_values_2022_non_ppr.pdf,ebb9ea92da343ede916fd77b5a8bfc4495eb05ea9bfd06de2b6f3d6865893ad8
2022,espn,non_ppr,10,200,240,RB,77,Jeff Wilson Jr.,SF,0,9,nfl:gsis:00-0034115,18026,stable,exact_name,0.95,data/raw/espn_cheat_sheets/espn_salary_cap_values_2022_non_ppr.pdf,ebb9ea92da343ede916fd77b5a8bfc4495eb05ea9bfd06de2b6f3d6865893ad8
2022,espn,non_ppr,10,200,176,WR,67,Julio Jones,TB,0,11,nfl:gsis:00-0027944,9867,stable,exact_name,0.95,data/raw/espn_cheat_sheets/espn_salary_cap_values_2022_non_ppr.pdf,ebb9ea92da343ede916fd77b5a8bfc4495eb05ea9bfd06de2b6f3d6865893ad8
2023,espn,non_ppr,10,200,26,QB,1,Patrick Mahomes,KC,30,10,nfl:gsis:00-0033873,16413,stable,exact_name,0.95,data/raw/espn_cheat_sheets/espn_salary_cap_values_2023_non_ppr.pdf,4f935ce7109b1d28fb868d5cf5d68028cfe0587b9f81d74b8fd636e09ed260b5
2023,espn,non_ppr,10,200,3,RB,1,Derrick Henry,TEN,58,7,nfl:gsis:00-0032764,15514,stable,exact_name,0.95,data/raw/espn_cheat_sheets/espn_salary_cap_values_2023_non_ppr.pdf,4f935ce7109b1d28fb868d5cf5d68028cfe0587b9f81d74b8fd636e09ed260b5
2023,espn,non_ppr,10,200,241,RB,78,Emari Demercado,ARI,0,14,nfl:gsis:00-0038705,25654,stable,exact_name,0.95,data/raw/espn_cheat_sheets/espn_salary_cap_values_2023_non_ppr.pdf,4f935ce7109b1d28fb868d5cf5d68028cfe0587b9f81d74b8fd636e09ed260b5
2023,espn,non_ppr,10,200,179,WR,68,Romeo Doubs,GB,0,6,nfl:gsis:00-0037816,23794,stable,exact_name,0.95,data/raw/espn_cheat_sheets/espn_salary_cap_values_2023_non_ppr.pdf,4f935ce7109b1d28fb868d5cf5d68028cfe0587b9f81d74b8fd636e09ed260b5
2023,espn,non_ppr,10,200,27,QB,2,Josh Allen,BUF,30,13,nfl:gsis:00-0034857,17298,stable,exact_name,0.95,data/raw/espn_cheat_sheets/espn_salary_cap_values_2023_non_ppr.pdf,4f935ce7109b1d28fb868d5cf5d68028cfe0587b9f81d74b8fd636e09ed260b5
2023,espn,non_ppr,10,200,4,RB,2,Austin Ekeler,LAC,57,5,nfl:gsis:00-0033699,16483,stable,exact_name,0.95,data/raw/espn_cheat_sheets/espn_salary_cap_values_2023_non_ppr.pdf,4f935ce7109b1d28fb868d5cf5d68028cfe0587b9f81d74b8fd636e09ed260b5
2023,espn,non_ppr,10,200,242,RB,79,Myles Gaskin,MIN,0,13,nfl:gsis:00-0035311,17251,stable,exact_name,0.95,data/raw/espn_cheat_sheets/espn_salary_cap_values_2023_non_ppr.pdf,4f935ce7109b1d28fb868d5cf5d68028cfe0587b9f81d74b8fd636e09ed260b5
2023,espn,non_ppr,10,200,180,WR,69,Van Jefferson,LAR,0,10,nfl:gsis:00-0036415,19483,stable,exact_name,0.95,data/raw/espn_cheat_sheets/espn_salary_cap_values_2023_non_ppr.pdf,4f935ce7109b1d28fb868d5cf5d68028cfe0587b9f81d74b8fd636e09ed260b5
2023,espn,non_ppr,10,200,28,QB,3,Jalen Hurts,PHI,29,10,nfl:gsis:00-0036389,19275,stable,exact_name,0.95,data/raw/espn_cheat_sheets/espn_salary_cap_values_2023_non_ppr.pdf,4f935ce7109b1d28fb868d5cf5d68028cfe0587b9f81d74b8fd636e09ed260b5
2023,espn,non_ppr,10,200,8,RB,3,Christian McCaffrey,SF,51,9,nfl:gsis:00-0033280,16393,stable,exact_name,0.95,data/raw/espn_cheat_sheets/espn_salary_cap_values_2023_non_ppr.pdf,4f935ce7109b1d28fb868d5cf5d68028cfe0587b9f81d74b8fd636e09ed260b5
2023,espn,non_ppr,10,200,250,RB,80,Jaleel McLaughlin,DEN,0,9,nfl:gsis:00-0038794,25876,stable,exact_name,0.95,data/raw/espn_cheat_sheets/espn_salary_cap_values_2023_non_ppr.pdf,4f935ce7109b1d28fb868d5cf5d68028cfe0587b9f81d74b8fd636e09ed260b5
2023,espn,non_ppr,10,200,181,WR,70,Rashod Bateman,BAL,0,13,nfl:gsis:00-0036550,19794,stable,exact_name,0.95,data/raw/espn_cheat_sheets/espn_salary_cap_values_2023_non_ppr.pdf,4f935ce7109b1d28fb868d5cf5d68028cfe0587b9f81d74b8fd636e09ed260b5
2023,espn,non_ppr,10,200,39,QB,4,Lamar Jackson,BAL,21,13,nfl:gsis:00-0034796,17233,stable,exact_name,0.95,data/raw/espn_cheat_sheets/espn_salary_cap_values_2023_non_ppr.pdf,4f935ce7109b1d28fb868d5cf5d68028cfe0587b9f81d74b8fd636e09ed260b5
2023,espn,non_ppr,10,200,9,RB,4,Nick Chubb,CLE,49,5,nfl:gsis:00-0034791,17246,stable,exact_name,0.95,data/raw/espn_cheat_sheets/espn_salary_cap_values_2023_non_ppr.pdf,4f935ce7109b1d28fb868d5cf5d68028cfe0587b9f81d74b8fd636e09ed260b5
2023,espn,non_ppr,10,200,264,RB,81,Zamir White,LV,0,13,nfl:gsis:00-0038040,20095,stable,exact_name,0.95,data/raw/espn_cheat_sheets/espn_salary_cap_values_2023_non_ppr.pdf,4f935ce7109b1d28fb868d5cf5d68028cfe0587b9f81d74b8fd636e09ed260b5
2023,espn,non_ppr,10,200,193,WR,71,Marquez Valdes-Scantling,KC,0,10,nfl:gsis:00-0034272,17528,stable,exact_name,0.95,data/raw/espn_cheat_sheets/espn_salary_cap_values_2023_non_ppr.pdf,4f935ce7109b1d28fb868d5cf5d68028cfe0587b9f81d74b8fd636e09ed260b5
2023,espn,non_ppr,10,200,40,QB,5,Joe Burrow,CIN,20,7,nfl:gsis:00-0036442,19196,stable,exact_name,0.95,data/raw/espn_cheat_sheets/espn_salary_cap_values_2023_non_ppr.pdf,4f935ce7109b1d28fb868d5cf5d68028cfe0587b9f81d74b8fd636e09ed260b5
2023,espn,non_ppr,10,200,10,RB,5,Bijan Robinson,ATL,48,11,nfl:gsis:00-0038542,23133,stable,exact_name,0.95,data/raw/espn_cheat_sheets/espn_salary_cap_values_2023_non_ppr.pdf,4f935ce7109b1d28fb868d5cf5d68028cfe0587b9f81d74b8fd636e09ed260b5
2023,espn,non_ppr,10,200,265,RB,82,Kendre Miller,NO,0,11,nfl:gsis:00-0038551,24360,stable,exact_name,0.95,data/raw/espn_cheat_sheets/espn_salary_cap_values_2023_non_ppr.pdf,4f935ce7109b1d28fb868d5cf5d68028cfe0587b9f81d74b8fd636e09ed260b5
2023,espn,non_ppr,10,200,194,WR,72,Jameson Williams,DET,0,9,nfl:gsis:00-0037240,23677,stable,exact_name,0.95,data/raw/espn_cheat_sheets/espn_salary_cap_values_2023_non_ppr.pdf,4f935ce7109b1d28fb868d5cf5d68028cfe0587b9f81d74b8fd636e09ed260b5
2023,espn,non_ppr,10,200,55,QB,6,Justin Herbert,LAC,10,5,nfl:gsis:00-0036355,18635,stable,exact_name,0.95,data/raw/espn_cheat_sheets/espn_salary_cap_values_2023_non_ppr.pdf,4f935ce7109b1d28fb868d5cf5d68028cfe0587b9f81d74b8fd636e09ed260b5
2023,espn,non_ppr,10,200,12,RB,6,Saquon Barkley,NYG,44,13,nfl:gsis:00-0034844,17240,stable,exact_name,0.95,data/raw/espn_cheat_sheets/espn_salary_cap_values_2023_non_ppr.pdf,4f935ce7109b1d28fb868d5cf5d68028cfe0587b9f81d74b8fd636e09ed260b5
2023,espn,non_ppr,10,200,276,RB,83,Chris Evans,CIN,0,7,nfl:gsis:00-0036857,22797,stable,exact_name,0.95,data/raw/espn_cheat_sheets/espn_salary_cap_values_2023_non_ppr.pdf,4f935ce7109b1d28fb868d5cf5d68028cfe0587b9f81d74b8fd636e09ed260b5
2023,espn,non_ppr,10,200,195,WR,73,Isaiah Hodgins,NYG,0,13,nfl:gsis:00-0036165,19375,stable,exact_name,0.95,data/raw/espn_cheat_sheets/espn_salary_cap_values_2023_non_ppr.pdf,4f935ce7109b1d28fb868d5cf5d68028cfe0587b9f81d74b8fd636e09ed260b5
2023,espn,non_ppr,10,200,56,QB,7,Justin Fields,CHI,10,13,nfl:gsis:00-0036945,19781,stable,exact_name,0.95,data/raw/espn_cheat_sheets/espn_salary_cap_values_2023_non_ppr.pdf,4f935ce7109b1d28fb868d5cf5d68028cfe0587b9f81d74b8fd636e09ed260b5
2023,espn,non_ppr,10,200,14,RB,7,Tony Pollard,DAL,42,7,nfl:gsis:00-0035261,18705,stable,exact_name,0.95,data/raw/espn_cheat_sheets/espn_salary_cap_values_2023_non_ppr.pdf,4f935ce7109b1d28fb868d5cf5d68028cfe0587b9f81d74b8fd636e09ed260b5
2023,espn,non_ppr,10,200,277,RB,84,Justice Hill,BAL,0,13,nfl:gsis:00-0034975,18256,stable,exact_name,0.95,data/raw/espn_cheat_sheets/espn_salary_cap_values_2023_non_ppr.pdf,4f935ce7109b1d28fb868d5cf5d68028cfe0587b9f81d74b8fd636e09ed260b5
2023,espn,non_ppr,10,200,196,WR,74,Alec Pierce,IND,0,11,nfl:gsis:00-0037664,23791,stable,exact_name,0.95,data/raw/espn_cheat_sheets/espn_salary_cap_values_2023_non_ppr.pdf,4f935ce7109b1d28fb868d5cf5d68028cfe0587b9f81d74b8fd636e09ed260b5
2023,espn,non_ppr,10,200,73,QB,8,Deshaun Watson,CLE,6,5,nfl:gsis:00-0033537,16398,stable,exact_name,0.95,data/raw/espn_cheat_sheets/espn_salary_cap_values_2023_non_ppr.pdf,4f935ce7109b1d28fb868d5cf5d68028cfe0587b9f81d74b8fd636e09ed260b5
2023,espn,non_ppr,10,200,19,RB,8,Josh Jacobs,LV,36,13,nfl:gsis:00-0035700,18269,stable,exact_name,0.95,data/raw/espn_cheat_sheets/espn_salary_cap_values_2023_non_ppr.pdf,4f935ce7109b1d28fb868d5cf5d68028cfe0587b9f81d74b8fd636e09ed260b5
2023,espn,non_ppr,10,200,278,RB,85,Chris Rodriguez Jr.,WAS,0,14,nfl:gsis:00-0038611,22986,stable,exact_name,0.95,data/raw/espn_cheat_sheets/espn_salary_cap_values_2023_non_ppr.pdf,4f935ce7109b1d28fb868d5cf5d68028cfe0587b9f81d74b8fd636e09ed260b5
2023,espn,non_ppr,10,200,197,WR,75,DeVante Parker,NE,0,11,nfl:gsis:00-0031547,13897,stable,exact_name,0.95,data/raw/espn_cheat_sheets/espn_salary_cap_values_2023_non_ppr.pdf,4f935ce7109b1d28fb868d5cf5d68028cfe0587b9f81d74b8fd636e09ed260b5
2023,espn,non_ppr,10,200,74,QB,9,Trevor Lawrence,JAX,5,9,nfl:gsis:00-0036971,19780,stable,exact_name,0.95,data/raw/espn_cheat_sheets/espn_salary_cap_values_2023_non_ppr.pdf,4f935ce7109b1d28fb868d5cf5d68028cfe0587b9f81d74b8fd636e09ed260b5
2023,espn,non_ppr,10,200,20,RB,9,Travis Etienne Jr.,JAX,35,9,nfl:gsis:00-0036973,19231,stable,exact_name,0.95,data/raw/espn_cheat_sheets/espn_salary_cap_values_2023_non_ppr.pdf,4f935ce7109b1d28fb868d5cf5d68028cfe0587b9f81d74b8fd636e09ed260b5
2023,espn,non_ppr,10,200,198,WR,76,Marvin Mims Jr.,DEN,0,9,nfl:gsis:00-0038976,23080,stable,exact_name,0.95,data/raw/espn_cheat_sheets/espn_salary_cap_values_2023_non_ppr.pdf,4f935ce7109b1d28fb868d5cf5d68028cfe0587b9f81d74b8fd636e09ed260b5
2023,espn,non_ppr,10,200,102,QB,10,Dak Prescott,DAL,2,7,nfl:gsis:00-0033077,15600,stable,exact_name,0.95,data/raw/espn_cheat_sheets/espn_salary_cap_values_2023_non_ppr.pdf,4f935ce7109b1d28fb868d5cf5d68028cfe0587b9f81d74b8fd636e09ed260b5
2023,espn,non_ppr,10,200,29,RB,10,Joe Mixon,CIN,28,7,nfl:gsis:00-0033897,16420,stable,exact_name,0.95,data/raw/espn_cheat_sheets/espn_salary_cap_values_2023_non_ppr.pdf,4f935ce7109b1d28fb868d5cf5d68028cfe0587b9f81d74b8fd636e09ed260b5
2023,espn,non_ppr,10,200,205,WR,77,Rashee Rice,KC,0,10,nfl:gsis:00-0039067,23113,stable,exact_name,0.95,data/raw/espn_cheat_sheets/espn_salary_cap_values_2023_non_ppr.pdf,4f935ce7109b1d28fb868d5cf5d68028cfe0587b9f81d74b8fd636e09ed260b5
2023,espn,non_ppr,10,200,103,QB,11,Kirk Cousins,MIN,2,13,nfl:gsis:00-0029604,11177,stable,exact_name,0.95,data/raw/espn_cheat_sheets/espn_salary_cap_values_2023_non_ppr.pdf,4f935ce7109b1d28fb868d5cf5d68028cfe0587b9f81d74b8fd636e09ed260b5
2023,espn,non_ppr,10,200,30,RB,11,Najee Harris,PIT,26,6,nfl:gsis:00-0036893,19302,stable,exact_name,0.95,data/raw/espn_cheat_sheets/espn_salary_cap_values_2023_non_ppr.pdf,4f935ce7109b1d28fb868d5cf5d68028cfe0587b9f81d74b8fd636e09ed260b5
2023,espn,non_ppr,10,200,1,WR,1,Justin Jefferson,MIN,59,13,nfl:gsis:00-0036322,19236,stable,exact_name,0.95,data/raw/espn_cheat_sheets/espn_salary_cap_values_2023_non_ppr.pdf,4f935ce7109b1d28fb868d5cf5d68028cfe0587b9f81d74b8fd636e09ed260b5
2023,espn,non_ppr,10,200,216,WR,78,Marvin Jones Jr.,DET,0,9,nfl:gsis:00-0029293,11215,stable,exact_name,0.95,data/raw/espn_cheat_sheets/espn_salary_cap_values_2023_non_ppr.pdf,4f935ce7109b1d28fb868d5cf5d68028cfe0587b9f81d74b8fd636e09ed260b5
2023,espn,non_ppr,10,200,104,QB,12,Daniel Jones,NYG,2,13,nfl:gsis:00-0035710,18232,stable,exact_name,0.95,data/raw/espn_cheat_sheets/espn_salary_cap_values_2023_non_ppr.pdf,4f935ce7109b1d28fb868d5cf5d68028cfe0587b9f81d74b8fd636e09ed260b5
2023,espn,non_ppr,10,200,31,RB,12,Jahmyr Gibbs,DET,26,9,nfl:gsis:00-0039139,22968,stable,exact_name,0.95,data/raw/espn_cheat_sheets/espn_salary_cap_values_2023_non_ppr.pdf,4f935ce7109b1d28fb868d5cf5d68028cfe0587b9f81d74b8fd636e09ed260b5
2023,espn,non_ppr,10,200,2,WR,2,Ja'Marr Chase,CIN,58,7,nfl:gsis:00-0036900,19788,stable,exact_name,0.95,data/raw/espn_cheat_sheets/espn_salary_cap_values_2023_non_ppr.pdf,4f935ce7109b1d28fb868d5cf5d68028cfe0587b9f81d74b8fd636e09ed260b5
2023,espn,non_ppr,10,200,217,WR,79,Mecole Hardman,NYJ,0,7,nfl:gsis:00-0035140,18587,stable,exact_name,0.95,data/raw/espn_cheat_sheets/espn_salary_cap_values_2023_non_ppr.pdf,4f935ce7109b1d28fb868d5cf5d68028cfe0587b9f81d74b8fd636e09ed260b5
2023,espn,non_ppr,10,200,105,QB,13,Tua Tagovailoa,MIA,2,10,nfl:gsis:00-0036212,19198,stable,exact_name,0.95,data/raw/espn_cheat_sheets/espn_salary_cap_values_2023_non_ppr.pdf,4f935ce7109b1d28fb868d5cf5d68028cfe0587b9f81d74b8fd636e09ed260b5
2023,espn,non_ppr,10,200,32,RB,13,Aaron Jones,GB,25,6,nfl:gsis:00-0033293,16673,stable,exact_name,0.95,data/raw/espn_cheat_sheets/espn_salary_cap_values_2023_non_ppr.pdf,4f935ce7109b1d28fb868d5cf5d68028cfe0587b9f81d74b8fd636e09ed260b5
2023,espn,non_ppr,10,200,6,WR,3,Tyreek Hill,MIA,55,10,nfl:gsis:00-0033040,15802,stable,exact_name,0.95,data/raw/espn_cheat_sheets/espn_salary_cap_values_2023_non_ppr.pdf,4f935ce7109b1d28fb868d5cf5d68028cfe0587b9f81d74b8fd636e09ed260b5
2023,espn,non_ppr,10,200,218,WR,80,Donovan Peoples-Jones,CLE,0,5,nfl:gsis:00-0036233,19298,stable,exact_name,0.95,data/raw/espn_cheat_sheets/espn_salary_cap_values_2023_non_ppr.pdf,4f935ce7109b1d28fb868d5cf5d68028cfe0587b9f81d74b8fd636e09ed260b5
2023,espn,non_ppr,10,200,123,QB,14,Anthony Richardson,IND,1,11,nfl:gsis:00-0039164,24347,stable,exact_name,0.95,data/raw/espn_cheat_sheets/espn_salary_cap_values_2023_non_ppr.pdf,4f935ce7109b1d28fb868d5cf5d68028cfe0587b9f81d74b8fd636e09ed260b5
2023,espn,non_ppr,10,200,33,RB,14,Dameon Pierce,HOU,24,7,nfl:gsis:00-0037258,22947,stable,exact_name,0.95,data/raw/espn_cheat_sheets/espn_salary_cap_values_2023_non_ppr.pdf,4f935ce7109b1d28fb868d5cf5d68028cfe0587b9f81d74b8fd636e09ed260b5
2023,espn,non_ppr,10,200,7,WR,4,Davante Adams,LV,53,13,nfl:gsis:00-0031381,12123,stable,exact_name,0.95,data/raw/espn_cheat_sheets/espn_salary_cap_values_2023_non_ppr.pdf,4f935ce7109b1d28fb868d5cf5d68028cfe0587b9f81d74b8fd636e09ed260b5
2023,espn,non_ppr,10,200,225,WR,81,Michael Wilson,ARI,0,14,nfl:gsis:00-0038559,25333,stable,exact_name,0.95,data/raw/espn_cheat_sheets/espn_salary_cap_values_2023_non_ppr.pdf,4f935ce7109b1d28fb868d5cf5d68028cfe0587b9f81d74b8fd636e09ed260b5
2023,espn,non_ppr,10,200,124,QB,15,Aaron Rodgers,NYJ,1,7,nfl:gsis:00-0023459,9001,stable,exact_name,0.95,data/raw/espn_cheat_sheets/espn_salary_cap_values_2023_non_ppr.pdf,4f935ce7109b1d28fb868d5cf5d68028cfe0587b9f81d74b8fd636e09ed260b5
2023,espn,non_ppr,10,200,34,RB,15,Rhamondre Stevenson,NE,23,11,nfl:gsis:00-0036875,22726,stable,exact_name,0.95,data/raw/espn_cheat_sheets/espn_salary_cap_values_2023_non_ppr.pdf,4f935ce7109b1d28fb868d5cf5d68028cfe0587b9f81d74b8fd636e09ed260b5
2023,espn,non_ppr,10,200,11,WR,5,Stefon Diggs,BUF,46,13,nfl:gsis:00-0031588,13981,stable,exact_name,0.95,data/raw/espn_cheat_sheets/espn_salary_cap_values_2023_non_ppr.pdf,4f935ce7109b1d28fb868d5cf5d68028cfe0587b9f81d74b8fd636e09ed260b5
2023,espn,non_ppr,10,200,226,WR,82,Wan'Dale Robinson,NYG,0,13,nfl:gsis:00-0038117,22985,stable,exact_name,0.95,data/raw/espn_cheat_sheets/espn_salary_cap_values_2023_non_ppr.pdf,4f935ce7109b1d28fb868d5cf5d68028cfe0587b9f81d74b8fd636e09ed260b5
2023,espn,non_ppr,10,200,125,QB,16,Geno Smith,SEA,1,5,nfl:gsis:00-0030565,11687,stable,exact_name,0.95,data/raw/espn_cheat_sheets/espn_salary_cap_values_2023_non_ppr.pdf,4f935ce7109b1d28fb868d5cf5d68028cfe0587b9f81d74b8fd636e09ed260b5
2023,espn,non_ppr,10,200,46,RB,16,Ken Walker III,SEA,15,5,nfl:gsis:00-0038134,23021,stable,exact_name,0.95,data/raw/espn_cheat_sheets/espn_salary_cap_values_2023_non_ppr.pdf,4f935ce7109b1d28fb868d5cf5d68028cfe0587b9f81d74b8fd636e09ed260b5
2023,espn,non_ppr,10,200,13,WR,6,Cooper Kupp,LAR,43,10,nfl:gsis:00-0033908,16433,stable,exact_name,0.95,data/raw/espn_cheat_sheets/espn_salary_cap_values_2023_non_ppr.pdf,4f935ce7109b1d28fb868d5cf5d68028cfe0587b9f81d74b8fd636e09ed260b5
2023,espn,non_ppr,10,200,227,WR,83,Robert Woods,HOU,0,7,nfl:gsis:00-0030431,11610,stable,exact_name,0.95,data/raw/espn_cheat_sheets/espn_salary_cap_values_2023_non_ppr.pdf,4f935ce7109b1d28fb868d5cf5d68028cfe0587b9f81d74b8fd636e09ed260b5
2023,espn,non_ppr,10,200,126,QB,17,Russell Wilson,DEN,1,9,nfl:gsis:00-0029263,11180,stable,exact_name,0.95,data/raw/espn_cheat_sheets/espn_salary_cap_values_2023_non_ppr.pdf,4f935ce7109b1d28fb868d5cf5d68028cfe0587b9f81d74b8fd636e09ed260b5
2023,espn,non_ppr,10,200,47,RB,17,Miles Sanders,CAR,15,7,nfl:gsis:00-0035243,18283,stable,exact_name,0.95,data/raw/espn_cheat_sheets/espn_salary_cap_values_2023_non_ppr.pdf,4f935ce7109b1d28fb868d5cf5d68028cfe0587b9f81d74b8fd636e09ed260b5
2023,espn,non_ppr,10,200,15,WR,7,CeeDee Lamb,DAL,41,7,nfl:gsis:00-0036358,19202,stable,exact_name,0.95,data/raw/espn_cheat_sheets/espn_salary_cap_values_2023_non_ppr.pdf,4f935ce7109b1d28fb868d5cf5d68028cfe0587b9f81d74b8fd636e09ed260b5
2023,espn,non_ppr,10,200,228,WR,84,Rashid Shaheed,NO,0,11,nfl:gsis:00-0037545,24687,stable,exact_name,0.95,data/raw/espn_cheat_sheets/espn_salary_cap_values_2023_non_ppr.pdf,4f935ce7109b1d28fb868d5cf5d68028cfe0587b9f81d74b8fd636e09ed260b5
2023,espn,non_ppr,10,200,182,QB,18,Kenny Pickett,PIT,0,6,nfl:gsis:00-0038102,22722,stable,exact_name,0.95,data/raw/espn_cheat_sheets/espn_salary_cap_values_2023_non_ppr.pdf,4f935ce7109b1d28fb868d5cf5d68028cfe0587b9f81d74b8fd636e09ed260b5
2023,espn,non_ppr,10,200,48,RB,18,Breece Hall,NYJ,14,7,nfl:gsis:00-0038120,22982,stable,exact_name,0.95,data/raw/espn_cheat_sheets/espn_salary_cap_values_2023_non_ppr.pdf,4f935ce7109b1d28fb868d5cf5d68028cfe0587b9f81d74b8fd636e09ed260b5
2023,espn,non_ppr,10,200,16,WR,8,Garrett Wilson,NYJ,40,7,nfl:gsis:00-0037740,23072,stable,exact_name,0.95,data/raw/espn_cheat_sheets/espn_salary_cap_values_2023_non_ppr.pdf,4f935ce7109b1d28fb868d5cf5d68028cfe0587b9f81d74b8fd636e09ed260b5
2023,espn,non_ppr,10,200,229,WR,85,Mack Hollins,ATL,0,11,nfl:gsis:00-0033555,16489,stable,exact_name,0.95,data/raw/espn_cheat_sheets/espn_salary_cap_values_2023_non_ppr.pdf,4f935ce7109b1d28fb868d5cf5d68028cfe0587b9f81d74b8fd636e09ed260b5
2023,espn,non_ppr,10,200,183,QB,19,Matthew Stafford,LAR,0,10,nfl:gsis:00-0026498,9451,stable,exact_name,0.95,data/raw/espn_cheat_sheets/espn_salary_cap_values_2023_non_ppr.pdf,4f935ce7109b1d28fb868d5cf5d68028cfe0587b9f81d74b8fd636e09ed260b5
2023,espn,non_ppr,10,200,50,RB,19,Rachaad White,TB,13,5,nfl:gsis:00-0037256,23891,stable,exact_name,0.95,data/raw/espn_cheat_sheets/espn_salary_cap_values_2023_non_ppr.pdf,4f935ce7109b1d28fb868d5cf5d68028cfe0587b9f81d74b8fd636e09ed260b5
2023,espn,non_ppr,10,200,17,WR,9,A.J. Brown,PHI,38,10,nfl:gsis:00-0035676,18218,stable,exact_name,0.95,data/raw/espn_cheat_sheets/espn_salary_cap_values_2023_non_ppr.pdf,4f935ce7109b1d28fb868d5cf5d68028cfe0587b9f81d74b8fd636e09ed260b5
2023,espn,non_ppr,10,200,230,WR,86,Tutu Atwell,LAR,0,10,nfl:gsis:00-0036849,20126,stable,exact_name,0.95,data/raw/espn_cheat_sheets/espn_salary_cap_values_2023_non_ppr.pdf,4f935ce7109b1d28fb868d5cf5d68028cfe0587b9f81d74b8fd636e09ed260b5
2023,espn,non_ppr,10,200,184,QB,20,Jared Goff,DET,0,9,nfl:gsis:00-0033106,15501,stable,exact_name,0.95,data/raw/espn_cheat_sheets/espn_salary_cap_values_2023_non_ppr.pdf,4f935ce7109b1d28fb868d5cf5d68028cfe0587b9f81d74b8fd636e09ed260b5
2023,espn,non_ppr,10,200,51,RB,20,Alexander Mattison,MIN,12,13,nfl:gsis:00-0034972,18621,stable,exact_name,0.95,data/raw/espn_cheat_sheets/espn_salary_cap_values_2023_non_ppr.pdf,4f935ce7109b1d28fb868d5cf5d68028cfe0587b9f81d74b8fd636e09ed260b5
2023,espn,non_ppr,10,200,18,WR,10,DK Metcalf,SEA,37,5,nfl:gsis:00-0035640,18219,stable,exact_name,0.95,data/raw/espn_cheat_sheets/espn_salary_cap_values_2023_non_ppr.pdf,4f935ce7109b1d28fb868d5cf5d68028cfe0587b9f81d74b8fd636e09ed260b5
2023,espn,non_ppr,10,200,231,WR,87,Kendrick Bourne,NE,0,11,nfl:gsis:00-0033307,17066,stable,exact_name,0.95,data/raw/espn_cheat_sheets/espn_salary_cap_values_2023_non_ppr.pdf,4f935ce7109b1d28fb868d5cf5d68028cfe0587b9f81d74b8fd636e09ed260b5
2023,espn,non_ppr,10,200,215,QB,21,Kyler Murray,ARI,0,14,nfl:gsis:00-0035228,18600,stable,exact_name,0.95,data/raw/espn_cheat_sheets/espn_salary_cap_values_2023_non_ppr.pdf,4f935ce7109b1d28fb868d5cf5d68028cfe0587b9f81d74b8fd636e09ed260b5
2023,espn,non_ppr,10,200,52,RB,21,Alvin Kamara,NO,11,11,nfl:gsis:00-0033906,16421,stable,exact_name,0.95,data/raw/espn_cheat_sheets/espn_salary_cap_values_2023_non_ppr.pdf,4f935ce7109b1d28fb868d5cf5d68028cfe0587b9f81d74b8fd636e09ed260b5
2023,espn,non_ppr,10,200,21,WR,11,Amon-Ra St. Brown,DET,34,9,nfl:gsis:00-0036963,19799,stable,exact_name,0.95,data/raw/espn_cheat_sheets/espn_salary_cap_values_2023_non_ppr.pdf,4f935ce7109b1d28fb868d5cf5d68028cfe0587b9f81d74b8fd636e09ed260b5
2023,espn,non_ppr,10,200,232,WR,88,Allen Robinson II,PIT,0,6,nfl:gsis:00-0031428,12126,stable,exact_name,0.95,data/raw/espn_cheat_sheets/espn_salary_cap_values_2023_non_ppr.pdf,4f935ce7109b1d28fb868d5cf5d68028cfe0587b9f81d74b8fd636e09ed260b5
2023,espn,non_ppr,10,200,219,QB,22,Derek Carr,NO,0,11,nfl:gsis:00-0031280,12092,stable,exact_name,0.95,data/raw/espn_cheat_sheets/espn_salary_cap_values_2023_non_ppr.pdf,4f935ce7109b1d28fb868d5cf5d68028cfe0587b9f81d74b8fd636e09ed260b5
2023,espn,non_ppr,10,200,53,RB,22,James Conner,ARI,11,14,nfl:gsis:00-0033553,16447,stable,exact_name,0.95,data/raw/espn_cheat_sheets/espn_salary_cap_values_2023_non_ppr.pdf,4f935ce7109b1d28fb868d5cf5d68028cfe0587b9f81d74b8fd636e09ed260b5
2023,espn,non_ppr,10,200,22,WR,12,Jaylen Waddle,MIA,33,10,nfl:gsis:00-0036613,19790,stable,exact_name,0.95,data/raw/espn_cheat_sheets/espn_salary_cap_values_2023_non_ppr.pdf,4f935ce7109b1d28fb868d5cf5d68028cfe0587b9f81d74b8fd636e09ed260b5
2023,espn,non_ppr,10,200,233,WR,89,Braxton Berrios,MIA,0,10,nfl:gsis:00-0034419,17289,stable,exact_name,0.95,data/raw/espn_cheat_sheets/espn_salary_cap_values_2023_non_ppr.pdf,4f935ce7109b1d28fb868d5cf5d68028cfe0587b9f81d74b8fd636e09ed260b5
2023,espn,non_ppr,10,200,220,QB,23,Jimmy Garoppolo,LV,0,13,nfl:gsis:00-0031345,12208,stable,exact_name,0.95,data/raw/espn_cheat_sheets/espn_salary_cap_values_2023_non_ppr.pdf,4f935ce7109b1d28fb868d5cf5d68028cfe0587b9f81d74b8fd636e09ed260b5
2023,espn,non_ppr,10,200,54,RB,23,Cam Akers,LAR,10,10,nfl:gsis:00-0036414,19268,stable,exact_name,0.95,data/raw/espn_cheat_sheets/espn_salary_cap_values_2023_non_ppr.pdf,4f935ce7109b1d28fb868d5cf5d68028cfe0587b9f81d74b8fd636e09ed260b5
2023,espn,non_ppr,10,200,23,WR,13,Deebo Samuel,SF,32,9,nfl:gsis:00-0035719,18244,stable,exact_name,0.95,data/raw/espn_cheat_sheets/espn_salary_cap_values_2023_non_ppr.pdf,4f935ce7109b1d28fb868d5cf5d68028cfe0587b9f81d74b8fd636e09ed260b5
2023,espn,non_ppr,10,200,234,WR,90,Nathaniel Dell,HOU,0,7,nfl:gsis:00-0038977,25361,stable,exact_name,0.95,data/raw/espn_cheat_sheets/espn_salary_cap_values_2023_non_ppr.pdf,4f935ce7109b1d28fb868d5cf5d68028cfe0587b9f81d74b8fd636e09ed260b5
2023,espn,non_ppr,10,200,243,QB,24,Ryan Tannehill,TEN,0,7,nfl:gsis:00-0029701,11174,stable,exact_name,0.95,data/raw/espn_cheat_sheets/espn_salary_cap_values_2023_non_ppr.pdf,4f935ce7109b1d28fb868d5cf5d68028cfe0587b9f81d74b8fd636e09ed260b5
2023,espn,non_ppr,10,200,61,RB,24,James Cook,BUF,8,13,nfl:gsis:00-0037248,22958,stable,exact_name,0.95,data/raw/espn_cheat_sheets/espn_salary_cap_values_2023_non_ppr.pdf,4f935ce7109b1d28fb868d5cf5d68028cfe0587b9f81d74b8fd636e09ed260b5
2023,espn,non_ppr,10,200,24,WR,14,Tee Higgins,CIN,32,7,nfl:gsis:00-0036410,19211,stable,exact_name,0.95,data/raw/espn_cheat_sheets/espn_salary_cap_values_2023_non_ppr.pdf,4f935ce7109b1d28fb868d5cf5d68028cfe0587b9f81d74b8fd636e09ed260b5
2023,espn,non_ppr,10,200,244,QB,25,Bryce Young,CAR,0,7,nfl:gsis:00-0039150,22900,stable,exact_name,0.95,data/raw/espn_cheat_sheets/espn_salary_cap_values_2023_non_ppr.pdf,4f935ce7109b1d28fb868d5cf5d68028cfe0587b9f81d74b8fd636e09ed260b5
2023,espn,non_ppr,10,200,62,RB,25,Jonathan Taylor,IND,8,11,nfl:gsis:00-0036223,19217,stable,exact_name,0.95,data/raw/espn_cheat_sheets/espn_salary_cap_values_2023_non_ppr.pdf,4f935ce7109b1d28fb868d5cf5d68028cfe0587b9f81d74b8fd636e09ed260b5
2023,espn,non_ppr,10,200,25,WR,15,Chris Olave,NO,31,11,nfl:gsis:00-0037239,20111,stable,exact_name,0.95,data/raw/espn_cheat_sheets/espn_salary_cap_values_2023_non_ppr.pdf,4f935ce7109b1d28fb868d5cf5d68028cfe0587b9f81d74b8fd636e09ed260b5
2023,espn,non_ppr,10,200,245,QB,26,C.J. Stroud,HOU,0,7,nfl:gsis:00-0039163,23071,stable,exact_name,0.95,data/raw/espn_cheat_sheets/espn_salary_cap_values_2023_non_ppr.pdf,4f935ce7109b1d28fb868d5cf5d68028cfe0587b9f81d74b8fd636e09ed260b5
2023,espn,non_ppr,10,200,63,RB,26,Javonte Williams,DEN,8,9,nfl:gsis:00-0036997,22739,stable,exact_name,0.95,data/raw/espn_cheat_sheets/espn_salary_cap_values_2023_non_ppr.pdf,4f935ce7109b1d28fb868d5cf5d68028cfe0587b9f81d74b8fd636e09ed260b5
2023,espn,non_ppr,10,200,35,WR,16,DeVonta Smith,PHI,22,10,nfl:gsis:00-0036912,19222,stable,exact_name,0.95,data/raw/espn_cheat_sheets/espn_salary_cap_values_2023_non_ppr.pdf,4f935ce7109b1d28fb868d5cf5d68028cfe0587b9f81d74b8fd636e09ed260b5
2023,espn,non_ppr,10,200,141,DEF,1,49ers D/ST,SF,1,9,nfl:def:SF,8270,stable,exact_defense_team,1.0,data/raw/espn_cheat_sheets/espn_salary_cap_values_2023_non_ppr.pdf,4f935ce7109b1d28fb868d5cf5d68028cfe0587b9f81d74b8fd636e09ed260b5
2023,espn,non_ppr,10,200,266,QB,27,Brock Purdy,SF,0,9,nfl:gsis:00-0037834,19797,stable,exact_name,0.95,data/raw/espn_cheat_sheets/espn_salary_cap_values_2023_non_ppr.pdf,4f935ce7109b1d28fb868d5cf5d68028cfe0587b9f81d74b8fd636e09ed260b5
2023,espn,non_ppr,10,200,75,RB,27,Isiah Pacheco,KC,5,10,nfl:gsis:00-0037197,24333,stable,exact_name,0.95,data/raw/espn_cheat_sheets/espn_salary_cap_values_2023_non_ppr.pdf,4f935ce7109b1d28fb868d5cf5d68028cfe0587b9f81d74b8fd636e09ed260b5
2023,espn,non_ppr,10,200,36,WR,17,Calvin Ridley,JAX,22,9,nfl:gsis:00-0034837,17258,stable,exact_name,0.95,data/raw/espn_cheat_sheets/espn_salary_cap_values_2023_non_ppr.pdf,4f935ce7109b1d28fb868d5cf5d68028cfe0587b9f81d74b8fd636e09ed260b5
2023,espn,non_ppr,10,200,142,DEF,2,Steelers D/ST,PIT,1,6,nfl:def:PIT,8240,stable,exact_defense_team,1.0,data/raw/espn_cheat_sheets/espn_salary_cap_values_2023_non_ppr.pdf,4f935ce7109b1d28fb868d5cf5d68028cfe0587b9f81d74b8fd636e09ed260b5
2023,espn,non_ppr,10,200,267,QB,28,Jordan Love,GB,0,6,nfl:gsis:00-0036264,19246,stable,exact_name,0.95,data/raw/espn_cheat_sheets/espn_salary_cap_values_2023_non_ppr.pdf,4f935ce7109b1d28fb868d5cf5d68028cfe0587b9f81d74b8fd636e09ed260b5
2023,espn,non_ppr,10,200,76,RB,28,David Montgomery,DET,5,9,nfl:gsis:00-0035685,18239,stable,exact_name,0.95,data/raw/espn_cheat_sheets/espn_salary_cap_values_2023_non_ppr.pdf,4f935ce7109b1d28fb868d5cf5d68028cfe0587b9f81d74b8fd636e09ed260b5
2023,espn,non_ppr,10,200,37,WR,18,Christian Watson,GB,22,6,nfl:gsis:00-0038124,23886,stable,exact_name,0.95,data/raw/espn_cheat_sheets/espn_salary_cap_values_2023_non_ppr.pdf,4f935ce7109b1d28fb868d5cf5d68028cfe0587b9f81d74b8fd636e09ed260b5
2023,espn,non_ppr,10,200,143,DEF,3,Bills D/ST,BUF,1,13,nfl:def:BUF,8030,stable,exact_defense_team,1.0,data/raw/espn_cheat_sheets/espn_salary_cap_values_2023_non_ppr.pdf,4f935ce7109b1d28fb868d5cf5d68028cfe0587b9f81d74b8fd636e09ed260b5
2023,espn,non_ppr,10,200,268,QB,29,Sam Howell,WAS,0,14,nfl:gsis:00-0037077,23045,stable,exact_name,0.95,data/raw/espn_cheat_sheets/espn_salary_cap_values_2023_non_ppr.pdf,4f935ce7109b1d28fb868d5cf5d68028cfe0587b9f81d74b8fd636e09ed260b5
2023,espn,non_ppr,10,200,77,RB,29,J.K. Dobbins,BAL,5,13,nfl:gsis:00-0036158,19245,stable,global_exact_name,0.8,data/raw/espn_cheat_sheets/espn_salary_cap_values_2023_non_ppr.pdf,4f935ce7109b1d28fb868d5cf5d68028cfe0587b9f81d74b8fd636e09ed260b5
2023,espn,non_ppr,10,200,41,WR,19,Amari Cooper,CLE,19,5,nfl:gsis:00-0031544,13894,stable,exact_name,0.95,data/raw/espn_cheat_sheets/espn_salary_cap_values_2023_non_ppr.pdf,4f935ce7109b1d28fb868d5cf5d68028cfe0587b9f81d74b8fd636e09ed260b5
2023,espn,non_ppr,10,200,144,DEF,4,Saints D/ST,NO,1,11,nfl:def:NO,8190,stable,exact_defense_team,1.0,data/raw/espn_cheat_sheets/espn_salary_cap_values_2023_non_ppr.pdf,4f935ce7109b1d28fb868d5cf5d68028cfe0587b9f81d74b8fd636e09ed260b5
2023,espn,non_ppr,10,200,269,QB,30,Mac Jones,NE,0,11,nfl:gsis:00-0036972,20156,stable,exact_name,0.95,data/raw/espn_cheat_sheets/espn_salary_cap_values_2023_non_ppr.pdf,4f935ce7109b1d28fb868d5cf5d68028cfe0587b9f81d74b8fd636e09ed260b5
2023,espn,non_ppr,10,200,78,RB,30,Dalvin Cook,NYJ,4,7,nfl:gsis:00-0033893,16374,stable,exact_name,0.95,data/raw/espn_cheat_sheets/espn_salary_cap_values_2023_non_ppr.pdf,4f935ce7109b1d28fb868d5cf5d68028cfe0587b9f81d74b8fd636e09ed260b5
2023,espn,non_ppr,10,200,42,WR,20,Keenan Allen,LAC,19,5,nfl:gsis:00-0030279,11616,stable,exact_name,0.95,data/raw/espn_cheat_sheets/espn_salary_cap_values_2023_non_ppr.pdf,4f935ce7109b1d28fb868d5cf5d68028cfe0587b9f81d74b8fd636e09ed260b5
2023,espn,non_ppr,10,200,145,DEF,5,Dolphins D/ST,MIA,1,10,nfl:def:MIA,8160,stable,exact_defense_team,1.0,data/raw/espn_cheat_sheets/espn_salary_cap_values_2023_non_ppr.pdf,4f935ce7109b1d28fb868d5cf5d68028cfe0587b9f81d74b8fd636e09ed260b5
2023,espn,non_ppr,10,200,270,QB,31,Desmond Ridder,ATL,0,11,nfl:gsis:00-0038122,20080,stable,exact_name,0.95,data/raw/espn_cheat_sheets/espn_salary_cap_values_2023_non_ppr.pdf,4f935ce7109b1d28fb868d5cf5d68028cfe0587b9f81d74b8fd636e09ed260b5
2023,espn,non_ppr,10,200,87,RB,31,Khalil Herbert,CHI,3,13,nfl:gsis:00-0036906,22763,stable,exact_name,0.95,data/raw/espn_cheat_sheets/espn_salary_cap_values_2023_non_ppr.pdf,4f935ce7109b1d28fb868d5cf5d68028cfe0587b9f81d74b8fd636e09ed260b5
2023,espn,non_ppr,10,200,43,WR,21,DJ Moore,CHI,18,13,nfl:gsis:00-0034827,17265,stable,exact_name,0.95,data/raw/espn_cheat_sheets/espn_salary_cap_values_2023_non_ppr.pdf,4f935ce7109b1d28fb868d5cf5d68028cfe0587b9f81d74b8fd636e09ed260b5
2023,espn,non_ppr,10,200,146,DEF,6,Cowboys D/ST,DAL,1,7,nfl:def:DAL,8080,stable,exact_defense_team,1.0,data/raw/espn_cheat_sheets/espn_salary_cap_values_2023_non_ppr.pdf,4f935ce7109b1d28fb868d5cf5d68028cfe0587b9f81d74b8fd636e09ed260b5
2023,espn,non_ppr,10,200,296,QB,32,Baker Mayfield,TB,0,5,nfl:gsis:00-0034855,17237,stable,exact_name,0.95,data/raw/espn_cheat_sheets/espn_salary_cap_values_2023_non_ppr.pdf,4f935ce7109b1d28fb868d5cf5d68028cfe0587b9f81d74b8fd636e09ed260b5
2023,espn,non_ppr,10,200,88,RB,32,AJ Dillon,GB,3,6,nfl:gsis:00-0036265,19358,stable,exact_name,0.95,data/raw/espn_cheat_sheets/espn_salary_cap_values_2023_non_ppr.pdf,4f935ce7109b1d28fb868d5cf5d68028cfe0587b9f81d74b8fd636e09ed260b5
2023,espn,non_ppr,10,200,44,WR,22,Mike Williams,LAC,17,5,nfl:gsis:00-0033536,16377,stable,exact_name,0.95,data/raw/espn_cheat_sheets/espn_salary_cap_values_2023_non_ppr.pdf,4f935ce7109b1d28fb868d5cf5d68028cfe0587b9f81d74b8fd636e09ed260b5
2023,espn,non_ppr,10,200,147,DEF,7,Browns D/ST,CLE,1,5,nfl:def:CLE,8070,stable,exact_defense_team,1.0,data/raw/espn_cheat_sheets/espn_salary_cap_values_2023_non_ppr.pdf,4f935ce7109b1d28fb868d5cf5d68028cfe0587b9f81d74b8fd636e09ed260b5
2023,espn,non_ppr,10,200,301,QB,33,Kyle Trask,TB,0,5,nfl:gsis:00-0036928,19800,stable,exact_name,0.95,data/raw/espn_cheat_sheets/espn_salary_cap_values_2023_non_ppr.pdf,4f935ce7109b1d28fb868d5cf5d68028cfe0587b9f81d74b8fd636e09ed260b5
2023,espn,non_ppr,10,200,89,RB,33,D'Andre Swift,PHI,3,10,nfl:gsis:00-0036275,19210,stable,exact_name,0.95,data/raw/espn_cheat_sheets/espn_salary_cap_values_2023_non_ppr.pdf,4f935ce7109b1d28fb868d5cf5d68028cfe0587b9f81d74b8fd636e09ed260b5
2023,espn,non_ppr,10,200,45,WR,23,Jerry Jeudy,DEN,17,9,nfl:gsis:00-0036407,19201,stable,exact_name,0.95,data/raw/espn_cheat_sheets/espn_salary_cap_values_2023_non_ppr.pdf,4f935ce7109b1d28fb868d5cf5d68028cfe0587b9f81d74b8fd636e09ed260b5
2023,espn,non_ppr,10,200,148,DEF,8,Jets D/ST,NYJ,1,7,nfl:def:NYJ,8210,stable,exact_defense_team,1.0,data/raw/espn_cheat_sheets/espn_salary_cap_values_2023_non_ppr.pdf,4f935ce7109b1d28fb868d5cf5d68028cfe0587b9f81d74b8fd636e09ed260b5
2023,espn,non_ppr,10,200,302,QB,34,Joshua Dobbs,ARI,0,14,nfl:gsis:00-0033949,16417,stable,exact_name,0.95,data/raw/espn_cheat_sheets/espn_salary_cap_values_2023_non_ppr.pdf,4f935ce7109b1d28fb868d5cf5d68028cfe0587b9f81d74b8fd636e09ed260b5
2023,espn,non_ppr,10,200,90,RB,34,Brian Robinson Jr.,WAS,3,14,nfl:gsis:00-0037746,20094,stable,exact_name,0.95,data/raw/espn_cheat_sheets/espn_salary_cap_values_2023_non_ppr.pdf,4f935ce7109b1d28fb868d5cf5d68028cfe0587b9f81d74b8fd636e09ed260b5
2023,espn,non_ppr,10,200,57,WR,24,Mike Evans,TB,10,5,nfl:gsis:00-0031408,12119,stable,exact_name,0.95,data/raw/espn_cheat_sheets/espn_salary_cap_values_2023_non_ppr.pdf,4f935ce7109b1d28fb868d5cf5d68028cfe0587b9f81d74b8fd636e09ed260b5
2023,espn,non_ppr,10,200,149,DEF,9,Patriots D/ST,NE,1,11,nfl:def:NE,8180,stable,exact_defense_team,1.0,data/raw/espn_cheat_sheets/espn_salary_cap_values_2023_non_ppr.pdf,4f935ce7109b1d28fb868d5cf5d68028cfe0587b9f81d74b8fd636e09ed260b5
2023,espn,non_ppr,10,200,310,QB,35,Clayton Tune,ARI,0,14,nfl:gsis:00-0038582,25227,stable,exact_name,0.95,data/raw/espn_cheat_sheets/espn_salary_cap_values_2023_non_ppr.pdf,4f935ce7109b1d28fb868d5cf5d68028cfe0587b9f81d74b8fd636e09ed260b5
2023,espn,non_ppr,10,200,91,RB,35,Jamaal Williams,NO,3,11,nfl:gsis:00-0033948,16424,stable,exact_name,0.95,data/raw/espn_cheat_sheets/espn_salary_cap_values_2023_non_ppr.pdf,4f935ce7109b1d28fb868d5cf5d68028cfe0587b9f81d74b8fd636e09ed260b5
2023,espn,non_ppr,10,200,58,WR,25,Diontae Johnson,PIT,9,6,nfl:gsis:00-0035216,18615,stable,exact_name,0.95,data/raw/espn_cheat_sheets/espn_salary_cap_values_2023_non_ppr.pdf,4f935ce7109b1d28fb868d5cf5d68028cfe0587b9f81d74b8fd636e09ed260b5
2023,espn,non_ppr,10,200,150,DEF,10,Packers D/ST,GB,1,6,nfl:def:GB,8110,stable,exact_defense_team,1.0,data/raw/espn_cheat_sheets/espn_salary_cap_values_2023_non_ppr.pdf,4f935ce7109b1d28fb868d5cf5d68028cfe0587b9f81d74b8fd636e09ed260b5
2023,espn,non_ppr,10,200,315,QB,36,Jacoby Brissett,WAS,0,14,nfl:gsis:00-0033119,15642,stable,exact_name,0.95,data/raw/espn_cheat_sheets/espn_salary_cap_values_2023_non_ppr.pdf,4f935ce7109b1d28fb868d5cf5d68028cfe0587b9f81d74b8fd636e09ed260b5
2023,espn,non_ppr,10,200,110,RB,36,Rashaad Penny,PHI,2,10,nfl:gsis:00-0034750,17308,stable,exact_name,0.95,data/raw/espn_cheat_sheets/espn_salary_cap_values_2023_non_ppr.pdf,4f935ce7109b1d28fb868d5cf5d68028cfe0587b9f81d74b8fd636e09ed260b5
2023,espn,non_ppr,10,200,59,WR,26,Terry McLaurin,WAS,9,14,nfl:gsis:00-0035659,18466,stable,exact_name,0.95,data/raw/espn_cheat_sheets/espn_salary_cap_values_2023_non_ppr.pdf,4f935ce7109b1d28fb868d5cf5d68028cfe0587b9f81d74b8fd636e09ed260b5
2023,espn,non_ppr,10,200,189,DEF,11,Panthers D/ST,CAR,0,7,nfl:def:CAR,8040,stable,exact_defense_team,1.0,data/raw/espn_cheat_sheets/espn_salary_cap_values_2023_non_ppr.pdf,4f935ce7109b1d28fb868d5cf5d68028cfe0587b9f81d74b8fd636e09ed260b5
2023,espn,non_ppr,10,200,316,QB,37,Sam Darnold,SF,0,9,nfl:gsis:00-0034869,17236,stable,exact_name,0.95,data/raw/espn_cheat_sheets/espn_salary_cap_values_2023_non_ppr.pdf,4f935ce7109b1d28fb868d5cf5d68028cfe0587b9f81d74b8fd636e09ed260b5
2023,espn,non_ppr,10,200,111,RB,37,Raheem Mostert,MIA,2,10,nfl:gsis:00-0031687,14338,stable,exact_name,0.95,data/raw/espn_cheat_sheets/espn_salary_cap_values_2023_non_ppr.pdf,4f935ce7109b1d28fb868d5cf5d68028cfe0587b9f81d74b8fd636e09ed260b5
2023,espn,non_ppr,10,200,60,WR,27,DeAndre Hopkins,TEN,9,7,nfl:gsis:00-0030564,11606,stable,exact_name,0.95,data/raw/espn_cheat_sheets/espn_salary_cap_values_2023_non_ppr.pdf,4f935ce7109b1d28fb868d5cf5d68028cfe0587b9f81d74b8fd636e09ed260b5
2023,espn,non_ppr,10,200,190,DEF,12,Bengals D/ST,CIN,0,7,nfl:def:CIN,8060,stable,exact_defense_team,1.0,data/raw/espn_cheat_sheets/espn_salary_cap_values_2023_non_ppr.pdf,4f935ce7109b1d28fb868d5cf5d68028cfe0587b9f81d74b8fd636e09ed260b5
2023,espn,non_ppr,10,200,317,QB,38,Taylor Heinicke,ATL,0,11,nfl:gsis:00-0031800,13932,stable,exact_name,0.95,data/raw/espn_cheat_sheets/espn_salary_cap_values_2023_non_ppr.pdf,4f935ce7109b1d28fb868d5cf5d68028cfe0587b9f81d74b8fd636e09ed260b5
2023,espn,non_ppr,10,200,112,RB,38,Samaje Perine,DEN,2,9,nfl:gsis:00-0033526,16423,stable,exact_name,0.95,data/raw/espn_cheat_sheets/espn_salary_cap_values_2023_non_ppr.pdf,4f935ce7109b1d28fb868d5cf5d68028cfe0587b9f81d74b8fd636e09ed260b5
2023,espn,non_ppr,10,200,65,WR,28,Chris Godwin,TB,7,5,nfl:gsis:00-0033921,16406,stable,exact_name,0.95,data/raw/espn_cheat_sheets/espn_salary_cap_values_2023_non_ppr.pdf,4f935ce7109b1d28fb868d5cf5d68028cfe0587b9f81d74b8fd636e09ed260b5
2023,espn,non_ppr,10,200,221,DEF,13,Commanders D/ST,WAS,0,14,nfl:def:WAS,8310,stable,exact_defense_team,1.0,data/raw/espn_cheat_sheets/espn_salary_cap_values_2023_non_ppr.pdf,4f935ce7109b1d28fb868d5cf5d68028cfe0587b9f81d74b8fd636e09ed260b5
2023,espn,non_ppr,10,200,318,QB,39,Will Levis,TEN,0,7,nfl:gsis:00-0039152,22987,stable,exact_name,0.95,data/raw/espn_cheat_sheets/espn_salary_cap_values_2023_non_ppr.pdf,4f935ce7109b1d28fb868d5cf5d68028cfe0587b9f81d74b8fd636e09ed260b5
2023,espn,non_ppr,10,200,113,RB,39,Antonio Gibson,WAS,2,14,nfl:gsis:00-0036328,19624,stable,exact_name,0.95,data/raw/espn_cheat_sheets/espn_salary_cap_values_2023_non_ppr.pdf,4f935ce7109b1d28fb868d5cf5d68028cfe0587b9f81d74b8fd636e09ed260b5
2023,espn,non_ppr,10,200,66,WR,29,Marquise Brown,ARI,7,14,nfl:gsis:00-0035662,18226,stable,exact_name,0.95,data/raw/espn_cheat_sheets/espn_salary_cap_values_2023_non_ppr.pdf,4f935ce7109b1d28fb868d5cf5d68028cfe0587b9f81d74b8fd636e09ed260b5
2023,espn,non_ppr,10,200,222,DEF,14,Buccaneers D/ST,TB,0,5,nfl:def:TB,8290,stable,exact_defense_team,1.0,data/raw/espn_cheat_sheets/espn_salary_cap_values_2023_non_ppr.pdf,4f935ce7109b1d28fb868d5cf5d68028cfe0587b9f81d74b8fd636e09ed260b5
2023,espn,non_ppr,10,200,319,QB,40,Matt Corral,NE,0,11,nfl:gsis:00-0038132,23028,stable,exact_name,0.95,data/raw/espn_cheat_sheets/espn_salary_cap_values_2023_non_ppr.pdf,4f935ce7109b1d28fb868d5cf5d68028cfe0587b9f81d74b8fd636e09ed260b5
2023,espn,non_ppr,10,200,114,RB,40,Elijah Mitchell,SF,2,9,nfl:gsis:00-0036567,22813,stable,exact_name,0.95,data/raw/espn_cheat_sheets/espn_salary_cap_values_2023_non_ppr.pdf,4f935ce7109b1d28fb868d5cf5d68028cfe0587b9f81d74b8fd636e09ed260b5
2023,espn,non_ppr,10,200,67,WR,30,Brandon Aiyuk,SF,7,9,nfl:gsis:00-0036261,19252,stable,exact_name,0.95,data/raw/espn_cheat_sheets/espn_salary_cap_values_2023_non_ppr.pdf,4f935ce7109b1d28fb868d5cf5d68028cfe0587b9f81d74b8fd636e09ed260b5
2023,espn,non_ppr,10,200,253,DEF,15,Ravens D/ST,BAL,0,13,nfl:def:BAL,8020,stable,exact_defense_team,1.0,data/raw/espn_cheat_sheets/espn_salary_cap_values_2023_non_ppr.pdf,4f935ce7109b1d28fb868d5cf5d68028cfe0587b9f81d74b8fd636e09ed260b5
2023,espn,non_ppr,10,200,127,RB,41,Zach Charbonnet,SEA,1,5,nfl:gsis:00-0039165,23152,stable,exact_name,0.95,data/raw/espn_cheat_sheets/espn_salary_cap_values_2023_non_ppr.pdf,4f935ce7109b1d28fb868d5cf5d68028cfe0587b9f81d74b8fd636e09ed260b5
2023,espn,non_ppr,10,200,68,WR,31,Drake London,ATL,6,11,nfl:gsis:00-0037238,23163,stable,exact_name,0.95,data/raw/espn_cheat_sheets/espn_salary_cap_values_2023_non_ppr.pdf,4f935ce7109b1d28fb868d5cf5d68028cfe0587b9f81d74b8fd636e09ed260b5
2023,espn,non_ppr,10,200,128,RB,42,Devin Singletary,HOU,1,7,nfl:gsis:00-0035250,18280,stable,exact_name,0.95,data/raw/espn_cheat_sheets/espn_salary_cap_values_2023_non_ppr.pdf,4f935ce7109b1d28fb868d5cf5d68028cfe0587b9f81d74b8fd636e09ed260b5
2023,espn,non_ppr,10,200,69,WR,32,Christian Kirk,JAX,6,9,nfl:gsis:00-0034775,17268,stable,exact_name,0.95,data/raw/espn_cheat_sheets/espn_salary_cap_values_2023_non_ppr.pdf,4f935ce7109b1d28fb868d5cf5d68028cfe0587b9f81d74b8fd636e09ed260b5
2023,espn,non_ppr,10,200,5,TE,1,Travis Kelce,KC,57,10,nfl:gsis:00-0030506,11594,stable,exact_name,0.95,data/raw/espn_cheat_sheets/espn_salary_cap_values_2023_non_ppr.pdf,4f935ce7109b1d28fb868d5cf5d68028cfe0587b9f81d74b8fd636e09ed260b5
2023,espn,non_ppr,10,200,129,RB,43,Tyler Allgeier,ATL,1,11,nfl:gsis:00-0037263,24172,stable,exact_name,0.95,data/raw/espn_cheat_sheets/espn_salary_cap_values_2023_non_ppr.pdf,4f935ce7109b1d28fb868d5cf5d68028cfe0587b9f81d74b8fd636e09ed260b5
2023,espn,non_ppr,10,200,79,WR,33,Courtland Sutton,DEN,4,9,nfl:gsis:00-0034348,17253,stable,exact_name,0.95,data/raw/espn_cheat_sheets/espn_salary_cap_values_2023_non_ppr.pdf,4f935ce7109b1d28fb868d5cf5d68028cfe0587b9f81d74b8fd636e09ed260b5
2023,espn,non_ppr,10,200,151,K,1,Justin Tucker,BAL,1,13,nfl:gsis:00-0029597,11465,stable,exact_name,0.95,data/raw/espn_cheat_sheets/espn_salary_cap_values_2023_non_ppr.pdf,4f935ce7109b1d28fb868d5cf5d68028cfe0587b9f81d74b8fd636e09ed260b5
2023,espn,non_ppr,10,200,38,TE,2,Mark Andrews,BAL,21,13,nfl:gsis:00-0034753,17269,stable,exact_name,0.95,data/raw/espn_cheat_sheets/espn_salary_cap_values_2023_non_ppr.pdf,4f935ce7109b1d28fb868d5cf5d68028cfe0587b9f81d74b8fd636e09ed260b5
2023,espn,non_ppr,10,200,130,RB,44,Jerick McKinnon,KC,1,10,nfl:gsis:00-0031376,12209,stable,exact_name,0.95,data/raw/espn_cheat_sheets/espn_salary_cap_values_2023_non_ppr.pdf,4f935ce7109b1d28fb868d5cf5d68028cfe0587b9f81d74b8fd636e09ed260b5
2023,espn,non_ppr,10,200,80,WR,34,Tyler Lockett,SEA,4,5,nfl:gsis:00-0032211,13971,stable,exact_name,0.95,data/raw/espn_cheat_sheets/espn_salary_cap_values_2023_non_ppr.pdf,4f935ce7109b1d28fb868d5cf5d68028cfe0587b9f81d74b8fd636e09ed260b5
2023,espn,non_ppr,10,200,152,K,2,Daniel Carlson,LV,1,13,nfl:gsis:00-0034161,17420,stable,exact_name,0.95,data/raw/espn_cheat_sheets/espn_salary_cap_values_2023_non_ppr.pdf,4f935ce7109b1d28fb868d5cf5d68028cfe0587b9f81d74b8fd636e09ed260b5
2023,espn,non_ppr,10,200,49,TE,3,T.J. Hockenson,MIN,13,13,nfl:gsis:00-0035229,18290,stable,exact_name,0.95,data/raw/espn_cheat_sheets/espn_salary_cap_values_2023_non_ppr.pdf,4f935ce7109b1d28fb868d5cf5d68028cfe0587b9f81d74b8fd636e09ed260b5
2023,espn,non_ppr,10,200,131,RB,45,Ezekiel Elliott,NE,1,11,nfl:gsis:00-0033045,15498,stable,exact_name,0.95,data/raw/espn_cheat_sheets/espn_salary_cap_values_2023_non_ppr.pdf,4f935ce7109b1d28fb868d5cf5d68028cfe0587b9f81d74b8fd636e09ed260b5
2023,espn,non_ppr,10,200,81,WR,35,Brandin Cooks,DAL,4,7,nfl:gsis:00-0031236,12122,stable,exact_name,0.95,data/raw/espn_cheat_sheets/espn_salary_cap_values_2023_non_ppr.pdf,4f935ce7109b1d28fb868d5cf5d68028cfe0587b9f81d74b8fd636e09ed260b5
2023,espn,non_ppr,10,200,153,K,3,Evan McPherson,CIN,1,7,nfl:gsis:00-0036854,23297,stable,exact_name,0.95,data/raw/espn_cheat_sheets/espn_salary_cap_values_2023_non_ppr.pdf,4f935ce7109b1d28fb868d5cf5d68028cfe0587b9f81d74b8fd636e09ed260b5
2023,espn,non_ppr,10,200,64,TE,4,Darren Waller,NYG,7,13,nfl:gsis:00-0031610,14104,stable,exact_name,0.95,data/raw/espn_cheat_sheets/espn_salary_cap_values_2023_non_ppr.pdf,4f935ce7109b1d28fb868d5cf5d68028cfe0587b9f81d74b8fd636e09ed260b5
2023,espn,non_ppr,10,200,132,RB,46,Jaylen Warren,PIT,1,6,nfl:gsis:00-0037228,24209,stable,exact_name,0.95,data/raw/espn_cheat_sheets/espn_salary_cap_values_2023_non_ppr.pdf,4f935ce7109b1d28fb868d5cf5d68028cfe0587b9f81d74b8fd636e09ed260b5
2023,espn,non_ppr,10,200,82,WR,36,George Pickens,PIT,4,6,nfl:gsis:00-0037247,22963,stable,exact_name,0.95,data/raw/espn_cheat_sheets/espn_salary_cap_values_2023_non_ppr.pdf,4f935ce7109b1d28fb868d5cf5d68028cfe0587b9f81d74b8fd636e09ed260b5
2023,espn,non_ppr,10,200,154,K,4,Harrison Butker,KC,1,10,nfl:gsis:00-0033303,16712,stable,exact_name,0.95,data/raw/espn_cheat_sheets/espn_salary_cap_values_2023_non_ppr.pdf,4f935ce7109b1d28fb868d5cf5d68028cfe0587b9f81d74b8fd636e09ed260b5
2023,espn,non_ppr,10,200,70,TE,5,George Kittle,SF,6,9,nfl:gsis:00-0033288,16499,stable,exact_name,0.95,data/raw/espn_cheat_sheets/espn_salary_cap_values_2023_non_ppr.pdf,4f935ce7109b1d28fb868d5cf5d68028cfe0587b9f81d74b8fd636e09ed260b5
2023,espn,non_ppr,10,200,161,RB,47,Roschon Johnson,CHI,0,13,nfl:gsis:00-0039021,25322,stable,exact_name,0.95,data/raw/espn_cheat_sheets/espn_salary_cap_values_2023_non_ppr.pdf,4f935ce7109b1d28fb868d5cf5d68028cfe0587b9f81d74b8fd636e09ed260b5
2023,espn,non_ppr,10,200,83,WR,37,Michael Pittman Jr.,IND,4,11,nfl:gsis:00-0036252,19278,stable,exact_name,0.95,data/raw/espn_cheat_sheets/espn_salary_cap_values_2023_non_ppr.pdf,4f935ce7109b1d28fb868d5cf5d68028cfe0587b9f81d74b8fd636e09ed260b5
2023,espn,non_ppr,10,200,155,K,5,Graham Gano,NYG,1,13,nfl:gsis:00-0026858,9232,stable,exact_name,0.95,data/raw/espn_cheat_sheets/espn_salary_cap_values_2023_non_ppr.pdf,4f935ce7109b1d28fb868d5cf5d68028cfe0587b9f81d74b8fd636e09ed260b5
2023,espn,non_ppr,10,200,71,TE,6,Kyle Pitts,ATL,6,11,nfl:gsis:00-0036970,20164,stable,exact_name,0.95,data/raw/espn_cheat_sheets/espn_salary_cap_values_2023_non_ppr.pdf,4f935ce7109b1d28fb868d5cf5d68028cfe0587b9f81d74b8fd636e09ed260b5
2023,espn,non_ppr,10,200,162,RB,48,De'Von Achane,MIA,0,10,nfl:gsis:00-0039040,23136,stable,exact_name,0.95,data/raw/espn_cheat_sheets/espn_salary_cap_values_2023_non_ppr.pdf,4f935ce7109b1d28fb868d5cf5d68028cfe0587b9f81d74b8fd636e09ed260b5
2023,espn,non_ppr,10,200,84,WR,38,Jahan Dotson,WAS,4,14,nfl:gsis:00-0037741,23101,stable,exact_name,0.95,data/raw/espn_cheat_sheets/espn_salary_cap_values_2023_non_ppr.pdf,4f935ce7109b1d28fb868d5cf5d68028cfe0587b9f81d74b8fd636e09ed260b5
2023,espn,non_ppr,10,200,156,K,6,Jason Myers,SEA,1,5,nfl:gsis:00-0031492,14003,stable,exact_name,0.95,data/raw/espn_cheat_sheets/espn_salary_cap_values_2023_non_ppr.pdf,4f935ce7109b1d28fb868d5cf5d68028cfe0587b9f81d74b8fd636e09ed260b5
2023,espn,non_ppr,10,200,72,TE,7,Dallas Goedert,PHI,6,10,nfl:gsis:00-0034351,17270,stable,exact_name,0.95,data/raw/espn_cheat_sheets/espn_salary_cap_values_2023_non_ppr.pdf,4f935ce7109b1d28fb868d5cf5d68028cfe0587b9f81d74b8fd636e09ed260b5
2023,espn,non_ppr,10,200,163,RB,49,Gus Edwards,BAL,0,13,nfl:gsis:00-0034184,17687,stable,exact_name,0.95,data/raw/espn_cheat_sheets/espn_salary_cap_values_2023_non_ppr.pdf,4f935ce7109b1d28fb868d5cf5d68028cfe0587b9f81d74b8fd636e09ed260b5
2023,espn,non_ppr,10,200,85,WR,39,Jaxon Smith-Njigba,SEA,4,5,nfl:gsis:00-0038543,23070,stable,exact_name,0.95,data/raw/espn_cheat_sheets/espn_salary_cap_values_2023_non_ppr.pdf,4f935ce7109b1d28fb868d5cf5d68028cfe0587b9f81d74b8fd636e09ed260b5
2023,espn,non_ppr,10,200,157,K,7,Tyler Bass,BUF,1,13,nfl:gsis:00-0036162,19760,stable,exact_name,0.95,data/raw/espn_cheat_sheets/espn_salary_cap_values_2023_non_ppr.pdf,4f935ce7109b1d28fb868d5cf5d68028cfe0587b9f81d74b8fd636e09ed260b5
2023,espn,non_ppr,10,200,92,TE,8,Pat Freiermuth,PIT,3,6,nfl:gsis:00-0036894,20163,stable,exact_name,0.95,data/raw/espn_cheat_sheets/espn_salary_cap_values_2023_non_ppr.pdf,4f935ce7109b1d28fb868d5cf5d68028cfe0587b9f81d74b8fd636e09ed260b5
2023,espn,non_ppr,10,200,164,RB,50,Damien Harris,BUF,0,13,nfl:gsis:00-0035657,18230,stable,exact_name,0.95,data/raw/espn_cheat_sheets/espn_salary_cap_values_2023_non_ppr.pdf,4f935ce7109b1d28fb868d5cf5d68028cfe0587b9f81d74b8fd636e09ed260b5
2023,espn,non_ppr,10,200,86,WR,40,Skyy Moore,KC,4,10,nfl:gsis:00-0038090,23905,stable,exact_name,0.95,data/raw/espn_cheat_sheets/espn_salary_cap_values_2023_non_ppr.pdf,4f935ce7109b1d28fb868d5cf5d68028cfe0587b9f81d74b8fd636e09ed260b5
2023,espn,non_ppr,10,200,158,K,8,Jake Elliott,PHI,1,10,nfl:gsis:00-0033787,16540,stable,exact_name,0.95,data/raw/espn_cheat_sheets/espn_salary_cap_values_2023_non_ppr.pdf,4f935ce7109b1d28fb868d5cf5d68028cfe0587b9f81d74b8fd636e09ed260b5
2023,espn,non_ppr,10,200,93,TE,9,Evan Engram,JAX,3,9,nfl:gsis:00-0033881,16411,stable,exact_name,0.95,data/raw/espn_cheat_sheets/espn_salary_cap_values_2023_non_ppr.pdf,4f935ce7109b1d28fb868d5cf5d68028cfe0587b9f81d74b8fd636e09ed260b5
2023,espn,non_ppr,10,200,165,RB,51,Kenneth Gainwell,PHI,0,10,nfl:gsis:00-0036919,23310,stable,exact_name,0.95,data/raw/espn_cheat_sheets/espn_salary_cap_values_2023_non_ppr.pdf,4f935ce7109b1d28fb868d5cf5d68028cfe0587b9f81d74b8fd636e09ed260b5
2023,espn,non_ppr,10,200,96,WR,41,Jordan Addison,MIN,2,13,nfl:gsis:00-0038994,23107,stable,exact_name,0.95,data/raw/espn_cheat_sheets/espn_salary_cap_values_2023_non_ppr.pdf,4f935ce7109b1d28fb868d5cf5d68028cfe0587b9f81d74b8fd636e09ed260b5
2023,espn,non_ppr,10,200,159,K,9,Matt Gay,IND,1,11,nfl:gsis:00-0035269,18545,stable,exact_name,0.95,data/raw/espn_cheat_sheets/espn_salary_cap_values_2023_non_ppr.pdf,4f935ce7109b1d28fb868d5cf5d68028cfe0587b9f81d74b8fd636e09ed260b5
2023,espn,non_ppr,10,200,94,TE,10,David Njoku,CLE,3,5,nfl:gsis:00-0033885,16399,stable,exact_name,0.95,data/raw/espn_cheat_sheets/espn_salary_cap_values_2023_non_ppr.pdf,4f935ce7109b1d28fb868d5cf5d68028cfe0587b9f81d74b8fd636e09ed260b5
2023,espn,non_ppr,10,200,166,RB,52,Deon Jackson,IND,0,11,nfl:gsis:00-0036493,20097,stable,exact_name,0.95,data/raw/espn_cheat_sheets/espn_salary_cap_values_2023_non_ppr.pdf,4f935ce7109b1d28fb868d5cf5d68028cfe0587b9f81d74b8fd636e09ed260b5
2023,espn,non_ppr,10,200,97,WR,42,Treylon Burks,TEN,2,7,nfl:gsis:00-0037742,22905,stable,exact_name,0.95,data/raw/espn_cheat_sheets/espn_salary_cap_values_2023_non_ppr.pdf,4f935ce7109b1d28fb868d5cf5d68028cfe0587b9f81d74b8fd636e09ed260b5
2023,espn,non_ppr,10,200,160,K,10,Younghoe Koo,ATL,1,11,nfl:gsis:00-0033702,16910,stable,exact_name,0.95,data/raw/espn_cheat_sheets/espn_salary_cap_values_2023_non_ppr.pdf,4f935ce7109b1d28fb868d5cf5d68028cfe0587b9f81d74b8fd636e09ed260b5
2023,espn,non_ppr,10,200,95,TE,11,Cole Kmet,CHI,3,13,nfl:gsis:00-0036290,19229,stable,exact_name,0.95,data/raw/espn_cheat_sheets/espn_salary_cap_values_2023_non_ppr.pdf,4f935ce7109b1d28fb868d5cf5d68028cfe0587b9f81d74b8fd636e09ed260b5
2023,espn,non_ppr,10,200,167,RB,53,Evan Hull,IND,0,11,nfl:gsis:00-0038397,25325,stable,exact_name,0.95,data/raw/espn_cheat_sheets/espn_salary_cap_values_2023_non_ppr.pdf,4f935ce7109b1d28fb868d5cf5d68028cfe0587b9f81d74b8fd636e09ed260b5
2023,espn,non_ppr,10,200,98,WR,43,Zay Flowers,BAL,2,13,nfl:gsis:00-0039064,22916,stable,exact_name,0.95,data/raw/espn_cheat_sheets/espn_salary_cap_values_2023_non_ppr.pdf,4f935ce7109b1d28fb868d5cf5d68028cfe0587b9f81d74b8fd636e09ed260b5
2023,espn,non_ppr,10,200,191,K,11,Eddy Pineiro,CAR,0,7,nfl:gsis:00-0034173,17575,stable,exact_name,0.95,data/raw/espn_cheat_sheets/espn_salary_cap_values_2023_non_ppr.pdf,4f935ce7109b1d28fb868d5cf5d68028cfe0587b9f81d74b8fd636e09ed260b5
2023,espn,non_ppr,10,200,115,TE,12,Dalton Schultz,HOU,2,7,nfl:gsis:00-0034383,17349,stable,exact_name,0.95,data/raw/espn_cheat_sheets/espn_salary_cap_values_2023_non_ppr.pdf,4f935ce7109b1d28fb868d5cf5d68028cfe0587b9f81d74b8fd636e09ed260b5
2023,espn,non_ppr,10,200,168,RB,54,D'Onta Foreman,CHI,0,13,nfl:gsis:00-0033925,16407,stable,exact_name,0.95,data/raw/espn_cheat_sheets/espn_salary_cap_values_2023_non_ppr.pdf,4f935ce7109b1d28fb868d5cf5d68028cfe0587b9f81d74b8fd636e09ed260b5
2023,espn,non_ppr,10,200,99,WR,44,Gabe Davis,BUF,2,13,nfl:gsis:00-0036196,19398,stable,exact_name,0.95,data/raw/espn_cheat_sheets/espn_salary_cap_values_2023_non_ppr.pdf,4f935ce7109b1d28fb868d5cf5d68028cfe0587b9f81d74b8fd636e09ed260b5
2023,espn,non_ppr,10,200,192,K,12,Dustin Hopkins,CLE,0,5,nfl:gsis:00-0030098,11818,stable,exact_name,0.95,data/raw/espn_cheat_sheets/espn_salary_cap_values_2023_non_ppr.pdf,4f935ce7109b1d28fb868d5cf5d68028cfe0587b9f81d74b8fd636e09ed260b5
2023,espn,non_ppr,10,200,116,TE,13,Chigoziem Okonkwo,TEN,2,7,nfl:gsis:00-0037809,23982,stable,exact_name,0.95,data/raw/espn_cheat_sheets/espn_salary_cap_values_2023_non_ppr.pdf,4f935ce7109b1d28fb868d5cf5d68028cfe0587b9f81d74b8fd636e09ed260b5
2023,espn,non_ppr,10,200,169,RB,55,Kyren Williams,LAR,0,10,nfl:gsis:00-0037840,23059,stable,exact_name,0.95,data/raw/espn_cheat_sheets/espn_salary_cap_values_2023_non_ppr.pdf,4f935ce7109b1d28fb868d5cf5d68028cfe0587b9f81d74b8fd636e09ed260b5
2023,espn,non_ppr,10,200,100,WR,45,Odell Beckham Jr.,BAL,2,13,nfl:gsis:00-0031235,12127,stable,exact_name,0.95,data/raw/espn_cheat_sheets/espn_salary_cap_values_2023_non_ppr.pdf,4f935ce7109b1d28fb868d5cf5d68028cfe0587b9f81d74b8fd636e09ed260b5
2023,espn,non_ppr,10,200,223,K,13,Greg Zuerlein,NYJ,0,7,nfl:gsis:00-0029621,11345,stable,exact_name,0.95,data/raw/espn_cheat_sheets/espn_salary_cap_values_2023_non_ppr.pdf,4f935ce7109b1d28fb868d5cf5d68028cfe0587b9f81d74b8fd636e09ed260b5
2023,espn,non_ppr,10,200,133,TE,14,Dalton Kincaid,BUF,1,13,nfl:gsis:00-0038933,25247,stable,exact_name,0.95,data/raw/espn_cheat_sheets/espn_salary_cap_values_2023_non_ppr.pdf,4f935ce7109b1d28fb868d5cf5d68028cfe0587b9f81d74b8fd636e09ed260b5
2023,espn,non_ppr,10,200,170,RB,56,Tank Bigsby,JAX,0,9,nfl:gsis:00-0038555,22908,stable,exact_name,0.95,data/raw/espn_cheat_sheets/espn_salary_cap_values_2023_non_ppr.pdf,4f935ce7109b1d28fb868d5cf5d68028cfe0587b9f81d74b8fd636e09ed260b5
2023,espn,non_ppr,10,200,101,WR,46,Michael Thomas,NO,2,11,nfl:gsis:00-0032765,15528,stable,exact_name,0.95,data/raw/espn_cheat_sheets/espn_salary_cap_values_2023_non_ppr.pdf,4f935ce7109b1d28fb868d5cf5d68028cfe0587b9f81d74b8fd636e09ed260b5
2023,espn,non_ppr,10,200,224,K,14,Cairo Santos,CHI,0,13,nfl:gsis:00-0031203,13731,stable,exact_name,0.95,data/raw/espn_cheat_sheets/espn_salary_cap_values_2023_non_ppr.pdf,4f935ce7109b1d28fb868d5cf5d68028cfe0587b9f81d74b8fd636e09ed260b5
2023,espn,non_ppr,10,200,134,TE,15,Tyler Higbee,LAR,1,10,nfl:gsis:00-0033110,15623,stable,exact_name,0.95,data/raw/espn_cheat_sheets/espn_salary_cap_values_2023_non_ppr.pdf,4f935ce7109b1d28fb868d5cf5d68028cfe0587b9f81d74b8fd636e09ed260b5
2023,espn,non_ppr,10,200,171,RB,57,Tyjae Spears,TEN,0,7,nfl:gsis:00-0039032,25323,stable,exact_name,0.95,data/raw/espn_cheat_sheets/espn_salary_cap_values_2023_non_ppr.pdf,4f935ce7109b1d28fb868d5cf5d68028cfe0587b9f81d74b8fd636e09ed260b5
2023,espn,non_ppr,10,200,106,WR,47,Quentin Johnston,LAC,2,5,nfl:gsis:00-0038544,23123,stable,exact_name,0.95,data/raw/espn_cheat_sheets/espn_salary_cap_values_2023_non_ppr.pdf,4f935ce7109b1d28fb868d5cf5d68028cfe0587b9f81d74b8fd636e09ed260b5
2023,espn,non_ppr,10,200,255,K,15,Brandon McManus,JAX,0,9,nfl:gsis:00-0029822,13274,stable,exact_name,0.95,data/raw/espn_cheat_sheets/espn_salary_cap_values_2023_non_ppr.pdf,4f935ce7109b1d28fb868d5cf5d68028cfe0587b9f81d74b8fd636e09ed260b5
2023,espn,non_ppr,10,200,139,TE,16,Juwan Johnson,NO,1,11,nfl:gsis:00-0036040,19562,stable,exact_name,0.95,data/raw/espn_cheat_sheets/espn_salary_cap_values_2023_non_ppr.pdf,4f935ce7109b1d28fb868d5cf5d68028cfe0587b9f81d74b8fd636e09ed260b5
2023,espn,non_ppr,10,200,199,RB,58,Jerome Ford,CLE,0,5,nfl:gsis:00-0037267,22921,stable,exact_name,0.95,data/raw/espn_cheat_sheets/espn_salary_cap_values_2023_non_ppr.pdf,4f935ce7109b1d28fb868d5cf5d68028cfe0587b9f81d74b8fd636e09ed260b5
2023,espn,non_ppr,10,200,107,WR,48,Jakobi Meyers,LV,2,13,nfl:gsis:00-0034960,18598,stable,exact_name,0.95,data/raw/espn_cheat_sheets/espn_salary_cap_values_2023_non_ppr.pdf,4f935ce7109b1d28fb868d5cf5d68028cfe0587b9f81d74b8fd636e09ed260b5
2023,espn,non_ppr,10,200,140,TE,17,Gerald Everett,LAC,1,5,nfl:gsis:00-0033895,16459,stable,exact_name,0.95,data/raw/espn_cheat_sheets/espn_salary_cap_values_2023_non_ppr.pdf,4f935ce7109b1d28fb868d5cf5d68028cfe0587b9f81d74b8fd636e09ed260b5
2023,espn,non_ppr,10,200,200,RB,59,Clyde Edwards-Helaire,KC,0,10,nfl:gsis:00-0036360,19325,stable,exact_name,0.95,data/raw/espn_cheat_sheets/espn_salary_cap_values_2023_non_ppr.pdf,4f935ce7109b1d28fb868d5cf5d68028cfe0587b9f81d74b8fd636e09ed260b5
2023,espn,non_ppr,10,200,108,WR,49,JuJu Smith-Schuster,NE,2,11,nfl:gsis:00-0033857,16427,stable,exact_name,0.95,data/raw/espn_cheat_sheets/espn_salary_cap_values_2023_non_ppr.pdf,4f935ce7109b1d28fb868d5cf5d68028cfe0587b9f81d74b8fd636e09ed260b5
2023,espn,non_ppr,10,200,185,TE,18,Zach Ertz,ARI,0,14,nfl:gsis:00-0030061,11689,stable,exact_name,0.95,data/raw/espn_cheat_sheets/espn_salary_cap_values_2023_non_ppr.pdf,4f935ce7109b1d28fb868d5cf5d68028cfe0587b9f81d74b8fd636e09ed260b5
2023,espn,non_ppr,10,200,201,RB,60,Joshua Kelley,LAC,0,5,nfl:gsis:00-0036370,19445,stable,exact_name,0.95,data/raw/espn_cheat_sheets/espn_salary_cap_values_2023_non_ppr.pdf,4f935ce7109b1d28fb868d5cf5d68028cfe0587b9f81d74b8fd636e09ed260b5
2023,espn,non_ppr,10,200,109,WR,50,DJ Chark Jr.,CAR,2,7,nfl:gsis:00-0034777,17292,stable,exact_name,0.95,data/raw/espn_cheat_sheets/espn_salary_cap_values_2023_non_ppr.pdf,4f935ce7109b1d28fb868d5cf5d68028cfe0587b9f81d74b8fd636e09ed260b5
2023,espn,non_ppr,10,200,186,TE,19,Sam LaPorta,DET,0,9,nfl:gsis:00-0039065,22978,stable,exact_name,0.95,data/raw/espn_cheat_sheets/espn_salary_cap_values_2023_non_ppr.pdf,4f935ce7109b1d28fb868d5cf5d68028cfe0587b9f81d74b8fd636e09ed260b5
2023,espn,non_ppr,10,200,202,RB,61,Jeff Wilson Jr.,MIA,0,10,nfl:gsis:00-0034115,18026,stable,exact_name,0.95,data/raw/espn_cheat_sheets/espn_salary_cap_values_2023_non_ppr.pdf,4f935ce7109b1d28fb868d5cf5d68028cfe0587b9f81d74b8fd636e09ed260b5
2023,espn,non_ppr,10,200,117,WR,51,Darnell Mooney,CHI,2,13,nfl:gsis:00-0036309,19810,stable,exact_name,0.95,data/raw/espn_cheat_sheets/espn_salary_cap_values_2023_non_ppr.pdf,4f935ce7109b1d28fb868d5cf5d68028cfe0587b9f81d74b8fd636e09ed260b5
2023,espn,non_ppr,10,200,187,TE,20,Mike Gesicki,NE,0,11,nfl:gsis:00-0034829,17272,stable,exact_name,0.95,data/raw/espn_cheat_sheets/espn_salary_cap_values_2023_non_ppr.pdf,4f935ce7109b1d28fb868d5cf5d68028cfe0587b9f81d74b8fd636e09ed260b5
2023,espn,non_ppr,10,200,203,RB,62,Chuba Hubbard,CAR,0,7,nfl:gsis:00-0036555,19792,stable,exact_name,0.95,data/raw/espn_cheat_sheets/espn_salary_cap_values_2023_non_ppr.pdf,4f935ce7109b1d28fb868d5cf5d68028cfe0587b9f81d74b8fd636e09ed260b5
2023,espn,non_ppr,10,200,118,WR,52,Rondale Moore,ARI,2,14,nfl:gsis:00-0036936,,stable,nflverse_exact_name,0.9,data/raw/espn_cheat_sheets/espn_salary_cap_values_2023_non_ppr.pdf,4f935ce7109b1d28fb868d5cf5d68028cfe0587b9f81d74b8fd636e09ed260b5
2023,espn,non_ppr,10,200,188,TE,21,Greg Dulcich,DEN,0,9,nfl:gsis:00-0037252,23153,stable,exact_name,0.95,data/raw/espn_cheat_sheets/espn_salary_cap_values_2023_non_ppr.pdf,4f935ce7109b1d28fb868d5cf5d68028cfe0587b9f81d74b8fd636e09ed260b5
2023,espn,non_ppr,10,200,204,RB,63,Cordarrelle Patterson,ATL,0,11,nfl:gsis:00-0030578,11613,stable,exact_name,0.95,data/raw/espn_cheat_sheets/espn_salary_cap_values_2023_non_ppr.pdf,4f935ce7109b1d28fb868d5cf5d68028cfe0587b9f81d74b8fd636e09ed260b5
2023,espn,non_ppr,10,200,119,WR,53,Nico Collins,HOU,2,7,nfl:gsis:00-0036554,20130,stable,exact_name,0.95,data/raw/espn_cheat_sheets/espn_salary_cap_values_2023_non_ppr.pdf,4f935ce7109b1d28fb868d5cf5d68028cfe0587b9f81d74b8fd636e09ed260b5
2023,espn,non_ppr,10,200,214,TE,22,Tyler Conklin,NYJ,0,7,nfl:gsis:00-0034270,17598,stable,exact_name,0.95,data/raw/espn_cheat_sheets/espn_salary_cap_values_2023_non_ppr.pdf,4f935ce7109b1d28fb868d5cf5d68028cfe0587b9f81d74b8fd636e09ed260b5
2023,espn,non_ppr,10,200,206,RB,64,Zack Moss,IND,0,11,nfl:gsis:00-0036251,19263,stable,exact_name,0.95,data/raw/espn_cheat_sheets/espn_salary_cap_values_2023_non_ppr.pdf,4f935ce7109b1d28fb868d5cf5d68028cfe0587b9f81d74b8fd636e09ed260b5
2023,espn,non_ppr,10,200,120,WR,54,Elijah Moore,CLE,2,5,nfl:gsis:00-0036980,20114,stable,exact_name,0.95,data/raw/espn_cheat_sheets/espn_salary_cap_values_2023_non_ppr.pdf,4f935ce7109b1d28fb868d5cf5d68028cfe0587b9f81d74b8fd636e09ed260b5
2023,espn,non_ppr,10,200,246,TE,23,Hunter Henry,NE,0,11,nfl:gsis:00-0033090,15561,stable,exact_name,0.95,data/raw/espn_cheat_sheets/espn_salary_cap_values_2023_non_ppr.pdf,4f935ce7109b1d28fb868d5cf5d68028cfe0587b9f81d74b8fd636e09ed260b5
2023,espn,non_ppr,10,200,207,RB,65,Ty Chandler,MIN,0,13,nfl:gsis:00-0037276,19471,stable,exact_name,0.95,data/raw/espn_cheat_sheets/espn_salary_cap_values_2023_non_ppr.pdf,4f935ce7109b1d28fb868d5cf5d68028cfe0587b9f81d74b8fd636e09ed260b5
2023,espn,non_ppr,10,200,121,WR,55,Michael Gallup,DAL,1,7,nfl:gsis:00-0034764,17259,stable,exact_name,0.95,data/raw/espn_cheat_sheets/espn_salary_cap_values_2023_non_ppr.pdf,4f935ce7109b1d28fb868d5cf5d68028cfe0587b9f81d74b8fd636e09ed260b5
2023,espn,non_ppr,10,200,247,TE,24,Irv Smith Jr.,CIN,0,7,nfl:gsis:00-0034970,18610,stable,exact_name,0.95,data/raw/espn_cheat_sheets/espn_salary_cap_values_2023_non_ppr.pdf,4f935ce7109b1d28fb868d5cf5d68028cfe0587b9f81d74b8fd636e09ed260b5
2023,espn,non_ppr,10,200,208,RB,66,Keaontay Ingram,ARI,0,14,nfl:gsis:00-0037299,23162,stable,exact_name,0.95,data/raw/espn_cheat_sheets/espn_salary_cap_values_2023_non_ppr.pdf,4f935ce7109b1d28fb868d5cf5d68028cfe0587b9f81d74b8fd636e09ed260b5
2023,espn,non_ppr,10,200,122,WR,56,Adam Thielen,CAR,1,7,nfl:gsis:00-0030035,13429,stable,exact_name,0.95,data/raw/espn_cheat_sheets/espn_salary_cap_values_2023_non_ppr.pdf,4f935ce7109b1d28fb868d5cf5d68028cfe0587b9f81d74b8fd636e09ed260b5
2023,espn,non_ppr,10,200,248,TE,25,Logan Thomas,WAS,0,14,nfl:gsis:00-0031260,12095,stable,exact_name,0.95,data/raw/espn_cheat_sheets/espn_salary_cap_values_2023_non_ppr.pdf,4f935ce7109b1d28fb868d5cf5d68028cfe0587b9f81d74b8fd636e09ed260b5
2023,espn,non_ppr,10,200,209,RB,67,Chase Edmonds,TB,0,5,nfl:gsis:00-0034681,17496,stable,exact_name,0.95,data/raw/espn_cheat_sheets/espn_salary_cap_values_2023_non_ppr.pdf,4f935ce7109b1d28fb868d5cf5d68028cfe0587b9f81d74b8fd636e09ed260b5
2023,espn,non_ppr,10,200,135,WR,57,Kadarius Toney,KC,1,10,nfl:gsis:00-0036913,20119,stable,exact_name,0.95,data/raw/espn_cheat_sheets/espn_salary_cap_values_2023_non_ppr.pdf,4f935ce7109b1d28fb868d5cf5d68028cfe0587b9f81d74b8fd636e09ed260b5
2023,espn,non_ppr,10,200,249,TE,26,Dawson Knox,BUF,0,13,nfl:gsis:00-0035689,18631,stable,exact_name,0.95,data/raw/espn_cheat_sheets/espn_salary_cap_values_2023_non_ppr.pdf,4f935ce7109b1d28fb868d5cf5d68028cfe0587b9f81d74b8fd636e09ed260b5
2023,espn,non_ppr,10,200,210,RB,68,Raheem Blackshear,CAR,0,7,nfl:gsis:00-0037429,20100,stable,exact_name,0.95,data/raw/espn_cheat_sheets/espn_salary_cap_values_2023_non_ppr.pdf,4f935ce7109b1d28fb868d5cf5d68028cfe0587b9f81d74b8fd636e09ed260b5
2023,espn,non_ppr,10,200,136,WR,58,Tyler Boyd,CIN,1,7,nfl:gsis:00-0033009,15547,stable,exact_name,0.95,data/raw/espn_cheat_sheets/espn_salary_cap_values_2023_non_ppr.pdf,4f935ce7109b1d28fb868d5cf5d68028cfe0587b9f81d74b8fd636e09ed260b5
2023,espn,non_ppr,10,200,257,TE,27,Cade Otton,TB,0,5,nfl:gsis:00-0038129,23181,stable,exact_name,0.95,data/raw/espn_cheat_sheets/espn_salary_cap_values_2023_non_ppr.pdf,4f935ce7109b1d28fb868d5cf5d68028cfe0587b9f81d74b8fd636e09ed260b5
2023,espn,non_ppr,10,200,211,RB,69,Trayveon Williams,CIN,0,7,nfl:gsis:00-0035291,18607,stable,exact_name,0.95,data/raw/espn_cheat_sheets/espn_salary_cap_values_2023_non_ppr.pdf,4f935ce7109b1d28fb868d5cf5d68028cfe0587b9f81d74b8fd636e09ed260b5
2023,espn,non_ppr,10,200,137,WR,59,K.J. Osborn,MIN,1,13,nfl:gsis:00-0036345,19708,stable,exact_name,0.95,data/raw/espn_cheat_sheets/espn_salary_cap_values_2023_non_ppr.pdf,4f935ce7109b1d28fb868d5cf5d68028cfe0587b9f81d74b8fd636e09ed260b5
2023,espn,non_ppr,10,200,258,TE,28,Taysom Hill,NO,0,11,nfl:gsis:00-0033357,17115,stable,exact_name,0.95,data/raw/espn_cheat_sheets/espn_salary_cap_values_2023_non_ppr.pdf,4f935ce7109b1d28fb868d5cf5d68028cfe0587b9f81d74b8fd636e09ed260b5
2023,espn,non_ppr,10,200,212,RB,70,Salvon Ahmed,MIA,0,10,nfl:gsis:00-0036020,19449,stable,exact_name,0.95,data/raw/espn_cheat_sheets/espn_salary_cap_values_2023_non_ppr.pdf,4f935ce7109b1d28fb868d5cf5d68028cfe0587b9f81d74b8fd636e09ed260b5
2023,espn,non_ppr,10,200,138,WR,60,Parris Campbell,NYG,1,13,nfl:gsis:00-0035639,18463,stable,exact_name,0.95,data/raw/espn_cheat_sheets/espn_salary_cap_values_2023_non_ppr.pdf,4f935ce7109b1d28fb868d5cf5d68028cfe0587b9f81d74b8fd636e09ed260b5
2023,espn,non_ppr,10,200,259,TE,29,Hayden Hurst,CAR,0,7,nfl:gsis:00-0034830,17283,stable,exact_name,0.95,data/raw/espn_cheat_sheets/espn_salary_cap_values_2023_non_ppr.pdf,4f935ce7109b1d28fb868d5cf5d68028cfe0587b9f81d74b8fd636e09ed260b5
2023,espn,non_ppr,10,200,213,RB,71,Craig Reynolds,DET,0,9,nfl:gsis:00-0035567,19074,stable,exact_name,0.95,data/raw/espn_cheat_sheets/espn_salary_cap_values_2023_non_ppr.pdf,4f935ce7109b1d28fb868d5cf5d68028cfe0587b9f81d74b8fd636e09ed260b5
2023,espn,non_ppr,10,200,172,WR,61,Allen Lazard,NYJ,0,7,nfl:gsis:00-0034521,17301,stable,exact_name,0.95,data/raw/espn_cheat_sheets/espn_salary_cap_values_2023_non_ppr.pdf,4f935ce7109b1d28fb868d5cf5d68028cfe0587b9f81d74b8fd636e09ed260b5
2023,espn,non_ppr,10,200,289,TE,30,Noah Fant,SEA,0,5,nfl:gsis:00-0035644,17527,stable,exact_name,0.95,data/raw/espn_cheat_sheets/espn_salary_cap_values_2023_non_ppr.pdf,4f935ce7109b1d28fb868d5cf5d68028cfe0587b9f81d74b8fd636e09ed260b5
2023,espn,non_ppr,10,200,235,RB,72,Ronald Jones II,DAL,0,7,nfl:gsis:00-0034816,17243,stable,exact_name,0.95,data/raw/espn_cheat_sheets/espn_salary_cap_values_2023_non_ppr.pdf,4f935ce7109b1d28fb868d5cf5d68028cfe0587b9f81d74b8fd636e09ed260b5
2023,espn,non_ppr,10,200,173,WR,62,Hunter Renfrow,LV,0,13,nfl:gsis:00-0034983,18345,stable,exact_name,0.95,data/raw/espn_cheat_sheets/espn_salary_cap_values_2023_non_ppr.pdf,4f935ce7109b1d28fb868d5cf5d68028cfe0587b9f81d74b8fd636e09ed260b5
2023,espn,non_ppr,10,200,290,TE,31,Luke Musgrave,GB,0,6,nfl:gsis:00-0039144,25282,stable,exact_name,0.95,data/raw/espn_cheat_sheets/espn_salary_cap_values_2023_non_ppr.pdf,4f935ce7109b1d28fb868d5cf5d68028cfe0587b9f81d74b8fd636e09ed260b5
2023,espn,non_ppr,10,200,236,RB,73,Rico Dowdle,DAL,0,7,nfl:gsis:00-0036139,19647,stable,exact_name,0.95,data/raw/espn_cheat_sheets/espn_salary_cap_values_2023_non_ppr.pdf,4f935ce7109b1d28fb868d5cf5d68028cfe0587b9f81d74b8fd636e09ed260b5
2023,espn,non_ppr,10,200,174,WR,63,Zay Jones,JAX,0,9,nfl:gsis:00-0033891,16431,stable,exact_name,0.95,data/raw/espn_cheat_sheets/espn_salary_cap_values_2023_non_ppr.pdf,4f935ce7109b1d28fb868d5cf5d68028cfe0587b9f81d74b8fd636e09ed260b5
2023,espn,non_ppr,10,200,291,TE,32,Michael Mayer,LV,0,13,nfl:gsis:00-0039066,23056,stable,exact_name,0.95,data/raw/espn_cheat_sheets/espn_salary_cap_values_2023_non_ppr.pdf,4f935ce7109b1d28fb868d5cf5d68028cfe0587b9f81d74b8fd636e09ed260b5
2023,espn,non_ppr,10,200,237,RB,74,Ameer Abdullah,LV,0,13,nfl:gsis:00-0032104,13924,stable,exact_name,0.95,data/raw/espn_cheat_sheets/espn_salary_cap_values_2023_non_ppr.pdf,4f935ce7109b1d28fb868d5cf5d68028cfe0587b9f81d74b8fd636e09ed260b5
2023,espn,non_ppr,10,200,175,WR,64,Jonathan Mingo,CAR,0,7,nfl:gsis:00-0039062,23030,stable,exact_name,0.95,data/raw/espn_cheat_sheets/espn_salary_cap_values_2023_non_ppr.pdf,4f935ce7109b1d28fb868d5cf5d68028cfe0587b9f81d74b8fd636e09ed260b5
2023,espn,non_ppr,10,200,292,TE,33,Trey McBride,ARI,0,14,nfl:gsis:00-0037744,22936,stable,exact_name,0.95,data/raw/espn_cheat_sheets/espn_salary_cap_values_2023_non_ppr.pdf,4f935ce7109b1d28fb868d5cf5d68028cfe0587b9f81d74b8fd636e09ed260b5
2023,espn,non_ppr,10,200,238,RB,75,Matt Breida,NYG,0,13,nfl:gsis:00-0033308,17058,stable,exact_name,0.95,data/raw/espn_cheat_sheets/espn_salary_cap_values_2023_non_ppr.pdf,4f935ce7109b1d28fb868d5cf5d68028cfe0587b9f81d74b8fd636e09ed260b5
2023,espn,non_ppr,10,200,176,WR,65,Chase Claypool,CHI,0,13,nfl:gsis:00-0036326,18627,stable,exact_name,0.95,data/raw/espn_cheat_sheets/espn_salary_cap_values_2023_non_ppr.pdf,4f935ce7109b1d28fb868d5cf5d68028cfe0587b9f81d74b8fd636e09ed260b5
2023,espn,non_ppr,10,200,293,TE,34,Jake Ferguson,DAL,0,7,nfl:gsis:00-0038041,22718,stable,exact_name,0.95,data/raw/espn_cheat_sheets/espn_salary_cap_values_2023_non_ppr.pdf,4f935ce7109b1d28fb868d5cf5d68028cfe0587b9f81d74b8fd636e09ed260b5
2023,espn,non_ppr,10,200,239,RB,76,Deuce Vaughn,DAL,0,7,nfl:gsis:00-0038622,22984,stable,exact_name,0.95,data/raw/espn_cheat_sheets/espn_salary_cap_values_2023_non_ppr.pdf,4f935ce7109b1d28fb868d5cf5d68028cfe0587b9f81d74b8fd636e09ed260b5
2023,espn,non_ppr,10,200,177,WR,66,Curtis Samuel,WAS,0,14,nfl:gsis:00-0033282,16434,stable,exact_name,0.95,data/raw/espn_cheat_sheets/espn_salary_cap_values_2023_non_ppr.pdf,4f935ce7109b1d28fb868d5cf5d68028cfe0587b9f81d74b8fd636e09ed260b5
2023,espn,non_ppr,10,200,311,TE,35,Austin Hooper,LV,0,13,nfl:gsis:00-0032392,15581,stable,exact_name,0.95,data/raw/espn_cheat_sheets/espn_salary_cap_values_2023_non_ppr.pdf,4f935ce7109b1d28fb868d5cf5d68028cfe0587b9f81d74b8fd636e09ed260b5
2023,espn,non_ppr,10,200,240,RB,77,Dare Ogunbowale,HOU,0,7,nfl:gsis:00-0033854,16879,stable,exact_name,0.95,data/raw/espn_cheat_sheets/espn_salary_cap_values_2023_non_ppr.pdf,4f935ce7109b1d28fb868d5cf5d68028cfe0587b9f81d74b8fd636e09ed260b5
2023,espn,non_ppr,10,200,178,WR,67,Jayden Reed,GB,0,6,nfl:gsis:00-0039146,23020,stable,exact_name,0.95,data/raw/espn_cheat_sheets/espn_salary_cap_values_2023_non_ppr.pdf,4f935ce7109b1d28fb868d5cf5d68028cfe0587b9f81d74b8fd636e09ed260b5
2024,espn,non_ppr,10,200,35,QB,1,Josh Allen,BUF,22,12,nfl:gsis:00-0034857,17298,stable,exact_name,0.95,data/raw/espn_cheat_sheets/espn_salary_cap_values_2024_non_ppr.pdf,922bcb5deda390a123693e0245e7a3219ea09876bf35367bde897c44e69eec1d
2024,espn,non_ppr,10,200,1,RB,1,Christian McCaffrey,SF,57,9,nfl:gsis:00-0033280,16393,stable,exact_name,0.95,data/raw/espn_cheat_sheets/espn_salary_cap_values_2024_non_ppr.pdf,922bcb5deda390a123693e0245e7a3219ea09876bf35367bde897c44e69eec1d
2024,espn,non_ppr,10,200,249,RB,78,Cordarrelle Patterson,PIT,0,9,nfl:gsis:00-0030578,11613,stable,exact_name,0.95,data/raw/espn_cheat_sheets/espn_salary_cap_values_2024_non_ppr.pdf,922bcb5deda390a123693e0245e7a3219ea09876bf35367bde897c44e69eec1d
2024,espn,non_ppr,10,200,152,WR,68,Brandin Cooks,DAL,1,7,nfl:gsis:00-0031236,12122,stable,exact_name,0.95,data/raw/espn_cheat_sheets/espn_salary_cap_values_2024_non_ppr.pdf,922bcb5deda390a123693e0245e7a3219ea09876bf35367bde897c44e69eec1d
2024,espn,non_ppr,10,200,38,QB,2,Jalen Hurts,PHI,21,5,nfl:gsis:00-0036389,19275,stable,exact_name,0.95,data/raw/espn_cheat_sheets/espn_salary_cap_values_2024_non_ppr.pdf,922bcb5deda390a123693e0245e7a3219ea09876bf35367bde897c44e69eec1d
2024,espn,non_ppr,10,200,2,RB,2,Bijan Robinson,ATL,56,12,nfl:gsis:00-0038542,23133,stable,exact_name,0.95,data/raw/espn_cheat_sheets/espn_salary_cap_values_2024_non_ppr.pdf,922bcb5deda390a123693e0245e7a3219ea09876bf35367bde897c44e69eec1d
2024,espn,non_ppr,10,200,250,RB,79,D'Ernest Johnson,JAX,0,12,nfl:gsis:00-0035628,19111,stable,exact_name,0.95,data/raw/espn_cheat_sheets/espn_salary_cap_values_2024_non_ppr.pdf,922bcb5deda390a123693e0245e7a3219ea09876bf35367bde897c44e69eec1d
2024,espn,non_ppr,10,200,160,WR,69,Tre Tucker,LV,1,10,nfl:gsis:00-0038563,25337,stable,exact_name,0.95,data/raw/espn_cheat_sheets/espn_salary_cap_values_2024_non_ppr.pdf,922bcb5deda390a123693e0245e7a3219ea09876bf35367bde897c44e69eec1d
2024,espn,non_ppr,10,200,49,QB,3,Lamar Jackson,BAL,13,14,nfl:gsis:00-0034796,17233,stable,exact_name,0.95,data/raw/espn_cheat_sheets/espn_salary_cap_values_2024_non_ppr.pdf,922bcb5deda390a123693e0245e7a3219ea09876bf35367bde897c44e69eec1d
2024,espn,non_ppr,10,200,3,RB,3,Breece Hall,NYJ,55,12,nfl:gsis:00-0038120,22982,stable,exact_name,0.95,data/raw/espn_cheat_sheets/espn_salary_cap_values_2024_non_ppr.pdf,922bcb5deda390a123693e0245e7a3219ea09876bf35367bde897c44e69eec1d
2024,espn,non_ppr,10,200,251,RB,80,Emari Demercado,ARI,0,11,nfl:gsis:00-0038705,25654,stable,exact_name,0.95,data/raw/espn_cheat_sheets/espn_salary_cap_values_2024_non_ppr.pdf,922bcb5deda390a123693e0245e7a3219ea09876bf35367bde897c44e69eec1d
2024,espn,non_ppr,10,200,161,WR,70,Demarcus Robinson,LAR,0,6,nfl:gsis:00-0032775,15665,stable,exact_name,0.95,data/raw/espn_cheat_sheets/espn_salary_cap_values_2024_non_ppr.pdf,922bcb5deda390a123693e0245e7a3219ea09876bf35367bde897c44e69eec1d
2024,espn,non_ppr,10,200,50,QB,4,Patrick Mahomes,KC,13,6,nfl:gsis:00-0033873,16413,stable,exact_name,0.95,data/raw/espn_cheat_sheets/espn_salary_cap_values_2024_non_ppr.pdf,922bcb5deda390a123693e0245e7a3219ea09876bf35367bde897c44e69eec1d
2024,espn,non_ppr,10,200,9,RB,4,Jonathan Taylor,IND,51,14,nfl:gsis:00-0036223,19217,stable,exact_name,0.95,data/raw/espn_cheat_sheets/espn_salary_cap_values_2024_non_ppr.pdf,922bcb5deda390a123693e0245e7a3219ea09876bf35367bde897c44e69eec1d
2024,espn,non_ppr,10,200,265,RB,81,Tyler Goodson,IND,0,14,nfl:gsis:00-0037120,22976,stable,exact_name,0.95,data/raw/espn_cheat_sheets/espn_salary_cap_values_2024_non_ppr.pdf,922bcb5deda390a123693e0245e7a3219ea09876bf35367bde897c44e69eec1d
2024,espn,non_ppr,10,200,162,WR,71,Jalin Hyatt,NYG,0,11,nfl:gsis:00-0038938,25251,stable,exact_name,0.95,data/raw/espn_cheat_sheets/espn_salary_cap_values_2024_non_ppr.pdf,922bcb5deda390a123693e0245e7a3219ea09876bf35367bde897c44e69eec1d
2024,espn,non_ppr,10,200,58,QB,5,Anthony Richardson,IND,9,14,nfl:gsis:00-0039164,24347,stable,exact_name,0.95,data/raw/espn_cheat_sheets/espn_salary_cap_values_2024_non_ppr.pdf,922bcb5deda390a123693e0245e7a3219ea09876bf35367bde897c44e69eec1d
2024,espn,non_ppr,10,200,10,RB,5,Saquon Barkley,PHI,50,5,nfl:gsis:00-0034844,17240,stable,exact_name,0.95,data/raw/espn_cheat_sheets/espn_salary_cap_values_2024_non_ppr.pdf,922bcb5deda390a123693e0245e7a3219ea09876bf35367bde897c44e69eec1d
2024,espn,non_ppr,10,200,266,RB,82,Trayveon Williams,CIN,0,12,nfl:gsis:00-0035291,18607,stable,exact_name,0.95,data/raw/espn_cheat_sheets/espn_salary_cap_values_2024_non_ppr.pdf,922bcb5deda390a123693e0245e7a3219ea09876bf35367bde897c44e69eec1d
2024,espn,non_ppr,10,200,194,WR,72,Josh Downs,IND,0,14,nfl:gsis:00-0038997,24706,stable,exact_name,0.95,data/raw/espn_cheat_sheets/espn_salary_cap_values_2024_non_ppr.pdf,922bcb5deda390a123693e0245e7a3219ea09876bf35367bde897c44e69eec1d
2024,espn,non_ppr,10,200,59,QB,6,C.J. Stroud,HOU,9,14,nfl:gsis:00-0039163,23071,stable,exact_name,0.95,data/raw/espn_cheat_sheets/espn_salary_cap_values_2024_non_ppr.pdf,922bcb5deda390a123693e0245e7a3219ea09876bf35367bde897c44e69eec1d
2024,espn,non_ppr,10,200,14,RB,6,Kyren Williams,LAR,43,6,nfl:gsis:00-0037840,23059,stable,exact_name,0.95,data/raw/espn_cheat_sheets/espn_salary_cap_values_2024_non_ppr.pdf,922bcb5deda390a123693e0245e7a3219ea09876bf35367bde897c44e69eec1d
2024,espn,non_ppr,10,200,276,RB,83,JaMycal Hasty,NE,0,14,nfl:gsis:00-0035806,19627,stable,exact_name,0.95,data/raw/espn_cheat_sheets/espn_salary_cap_values_2024_non_ppr.pdf,922bcb5deda390a123693e0245e7a3219ea09876bf35367bde897c44e69eec1d
2024,espn,non_ppr,10,200,201,WR,73,DJ Chark Jr.,LAC,0,5,nfl:gsis:00-0034777,17292,stable,exact_name,0.95,data/raw/espn_cheat_sheets/espn_salary_cap_values_2024_non_ppr.pdf,922bcb5deda390a123693e0245e7a3219ea09876bf35367bde897c44e69eec1d
2024,espn,non_ppr,10,200,60,QB,7,Joe Burrow,CIN,9,12,nfl:gsis:00-0036442,19196,stable,exact_name,0.95,data/raw/espn_cheat_sheets/espn_salary_cap_values_2024_non_ppr.pdf,922bcb5deda390a123693e0245e7a3219ea09876bf35367bde897c44e69eec1d
2024,espn,non_ppr,10,200,15,RB,7,Derrick Henry,BAL,42,14,nfl:gsis:00-0032764,15514,stable,exact_name,0.95,data/raw/espn_cheat_sheets/espn_salary_cap_values_2024_non_ppr.pdf,922bcb5deda390a123693e0245e7a3219ea09876bf35367bde897c44e69eec1d
2024,espn,non_ppr,10,200,277,RB,84,Isaac Guerendo,SF,0,9,nfl:gsis:00-0039363,26392,stable,exact_name,0.95,data/raw/espn_cheat_sheets/espn_salary_cap_values_2024_non_ppr.pdf,922bcb5deda390a123693e0245e7a3219ea09876bf35367bde897c44e69eec1d
2024,espn,non_ppr,10,200,202,WR,74,Wan'Dale Robinson,NYG,0,11,nfl:gsis:00-0038117,22985,stable,exact_name,0.95,data/raw/espn_cheat_sheets/espn_salary_cap_values_2024_non_ppr.pdf,922bcb5deda390a123693e0245e7a3219ea09876bf35367bde897c44e69eec1d
2024,espn,non_ppr,10,200,61,QB,8,Dak Prescott,DAL,8,7,nfl:gsis:00-0033077,15600,stable,exact_name,0.95,data/raw/espn_cheat_sheets/espn_salary_cap_values_2024_non_ppr.pdf,922bcb5deda390a123693e0245e7a3219ea09876bf35367bde897c44e69eec1d
2024,espn,non_ppr,10,200,16,RB,8,Jahmyr Gibbs,DET,40,5,nfl:gsis:00-0039139,22968,stable,exact_name,0.95,data/raw/espn_cheat_sheets/espn_salary_cap_values_2024_non_ppr.pdf,922bcb5deda390a123693e0245e7a3219ea09876bf35367bde897c44e69eec1d
2024,espn,non_ppr,10,200,278,RB,85,Jeremy McNichols,WAS,0,14,nfl:gsis:00-0033955,16445,stable,exact_name,0.95,data/raw/espn_cheat_sheets/espn_salary_cap_values_2024_non_ppr.pdf,922bcb5deda390a123693e0245e7a3219ea09876bf35367bde897c44e69eec1d
2024,espn,non_ppr,10,200,203,WR,75,Tyler Boyd,TEN,0,5,nfl:gsis:00-0033009,15547,stable,exact_name,0.95,data/raw/espn_cheat_sheets/espn_salary_cap_values_2024_non_ppr.pdf,922bcb5deda390a123693e0245e7a3219ea09876bf35367bde897c44e69eec1d
2024,espn,non_ppr,10,200,91,QB,9,Kyler Murray,ARI,3,11,nfl:gsis:00-0035228,18600,stable,exact_name,0.95,data/raw/espn_cheat_sheets/espn_salary_cap_values_2024_non_ppr.pdf,922bcb5deda390a123693e0245e7a3219ea09876bf35367bde897c44e69eec1d
2024,espn,non_ppr,10,200,17,RB,9,Isiah Pacheco,KC,38,6,nfl:gsis:00-0037197,24333,stable,exact_name,0.95,data/raw/espn_cheat_sheets/espn_salary_cap_values_2024_non_ppr.pdf,922bcb5deda390a123693e0245e7a3219ea09876bf35367bde897c44e69eec1d
2024,espn,non_ppr,10,200,204,WR,76,Kendrick Bourne,NE,0,14,nfl:gsis:00-0033307,17066,stable,exact_name,0.95,data/raw/espn_cheat_sheets/espn_salary_cap_values_2024_non_ppr.pdf,922bcb5deda390a123693e0245e7a3219ea09876bf35367bde897c44e69eec1d
2024,espn,non_ppr,10,200,92,QB,10,Jordan Love,GB,3,10,nfl:gsis:00-0036264,19246,stable,exact_name,0.95,data/raw/espn_cheat_sheets/espn_salary_cap_values_2024_non_ppr.pdf,922bcb5deda390a123693e0245e7a3219ea09876bf35367bde897c44e69eec1d
2024,espn,non_ppr,10,200,24,RB,10,Travis Etienne Jr.,JAX,32,12,nfl:gsis:00-0036973,19231,stable,exact_name,0.95,data/raw/espn_cheat_sheets/espn_salary_cap_values_2024_non_ppr.pdf,922bcb5deda390a123693e0245e7a3219ea09876bf35367bde897c44e69eec1d
2024,espn,non_ppr,10,200,205,WR,77,Rashod Bateman,BAL,0,14,nfl:gsis:00-0036550,19794,stable,exact_name,0.95,data/raw/espn_cheat_sheets/espn_salary_cap_values_2024_non_ppr.pdf,922bcb5deda390a123693e0245e7a3219ea09876bf35367bde897c44e69eec1d
2024,espn,non_ppr,10,200,93,QB,11,Brock Purdy,SF,3,9,nfl:gsis:00-0037834,19797,stable,exact_name,0.95,data/raw/espn_cheat_sheets/espn_salary_cap_values_2024_non_ppr.pdf,922bcb5deda390a123693e0245e7a3219ea09876bf35367bde897c44e69eec1d
2024,espn,non_ppr,10,200,25,RB,11,Rachaad White,TB,31,11,nfl:gsis:00-0037256,23891,stable,exact_name,0.95,data/raw/espn_cheat_sheets/espn_salary_cap_values_2024_non_ppr.pdf,922bcb5deda390a123693e0245e7a3219ea09876bf35367bde897c44e69eec1d
2024,espn,non_ppr,10,200,4,WR,1,CeeDee Lamb,DAL,55,7,nfl:gsis:00-0036358,19202,stable,exact_name,0.95,data/raw/espn_cheat_sheets/espn_salary_cap_values_2024_non_ppr.pdf,922bcb5deda390a123693e0245e7a3219ea09876bf35367bde897c44e69eec1d
2024,espn,non_ppr,10,200,208,WR,78,Jalen Tolbert,DAL,0,7,nfl:gsis:00-0037666,23770,stable,exact_name,0.95,data/raw/espn_cheat_sheets/espn_salary_cap_values_2024_non_ppr.pdf,922bcb5deda390a123693e0245e7a3219ea09876bf35367bde897c44e69eec1d
2024,espn,non_ppr,10,200,99,QB,12,Jayden Daniels,WAS,2,14,nfl:gsis:00-0039910,22902,stable,exact_name,0.95,data/raw/espn_cheat_sheets/espn_salary_cap_values_2024_non_ppr.pdf,922bcb5deda390a123693e0245e7a3219ea09876bf35367bde897c44e69eec1d
2024,espn,non_ppr,10,200,28,RB,12,Josh Jacobs,GB,29,10,nfl:gsis:00-0035700,18269,stable,exact_name,0.95,data/raw/espn_cheat_sheets/espn_salary_cap_values_2024_non_ppr.pdf,922bcb5deda390a123693e0245e7a3219ea09876bf35367bde897c44e69eec1d
2024,espn,non_ppr,10,200,5,WR,2,Tyreek Hill,MIA,54,6,nfl:gsis:00-0033040,15802,stable,exact_name,0.95,data/raw/espn_cheat_sheets/espn_salary_cap_values_2024_non_ppr.pdf,922bcb5deda390a123693e0245e7a3219ea09876bf35367bde897c44e69eec1d
2024,espn,non_ppr,10,200,209,WR,79,Darius Slayton,NYG,0,11,nfl:gsis:00-0035535,18706,stable,exact_name,0.95,data/raw/espn_cheat_sheets/espn_salary_cap_values_2024_non_ppr.pdf,922bcb5deda390a123693e0245e7a3219ea09876bf35367bde897c44e69eec1d
2024,espn,non_ppr,10,200,118,QB,13,Aaron Rodgers,NYJ,2,12,nfl:gsis:00-0023459,9001,stable,exact_name,0.95,data/raw/espn_cheat_sheets/espn_salary_cap_values_2024_non_ppr.pdf,922bcb5deda390a123693e0245e7a3219ea09876bf35367bde897c44e69eec1d
2024,espn,non_ppr,10,200,29,RB,13,Kenneth Walker III,SEA,28,10,nfl:gsis:00-0038134,23021,stable,exact_name,0.95,data/raw/espn_cheat_sheets/espn_salary_cap_values_2024_non_ppr.pdf,922bcb5deda390a123693e0245e7a3219ea09876bf35367bde897c44e69eec1d
2024,espn,non_ppr,10,200,6,WR,3,Ja'Marr Chase,CIN,53,12,nfl:gsis:00-0036900,19788,stable,exact_name,0.95,data/raw/espn_cheat_sheets/espn_salary_cap_values_2024_non_ppr.pdf,922bcb5deda390a123693e0245e7a3219ea09876bf35367bde897c44e69eec1d
2024,espn,non_ppr,10,200,210,WR,80,Jalen McMillan,TB,0,11,nfl:gsis:00-0039855,23179,stable,exact_name,0.95,data/raw/espn_cheat_sheets/espn_salary_cap_values_2024_non_ppr.pdf,922bcb5deda390a123693e0245e7a3219ea09876bf35367bde897c44e69eec1d
2024,espn,non_ppr,10,200,119,QB,14,Justin Herbert,LAC,2,5,nfl:gsis:00-0036355,18635,stable,exact_name,0.95,data/raw/espn_cheat_sheets/espn_salary_cap_values_2024_non_ppr.pdf,922bcb5deda390a123693e0245e7a3219ea09876bf35367bde897c44e69eec1d
2024,espn,non_ppr,10,200,30,RB,14,James Cook,BUF,27,12,nfl:gsis:00-0037248,22958,stable,exact_name,0.95,data/raw/espn_cheat_sheets/espn_salary_cap_values_2024_non_ppr.pdf,922bcb5deda390a123693e0245e7a3219ea09876bf35367bde897c44e69eec1d
2024,espn,non_ppr,10,200,7,WR,4,Amon-Ra St. Brown,DET,53,5,nfl:gsis:00-0036963,19799,stable,exact_name,0.95,data/raw/espn_cheat_sheets/espn_salary_cap_values_2024_non_ppr.pdf,922bcb5deda390a123693e0245e7a3219ea09876bf35367bde897c44e69eec1d
2024,espn,non_ppr,10,200,211,WR,81,Josh Reynolds,DEN,0,14,nfl:gsis:00-0033943,16439,stable,exact_name,0.95,data/raw/espn_cheat_sheets/espn_salary_cap_values_2024_non_ppr.pdf,922bcb5deda390a123693e0245e7a3219ea09876bf35367bde897c44e69eec1d
2024,espn,non_ppr,10,200,120,QB,15,Kirk Cousins,ATL,2,12,nfl:gsis:00-0029604,11177,stable,exact_name,0.95,data/raw/espn_cheat_sheets/espn_salary_cap_values_2024_non_ppr.pdf,922bcb5deda390a123693e0245e7a3219ea09876bf35367bde897c44e69eec1d
2024,espn,non_ppr,10,200,39,RB,15,Joe Mixon,HOU,21,14,nfl:gsis:00-0033897,16420,stable,exact_name,0.95,data/raw/espn_cheat_sheets/espn_salary_cap_values_2024_non_ppr.pdf,922bcb5deda390a123693e0245e7a3219ea09876bf35367bde897c44e69eec1d
2024,espn,non_ppr,10,200,8,WR,5,Justin Jefferson,MIN,52,6,nfl:gsis:00-0036322,19236,stable,exact_name,0.95,data/raw/espn_cheat_sheets/espn_salary_cap_values_2024_non_ppr.pdf,922bcb5deda390a123693e0245e7a3219ea09876bf35367bde897c44e69eec1d
2024,espn,non_ppr,10,200,224,WR,82,Marvin Mims Jr.,DEN,0,14,nfl:gsis:00-0038976,23080,stable,exact_name,0.95,data/raw/espn_cheat_sheets/espn_salary_cap_values_2024_non_ppr.pdf,922bcb5deda390a123693e0245e7a3219ea09876bf35367bde897c44e69eec1d
2024,espn,non_ppr,10,200,132,QB,16,Caleb Williams,CHI,1,7,nfl:gsis:00-0039918,23084,stable,exact_name,0.95,data/raw/espn_cheat_sheets/espn_salary_cap_values_2024_non_ppr.pdf,922bcb5deda390a123693e0245e7a3219ea09876bf35367bde897c44e69eec1d
2024,espn,non_ppr,10,200,40,RB,16,Alvin Kamara,NO,20,12,nfl:gsis:00-0033906,16421,stable,exact_name,0.95,data/raw/espn_cheat_sheets/espn_salary_cap_values_2024_non_ppr.pdf,922bcb5deda390a123693e0245e7a3219ea09876bf35367bde897c44e69eec1d
2024,espn,non_ppr,10,200,11,WR,6,A.J. Brown,PHI,48,5,nfl:gsis:00-0035676,18218,stable,exact_name,0.95,data/raw/espn_cheat_sheets/espn_salary_cap_values_2024_non_ppr.pdf,922bcb5deda390a123693e0245e7a3219ea09876bf35367bde897c44e69eec1d
2024,espn,non_ppr,10,200,227,WR,83,Odell Beckham Jr.,MIA,0,6,nfl:gsis:00-0031235,12127,stable,exact_name,0.95,data/raw/espn_cheat_sheets/espn_salary_cap_values_2024_non_ppr.pdf,922bcb5deda390a123693e0245e7a3219ea09876bf35367bde897c44e69eec1d
2024,espn,non_ppr,10,200,133,QB,17,Deshaun Watson,CLE,1,10,nfl:gsis:00-0033537,16398,stable,exact_name,0.95,data/raw/espn_cheat_sheets/espn_salary_cap_values_2024_non_ppr.pdf,922bcb5deda390a123693e0245e7a3219ea09876bf35367bde897c44e69eec1d
2024,espn,non_ppr,10,200,41,RB,17,De'Von Achane,MIA,19,6,nfl:gsis:00-0039040,23136,stable,exact_name,0.95,data/raw/espn_cheat_sheets/espn_salary_cap_values_2024_non_ppr.pdf,922bcb5deda390a123693e0245e7a3219ea09876bf35367bde897c44e69eec1d
2024,espn,non_ppr,10,200,12,WR,7,Garrett Wilson,NYJ,46,12,nfl:gsis:00-0037740,23072,stable,exact_name,0.95,data/raw/espn_cheat_sheets/espn_salary_cap_values_2024_non_ppr.pdf,922bcb5deda390a123693e0245e7a3219ea09876bf35367bde897c44e69eec1d
2024,espn,non_ppr,10,200,228,WR,84,Zay Jones,ARI,0,11,nfl:gsis:00-0033891,16431,stable,exact_name,0.95,data/raw/espn_cheat_sheets/espn_salary_cap_values_2024_non_ppr.pdf,922bcb5deda390a123693e0245e7a3219ea09876bf35367bde897c44e69eec1d
2024,espn,non_ppr,10,200,134,QB,18,Trevor Lawrence,JAX,1,12,nfl:gsis:00-0036971,19780,stable,exact_name,0.95,data/raw/espn_cheat_sheets/espn_salary_cap_values_2024_non_ppr.pdf,922bcb5deda390a123693e0245e7a3219ea09876bf35367bde897c44e69eec1d
2024,espn,non_ppr,10,200,62,RB,18,D'Andre Swift,CHI,8,7,nfl:gsis:00-0036275,19210,stable,exact_name,0.95,data/raw/espn_cheat_sheets/espn_salary_cap_values_2024_non_ppr.pdf,922bcb5deda390a123693e0245e7a3219ea09876bf35367bde897c44e69eec1d
2024,espn,non_ppr,10,200,13,WR,8,Puka Nacua,LAR,45,6,nfl:gsis:00-0039075,23180,stable,exact_name,0.95,data/raw/espn_cheat_sheets/espn_salary_cap_values_2024_non_ppr.pdf,922bcb5deda390a123693e0245e7a3219ea09876bf35367bde897c44e69eec1d
2024,espn,non_ppr,10,200,229,WR,85,Andrei Iosivas,CIN,0,12,nfl:gsis:00-0038619,25335,stable,exact_name,0.95,data/raw/espn_cheat_sheets/espn_salary_cap_values_2024_non_ppr.pdf,922bcb5deda390a123693e0245e7a3219ea09876bf35367bde897c44e69eec1d
2024,espn,non_ppr,10,200,163,QB,19,Tua Tagovailoa,MIA,0,6,nfl:gsis:00-0036212,19198,stable,exact_name,0.95,data/raw/espn_cheat_sheets/espn_salary_cap_values_2024_non_ppr.pdf,922bcb5deda390a123693e0245e7a3219ea09876bf35367bde897c44e69eec1d
2024,espn,non_ppr,10,200,63,RB,19,James Conner,ARI,8,11,nfl:gsis:00-0033553,16447,stable,exact_name,0.95,data/raw/espn_cheat_sheets/espn_salary_cap_values_2024_non_ppr.pdf,922bcb5deda390a123693e0245e7a3219ea09876bf35367bde897c44e69eec1d
2024,espn,non_ppr,10,200,18,WR,9,Chris Olave,NO,37,12,nfl:gsis:00-0037239,20111,stable,exact_name,0.95,data/raw/espn_cheat_sheets/espn_salary_cap_values_2024_non_ppr.pdf,922bcb5deda390a123693e0245e7a3219ea09876bf35367bde897c44e69eec1d
2024,espn,non_ppr,10,200,230,WR,86,Quentin Johnston,LAC,0,5,nfl:gsis:00-0038544,23123,stable,exact_name,0.95,data/raw/espn_cheat_sheets/espn_salary_cap_values_2024_non_ppr.pdf,922bcb5deda390a123693e0245e7a3219ea09876bf35367bde897c44e69eec1d
2024,espn,non_ppr,10,200,164,QB,20,Jared Goff,DET,0,5,nfl:gsis:00-0033106,15501,stable,exact_name,0.95,data/raw/espn_cheat_sheets/espn_salary_cap_values_2024_non_ppr.pdf,922bcb5deda390a123693e0245e7a3219ea09876bf35367bde897c44e69eec1d
2024,espn,non_ppr,10,200,64,RB,20,Rhamondre Stevenson,NE,7,14,nfl:gsis:00-0036875,22726,stable,exact_name,0.95,data/raw/espn_cheat_sheets/espn_salary_cap_values_2024_non_ppr.pdf,922bcb5deda390a123693e0245e7a3219ea09876bf35367bde897c44e69eec1d
2024,espn,non_ppr,10,200,19,WR,10,Mike Evans,TB,36,11,nfl:gsis:00-0031408,12119,stable,exact_name,0.95,data/raw/espn_cheat_sheets/espn_salary_cap_values_2024_non_ppr.pdf,922bcb5deda390a123693e0245e7a3219ea09876bf35367bde897c44e69eec1d
2024,espn,non_ppr,10,200,231,WR,87,Ray-Ray McCloud III,ATL,0,12,nfl:gsis:00-0034407,17530,stable,exact_name,0.95,data/raw/espn_cheat_sheets/espn_salary_cap_values_2024_non_ppr.pdf,922bcb5deda390a123693e0245e7a3219ea09876bf35367bde897c44e69eec1d
2024,espn,non_ppr,10,200,197,QB,21,Matthew Stafford,LAR,0,6,nfl:gsis:00-0026498,9451,stable,exact_name,0.95,data/raw/espn_cheat_sheets/espn_salary_cap_values_2024_non_ppr.pdf,922bcb5deda390a123693e0245e7a3219ea09876bf35367bde897c44e69eec1d
2024,espn,non_ppr,10,200,65,RB,21,Najee Harris,PIT,7,9,nfl:gsis:00-0036893,19302,stable,exact_name,0.95,data/raw/espn_cheat_sheets/espn_salary_cap_values_2024_non_ppr.pdf,922bcb5deda390a123693e0245e7a3219ea09876bf35367bde897c44e69eec1d
2024,espn,non_ppr,10,200,20,WR,11,Deebo Samuel Sr.,SF,35,9,nfl:gsis:00-0035719,18244,stable,exact_name,0.95,data/raw/espn_cheat_sheets/espn_salary_cap_values_2024_non_ppr.pdf,922bcb5deda390a123693e0245e7a3219ea09876bf35367bde897c44e69eec1d
2024,espn,non_ppr,10,200,232,WR,88,Trey Palmer,TB,0,11,nfl:gsis:00-0039052,25331,stable,exact_name,0.95,data/raw/espn_cheat_sheets/espn_salary_cap_values_2024_non_ppr.pdf,922bcb5deda390a123693e0245e7a3219ea09876bf35367bde897c44e69eec1d
2024,espn,non_ppr,10,200,198,QB,22,Bryce Young,CAR,0,11,nfl:gsis:00-0039150,22900,stable,exact_name,0.95,data/raw/espn_cheat_sheets/espn_salary_cap_values_2024_non_ppr.pdf,922bcb5deda390a123693e0245e7a3219ea09876bf35367bde897c44e69eec1d
2024,espn,non_ppr,10,200,66,RB,22,Zamir White,LV,7,10,nfl:gsis:00-0038040,20095,stable,exact_name,0.95,data/raw/espn_cheat_sheets/espn_salary_cap_values_2024_non_ppr.pdf,922bcb5deda390a123693e0245e7a3219ea09876bf35367bde897c44e69eec1d
2024,espn,non_ppr,10,200,21,WR,12,DK Metcalf,SEA,34,10,nfl:gsis:00-0035640,18219,stable,exact_name,0.95,data/raw/espn_cheat_sheets/espn_salary_cap_values_2024_non_ppr.pdf,922bcb5deda390a123693e0245e7a3219ea09876bf35367bde897c44e69eec1d
2024,espn,non_ppr,10,200,233,WR,89,Troy Franklin,DEN,0,14,nfl:gsis:00-0039868,23092,stable,exact_name,0.95,data/raw/espn_cheat_sheets/espn_salary_cap_values_2024_non_ppr.pdf,922bcb5deda390a123693e0245e7a3219ea09876bf35367bde897c44e69eec1d
2024,espn,non_ppr,10,200,199,QB,23,Daniel Jones,NYG,0,11,nfl:gsis:00-0035710,18232,stable,exact_name,0.95,data/raw/espn_cheat_sheets/espn_salary_cap_values_2024_non_ppr.pdf,922bcb5deda390a123693e0245e7a3219ea09876bf35367bde897c44e69eec1d
2024,espn,non_ppr,10,200,76,RB,23,Aaron Jones,MIN,5,6,nfl:gsis:00-0033293,16673,stable,exact_name,0.95,data/raw/espn_cheat_sheets/espn_salary_cap_values_2024_non_ppr.pdf,922bcb5deda390a123693e0245e7a3219ea09876bf35367bde897c44e69eec1d
2024,espn,non_ppr,10,200,22,WR,13,Nico Collins,HOU,33,14,nfl:gsis:00-0036554,20130,stable,exact_name,0.95,data/raw/espn_cheat_sheets/espn_salary_cap_values_2024_non_ppr.pdf,922bcb5deda390a123693e0245e7a3219ea09876bf35367bde897c44e69eec1d
2024,espn,non_ppr,10,200,234,WR,90,Malachi Corley,NYJ,0,12,nfl:gsis:00-0039920,26023,stable,exact_name,0.95,data/raw/espn_cheat_sheets/espn_salary_cap_values_2024_non_ppr.pdf,922bcb5deda390a123693e0245e7a3219ea09876bf35367bde897c44e69eec1d
2024,espn,non_ppr,10,200,200,QB,24,Will Levis,TEN,0,5,nfl:gsis:00-0039152,22987,stable,exact_name,0.95,data/raw/espn_cheat_sheets/espn_salary_cap_values_2024_non_ppr.pdf,922bcb5deda390a123693e0245e7a3219ea09876bf35367bde897c44e69eec1d
2024,espn,non_ppr,10,200,77,RB,24,David Montgomery,DET,5,5,nfl:gsis:00-0035685,18239,stable,exact_name,0.95,data/raw/espn_cheat_sheets/espn_salary_cap_values_2024_non_ppr.pdf,922bcb5deda390a123693e0245e7a3219ea09876bf35367bde897c44e69eec1d
2024,espn,non_ppr,10,200,23,WR,14,Marvin Harrison Jr.,ARI,32,11,nfl:gsis:00-0039849,23064,stable,exact_name,0.95,data/raw/espn_cheat_sheets/espn_salary_cap_values_2024_non_ppr.pdf,922bcb5deda390a123693e0245e7a3219ea09876bf35367bde897c44e69eec1d
2024,espn,non_ppr,10,200,218,QB,25,Baker Mayfield,TB,0,11,nfl:gsis:00-0034855,17237,stable,exact_name,0.95,data/raw/espn_cheat_sheets/espn_salary_cap_values_2024_non_ppr.pdf,922bcb5deda390a123693e0245e7a3219ea09876bf35367bde897c44e69eec1d
2024,espn,non_ppr,10,200,78,RB,25,Brian Robinson Jr.,WAS,4,14,nfl:gsis:00-0037746,20094,stable,exact_name,0.95,data/raw/espn_cheat_sheets/espn_salary_cap_values_2024_non_ppr.pdf,922bcb5deda390a123693e0245e7a3219ea09876bf35367bde897c44e69eec1d
2024,espn,non_ppr,10,200,26,WR,15,Brandon Aiyuk,SF,30,9,nfl:gsis:00-0036261,19252,stable,exact_name,0.95,data/raw/espn_cheat_sheets/espn_salary_cap_values_2024_non_ppr.pdf,922bcb5deda390a123693e0245e7a3219ea09876bf35367bde897c44e69eec1d
2024,espn,non_ppr,10,200,219,QB,26,Geno Smith,SEA,0,10,nfl:gsis:00-0030565,11687,stable,exact_name,0.95,data/raw/espn_cheat_sheets/espn_salary_cap_values_2024_non_ppr.pdf,922bcb5deda390a123693e0245e7a3219ea09876bf35367bde897c44e69eec1d
2024,espn,non_ppr,10,200,79,RB,26,Javonte Williams,DEN,4,14,nfl:gsis:00-0036997,22739,stable,exact_name,0.95,data/raw/espn_cheat_sheets/espn_salary_cap_values_2024_non_ppr.pdf,922bcb5deda390a123693e0245e7a3219ea09876bf35367bde897c44e69eec1d
2024,espn,non_ppr,10,200,27,WR,16,Davante Adams,LV,30,10,nfl:gsis:00-0031381,12123,stable,exact_name,0.95,data/raw/espn_cheat_sheets/espn_salary_cap_values_2024_non_ppr.pdf,922bcb5deda390a123693e0245e7a3219ea09876bf35367bde897c44e69eec1d
2024,espn,non_ppr,10,200,169,DEF,1,Browns D/ST,CLE,1,10,nfl:def:CLE,8070,stable,exact_defense_team,1.0,data/raw/espn_cheat_sheets/espn_salary_cap_values_2024_non_ppr.pdf,922bcb5deda390a123693e0245e7a3219ea09876bf35367bde897c44e69eec1d
2024,espn,non_ppr,10,200,220,QB,27,Bo Nix,DEN,0,14,nfl:gsis:00-0039732,22910,stable,exact_name,0.95,data/raw/espn_cheat_sheets/espn_salary_cap_values_2024_non_ppr.pdf,922bcb5deda390a123693e0245e7a3219ea09876bf35367bde897c44e69eec1d
2024,espn,non_ppr,10,200,80,RB,27,Tony Pollard,TEN,4,5,nfl:gsis:00-0035261,18705,stable,exact_name,0.95,data/raw/espn_cheat_sheets/espn_salary_cap_values_2024_non_ppr.pdf,922bcb5deda390a123693e0245e7a3219ea09876bf35367bde897c44e69eec1d
2024,espn,non_ppr,10,200,31,WR,17,Drake London,ATL,26,12,nfl:gsis:00-0037238,23163,stable,exact_name,0.95,data/raw/espn_cheat_sheets/espn_salary_cap_values_2024_non_ppr.pdf,922bcb5deda390a123693e0245e7a3219ea09876bf35367bde897c44e69eec1d
2024,espn,non_ppr,10,200,170,DEF,2,Cowboys D/ST,DAL,1,7,nfl:def:DAL,8080,stable,exact_defense_team,1.0,data/raw/espn_cheat_sheets/espn_salary_cap_values_2024_non_ppr.pdf,922bcb5deda390a123693e0245e7a3219ea09876bf35367bde897c44e69eec1d
2024,espn,non_ppr,10,200,267,QB,28,Russell Wilson,PIT,0,9,nfl:gsis:00-0029263,11180,stable,exact_name,0.95,data/raw/espn_cheat_sheets/espn_salary_cap_values_2024_non_ppr.pdf,922bcb5deda390a123693e0245e7a3219ea09876bf35367bde897c44e69eec1d
2024,espn,non_ppr,10,200,87,RB,28,Raheem Mostert,MIA,3,6,nfl:gsis:00-0031687,14338,stable,exact_name,0.95,data/raw/espn_cheat_sheets/espn_salary_cap_values_2024_non_ppr.pdf,922bcb5deda390a123693e0245e7a3219ea09876bf35367bde897c44e69eec1d
2024,espn,non_ppr,10,200,32,WR,18,Malik Nabers,NYG,25,11,nfl:gsis:00-0039337,25409,stable,exact_name,0.95,data/raw/espn_cheat_sheets/espn_salary_cap_values_2024_non_ppr.pdf,922bcb5deda390a123693e0245e7a3219ea09876bf35367bde897c44e69eec1d
2024,espn,non_ppr,10,200,171,DEF,3,Jets D/ST,NYJ,1,12,nfl:def:NYJ,8210,stable,exact_defense_team,1.0,data/raw/espn_cheat_sheets/espn_salary_cap_values_2024_non_ppr.pdf,922bcb5deda390a123693e0245e7a3219ea09876bf35367bde897c44e69eec1d
2024,espn,non_ppr,10,200,268,QB,29,Derek Carr,NO,0,12,nfl:gsis:00-0031280,12092,stable,exact_name,0.95,data/raw/espn_cheat_sheets/espn_salary_cap_values_2024_non_ppr.pdf,922bcb5deda390a123693e0245e7a3219ea09876bf35367bde897c44e69eec1d
2024,espn,non_ppr,10,200,88,RB,29,Devin Singletary,NYG,3,11,nfl:gsis:00-0035250,18280,stable,exact_name,0.95,data/raw/espn_cheat_sheets/espn_salary_cap_values_2024_non_ppr.pdf,922bcb5deda390a123693e0245e7a3219ea09876bf35367bde897c44e69eec1d
2024,espn,non_ppr,10,200,33,WR,19,DJ Moore,CHI,24,7,nfl:gsis:00-0034827,17265,stable,exact_name,0.95,data/raw/espn_cheat_sheets/espn_salary_cap_values_2024_non_ppr.pdf,922bcb5deda390a123693e0245e7a3219ea09876bf35367bde897c44e69eec1d
2024,espn,non_ppr,10,200,172,DEF,4,Ravens D/ST,BAL,1,14,nfl:def:BAL,8020,stable,exact_defense_team,1.0,data/raw/espn_cheat_sheets/espn_salary_cap_values_2024_non_ppr.pdf,922bcb5deda390a123693e0245e7a3219ea09876bf35367bde897c44e69eec1d
2024,espn,non_ppr,10,200,269,QB,30,Drake Maye,NE,0,14,nfl:gsis:00-0039851,23046,stable,exact_name,0.95,data/raw/espn_cheat_sheets/espn_salary_cap_values_2024_non_ppr.pdf,922bcb5deda390a123693e0245e7a3219ea09876bf35367bde897c44e69eec1d
2024,espn,non_ppr,10,200,89,RB,30,Tyjae Spears,TEN,3,5,nfl:gsis:00-0039032,25323,stable,exact_name,0.95,data/raw/espn_cheat_sheets/espn_salary_cap_values_2024_non_ppr.pdf,922bcb5deda390a123693e0245e7a3219ea09876bf35367bde897c44e69eec1d
2024,espn,non_ppr,10,200,34,WR,20,Calvin Ridley,TEN,23,5,nfl:gsis:00-0034837,17258,stable,exact_name,0.95,data/raw/espn_cheat_sheets/espn_salary_cap_values_2024_non_ppr.pdf,922bcb5deda390a123693e0245e7a3219ea09876bf35367bde897c44e69eec1d
2024,espn,non_ppr,10,200,173,DEF,5,49ers D/ST,SF,1,9,nfl:def:SF,8270,stable,exact_defense_team,1.0,data/raw/espn_cheat_sheets/espn_salary_cap_values_2024_non_ppr.pdf,922bcb5deda390a123693e0245e7a3219ea09876bf35367bde897c44e69eec1d
2024,espn,non_ppr,10,200,270,QB,31,Gardner Minshew II,LV,0,10,nfl:gsis:00-0035289,18562,stable,exact_name,0.95,data/raw/espn_cheat_sheets/espn_salary_cap_values_2024_non_ppr.pdf,922bcb5deda390a123693e0245e7a3219ea09876bf35367bde897c44e69eec1d
2024,espn,non_ppr,10,200,90,RB,31,Jaylen Warren,PIT,3,9,nfl:gsis:00-0037228,24209,stable,exact_name,0.95,data/raw/espn_cheat_sheets/espn_salary_cap_values_2024_non_ppr.pdf,922bcb5deda390a123693e0245e7a3219ea09876bf35367bde897c44e69eec1d
2024,espn,non_ppr,10,200,42,WR,21,Michael Pittman Jr.,IND,19,14,nfl:gsis:00-0036252,19278,stable,exact_name,0.95,data/raw/espn_cheat_sheets/espn_salary_cap_values_2024_non_ppr.pdf,922bcb5deda390a123693e0245e7a3219ea09876bf35367bde897c44e69eec1d
2024,espn,non_ppr,10,200,174,DEF,6,Steelers D/ST,PIT,1,9,nfl:def:PIT,8240,stable,exact_defense_team,1.0,data/raw/espn_cheat_sheets/espn_salary_cap_values_2024_non_ppr.pdf,922bcb5deda390a123693e0245e7a3219ea09876bf35367bde897c44e69eec1d
2024,espn,non_ppr,10,200,296,QB,32,Sam Darnold,MIN,0,6,nfl:gsis:00-0034869,17236,stable,exact_name,0.95,data/raw/espn_cheat_sheets/espn_salary_cap_values_2024_non_ppr.pdf,922bcb5deda390a123693e0245e7a3219ea09876bf35367bde897c44e69eec1d
2024,espn,non_ppr,10,200,102,RB,32,Ezekiel Elliott,DAL,2,7,nfl:gsis:00-0033045,15498,stable,exact_name,0.95,data/raw/espn_cheat_sheets/espn_salary_cap_values_2024_non_ppr.pdf,922bcb5deda390a123693e0245e7a3219ea09876bf35367bde897c44e69eec1d
2024,espn,non_ppr,10,200,43,WR,22,Tee Higgins,CIN,18,12,nfl:gsis:00-0036410,19211,stable,exact_name,0.95,data/raw/espn_cheat_sheets/espn_salary_cap_values_2024_non_ppr.pdf,922bcb5deda390a123693e0245e7a3219ea09876bf35367bde897c44e69eec1d
2024,espn,non_ppr,10,200,175,DEF,7,Dolphins D/ST,MIA,1,6,nfl:def:MIA,8160,stable,exact_defense_team,1.0,data/raw/espn_cheat_sheets/espn_salary_cap_values_2024_non_ppr.pdf,922bcb5deda390a123693e0245e7a3219ea09876bf35367bde897c44e69eec1d
2024,espn,non_ppr,10,200,301,QB,33,Jacoby Brissett,NE,0,14,nfl:gsis:00-0033119,15642,stable,exact_name,0.95,data/raw/espn_cheat_sheets/espn_salary_cap_values_2024_non_ppr.pdf,922bcb5deda390a123693e0245e7a3219ea09876bf35367bde897c44e69eec1d
2024,espn,non_ppr,10,200,103,RB,33,Chase Brown,CIN,2,12,nfl:gsis:00-0038597,25324,stable,exact_name,0.95,data/raw/espn_cheat_sheets/espn_salary_cap_values_2024_non_ppr.pdf,922bcb5deda390a123693e0245e7a3219ea09876bf35367bde897c44e69eec1d
2024,espn,non_ppr,10,200,44,WR,23,Cooper Kupp,LAR,17,6,nfl:gsis:00-0033908,16433,stable,exact_name,0.95,data/raw/espn_cheat_sheets/espn_salary_cap_values_2024_non_ppr.pdf,922bcb5deda390a123693e0245e7a3219ea09876bf35367bde897c44e69eec1d
2024,espn,non_ppr,10,200,176,DEF,8,Saints D/ST,NO,1,12,nfl:def:NO,8190,stable,exact_defense_team,1.0,data/raw/espn_cheat_sheets/espn_salary_cap_values_2024_non_ppr.pdf,922bcb5deda390a123693e0245e7a3219ea09876bf35367bde897c44e69eec1d
2024,espn,non_ppr,10,200,302,QB,34,Justin Fields,PIT,0,9,nfl:gsis:00-0036945,19781,stable,exact_name,0.95,data/raw/espn_cheat_sheets/espn_salary_cap_values_2024_non_ppr.pdf,922bcb5deda390a123693e0245e7a3219ea09876bf35367bde897c44e69eec1d
2024,espn,non_ppr,10,200,104,RB,34,Austin Ekeler,WAS,2,14,nfl:gsis:00-0033699,16483,stable,exact_name,0.95,data/raw/espn_cheat_sheets/espn_salary_cap_values_2024_non_ppr.pdf,922bcb5deda390a123693e0245e7a3219ea09876bf35367bde897c44e69eec1d
2024,espn,non_ppr,10,200,45,WR,24,DeVonta Smith,PHI,17,5,nfl:gsis:00-0036912,19222,stable,exact_name,0.95,data/raw/espn_cheat_sheets/espn_salary_cap_values_2024_non_ppr.pdf,922bcb5deda390a123693e0245e7a3219ea09876bf35367bde897c44e69eec1d
2024,espn,non_ppr,10,200,177,DEF,9,Jaguars D/ST,JAX,1,12,nfl:def:JAX,8140,stable,exact_defense_team,1.0,data/raw/espn_cheat_sheets/espn_salary_cap_values_2024_non_ppr.pdf,922bcb5deda390a123693e0245e7a3219ea09876bf35367bde897c44e69eec1d
2024,espn,non_ppr,10,200,310,QB,35,Aidan O'Connell,LV,0,10,nfl:gsis:00-0038579,24330,stable,exact_name,0.95,data/raw/espn_cheat_sheets/espn_salary_cap_values_2024_non_ppr.pdf,922bcb5deda390a123693e0245e7a3219ea09876bf35367bde897c44e69eec1d
2024,espn,non_ppr,10,200,105,RB,35,Jonathon Brooks,CAR,2,11,nfl:gsis:00-0039344,26148,stable,exact_name,0.95,data/raw/espn_cheat_sheets/espn_salary_cap_values_2024_non_ppr.pdf,922bcb5deda390a123693e0245e7a3219ea09876bf35367bde897c44e69eec1d
2024,espn,non_ppr,10,200,46,WR,25,Jaylen Waddle,MIA,15,6,nfl:gsis:00-0036613,19790,stable,exact_name,0.95,data/raw/espn_cheat_sheets/espn_salary_cap_values_2024_non_ppr.pdf,922bcb5deda390a123693e0245e7a3219ea09876bf35367bde897c44e69eec1d
2024,espn,non_ppr,10,200,178,DEF,10,Bengals D/ST,CIN,1,12,nfl:def:CIN,8060,stable,exact_defense_team,1.0,data/raw/espn_cheat_sheets/espn_salary_cap_values_2024_non_ppr.pdf,922bcb5deda390a123693e0245e7a3219ea09876bf35367bde897c44e69eec1d
2024,espn,non_ppr,10,200,315,QB,36,Michael Penix Jr.,ATL,0,12,nfl:gsis:00-0039917,22973,stable,exact_name,0.95,data/raw/espn_cheat_sheets/espn_salary_cap_values_2024_non_ppr.pdf,922bcb5deda390a123693e0245e7a3219ea09876bf35367bde897c44e69eec1d
2024,espn,non_ppr,10,200,106,RB,36,Gus Edwards,LAC,2,5,nfl:gsis:00-0034184,17687,stable,exact_name,0.95,data/raw/espn_cheat_sheets/espn_salary_cap_values_2024_non_ppr.pdf,922bcb5deda390a123693e0245e7a3219ea09876bf35367bde897c44e69eec1d
2024,espn,non_ppr,10,200,47,WR,26,Stefon Diggs,HOU,15,14,nfl:gsis:00-0031588,13981,stable,exact_name,0.95,data/raw/espn_cheat_sheets/espn_salary_cap_values_2024_non_ppr.pdf,922bcb5deda390a123693e0245e7a3219ea09876bf35367bde897c44e69eec1d
2024,espn,non_ppr,10,200,179,DEF,11,Chiefs D/ST,KC,0,6,nfl:def:KC,8150,stable,exact_defense_team,1.0,data/raw/espn_cheat_sheets/espn_salary_cap_values_2024_non_ppr.pdf,922bcb5deda390a123693e0245e7a3219ea09876bf35367bde897c44e69eec1d
2024,espn,non_ppr,10,200,316,QB,37,Sam Howell,SEA,0,10,nfl:gsis:00-0037077,23045,stable,exact_name,0.95,data/raw/espn_cheat_sheets/espn_salary_cap_values_2024_non_ppr.pdf,922bcb5deda390a123693e0245e7a3219ea09876bf35367bde897c44e69eec1d
2024,espn,non_ppr,10,200,113,RB,37,Zack Moss,CIN,2,12,nfl:gsis:00-0036251,19263,stable,exact_name,0.95,data/raw/espn_cheat_sheets/espn_salary_cap_values_2024_non_ppr.pdf,922bcb5deda390a123693e0245e7a3219ea09876bf35367bde897c44e69eec1d
2024,espn,non_ppr,10,200,48,WR,27,George Pickens,PIT,14,9,nfl:gsis:00-0037247,22963,stable,exact_name,0.95,data/raw/espn_cheat_sheets/espn_salary_cap_values_2024_non_ppr.pdf,922bcb5deda390a123693e0245e7a3219ea09876bf35367bde897c44e69eec1d
2024,espn,non_ppr,10,200,180,DEF,12,Lions D/ST,DET,0,5,nfl:def:DET,8100,stable,exact_defense_team,1.0,data/raw/espn_cheat_sheets/espn_salary_cap_values_2024_non_ppr.pdf,922bcb5deda390a123693e0245e7a3219ea09876bf35367bde897c44e69eec1d
2024,espn,non_ppr,10,200,317,QB,38,Tyrod Taylor,NYJ,0,12,nfl:gsis:00-0028118,10007,stable,exact_name,0.95,data/raw/espn_cheat_sheets/espn_salary_cap_values_2024_non_ppr.pdf,922bcb5deda390a123693e0245e7a3219ea09876bf35367bde897c44e69eec1d
2024,espn,non_ppr,10,200,114,RB,38,J.K. Dobbins,LAC,2,5,nfl:gsis:00-0036158,19245,stable,exact_name,0.95,data/raw/espn_cheat_sheets/espn_salary_cap_values_2024_non_ppr.pdf,922bcb5deda390a123693e0245e7a3219ea09876bf35367bde897c44e69eec1d
2024,espn,non_ppr,10,200,52,WR,28,Tank Dell,HOU,11,14,nfl:gsis:00-0038977,25361,stable,exact_name,0.95,data/raw/espn_cheat_sheets/espn_salary_cap_values_2024_non_ppr.pdf,922bcb5deda390a123693e0245e7a3219ea09876bf35367bde897c44e69eec1d
2024,espn,non_ppr,10,200,235,DEF,13,Bears D/ST,CHI,0,7,nfl:def:CHI,8050,stable,exact_defense_team,1.0,data/raw/espn_cheat_sheets/espn_salary_cap_values_2024_non_ppr.pdf,922bcb5deda390a123693e0245e7a3219ea09876bf35367bde897c44e69eec1d
2024,espn,non_ppr,10,200,318,QB,39,Joe Flacco,IND,0,14,nfl:gsis:00-0026158,9300,stable,exact_name,0.95,data/raw/espn_cheat_sheets/espn_salary_cap_values_2024_non_ppr.pdf,922bcb5deda390a123693e0245e7a3219ea09876bf35367bde897c44e69eec1d
2024,espn,non_ppr,10,200,115,RB,39,Nick Chubb,CLE,2,10,nfl:gsis:00-0034791,17246,stable,exact_name,0.95,data/raw/espn_cheat_sheets/espn_salary_cap_values_2024_non_ppr.pdf,922bcb5deda390a123693e0245e7a3219ea09876bf35367bde897c44e69eec1d
2024,espn,non_ppr,10,200,53,WR,29,Rashee Rice,KC,11,6,nfl:gsis:00-0039067,23113,stable,exact_name,0.95,data/raw/espn_cheat_sheets/espn_salary_cap_values_2024_non_ppr.pdf,922bcb5deda390a123693e0245e7a3219ea09876bf35367bde897c44e69eec1d
2024,espn,non_ppr,10,200,236,DEF,14,Falcons D/ST,ATL,0,12,nfl:def:ATL,8010,stable,exact_defense_team,1.0,data/raw/espn_cheat_sheets/espn_salary_cap_values_2024_non_ppr.pdf,922bcb5deda390a123693e0245e7a3219ea09876bf35367bde897c44e69eec1d
2024,espn,non_ppr,10,200,319,QB,40,Jake Browning,CIN,0,12,nfl:gsis:00-0035100,18557,stable,exact_name,0.95,data/raw/espn_cheat_sheets/espn_salary_cap_values_2024_non_ppr.pdf,922bcb5deda390a123693e0245e7a3219ea09876bf35367bde897c44e69eec1d
2024,espn,non_ppr,10,200,116,RB,40,Chuba Hubbard,CAR,2,11,nfl:gsis:00-0036555,19792,stable,exact_name,0.95,data/raw/espn_cheat_sheets/espn_salary_cap_values_2024_non_ppr.pdf,922bcb5deda390a123693e0245e7a3219ea09876bf35367bde897c44e69eec1d
2024,espn,non_ppr,10,200,54,WR,30,Zay Flowers,BAL,10,14,nfl:gsis:00-0039064,22916,stable,exact_name,0.95,data/raw/espn_cheat_sheets/espn_salary_cap_values_2024_non_ppr.pdf,922bcb5deda390a123693e0245e7a3219ea09876bf35367bde897c44e69eec1d
2024,espn,non_ppr,10,200,254,DEF,15,Seahawks D/ST,SEA,0,10,nfl:def:SEA,8260,stable,exact_defense_team,1.0,data/raw/espn_cheat_sheets/espn_salary_cap_values_2024_non_ppr.pdf,922bcb5deda390a123693e0245e7a3219ea09876bf35367bde897c44e69eec1d
2024,espn,non_ppr,10,200,117,RB,41,Ty Chandler,MIN,2,6,nfl:gsis:00-0037276,19471,stable,exact_name,0.95,data/raw/espn_cheat_sheets/espn_salary_cap_values_2024_non_ppr.pdf,922bcb5deda390a123693e0245e7a3219ea09876bf35367bde897c44e69eec1d
2024,espn,non_ppr,10,200,55,WR,31,Diontae Johnson,CAR,10,11,nfl:gsis:00-0035216,18615,stable,exact_name,0.95,data/raw/espn_cheat_sheets/espn_salary_cap_values_2024_non_ppr.pdf,922bcb5deda390a123693e0245e7a3219ea09876bf35367bde897c44e69eec1d
2024,espn,non_ppr,10,200,121,RB,42,Jerome Ford,CLE,1,10,nfl:gsis:00-0037267,22921,stable,exact_name,0.95,data/raw/espn_cheat_sheets/espn_salary_cap_values_2024_non_ppr.pdf,922bcb5deda390a123693e0245e7a3219ea09876bf35367bde897c44e69eec1d
2024,espn,non_ppr,10,200,67,WR,32,Amari Cooper,CLE,7,10,nfl:gsis:00-0031544,13894,stable,exact_name,0.95,data/raw/espn_cheat_sheets/espn_salary_cap_values_2024_non_ppr.pdf,922bcb5deda390a123693e0245e7a3219ea09876bf35367bde897c44e69eec1d
2024,espn,non_ppr,10,200,36,TE,1,Sam LaPorta,DET,22,5,nfl:gsis:00-0039065,22978,stable,exact_name,0.95,data/raw/espn_cheat_sheets/espn_salary_cap_values_2024_non_ppr.pdf,922bcb5deda390a123693e0245e7a3219ea09876bf35367bde897c44e69eec1d
2024,espn,non_ppr,10,200,122,RB,43,Zach Charbonnet,SEA,1,10,nfl:gsis:00-0039165,23152,stable,exact_name,0.95,data/raw/espn_cheat_sheets/espn_salary_cap_values_2024_non_ppr.pdf,922bcb5deda390a123693e0245e7a3219ea09876bf35367bde897c44e69eec1d
2024,espn,non_ppr,10,200,68,WR,33,Chris Godwin,TB,6,11,nfl:gsis:00-0033921,16406,stable,exact_name,0.95,data/raw/espn_cheat_sheets/espn_salary_cap_values_2024_non_ppr.pdf,922bcb5deda390a123693e0245e7a3219ea09876bf35367bde897c44e69eec1d
2024,espn,non_ppr,10,200,181,K,1,Harrison Butker,KC,1,6,nfl:gsis:00-0033303,16712,stable,exact_name,0.95,data/raw/espn_cheat_sheets/espn_salary_cap_values_2024_non_ppr.pdf,922bcb5deda390a123693e0245e7a3219ea09876bf35367bde897c44e69eec1d
2024,espn,non_ppr,10,200,37,TE,2,Travis Kelce,KC,22,6,nfl:gsis:00-0030506,11594,stable,exact_name,0.95,data/raw/espn_cheat_sheets/espn_salary_cap_values_2024_non_ppr.pdf,922bcb5deda390a123693e0245e7a3219ea09876bf35367bde897c44e69eec1d
2024,espn,non_ppr,10,200,123,RB,44,Tyler Allgeier,ATL,1,12,nfl:gsis:00-0037263,24172,stable,exact_name,0.95,data/raw/espn_cheat_sheets/espn_salary_cap_values_2024_non_ppr.pdf,922bcb5deda390a123693e0245e7a3219ea09876bf35367bde897c44e69eec1d
2024,espn,non_ppr,10,200,69,WR,34,Christian Watson,GB,6,10,nfl:gsis:00-0038124,23886,stable,exact_name,0.95,data/raw/espn_cheat_sheets/espn_salary_cap_values_2024_non_ppr.pdf,922bcb5deda390a123693e0245e7a3219ea09876bf35367bde897c44e69eec1d
2024,espn,non_ppr,10,200,182,K,2,Brandon Aubrey,DAL,1,7,nfl:gsis:00-0037692,26068,stable,exact_name,0.95,data/raw/espn_cheat_sheets/espn_salary_cap_values_2024_non_ppr.pdf,922bcb5deda390a123693e0245e7a3219ea09876bf35367bde897c44e69eec1d
2024,espn,non_ppr,10,200,51,TE,3,Mark Andrews,BAL,12,14,nfl:gsis:00-0034753,17269,stable,exact_name,0.95,data/raw/espn_cheat_sheets/espn_salary_cap_values_2024_non_ppr.pdf,922bcb5deda390a123693e0245e7a3219ea09876bf35367bde897c44e69eec1d
2024,espn,non_ppr,10,200,124,RB,45,Blake Corum,LAR,1,6,nfl:gsis:00-0039738,23013,stable,exact_name,0.95,data/raw/espn_cheat_sheets/espn_salary_cap_values_2024_non_ppr.pdf,922bcb5deda390a123693e0245e7a3219ea09876bf35367bde897c44e69eec1d
2024,espn,non_ppr,10,200,70,WR,35,Terry McLaurin,WAS,6,14,nfl:gsis:00-0035659,18466,stable,exact_name,0.95,data/raw/espn_cheat_sheets/espn_salary_cap_values_2024_non_ppr.pdf,922bcb5deda390a123693e0245e7a3219ea09876bf35367bde897c44e69eec1d
2024,espn,non_ppr,10,200,183,K,3,Justin Tucker,BAL,1,14,nfl:gsis:00-0029597,11465,stable,exact_name,0.95,data/raw/espn_cheat_sheets/espn_salary_cap_values_2024_non_ppr.pdf,922bcb5deda390a123693e0245e7a3219ea09876bf35367bde897c44e69eec1d
2024,espn,non_ppr,10,200,56,TE,4,George Kittle,SF,10,9,nfl:gsis:00-0033288,16499,stable,exact_name,0.95,data/raw/espn_cheat_sheets/espn_salary_cap_values_2024_non_ppr.pdf,922bcb5deda390a123693e0245e7a3219ea09876bf35367bde897c44e69eec1d
2024,espn,non_ppr,10,200,142,RB,46,Trey Benson,ARI,1,11,nfl:gsis:00-0039921,25388,stable,exact_name,0.95,data/raw/espn_cheat_sheets/espn_salary_cap_values_2024_non_ppr.pdf,922bcb5deda390a123693e0245e7a3219ea09876bf35367bde897c44e69eec1d
2024,espn,non_ppr,10,200,71,WR,36,Christian Kirk,JAX,6,12,nfl:gsis:00-0034775,17268,stable,exact_name,0.95,data/raw/espn_cheat_sheets/espn_salary_cap_values_2024_non_ppr.pdf,922bcb5deda390a123693e0245e7a3219ea09876bf35367bde897c44e69eec1d
2024,espn,non_ppr,10,200,184,K,4,Jake Elliott,PHI,1,5,nfl:gsis:00-0033787,16540,stable,exact_name,0.95,data/raw/espn_cheat_sheets/espn_salary_cap_values_2024_non_ppr.pdf,922bcb5deda390a123693e0245e7a3219ea09876bf35367bde897c44e69eec1d
2024,espn,non_ppr,10,200,57,TE,5,Trey McBride,ARI,10,11,nfl:gsis:00-0037744,22936,stable,exact_name,0.95,data/raw/espn_cheat_sheets/espn_salary_cap_values_2024_non_ppr.pdf,922bcb5deda390a123693e0245e7a3219ea09876bf35367bde897c44e69eec1d
2024,espn,non_ppr,10,200,143,RB,47,Jaleel McLaughlin,DEN,1,14,nfl:gsis:00-0038794,25876,stable,exact_name,0.95,data/raw/espn_cheat_sheets/espn_salary_cap_values_2024_non_ppr.pdf,922bcb5deda390a123693e0245e7a3219ea09876bf35367bde897c44e69eec1d
2024,espn,non_ppr,10,200,72,WR,37,Keenan Allen,CHI,6,7,nfl:gsis:00-0030279,11616,stable,exact_name,0.95,data/raw/espn_cheat_sheets/espn_salary_cap_values_2024_non_ppr.pdf,922bcb5deda390a123693e0245e7a3219ea09876bf35367bde897c44e69eec1d
2024,espn,non_ppr,10,200,185,K,5,Greg Zuerlein,NYJ,1,12,nfl:gsis:00-0029621,11345,stable,exact_name,0.95,data/raw/espn_cheat_sheets/espn_salary_cap_values_2024_non_ppr.pdf,922bcb5deda390a123693e0245e7a3219ea09876bf35367bde897c44e69eec1d
2024,espn,non_ppr,10,200,73,TE,6,Kyle Pitts,ATL,6,12,nfl:gsis:00-0036970,20164,stable,exact_name,0.95,data/raw/espn_cheat_sheets/espn_salary_cap_values_2024_non_ppr.pdf,922bcb5deda390a123693e0245e7a3219ea09876bf35367bde897c44e69eec1d
2024,espn,non_ppr,10,200,144,RB,48,Bucky Irving,TB,1,11,nfl:gsis:00-0039361,25981,stable,exact_name,0.95,data/raw/espn_cheat_sheets/espn_salary_cap_values_2024_non_ppr.pdf,922bcb5deda390a123693e0245e7a3219ea09876bf35367bde897c44e69eec1d
2024,espn,non_ppr,10,200,81,WR,38,Jayden Reed,GB,4,10,nfl:gsis:00-0039146,23020,stable,exact_name,0.95,data/raw/espn_cheat_sheets/espn_salary_cap_values_2024_non_ppr.pdf,922bcb5deda390a123693e0245e7a3219ea09876bf35367bde897c44e69eec1d
2024,espn,non_ppr,10,200,186,K,6,Ka'imi Fairbairn,HOU,1,14,nfl:gsis:00-0032726,15756,stable,exact_name,0.95,data/raw/espn_cheat_sheets/espn_salary_cap_values_2024_non_ppr.pdf,922bcb5deda390a123693e0245e7a3219ea09876bf35367bde897c44e69eec1d
2024,espn,non_ppr,10,200,74,TE,7,David Njoku,CLE,5,10,nfl:gsis:00-0033885,16399,stable,exact_name,0.95,data/raw/espn_cheat_sheets/espn_salary_cap_values_2024_non_ppr.pdf,922bcb5deda390a123693e0245e7a3219ea09876bf35367bde897c44e69eec1d
2024,espn,non_ppr,10,200,145,RB,49,Rico Dowdle,DAL,1,7,nfl:gsis:00-0036139,19647,stable,exact_name,0.95,data/raw/espn_cheat_sheets/espn_salary_cap_values_2024_non_ppr.pdf,922bcb5deda390a123693e0245e7a3219ea09876bf35367bde897c44e69eec1d
2024,espn,non_ppr,10,200,82,WR,39,Xavier Worthy,KC,4,6,nfl:gsis:00-0039894,23019,stable,exact_name,0.95,data/raw/espn_cheat_sheets/espn_salary_cap_values_2024_non_ppr.pdf,922bcb5deda390a123693e0245e7a3219ea09876bf35367bde897c44e69eec1d
2024,espn,non_ppr,10,200,187,K,7,Evan McPherson,CIN,1,12,nfl:gsis:00-0036854,23297,stable,exact_name,0.95,data/raw/espn_cheat_sheets/espn_salary_cap_values_2024_non_ppr.pdf,922bcb5deda390a123693e0245e7a3219ea09876bf35367bde897c44e69eec1d
2024,espn,non_ppr,10,200,75,TE,8,Dalton Kincaid,BUF,5,12,nfl:gsis:00-0038933,25247,stable,exact_name,0.95,data/raw/espn_cheat_sheets/espn_salary_cap_values_2024_non_ppr.pdf,922bcb5deda390a123693e0245e7a3219ea09876bf35367bde897c44e69eec1d
2024,espn,non_ppr,10,200,146,RB,50,Antonio Gibson,NE,1,14,nfl:gsis:00-0036328,19624,stable,exact_name,0.95,data/raw/espn_cheat_sheets/espn_salary_cap_values_2024_non_ppr.pdf,922bcb5deda390a123693e0245e7a3219ea09876bf35367bde897c44e69eec1d
2024,espn,non_ppr,10,200,83,WR,40,Courtland Sutton,DEN,4,14,nfl:gsis:00-0034348,17253,stable,exact_name,0.95,data/raw/espn_cheat_sheets/espn_salary_cap_values_2024_non_ppr.pdf,922bcb5deda390a123693e0245e7a3219ea09876bf35367bde897c44e69eec1d
2024,espn,non_ppr,10,200,188,K,8,Jake Moody,SF,1,9,nfl:gsis:00-0038562,24009,stable,exact_name,0.95,data/raw/espn_cheat_sheets/espn_salary_cap_values_2024_non_ppr.pdf,922bcb5deda390a123693e0245e7a3219ea09876bf35367bde897c44e69eec1d
2024,espn,non_ppr,10,200,100,TE,9,Evan Engram,JAX,2,12,nfl:gsis:00-0033881,16411,stable,exact_name,0.95,data/raw/espn_cheat_sheets/espn_salary_cap_values_2024_non_ppr.pdf,922bcb5deda390a123693e0245e7a3219ea09876bf35367bde897c44e69eec1d
2024,espn,non_ppr,10,200,153,RB,51,Khalil Herbert,CHI,1,7,nfl:gsis:00-0036906,22763,stable,exact_name,0.95,data/raw/espn_cheat_sheets/espn_salary_cap_values_2024_non_ppr.pdf,922bcb5deda390a123693e0245e7a3219ea09876bf35367bde897c44e69eec1d
2024,espn,non_ppr,10,200,84,WR,41,Jaxon Smith-Njigba,SEA,4,10,nfl:gsis:00-0038543,23070,stable,exact_name,0.95,data/raw/espn_cheat_sheets/espn_salary_cap_values_2024_non_ppr.pdf,922bcb5deda390a123693e0245e7a3219ea09876bf35367bde897c44e69eec1d
2024,espn,non_ppr,10,200,189,K,9,Cameron Dicker,LAC,1,5,nfl:gsis:00-0037224,23901,stable,exact_name,0.95,data/raw/espn_cheat_sheets/espn_salary_cap_values_2024_non_ppr.pdf,922bcb5deda390a123693e0245e7a3219ea09876bf35367bde897c44e69eec1d
2024,espn,non_ppr,10,200,101,TE,10,Jake Ferguson,DAL,2,7,nfl:gsis:00-0038041,22718,stable,exact_name,0.95,data/raw/espn_cheat_sheets/espn_salary_cap_values_2024_non_ppr.pdf,922bcb5deda390a123693e0245e7a3219ea09876bf35367bde897c44e69eec1d
2024,espn,non_ppr,10,200,154,RB,52,Jordan Mason,SF,1,9,nfl:gsis:00-0037525,22969,stable,exact_name,0.95,data/raw/espn_cheat_sheets/espn_salary_cap_values_2024_non_ppr.pdf,922bcb5deda390a123693e0245e7a3219ea09876bf35367bde897c44e69eec1d
2024,espn,non_ppr,10,200,85,WR,42,Jordan Addison,MIN,4,6,nfl:gsis:00-0038994,23107,stable,exact_name,0.95,data/raw/espn_cheat_sheets/espn_salary_cap_values_2024_non_ppr.pdf,922bcb5deda390a123693e0245e7a3219ea09876bf35367bde897c44e69eec1d
2024,espn,non_ppr,10,200,190,K,10,Cairo Santos,CHI,1,7,nfl:gsis:00-0031203,13731,stable,exact_name,0.95,data/raw/espn_cheat_sheets/espn_salary_cap_values_2024_non_ppr.pdf,922bcb5deda390a123693e0245e7a3219ea09876bf35367bde897c44e69eec1d
2024,espn,non_ppr,10,200,110,TE,11,Brock Bowers,LV,2,10,nfl:gsis:00-0039338,22955,stable,exact_name,0.95,data/raw/espn_cheat_sheets/espn_salary_cap_values_2024_non_ppr.pdf,922bcb5deda390a123693e0245e7a3219ea09876bf35367bde897c44e69eec1d
2024,espn,non_ppr,10,200,155,RB,53,Jaylen Wright,MIA,1,6,nfl:gsis:00-0039874,25987,stable,exact_name,0.95,data/raw/espn_cheat_sheets/espn_salary_cap_values_2024_non_ppr.pdf,922bcb5deda390a123693e0245e7a3219ea09876bf35367bde897c44e69eec1d
2024,espn,non_ppr,10,200,86,WR,43,Rome Odunze,CHI,4,7,nfl:gsis:00-0039919,25411,stable,exact_name,0.95,data/raw/espn_cheat_sheets/espn_salary_cap_values_2024_non_ppr.pdf,922bcb5deda390a123693e0245e7a3219ea09876bf35367bde897c44e69eec1d
2024,espn,non_ppr,10,200,191,K,11,Younghoe Koo,ATL,0,12,nfl:gsis:00-0033702,16910,stable,exact_name,0.95,data/raw/espn_cheat_sheets/espn_salary_cap_values_2024_non_ppr.pdf,922bcb5deda390a123693e0245e7a3219ea09876bf35367bde897c44e69eec1d
2024,espn,non_ppr,10,200,111,TE,12,Dallas Goedert,PHI,2,5,nfl:gsis:00-0034351,17270,stable,exact_name,0.95,data/raw/espn_cheat_sheets/espn_salary_cap_values_2024_non_ppr.pdf,922bcb5deda390a123693e0245e7a3219ea09876bf35367bde897c44e69eec1d
2024,espn,non_ppr,10,200,156,RB,54,Tyrone Tracy Jr.,NYG,1,11,nfl:gsis:00-0039384,22980,stable,exact_name,0.95,data/raw/espn_cheat_sheets/espn_salary_cap_values_2024_non_ppr.pdf,922bcb5deda390a123693e0245e7a3219ea09876bf35367bde897c44e69eec1d
2024,espn,non_ppr,10,200,94,WR,44,Keon Coleman,BUF,3,12,nfl:gsis:00-0039901,26019,stable,exact_name,0.95,data/raw/espn_cheat_sheets/espn_salary_cap_values_2024_non_ppr.pdf,922bcb5deda390a123693e0245e7a3219ea09876bf35367bde897c44e69eec1d
2024,espn,non_ppr,10,200,192,K,12,Jake Bates,DET,0,5,nfl:gsis:00-0039172,26075,stable,exact_name,0.95,data/raw/espn_cheat_sheets/espn_salary_cap_values_2024_non_ppr.pdf,922bcb5deda390a123693e0245e7a3219ea09876bf35367bde897c44e69eec1d
2024,espn,non_ppr,10,200,112,TE,13,Taysom Hill,NO,2,12,nfl:gsis:00-0033357,17115,stable,exact_name,0.95,data/raw/espn_cheat_sheets/espn_salary_cap_values_2024_non_ppr.pdf,922bcb5deda390a123693e0245e7a3219ea09876bf35367bde897c44e69eec1d
2024,espn,non_ppr,10,200,157,RB,55,Ray Davis,BUF,1,12,nfl:gsis:00-0039875,26191,stable,exact_name,0.95,data/raw/espn_cheat_sheets/espn_salary_cap_values_2024_non_ppr.pdf,922bcb5deda390a123693e0245e7a3219ea09876bf35367bde897c44e69eec1d
2024,espn,non_ppr,10,200,95,WR,45,Ladd McConkey,LAC,3,5,nfl:gsis:00-0039915,26122,stable,exact_name,0.95,data/raw/espn_cheat_sheets/espn_salary_cap_values_2024_non_ppr.pdf,922bcb5deda390a123693e0245e7a3219ea09876bf35367bde897c44e69eec1d
2024,espn,non_ppr,10,200,237,K,13,Dustin Hopkins,CLE,0,10,nfl:gsis:00-0030098,11818,stable,exact_name,0.95,data/raw/espn_cheat_sheets/espn_salary_cap_values_2024_non_ppr.pdf,922bcb5deda390a123693e0245e7a3219ea09876bf35367bde897c44e69eec1d
2024,espn,non_ppr,10,200,135,TE,14,T.J. Hockenson,MIN,1,6,nfl:gsis:00-0035229,18290,stable,exact_name,0.95,data/raw/espn_cheat_sheets/espn_salary_cap_values_2024_non_ppr.pdf,922bcb5deda390a123693e0245e7a3219ea09876bf35367bde897c44e69eec1d
2024,espn,non_ppr,10,200,158,RB,56,MarShawn Lloyd,GB,1,10,nfl:gsis:00-0039811,23118,stable,exact_name,0.95,data/raw/espn_cheat_sheets/espn_salary_cap_values_2024_non_ppr.pdf,922bcb5deda390a123693e0245e7a3219ea09876bf35367bde897c44e69eec1d
2024,espn,non_ppr,10,200,96,WR,46,Brian Thomas Jr.,JAX,2,12,nfl:gsis:00-0039893,23000,stable,exact_name,0.95,data/raw/espn_cheat_sheets/espn_salary_cap_values_2024_non_ppr.pdf,922bcb5deda390a123693e0245e7a3219ea09876bf35367bde897c44e69eec1d
2024,espn,non_ppr,10,200,238,K,14,Matt Gay,IND,0,14,nfl:gsis:00-0035269,18545,stable,exact_name,0.95,data/raw/espn_cheat_sheets/espn_salary_cap_values_2024_non_ppr.pdf,922bcb5deda390a123693e0245e7a3219ea09876bf35367bde897c44e69eec1d
2024,espn,non_ppr,10,200,136,TE,15,Pat Freiermuth,PIT,1,9,nfl:gsis:00-0036894,20163,stable,exact_name,0.95,data/raw/espn_cheat_sheets/espn_salary_cap_values_2024_non_ppr.pdf,922bcb5deda390a123693e0245e7a3219ea09876bf35367bde897c44e69eec1d
2024,espn,non_ppr,10,200,159,RB,57,Miles Sanders,CAR,1,11,nfl:gsis:00-0035243,18283,stable,exact_name,0.95,data/raw/espn_cheat_sheets/espn_salary_cap_values_2024_non_ppr.pdf,922bcb5deda390a123693e0245e7a3219ea09876bf35367bde897c44e69eec1d
2024,espn,non_ppr,10,200,97,WR,47,Jakobi Meyers,LV,2,10,nfl:gsis:00-0034960,18598,stable,exact_name,0.95,data/raw/espn_cheat_sheets/espn_salary_cap_values_2024_non_ppr.pdf,922bcb5deda390a123693e0245e7a3219ea09876bf35367bde897c44e69eec1d
2024,espn,non_ppr,10,200,256,K,15,Eddy Pineiro,CAR,0,11,nfl:gsis:00-0034173,17575,stable,exact_name,0.95,data/raw/espn_cheat_sheets/espn_salary_cap_values_2024_non_ppr.pdf,922bcb5deda390a123693e0245e7a3219ea09876bf35367bde897c44e69eec1d
2024,espn,non_ppr,10,200,137,TE,16,Dalton Schultz,HOU,1,14,nfl:gsis:00-0034383,17349,stable,exact_name,0.95,data/raw/espn_cheat_sheets/espn_salary_cap_values_2024_non_ppr.pdf,922bcb5deda390a123693e0245e7a3219ea09876bf35367bde897c44e69eec1d
2024,espn,non_ppr,10,200,195,RB,58,Clyde Edwards-Helaire,KC,0,6,nfl:gsis:00-0036360,19325,stable,exact_name,0.95,data/raw/espn_cheat_sheets/espn_salary_cap_values_2024_non_ppr.pdf,922bcb5deda390a123693e0245e7a3219ea09876bf35367bde897c44e69eec1d
2024,espn,non_ppr,10,200,98,WR,48,DeAndre Hopkins,TEN,2,5,nfl:gsis:00-0030564,11606,stable,exact_name,0.95,data/raw/espn_cheat_sheets/espn_salary_cap_values_2024_non_ppr.pdf,922bcb5deda390a123693e0245e7a3219ea09876bf35367bde897c44e69eec1d
2024,espn,non_ppr,10,200,165,TE,17,Tyler Conklin,NYJ,0,12,nfl:gsis:00-0034270,17598,stable,exact_name,0.95,data/raw/espn_cheat_sheets/espn_salary_cap_values_2024_non_ppr.pdf,922bcb5deda390a123693e0245e7a3219ea09876bf35367bde897c44e69eec1d
2024,espn,non_ppr,10,200,196,RB,59,Samaje Perine,KC,0,6,nfl:gsis:00-0033526,16423,stable,exact_name,0.95,data/raw/espn_cheat_sheets/espn_salary_cap_values_2024_non_ppr.pdf,922bcb5deda390a123693e0245e7a3219ea09876bf35367bde897c44e69eec1d
2024,espn,non_ppr,10,200,107,WR,49,Mike Williams,NYJ,2,12,nfl:gsis:00-0033536,16377,stable,exact_name,0.95,data/raw/espn_cheat_sheets/espn_salary_cap_values_2024_non_ppr.pdf,922bcb5deda390a123693e0245e7a3219ea09876bf35367bde897c44e69eec1d
2024,espn,non_ppr,10,200,166,TE,18,Chigoziem Okonkwo,TEN,0,5,nfl:gsis:00-0037809,23982,stable,exact_name,0.95,data/raw/espn_cheat_sheets/espn_salary_cap_values_2024_non_ppr.pdf,922bcb5deda390a123693e0245e7a3219ea09876bf35367bde897c44e69eec1d
2024,espn,non_ppr,10,200,212,RB,60,Jamaal Williams,NO,0,12,nfl:gsis:00-0033948,16424,stable,exact_name,0.95,data/raw/espn_cheat_sheets/espn_salary_cap_values_2024_non_ppr.pdf,922bcb5deda390a123693e0245e7a3219ea09876bf35367bde897c44e69eec1d
2024,espn,non_ppr,10,200,108,WR,50,Marquise Brown,KC,2,6,nfl:gsis:00-0035662,18226,stable,exact_name,0.95,data/raw/espn_cheat_sheets/espn_salary_cap_values_2024_non_ppr.pdf,922bcb5deda390a123693e0245e7a3219ea09876bf35367bde897c44e69eec1d
2024,espn,non_ppr,10,200,167,TE,19,Hunter Henry,NE,0,14,nfl:gsis:00-0033090,15561,stable,exact_name,0.95,data/raw/espn_cheat_sheets/espn_salary_cap_values_2024_non_ppr.pdf,922bcb5deda390a123693e0245e7a3219ea09876bf35367bde897c44e69eec1d
2024,espn,non_ppr,10,200,213,RB,61,Alexander Mattison,LV,0,10,nfl:gsis:00-0034972,18621,stable,exact_name,0.95,data/raw/espn_cheat_sheets/espn_salary_cap_values_2024_non_ppr.pdf,922bcb5deda390a123693e0245e7a3219ea09876bf35367bde897c44e69eec1d
2024,espn,non_ppr,10,200,109,WR,51,Tyler Lockett,SEA,2,10,nfl:gsis:00-0032211,13971,stable,exact_name,0.95,data/raw/espn_cheat_sheets/espn_salary_cap_values_2024_non_ppr.pdf,922bcb5deda390a123693e0245e7a3219ea09876bf35367bde897c44e69eec1d
2024,espn,non_ppr,10,200,168,TE,20,Juwan Johnson,NO,0,12,nfl:gsis:00-0036040,19562,stable,exact_name,0.95,data/raw/espn_cheat_sheets/espn_salary_cap_values_2024_non_ppr.pdf,922bcb5deda390a123693e0245e7a3219ea09876bf35367bde897c44e69eec1d
2024,espn,non_ppr,10,200,214,RB,62,Keaton Mitchell,BAL,0,14,nfl:gsis:00-0038454,25360,stable,exact_name,0.95,data/raw/espn_cheat_sheets/espn_salary_cap_values_2024_non_ppr.pdf,922bcb5deda390a123693e0245e7a3219ea09876bf35367bde897c44e69eec1d
2024,espn,non_ppr,10,200,125,WR,52,Jerry Jeudy,CLE,1,10,nfl:gsis:00-0036407,19201,stable,exact_name,0.95,data/raw/espn_cheat_sheets/espn_salary_cap_values_2024_non_ppr.pdf,922bcb5deda390a123693e0245e7a3219ea09876bf35367bde897c44e69eec1d
2024,espn,non_ppr,10,200,193,TE,21,Cole Kmet,CHI,0,7,nfl:gsis:00-0036290,19229,stable,exact_name,0.95,data/raw/espn_cheat_sheets/espn_salary_cap_values_2024_non_ppr.pdf,922bcb5deda390a123693e0245e7a3219ea09876bf35367bde897c44e69eec1d
2024,espn,non_ppr,10,200,221,RB,63,Kendre Miller,NO,0,12,nfl:gsis:00-0038551,24360,stable,exact_name,0.95,data/raw/espn_cheat_sheets/espn_salary_cap_values_2024_non_ppr.pdf,922bcb5deda390a123693e0245e7a3219ea09876bf35367bde897c44e69eec1d
2024,espn,non_ppr,10,200,126,WR,53,Jameson Williams,DET,1,5,nfl:gsis:00-0037240,23677,stable,exact_name,0.95,data/raw/espn_cheat_sheets/espn_salary_cap_values_2024_non_ppr.pdf,922bcb5deda390a123693e0245e7a3219ea09876bf35367bde897c44e69eec1d
2024,espn,non_ppr,10,200,206,TE,22,Tucker Kraft,GB,0,10,nfl:gsis:00-0038996,25298,stable,exact_name,0.95,data/raw/espn_cheat_sheets/espn_salary_cap_values_2024_non_ppr.pdf,922bcb5deda390a123693e0245e7a3219ea09876bf35367bde897c44e69eec1d
2024,espn,non_ppr,10,200,222,RB,64,D'Onta Foreman,CLE,0,10,nfl:gsis:00-0033925,16407,stable,exact_name,0.95,data/raw/espn_cheat_sheets/espn_salary_cap_values_2024_non_ppr.pdf,922bcb5deda390a123693e0245e7a3219ea09876bf35367bde897c44e69eec1d
2024,espn,non_ppr,10,200,127,WR,54,Darnell Mooney,ATL,1,12,nfl:gsis:00-0036309,19810,stable,exact_name,0.95,data/raw/espn_cheat_sheets/espn_salary_cap_values_2024_non_ppr.pdf,922bcb5deda390a123693e0245e7a3219ea09876bf35367bde897c44e69eec1d
2024,espn,non_ppr,10,200,207,TE,23,Luke Musgrave,GB,0,10,nfl:gsis:00-0039144,25282,stable,exact_name,0.95,data/raw/espn_cheat_sheets/espn_salary_cap_values_2024_non_ppr.pdf,922bcb5deda390a123693e0245e7a3219ea09876bf35367bde897c44e69eec1d
2024,espn,non_ppr,10,200,223,RB,65,Kenneth Gainwell,PHI,0,5,nfl:gsis:00-0036919,23310,stable,exact_name,0.95,data/raw/espn_cheat_sheets/espn_salary_cap_values_2024_non_ppr.pdf,922bcb5deda390a123693e0245e7a3219ea09876bf35367bde897c44e69eec1d
2024,espn,non_ppr,10,200,128,WR,55,DeMario Douglas,NE,1,14,nfl:gsis:00-0038621,25304,stable,exact_name,0.95,data/raw/espn_cheat_sheets/espn_salary_cap_values_2024_non_ppr.pdf,922bcb5deda390a123693e0245e7a3219ea09876bf35367bde897c44e69eec1d
2024,espn,non_ppr,10,200,215,TE,24,Cade Otton,TB,0,11,nfl:gsis:00-0038129,23181,stable,exact_name,0.95,data/raw/espn_cheat_sheets/espn_salary_cap_values_2024_non_ppr.pdf,922bcb5deda390a123693e0245e7a3219ea09876bf35367bde897c44e69eec1d
2024,espn,non_ppr,10,200,225,RB,66,Braelon Allen,NYJ,0,12,nfl:gsis:00-0039794,24346,stable,exact_name,0.95,data/raw/espn_cheat_sheets/espn_salary_cap_values_2024_non_ppr.pdf,922bcb5deda390a123693e0245e7a3219ea09876bf35367bde897c44e69eec1d
2024,espn,non_ppr,10,200,129,WR,56,Khalil Shakir,BUF,1,12,nfl:gsis:00-0037261,23748,stable,exact_name,0.95,data/raw/espn_cheat_sheets/espn_salary_cap_values_2024_non_ppr.pdf,922bcb5deda390a123693e0245e7a3219ea09876bf35367bde897c44e69eec1d
2024,espn,non_ppr,10,200,216,TE,25,Noah Fant,SEA,0,10,nfl:gsis:00-0035644,17527,stable,exact_name,0.95,data/raw/espn_cheat_sheets/espn_salary_cap_values_2024_non_ppr.pdf,922bcb5deda390a123693e0245e7a3219ea09876bf35367bde897c44e69eec1d
2024,espn,non_ppr,10,200,226,RB,67,Tank Bigsby,JAX,0,12,nfl:gsis:00-0038555,22908,stable,exact_name,0.95,data/raw/espn_cheat_sheets/espn_salary_cap_values_2024_non_ppr.pdf,922bcb5deda390a123693e0245e7a3219ea09876bf35367bde897c44e69eec1d
2024,espn,non_ppr,10,200,130,WR,57,Ja'Lynn Polk,NE,1,14,nfl:gsis:00-0039907,26205,stable,exact_name,0.95,data/raw/espn_cheat_sheets/espn_salary_cap_values_2024_non_ppr.pdf,922bcb5deda390a123693e0245e7a3219ea09876bf35367bde897c44e69eec1d
2024,espn,non_ppr,10,200,217,TE,26,Hayden Hurst,LAC,0,5,nfl:gsis:00-0034830,17283,stable,exact_name,0.95,data/raw/espn_cheat_sheets/espn_salary_cap_values_2024_non_ppr.pdf,922bcb5deda390a123693e0245e7a3219ea09876bf35367bde897c44e69eec1d
2024,espn,non_ppr,10,200,239,RB,68,Ty Johnson,BUF,0,12,nfl:gsis:00-0035537,18406,stable,exact_name,0.95,data/raw/espn_cheat_sheets/espn_salary_cap_values_2024_non_ppr.pdf,922bcb5deda390a123693e0245e7a3219ea09876bf35367bde897c44e69eec1d
2024,espn,non_ppr,10,200,131,WR,58,Gabe Davis,JAX,1,12,nfl:gsis:00-0036196,19398,stable,exact_name,0.95,data/raw/espn_cheat_sheets/espn_salary_cap_values_2024_non_ppr.pdf,922bcb5deda390a123693e0245e7a3219ea09876bf35367bde897c44e69eec1d
2024,espn,non_ppr,10,200,258,TE,27,Isaiah Likely,BAL,0,14,nfl:gsis:00-0037838,23781,stable,exact_name,0.95,data/raw/espn_cheat_sheets/espn_salary_cap_values_2024_non_ppr.pdf,922bcb5deda390a123693e0245e7a3219ea09876bf35367bde897c44e69eec1d
2024,espn,non_ppr,10,200,240,RB,69,Justice Hill,BAL,0,14,nfl:gsis:00-0034975,18256,stable,exact_name,0.95,data/raw/espn_cheat_sheets/espn_salary_cap_values_2024_non_ppr.pdf,922bcb5deda390a123693e0245e7a3219ea09876bf35367bde897c44e69eec1d
2024,espn,non_ppr,10,200,138,WR,59,Adam Thielen,CAR,1,11,nfl:gsis:00-0030035,13429,stable,exact_name,0.95,data/raw/espn_cheat_sheets/espn_salary_cap_values_2024_non_ppr.pdf,922bcb5deda390a123693e0245e7a3219ea09876bf35367bde897c44e69eec1d
2024,espn,non_ppr,10,200,259,TE,28,Dawson Knox,BUF,0,12,nfl:gsis:00-0035689,18631,stable,exact_name,0.95,data/raw/espn_cheat_sheets/espn_salary_cap_values_2024_non_ppr.pdf,922bcb5deda390a123693e0245e7a3219ea09876bf35367bde897c44e69eec1d
2024,espn,non_ppr,10,200,241,RB,70,Dameon Pierce,HOU,0,14,nfl:gsis:00-0037258,22947,stable,exact_name,0.95,data/raw/espn_cheat_sheets/espn_salary_cap_values_2024_non_ppr.pdf,922bcb5deda390a123693e0245e7a3219ea09876bf35367bde897c44e69eec1d
2024,espn,non_ppr,10,200,139,WR,60,Rashid Shaheed,NO,1,12,nfl:gsis:00-0037545,24687,stable,exact_name,0.95,data/raw/espn_cheat_sheets/espn_salary_cap_values_2024_non_ppr.pdf,922bcb5deda390a123693e0245e7a3219ea09876bf35367bde897c44e69eec1d
2024,espn,non_ppr,10,200,260,TE,29,Jonnu Smith,MIA,0,6,nfl:gsis:00-0033858,16460,stable,exact_name,0.95,data/raw/espn_cheat_sheets/espn_salary_cap_values_2024_non_ppr.pdf,922bcb5deda390a123693e0245e7a3219ea09876bf35367bde897c44e69eec1d
2024,espn,non_ppr,10,200,242,RB,71,Deuce Vaughn,DAL,0,7,nfl:gsis:00-0038622,22984,stable,exact_name,0.95,data/raw/espn_cheat_sheets/espn_salary_cap_values_2024_non_ppr.pdf,922bcb5deda390a123693e0245e7a3219ea09876bf35367bde897c44e69eec1d
2024,espn,non_ppr,10,200,140,WR,61,Curtis Samuel,BUF,1,12,nfl:gsis:00-0033282,16434,stable,exact_name,0.95,data/raw/espn_cheat_sheets/espn_salary_cap_values_2024_non_ppr.pdf,922bcb5deda390a123693e0245e7a3219ea09876bf35367bde897c44e69eec1d
2024,espn,non_ppr,10,200,289,TE,30,Colby Parkinson,LAR,0,6,nfl:gsis:00-0036244,19372,stable,exact_name,0.95,data/raw/espn_cheat_sheets/espn_salary_cap_values_2024_non_ppr.pdf,922bcb5deda390a123693e0245e7a3219ea09876bf35367bde897c44e69eec1d
2024,espn,non_ppr,10,200,243,RB,72,Trey Sermon,IND,0,14,nfl:gsis:00-0036984,19425,stable,exact_name,0.95,data/raw/espn_cheat_sheets/espn_salary_cap_values_2024_non_ppr.pdf,922bcb5deda390a123693e0245e7a3219ea09876bf35367bde897c44e69eec1d
2024,espn,non_ppr,10,200,141,WR,62,Joshua Palmer,LAC,1,5,nfl:gsis:00-0036988,22845,stable,exact_name,0.95,data/raw/espn_cheat_sheets/espn_salary_cap_values_2024_non_ppr.pdf,922bcb5deda390a123693e0245e7a3219ea09876bf35367bde897c44e69eec1d
2024,espn,non_ppr,10,200,290,TE,31,Mike Gesicki,CIN,0,12,nfl:gsis:00-0034829,17272,stable,exact_name,0.95,data/raw/espn_cheat_sheets/espn_salary_cap_values_2024_non_ppr.pdf,922bcb5deda390a123693e0245e7a3219ea09876bf35367bde897c44e69eec1d
2024,espn,non_ppr,10,200,244,RB,73,Audric Estime,DEN,0,14,nfl:gsis:00-0039373,23054,stable,exact_name,0.95,data/raw/espn_cheat_sheets/espn_salary_cap_values_2024_non_ppr.pdf,922bcb5deda390a123693e0245e7a3219ea09876bf35367bde897c44e69eec1d
2024,espn,non_ppr,10,200,147,WR,63,Adonai Mitchell,IND,1,14,nfl:gsis:00-0039890,24357,stable,exact_name,0.95,data/raw/espn_cheat_sheets/espn_salary_cap_values_2024_non_ppr.pdf,922bcb5deda390a123693e0245e7a3219ea09876bf35367bde897c44e69eec1d
2024,espn,non_ppr,10,200,291,TE,32,Ben Sinnott,WAS,0,14,nfl:gsis:00-0039912,26310,stable,exact_name,0.95,data/raw/espn_cheat_sheets/espn_salary_cap_values_2024_non_ppr.pdf,922bcb5deda390a123693e0245e7a3219ea09876bf35367bde897c44e69eec1d
2024,espn,non_ppr,10,200,245,RB,74,Eric Gray,NYG,0,11,nfl:gsis:00-0038396,23075,stable,exact_name,0.95,data/raw/espn_cheat_sheets/espn_salary_cap_values_2024_non_ppr.pdf,922bcb5deda390a123693e0245e7a3219ea09876bf35367bde897c44e69eec1d
2024,espn,non_ppr,10,200,148,WR,64,Michael Wilson,ARI,1,11,nfl:gsis:00-0038559,25333,stable,exact_name,0.95,data/raw/espn_cheat_sheets/espn_salary_cap_values_2024_non_ppr.pdf,922bcb5deda390a123693e0245e7a3219ea09876bf35367bde897c44e69eec1d
2024,espn,non_ppr,10,200,292,TE,33,Theo Johnson,NYG,0,11,nfl:gsis:00-0039847,23104,stable,exact_name,0.95,data/raw/espn_cheat_sheets/espn_salary_cap_values_2024_non_ppr.pdf,922bcb5deda390a123693e0245e7a3219ea09876bf35367bde897c44e69eec1d
2024,espn,non_ppr,10,200,246,RB,75,Roschon Johnson,CHI,0,7,nfl:gsis:00-0039021,25322,stable,exact_name,0.95,data/raw/espn_cheat_sheets/espn_salary_cap_values_2024_non_ppr.pdf,922bcb5deda390a123693e0245e7a3219ea09876bf35367bde897c44e69eec1d
2024,espn,non_ppr,10,200,149,WR,65,Xavier Legette,CAR,1,11,nfl:gsis:00-0039342,26136,stable,exact_name,0.95,data/raw/espn_cheat_sheets/espn_salary_cap_values_2024_non_ppr.pdf,922bcb5deda390a123693e0245e7a3219ea09876bf35367bde897c44e69eec1d
2024,espn,non_ppr,10,200,293,TE,34,Kylen Granson,IND,0,14,nfl:gsis:00-0036876,22841,stable,exact_name,0.95,data/raw/espn_cheat_sheets/espn_salary_cap_values_2024_non_ppr.pdf,922bcb5deda390a123693e0245e7a3219ea09876bf35367bde897c44e69eec1d
2024,espn,non_ppr,10,200,247,RB,76,Isaiah Davis,NYJ,0,12,nfl:gsis:00-0039798,25977,stable,exact_name,0.95,data/raw/espn_cheat_sheets/espn_salary_cap_values_2024_non_ppr.pdf,922bcb5deda390a123693e0245e7a3219ea09876bf35367bde897c44e69eec1d
2024,espn,non_ppr,10,200,150,WR,66,Romeo Doubs,GB,1,10,nfl:gsis:00-0037816,23794,stable,exact_name,0.95,data/raw/espn_cheat_sheets/espn_salary_cap_values_2024_non_ppr.pdf,922bcb5deda390a123693e0245e7a3219ea09876bf35367bde897c44e69eec1d
2024,espn,non_ppr,10,200,311,TE,35,Gerald Everett,CHI,0,7,nfl:gsis:00-0033895,16459,stable,exact_name,0.95,data/raw/espn_cheat_sheets/espn_salary_cap_values_2024_non_ppr.pdf,922bcb5deda390a123693e0245e7a3219ea09876bf35367bde897c44e69eec1d
2024,espn,non_ppr,10,200,248,RB,77,Emanuel Wilson,GB,0,10,nfl:gsis:00-0038797,25885,stable,exact_name,0.95,data/raw/espn_cheat_sheets/espn_salary_cap_values_2024_non_ppr.pdf,922bcb5deda390a123693e0245e7a3219ea09876bf35367bde897c44e69eec1d
2024,espn,non_ppr,10,200,151,WR,67,Dontayvion Wicks,GB,1,10,nfl:gsis:00-0038393,24354,stable,exact_name,0.95,data/raw/espn_cheat_sheets/espn_salary_cap_values_2024_non_ppr.pdf,922bcb5deda390a123693e0245e7a3219ea09876bf35367bde897c44e69eec1d
2025,espn,non_ppr,10,200,28,QB,1,Josh Allen,BUF,29,7,nfl:gsis:00-0034857,17298,stable,exact_name,0.95,data/raw/espn_cheat_sheets/espn_salary_cap_values_2025_non_ppr.pdf,995fa8f024bbc64b0b5b96280eacbd9373c74c21becee70e5a292ab04b3d34c2
2025,espn,non_ppr,10,200,2,RB,1,Bijan Robinson,ATL,56,5,nfl:gsis:00-0038542,23133,stable,exact_name,0.95,data/raw/espn_cheat_sheets/espn_salary_cap_values_2025_non_ppr.pdf,995fa8f024bbc64b0b5b96280eacbd9373c74c21becee70e5a292ab04b3d34c2
2025,espn,non_ppr,10,200,249,RB,78,Chris Rodriguez Jr.,WAS,0,12,nfl:gsis:00-0038611,22986,stable,exact_name,0.95,data/raw/espn_cheat_sheets/espn_salary_cap_values_2025_non_ppr.pdf,995fa8f024bbc64b0b5b96280eacbd9373c74c21becee70e5a292ab04b3d34c2
2025,espn,non_ppr,10,200,163,WR,68,Amari Cooper,LV,0,8,nfl:gsis:00-0031544,13894,stable,global_exact_name,0.8,data/raw/espn_cheat_sheets/espn_salary_cap_values_2025_non_ppr.pdf,995fa8f024bbc64b0b5b96280eacbd9373c74c21becee70e5a292ab04b3d34c2
2025,espn,non_ppr,10,200,29,QB,2,Lamar Jackson,BAL,28,7,nfl:gsis:00-0034796,17233,stable,exact_name,0.95,data/raw/espn_cheat_sheets/espn_salary_cap_values_2025_non_ppr.pdf,995fa8f024bbc64b0b5b96280eacbd9373c74c21becee70e5a292ab04b3d34c2
2025,espn,non_ppr,10,200,4,RB,2,Saquon Barkley,PHI,55,9,nfl:gsis:00-0034844,17240,stable,exact_name,0.95,data/raw/espn_cheat_sheets/espn_salary_cap_values_2025_non_ppr.pdf,995fa8f024bbc64b0b5b96280eacbd9373c74c21becee70e5a292ab04b3d34c2
2025,espn,non_ppr,10,200,250,RB,79,Emanuel Wilson,GB,0,5,nfl:gsis:00-0038797,25885,stable,exact_name,0.95,data/raw/espn_cheat_sheets/espn_salary_cap_values_2025_non_ppr.pdf,995fa8f024bbc64b0b5b96280eacbd9373c74c21becee70e5a292ab04b3d34c2
2025,espn,non_ppr,10,200,164,WR,69,Luther Burden III,CHI,0,5,nfl:gsis:00-0040735,27016,stable,exact_name,0.95,data/raw/espn_cheat_sheets/espn_salary_cap_values_2025_non_ppr.pdf,995fa8f024bbc64b0b5b96280eacbd9373c74c21becee70e5a292ab04b3d34c2
2025,espn,non_ppr,10,200,30,QB,3,Jayden Daniels,WAS,27,12,nfl:gsis:00-0039910,22902,stable,exact_name,0.95,data/raw/espn_cheat_sheets/espn_salary_cap_values_2025_non_ppr.pdf,995fa8f024bbc64b0b5b96280eacbd9373c74c21becee70e5a292ab04b3d34c2
2025,espn,non_ppr,10,200,5,RB,3,Jahmyr Gibbs,DET,54,8,nfl:gsis:00-0039139,22968,stable,exact_name,0.95,data/raw/espn_cheat_sheets/espn_salary_cap_values_2025_non_ppr.pdf,995fa8f024bbc64b0b5b96280eacbd9373c74c21becee70e5a292ab04b3d34c2
2025,espn,non_ppr,10,200,251,RB,80,Sean Tucker,TB,0,9,nfl:gsis:00-0038951,23679,stable,exact_name,0.95,data/raw/espn_cheat_sheets/espn_salary_cap_values_2025_non_ppr.pdf,995fa8f024bbc64b0b5b96280eacbd9373c74c21becee70e5a292ab04b3d34c2
2025,espn,non_ppr,10,200,193,WR,70,Darius Slayton,NYG,0,14,nfl:gsis:00-0035535,18706,stable,exact_name,0.95,data/raw/espn_cheat_sheets/espn_salary_cap_values_2025_non_ppr.pdf,995fa8f024bbc64b0b5b96280eacbd9373c74c21becee70e5a292ab04b3d34c2
2025,espn,non_ppr,10,200,31,QB,4,Jalen Hurts,PHI,26,9,nfl:gsis:00-0036389,19275,stable,exact_name,0.95,data/raw/espn_cheat_sheets/espn_salary_cap_values_2025_non_ppr.pdf,995fa8f024bbc64b0b5b96280eacbd9373c74c21becee70e5a292ab04b3d34c2
2025,espn,non_ppr,10,200,6,RB,4,Christian McCaffrey,SF,53,14,nfl:gsis:00-0033280,16393,stable,exact_name,0.95,data/raw/espn_cheat_sheets/espn_salary_cap_values_2025_non_ppr.pdf,995fa8f024bbc64b0b5b96280eacbd9373c74c21becee70e5a292ab04b3d34c2
2025,espn,non_ppr,10,200,265,RB,81,Emari Demercado,ARI,0,8,nfl:gsis:00-0038705,25654,stable,exact_name,0.95,data/raw/espn_cheat_sheets/espn_salary_cap_values_2025_non_ppr.pdf,995fa8f024bbc64b0b5b96280eacbd9373c74c21becee70e5a292ab04b3d34c2
2025,espn,non_ppr,10,200,194,WR,71,Nick Westbrook-Ikhine,MIA,0,12,nfl:gsis:00-0036182,19747,stable,exact_name,0.95,data/raw/espn_cheat_sheets/espn_salary_cap_values_2025_non_ppr.pdf,995fa8f024bbc64b0b5b96280eacbd9373c74c21becee70e5a292ab04b3d34c2
2025,espn,non_ppr,10,200,39,QB,5,Joe Burrow,CIN,21,10,nfl:gsis:00-0036442,19196,stable,exact_name,0.95,data/raw/espn_cheat_sheets/espn_salary_cap_values_2025_non_ppr.pdf,995fa8f024bbc64b0b5b96280eacbd9373c74c21becee70e5a292ab04b3d34c2
2025,espn,non_ppr,10,200,10,RB,5,Derrick Henry,BAL,50,7,nfl:gsis:00-0032764,15514,stable,exact_name,0.95,data/raw/espn_cheat_sheets/espn_salary_cap_values_2025_non_ppr.pdf,995fa8f024bbc64b0b5b96280eacbd9373c74c21becee70e5a292ab04b3d34c2
2025,espn,non_ppr,10,200,266,RB,82,Isaiah Davis,NYJ,0,9,nfl:gsis:00-0039798,25977,stable,exact_name,0.95,data/raw/espn_cheat_sheets/espn_salary_cap_values_2025_non_ppr.pdf,995fa8f024bbc64b0b5b96280eacbd9373c74c21becee70e5a292ab04b3d34c2
2025,espn,non_ppr,10,200,197,WR,72,Adam Thielen,MIN,0,6,nfl:gsis:00-0030035,13429,stable,exact_name,0.95,data/raw/espn_cheat_sheets/espn_salary_cap_values_2025_non_ppr.pdf,995fa8f024bbc64b0b5b96280eacbd9373c74c21becee70e5a292ab04b3d34c2
2025,espn,non_ppr,10,200,62,QB,6,Patrick Mahomes,KC,8,10,nfl:gsis:00-0033873,16413,stable,exact_name,0.95,data/raw/espn_cheat_sheets/espn_salary_cap_values_2025_non_ppr.pdf,995fa8f024bbc64b0b5b96280eacbd9373c74c21becee70e5a292ab04b3d34c2
2025,espn,non_ppr,10,200,12,RB,6,Ashton Jeanty,LV,46,8,nfl:gsis:00-0040122,25989,stable,exact_name,0.95,data/raw/espn_cheat_sheets/espn_salary_cap_values_2025_non_ppr.pdf,995fa8f024bbc64b0b5b96280eacbd9373c74c21becee70e5a292ab04b3d34c2
2025,espn,non_ppr,10,200,276,RB,83,Kalel Mullings,TEN,0,10,nfl:gsis:00-0040205,27045,stable,exact_name,0.95,data/raw/espn_cheat_sheets/espn_salary_cap_values_2025_non_ppr.pdf,995fa8f024bbc64b0b5b96280eacbd9373c74c21becee70e5a292ab04b3d34c2
2025,espn,non_ppr,10,200,201,WR,73,DeAndre Hopkins,BAL,0,7,nfl:gsis:00-0030564,11606,stable,exact_name,0.95,data/raw/espn_cheat_sheets/espn_salary_cap_values_2025_non_ppr.pdf,995fa8f024bbc64b0b5b96280eacbd9373c74c21becee70e5a292ab04b3d34c2
2025,espn,non_ppr,10,200,63,QB,7,Baker Mayfield,TB,8,9,nfl:gsis:00-0034855,17237,stable,exact_name,0.95,data/raw/espn_cheat_sheets/espn_salary_cap_values_2025_non_ppr.pdf,995fa8f024bbc64b0b5b96280eacbd9373c74c21becee70e5a292ab04b3d34c2
2025,espn,non_ppr,10,200,17,RB,7,Jonathan Taylor,IND,38,11,nfl:gsis:00-0036223,19217,stable,exact_name,0.95,data/raw/espn_cheat_sheets/espn_salary_cap_values_2025_non_ppr.pdf,995fa8f024bbc64b0b5b96280eacbd9373c74c21becee70e5a292ab04b3d34c2
2025,espn,non_ppr,10,200,277,RB,84,Keaton Mitchell,BAL,0,7,nfl:gsis:00-0038454,25360,stable,exact_name,0.95,data/raw/espn_cheat_sheets/espn_salary_cap_values_2025_non_ppr.pdf,995fa8f024bbc64b0b5b96280eacbd9373c74c21becee70e5a292ab04b3d34c2
2025,espn,non_ppr,10,200,202,WR,74,Elic Ayomanor,TEN,0,10,nfl:gsis:00-0040170,27059,stable,exact_name,0.95,data/raw/espn_cheat_sheets/espn_salary_cap_values_2025_non_ppr.pdf,995fa8f024bbc64b0b5b96280eacbd9373c74c21becee70e5a292ab04b3d34c2
2025,espn,non_ppr,10,200,87,QB,8,Bo Nix,DEN,3,12,nfl:gsis:00-0039732,22910,stable,exact_name,0.95,data/raw/espn_cheat_sheets/espn_salary_cap_values_2025_non_ppr.pdf,995fa8f024bbc64b0b5b96280eacbd9373c74c21becee70e5a292ab04b3d34c2
2025,espn,non_ppr,10,200,18,RB,8,Josh Jacobs,GB,37,5,nfl:gsis:00-0035700,18269,stable,exact_name,0.95,data/raw/espn_cheat_sheets/espn_salary_cap_values_2025_non_ppr.pdf,995fa8f024bbc64b0b5b96280eacbd9373c74c21becee70e5a292ab04b3d34c2
2025,espn,non_ppr,10,200,278,RB,85,Kyle Juszczyk,SF,0,14,nfl:gsis:00-0029892,11798,stable,exact_name,0.95,data/raw/espn_cheat_sheets/espn_salary_cap_values_2025_non_ppr.pdf,995fa8f024bbc64b0b5b96280eacbd9373c74c21becee70e5a292ab04b3d34c2
2025,espn,non_ppr,10,200,203,WR,75,Pat Bryant,DEN,0,12,nfl:gsis:00-0040134,27211,stable,exact_name,0.95,data/raw/espn_cheat_sheets/espn_salary_cap_values_2025_non_ppr.pdf,995fa8f024bbc64b0b5b96280eacbd9373c74c21becee70e5a292ab04b3d34c2
2025,espn,non_ppr,10,200,88,QB,9,Kyler Murray,ARI,3,8,nfl:gsis:00-0035228,18600,stable,exact_name,0.95,data/raw/espn_cheat_sheets/espn_salary_cap_values_2025_non_ppr.pdf,995fa8f024bbc64b0b5b96280eacbd9373c74c21becee70e5a292ab04b3d34c2
2025,espn,non_ppr,10,200,19,RB,9,De'Von Achane,MIA,36,12,nfl:gsis:00-0039040,23136,stable,exact_name,0.95,data/raw/espn_cheat_sheets/espn_salary_cap_values_2025_non_ppr.pdf,995fa8f024bbc64b0b5b96280eacbd9373c74c21becee70e5a292ab04b3d34c2
2025,espn,non_ppr,10,200,204,WR,76,Tutu Atwell,LAR,0,8,nfl:gsis:00-0036849,20126,stable,exact_name,0.95,data/raw/espn_cheat_sheets/espn_salary_cap_values_2025_non_ppr.pdf,995fa8f024bbc64b0b5b96280eacbd9373c74c21becee70e5a292ab04b3d34c2
2025,espn,non_ppr,10,200,89,QB,10,Brock Purdy,SF,3,14,nfl:gsis:00-0037834,19797,stable,exact_name,0.95,data/raw/espn_cheat_sheets/espn_salary_cap_values_2025_non_ppr.pdf,995fa8f024bbc64b0b5b96280eacbd9373c74c21becee70e5a292ab04b3d34c2
2025,espn,non_ppr,10,200,22,RB,10,Kyren Williams,LAR,33,8,nfl:gsis:00-0037840,23059,stable,exact_name,0.95,data/raw/espn_cheat_sheets/espn_salary_cap_values_2025_non_ppr.pdf,995fa8f024bbc64b0b5b96280eacbd9373c74c21becee70e5a292ab04b3d34c2
2025,espn,non_ppr,10,200,205,WR,77,Josh Reynolds,NYJ,0,9,nfl:gsis:00-0033943,16439,stable,exact_name,0.95,data/raw/espn_cheat_sheets/espn_salary_cap_values_2025_non_ppr.pdf,995fa8f024bbc64b0b5b96280eacbd9373c74c21becee70e5a292ab04b3d34c2
2025,espn,non_ppr,10,200,103,QB,11,Justin Herbert,LAC,2,12,nfl:gsis:00-0036355,18635,stable,exact_name,0.95,data/raw/espn_cheat_sheets/espn_salary_cap_values_2025_non_ppr.pdf,995fa8f024bbc64b0b5b96280eacbd9373c74c21becee70e5a292ab04b3d34c2
2025,espn,non_ppr,10,200,23,RB,11,Bucky Irving,TB,32,9,nfl:gsis:00-0039361,25981,stable,exact_name,0.95,data/raw/espn_cheat_sheets/espn_salary_cap_values_2025_non_ppr.pdf,995fa8f024bbc64b0b5b96280eacbd9373c74c21becee70e5a292ab04b3d34c2
2025,espn,non_ppr,10,200,1,WR,1,Ja'Marr Chase,CIN,57,10,nfl:gsis:00-0036900,19788,stable,exact_name,0.95,data/raw/espn_cheat_sheets/espn_salary_cap_values_2025_non_ppr.pdf,995fa8f024bbc64b0b5b96280eacbd9373c74c21becee70e5a292ab04b3d34c2
2025,espn,non_ppr,10,200,208,WR,78,Ray-Ray McCloud III,ATL,0,5,nfl:gsis:00-0034407,17530,stable,exact_name,0.95,data/raw/espn_cheat_sheets/espn_salary_cap_values_2025_non_ppr.pdf,995fa8f024bbc64b0b5b96280eacbd9373c74c21becee70e5a292ab04b3d34c2
2025,espn,non_ppr,10,200,104,QB,12,Caleb Williams,CHI,2,5,nfl:gsis:00-0039918,23084,stable,exact_name,0.95,data/raw/espn_cheat_sheets/espn_salary_cap_values_2025_non_ppr.pdf,995fa8f024bbc64b0b5b96280eacbd9373c74c21becee70e5a292ab04b3d34c2
2025,espn,non_ppr,10,200,32,RB,12,Chase Brown,CIN,25,10,nfl:gsis:00-0038597,25324,stable,exact_name,0.95,data/raw/espn_cheat_sheets/espn_salary_cap_values_2025_non_ppr.pdf,995fa8f024bbc64b0b5b96280eacbd9373c74c21becee70e5a292ab04b3d34c2
2025,espn,non_ppr,10,200,3,WR,2,Justin Jefferson,MIN,55,6,nfl:gsis:00-0036322,19236,stable,exact_name,0.95,data/raw/espn_cheat_sheets/espn_salary_cap_values_2025_non_ppr.pdf,995fa8f024bbc64b0b5b96280eacbd9373c74c21becee70e5a292ab04b3d34c2
2025,espn,non_ppr,10,200,209,WR,79,Dyami Brown,JAX,0,8,nfl:gsis:00-0036626,20113,stable,exact_name,0.95,data/raw/espn_cheat_sheets/espn_salary_cap_values_2025_non_ppr.pdf,995fa8f024bbc64b0b5b96280eacbd9373c74c21becee70e5a292ab04b3d34c2
2025,espn,non_ppr,10,200,105,QB,13,Drake Maye,NE,2,14,nfl:gsis:00-0039851,23046,stable,exact_name,0.95,data/raw/espn_cheat_sheets/espn_salary_cap_values_2025_non_ppr.pdf,995fa8f024bbc64b0b5b96280eacbd9373c74c21becee70e5a292ab04b3d34c2
2025,espn,non_ppr,10,200,33,RB,13,James Cook,BUF,24,7,nfl:gsis:00-0037248,22958,stable,exact_name,0.95,data/raw/espn_cheat_sheets/espn_salary_cap_values_2025_non_ppr.pdf,995fa8f024bbc64b0b5b96280eacbd9373c74c21becee70e5a292ab04b3d34c2
2025,espn,non_ppr,10,200,7,WR,3,CeeDee Lamb,DAL,53,10,nfl:gsis:00-0036358,19202,stable,exact_name,0.95,data/raw/espn_cheat_sheets/espn_salary_cap_values_2025_non_ppr.pdf,995fa8f024bbc64b0b5b96280eacbd9373c74c21becee70e5a292ab04b3d34c2
2025,espn,non_ppr,10,200,210,WR,80,Calvin Austin III,PIT,0,5,nfl:gsis:00-0037837,23739,stable,exact_name,0.95,data/raw/espn_cheat_sheets/espn_salary_cap_values_2025_non_ppr.pdf,995fa8f024bbc64b0b5b96280eacbd9373c74c21becee70e5a292ab04b3d34c2
2025,espn,non_ppr,10,200,106,QB,14,Dak Prescott,DAL,2,10,nfl:gsis:00-0033077,15600,stable,exact_name,0.95,data/raw/espn_cheat_sheets/espn_salary_cap_values_2025_non_ppr.pdf,995fa8f024bbc64b0b5b96280eacbd9373c74c21becee70e5a292ab04b3d34c2
2025,espn,non_ppr,10,200,37,RB,14,Omarion Hampton,LAC,22,12,nfl:gsis:00-0040666,25395,stable,exact_name,0.95,data/raw/espn_cheat_sheets/espn_salary_cap_values_2025_non_ppr.pdf,995fa8f024bbc64b0b5b96280eacbd9373c74c21becee70e5a292ab04b3d34c2
2025,espn,non_ppr,10,200,8,WR,4,Malik Nabers,NYG,52,14,nfl:gsis:00-0039337,25409,stable,exact_name,0.95,data/raw/espn_cheat_sheets/espn_salary_cap_values_2025_non_ppr.pdf,995fa8f024bbc64b0b5b96280eacbd9373c74c21becee70e5a292ab04b3d34c2
2025,espn,non_ppr,10,200,211,WR,81,Noah Brown,WAS,0,12,nfl:gsis:00-0033591,16443,stable,exact_name,0.95,data/raw/espn_cheat_sheets/espn_salary_cap_values_2025_non_ppr.pdf,995fa8f024bbc64b0b5b96280eacbd9373c74c21becee70e5a292ab04b3d34c2
2025,espn,non_ppr,10,200,121,QB,15,Justin Fields,NYJ,1,9,nfl:gsis:00-0036945,19781,stable,exact_name,0.95,data/raw/espn_cheat_sheets/espn_salary_cap_values_2025_non_ppr.pdf,995fa8f024bbc64b0b5b96280eacbd9373c74c21becee70e5a292ab04b3d34c2
2025,espn,non_ppr,10,200,38,RB,15,Chuba Hubbard,CAR,21,14,nfl:gsis:00-0036555,19792,stable,exact_name,0.95,data/raw/espn_cheat_sheets/espn_salary_cap_values_2025_non_ppr.pdf,995fa8f024bbc64b0b5b96280eacbd9373c74c21becee70e5a292ab04b3d34c2
2025,espn,non_ppr,10,200,9,WR,5,Puka Nacua,LAR,51,8,nfl:gsis:00-0039075,23180,stable,exact_name,0.95,data/raw/espn_cheat_sheets/espn_salary_cap_values_2025_non_ppr.pdf,995fa8f024bbc64b0b5b96280eacbd9373c74c21becee70e5a292ab04b3d34c2
2025,espn,non_ppr,10,200,224,WR,82,Tyler Lockett,TEN,0,10,nfl:gsis:00-0032211,13971,stable,exact_name,0.95,data/raw/espn_cheat_sheets/espn_salary_cap_values_2025_non_ppr.pdf,995fa8f024bbc64b0b5b96280eacbd9373c74c21becee70e5a292ab04b3d34c2
2025,espn,non_ppr,10,200,122,QB,16,Jordan Love,GB,1,5,nfl:gsis:00-0036264,19246,stable,exact_name,0.95,data/raw/espn_cheat_sheets/espn_salary_cap_values_2025_non_ppr.pdf,995fa8f024bbc64b0b5b96280eacbd9373c74c21becee70e5a292ab04b3d34c2
2025,espn,non_ppr,10,200,41,RB,16,James Conner,ARI,19,8,nfl:gsis:00-0033553,16447,stable,exact_name,0.95,data/raw/espn_cheat_sheets/espn_salary_cap_values_2025_non_ppr.pdf,995fa8f024bbc64b0b5b96280eacbd9373c74c21becee70e5a292ab04b3d34c2
2025,espn,non_ppr,10,200,11,WR,6,Amon-Ra St. Brown,DET,48,8,nfl:gsis:00-0036963,19799,stable,exact_name,0.95,data/raw/espn_cheat_sheets/espn_salary_cap_values_2025_non_ppr.pdf,995fa8f024bbc64b0b5b96280eacbd9373c74c21becee70e5a292ab04b3d34c2
2025,espn,non_ppr,10,200,227,WR,83,Quentin Johnston,LAC,0,12,nfl:gsis:00-0038544,23123,stable,exact_name,0.95,data/raw/espn_cheat_sheets/espn_salary_cap_values_2025_non_ppr.pdf,995fa8f024bbc64b0b5b96280eacbd9373c74c21becee70e5a292ab04b3d34c2
2025,espn,non_ppr,10,200,123,QB,17,J.J. McCarthy,MIN,1,6,nfl:gsis:00-0039923,23018,stable,exact_name,0.95,data/raw/espn_cheat_sheets/espn_salary_cap_values_2025_non_ppr.pdf,995fa8f024bbc64b0b5b96280eacbd9373c74c21becee70e5a292ab04b3d34c2
2025,espn,non_ppr,10,200,42,RB,17,Alvin Kamara,NO,19,11,nfl:gsis:00-0033906,16421,stable,exact_name,0.95,data/raw/espn_cheat_sheets/espn_salary_cap_values_2025_non_ppr.pdf,995fa8f024bbc64b0b5b96280eacbd9373c74c21becee70e5a292ab04b3d34c2
2025,espn,non_ppr,10,200,13,WR,7,Nico Collins,HOU,45,6,nfl:gsis:00-0036554,20130,stable,exact_name,0.95,data/raw/espn_cheat_sheets/espn_salary_cap_values_2025_non_ppr.pdf,995fa8f024bbc64b0b5b96280eacbd9373c74c21becee70e5a292ab04b3d34c2
2025,espn,non_ppr,10,200,228,WR,84,Christian Watson,GB,0,5,nfl:gsis:00-0038124,23886,stable,exact_name,0.95,data/raw/espn_cheat_sheets/espn_salary_cap_values_2025_non_ppr.pdf,995fa8f024bbc64b0b5b96280eacbd9373c74c21becee70e5a292ab04b3d34c2
2025,espn,non_ppr,10,200,124,QB,18,C.J. Stroud,HOU,1,6,nfl:gsis:00-0039163,23071,stable,exact_name,0.95,data/raw/espn_cheat_sheets/espn_salary_cap_values_2025_non_ppr.pdf,995fa8f024bbc64b0b5b96280eacbd9373c74c21becee70e5a292ab04b3d34c2
2025,espn,non_ppr,10,200,43,RB,18,TreVeyon Henderson,NE,18,14,nfl:gsis:00-0040734,23065,stable,exact_name,0.95,data/raw/espn_cheat_sheets/espn_salary_cap_values_2025_non_ppr.pdf,995fa8f024bbc64b0b5b96280eacbd9373c74c21becee70e5a292ab04b3d34c2
2025,espn,non_ppr,10,200,14,WR,8,Brian Thomas Jr.,JAX,43,8,nfl:gsis:00-0039893,23000,stable,exact_name,0.95,data/raw/espn_cheat_sheets/espn_salary_cap_values_2025_non_ppr.pdf,995fa8f024bbc64b0b5b96280eacbd9373c74c21becee70e5a292ab04b3d34c2
2025,espn,non_ppr,10,200,229,WR,85,Adonai Mitchell,IND,0,11,nfl:gsis:00-0039890,24357,stable,exact_name,0.95,data/raw/espn_cheat_sheets/espn_salary_cap_values_2025_non_ppr.pdf,995fa8f024bbc64b0b5b96280eacbd9373c74c21becee70e5a292ab04b3d34c2
2025,espn,non_ppr,10,200,143,QB,19,Jared Goff,DET,1,8,nfl:gsis:00-0033106,15501,stable,exact_name,0.95,data/raw/espn_cheat_sheets/espn_salary_cap_values_2025_non_ppr.pdf,995fa8f024bbc64b0b5b96280eacbd9373c74c21becee70e5a292ab04b3d34c2
2025,espn,non_ppr,10,200,44,RB,19,Kenneth Walker III,SEA,17,8,nfl:gsis:00-0038134,23021,stable,exact_name,0.95,data/raw/espn_cheat_sheets/espn_salary_cap_values_2025_non_ppr.pdf,995fa8f024bbc64b0b5b96280eacbd9373c74c21becee70e5a292ab04b3d34c2
2025,espn,non_ppr,10,200,15,WR,9,A.J. Brown,PHI,42,9,nfl:gsis:00-0035676,18218,stable,exact_name,0.95,data/raw/espn_cheat_sheets/espn_salary_cap_values_2025_non_ppr.pdf,995fa8f024bbc64b0b5b96280eacbd9373c74c21becee70e5a292ab04b3d34c2
2025,espn,non_ppr,10,200,230,WR,86,Troy Franklin,DEN,0,12,nfl:gsis:00-0039868,23092,stable,exact_name,0.95,data/raw/espn_cheat_sheets/espn_salary_cap_values_2025_non_ppr.pdf,995fa8f024bbc64b0b5b96280eacbd9373c74c21becee70e5a292ab04b3d34c2
2025,espn,non_ppr,10,200,144,QB,20,Tua Tagovailoa,MIA,1,12,nfl:gsis:00-0036212,19198,stable,exact_name,0.95,data/raw/espn_cheat_sheets/espn_salary_cap_values_2025_non_ppr.pdf,995fa8f024bbc64b0b5b96280eacbd9373c74c21becee70e5a292ab04b3d34c2
2025,espn,non_ppr,10,200,45,RB,20,Breece Hall,NYJ,17,9,nfl:gsis:00-0038120,22982,stable,exact_name,0.95,data/raw/espn_cheat_sheets/espn_salary_cap_values_2025_non_ppr.pdf,995fa8f024bbc64b0b5b96280eacbd9373c74c21becee70e5a292ab04b3d34c2
2025,espn,non_ppr,10,200,16,WR,10,Tee Higgins,CIN,40,10,nfl:gsis:00-0036410,19211,stable,exact_name,0.95,data/raw/espn_cheat_sheets/espn_salary_cap_values_2025_non_ppr.pdf,995fa8f024bbc64b0b5b96280eacbd9373c74c21becee70e5a292ab04b3d34c2
2025,espn,non_ppr,10,200,231,WR,87,KaVontae Turpin,DAL,0,10,nfl:gsis:00-0037801,18520,stable,exact_name,0.95,data/raw/espn_cheat_sheets/espn_salary_cap_values_2025_non_ppr.pdf,995fa8f024bbc64b0b5b96280eacbd9373c74c21becee70e5a292ab04b3d34c2
2025,espn,non_ppr,10,200,145,QB,21,Matthew Stafford,LAR,1,8,nfl:gsis:00-0026498,9451,stable,exact_name,0.95,data/raw/espn_cheat_sheets/espn_salary_cap_values_2025_non_ppr.pdf,995fa8f024bbc64b0b5b96280eacbd9373c74c21becee70e5a292ab04b3d34c2
2025,espn,non_ppr,10,200,52,RB,21,D'Andre Swift,CHI,11,5,nfl:gsis:00-0036275,19210,stable,exact_name,0.95,data/raw/espn_cheat_sheets/espn_salary_cap_values_2025_non_ppr.pdf,995fa8f024bbc64b0b5b96280eacbd9373c74c21becee70e5a292ab04b3d34c2
2025,espn,non_ppr,10,200,24,WR,11,Drake London,ATL,32,5,nfl:gsis:00-0037238,23163,stable,exact_name,0.95,data/raw/espn_cheat_sheets/espn_salary_cap_values_2025_non_ppr.pdf,995fa8f024bbc64b0b5b96280eacbd9373c74c21becee70e5a292ab04b3d34c2
2025,espn,non_ppr,10,200,232,WR,88,Allen Lazard,NYJ,0,9,nfl:gsis:00-0034521,17301,stable,exact_name,0.95,data/raw/espn_cheat_sheets/espn_salary_cap_values_2025_non_ppr.pdf,995fa8f024bbc64b0b5b96280eacbd9373c74c21becee70e5a292ab04b3d34c2
2025,espn,non_ppr,10,200,198,QB,22,Trevor Lawrence,JAX,0,8,nfl:gsis:00-0036971,19780,stable,exact_name,0.95,data/raw/espn_cheat_sheets/espn_salary_cap_values_2025_non_ppr.pdf,995fa8f024bbc64b0b5b96280eacbd9373c74c21becee70e5a292ab04b3d34c2
2025,espn,non_ppr,10,200,67,RB,22,David Montgomery,DET,7,8,nfl:gsis:00-0035685,18239,stable,exact_name,0.95,data/raw/espn_cheat_sheets/espn_salary_cap_values_2025_non_ppr.pdf,995fa8f024bbc64b0b5b96280eacbd9373c74c21becee70e5a292ab04b3d34c2
2025,espn,non_ppr,10,200,25,WR,12,Davante Adams,LAR,31,8,nfl:gsis:00-0031381,12123,stable,exact_name,0.95,data/raw/espn_cheat_sheets/espn_salary_cap_values_2025_non_ppr.pdf,995fa8f024bbc64b0b5b96280eacbd9373c74c21becee70e5a292ab04b3d34c2
2025,espn,non_ppr,10,200,233,WR,89,Jalen Coker,CAR,0,14,nfl:gsis:00-0039491,26403,stable,exact_name,0.95,data/raw/espn_cheat_sheets/espn_salary_cap_values_2025_non_ppr.pdf,995fa8f024bbc64b0b5b96280eacbd9373c74c21becee70e5a292ab04b3d34c2
2025,espn,non_ppr,10,200,199,QB,23,Cameron Ward,TEN,0,10,nfl:gsis:00-0040676,24755,stable,exact_name,0.95,data/raw/espn_cheat_sheets/espn_salary_cap_values_2025_non_ppr.pdf,995fa8f024bbc64b0b5b96280eacbd9373c74c21becee70e5a292ab04b3d34c2
2025,espn,non_ppr,10,200,68,RB,23,Tony Pollard,TEN,6,10,nfl:gsis:00-0035261,18705,stable,exact_name,0.95,data/raw/espn_cheat_sheets/espn_salary_cap_values_2025_non_ppr.pdf,995fa8f024bbc64b0b5b96280eacbd9373c74c21becee70e5a292ab04b3d34c2
2025,espn,non_ppr,10,200,26,WR,13,Tyreek Hill,MIA,30,12,nfl:gsis:00-0033040,15802,stable,exact_name,0.95,data/raw/espn_cheat_sheets/espn_salary_cap_values_2025_non_ppr.pdf,995fa8f024bbc64b0b5b96280eacbd9373c74c21becee70e5a292ab04b3d34c2
2025,espn,non_ppr,10,200,234,WR,90,Andrei Iosivas,CIN,0,10,nfl:gsis:00-0038619,25335,stable,exact_name,0.95,data/raw/espn_cheat_sheets/espn_salary_cap_values_2025_non_ppr.pdf,995fa8f024bbc64b0b5b96280eacbd9373c74c21becee70e5a292ab04b3d34c2
2025,espn,non_ppr,10,200,200,QB,24,Michael Penix Jr.,ATL,0,5,nfl:gsis:00-0039917,22973,stable,exact_name,0.95,data/raw/espn_cheat_sheets/espn_salary_cap_values_2025_non_ppr.pdf,995fa8f024bbc64b0b5b96280eacbd9373c74c21becee70e5a292ab04b3d34c2
2025,espn,non_ppr,10,200,70,RB,24,RJ Harvey,DEN,6,12,nfl:gsis:00-0040730,27142,stable,exact_name,0.95,data/raw/espn_cheat_sheets/espn_salary_cap_values_2025_non_ppr.pdf,995fa8f024bbc64b0b5b96280eacbd9373c74c21becee70e5a292ab04b3d34c2
2025,espn,non_ppr,10,200,27,WR,14,Terry McLaurin,WAS,30,12,nfl:gsis:00-0035659,18466,stable,exact_name,0.95,data/raw/espn_cheat_sheets/espn_salary_cap_values_2025_non_ppr.pdf,995fa8f024bbc64b0b5b96280eacbd9373c74c21becee70e5a292ab04b3d34c2
2025,espn,non_ppr,10,200,218,QB,25,Bryce Young,CAR,0,14,nfl:gsis:00-0039150,22900,stable,exact_name,0.95,data/raw/espn_cheat_sheets/espn_salary_cap_values_2025_non_ppr.pdf,995fa8f024bbc64b0b5b96280eacbd9373c74c21becee70e5a292ab04b3d34c2
2025,espn,non_ppr,10,200,71,RB,25,Isiah Pacheco,KC,6,10,nfl:gsis:00-0037197,24333,stable,exact_name,0.95,data/raw/espn_cheat_sheets/espn_salary_cap_values_2025_non_ppr.pdf,995fa8f024bbc64b0b5b96280eacbd9373c74c21becee70e5a292ab04b3d34c2
2025,espn,non_ppr,10,200,34,WR,15,Ladd McConkey,LAC,23,12,nfl:gsis:00-0039915,26122,stable,exact_name,0.95,data/raw/espn_cheat_sheets/espn_salary_cap_values_2025_non_ppr.pdf,995fa8f024bbc64b0b5b96280eacbd9373c74c21becee70e5a292ab04b3d34c2
2025,espn,non_ppr,10,200,219,QB,26,Geno Smith,LV,0,8,nfl:gsis:00-0030565,11687,stable,exact_name,0.95,data/raw/espn_cheat_sheets/espn_salary_cap_values_2025_non_ppr.pdf,995fa8f024bbc64b0b5b96280eacbd9373c74c21becee70e5a292ab04b3d34c2
2025,espn,non_ppr,10,200,72,RB,26,Tyrone Tracy Jr.,NYG,6,14,nfl:gsis:00-0039384,22980,stable,exact_name,0.95,data/raw/espn_cheat_sheets/espn_salary_cap_values_2025_non_ppr.pdf,995fa8f024bbc64b0b5b96280eacbd9373c74c21becee70e5a292ab04b3d34c2
2025,espn,non_ppr,10,200,35,WR,16,DK Metcalf,PIT,22,5,nfl:gsis:00-0035640,18219,stable,exact_name,0.95,data/raw/espn_cheat_sheets/espn_salary_cap_values_2025_non_ppr.pdf,995fa8f024bbc64b0b5b96280eacbd9373c74c21becee70e5a292ab04b3d34c2
2025,espn,non_ppr,10,200,169,DEF,1,Steelers D/ST,PIT,1,5,nfl:def:PIT,8240,stable,exact_defense_team,1.0,data/raw/espn_cheat_sheets/espn_salary_cap_values_2025_non_ppr.pdf,995fa8f024bbc64b0b5b96280eacbd9373c74c21becee70e5a292ab04b3d34c2
2025,espn,non_ppr,10,200,220,QB,27,Sam Darnold,SEA,0,8,nfl:gsis:00-0034869,17236,stable,exact_name,0.95,data/raw/espn_cheat_sheets/espn_salary_cap_values_2025_non_ppr.pdf,995fa8f024bbc64b0b5b96280eacbd9373c74c21becee70e5a292ab04b3d34c2
2025,espn,non_ppr,10,200,80,RB,27,Aaron Jones,MIN,4,6,nfl:gsis:00-0033293,16673,stable,exact_name,0.95,data/raw/espn_cheat_sheets/espn_salary_cap_values_2025_non_ppr.pdf,995fa8f024bbc64b0b5b96280eacbd9373c74c21becee70e5a292ab04b3d34c2
2025,espn,non_ppr,10,200,36,WR,17,Marvin Harrison Jr.,ARI,22,8,nfl:gsis:00-0039849,23064,stable,exact_name,0.95,data/raw/espn_cheat_sheets/espn_salary_cap_values_2025_non_ppr.pdf,995fa8f024bbc64b0b5b96280eacbd9373c74c21becee70e5a292ab04b3d34c2
2025,espn,non_ppr,10,200,170,DEF,2,Broncos D/ST,DEN,1,12,nfl:def:DEN,8090,stable,exact_defense_team,1.0,data/raw/espn_cheat_sheets/espn_salary_cap_values_2025_non_ppr.pdf,995fa8f024bbc64b0b5b96280eacbd9373c74c21becee70e5a292ab04b3d34c2
2025,espn,non_ppr,10,200,267,QB,28,Daniel Jones,IND,0,11,nfl:gsis:00-0035710,18232,stable,exact_name,0.95,data/raw/espn_cheat_sheets/espn_salary_cap_values_2025_non_ppr.pdf,995fa8f024bbc64b0b5b96280eacbd9373c74c21becee70e5a292ab04b3d34c2
2025,espn,non_ppr,10,200,81,RB,28,Bill Croskey-Merritt,WAS,4,12,nfl:gsis:00-0040242,27316,stable,exact_name,0.95,data/raw/espn_cheat_sheets/espn_salary_cap_values_2025_non_ppr.pdf,995fa8f024bbc64b0b5b96280eacbd9373c74c21becee70e5a292ab04b3d34c2
2025,espn,non_ppr,10,200,46,WR,18,Jaxon Smith-Njigba,SEA,15,8,nfl:gsis:00-0038543,23070,stable,exact_name,0.95,data/raw/espn_cheat_sheets/espn_salary_cap_values_2025_non_ppr.pdf,995fa8f024bbc64b0b5b96280eacbd9373c74c21becee70e5a292ab04b3d34c2
2025,espn,non_ppr,10,200,171,DEF,3,Texans D/ST,HOU,1,6,nfl:def:HOU,8120,stable,exact_defense_team,1.0,data/raw/espn_cheat_sheets/espn_salary_cap_values_2025_non_ppr.pdf,995fa8f024bbc64b0b5b96280eacbd9373c74c21becee70e5a292ab04b3d34c2
2025,espn,non_ppr,10,200,268,QB,29,Aaron Rodgers,PIT,0,5,nfl:gsis:00-0023459,9001,stable,exact_name,0.95,data/raw/espn_cheat_sheets/espn_salary_cap_values_2025_non_ppr.pdf,995fa8f024bbc64b0b5b96280eacbd9373c74c21becee70e5a292ab04b3d34c2
2025,espn,non_ppr,10,200,82,RB,29,Jaylen Warren,PIT,4,5,nfl:gsis:00-0037228,24209,stable,exact_name,0.95,data/raw/espn_cheat_sheets/espn_salary_cap_values_2025_non_ppr.pdf,995fa8f024bbc64b0b5b96280eacbd9373c74c21becee70e5a292ab04b3d34c2
2025,espn,non_ppr,10,200,47,WR,19,Xavier Worthy,KC,15,10,nfl:gsis:00-0039894,23019,stable,exact_name,0.95,data/raw/espn_cheat_sheets/espn_salary_cap_values_2025_non_ppr.pdf,995fa8f024bbc64b0b5b96280eacbd9373c74c21becee70e5a292ab04b3d34c2
2025,espn,non_ppr,10,200,172,DEF,4,Ravens D/ST,BAL,1,7,nfl:def:BAL,8020,stable,exact_defense_team,1.0,data/raw/espn_cheat_sheets/espn_salary_cap_values_2025_non_ppr.pdf,995fa8f024bbc64b0b5b96280eacbd9373c74c21becee70e5a292ab04b3d34c2
2025,espn,non_ppr,10,200,269,QB,30,Russell Wilson,NYG,0,14,nfl:gsis:00-0029263,11180,stable,exact_name,0.95,data/raw/espn_cheat_sheets/espn_salary_cap_values_2025_non_ppr.pdf,995fa8f024bbc64b0b5b96280eacbd9373c74c21becee70e5a292ab04b3d34c2
2025,espn,non_ppr,10,200,90,RB,30,J.K. Dobbins,DEN,3,12,nfl:gsis:00-0036158,19245,stable,exact_name,0.95,data/raw/espn_cheat_sheets/espn_salary_cap_values_2025_non_ppr.pdf,995fa8f024bbc64b0b5b96280eacbd9373c74c21becee70e5a292ab04b3d34c2
2025,espn,non_ppr,10,200,48,WR,20,Zay Flowers,BAL,14,7,nfl:gsis:00-0039064,22916,stable,exact_name,0.95,data/raw/espn_cheat_sheets/espn_salary_cap_values_2025_non_ppr.pdf,995fa8f024bbc64b0b5b96280eacbd9373c74c21becee70e5a292ab04b3d34c2
2025,espn,non_ppr,10,200,173,DEF,5,Vikings D/ST,MIN,1,6,nfl:def:MIN,8170,stable,exact_defense_team,1.0,data/raw/espn_cheat_sheets/espn_salary_cap_values_2025_non_ppr.pdf,995fa8f024bbc64b0b5b96280eacbd9373c74c21becee70e5a292ab04b3d34c2
2025,espn,non_ppr,10,200,270,QB,31,Joe Flacco,CLE,0,9,nfl:gsis:00-0026158,9300,stable,exact_name,0.95,data/raw/espn_cheat_sheets/espn_salary_cap_values_2025_non_ppr.pdf,995fa8f024bbc64b0b5b96280eacbd9373c74c21becee70e5a292ab04b3d34c2
2025,espn,non_ppr,10,200,91,RB,31,Rhamondre Stevenson,NE,3,14,nfl:gsis:00-0036875,22726,stable,exact_name,0.95,data/raw/espn_cheat_sheets/espn_salary_cap_values_2025_non_ppr.pdf,995fa8f024bbc64b0b5b96280eacbd9373c74c21becee70e5a292ab04b3d34c2
2025,espn,non_ppr,10,200,49,WR,21,Garrett Wilson,NYJ,13,9,nfl:gsis:00-0037740,23072,stable,exact_name,0.95,data/raw/espn_cheat_sheets/espn_salary_cap_values_2025_non_ppr.pdf,995fa8f024bbc64b0b5b96280eacbd9373c74c21becee70e5a292ab04b3d34c2
2025,espn,non_ppr,10,200,174,DEF,6,Seahawks D/ST,SEA,1,8,nfl:def:SEA,8260,stable,exact_defense_team,1.0,data/raw/espn_cheat_sheets/espn_salary_cap_values_2025_non_ppr.pdf,995fa8f024bbc64b0b5b96280eacbd9373c74c21becee70e5a292ab04b3d34c2
2025,espn,non_ppr,10,200,296,QB,32,Spencer Rattler,NO,0,11,nfl:gsis:00-0039376,23081,stable,exact_name,0.95,data/raw/espn_cheat_sheets/espn_salary_cap_values_2025_non_ppr.pdf,995fa8f024bbc64b0b5b96280eacbd9373c74c21becee70e5a292ab04b3d34c2
2025,espn,non_ppr,10,200,92,RB,32,Austin Ekeler,WAS,3,12,nfl:gsis:00-0033699,16483,stable,global_exact_name,0.8,data/raw/espn_cheat_sheets/espn_salary_cap_values_2025_non_ppr.pdf,995fa8f024bbc64b0b5b96280eacbd9373c74c21becee70e5a292ab04b3d34c2
2025,espn,non_ppr,10,200,50,WR,22,Mike Evans,TB,13,9,nfl:gsis:00-0031408,12119,stable,exact_name,0.95,data/raw/espn_cheat_sheets/espn_salary_cap_values_2025_non_ppr.pdf,995fa8f024bbc64b0b5b96280eacbd9373c74c21becee70e5a292ab04b3d34c2
2025,espn,non_ppr,10,200,175,DEF,7,Lions D/ST,DET,1,8,nfl:def:DET,8100,stable,exact_defense_team,1.0,data/raw/espn_cheat_sheets/espn_salary_cap_values_2025_non_ppr.pdf,995fa8f024bbc64b0b5b96280eacbd9373c74c21becee70e5a292ab04b3d34c2
2025,espn,non_ppr,10,200,301,QB,33,Jaxson Dart,NYG,0,14,nfl:gsis:00-0040691,23160,stable,exact_name,0.95,data/raw/espn_cheat_sheets/espn_salary_cap_values_2025_non_ppr.pdf,995fa8f024bbc64b0b5b96280eacbd9373c74c21becee70e5a292ab04b3d34c2
2025,espn,non_ppr,10,200,93,RB,33,Javonte Williams,DAL,3,10,nfl:gsis:00-0036997,22739,stable,exact_name,0.95,data/raw/espn_cheat_sheets/espn_salary_cap_values_2025_non_ppr.pdf,995fa8f024bbc64b0b5b96280eacbd9373c74c21becee70e5a292ab04b3d34c2
2025,espn,non_ppr,10,200,51,WR,23,Calvin Ridley,TEN,12,10,nfl:gsis:00-0034837,17258,stable,exact_name,0.95,data/raw/espn_cheat_sheets/espn_salary_cap_values_2025_non_ppr.pdf,995fa8f024bbc64b0b5b96280eacbd9373c74c21becee70e5a292ab04b3d34c2
2025,espn,non_ppr,10,200,176,DEF,8,Patriots D/ST,NE,1,14,nfl:def:NE,8180,stable,exact_defense_team,1.0,data/raw/espn_cheat_sheets/espn_salary_cap_values_2025_non_ppr.pdf,995fa8f024bbc64b0b5b96280eacbd9373c74c21becee70e5a292ab04b3d34c2
2025,espn,non_ppr,10,200,302,QB,34,Tyler Shough,NO,0,11,nfl:gsis:00-0040743,23096,stable,exact_name,0.95,data/raw/espn_cheat_sheets/espn_salary_cap_values_2025_non_ppr.pdf,995fa8f024bbc64b0b5b96280eacbd9373c74c21becee70e5a292ab04b3d34c2
2025,espn,non_ppr,10,200,94,RB,34,Kaleb Johnson,PIT,3,5,nfl:gsis:00-0040142,27165,stable,exact_name,0.95,data/raw/espn_cheat_sheets/espn_salary_cap_values_2025_non_ppr.pdf,995fa8f024bbc64b0b5b96280eacbd9373c74c21becee70e5a292ab04b3d34c2
2025,espn,non_ppr,10,200,53,WR,24,Tetairoa McMillan,CAR,11,14,nfl:gsis:00-0040124,25417,stable,exact_name,0.95,data/raw/espn_cheat_sheets/espn_salary_cap_values_2025_non_ppr.pdf,995fa8f024bbc64b0b5b96280eacbd9373c74c21becee70e5a292ab04b3d34c2
2025,espn,non_ppr,10,200,177,DEF,9,Colts D/ST,IND,1,11,nfl:def:IND,8130,stable,exact_defense_team,1.0,data/raw/espn_cheat_sheets/espn_salary_cap_values_2025_non_ppr.pdf,995fa8f024bbc64b0b5b96280eacbd9373c74c21becee70e5a292ab04b3d34c2
2025,espn,non_ppr,10,200,310,QB,35,Anthony Richardson,IND,0,11,nfl:gsis:00-0039164,24347,stable,exact_name,0.95,data/raw/espn_cheat_sheets/espn_salary_cap_values_2025_non_ppr.pdf,995fa8f024bbc64b0b5b96280eacbd9373c74c21becee70e5a292ab04b3d34c2
2025,espn,non_ppr,10,200,95,RB,35,Jordan Mason,MIN,3,6,nfl:gsis:00-0037525,22969,stable,exact_name,0.95,data/raw/espn_cheat_sheets/espn_salary_cap_values_2025_non_ppr.pdf,995fa8f024bbc64b0b5b96280eacbd9373c74c21becee70e5a292ab04b3d34c2
2025,espn,non_ppr,10,200,54,WR,25,Courtland Sutton,DEN,10,12,nfl:gsis:00-0034348,17253,stable,exact_name,0.95,data/raw/espn_cheat_sheets/espn_salary_cap_values_2025_non_ppr.pdf,995fa8f024bbc64b0b5b96280eacbd9373c74c21becee70e5a292ab04b3d34c2
2025,espn,non_ppr,10,200,178,DEF,10,Packers D/ST,GB,1,5,nfl:def:GB,8110,stable,exact_defense_team,1.0,data/raw/espn_cheat_sheets/espn_salary_cap_values_2025_non_ppr.pdf,995fa8f024bbc64b0b5b96280eacbd9373c74c21becee70e5a292ab04b3d34c2
2025,espn,non_ppr,10,200,315,QB,36,Dillon Gabriel,CLE,0,9,nfl:gsis:00-0040704,23150,stable,exact_name,0.95,data/raw/espn_cheat_sheets/espn_salary_cap_values_2025_non_ppr.pdf,995fa8f024bbc64b0b5b96280eacbd9373c74c21becee70e5a292ab04b3d34c2
2025,espn,non_ppr,10,200,114,RB,36,Cam Skattebo,NYG,2,14,nfl:gsis:00-0040715,27166,stable,exact_name,0.95,data/raw/espn_cheat_sheets/espn_salary_cap_values_2025_non_ppr.pdf,995fa8f024bbc64b0b5b96280eacbd9373c74c21becee70e5a292ab04b3d34c2
2025,espn,non_ppr,10,200,55,WR,26,Jameson Williams,DET,10,8,nfl:gsis:00-0037240,23677,stable,exact_name,0.95,data/raw/espn_cheat_sheets/espn_salary_cap_values_2025_non_ppr.pdf,995fa8f024bbc64b0b5b96280eacbd9373c74c21becee70e5a292ab04b3d34c2
2025,espn,non_ppr,10,200,179,DEF,11,Eagles D/ST,PHI,0,9,nfl:def:PHI,8230,stable,exact_defense_team,1.0,data/raw/espn_cheat_sheets/espn_salary_cap_values_2025_non_ppr.pdf,995fa8f024bbc64b0b5b96280eacbd9373c74c21becee70e5a292ab04b3d34c2
2025,espn,non_ppr,10,200,316,QB,37,Shedeur Sanders,CLE,0,9,nfl:gsis:00-0040668,25968,stable,exact_name,0.95,data/raw/espn_cheat_sheets/espn_salary_cap_values_2025_non_ppr.pdf,995fa8f024bbc64b0b5b96280eacbd9373c74c21becee70e5a292ab04b3d34c2
2025,espn,non_ppr,10,200,115,RB,37,Tank Bigsby,JAX,2,8,nfl:gsis:00-0038555,22908,stable,exact_name,0.95,data/raw/espn_cheat_sheets/espn_salary_cap_values_2025_non_ppr.pdf,995fa8f024bbc64b0b5b96280eacbd9373c74c21becee70e5a292ab04b3d34c2
2025,espn,non_ppr,10,200,56,WR,27,DJ Moore,CHI,10,5,nfl:gsis:00-0034827,17265,stable,exact_name,0.95,data/raw/espn_cheat_sheets/espn_salary_cap_values_2025_non_ppr.pdf,995fa8f024bbc64b0b5b96280eacbd9373c74c21becee70e5a292ab04b3d34c2
2025,espn,non_ppr,10,200,180,DEF,12,Bills D/ST,BUF,0,7,nfl:def:BUF,8030,stable,exact_defense_team,1.0,data/raw/espn_cheat_sheets/espn_salary_cap_values_2025_non_ppr.pdf,995fa8f024bbc64b0b5b96280eacbd9373c74c21becee70e5a292ab04b3d34c2
2025,espn,non_ppr,10,200,317,QB,38,Jalen Milroe,SEA,0,8,nfl:gsis:00-0040673,22884,stable,exact_name,0.95,data/raw/espn_cheat_sheets/espn_salary_cap_values_2025_non_ppr.pdf,995fa8f024bbc64b0b5b96280eacbd9373c74c21becee70e5a292ab04b3d34c2
2025,espn,non_ppr,10,200,116,RB,38,Nick Chubb,HOU,2,6,nfl:gsis:00-0034791,17246,stable,exact_name,0.95,data/raw/espn_cheat_sheets/espn_salary_cap_values_2025_non_ppr.pdf,995fa8f024bbc64b0b5b96280eacbd9373c74c21becee70e5a292ab04b3d34c2
2025,espn,non_ppr,10,200,57,WR,28,DeVonta Smith,PHI,10,9,nfl:gsis:00-0036912,19222,stable,exact_name,0.95,data/raw/espn_cheat_sheets/espn_salary_cap_values_2025_non_ppr.pdf,995fa8f024bbc64b0b5b96280eacbd9373c74c21becee70e5a292ab04b3d34c2
2025,espn,non_ppr,10,200,235,DEF,13,Jets D/ST,NYJ,0,9,nfl:def:NYJ,8210,stable,exact_defense_team,1.0,data/raw/espn_cheat_sheets/espn_salary_cap_values_2025_non_ppr.pdf,995fa8f024bbc64b0b5b96280eacbd9373c74c21becee70e5a292ab04b3d34c2
2025,espn,non_ppr,10,200,318,QB,39,Jimmy Garoppolo,LAR,0,8,nfl:gsis:00-0031345,12208,stable,exact_name,0.95,data/raw/espn_cheat_sheets/espn_salary_cap_values_2025_non_ppr.pdf,995fa8f024bbc64b0b5b96280eacbd9373c74c21becee70e5a292ab04b3d34c2
2025,espn,non_ppr,10,200,117,RB,39,Travis Etienne Jr.,JAX,2,8,nfl:gsis:00-0036973,19231,stable,exact_name,0.95,data/raw/espn_cheat_sheets/espn_salary_cap_values_2025_non_ppr.pdf,995fa8f024bbc64b0b5b96280eacbd9373c74c21becee70e5a292ab04b3d34c2
2025,espn,non_ppr,10,200,58,WR,29,Jaylen Waddle,MIA,9,12,nfl:gsis:00-0036613,19790,stable,exact_name,0.95,data/raw/espn_cheat_sheets/espn_salary_cap_values_2025_non_ppr.pdf,995fa8f024bbc64b0b5b96280eacbd9373c74c21becee70e5a292ab04b3d34c2
2025,espn,non_ppr,10,200,236,DEF,14,Giants D/ST,NYG,0,14,nfl:def:NYG,8200,stable,exact_defense_team,1.0,data/raw/espn_cheat_sheets/espn_salary_cap_values_2025_non_ppr.pdf,995fa8f024bbc64b0b5b96280eacbd9373c74c21becee70e5a292ab04b3d34c2
2025,espn,non_ppr,10,200,319,QB,40,Kirk Cousins,ATL,0,5,nfl:gsis:00-0029604,11177,stable,exact_name,0.95,data/raw/espn_cheat_sheets/espn_salary_cap_values_2025_non_ppr.pdf,995fa8f024bbc64b0b5b96280eacbd9373c74c21becee70e5a292ab04b3d34c2
2025,espn,non_ppr,10,200,118,RB,40,Bhayshul Tuten,JAX,2,8,nfl:gsis:00-0040719,27297,stable,exact_name,0.95,data/raw/espn_cheat_sheets/espn_salary_cap_values_2025_non_ppr.pdf,995fa8f024bbc64b0b5b96280eacbd9373c74c21becee70e5a292ab04b3d34c2
2025,espn,non_ppr,10,200,59,WR,30,Rashee Rice,KC,9,10,nfl:gsis:00-0039067,23113,stable,exact_name,0.95,data/raw/espn_cheat_sheets/espn_salary_cap_values_2025_non_ppr.pdf,995fa8f024bbc64b0b5b96280eacbd9373c74c21becee70e5a292ab04b3d34c2
2025,espn,non_ppr,10,200,254,DEF,15,Buccaneers D/ST,TB,0,9,nfl:def:TB,8290,stable,exact_defense_team,1.0,data/raw/espn_cheat_sheets/espn_salary_cap_values_2025_non_ppr.pdf,995fa8f024bbc64b0b5b96280eacbd9373c74c21becee70e5a292ab04b3d34c2
2025,espn,non_ppr,10,200,119,RB,41,Zach Charbonnet,SEA,2,8,nfl:gsis:00-0039165,23152,stable,exact_name,0.95,data/raw/espn_cheat_sheets/espn_salary_cap_values_2025_non_ppr.pdf,995fa8f024bbc64b0b5b96280eacbd9373c74c21becee70e5a292ab04b3d34c2
2025,espn,non_ppr,10,200,60,WR,31,George Pickens,DAL,9,10,nfl:gsis:00-0037247,22963,stable,exact_name,0.95,data/raw/espn_cheat_sheets/espn_salary_cap_values_2025_non_ppr.pdf,995fa8f024bbc64b0b5b96280eacbd9373c74c21becee70e5a292ab04b3d34c2
2025,espn,non_ppr,10,200,120,RB,42,Trey Benson,ARI,2,8,nfl:gsis:00-0039921,25388,stable,exact_name,0.95,data/raw/espn_cheat_sheets/espn_salary_cap_values_2025_non_ppr.pdf,995fa8f024bbc64b0b5b96280eacbd9373c74c21becee70e5a292ab04b3d34c2
2025,espn,non_ppr,10,200,64,WR,32,Rome Odunze,CHI,7,5,nfl:gsis:00-0039919,25411,stable,exact_name,0.95,data/raw/espn_cheat_sheets/espn_salary_cap_values_2025_non_ppr.pdf,995fa8f024bbc64b0b5b96280eacbd9373c74c21becee70e5a292ab04b3d34c2
2025,espn,non_ppr,10,200,20,TE,1,Brock Bowers,LV,35,8,nfl:gsis:00-0039338,22955,stable,exact_name,0.95,data/raw/espn_cheat_sheets/espn_salary_cap_values_2025_non_ppr.pdf,995fa8f024bbc64b0b5b96280eacbd9373c74c21becee70e5a292ab04b3d34c2
2025,espn,non_ppr,10,200,130,RB,43,Jerome Ford,CLE,1,9,nfl:gsis:00-0037267,22921,stable,exact_name,0.95,data/raw/espn_cheat_sheets/espn_salary_cap_values_2025_non_ppr.pdf,995fa8f024bbc64b0b5b96280eacbd9373c74c21becee70e5a292ab04b3d34c2
2025,espn,non_ppr,10,200,65,WR,33,Jerry Jeudy,CLE,7,9,nfl:gsis:00-0036407,19201,stable,exact_name,0.95,data/raw/espn_cheat_sheets/espn_salary_cap_values_2025_non_ppr.pdf,995fa8f024bbc64b0b5b96280eacbd9373c74c21becee70e5a292ab04b3d34c2
2025,espn,non_ppr,10,200,181,K,1,Jake Bates,DET,1,8,nfl:gsis:00-0039172,26075,stable,exact_name,0.95,data/raw/espn_cheat_sheets/espn_salary_cap_values_2025_non_ppr.pdf,995fa8f024bbc64b0b5b96280eacbd9373c74c21becee70e5a292ab04b3d34c2
2025,espn,non_ppr,10,200,21,TE,2,Trey McBride,ARI,34,8,nfl:gsis:00-0037744,22936,stable,exact_name,0.95,data/raw/espn_cheat_sheets/espn_salary_cap_values_2025_non_ppr.pdf,995fa8f024bbc64b0b5b96280eacbd9373c74c21becee70e5a292ab04b3d34c2
2025,espn,non_ppr,10,200,131,RB,44,Rachaad White,TB,1,9,nfl:gsis:00-0037256,23891,stable,exact_name,0.95,data/raw/espn_cheat_sheets/espn_salary_cap_values_2025_non_ppr.pdf,995fa8f024bbc64b0b5b96280eacbd9373c74c21becee70e5a292ab04b3d34c2
2025,espn,non_ppr,10,200,66,WR,34,Matthew Golden,GB,7,5,nfl:gsis:00-0040667,26024,stable,exact_name,0.95,data/raw/espn_cheat_sheets/espn_salary_cap_values_2025_non_ppr.pdf,995fa8f024bbc64b0b5b96280eacbd9373c74c21becee70e5a292ab04b3d34c2
2025,espn,non_ppr,10,200,182,K,2,Chase McLaughlin,TB,1,9,nfl:gsis:00-0035358,19058,stable,exact_name,0.95,data/raw/espn_cheat_sheets/espn_salary_cap_values_2025_non_ppr.pdf,995fa8f024bbc64b0b5b96280eacbd9373c74c21becee70e5a292ab04b3d34c2
2025,espn,non_ppr,10,200,40,TE,3,George Kittle,SF,20,14,nfl:gsis:00-0033288,16499,stable,exact_name,0.95,data/raw/espn_cheat_sheets/espn_salary_cap_values_2025_non_ppr.pdf,995fa8f024bbc64b0b5b96280eacbd9373c74c21becee70e5a292ab04b3d34c2
2025,espn,non_ppr,10,200,132,RB,45,Tyler Allgeier,ATL,1,5,nfl:gsis:00-0037263,24172,stable,exact_name,0.95,data/raw/espn_cheat_sheets/espn_salary_cap_values_2025_non_ppr.pdf,995fa8f024bbc64b0b5b96280eacbd9373c74c21becee70e5a292ab04b3d34c2
2025,espn,non_ppr,10,200,73,WR,35,Emeka Egbuka,TB,6,9,nfl:gsis:00-0040129,23062,stable,exact_name,0.95,data/raw/espn_cheat_sheets/espn_salary_cap_values_2025_non_ppr.pdf,995fa8f024bbc64b0b5b96280eacbd9373c74c21becee70e5a292ab04b3d34c2
2025,espn,non_ppr,10,200,183,K,3,Cameron Dicker,LAC,1,12,nfl:gsis:00-0037224,23901,stable,exact_name,0.95,data/raw/espn_cheat_sheets/espn_salary_cap_values_2025_non_ppr.pdf,995fa8f024bbc64b0b5b96280eacbd9373c74c21becee70e5a292ab04b3d34c2
2025,espn,non_ppr,10,200,61,TE,4,Sam LaPorta,DET,8,8,nfl:gsis:00-0039065,22978,stable,exact_name,0.95,data/raw/espn_cheat_sheets/espn_salary_cap_values_2025_non_ppr.pdf,995fa8f024bbc64b0b5b96280eacbd9373c74c21becee70e5a292ab04b3d34c2
2025,espn,non_ppr,10,200,133,RB,46,Jaydon Blue,DAL,1,10,nfl:gsis:00-0040586,24344,stable,exact_name,0.95,data/raw/espn_cheat_sheets/espn_salary_cap_values_2025_non_ppr.pdf,995fa8f024bbc64b0b5b96280eacbd9373c74c21becee70e5a292ab04b3d34c2
2025,espn,non_ppr,10,200,74,WR,36,Travis Hunter,JAX,5,8,nfl:gsis:00-0040718,26034,stable,exact_name,0.95,data/raw/espn_cheat_sheets/espn_salary_cap_values_2025_non_ppr.pdf,995fa8f024bbc64b0b5b96280eacbd9373c74c21becee70e5a292ab04b3d34c2
2025,espn,non_ppr,10,200,184,K,4,Brandon Aubrey,DAL,1,10,nfl:gsis:00-0037692,26068,stable,exact_name,0.95,data/raw/espn_cheat_sheets/espn_salary_cap_values_2025_non_ppr.pdf,995fa8f024bbc64b0b5b96280eacbd9373c74c21becee70e5a292ab04b3d34c2
2025,espn,non_ppr,10,200,69,TE,5,T.J. Hockenson,MIN,6,6,nfl:gsis:00-0035229,18290,stable,exact_name,0.95,data/raw/espn_cheat_sheets/espn_salary_cap_values_2025_non_ppr.pdf,995fa8f024bbc64b0b5b96280eacbd9373c74c21becee70e5a292ab04b3d34c2
2025,espn,non_ppr,10,200,134,RB,47,Braelon Allen,NYJ,1,9,nfl:gsis:00-0039794,24346,stable,exact_name,0.95,data/raw/espn_cheat_sheets/espn_salary_cap_values_2025_non_ppr.pdf,995fa8f024bbc64b0b5b96280eacbd9373c74c21becee70e5a292ab04b3d34c2
2025,espn,non_ppr,10,200,75,WR,37,Ricky Pearsall,SF,5,14,nfl:gsis:00-0039916,26214,stable,exact_name,0.95,data/raw/espn_cheat_sheets/espn_salary_cap_values_2025_non_ppr.pdf,995fa8f024bbc64b0b5b96280eacbd9373c74c21becee70e5a292ab04b3d34c2
2025,espn,non_ppr,10,200,185,K,5,Tyler Bass,BUF,1,7,nfl:gsis:00-0036162,19760,stable,exact_name,0.95,data/raw/espn_cheat_sheets/espn_salary_cap_values_2025_non_ppr.pdf,995fa8f024bbc64b0b5b96280eacbd9373c74c21becee70e5a292ab04b3d34c2
2025,espn,non_ppr,10,200,83,TE,6,Mark Andrews,BAL,4,7,nfl:gsis:00-0034753,17269,stable,exact_name,0.95,data/raw/espn_cheat_sheets/espn_salary_cap_values_2025_non_ppr.pdf,995fa8f024bbc64b0b5b96280eacbd9373c74c21becee70e5a292ab04b3d34c2
2025,espn,non_ppr,10,200,135,RB,48,Najee Harris,LAC,1,12,nfl:gsis:00-0036893,19302,stable,exact_name,0.95,data/raw/espn_cheat_sheets/espn_salary_cap_values_2025_non_ppr.pdf,995fa8f024bbc64b0b5b96280eacbd9373c74c21becee70e5a292ab04b3d34c2
2025,espn,non_ppr,10,200,76,WR,38,Jakobi Meyers,LV,5,8,nfl:gsis:00-0034960,18598,stable,exact_name,0.95,data/raw/espn_cheat_sheets/espn_salary_cap_values_2025_non_ppr.pdf,995fa8f024bbc64b0b5b96280eacbd9373c74c21becee70e5a292ab04b3d34c2
2025,espn,non_ppr,10,200,186,K,6,Jake Elliott,PHI,1,9,nfl:gsis:00-0033787,16540,stable,exact_name,0.95,data/raw/espn_cheat_sheets/espn_salary_cap_values_2025_non_ppr.pdf,995fa8f024bbc64b0b5b96280eacbd9373c74c21becee70e5a292ab04b3d34c2
2025,espn,non_ppr,10,200,84,TE,7,David Njoku,CLE,4,9,nfl:gsis:00-0033885,16399,stable,exact_name,0.95,data/raw/espn_cheat_sheets/espn_salary_cap_values_2025_non_ppr.pdf,995fa8f024bbc64b0b5b96280eacbd9373c74c21becee70e5a292ab04b3d34c2
2025,espn,non_ppr,10,200,146,RB,49,Dylan Sampson,CLE,1,9,nfl:gsis:00-0040162,27102,stable,exact_name,0.95,data/raw/espn_cheat_sheets/espn_salary_cap_values_2025_non_ppr.pdf,995fa8f024bbc64b0b5b96280eacbd9373c74c21becee70e5a292ab04b3d34c2
2025,espn,non_ppr,10,200,77,WR,39,Chris Olave,NO,5,11,nfl:gsis:00-0037239,20111,stable,exact_name,0.95,data/raw/espn_cheat_sheets/espn_salary_cap_values_2025_non_ppr.pdf,995fa8f024bbc64b0b5b96280eacbd9373c74c21becee70e5a292ab04b3d34c2
2025,espn,non_ppr,10,200,187,K,7,Chris Boswell,PIT,1,5,nfl:gsis:00-0031136,13029,stable,exact_name,0.95,data/raw/espn_cheat_sheets/espn_salary_cap_values_2025_non_ppr.pdf,995fa8f024bbc64b0b5b96280eacbd9373c74c21becee70e5a292ab04b3d34c2
2025,espn,non_ppr,10,200,85,TE,8,Travis Kelce,KC,4,10,nfl:gsis:00-0030506,11594,stable,exact_name,0.95,data/raw/espn_cheat_sheets/espn_salary_cap_values_2025_non_ppr.pdf,995fa8f024bbc64b0b5b96280eacbd9373c74c21becee70e5a292ab04b3d34c2
2025,espn,non_ppr,10,200,147,RB,50,Quinshon Judkins,CLE,1,9,nfl:gsis:00-0040784,25391,stable,exact_name,0.95,data/raw/espn_cheat_sheets/espn_salary_cap_values_2025_non_ppr.pdf,995fa8f024bbc64b0b5b96280eacbd9373c74c21becee70e5a292ab04b3d34c2
2025,espn,non_ppr,10,200,78,WR,40,Deebo Samuel Sr.,WAS,4,12,nfl:gsis:00-0035719,18244,stable,exact_name,0.95,data/raw/espn_cheat_sheets/espn_salary_cap_values_2025_non_ppr.pdf,995fa8f024bbc64b0b5b96280eacbd9373c74c21becee70e5a292ab04b3d34c2
2025,espn,non_ppr,10,200,188,K,8,Harrison Butker,KC,1,10,nfl:gsis:00-0033303,16712,stable,exact_name,0.95,data/raw/espn_cheat_sheets/espn_salary_cap_values_2025_non_ppr.pdf,995fa8f024bbc64b0b5b96280eacbd9373c74c21becee70e5a292ab04b3d34c2
2025,espn,non_ppr,10,200,86,TE,9,Evan Engram,DEN,4,12,nfl:gsis:00-0033881,16411,stable,exact_name,0.95,data/raw/espn_cheat_sheets/espn_salary_cap_values_2025_non_ppr.pdf,995fa8f024bbc64b0b5b96280eacbd9373c74c21becee70e5a292ab04b3d34c2
2025,espn,non_ppr,10,200,148,RB,51,Joe Mixon,HOU,1,6,nfl:gsis:00-0033897,16420,stable,exact_name,0.95,data/raw/espn_cheat_sheets/espn_salary_cap_values_2025_non_ppr.pdf,995fa8f024bbc64b0b5b96280eacbd9373c74c21becee70e5a292ab04b3d34c2
2025,espn,non_ppr,10,200,79,WR,41,Jordan Addison,MIN,4,6,nfl:gsis:00-0038994,23107,stable,exact_name,0.95,data/raw/espn_cheat_sheets/espn_salary_cap_values_2025_non_ppr.pdf,995fa8f024bbc64b0b5b96280eacbd9373c74c21becee70e5a292ab04b3d34c2
2025,espn,non_ppr,10,200,189,K,9,Cairo Santos,CHI,1,5,nfl:gsis:00-0031203,13731,stable,exact_name,0.95,data/raw/espn_cheat_sheets/espn_salary_cap_values_2025_non_ppr.pdf,995fa8f024bbc64b0b5b96280eacbd9373c74c21becee70e5a292ab04b3d34c2
2025,espn,non_ppr,10,200,113,TE,10,Tyler Warren,IND,2,11,nfl:gsis:00-0040128,26434,stable,exact_name,0.95,data/raw/espn_cheat_sheets/espn_salary_cap_values_2025_non_ppr.pdf,995fa8f024bbc64b0b5b96280eacbd9373c74c21becee70e5a292ab04b3d34c2
2025,espn,non_ppr,10,200,149,RB,52,Ray Davis,BUF,1,7,nfl:gsis:00-0039875,26191,stable,exact_name,0.95,data/raw/espn_cheat_sheets/espn_salary_cap_values_2025_non_ppr.pdf,995fa8f024bbc64b0b5b96280eacbd9373c74c21becee70e5a292ab04b3d34c2
2025,espn,non_ppr,10,200,96,WR,42,Cooper Kupp,SEA,2,8,nfl:gsis:00-0033908,16433,stable,exact_name,0.95,data/raw/espn_cheat_sheets/espn_salary_cap_values_2025_non_ppr.pdf,995fa8f024bbc64b0b5b96280eacbd9373c74c21becee70e5a292ab04b3d34c2
2025,espn,non_ppr,10,200,190,K,10,Tyler Loop,BAL,1,7,nfl:gsis:00-0040074,27534,stable,exact_name,0.95,data/raw/espn_cheat_sheets/espn_salary_cap_values_2025_non_ppr.pdf,995fa8f024bbc64b0b5b96280eacbd9373c74c21becee70e5a292ab04b3d34c2
2025,espn,non_ppr,10,200,125,TE,11,Colston Loveland,CHI,1,5,nfl:gsis:00-0040126,26006,stable,exact_name,0.95,data/raw/espn_cheat_sheets/espn_salary_cap_values_2025_non_ppr.pdf,995fa8f024bbc64b0b5b96280eacbd9373c74c21becee70e5a292ab04b3d34c2
2025,espn,non_ppr,10,200,150,RB,53,Will Shipley,PHI,1,9,nfl:gsis:00-0039746,22930,stable,exact_name,0.95,data/raw/espn_cheat_sheets/espn_salary_cap_values_2025_non_ppr.pdf,995fa8f024bbc64b0b5b96280eacbd9373c74c21becee70e5a292ab04b3d34c2
2025,espn,non_ppr,10,200,97,WR,43,Jauan Jennings,SF,2,14,nfl:gsis:00-0036259,19590,stable,exact_name,0.95,data/raw/espn_cheat_sheets/espn_salary_cap_values_2025_non_ppr.pdf,995fa8f024bbc64b0b5b96280eacbd9373c74c21becee70e5a292ab04b3d34c2
2025,espn,non_ppr,10,200,191,K,11,Matt Gay,WAS,0,12,nfl:gsis:00-0035269,18545,stable,exact_name,0.95,data/raw/espn_cheat_sheets/espn_salary_cap_values_2025_non_ppr.pdf,995fa8f024bbc64b0b5b96280eacbd9373c74c21becee70e5a292ab04b3d34c2
2025,espn,non_ppr,10,200,126,TE,12,Tucker Kraft,GB,1,5,nfl:gsis:00-0038996,25298,stable,exact_name,0.95,data/raw/espn_cheat_sheets/espn_salary_cap_values_2025_non_ppr.pdf,995fa8f024bbc64b0b5b96280eacbd9373c74c21becee70e5a292ab04b3d34c2
2025,espn,non_ppr,10,200,151,RB,54,Ollie Gordon II,MIA,1,12,nfl:gsis:00-0040198,25984,stable,exact_name,0.95,data/raw/espn_cheat_sheets/espn_salary_cap_values_2025_non_ppr.pdf,995fa8f024bbc64b0b5b96280eacbd9373c74c21becee70e5a292ab04b3d34c2
2025,espn,non_ppr,10,200,98,WR,44,Keon Coleman,BUF,2,7,nfl:gsis:00-0039901,26019,stable,exact_name,0.95,data/raw/espn_cheat_sheets/espn_salary_cap_values_2025_non_ppr.pdf,995fa8f024bbc64b0b5b96280eacbd9373c74c21becee70e5a292ab04b3d34c2
2025,espn,non_ppr,10,200,192,K,12,Ka'imi Fairbairn,HOU,0,6,nfl:gsis:00-0032726,15756,stable,exact_name,0.95,data/raw/espn_cheat_sheets/espn_salary_cap_values_2025_non_ppr.pdf,995fa8f024bbc64b0b5b96280eacbd9373c74c21becee70e5a292ab04b3d34c2
2025,espn,non_ppr,10,200,127,TE,13,Dallas Goedert,PHI,1,9,nfl:gsis:00-0034351,17270,stable,exact_name,0.95,data/raw/espn_cheat_sheets/espn_salary_cap_values_2025_non_ppr.pdf,995fa8f024bbc64b0b5b96280eacbd9373c74c21becee70e5a292ab04b3d34c2
2025,espn,non_ppr,10,200,160,RB,55,Woody Marks,HOU,1,6,nfl:gsis:00-0040583,27520,stable,exact_name,0.95,data/raw/espn_cheat_sheets/espn_salary_cap_values_2025_non_ppr.pdf,995fa8f024bbc64b0b5b96280eacbd9373c74c21becee70e5a292ab04b3d34c2
2025,espn,non_ppr,10,200,99,WR,45,Michael Pittman Jr.,IND,2,11,nfl:gsis:00-0036252,19278,stable,exact_name,0.95,data/raw/espn_cheat_sheets/espn_salary_cap_values_2025_non_ppr.pdf,995fa8f024bbc64b0b5b96280eacbd9373c74c21becee70e5a292ab04b3d34c2
2025,espn,non_ppr,10,200,237,K,13,Joshua Karty,LAR,0,8,nfl:gsis:00-0039750,26478,stable,exact_name,0.95,data/raw/espn_cheat_sheets/espn_salary_cap_values_2025_non_ppr.pdf,995fa8f024bbc64b0b5b96280eacbd9373c74c21becee70e5a292ab04b3d34c2
2025,espn,non_ppr,10,200,128,TE,14,Dalton Kincaid,BUF,1,7,nfl:gsis:00-0038933,25247,stable,exact_name,0.95,data/raw/espn_cheat_sheets/espn_salary_cap_values_2025_non_ppr.pdf,995fa8f024bbc64b0b5b96280eacbd9373c74c21becee70e5a292ab04b3d34c2
2025,espn,non_ppr,10,200,161,RB,56,Dameon Pierce,HOU,0,6,nfl:gsis:00-0037258,22947,stable,exact_name,0.95,data/raw/espn_cheat_sheets/espn_salary_cap_values_2025_non_ppr.pdf,995fa8f024bbc64b0b5b96280eacbd9373c74c21becee70e5a292ab04b3d34c2
2025,espn,non_ppr,10,200,100,WR,46,Stefon Diggs,NE,2,14,nfl:gsis:00-0031588,13981,stable,exact_name,0.95,data/raw/espn_cheat_sheets/espn_salary_cap_values_2025_non_ppr.pdf,995fa8f024bbc64b0b5b96280eacbd9373c74c21becee70e5a292ab04b3d34c2
2025,espn,non_ppr,10,200,238,K,14,Nick Folk,NYJ,0,9,nfl:gsis:00-0025565,9491,stable,exact_name,0.95,data/raw/espn_cheat_sheets/espn_salary_cap_values_2025_non_ppr.pdf,995fa8f024bbc64b0b5b96280eacbd9373c74c21becee70e5a292ab04b3d34c2
2025,espn,non_ppr,10,200,129,TE,15,Hunter Henry,NE,1,14,nfl:gsis:00-0033090,15561,stable,exact_name,0.95,data/raw/espn_cheat_sheets/espn_salary_cap_values_2025_non_ppr.pdf,995fa8f024bbc64b0b5b96280eacbd9373c74c21becee70e5a292ab04b3d34c2
2025,espn,non_ppr,10,200,162,RB,57,Kendre Miller,NO,0,11,nfl:gsis:00-0038551,24360,stable,exact_name,0.95,data/raw/espn_cheat_sheets/espn_salary_cap_values_2025_non_ppr.pdf,995fa8f024bbc64b0b5b96280eacbd9373c74c21becee70e5a292ab04b3d34c2
2025,espn,non_ppr,10,200,101,WR,47,Khalil Shakir,BUF,2,7,nfl:gsis:00-0037261,23748,stable,exact_name,0.95,data/raw/espn_cheat_sheets/espn_salary_cap_values_2025_non_ppr.pdf,995fa8f024bbc64b0b5b96280eacbd9373c74c21becee70e5a292ab04b3d34c2
2025,espn,non_ppr,10,200,256,K,15,Brandon McManus,GB,0,5,nfl:gsis:00-0029822,13274,stable,exact_name,0.95,data/raw/espn_cheat_sheets/espn_salary_cap_values_2025_non_ppr.pdf,995fa8f024bbc64b0b5b96280eacbd9373c74c21becee70e5a292ab04b3d34c2
2025,espn,non_ppr,10,200,141,TE,16,Kyle Pitts,ATL,1,5,nfl:gsis:00-0036970,20164,stable,exact_name,0.95,data/raw/espn_cheat_sheets/espn_salary_cap_values_2025_non_ppr.pdf,995fa8f024bbc64b0b5b96280eacbd9373c74c21becee70e5a292ab04b3d34c2
2025,espn,non_ppr,10,200,195,RB,58,Brian Robinson Jr.,SF,0,14,nfl:gsis:00-0037746,20094,stable,exact_name,0.95,data/raw/espn_cheat_sheets/espn_salary_cap_values_2025_non_ppr.pdf,995fa8f024bbc64b0b5b96280eacbd9373c74c21becee70e5a292ab04b3d34c2
2025,espn,non_ppr,10,200,102,WR,48,Chris Godwin,TB,2,9,nfl:gsis:00-0033921,16406,stable,exact_name,0.95,data/raw/espn_cheat_sheets/espn_salary_cap_values_2025_non_ppr.pdf,995fa8f024bbc64b0b5b96280eacbd9373c74c21becee70e5a292ab04b3d34c2
2025,espn,non_ppr,10,200,142,TE,17,Jake Ferguson,DAL,1,10,nfl:gsis:00-0038041,22718,stable,exact_name,0.95,data/raw/espn_cheat_sheets/espn_salary_cap_values_2025_non_ppr.pdf,995fa8f024bbc64b0b5b96280eacbd9373c74c21becee70e5a292ab04b3d34c2
2025,espn,non_ppr,10,200,196,RB,59,Justice Hill,BAL,0,7,nfl:gsis:00-0034975,18256,stable,exact_name,0.95,data/raw/espn_cheat_sheets/espn_salary_cap_values_2025_non_ppr.pdf,995fa8f024bbc64b0b5b96280eacbd9373c74c21becee70e5a292ab04b3d34c2
2025,espn,non_ppr,10,200,107,WR,49,Jayden Reed,GB,2,5,nfl:gsis:00-0039146,23020,stable,exact_name,0.95,data/raw/espn_cheat_sheets/espn_salary_cap_values_2025_non_ppr.pdf,995fa8f024bbc64b0b5b96280eacbd9373c74c21becee70e5a292ab04b3d34c2
2025,espn,non_ppr,10,200,165,TE,18,Zach Ertz,WAS,0,12,nfl:gsis:00-0030061,11689,stable,exact_name,0.95,data/raw/espn_cheat_sheets/espn_salary_cap_values_2025_non_ppr.pdf,995fa8f024bbc64b0b5b96280eacbd9373c74c21becee70e5a292ab04b3d34c2
2025,espn,non_ppr,10,200,212,RB,60,Tyjae Spears,TEN,0,10,nfl:gsis:00-0039032,25323,stable,exact_name,0.95,data/raw/espn_cheat_sheets/espn_salary_cap_values_2025_non_ppr.pdf,995fa8f024bbc64b0b5b96280eacbd9373c74c21becee70e5a292ab04b3d34c2
2025,espn,non_ppr,10,200,108,WR,50,Josh Downs,IND,2,11,nfl:gsis:00-0038997,24706,stable,exact_name,0.95,data/raw/espn_cheat_sheets/espn_salary_cap_values_2025_non_ppr.pdf,995fa8f024bbc64b0b5b96280eacbd9373c74c21becee70e5a292ab04b3d34c2
2025,espn,non_ppr,10,200,166,TE,19,Jonnu Smith,PIT,0,5,nfl:gsis:00-0033858,16460,stable,exact_name,0.95,data/raw/espn_cheat_sheets/espn_salary_cap_values_2025_non_ppr.pdf,995fa8f024bbc64b0b5b96280eacbd9373c74c21becee70e5a292ab04b3d34c2
2025,espn,non_ppr,10,200,213,RB,61,Rico Dowdle,CAR,0,14,nfl:gsis:00-0036139,19647,stable,exact_name,0.95,data/raw/espn_cheat_sheets/espn_salary_cap_values_2025_non_ppr.pdf,995fa8f024bbc64b0b5b96280eacbd9373c74c21becee70e5a292ab04b3d34c2
2025,espn,non_ppr,10,200,109,WR,51,Keenan Allen,LAC,2,12,nfl:gsis:00-0030279,11616,stable,exact_name,0.95,data/raw/espn_cheat_sheets/espn_salary_cap_values_2025_non_ppr.pdf,995fa8f024bbc64b0b5b96280eacbd9373c74c21becee70e5a292ab04b3d34c2
2025,espn,non_ppr,10,200,167,TE,20,Brenton Strange,JAX,0,8,nfl:gsis:00-0038935,25345,stable,exact_name,0.95,data/raw/espn_cheat_sheets/espn_salary_cap_values_2025_non_ppr.pdf,995fa8f024bbc64b0b5b96280eacbd9373c74c21becee70e5a292ab04b3d34c2
2025,espn,non_ppr,10,200,214,RB,62,Miles Sanders,DAL,0,10,nfl:gsis:00-0035243,18283,stable,exact_name,0.95,data/raw/espn_cheat_sheets/espn_salary_cap_values_2025_non_ppr.pdf,995fa8f024bbc64b0b5b96280eacbd9373c74c21becee70e5a292ab04b3d34c2
2025,espn,non_ppr,10,200,110,WR,52,Darnell Mooney,ATL,2,5,nfl:gsis:00-0036309,19810,stable,exact_name,0.95,data/raw/espn_cheat_sheets/espn_salary_cap_values_2025_non_ppr.pdf,995fa8f024bbc64b0b5b96280eacbd9373c74c21becee70e5a292ab04b3d34c2
2025,espn,non_ppr,10,200,168,TE,21,Darren Waller,MIA,0,12,nfl:gsis:00-0031610,14104,stable,exact_name,0.95,data/raw/espn_cheat_sheets/espn_salary_cap_values_2025_non_ppr.pdf,995fa8f024bbc64b0b5b96280eacbd9373c74c21becee70e5a292ab04b3d34c2
2025,espn,non_ppr,10,200,221,RB,63,Roschon Johnson,CHI,0,5,nfl:gsis:00-0039021,25322,stable,exact_name,0.95,data/raw/espn_cheat_sheets/espn_salary_cap_values_2025_non_ppr.pdf,995fa8f024bbc64b0b5b96280eacbd9373c74c21becee70e5a292ab04b3d34c2
2025,espn,non_ppr,10,200,111,WR,53,Rashid Shaheed,NO,2,11,nfl:gsis:00-0037545,24687,stable,exact_name,0.95,data/raw/espn_cheat_sheets/espn_salary_cap_values_2025_non_ppr.pdf,995fa8f024bbc64b0b5b96280eacbd9373c74c21becee70e5a292ab04b3d34c2
2025,espn,non_ppr,10,200,206,TE,22,Cade Otton,TB,0,9,nfl:gsis:00-0038129,23181,stable,exact_name,0.95,data/raw/espn_cheat_sheets/espn_salary_cap_values_2025_non_ppr.pdf,995fa8f024bbc64b0b5b96280eacbd9373c74c21becee70e5a292ab04b3d34c2
2025,espn,non_ppr,10,200,222,RB,64,Kareem Hunt,KC,0,10,nfl:gsis:00-0033923,16425,stable,exact_name,0.95,data/raw/espn_cheat_sheets/espn_salary_cap_values_2025_non_ppr.pdf,995fa8f024bbc64b0b5b96280eacbd9373c74c21becee70e5a292ab04b3d34c2
2025,espn,non_ppr,10,200,112,WR,54,Xavier Legette,CAR,2,14,nfl:gsis:00-0039342,26136,stable,exact_name,0.95,data/raw/espn_cheat_sheets/espn_salary_cap_values_2025_non_ppr.pdf,995fa8f024bbc64b0b5b96280eacbd9373c74c21becee70e5a292ab04b3d34c2
2025,espn,non_ppr,10,200,207,TE,23,Mason Taylor,NYJ,0,9,nfl:gsis:00-0040736,26005,stable,exact_name,0.95,data/raw/espn_cheat_sheets/espn_salary_cap_values_2025_non_ppr.pdf,995fa8f024bbc64b0b5b96280eacbd9373c74c21becee70e5a292ab04b3d34c2
2025,espn,non_ppr,10,200,223,RB,65,Blake Corum,LAR,0,8,nfl:gsis:00-0039738,23013,stable,exact_name,0.95,data/raw/espn_cheat_sheets/espn_salary_cap_values_2025_non_ppr.pdf,995fa8f024bbc64b0b5b96280eacbd9373c74c21becee70e5a292ab04b3d34c2
2025,espn,non_ppr,10,200,136,WR,55,Cedric Tillman,CLE,1,9,nfl:gsis:00-0038979,25287,stable,exact_name,0.95,data/raw/espn_cheat_sheets/espn_salary_cap_values_2025_non_ppr.pdf,995fa8f024bbc64b0b5b96280eacbd9373c74c21becee70e5a292ab04b3d34c2
2025,espn,non_ppr,10,200,215,TE,24,Chigoziem Okonkwo,TEN,0,10,nfl:gsis:00-0037809,23982,stable,exact_name,0.95,data/raw/espn_cheat_sheets/espn_salary_cap_values_2025_non_ppr.pdf,995fa8f024bbc64b0b5b96280eacbd9373c74c21becee70e5a292ab04b3d34c2
2025,espn,non_ppr,10,200,225,RB,66,MarShawn Lloyd,GB,0,5,nfl:gsis:00-0039811,23118,stable,exact_name,0.95,data/raw/espn_cheat_sheets/espn_salary_cap_values_2025_non_ppr.pdf,995fa8f024bbc64b0b5b96280eacbd9373c74c21becee70e5a292ab04b3d34c2
2025,espn,non_ppr,10,200,137,WR,56,Hollywood Brown,KC,1,10,nfl:gsis:00-0035662,18226,stable,exact_name,0.95,data/raw/espn_cheat_sheets/espn_salary_cap_values_2025_non_ppr.pdf,995fa8f024bbc64b0b5b96280eacbd9373c74c21becee70e5a292ab04b3d34c2
2025,espn,non_ppr,10,200,216,TE,25,Dalton Schultz,HOU,0,6,nfl:gsis:00-0034383,17349,stable,exact_name,0.95,data/raw/espn_cheat_sheets/espn_salary_cap_values_2025_non_ppr.pdf,995fa8f024bbc64b0b5b96280eacbd9373c74c21becee70e5a292ab04b3d34c2
2025,espn,non_ppr,10,200,226,RB,67,DJ Giddens,IND,0,11,nfl:gsis:00-0040179,27097,stable,exact_name,0.95,data/raw/espn_cheat_sheets/espn_salary_cap_values_2025_non_ppr.pdf,995fa8f024bbc64b0b5b96280eacbd9373c74c21becee70e5a292ab04b3d34c2
2025,espn,non_ppr,10,200,138,WR,57,Jayden Higgins,HOU,1,6,nfl:gsis:00-0040130,27077,stable,exact_name,0.95,data/raw/espn_cheat_sheets/espn_salary_cap_values_2025_non_ppr.pdf,995fa8f024bbc64b0b5b96280eacbd9373c74c21becee70e5a292ab04b3d34c2
2025,espn,non_ppr,10,200,217,TE,26,Elijah Arroyo,SEA,0,8,nfl:gsis:00-0040739,23004,stable,exact_name,0.95,data/raw/espn_cheat_sheets/espn_salary_cap_values_2025_non_ppr.pdf,995fa8f024bbc64b0b5b96280eacbd9373c74c21becee70e5a292ab04b3d34c2
2025,espn,non_ppr,10,200,239,RB,68,Samaje Perine,CIN,0,10,nfl:gsis:00-0033526,16423,stable,exact_name,0.95,data/raw/espn_cheat_sheets/espn_salary_cap_values_2025_non_ppr.pdf,995fa8f024bbc64b0b5b96280eacbd9373c74c21becee70e5a292ab04b3d34c2
2025,espn,non_ppr,10,200,139,WR,58,Wan'Dale Robinson,NYG,1,14,nfl:gsis:00-0038117,22985,stable,exact_name,0.95,data/raw/espn_cheat_sheets/espn_salary_cap_values_2025_non_ppr.pdf,995fa8f024bbc64b0b5b96280eacbd9373c74c21becee70e5a292ab04b3d34c2
2025,espn,non_ppr,10,200,258,TE,27,Pat Freiermuth,PIT,0,5,nfl:gsis:00-0036894,20163,stable,exact_name,0.95,data/raw/espn_cheat_sheets/espn_salary_cap_values_2025_non_ppr.pdf,995fa8f024bbc64b0b5b96280eacbd9373c74c21becee70e5a292ab04b3d34c2
2025,espn,non_ppr,10,200,240,RB,69,Kenneth Gainwell,PIT,0,5,nfl:gsis:00-0036919,23310,stable,exact_name,0.95,data/raw/espn_cheat_sheets/espn_salary_cap_values_2025_non_ppr.pdf,995fa8f024bbc64b0b5b96280eacbd9373c74c21becee70e5a292ab04b3d34c2
2025,espn,non_ppr,10,200,140,WR,59,Marvin Mims Jr.,DEN,1,12,nfl:gsis:00-0038976,23080,stable,exact_name,0.95,data/raw/espn_cheat_sheets/espn_salary_cap_values_2025_non_ppr.pdf,995fa8f024bbc64b0b5b96280eacbd9373c74c21becee70e5a292ab04b3d34c2
2025,espn,non_ppr,10,200,259,TE,28,Theo Johnson,NYG,0,14,nfl:gsis:00-0039847,23104,stable,exact_name,0.95,data/raw/espn_cheat_sheets/espn_salary_cap_values_2025_non_ppr.pdf,995fa8f024bbc64b0b5b96280eacbd9373c74c21becee70e5a292ab04b3d34c2
2025,espn,non_ppr,10,200,241,RB,70,Jaylen Wright,MIA,0,12,nfl:gsis:00-0039874,25987,stable,exact_name,0.95,data/raw/espn_cheat_sheets/espn_salary_cap_values_2025_non_ppr.pdf,995fa8f024bbc64b0b5b96280eacbd9373c74c21becee70e5a292ab04b3d34c2
2025,espn,non_ppr,10,200,152,WR,60,Rashod Bateman,BAL,1,7,nfl:gsis:00-0036550,19794,stable,exact_name,0.95,data/raw/espn_cheat_sheets/espn_salary_cap_values_2025_non_ppr.pdf,995fa8f024bbc64b0b5b96280eacbd9373c74c21becee70e5a292ab04b3d34c2
2025,espn,non_ppr,10,200,260,TE,29,Tyler Higbee,LAR,0,8,nfl:gsis:00-0033110,15623,stable,exact_name,0.95,data/raw/espn_cheat_sheets/espn_salary_cap_values_2025_non_ppr.pdf,995fa8f024bbc64b0b5b96280eacbd9373c74c21becee70e5a292ab04b3d34c2
2025,espn,non_ppr,10,200,242,RB,71,Ty Johnson,BUF,0,7,nfl:gsis:00-0035537,18406,stable,exact_name,0.95,data/raw/espn_cheat_sheets/espn_salary_cap_values_2025_non_ppr.pdf,995fa8f024bbc64b0b5b96280eacbd9373c74c21becee70e5a292ab04b3d34c2
2025,espn,non_ppr,10,200,153,WR,61,DeMario Douglas,NE,1,14,nfl:gsis:00-0038621,25304,stable,exact_name,0.95,data/raw/espn_cheat_sheets/espn_salary_cap_values_2025_non_ppr.pdf,995fa8f024bbc64b0b5b96280eacbd9373c74c21becee70e5a292ab04b3d34c2
2025,espn,non_ppr,10,200,289,TE,30,Mike Gesicki,CIN,0,10,nfl:gsis:00-0034829,17272,stable,exact_name,0.95,data/raw/espn_cheat_sheets/espn_salary_cap_values_2025_non_ppr.pdf,995fa8f024bbc64b0b5b96280eacbd9373c74c21becee70e5a292ab04b3d34c2
2025,espn,non_ppr,10,200,243,RB,72,Kyle Monangai,CHI,0,5,nfl:gsis:00-0040236,27131,stable,exact_name,0.95,data/raw/espn_cheat_sheets/espn_salary_cap_values_2025_non_ppr.pdf,995fa8f024bbc64b0b5b96280eacbd9373c74c21becee70e5a292ab04b3d34c2
2025,espn,non_ppr,10,200,154,WR,62,Christian Kirk,HOU,1,6,nfl:gsis:00-0034775,17268,stable,exact_name,0.95,data/raw/espn_cheat_sheets/espn_salary_cap_values_2025_non_ppr.pdf,995fa8f024bbc64b0b5b96280eacbd9373c74c21becee70e5a292ab04b3d34c2
2025,espn,non_ppr,10,200,290,TE,31,Isaiah Likely,BAL,0,7,nfl:gsis:00-0037838,23781,stable,exact_name,0.95,data/raw/espn_cheat_sheets/espn_salary_cap_values_2025_non_ppr.pdf,995fa8f024bbc64b0b5b96280eacbd9373c74c21becee70e5a292ab04b3d34c2
2025,espn,non_ppr,10,200,244,RB,73,Devin Neal,NO,0,11,nfl:gsis:00-0040202,23682,stable,exact_name,0.95,data/raw/espn_cheat_sheets/espn_salary_cap_values_2025_non_ppr.pdf,995fa8f024bbc64b0b5b96280eacbd9373c74c21becee70e5a292ab04b3d34c2
2025,espn,non_ppr,10,200,155,WR,63,Brandon Aiyuk,SF,1,14,nfl:gsis:00-0036261,19252,stable,exact_name,0.95,data/raw/espn_cheat_sheets/espn_salary_cap_values_2025_non_ppr.pdf,995fa8f024bbc64b0b5b96280eacbd9373c74c21becee70e5a292ab04b3d34c2
2025,espn,non_ppr,10,200,291,TE,32,Juwan Johnson,NO,0,11,nfl:gsis:00-0036040,19562,stable,exact_name,0.95,data/raw/espn_cheat_sheets/espn_salary_cap_values_2025_non_ppr.pdf,995fa8f024bbc64b0b5b96280eacbd9373c74c21becee70e5a292ab04b3d34c2
2025,espn,non_ppr,10,200,245,RB,74,Elijah Mitchell,KC,0,10,nfl:gsis:00-0036567,22813,stable,exact_name,0.95,data/raw/espn_cheat_sheets/espn_salary_cap_values_2025_non_ppr.pdf,995fa8f024bbc64b0b5b96280eacbd9373c74c21becee70e5a292ab04b3d34c2
2025,espn,non_ppr,10,200,156,WR,64,Joshua Palmer,BUF,1,7,nfl:gsis:00-0036988,22845,stable,exact_name,0.95,data/raw/espn_cheat_sheets/espn_salary_cap_values_2025_non_ppr.pdf,995fa8f024bbc64b0b5b96280eacbd9373c74c21becee70e5a292ab04b3d34c2
2025,espn,non_ppr,10,200,292,TE,33,Ja'Tavion Sanders,CAR,0,14,nfl:gsis:00-0039356,24334,stable,exact_name,0.95,data/raw/espn_cheat_sheets/espn_salary_cap_values_2025_non_ppr.pdf,995fa8f024bbc64b0b5b96280eacbd9373c74c21becee70e5a292ab04b3d34c2
2025,espn,non_ppr,10,200,246,RB,75,Raheem Mostert,LV,0,8,nfl:gsis:00-0031687,14338,stable,exact_name,0.95,data/raw/espn_cheat_sheets/espn_salary_cap_values_2025_non_ppr.pdf,995fa8f024bbc64b0b5b96280eacbd9373c74c21becee70e5a292ab04b3d34c2
2025,espn,non_ppr,10,200,157,WR,65,Romeo Doubs,GB,1,5,nfl:gsis:00-0037816,23794,stable,exact_name,0.95,data/raw/espn_cheat_sheets/espn_salary_cap_values_2025_non_ppr.pdf,995fa8f024bbc64b0b5b96280eacbd9373c74c21becee70e5a292ab04b3d34c2
2025,espn,non_ppr,10,200,293,TE,34,Noah Fant,CIN,0,10,nfl:gsis:00-0035644,17527,stable,exact_name,0.95,data/raw/espn_cheat_sheets/espn_salary_cap_values_2025_non_ppr.pdf,995fa8f024bbc64b0b5b96280eacbd9373c74c21becee70e5a292ab04b3d34c2
2025,espn,non_ppr,10,200,247,RB,76,Isaac Guerendo,SF,0,14,nfl:gsis:00-0039363,26392,stable,exact_name,0.95,data/raw/espn_cheat_sheets/espn_salary_cap_values_2025_non_ppr.pdf,995fa8f024bbc64b0b5b96280eacbd9373c74c21becee70e5a292ab04b3d34c2
2025,espn,non_ppr,10,200,158,WR,66,Tre Harris,LAC,1,12,nfl:gsis:00-0040727,26215,stable,exact_name,0.95,data/raw/espn_cheat_sheets/espn_salary_cap_values_2025_non_ppr.pdf,995fa8f024bbc64b0b5b96280eacbd9373c74c21becee70e5a292ab04b3d34c2
2025,espn,non_ppr,10,200,311,TE,35,AJ Barner,SEA,0,8,nfl:gsis:00-0039793,26335,stable,exact_name,0.95,data/raw/espn_cheat_sheets/espn_salary_cap_values_2025_non_ppr.pdf,995fa8f024bbc64b0b5b96280eacbd9373c74c21becee70e5a292ab04b3d34c2
2025,espn,non_ppr,10,200,248,RB,77,Jarquez Hunter,LAR,0,8,nfl:gsis:00-0040692,24335,stable,exact_name,0.95,data/raw/espn_cheat_sheets/espn_salary_cap_values_2025_non_ppr.pdf,995fa8f024bbc64b0b5b96280eacbd9373c74c21becee70e5a292ab04b3d34c2
2025,espn,non_ppr,10,200,159,WR,67,Michael Wilson,ARI,1,8,nfl:gsis:00-0038559,25333,stable,exact_name,0.95,data/raw/espn_cheat_sheets/espn_salary_cap_values_2025_non_ppr.pdf,995fa8f024bbc64b0b5b96280eacbd9373c74c21becee70e5a292ab04b3d34c2
2026,espn,non_ppr,10,200,36,QB,1,Josh Allen,BUF,22,7,nfl:gsis:00-0034857,17298,stable,exact_name,0.95,data/raw/espn_cheat_sheets/espn_salary_cap_values_2026_non_ppr.pdf,3ed1868039ecf952dc663fc6890b60d4da201944e0ae8b40be05b95be48b8ff5
2026,espn,non_ppr,10,200,1,RB,1,Jahmyr Gibbs,DET,57,6,nfl:gsis:00-0039139,22968,stable,exact_name,0.95,data/raw/espn_cheat_sheets/espn_salary_cap_values_2026_non_ppr.pdf,3ed1868039ecf952dc663fc6890b60d4da201944e0ae8b40be05b95be48b8ff5
2026,espn,non_ppr,10,200,249,RB,78,James Conner,ARI,0,14,nfl:gsis:00-0033553,16447,stable,exact_name,0.95,data/raw/espn_cheat_sheets/espn_salary_cap_values_2026_non_ppr.pdf,3ed1868039ecf952dc663fc6890b60d4da201944e0ae8b40be05b95be48b8ff5
2026,espn,non_ppr,10,200,162,WR,68,Rashod Bateman,BAL,0,13,nfl:gsis:00-0036550,19794,stable,exact_name,0.95,data/raw/espn_cheat_sheets/espn_salary_cap_values_2026_non_ppr.pdf,3ed1868039ecf952dc663fc6890b60d4da201944e0ae8b40be05b95be48b8ff5
2026,espn,non_ppr,10,200,55,QB,2,Jayden Daniels,WAS,10,7,nfl:gsis:00-0039910,22902,stable,exact_name,0.95,data/raw/espn_cheat_sheets/espn_salary_cap_values_2026_non_ppr.pdf,3ed1868039ecf952dc663fc6890b60d4da201944e0ae8b40be05b95be48b8ff5
2026,espn,non_ppr,10,200,2,RB,2,Bijan Robinson,ATL,56,11,nfl:gsis:00-0038542,23133,stable,exact_name,0.95,data/raw/espn_cheat_sheets/espn_salary_cap_values_2026_non_ppr.pdf,3ed1868039ecf952dc663fc6890b60d4da201944e0ae8b40be05b95be48b8ff5
2026,espn,non_ppr,10,200,250,RB,79,Emari Demercado,KC,0,5,nfl:gsis:00-0038705,25654,stable,exact_name,0.95,data/raw/espn_cheat_sheets/espn_salary_cap_values_2026_non_ppr.pdf,3ed1868039ecf952dc663fc6890b60d4da201944e0ae8b40be05b95be48b8ff5
2026,espn,non_ppr,10,200,163,WR,69,Dontayvion Wicks,PHI,0,10,nfl:gsis:00-0038393,24354,stable,exact_name,0.95,data/raw/espn_cheat_sheets/espn_salary_cap_values_2026_non_ppr.pdf,3ed1868039ecf952dc663fc6890b60d4da201944e0ae8b40be05b95be48b8ff5
2026,espn,non_ppr,10,200,56,QB,3,Lamar Jackson,BAL,10,13,nfl:gsis:00-0034796,17233,stable,exact_name,0.95,data/raw/espn_cheat_sheets/espn_salary_cap_values_2026_non_ppr.pdf,3ed1868039ecf952dc663fc6890b60d4da201944e0ae8b40be05b95be48b8ff5
2026,espn,non_ppr,10,200,6,RB,3,Christian McCaffrey,SF,53,8,nfl:gsis:00-0033280,16393,stable,exact_name,0.95,data/raw/espn_cheat_sheets/espn_salary_cap_values_2026_non_ppr.pdf,3ed1868039ecf952dc663fc6890b60d4da201944e0ae8b40be05b95be48b8ff5
2026,espn,non_ppr,10,200,251,RB,80,Seth McGowan,IND,0,13,nfl:gsis:00-0041125,23079,stable,exact_name,0.95,data/raw/espn_cheat_sheets/espn_salary_cap_values_2026_non_ppr.pdf,3ed1868039ecf952dc663fc6890b60d4da201944e0ae8b40be05b95be48b8ff5
2026,espn,non_ppr,10,200,164,WR,70,Devaughn Vele,NO,0,8,nfl:gsis:00-0039424,26409,stable,exact_name,0.95,data/raw/espn_cheat_sheets/espn_salary_cap_values_2026_non_ppr.pdf,3ed1868039ecf952dc663fc6890b60d4da201944e0ae8b40be05b95be48b8ff5
2026,espn,non_ppr,10,200,57,QB,4,Drake Maye,NE,10,11,nfl:gsis:00-0039851,23046,stable,exact_name,0.95,data/raw/espn_cheat_sheets/espn_salary_cap_values_2026_non_ppr.pdf,3ed1868039ecf952dc663fc6890b60d4da201944e0ae8b40be05b95be48b8ff5
2026,espn,non_ppr,10,200,7,RB,4,Jonathan Taylor,IND,52,13,nfl:gsis:00-0036223,19217,stable,exact_name,0.95,data/raw/espn_cheat_sheets/espn_salary_cap_values_2026_non_ppr.pdf,3ed1868039ecf952dc663fc6890b60d4da201944e0ae8b40be05b95be48b8ff5
2026,espn,non_ppr,10,200,265,RB,81,Chris Brooks,GB,0,11,nfl:gsis:00-0038685,25823,stable,exact_name,0.95,data/raw/espn_cheat_sheets/espn_salary_cap_values_2026_non_ppr.pdf,3ed1868039ecf952dc663fc6890b60d4da201944e0ae8b40be05b95be48b8ff5
2026,espn,non_ppr,10,200,165,WR,71,Jaylin Noel,HOU,0,8,nfl:gsis:00-0040138,27122,stable,exact_name,0.95,data/raw/espn_cheat_sheets/espn_salary_cap_values_2026_non_ppr.pdf,3ed1868039ecf952dc663fc6890b60d4da201944e0ae8b40be05b95be48b8ff5
2026,espn,non_ppr,10,200,58,QB,5,Jalen Hurts,PHI,9,10,nfl:gsis:00-0036389,19275,stable,exact_name,0.95,data/raw/espn_cheat_sheets/espn_salary_cap_values_2026_non_ppr.pdf,3ed1868039ecf952dc663fc6890b60d4da201944e0ae8b40be05b95be48b8ff5
2026,espn,non_ppr,10,200,11,RB,5,Derrick Henry,BAL,48,13,nfl:gsis:00-0032764,15514,stable,exact_name,0.95,data/raw/espn_cheat_sheets/espn_salary_cap_values_2026_non_ppr.pdf,3ed1868039ecf952dc663fc6890b60d4da201944e0ae8b40be05b95be48b8ff5
2026,espn,non_ppr,10,200,266,RB,82,Emanuel Wilson,SEA,0,11,nfl:gsis:00-0038797,25885,stable,exact_name,0.95,data/raw/espn_cheat_sheets/espn_salary_cap_values_2026_non_ppr.pdf,3ed1868039ecf952dc663fc6890b60d4da201944e0ae8b40be05b95be48b8ff5
2026,espn,non_ppr,10,200,197,WR,72,Ja'Kobi Lane,BAL,0,13,nfl:gsis:00-0040870,27337,stable,exact_name,0.95,data/raw/espn_cheat_sheets/espn_salary_cap_values_2026_non_ppr.pdf,3ed1868039ecf952dc663fc6890b60d4da201944e0ae8b40be05b95be48b8ff5
2026,espn,non_ppr,10,200,74,QB,6,Joe Burrow,CIN,5,6,nfl:gsis:00-0036442,19196,stable,exact_name,0.95,data/raw/espn_cheat_sheets/espn_salary_cap_values_2026_non_ppr.pdf,3ed1868039ecf952dc663fc6890b60d4da201944e0ae8b40be05b95be48b8ff5
2026,espn,non_ppr,10,200,12,RB,6,James Cook III,BUF,46,7,nfl:gsis:00-0037248,22958,stable,exact_name,0.95,data/raw/espn_cheat_sheets/espn_salary_cap_values_2026_non_ppr.pdf,3ed1868039ecf952dc663fc6890b60d4da201944e0ae8b40be05b95be48b8ff5
2026,espn,non_ppr,10,200,276,RB,83,Will Shipley,PHI,0,10,nfl:gsis:00-0039746,22930,stable,exact_name,0.95,data/raw/espn_cheat_sheets/espn_salary_cap_values_2026_non_ppr.pdf,3ed1868039ecf952dc663fc6890b60d4da201944e0ae8b40be05b95be48b8ff5
2026,espn,non_ppr,10,200,201,WR,73,Jauan Jennings,MIN,0,6,nfl:gsis:00-0036259,19590,stable,exact_name,0.95,data/raw/espn_cheat_sheets/espn_salary_cap_values_2026_non_ppr.pdf,3ed1868039ecf952dc663fc6890b60d4da201944e0ae8b40be05b95be48b8ff5
2026,espn,non_ppr,10,200,75,QB,7,Jaxson Dart,NYG,5,8,nfl:gsis:00-0040691,23160,stable,exact_name,0.95,data/raw/espn_cheat_sheets/espn_salary_cap_values_2026_non_ppr.pdf,3ed1868039ecf952dc663fc6890b60d4da201944e0ae8b40be05b95be48b8ff5
2026,espn,non_ppr,10,200,13,RB,7,De'Von Achane,MIA,45,6,nfl:gsis:00-0039040,23136,stable,exact_name,0.95,data/raw/espn_cheat_sheets/espn_salary_cap_values_2026_non_ppr.pdf,3ed1868039ecf952dc663fc6890b60d4da201944e0ae8b40be05b95be48b8ff5
2026,espn,non_ppr,10,200,277,RB,84,Malik Davis,DAL,0,14,nfl:gsis:00-0037563,24205,stable,exact_name,0.95,data/raw/espn_cheat_sheets/espn_salary_cap_values_2026_non_ppr.pdf,3ed1868039ecf952dc663fc6890b60d4da201944e0ae8b40be05b95be48b8ff5
2026,espn,non_ppr,10,200,202,WR,74,Tank Dell,HOU,0,8,nfl:gsis:00-0038977,25361,stable,exact_name,0.95,data/raw/espn_cheat_sheets/espn_salary_cap_values_2026_non_ppr.pdf,3ed1868039ecf952dc663fc6890b60d4da201944e0ae8b40be05b95be48b8ff5
2026,espn,non_ppr,10,200,82,QB,8,Trevor Lawrence,JAX,4,7,nfl:gsis:00-0036971,19780,stable,exact_name,0.95,data/raw/espn_cheat_sheets/espn_salary_cap_values_2026_non_ppr.pdf,3ed1868039ecf952dc663fc6890b60d4da201944e0ae8b40be05b95be48b8ff5
2026,espn,non_ppr,10,200,15,RB,8,Saquon Barkley,PHI,42,10,nfl:gsis:00-0034844,17240,stable,exact_name,0.95,data/raw/espn_cheat_sheets/espn_salary_cap_values_2026_non_ppr.pdf,3ed1868039ecf952dc663fc6890b60d4da201944e0ae8b40be05b95be48b8ff5
2026,espn,non_ppr,10,200,278,RB,85,Kendre Miller,NO,0,8,nfl:gsis:00-0038551,24360,stable,exact_name,0.95,data/raw/espn_cheat_sheets/espn_salary_cap_values_2026_non_ppr.pdf,3ed1868039ecf952dc663fc6890b60d4da201944e0ae8b40be05b95be48b8ff5
2026,espn,non_ppr,10,200,203,WR,75,Germie Bernard,PIT,0,9,nfl:gsis:00-0041489,26039,stable,exact_name,0.95,data/raw/espn_cheat_sheets/espn_salary_cap_values_2026_non_ppr.pdf,3ed1868039ecf952dc663fc6890b60d4da201944e0ae8b40be05b95be48b8ff5
2026,espn,non_ppr,10,200,83,QB,9,Dak Prescott,DAL,4,14,nfl:gsis:00-0033077,15600,stable,exact_name,0.95,data/raw/espn_cheat_sheets/espn_salary_cap_values_2026_non_ppr.pdf,3ed1868039ecf952dc663fc6890b60d4da201944e0ae8b40be05b95be48b8ff5
2026,espn,non_ppr,10,200,16,RB,9,Ashton Jeanty,LV,40,13,nfl:gsis:00-0040122,25989,stable,exact_name,0.95,data/raw/espn_cheat_sheets/espn_salary_cap_values_2026_non_ppr.pdf,3ed1868039ecf952dc663fc6890b60d4da201944e0ae8b40be05b95be48b8ff5
2026,espn,non_ppr,10,200,204,WR,76,Tre Harris,LAC,0,7,nfl:gsis:00-0040727,26215,stable,exact_name,0.95,data/raw/espn_cheat_sheets/espn_salary_cap_values_2026_non_ppr.pdf,3ed1868039ecf952dc663fc6890b60d4da201944e0ae8b40be05b95be48b8ff5
2026,espn,non_ppr,10,200,84,QB,10,Bo Nix,DEN,4,10,nfl:gsis:00-0039732,22910,stable,exact_name,0.95,data/raw/espn_cheat_sheets/espn_salary_cap_values_2026_non_ppr.pdf,3ed1868039ecf952dc663fc6890b60d4da201944e0ae8b40be05b95be48b8ff5
2026,espn,non_ppr,10,200,17,RB,10,Jeremiyah Love,ARI,38,14,nfl:gsis:00-0041027,25403,stable,exact_name,0.95,data/raw/espn_cheat_sheets/espn_salary_cap_values_2026_non_ppr.pdf,3ed1868039ecf952dc663fc6890b60d4da201944e0ae8b40be05b95be48b8ff5
2026,espn,non_ppr,10,200,205,WR,77,Ryan Flournoy,DAL,0,14,nfl:gsis:00-0039410,26398,stable,exact_name,0.95,data/raw/espn_cheat_sheets/espn_salary_cap_values_2026_non_ppr.pdf,3ed1868039ecf952dc663fc6890b60d4da201944e0ae8b40be05b95be48b8ff5
2026,espn,non_ppr,10,200,85,QB,11,Brock Purdy,SF,4,8,nfl:gsis:00-0037834,19797,stable,exact_name,0.95,data/raw/espn_cheat_sheets/espn_salary_cap_values_2026_non_ppr.pdf,3ed1868039ecf952dc663fc6890b60d4da201944e0ae8b40be05b95be48b8ff5
2026,espn,non_ppr,10,200,18,RB,11,Kenneth Walker III,KC,37,5,nfl:gsis:00-0038134,23021,stable,exact_name,0.95,data/raw/espn_cheat_sheets/espn_salary_cap_values_2026_non_ppr.pdf,3ed1868039ecf952dc663fc6890b60d4da201944e0ae8b40be05b95be48b8ff5
2026,espn,non_ppr,10,200,3,WR,1,Ja'Marr Chase,CIN,56,6,nfl:gsis:00-0036900,19788,stable,exact_name,0.95,data/raw/espn_cheat_sheets/espn_salary_cap_values_2026_non_ppr.pdf,3ed1868039ecf952dc663fc6890b60d4da201944e0ae8b40be05b95be48b8ff5
2026,espn,non_ppr,10,200,208,WR,78,Zachariah Branch,ATL,0,11,nfl:gsis:00-0041044,25419,stable,exact_name,0.95,data/raw/espn_cheat_sheets/espn_salary_cap_values_2026_non_ppr.pdf,3ed1868039ecf952dc663fc6890b60d4da201944e0ae8b40be05b95be48b8ff5
2026,espn,non_ppr,10,200,86,QB,12,Matthew Stafford,LAR,4,11,nfl:gsis:00-0026498,9451,stable,exact_name,0.95,data/raw/espn_cheat_sheets/espn_salary_cap_values_2026_non_ppr.pdf,3ed1868039ecf952dc663fc6890b60d4da201944e0ae8b40be05b95be48b8ff5
2026,espn,non_ppr,10,200,19,RB,12,Omarion Hampton,LAC,36,7,nfl:gsis:00-0040666,25395,stable,exact_name,0.95,data/raw/espn_cheat_sheets/espn_salary_cap_values_2026_non_ppr.pdf,3ed1868039ecf952dc663fc6890b60d4da201944e0ae8b40be05b95be48b8ff5
2026,espn,non_ppr,10,200,4,WR,2,Puka Nacua,LAR,55,11,nfl:gsis:00-0039075,23180,stable,exact_name,0.95,data/raw/espn_cheat_sheets/espn_salary_cap_values_2026_non_ppr.pdf,3ed1868039ecf952dc663fc6890b60d4da201944e0ae8b40be05b95be48b8ff5
2026,espn,non_ppr,10,200,209,WR,79,Omar Cooper Jr.,NYJ,0,13,nfl:gsis:00-0041511,28127,stable,exact_name,0.95,data/raw/espn_cheat_sheets/espn_salary_cap_values_2026_non_ppr.pdf,3ed1868039ecf952dc663fc6890b60d4da201944e0ae8b40be05b95be48b8ff5
2026,espn,non_ppr,10,200,87,QB,13,Caleb Williams,CHI,3,10,nfl:gsis:00-0039918,23084,stable,exact_name,0.95,data/raw/espn_cheat_sheets/espn_salary_cap_values_2026_non_ppr.pdf,3ed1868039ecf952dc663fc6890b60d4da201944e0ae8b40be05b95be48b8ff5
2026,espn,non_ppr,10,200,22,RB,13,Breece Hall,NYJ,33,13,nfl:gsis:00-0038120,22982,stable,exact_name,0.95,data/raw/espn_cheat_sheets/espn_salary_cap_values_2026_non_ppr.pdf,3ed1868039ecf952dc663fc6890b60d4da201944e0ae8b40be05b95be48b8ff5
2026,espn,non_ppr,10,200,5,WR,3,Jaxon Smith-Njigba,SEA,54,11,nfl:gsis:00-0038543,23070,stable,exact_name,0.95,data/raw/espn_cheat_sheets/espn_salary_cap_values_2026_non_ppr.pdf,3ed1868039ecf952dc663fc6890b60d4da201944e0ae8b40be05b95be48b8ff5
2026,espn,non_ppr,10,200,210,WR,80,Kayshon Boutte,HOU,0,8,nfl:gsis:00-0038608,22989,stable,exact_name,0.95,data/raw/espn_cheat_sheets/espn_salary_cap_values_2026_non_ppr.pdf,3ed1868039ecf952dc663fc6890b60d4da201944e0ae8b40be05b95be48b8ff5
2026,espn,non_ppr,10,200,93,QB,14,Justin Herbert,LAC,3,7,nfl:gsis:00-0036355,18635,stable,exact_name,0.95,data/raw/espn_cheat_sheets/espn_salary_cap_values_2026_non_ppr.pdf,3ed1868039ecf952dc663fc6890b60d4da201944e0ae8b40be05b95be48b8ff5
2026,espn,non_ppr,10,200,23,RB,14,Chase Brown,CIN,32,6,nfl:gsis:00-0038597,25324,stable,exact_name,0.95,data/raw/espn_cheat_sheets/espn_salary_cap_values_2026_non_ppr.pdf,3ed1868039ecf952dc663fc6890b60d4da201944e0ae8b40be05b95be48b8ff5
2026,espn,non_ppr,10,200,8,WR,4,Amon-Ra St. Brown,DET,52,6,nfl:gsis:00-0036963,19799,stable,exact_name,0.95,data/raw/espn_cheat_sheets/espn_salary_cap_values_2026_non_ppr.pdf,3ed1868039ecf952dc663fc6890b60d4da201944e0ae8b40be05b95be48b8ff5
2026,espn,non_ppr,10,200,211,WR,81,Malik Washington,MIA,0,6,nfl:gsis:00-0039880,26314,stable,exact_name,0.95,data/raw/espn_cheat_sheets/espn_salary_cap_values_2026_non_ppr.pdf,3ed1868039ecf952dc663fc6890b60d4da201944e0ae8b40be05b95be48b8ff5
2026,espn,non_ppr,10,200,94,QB,15,Patrick Mahomes,KC,3,5,nfl:gsis:00-0033873,16413,stable,exact_name,0.95,data/raw/espn_cheat_sheets/espn_salary_cap_values_2026_non_ppr.pdf,3ed1868039ecf952dc663fc6890b60d4da201944e0ae8b40be05b95be48b8ff5
2026,espn,non_ppr,10,200,30,RB,15,Josh Jacobs,GB,27,11,nfl:gsis:00-0035700,18269,stable,exact_name,0.95,data/raw/espn_cheat_sheets/espn_salary_cap_values_2026_non_ppr.pdf,3ed1868039ecf952dc663fc6890b60d4da201944e0ae8b40be05b95be48b8ff5
2026,espn,non_ppr,10,200,9,WR,5,CeeDee Lamb,DAL,51,14,nfl:gsis:00-0036358,19202,stable,exact_name,0.95,data/raw/espn_cheat_sheets/espn_salary_cap_values_2026_non_ppr.pdf,3ed1868039ecf952dc663fc6890b60d4da201944e0ae8b40be05b95be48b8ff5
2026,espn,non_ppr,10,200,224,WR,82,Cooper Kupp,SEA,0,11,nfl:gsis:00-0033908,16433,stable,exact_name,0.95,data/raw/espn_cheat_sheets/espn_salary_cap_values_2026_non_ppr.pdf,3ed1868039ecf952dc663fc6890b60d4da201944e0ae8b40be05b95be48b8ff5
2026,espn,non_ppr,10,200,133,QB,16,Kyler Murray,MIN,1,6,nfl:gsis:00-0035228,18600,stable,exact_name,0.95,data/raw/espn_cheat_sheets/espn_salary_cap_values_2026_non_ppr.pdf,3ed1868039ecf952dc663fc6890b60d4da201944e0ae8b40be05b95be48b8ff5
2026,espn,non_ppr,10,200,32,RB,16,Javonte Williams,DAL,25,14,nfl:gsis:00-0036997,22739,stable,exact_name,0.95,data/raw/espn_cheat_sheets/espn_salary_cap_values_2026_non_ppr.pdf,3ed1868039ecf952dc663fc6890b60d4da201944e0ae8b40be05b95be48b8ff5
2026,espn,non_ppr,10,200,10,WR,6,Justin Jefferson,MIN,50,6,nfl:gsis:00-0036322,19236,stable,exact_name,0.95,data/raw/espn_cheat_sheets/espn_salary_cap_values_2026_non_ppr.pdf,3ed1868039ecf952dc663fc6890b60d4da201944e0ae8b40be05b95be48b8ff5
2026,espn,non_ppr,10,200,227,WR,83,Xavier Legette,CAR,0,5,nfl:gsis:00-0039342,26136,stable,exact_name,0.95,data/raw/espn_cheat_sheets/espn_salary_cap_values_2026_non_ppr.pdf,3ed1868039ecf952dc663fc6890b60d4da201944e0ae8b40be05b95be48b8ff5
2026,espn,non_ppr,10,200,134,QB,17,Tyler Shough,NO,1,8,nfl:gsis:00-0040743,23096,stable,exact_name,0.95,data/raw/espn_cheat_sheets/espn_salary_cap_values_2026_non_ppr.pdf,3ed1868039ecf952dc663fc6890b60d4da201944e0ae8b40be05b95be48b8ff5
2026,espn,non_ppr,10,200,37,RB,17,Travis Etienne Jr.,NO,22,8,nfl:gsis:00-0036973,19231,stable,exact_name,0.95,data/raw/espn_cheat_sheets/espn_salary_cap_values_2026_non_ppr.pdf,3ed1868039ecf952dc663fc6890b60d4da201944e0ae8b40be05b95be48b8ff5
2026,espn,non_ppr,10,200,14,WR,7,Drake London,ATL,43,11,nfl:gsis:00-0037238,23163,stable,exact_name,0.95,data/raw/espn_cheat_sheets/espn_salary_cap_values_2026_non_ppr.pdf,3ed1868039ecf952dc663fc6890b60d4da201944e0ae8b40be05b95be48b8ff5
2026,espn,non_ppr,10,200,228,WR,84,Jahan Dotson,ATL,0,11,nfl:gsis:00-0037741,23101,stable,exact_name,0.95,data/raw/espn_cheat_sheets/espn_salary_cap_values_2026_non_ppr.pdf,3ed1868039ecf952dc663fc6890b60d4da201944e0ae8b40be05b95be48b8ff5
2026,espn,non_ppr,10,200,135,QB,18,Jared Goff,DET,1,6,nfl:gsis:00-0033106,15501,stable,exact_name,0.95,data/raw/espn_cheat_sheets/espn_salary_cap_values_2026_non_ppr.pdf,3ed1868039ecf952dc663fc6890b60d4da201944e0ae8b40be05b95be48b8ff5
2026,espn,non_ppr,10,200,38,RB,18,Kyren Williams,LAR,21,11,nfl:gsis:00-0037840,23059,stable,exact_name,0.95,data/raw/espn_cheat_sheets/espn_salary_cap_values_2026_non_ppr.pdf,3ed1868039ecf952dc663fc6890b60d4da201944e0ae8b40be05b95be48b8ff5
2026,espn,non_ppr,10,200,24,WR,8,Rashee Rice,KC,32,5,nfl:gsis:00-0039067,23113,stable,exact_name,0.95,data/raw/espn_cheat_sheets/espn_salary_cap_values_2026_non_ppr.pdf,3ed1868039ecf952dc663fc6890b60d4da201944e0ae8b40be05b95be48b8ff5
2026,espn,non_ppr,10,200,229,WR,85,Darius Slayton,NYG,0,8,nfl:gsis:00-0035535,18706,stable,exact_name,0.95,data/raw/espn_cheat_sheets/espn_salary_cap_values_2026_non_ppr.pdf,3ed1868039ecf952dc663fc6890b60d4da201944e0ae8b40be05b95be48b8ff5
2026,espn,non_ppr,10,200,136,QB,19,Daniel Jones,IND,1,13,nfl:gsis:00-0035710,18232,stable,exact_name,0.95,data/raw/espn_cheat_sheets/espn_salary_cap_values_2026_non_ppr.pdf,3ed1868039ecf952dc663fc6890b60d4da201944e0ae8b40be05b95be48b8ff5
2026,espn,non_ppr,10,200,39,RB,19,Quinshon Judkins,CLE,21,11,nfl:gsis:00-0040784,25391,stable,exact_name,0.95,data/raw/espn_cheat_sheets/espn_salary_cap_values_2026_non_ppr.pdf,3ed1868039ecf952dc663fc6890b60d4da201944e0ae8b40be05b95be48b8ff5
2026,espn,non_ppr,10,200,25,WR,9,Nico Collins,HOU,31,8,nfl:gsis:00-0036554,20130,stable,exact_name,0.95,data/raw/espn_cheat_sheets/espn_salary_cap_values_2026_non_ppr.pdf,3ed1868039ecf952dc663fc6890b60d4da201944e0ae8b40be05b95be48b8ff5
2026,espn,non_ppr,10,200,230,WR,86,Jalen Tolbert,MIA,0,6,nfl:gsis:00-0037666,23770,stable,exact_name,0.95,data/raw/espn_cheat_sheets/espn_salary_cap_values_2026_non_ppr.pdf,3ed1868039ecf952dc663fc6890b60d4da201944e0ae8b40be05b95be48b8ff5
2026,espn,non_ppr,10,200,149,QB,20,Baker Mayfield,TB,0,10,nfl:gsis:00-0034855,17237,stable,exact_name,0.95,data/raw/espn_cheat_sheets/espn_salary_cap_values_2026_non_ppr.pdf,3ed1868039ecf952dc663fc6890b60d4da201944e0ae8b40be05b95be48b8ff5
2026,espn,non_ppr,10,200,40,RB,20,Cam Skattebo,NYG,20,8,nfl:gsis:00-0040715,27166,stable,exact_name,0.95,data/raw/espn_cheat_sheets/espn_salary_cap_values_2026_non_ppr.pdf,3ed1868039ecf952dc663fc6890b60d4da201944e0ae8b40be05b95be48b8ff5
2026,espn,non_ppr,10,200,26,WR,10,A.J. Brown,NE,30,11,nfl:gsis:00-0035676,18218,stable,exact_name,0.95,data/raw/espn_cheat_sheets/espn_salary_cap_values_2026_non_ppr.pdf,3ed1868039ecf952dc663fc6890b60d4da201944e0ae8b40be05b95be48b8ff5
2026,espn,non_ppr,10,200,231,WR,87,DeMario Douglas,NE,0,11,nfl:gsis:00-0038621,25304,stable,exact_name,0.95,data/raw/espn_cheat_sheets/espn_salary_cap_values_2026_non_ppr.pdf,3ed1868039ecf952dc663fc6890b60d4da201944e0ae8b40be05b95be48b8ff5
2026,espn,non_ppr,10,200,150,QB,21,Malik Willis,MIA,0,6,nfl:gsis:00-0038128,23499,stable,exact_name,0.95,data/raw/espn_cheat_sheets/espn_salary_cap_values_2026_non_ppr.pdf,3ed1868039ecf952dc663fc6890b60d4da201944e0ae8b40be05b95be48b8ff5
2026,espn,non_ppr,10,200,41,RB,21,Bucky Irving,TB,19,10,nfl:gsis:00-0039361,25981,stable,exact_name,0.95,data/raw/espn_cheat_sheets/espn_salary_cap_values_2026_non_ppr.pdf,3ed1868039ecf952dc663fc6890b60d4da201944e0ae8b40be05b95be48b8ff5
2026,espn,non_ppr,10,200,27,WR,11,Malik Nabers,NYG,30,8,nfl:gsis:00-0039337,25409,stable,exact_name,0.95,data/raw/espn_cheat_sheets/espn_salary_cap_values_2026_non_ppr.pdf,3ed1868039ecf952dc663fc6890b60d4da201944e0ae8b40be05b95be48b8ff5
2026,espn,non_ppr,10,200,232,WR,88,Chris Bell,MIA,0,6,nfl:gsis:00-0041525,26038,stable,exact_name,0.95,data/raw/espn_cheat_sheets/espn_salary_cap_values_2026_non_ppr.pdf,3ed1868039ecf952dc663fc6890b60d4da201944e0ae8b40be05b95be48b8ff5
2026,espn,non_ppr,10,200,198,QB,22,Jordan Love,GB,0,11,nfl:gsis:00-0036264,19246,stable,exact_name,0.95,data/raw/espn_cheat_sheets/espn_salary_cap_values_2026_non_ppr.pdf,3ed1868039ecf952dc663fc6890b60d4da201944e0ae8b40be05b95be48b8ff5
2026,espn,non_ppr,10,200,59,RB,22,D'Andre Swift,CHI,9,10,nfl:gsis:00-0036275,19210,stable,exact_name,0.95,data/raw/espn_cheat_sheets/espn_salary_cap_values_2026_non_ppr.pdf,3ed1868039ecf952dc663fc6890b60d4da201944e0ae8b40be05b95be48b8ff5
2026,espn,non_ppr,10,200,28,WR,12,George Pickens,DAL,29,14,nfl:gsis:00-0037247,22963,stable,exact_name,0.95,data/raw/espn_cheat_sheets/espn_salary_cap_values_2026_non_ppr.pdf,3ed1868039ecf952dc663fc6890b60d4da201944e0ae8b40be05b95be48b8ff5
2026,espn,non_ppr,10,200,233,WR,89,Antonio Williams,WAS,0,7,nfl:gsis:00-0041040,25418,stable,exact_name,0.95,data/raw/espn_cheat_sheets/espn_salary_cap_values_2026_non_ppr.pdf,3ed1868039ecf952dc663fc6890b60d4da201944e0ae8b40be05b95be48b8ff5
2026,espn,non_ppr,10,200,199,QB,23,C.J. Stroud,HOU,0,8,nfl:gsis:00-0039163,23071,stable,exact_name,0.95,data/raw/espn_cheat_sheets/espn_salary_cap_values_2026_non_ppr.pdf,3ed1868039ecf952dc663fc6890b60d4da201944e0ae8b40be05b95be48b8ff5
2026,espn,non_ppr,10,200,60,RB,23,Bhayshul Tuten,JAX,9,7,nfl:gsis:00-0040719,27297,stable,exact_name,0.95,data/raw/espn_cheat_sheets/espn_salary_cap_values_2026_non_ppr.pdf,3ed1868039ecf952dc663fc6890b60d4da201944e0ae8b40be05b95be48b8ff5
2026,espn,non_ppr,10,200,29,WR,13,Chris Olave,NO,28,8,nfl:gsis:00-0037239,20111,stable,exact_name,0.95,data/raw/espn_cheat_sheets/espn_salary_cap_values_2026_non_ppr.pdf,3ed1868039ecf952dc663fc6890b60d4da201944e0ae8b40be05b95be48b8ff5
2026,espn,non_ppr,10,200,234,WR,90,Tyquan Thornton,KC,0,5,nfl:gsis:00-0038104,22913,stable,exact_name,0.95,data/raw/espn_cheat_sheets/espn_salary_cap_values_2026_non_ppr.pdf,3ed1868039ecf952dc663fc6890b60d4da201944e0ae8b40be05b95be48b8ff5
2026,espn,non_ppr,10,200,200,QB,24,Sam Darnold,SEA,0,11,nfl:gsis:00-0034869,17236,stable,exact_name,0.95,data/raw/espn_cheat_sheets/espn_salary_cap_values_2026_non_ppr.pdf,3ed1868039ecf952dc663fc6890b60d4da201944e0ae8b40be05b95be48b8ff5
2026,espn,non_ppr,10,200,61,RB,24,David Montgomery,HOU,8,8,nfl:gsis:00-0035685,18239,stable,exact_name,0.95,data/raw/espn_cheat_sheets/espn_salary_cap_values_2026_non_ppr.pdf,3ed1868039ecf952dc663fc6890b60d4da201944e0ae8b40be05b95be48b8ff5
2026,espn,non_ppr,10,200,31,WR,14,Davante Adams,LAR,26,11,nfl:gsis:00-0031381,12123,stable,exact_name,0.95,data/raw/espn_cheat_sheets/espn_salary_cap_values_2026_non_ppr.pdf,3ed1868039ecf952dc663fc6890b60d4da201944e0ae8b40be05b95be48b8ff5
2026,espn,non_ppr,10,200,218,QB,25,Bryce Young,CAR,0,5,nfl:gsis:00-0039150,22900,stable,exact_name,0.95,data/raw/espn_cheat_sheets/espn_salary_cap_values_2026_non_ppr.pdf,3ed1868039ecf952dc663fc6890b60d4da201944e0ae8b40be05b95be48b8ff5
2026,espn,non_ppr,10,200,62,RB,25,Jadarian Price,SEA,8,11,nfl:gsis:00-0041512,27329,stable,exact_name,0.95,data/raw/espn_cheat_sheets/espn_salary_cap_values_2026_non_ppr.pdf,3ed1868039ecf952dc663fc6890b60d4da201944e0ae8b40be05b95be48b8ff5
2026,espn,non_ppr,10,200,33,WR,15,Emeka Egbuka,TB,24,10,nfl:gsis:00-0040129,23062,stable,exact_name,0.95,data/raw/espn_cheat_sheets/espn_salary_cap_values_2026_non_ppr.pdf,3ed1868039ecf952dc663fc6890b60d4da201944e0ae8b40be05b95be48b8ff5
2026,espn,non_ppr,10,200,219,QB,26,Cam Ward,TEN,0,9,nfl:gsis:00-0040676,24755,stable,exact_name,0.95,data/raw/espn_cheat_sheets/espn_salary_cap_values_2026_non_ppr.pdf,3ed1868039ecf952dc663fc6890b60d4da201944e0ae8b40be05b95be48b8ff5
2026,espn,non_ppr,10,200,63,RB,26,Rhamondre Stevenson,NE,8,11,nfl:gsis:00-0036875,22726,stable,exact_name,0.95,data/raw/espn_cheat_sheets/espn_salary_cap_values_2026_non_ppr.pdf,3ed1868039ecf952dc663fc6890b60d4da201944e0ae8b40be05b95be48b8ff5
2026,espn,non_ppr,10,200,34,WR,16,Tetairoa McMillan,CAR,23,5,nfl:gsis:00-0040124,25417,stable,exact_name,0.95,data/raw/espn_cheat_sheets/espn_salary_cap_values_2026_non_ppr.pdf,3ed1868039ecf952dc663fc6890b60d4da201944e0ae8b40be05b95be48b8ff5
2026,espn,non_ppr,10,200,169,DEF,1,Texans D/ST,HOU,1,8,nfl:def:HOU,8120,stable,exact_defense_team,1.0,data/raw/espn_cheat_sheets/espn_salary_cap_values_2026_non_ppr.pdf,3ed1868039ecf952dc663fc6890b60d4da201944e0ae8b40be05b95be48b8ff5
2026,espn,non_ppr,10,200,220,QB,27,Jacoby Brissett,ARI,0,14,nfl:gsis:00-0033119,15642,stable,exact_name,0.95,data/raw/espn_cheat_sheets/espn_salary_cap_values_2026_non_ppr.pdf,3ed1868039ecf952dc663fc6890b60d4da201944e0ae8b40be05b95be48b8ff5
2026,espn,non_ppr,10,200,64,RB,27,Rico Dowdle,PIT,7,9,nfl:gsis:00-0036139,19647,stable,exact_name,0.95,data/raw/espn_cheat_sheets/espn_salary_cap_values_2026_non_ppr.pdf,3ed1868039ecf952dc663fc6890b60d4da201944e0ae8b40be05b95be48b8ff5
2026,espn,non_ppr,10,200,35,WR,17,Zay Flowers,BAL,22,13,nfl:gsis:00-0039064,22916,stable,exact_name,0.95,data/raw/espn_cheat_sheets/espn_salary_cap_values_2026_non_ppr.pdf,3ed1868039ecf952dc663fc6890b60d4da201944e0ae8b40be05b95be48b8ff5
2026,espn,non_ppr,10,200,170,DEF,2,Broncos D/ST,DEN,1,10,nfl:def:DEN,8090,stable,exact_defense_team,1.0,data/raw/espn_cheat_sheets/espn_salary_cap_values_2026_non_ppr.pdf,3ed1868039ecf952dc663fc6890b60d4da201944e0ae8b40be05b95be48b8ff5
2026,espn,non_ppr,10,200,267,QB,28,Geno Smith,NYJ,0,13,nfl:gsis:00-0030565,11687,stable,exact_name,0.95,data/raw/espn_cheat_sheets/espn_salary_cap_values_2026_non_ppr.pdf,3ed1868039ecf952dc663fc6890b60d4da201944e0ae8b40be05b95be48b8ff5
2026,espn,non_ppr,10,200,95,RB,28,Jonathon Brooks,CAR,3,5,nfl:gsis:00-0039344,26148,stable,exact_name,0.95,data/raw/espn_cheat_sheets/espn_salary_cap_values_2026_non_ppr.pdf,3ed1868039ecf952dc663fc6890b60d4da201944e0ae8b40be05b95be48b8ff5
2026,espn,non_ppr,10,200,42,WR,18,Garrett Wilson,NYJ,19,13,nfl:gsis:00-0037740,23072,stable,exact_name,0.95,data/raw/espn_cheat_sheets/espn_salary_cap_values_2026_non_ppr.pdf,3ed1868039ecf952dc663fc6890b60d4da201944e0ae8b40be05b95be48b8ff5
2026,espn,non_ppr,10,200,171,DEF,3,Steelers D/ST,PIT,1,9,nfl:def:PIT,8240,stable,exact_defense_team,1.0,data/raw/espn_cheat_sheets/espn_salary_cap_values_2026_non_ppr.pdf,3ed1868039ecf952dc663fc6890b60d4da201944e0ae8b40be05b95be48b8ff5
2026,espn,non_ppr,10,200,268,QB,29,Fernando Mendoza,LV,0,13,nfl:gsis:00-0041562,28013,stable,exact_name,0.95,data/raw/espn_cheat_sheets/espn_salary_cap_values_2026_non_ppr.pdf,3ed1868039ecf952dc663fc6890b60d4da201944e0ae8b40be05b95be48b8ff5
2026,espn,non_ppr,10,200,96,RB,29,Jaylen Warren,PIT,2,9,nfl:gsis:00-0037228,24209,stable,exact_name,0.95,data/raw/espn_cheat_sheets/espn_salary_cap_values_2026_non_ppr.pdf,3ed1868039ecf952dc663fc6890b60d4da201944e0ae8b40be05b95be48b8ff5
2026,espn,non_ppr,10,200,43,WR,19,DeVonta Smith,PHI,18,10,nfl:gsis:00-0036912,19222,stable,exact_name,0.95,data/raw/espn_cheat_sheets/espn_salary_cap_values_2026_non_ppr.pdf,3ed1868039ecf952dc663fc6890b60d4da201944e0ae8b40be05b95be48b8ff5
2026,espn,non_ppr,10,200,172,DEF,4,Seahawks D/ST,SEA,1,11,nfl:def:SEA,8260,stable,exact_defense_team,1.0,data/raw/espn_cheat_sheets/espn_salary_cap_values_2026_non_ppr.pdf,3ed1868039ecf952dc663fc6890b60d4da201944e0ae8b40be05b95be48b8ff5
2026,espn,non_ppr,10,200,269,QB,30,Aaron Rodgers,PIT,0,9,nfl:gsis:00-0023459,9001,stable,exact_name,0.95,data/raw/espn_cheat_sheets/espn_salary_cap_values_2026_non_ppr.pdf,3ed1868039ecf952dc663fc6890b60d4da201944e0ae8b40be05b95be48b8ff5
2026,espn,non_ppr,10,200,97,RB,30,Tony Pollard,TEN,2,9,nfl:gsis:00-0035261,18705,stable,exact_name,0.95,data/raw/espn_cheat_sheets/espn_salary_cap_values_2026_non_ppr.pdf,3ed1868039ecf952dc663fc6890b60d4da201944e0ae8b40be05b95be48b8ff5
2026,espn,non_ppr,10,200,44,WR,20,Rome Odunze,CHI,17,10,nfl:gsis:00-0039919,25411,stable,exact_name,0.95,data/raw/espn_cheat_sheets/espn_salary_cap_values_2026_non_ppr.pdf,3ed1868039ecf952dc663fc6890b60d4da201944e0ae8b40be05b95be48b8ff5
2026,espn,non_ppr,10,200,173,DEF,5,Rams D/ST,LAR,1,11,nfl:def:LAR,8280,stable,exact_defense_team,1.0,data/raw/espn_cheat_sheets/espn_salary_cap_values_2026_non_ppr.pdf,3ed1868039ecf952dc663fc6890b60d4da201944e0ae8b40be05b95be48b8ff5
2026,espn,non_ppr,10,200,270,QB,31,Deshaun Watson,CLE,0,11,nfl:gsis:00-0033537,16398,stable,exact_name,0.95,data/raw/espn_cheat_sheets/espn_salary_cap_values_2026_non_ppr.pdf,3ed1868039ecf952dc663fc6890b60d4da201944e0ae8b40be05b95be48b8ff5
2026,espn,non_ppr,10,200,98,RB,31,TreVeyon Henderson,NE,2,11,nfl:gsis:00-0040734,23065,stable,exact_name,0.95,data/raw/espn_cheat_sheets/espn_salary_cap_values_2026_non_ppr.pdf,3ed1868039ecf952dc663fc6890b60d4da201944e0ae8b40be05b95be48b8ff5
2026,espn,non_ppr,10,200,45,WR,21,Terry McLaurin,WAS,17,7,nfl:gsis:00-0035659,18466,stable,exact_name,0.95,data/raw/espn_cheat_sheets/espn_salary_cap_values_2026_non_ppr.pdf,3ed1868039ecf952dc663fc6890b60d4da201944e0ae8b40be05b95be48b8ff5
2026,espn,non_ppr,10,200,174,DEF,6,Ravens D/ST,BAL,1,13,nfl:def:BAL,8020,stable,exact_defense_team,1.0,data/raw/espn_cheat_sheets/espn_salary_cap_values_2026_non_ppr.pdf,3ed1868039ecf952dc663fc6890b60d4da201944e0ae8b40be05b95be48b8ff5
2026,espn,non_ppr,10,200,296,QB,32,Tua Tagovailoa,ATL,0,11,nfl:gsis:00-0036212,19198,stable,exact_name,0.95,data/raw/espn_cheat_sheets/espn_salary_cap_values_2026_non_ppr.pdf,3ed1868039ecf952dc663fc6890b60d4da201944e0ae8b40be05b95be48b8ff5
2026,espn,non_ppr,10,200,99,RB,32,J.K. Dobbins,DEN,2,10,nfl:gsis:00-0036158,19245,stable,exact_name,0.95,data/raw/espn_cheat_sheets/espn_salary_cap_values_2026_non_ppr.pdf,3ed1868039ecf952dc663fc6890b60d4da201944e0ae8b40be05b95be48b8ff5
2026,espn,non_ppr,10,200,46,WR,22,Tee Higgins,CIN,15,6,nfl:gsis:00-0036410,19211,stable,exact_name,0.95,data/raw/espn_cheat_sheets/espn_salary_cap_values_2026_non_ppr.pdf,3ed1868039ecf952dc663fc6890b60d4da201944e0ae8b40be05b95be48b8ff5
2026,espn,non_ppr,10,200,175,DEF,7,Eagles D/ST,PHI,1,10,nfl:def:PHI,8230,stable,exact_defense_team,1.0,data/raw/espn_cheat_sheets/espn_salary_cap_values_2026_non_ppr.pdf,3ed1868039ecf952dc663fc6890b60d4da201944e0ae8b40be05b95be48b8ff5
2026,espn,non_ppr,10,200,301,QB,33,Shedeur Sanders,CLE,0,11,nfl:gsis:00-0040668,25968,stable,exact_name,0.95,data/raw/espn_cheat_sheets/espn_salary_cap_values_2026_non_ppr.pdf,3ed1868039ecf952dc663fc6890b60d4da201944e0ae8b40be05b95be48b8ff5
2026,espn,non_ppr,10,200,100,RB,33,Jacory Croskey-Merritt,WAS,2,7,nfl:gsis:00-0040242,27316,stable,exact_name,0.95,data/raw/espn_cheat_sheets/espn_salary_cap_values_2026_non_ppr.pdf,3ed1868039ecf952dc663fc6890b60d4da201944e0ae8b40be05b95be48b8ff5
2026,espn,non_ppr,10,200,47,WR,23,Ladd McConkey,LAC,15,7,nfl:gsis:00-0039915,26122,stable,exact_name,0.95,data/raw/espn_cheat_sheets/espn_salary_cap_values_2026_non_ppr.pdf,3ed1868039ecf952dc663fc6890b60d4da201944e0ae8b40be05b95be48b8ff5
2026,espn,non_ppr,10,200,176,DEF,8,Browns D/ST,CLE,1,11,nfl:def:CLE,8070,stable,exact_defense_team,1.0,data/raw/espn_cheat_sheets/espn_salary_cap_values_2026_non_ppr.pdf,3ed1868039ecf952dc663fc6890b60d4da201944e0ae8b40be05b95be48b8ff5
2026,espn,non_ppr,10,200,302,QB,34,Kirk Cousins,LV,0,13,nfl:gsis:00-0029604,11177,stable,exact_name,0.95,data/raw/espn_cheat_sheets/espn_salary_cap_values_2026_non_ppr.pdf,3ed1868039ecf952dc663fc6890b60d4da201944e0ae8b40be05b95be48b8ff5
2026,espn,non_ppr,10,200,105,RB,34,Chuba Hubbard,CAR,2,5,nfl:gsis:00-0036555,19792,stable,exact_name,0.95,data/raw/espn_cheat_sheets/espn_salary_cap_values_2026_non_ppr.pdf,3ed1868039ecf952dc663fc6890b60d4da201944e0ae8b40be05b95be48b8ff5
2026,espn,non_ppr,10,200,48,WR,24,Jameson Williams,DET,14,6,nfl:gsis:00-0037240,23677,stable,exact_name,0.95,data/raw/espn_cheat_sheets/espn_salary_cap_values_2026_non_ppr.pdf,3ed1868039ecf952dc663fc6890b60d4da201944e0ae8b40be05b95be48b8ff5
2026,espn,non_ppr,10,200,177,DEF,9,Patriots D/ST,NE,1,11,nfl:def:NE,8180,stable,exact_defense_team,1.0,data/raw/espn_cheat_sheets/espn_salary_cap_values_2026_non_ppr.pdf,3ed1868039ecf952dc663fc6890b60d4da201944e0ae8b40be05b95be48b8ff5
2026,espn,non_ppr,10,200,310,QB,35,Michael Penix Jr.,ATL,0,11,nfl:gsis:00-0039917,22973,stable,exact_name,0.95,data/raw/espn_cheat_sheets/espn_salary_cap_values_2026_non_ppr.pdf,3ed1868039ecf952dc663fc6890b60d4da201944e0ae8b40be05b95be48b8ff5
2026,espn,non_ppr,10,200,106,RB,35,Kyle Monangai,CHI,2,10,nfl:gsis:00-0040236,27131,stable,exact_name,0.95,data/raw/espn_cheat_sheets/espn_salary_cap_values_2026_non_ppr.pdf,3ed1868039ecf952dc663fc6890b60d4da201944e0ae8b40be05b95be48b8ff5
2026,espn,non_ppr,10,200,51,WR,25,Jaylen Waddle,DEN,12,10,nfl:gsis:00-0036613,19790,stable,exact_name,0.95,data/raw/espn_cheat_sheets/espn_salary_cap_values_2026_non_ppr.pdf,3ed1868039ecf952dc663fc6890b60d4da201944e0ae8b40be05b95be48b8ff5
2026,espn,non_ppr,10,200,178,DEF,10,Lions D/ST,DET,1,6,nfl:def:DET,8100,stable,exact_defense_team,1.0,data/raw/espn_cheat_sheets/espn_salary_cap_values_2026_non_ppr.pdf,3ed1868039ecf952dc663fc6890b60d4da201944e0ae8b40be05b95be48b8ff5
2026,espn,non_ppr,10,200,315,QB,36,J.J. McCarthy,MIN,0,6,nfl:gsis:00-0039923,23018,stable,exact_name,0.95,data/raw/espn_cheat_sheets/espn_salary_cap_values_2026_non_ppr.pdf,3ed1868039ecf952dc663fc6890b60d4da201944e0ae8b40be05b95be48b8ff5
2026,espn,non_ppr,10,200,107,RB,36,Kenny Gainwell,TB,2,10,nfl:gsis:00-0036919,23310,stable,exact_name,0.95,data/raw/espn_cheat_sheets/espn_salary_cap_values_2026_non_ppr.pdf,3ed1868039ecf952dc663fc6890b60d4da201944e0ae8b40be05b95be48b8ff5
2026,espn,non_ppr,10,200,52,WR,26,DJ Moore,BUF,11,7,nfl:gsis:00-0034827,17265,stable,exact_name,0.95,data/raw/espn_cheat_sheets/espn_salary_cap_values_2026_non_ppr.pdf,3ed1868039ecf952dc663fc6890b60d4da201944e0ae8b40be05b95be48b8ff5
2026,espn,non_ppr,10,200,179,DEF,11,Chiefs D/ST,KC,0,5,nfl:def:KC,8150,stable,exact_defense_team,1.0,data/raw/espn_cheat_sheets/espn_salary_cap_values_2026_non_ppr.pdf,3ed1868039ecf952dc663fc6890b60d4da201944e0ae8b40be05b95be48b8ff5
2026,espn,non_ppr,10,200,316,QB,37,Carson Beck,ARI,0,14,nfl:gsis:00-0041561,22953,stable,exact_name,0.95,data/raw/espn_cheat_sheets/espn_salary_cap_values_2026_non_ppr.pdf,3ed1868039ecf952dc663fc6890b60d4da201944e0ae8b40be05b95be48b8ff5
2026,espn,non_ppr,10,200,108,RB,37,Jordan Mason,MIN,2,6,nfl:gsis:00-0037525,22969,stable,exact_name,0.95,data/raw/espn_cheat_sheets/espn_salary_cap_values_2026_non_ppr.pdf,3ed1868039ecf952dc663fc6890b60d4da201944e0ae8b40be05b95be48b8ff5
2026,espn,non_ppr,10,200,53,WR,27,Luther Burden III,CHI,11,10,nfl:gsis:00-0040735,27016,stable,exact_name,0.95,data/raw/espn_cheat_sheets/espn_salary_cap_values_2026_non_ppr.pdf,3ed1868039ecf952dc663fc6890b60d4da201944e0ae8b40be05b95be48b8ff5
2026,espn,non_ppr,10,200,180,DEF,12,Chargers D/ST,LAC,0,7,nfl:def:LAC,8250,stable,exact_defense_team,1.0,data/raw/espn_cheat_sheets/espn_salary_cap_values_2026_non_ppr.pdf,3ed1868039ecf952dc663fc6890b60d4da201944e0ae8b40be05b95be48b8ff5
2026,espn,non_ppr,10,200,317,QB,38,Justin Fields,KC,0,5,nfl:gsis:00-0036945,19781,stable,exact_name,0.95,data/raw/espn_cheat_sheets/espn_salary_cap_values_2026_non_ppr.pdf,3ed1868039ecf952dc663fc6890b60d4da201944e0ae8b40be05b95be48b8ff5
2026,espn,non_ppr,10,200,115,RB,38,Blake Corum,LAR,2,11,nfl:gsis:00-0039738,23013,stable,exact_name,0.95,data/raw/espn_cheat_sheets/espn_salary_cap_values_2026_non_ppr.pdf,3ed1868039ecf952dc663fc6890b60d4da201944e0ae8b40be05b95be48b8ff5
2026,espn,non_ppr,10,200,54,WR,28,Courtland Sutton,DEN,10,10,nfl:gsis:00-0034348,17253,stable,exact_name,0.95,data/raw/espn_cheat_sheets/espn_salary_cap_values_2026_non_ppr.pdf,3ed1868039ecf952dc663fc6890b60d4da201944e0ae8b40be05b95be48b8ff5
2026,espn,non_ppr,10,200,235,DEF,13,Buccaneers D/ST,TB,0,10,nfl:def:TB,8290,stable,exact_defense_team,1.0,data/raw/espn_cheat_sheets/espn_salary_cap_values_2026_non_ppr.pdf,3ed1868039ecf952dc663fc6890b60d4da201944e0ae8b40be05b95be48b8ff5
2026,espn,non_ppr,10,200,318,QB,39,Joe Flacco,CIN,0,6,nfl:gsis:00-0026158,9300,stable,exact_name,0.95,data/raw/espn_cheat_sheets/espn_salary_cap_values_2026_non_ppr.pdf,3ed1868039ecf952dc663fc6890b60d4da201944e0ae8b40be05b95be48b8ff5
2026,espn,non_ppr,10,200,120,RB,39,Rachaad White,WAS,2,7,nfl:gsis:00-0037256,23891,stable,exact_name,0.95,data/raw/espn_cheat_sheets/espn_salary_cap_values_2026_non_ppr.pdf,3ed1868039ecf952dc663fc6890b60d4da201944e0ae8b40be05b95be48b8ff5
2026,espn,non_ppr,10,200,65,WR,29,Carnell Tate,TEN,7,9,nfl:gsis:00-0041438,26009,stable,exact_name,0.95,data/raw/espn_cheat_sheets/espn_salary_cap_values_2026_non_ppr.pdf,3ed1868039ecf952dc663fc6890b60d4da201944e0ae8b40be05b95be48b8ff5
2026,espn,non_ppr,10,200,236,DEF,14,Packers D/ST,GB,0,11,nfl:def:GB,8110,stable,exact_defense_team,1.0,data/raw/espn_cheat_sheets/espn_salary_cap_values_2026_non_ppr.pdf,3ed1868039ecf952dc663fc6890b60d4da201944e0ae8b40be05b95be48b8ff5
2026,espn,non_ppr,10,200,319,QB,40,Mac Jones,SF,0,8,nfl:gsis:00-0036972,20156,stable,exact_name,0.95,data/raw/espn_cheat_sheets/espn_salary_cap_values_2026_non_ppr.pdf,3ed1868039ecf952dc663fc6890b60d4da201944e0ae8b40be05b95be48b8ff5
2026,espn,non_ppr,10,200,121,RB,40,Aaron Jones Sr.,MIN,1,6,nfl:gsis:00-0033293,16673,stable,exact_name,0.95,data/raw/espn_cheat_sheets/espn_salary_cap_values_2026_non_ppr.pdf,3ed1868039ecf952dc663fc6890b60d4da201944e0ae8b40be05b95be48b8ff5
2026,espn,non_ppr,10,200,66,WR,30,DK Metcalf,PIT,7,9,nfl:gsis:00-0035640,18219,stable,exact_name,0.95,data/raw/espn_cheat_sheets/espn_salary_cap_values_2026_non_ppr.pdf,3ed1868039ecf952dc663fc6890b60d4da201944e0ae8b40be05b95be48b8ff5
2026,espn,non_ppr,10,200,254,DEF,15,Jaguars D/ST,JAX,0,7,nfl:def:JAX,8140,stable,exact_defense_team,1.0,data/raw/espn_cheat_sheets/espn_salary_cap_values_2026_non_ppr.pdf,3ed1868039ecf952dc663fc6890b60d4da201944e0ae8b40be05b95be48b8ff5
2026,espn,non_ppr,10,200,122,RB,41,Woody Marks,HOU,1,8,nfl:gsis:00-0040583,27520,stable,exact_name,0.95,data/raw/espn_cheat_sheets/espn_salary_cap_values_2026_non_ppr.pdf,3ed1868039ecf952dc663fc6890b60d4da201944e0ae8b40be05b95be48b8ff5
2026,espn,non_ppr,10,200,67,WR,31,Marvin Harrison Jr.,ARI,7,14,nfl:gsis:00-0039849,23064,stable,exact_name,0.95,data/raw/espn_cheat_sheets/espn_salary_cap_values_2026_non_ppr.pdf,3ed1868039ecf952dc663fc6890b60d4da201944e0ae8b40be05b95be48b8ff5
2026,espn,non_ppr,10,200,123,RB,42,Zach Charbonnet,SEA,1,11,nfl:gsis:00-0039165,23152,stable,exact_name,0.95,data/raw/espn_cheat_sheets/espn_salary_cap_values_2026_non_ppr.pdf,3ed1868039ecf952dc663fc6890b60d4da201944e0ae8b40be05b95be48b8ff5
2026,espn,non_ppr,10,200,68,WR,32,Christian Watson,GB,6,11,nfl:gsis:00-0038124,23886,stable,exact_name,0.95,data/raw/espn_cheat_sheets/espn_salary_cap_values_2026_non_ppr.pdf,3ed1868039ecf952dc663fc6890b60d4da201944e0ae8b40be05b95be48b8ff5
2026,espn,non_ppr,10,200,20,TE,1,Trey McBride,ARI,35,14,nfl:gsis:00-0037744,22936,stable,exact_name,0.95,data/raw/espn_cheat_sheets/espn_salary_cap_values_2026_non_ppr.pdf,3ed1868039ecf952dc663fc6890b60d4da201944e0ae8b40be05b95be48b8ff5
2026,espn,non_ppr,10,200,137,RB,43,RJ Harvey,DEN,1,10,nfl:gsis:00-0040730,27142,stable,exact_name,0.95,data/raw/espn_cheat_sheets/espn_salary_cap_values_2026_non_ppr.pdf,3ed1868039ecf952dc663fc6890b60d4da201944e0ae8b40be05b95be48b8ff5
2026,espn,non_ppr,10,200,69,WR,33,Alec Pierce,IND,6,13,nfl:gsis:00-0037664,23791,stable,exact_name,0.95,data/raw/espn_cheat_sheets/espn_salary_cap_values_2026_non_ppr.pdf,3ed1868039ecf952dc663fc6890b60d4da201944e0ae8b40be05b95be48b8ff5
2026,espn,non_ppr,10,200,181,K,1,Brandon Aubrey,DAL,1,14,nfl:gsis:00-0037692,26068,stable,exact_name,0.95,data/raw/espn_cheat_sheets/espn_salary_cap_values_2026_non_ppr.pdf,3ed1868039ecf952dc663fc6890b60d4da201944e0ae8b40be05b95be48b8ff5
2026,espn,non_ppr,10,200,21,TE,2,Brock Bowers,LV,34,13,nfl:gsis:00-0039338,22955,stable,exact_name,0.95,data/raw/espn_cheat_sheets/espn_salary_cap_values_2026_non_ppr.pdf,3ed1868039ecf952dc663fc6890b60d4da201944e0ae8b40be05b95be48b8ff5
2026,espn,non_ppr,10,200,138,RB,44,Chris Rodriguez Jr.,JAX,1,7,nfl:gsis:00-0038611,22986,stable,exact_name,0.95,data/raw/espn_cheat_sheets/espn_salary_cap_values_2026_non_ppr.pdf,3ed1868039ecf952dc663fc6890b60d4da201944e0ae8b40be05b95be48b8ff5
2026,espn,non_ppr,10,200,70,WR,34,Parker Washington,JAX,6,7,nfl:gsis:00-0038606,23106,stable,exact_name,0.95,data/raw/espn_cheat_sheets/espn_salary_cap_values_2026_non_ppr.pdf,3ed1868039ecf952dc663fc6890b60d4da201944e0ae8b40be05b95be48b8ff5
2026,espn,non_ppr,10,200,182,K,2,Cameron Dicker,LAC,1,7,nfl:gsis:00-0037224,23901,stable,exact_name,0.95,data/raw/espn_cheat_sheets/espn_salary_cap_values_2026_non_ppr.pdf,3ed1868039ecf952dc663fc6890b60d4da201944e0ae8b40be05b95be48b8ff5
2026,espn,non_ppr,10,200,49,TE,3,Colston Loveland,CHI,13,10,nfl:gsis:00-0040126,26006,stable,exact_name,0.95,data/raw/espn_cheat_sheets/espn_salary_cap_values_2026_non_ppr.pdf,3ed1868039ecf952dc663fc6890b60d4da201944e0ae8b40be05b95be48b8ff5
2026,espn,non_ppr,10,200,139,RB,45,Tyjae Spears,TEN,1,9,nfl:gsis:00-0039032,25323,stable,exact_name,0.95,data/raw/espn_cheat_sheets/espn_salary_cap_values_2026_non_ppr.pdf,3ed1868039ecf952dc663fc6890b60d4da201944e0ae8b40be05b95be48b8ff5
2026,espn,non_ppr,10,200,76,WR,35,Mike Evans,SF,5,8,nfl:gsis:00-0031408,12119,stable,exact_name,0.95,data/raw/espn_cheat_sheets/espn_salary_cap_values_2026_non_ppr.pdf,3ed1868039ecf952dc663fc6890b60d4da201944e0ae8b40be05b95be48b8ff5
2026,espn,non_ppr,10,200,183,K,3,Jason Myers,SEA,1,11,nfl:gsis:00-0031492,14003,stable,exact_name,0.95,data/raw/espn_cheat_sheets/espn_salary_cap_values_2026_non_ppr.pdf,3ed1868039ecf952dc663fc6890b60d4da201944e0ae8b40be05b95be48b8ff5
2026,espn,non_ppr,10,200,50,TE,4,Tyler Warren,IND,13,13,nfl:gsis:00-0040128,26434,stable,exact_name,0.95,data/raw/espn_cheat_sheets/espn_salary_cap_values_2026_non_ppr.pdf,3ed1868039ecf952dc663fc6890b60d4da201944e0ae8b40be05b95be48b8ff5
2026,espn,non_ppr,10,200,140,RB,46,Brian Robinson Jr.,ATL,1,11,nfl:gsis:00-0037746,20094,stable,exact_name,0.95,data/raw/espn_cheat_sheets/espn_salary_cap_values_2026_non_ppr.pdf,3ed1868039ecf952dc663fc6890b60d4da201944e0ae8b40be05b95be48b8ff5
2026,espn,non_ppr,10,200,77,WR,36,Michael Pittman Jr.,PIT,5,9,nfl:gsis:00-0036252,19278,stable,exact_name,0.95,data/raw/espn_cheat_sheets/espn_salary_cap_values_2026_non_ppr.pdf,3ed1868039ecf952dc663fc6890b60d4da201944e0ae8b40be05b95be48b8ff5
2026,espn,non_ppr,10,200,184,K,4,Harrison Mevis,LAR,1,11,nfl:gsis:00-0039498,26638,stable,exact_name,0.95,data/raw/espn_cheat_sheets/espn_salary_cap_values_2026_non_ppr.pdf,3ed1868039ecf952dc663fc6890b60d4da201944e0ae8b40be05b95be48b8ff5
2026,espn,non_ppr,10,200,71,TE,5,Kyle Pitts Sr.,ATL,6,11,nfl:gsis:00-0036970,20164,stable,exact_name,0.95,data/raw/espn_cheat_sheets/espn_salary_cap_values_2026_non_ppr.pdf,3ed1868039ecf952dc663fc6890b60d4da201944e0ae8b40be05b95be48b8ff5
2026,espn,non_ppr,10,200,141,RB,47,Tyler Allgeier,ARI,0,14,nfl:gsis:00-0037263,24172,stable,exact_name,0.95,data/raw/espn_cheat_sheets/espn_salary_cap_values_2026_non_ppr.pdf,3ed1868039ecf952dc663fc6890b60d4da201944e0ae8b40be05b95be48b8ff5
2026,espn,non_ppr,10,200,78,WR,37,Brian Thomas Jr.,JAX,4,7,nfl:gsis:00-0039893,23000,stable,exact_name,0.95,data/raw/espn_cheat_sheets/espn_salary_cap_values_2026_non_ppr.pdf,3ed1868039ecf952dc663fc6890b60d4da201944e0ae8b40be05b95be48b8ff5
2026,espn,non_ppr,10,200,185,K,5,Ka'imi Fairbairn,HOU,1,8,nfl:gsis:00-0032726,15756,stable,exact_name,0.95,data/raw/espn_cheat_sheets/espn_salary_cap_values_2026_non_ppr.pdf,3ed1868039ecf952dc663fc6890b60d4da201944e0ae8b40be05b95be48b8ff5
2026,espn,non_ppr,10,200,72,TE,6,Harold Fannin Jr.,CLE,6,11,nfl:gsis:00-0040663,27050,stable,exact_name,0.95,data/raw/espn_cheat_sheets/espn_salary_cap_values_2026_non_ppr.pdf,3ed1868039ecf952dc663fc6890b60d4da201944e0ae8b40be05b95be48b8ff5
2026,espn,non_ppr,10,200,142,RB,48,MarShawn Lloyd,GB,0,11,nfl:gsis:00-0039811,23118,stable,exact_name,0.95,data/raw/espn_cheat_sheets/espn_salary_cap_values_2026_non_ppr.pdf,3ed1868039ecf952dc663fc6890b60d4da201944e0ae8b40be05b95be48b8ff5
2026,espn,non_ppr,10,200,79,WR,38,Matthew Golden,GB,4,11,nfl:gsis:00-0040667,26024,stable,exact_name,0.95,data/raw/espn_cheat_sheets/espn_salary_cap_values_2026_non_ppr.pdf,3ed1868039ecf952dc663fc6890b60d4da201944e0ae8b40be05b95be48b8ff5
2026,espn,non_ppr,10,200,186,K,6,Eddy Pineiro,SF,1,8,nfl:gsis:00-0034173,17575,stable,exact_name,0.95,data/raw/espn_cheat_sheets/espn_salary_cap_values_2026_non_ppr.pdf,3ed1868039ecf952dc663fc6890b60d4da201944e0ae8b40be05b95be48b8ff5
2026,espn,non_ppr,10,200,73,TE,7,Sam LaPorta,DET,6,6,nfl:gsis:00-0039065,22978,stable,exact_name,0.95,data/raw/espn_cheat_sheets/espn_salary_cap_values_2026_non_ppr.pdf,3ed1868039ecf952dc663fc6890b60d4da201944e0ae8b40be05b95be48b8ff5
2026,espn,non_ppr,10,200,154,RB,49,Isiah Pacheco,DET,0,6,nfl:gsis:00-0037197,24333,stable,exact_name,0.95,data/raw/espn_cheat_sheets/espn_salary_cap_values_2026_non_ppr.pdf,3ed1868039ecf952dc663fc6890b60d4da201944e0ae8b40be05b95be48b8ff5
2026,espn,non_ppr,10,200,80,WR,39,Jordan Addison,MIN,4,6,nfl:gsis:00-0038994,23107,stable,exact_name,0.95,data/raw/espn_cheat_sheets/espn_salary_cap_values_2026_non_ppr.pdf,3ed1868039ecf952dc663fc6890b60d4da201944e0ae8b40be05b95be48b8ff5
2026,espn,non_ppr,10,200,187,K,7,Harrison Butker,KC,1,5,nfl:gsis:00-0033303,16712,stable,exact_name,0.95,data/raw/espn_cheat_sheets/espn_salary_cap_values_2026_non_ppr.pdf,3ed1868039ecf952dc663fc6890b60d4da201944e0ae8b40be05b95be48b8ff5
2026,espn,non_ppr,10,200,101,TE,8,George Kittle,SF,2,8,nfl:gsis:00-0033288,16499,stable,exact_name,0.95,data/raw/espn_cheat_sheets/espn_salary_cap_values_2026_non_ppr.pdf,3ed1868039ecf952dc663fc6890b60d4da201944e0ae8b40be05b95be48b8ff5
2026,espn,non_ppr,10,200,155,RB,50,Keaton Mitchell,LAC,0,7,nfl:gsis:00-0038454,25360,stable,exact_name,0.95,data/raw/espn_cheat_sheets/espn_salary_cap_values_2026_non_ppr.pdf,3ed1868039ecf952dc663fc6890b60d4da201944e0ae8b40be05b95be48b8ff5
2026,espn,non_ppr,10,200,81,WR,40,De'Zhaun Stribling,SF,4,8,nfl:gsis:00-0041035,28138,stable,exact_name,0.95,data/raw/espn_cheat_sheets/espn_salary_cap_values_2026_non_ppr.pdf,3ed1868039ecf952dc663fc6890b60d4da201944e0ae8b40be05b95be48b8ff5
2026,espn,non_ppr,10,200,188,K,8,Cam Little,JAX,1,7,nfl:gsis:00-0039409,26475,stable,exact_name,0.95,data/raw/espn_cheat_sheets/espn_salary_cap_values_2026_non_ppr.pdf,3ed1868039ecf952dc663fc6890b60d4da201944e0ae8b40be05b95be48b8ff5
2026,espn,non_ppr,10,200,102,TE,9,Tucker Kraft,GB,2,11,nfl:gsis:00-0038996,25298,stable,exact_name,0.95,data/raw/espn_cheat_sheets/espn_salary_cap_values_2026_non_ppr.pdf,3ed1868039ecf952dc663fc6890b60d4da201944e0ae8b40be05b95be48b8ff5
2026,espn,non_ppr,10,200,156,RB,51,Jonah Coleman,DEN,0,10,nfl:gsis:00-0041496,27320,stable,exact_name,0.95,data/raw/espn_cheat_sheets/espn_salary_cap_values_2026_non_ppr.pdf,3ed1868039ecf952dc663fc6890b60d4da201944e0ae8b40be05b95be48b8ff5
2026,espn,non_ppr,10,200,88,WR,41,Jakobi Meyers,JAX,3,7,nfl:gsis:00-0034960,18598,stable,exact_name,0.95,data/raw/espn_cheat_sheets/espn_salary_cap_values_2026_non_ppr.pdf,3ed1868039ecf952dc663fc6890b60d4da201944e0ae8b40be05b95be48b8ff5
2026,espn,non_ppr,10,200,189,K,9,Jake Bates,DET,1,6,nfl:gsis:00-0039172,26075,stable,exact_name,0.95,data/raw/espn_cheat_sheets/espn_salary_cap_values_2026_non_ppr.pdf,3ed1868039ecf952dc663fc6890b60d4da201944e0ae8b40be05b95be48b8ff5
2026,espn,non_ppr,10,200,103,TE,10,Dallas Goedert,PHI,2,10,nfl:gsis:00-0034351,17270,stable,exact_name,0.95,data/raw/espn_cheat_sheets/espn_salary_cap_values_2026_non_ppr.pdf,3ed1868039ecf952dc663fc6890b60d4da201944e0ae8b40be05b95be48b8ff5
2026,espn,non_ppr,10,200,157,RB,52,Mike Washington Jr.,LV,0,13,nfl:gsis:00-0040878,28108,stable,exact_name,0.95,data/raw/espn_cheat_sheets/espn_salary_cap_values_2026_non_ppr.pdf,3ed1868039ecf952dc663fc6890b60d4da201944e0ae8b40be05b95be48b8ff5
2026,espn,non_ppr,10,200,89,WR,42,Michael Wilson,ARI,3,14,nfl:gsis:00-0038559,25333,stable,exact_name,0.95,data/raw/espn_cheat_sheets/espn_salary_cap_values_2026_non_ppr.pdf,3ed1868039ecf952dc663fc6890b60d4da201944e0ae8b40be05b95be48b8ff5
2026,espn,non_ppr,10,200,190,K,10,Tyler Loop,BAL,1,13,nfl:gsis:00-0040074,27534,stable,exact_name,0.95,data/raw/espn_cheat_sheets/espn_salary_cap_values_2026_non_ppr.pdf,3ed1868039ecf952dc663fc6890b60d4da201944e0ae8b40be05b95be48b8ff5
2026,espn,non_ppr,10,200,104,TE,11,Travis Kelce,KC,2,5,nfl:gsis:00-0030506,11594,stable,exact_name,0.95,data/raw/espn_cheat_sheets/espn_salary_cap_values_2026_non_ppr.pdf,3ed1868039ecf952dc663fc6890b60d4da201944e0ae8b40be05b95be48b8ff5
2026,espn,non_ppr,10,200,158,RB,53,Braelon Allen,NYJ,0,13,nfl:gsis:00-0039794,24346,stable,exact_name,0.95,data/raw/espn_cheat_sheets/espn_salary_cap_values_2026_non_ppr.pdf,3ed1868039ecf952dc663fc6890b60d4da201944e0ae8b40be05b95be48b8ff5
2026,espn,non_ppr,10,200,90,WR,43,Quentin Johnston,LAC,3,7,nfl:gsis:00-0038544,23123,stable,exact_name,0.95,data/raw/espn_cheat_sheets/espn_salary_cap_values_2026_non_ppr.pdf,3ed1868039ecf952dc663fc6890b60d4da201944e0ae8b40be05b95be48b8ff5
2026,espn,non_ppr,10,200,191,K,11,Cairo Santos,CHI,0,10,nfl:gsis:00-0031203,13731,stable,exact_name,0.95,data/raw/espn_cheat_sheets/espn_salary_cap_values_2026_non_ppr.pdf,3ed1868039ecf952dc663fc6890b60d4da201944e0ae8b40be05b95be48b8ff5
2026,espn,non_ppr,10,200,109,TE,12,Mark Andrews,BAL,2,13,nfl:gsis:00-0034753,17269,stable,exact_name,0.95,data/raw/espn_cheat_sheets/espn_salary_cap_values_2026_non_ppr.pdf,3ed1868039ecf952dc663fc6890b60d4da201944e0ae8b40be05b95be48b8ff5
2026,espn,non_ppr,10,200,166,RB,54,Tank Bigsby,PHI,0,10,nfl:gsis:00-0038555,22908,stable,exact_name,0.95,data/raw/espn_cheat_sheets/espn_salary_cap_values_2026_non_ppr.pdf,3ed1868039ecf952dc663fc6890b60d4da201944e0ae8b40be05b95be48b8ff5
2026,espn,non_ppr,10,200,91,WR,44,Xavier Worthy,KC,3,5,nfl:gsis:00-0039894,23019,stable,exact_name,0.95,data/raw/espn_cheat_sheets/espn_salary_cap_values_2026_non_ppr.pdf,3ed1868039ecf952dc663fc6890b60d4da201944e0ae8b40be05b95be48b8ff5
2026,espn,non_ppr,10,200,192,K,12,Will Reichard,MIN,0,6,nfl:gsis:00-0039404,26341,stable,exact_name,0.95,data/raw/espn_cheat_sheets/espn_salary_cap_values_2026_non_ppr.pdf,3ed1868039ecf952dc663fc6890b60d4da201944e0ae8b40be05b95be48b8ff5
2026,espn,non_ppr,10,200,110,TE,13,Dalton Kincaid,BUF,2,7,nfl:gsis:00-0038933,25247,stable,exact_name,0.95,data/raw/espn_cheat_sheets/espn_salary_cap_values_2026_non_ppr.pdf,3ed1868039ecf952dc663fc6890b60d4da201944e0ae8b40be05b95be48b8ff5
2026,espn,non_ppr,10,200,167,RB,55,Ray Davis,BUF,0,7,nfl:gsis:00-0039875,26191,stable,exact_name,0.95,data/raw/espn_cheat_sheets/espn_salary_cap_values_2026_non_ppr.pdf,3ed1868039ecf952dc663fc6890b60d4da201944e0ae8b40be05b95be48b8ff5
2026,espn,non_ppr,10,200,92,WR,45,Jayden Reed,GB,3,11,nfl:gsis:00-0039146,23020,stable,exact_name,0.95,data/raw/espn_cheat_sheets/espn_salary_cap_values_2026_non_ppr.pdf,3ed1868039ecf952dc663fc6890b60d4da201944e0ae8b40be05b95be48b8ff5
2026,espn,non_ppr,10,200,237,K,13,Chris Boswell,PIT,0,9,nfl:gsis:00-0031136,13029,stable,exact_name,0.95,data/raw/espn_cheat_sheets/espn_salary_cap_values_2026_non_ppr.pdf,3ed1868039ecf952dc663fc6890b60d4da201944e0ae8b40be05b95be48b8ff5
2026,espn,non_ppr,10,200,111,TE,14,Jake Ferguson,DAL,2,14,nfl:gsis:00-0038041,22718,stable,exact_name,0.95,data/raw/espn_cheat_sheets/espn_salary_cap_values_2026_non_ppr.pdf,3ed1868039ecf952dc663fc6890b60d4da201944e0ae8b40be05b95be48b8ff5
2026,espn,non_ppr,10,200,168,RB,56,Dylan Sampson,CLE,0,11,nfl:gsis:00-0040162,27102,stable,exact_name,0.95,data/raw/espn_cheat_sheets/espn_salary_cap_values_2026_non_ppr.pdf,3ed1868039ecf952dc663fc6890b60d4da201944e0ae8b40be05b95be48b8ff5
2026,espn,non_ppr,10,200,112,WR,46,Wan'Dale Robinson,TEN,2,9,nfl:gsis:00-0038117,22985,stable,exact_name,0.95,data/raw/espn_cheat_sheets/espn_salary_cap_values_2026_non_ppr.pdf,3ed1868039ecf952dc663fc6890b60d4da201944e0ae8b40be05b95be48b8ff5
2026,espn,non_ppr,10,200,238,K,14,Chase McLaughlin,TB,0,10,nfl:gsis:00-0035358,19058,stable,exact_name,0.95,data/raw/espn_cheat_sheets/espn_salary_cap_values_2026_non_ppr.pdf,3ed1868039ecf952dc663fc6890b60d4da201944e0ae8b40be05b95be48b8ff5
2026,espn,non_ppr,10,200,116,TE,15,Isaiah Likely,NYG,2,8,nfl:gsis:00-0037838,23781,stable,exact_name,0.95,data/raw/espn_cheat_sheets/espn_salary_cap_values_2026_non_ppr.pdf,3ed1868039ecf952dc663fc6890b60d4da201944e0ae8b40be05b95be48b8ff5
2026,espn,non_ppr,10,200,193,RB,57,Najee Harris,NYG,0,8,nfl:gsis:00-0036893,19302,stable,exact_name,0.95,data/raw/espn_cheat_sheets/espn_salary_cap_values_2026_non_ppr.pdf,3ed1868039ecf952dc663fc6890b60d4da201944e0ae8b40be05b95be48b8ff5
2026,espn,non_ppr,10,200,113,WR,47,Khalil Shakir,BUF,2,7,nfl:gsis:00-0037261,23748,stable,exact_name,0.95,data/raw/espn_cheat_sheets/espn_salary_cap_values_2026_non_ppr.pdf,3ed1868039ecf952dc663fc6890b60d4da201944e0ae8b40be05b95be48b8ff5
2026,espn,non_ppr,10,200,256,K,15,Evan McPherson,CIN,0,6,nfl:gsis:00-0036854,23297,stable,exact_name,0.95,data/raw/espn_cheat_sheets/espn_salary_cap_values_2026_non_ppr.pdf,3ed1868039ecf952dc663fc6890b60d4da201944e0ae8b40be05b95be48b8ff5
2026,espn,non_ppr,10,200,117,TE,16,Hunter Henry,NE,2,11,nfl:gsis:00-0033090,15561,stable,exact_name,0.95,data/raw/espn_cheat_sheets/espn_salary_cap_values_2026_non_ppr.pdf,3ed1868039ecf952dc663fc6890b60d4da201944e0ae8b40be05b95be48b8ff5
2026,espn,non_ppr,10,200,195,RB,58,Alvin Kamara,NO,0,8,nfl:gsis:00-0033906,16421,stable,exact_name,0.95,data/raw/espn_cheat_sheets/espn_salary_cap_values_2026_non_ppr.pdf,3ed1868039ecf952dc663fc6890b60d4da201944e0ae8b40be05b95be48b8ff5
2026,espn,non_ppr,10,200,114,WR,48,KC Concepcion,CLE,2,11,nfl:gsis:00-0041547,27331,stable,exact_name,0.95,data/raw/espn_cheat_sheets/espn_salary_cap_values_2026_non_ppr.pdf,3ed1868039ecf952dc663fc6890b60d4da201944e0ae8b40be05b95be48b8ff5
2026,espn,non_ppr,10,200,118,TE,17,Terrance Ferguson,LAR,2,11,nfl:gsis:00-0040737,23091,stable,exact_name,0.95,data/raw/espn_cheat_sheets/espn_salary_cap_values_2026_non_ppr.pdf,3ed1868039ecf952dc663fc6890b60d4da201944e0ae8b40be05b95be48b8ff5
2026,espn,non_ppr,10,200,196,RB,59,Justice Hill,BAL,0,13,nfl:gsis:00-0034975,18256,stable,exact_name,0.95,data/raw/espn_cheat_sheets/espn_salary_cap_values_2026_non_ppr.pdf,3ed1868039ecf952dc663fc6890b60d4da201944e0ae8b40be05b95be48b8ff5
2026,espn,non_ppr,10,200,124,WR,49,Stefon Diggs,WAS,1,7,nfl:gsis:00-0031588,13981,stable,exact_name,0.95,data/raw/espn_cheat_sheets/espn_salary_cap_values_2026_non_ppr.pdf,3ed1868039ecf952dc663fc6890b60d4da201944e0ae8b40be05b95be48b8ff5
2026,espn,non_ppr,10,200,119,TE,18,Kenyon Sadiq,NYJ,2,13,nfl:gsis:00-0041032,26055,stable,exact_name,0.95,data/raw/espn_cheat_sheets/espn_salary_cap_values_2026_non_ppr.pdf,3ed1868039ecf952dc663fc6890b60d4da201944e0ae8b40be05b95be48b8ff5
2026,espn,non_ppr,10,200,212,RB,60,Jordan James,SF,0,8,nfl:gsis:00-0040177,27310,stable,exact_name,0.95,data/raw/espn_cheat_sheets/espn_salary_cap_values_2026_non_ppr.pdf,3ed1868039ecf952dc663fc6890b60d4da201944e0ae8b40be05b95be48b8ff5
2026,espn,non_ppr,10,200,125,WR,50,Josh Downs,IND,1,13,nfl:gsis:00-0038997,24706,stable,exact_name,0.95,data/raw/espn_cheat_sheets/espn_salary_cap_values_2026_non_ppr.pdf,3ed1868039ecf952dc663fc6890b60d4da201944e0ae8b40be05b95be48b8ff5
2026,espn,non_ppr,10,200,159,TE,19,T.J. Hockenson,MIN,0,6,nfl:gsis:00-0035229,18290,stable,exact_name,0.95,data/raw/espn_cheat_sheets/espn_salary_cap_values_2026_non_ppr.pdf,3ed1868039ecf952dc663fc6890b60d4da201944e0ae8b40be05b95be48b8ff5
2026,espn,non_ppr,10,200,213,RB,61,Kaelon Black,SF,0,8,nfl:gsis:00-0041052,28401,stable,exact_name,0.95,data/raw/espn_cheat_sheets/espn_salary_cap_values_2026_non_ppr.pdf,3ed1868039ecf952dc663fc6890b60d4da201944e0ae8b40be05b95be48b8ff5
2026,espn,non_ppr,10,200,126,WR,51,Makai Lemon,PHI,1,10,nfl:gsis:00-0040867,25420,stable,exact_name,0.95,data/raw/espn_cheat_sheets/espn_salary_cap_values_2026_non_ppr.pdf,3ed1868039ecf952dc663fc6890b60d4da201944e0ae8b40be05b95be48b8ff5
2026,espn,non_ppr,10,200,160,TE,20,Brenton Strange,JAX,0,7,nfl:gsis:00-0038935,25345,stable,exact_name,0.95,data/raw/espn_cheat_sheets/espn_salary_cap_values_2026_non_ppr.pdf,3ed1868039ecf952dc663fc6890b60d4da201944e0ae8b40be05b95be48b8ff5
2026,espn,non_ppr,10,200,214,RB,62,Kimani Vidal,LAC,0,7,nfl:gsis:00-0039391,26355,stable,exact_name,0.95,data/raw/espn_cheat_sheets/espn_salary_cap_values_2026_non_ppr.pdf,3ed1868039ecf952dc663fc6890b60d4da201944e0ae8b40be05b95be48b8ff5
2026,espn,non_ppr,10,200,127,WR,52,Chris Godwin Jr.,TB,1,10,nfl:gsis:00-0033921,16406,stable,exact_name,0.95,data/raw/espn_cheat_sheets/espn_salary_cap_values_2026_non_ppr.pdf,3ed1868039ecf952dc663fc6890b60d4da201944e0ae8b40be05b95be48b8ff5
2026,espn,non_ppr,10,200,194,TE,21,Juwan Johnson,NO,0,8,nfl:gsis:00-0036040,19562,stable,exact_name,0.95,data/raw/espn_cheat_sheets/espn_salary_cap_values_2026_non_ppr.pdf,3ed1868039ecf952dc663fc6890b60d4da201944e0ae8b40be05b95be48b8ff5
2026,espn,non_ppr,10,200,221,RB,63,Jaylen Wright,MIA,0,6,nfl:gsis:00-0039874,25987,stable,exact_name,0.95,data/raw/espn_cheat_sheets/espn_salary_cap_values_2026_non_ppr.pdf,3ed1868039ecf952dc663fc6890b60d4da201944e0ae8b40be05b95be48b8ff5
2026,espn,non_ppr,10,200,128,WR,53,Deebo Samuel Sr.,SF,1,8,nfl:gsis:00-0035719,18244,stable,exact_name,0.95,data/raw/espn_cheat_sheets/espn_salary_cap_values_2026_non_ppr.pdf,3ed1868039ecf952dc663fc6890b60d4da201944e0ae8b40be05b95be48b8ff5
2026,espn,non_ppr,10,200,206,TE,22,Pat Freiermuth,PIT,0,9,nfl:gsis:00-0036894,20163,stable,exact_name,0.95,data/raw/espn_cheat_sheets/espn_salary_cap_values_2026_non_ppr.pdf,3ed1868039ecf952dc663fc6890b60d4da201944e0ae8b40be05b95be48b8ff5
2026,espn,non_ppr,10,200,222,RB,64,Ollie Gordon II,MIA,0,6,nfl:gsis:00-0040198,25984,stable,exact_name,0.95,data/raw/espn_cheat_sheets/espn_salary_cap_values_2026_non_ppr.pdf,3ed1868039ecf952dc663fc6890b60d4da201944e0ae8b40be05b95be48b8ff5
2026,espn,non_ppr,10,200,129,WR,54,Romeo Doubs,NE,1,11,nfl:gsis:00-0037816,23794,stable,exact_name,0.95,data/raw/espn_cheat_sheets/espn_salary_cap_values_2026_non_ppr.pdf,3ed1868039ecf952dc663fc6890b60d4da201944e0ae8b40be05b95be48b8ff5
2026,espn,non_ppr,10,200,207,TE,23,Dalton Schultz,HOU,0,8,nfl:gsis:00-0034383,17349,stable,exact_name,0.95,data/raw/espn_cheat_sheets/espn_salary_cap_values_2026_non_ppr.pdf,3ed1868039ecf952dc663fc6890b60d4da201944e0ae8b40be05b95be48b8ff5
2026,espn,non_ppr,10,200,223,RB,65,Samaje Perine,CIN,0,6,nfl:gsis:00-0033526,16423,stable,exact_name,0.95,data/raw/espn_cheat_sheets/espn_salary_cap_values_2026_non_ppr.pdf,3ed1868039ecf952dc663fc6890b60d4da201944e0ae8b40be05b95be48b8ff5
2026,espn,non_ppr,10,200,130,WR,55,Jalen Coker,CAR,1,5,nfl:gsis:00-0039491,26403,stable,exact_name,0.95,data/raw/espn_cheat_sheets/espn_salary_cap_values_2026_non_ppr.pdf,3ed1868039ecf952dc663fc6890b60d4da201944e0ae8b40be05b95be48b8ff5
2026,espn,non_ppr,10,200,215,TE,24,Chig Okonkwo,WAS,0,7,nfl:gsis:00-0037809,23982,stable,exact_name,0.95,data/raw/espn_cheat_sheets/espn_salary_cap_values_2026_non_ppr.pdf,3ed1868039ecf952dc663fc6890b60d4da201944e0ae8b40be05b95be48b8ff5
2026,espn,non_ppr,10,200,225,RB,66,Ty Johnson,BUF,0,7,nfl:gsis:00-0035537,18406,stable,exact_name,0.95,data/raw/espn_cheat_sheets/espn_salary_cap_values_2026_non_ppr.pdf,3ed1868039ecf952dc663fc6890b60d4da201944e0ae8b40be05b95be48b8ff5
2026,espn,non_ppr,10,200,131,WR,56,Rashid Shaheed,SEA,1,11,nfl:gsis:00-0037545,24687,stable,exact_name,0.95,data/raw/espn_cheat_sheets/espn_salary_cap_values_2026_non_ppr.pdf,3ed1868039ecf952dc663fc6890b60d4da201944e0ae8b40be05b95be48b8ff5
2026,espn,non_ppr,10,200,216,TE,25,Gunnar Helm,TEN,0,9,nfl:gsis:00-0040584,27109,stable,exact_name,0.95,data/raw/espn_cheat_sheets/espn_salary_cap_values_2026_non_ppr.pdf,3ed1868039ecf952dc663fc6890b60d4da201944e0ae8b40be05b95be48b8ff5
2026,espn,non_ppr,10,200,226,RB,67,Isaiah Davis,NYJ,0,13,nfl:gsis:00-0039798,25977,stable,exact_name,0.95,data/raw/espn_cheat_sheets/espn_salary_cap_values_2026_non_ppr.pdf,3ed1868039ecf952dc663fc6890b60d4da201944e0ae8b40be05b95be48b8ff5
2026,espn,non_ppr,10,200,132,WR,57,Jalen McMillan,TB,1,10,nfl:gsis:00-0039855,23179,stable,exact_name,0.95,data/raw/espn_cheat_sheets/espn_salary_cap_values_2026_non_ppr.pdf,3ed1868039ecf952dc663fc6890b60d4da201944e0ae8b40be05b95be48b8ff5
2026,espn,non_ppr,10,200,217,TE,26,AJ Barner,SEA,0,11,nfl:gsis:00-0039793,26335,stable,exact_name,0.95,data/raw/espn_cheat_sheets/espn_salary_cap_values_2026_non_ppr.pdf,3ed1868039ecf952dc663fc6890b60d4da201944e0ae8b40be05b95be48b8ff5
2026,espn,non_ppr,10,200,239,RB,68,Jaydon Blue,DAL,0,14,nfl:gsis:00-0040586,24344,stable,exact_name,0.95,data/raw/espn_cheat_sheets/espn_salary_cap_values_2026_non_ppr.pdf,3ed1868039ecf952dc663fc6890b60d4da201944e0ae8b40be05b95be48b8ff5
2026,espn,non_ppr,10,200,143,WR,58,Denzel Boston,CLE,0,11,nfl:gsis:00-0041037,27339,stable,exact_name,0.95,data/raw/espn_cheat_sheets/espn_salary_cap_values_2026_non_ppr.pdf,3ed1868039ecf952dc663fc6890b60d4da201944e0ae8b40be05b95be48b8ff5
2026,espn,non_ppr,10,200,258,TE,27,Darren Waller,CAR,0,5,nfl:gsis:00-0031610,14104,stable,exact_name,0.95,data/raw/espn_cheat_sheets/espn_salary_cap_values_2026_non_ppr.pdf,3ed1868039ecf952dc663fc6890b60d4da201944e0ae8b40be05b95be48b8ff5
2026,espn,non_ppr,10,200,240,RB,69,Kaytron Allen,WAS,0,7,nfl:gsis:00-0041096,24362,stable,exact_name,0.95,data/raw/espn_cheat_sheets/espn_salary_cap_values_2026_non_ppr.pdf,3ed1868039ecf952dc663fc6890b60d4da201944e0ae8b40be05b95be48b8ff5
2026,espn,non_ppr,10,200,144,WR,59,Jerry Jeudy,CLE,0,11,nfl:gsis:00-0036407,19201,stable,exact_name,0.95,data/raw/espn_cheat_sheets/espn_salary_cap_values_2026_non_ppr.pdf,3ed1868039ecf952dc663fc6890b60d4da201944e0ae8b40be05b95be48b8ff5
2026,espn,non_ppr,10,200,259,TE,28,Greg Dulcich,MIA,0,6,nfl:gsis:00-0037252,23153,stable,exact_name,0.95,data/raw/espn_cheat_sheets/espn_salary_cap_values_2026_non_ppr.pdf,3ed1868039ecf952dc663fc6890b60d4da201944e0ae8b40be05b95be48b8ff5
2026,espn,non_ppr,10,200,241,RB,70,Tyrone Tracy Jr.,NYG,0,8,nfl:gsis:00-0039384,22980,stable,exact_name,0.95,data/raw/espn_cheat_sheets/espn_salary_cap_values_2026_non_ppr.pdf,3ed1868039ecf952dc663fc6890b60d4da201944e0ae8b40be05b95be48b8ff5
2026,espn,non_ppr,10,200,145,WR,60,Calvin Ridley,TEN,0,9,nfl:gsis:00-0034837,17258,stable,exact_name,0.95,data/raw/espn_cheat_sheets/espn_salary_cap_values_2026_non_ppr.pdf,3ed1868039ecf952dc663fc6890b60d4da201944e0ae8b40be05b95be48b8ff5
2026,espn,non_ppr,10,200,260,TE,29,Cade Otton,TB,0,10,nfl:gsis:00-0038129,23181,stable,exact_name,0.95,data/raw/espn_cheat_sheets/espn_salary_cap_values_2026_non_ppr.pdf,3ed1868039ecf952dc663fc6890b60d4da201944e0ae8b40be05b95be48b8ff5
2026,espn,non_ppr,10,200,242,RB,71,Nicholas Singleton,TEN,0,9,nfl:gsis:00-0040886,24343,stable,exact_name,0.95,data/raw/espn_cheat_sheets/espn_salary_cap_values_2026_non_ppr.pdf,3ed1868039ecf952dc663fc6890b60d4da201944e0ae8b40be05b95be48b8ff5
2026,espn,non_ppr,10,200,146,WR,61,Adonai Mitchell,NYJ,0,13,nfl:gsis:00-0039890,24357,stable,exact_name,0.95,data/raw/espn_cheat_sheets/espn_salary_cap_values_2026_non_ppr.pdf,3ed1868039ecf952dc663fc6890b60d4da201944e0ae8b40be05b95be48b8ff5
2026,espn,non_ppr,10,200,289,TE,30,David Njoku,LAC,0,7,nfl:gsis:00-0033885,16399,stable,exact_name,0.95,data/raw/espn_cheat_sheets/espn_salary_cap_values_2026_non_ppr.pdf,3ed1868039ecf952dc663fc6890b60d4da201944e0ae8b40be05b95be48b8ff5
2026,espn,non_ppr,10,200,243,RB,72,Demond Claiborne,MIN,0,6,nfl:gsis:00-0041104,28084,stable,exact_name,0.95,data/raw/espn_cheat_sheets/espn_salary_cap_values_2026_non_ppr.pdf,3ed1868039ecf952dc663fc6890b60d4da201944e0ae8b40be05b95be48b8ff5
2026,espn,non_ppr,10,200,147,WR,62,Travis Hunter,JAX,0,7,nfl:gsis:00-0040718,26034,stable,exact_name,0.95,data/raw/espn_cheat_sheets/espn_salary_cap_values_2026_non_ppr.pdf,3ed1868039ecf952dc663fc6890b60d4da201944e0ae8b40be05b95be48b8ff5
2026,espn,non_ppr,10,200,290,TE,31,Evan Engram,DEN,0,10,nfl:gsis:00-0033881,16411,stable,exact_name,0.95,data/raw/espn_cheat_sheets/espn_salary_cap_values_2026_non_ppr.pdf,3ed1868039ecf952dc663fc6890b60d4da201944e0ae8b40be05b95be48b8ff5
2026,espn,non_ppr,10,200,244,RB,73,Adam Randall,BAL,0,13,nfl:gsis:00-0040888,24367,stable,exact_name,0.95,data/raw/espn_cheat_sheets/espn_salary_cap_values_2026_non_ppr.pdf,3ed1868039ecf952dc663fc6890b60d4da201944e0ae8b40be05b95be48b8ff5
2026,espn,non_ppr,10,200,148,WR,63,Caleb Douglas,MIA,0,6,nfl:gsis:00-0041523,28135,stable,exact_name,0.95,data/raw/espn_cheat_sheets/espn_salary_cap_values_2026_non_ppr.pdf,3ed1868039ecf952dc663fc6890b60d4da201944e0ae8b40be05b95be48b8ff5
2026,espn,non_ppr,10,200,291,TE,32,Oronde Gadsden,LAC,0,7,nfl:gsis:00-0040189,25997,stable,exact_name,0.95,data/raw/espn_cheat_sheets/espn_salary_cap_values_2026_non_ppr.pdf,3ed1868039ecf952dc663fc6890b60d4da201944e0ae8b40be05b95be48b8ff5
2026,espn,non_ppr,10,200,245,RB,74,Emmett Johnson,KC,0,5,nfl:gsis:00-0041013,28107,stable,exact_name,0.95,data/raw/espn_cheat_sheets/espn_salary_cap_values_2026_non_ppr.pdf,3ed1868039ecf952dc663fc6890b60d4da201944e0ae8b40be05b95be48b8ff5
2026,espn,non_ppr,10,200,151,WR,64,Jordyn Tyson,NO,0,8,nfl:gsis:00-0041029,26035,stable,exact_name,0.95,data/raw/espn_cheat_sheets/espn_salary_cap_values_2026_non_ppr.pdf,3ed1868039ecf952dc663fc6890b60d4da201944e0ae8b40be05b95be48b8ff5
2026,espn,non_ppr,10,200,292,TE,33,Mike Gesicki,CIN,0,6,nfl:gsis:00-0034829,17272,stable,exact_name,0.95,data/raw/espn_cheat_sheets/espn_salary_cap_values_2026_non_ppr.pdf,3ed1868039ecf952dc663fc6890b60d4da201944e0ae8b40be05b95be48b8ff5
2026,espn,non_ppr,10,200,246,RB,75,LeQuint Allen,JAX,0,7,nfl:gsis:00-0040238,27285,stable,exact_name,0.95,data/raw/espn_cheat_sheets/espn_salary_cap_values_2026_non_ppr.pdf,3ed1868039ecf952dc663fc6890b60d4da201944e0ae8b40be05b95be48b8ff5
2026,espn,non_ppr,10,200,152,WR,65,Tre Tucker,LV,0,13,nfl:gsis:00-0038563,25337,stable,exact_name,0.95,data/raw/espn_cheat_sheets/espn_salary_cap_values_2026_non_ppr.pdf,3ed1868039ecf952dc663fc6890b60d4da201944e0ae8b40be05b95be48b8ff5
2026,espn,non_ppr,10,200,293,TE,34,Colby Parkinson,LAR,0,11,nfl:gsis:00-0036244,19372,stable,exact_name,0.95,data/raw/espn_cheat_sheets/espn_salary_cap_values_2026_non_ppr.pdf,3ed1868039ecf952dc663fc6890b60d4da201944e0ae8b40be05b95be48b8ff5
2026,espn,non_ppr,10,200,247,RB,76,George Holani,SEA,0,11,nfl:gsis:00-0039299,22915,stable,exact_name,0.95,data/raw/espn_cheat_sheets/espn_salary_cap_values_2026_non_ppr.pdf,3ed1868039ecf952dc663fc6890b60d4da201944e0ae8b40be05b95be48b8ff5
2026,espn,non_ppr,10,200,153,WR,66,Jalen Nailor,LV,0,13,nfl:gsis:00-0037291,24177,stable,exact_name,0.95,data/raw/espn_cheat_sheets/espn_salary_cap_values_2026_non_ppr.pdf,3ed1868039ecf952dc663fc6890b60d4da201944e0ae8b40be05b95be48b8ff5
2026,espn,non_ppr,10,200,311,TE,35,Michael Mayer,LV,0,13,nfl:gsis:00-0039066,23056,stable,exact_name,0.95,data/raw/espn_cheat_sheets/espn_salary_cap_values_2026_non_ppr.pdf,3ed1868039ecf952dc663fc6890b60d4da201944e0ae8b40be05b95be48b8ff5
2026,espn,non_ppr,10,200,248,RB,77,Sean Tucker,TB,0,10,nfl:gsis:00-0038951,23679,stable,exact_name,0.95,data/raw/espn_cheat_sheets/espn_salary_cap_values_2026_non_ppr.pdf,3ed1868039ecf952dc663fc6890b60d4da201944e0ae8b40be05b95be48b8ff5
2026,espn,non_ppr,10,200,161,WR,67,Keenan Allen,IND,0,13,nfl:gsis:00-0030279,11616,stable,exact_name,0.95,data/raw/espn_cheat_sheets/espn_salary_cap_values_2026_non_ppr.pdf,3ed1868039ecf952dc663fc6890b60d4da201944e0ae8b40be05b95be48b8ff5
