season,week,team,full_name,position,status,birth_date,years_exp,gsis_id,espn_id,yahoo_id,pfr_id,pff_id,sleeper_id
2026,1,PIT,Aaron Rodgers,QB,ACT,1983-12-02,21,00-0023459,8439,7200,RodgAa00,2241,96
2026,1,ATL,Nick Folk,K,ACT,1984-11-05,19,00-0025565,10621,8432,FolkNi20,3794,650
2026,1,CAR,J.J. Jansen,LS,ACT,1986-01-20,18,00-0026027,,,,,
2026,1,CIN,Joe Flacco,QB,ACT,1985-01-16,18,00-0026158,11252,8795,FlacJo00,4332,19
2026,1,BAL,Calais Campbell,DL,ACT,1986-09-01,18,00-0026190,11284,8827,CampCa99,4364,125
2026,1,CIN,Josh Johnson,QB,ACT,1986-05-15,18,00-0026300,11394,8937,JohnJo05,4474,260
2026,1,LA,Matthew Stafford,QB,ACT,1988-02-07,17,00-0026498,12483,9265,StafMa00,4924,421
2026,1,SF,Jon Weeks,LS,ACT,1986-02-17,16,00-0027224,,,,,
2026,1,TEN,Morgan Cox,LS,ACT,1986-04-26,16,00-0027557,,,,,
2026,1,SF,Trent Williams,OL,ACT,1988-07-19,16,00-0027857,,,,,
2026,1,PIT,Cameron Heyward,DL,ACT,1989-05-06,15,00-0027969,13977,24818,HeywCa01,6183,843
2026,1,PHI,Andy Dalton,QB,ACT,1987-10-29,15,00-0027973,14012,24822,DaltAn00,6187,829
2026,1,GB,Tyrod Taylor,QB,ACT,1989-08-03,15,00-0028118,14163,24967,TaylTy00,6332,827
2026,1,WAS,Nick Bellore,LB,ACT,1989-05-12,15,00-0028292,14471,25295,BellNi01,6515,815
2026,1,LAC,Josh Harris,LS,ACT,1989-04-27,14,00-0028845,15151,26168,HarrJo02,7748,1238
2026,1,MIN,Johnny Hekker,P,ACT,1990-02-08,14,00-0028872,15153,26350,HekkJo00,7252,1202
2026,1,CHI,Case Keenum,QB,ACT,1988-02-17,14,00-0028986,15168,26483,KeenCa00,7323,1737
2026,1,LV,Kirk Cousins,QB,ACT,1988-08-19,14,00-0029604,14880,25812,CousKi00,7102,1166
2026,1,NYJ,Demario Davis,LB,ACT,1989-01-11,14,00-0029607,14958,25787,DaviDe00,7079,1052
2026,1,DAL,Bryan Anger,P,ACT,1988-10-06,14,00-0029692,14950,25780,AngeBr00,7072,1113
2026,1,MIN,Andrew DePaola,LS,ACT,1987-07-28,14,00-0029714,,,,,
2026,1,SF,Kyle Juszczyk,RB,ACT,1991-04-23,13,00-0029892,16002,26753,JuszKy00,7912,1379
2026,1,MIN,Adam Thielen,WR,RET,1990-08-22,13,00-0030035,16460,27277,ThieAd00,8288,1689
2026,1,BAL,John Jenkins,DL,ACT,1989-07-11,13,00-0030070,15846,26705,JenkJo00,7863,1553
2026,1,CAR,Sam Martin,P,ACT,1990-02-27,13,00-0030092,15928,26788,MartSa01,7947,1516
2026,1,LA,David Quessenberry,OL,ACT,1990-08-24,13,00-0030097,,,,,
2026,1,WAS,Tress Way,P,ACT,1990-04-18,13,00-0030140,16166,26945,WayxTr00,8358,1506
2026,1,LAC,Tony Jefferson,DB,ACT,1992-01-27,13,00-0030294,16195,27081,JeffTo00,8361,1686
2026,1,KC,Travis Kelce,TE,ACT,1989-10-05,13,00-0030506,15847,26686,KelcTr00,7844,1466
2026,1,PHI,Lane Johnson,OL,ACT,1990-05-08,13,00-0030561,,,,,
2026,1,NYJ,Geno Smith,QB,ACT,1990-10-10,13,00-0030565,15864,26662,SmitGe00,7820,1373
2026,1,KC,James Winchester,LS,ACT,1989-08-06,13,00-0030615,16665,27494,WincJa00,8580,1785
2026,1,AZ,Casey Kreiter,LS,ACT,1990-08-13,12,00-0030957,,,,,
2026,1,LAC,Khalil Mack,LB,ACT,1991-02-22,12,00-0031040,16710,27533,MackKh00,8640,2036
2026,1,PIT,Chris Boswell,K,ACT,1991-03-16,12,00-0031136,17372,28188,BoswCh00,8990,1945
2026,1,WAS,Tyler Ott,LS,ACT,1992-02-28,12,00-0031156,,,,,
2026,1,CHI,Cairo Santos,K,ACT,1991-11-12,12,00-0031203,17427,28227,SantCa01,8932,2020
2026,1,NYG,Odell Beckham Jr.,WR,ACT,1992-11-05,12,00-0031235,16733,27540,BeckOd00,8647,2078
2026,1,DET,Teddy Bridgewater,QB,ACT,1992-11-10,12,00-0031237,16728,27560,BridTe00,8667,2152
2026,1,NYG,Shelby Harris,DL,ACT,1991-08-11,12,00-0031270,16837,27763,HarrSh00,8869,2033
2026,1,ATL,Jake Matthews,OL,ACT,1992-02-11,12,00-0031279,,,,,
2026,1,NE,Morgan Moses,OL,ACT,1991-03-03,12,00-0031330,,,,,
2026,1,LA,Davante Adams,WR,ACT,1992-12-24,12,00-0031381,16800,27581,AdamDa01,8688,2133
2026,1,SF,Mike Evans,WR,ACT,1993-08-21,12,00-0031408,16737,27535,EvanMi00,8642,2216
2026,1,SEA,DeMarcus Lawrence,LB,ACT,1992-04-28,12,00-0031411,16802,27562,LawrDe00,8669,2064
2026,1,NYG,Chris Manhertz,TE,ACT,1992-04-10,11,00-0031484,2531358,28365,ManhCh00,10211,3048
2026,1,SEA,Jason Myers,K,ACT,1991-05-12,11,00-0031492,2473037,28378,MyerJa00,10207,2747
2026,1,NYG,Jameis Winston,QB,ACT,1994-01-06,11,00-0031503,2969939,28389,WinsJa00,9434,2306
2026,1,HOU,Danielle Hunter,DL,ACT,1994-10-29,11,00-0031565,2976560,28476,HuntDa01,9521,2393
2026,1,CHI,Grady Jarrett,DL,ACT,1993-04-28,11,00-0031583,2576492,28525,JarrGr00,9570,2592
2026,1,CLE,Michael Burton,RB,ACT,1992-02-01,11,00-0031595,2515270,28556,BurtMi00,9601,2471
2026,1,SEA,Bobby Hart,OL,ACT,1994-08-21,11,00-0031622,,,,,
2026,1,DEN,Alex Singleton,LB,ACT,1993-12-07,11,00-0031898,2612151,28716,SingAl00,9994,2617
2026,1,SEA,Leonard Williams,DL,ACT,1994-06-20,11,00-0031933,2971622,28394,WillLe02,9439,2311
2026,1,TB,Rakeem Nunez-Roches,DL,ACT,1993-07-03,11,00-0031957,2575453,28605,NuneRa00,9650,2993
2026,1,SEA,Dante Fowler Jr.,DL,ACT,1994-08-03,11,00-0032052,2980100,28391,FowlDa00,9436,2308
2026,1,MIA,Bradley Pinion,P,ACT,1994-06-01,11,00-0032065,2977680,28553,PiniBr00,9598,2468
2026,1,HOU,Trent Brown,OL,ACT,1993-04-13,11,00-0032071,,,,,
2026,1,LAC,Denzel Perryman,LB,ACT,1992-12-05,11,00-0032103,2579621,28436,PerrDe00,9481,2353
2026,1,JAX,Ameer Abdullah,RB,ACT,1993-06-13,11,00-0032104,2576336,28442,AbduAm00,9487,2359
2026,1,LAC,Bud Dupree,LB,ACT,1993-02-12,11,00-0032146,2576702,28410,DuprAl00,9455,2327
2026,1,ATL,Trevor Siemian,QB,ACT,1991-12-26,11,00-0032156,2511109,28638,SiemTr00,9683,2549
2026,1,JAX,Arik Armstead,DL,ACT,1993-11-15,11,00-0032164,2971275,28405,ArmsAr01,9450,2322
2026,1,LV,Phillip Dorsett,WR,ACT,1993-01-05,11,00-0032208,2579604,28417,DorsPh00,9462,2334
2026,1,LA,Joe Cardona,LS,ACT,1992-04-16,11,00-0032228,,,,,
2026,1,WAS,Marcus Mariota,QB,ACT,1993-10-30,11,00-0032268,2576980,28390,MariMa01,9435,2307
2026,1,IND,DeForest Buckner,DL,ACT,1994-03-17,10,00-0032378,2971282,29241,BuckDe00,10641,3172
2026,1,SF,Eli Apple,DB,ACT,1995-08-09,10,00-0032379,3040506,29244,ApplEl00,10644,3189
2026,1,WAS,Laremy Tunsil,OL,ACT,1994-08-02,10,00-0032380,,,,,
2026,1,SEA,Jarran Reed,DL,ACT,1992-12-16,10,00-0032387,3115312,29289,ReedJa02,10683,3220
2026,1,CHI,Joe Thuney,OL,ACT,1992-11-18,10,00-0032391,,,,,
2026,1,ATL,Austin Hooper,TE,ACT,1994-10-29,10,00-0032392,3043275,29315,HoopAu00,10715,3202
2026,1,TB,Miles Killebrew,DB,ACT,1993-05-10,10,00-0032399,2575164,29345,KillMi00,10745,3272
2026,1,PIT,Dean Lowry,DL,ACT,1994-06-09,10,00-0032412,2974348,29371,LowrDe00,10771,3295
2026,1,NYG,DJ Reader,DL,ACT,1994-07-01,10,00-0032424,2977670,29400,ReadD.00,10800,3322
2026,1,NYG,Brandon Allen,QB,ACT,1992-09-05,10,00-0032434,2574511,29435,AlleBr00,10835,3357
2026,1,CIN,Ted Karras,OL,ACT,1993-03-15,10,00-0032445,,,,,
2026,1,CHI,Kalif Raymond,WR,ACT,1994-08-08,10,00-0032464,2973405,29631,RaymKa00,11028,3634
2026,1,BUF,Reid Ferguson,LS,ACT,1994-03-24,10,00-0032497,,,,,
2026,1,DEN,Wil Lutz,K,ACT,1994-07-07,10,00-0032569,2985659,29754,LutzWi00,11096,3678
2026,1,PHI,Jonathan Jones,DB,ACT,1993-09-20,10,00-0032580,2971027,29875,JoneJo03,11217,3415
2026,1,NYG,Roy Robertson-Harris,DL,ACT,1993-07-23,10,00-0032667,2574891,29920,RobeRo00,11341,3526
2026,1,SF,Jake Brendel,OL,ACT,1992-09-10,10,00-0032701,,,,,
2026,1,HOU,Ka'imi Fairbairn,K,ACT,1994-01-29,10,00-0032726,2971573,29792,FairKa01,11161,3451
2026,1,IND,Luke Rhodes,LS,ACT,1992-12-02,10,00-0032753,2566045,29588,RhodLu00,10940,3598
2026,1,HOU,Sheldon Rankins,DL,ACT,1994-04-02,10,00-0032759,2970204,29246,RankSh00,10646,3188
2026,1,KC,Chris Jones,DL,ACT,1994-07-03,10,00-0032762,3044859,29271,JoneCh09,10671,3558
2026,1,BAL,Derrick Henry,RB,ACT,1994-01-04,10,00-0032764,3043078,29279,HenrDe00,10679,3198
2026,1,SF,Demarcus Robinson,WR,ACT,1994-09-21,10,00-0032775,3043116,29360,RobiDe01,10760,3286
2026,1,TB,A'Shawn Robinson,DL,ACT,1995-03-21,10,00-0032889,3054857,29280,RobiAS00,10680,3218
2026,1,MIN,C.J. Ham,RB,RET,1993-07-22,10,00-0032918,4012556,29951,HamxC.00,11347,3832
2026,1,WAS,Antonio Hamilton,DB,ACT,1993-01-24,10,00-0032933,3056354,29957,HamiAn01,11353,3838
2026,1,TB,Riley Dixon,P,ACT,1993-08-24,10,00-0032943,2577619,29462,DixoRi00,10862,3383
2026,1,MIN,Carson Wentz,QB,ACT,1992-12-30,10,00-0032950,2573079,29236,WentCa00,10636,3161
2026,1,IND,Laquon Treadwell,WR,ACT,1995-06-14,10,00-0032951,3051889,29257,TreaLa00,10657,3155
2026,1,AZ,Isaac Seumalo,OL,ACT,1993-10-29,10,00-0032954,,,,,
2026,1,BAL,Ronnie Stanley,OL,ACT,1994-03-18,10,00-0032965,,,,,
2026,1,JAX,Eric Murray,DB,ACT,1994-01-07,10,00-0033038,2970716,29340,MurrEr00,10740,3268
2026,1,NYJ,David Onyemata,DL,ACT,1992-11-13,10,00-0033051,4002046,29354,OnyeDa00,10754,3281
2026,1,PIT,Jalen Ramsey,DB,ACT,1994-10-24,10,00-0033055,3045373,29239,RamsJa00,10639,3160
2026,1,NO,Zach Wood,LS,ACT,1993-01-10,10,00-0033063,,,,,
2026,1,AZ,Andrew Billings,DL,ACT,1995-06-03,10,00-0033066,3051775,29356,BillAn00,10756,3207
2026,1,DAL,Dak Prescott,QB,ACT,1993-07-29,10,00-0033077,2577417,29369,PresDa01,10769,3294
2026,1,NYG,Lucas Patrick,OL,ACT,1993-07-30,10,00-0033082,,,,,
2026,1,NE,Hunter Henry,TE,ACT,1994-12-07,10,00-0033090,3046439,29269,HenrHu00,10669,3214
2026,1,DAL,Jonathan Bullard,DL,ACT,1993-10-22,10,00-0033093,2980097,29306,BullJo00,10706,3241
2026,1,DET,Jared Goff,QB,ACT,1994-10-14,10,00-0033106,3046779,29235,GoffJa00,10635,3163
2026,1,GB,Javon Hargrave,DL,ACT,1993-02-07,10,00-0033109,2983055,29323,HargJa00,10723,3256
2026,1,LA,Tyler Higbee,TE,ACT,1993-01-01,10,00-0033110,2573401,29344,HigbTy00,10744,3271
2026,1,AZ,Jacoby Brissett,QB,ACT,1992-12-11,10,00-0033119,2578570,29325,BrisJa00,10725,3257
2026,1,DAL,Kenny Clark,DL,ACT,1995-10-04,10,00-0033120,3122752,29261,ClarKe01,10661,3186
2026,1,CLE,Maliek Collins,DL,ACT,1995-04-08,10,00-0033131,3040471,29301,CollMa00,10701,3236
2026,1,NE,Kevin Byard,DB,ACT,1993-08-17,10,00-0033132,2574056,29298,ByarKe01,10698,3233
2026,1,IND,Mo Alie-Cox,TE,ACT,1993-09-19,9,00-0033217,2998565,30112,AlieMo00,12078,4054
2026,1,PHI,Johnny Mundt,TE,ACT,1994-11-23,9,00-0033246,3052096,30373,MundJo00,12206,4314
2026,1,NYJ,Thomas Hennessy,LS,ACT,1994-06-11,9,00-0033260,,,,,
2026,1,IND,Rigoberto Sanchez,P,ACT,1994-09-08,9,00-0033269,3914922,30534,SancRi00,12130,4331
2026,1,SF,Christian McCaffrey,RB,ACT,1996-06-07,9,00-0033280,3117251,30121,McCaCh01,11763,4034
2026,1,BAL,Marlon Humphrey,DB,ACT,1996-07-08,9,00-0033281,3126356,30129,HumpMa00,11771,4071
2026,1,CAR,Taylor Moton,OL,ACT,1994-08-14,9,00-0033284,,,,,
2026,1,SF,George Kittle,TE,ACT,1993-10-09,9,00-0033288,3040151,30259,KittGe00,11901,4217
2026,1,NYG,Jermaine Eluemunor,OL,ACT,1994-12-13,9,00-0033290,,,,,
2026,1,MIN,Aaron Jones,RB,ACT,1994-12-02,9,00-0033293,3042519,30295,JoneAa00,11937,4199
2026,1,DET,Chuck Clark,DB,ACT,1995-04-19,9,00-0033294,3045463,30299,ClarCh00,11941,4224
2026,1,DEN,D.J. Jones,DL,ACT,1995-01-19,9,00-0033297,3894915,30310,JoneD.01,11953,4278
2026,1,KC,Harrison Butker,K,ACT,1995-07-14,9,00-0033303,3055899,30346,ButkHa00,11988,4227
2026,1,AZ,Kendrick Bourne,WR,ACT,1995-08-04,9,00-0033307,3045523,30551,BourKe00,12270,4454
2026,1,JAX,Nick Mullens,QB,ACT,1995-03-21,9,00-0033319,3059989,30563,MullNi00,12282,4464
2026,1,MIN,Eric Wilson,LB,ACT,1994-09-26,9,00-0033336,3056916,30448,WilsEr00,38587,4413
2026,1,NYG,Josh Tupou,DL,ACT,1994-05-02,9,00-0033347,2979632,30586,TupoJo00,12093,4371
2026,1,NYJ,Tim Patrick,WR,ACT,1993-11-23,9,00-0033375,3134353,30511,PatrTi00,12087,4351
2026,1,NYG,Patrick Ricard,RB,ACT,1994-05-27,9,00-0033376,2975417,30592,RicaPa00,48862,4353
2026,1,LV,Adam Butler,DL,ACT,1994-04-12,9,00-0033381,2972342,30655,ButlAd00,12214,4415
2026,1,WAS,Anthony Firkser,TE,ACT,1995-02-19,9,00-0033455,3049698,30571,FirkAn00,51837,4435
2026,1,CIN,Jonathan Allen,DL,ACT,1995-01-16,9,00-0033523,3054840,30130,AlleJo01,11772,4032
2026,1,CIN,Samaje Perine,RB,ACT,1995-09-16,9,00-0033526,3116389,30227,PeriSa00,11869,4147
2026,1,CLE,Deshaun Watson,QB,ACT,1995-09-14,9,00-0033537,3122840,30125,WatsDe00,11767,4017
2026,1,DEN,Garett Bolles,OL,ACT,1992-05-27,9,00-0033538,,,,,
2026,1,LAC,Dalvin Tomlinson,DL,ACT,1994-02-18,9,00-0033546,2979860,30168,TomlDa00,11810,4092
2026,1,BAL,Chidobe Awuzie,DB,ACT,1995-05-24,9,00-0033548,3052101,30173,AwuzCh00,11815,4107
2026,1,AZ,James Conner,RB,ACT,1995-05-05,9,00-0033553,3045147,30218,ConnJa00,11860,4137
2026,1,NE,Mack Hollins,WR,ACT,1993-09-16,9,00-0033555,2991662,30231,HollMa00,11873,4177
2026,1,SEA,Eric Saubert,TE,ACT,1994-05-09,9,00-0033576,2975863,30287,SaubEr00,11929,4189
2026,1,CAR,David Moore,WR,ACT,1995-01-15,9,00-0033589,4212909,30339,MoorDa03,11981,4274
2026,1,AZ,Elijah Wilkinson,OL,ACT,1995-02-10,9,00-0033676,,,,,
2026,1,PIT,Cameron Johnston,P,ACT,1992-02-24,9,00-0033729,3051397,30711,JohnCa02,12255,4654
2026,1,ATL,Storm Norton,OL,ACT,1994-05-16,9,00-0033752,,,,,
2026,1,PIT,Robert Tonyan,TE,ACT,1994-04-30,9,00-0033757,2975674,30777,TonyRo00,12193,4602
2026,1,WAS,Ahkello Witherspoon,DB,ACT,1995-03-21,9,00-0033783,3122630,30179,WithAh00,11821,4124
2026,1,PHI,Jake Elliott,K,ACT,1995-01-21,9,00-0033787,3050478,30266,ElliJa03,11908,4195
2026,1,ATL,Corey Levin,OL,ACT,1994-08-12,9,00-0033793,,,,,
2026,1,WAS,Andrew Wylie,OL,ACT,1994-08-19,9,00-0033831,,,,,
2026,1,NYG,JuJu Smith-Schuster,WR,ACT,1996-11-22,9,00-0033857,3120348,30175,SmitJu00,11817,4040
2026,1,NO,Davon Godchaux,DL,ACT,1994-11-11,9,00-0033860,3115383,30291,GodcDa00,11934,4207
2026,1,MIA,Zane Gonzalez,K,ACT,1995-05-07,9,00-0033862,3043234,30337,GonzZa00,11979,4233
2026,1,LA,Myles Garrett,DL,ACT,1995-12-29,9,00-0033868,3122132,30114,GarrMy00,11756,3973
2026,1,TEN,Mitchell Trubisky,QB,ACT,1994-08-20,9,00-0033869,3039707,30115,TrubMi00,11757,3976
2026,1,TEN,Solomon Thomas,DL,ACT,1995-08-26,9,00-0033870,3117258,30116,ThomSo00,11758,4058
2026,1,KC,Patrick Mahomes,QB,ACT,1995-09-17,9,00-0033873,3139477,30123,MahoPa00,11765,4046
2026,1,DAL,Malik Hooker,DB,ACT,1996-04-02,9,00-0033877,3121415,30128,HookMa00,11770,4074
2026,1,DEN,Evan Engram,TE,ACT,1994-09-02,9,00-0033881,3051876,30136,EngrEv00,11778,4066
2026,1,LAC,David Njoku,TE,ACT,1996-07-10,9,00-0033885,3123076,30142,NjokDa00,11784,4033
2026,1,PIT,T.J. Watt,LB,ACT,1994-10-11,9,00-0033886,3045282,30143,WattT.00,11785,4070
2026,1,AZ,Budda Baker,DB,ACT,1996-01-10,9,00-0033890,3127287,30149,BakeBu00,11791,4081
2026,1,BUF,Dion Dawkins,OL,ACT,1994-04-26,9,00-0033904,,,,,
2026,1,NO,Alvin Kamara,RB,ACT,1995-07-25,9,00-0033906,3054850,30180,KamaAl00,11822,4035
2026,1,SEA,Cooper Kupp,WR,ACT,1993-06-15,9,00-0033908,2977187,30182,KuppCo00,11824,4039
2026,1,TB,Dan Feeney,OL,ACT,1994-05-29,9,00-0033910,,,,,
2026,1,TB,Alex Anzalone,LB,ACT,1994-09-22,9,00-0033914,3043107,30189,AnzaAl00,11831,4118
2026,1,TB,Chris Godwin Jr.,WR,ACT,1996-02-27,9,00-0033921,3116165,30197,GodwCh00,11839,4037
2026,1,JAX,Jourdan Lewis,DB,ACT,1995-08-31,9,00-0033928,3045207,30205,LewiJo01,11846,4129
2026,1,BAL,Trey Hendrickson,DL,ACT,1994-12-05,9,00-0033935,3052743,30216,HendTr00,11858,4135
2026,1,ATL,Samson Ebukam,DL,ACT,1995-05-09,9,00-0033945,3045527,30238,EbukSa00,11880,4170
2026,1,WAS,Deatrich Wise,DL,ACT,1994-07-26,9,00-0033947,2980080,30244,WiseDe00,11886,4174
2026,1,IND,Grover Stewart,DL,ACT,1993-10-20,9,00-0033952,4058825,30257,StewGr00,11899,4168
2026,1,WAS,Jeremy McNichols,RB,ACT,1995-12-26,9,00-0033955,3127586,30275,McNiJe00,11917,4219
2026,1,TB,Al-Quadin Muhammad,DL,ACT,1995-03-28,9,00-0033964,3051942,30309,MuhaAl00,11951,4259
2026,1,PIT,Christian Kuntz,LS,ACT,1994-04-13,9,00-0034051,2978524,30954,KuntCh02,20035,4848
2026,1,TB,Scott Daly,LS,ACT,1994-02-07,8,00-0034067,,,,,
2026,1,TEN,Austin Schlottmann,OL,ACT,1995-09-18,8,00-0034112,,,,,
2026,1,LA,Coleman Shelton,OL,ACT,1995-07-28,8,00-0034114,,,,,
2026,1,PHI,J.T. Gray,DB,ACT,1996-01-18,8,00-0034116,3115481,31411,GrayJ.00,51495,5452
2026,1,MIN,Brian O'Neill,OL,ACT,1995-09-15,8,00-0034158,,,,,
2026,1,SEA,Michael Dickson,P,ACT,1996-01-04,8,00-0034160,3929851,31119,DickMi00,35381,5011
2026,1,LAC,J.K. Scott,P,ACT,1995-10-30,8,00-0034162,3126368,31142,ScotJK00,38809,5087
2026,1,TEN,Jacob Martin,DL,ACT,1995-12-11,8,00-0034163,3138764,31156,MartJa02,50152,5378
2026,1,SF,Eddy Pineiro,K,ACT,1995-09-13,8,00-0034173,4034949,31482,PineEd00,44140,5189
2026,1,DAL,Trent Sieg,LS,ACT,1995-05-19,8,00-0034198,,,,,
2026,1,LA,Poona Ford,DL,ACT,1995-11-19,8,00-0034234,3125114,31477,FordPo00,48875,5226
2026,1,NYG,Elijah Campbell,DB,ACT,1995-08-24,8,00-0034248,3932901,31451,CampEl00,49190,5534
2026,1,BUF,Austin Corbett,OL,ACT,1995-09-05,8,00-0034261,,,,,
2026,1,DET,Tyler Conklin,TE,ACT,1995-07-30,8,00-0034270,3915486,31220,ConkTy00,47124,5133
2026,1,DAL,Marquez Valdes-Scantling,WR,ACT,1994-10-10,8,00-0034272,3051738,31144,ValdMa00,47809,5086
2026,1,PIT,DeShon Elliott,DB,ACT,1997-04-21,8,00-0034277,3929846,31160,ElliDe02,28854,5071
2026,1,HOU,Tremon Smith,DB,ACT,1996-07-20,8,00-0034278,3134448,31166,SmitTr04,28196,5328
2026,1,MIA,Zach Sieler,DL,ACT,1995-09-07,8,00-0034285,3057956,31208,SielZa00,66917,5297
2026,1,WAS,Frankie Luvu,LB,ACT,1996-09-19,8,00-0034302,3127273,31503,LuvuFr00,51028,5580
2026,1,CHI,Kentavius Street,DL,ACT,1996-05-08,8,00-0034320,3116726,31098,StreKe00,48404,5371
2026,1,WAS,Daron Payne,DL,ACT,1997-05-27,8,00-0034333,3925354,30983,PaynDa00,48698,4976
2026,1,IND,Quenton Nelson,OL,ACT,1996-03-19,8,00-0034342,,,,,
2026,1,DEN,Courtland Sutton,WR,ACT,1995-10-10,8,00-0034348,3128429,31010,SuttCo00,48164,5045
2026,1,SEA,Uchenna Nwosu,LB,ACT,1996-12-28,8,00-0034350,3120358,31018,NwosUc00,50084,5061
2026,1,PHI,Dallas Goedert,TE,ACT,1995-01-03,8,00-0034351,3121023,31019,GoedDa00,47272,5022
2026,1,HOU,M.J. Stewart,DB,ACT,1995-09-16,8,00-0034355,3116679,31023,StewM.00,49397,5055
2026,1,LAC,Donte Jackson,DB,ACT,1995-11-08,8,00-0034356,3843769,31025,JackDo02,49377,5051
2026,1,AZ,Isaiah Oliver,DB,ACT,1996-09-30,8,00-0034357,3915437,31028,OlivIs00,50393,5044
2026,1,NO,Justin Reid,DB,ACT,1997-02-15,8,00-0034361,3931399,31038,ReidJu00,49048,5036
2026,1,LV,Ian Thomas,TE,ACT,1996-06-06,8,00-0034365,4045305,31071,ThomIa00,42130,4995
2026,1,ATL,Da'Shawn Hand,DL,ACT,1995-11-14,8,00-0034371,3126352,31084,HandDa00,48386,5351
2026,1,WAS,Dorance Armstrong,DL,ACT,1997-06-10,8,00-0034373,3928979,31086,ArmsDo00,48557,5330
2026,1,LV,Taron Johnson,DB,ACT,1996-07-27,8,00-0034376,3121003,31091,JohnTa01,49511,5341
2026,1,DET,Avonte Maddox,DB,ACT,1996-03-31,8,00-0034377,3123938,31095,MaddAv00,50543,5361
2026,1,AZ,Josh Sweat,LB,ACT,1997-03-29,8,00-0034381,3693166,31101,SweaJo00,50120,4999
2026,1,HOU,Dalton Schultz,TE,ACT,1996-07-11,8,00-0034383,3117256,31107,SchuDa00,47304,5001
2026,1,DET,D.J. Reed,DB,ACT,1996-11-11,8,00-0034384,3139387,31112,ReedD.00,26940,5372
2026,1,HOU,Justin Watson,WR,ACT,1996-04-04,8,00-0034386,3118892,31114,WatsJu01,66915,5374
2026,1,SF,Siran Neal,DB,ACT,1994-08-04,8,00-0034391,3057524,31124,NealSi00,27130,5098
2026,1,WAS,Tim Settle,DL,ACT,1997-07-11,8,00-0034397,3929956,31133,SettTi00,48966,5366
2026,1,HOU,Wyatt Teller,OL,ACT,1994-11-21,8,00-0034399,,,,,
2026,1,JAX,Foye Oluokun,LB,ACT,1995-08-02,8,00-0034413,3050073,31170,OluoFo00,24904,5332
2026,1,AZ,Matt Pryor,OL,ACT,1994-12-16,8,00-0034417,,,,,
2026,1,DET,Cedrick Wilson Jr.,WR,ACT,1995-11-20,8,00-0034418,4036335,31178,WilsCe01,48170,5113
2026,1,NYG,Braxton Berrios,WR,ACT,1995-10-06,8,00-0034419,3123075,31180,BerrBr00,47961,5121
2026,1,PHI,Jordan Mailata,OL,ACT,1997-03-31,8,00-0034429,,,,,
2026,1,GB,Zaire Franklin,LB,ACT,1996-07-02,8,00-0034431,3124005,31205,FranZa00,49834,5346
2026,1,JAX,Logan Cooke,P,ACT,1995-07-28,8,00-0034437,3115480,31216,CookLo00,29214,5314
2026,1,CIN,Jalen Davis,DB,ACT,1996-02-02,8,00-0034446,3125356,31534,DaviJa06,50431,5222
2026,1,WAS,Jeremy Reaves,DB,ACT,1996-08-29,8,00-0034465,3125248,31582,ReavJe00,50406,5792
2026,1,JAX,Dennis Gardeck,LB,ACT,1994-08-09,8,00-0034473,4334300,31299,GardDe01,66928,5158
2026,1,IND,Jonathan Owens,DB,ACT,1995-07-22,8,00-0034485,4331768,31318,OwenJo01,66930,5520
2026,1,BUF,Trent Sherfield,WR,ACT,1996-02-26,8,00-0034487,3122168,31320,SherTr00,48021,5154
2026,1,MIN,Tavierre Thomas,DB,ACT,1996-03-11,8,00-0034488,4334405,31321,ThomTa01,66931,5519
2026,1,HOU,Evan Brown,OL,ACT,1996-09-16,8,00-0034495,,,,,
2026,1,WAS,Trent Scott,OL,ACT,1994-01-25,8,00-0034571,,,,,
2026,1,IND,Charvarius Ward,DB,ACT,1996-05-16,8,00-0034573,4037361,31293,WardCh01,43034,5493
2026,1,BUF,Kyle Allen,QB,ACT,1996-03-08,8,00-0034577,3115293,31301,AlleKy00,26152,5127
2026,1,CIN,Tanner Hudson,TE,ACT,1994-11-12,8,00-0034613,3050481,31257,HudsTa00,66924,5409
2026,1,ATL,Mike Ford,DB,ACT,1995-08-04,8,00-0034639,3050916,31634,FordMi01,50535,5691
2026,1,JAX,Matt Dickerson,DL,ACT,1995-11-09,8,00-0034657,3134316,31612,DickMa00,49601,5615
2026,1,NYG,Aaron Stinnie,OL,ACT,1994-02-18,8,00-0034668,,,,,
2026,1,NYG,Tremaine Edmunds,LB,ACT,1998-05-02,8,00-0034673,3929950,30986,EdmuTr01,50905,4968
2026,1,ATL,Jessie Bates,DB,ACT,1997-02-26,8,00-0034675,3919512,31024,BateJe00,49162,5017
2026,1,NE,Robert Spillane,LB,ACT,1995-12-14,8,00-0034720,3129446,31708,SpilRo00,50918,5726
2026,1,CLE,Corey Bojorquez,P,ACT,1996-09-13,8,00-0034721,4039396,31727,BojoCo00,27626,5721
2026,1,CIN,Orlando Brown,OL,ACT,1996-05-02,8,00-0034752,,,,,
2026,1,BAL,Mark Andrews,TE,ACT,1995-09-06,8,00-0034753,3116365,31056,AndrMa00,47436,5012
2026,1,CIN,Oren Burks,LB,ACT,1995-03-21,8,00-0034754,3051746,31058,BurkOr00,50203,5031
2026,1,LV,Kolton Miller,OL,ACT,1995-10-09,8,00-0034759,,,,,
2026,1,NO,Nathan Shepherd,DL,ACT,1993-10-09,8,00-0034760,4076951,31042,ShepNa00,24614,5043
2026,1,SF,Brandon Parker,OL,ACT,1995-10-21,8,00-0034763,,,,,
2026,1,NYJ,Chukwuma Okorafor,OL,ACT,1997-08-08,8,00-0034768,,,,,
2026,1,PIT,Mason Rudolph,QB,ACT,1995-07-17,8,00-0034771,3116407,31046,RudoMa00,46569,4972
2026,1,TB,Vita Vea,DL,ACT,1995-02-05,8,00-0034773,3134362,30982,VeaxVi00,48956,4969
2026,1,SF,Christian Kirk,WR,ACT,1996-11-18,8,00-0034775,3895856,31017,KirkCh01,47546,4950
2026,1,NE,Carlton Davis III,DB,ACT,1996-12-31,8,00-0034778,3916923,31033,DaviCa02,49335,5054
2026,1,MIA,Ronnie Harrison,LB,ACT,1997-04-18,8,00-0034779,3859006,31063,HarrRo02,49206,5025
2026,1,NO,Isaac Yiadom,DB,ACT,1996-02-20,8,00-0034780,3122797,31069,YiadIs00,49355,5048
2026,1,NYJ,Harrison Phillips,DL,ACT,1996-01-25,8,00-0034782,3117255,31066,PhilHa00,48690,5049
2026,1,NYJ,Minkah Fitzpatrick,DB,ACT,1996-11-17,8,00-0034789,3925345,30981,FitzMi00,51206,4963
2026,1,LAC,Derwin James,DB,ACT,1996-08-03,8,00-0034790,3691739,30987,JameDe00,51368,4971
2026,1,NYJ,Jason Sanders,K,ACT,1995-11-16,8,00-0034794,3124679,31199,SandJa00,29578,5119
2026,1,BAL,Lamar Jackson,QB,ACT,1997-01-07,8,00-0034796,3916387,31002,JackLa00,46416,4881
2026,1,BAL,Durham Smythe,TE,ACT,1995-08-09,8,00-0034798,3052897,31093,SmytDu00,47257,5008
2026,1,CIN,B.J. Hill,DL,ACT,1995-04-20,8,00-0034800,3116748,31039,HillB.00,49894,5020
2026,1,TEN,John Franklin-Myers,DL,ACT,1996-09-26,8,00-0034805,3120464,31105,FranJo02,50088,5466
2026,1,PIT,Sebastian Joseph-Day,DL,ACT,1995-03-21,8,00-0034810,3047495,31165,JoseSe00,49935,5073
2026,1,SF,Fred Warner,LB,ACT,1996-11-19,8,00-0034815,3138826,31040,WarnFr00,51222,5041
2026,1,IND,Derrick Nnadi,DL,ACT,1996-05-09,8,00-0034818,3122930,31045,NnadDe00,49970,5035
2026,1,IND,Arden Key,DL,ACT,1996-05-03,8,00-0034825,3843843,31057,KeyxAr00,50201,5067
2026,1,BUF,DJ Moore,WR,ACT,1997-04-14,8,00-0034827,3915416,30994,MoorD.00,48267,4983
2026,1,NE,Harold Landry III,LB,ACT,1996-06-05,8,00-0034828,3122793,31011,LandHa00,48600,5030
2026,1,CIN,Mike Gesicki,TE,ACT,1995-10-03,8,00-0034829,3116164,31012,GesiMi00,47153,4993
2026,1,BUF,Bradley Chubb,LB,ACT,1996-06-24,8,00-0034832,3116733,30975,ChubBr00,48526,4967
2026,1,HOU,Braden Smith,OL,ACT,1996-03-25,8,00-0034836,,,,,
2026,1,TEN,Calvin Ridley,WR,ACT,1994-12-20,8,00-0034837,3925357,30996,RidlCa00,48262,4981
2026,1,ATL,Mike Hughes,DB,ACT,1997-02-11,8,00-0034843,3895841,31000,HughMi00,34057,4982
2026,1,PHI,Saquon Barkley,RB,ACT,1997-02-09,8,00-0034844,3929630,30972,BarkSa00,45791,4866
2026,1,DEN,Mike McGlinchey,OL,ACT,1995-01-12,8,00-0034847,,,,,
2026,1,TB,Baker Mayfield,QB,ACT,1995-04-14,8,00-0034855,3052587,30971,MayfBa00,46518,4892
2026,1,CLE,Denzel Ward,DB,ACT,1997-04-28,8,00-0034856,3915535,30974,WardDe02,49558,4964
2026,1,BUF,Josh Allen,QB,ACT,1996-05-21,8,00-0034857,3918298,30977,AlleJo02,46601,4984
2026,1,SF,Malik Turner,WR,ACT,1996-01-30,8,00-0034867,3115928,31777,TurnMa00,48078,5781
2026,1,SEA,Sam Darnold,QB,ACT,1997-06-05,8,00-0034869,3912547,30973,DarnSa00,29048,4943
2026,1,BAL,Roquan Smith,LB,ACT,1997-04-08,8,00-0034874,3915189,30978,SmitRo07,50892,4960
2026,1,BUF,Mitch Wishnowsky,P,ACT,1992-03-02,7,00-0034941,4035685,31942,WishMi00,44663,6173
2026,1,PHI,Fred Johnson,OL,ACT,1997-06-05,7,00-0034951,,,,,
2026,1,NYJ,Andrew Beck,RB,ACT,1996-05-15,7,00-0034959,3125107,32225,BeckAn01,47121,6323
2026,1,JAX,Jakobi Meyers,WR,ACT,1996-11-09,7,00-0034960,3916433,32231,MeyeJa01,47468,5947
2026,1,CLE,D'Angelo Ross,DB,ACT,1996-10-29,7,00-0034966,3139389,32223,RossDA03,27732,6476
2026,1,DAL,Rashan Gary,DL,ACT,1997-12-03,7,00-0034967,4046523,31844,GaryRa00,42905,5839
2026,1,PIT,Darnell Savage,DB,ACT,1997-07-30,7,00-0034968,3915419,31853,SavaDa00,34247,6210
2026,1,LV,Maxx Crosby,DL,ACT,1997-08-22,7,00-0034973,3916655,31938,CrosMa00,26316,5991
2026,1,SEA,Julian Love,DB,ACT,1998-03-19,7,00-0034974,4046675,31940,LoveJu00,51081,5876
2026,1,BAL,Justice Hill,RB,ACT,1997-11-14,7,00-0034975,4038441,31945,HillJu00,45865,5995
2026,1,DEN,Ben Powers,OL,ACT,1996-10-29,7,00-0034978,,,,,
2026,1,HOU,Foster Moreau,TE,ACT,1997-05-06,7,00-0034981,3843945,31969,MoreFo00,47043,5985
2026,1,SF,Dre Greenlaw,LB,ACT,1997-05-25,7,00-0034982,3916903,31980,GreeDr00,51503,6056
2026,1,HOU,E.J. Speed,LB,ACT,1995-06-01,7,00-0034987,3071353,31996,SpeeEJ00,94351,6218
2026,1,TB,Justin Skule,OL,ACT,1996-11-23,7,00-0034989,,,,,
2026,1,PHI,Marcus Epps,DB,ACT,1996-01-27,7,00-0034993,3139368,32023,EppsMa00,51391,6284
2026,1,AZ,Olisaemeka Udoh,OL,ACT,1997-02-14,7,00-0034994,,,,,
2026,1,BUF,Demetrius Flannigan-Fowles,LB,ACT,1996-09-04,7,00-0035020,3931424,32319,FlanDe00,49231,6610
2026,1,IND,Ashton Dulin,WR,ACT,1997-05-15,7,00-0035021,4061956,32292,DuliAs00,91479,6427
2026,1,CHI,Stephen Carlson,TE,ACT,1996-12-12,7,00-0035039,3948283,32273,CarlSt00,94365,6451
2026,1,TB,Jake Browning,QB,ACT,1996-04-11,7,00-0035100,3886812,32138,BrowJa08,46401,6111
2026,1,JAX,Patrick Mekari,OL,ACT,1997-08-13,7,00-0035112,,,,,
2026,1,GB,Matthew Orzech,LS,ACT,1995-04-12,7,00-0035118,4422336,32306,OrzeMa00,94369,6461
2026,1,LAC,Alec Ingold,RB,ACT,1996-07-09,7,00-0035125,3917668,32344,IngoAl01,34934,6109
2026,1,GB,Keisean Nixon,DB,ACT,1997-06-22,7,00-0035133,4259493,32348,NixoKe00,56167,6333
2026,1,BUF,Mecole Hardman,WR,ACT,1998-03-12,7,00-0035140,4035004,31888,HardMe00,42683,5917
2026,1,AZ,Mack Wilson,LB,ACT,1998-02-14,7,00-0035144,4040983,31987,WilsMa03,43190,6131
2026,1,WAS,Nick Allegretti,OL,ACT,1996-04-21,7,00-0035149,,,,,
2026,1,DET,Jack Fox,P,ACT,1996-09-01,7,00-0035156,3916370,32358,FoxxJa01,34735,6523
2026,1,HOU,Azeez Al-Shaair,LB,ACT,1997-08-04,7,00-0035166,3919117,32318,AlShAz00,49792,6485
2026,1,LV,AJ Cole,P,ACT,1995-11-27,7,00-0035190,3686689,32386,ColeAJ01,36038,6555
2026,1,TEN,Joey Slye,K,ACT,1996-04-10,7,00-0035192,3124084,32384,SlyeJo00,39235,6528
2026,1,LAC,Del'Shawn Phillips,LB,ACT,1996-10-09,7,00-0035202,4240528,32118,PhilDe00,57868,6348
2026,1,ATL,Olamide Zaccheaus,WR,ACT,1997-07-23,7,00-0035208,3917914,32123,ZaccOl01,44920,6271
2026,1,DAL,P.J. Locke,DB,ACT,1997-02-12,7,00-0035227,3929850,32164,LockPJ00,51189,6419
2026,1,MIN,Kyler Murray,QB,ACT,1997-08-07,7,00-0035228,3917315,31833,MurrKy00,38334,5849
2026,1,MIN,T.J. Hockenson,TE,ACT,1997-07-03,7,00-0035229,4036133,31840,HockTJ00,40912,5844
2026,1,BUF,Ed Oliver,DL,ACT,1997-12-12,7,00-0035230,4039303,31841,OlivEd00,42200,5841
2026,1,CLE,Tytus Howard,OL,ACT,1996-05-23,7,00-0035234,,,,,
2026,1,ATL,Kaleb McGary,OL,RET,1995-02-22,7,00-0035235,,,,,
2026,1,MIN,Byron Murphy,DB,ACT,1998-01-18,7,00-0035236,4038999,31865,MurpBy00,44027,5864
2026,1,ATL,Jawaan Taylor,OL,ACT,1997-11-25,7,00-0035237,,,,,
2026,1,CIN,Cody Ford,OL,ACT,1996-12-28,7,00-0035238,,,,,
2026,1,AZ,Sean Murphy-Bunting,DB,ACT,1997-06-19,7,00-0035239,3932886,31871,BuntSe00,25891,6060
2026,1,NO,Erik McCoy,OL,ACT,1997-08-27,7,00-0035242,,,,,
2026,1,MIA,Lonnie Johnson,DB,ACT,1995-11-04,7,00-0035244,4240780,31886,JohnLo01,55615,5883
2026,1,DEN,Zach Allen,DL,ACT,1997-08-20,7,00-0035248,3915282,31897,AlleZa01,49605,5871
2026,1,MIN,Josh Oliver,TE,ACT,1997-03-21,7,00-0035249,3921690,31901,OlivJo00,47083,5973
2026,1,NYG,Devin Singletary,RB,ACT,1997-09-03,7,00-0035250,4040761,31906,SingDe00,40485,6130
2026,1,CAR,Will Grier,QB,ACT,1995-04-03,7,00-0035251,3115252,31932,GrieWi00,38265,5903
2026,1,BUF,C.J. Gardner-Johnson,DB,ACT,1997-12-20,7,00-0035253,4034953,31937,GardCh00,49371,5893
2026,1,TB,Anthony Nelson,LB,ACT,1997-03-04,7,00-0035254,3894856,31939,NelsAn01,48405,6003
2026,1,AZ,Hjalte Froholdt,OL,ACT,1996-08-20,7,00-0035258,,,,,
2026,1,TEN,Tony Pollard,RB,ACT,1997-04-30,7,00-0035261,3916148,31960,PollTo00,27126,5967
2026,1,KC,Drue Tranquill,LB,ACT,1995-08-15,7,00-0035262,3129310,31962,TranDr00,51276,6141
2026,1,DEN,Jarrett Stidham,QB,ACT,1996-08-08,7,00-0035264,3892775,31965,StidJa00,13725,6136
2026,1,PHI,Mike Jordan,OL,ACT,1998-01-25,7,00-0035266,,,,,
2026,1,LV,Matt Gay,K,ACT,1994-03-15,7,00-0035269,4249087,31977,GayxMa00,57643,6083
2026,1,BAL,Amani Oruwariye,DB,ACT,1996-02-09,7,00-0035270,3116175,31978,OruwAm00,50533,5888
2026,1,MIN,Andrew Van Ginkel,LB,ACT,1995-07-01,7,00-0035272,3133487,31983,VanGAn00,30267,6183
2026,1,MIN,Blake Cashman,LB,ACT,1996-05-10,7,00-0035276,3728281,31989,CashBl00,35413,6217
2026,1,CAR,Mike Jackson,DB,ACT,1997-01-10,7,00-0035277,3917853,31990,JackMi01,50437,6025
2026,1,WAS,Charles Omenihu,DL,ACT,1997-08-20,7,00-0035279,3929865,31993,OmenCh00,50612,5934
2026,1,ATL,Jake Bailey,P,ACT,1997-06-18,7,00-0035280,3931395,31995,BailJa00,33963,6093
2026,1,IND,Easton Stick,QB,ACT,1995-09-09,7,00-0035282,3120590,31998,SticEa00,29466,6185
2026,1,PIT,Cole Holcomb,LB,ACT,1996-07-30,7,00-0035286,3116689,32005,HolcCo00,49753,6220
2026,1,AZ,Gardner Minshew,QB,ACT,1996-05-16,7,00-0035289,4038524,32010,MinsGa00,41401,6011
2026,1,CHI,Scott Miller,WR,ACT,1997-07-31,7,00-0035298,3914397,32040,MillSc01,47481,6290
2026,1,NO,Kaden Elliss,LB,ACT,1995-06-10,7,00-0035316,3124890,32076,ElliKa00,51485,6302
2026,1,LV,Joshua Miles,OL,RET,1996-01-04,7,00-0035317,,,,,
2026,1,MIA,Tyrel Dodson,LB,ACT,1998-06-25,7,00-0035352,4035232,32411,DodsTy01,51045,6315
2026,1,CHI,Cam Lewis,DB,ACT,1997-04-13,7,00-0035357,3916577,32416,LewiCa00,49395,6314
2026,1,TB,Chase McLaughlin,K,ACT,1996-04-09,7,00-0035358,3150744,32417,McLaCh00,33285,6650
2026,1,TB,David Sills,WR,ACT,1995-05-29,7,00-0035359,3871102,32418,SillDa01,34579,6154
2026,1,CIN,Joe Giles-Harris,LB,ACT,1997-04-01,7,00-0035363,3917797,32091,GileJo01,39382,6105
2026,1,AZ,Andrew Wingard,DB,ACT,1996-12-05,7,00-0035378,3918331,32105,WingAn01,49268,6416
2026,1,CHI,T.J. Edwards,LB,ACT,1996-08-12,7,00-0035386,3121544,32403,EdwaTJ02,30737,5960
2026,1,NO,Carl Granderson,LB,ACT,1996-12-18,7,00-0035402,3918310,32490,GranCa01,48500,5912
2026,1,DEN,Lil'Jordan Humphrey,WR,ACT,1998-04-19,7,00-0035406,4039057,32494,HumpLi01,42247,5938
2026,1,BAL,Nick Moore,LS,ACT,1992-12-09,7,00-0035408,,,,,
2026,1,WAS,Shy Tuttle,DL,ACT,1995-10-20,7,00-0035409,3886601,32497,TuttSh00,37279,6627
2026,1,SF,Luke Gifford,LB,ACT,1995-08-28,7,00-0035413,3116097,32205,GiffLu00,50675,6612
2026,1,DET,Greg Dortch,WR,ACT,1998-05-29,7,00-0035500,4037235,32523,DortGr01,42237,5970
2026,1,CHI,Devin Bush,LB,ACT,1998-07-18,7,00-0035525,4036261,31842,BushDe01,27375,5843
2026,1,CLE,Elgton Jenkins,OL,ACT,1995-12-26,7,00-0035526,,,,,
2026,1,NYG,Darius Slayton,WR,ACT,1997-01-12,7,00-0035535,3916945,32003,SlayDa01,25578,6149
2026,1,BUF,Ty Johnson,RB,ACT,1997-09-17,7,00-0035537,3915411,32018,JohnTy02,45769,6039
2026,1,TB,Kemon Hall,DB,ACT,1997-06-02,7,00-0035542,4243831,32542,HallKe01,56123,6254
2026,1,DET,Tom Kennedy,WR,ACT,1996-07-29,7,00-0035544,3126997,32561,KennTo01,94379,6588
2026,1,CHI,Garrett Bradbury,OL,ACT,1995-06-20,7,00-0035588,,,,,
2026,1,PIT,Travis Homer,RB,ACT,1998-08-07,7,00-0035594,4037457,32036,HomeTr00,45859,6012
2026,1,ATL,Chris Lindstrom,OL,ACT,1997-02-28,7,00-0035630,,,,,
2026,1,CIN,Drew Sample,TE,ACT,1996-04-16,7,00-0035631,3127310,31884,SampDr00,47259,6001
2026,1,TEN,Amani Hooker,DB,ACT,1998-06-14,7,00-0035632,4036134,31948,HookAm00,51378,5908
2026,1,DAL,Corey Ballentine,DB,ACT,1996-04-13,7,00-0035633,4411769,32012,BallCo00,83833,6283
2026,1,AZ,L.J. Collier,DL,ACT,1995-09-12,7,00-0035636,3116449,31861,CollLJ00,48822,5861
2026,1,DET,Rock Ya-Sin,DB,ACT,1996-05-23,7,00-0035637,3910229,31866,Ya-SRo00,49564,6128
2026,1,DAL,Parris Campbell,WR,RET,1997-07-16,7,00-0035639,3121410,31891,CampPa00,47940,5880
2026,1,PIT,DK Metcalf,WR,ACT,1997-12-14,7,00-0035640,4047650,31896,MetcDK00,47864,5846
2026,1,JAX,Josh Hines-Allen,DL,ACT,1997-07-13,7,00-0035642,3915239,31839,AlleJo03,50235,5840
2026,1,TEN,Jeffery Simmons,DL,ACT,1997-07-28,7,00-0035643,4035369,31851,SimmJe01,43742,6125
2026,1,NO,Noah Fant,TE,ACT,1997-11-20,7,00-0035644,4036131,31852,FantNo00,42388,5857
2026,1,NYG,Gunner Olszewski,WR,RES,1996-11-26,7,00-0035645,4424106,32612,OlszGu00,95015,6699
2026,1,CHI,Montez Sweat,DL,ACT,1996-09-04,7,00-0035647,3134690,31858,SweaMo00,27271,6124
2026,1,WAS,Will Harris,DB,ACT,1995-12-19,7,00-0035655,3915297,31913,HarrWi02,51336,5920
2026,1,WAS,Terry McLaurin,WR,ACT,1995-09-15,7,00-0035659,3121422,31908,McLaTe00,48229,5927
2026,1,PHI,Marquise Brown,WR,ACT,1997-06-04,7,00-0035662,4241372,31857,BrowMa04,61568,5848
2026,1,NO,David Edwards,OL,ACT,1997-03-20,7,00-0035668,,,,,
2026,1,CAR,Nick Scott,DB,ACT,1995-05-17,7,00-0035669,3116179,32075,ScotNi01,49012,6301
2026,1,TEN,Cody Barton,LB,ACT,1996-11-13,7,00-0035672,3926229,31920,BartCo00,50727,6065
2026,1,IND,Jerry Tillery,DL,ACT,1996-10-08,7,00-0035674,3863182,31860,TillJe00,49949,6129
2026,1,NE,A.J. Brown,WR,ACT,1997-06-30,7,00-0035676,4047646,31883,BrowAJ00,48327,5859
2026,1,NE,Dre'Mont Jones,LB,ACT,1997-01-05,7,00-0035678,3915525,31903,JoneDr00,28075,5865
2026,1,BUF,Connor McGovern,OL,ACT,1997-11-03,7,00-0035679,,,,,
2026,1,CLE,Quincy Williams,LB,ACT,1996-08-28,7,00-0035680,3110565,31930,WillQu01,49779,6214
2026,1,CIN,Dexter Lawrence,DL,ACT,1997-11-12,7,00-0035683,4035483,31849,LawrDe03,25991,5847
2026,1,HOU,David Montgomery,RB,ACT,1997-06-07,7,00-0035685,4035538,31905,MontDa01,45719,5892
2026,1,DEN,Michael Deiter,OL,ACT,1996-09-03,7,00-0035686,,,,,
2026,1,LAC,Trey Pipkins,OL,ACT,1996-09-05,7,00-0035688,,,,,
2026,1,BUF,Dawson Knox,TE,ACT,1996-11-14,7,00-0035689,3930086,31928,KnoxDa00,35883,5906
2026,1,JAX,Chuma Edoga,OL,ACT,1997-05-25,7,00-0035698,,,,,
2026,1,PIT,Jamel Dean,DB,ACT,1996-10-15,7,00-0035699,3873935,31926,DeanJa00,34918,5946
2026,1,GB,Josh Jacobs,RB,ACT,1998-02-11,7,00-0035700,4047365,31856,JacoJo01,45953,5850
2026,1,CIN,Dalton Risner,OL,ACT,1995-07-13,7,00-0035702,,,,,
2026,1,SEA,Drew Lock,QB,ACT,1996-11-10,7,00-0035704,3924327,31874,LockDr00,39517,5854
2026,1,DAL,Jalen Thompson,DB,ACT,1998-07-18,7,00-0035705,4043089,32623,ThomJa04,49116,6711
2026,1,IND,Daniel Jones,QB,ACT,1997-05-27,7,00-0035710,3917792,31838,JoneDa05,39395,5870
2026,1,NYG,Brian Burns,LB,ACT,1998-04-23,7,00-0035713,4035631,31848,BurnBr00,44522,5862
2026,1,SF,Nick Bosa,DL,ACT,1997-10-23,7,00-0035717,4040605,31834,BosaNi00,42741,5816
2026,1,DAL,Quinnen Williams,DL,ACT,1997-12-21,7,00-0035718,4040982,31835,WillQu00,44216,6118
2026,1,SF,Brett Toth,OL,ACT,1996-09-01,7,00-0035743,,,,,
2026,1,DEN,Malcolm Roach,DL,ACT,1998-06-09,6,00-0035763,4039064,33118,RoacMa01,50191,7018
2026,1,DEN,Calvin Throckmorton,OL,ACT,1996-08-16,6,00-0035764,,,,,
2026,1,MIN,James Pierre,DB,ACT,1996-09-16,6,00-0035795,4259252,32939,PierJa01,60649,7419
2026,1,SF,Corliss Waitman,P,ACT,1995-07-21,6,00-0035821,3125280,32942,WaitCo00,39620,7215
2026,1,JAX,Ross Matiscik,LS,ACT,1996-09-13,6,00-0035827,,,,,
2026,1,SF,Austen Pleasants,OL,ACT,1997-08-22,6,00-0035829,,,,,
2026,1,LV,Benito Jones,DL,ACT,1997-11-27,6,00-0035841,4035299,33239,JoneBe03,44035,6999
2026,1,ATL,Chris Williams,DL,ACT,1998-06-16,6,00-0035857,4034530,33220,WillCh08,87178,7283
2026,1,AZ,Blake Gillikin,P,ACT,1998-01-21,6,00-0035859,4045180,33112,GillBl00,45045,7467
2026,1,TEN,Tommy Townsend,P,ACT,1996-11-12,6,00-0035889,3915398,32960,TownTo01,33007,7307
2026,1,CAR,Tershawn Wharton,DL,ACT,1998-06-25,6,00-0035890,4058925,32952,WharTe00,40292,7301
2026,1,SEA,Cody White,WR,ACT,1998-11-28,6,00-0035891,4241983,32948,,61448,7039
2026,1,DET,Joe Bachie,LB,ACT,1998-02-26,6,00-0035895,4036507,33108,BachJo01,43250,7014
2026,1,KC,Cole Christiansen,LB,ACT,1997-07-30,6,00-0035900,4036959,32977,ChriCo00,43856,7329
2026,1,BUF,Michael Hoecht,LB,ACT,1997-10-05,6,00-0035933,4033234,33252,HoecMi00,108840,7342
2026,1,TB,Christian Rozeboom,LB,ACT,1997-01-30,6,00-0035942,3909013,33261,RozeCh00,49862,7346
2026,1,AZ,Jonah Williams,DL,ACT,1995-08-17,6,00-0035944,4032481,33263,WillJo10,44597,7344
2026,1,DET,Myles Adams,DL,ACT,1998-03-09,6,00-0035946,4039164,33131,AdamMy00,28430,7222
2026,1,SF,Patrick Taylor,RB,ACT,1998-04-29,6,00-0035973,4039358,33235,TaylPa01,40448,6963
2026,1,CAR,Dan Chisena,WR,ACT,1997-02-25,6,00-0035976,3929637,33023,ChisDa00,34061,7357
2026,1,JAX,Trystan Colon,OL,ACT,1998-03-23,6,00-0035992,,,,,
2026,1,BAL,Tyler Huntley,QB,ACT,1998-02-03,6,00-0035993,4035671,32993,HuntTy01,46448,7083
2026,1,WAS,Julian Good-Jones,OL,ACT,1997-03-02,6,00-0035997,,,,,
2026,1,CHI,Salvon Ahmed,RB,ACT,1998-12-29,6,00-0036020,4243315,33265,AhmeSa01,57472,6918
2026,1,IND,Sean McKeon,TE,ACT,1997-12-28,6,00-0036032,4036275,33101,McKeSe01,42266,6964
2026,1,DAL,Terence Steele,OL,ACT,1997-06-04,6,00-0036036,,,,,
2026,1,BUF,Sam Franklin Jr.,DB,ACT,1996-02-02,6,00-0036037,4044133,33137,FranSa00,43580,7224
2026,1,NO,Juwan Johnson,TE,ACT,1996-09-13,6,00-0036040,3929645,33113,JohnJu02,28305,7002
2026,1,BAL,Broderick Washington,DL,ACT,1996-12-04,6,00-0036081,3915837,32840,WashBr01,50049,7122
2026,1,ATL,Liam McCullough,LS,ACT,1997-06-05,6,00-0036082,,,,,
2026,1,CLE,Myles Bryant,DB,ACT,1998-01-02,6,00-0036087,4039010,33319,BryaMy01,43336,6946
2026,1,DAL,Nick Leverett,OL,ACT,1997-11-11,6,00-0036105,,,,,
2026,1,MIA,A.J. Green,DB,ACT,1998-06-09,6,00-0036114,4038437,33306,GreeAJ00,50394,6876
2026,1,ATL,Brandon Walton,OL,ACT,1998-03-18,6,00-0036123,,,,,
2026,1,DET,Khalil Dorsey,DB,ACT,1998-03-31,6,00-0036124,4027919,33012,DorsKh00,27819,7200
2026,1,BAL,Nnamdi Madubuike,DL,ACT,1997-11-17,6,00-0036130,4035245,32741,MaduJu00,44304,6818
2026,1,TB,Ben Bredeson,OL,ACT,1998-02-20,6,00-0036132,,,,,
2026,1,PIT,Rico Dowdle,RB,ACT,1998-06-14,6,00-0036139,4038815,33100,DowdRi01,40693,7021
2026,1,WAS,Lawrence Cager,TE,ACT,1997-08-20,6,00-0036145,3917849,33329,CageLa01,34914,7106
2026,1,GB,Kristian Welch,LB,ACT,1998-05-24,6,00-0036157,4036153,33005,WelcKr00,51283,7197
2026,1,DEN,J.K. Dobbins,RB,ACT,1998-12-17,6,00-0036158,4241985,32725,DobbJK00,57366,6806
2026,1,MIA,Joshua Uche,LB,ACT,1998-09-18,6,00-0036159,4046528,32730,UcheJo00,27379,6921
2026,1,BUF,Tyler Bass,K,ACT,1997-02-14,6,00-0036162,3917232,32858,BassTy00,33010,7042
2026,1,NYG,Isaiah Hodgins,WR,ACT,1998-10-21,6,00-0036165,4242540,32877,HodgIs00,52130,6920
2026,1,JAX,Dane Jackson,DB,ACT,1996-11-29,6,00-0036166,3895791,32909,JackDa02,32989,6969
2026,1,MIA,Aaron Brewer,OL,ACT,1997-10-28,6,00-0036171,,,,,
2026,1,TEN,Mason Kinsey,WR,ACT,1998-08-29,6,00-0036176,4057082,33351,KinsMa00,115664,7436
2026,1,LAC,Teair Tart,DL,ACT,1997-02-28,6,00-0036181,4374269,33347,TartTe00,82261,7443
2026,1,IND,Nick Westbrook-Ikhine,WR,ACT,1997-03-21,6,00-0036182,3929785,33348,WestNi00,47861,7496
2026,1,NE,Reggie Gilliam,RB,ACT,1997-08-20,6,00-0036187,4039505,33357,GillRe00,40951,7204
2026,1,NO,Anfernee Jennings,LB,ACT,1997-05-01,6,00-0036193,3925350,32757,JennAn00,25449,6848
2026,1,MIA,Charlie Heck,OL,ACT,1996-11-20,6,00-0036195,,,,,
2026,1,NE,Mike Onwenu,OL,ACT,1997-12-10,6,00-0036198,,,,,
2026,1,BUF,Geno Stone,DB,ACT,1999-04-19,6,00-0036199,4240575,32889,StonGe00,55967,6923
2026,1,ATL,LaCale London,DL,ACT,1997-08-05,6,00-0036204,4376288,33175,LondLa00,87179,7231
2026,1,ATL,Tua Tagovailoa,QB,ACT,1998-03-02,6,00-0036212,4241479,32675,TagoTu00,60326,6768
2026,1,CLE,Tyre Phillips,OL,ACT,1997-01-29,6,00-0036214,,,,,
2026,1,BAL,Danny Pinter,OL,ACT,1996-06-19,6,00-0036215,,,,,
2026,1,CAR,Derrick Brown,DL,ACT,1998-04-15,6,00-0036220,4035495,32677,BrowDe05,43883,6784
2026,1,DEN,Brandon Jones,DB,ACT,1998-04-02,6,00-0036221,4039059,32740,JoneBr06,43049,6911
2026,1,MIN,Isaiah Rodgers,DB,ACT,1998-01-07,6,00-0036222,4044540,32881,RodgIs00,27069,7133
2026,1,IND,Jonathan Taylor,RB,ACT,1999-01-19,6,00-0036223,4242335,32711,TaylJo02,57488,6813
2026,1,PHI,Jonathan Greenard,LB,ACT,1997-05-25,6,00-0036224,3916409,32760,GreeJo04,48407,6900
2026,1,CIN,Kyle Dugger,DB,ACT,1996-03-22,6,00-0036231,4401811,32710,DuggKy00,90621,6872
2026,1,SEA,Harrison Bryant,TE,ACT,1998-04-23,6,00-0036232,4040774,32785,BryaHa00,26394,6850
2026,1,LA,Larrell Murchison,DL,ACT,1997-04-24,6,00-0036237,4240123,32844,MurcLa00,57004,6887
2026,1,CHI,Jonathan Garvin,LB,ACT,1999-07-28,6,00-0036239,4240655,32912,GarvJo00,56703,6965
2026,1,LA,Colby Parkinson,TE,ACT,1999-01-07,6,00-0036244,4242557,32803,ParkCo02,52266,6865
2026,1,NYG,Jon Runyan,OL,ACT,1997-08-08,6,00-0036246,,,,,
2026,1,MIA,Austin Jackson,OL,ACT,1999-08-11,6,00-0036248,,,,,
2026,1,CLE,Julian Okwara,LB,ACT,1997-12-27,6,00-0036249,4046690,32737,OkwaJu00,44152,6851
2026,1,PIT,Michael Pittman,WR,ACT,1997-10-05,6,00-0036252,4035687,32704,PittMi01,29049,6819
2026,1,NO,Julian Blackmon,DB,ACT,1998-08-24,6,00-0036253,4035661,32755,BlacJu01,49434,7044
2026,1,SF,Colton McKivitz,OL,ACT,1996-08-09,6,00-0036256,,,,,
2026,1,CHI,Jonah Jackson,OL,ACT,1997-02-05,6,00-0036258,,,,,
2026,1,MIN,Jauan Jennings,WR,ACT,1997-07-10,6,00-0036259,3886598,32887,JennJa00,48027,7049
2026,1,WAS,Javon Kinlaw,DL,ACT,1997-10-03,6,00-0036260,4259491,32684,KinlJa00,56834,6792
2026,1,JAX,DaVon Hamilton,DL,ACT,1997-02-01,6,00-0036262,3915520,32743,HamiDa02,28072,6972
2026,1,GB,Jordan Love,QB,ACT,1998-11-02,6,00-0036264,4036378,32696,LoveJo03,40306,6804
2026,1,CAR,AJ Dillon,RB,ACT,1998-05-02,6,00-0036265,4239934,32732,DillAJ00,57165,6828
2026,1,TEN,Jordan Elliott,DL,ACT,1997-11-23,6,00-0036266,4039052,32758,ElliJo02,56734,6841
2026,1,CHI,Jedrick Wills,OL,ACT,1999-05-17,6,00-0036267,,,,,
2026,1,PHI,Quez Watkins,WR,ACT,1998-06-09,6,00-0036271,4050373,32870,WatkQu00,61664,6927
2026,1,DET,Ben Bartch,OL,ACT,1998-07-22,6,00-0036272,,,,,
2026,1,CHI,D'Andre Swift,RB,ACT,1999-01-14,6,00-0036275,4259545,32705,SwifDA00,57212,6790
2026,1,PIT,Malik Harrison,LB,ACT,1998-03-05,6,00-0036280,4040615,32768,HarrMa06,28081,6867
2026,1,ATL,C.J. Henderson,DB,ACT,1998-09-30,6,00-0036281,4240596,32679,HendCJ00,55593,6791
2026,1,CLE,Grant Delpit,DB,ACT,1998-09-20,6,00-0036282,4242208,32714,DelpGr00,60685,6799
2026,1,ATL,A.J. Terrell,DB,ACT,1998-09-23,6,00-0036285,4239995,32686,TerrAJ00,55586,6836
2026,1,WAS,K'Lavon Chaisson,LB,ACT,1999-07-25,6,00-0036286,4242205,32690,ChaiKL00,57945,6800
2026,1,SEA,Noah Igbinoghene,DB,ACT,1999-11-27,6,00-0036287,4242516,32700,IgbiNo00,61155,6817
2026,1,ATL,Ross Blacklock,DL,ACT,1998-07-09,6,00-0036289,4038557,32709,BlacRo00,44526,6795
2026,1,CHI,Cole Kmet,TE,ACT,1999-03-10,6,00-0036290,4258595,32713,KmetCo00,60995,6826
2026,1,CHI,Jaylon Johnson,DB,ACT,1999-04-19,6,00-0036292,4243253,32720,JohnJa13,56259,6839
2026,1,LV,Jeremy Chinn,DB,ACT,1998-02-26,6,00-0036293,4043169,32734,ChinJe00,43179,7016
2026,1,DAL,Matt Hennessy,OL,ACT,1997-11-17,6,00-0036295,,,,,
2026,1,IND,Akeem Davis-Gaither,LB,ACT,1997-09-21,6,00-0036298,3917142,32777,DaviAk01,34788,6860
2026,1,NYJ,Mykal Walker,LB,ACT,1997-08-28,6,00-0036300,4243009,32789,WalkMy00,57834,7012
2026,1,BAL,Jaylinn Hawkins,DB,ACT,1997-08-27,6,00-0036302,3858276,32804,HawkJa00,51423,7058
2026,1,CAR,Trevis Gipson,DL,ACT,1997-06-13,6,00-0036305,3917016,32825,GipsTr00,35241,7120
2026,1,CLE,Daniel Thomas,DB,ACT,1998-07-01,6,00-0036306,4035505,32827,ThomDa07,42544,7053
2026,1,NE,Kindle Vildor,DB,ACT,1997-12-11,6,00-0036307,4036651,32833,VildKi00,49346,6928
2026,1,NYG,Darnell Mooney,WR,ACT,1997-10-29,6,00-0036309,4040655,32843,MoonDa00,48236,7090
2026,1,PHI,Braden Mann,P,ACT,1997-11-24,6,00-0036313,4035239,32861,MannBr01,44664,6950
2026,1,NO,Chase Young,LB,ACT,1999-04-14,6,00-0036321,4241986,32672,YounCh04,56436,6782
2026,1,MIN,Justin Jefferson,WR,ACT,1999-06-16,6,00-0036322,4262921,32692,JeffJu00,61398,6794
2026,1,PIT,Patrick Queen,LB,ACT,1999-08-13,6,00-0036323,4242207,32698,QueePa00,57941,6807
2026,1,CAR,Robert Hunt,OL,ACT,1996-08-25,6,00-0036325,,,,,
2026,1,JAX,Ezra Cleveland,OL,ACT,1998-05-08,6,00-0036327,,,,,
2026,1,SF,Ashtyn Davis,DB,ACT,1996-10-10,6,00-0036329,3858271,32738,DaviAs00,49560,6855
2026,1,AZ,Devin Duvernay,WR,ACT,1997-09-12,6,00-0036331,4039050,32762,DuveDe00,40006,6847
2026,1,PIT,Alex Highsmith,LB,ACT,1997-08-07,6,00-0036333,4037333,32772,HighAl02,43507,7113
2026,1,CAR,Saahdiq Charles,OL,ACT,1999-07-26,6,00-0036334,,,,,
2026,1,DET,D.J. Wonnum,LB,ACT,1997-10-31,6,00-0036335,4038849,32787,WonnDJ00,44550,6868
2026,1,CHI,James Lynch,DL,ACT,1999-01-20,6,00-0036337,4259181,32800,LyncJa00,56962,6858
2026,1,LAC,Troy Dye,LB,ACT,1996-09-18,6,00-0036338,4038946,32802,DyexTr00,28251,6941
2026,1,LA,Kevin Dotson,OL,ACT,1996-09-18,6,00-0036339,,,,,
2026,1,NYG,Khalid Kareem,DL,ACT,1998-04-28,6,00-0036341,4039029,32817,KareKh00,42993,6864
2026,1,TEN,K.J. Osborn,WR,ACT,1997-06-10,6,00-0036345,3916566,32846,OsboKJ00,23503,7066
2026,1,MIN,Blake Brandel,OL,ACT,1997-01-23,6,00-0036347,,,,,
2026,1,MIN,Josh Metellus,DB,ACT,1998-01-21,6,00-0036348,4046537,32875,MeteJo00,43395,6901
2026,1,LA,Kam Curl,DB,ACT,1999-03-03,6,00-0036349,4242154,32886,CurlKa00,55800,7136
2026,1,ATL,Kyle Hinton,OL,ACT,1998-02-27,6,00-0036354,,,,,
2026,1,LAC,Justin Herbert,QB,ACT,1998-03-10,6,00-0036355,4038941,32676,HerbJu00,28237,6797
2026,1,CAR,Isaiah Simmons,LB,ACT,1998-07-26,6,00-0036356,4035462,32678,SimmIs00,42451,6781
2026,1,DAL,CeeDee Lamb,WR,ACT,1999-04-08,6,00-0036358,4241389,32687,LambCe00,61570,6786
2026,1,MIA,Willie Gay Jr.,LB,ACT,1998-02-15,6,00-0036362,4259804,32733,GayJWi00,57987,7023
2026,1,SEA,Josh Jones,OL,ACT,1997-06-22,6,00-0036363,,,,,
2026,1,CHI,Neville Gallimore,DL,ACT,1997-01-17,6,00-0036366,3892883,32752,GallNe00,28094,6825
2026,1,BAL,John Simpson,OL,ACT,1997-08-19,6,00-0036369,,,,,
2026,1,NYG,Leki Fotu,DL,ACT,1998-08-23,6,00-0036371,4035666,32784,FotuLe00,44614,6948
2026,1,KC,L'Jarius Sneed,DB,ACT,1997-01-21,6,00-0036374,4040432,32808,SneeLJ00,40588,7117
2026,1,WAS,Amik Robertson,DB,ACT,1998-07-06,6,00-0036375,4239694,32809,RobeAm00,55619,6896
2026,1,LAC,Tyler Biadasz,OL,ACT,1997-11-20,6,00-0036376,,,,,
2026,1,BUF,Michael Danna,DL,ACT,1997-12-04,6,00-0036378,3915487,32847,DannMi00,48415,6958
2026,1,KC,Alohi Gilman,DB,ACT,1997-09-17,6,00-0036380,4039413,32856,GilmAl00,41662,7069
2026,1,NYG,Andrew Thomas,OL,ACT,1999-01-22,6,00-0036386,,,,,
2026,1,MIA,Jalen Reagor,WR,ACT,1999-01-02,6,00-0036387,4241802,32691,ReagJa00,61697,6798
2026,1,GB,Xavier McKinney,DB,ACT,1999-08-09,6,00-0036388,4241470,32706,McKiXa00,55775,6788
2026,1,PHI,Jalen Hurts,QB,ACT,1998-08-07,6,00-0036389,4040715,32723,HurtJa00,40291,6904
2026,1,BUF,Lloyd Cushenberry III,OL,ACT,1997-11-22,6,00-0036391,,,,,
2026,1,DEN,Matt Peart,OL,ACT,1997-06-11,6,00-0036392,,,,,
2026,1,ATL,Darnay Holmes,DB,ACT,1998-06-23,6,00-0036394,4242973,32780,HolmDa01,56247,6882
2026,1,BAL,K'Von Wallace,DB,ACT,1997-07-25,6,00-0036395,4035463,32797,WallKV00,42467,6947
2026,1,PIT,Jack Driscoll,OL,ACT,1997-04-01,6,00-0036396,,,,,
2026,1,TB,Tristan Wirfs,OL,ACT,1999-01-24,6,00-0036406,,,,,
2026,1,CLE,Jerry Jeudy,WR,ACT,1999-04-24,6,00-0036407,4241463,32685,JeudJe00,61103,6783
2026,1,NO,Cesar Ruiz,OL,ACT,1999-06-14,6,00-0036408,,,,,
2026,1,MIA,Jordyn Brooks,LB,ACT,1997-10-21,6,00-0036409,4043130,32697,BrooJo01,50851,6949
2026,1,CIN,Tee Higgins,WR,ACT,1999-01-18,6,00-0036410,4239993,32703,HiggTe00,61211,6801
2026,1,TB,Antoine Winfield Jr.,DB,ACT,1998-08-16,6,00-0036411,4034790,32715,WinfAn00,42475,6888
2026,1,WAS,Van Jefferson,WR,ACT,1996-07-26,6,00-0036415,3930066,32727,JeffVa00,47447,6853
2026,1,KC,Kristian Fulton,DB,ACT,1998-09-03,6,00-0036416,4035433,32731,FultKr00,42894,6829
2026,1,CAR,Damien Lewis,OL,ACT,1997-03-21,6,00-0036417,,,,,
2026,1,PHI,Zack Baun,LB,ACT,1996-12-30,6,00-0036418,3917657,32744,BaunZa00,34632,6815
2026,1,NO,Terrell Burgess,DB,ACT,1998-11-12,6,00-0036421,4035663,32774,BurgTe00,45255,7036
2026,1,DEN,Adam Trautman,TE,ACT,1997-02-05,6,00-0036422,3911853,32775,TrauAd00,109795,6869
2026,1,LV,Albert Okwuegbunam,TE,ACT,1998-04-25,6,00-0036423,4035115,32788,OkwuAl00,41933,6843
2026,1,JAX,DeeJay Dallas,RB,ACT,1998-09-16,6,00-0036425,4240631,32814,DallDe00,55632,6931
2026,1,DAL,Tyler Johnson,WR,ACT,1998-08-25,6,00-0036427,2310331,32831,JohnTy00,48054,6960
2026,1,DEN,Justin Strnad,LB,ACT,1996-08-21,6,00-0036428,3919548,32848,StrnJu00,42659,6977
2026,1,ATL,Charlie Woerner,TE,ACT,1997-10-16,6,00-0036429,4035020,32860,WoerCh00,42257,7075
2026,1,CIN,Joe Burrow,QB,ACT,1996-12-10,6,00-0036442,3915511,32671,BurrJo01,28022,6770
2026,1,CLE,Rex Sunahara,LS,ACT,1996-10-09,6,00-0036443,,,,,
2026,1,SF,Isaac Alarcon,OL,E14,1998-07-27,6,00-0036448,,,,,
2026,1,ATL,Chris Blair,WR,ACT,1997-10-06,6,00-0036463,4369886,33376,BlaiCh00,84096,7521
2026,1,LV,Kwity Paye,DL,ACT,1998-11-19,5,00-0036479,4258194,33409,PayeKw00,56713,7633
2026,1,CHI,Dayo Odeyingbo,DL,ACT,1999-09-24,5,00-0036480,4242659,33442,OdeyDa00,56923,7649
2026,1,MIN,Will Fries,OL,ACT,1998-04-04,5,00-0036483,,,,,
2026,1,JAX,Tim Jones,WR,ACT,1998-05-15,5,00-0036497,4245131,33649,JoneTi00,61669,8013
2026,1,NYJ,Jamien Sherwood,LB,ACT,2000-01-12,5,00-0036500,4361331,33534,SherJa00,83175,7841
2026,1,PHI,Michael Carter II,DB,ACT,1999-03-08,5,00-0036501,4240456,33542,CartMi02,60644,7835
2026,1,NYG,Jason Pinnock,DB,ACT,1999-06-30,5,00-0036502,4240706,33563,PinnJa01,56144,7816
2026,1,PIT,Brandin Echols,DB,ACT,1997-10-16,5,00-0036504,4567979,33588,EchoBr00,98900,7796
2026,1,BUF,Shane Zylstra,TE,ACT,1996-11-16,5,00-0036534,4608362,33803,ZylsSh00,143786,8041
2026,1,NO,Will Sherman,OL,ACT,1999-05-27,5,00-0036535,,,,,
2026,1,BAL,Rashod Bateman,WR,ACT,1999-11-29,5,00-0036550,4360939,33415,BateRa00,84296,7571
2026,1,GB,Aaron Banks,OL,ACT,1997-09-03,5,00-0036551,,,,,
2026,1,ATL,Azeez Ojulari,LB,ACT,2000-06-16,5,00-0036552,4379409,33438,OjulAz00,81959,7653
2026,1,HOU,Nico Collins,WR,ACT,1999-03-19,5,00-0036554,4258173,33477,CollNi00,61441,7569
2026,1,CAR,Chuba Hubbard,RB,ACT,1999-06-11,5,00-0036555,4241416,33514,HubbCh01,57373,7594
2026,1,HOU,Brevin Jordan,TE,ACT,2000-07-16,5,00-0036556,4362504,33535,JordBr00,77887,7568
2026,1,KC,Jaylon Moore,OL,ACT,1998-01-09,5,00-0036557,,,,,
2026,1,JAX,Keith Taylor,DB,RES,1999-05-03,5,00-0036561,4243332,33554,TaylKe03,56289,7824
2026,1,SF,Deommodore Lenoir,DB,ACT,1999-10-06,5,00-0036563,4242488,33560,LenoDe00,55686,7819
2026,1,DEN,Talanoa Hufanga,DB,ACT,2000-02-01,5,00-0036564,4360853,33568,HufaTa00,83903,7811
2026,1,PHI,Elijah Mitchell,RB,ACT,1998-05-02,5,00-0036567,4241555,33582,MitcEl00,57272,7561
2026,1,AZ,Roy Lopez,DL,ACT,1997-08-07,5,00-0036568,4040805,33583,LopeRo00,48676,7799
2026,1,CIN,Gary Brightwell,RB,ACT,1998-02-28,5,00-0036569,4245645,33584,BrigGa00,57133,7529
2026,1,WAS,Foster Sarell,OL,ACT,1998-08-28,5,00-0036584,,,,,
2026,1,NYG,Ar'Darius Washington,DB,ACT,1999-11-02,5,00-0036587,4362492,33788,WashAr00,77848,7970
2026,1,JAX,Quintin Morris,TE,ACT,1999-01-21,5,00-0036590,4244049,33819,MorrQu00,61182,7536
2026,1,SF,Robert Jones,OL,ACT,1999-01-28,5,00-0036596,,,,,
2026,1,LA,Alaric Jackson,OL,ACT,1998-07-14,5,00-0036603,,,,,
2026,1,LV,Jordan Meredith,OL,ACT,1998-01-04,5,00-0036604,,,,,
2026,1,DEN,Jaylen Waddle,WR,ACT,1998-11-25,5,00-0036613,4372016,33394,WaddJa00,84088,7526
2026,1,PIT,Jamin Davis,LB,ACT,1998-12-12,5,00-0036614,4240778,33407,DaviJa11,57905,7634
2026,1,MIN,Christian Darrisaw,OL,ACT,1999-06-02,5,00-0036616,,,,,
2026,1,PIT,Asante Samuel Jr.,DB,ACT,1999-10-03,5,00-0036617,4363034,33435,SamuAs00,76625,7655
2026,1,WAS,Sam Cosmi,OL,ACT,1999-02-16,5,00-0036618,,,,,
2026,1,NO,Dillon Radunz,OL,ACT,1998-03-28,5,00-0036619,,,,,
2026,1,KC,Nick Bolton,LB,ACT,2000-03-10,5,00-0036621,4362759,33446,BoltNi00,81322,7648
2026,1,NYJ,Josh Myers,OL,ACT,1998-07-16,5,00-0036622,,,,,
2026,1,KC,Creed Humphrey,OL,ACT,1999-06-28,5,00-0036623,,,,,
2026,1,DET,Alim McNeill,DL,ACT,2000-05-11,5,00-0036624,4361662,33460,McNeAl00,76996,7679
2026,1,GB,Benjamin St-Juste,DB,ACT,1997-09-08,5,00-0036625,4258206,33462,StJuBe00,56061,7671
2026,1,WAS,Dyami Brown,WR,ACT,1999-11-01,5,00-0036626,4361577,33470,BrowDy00,77986,7587
2026,1,WAS,John Bates,TE,ACT,1997-11-06,5,00-0036628,4048228,33512,BateJo00,42275,7716
2026,1,IND,Camryn Bynum,DB,ACT,1998-07-19,5,00-0036629,4035861,33513,BynuCa00,38408,7715
2026,1,CLE,Tylan Wallace,WR,ACT,1999-05-13,5,00-0036630,4241424,33519,WallTy00,61577,7595
2026,1,AZ,Ihmir Smith-Marsette,WR,ACT,1999-08-29,5,00-0036635,4240573,33545,SmitIh00,61324,7559
2026,1,KC,Noah Gray,TE,ACT,1999-04-30,5,00-0036637,4240472,33550,GrayNo00,60878,7828
2026,1,SF,Darrick Forrest,DB,RES,1999-05-22,5,00-0036638,4239088,33551,ForrDa00,55087,7827
2026,1,CIN,Tedarrell Slaton,DL,ACT,1997-10-03,5,00-0036642,4240612,33561,SlatTe00,56597,7818
2026,1,NE,K.J. Britt,LB,ACT,1999-06-04,5,00-0036643,4242521,33564,BritKJ00,57727,7815
2026,1,LV,Cameron McGrone,LB,ACT,2000-06-22,5,00-0036644,4372085,33565,McGrCa00,81300,7814
2026,1,SEA,Shemar Jean-Charles,DB,ACT,1998-06-20,5,00-0036645,4036430,33566,JeanSh00,42496,7813
2026,1,AZ,Simi Fehoko,WR,ACT,1997-11-05,5,00-0036646,4360739,33567,FehoSi00,84424,7812
2026,1,GB,Nick Niemann,LB,ACT,1997-12-02,5,00-0036648,4036141,33573,NiemNi00,43500,7807
2026,1,JAX,Quinton Bohanna,DL,ACT,1999-03-16,5,00-0036649,4259978,33580,BohaQu00,56673,7801
2026,1,CAR,Stone Forsythe,OL,ACT,1997-12-29,5,00-0036653,,,,,
2026,1,JAX,Cole Van Lanen,OL,ACT,1998-04-23,5,00-0036655,,,,,
2026,1,GB,Isaiah McDuffie,LB,ACT,1999-07-21,5,00-0036658,4239947,33608,McDuIs00,57754,7782
2026,1,KC,Trey Smith,OL,ACT,1999-06-16,5,00-0036660,,,,,
2026,1,SF,Will Bradley-King,DL,ACT,1997-12-22,5,00-0036664,4036476,,BradWi00,44184,7764
2026,1,LA,Grant Stuard,LB,ACT,1998-10-15,5,00-0036672,4240255,33646,StuaGr00,55933,7750
2026,1,MIA,Zayne Anderson,DB,ACT,1997-01-03,5,00-0036677,3932335,33877,AndeZa02,34622,8000
2026,1,BUF,Shane Buechele,QB,ACT,1998-01-08,5,00-0036679,4039034,33879,BuecSh00,12659,8002
2026,1,TEN,Malik Herring,DL,ACT,1997-11-09,5,00-0036682,4259547,33882,HerrMa02,56616,8001
2026,1,DEN,Devon Key,DB,ACT,1997-10-28,5,00-0036683,4037559,,KeyxDe00,56307,8004
2026,1,HOU,Naquan Jones,DL,ACT,1998-02-05,5,00-0036695,4046716,33833,JoneNa01,44363,7853
2026,1,CLE,Sam Kamara,DL,ACT,1997-12-21,5,00-0036705,4033855,33908,KamaSa00,24176,7844
2026,1,DEN,Adam Prentice,RB,ACT,1997-01-16,5,00-0036727,3929914,33901,PrenAd00,35639,8025
2026,1,DAL,Curtis Robinson,LB,ACT,1998-06-02,5,00-0036728,4044448,33902,RobiCu00,42871,8020
2026,1,LAC,Kayode Awosika,OL,ACT,1998-10-27,5,00-0036736,,,,,
2026,1,CLE,Jack Stoll,TE,ACT,1998-01-28,5,00-0036741,4034862,33891,StolJa00,42058,7946
2026,1,DET,Brock Wright,TE,ACT,1998-11-27,5,00-0036754,4242392,33774,WrigBr01,60994,7891
2026,1,LAC,Jaret Patterson,RB,ACT,1999-12-23,5,00-0036755,4362452,33706,PattJa01,77745,7537
2026,1,PIT,Brandon Smith,WR,ACT,1998-12-10,5,00-0036775,4240577,33710,SmitBr07,61327,7865
2026,1,PIT,Ryan McCollum,OL,ACT,1998-03-04,5,00-0036783,,,,,
2026,1,NYJ,Jack Heflin,DL,ACT,1998-03-08,5,00-0036788,4039485,33755,HeflJa00,44570,7880
2026,1,CHI,Jon Rhattigan,LB,ACT,1999-02-02,5,00-0036802,4258485,33862,RhatJo00,57718,7957
2026,1,NE,Christian Elliss,LB,ACT,1999-01-02,5,00-0036813,4245273,33778,ElliCh00,61853,7921
2026,1,MIA,Riley Patterson,K,ACT,1999-09-07,5,00-0036816,4243371,33781,PattRi01,57556,7922
2026,1,CAR,Feleipe Franks,TE,ACT,1997-12-22,5,00-0036825,4034948,33729,FranFe00,40217,7531
2026,1,ATL,Ryan Neuzil,OL,ACT,1997-07-31,5,00-0036833,,,,,
2026,1,MIA,Kion Smith,OL,ACT,1998-10-07,5,00-0036839,,,,,
2026,1,JAX,Austin Trammell,WR,ACT,1998-07-04,5,00-0036841,4244856,33745,TramAu00,52195,7746
2026,1,NYJ,Kene Nwangwu,RB,ACT,1998-02-09,5,00-0036842,4035537,33507,NwanKe00,40547,7720
2026,1,MIN,Isaiahh Loudermilk,DL,ACT,1997-10-10,5,00-0036843,4035798,33544,LoudIs00,44416,7833
2026,1,SF,Garret Wallow,LB,ACT,1999-01-25,5,00-0036844,4241807,33558,WallGa00,60761,7821
2026,1,MIA,Tutu Atwell,WR,ACT,1999-10-07,5,00-0036849,4360797,33445,AtweTu00,77965,7562
2026,1,SF,Cameron Sample,DL,ACT,1999-09-20,5,00-0036850,4243923,33499,SampCa00,56462,7727
2026,1,CIN,Evan McPherson,K,ACT,1999-07-21,5,00-0036854,4360234,33537,McPhEv00,82583,7839
2026,1,TEN,Earnest Brown IV,DL,ACT,1999-01-08,5,00-0036855,4242292,33562,BrowEa00,56428,7817
2026,1,TEN,Trey Hill,OL,ACT,2000-01-23,5,00-0036856,,,,,
2026,1,IND,Jimmy Morrissey,OL,ACT,1998-06-09,5,00-0036859,,,,,
2026,1,PIT,Ben Skowronek,WR,ACT,1997-06-27,5,00-0036862,4035656,33637,SkowBe00,27948,7757
2026,1,NE,James Hudson,OL,ACT,1999-05-13,5,00-0036866,,,,,
2026,1,NO,Chris Rumph II,LB,ACT,1998-10-19,5,00-0036867,4240475,33506,RumpCh00,56345,7721
2026,1,TEN,Dan Moore Jr.,OL,ACT,1998-09-28,5,00-0036869,,,,,
2026,1,SF,Nate Hobbs,DB,ACT,1999-06-24,5,00-0036871,4240542,33555,HobbNa00,55948,7823
2026,1,DEN,Pat Surtain II,DB,ACT,2000-04-14,5,00-0036874,4372012,33397,SurtPa01,83119,7641
2026,1,NE,Rhamondre Stevenson,RB,ACT,1998-02-23,5,00-0036875,4569173,33508,StevRh00,98689,7611
2026,1,TEN,Kylen Granson,TE,ACT,1998-03-27,5,00-0036876,4039160,33515,GranKy00,40630,7602
2026,1,DEN,Sam Ehlinger,QB,ACT,1998-09-30,5,00-0036879,4241820,33606,EhliSa00,60555,7583
2026,1,DET,Penei Sewell,OL,ACT,2000-10-09,5,00-0036880,,,,,
2026,1,DET,Jay Tufele,DL,ACT,1999-07-25,5,00-0036881,4259647,33494,TufeJa00,56913,7731
2026,1,HOU,Tommy Togiai,DL,ACT,1999-09-19,5,00-0036883,4361366,33520,TogiTo00,82501,7711
2026,1,MIA,Marco Wilson,DB,ACT,1999-03-03,5,00-0036884,4240595,33524,WilsMa04,55592,7708
2026,1,NYJ,Tre Brown,DB,ACT,1997-09-24,5,00-0036885,4241373,33525,BrowTr03,55677,7707
2026,1,SF,Luke Farrell,TE,ACT,1997-10-14,5,00-0036887,4040612,33533,FarrLu00,42353,7842
2026,1,BUF,Damar Hamlin,DB,ACT,1998-03-24,5,00-0036888,4036060,33600,HamlDa00,43291,7787
2026,1,PIT,Pat Freiermuth,TE,ACT,1998-10-25,5,00-0036894,4361411,33443,FreiPa00,84085,7600
2026,1,HOU,Davis Mills,QB,ACT,1998-10-21,5,00-0036898,4242546,33455,MillDa02,52269,7585
2026,1,CIN,Ja'Marr Chase,WR,ACT,2000-03-01,5,00-0036900,4362628,33393,ChasJa00,84270,7564
2026,1,LV,Eric Stokes,DB,ACT,1999-03-01,5,00-0036901,4259561,33417,StokEr00,55912,7628
2026,1,NYJ,Joseph Ossai,DL,ACT,2000-04-13,5,00-0036902,4362094,33457,OssaJo00,77205,7678
2026,1,CAR,Bobby Brown III,DL,ACT,2000-08-07,5,00-0036903,4372518,33505,BrowBo04,82429,7722
2026,1,CAR,Robert Rochell,DB,ACT,1998-04-26,5,00-0036904,4032200,33518,RochRo00,33693,7712
2026,1,DET,Larry Borom,OL,ACT,1999-03-30,5,00-0036905,,,,,
2026,1,KC,Khyiris Tonga,DL,ACT,1996-07-07,5,00-0036909,4256074,33851,TongKh00,52000,7756
2026,1,PHI,DeVonta Smith,WR,ACT,1998-11-14,5,00-0036912,4241478,33398,SmitDe07,61100,7525
2026,1,BUF,Greg Rousseau,DL,ACT,2000-04-05,5,00-0036914,4362506,33418,RousGr00,76889,7627
2026,1,CLE,Jeremiah Owusu-Koramoah,LB,RES,1999-11-04,5,00-0036915,4258599,33440,OwusJe00,58089,7651
2026,1,NE,Milton Williams,DL,ACT,1999-04-06,5,00-0036916,4239699,33461,WillMi08,56682,7696
2026,1,TB,Kenneth Gainwell,RB,ACT,1999-03-14,5,00-0036919,4371733,33538,GainKe00,77737,7567
2026,1,TEN,Michael Carter,RB,ACT,1999-05-07,5,00-0036924,4240657,33495,CartMi03,57337,7607
2026,1,DET,Payton Turner,DL,ACT,1999-01-07,5,00-0036926,4240269,33416,TurnPa02,56624,7629
2026,1,NO,Pete Werner,LB,ACT,1999-06-05,5,00-0036927,4241993,33448,WernPe00,58093,7647
2026,1,NYJ,Landon Young,OL,ACT,1997-08-21,5,00-0036930,,,,,
2026,1,GB,Micah Parsons,LB,ACT,1999-05-26,5,00-0036932,4361423,33400,ParsMi00,81360,7640
2026,1,AZ,Zaven Collins,LB,ACT,1999-05-19,5,00-0036933,4244606,33404,CollZa00,77190,7637
2026,1,CAR,Jaelan Phillips,LB,ACT,1999-05-28,5,00-0036934,4242975,33406,PhilJa02,56902,7635
2026,1,NYG,Paulson Adebo,DB,ACT,1999-07-03,5,00-0036937,4242547,33464,AdebPa00,52280,7669
2026,1,WAS,Odafe Oweh,LB,ACT,1998-12-15,5,00-0036940,4361422,33419,OwehJa00,82161,7626
2026,1,NYJ,Andre Cisco,DB,ACT,2000-03-23,5,00-0036941,4361939,33453,CiscAn00,76641,7698
2026,1,SF,Osa Odighizuwa,DL,ACT,1998-08-13,5,00-0036942,4035840,33463,OdigOs00,42754,7695
2026,1,DEN,Mitchell Fraboni,LS,ACT,1996-10-28,5,00-0036943,,,,,
2026,1,CAR,Jaycee Horn,DB,ACT,1999-11-26,5,00-0036944,4362847,33396,HornJa00,83375,7642
2026,1,KC,Justin Fields,QB,ACT,1999-03-05,5,00-0036945,4362887,33399,FielJu00,82118,7591
2026,1,PHI,Ta'Quon Graham,DL,ACT,1998-12-01,5,00-0036948,4262197,33536,GrahTa00,56868,7840
2026,1,DEN,Jonathon Cooper,LB,ACT,1998-01-08,5,00-0036952,4040608,33627,CoopJo02,43021,7765
2026,1,CLE,Teven Jenkins,OL,ACT,1998-03-03,5,00-0036953,,,,,
2026,1,DET,Levi Onwuzurike,DL,ACT,1998-03-02,5,00-0036954,4039020,33429,OnwuLe00,43679,7661
2026,1,MIA,Terrace Marshall Jr.,WR,ACT,2000-06-09,5,00-0036955,4362630,33447,MarsTe00,84271,7565
2026,1,ATL,Darren Hall,DB,ACT,2000-05-02,5,00-0036956,4261606,33496,HallDa03,60742,7730
2026,1,DEN,Michael Bandy,WR,ACT,1997-12-05,5,00-0036959,4034704,33928,BandMi00,91824,8076
2026,1,CAR,Tre'von Moehrig,DB,ACT,1999-06-16,5,00-0036962,4362487,33431,MoehTr00,77847,7659
2026,1,DET,Amon-Ra St. Brown,WR,ACT,1999-10-24,5,00-0036963,4374302,33500,StxxAm00,84470,7547
2026,1,DET,Derrick Barnes,LB,ACT,1999-05-29,5,00-0036964,4260409,33501,BarnDe02,58120,7726
2026,1,PHI,Joe Tryon-Shoyinka,DL,ACT,1999-04-30,5,00-0036967,4243333,33420,TryoJo00,58272,7625
2026,1,ATL,Kyle Pitts,TE,ACT,2000-10-06,5,00-0036970,4360248,33392,PittKy00,83964,7553
2026,1,JAX,Trevor Lawrence,QB,ACT,1999-10-06,5,00-0036971,4360310,33389,LawrTr00,77632,7523
2026,1,SF,Mac Jones,QB,ACT,1998-09-05,5,00-0036972,4241464,33403,JoneMa05,60323,7527
2026,1,NO,Travis Etienne,RB,ACT,1999-01-26,5,00-0036973,4239996,33413,EtieTr00,57185,7543
2026,1,CLE,Tyson Campbell,DB,ACT,2000-03-17,5,00-0036974,4379397,33421,CampTy01,83217,7667
2026,1,JAX,Walker Little,OL,ACT,1999-04-01,5,00-0036975,,,,,
2026,1,BUF,Spencer Brown,OL,ACT,1998-02-28,5,00-0036976,,,,,
2026,1,LAC,Ben Cleveland,OL,ACT,1998-08-25,5,00-0036977,,,,,
2026,1,NE,Alijah Vera-Tucker,OL,ACT,1999-06-17,5,00-0036979,,,,,
2026,1,PHI,Elijah Moore,WR,ACT,2000-03-27,5,00-0036980,4372414,33422,MoorEl00,84302,7596
2026,1,NE,Christian Barmore,DL,ACT,1999-07-28,5,00-0036981,4372030,33426,BarmCh00,82198,7664
2026,1,NYG,Chauncey Golston,DL,ACT,1998-02-10,5,00-0036982,4036132,33472,GolsCh00,42718,7693
2026,1,CLE,Kendrick Green,OL,ACT,1998-12-22,5,00-0036983,,,,,
2026,1,JAX,Robert Hainsey,OL,ACT,1998-08-12,5,00-0036985,,,,,
2026,1,NYJ,Nahshon Wright,DB,ACT,1998-09-23,5,00-0036986,4570470,33487,WrigNa00,100412,7687
2026,1,NYJ,Brandon Stephens,DB,ACT,1997-12-29,5,00-0036987,4035824,33492,StepBr01,45644,7685
2026,1,BUF,Josh Palmer,WR,ACT,1999-09-22,5,00-0036988,4242433,33465,PalmJo00,62979,7670
2026,1,LV,Malcolm Koonce,DL,ACT,1998-06-06,5,00-0036989,4239719,33467,KoonMa00,55015,7676
2026,1,ATL,Divine Deablo,LB,ACT,1998-08-17,5,00-0036990,4037626,33468,DeabDi00,42208,7677
2026,1,LAC,Elijah Molden,DB,ACT,1999-01-30,5,00-0036992,4243328,33488,MoldEl00,56290,7682
2026,1,SEA,Ernest Jones,LB,ACT,1999-11-22,5,00-0036994,4362851,33491,JoneEr01,81399,7672
2026,1,AZ,Baron Browning,LB,ACT,1999-02-19,5,00-0036995,4241987,33493,BrowBa01,58095,7681
2026,1,NYG,Greg Newsome II,DB,ACT,2000-05-18,5,00-0036996,4361266,33414,NewsGr00,83341,7630
2026,1,DAL,Javonte Williams,RB,ACT,2000-04-25,5,00-0036997,4361579,33423,WillJa10,77803,7588
2026,1,NYG,Jevon Holland,DB,ACT,2000-03-03,5,00-0036998,4373809,33424,HollJe02,83873,7666
2026,1,DEN,Quinn Meinerz,OL,ACT,1998-11-15,5,00-0037001,,,,,
2026,1,PHI,Landon Dickerson,OL,ACT,1998-09-30,5,00-0037002,,,,,
2026,1,SEA,Chazz Surratt,LB,ACT,1997-02-16,5,00-0037003,4037521,33466,SurrCh00,40313,7673
2026,1,JAX,Hunter Long,TE,ACT,1998-08-19,5,00-0037004,4239944,33469,LongHu00,60859,7535
2026,1,CAR,Tommy Tremble,TE,ACT,2000-06-02,5,00-0037005,4372780,33471,TremTo00,84025,7694
2026,1,CAR,Patrick Jones II,LB,ACT,1998-09-29,5,00-0037007,4036063,33478,JonePa00,43974,7674
2026,1,PHI,Ambry Thomas,DB,ACT,1999-09-09,5,00-0037008,4258209,33490,ThomAm00,56058,7686
2026,1,LAC,Rashawn Slater,OL,ACT,1999-03-26,5,00-0037009,,,,,
2026,1,LAC,Trey Lance,QB,ACT,2000-05-09,5,00-0037012,4383351,33391,LancTr00,91399,7610
2026,1,NO,Zach Wilson,QB,ACT,1999-08-03,5,00-0037013,4361259,33390,WilsZa00,82096,7538
2026,1,CHI,Nikola Kalinic,TE,ACT,1997-01-21,4,00-0037031,4916349,33950,KaliNi00,156095,8107
2026,1,BUF,Dee Alford,DB,ACT,1997-11-05,6,00-0037034,4401823,33945,AlfoDe00,110542,8104
2026,1,TB,Haggai Ndubuisi,DL,ACT,2000-10-15,5,00-0037041,5033343,,ChisHa00,156132,8415
2026,1,ATL,Elijah Garcia,DL,ACT,1998-03-11,4,00-0037051,4039170,,GarcEl00,44498,8736
2026,1,TEN,Lance McCutcheon,WR,ACT,1999-02-28,4,00-0037055,4247812,34330,McCuLa01,61478,8745
2026,1,LA,Keir Thomas,LB,ACT,1998-01-25,4,00-0037057,4038843,,ThomKe04,42509,8739
2026,1,PHI,Jordan Davis,DL,ACT,2000-01-12,4,00-0037073,4381558,33968,DaviJo03,94854,8269
2026,1,LV,Quay Walker,LB,ACT,2000-05-08,4,00-0037074,4379416,33977,WalkQu00,82547,8266
2026,1,GB,Devonte Wyatt,DL,ACT,1998-03-31,4,00-0037075,4361791,33983,WyatDe00,82268,8270
2026,1,GB,Sean Rhyan,OL,ACT,2000-09-15,4,00-0037076,,,,,
2026,1,DAL,Sam Howell,QB,ACT,2000-09-16,4,00-0037077,4426875,34100,HoweSa00,97599,8162
2026,1,MIA,Cole Turner,TE,ACT,2000-03-16,4,00-0037078,4361438,34105,TurnCo00,84330,8214
2026,1,PHI,Riq Woolen,DB,ACT,1999-05-02,4,00-0037079,4245185,34109,WoolTa00,61790,8374
2026,1,KC,Tyreke Smith,LB,ACT,2000-02-14,4,00-0037080,4361340,34114,SmitTy03,83513,8336
2026,1,CHI,Braxton Jones,OL,ACT,1999-03-27,4,00-0037081,,,,,
2026,1,HOU,Dominique Robinson,DL,ACT,1998-07-02,4,00-0037082,4244300,34130,RobiDo00,61436,8391
2026,1,NYJ,Kingsley Enagbare,DL,ACT,2000-01-18,4,00-0037083,4362840,34135,EnagKi00,82409,8382
2026,1,DEN,Tyler Badie,RB,ACT,1999-02-07,4,00-0037085,4362748,34152,BadiTy00,83714,8208
2026,1,PHI,Grant Calcaterra,TE,ACT,1998-12-04,4,00-0037086,4241374,34154,CalcGr00,60997,8177
2026,1,CAR,Ja'Tyre Carter,OL,ACT,1999-01-15,4,00-0037089,,,,,
2026,1,GB,Bo Melton,DB,ACT,1999-05-18,4,00-0037091,4259305,34185,MeltBo00,61610,8204
2026,1,WAS,Chris Paul,OL,ACT,1998-11-19,4,00-0037092,,,,,
2026,1,LV,Dareke Young,WR,ACT,1999-06-04,4,00-0037093,4401805,34189,YounDa02,111900,8527
2026,1,GB,Jonathan Ford,DL,ACT,1998-09-29,4,00-0037094,4259762,34190,FordJo00,56705,8344
2026,1,CHI,Elijah Hicks,DB,ACT,1997-09-16,4,00-0037096,4242402,34210,HickEl00,55584,8509
2026,1,PHI,Samori Toure,WR,ACT,1998-03-24,4,00-0037098,4027873,34214,TourSa00,25276,8235
2026,1,CHI,Jaylon Jones,DB,ACT,1997-10-14,4,00-0037106,4047655,,JoneJa12,49374,8702
2026,1,CHI,Jack Sanborn,LB,ACT,2000-07-29,4,00-0037109,4372576,34370,SanbJa00,82566,8363
2026,1,SF,Jake Tonges,TE,ACT,1999-07-08,4,00-0037112,4259147,34374,TongJa00,60864,8698
2026,1,ATL,Tyler Goodson,RB,ACT,2000-11-10,4,00-0037120,4429676,34261,GoodTy00,101659,8207
2026,1,CHI,Josh Blackwell,DB,ACT,1999-04-05,4,00-0037129,4240459,,BlacJo00,55589,8714
2026,1,HOU,Reed Blankenship,DB,ACT,1999-03-02,4,00-0037130,4243956,34376,BlanRe00,56065,8406
2026,1,PHI,Britain Covey,WR,ACT,1997-03-18,4,00-0037132,3926231,34378,CoveBr00,32933,8414
2026,1,SEA,Josh Jobe,DB,ACT,1998-04-09,4,00-0037137,4372020,34383,JobeJo00,83122,8275
2026,1,IND,Josh Sills,OL,ACT,1998-01-26,4,00-0037138,,,,,
2026,1,AZ,Joey Blount,DB,ACT,1998-11-16,4,00-0037141,4240824,34388,BlouJo00,62771,8683
2026,1,TEN,Tony Adams,DB,ACT,1999-01-24,4,00-0037155,4240532,34355,AdamTo03,55953,8860
2026,1,SEA,Irvin Charles,WR,ACT,1997-04-13,4,00-0037156,3929636,34356,CharIr00,28304,8861
2026,1,AZ,Bam Knight,RB,ACT,2001-04-11,4,00-0037157,4427728,34357,KnigZo00,97432,8122
2026,1,MIN,Josh Ross,LB,ACT,1999-10-31,4,00-0037184,4258198,34404,RossJo01,57971,8285
2026,1,IND,Sauce Gardner,DB,ACT,2001-08-31,4,00-0037190,4427250,33959,GardSa00,100903,8290
2026,1,LA,Trent McDuffie,DB,ACT,2000-09-13,4,00-0037191,4426405,33976,McDuTr00,72191,8364
2026,1,KC,George Karlaftis,DL,ACT,2001-04-03,4,00-0037192,4426659,33985,KarlGe00,98319,8385
2026,1,CIN,Bryan Cook,DB,ACT,1999-09-07,4,00-0037193,4247726,34018,CookBr02,55940,8294
2026,1,GB,Darian Kinnard,OL,ACT,1999-12-29,4,00-0037194,,,,,
2026,1,LA,Jaylen Watson,DB,ACT,1998-09-17,4,00-0037195,4697639,34199,WatsJa02,131960,8373
2026,1,CAR,Rasheed Walker,OL,ACT,2000-02-13,4,00-0037196,,,,,
2026,1,DET,Isiah Pacheco,RB,ACT,1999-03-02,4,00-0037197,4361529,34207,PachIs00,83747,8205
2026,1,CAR,LaBryan Ray,DL,ACT,1997-12-05,4,00-0037203,4241473,34427,RayxLa02,56501,8274
2026,1,NE,Brenden Schooler,DB,ACT,1997-05-30,4,00-0037205,4047941,,SchoBr00,28253,8726
2026,1,KC,Mike Caliendo,OL,ACT,1997-10-21,4,00-0037207,,,,,
2026,1,KC,Jack Cochrane,LB,ACT,1999-02-09,4,00-0037208,4249766,34432,CochJa00,63345,8710
2026,1,LAC,Cameron Dicker,K,ACT,2000-05-06,4,00-0037224,4362081,34344,DickCa00,77069,8259
2026,1,PIT,Jaylen Warren,RB,ACT,1998-11-01,4,00-0037228,4569987,34447,WarrJa01,98692,8228
2026,1,CAR,Ikem Ekwonu,OL,ACT,2000-10-31,4,00-0037229,,,,,
2026,1,NO,Kevin Austin Jr.,WR,ACT,2000-03-30,4,00-0037231,4372758,34242,AustKe00,84345,8200
2026,1,JAX,Travon Walker,DL,ACT,2000-12-18,4,00-0037235,4426349,33956,WalkTr03,98940,8265
2026,1,DET,Aidan Hutchinson,DL,ACT,2000-08-09,4,00-0037236,4372099,33957,HutcAi00,82330,8289
2026,1,HOU,Derek Stingley Jr.,DB,ACT,2001-06-20,4,00-0037237,4426434,33958,StinDe00,98253,8308
2026,1,ATL,Drake London,WR,ACT,2001-07-24,4,00-0037238,4426502,33963,LondDr00,86519,8112
2026,1,NO,Chris Olave,WR,ACT,2000-06-27,4,00-0037239,4361370,33966,OlavCh00,84355,8144
2026,1,DET,Jameson Williams,WR,ACT,2001-03-26,4,00-0037240,4426388,33967,WillJa11,101701,8148
2026,1,LAC,Trevor Penning,OL,ACT,1999-05-15,4,00-0037241,,,,,
2026,1,KC,Kaiir Elam,DB,ACT,2001-05-05,4,00-0037242,4567399,33978,ElamKa00,98693,8296
2026,1,DAL,Tyler Smith,OL,ACT,2001-04-03,4,00-0037243,,,,,
2026,1,CAR,Devin Lloyd,LB,ACT,1998-09-30,4,00-0037244,4243256,33982,LloyDe00,58238,8329
2026,1,HOU,Jalen Pitre,DB,ACT,1999-06-03,4,00-0037246,4241223,33992,PitrJa00,57737,8314
2026,1,DAL,George Pickens,WR,ACT,2001-03-04,4,00-0037247,4426354,34007,PickGe00,99229,8137
2026,1,BUF,James Cook,RB,ACT,1999-09-25,4,00-0037248,4379399,34019,CookJa01,83666,8138
2026,1,DEN,Nik Bonitto,LB,ACT,1999-09-26,4,00-0037249,4360259,34020,BoniNi00,77196,8280
2026,1,NO,Martin Emerson,DB,ACT,2000-09-27,4,00-0037250,4429568,34024,EmerMa00,97872,8390
2026,1,CLE,Alex Wright,DL,ACT,2000-09-05,4,00-0037251,4570119,34034,WrigAl01,98318,8376
2026,1,MIA,Greg Dulcich,TE,ACT,2000-03-26,4,00-0037252,4367209,34036,DulcGr00,84068,8172
2026,1,NE,Marcus Jones,DB,ACT,1998-10-22,4,00-0037253,4241720,34041,JoneMa06,55717,8359
2026,1,BUF,Terrel Bernard,LB,ACT,1999-05-07,4,00-0037254,4259166,34045,BernTe00,57739,8311
2026,1,NYJ,Dylan Parham,OL,ACT,1999-08-24,4,00-0037255,,,,,
2026,1,WAS,Rachaad White,RB,ACT,1999-01-12,4,00-0037256,4697815,34047,WhitRa01,131633,8136
2026,1,PHI,Dameon Pierce,RB,ACT,2000-02-19,4,00-0037258,4360238,34063,PierDa01,83659,8129
2026,1,NYG,Micah McFadden,LB,ACT,2000-01-03,4,00-0037259,4371961,34102,McFaMi01,81246,8396
2026,1,WAS,DJ Davidson,DL,ACT,1999-09-19,4,00-0037260,4242899,34103,DaviDJ00,56523,8262
2026,1,BUF,Khalil Shakir,WR,ACT,2000-02-03,4,00-0037261,4373678,34104,ShakKh00,84140,8134
2026,1,LV,Thomas Booker,DL,ACT,1999-11-11,4,00-0037262,4360749,34106,BookTh00,82168,8380
2026,1,AZ,Tyler Allgeier,RB,ACT,2000-04-15,4,00-0037263,4373626,34107,AllgTy00,83639,8132
2026,1,KC,Matt Waletzko,OL,ACT,1999-12-15,4,00-0037266,,,,,
2026,1,WAS,Jerome Ford,RB,ACT,1999-09-12,4,00-0037267,4372019,34112,FordJe00,83601,8143
2026,1,TB,Zyon McCollum,DB,ACT,1999-05-03,4,00-0037268,4250392,34113,McCoZy02,66769,8384
2026,1,MIN,Eric Johnson,DL,ACT,1998-07-16,4,00-0037269,4050971,34115,JohnEr01,33698,8473
2026,1,DAL,Otito Ogbonnia,DL,ACT,2000-08-25,4,00-0037270,4367210,34116,OgboOt00,82450,8331
2026,1,CHI,D'Marco Jackson,LB,ACT,1998-07-20,4,00-0037271,4241007,34117,JackDM00,57691,8367
2026,1,PIT,Esezi Otomewo,DL,ACT,1999-03-09,4,00-0037274,4240759,34121,OtomEs00,55221,8342
2026,1,DAL,DaRon Bland,DB,ACT,1999-07-12,4,00-0037275,4248911,34123,BlanDa00,56158,8476
2026,1,NO,Ty Chandler,RB,ACT,1998-05-12,4,00-0037276,4242431,34125,ChanTy01,62942,8230
2026,1,AZ,Teagan Quitoriano,TE,ACT,2000-03-15,4,00-0037277,4374045,34126,QuitTe00,84036,8227
2026,1,DEN,Luke Wattenberg,OL,ACT,1997-09-10,4,00-0037278,,,,,
2026,1,MIA,Matthew Butler,DL,ACT,1999-06-10,4,00-0037280,4242457,34131,ButlMa02,62931,8332
2026,1,DET,Damone Clark,LB,ACT,2000-06-28,4,00-0037281,4362636,34132,ClarDa02,81282,8309
2026,1,CAR,James Mitchell,TE,ACT,1999-08-11,4,00-0037282,4361988,34133,MitcJa00,77885,8170
2026,1,NO,John Ridgeway,DL,ACT,1999-05-07,4,00-0037283,4248047,34134,RidgJo00,66694,8306
2026,1,KC,Matt Araiza,P,ACT,2000-05-16,4,00-0037284,4361496,,AraiMa00,82642,8486
2026,1,SF,Vederian Lowe,OL,ACT,1999-04-17,4,00-0037287,,,,,
2026,1,BUF,Christian Benford,DB,ACT,2000-09-21,4,00-0037288,4379778,34141,BenfCh00,79181,8487
2026,1,DET,Malcolm Rodriguez,LB,ACT,1999-03-29,4,00-0037289,4241411,34144,RodrMa00,60731,8334
2026,1,LV,Jalen Nailor,WR,ACT,1999-03-02,4,00-0037291,4382466,34147,NailJa00,84292,8180
2026,1,IND,Andrew Ogletree,TE,ACT,1998-07-28,4,00-0037292,4722908,34148,OgleAn00,138351,8489
2026,1,DEN,Jordan Jackson,DL,ACT,1998-01-30,4,00-0037294,4261090,34150,JackJo06,56957,8370
2026,1,MIA,Jamaree Salyer,OL,ACT,2000-07-13,4,00-0037295,,,,,
2026,1,DET,Cade Mays,OL,ACT,1999-04-26,4,00-0037297,,,,,
2026,1,NYG,Sam Roberts,DL,ACT,1998-04-14,4,00-0037298,4077786,34156,RobeSa00,156069,8492
2026,1,DEN,Mike Woods,WR,ACT,2000-03-19,4,00-0037300,4360174,34158,WoodMi00,84117,8202
2026,1,MIN,Theo Jackson,DB,ACT,1998-10-02,4,00-0037301,4242436,34164,JackTh00,62919,8496
2026,1,TEN,Austin Deculus,OL,ACT,1999-03-12,4,00-0037302,,,,,
2026,1,DEN,Matt Henningsen,DL,ACT,1999-07-09,4,00-0037303,4242358,34161,HennMa01,56484,8495
2026,1,LV,Connor Heyward,TE,ACT,1999-01-22,4,00-0037304,4241961,34163,HeywCo00,57301,8181
2026,1,IND,Luke Tenuta,OL,ACT,1999-09-01,4,00-0037305,,,,,
2026,1,CIN,Ja'Sir Taylor,DB,ACT,1999-01-08,4,00-0037307,4240434,34170,TaylJa04,55426,8481
2026,1,DAL,James Houston,DL,ACT,1998-11-16,4,00-0037310,4240608,34173,HousJa01,57810,8494
2026,1,TB,Ko Kieft,TE,ACT,1998-01-20,4,00-0037311,4034779,34174,KiefKo00,41372,8484
2026,1,PHI,Chance Campbell,LB,ACT,1999-10-08,4,00-0037312,4372051,34175,CampCh02,81295,8369
2026,1,JAX,Montaric Brown,DB,ACT,1999-08-24,4,00-0037313,4242149,34178,BrowMo00,55797,8305
2026,1,MIA,Cameron Goode,LB,ACT,1998-04-15,4,00-0037315,4035857,34180,GoodCa00,38410,8526
2026,1,LAC,Deane Leonard,DB,ACT,1999-11-20,4,00-0037320,4690171,,LeonDe00,124140,8519
2026,1,TB,Chase Lucas,DB,ACT,1997-03-04,4,00-0037321,4047846,34193,LucaCh01,42833,8264
2026,1,SEA,Rodney Thomas,DB,ACT,1998-06-26,4,00-0037323,4248455,34195,ThomRo07,108389,8517
2026,1,KC,Chris Oladokun,QB,ACT,1997-09-03,4,00-0037324,4044111,34197,OladCh00,40364,8413
2026,1,BAL,Skylar Thompson,QB,ACT,1997-06-04,4,00-0037327,4036419,34203,ThomSk00,60417,8206
2026,1,CHI,Brittain Brown,RB,ACT,1997-10-10,4,00-0037329,4036032,34206,BrowBr06,40399,8423
2026,1,NE,Jesse Luketa,LB,ACT,1999-01-15,4,00-0037330,4361419,34212,LukeJe00,81361,8322
2026,1,SEA,D'Anthony Bell,DB,ACT,1996-10-17,4,00-0037332,4608386,34475,BellDA03,111578,8795
2026,1,PIT,Brock Hoffman,OL,ACT,1999-07-02,4,00-0037336,,,,,
2026,1,NO,Zaire Mitchell-Paden,TE,ACT,1999-08-20,4,00-0037340,4876006,34489,MitcZa00,145197,8799
2026,1,NYG,Tanner Conner,TE,ACT,1998-03-20,4,00-0037348,4047422,34513,ConnTa00,22777,8849
2026,1,KC,Kader Kohou,DB,ACT,1998-11-28,4,00-0037353,4291489,34529,KohoKa00,156070,8857
2026,1,GB,Arron Mosby,DL,ACT,1999-04-13,4,00-0037364,4242996,,MosbAr00,55908,8569
2026,1,NE,Sebastian Gutierrez,OL,ACT,1998-07-06,4,00-0037381,,,,,
2026,1,LV,Brandon Johnson,WR,ACT,1998-07-26,4,00-0037382,4035198,34571,JohnBr23,40666,8756
2026,1,DEN,Ja'Quan McMillian,DB,ACT,2000-06-04,4,00-0037384,4567462,34574,McMiJa00,100931,8752
2026,1,DET,Michael Niese,OL,ACT,1998-01-13,4,00-0037385,,,,,
2026,1,BUF,Jalen Virgil,WR,ACT,1998-07-13,4,00-0037387,4036448,34579,VirgJa00,41991,8416
2026,1,CHI,Dallis Flowers,DB,ACT,1997-06-04,4,00-0037395,4917592,34503,FlowDa00,156091,8833
2026,1,MIN,Ryan Van Demark,OL,ACT,1998-03-22,4,00-0037404,,,,,
2026,1,PIT,Cal Adomitis,LS,ACT,1998-07-09,4,00-0037412,,,,,
2026,1,NE,Ben Brown,OL,ACT,1998-05-19,4,00-0037413,,,,,
2026,1,DET,Devin Cochran,OL,ACT,1998-07-17,4,00-0037414,,,,,
2026,1,CIN,Kendric Pryor,WR,ACT,1998-01-06,4,00-0037422,4035776,34476,PryoKe00,40408,8783
2026,1,BUF,Alec Anderson,OL,ACT,1999-10-03,4,00-0037428,,,,,
2026,1,NYJ,Kingsley Jonathan,DL,ACT,1998-04-28,4,00-0037431,4240405,,JonaKi00,56856,8776
2026,1,LA,Tomon Fox,LB,ACT,1998-03-16,4,00-0037447,4037520,,FoxxTo00,42486,8854
2026,1,HOU,Jake Hansen,LB,ACT,1998-06-19,4,00-0037457,4033812,34598,HansJa01,43645,8349
2026,1,LV,Tristin McCollum,DB,ACT,1999-05-03,4,00-0037461,4250393,,McCoTr00,66771,8542
2026,1,NYG,Raheem Layne,DB,ACT,1999-07-02,4,00-0037468,4258237,,LaynRa00,55960,8578
2026,1,PHI,Stone Smartt,TE,ACT,1998-10-04,4,00-0037475,4250764,34637,SmarSt00,60492,8583
2026,1,PIT,Dylan Cook,OL,ACT,1998-01-11,4,00-0037480,,,,,
2026,1,NE,Mike Brown,DB,ACT,1999-04-07,4,00-0037493,4244310,34232,BrowMi02,56054,8532
2026,1,NO,Ryan Wright,P,ACT,2000-06-01,4,00-0037500,4361823,,WrigRy00,77591,8528
2026,1,SF,Sincere McCormick,RB,ACT,2000-09-10,4,00-0037509,4430104,34551,McCoSi00,97119,8220
2026,1,LV,Isaiah Pola-Mao,DB,ACT,1999-06-30,4,00-0037512,4259632,34556,PolaIs00,60781,8838
2026,1,WAS,Qwuantrezz Knight,DB,ACT,1997-10-10,4,00-0037522,,,,,
2026,1,MIN,Jordan Mason,RB,ACT,1999-05-24,4,00-0037525,4360569,34320,MasoJo00,62946,8408
2026,1,NYJ,Marcelino McCrary-Ball,LB,ACT,1999-03-23,4,00-0037526,4045299,,McCrMa01,51112,8618
2026,1,LV,Segun Olubi,LB,ACT,1999-11-01,4,00-0037527,4260703,34322,OlubSe00,128312,8620
2026,1,DEN,Lucas Krull,TE,ACT,1998-07-11,4,00-0037539,4360231,34654,KrulLu00,83962,8249
2026,1,CHI,Nephi Sewell,LB,ACT,1998-12-19,4,00-0037544,4241611,34716,SeweNe00,56107,8328
2026,1,SEA,Rashid Shaheed,WR,ACT,1998-08-31,4,00-0037545,4032473,34659,ShahRa00,63707,8676
2026,1,GB,Daniel Whelan,P,ACT,1999-02-10,4,00-0037547,4248789,,WhelDa00,57639,8674
2026,1,MIA,Darrell Baker Jr.,DB,ACT,1998-03-27,4,00-0037549,4036660,34302,BakeDa02,43542,8666
2026,1,LA,Ronnie Rivers,RB,ACT,1999-01-31,4,00-0037557,4243003,34310,RiveRo01,57208,8195
2026,1,DAL,Markquese Bell,DB,ACT,1999-01-06,4,00-0037561,4241921,,BellMa01,56033,8399
2026,1,DAL,Malik Davis,RB,ACT,1998-11-26,4,00-0037563,4240603,34610,DaviMa02,57196,8800
2026,1,TB,Dennis Houston,WR,ACT,1999-04-24,4,00-0037570,4572786,34592,HousDe01,61295,8801
2026,1,IND,Juanyeh Thomas,DB,ACT,2000-06-24,4,00-0037578,4360590,34595,ThomJu03,76655,8397
2026,1,TEN,Timmy Horne,DL,ACT,1997-10-25,4,00-0037585,4045701,,HornTi00,43918,8654
2026,1,LA,Nate Landman,LB,ACT,1998-11-19,4,00-0037587,4243181,34291,LandNa01,57788,8659
2026,1,CLE,Tre Avery,DB,ACT,1997-02-26,4,00-0037593,4259300,34449,AverTr01,56146,8925
2026,1,TEN,Julius Chestnut,RB,ACT,2000-10-26,4,00-0037594,4367567,34451,ChesJu00,109239,8254
2026,1,AZ,Jack Gibbens,LB,ACT,1998-11-24,4,00-0037596,4249739,34454,GibbJa00,57662,8680
2026,1,NYJ,Xavier Newman-Johnson,OL,ACT,1999-08-04,4,00-0037601,,,,,
2026,1,SF,Sam Okuayinonu,DL,ACT,1998-05-01,4,00-0037602,4569497,,OkuaSa00,101425,8540
2026,1,NE,Andrew Rupcich,OL,ACT,1999-04-01,4,00-0037605,,,,,
2026,1,NYG,Kayvon Thibodeaux,LB,ACT,2000-12-15,4,00-0037611,4426326,33960,ThibKa00,98444,8355
2026,1,NYG,Evan Neal,OL,ACT,2000-09-19,4,00-0037612,,,,,
2026,1,CAR,John Metchie III,WR,ACT,2000-07-18,4,00-0037614,4567096,33999,MetcJo00,97400,8147
2026,1,LV,Nakobe Dean,LB,ACT,2000-12-13,4,00-0037615,4426340,34039,DeanNa00,99018,8267
2026,1,WAS,Nick Cross,DB,ACT,2001-09-10,4,00-0037616,4426403,34052,CrosNi00,97514,8392
2026,1,SF,Zach Thomas,OL,ACT,1998-05-26,4,00-0037618,,,,,
2026,1,ATL,Andrew Stueber,OL,ACT,1999-07-01,4,00-0037620,,,,,
2026,1,HOU,Jacob Hummel,LB,ACT,1999-01-04,4,00-0037633,4241250,34342,HummJa00,57879,8733
2026,1,CLE,Benton Whitley,LB,ACT,1999-02-12,4,00-0037638,4247722,34332,WhitBe00,54444,8746
2026,1,HOU,Ja'Marcus Ingram,DB,ACT,1997-08-04,4,00-0037661,4240059,,IngrJa00,55738,8901
2026,1,TEN,Jermaine Johnson II,LB,ACT,1999-01-08,4,00-0037663,4567962,33981,JohnJe07,99015,8398
2026,1,IND,Alec Pierce,WR,ACT,2000-05-02,4,00-0037664,4360078,34008,PierAl00,78038,8142
2026,1,DAL,Sam Williams,DL,ACT,1999-03-31,4,00-0037665,4567242,34011,WillSa00,99106,8368
2026,1,MIA,Jalen Tolbert,WR,ACT,1999-02-27,4,00-0037666,4249417,34044,TolbJa00,61637,8117
2026,1,DET,Kerby Joseph,DB,ACT,2000-11-14,4,00-0037667,4360383,34053,JoseKe03,83239,8348
2026,1,MIA,Tucker Addington,LS,ACT,1997-07-16,5,00-0037686,,,,,
2026,1,DAL,Brandon Aubrey,K,ACT,1995-03-14,4,00-0037692,3953687,40819,AubrBr00,156112,11533
2026,1,CHI,Maurice Alexander,WR,ACT,1997-01-10,6,00-0037708,3914307,34712,AlexMa02,33465,8921
2026,1,NE,Jeremiah Pharms Jr.,DL,ACT,1996-10-16,6,00-0037711,5081728,,PharJe00,156117,8914
2026,1,NYJ,Garrett Wilson,WR,ACT,2000-07-22,4,00-0037740,4569618,33965,WilsGa00,97405,8146
2026,1,ATL,Jahan Dotson,WR,ACT,2000-03-22,4,00-0037741,4361409,33971,DotsJa00,84375,8119
2026,1,WAS,Treylon Burks,WR,ACT,2000-03-23,4,00-0037742,4567156,33973,BurkTr00,99218,8135
2026,1,CIN,Daxton Hill,DB,ACT,2000-09-29,4,00-0037743,4426422,33986,HillDa04,97519,8286
2026,1,AZ,Trey McBride,TE,ACT,1999-11-22,4,00-0037744,4361307,34010,McBrTr01,75916,8130
2026,1,SEA,Velus Jones Jr.,RB,ACT,1997-05-11,4,00-0037745,4035693,34027,JoneVe00,40573,8223
2026,1,ATL,Brian Robinson,RB,ACT,1999-03-22,4,00-0037746,4241474,34054,RobiBr01,57120,8154
2026,1,NYJ,Marquis Hayes,OL,ACT,1999-02-14,4,00-0037748,,,,,
2026,1,DEN,Tycen Anderson,DB,ACT,1999-06-13,4,00-0037752,4257240,34122,AndeTy00,55351,8377
2026,1,IND,Cam Taylor-Britt,DB,ACT,1999-10-15,4,00-0037753,4361196,34016,TaylCa01,83326,8341
2026,1,NYJ,Jelani Woods,TE,ACT,1998-10-09,4,00-0037755,4241410,34029,WoodJe01,60509,8219
2026,1,BAL,Travis Jones,DL,ACT,1999-10-15,4,00-0037756,4362139,34032,JoneTr00,76914,8400
2026,1,IND,Bernhard Raimann,OL,ACT,1997-09-23,4,00-0037757,,,,,
2026,1,TEN,Cordale Flott,DB,ACT,2001-08-24,4,00-0037758,4429607,34037,FlotCo00,98834,8310
2026,1,DEN,Dondrea Tillman,LB,ACT,1998-04-30,6,00-0037799,5216101,,TillDo00,156124,12427
2026,1,DAL,KaVontae Turpin,WR,ACT,1996-08-02,7,00-0037801,3676833,34709,TurpKa00,47658,8917
2026,1,AZ,Zachary Carter,DL,ACT,1999-04-07,4,00-0037804,4240619,34051,CartZa00,56349,8295
2026,1,NYJ,Jeremy Ruckert,TE,ACT,2000-08-11,4,00-0037805,4361372,34057,RuckJe00,84029,8145
2026,1,NYG,Joshua Ezeudu,OL,ACT,1999-09-19,4,00-0037807,,,,,
2026,1,ATL,DeAngelo Malone,LB,ACT,1999-07-12,4,00-0037808,4243457,34038,MaloDe00,56941,8372
2026,1,WAS,Chig Okonkwo,TE,ACT,1999-09-08,4,00-0037809,4360635,34099,OkonCh00,84000,8210
2026,1,ATL,Troy Andersen,LB,ACT,1999-04-23,4,00-0037810,4247807,34015,AndeTr00,57317,8388
2026,1,NE,Chad Muma,LB,ACT,1999-08-18,4,00-0037811,4361707,34026,MumaCh00,75818,8371
2026,1,SEA,Abraham Lucas,OL,ACT,1998-10-15,4,00-0037812,,,,,
2026,1,ATL,Channing Tindall,LB,ACT,2000-03-28,4,00-0037813,4379414,34058,TindCh00,82548,8272
2026,1,CAR,Luke Fortner,OL,ACT,1998-05-15,4,00-0037814,,,,,
2026,1,ATL,Cameron Thomas,DL,ACT,2000-07-01,4,00-0037815,4361510,34043,ThomCa03,82387,8383
2026,1,NE,Romeo Doubs,WR,ACT,2000-04-13,4,00-0037816,4361432,34088,DoubRo00,84329,8121
2026,1,GB,Zach Tom,OL,ACT,1999-03-26,4,00-0037817,,,,,
2026,1,CLE,Zion Johnson,OL,ACT,1999-11-18,4,00-0037818,,,,,
2026,1,WAS,Leo Chenal,LB,ACT,2000-10-26,4,00-0037819,4426901,34059,ChenLe00,101463,8362
2026,1,SEA,Charles Cross,OL,ACT,2000-11-25,4,00-0037821,,,,,
2026,1,ATL,Christian Harris,LB,ACT,2001-01-16,4,00-0037823,4567099,34031,HarrCh06,98996,8278
2026,1,LV,Tyler Linderbaum,OL,ACT,2000-04-07,4,00-0037825,,,,,
2026,1,WAS,Drake Jackson,DL,ACT,2001-04-12,4,00-0037826,4569511,34017,JackDr01,70839,8351
2026,1,PHI,Danny Gray,WR,ACT,1999-04-01,4,00-0037828,4689546,34061,GrayDa02,121926,8176
2026,1,LV,Spencer Burford,OL,ACT,2000-07-19,4,00-0037829,,,,,
2026,1,NYJ,Samuel Womack,DB,ACT,1999-07-07,4,00-0037830,4280416,34128,WomaSa00,65771,8478
2026,1,SF,Nick Zakelj,OL,ACT,1999-06-22,4,00-0037831,,,,,
2026,1,CLE,Kalia Davis,DL,ACT,1998-10-02,4,00-0037832,4243541,34176,DaviKa01,55389,8375
2026,1,PHI,Tariq Castro-Fields,DB,ACT,1999-01-14,4,00-0037833,4259590,34177,CastTa00,55689,8321
2026,1,SF,Brock Purdy,QB,ACT,1999-12-27,4,00-0037834,4361741,34218,PurdBr00,77672,8183
2026,1,TB,Luke Goedeke,OL,ACT,1998-11-21,4,00-0037835,,,,,
2026,1,NYG,Calvin Austin III,WR,ACT,1999-03-24,4,00-0037837,4243389,34094,AustCa00,61418,8125
2026,1,NYG,Isaiah Likely,TE,ACT,2000-04-18,4,00-0037838,4361050,34095,LikeIs00,83955,8131
2026,1,DAL,Cobie Durant,DB,ACT,1998-02-09,4,00-0037839,4384549,,DuraDe01,79126,8381
2026,1,LA,Kyren Williams,RB,ACT,2000-08-26,4,00-0037840,4430737,34120,WillKy02,97118,8150
2026,1,LA,Quentin Lake,DB,ACT,1999-01-29,4,00-0037841,4249128,34167,LakeQu00,56245,8330
2026,1,DAL,Derion Kendrick,DB,ACT,2000-08-24,4,00-0037842,4360307,34168,KendDe00,78022,8271
2026,1,CHI,Daniel Hardy,DL,ACT,1998-12-15,4,00-0037843,4365629,34191,HardDa01,91336,8520
2026,1,CIN,Russ Yeast,DB,ACT,1999-05-08,4,00-0037844,4240071,34209,YeasRu00,55629,8510
2026,1,LA,A.J. Arcuri,OL,ACT,1997-08-13,4,00-0037845,,,,,
2026,1,TB,Damarion Williams,DB,ACT,1998-07-15,4,00-0037984,4567480,34097,WillDa15,100904,8361
2026,1,BAL,Kyle Hamilton,DB,ACT,2001-03-16,4,00-0038038,4575517,33969,HamiKy00,102684,8339
2026,1,SF,Jack Jones,DB,ACT,1997-12-20,4,00-0038039,4035686,34077,JoneJa10,29050,8261
2026,1,DAL,Jake Ferguson,TE,ACT,1999-01-18,4,00-0038041,4242355,34085,FergJa00,61081,8110
2026,1,TEN,Joshua Williams,DB,ACT,1999-10-17,4,00-0038043,4917635,34091,WillJo03,156083,8470
2026,1,LAC,Charlie Kolar,TE,ACT,1999-02-10,4,00-0038046,4241263,34084,KolaCh00,60917,8127
2026,1,GB,Skyy Moore,WR,ACT,2000-09-10,4,00-0038090,4430191,34009,MoorSk01,97116,8168
2026,1,NYG,Jordan Stout,P,ACT,1998-08-04,4,00-0038094,4260224,,StouJo00,57649,8467
2026,1,TEN,Cordell Volson,OL,ACT,1998-07-20,4,00-0038095,,,,,
2026,1,NYJ,Cade York,K,ACT,2001-01-27,4,00-0038097,4428963,34080,YorkCa00,98975,8258
2026,1,GB,Pierre Strong,RB,ACT,1998-12-10,4,00-0038098,4249836,34083,StroPi00,66619,8116
2026,1,BUF,Phidarian Mathis,DL,ACT,1998-04-26,4,00-0038099,4241468,34002,MathPh00,56504,8273
2026,1,WAS,Percy Butler,DB,ACT,2000-05-29,4,00-0038100,4363097,34069,ButlPe00,83271,8394
2026,1,CAR,Akayleb Evans,DB,ACT,1999-06-22,4,00-0038101,4244607,34074,EvanAk00,65033,8389
2026,1,CAR,Kenny Pickett,QB,ACT,1998-06-06,4,00-0038102,4240703,33975,PickKe00,60515,8160
2026,1,LAC,Cole Strange,OL,ACT,1998-07-31,4,00-0038103,,,,,
2026,1,KC,Tyquan Thornton,WR,ACT,2000-08-07,4,00-0038104,4362921,34005,ThorTy00,78092,8188
2026,1,DEN,Eyioma Uwazurike,DL,ACT,1998-05-06,4,00-0038106,4066109,34072,UwazEy00,45414,8347
2026,1,IND,Micheal Clemons,DL,ACT,1997-08-21,4,00-0038107,4240896,34073,ClemMi03,56872,8316
2026,1,NYJ,Bailey Zappe,QB,ACT,1999-04-26,4,00-0038108,4250360,34093,ZappBa00,60396,8157
2026,1,CHI,Kyler Gordon,DB,ACT,1999-12-17,4,00-0038111,4361093,33994,GordKy00,83451,8365
2026,1,PHI,Cam Jurgens,OL,ACT,1999-08-21,4,00-0038112,,,,,
2026,1,NYJ,Max Mitchell,OL,ACT,1999-10-12,4,00-0038114,,,,,
2026,1,TEN,Daniel Bellinger,TE,ACT,2000-09-22,4,00-0038115,4361516,34068,BellDa00,84041,8225
2026,1,PHI,Arnold Ebiketie,LB,ACT,1999-01-23,4,00-0038116,4257591,33993,EbikAr00,56862,8325
2026,1,TEN,Wan'Dale Robinson,WR,ACT,2001-01-05,4,00-0038117,4569587,33998,RobiWa01,101735,8126
2026,1,NYG,Daniel Faalele,OL,ACT,1999-11-09,4,00-0038118,,,,,
2026,1,NYJ,Breece Hall,RB,ACT,2001-05-31,4,00-0038120,4427366,33991,HallBr03,97636,8155
2026,1,TEN,Alontae Taylor,DB,ACT,1998-12-03,4,00-0038121,4369835,34004,TaylAl01,83469,8333
2026,1,NYJ,Dane Belton,DB,ACT,2000-12-07,4,00-0038123,4426686,34070,BeltDa00,101398,8395
2026,1,GB,Christian Watson,WR,ACT,1999-05-12,4,00-0038124,4248528,33989,WatsCh00,66581,8167
2026,1,DET,Roger McCreary,DB,ACT,2000-02-10,4,00-0038125,4371973,33990,McCrRo01,83176,8303
2026,1,HOU,Logan Hall,DL,ACT,2000-04-22,4,00-0038127,4360189,33988,HallLo00,76919,8360
2026,1,MIA,Malik Willis,QB,ACT,1999-05-25,4,00-0038128,4242512,34042,WillMa12,60341,8161
2026,1,TB,Cade Otton,TE,ACT,1999-04-15,4,00-0038129,4243331,34062,OttoCa00,61071,8111
2026,1,HOU,Ed Ingram,OL,ACT,1999-02-11,4,00-0038131,,,,,
2026,1,CIN,Boye Mafe,LB,ACT,1998-11-30,4,00-0038133,4240754,33995,MafeBo00,55220,8343
2026,1,KC,Kenneth Walker III,RB,ACT,2000-10-20,4,00-0038134,4567048,33996,WalkKe00,97199,8151
2026,1,PIT,Jaquan Brisker,DB,ACT,1999-04-20,4,00-0038135,4570044,34003,BrisJa01,101665,8323
2026,1,CHI,Coby Bryant,DB,ACT,1999-03-29,4,00-0038136,4239094,34065,BryaCo01,55088,8293
2026,1,MIA,David Ojabo,LB,ACT,2000-05-17,4,00-0038142,4426507,34000,OjabDa00,101420,8287
2026,1,DAL,Adedayo Odeleye,DL,E14,1997-10-17,4,00-0038144,,,,,
2026,1,GB,Lucas Havrisik,K,ACT,1999-09-29,4,00-0038152,4245661,34720,HavrLu00,57498,8932
2026,1,NYJ,Kohl Levao,OL,ACT,1998-02-21,4,00-0038194,,,,,
2026,1,NYJ,Liam Fornadel,OL,ACT,1999-06-17,4,00-0038223,,,,,
2026,1,NO,Barry Wesley,OL,ACT,1999-07-14,4,00-0038304,,,,,
2026,1,DAL,Josh Butler,DB,ACT,1996-11-25,3,00-0038348,3929814,,ButlJo00,35097,11535
2026,1,LA,Xavier Smith,WR,ACT,1997-09-21,3,00-0038359,4386544,40399,SmitXa00,102585,11168
2026,1,LV,Alex Ward,LS,ACT,1999-04-21,3,00-0038360,,,,,
2026,1,LA,Tanner Ingle,DB,ACT,1999-10-29,3,00-0038366,4361651,,InglTa00,76667,
2026,1,WAS,Malaesala Aumavae-Laulu,OL,ACT,1999-05-25,3,00-0038382,,,,,
2026,1,BAL,Andrew Vorhees,OL,ACT,1999-01-21,3,00-0038383,,,,,
2026,1,PHI,Jalen Carter,DL,ACT,2001-04-04,3,00-0038386,4685759,40035,CartJa05,124019,10888
2026,1,IND,Colby Wooden,DL,ACT,2000-12-21,3,00-0038387,4567224,40132,WoodCo01,98312,10952
2026,1,WAS,Darius Rush,DB,ACT,2000-02-22,3,00-0038388,4362858,40170,RushDa00,84416,10990
2026,1,DAL,Israel Abanikanda,RB,ACT,2002-10-05,3,00-0038389,4429202,40165,AbanIs00,122999,9227
2026,1,CHI,Noah Sewell,LB,ACT,2002-04-26,3,00-0038390,4430822,40172,SeweNo00,131722,10984
2026,1,CIN,Sean Clifford,QB,ACT,1998-07-14,3,00-0038391,4259592,40173,ClifSe00,51708,10983
2026,1,IND,Daniel Scott,DB,ACT,1998-10-26,3,00-0038392,4242415,40205,ScotDa03,60640,10975
2026,1,PHI,Dontayvion Wicks,WR,ACT,2001-06-16,3,00-0038393,4428850,40201,WickDo00,99711,9486
2026,1,IND,Will Mallory,TE,ACT,1999-06-22,3,00-0038394,4362523,40180,MallWi00,77888,10220
2026,1,CHI,Terell Smith,DB,ACT,1999-07-27,3,00-0038395,4360935,40175,SmitTe05,83302,10972
2026,1,NYG,Eric Gray,RB,ACT,1999-11-04,3,00-0038396,4570561,40198,GrayEr01,99143,10223
2026,1,HOU,Evan Hull,RB,ACT,2000-10-26,3,00-0038397,4569609,40169,HullEv00,97302,9220
2026,1,GB,Karl Brooks,DL,ACT,2000-05-08,3,00-0038398,4373423,40238,BrooKa00,76941,11009
2026,1,NYG,Zaire Barnes,LB,ACT,1999-09-03,3,00-0038399,4362234,40233,BarnZa00,76766,11000
2026,1,PHI,Tanner McKee,QB,ACT,2000-04-27,3,00-0038400,4685201,40220,McKeTa01,131770,9230
2026,1,NYG,Jarrick Bernard-Converse,DB,ACT,2000-04-29,3,00-0038401,4361834,40236,BernJa01,77841,11001
2026,1,WAS,Tre Hawkins III,DB,ACT,2000-08-01,3,00-0038403,4686553,40228,HawkTr00,145387,10993
2026,1,IND,Jaylon Jones,DB,ACT,2002-04-03,3,00-0038407,4685145,40258,JoneJa13,124328,11052
2026,1,GB,Carrington Valentine,DB,ACT,2001-09-09,3,00-0038408,4430965,40274,ValeCa00,53750,11042
2026,1,PIT,Lew Nichols III,RB,ACT,2001-08-16,3,00-0038409,4428119,40260,NichLe00,97187,9510
2026,1,CHI,Anthony Johnson Jr.,DB,ACT,1999-12-02,3,00-0038411,4361748,40282,JohnAn08,76736,11036
2026,1,PHI,Moro Ojomo,DL,ACT,2001-08-15,3,00-0038412,4362116,40246,OjomMo00,76927,11030
2026,1,CHI,Gervarrius Owens,DB,ACT,1999-10-14,3,00-0038413,4567482,,OwenGe00,55987,11026
2026,1,LAC,Kendall Williamson,DB,ACT,2000-08-24,3,00-0038414,4360745,40248,WillKe07,83090,11022
2026,1,CHI,Tyson Bagent,QB,ACT,2000-06-08,3,00-0038416,4434153,40504,BageTy00,169628,11256
2026,1,NE,Lorenz Metz,OL,E14,1999-03-07,3,00-0038426,,,,,
2026,1,CLE,Andre Szmyt,K,ACT,1998-09-26,3,00-0038428,4258620,40496,SzmyAn00,57624,11261
2026,1,CIN,Liam Anderson,LB,ACT,2000-04-30,3,00-0038429,,,,,
2026,1,MIN,Zavier Scott,RB,ACT,1999-07-17,3,00-0038440,4257364,,ScotZa00,55123,11299
2026,1,LAC,Keaton Mitchell,RB,ACT,2002-01-17,3,00-0038454,4596334,40641,MitcKe01,123826,9511
2026,1,GB,Brenton Cox Jr.,DL,ACT,2000-01-30,3,00-0038463,4361776,40439,CoxxBr02,81957,11193
2026,1,NE,Tommy DeVito,QB,ACT,1998-08-07,3,00-0038476,4240391,40533,DeViTo00,60545,11292
2026,1,SEA,Brady Russell,RB,ACT,1998-08-31,3,00-0038488,4243176,40519,RussBr00,60876,11280
2026,1,BUF,Ben VanSumeren,RB,ACT,2000-05-05,3,00-0038489,4372070,40518,VanSBe00,82523,11273
2026,1,KC,Jason Brownlee,WR,ACT,1999-01-30,3,00-0038492,4689988,40545,BrowJa07,121451,11311
2026,1,CAR,Claudin Cherelus,LB,ACT,1999-02-09,3,00-0038493,4256224,40547,CherCl00,52094,11305
2026,1,NYG,Xavier Gipson,WR,ACT,2001-03-08,3,00-0038496,4427278,40548,GipsXa00,104136,11306
2026,1,PHI,E.J. Jenkins,TE,ACT,1998-11-03,3,00-0038498,4248557,,JenkEJ00,109834,11304
2026,1,BAL,Trenton Simpson,LB,ACT,2001-06-14,3,00-0038504,4430831,40116,SimpTr00,122157,10935
2026,1,BAL,Tavius Robinson,LB,ACT,1999-01-03,3,00-0038505,4690179,40135,RobiTa00,124147,10944
2026,1,GB,Jordon Riley,DL,ACT,1998-05-19,3,00-0038506,4240677,40269,RileJo00,56759,11035
2026,1,JAX,Jerome Carvin,OL,ACT,2000-09-20,3,00-0038509,,,,,
2026,1,NYG,Cam Jones,LB,ACT,1999-10-21,3,00-0038513,4371959,40557,JoneCa04,81244,11315
2026,1,TEN,Truman Jones,LB,ACT,2000-05-13,3,00-0038514,4367828,,JoneTr01,106527,11319
2026,1,KC,Nikko Remigio,WR,ACT,1999-11-04,3,00-0038519,4372716,40571,RemiNi00,84150,11320
2026,1,DEN,Reese Taylor,DB,ACT,1999-08-27,3,00-0038521,4371946,,TaylRe01,82132,
2026,1,MIN,Kahlef Hailassie,DB,ACT,2000-11-09,3,00-0038523,4373814,40756,HailKa00,83072,11489
2026,1,WAS,DJ Johnson,LB,ACT,1998-10-29,3,00-0038535,4240623,,JohnDJ00,56704,10938
2026,1,CAR,Chandler Zavala,OL,ACT,1999-04-02,3,00-0038536,,,,,
2026,1,AZ,Paris Johnson Jr.,OL,ACT,2001-07-03,3,00-0038540,,,,,
2026,1,NO,Tyree Wilson,DL,ACT,2000-05-20,3,00-0038541,4372533,40043,WilsTy01,82432,10889
2026,1,ATL,Bijan Robinson,RB,ACT,2002-01-30,3,00-0038542,4430807,40055,RobiBi01,123126,9509
2026,1,SEA,Jaxon Smith-Njigba,WR,ACT,2002-02-14,3,00-0038543,4430878,40041,SmitJa06,129758,9488
2026,1,LAC,Quentin Johnston,WR,ACT,2001-09-06,3,00-0038544,4429025,40051,JohnQu02,123085,9754
2026,1,NYJ,Mazi Smith,DL,ACT,2001-06-16,3,00-0038545,4426347,40044,SmitMa06,101419,10877
2026,1,CIN,Myles Murphy,DL,ACT,2002-01-03,3,00-0038546,4428985,40057,MurpMy00,122154,10875
2026,1,DAL,Luke Schoonmaker,TE,ACT,1998-09-28,3,00-0038547,4372096,40061,SchoLu00,84005,10871
2026,1,BUF,O'Cyrus Torrence,OL,ACT,2000-01-20,3,00-0038548,,,,,
2026,1,CIN,DJ Turner II,DB,ACT,2000-11-09,3,00-0038549,4572036,40076,TurnDJ01,101376,10894
2026,1,TEN,Hendon Hooker,QB,ACT,1998-01-13,3,00-0038550,4240858,40096,HookHe00,60593,9998
2026,1,NO,Kendre Miller,RB,ACT,2002-06-11,3,00-0038551,4599739,40108,MillKe01,123091,9757
2026,1,DEN,Riley Moss,DB,ACT,2000-03-03,3,00-0038552,4382401,40112,MossRi00,83259,10930
2026,1,LAC,Daiyan Henley,LB,ACT,1999-11-18,3,00-0038553,4241597,40113,HenlDa00,61500,10914
2026,1,SF,Ji'Ayir Brown,DB,ACT,2000-01-25,3,00-0038554,4693644,40106,BrowJi01,129767,10936
2026,1,PHI,Tank Bigsby,RB,ACT,2002-08-30,3,00-0038555,4429013,40095,BigsTa00,123974,9225
2026,1,DAL,DeMarvion Overshown,LB,ACT,2000-08-13,3,00-0038556,4362088,40099,OverDe00,76729,10933
2026,1,BUF,Dorian Williams,LB,ACT,2001-06-28,3,00-0038557,4568624,40098,WillDo04,97694,10923
2026,1,PIT,Darnell Washington,TE,ACT,2001-08-17,3,00-0038558,4430802,40094,WashDa03,124044,9479
2026,1,AZ,Michael Wilson,WR,ACT,2000-02-23,3,00-0038559,4360761,40121,WilsMi02,84423,10232
2026,1,CIN,Jordan Battle,DB,ACT,2000-12-14,3,00-0038560,4567098,40117,BattJo00,98857,10927
2026,1,WAS,Jake Moody,K,ACT,1999-11-23,3,00-0038562,4372066,40129,MoodJa00,82603,10937
2026,1,LV,Tre Tucker,WR,ACT,2001-03-08,3,00-0038563,4428718,40114,TuckTr00,101106,10213
2026,1,PHI,Cameron Latu,TE,ACT,2000-02-24,3,00-0038564,4372026,40101,LatuCa01,82647,10210
2026,1,IND,Mekhi Blackmon,DB,ACT,1999-03-18,3,00-0038565,4360677,40103,BlacMe00,83036,10918
2026,1,NO,Nick Saldiveri,OL,RES,2000-08-14,3,00-0038566,,,,,
2026,1,AZ,Chad Ryland,K,ACT,1999-10-15,3,00-0038567,4363538,40159,RylaCh00,77083,10955
2026,1,ATL,Clark Phillips III,DB,ACT,2001-12-19,3,00-0038568,4429067,40146,PhilCl00,131871,10954
2026,1,JAX,Ventrell Miller,LB,ACT,1999-01-15,3,00-0038570,4240610,40155,MillVe00,57809,10947
2026,1,AZ,Jon Gaines II,OL,ACT,1999-05-24,3,00-0038571,,,,,
2026,1,LAC,Derius Davis,WR,ACT,2000-09-11,3,00-0038573,4362477,40133,DaviDe02,78196,10234
2026,1,CLE,Isaiah McGuire,DL,ACT,2001-07-27,3,00-0038574,4427963,40150,McGuIs00,98948,10943
2026,1,CIN,Charlie Jones,WR,ACT,1998-10-29,3,00-0038576,4257188,40158,JoneCh11,55038,10228
2026,1,PIT,Nick Herbig,LB,ACT,2001-11-21,3,00-0038577,4429164,40139,HerbNi00,129920,10940
2026,1,MIN,Jay Ward,DB,ACT,2000-07-13,3,00-0038578,4568007,40147,WardJa00,98833,10939
2026,1,LV,Aidan O'Connell,QB,ACT,1998-09-01,3,00-0038579,4260394,40138,OConAi00,60516,10866
2026,1,JAX,Yasir Abdullah,LB,ACT,2000-04-12,3,00-0038580,4360807,,AbduYa00,77100,10992
2026,1,PIT,KJ Henry,DL,ACT,1999-01-27,3,00-0038581,4360308,,HenrKJ00,76808,10991
2026,1,IND,Cameron Mitchell,DB,ACT,2001-09-08,3,00-0038585,4569607,40184,MitcCa01,97340,10988
2026,1,LV,Atonio Mafi,OL,ACT,2000-10-20,3,00-0038586,,,,,
2026,1,ATL,Jammie Robinson,DB,ACT,2001-01-24,3,00-0038587,4430411,40176,RobiJa03,98836,10986
2026,1,NO,Jordan Howden,DB,ACT,2000-05-14,3,00-0038588,4360949,40199,HowdJo00,83305,10985
2026,1,GB,Josh Whyle,TE,ACT,1999-09-08,3,00-0038589,4360086,40182,WhylJo01,54037,10212
2026,1,LV,Justin Shorter,WR,RES,2000-04-17,3,00-0038590,4361426,40167,ShorJu00,84376,9489
2026,1,SEA,Mike Morris,DL,ACT,2001-04-22,3,00-0038591,4572055,,MorrMi00,101421,10982
2026,1,DET,Colby Sorsdal,OL,ACT,2000-03-01,3,00-0038592,,,,,
2026,1,SEA,Olu Oluwatimi,OL,ACT,1999-08-05,3,00-0038593,,,,,
2026,1,SF,Darrell Luter Jr.,DB,ACT,2000-04-24,3,00-0038594,4685978,40186,LuteDa00,121428,10978
2026,1,CHI,Jordan McFadden,OL,ACT,1999-11-16,3,00-0038595,,,,,
2026,1,JAX,Antonio Johnson,DB,ACT,2001-10-29,3,00-0038596,4429168,40166,JohnAn07,124326,10974
2026,1,CIN,Chase Brown,RB,ACT,2000-03-21,3,00-0038597,4362238,40196,BrowCh10,77787,9224
2026,1,HOU,Henry To'oTo'o,LB,ACT,2001-01-05,3,00-0038599,4426350,40189,TooTHe00,98982,10970
2026,1,AZ,Owen Pappoe,LB,ACT,2000-09-29,3,00-0038600,4567219,40200,PappOw00,99006,10969
2026,1,NO,Asim Richards,OL,ACT,2000-10-02,3,00-0038601,,,,,
2026,1,MIA,Robert Beal Jr.,DL,ACT,1999-08-18,3,00-0038603,4259558,40181,BealRo00,57840,10966
2026,1,DEN,JL Skinner,DB,ACT,2001-04-16,3,00-0038605,4428503,40230,SkinJL00,101311,11011
2026,1,JAX,Parker Washington,WR,ACT,2002-03-21,3,00-0038606,4432620,40234,WashPa01,129799,9487
2026,1,NE,Kayshon Boutte,WR,ACT,2002-05-07,3,00-0038608,4429022,40224,BoutKa00,124087,9504
2026,1,CLE,Luke Wypler,OL,ACT,2001-05-03,3,00-0038609,,,,,
2026,1,NE,Bryce Baringer,P,ACT,1999-04-26,3,00-0038610,4240545,,BariBr00,60274,11007
2026,1,JAX,Chris Rodriguez Jr.,RB,ACT,1999-09-26,3,00-0038611,4362619,40231,RodrCh00,83689,10219
2026,1,PIT,A.T. Perry,WR,ACT,1999-10-26,3,00-0038612,4362019,40242,PerrAT00,77975,10863
2026,1,TEN,Jerrick Reed II,DB,ACT,2000-08-07,3,00-0038613,4570084,40239,ReedJe00,101322,10997
2026,1,LAC,Scott Matlock,RB,ACT,2000-06-28,3,00-0038614,4373684,40225,MatlSc00,82482,10994
2026,1,HOU,Jarrett Patterson,OL,ACT,1999-09-01,3,00-0038615,,,,,
2026,1,JAX,Christian Braswell,DB,ACT,1999-09-27,3,00-0038616,4257580,40208,BrasCh00,56207,11018
2026,1,HOU,Xavier Hutchinson,WR,ACT,2000-06-01,3,00-0038618,4686422,40232,HutcXa00,122518,10218
2026,1,CIN,Andrei Iosivas,WR,ACT,1999-10-15,3,00-0038619,4368003,40211,IosiAn00,109811,10226
2026,1,TEN,Erick Hallett,DB,ACT,2000-04-24,3,00-0038620,4373320,,HallEr00,76631,11019
2026,1,NE,DeMario Douglas,WR,ACT,2000-12-08,3,00-0038621,4427095,40222,DougDe00,104155,9501
2026,1,AZ,Dante Stills,DL,ACT,1999-12-14,3,00-0038623,4362225,40244,StilDa01,76937,11015
2026,1,DAL,Dee Winters,LB,ACT,2000-10-17,3,00-0038625,4428914,40227,WintDe00,99376,11017
2026,1,ATL,DeMarcco Hellams,DB,ACT,2000-06-05,3,00-0038628,4567111,40278,HellDe00,98863,11050
2026,1,BAL,Jovaughn Gwyn,OL,ACT,1999-03-18,3,00-0038629,,,,,
2026,1,SF,Colton Dowell,WR,ACT,1999-04-19,3,00-0038632,4250945,40263,DoweCo00,63721,11046
2026,1,BUF,Nick Broeker,OL,ACT,2000-10-07,3,00-0038633,,,,,
2026,1,BUF,Andre Jones Jr.,DL,ACT,1998-10-25,3,00-0038635,4249214,40247,JoneAn02,56395,11041
2026,1,SEA,Kenny McIntosh,RB,ACT,2000-03-03,3,00-0038636,4427391,40267,McInKe00,99158,10216
2026,1,AZ,Jalen Brooks,WR,ACT,2000-05-07,3,00-0038640,4692835,40257,BrooJa03,111284,11034
2026,1,CIN,D.J. Ivey,DB,ACT,2000-02-25,3,00-0038642,4362502,40259,IveyDJ00,76670,11032
2026,1,SF,Brayden Willis,TE,ACT,1999-11-11,3,00-0038643,4360290,40261,WillBr06,77917,10224
2026,1,PIT,Spencer Anderson,OL,ACT,2000-06-07,3,00-0038645,,,,,
2026,1,MIA,Alex Austin,DB,ACT,2001-05-22,3,00-0038646,4426599,,AustAl00,97683,11027
2026,1,NO,Ronnie Bell,WR,ACT,2000-01-28,3,00-0038647,4372063,40279,BellRo01,84288,10221
2026,1,SF,Jalen Graham,LB,ACT,2001-01-11,3,00-0038648,4570410,40265,GrahJa02,98165,11025
2026,1,DEN,Alex Forsyth,OL,ACT,1999-02-13,3,00-0038649,,,,,
2026,1,NE,Cory Durden,DL,ACT,1999-01-26,3,00-0038653,4240042,,DurdCo00,56976,11338
2026,1,SF,Adrian Martinez,QB,ACT,2000-01-07,3,00-0038658,4361182,40299,,83522,11065
2026,1,DET,Trevor Nowaske,LB,ACT,1998-11-07,3,00-0038660,5144894,40591,NowaTr00,169859,11348
2026,1,DET,Chris Smith,DL,ACT,1999-12-15,3,00-0038661,4367835,,,106524,11345
2026,1,AZ,Starling Thomas V,DB,ACT,2000-01-25,3,00-0038663,4363408,40593,ThomSt01,83098,11343
2026,1,SF,Jordan Mims,RB,CUT,1999-06-16,3,00-0038678,4243004,40631,MimsJo00,57209,11378
2026,1,BUF,Tyrell Shavers,WR,ACT,1999-08-18,3,00-0038679,4241476,40630,ShavTy00,61107,11377
2026,1,MIA,Ethan Bonner,DB,ACT,1999-10-23,3,00-0038684,4360746,,BonnEt00,83091,11391
2026,1,GB,Chris Brooks,RB,ACT,2000-01-11,3,00-0038685,3149687,40625,BrooCh00,83644,11370
2026,1,SEA,Brandon Pili,DL,ACT,1999-04-02,3,00-0038694,4259651,,PiliBr00,57036,11396
2026,1,NYJ,Keidron Smith,DB,ACT,1999-11-01,3,00-0038696,4372418,,SmitKe05,83310,11395
2026,1,TEN,Kendell Brooks,DB,ACT,2000-03-03,3,00-0038703,4585317,,BrooKe02,144946,11185
2026,1,KC,Emari Demercado,RB,ACT,1999-01-20,3,00-0038705,4362478,40430,DemeEm00,77763,11199
2026,1,CLE,Blake Whiteheart,TE,ACT,2000-03-22,3,00-0038710,4362018,40433,WhitBl01,77881,11201
2026,1,TEN,Mohamoud Diabate,LB,ACT,2001-05-18,3,00-0038711,4567403,40598,DiabMo00,98780,11350
2026,1,CLE,Ronnie Hickman,DB,RES,2001-10-11,3,00-0038715,4569620,40597,HickRo00,97702,11352
2026,1,CHI,Jeremiah Martin,DL,ACT,2000-07-10,3,00-0038716,,,,,
2026,1,KC,Tanner McCalister,DB,ACT,2000-01-27,3,00-0038717,4361824,,McCaTa00,76591,11353
2026,1,NE,Julian Hill,TE,RES,2000-07-09,3,00-0038720,4365395,40629,HillJu02,88685,11371
2026,1,HOU,Ali Gaye,LB,ACT,1997-11-29,3,00-0038724,4243321,,GayeAl01,124095,11062
2026,1,HOU,Jared Wayne,WR,ACT,2000-10-07,3,00-0038728,4430681,40288,WaynJa01,99691,11056
2026,1,JAX,Kilian Zierer,OL,E14,2000-02-24,3,00-0038729,,,,,
2026,1,DAL,TJ Bass,OL,ACT,1999-03-31,3,00-0038731,,,,,
2026,1,DAL,Princeton Fant,TE,ACT,1999-03-11,3,00-0038735,4242442,40778,FantPr00,62982,11508
2026,1,DAL,Isaiah Land,DL,ACT,2000-02-05,3,00-0038737,4574551,40779,LandIs00,102108,11514
2026,1,DAL,Hunter Luepke,RB,ACT,2000-02-28,3,00-0038738,4383396,40780,LuepHu00,91319,11510
2026,1,DAL,Tyrus Wheat,DL,ACT,1999-12-08,3,00-0038742,4689333,,WheaTy02,124191,11512
2026,1,TB,B.T. Potter,K,ACT,2000-02-21,3,00-0038748,,,,,
2026,1,SEA,Jake Bobo,WR,ACT,1998-08-04,3,00-0038752,4360405,40452,BoboJa00,77997,10867
2026,1,SEA,Patrick O'Connell,LB,ACT,1998-12-31,3,00-0038764,4364623,,OConPa01,89300,11230
2026,1,SEA,Ty Okada,DB,ACT,1999-06-04,3,00-0038765,4247808,,OkadTy00,56089,11233
2026,1,SEA,Chris Stoll,LS,ACT,1998-08-03,3,00-0038769,,,,,
2026,1,JAX,Ricky Lee,OL,ACT,1999-11-16,3,00-0038776,,,,,
2026,1,MIN,Jalen Redmond,DL,ACT,1999-03-12,3,00-0038778,4360277,,RedmJa01,76861,11328
2026,1,NO,Rejzohn Wright,DB,ACT,2000-09-04,3,00-0038781,,,,,
2026,1,AZ,Eku Leota,LB,ACT,1999-05-11,3,00-0038782,4361272,40574,LeotEk00,82363,11336
2026,1,DEN,Nate Adkins,TE,ACT,1999-07-09,3,00-0038783,4383440,40702,AdkiNa00,87625,11433
2026,1,MIN,Henry Byrd,OL,ACT,1999-07-01,3,00-0038785,,,,,
2026,1,NYG,Art Green,DB,ACT,2000-04-29,3,00-0038788,4689674,,GreeAr01,123666,11440
2026,1,CAR,Thomas Incoom,LB,ACT,1999-02-01,3,00-0038791,4714157,40698,IncoTh00,145694,11441
2026,1,AZ,Demontrey Jacobs,OL,ACT,1998-11-22,3,00-0038792,,,,,
2026,1,DEN,Jaleel McLaughlin,RB,ACT,2000-09-13,3,00-0038794,4722893,40696,McLaJa00,138346,11439
2026,1,AZ,PJ Mustipher,DL,ACT,1998-11-10,3,00-0038795,4361421,40693,MustPJ00,82505,11436
2026,1,DEN,Alex Palczewski,OL,ACT,1999-08-03,3,00-0038796,,,,,
2026,1,SEA,Emanuel Wilson,RB,ACT,1999-05-08,3,00-0038797,4887558,40707,WilsEm00,154173,11435
2026,1,WAS,Andre Carter II,LB,ACT,2000-03-28,3,00-0038801,4577333,,CartAn01,102780,11084
2026,1,MIN,Ivan Pace Jr.,LB,ACT,2000-12-16,3,00-0038807,4430280,40301,PaceIv00,53587,11086
2026,1,MIA,Ben Sims,TE,ACT,2000-05-16,3,00-0038809,4373030,40335,SimsBe00,77918,11082
2026,1,TB,Evan Deckers,LS,ACT,1999-02-23,3,00-0038817,,,,,
2026,1,TB,Luke Haggard,OL,ACT,2000-01-03,3,00-0038818,,,,,
2026,1,DET,Christian Izien,DB,ACT,2000-06-08,3,00-0038820,4372459,40681,IzieCh00,83360,11427
2026,1,HOU,Kaevon Merriweather,DB,ACT,1999-12-20,3,00-0038823,4360502,40684,MerrKa00,83257,11429
2026,1,NYG,Ryan Miller,WR,ACT,2000-02-20,3,00-0038824,4369466,40676,MillRy01,78734,11421
2026,1,CIN,Mitchell Tinsley,WR,ACT,1999-09-15,3,00-0038839,4690070,40313,TinsMi00,123470,11068
2026,1,CAR,Brycen Tremayne,WR,ACT,1999-11-18,3,00-0038840,4360763,40407,TremBr00,84425,11157
2026,1,DET,Nick Whiteside,DB,ACT,2000-05-01,3,00-0038841,5143915,,WhitNi02,169772,
2026,1,NYG,Caleb Murphy,LB,ACT,1999-12-15,3,00-0038851,4911489,40330,MurpCa00,169634,11098
2026,1,PHI,John Ojukwu,OL,ACT,1999-01-09,3,00-0038852,,,,,
2026,1,NE,Otis Reese,LB,ACT,1998-07-02,3,00-0038853,4379411,40708,ReesOt00,83219,11454
2026,1,SF,Andrew Farmer,LB,ACT,2000-04-19,3,00-0038865,4394894,,FarmAn00,106311,11122
2026,1,SEA,AJ Finley,DB,ACT,2001-09-14,3,00-0038866,4427190,40356,FinlAJ00,98887,11121
2026,1,PIT,D'Shawn Jamison,DB,ACT,1999-06-04,3,00-0038877,4362082,40404,JamiDS00,76791,11173
2026,1,CIN,Shaka Heyward,LB,ACT,2000-04-19,3,00-0038890,4360413,,HeywSh00,77120,11251
2026,1,LV,Shedrick Jackson,WR,ACT,1999-10-20,3,00-0038891,4361332,40491,JackSh01,84136,11257
2026,1,DET,Jacob Saylors,RB,ACT,2000-03-08,3,00-0038896,4383429,,SaylJa00,87559,11237
2026,1,IND,Blake Grupe,K,ACT,1998-11-05,3,00-0038905,4259619,40296,GrupBl00,57502,11058
2026,1,DET,Malik Cunningham,WR,ACT,1998-10-06,3,00-0038911,4240069,40290,CunnMa00,60436,10860
2026,1,SEA,Drake Thomas,LB,ACT,2000-02-25,3,00-0038922,4428659,40730,ThomDr00,97525,11470
2026,1,LV,Dalton Wagner,OL,ACT,1998-10-05,3,00-0038923,,,,,
2026,1,MIA,Carlos Washington,RB,ACT,1998-12-26,3,00-0038930,4248425,40420,WashCa00,63268,11186
2026,1,CHI,Darnell Wright,OL,ACT,2001-08-10,3,00-0038932,,,,,
2026,1,BUF,Dalton Kincaid,TE,ACT,1999-10-18,3,00-0038933,4385690,40048,KincDa00,91791,10236
2026,1,JAX,Anton Harrison,OL,ACT,2002-02-02,3,00-0038934,,,,,
2026,1,JAX,Brenton Strange,TE,ACT,2000-12-27,3,00-0038935,4430539,40078,StraBr00,101694,9480
2026,1,DET,Juice Scruggs,OL,ACT,2000-01-19,3,00-0038936,,,,,
2026,1,NYG,Zacch Pickens,DL,ACT,2000-03-06,3,00-0038937,4426332,40111,PickZa00,98911,10924
2026,1,NYG,Jalin Hyatt,WR,ACT,2001-09-25,3,00-0038938,4692590,40128,HyatJa00,124282,9497
2026,1,DET,Tyler Lacy,DL,ACT,1999-11-10,3,00-0038940,4361861,40161,LacyTy00,76836,10941
2026,1,LA,Tyler Scott,WR,ACT,2001-10-12,3,00-0038941,4565908,40141,ScotTy00,123578,9490
2026,1,TB,Sean Tucker,RB,ACT,2001-10-25,3,00-0038951,4430871,40742,TuckSe00,123056,9506
2026,1,ATL,Dylan Drummond,WR,ACT,2000-01-17,3,00-0038953,4363551,40737,DrumDy00,78187,11474
2026,1,CLE,Markees Watts,LB,RET,1999-12-07,3,00-0038958,4373706,,WattMa00,84537,11432
2026,1,ATL,Natrone Brooks,DB,ACT,1999-12-17,3,00-0038966,4689989,,BrooNa01,121449,11481
2026,1,DEN,Marvin Mims Jr.,WR,ACT,2002-03-19,3,00-0038976,4686472,40090,MimsMa00,122937,9494
2026,1,HOU,Tank Dell,WR,ACT,1999-10-29,3,00-0038977,4366031,40097,DellNa00,78874,9502
2026,1,PHI,Byron Young,DL,ACT,2000-11-10,3,00-0038978,4567123,40125,YounBy00,98923,10925
2026,1,CLE,Cedric Tillman,WR,ACT,2000-04-19,3,00-0038979,4369863,40093,TillCe01,84434,10444
2026,1,ATL,Zach Harrison,DL,ACT,2001-08-14,3,00-0038980,4426412,40115,HarrZa00,98503,10934
2026,1,KC,Wanya Morris,OL,ACT,2000-10-10,3,00-0038981,,,,,
2026,1,KC,Chamarri Conner,DB,ACT,2000-07-11,3,00-0038982,4361964,,ConnCh01,76662,10949
2026,1,AZ,Kei'Trel Clark,DB,ACT,2001-03-19,3,00-0038984,4426923,40229,ClarKe02,104163,11014
2026,1,NYG,Nic Jones,DB,ACT,2001-10-15,3,00-0038986,4427636,,JoneNi00,97327,11029
2026,1,MIN,Jordan Addison,WR,ACT,2002-01-27,3,00-0038994,4429205,40042,AddiJo00,123000,9756
2026,1,NO,Bryan Bresee,DL,ACT,2001-10-06,3,00-0038995,4428988,40045,BresBr00,122142,10874
2026,1,GB,Tucker Kraft,TE,ACT,2000-11-03,3,00-0038996,4572680,40102,KrafTu00,104034,9484
2026,1,IND,Josh Downs,WR,ACT,2001-08-12,3,00-0038997,4688813,40126,DownJo00,122832,9500
2026,1,NYG,Deonte Banks,DB,ACT,2001-04-03,3,00-0039000,42873,40053,BankDe00,101384,10878
2026,1,PHI,Tyler Steen,OL,ACT,2000-06-24,3,00-0039001,,,,,
2026,1,ATL,Sydney Brown,DB,ACT,2000-03-21,3,00-0039002,4360386,40123,BrowSy00,83241,10919
2026,1,DEN,Drew Sanders,LB,ACT,2000-12-31,3,00-0039003,4685721,40109,SandDr00,123933,10929
2026,1,MIA,Carter Warren,OL,ACT,1999-01-19,3,00-0039004,,,,,
2026,1,KC,Felix Anudike-Uzomah,DL,ACT,2002-01-24,3,00-0039006,4612387,40034,AnudFe00,122582,10872
2026,1,AZ,Garrett Williams,DB,ACT,2001-06-01,3,00-0039007,4568506,40127,WillGa00,99723,10932
2026,1,HOU,Dylan Horton,DL,ACT,2000-08-21,3,00-0039009,4374066,40151,HortDy00,81335,10958
2026,1,PHI,Nolan Smith,LB,ACT,2001-01-18,3,00-0039013,4426331,40054,SmitNo02,99014,10873
2026,1,CLE,Dawand Jones,OL,ACT,2001-08-06,3,00-0039014,,,,,
2026,1,DET,Jack Campbell,LB,ACT,2000-08-22,3,00-0039018,4569465,40036,CampJa04,101515,10880
2026,1,NYG,John Michael Schmitz,OL,ACT,1999-04-19,3,00-0039019,,,,,
2026,1,SEA,Anthony Bradford,OL,ACT,2001-04-28,3,00-0039020,,,,,
2026,1,CHI,Roschon Johnson,RB,ACT,2001-01-31,3,00-0039021,4426386,40162,JohnRo07,99467,10235
2026,1,TEN,Joel Wilson,TE,ACT,2000-06-21,3,00-0039023,,,,,
2026,1,HOU,Jake Andrews,OL,ACT,1999-11-11,3,00-0039030,,,,,
2026,1,IND,Adetomiwa Adebawore,DL,ACT,2001-03-04,3,00-0039031,4427635,40143,AdebAd00,97934,10957
2026,1,TEN,Tyjae Spears,RB,ACT,2001-06-15,3,00-0039032,4428557,40119,SpeaTy00,97195,9508
2026,1,TEN,Peter Skoronski,OL,ACT,2001-07-31,3,00-0039034,,,,,
2026,1,MIA,De'Von Achane,RB,ACT,2001-10-13,3,00-0039040,4429160,40118,AchaDe00,124305,9226
2026,1,AZ,Elijah Higgins,TE,ACT,2000-10-27,3,00-0039041,4426844,40226,HiggEl00,98027,10231
2026,1,TEN,Ryan Hayes,OL,ACT,2000-02-28,3,00-0039042,,,,,
2026,1,SEA,Derick Hall,LB,ACT,2001-03-19,3,00-0039047,4567226,40070,HallDe04,98130,10911
2026,1,ATL,Matthew Bergeron,OL,ACT,2000-02-26,3,00-0039048,,,,,
2026,1,TB,SirVocea Dennis,LB,ACT,2000-03-09,3,00-0039049,4429511,40194,DennSi00,99767,10980
2026,1,TB,Payne Durham,TE,ACT,2000-06-15,3,00-0039050,4372505,40193,DurhPa00,84037,10227
2026,1,TB,Josh Hayes,DB,ACT,1999-04-24,3,00-0039051,4248533,,HayeJo01,66798,10999
2026,1,NO,Trey Palmer,WR,ACT,2001-04-02,3,00-0039052,4426407,40223,PalmTr00,99248,9492
2026,1,PHI,Jose Ramirez,LB,ACT,1999-05-09,3,00-0039053,4569068,40215,RamiJo00,56323,10998
2026,1,HOU,Marte Mapu,LB,ACT,1999-11-08,3,00-0039054,4248899,40105,MapuMa00,56159,10926
2026,1,LA,Steve Avila,OL,ACT,1999-10-16,3,00-0039058,,,,,
2026,1,LA,Ethan Evans,P,ACT,2001-07-19,3,00-0039059,5125875,,EvanEt00,112090,11051
2026,1,LA,Desjuan Johnson,DL,ACT,1999-09-02,3,00-0039061,4362294,40270,JohnDe08,76850,11021
2026,1,DAL,Jonathan Mingo,WR,ACT,2001-04-20,3,00-0039062,4426485,40073,MingJo00,97774,10225
2026,1,TB,Calijah Kancey,DL,ACT,2001-03-01,3,00-0039063,4427673,40049,KancCa00,99822,10879
2026,1,BAL,Zay Flowers,WR,ACT,2000-09-11,3,00-0039064,4429615,40039,FlowZa00,97268,9997
2026,1,DET,Sam LaPorta,TE,ACT,2001-01-12,3,00-0039065,4430027,40064,LaPoSa01,101690,10859
2026,1,LV,Michael Mayer,TE,ACT,2001-07-06,3,00-0039066,4429086,40065,MayeMi00,122906,9482
2026,1,KC,Rashee Rice,WR,ACT,2000-04-22,3,00-0039067,4428331,40084,RiceRa01,97605,10229
2026,1,TB,Yaya Diaby,LB,ACT,1999-05-30,3,00-0039068,4686334,40107,DiabYa00,122705,10921
2026,1,CHI,Gervon Dexter Sr.,DL,ACT,2000-10-05,3,00-0039070,4429014,40091,DextGe00,124374,10899
2026,1,CHI,Tyrique Stevenson,DB,ACT,2000-05-26,3,00-0039071,4426374,40071,StevTy01,97562,10897
2026,1,PHI,Jakorian Bennett,DB,ACT,2000-08-23,3,00-0039072,4686911,40148,BennJa00,129496,10963
2026,1,LA,Davis Allen,TE,ACT,2001-02-03,3,00-0039074,4426553,40164,AlleDa02,99697,10214
2026,1,LA,Puka Nacua,WR,ACT,2001-05-29,3,00-0039075,4426515,40168,NacuPu00,100632,9493
2026,1,CAR,Nick Hampton,LB,ACT,2000-04-05,3,00-0039076,4360773,,HampNi00,81162,10973
2026,1,LA,Warren McClendon Jr.,OL,ACT,2001-04-11,3,00-0039077,,,,,
2026,1,LA,Stetson Bennett,QB,ACT,1997-10-28,3,00-0039107,4259553,40153,BennSt00,60387,10857
2026,1,HOU,Will Anderson Jr.,DL,ACT,2001-09-02,3,00-0039108,4685724,40031,AndeWi01,123903,10892
2026,1,PIT,Broderick Jones,OL,ACT,2001-05-16,3,00-0039109,,,,,
2026,1,PIT,Keeanu Benton,DL,ACT,2001-07-17,3,00-0039110,4426694,40079,BentKe00,101536,10901
2026,1,LAC,Tuli Tuipulotu,LB,ACT,2002-09-03,3,00-0039111,4431442,40077,TuipTu00,131840,10898
2026,1,GB,Lukas Van Ness,DL,ACT,2001-07-06,3,00-0039112,4686906,40037,VanNLu00,129482,10885
2026,1,LA,Byron Young,LB,ACT,1998-03-13,3,00-0039137,4875196,40124,YounBy01,146932,10917
2026,1,LA,Kobie Turner,DL,ACT,1999-04-26,3,00-0039138,4250621,40110,TurnKo00,66894,10916
2026,1,DET,Jahmyr Gibbs,RB,ACT,2002-03-20,3,00-0039139,4429795,40059,GibbJa01,122474,9221
2026,1,PHI,Kelee Ringo,DB,ACT,2002-06-27,3,00-0039140,4428992,40131,RingKe00,124035,10962
2026,1,DET,Brian Branch,DB,ACT,2001-10-22,3,00-0039141,4692025,40067,BranBr00,123907,10905
2026,1,NYJ,Will McDonald IV,DL,ACT,1999-06-04,3,00-0039142,4361767,40038,McDoWi00,76842,10883
2026,1,CIN,Isaiah Foskey,DL,ACT,2000-10-30,3,00-0039143,4426457,40082,FoskIs00,102728,10909
2026,1,GB,Luke Musgrave,TE,ACT,2000-09-02,3,00-0039144,4428085,40074,MusgLu00,98499,9481
2026,1,NYJ,Joe Tippmann,OL,ACT,2001-03-24,3,00-0039145,,,,,
2026,1,GB,Jayden Reed,WR,ACT,2000-04-28,3,00-0039146,4362249,40063,ReedJa03,78171,10222
2026,1,NE,Christian Gonzalez,DB,ACT,2002-06-28,3,00-0039147,4686772,40052,GonzCh00,131679,10881
2026,1,SF,Keion White,DL,ACT,1999-01-20,3,00-0039148,4243493,40080,WhitKe03,60998,10904
2026,1,WAS,Quan Martin,DB,ACT,2000-04-17,3,00-0039149,4360378,40087,MartJa04,83236,10903
2026,1,CAR,Bryce Young,QB,ACT,2001-07-25,3,00-0039150,4685720,40029,YounBr01,123943,9228
2026,1,LA,Emmanuel Forbes,DB,ACT,2001-01-13,3,00-0039151,4429767,40033,ForbEm00,124166,10882
2026,1,TEN,Will Levis,QB,ACT,1999-06-27,3,00-0039152,4361418,40068,LeviWi00,83542,9999
2026,1,AZ,BJ Ojulari,LB,ACT,2002-04-05,3,00-0039155,4429111,40088,OjulBJ00,124105,10908
2026,1,MIA,Julius Brents,DB,ACT,2000-01-18,3,00-0039156,4360488,40062,BrenJu00,83256,10906
2026,1,TB,Cody Mauch,OL,ACT,1999-01-15,3,00-0039157,,,,,
2026,1,IND,Blake Freeland,OL,ACT,2001-05-03,3,00-0039158,,,,,
2026,1,HOU,C.J. Stroud,QB,ACT,2001-10-03,3,00-0039163,4432577,40030,StroCJ00,129759,9758
2026,1,IND,Anthony Richardson,QB,ACT,2002-05-22,3,00-0039164,4429084,40040,RichAn03,124393,9229
2026,1,SEA,Zach Charbonnet,RB,ACT,2001-01-08,3,00-0039165,4426385,40075,CharZa00,97630,9753
2026,1,PIT,Joey Porter Jr.,DB,ACT,2000-07-26,3,00-0039167,4426506,40089,PortJo02,101364,10913
2026,1,SEA,Devon Witherspoon,DB,ACT,2000-12-11,3,00-0039169,4575431,40056,WithDe00,101388,10891
2026,1,DET,Jake Bates,K,ACT,1999-03-03,3,00-0039172,4689936,40835,BateJa00,121959,11539
2026,1,KC,Chukwuebuka Godrick,OL,E14,2000-10-11,3,00-0039174,,,,,
2026,1,BAL,Basil Okoye,DL,E14,2001-10-20,3,00-0039176,5144942,,,169780,
2026,1,TEN,David Agoha,DL,E14,2001-05-18,5,00-0039177,,,,,
2026,1,IND,Austin Ajiake,LB,ACT,2000-06-30,3,00-0039178,4374171,,AjiaAu00,83826,11066
2026,1,IND,Durell Nchami,DL,ACT,2000-02-11,3,00-0039207,4360638,,NchaDu00,81292,
2026,1,NO,Charlie Smyth,K,E14,2001-06-26,2,00-0039229,5208518,,SmytCh00,183080,
2026,1,NYG,Dante Miller,RB,ACT,1999-05-14,2,00-0039230,4367510,40874,MillDa04,109158,11654
2026,1,BAL,Nate Wiggins,DB,ACT,2003-08-28,2,00-0039232,4601278,,WiggNa00,144143,11656
2026,1,BAL,Roger Rosengarten,OL,ACT,2002-06-03,2,00-0039233,,,,,
2026,1,BAL,T.J. Tampa,DB,ACT,2002-03-13,2,00-0039234,4575483,,TampTJ00,122537,11730
2026,1,TEN,Sanoussi Kane,DB,ACT,2001-10-06,2,00-0039235,4430118,,KaneSa00,129820,11841
2026,1,PHI,Johnny Wilson,WR,ACT,2001-04-03,2,00-0039236,4686104,41089,WilsJo03,76366,11636
2026,1,CAR,Nick Samac,OL,ACT,2001-08-21,2,00-0039237,,,,,
2026,1,AZ,Kalen King,DB,ACT,2003-01-28,2,00-0039239,4431433,,KingKa00,145096,11830
2026,1,NYG,Beau Brade,DB,ACT,2002-01-29,2,00-0039241,4429291,,BradBe01,129499,11951
2026,1,BAL,Corey Bullock,OL,ACT,2001-12-09,2,00-0039242,,,,,
2026,1,LV,Chris Collier,RB,ACT,2000-03-24,2,00-0039244,4698191,,CollCh01,142677,11963
2026,1,BAL,Dayton Wade,WR,ACT,2000-09-08,2,00-0039259,4428763,41262,WadeDa00,97181,11964
2026,1,PHI,Gabe Hall,DL,ACT,2001-01-12,2,00-0039265,,,,,
2026,1,CIN,Kendall Milton,RB,ACT,2002-02-10,2,00-0039266,4429012,,MiltKe01,124031,11649
2026,1,PHI,Andre' Sam,DB,ACT,1999-02-09,2,00-0039267,4250510,,SamxAn00,89166,12102
2026,1,MIA,James Ester,DL,ACT,2001-08-31,2,00-0039269,,,,,
2026,1,GB,Donovan Jennings,OL,ACT,1999-11-24,2,00-0039272,,,,,
2026,1,GB,Messiah Swinson,TE,ACT,2000-04-20,2,00-0039275,,,,,
2026,1,BUF,Jimmy Ciarlo,LB,ACT,2001-02-28,2,00-0039277,,,,,
2026,1,NYJ,Braiden McGregor,DL,ACT,2001-07-12,2,00-0039284,4429005,,McGrBr00,129586,12030
2026,1,NYJ,Jarius Monroe,DB,ACT,2000-10-06,2,00-0039285,4430182,,MonrJa00,103580,12056
2026,1,NO,Jackson Sirmon,LB,ACT,2000-04-15,2,00-0039288,4361101,,SirmJa00,81458,
2026,1,NE,Leonard Taylor III,DL,ACT,2002-05-29,2,00-0039289,4431598,,TaylLe01,143953,12031
2026,1,NYJ,Eric Watts,DL,ACT,2000-10-01,2,00-0039291,4569016,,WattEr00,98459,12238
2026,1,GB,Shemar Bartholomew,DB,ACT,2000-06-06,2,00-0039292,4371336,,BartSh00,78995,12234
2026,1,SEA,George Holani,RB,ACT,1999-12-16,2,00-0039299,4429835,41344,HolaGe00,72154,12048
2026,1,NE,Jack Westover,RB,ACT,1999-06-09,2,00-0039305,4361100,41352,WestJa01,84079,12045
2026,1,SEA,Byron Murphy II,DL,ACT,2002-09-08,2,00-0039309,4570040,,MurpBy01,131252,11668
2026,1,DAL,Trevor Keegan,OL,ACT,2000-08-30,2,00-0039310,,,,,
2026,1,MIA,Miles Battle,DB,ACT,2000-01-04,2,00-0039312,4372413,,BattMi00,84301,12182
2026,1,CIN,Swayze Bozeman,LB,ACT,1998-11-02,2,00-0039313,4570546,,BozeSw00,98634,12255
2026,1,KC,Ethan Driskell,OL,ACT,2000-06-29,2,00-0039317,,,,,
2026,1,CIN,Ryan Rehkow,P,ACT,1998-09-11,2,00-0039323,4608820,,RehkRy00,122074,12163
2026,1,KC,Christian Roland-Wallace,DB,ACT,2001-11-23,2,00-0039324,4428383,,RolaCh00,97374,12183
2026,1,PHI,Carson Steele,RB,ACT,2002-10-21,2,00-0039325,4714365,41464,SteeCa00,145632,11582
2026,1,TEN,C.J. Ravenell,DL,ACT,2000-07-07,2,00-0039332,4700676,,RaveCJ00,134584,
2026,1,HOU,Brandon Codrington,DB,ACT,2000-11-17,2,00-0039333,4576069,,CodrBr00,106248,12269
2026,1,NYG,Malik Nabers,WR,ACT,2003-07-28,2,00-0039337,4595348,40899,NabeMa00,146759,11632
2026,1,LV,Brock Bowers,TE,ACT,2002-12-13,2,00-0039338,4432665,40878,BoweBr01,146715,11604
2026,1,NO,Taliese Fuaga,OL,ACT,2002-04-05,2,00-0039339,,,,,
2026,1,IND,Laiatu Latu,DL,ACT,2000-12-31,2,00-0039340,4426473,,LatuLa00,100551,11669
2026,1,DAL,Tyler Guyton,OL,ACT,2002-06-11,2,00-0039341,,,,,
2026,1,CAR,Xavier Legette,WR,ACT,2001-01-29,2,00-0039342,4430034,40890,LegeXa00,99197,11626
2026,1,HOU,Kamari Lassiter,DB,ACT,2003-01-23,2,00-0039343,4602699,,LassKa00,146727,11685
2026,1,CAR,Jonathon Brooks,RB,ACT,2003-07-21,2,00-0039344,4678008,40926,BrooJo02,144721,11583
2026,1,SF,Renardo Green,DB,ACT,2000-11-09,2,00-0039345,4427325,,GreeRe00,99773,11697
2026,1,LAC,Junior Colson,LB,ACT,2002-12-06,2,00-0039346,4431212,,ColsJu00,124827,11701
2026,1,CAR,Trevin Wallace,LB,ACT,2003-02-22,2,00-0039347,4683815,,WallTr00,146747,11724
2026,1,DAL,Cooper Beebe,OL,ACT,2001-05-19,2,00-0039348,,,,,
2026,1,LV,DJ Glaze,OL,ACT,2002-08-04,2,00-0039349,,,,,
2026,1,CLE,Zak Zinter,OL,ACT,2001-04-17,2,00-0039350,,,,,
2026,1,SF,Dominick Puni,OL,ACT,2000-02-24,2,00-0039351,,,,,
2026,1,DAL,Marist Liufau,LB,ACT,2001-02-09,2,00-0039352,4427816,,LiufMa00,102789,11720
2026,1,JAX,Jarrian Jones,DB,ACT,2001-05-08,2,00-0039353,4426448,,JoneJa14,97486,11725
2026,1,CIN,McKinnley Jackson,DL,ACT,2001-12-26,2,00-0039354,4692680,,JackMc00,124324,11713
2026,1,WAS,Luke McCaffrey,WR,ACT,2001-04-02,2,00-0039355,4426948,40964,McCaLu00,101634,11650
2026,1,CAR,Ja'Tavion Sanders,TE,ACT,2003-03-27,2,00-0039356,4431588,40995,SandJa01,144717,11600
2026,1,LV,Decamerion Richardson,DB,ACT,2001-03-16,2,00-0039357,4605498,,RichDe01,124183,11738
2026,1,PIT,Mason McCormick,OL,ACT,2000-05-25,2,00-0039358,,,,,
2026,1,HOU,Cade Stover,TE,ACT,2000-06-12,2,00-0039359,4426496,40987,StovCa00,101486,11599
2026,1,SF,Malik Mustapha,DB,ACT,2002-06-25,2,00-0039360,4696211,,MustMa00,142358,11731
2026,1,TB,Bucky Irving,RB,ACT,2002-08-19,2,00-0039361,4596448,40993,IrviBu00,144970,11584
2026,1,DET,Giovanni Manu,OL,ACT,2001-01-26,2,00-0039362,,,,,
2026,1,SF,Isaac Guerendo,RB,ACT,2000-06-28,2,00-0039363,4372561,40998,GuerIs00,83806,11651
2026,1,DET,Sione Vaki,RB,ACT,2001-07-30,2,00-0039364,4912274,41006,VakiSi00,158505,11729
2026,1,SF,Jacob Cowing,WR,ACT,2001-02-04,2,00-0039365,4575665,40996,CowiJa00,100894,11616
2026,1,LAC,Tarheeb Still,DB,ACT,2002-06-09,2,00-0039366,4432571,,StilTa00,129537,11779
2026,1,HOU,Xavier Thomas,LB,RES,1999-12-20,2,00-0039367,4360304,,ThomXa01,76807,11767
2026,1,WAS,Jordan Magee,LB,ACT,2001-03-24,2,00-0039368,4568617,,MageJo00,98155,11778
2026,1,LAC,Cam Hart,DB,ACT,2000-12-05,2,00-0039369,4427404,,HartCa00,102955,11749
2026,1,ATL,JD Bertrand,LB,ACT,2000-05-05,2,00-0039370,4428872,,BertJD00,102787,11770
2026,1,DEN,Kris Abrams-Draine,DB,ACT,2001-10-04,2,00-0039371,4429193,,AbraKr00,124194,11765
2026,1,NYJ,Jarvis Brownlee Jr.,DB,ACT,2001-07-13,2,00-0039372,4426817,,BrowJa09,99734,11766
2026,1,NO,Audric Estimé,RB,ACT,2003-09-06,2,00-0039373,4569682,41019,EstiAu00,147476,11579
2026,1,LV,Tommy Eichenberg,LB,ACT,2001-01-11,2,00-0039374,4429560,,EichTo00,101488,11761
2026,1,CIN,Josh Newton,DB,ACT,2000-09-14,2,00-0039375,4365319,,NewtJo00,84268,11764
2026,1,NO,Spencer Rattler,QB,ACT,2000-09-28,2,00-0039376,4426339,41043,RattSp00,97408,11562
2026,1,IND,Jaylon Carlies,LB,ACT,2001-09-13,2,00-0039377,4601021,,CarlJa01,124196,11777
2026,1,CLE,Jamari Thrash,WR,ACT,2000-12-19,2,00-0039379,4428678,41016,ThraJa01,97399,11633
2026,1,CAR,Chau Smith-Wade,DB,ACT,2002-09-17,2,00-0039380,4697636,,SmitCh05,131956,11771
2026,1,CHI,Dominique Hampton,DB,ACT,2000-07-25,2,00-0039381,4361094,,HampDo00,83452,11750
2026,1,AZ,Christian Jones,OL,ACT,2000-05-12,2,00-0039382,,,,,
2026,1,GB,Jaylin Simpson,DB,ACT,2000-03-17,2,00-0039383,4567225,,SimpJa00,98876,11775
2026,1,NYG,Tyrone Tracy Jr.,RB,ACT,1999-11-23,2,00-0039384,4360516,41048,TracTy00,84226,11655
2026,1,NO,Bub Means,WR,ACT,2001-01-10,2,00-0039386,4427985,41045,MeanBu00,98847,11748
2026,1,DAL,Caelen Carson,DB,ACT,2002-03-03,2,00-0039387,4431006,,CarsCa01,123377,11769
2026,1,NO,Jaylan Ford,LB,ACT,2001-11-28,2,00-0039388,4566088,,FordJa02,123114,11747
2026,1,PIT,Logan Lee,DL,ACT,2000-06-12,2,00-0039389,4569474,,LeexLo00,101416,11811
2026,1,NE,Marcellas Dial Jr.,DB,ACT,2000-12-06,2,00-0039390,4875079,,DialMa00,146902,11809
2026,1,LAC,Kimani Vidal,RB,ACT,2001-08-28,2,00-0039391,4430968,41052,VidaKi00,123727,11647
2026,1,HOU,Jha'Quan Jackson,WR,ACT,2000-05-15,2,00-0039392,4427575,41065,JackJh00,101135,11808
2026,1,ATL,Casey Washington,WR,ACT,2001-03-06,2,00-0039394,4428796,41074,WashCa01,101710,11806
2026,1,HOU,Jamal Hill,LB,ACT,2001-04-01,2,00-0039395,4427479,,HillJa02,100609,11805
2026,1,DET,Mekhi Wingo,DL,ACT,2003-04-17,2,00-0039396,4586333,,WingMe00,128050,11804
2026,1,AZ,Tejhaun Palmer,WR,ACT,2000-05-19,2,00-0039397,4875912,41079,PalmTe00,145443,11802
2026,1,DAL,Joe Milton III,QB,ACT,2000-03-06,2,00-0039398,4360698,41060,MiltJo00,82151,11557
2026,1,BUF,Zion Logue,DL,ACT,2001-07-13,2,00-0039400,4427826,,LoguZi00,98944,11798
2026,1,NO,Khristian Boyd,DL,ACT,2000-02-23,2,00-0039401,4384595,,BoydKh00,88444,11796
2026,1,GB,Jaden Crumedy,DL,ACT,2000-07-30,2,00-0039402,4362910,,CrumJa00,83508,11795
2026,1,MIN,Will Reichard,K,ACT,2001-01-09,2,00-0039404,4567104,41093,ReicWi00,98965,11792
2026,1,HOU,Jawhar Jordan,RB,ACT,1999-08-18,2,00-0039405,4429939,41064,JordJa00,99595,11588
2026,1,CLE,Nathaniel Watson,LB,ACT,2000-09-01,2,00-0039406,4362895,,WatsNa00,81317,11790
2026,1,LV,Dylan Laube,RB,ACT,1999-12-14,2,00-0039407,4366963,41054,LaubDy00,88664,11574
2026,1,DET,Christian Mahogany,OL,ACT,2000-10-11,2,00-0039408,,,,,
2026,1,JAX,Cam Little,K,ACT,2003-08-17,2,00-0039409,4686361,41062,LittCa00,146646,11786
2026,1,DAL,Ryan Flournoy,WR,ACT,1999-10-27,2,00-0039410,5083754,41087,FlouRy00,159617,11783
2026,1,TB,Elijah Klein,OL,ACT,2000-04-08,2,00-0039411,,,,,
2026,1,WAS,Javontae Jean-Baptiste,LB,ACT,2000-05-16,2,00-0039412,4361357,,JeanJa00,83514,11816
2026,1,CIN,Daijahn Anthony,DB,ACT,2000-09-09,2,00-0039414,4874448,,AnthDa00,147537,11831
2026,1,GB,Brenden Rice,WR,ACT,2002-03-18,2,00-0039415,4686781,41098,RiceBr00,131692,11621
2026,1,AZ,Jaden Davis,DB,ACT,2001-07-18,2,00-0039416,4426435,,DaviJa09,97250,11837
2026,1,CLE,Myles Harden,DB,ACT,2001-12-13,2,00-0039417,4695783,,HardMy00,141857,11836
2026,1,GB,MJ Devonshire,DB,ACT,2000-09-12,2,00-0039418,4427068,,DevoMJ00,98832,11825
2026,1,MIN,Michael Jurgens,OL,ACT,2000-01-01,2,00-0039419,,,,,
2026,1,PIT,Jaheim Bell,TE,ACT,2001-06-14,2,00-0039420,4429262,41106,BellJa00,124225,11605
2026,1,MIN,Levi Drake Rodriguez,DL,ACT,2000-08-04,2,00-0039421,5093973,,RodrLe00,165670,11819
2026,1,DAL,Nathan Thomas,OL,ACT,2001-08-22,2,00-0039422,,,,,
2026,1,LV,Jonah Laulu,DL,ACT,2000-06-30,2,00-0039423,4373956,,LaulJo00,75763,11827
2026,1,NO,Devaughn Vele,WR,ACT,1997-12-12,2,00-0039424,4569559,41097,VeleDe00,100637,11834
2026,1,NO,Myles Cole,DL,ACT,2000-04-29,2,00-0039425,4365303,,ColeMy00,83500,11844
2026,1,HOU,Solomon Byrd,DL,ACT,1999-12-01,2,00-0039427,4361689,,ByrdSo00,75742,11829
2026,1,TEN,James Williams,LB,ACT,2003-02-15,2,00-0039430,4431613,,WillJa15,143955,11847
2026,1,NYJ,Jowon Briggs,DL,ACT,2001-09-01,2,00-0039431,4426676,,BrigJo00,74867,11846
2026,1,KC,Marcus Harris,DL,ACT,2000-09-27,2,00-0039433,4573152,,HarrMa08,97937,11828
2026,1,SF,Tatum Bethune,LB,ACT,2001-02-19,2,00-0039435,4426698,,BethTa00,98532,11842
2026,1,TEN,Jaylen Harrell,LB,ACT,2002-05-01,2,00-0039436,4429058,,HarrJa05,129579,11835
2026,1,BAL,Cornelius Johnson,WR,ACT,2000-11-29,2,00-0039437,4426479,41099,JohnCo02,97996,11815
2026,1,DEN,Nick Gargiulo,OL,ACT,2000-07-19,2,00-0039438,,,,,
2026,1,CLE,Kingsley Eguakun,OL,ACT,2001-03-23,2,00-0039442,,,,,
2026,1,DET,Hogan Hatten,LS,ACT,2000-08-06,2,00-0039445,,,,,
2026,1,NYG,Bryan Hudson,OL,ACT,2001-01-11,2,00-0039446,,,,,
2026,1,DET,Loren Strickland,DB,ACT,2000-05-31,2,00-0039448,4917439,,StriLo00,156894,12161
2026,1,NYJ,Isaiah Williams,WR,ACT,2001-01-29,2,00-0039451,4569371,41421,WillIs03,97156,11608
2026,1,NO,Beanie Bishop Jr.,DB,ACT,1999-12-17,2,00-0039454,4363052,,BishBe00,83459,11860
2026,1,CLE,Brenden Bates,TE,ACT,1999-10-16,2,00-0039458,4362603,,BateBr00,53746,12374
2026,1,CHI,Theo Benedet,OL,ACT,2001-12-10,2,00-0039459,,,,,
2026,1,BAL,Carl Jones,LB,ACT,2001-08-08,2,00-0039460,4569428,,JoneCa05,100406,
2026,1,CHI,Jamree Kromah,DL,ACT,2000-06-14,2,00-0039461,,,,,
2026,1,DAL,Reddy Steward,DB,ACT,2001-05-04,2,00-0039465,4428584,,StewRe00,97289,12037
2026,1,BUF,Te'Cory Couch,DB,ACT,1999-09-06,2,00-0039469,,,,,
2026,1,BUF,Frank Gore Jr.,RB,ACT,2002-03-13,2,00-0039471,4429805,41243,GoreFr01,121457,11573
2026,1,CIN,Xavier Johnson,WR,ACT,1999-05-11,2,00-0039473,4385430,41274,JohnXa00,101641,11969
2026,1,JAX,Keni-H Lovely,DB,ACT,2000-05-12,2,00-0039475,,,,,
2026,1,MIA,Storm Duck,DB,ACT,2000-12-15,2,00-0039481,4427103,,DuckSt00,97705,12147
2026,1,MIA,Andrew Meyer,OL,ACT,2000-01-14,2,00-0039485,,,,,
2026,1,GB,Mark Perry,DB,ACT,2001-05-30,2,00-0039488,,,,,
2026,1,SF,Hayden Rucci,TE,ACT,2001-01-27,2,00-0039489,4428396,,RuccHa00,101680,12389
2026,1,CAR,Jalen Coker,WR,ACT,2001-10-30,2,00-0039491,4695883,41293,CokeJa01,143068,11646
2026,1,LA,Harrison Mevis,K,ACT,2002-03-27,2,00-0039498,4574716,,MeviHa00,124212,12015
2026,1,LA,Alex Johnson,DB,ACT,2000-10-11,2,00-0039506,,,,,
2026,1,DAL,Marcellus Johnson,OL,ACT,2000-04-01,2,00-0039507,,,,,
2026,1,NYG,Jake Kubas,OL,ACT,2000-08-13,2,00-0039508,,,,,
2026,1,CLE,Chris Edmonds,DB,ACT,2001-07-16,2,00-0039513,4572922,,EdmoCh01,105737,
2026,1,CLE,Winston Reid,LB,ACT,1999-08-03,2,00-0039515,4251125,,ReidWi01,63354,12083
2026,1,PIT,Lorenzo Thompson,OL,ACT,2000-06-21,2,00-0039517,,,,,
2026,1,NO,Treyton Welch,TE,ACT,2001-01-10,2,00-0039518,,,,,
2026,1,AZ,Xavier Weaver,WR,ACT,2000-10-12,2,00-0039521,4428811,41202,WeavXa00,101130,11921
2026,1,LAC,Emany Johnson,LB,ACT,2000-11-17,2,00-0039526,4361437,,JohnEm00,83331,12087
2026,1,DAL,Brevyn Spann-Ford,TE,ACT,1999-12-27,2,00-0039530,4360967,41371,SpanBr00,84006,11593
2026,1,DAL,Julius Wood,DB,ACT,2001-05-02,2,00-0039532,4872841,,WoodJu00,151039,12089
2026,1,JAX,Carter Bradley,QB,ACT,2000-03-09,2,00-0039534,4362260,41133,BradCa02,77685,11851
2026,1,CIN,Andrew Coker,OL,ACT,2001-03-23,2,00-0039535,,,,,
2026,1,NE,Amari Gainer,LB,ACT,2000-06-22,2,00-0039539,4360469,,GainAm00,77091,11855
2026,1,LV,Will Putnam,OL,ACT,2000-08-13,2,00-0039544,,,,,
2026,1,PIT,Steven Jones,OL,ACT,2000-09-06,2,00-0039555,,,,,
2026,1,DEN,Levelle Bailey,LB,ACT,2000-12-04,2,00-0039565,4428241,,BailLe00,97956,12111
2026,1,MIA,Omar Brown,DB,ACT,2000-10-12,2,00-0039566,,,,,
2026,1,CLE,Nik Constantinou,P,E14,1999-12-06,2,00-0039567,,,,,
2026,1,DEN,Frank Crum,OL,ACT,2000-05-14,2,00-0039568,,,,,
2026,1,DEN,Jordan Miller,DL,ACT,2000-01-20,2,00-0039570,,,,,
2026,1,IND,Spencer Shrader,K,ACT,1999-05-19,2,00-0039576,4571557,,ShraSp00,100974,12185
2026,1,AZ,Kedon Slovis,QB,ACT,2001-04-11,2,00-0039577,4428512,41476,SlovKe00,100580,11648
2026,1,IND,Dalton Tucker,OL,ACT,2000-03-18,2,00-0039578,,,,,
2026,1,TB,Marcus Banks,DB,ACT,2000-10-08,2,00-0039582,,,,,
2026,1,CAR,Tyrek Funderburk,DB,ACT,2000-11-28,2,00-0039586,4367330,,FundTy00,83356,11993
2026,1,TB,Kameron Johnson,WR,ACT,2002-03-17,2,00-0039589,5097554,,JohnKa01,165866,11994
2026,1,TB,Rashad Wisdom,DB,ACT,2001-06-06,2,00-0039596,4428917,,WisdRa00,97249,
2026,1,CAR,Demani Richardson,DB,ACT,2000-10-07,2,00-0039601,4426926,,RichDe03,98852,12011
2026,1,HOU,British Brooks,RB,ACT,1999-11-18,2,00-0039603,4373273,,BrooBr01,77714,12171
2026,1,PIT,Kyler Baugh,DL,ACT,2001-11-28,2,00-0039609,,,,,
2026,1,NYG,Rico Payton,DB,ACT,1999-11-28,2,00-0039620,4368350,,PaytRi00,86957,11899
2026,1,NO,Isaiah Stalbird,LB,ACT,2000-07-18,2,00-0039622,4361194,,StalIs00,83325,11893
2026,1,NO,Mason Tipton,WR,ACT,2000-09-27,2,00-0039623,4573697,41188,TiptMa00,109617,11895
2026,1,CHI,Kyle Hergel,OL,ACT,1999-10-07,2,00-0039624,,,,,
2026,1,PIT,Cole Burgess,WR,ACT,2000-02-11,2,00-0039626,5192448,,BurgCo00,183105,12210
2026,1,CIN,Cam Grandy,TE,ACT,1999-11-19,2,00-0039631,4700712,,GranCa00,134552,12062
2026,1,CIN,PJ Jules,DB,ACT,2001-05-14,2,00-0039632,4429946,,JulePJ00,104232,12058
2026,1,NYJ,Austin McNamara,P,ACT,2001-02-24,2,00-0039634,4427982,,McNaAu00,99363,12076
2026,1,CAR,Maema Njongmeta,LB,ACT,2001-03-09,2,00-0039637,4428125,,NjonMa00,101465,12057
2026,1,TEN,David Martin-Robinson,TE,ACT,1999-12-26,2,00-0039648,4360978,,MartDa01,77892,12357
2026,1,TEN,Bryce Oliver,WR,ACT,2000-05-19,2,00-0039650,4362617,,OlivBr02,84248,11959
2026,1,DET,Jabari Small,RB,ACT,2002-01-31,2,00-0039652,4432545,41661,SmalJa00,124298,12356
2026,1,GB,Karsen Barnhart,OL,ACT,2001-03-02,2,00-0039655,,,,,
2026,1,DET,Thomas Harper,DB,ACT,2000-11-05,2,00-0039660,4569323,,HarpTh00,97325,11872
2026,1,LV,Chigozie Anusiem,DB,ACT,2000-11-05,2,00-0039676,4360475,,AnusCh00,83031,
2026,1,WAS,Sam Hartman,QB,ACT,1999-07-29,2,00-0039677,4361994,,HartSa00,77618,11376
2026,1,IND,Ben Nikkel,WR,ACT,1999-09-24,2,00-0039679,,,,,
2026,1,WAS,Tyler Owens,DB,ACT,2001-05-12,2,00-0039681,4572460,,OwenTy00,99271,11934
2026,1,ATL,A.J. Woods,DB,ACT,2001-03-28,2,00-0039685,,,,,
2026,1,WAS,Colson Yankoff,TE,ACT,2000-03-01,2,00-0039686,4361088,,YankCo00,83589,11942
2026,1,NE,Dell Pettus,DB,ACT,2001-06-02,2,00-0039692,4428232,,PettDe00,97290,12115
2026,1,SF,Evan Anderson,DL,ACT,2002-02-14,2,00-0039696,4612182,,AndeEv00,123590,11923
2026,1,SF,Drake Nugent,OL,ACT,2001-02-09,2,00-0039700,,,,,
2026,1,DEN,Cody Schrader,RB,ACT,1999-09-08,2,00-0039703,4391845,41193,SchrCo00,157177,11644
2026,1,MIN,Jeshaun Jones,WR,ACT,1999-12-22,2,00-0039710,4360637,,JoneJe01,84283,
2026,1,MIN,Dwight McGlothern,DB,ACT,2002-02-06,2,00-0039714,4429128,,McGlDw00,124103,11905
2026,1,PIT,Doug Nester,OL,ACT,2000-08-07,2,00-0039716,,,,,
2026,1,MIN,Bo Richter,LB,ACT,2000-08-13,2,00-0039718,4875564,,RichBo01,145962,11929
2026,1,MIN,Taki Taimani,DL,ACT,1999-10-06,2,00-0039720,4361114,,TaimTa00,82468,11930
2026,1,LAC,JaQuae Jackson,WR,ACT,2000-01-30,2,00-0039722,,,,,
2026,1,NO,Jayden Price,DB,ACT,2000-04-05,2,00-0039725,,,,,
2026,1,TEN,JC Latham,OL,ACT,2003-02-08,2,00-0039731,,,,,
2026,1,DEN,Bo Nix,QB,ACT,2000-02-25,2,00-0039732,4426338,40875,NixxBo00,97790,11563
2026,1,JAX,Ruke Orhorhoro,DL,ACT,2001-10-13,2,00-0039733,4430271,,OrhoRu00,99768,11695
2026,1,LA,Braden Fiske,DL,ACT,2000-01-18,2,00-0039734,4362245,,FiskBr00,76958,11677
2026,1,LV,Jackson Powers-Johnson,OL,ACT,2003-01-23,2,00-0039735,,,,,
2026,1,IND,Matt Goncalves,OL,ACT,2001-01-26,2,00-0039736,,,,,
2026,1,AZ,Tip Reiman,TE,ACT,2001-09-17,2,00-0039737,4696700,40959,ReimTi00,129423,11716
2026,1,LA,Blake Corum,RB,ACT,2000-11-25,2,00-0039738,4429096,40962,CoruBl00,129574,11586
2026,1,PIT,Roman Wilson,WR,ACT,2001-06-19,2,00-0039739,4431492,40952,WilsRo02,129604,11630
2026,1,PHI,Jalyx Hunt,LB,ACT,2001-03-13,2,00-0039740,4571162,,HuntJa02,105989,11703
2026,1,PIT,Payton Wilson,LB,ACT,2000-04-21,2,00-0039741,4361652,,WilsPa00,77127,11727
2026,1,CIN,Javon Foster,OL,ACT,2000-03-31,2,00-0039742,,,,,
2026,1,CIN,Jordan Jefferson,DL,ACT,2001-09-24,2,00-0039743,4569448,,JeffJo01,99325,11736
2026,1,IND,Tanor Bortolini,OL,ACT,2002-06-17,2,00-0039744,,,,,
2026,1,CHI,Tory Taylor,P,E14,1997-07-10,2,00-0039745,4686889,,TaylTo01,129481,11732
2026,1,PHI,Will Shipley,RB,ACT,2002-08-29,2,00-0039746,4431545,41002,ShipWi00,144138,11577
2026,1,CAR,Ainias Smith,WR,ACT,2001-05-31,2,00-0039747,4428532,41030,SmitAi00,99207,11615
2026,1,LA,Tyler Davis,DL,ACT,2000-11-01,2,00-0039749,4568217,,DaviTy05,97610,11799
2026,1,LA,Jordan Whittington,WR,ACT,2000-10-01,2,00-0039751,4569382,41083,WhitJo04,97623,11623
2026,1,CIN,Cedric Johnson,DL,ACT,2002-09-06,2,00-0039752,4430065,,JohnCe01,124136,11785
2026,1,LA,Beaux Limmer,OL,ACT,2001-06-10,2,00-0039753,,,,,
2026,1,TB,Devin Culp,TE,ACT,2000-02-02,2,00-0039754,4361112,41120,CulpDe00,84080,11820
2026,1,CLE,KT Leveston,OL,ACT,1999-08-28,2,00-0039755,,,,,
2026,1,NE,Terrell Jennings,RB,ACT,2001-01-03,2,00-0039757,4427600,,JennTe00,102408,12412
2026,1,BUF,Joe Andreessen,LB,ACT,2000-02-07,2,00-0039763,4366349,,AndrJo02,108177,12397
2026,1,CLE,Elijah Chatman,DL,ACT,2000-12-05,2,00-0039764,4429392,,ChatEl00,97568,12319
2026,1,NE,Charles Woods,DB,ACT,2000-06-17,2,00-0039770,4368113,,WoodCh01,89148,12137
2026,1,LA,Josh Wallace,DB,ACT,2000-07-05,2,00-0039772,4572371,,WallJo00,97676,12132
2026,1,LA,Omar Speights,LB,ACT,2001-03-02,2,00-0039774,4428550,,SpeiOm00,97723,12140
2026,1,LA,Elias Neal,LB,ACT,2001-09-11,2,00-0039775,4428098,,NealEl00,97693,
2026,1,LA,Jaylen McCollough,DB,ACT,2000-10-12,2,00-0039776,4427120,,McCoJa02,98845,12142
2026,1,LA,Cam Lampkin,DB,ACT,2001-07-31,2,00-0039780,4427752,,LampCa00,101146,12230
2026,1,PIT,Anthony Goodlow,DL,ACT,2000-07-25,2,00-0039783,4372378,,GoodAn00,77164,
2026,1,LA,Justin Dedich,OL,ACT,2000-04-21,2,00-0039784,,,,,
2026,1,NYJ,Qwan'tez Stiggers,DB,ACT,2002-01-08,2,00-0039789,5208977,,StigQw00,169764,11755
2026,1,NYJ,Olumuyiwa Fashanu,OL,ACT,2002-12-09,2,00-0039790,,,,,
2026,1,BAL,Adisa Isaac,LB,ACT,2001-10-04,2,00-0039791,4426372,,IsaaAd00,101406,11722
2026,1,BAL,Devontez Walker,WR,ACT,2001-06-19,2,00-0039792,4696882,40991,WalkDe01,145773,11629
2026,1,SEA,AJ Barner,TE,ACT,2002-05-03,2,00-0039793,4576297,41001,BarnAJ00,129433,11603
2026,1,NYJ,Braelon Allen,RB,ACT,2004-01-20,2,00-0039794,4685247,40981,AlleBr05,145159,11576
2026,1,SEA,Nehemiah Pritchett,DB,ACT,2001-02-11,2,00-0039795,4567222,,PritNe00,98875,11753
2026,1,BAL,Rasheen Ali,RB,ACT,2001-02-16,2,00-0039796,4690013,41033,AlixRa00,121717,11570
2026,1,NYJ,Isaiah Davis,RB,ACT,2002-02-21,2,00-0039798,4695404,41031,DaviIs00,138299,11571
2026,1,AZ,Max Melton,DB,ACT,2002-04-15,2,00-0039807,4698113,,MeltMa00,129889,11693
2026,1,AZ,Isaiah Adams,OL,ACT,2000-07-21,2,00-0039808,,,,,
2026,1,DEN,Jonah Elliss,LB,ACT,2003-04-03,2,00-0039809,4687592,,ElliJo03,146458,11714
2026,1,GB,MarShawn Lloyd,RB,ACT,2001-01-05,2,00-0039811,4429023,40971,LloyMa00,124247,11581
2026,1,GB,Ty'Ron Hopper,LB,ACT,2001-04-26,2,00-0039812,4567406,,HoppTy00,98781,11712
2026,1,GB,Evan Williams,DB,ACT,2001-07-28,2,00-0039813,4428863,,WillEv00,73864,11739
2026,1,CIN,Erick All,TE,ACT,2000-09-13,2,00-0039814,4427834,40989,AllxEr00,52595,11592
2026,1,SEA,Tyrice Knight,LB,ACT,1999-12-20,2,00-0039815,4686540,,KnigTy00,122025,11734
2026,1,IND,Anthony Gould,WR,ACT,2001-04-06,2,00-0039816,4429684,41046,GoulAn00,97078,11762
2026,1,GB,Jacob Monk,OL,ACT,2001-06-04,2,00-0039817,,,,,
2026,1,GB,Kitan Oladapo,DB,ACT,2000-10-10,2,00-0039818,4374037,,OladKi00,83349,11763
2026,1,GB,Travis Glover,OL,ACT,2000-08-17,2,00-0039819,,,,,
2026,1,NYG,Andru Phillips,DB,ACT,2001-11-30,2,00-0039821,4431321,,PhilAn02,124075,11700
2026,1,CHI,Kiran Amegadjie,OL,ACT,2002-02-01,2,00-0039822,,,,,
2026,1,AZ,Elijah Jones,DB,ACT,2000-01-08,2,00-0039823,4360203,,JoneEl00,76632,11717
2026,1,KC,Jared Wiley,TE,ACT,2000-11-02,2,00-0039824,4430723,40978,WileJa00,98508,11595
2026,1,KC,Jaden Hicks,DB,ACT,2002-08-16,2,00-0039825,4685232,,HickJa01,146512,11728
2026,1,PHI,Jeremiah Trotter Jr.,LB,ACT,2002-12-24,2,00-0039826,4432777,,TrotJe01,144142,11752
2026,1,KC,Hunter Nourzad,OL,ACT,2000-11-26,2,00-0039827,,,,,
2026,1,MIN,Walter Rouse,OL,ACT,2001-03-09,2,00-0039828,,,,,
2026,1,NYG,Darius Muasau,LB,ACT,2001-02-10,2,00-0039829,4428072,,MuasDa00,86008,11807
2026,1,LA,Dylan McMahon,OL,ACT,2001-01-22,2,00-0039830,,,,,
2026,1,GB,Kamal Hadden,DB,ACT,2001-01-17,2,00-0039831,4427356,,HaddKa00,146931,11787
2026,1,HOU,Jarrett Kingston,OL,ACT,1999-12-02,2,00-0039832,,,,,
2026,1,KC,C.J. Hanson,OL,ACT,2001-03-03,2,00-0039833,,,,,
2026,1,LA,Kamren Kinchens,DB,ACT,2002-09-29,2,00-0039834,4596363,,KincKa00,143946,11726
2026,1,LAC,Justin Eboigbe,DL,ACT,2001-04-09,2,00-0039835,4567138,,EboiJu00,98925,11743
2026,1,LV,Brennan Jackson,LB,ACT,2000-10-14,2,00-0039836,4373471,,JackBr02,82474,11751
2026,1,ATL,Bralen Trice,LB,ACT,2001-02-26,2,00-0039837,4428713,,TricBr00,100550,11721
2026,1,HOU,Calen Bullock,DB,ACT,2003-04-30,2,00-0039838,4431517,,BullCa00,146424,11710
2026,1,SEA,Christian Haynes,OL,ACT,2000-04-13,2,00-0039839,,,,,
2026,1,CHI,Austin Booker,DL,ACT,2002-12-14,2,00-0039840,4683553,,BookAu00,144990,11760
2026,1,PHI,Cooper DeJean,DB,ACT,2003-02-09,2,00-0039841,4682618,,DeJeCo00,144867,11678
2026,1,ATL,Michael Jerrell,OL,ACT,1999-08-18,2,00-0039842,,,,,
2026,1,CHI,Qadir Ismail,TE,ACT,2000-02-17,2,00-0039843,,,,,
2026,1,KC,Kingsley Suamataia,OL,ACT,2003-01-18,2,00-0039844,,,,,
2026,1,TB,Tykee Smith,DB,ACT,2001-02-18,2,00-0039846,4428522,,SmitTy05,99500,11705
2026,1,NYG,Theo Johnson,TE,ACT,2001-02-26,2,00-0039847,4429148,41003,JohnTh00,129787,11597
2026,1,AZ,Marvin Harrison Jr.,WR,ACT,2002-08-11,2,00-0039849,4432708,40893,HarrMa09,145056,11628
2026,1,GB,Edgerrin Cooper,LB,ACT,2001-11-17,2,00-0039850,4430438,,CoopEd00,124311,11687
2026,1,NE,Drake Maye,QB,ACT,2002-08-30,2,00-0039851,4431452,40881,MayeDr00,143969,11564
2026,1,CLE,Jared Verse,LB,ACT,2000-11-04,2,00-0039852,4578085,,VersJa00,101912,11665
2026,1,AZ,Darius Robinson,DL,ACT,2001-09-13,2,00-0039854,4569480,,RobiDa01,98946,11658
2026,1,TB,Jalen McMillan,WR,ACT,2001-12-07,2,00-0039855,4430834,40954,McMiJa01,131905,11618
2026,1,HOU,Blake Fisher,OL,ACT,2003-03-25,2,00-0039857,,,,,
2026,1,TEN,Cedric Gray,LB,ACT,2002-10-30,2,00-0039858,4429834,,GrayCe00,122835,11742
2026,1,ATL,Brandon Dorlus,DL,ACT,2001-03-22,2,00-0039859,4427090,,DorlBr00,100452,11740
2026,1,NO,Kool-Aid McKinstry,DB,ACT,2002-09-30,2,00-0039860,4433975,,McKiKo00,146602,11675
2026,1,NYG,Tyler Nubin,DB,ACT,2001-06-14,2,00-0039861,4430261,,NubiTy00,97895,11674
2026,1,DET,Ennis Rakestraw Jr.,DB,ACT,2002-06-05,2,00-0039862,4566092,,RakeEn00,124215,11689
2026,1,NE,Caedan Wallace,OL,ACT,2000-04-18,2,00-0039863,,,,,
2026,1,AZ,Dadrion Taylor-Demerson,DB,ACT,2001-01-20,2,00-0039864,4428633,,TaylDa02,97348,11744
2026,1,GB,Javon Bullard,DB,ACT,2002-09-05,2,00-0039867,4688930,,BullJa00,146726,11686
2026,1,DEN,Troy Franklin,WR,ACT,2003-02-06,2,00-0039868,4431280,41009,FranTr00,146567,11627
2026,1,PIT,Troy Fautanu,OL,ACT,2000-10-11,2,00-0039871,,,,,
2026,1,BUF,Cole Bishop,DB,ACT,2002-10-24,2,00-0039872,4676004,,BishCo00,146454,11682
2026,1,BUF,DeWayne Carter,DL,ACT,2000-12-10,2,00-0039873,4426883,,CartDe03,98175,11706
2026,1,MIA,Jaylen Wright,RB,ACT,2003-04-01,2,00-0039874,4682745,41010,WrigJa04,146934,11643
2026,1,BUF,Ray Davis,RB,ACT,1999-11-20,2,00-0039875,4429501,40980,DaviRa04,101072,11575
2026,1,BUF,Sedrick Van Pran-Granger,OL,ACT,2001-10-23,2,00-0039876,,,,,
2026,1,TB,Mohamed Kamara,LB,ACT,2000-06-09,2,00-0039877,4427677,,KamaMo00,97731,11754
2026,1,CLE,Edefuan Ulofoshio,LB,ACT,2000-01-23,2,00-0039878,4374280,,UlofEd00,81459,11757
2026,1,BUF,Javon Solomon,DL,ACT,2001-01-17,2,00-0039879,4428548,,SoloJa00,97821,11759
2026,1,MIA,Malik Washington,WR,ACT,2000-10-20,2,00-0039880,4569603,41058,WashMa00,97108,11610
2026,1,SF,Patrick McMorris,DB,ACT,2001-10-18,2,00-0039881,4430158,,McMoPa00,101309,11797
2026,1,BUF,Tylan Grable,OL,ACT,1999-10-04,2,00-0039882,,,,,
2026,1,PIT,Daequan Hardy,DB,RES,2001-06-13,2,00-0039883,4429743,,HardDa02,101365,11781
2026,1,MIA,Tahj Washington,WR,ACT,2001-05-16,2,00-0039884,4567506,41104,WashTa00,97288,11821
2026,1,NYJ,T'Vondre Sweat,DL,ACT,2001-07-11,2,00-0039886,4428617,,SweaTV01,99321,11691
2026,1,ATL,Layden Robinson,OL,ACT,2001-03-03,2,00-0039887,,,,,
2026,1,PHI,Quinyon Mitchell,DB,ACT,2001-07-18,2,00-0039888,4686273,,MitcQu00,130628,11662
2026,1,ATL,Maason Smith,DL,ACT,2002-10-13,2,00-0039889,4431567,,SmitMa07,146774,11698
2026,1,NYJ,Adonai Mitchell,WR,ACT,2002-10-08,2,00-0039890,4597500,40915,MitcAd00,146712,11625
2026,1,JAX,Brian Thomas Jr.,WR,ACT,2002-10-08,2,00-0039893,4432773,40883,ThomBr06,146760,11631
2026,1,KC,Xavier Worthy,WR,ACT,2003-04-27,2,00-0039894,4683062,40877,WortXa00,144718,11624
2026,1,CLE,Mike Hall Jr.,DL,ACT,2003-06-13,2,00-0039895,4600415,,HallMi00,145076,11692
2026,1,PIT,Zach Frazier,OL,ACT,2001-08-29,2,00-0039896,,,,,
2026,1,LAC,Joe Alt,OL,ACT,2003-02-28,2,00-0039897,,,,,
2026,1,WAS,Mike Sainristil,DB,ACT,2000-10-03,2,00-0039898,4428414,,SainMi00,97180,11676
2026,1,MIA,Patrick Paul,OL,ACT,2001-11-01,2,00-0039899,,,,,
2026,1,BUF,Keon Coleman,WR,ACT,2003-05-17,2,00-0039901,4635008,40911,ColeKe02,144949,11637
2026,1,TB,Chris Braswell,LB,ACT,2001-10-25,2,00-0039902,4428989,,BrasCh01,123908,11679
2026,1,DET,Terrion Arnold,DB,ACT,2003-03-22,2,00-0039903,4592837,,ArnoTe00,146603,11661
2026,1,GB,Jordan Morgan,OL,ACT,2001-08-04,2,00-0039904,,,,,
2026,1,TB,Graham Barton,OL,ACT,2002-06-01,2,00-0039905,,,,,
2026,1,WAS,Jer'Zhan Newton,DL,ACT,2002-08-31,2,00-0039906,4430560,,NewtJe00,129420,11699
2026,1,NO,Ja'Lynn Polk,WR,ACT,2002-04-11,2,00-0039907,4430637,40914,PolkJa00,123153,11619
2026,1,CIN,Kris Jenkins,DL,ACT,2001-10-10,2,00-0039908,4432301,,JenkKr01,129584,11688
2026,1,WAS,Jayden Daniels,QB,ACT,2000-12-18,2,00-0039910,4426348,40896,DaniJa02,97993,11566
2026,1,MIA,Chop Robinson,LB,ACT,2003-01-02,2,00-0039911,4431586,,RobiCh00,144901,11663
2026,1,WAS,Ben Sinnott,TE,ACT,2002-06-14,2,00-0039912,4690923,40931,SinnBe00,122616,11596
2026,1,WAS,Brandon Coleman,OL,ACT,2000-10-12,2,00-0039913,,,,,
2026,1,LAC,Ladd McConkey,WR,ACT,2001-11-11,2,00-0039915,4612826,40908,McCoLa00,124030,11635
2026,1,SF,Ricky Pearsall,WR,ACT,2000-09-09,2,00-0039916,4428209,40892,PearRi00,100660,11638
2026,1,ATL,Michael Penix Jr.,QB,ACT,2000-05-08,2,00-0039917,4360423,40889,PeniMi00,82134,11559
2026,1,CHI,Caleb Williams,QB,ACT,2001-11-18,2,00-0039918,4431611,40900,WillCa03,144622,11560
2026,1,CHI,Rome Odunze,WR,ACT,2002-06-03,2,00-0039919,4431299,40901,OdunRo00,73774,11620
2026,1,CLE,Malachi Corley,WR,ACT,2002-03-21,2,00-0039920,4613104,40944,CorlMa00,66272,11617
2026,1,AZ,Trey Benson,RB,ACT,2002-07-23,2,00-0039921,4429275,40958,BensTr01,131705,11589
2026,1,MIN,J.J. McCarthy,QB,ACT,2003-01-20,2,00-0039923,4433970,40905,McCaJJ00,144918,11565
2026,1,MIN,Dallas Turner,LB,ACT,2003-02-02,2,00-0039924,4565190,,TurnDa01,146604,11667
2026,1,CIN,Amarius Mims,OL,ACT,2002-10-14,2,00-0039925,,,,,
2026,1,SEA,Jalen Sundell,OL,ACT,1999-10-18,2,00-0039926,,,,,
2026,1,BUF,Travis Clayton,OL,E14,2001-02-17,2,00-0039930,,,,,
2026,1,PIT,Julius Welschof,LB,E14,1997-03-12,2,00-0039931,,,,,
2026,1,LAC,Laekin Vakalahi,OL,E14,2003-01-28,2,00-0039932,,,,,
2026,1,IND,Bayron Matos,OL,E14,2000-12-08,2,00-0039933,,,,,
2026,1,BAL,David Olajiga,DL,ACT,1997-11-03,2,00-0039938,,,,,
2026,1,SEA,Jamie Sheriff,LB,ACT,2000-08-18,2,00-0039944,4685984,,SherJa01,121433,12436
2026,1,AZ,Elliott Brown,LB,ACT,1998-02-02,2,00-0039956,,,,,
2026,1,WAS,T.J. Maguranyanga,DL,E14,2002-12-22,1,00-0040004,5278092,,MaguTJ00,197942,
2026,1,DAL,Tyler Booker,OL,ACT,2004-04-12,1,00-0040007,,,,,
2026,1,DAL,Shavon Revel Jr.,DB,ACT,2002-04-12,1,00-0040008,5095865,,ReveSh00,162653,12559
2026,1,GB,Savion Williams,WR,ACT,2001-11-22,1,00-0040009,4431487,,WillSa01,123101,12482
2026,1,GB,Barryn Sorrell,DL,ACT,2002-12-22,1,00-0040010,4683643,,SorrBa00,144739,12644
2026,1,DAL,Shemar James,LB,ACT,2004-06-24,1,00-0040011,4685400,,JameSh00,157749,12614
2026,1,GB,Collin Oliver,LB,ACT,2002-09-23,1,00-0040012,4683059,,OlivCo00,144664,12669
2026,1,PHI,Smael Mondon Jr.,LB,ACT,2003-02-13,1,00-0040013,4431573,,MondSm01,146725,12667
2026,1,GB,Kyle McCord,QB,ACT,2002-09-19,1,00-0040014,4433971,,McCoKy00,145053,12494
2026,1,PHI,Myles Hinton,OL,ACT,2002-01-09,1,00-0040015,,,,,
2026,1,GB,Warren Brinson,DL,ACT,2002-02-04,1,00-0040016,4429136,,BrinWa00,124013,12704
2026,1,DAL,Ajani Cornelius,OL,ACT,2002-05-21,1,00-0040017,,,,,
2026,1,CIN,Antwaun Powell-Ryland,LB,ACT,2002-02-23,1,00-0040018,4429009,,PoweAn00,124392,12697
2026,1,DAL,Jay Toia,DL,ACT,2003-07-16,1,00-0040019,4431603,,ToiaJa00,146406,12737
2026,1,TEN,Micah Robinson,DB,ACT,2002-02-05,1,00-0040020,4695280,,RobiMi01,139042,12730
2026,1,DAL,Phil Mafah,RB,ACT,2002-10-24,1,00-0040021,4431562,,MafaPh00,144123,12738
2026,1,BUF,Tommy Akingbesote,DL,ACT,2003-02-25,1,00-0040022,4683450,,AkinTo00,144906,12739
2026,1,GB,John Williams,OL,ACT,2002-01-17,1,00-0040023,,,,,
2026,1,PHI,Darius Cooper,WR,ACT,2001-11-22,1,00-0040024,4715355,,CoopDa01,136866,13150
2026,1,SEA,Maxen Hook,DB,ACT,2001-08-19,1,00-0040026,,,,,
2026,1,PHI,Brandon Johnson,DB,ACT,2003-03-25,1,00-0040027,4594338,,JohnBr24,143858,
2026,1,PHI,Hollin Pierce,OL,ACT,2001-04-19,1,00-0040031,,,,,
2026,1,GB,Johnathan Baldwin,DB,ACT,2003-02-08,1,00-0040033,4709980,,BaldJo01,146214,
2026,1,GB,Brant Banks,OL,ACT,2000-05-01,1,00-0040034,,,,,
2026,1,WAS,Tyler Cooper,OL,ACT,2001-04-20,1,00-0040036,,,,,
2026,1,CLE,Tyron Herring,DB,ACT,2001-04-14,1,00-0040038,,,,,
2026,1,LAC,Amar Johnson,RB,ACT,2003-01-31,1,00-0040039,4878878,,JohnAm00,148220,12928
2026,1,GB,Nazir Stackhouse,DL,ACT,2002-04-18,1,00-0040041,4429142,,StacNa00,124040,12927
2026,1,DAL,Justin Barron,LB,ACT,2001-10-25,1,00-0040043,4429249,,BarrJu00,123032,12853
2026,1,DAL,Zion Childress,DB,ACT,2002-01-21,1,00-0040044,4685841,,ChilZi00,121963,
2026,1,DAL,Alijah Clark,DB,ACT,2003-07-11,1,00-0040045,4595352,,ClarAl01,145141,12855
2026,1,AZ,Rivaldo Fairweather,TE,ACT,2002-07-19,1,00-0040046,,,,,
2026,1,DAL,Traeshon Holden,WR,ACT,2001-09-12,1,00-0040048,4429172,,HoldTr00,123917,12849
2026,1,HOU,Josh Kelly,WR,ACT,2001-07-01,1,00-0040049,,,,,
2026,1,SEA,Tyrone Broden,WR,ACT,2001-02-26,1,00-0040053,,,,,
2026,1,MIA,Seth Coleman,DL,ACT,2000-12-07,1,00-0040054,,,,,
2026,1,SEA,Jalan Gaines,DL,ACT,2001-04-12,1,00-0040055,,,,,
2026,1,SEA,Jared Ivey,LB,ACT,2001-12-05,1,00-0040056,4605478,,IveyJa00,122480,13048
2026,1,SEA,Nick Kallerup,TE,ACT,2001-03-27,1,00-0040058,4569547,,KallNi00,101679,13151
2026,1,SEA,Amari Kight,OL,ACT,2000-12-21,1,00-0040059,,,,,
2026,1,SEA,Connor O'Toole,LB,ACT,2002-08-27,1,00-0040061,4605491,,OTooCo00,131869,
2026,1,SEA,J.R. Singleton,DL,ACT,2002-02-13,1,00-0040063,,,,,
2026,1,SEA,Wy'Kevious Thomas,DL,ACT,2000-07-05,1,00-0040064,,,,,
2026,1,LAC,Isas Waxter,DB,ACT,2001-09-17,1,00-0040065,,,,,
2026,1,MIA,Jackson Woodard,LB,ACT,2002-07-02,1,00-0040066,4685637,,WoodJa02,123973,
2026,1,SEA,Jacardia Wright,RB,ACT,2000-09-26,1,00-0040067,4428943,,WrigJa05,99250,13047
2026,1,BAL,Emery Jones Jr.,OL,ACT,2004-03-05,1,00-0040068,,,,,
2026,1,BAL,Teddye Buchanan,LB,ACT,2002-10-03,1,00-0040069,4698244,,BuchTe00,142172,12640
2026,1,BAL,Carson Vinson,OL,ACT,2001-11-13,1,00-0040070,,,,,
2026,1,PHI,Mac McWilliams,DB,ACT,2001-11-29,1,00-0040071,4689651,,McWiMa01,121497,12678
2026,1,KC,Jeffrey Bassa,LB,ACT,2002-09-20,1,00-0040072,4602389,,BassJe00,146552,12672
2026,1,BAL,Bilhal Kone,DB,ACT,2002-03-03,1,00-0040073,5083656,,KoneBi00,159385,12714
2026,1,BAL,Tyler Loop,K,ACT,2001-08-04,1,00-0040074,4697745,,LoopTy00,131582,12711
2026,1,BAL,LaJohntay Wester,WR,ACT,2002-03-29,1,00-0040075,4690143,,WestLa01,123616,12699
2026,1,BAL,Aeneas Peebles,DL,ACT,2001-09-03,1,00-0040076,4565311,,PeebAe00,122379,12696
2026,1,BAL,Robert Longerbeam,DB,ACT,2001-01-18,1,00-0040077,4575860,,LongRo00,129886,12695
2026,1,KC,Brashard Smith,RB,ACT,2003-04-11,1,00-0040078,4596602,,SmitBr09,143951,12455
2026,1,TEN,Garrett Dellinger,OL,ACT,2002-02-18,1,00-0040079,,,,,
2026,1,KC,Jake Briningstool,TE,ACT,2002-12-09,1,00-0040081,4431196,,BrinJa00,124831,12817
2026,1,GB,Dalton Cooper,OL,ACT,2001-03-15,1,00-0040083,,,,,
2026,1,BUF,Mac Dalena,WR,ACT,2001-10-04,1,00-0040086,,,,,
2026,1,NO,Coziah Izzard,DL,ACT,2001-11-06,1,00-0040088,,,,,
2026,1,KC,Kevin Knowles,DB,ACT,2003-04-09,1,00-0040089,4602648,,KnowKe00,143885,
2026,1,KC,Esa Pole,OL,ACT,2001-07-04,1,00-0040092,,,,,
2026,1,KC,Melvin Smith Jr.,DB,ACT,2002-04-12,1,00-0040093,,,,,
2026,1,KC,Tre Watson,TE,ACT,2002-10-12,1,00-0040094,,,,,
2026,1,BAL,Gerad Lichtenhan,OL,ACT,2001-12-03,1,00-0040098,,,,,
2026,1,BAL,Xavier Guillory,WR,ACT,2001-07-13,1,00-0040099,,,,,
2026,1,BAL,Jay Higgins,LB,ACT,2002-02-14,1,00-0040100,4565350,,HiggJa01,129469,13024
2026,1,BAL,Keondre Jackson,DB,ACT,2002-05-02,1,00-0040104,4878287,,JackKe03,138208,
2026,1,TB,Jayson Jones,DL,ACT,2001-10-29,1,00-0040105,,,,,
2026,1,IND,Reuben Lowery,DB,RET,2002-07-30,1,00-0040106,4692970,,LoweRe00,129393,
2026,1,PHI,Chandler Martin,LB,CUT,2002-12-11,1,00-0040108,4695086,,MartCh02,139005,
2026,1,BAL,Jared Penning,OL,ACT,2000-09-17,1,00-0040110,,,,,
2026,1,BAL,Marquise Robinson,DB,ACT,2002-07-16,1,00-0040112,,,,,
2026,1,KC,Josh Simmons,OL,ACT,2002-12-26,1,00-0040116,,,,,
2026,1,KC,Cooper McDonald,LB,ACT,2001-08-07,1,00-0040118,4567826,,McDoCo01,131903,13174
2026,1,KC,Jimmy Holiday,WR,ACT,2001-12-16,1,00-0040120,,,,,
2026,1,LV,Ashton Jeanty,RB,ACT,2003-12-02,1,00-0040122,4890973,,JeanAs00,157196,12527
2026,1,NYJ,Armand Membou,OL,ACT,2004-03-27,1,00-0040123,,,,,
2026,1,CAR,Tetairoa McMillan,WR,ACT,2003-04-05,1,00-0040124,4685472,,McMiTe00,158735,12526
2026,1,NO,Kelvin Banks Jr.,OL,ACT,2004-03-10,1,00-0040125,,,,,
2026,1,CHI,Colston Loveland,TE,ACT,2004-04-09,1,00-0040126,4723086,,LoveCo00,158540,12517
2026,1,MIA,Kenneth Grant,DL,ACT,2003-10-27,1,00-0040127,4894654,,GranKe01,162816,12564
2026,1,IND,Tyler Warren,TE,ACT,2002-05-24,1,00-0040128,4431459,,WarrTy00,129798,12518
2026,1,TB,Emeka Egbuka,WR,ACT,2002-10-14,1,00-0040129,4567750,,EgbuEm01,145055,12514
2026,1,HOU,Jayden Higgins,WR,ACT,2002-12-15,1,00-0040130,4877706,,HiggJa00,150240,12484
2026,1,NE,Kyle Williams,WR,ACT,2002-11-13,1,00-0040131,4613202,,WillKy03,128374,12547
2026,1,BUF,Landon Jackson,DL,ACT,2003-01-02,1,00-0040132,4432715,,JackLa03,146784,12580
2026,1,NYJ,Azareye'h Thomas,DB,ACT,2004-07-06,1,00-0040133,4685596,,ThomAz00,156277,12601
2026,1,DEN,Pat Bryant,WR,ACT,2002-12-10,1,00-0040134,4600981,,BryaPa00,144800,12492
2026,1,SF,Nick Martin,LB,ACT,2002-10-13,1,00-0040135,4573188,,MartNi01,144667,12630
2026,1,CAR,Princely Umanmielen,LB,ACT,2002-04-18,1,00-0040136,4429166,,UmanPr00,124398,12610
2026,1,AZ,Jordan Burch,LB,ACT,2001-10-10,1,00-0040137,4428996,,BurcJo00,124227,12579
2026,1,HOU,Jaylin Noel,WR,ACT,2002-09-04,1,00-0040138,4586312,,NoelJa00,125155,12536
2026,1,IND,Justin Walley,DB,ACT,2002-09-22,1,00-0040139,4682909,,WallJu00,144980,12625
2026,1,CIN,Dylan Fairchild,OL,ACT,2003-05-08,1,00-0040140,,,,,
2026,1,TEN,Kevin Winston Jr.,DB,ACT,2003-12-02,1,00-0040141,4685617,,WinsKe02,164192,12588
2026,1,PIT,Kaleb Johnson,RB,ACT,2003-08-14,1,00-0040142,4819231,,JohnKa03,156419,12504
2026,1,TB,Jacob Parrish,DB,ACT,2004-02-29,1,00-0040143,4912847,,ParrJa01,157777,12605
2026,1,LAC,Jamaree Caldwell,DL,ACT,2000-08-30,1,00-0040144,5089178,,CaldJa00,162505,12620
2026,1,JAX,Caleb Ransaw,DB,ACT,2002-12-22,1,00-0040145,4683347,,RansCa00,147264,12632
2026,1,JAX,Wyatt Milum,OL,ACT,2002-12-27,1,00-0040146,,,,,
2026,1,NE,Jared Wilson,OL,ACT,2003-06-05,1,00-0040147,,,,,
2026,1,ATL,Xavier Watts,DB,ACT,2001-11-22,1,00-0040148,4431005,,WattXa00,122914,12591
2026,1,HOU,Jaylin Smith,DB,ACT,2003-11-05,1,00-0040149,4594277,,SmitJa11,146422,12626
2026,1,LV,Caleb Rogers,OL,ACT,2001-10-03,1,00-0040150,,,,,
2026,1,LV,Charles Grant,OL,ACT,2002-03-22,1,00-0040151,,,,,
2026,1,SF,Upton Stout,DB,ACT,2002-01-09,1,00-0040152,4565200,,StouUp00,121906,12631
2026,1,DEN,Sai'vion Jones,DL,ACT,2003-07-03,1,00-0040153,4603189,,JoneSa01,146782,12628
2026,1,MIN,Tai Felton,WR,ACT,2003-03-15,1,00-0040154,4565185,,FeltTa00,144886,12496
2026,1,NO,Danny Stutsman,LB,ACT,2003-03-10,1,00-0040155,4683215,,StutDa00,144632,12650
2026,1,ATL,Billy Bowman Jr.,DB,ACT,2003-01-29,1,00-0040156,4431194,,BowmBi01,144638,12647
2026,1,CIN,Barrett Carter,LB,ACT,2002-10-23,1,00-0040157,4431519,,CartBa00,144109,12646
2026,1,TB,David Walker,LB,ACT,2000-06-03,1,00-0040158,5085355,,WalkDa03,164231,12645
2026,1,CAR,Lathan Ransom,DB,ACT,2002-07-16,1,00-0040159,4429110,,RansLa00,129755,12611
2026,1,PIT,Jack Sawyer,LB,ACT,2002-05-06,1,00-0040160,4431590,,SawyJa00,145071,12593
2026,1,LAC,Kyle Kennard,LB,ACT,2001-12-12,1,00-0040161,4432333,,KennKy00,122483,12643
2026,1,CLE,Dylan Sampson,RB,ACT,2004-09-14,1,00-0040162,5081397,,SampDy00,163772,12469
2026,1,IND,Jalen Travis,OL,ACT,2002-04-19,1,00-0040163,,,,,
2026,1,WAS,Jaylin Lane,WR,ACT,2002-05-01,1,00-0040164,4602667,,LaneJa00,121811,12641
2026,1,NYJ,Malachi Moore,DB,ACT,2001-09-13,1,00-0040165,4692024,,MoorMa04,123928,12639
2026,1,NO,Quincy Riley,DB,ACT,2001-05-26,1,00-0040166,4428350,,RileQu00,97539,12638
2026,1,CHI,Ruben Hyppolite II,LB,ACT,2001-09-16,1,00-0040167,4429970,,HyppRu00,129516,12637
2026,1,DEN,Que Robinson,LB,ACT,2001-05-12,1,00-0040168,4692048,,RobiQu00,123932,12636
2026,1,LV,Tonka Hemingway,DL,ACT,2001-10-31,1,00-0040169,4429109,,HemiTo00,124238,12635
2026,1,TEN,Elic Ayomanor,WR,ACT,2003-06-03,1,00-0040170,4883647,,AyomEl00,157263,12499
2026,1,NE,Joshua Farmer,DL,ACT,2003-01-17,1,00-0040171,4611993,,FarmJo00,143880,12587
2026,1,SF,Jordan Watkins,WR,ACT,2002-02-15,1,00-0040172,4431466,,WatkJo00,122730,12634
2026,1,MIN,Tyrion Ingram-Dawkins,DL,ACT,2003-06-26,1,00-0040173,4629149,,IngrTy00,146730,12683
2026,1,CAR,Cam Jackson,DL,ACT,2002-08-07,1,00-0040174,4687513,,JackCa01,121769,12682
2026,1,MIA,Jordan Phillips,DL,ACT,2004-06-30,1,00-0040175,4837188,,PhilJo02,157619,12679
2026,1,NE,Bradyn Swinson,LB,ACT,2002-07-04,1,00-0040176,4431424,,SwinBr01,131726,12677
2026,1,SF,Jordan James,RB,ACT,2004-03-29,1,00-0040177,4685397,,JameJo01,163295,12467
2026,1,MIA,Jason Marshall Jr.,DB,ACT,2002-09-06,1,00-0040178,4432730,,MarsJa00,146704,12675
2026,1,IND,DJ Giddens,RB,ACT,2003-08-26,1,00-0040179,4874509,,GiddDJ00,144595,12471
2026,1,CIN,Jalen Rivers,OL,ACT,2002-09-12,1,00-0040180,,,,,
2026,1,NYG,Marcus Mbow,OL,ACT,2003-04-02,1,00-0040181,,,,,
2026,1,MIA,Dante Trader Jr.,DB,ACT,2003-02-13,1,00-0040182,4431664,,TradDa00,144900,12673
2026,1,TB,Elijah Roberts,DL,ACT,2001-12-24,1,00-0040183,4690795,,RobeEl01,122222,12671
2026,1,LAC,KeAndre Lambert-Smith,WR,ACT,2001-10-16,1,00-0040184,4430870,,LambKe01,129789,12670
2026,1,SF,Marques Sigle,DB,ACT,2002-07-18,1,00-0040185,4693337,,SiglMa00,125305,12668
2026,1,NYJ,Francisco Mauigoa,LB,ACT,2003-03-17,1,00-0040186,4700136,,MauiFr00,146521,12666
2026,1,CAR,Mitchell Evans,TE,ACT,2003-05-18,1,00-0040187,4683243,,EvanMi01,147486,12473
2026,1,PIT,Yahya Black,DL,ACT,2002-04-21,1,00-0040188,4430947,,BlacYa00,129460,12665
2026,1,LAC,Oronde Gadsden II,TE,ACT,2003-06-25,1,00-0040189,4595342,,GadsOr01,144046,12493
2026,1,TEN,Jackson Slater,OL,ACT,2003-05-30,1,00-0040190,,,,,
2026,1,BUF,Jordan Hancock,DB,ACT,2003-08-12,1,00-0040192,4596480,,HancJo00,145067,12661
2026,1,DET,Miles Frazier,OL,ACT,2001-09-12,1,00-0040193,,,,,
2026,1,BUF,Jackson Hawes,TE,ACT,2000-12-06,1,00-0040194,4573699,,HaweJa00,109374,12658
2026,1,AZ,Denzel Burke,DB,ACT,2002-11-10,1,00-0040195,4432668,,BurkDe01,145070,12657
2026,1,NYJ,Tyler Baron,DL,ACT,2001-10-22,1,00-0040196,4692555,,BaroTy00,124268,12655
2026,1,BUF,Dorian Strong,DB,ACT,2002-03-14,1,00-0040197,4568703,,StroDo01,123366,12687
2026,1,MIA,Ollie Gordon II,RB,ACT,2004-01-15,1,00-0040198,4711533,,GordOl00,157792,12495
2026,1,LV,JJ Pegues,DL,ACT,2001-11-25,1,00-0040199,4430896,,PeguJJ00,123998,12689
2026,1,NE,Andy Borregales,K,ACT,2003-01-02,1,00-0040200,4569923,,BorrAn00,143934,12713
2026,1,TEN,Marcus Harris,DB,ACT,2001-03-06,1,00-0040201,4570469,,HarrMa10,97230,12712
2026,1,NO,Devin Neal,RB,ACT,2003-08-12,1,00-0040202,4682652,,NealDe00,144558,12476
2026,1,PIT,Will Howard,QB,ACT,2001-09-24,1,00-0040203,4429955,,HowaWi01,122599,12511
2026,1,HOU,Jaylen Reed,DB,ACT,2003-01-29,1,00-0040204,4432758,,ReedJa04,145100,12710
2026,1,TEN,Kalel Mullings,RB,ACT,2002-10-04,1,00-0040205,4429121,,MullKa00,129590,12516
2026,1,IND,Riley Leonard,QB,ACT,2002-09-13,1,00-0040206,4683423,,LeonRi02,143862,12470
2026,1,IND,Tim Smith,DL,ACT,2002-08-09,1,00-0040207,4692033,,SmitTi02,123935,12691
2026,1,CIN,Tahj Brooks,RB,ACT,2002-05-13,1,00-0040208,4429299,,BrooTa00,123133,12543
2026,1,JAX,Jalen McLeod,LB,ACT,2002-06-05,1,00-0040209,4576129,,McLeJa00,122248,12708
2026,1,CHI,Luke Newman,OL,ACT,2002-03-03,1,00-0040210,,,,,
2026,1,HOU,Graham Mertz,QB,ACT,2000-12-06,1,00-0040211,4426335,,MertGr00,97994,12705
2026,1,LAC,Branson Taylor,OL,ACT,2002-02-13,1,00-0040212,,,,,
2026,1,JAX,Rayuan Lane III,DB,ACT,2003-07-21,1,00-0040213,4880675,,LaneRa00,144326,12702
2026,1,NYJ,Kobe King,LB,RES,2003-01-28,1,00-0040214,4588300,,KingKo00,145097,12701
2026,1,MIN,Gavin Bartholomew,TE,ACT,2003-04-30,1,00-0040215,4708049,,BartGa00,144013,12700
2026,1,WAS,Kain Medrano,LB,ACT,2001-02-16,1,00-0040216,4427984,,MedrKa00,100655,12684
2026,1,BUF,Chase Lundt,OL,ACT,2000-06-16,1,00-0040217,,,,,
2026,1,CAR,Jimmy Horn Jr.,WR,ACT,2002-09-12,1,00-0040218,4708486,,HornJi00,144483,12523
2026,1,AZ,Hayden Conner,OL,ACT,2002-04-26,1,00-0040219,,,,,
2026,1,LAC,R.J. Mickens,DB,ACT,2001-07-10,1,00-0040221,4429018,,MickRJ00,122153,12694
2026,1,MIA,Cam Miller,QB,ACT,2001-06-18,1,00-0040222,4693331,,MillCa00,125299,12688
2026,1,DEN,Jeremy Crawshaw,P,E14,2001-05-22,1,00-0040223,4589212,,CrawJe00,124372,12693
2026,1,ATL,Jack Nelson,OL,ACT,2002-01-15,1,00-0040224,,,,,
2026,1,NYG,Thomas Fidone II,TE,ACT,2002-09-20,1,00-0040225,4590292,,FidoTh00,144997,12715
2026,1,NE,Marcus Bryant,OL,ACT,2002-06-22,1,00-0040226,,,,,
2026,1,JAX,Jonah Monheim,OL,ACT,2002-06-07,1,00-0040227,,,,,
2026,1,LV,Cody Lindenberg,LB,ACT,2002-01-15,1,00-0040228,4685126,,LindCo00,129660,12722
2026,1,HOU,Kyonte Hamilton,DL,ACT,2002-11-07,1,00-0040229,4677281,,HamiKy01,145148,12724
2026,1,AZ,Kitan Crawford,DB,ACT,2001-12-31,1,00-0040230,4430821,,CrawKi00,123111,12736
2026,1,PIT,Carson Bruener,LB,ACT,2001-06-06,1,00-0040231,4429490,,BrueCa00,131889,12733
2026,1,PIT,Donte Kent,DB,ACT,2001-09-28,1,00-0040232,4608004,,KentDo00,130439,12734
2026,1,DET,Dan Jackson,DB,ACT,2000-11-30,1,00-0040233,4575115,,JackDa04,98883,12731
2026,1,MIA,Quinn Ewers,QB,ACT,2003-03-15,1,00-0040234,4889929,,EwerQu00,127253,12500
2026,1,IND,Hunter Wohler,DB,ACT,2003-01-12,1,00-0040235,4432789,,WohlHu00,145183,12723
2026,1,CHI,Kyle Monangai,RB,ACT,2002-06-06,1,00-0040236,4608686,,MonaKy00,129891,12534
2026,1,TB,Tez Johnson,WR,ACT,2002-05-18,1,00-0040237,4608810,,JohnTe03,123709,12485
2026,1,JAX,LeQuint Allen Jr.,RB,ACT,2004-08-05,1,00-0040238,4911851,,AlleLe01,158290,12544
2026,1,DEN,Caleb Lohner,TE,ACT,2001-10-01,1,00-0040240,4432208,,LohnCa00,188299,12735
2026,1,DET,Dominic Lovett,WR,ACT,2002-11-08,1,00-0040241,4596439,,LoveDo00,146872,12732
2026,1,WAS,Jacory Croskey-Merritt,RB,ACT,2001-04-12,1,00-0040242,4575131,,CrosJa00,102382,12533
2026,1,NYG,Korie Black,DB,ACT,2002-06-22,1,00-0040243,4429281,,BlacKo00,122958,12716
2026,1,NO,Moliki Matavao,TE,ACT,2003-03-17,1,00-0040244,4432731,,MataMo00,146561,12480
2026,1,SF,Connor Colby,OL,ACT,2003-01-16,1,00-0040245,,,,,
2026,1,NE,Julian Ashby,LS,ACT,2002-07-08,1,00-0040246,,,,,
2026,1,SF,Junior Bergen,WR,ACT,2002-10-23,1,00-0040247,4887918,,BergJu00,147642,12743
2026,1,MIA,Zeek Biggers,DL,ACT,2003-10-04,1,00-0040248,4683276,,BiggZe01,143903,12720
2026,1,NO,Fadil Diggs,LB,ACT,2001-10-05,1,00-0040249,4429073,,DiggFa00,124314,12609
2026,1,DAL,Trikweze Bridges,DB,ACT,2000-09-20,1,00-0040251,4426513,,BridTr00,100378,12717
2026,1,NE,Kobee Minor,DB,ACT,2002-07-08,1,00-0040252,4566100,,MinoKo00,123148,12726
2026,1,CLE,Adin Huntington,DL,ACT,2002-03-18,1,00-0040255,4605792,,HuntAd00,130493,13104
2026,1,CLE,Dom Jones,DB,ACT,2000-07-16,1,00-0040258,,,,,
2026,1,CLE,Gage Larvadain,WR,ACT,2003-01-03,1,00-0040259,4877203,,LarvGa00,150169,13101
2026,1,CLE,Ahmani Marshall,RB,ACT,2002-03-21,1,00-0040260,4432374,,MarsAh00,123391,12797
2026,1,CLE,Easton Mascarenas-Arnold,LB,ACT,2002-09-13,1,00-0040261,5085888,,MascEa00,71410,13165
2026,1,CLE,Donovan McMillon,DB,ACT,2002-06-18,1,00-0040263,4686027,,McMiDo00,146700,
2026,1,CAR,Ja'Seem Reed,WR,ACT,2003-03-21,1,00-0040265,4876995,,ReedJa05,149619,13179
2026,1,CHI,Luke Elkin,LS,ACT,2002-06-27,1,00-0040271,,,,,
2026,1,CHI,JP Richardson,WR,ACT,2002-03-23,1,00-0040275,4685183,,RichJP00,144650,12746
2026,1,CHI,Jahdae Walker,WR,ACT,2002-07-05,1,00-0040277,5160110,,WalkJa03,175944,13079
2026,1,CAR,Ryan Fitzgerald,K,ACT,2000-08-13,1,00-0040279,4568263,,FitzRy01,99867,12961
2026,1,CAR,Jared Harrison-Hunte,DL,ACT,2000-07-22,1,00-0040283,,,,,
2026,1,PIT,Jack Henderson,DB,ACT,2001-12-26,1,00-0040284,,,,,
2026,1,CAR,Bam Martin-Scott,LB,ACT,2000-07-04,1,00-0040289,4880613,,MartBa00,146904,12956
2026,1,CAR,Bryce Pierre,TE,RES,2001-01-25,1,00-0040292,,,,,
2026,1,CAR,Michael Reid,DB,ACT,2002-05-24,1,00-0040293,,,,,
2026,1,JAX,Trevian Thomas,DB,ACT,2002-03-04,1,00-0040295,4570633,,ThomTr04,121544,
2026,1,CAR,Corey Thornton,DB,ACT,2001-01-30,1,00-0040296,4431426,,ThorCo00,123763,12957
2026,1,KC,Andrew Armstrong,WR,ACT,2000-10-31,1,00-0040298,5093923,,ArmsAn01,160110,12863
2026,1,MIA,A.J. Henning,WR,ACT,2001-09-09,1,00-0040302,,,,,
2026,1,MIA,Alex Huntley,DL,ACT,2001-10-08,1,00-0040304,,,,,
2026,1,MIA,Josh Priebe,OL,ACT,2001-07-30,1,00-0040307,,,,,
2026,1,MIA,Ethan Robinson,DB,ACT,2003-04-30,1,00-0040308,,,,,
2026,1,NE,John Saunders Jr.,DB,ACT,2001-10-24,1,00-0040310,,,,,
2026,1,MIA,Theo Wease Jr.,WR,ACT,2001-06-25,1,00-0040311,4426535,,WeasTh00,98005,12860
2026,1,KC,Kam Arnold,LB,ACT,2002-02-19,1,00-0040313,,,,,
2026,1,WAS,Ricky Barber,DL,ACT,2001-01-31,1,00-0040314,4428343,,BarbRi00,98154,
2026,1,WAS,Jacoby Jones,WR,ACT,2001-07-18,1,00-0040317,5083297,,JoneJa15,157518,13120
2026,1,WAS,Ale Kaho,LB,ACT,2000-04-07,1,00-0040318,4361090,,KahoAl00,82646,
2026,1,WAS,Robert McDaniel,DB,ACT,2000-10-18,1,00-0040319,,,,,
2026,1,WAS,Timothy McKay,OL,ACT,2002-01-15,1,00-0040320,,,,,
2026,1,WAS,Car'lin Vigers,DB,ACT,2000-08-16,1,00-0040322,,,,,
2026,1,JAX,Chandler Brayboy,WR,ACT,2001-08-20,1,00-0040323,,,,,
2026,1,JAX,Branson Combs,LB,ACT,2000-07-14,1,00-0040326,4572704,,CombBr00,105001,12917
2026,1,KC,Ethan Downs,LB,ACT,2002-10-13,1,00-0040328,4431534,,DownEt00,144636,
2026,1,JAX,BJ Green II,DL,ACT,2003-07-03,1,00-0040329,4875266,,GreeBJ00,146277,12910
2026,1,JAX,Patrick Herbert,TE,ACT,2000-10-18,1,00-0040331,,,,,
2026,1,JAX,Jabbar Muhammad,DB,ACT,2001-12-28,1,00-0040336,,,,,
2026,1,IND,Eli Pancol,WR,ACT,2000-07-07,1,00-0040337,4430288,,PancEl00,97995,12909
2026,1,JAX,Keivie Rose,DL,ACT,2000-12-14,1,00-0040338,,,,,
2026,1,JAX,Cam'Ron Silmon-Craig,DB,ACT,2002-10-30,1,00-0040339,4877475,,SilmCa00,150938,
2026,1,PIT,Doneiko Slaughter,DB,ACT,2001-11-08,1,00-0040341,,,,,
2026,1,JAX,Danny Striggow,DL,ACT,2002-07-24,1,00-0040342,4573319,,StriDa01,129668,
2026,1,IND,Johnathan Edwards,DB,ACT,2001-11-16,1,00-0040347,4695991,,EdwaJo00,148086,
2026,1,TB,Marshall Foerner,OL,ACT,2000-12-31,1,00-0040349,,,,,
2026,1,IND,Coleman Owen,WR,ACT,2001-03-23,1,00-0040352,4578436,,OwenCo00,104969,12829
2026,1,IND,Trey Washington,DB,ACT,2002-12-09,1,00-0040357,4599160,,WashTr00,146822,
2026,1,CIN,Jacob Bayer,OL,ACT,2002-12-12,1,00-0040359,,,,,
2026,1,BUF,Stephen Gosnell,WR,ACT,2001-10-22,1,00-0040361,,,,,
2026,1,BUF,Keonta Jenkins,LB,ACT,2002-01-26,1,00-0040362,4577066,,JenkKe01,123352,
2026,1,BUF,Keleki Latu,TE,ACT,2002-08-13,1,00-0040363,4688552,,LatuKe00,146291,12765
2026,1,BUF,Wande Owens,DB,ACT,2001-03-26,1,00-0040364,,,,,
2026,1,CIN,Howard Cross III,DL,ACT,2001-07-31,1,00-0040369,4426992,,CrosHo01,102726,
2026,1,MIN,Caleb Etienne,OL,ACT,2001-08-29,1,00-0040370,,,,,
2026,1,NE,Eric Gregory,DL,ACT,2000-09-13,1,00-0040371,4567171,,GregEr00,98930,
2026,1,CIN,Bralyn Lux,DB,ACT,2000-08-28,1,00-0040372,4575559,,LuxxBr00,97143,
2026,1,DET,Seth McLaughlin,OL,ACT,2001-08-27,1,00-0040374,,,,,
2026,1,CIN,Jordan Moore,WR,ACT,2002-04-18,1,00-0040375,4594444,,,143865,12761
2026,1,CIN,William Wagner,LS,ACT,2000-12-20,1,00-0040379,,,,,
2026,1,CLE,Jeremiah Byers,OL,ACT,2001-03-23,1,00-0040380,,,,,
2026,1,AZ,Josh Fryar,OL,ACT,2002-02-12,1,00-0040382,,,,,
2026,1,AZ,Bryson Green,WR,ACT,2002-12-30,1,00-0040383,,,,,
2026,1,TB,Elijah Simmons,DL,ACT,2001-07-26,1,00-0040384,4430478,,SimmEl00,98915,
2026,1,DET,Zach Horton,TE,ACT,2002-12-02,1,00-0040387,,,,,
2026,1,GB,Jakobie Keeney-James,WR,ACT,2000-09-26,1,00-0040388,5178972,,KeenJa00,102578,12935
2026,1,DET,Jackson Meeks,WR,ACT,2003-03-24,1,00-0040390,4602788,,MeekJa00,146714,12938
2026,1,DET,Mason Miller,OL,ACT,2001-11-26,1,00-0040391,,,,,
2026,1,DET,Kye Robichaux,RB,ACT,2002-10-06,1,00-0040393,4880638,,RobiKy00,145532,12954
2026,1,CAR,Anthony Tyus III,RB,ACT,2003-03-20,1,00-0040394,,,,,
2026,1,CAR,Jared Bartlett,LB,ACT,2001-04-01,1,00-0040395,,,,,
2026,1,NYJ,Dean Clark,DB,ACT,2001-06-01,1,00-0040396,4426921,,ClarDe03,97495,
2026,1,NYJ,Jordan Clark,DB,ACT,2001-04-22,1,00-0040397,4429411,,ClarJo00,97324,
2026,1,NYJ,Brady Cook,QB,ACT,2001-10-12,1,00-0040398,4429435,,CookBr03,124199,12538
2026,1,MIA,Donovan Edwards,RB,ACT,2003-02-25,1,00-0040400,4431536,,,144917,12515
2026,1,NYJ,Payton Page,DL,ACT,2002-09-27,1,00-0040404,4431582,,PagePa00,144131,
2026,1,NYJ,Jamaal Pritchett,WR,ACT,2003-06-10,1,00-0040405,4892576,,PritJa00,155624,12925
2026,1,NYJ,Quentin Skinner,WR,RES,2001-12-24,1,00-0040406,4613050,,SkinQu00,122579,
2026,1,SEA,Ja'Markis Weston,LB,ACT,2000-08-10,1,00-0040408,4567416,,WestJa02,98826,
2026,1,HOU,Austin Brinkman,LS,ACT,2002-06-20,1,00-0040409,,,,,
2026,1,HOU,Eli Cox,OL,ACT,2000-10-19,1,00-0040410,,,,,
2026,1,HOU,Alijah Huzzie,DB,ACT,2001-01-16,1,00-0040411,4577494,,HuzzAl00,101807,
2026,1,HOU,K.C. Ossai,LB,ACT,2002-11-05,1,00-0040413,,,,,
2026,1,HOU,Junior Tafuna,DL,ACT,2001-02-27,1,00-0040414,,,,,
2026,1,TB,Connor Bazelak,QB,ACT,2000-09-22,1,00-0040415,,,,,
2026,1,TB,John Bullock,LB,ACT,2001-04-22,1,00-0040416,4569563,,BullJo01,101601,12790
2026,1,TB,Benjamin Chukwuma,OL,ACT,2001-05-08,1,00-0040417,,,,,
2026,1,TB,Garrett Greene,WR,ACT,2001-10-12,1,00-0040419,,,,,
2026,1,TB,Nash Hutmacher,DL,ACT,2001-05-15,1,00-0040420,,,,,
2026,1,PHI,Jake Majors,OL,ACT,2002-01-17,1,00-0040422,,,,,
2026,1,TB,JJ Roberts,DB,ACT,2001-09-22,1,00-0040425,,,,,
2026,1,TB,Ben Scott,OL,ACT,2001-01-09,1,00-0040427,,,,,
2026,1,TB,Josh Williams,RB,ACT,2000-06-09,1,00-0040429,4568024,,WillJo011,99171,12787
2026,1,NYG,Dalen Cambre,WR,ACT,2001-04-10,1,00-0040431,4570296,,CambDa00,102933,
2026,1,NYG,Beaux Collins,WR,ACT,2002-12-16,1,00-0040432,4431210,,CollBe00,144112,12889
2026,1,NYG,Trace Ford,LB,ACT,2001-01-24,1,00-0040434,,,,,
2026,1,MIA,Marques Cox,OL,ACT,1999-12-28,1,00-0040442,,,,,
2026,1,TEN,Courtney Jackson,WR,ACT,2001-03-13,1,00-0040445,4565172,,,99703,12772
2026,1,DEN,Karene Reid,LB,ACT,2000-02-19,1,00-0040449,4875336,,ReidKa00,146447,12781
2026,1,DEN,Jaden Robinson,DB,ACT,2000-11-14,1,00-0040450,,,,,
2026,1,NO,Xavier Truss,OL,ACT,2001-07-13,1,00-0040451,,,,,
2026,1,DEN,Johnny Walker Jr.,DL,ACT,2001-12-12,1,00-0040452,,,,,
2026,1,DEN,Kristian Williams,DL,ACT,2000-12-05,1,00-0040454,,,,,
2026,1,LAC,TeRah Edwards,DL,ACT,2001-06-03,1,00-0040458,,,,,
2026,1,LAC,Marlowe Wax,LB,ACT,2002-12-13,1,00-0040460,4431467,,WaxxMa00,123057,12835
2026,1,LAC,Luke Grimm,WR,ACT,2001-08-08,1,00-0040461,4433830,,GrimLu00,122561,12803
2026,1,LAC,DJ Uiagalelei,QB,ACT,2001-04-17,1,00-0040464,4429020,,UiagDJ00,122162,12773
2026,1,CLE,Raheim Sanders,RB,ACT,2002-06-08,1,00-0040466,4601080,,SandRa00,146626,12472
2026,1,LAC,Josh Kaltenberger,OL,ACT,2001-08-10,1,00-0040467,,,,,
2026,1,LAC,Eric Rogers,DB,ACT,2002-04-02,1,00-0040468,4433895,,,130576,12840
2026,1,LAC,Nikko Reed,DB,ACT,2003-03-03,1,00-0040471,4691043,,ReedNi00,146321,12838
2026,1,LAC,Garmon Randolph,LB,ACT,2000-10-05,1,00-0040472,,,,,
2026,1,LAC,Myles Purchase,DB,ACT,2002-11-26,1,00-0040473,,,,,
2026,1,DEN,Nash Jones,OL,ACT,2002-03-29,1,00-0040475,,,,,
2026,1,IND,Ulysses Bentley IV,RB,ACT,2000-12-30,1,00-0040476,4426689,,BentUl00,97200,12826
2026,1,LV,Treven Ma'ae,DL,ACT,2001-02-26,1,00-0040487,,,,,
2026,1,LV,Carter Runyon,TE,ACT,2001-07-23,1,00-0040488,5155825,,RunyCa00,177002,13122
2026,1,LV,Greedy Vance,DB,ACT,2001-10-08,1,00-0040489,4686337,,VancGr00,122729,13019
2026,1,MIN,Tyler Batty,LB,ACT,1999-05-02,1,00-0040492,4608794,,BattTy00,122052,
2026,1,MIN,Max Brosmer,QB,ACT,2001-03-28,1,00-0040494,4573398,,BrosMa00,105568,12775
2026,1,SEA,Logan Brown,OL,ACT,2001-04-17,1,00-0040495,,,,,
2026,1,MIN,Chaz Chambliss,LB,ACT,2002-10-25,1,00-0040496,4431520,,ChamCh01,146728,12879
2026,1,MIN,Dontae Fleming,WR,ACT,2001-11-28,1,00-0040498,,,,,
2026,1,MIN,Joe Huber,OL,ACT,2002-05-02,1,00-0040500,,,,,
2026,1,AZ,Austin Keys,LB,ACT,2002-04-03,1,00-0040501,4429185,,KeysAu00,124137,12948
2026,1,TEN,Dorian Mausi,LB,ACT,2002-03-05,1,00-0040503,,,,,
2026,1,MIN,Bryson Nesbit,TE,ACT,2002-09-25,1,00-0040504,,,,,
2026,1,MIN,Myles Price,WR,ACT,2001-12-16,1,00-0040506,4430656,,PricMy00,123155,13075
2026,1,MIN,Zemaiah Vaughn,DB,ACT,2002-04-02,1,00-0040507,4695609,,VaugZe00,131882,12942
2026,1,MIN,Ben Yurosek,TE,ACT,2002-03-17,1,00-0040509,4433959,,YuroBe00,131786,13121
2026,1,TEN,Brandon Crenshaw-Dickson,OL,ACT,2001-02-22,1,00-0040512,,,,,
2026,1,TEN,Cam Horsley,DL,ACT,2002-02-06,1,00-0040517,,,,,
2026,1,CIN,Jalen Kimber,DB,ACT,2001-02-13,1,00-0040518,,,,,
2026,1,TEN,Xavier Restrepo,WR,ACT,2002-04-12,1,00-0040522,4431353,,RestXa00,122220,12520
2026,1,PIT,Sebastian Castro,DB,ACT,2000-10-14,1,00-0040527,4426882,,CastSe01,101402,12955
2026,1,PIT,JJ Galbreath,TE,ACT,2001-08-05,1,00-0040528,,,,,
2026,1,NYG,Ben Sauls,K,ACT,2001-07-31,1,00-0040530,4566158,,SaulBe00,123021,
2026,1,PIT,Aiden Williams,OL,ACT,2000-08-31,1,00-0040533,,,,,
2026,1,CIN,Ke'Shawn Williams,WR,ACT,2001-12-27,1,00-0040534,4570738,,WillKe08,123406,12971
2026,1,NO,Dalys Beanum,DB,ACT,2002-10-12,1,00-0040535,,,,,
2026,1,NO,Elliott Davison,DB,ACT,2001-12-19,1,00-0040537,,,,,
2026,1,NO,Easton Kilty,OL,ACT,2002-05-01,1,00-0040539,,,,,
2026,1,NO,Torricelli Simpkins III,OL,ACT,2002-06-06,1,00-0040541,,,,,
2026,1,ATL,Cobee Bryant,DB,ACT,2001-09-17,1,00-0040546,4429324,,BryaCo02,144575,12603
2026,1,ATL,Nate Carter,RB,ACT,2002-05-22,1,00-0040547,4605841,,,147376,12897
2026,1,CAR,Joshua Gray,OL,ACT,2000-03-13,1,00-0040548,,,,,
2026,1,CHI,Dontae Manning,DB,ACT,2001-09-27,1,00-0040550,,,,,
2026,1,WAS,Nick Nash,WR,ACT,1999-07-08,1,00-0040551,4570242,,NashNi00,98679,12478
2026,1,ATL,Joshua Simon,TE,ACT,2000-11-27,1,00-0040552,4430482,,SimoJo03,98358,12883
2026,1,ATL,Malik Verdon,LB,ACT,2002-10-31,1,00-0040554,,,,,
2026,1,AZ,Corey Kiner,RB,ACT,2002-01-21,1,00-0040556,4431431,,KineCo00,86392,12491
2026,1,TEN,Drew Moss,OL,ACT,2003-05-21,1,00-0040557,,,,,
2026,1,GB,Isaiah Neyor,WR,ACT,2001-06-07,1,00-0040558,4428116,,NeyoIs00,98033,13074
2026,1,SF,Jakob Robinson,DB,ACT,2000-10-04,1,00-0040559,,,,,
2026,1,SF,Sebastian Valdez,DL,ACT,2002-08-01,1,00-0040560,,,,,
2026,1,NE,Efton Chism III,WR,ACT,2001-10-26,1,00-0040563,4695193,,ChisEf00,141521,12542
2026,1,CLE,Jack Conley,OL,ACT,2001-06-15,1,00-0040564,,,,,
2026,1,NE,Brandon Crossley,DB,ACT,2001-01-17,1,00-0040565,,,,,
2026,1,NE,CJ Dippre,TE,ACT,2002-04-29,1,00-0040566,4596545,,DippCJ00,144888,12984
2026,1,NE,Brock Lampe,RB,ACT,2003-03-31,1,00-0040567,,,,,
2026,1,NE,Lan Larison,RB,ACT,2001-10-11,1,00-0040568,4698253,,LariLa00,142157,12969
2026,1,NE,Jeremiah Webb,WR,ACT,2001-05-17,1,00-0040570,,,,,
2026,1,NYJ,Gee Scott Jr.,WR,ACT,2000-12-28,1,00-0040571,4429115,,ScotGe00,129756,12981
2026,1,NE,Elijah Ponder,LB,ACT,2002-08-29,1,00-0040574,4688432,,PondEl02,142819,12978
2026,1,ATL,Jalon Walker,LB,ACT,2004-02-24,1,00-0040577,4685597,,WalkJa02,157070,12568
2026,1,ATL,James Pearce Jr.,LB,ACT,2003-10-12,1,00-0040578,5081394,,PearJa00,163770,12585
2026,1,CLE,Carson Schwesinger,LB,ACT,2003-02-24,1,00-0040579,4876017,,SchwCa00,146401,12578
2026,1,LA,Josaiah Stewart,LB,ACT,2003-04-26,1,00-0040580,4682983,,StewJo03,147092,12621
2026,1,LV,Dont'e Thornton Jr.,WR,ACT,2002-11-30,1,00-0040581,4432775,,ThorDo00,146547,12541
2026,1,NYJ,Arian Smith,WR,ACT,2001-10-11,1,00-0040582,4429105,,SmitAr01,124039,12539
2026,1,HOU,Woody Marks,RB,ACT,2000-12-29,1,00-0040583,4429059,,MarkWo00,124179,12474
2026,1,TEN,Gunnar Helm,TE,ACT,2002-09-06,1,00-0040584,4686728,,HelmGu00,144726,12502
2026,1,LA,Ty Hamilton,DL,ACT,2002-04-15,1,00-0040585,4431118,,HamiTy00,66298,12676
2026,1,DAL,Jaydon Blue,RB,ACT,2004-01-08,1,00-0040586,4685279,,BlueJa01,157303,12457
2026,1,PHI,Drew Kendall,OL,ACT,2001-11-27,1,00-0040587,,,,,
2026,1,SEA,Pooh Paul Jr.,LB,ACT,2002-11-04,1,00-0040588,4602943,,PaulCh01,146640,12659
2026,1,SF,Kurtis Rourke,QB,ACT,2000-10-25,1,00-0040589,4430431,,RourKu01,97998,12477
2026,1,LA,Konata Mumpfield,WR,ACT,2002-10-24,1,00-0040590,4710855,,MumpKo00,145598,12718
2026,1,NE,Mehki Butler,OL,ACT,2001-04-03,1,00-0040593,,,,,
2026,1,LA,Bill Norton,DL,ACT,2000-07-07,1,00-0040595,,,,,
2026,1,LA,Brennan Presley,WR,ACT,2002-02-02,1,00-0040597,4431342,,PresBr00,122982,13011
2026,1,LA,Mark Redman,TE,ACT,2002-01-20,1,00-0040598,,,,,
2026,1,LA,Nate Valcarcel,DB,ACT,2002-05-23,1,00-0040600,,,,,
2026,1,LA,Jordan Waters,RB,ACT,2000-12-18,1,00-0040601,,,,,
2026,1,LA,Mario Williams,WR,ACT,2003-01-21,1,00-0040603,4431618,,WillMa13,144620,13001
2026,1,LV,Jahfari Harvey,DL,ACT,2001-05-02,1,00-0040604,4427408,,HarvJa00,98118,
2026,1,LA,Tru Edwards,WR,ACT,2001-06-09,1,00-0040609,,,,,
2026,1,LA,Wyatt Bowles,OL,ACT,2000-01-28,1,00-0040611,,,,,
2026,1,LA,Shaun Dolac,LB,ACT,2001-09-14,1,00-0040613,4693848,,DolaSh00,130406,13000
2026,1,CLE,Luke Floriea,WR,ACT,2001-10-23,1,00-0040617,4566157,,FlorLu00,130491,13189
2026,1,PIT,Max Hurleman,RB,ACT,2001-10-19,1,00-0040618,,,,,
2026,1,SEA,Montorie Foster Jr,WR,ACT,2001-08-03,1,00-0040621,4600597,,FostMo00,129616,13199
2026,1,MIN,Elijah Williams,DL,ACT,2002-09-09,1,00-0040624,4696782,,WillEl00,138526,
2026,1,TB,Nick Jackson,LB,ACT,2001-01-05,1,00-0040625,4568492,,JackNi00,98640,13187
2026,1,GB,Drake Dabney,TE,ACT,2002-05-14,1,00-0040628,4429466,,DabnDr00,122264,
2026,1,LAC,Dalevon Campbell,WR,ACT,2001-12-05,1,00-0040629,4569372,,CampDa01,101711,13202
2026,1,PHI,Willie Lampkin,OL,ACT,2002-01-22,1,00-0040631,,,,,
2026,1,DEN,Jordan Turner,LB,ACT,2001-12-13,1,00-0040634,4693373,,TurnJo00,129932,
2026,1,BAL,Keyon Martin,DB,ACT,2001-05-16,1,00-0040636,4694334,,MartKe03,138344,13172
2026,1,BAL,Lucas Scott,RB,ACT,2003-08-25,1,00-0040637,,,,,
2026,1,SEA,Grey Zabel,OL,ACT,2002-03-30,1,00-0040639,,,,,
2026,1,KC,Ashton Gillotte,DL,ACT,2002-10-30,1,00-0040640,4684432,,GillAs00,144154,12623
2026,1,LV,Darien Porter,DB,ACT,2001-01-06,1,00-0040641,4430330,,PortDa00,99553,12584
2026,1,NO,Vernon Broughton,DL,ACT,2001-07-15,1,00-0040642,4429040,,BrouVe00,123107,12618
2026,1,NO,Jonas Sanker,DB,ACT,2002-11-23,1,00-0040643,4683813,,SankJo00,151097,12619
2026,1,CAR,Trevor Etienne,RB,ACT,2004-07-09,1,00-0040644,4685350,,EtieTr01,157730,12531
2026,1,AZ,Cody Simon,LB,ACT,2002-04-01,1,00-0040645,4429071,,SimoCo01,129757,12648
2026,1,KC,Jalen Royals,WR,ACT,2003-02-18,1,00-0040646,5082630,,RoyaJa00,163442,12505
2026,1,SEA,Rylie Mills,DL,ACT,2001-08-20,1,00-0040647,4430838,,MillRy02,122907,12680
2026,1,SEA,Tory Horton,WR,ACT,2002-11-29,1,00-0040648,4597703,,HortTo00,128232,12497
2026,1,SEA,Robbie Ouzts,RB,ACT,2002-09-06,1,00-0040649,4691688,,OuztRo00,146594,12656
2026,1,SEA,Bryce Cabeldue,OL,ACT,2001-09-04,1,00-0040650,,,,,
2026,1,GB,Damien Martinez,RB,ACT,2004-01-31,1,00-0040651,4808830,,MartDa02,162437,12462
2026,1,SEA,Mason Richman,OL,ACT,2002-05-07,1,00-0040652,,,,,
2026,1,SEA,Ricky White III,WR,ACT,2002-02-06,1,00-0040653,4431479,,WhitRi01,129639,12475
2026,1,HOU,Kai Kroeger,P,ACT,2002-06-11,1,00-0040654,4570033,,KroeKa00,124245,13215
2026,1,MIA,Keith Cooper Jr.,DL,ACT,2003-03-30,1,00-0040655,,,,,
2026,1,BAL,Kaimon Rucker,DL,ACT,2002-02-28,1,00-0040658,,,,,
2026,1,SF,Derrick Canteen,DB,ACT,2001-04-02,1,00-0040659,,,,,
2026,1,SF,Mykel Williams,DL,ACT,2004-06-29,1,00-0040660,4685623,,WillMy00,157061,12602
2026,1,MIN,Donovan Jackson,OL,ACT,2002-12-04,1,00-0040661,,,,,
2026,1,PHI,Ty Robinson,DL,ACT,2001-05-03,1,00-0040662,4569586,,RobiTy02,101446,12651
2026,1,CLE,Harold Fannin Jr.,TE,ACT,2004-07-20,1,00-0040663,5083076,,FannHa00,163104,12506
2026,1,LAC,Omarion Hampton,RB,ACT,2003-03-16,1,00-0040666,4685382,,HampOm00,162750,12507
2026,1,GB,Matthew Golden,WR,ACT,2003-08-01,1,00-0040667,4701936,,GoldMa02,156165,12501
2026,1,CLE,Shedeur Sanders,QB,ACT,2002-02-07,1,00-0040668,4432762,,SandSh00,131396,12524
2026,1,DET,Isaac TeSlaa,WR,ACT,2002-02-20,1,00-0040669,5123663,,TeSlIs00,172430,12535
2026,1,KC,Nohl Williams,DB,ACT,2002-09-23,1,00-0040670,4610705,,WillNo01,128375,12622
2026,1,DET,Tyleik Williams,DL,ACT,2003-02-24,1,00-0040672,4431615,,WillTy02,145080,12554
2026,1,SEA,Jalen Milroe,QB,ACT,2002-12-13,1,00-0040673,4432734,,MilrJa00,146590,12510
2026,1,TEN,Keydrain Calligan,DB,ACT,2001-12-04,1,00-0040674,,,,,
2026,1,TEN,Cam Ward,QB,ACT,2002-05-25,1,00-0040676,4688380,,WardCa00,133244,12522
2026,1,NYG,Abdul Carter,LB,ACT,2003-10-03,1,00-0040677,4725996,,CartAb00,164160,12574
2026,1,PIT,Derrick Harmon,DL,ACT,2003-08-03,1,00-0040678,4682980,,HarmDe01,144962,12561
2026,1,CLE,Mason Graham,DL,ACT,2003-09-03,1,00-0040685,4873232,,GrahMa00,158535,12573
2026,1,WAS,Josh Conerly Jr.,OL,ACT,2003-11-05,1,00-0040686,,,,,
2026,1,PHI,Cameron Williams,OL,ACT,2003-10-16,1,00-0040687,,,,,
2026,1,BAL,Malaki Starks,DB,ACT,2003-11-13,1,00-0040688,4685530,,StarMa00,157069,12567
2026,1,GB,Anthony Campbell,DL,ACT,2000-09-09,1,00-0040689,,,,,
2026,1,NYG,Jaxson Dart,QB,ACT,2003-05-13,1,00-0040691,4689114,,DartJa00,146409,12508
2026,1,LA,Jarquez Hunter,RB,ACT,2002-12-29,1,00-0040692,4710341,,HuntJa03,146662,11569
2026,1,NYG,Darius Alexander,DL,ACT,2000-08-26,1,00-0040694,4426542,,AlexDa01,98333,12581
2026,1,DET,Thomas Gordon,TE,ACT,2000-09-05,1,00-0040697,,,,,
2026,1,NE,Will Campbell,OL,ACT,2004-01-06,1,00-0040699,,,,,
2026,1,CLE,Dillon Gabriel,QB,ACT,2000-12-28,1,00-0040704,4427238,,GabrDi00,86272,12486
2026,1,TEN,Chimere Dike,WR,ACT,2001-12-14,1,00-0040705,4431268,,DikeCh00,129918,12540
2026,1,AZ,Walter Nolen,DL,ACT,2003-10-14,1,00-0040706,4685503,,NoleWa00,158666,12552
2026,1,PHI,Jihaad Campbell,LB,ACT,2004-02-24,1,00-0040708,4685287,,CampJi00,157013,12566
2026,1,BUF,Maxwell Hairston,DB,ACT,2003-08-06,1,00-0040709,4688931,,HairMa00,146746,12596
2026,1,BUF,Deone Walker,DL,ACT,2004-03-11,1,00-0040710,4831989,,WalkDe04,163783,12652
2026,1,SF,CJ West,DL,ACT,2002-06-12,1,00-0040711,4686308,,WestCJ00,130507,12649
2026,1,MIN,Vershon Lee,OL,ACT,2001-12-07,1,00-0040712,,,,,
2026,1,NYG,Cam Skattebo,RB,ACT,2002-02-05,1,00-0040715,4696981,,SkatCa00,147787,12481
2026,1,NE,Craig Woodson,DB,ACT,2001-02-20,1,00-0040716,4428930,,WoodCr00,100612,12654
2026,1,JAX,Travis Hunter,WR,ACT,2003-05-18,1,00-0040718,4685415,,HuntTr00,160766,12530
2026,1,JAX,Bhayshul Tuten,RB,ACT,2002-02-14,1,00-0040719,4882093,,TuteBh00,150568,12490
2026,1,DEN,Jahdae Barron,DB,ACT,2001-12-04,1,00-0040720,4430925,,BarrJa01,123105,12557
2026,1,SF,Alfred Collins,DL,ACT,2001-10-08,1,00-0040721,4430835,,CollAl01,123110,12590
2026,1,BAL,Mike Green,LB,ACT,2003-07-28,1,00-0040722,4683188,,GreeMi02,151084,12571
2026,1,JAX,Jack Kiser,LB,ACT,2000-09-10,1,00-0040723,4427716,,KiseJa00,97889,12653
2026,1,BUF,T.J. Sanders,DL,ACT,2003-07-30,1,00-0040724,4684527,,SandTJ00,146925,12612
2026,1,DAL,Donovan Ezeiruaku,DL,ACT,2003-05-25,1,00-0040725,4683848,,EzeiDo00,143824,12556
2026,1,GB,Anthony Belton,OL,ACT,2001-02-23,1,00-0040726,,,,,
2026,1,LAC,Tre Harris,WR,ACT,2002-02-28,1,00-0040727,4686612,,HarrTr03,122676,12509
2026,1,DET,Tate Ratledge,OL,ACT,2001-04-26,1,00-0040728,,,,,
2026,1,LV,Jack Bech,WR,ACT,2002-12-18,1,00-0040729,4603186,,BechJa00,146771,12483
2026,1,DEN,RJ Harvey,RB,ACT,2001-02-04,1,00-0040730,4568490,,HarvRJ00,99622,12489
2026,1,WAS,Trey Amos,DB,ACT,2002-03-03,1,00-0040731,4574689,,AmosTr00,122628,12595
2026,1,SEA,Nick Emmanwori,DB,ACT,2004-02-07,1,00-0040733,4869523,,EmmaNi00,158121,12597
2026,1,NE,TreVeyon Henderson,RB,ACT,2002-10-22,1,00-0040734,4432710,,HendTr02,145059,12529
2026,1,CHI,Luther Burden III,WR,ACT,2003-12-12,1,00-0040735,4685278,,BurdLu00,157170,12519
2026,1,NYJ,Mason Taylor,TE,ACT,2004-05-08,1,00-0040736,4808766,,TaylMa02,157122,12498
2026,1,LA,Terrance Ferguson,TE,ACT,2003-03-07,1,00-0040737,4570037,,FergTe00,146563,12487
2026,1,CIN,Demetrius Knight Jr.,LB,ACT,2000-07-21,1,00-0040738,4427729,,KnigDe00,99728,12617
2026,1,SEA,Elijah Arroyo,TE,ACT,2003-04-05,1,00-0040739,4678006,,ArroEl00,143933,12521
2026,1,CHI,Ozzy Trapilo,OL,ACT,2001-10-17,1,00-0040740,,,,,
2026,1,CHI,Shemar Turner,DL,ACT,2003-01-14,1,00-0040741,4432804,,TurnSh00,131273,12616
2026,1,MIA,Jonah Savaiinaea,OL,ACT,2004-01-13,1,00-0040742,,,,,
2026,1,NO,Tyler Shough,QB,ACT,1999-09-28,1,00-0040743,4360689,,ShouTy00,83537,12545
2026,1,IND,JT Tuimoloau,DL,ACT,2003-05-10,1,00-0040744,4566154,,TuimJT00,145074,12594
2026,1,HOU,Aireontae Ersery,OL,ACT,2002-02-19,1,00-0040745,,,,,
2026,1,CAR,Nic Scourton,LB,ACT,2004-08-25,1,00-0040746,4833355,,ScouNi00,162878,12562
2026,1,TB,Benjamin Morrison,DB,ACT,2004-03-11,1,00-0040747,4816107,,MorrBe00,156968,12576
2026,1,KC,Omarr Norman-Lott,DL,ACT,2002-03-11,1,00-0040748,4591008,,NormOm00,131624,12615
2026,1,PHI,Andrew Mukuba,DB,ACT,2002-12-07,1,00-0040749,4602197,,MukuAn00,144129,12604
2026,1,AZ,Will Johnson,DB,ACT,2003-03-29,1,00-0040751,4685408,,JohnWi02,158536,12565
2026,1,TEN,Oluwafemi Oladejo,LB,ACT,2003-09-29,1,00-0040752,4876057,,OladOl00,146302,12583
2026,1,GB,Will Sheppard,WR,ACT,2002-02-11,1,00-0040753,,,,,
2026,1,CIN,Shemar Stewart,DL,ACT,2003-11-12,1,00-0040756,4685562,,StewSh00,158675,12560
2026,1,DET,Ahmed Hassanein,DL,E14,2002-07-09,1,00-0040761,4710422,,HassAh00,145990,12706
2026,1,LV,Laki Tasi,DL,ACT,2003-10-24,1,00-0040762,,,,,
2026,1,CAR,Mapalo Mwansa,DL,E14,2004-04-02,1,00-0040763,,,,,
2026,1,SEA,Federico Maranges,OL,E14,2001-10-05,1,00-0040764,,,,,
2026,1,AZ,Valentin Senn,OL,E14,2000-04-23,1,00-0040765,,,,,
2026,1,DAL,Jaden Smith,WR,ACT,2001-12-13,1,00-0040769,,,,,
2026,1,HOU,Ajani Carter,DB,RES,2000-08-17,1,00-0040770,,,,,
2026,1,CLE,Isaiah Bond,WR,ACT,2004-03-15,1,00-0040782,4808839,,BondIs00,163586,12503
2026,1,CLE,Quinshon Judkins,RB,ACT,2003-10-29,1,00-0040784,4685702,,JudkQu00,157128,12512
2026,1,CIN,Dohnte Meyers,WR,ACT,2000-07-06,0,00-0040785,4384852,,MeyeDo00,143800,13264
2026,1,MIN,Jacob Roberts,LB,ACT,2001-09-20,0,00-0040786,,,,,
2026,1,IND,Devin Veresuk,LB,ACT,2001-11-22,0,00-0040787,,,,,
2026,1,NO,Damien Alford,WR,ACT,,0,00-0040788,,,,,
2026,1,GB,Quinshon Judkins,DL,E14,,1,00-0040789,,,,,
2026,1,IND,Rob Carter,DB,ACT,2003-02-16,0,00-0040790,,,,,
2026,1,HOU,Layne Pryor,TE,ACT,2002-12-09,1,00-0040792,,,,,
2026,1,NYJ,Paschal Ekeji,DL,E14,2002-03-19,1,00-0040793,,,,,
2026,1,IND,Carson Towt,TE,ACT,2001-06-01,0,00-0040853,,,,,
2026,1,BAL,Luke Elzinga,P,ACT,,0,00-0040859,,,,,
2026,1,WAS,Jeffrey M'ba,DL,ACT,1999-09-14,0,00-0040864,,,,,
2026,1,DAL,Caleb Downs,DB,ACT,2004-12-10,0,00-0040865,4870706,,DownCa00,172375,
2026,1,BAL,Olaivavega Ioane,OL,ACT,2004-04-17,0,00-0040866,,,,,
2026,1,PHI,Makai Lemon,WR,ACT,2004-06-02,0,00-0040867,4870795,,LemoMa00,,13294
2026,1,LV,Treydan Stukes,DB,ACT,2001-09-11,0,00-0040868,4697757,,StukTr00,131596,
2026,1,GB,Chris McClellan,DL,ACT,2003-10-17,0,00-0040869,4820574,,McClCh01,157743,13468
2026,1,BAL,Ja'Kobi Lane,WR,ACT,2004-08-05,0,00-0040870,4870847,,LaneJa01,176638,13293
2026,1,LV,Trey Zuhn,OL,ACT,2002-10-12,0,00-0040871,,,,,
2026,1,DAL,Jaishawn Barham,LB,ACT,2004-02-02,0,00-0040872,4685266,,BarhJa01,,13381
2026,1,SEA,Julian Neal,DB,ACT,2003-02-12,0,00-0040873,4684543,,NealJu00,,
2026,1,DAL,Drew Shelton,OL,ACT,2003-12-26,0,00-0040874,,,,,
2026,1,DAL,Devin Moore,DB,ACT,2003-10-09,0,00-0040875,4702577,,MoorDe04,,13496
2026,1,BAL,Elijah Sarratt,WR,ACT,2003-05-28,0,00-0040876,5088338,,SarrEl00,159499,13268
2026,1,GB,Dani Dennis-Sutton,DL,ACT,2003-12-23,0,00-0040877,4685315,,DennDa01,,13492
2026,1,LV,Mike Washington,RB,ACT,2003-07-03,0,00-0040878,,,,,
2026,1,BAL,Matthew Hibner,TE,ACT,2002-03-09,0,00-0040879,4432260,,HibnMa00,129581,
2026,1,DAL,L.T. Overton,DL,ACT,2004-10-11,0,00-0040880,4870960,,OverLT00,158667,13480
2026,1,TEN,Fernando Carmona,OL,ACT,2002-07-08,0,00-0040881,,,,,
2026,1,SEA,Beau Stephens,OL,ACT,2002-11-01,0,00-0040882,,,,,
2026,1,LV,Dalton Johnson,DB,ACT,2003-04-15,0,00-0040883,4682488,,JohnDa11,146252,
2026,1,GB,Jager Burton,OL,ACT,2002-08-24,0,00-0040884,,,,,
2026,1,BAL,Chandler Rivers,DB,ACT,2003-10-17,0,00-0040885,4702918,,RiveCh00,156257,13514
2026,1,TEN,Nicholas Singleton,RB,ACT,2004-01-06,0,00-0040886,4685555,,SingNi01,164188,13288
2026,1,BAL,Josh Cuevas,TE,ACT,2002-09-25,0,00-0040887,4876132,,CuevJo00,147570,13273
2026,1,BAL,Adam Randall,RB,ACT,2004-07-14,0,00-0040888,4685526,,RandAd00,156252,13302
2026,1,LV,Hezekiah Masses,DB,ACT,2004-06-30,0,00-0040889,4917354,,MassHe00,156555,13508
2026,1,KC,Cyrus Allen,WR,ACT,2003-02-11,0,00-0040890,4912218,,AlleCy00,156582,13413
2026,1,PHI,Cole Payton,QB,ACT,2002-10-26,0,00-0040891,4879250,,PaytCo00,148154,13335
2026,1,TEN,Jackie Marshall,DL,ACT,2003-04-26,0,00-0040892,5081785,,MarsJa02,,
2026,1,TEN,Pat Coogan,OL,ACT,2002-11-18,0,00-0040893,,,,,
2026,1,LV,Malik Benson,WR,ACT,2002-10-17,0,00-0040894,5150247,,BensMa00,169698,13329
2026,1,SEA,Emmanuel Henderson,WR,ACT,2003-03-21,0,00-0040895,4685381,,HendEm00,163595,13313
2026,1,GB,Domani Jackson,DB,ACT,2002-11-27,0,00-0040896,4685402,,JackDo04,,13544
2026,1,PHI,Micah Morris,OL,ACT,2003-08-25,0,00-0040897,,,,,
2026,1,BAL,Ryan Eckley,P,ACT,2004-02-16,0,00-0040898,5084956,,EcklRy00,,
2026,1,GB,Trey Smack,K,ACT,2003-07-12,0,00-0040899,4869461,,SmacTr00,,
2026,1,DAL,Anthony Smith,WR,ACT,2002-03-01,0,00-0040900,4685110,,SmitAn05,122885,13582
2026,1,TEN,Jaren Kanak,TE,ACT,2004-02-10,0,00-0040901,4877034,,KanaJa00,158070,13422
2026,1,LV,Brandon Cleveland,DL,ACT,2004-08-27,0,00-0040902,4685305,,ClevBr00,157411,
2026,1,SEA,Andre Fuller,DB,ACT,2002-04-08,0,00-0040903,4693934,,FullAn00,141775,13565
2026,1,SEA,Deven Eastern,DL,ACT,2003-04-05,0,00-0040904,4609203,,EastDe00,144989,13563
2026,1,PHI,Cole Wisniewski,DB,ACT,2002-03-09,0,00-0040905,4693345,,WisnCo00,,
2026,1,KC,Garrett Nussmeier,QB,ACT,2002-02-06,0,00-0040906,4567747,,NussGa00,146757,13404
2026,1,BAL,Rayshaun Benny,DL,ACT,2002-05-08,0,00-0040907,4432661,,BennRa00,144933,13584
2026,1,PHI,Keyshawn James-Newby,LB,ACT,2002-08-08,0,00-0040908,5165139,,JameKe01,,13562
2026,1,BAL,Evan Beerntsen,OL,ACT,2000-09-19,0,00-0040909,,,,,
2026,1,SEA,Michael Dansby,DB,ACT,2004-07-22,0,00-0040910,2094390,,DansMi00,157849,
2026,1,TEN,Shad Banks,LB,ACT,,0,00-0040911,,,,,
2026,1,TEN,Hank Beatty,WR,ACT,2003-09-20,0,00-0040912,4814930,,BeatHa00,158198,13776
2026,1,TEN,Sean Brown,LB,ACT,2003-04-24,0,00-0040913,,,,,
2026,1,TEN,Bishop Fitzgerald,DB,ACT,2003-07-14,0,00-0040914,,,,,
2026,1,TEN,Jeadyn Lukus,DB,ACT,2004-02-11,0,00-0040915,,,,,
2026,1,TEN,Latrell McCutchin,DB,ACT,,0,00-0040916,,,,,
2026,1,TEN,Jalen McMurray,DB,ACT,2003-01-07,0,00-0040917,,,,,
2026,1,TEN,Rasheed Miller,OL,ACT,2001-05-20,0,00-0040918,,,,,
2026,1,TEN,Tyren Montgomery,WR,ACT,2001-07-03,0,00-0040919,5103197,,MontTy02,165655,13600
2026,1,TEN,Mani Powell,LB,ACT,2003-06-08,0,00-0040920,,,,,
2026,1,TEN,Aamil Wagner,OL,ACT,2003-10-07,0,00-0040921,,,,,
2026,1,PHI,Deontae Lawson,LB,ACT,2003-02-11,0,00-0040922,4432725,,LawsDe00,146608,13591
2026,1,PHI,Maximus Pulley,DB,ACT,2002-09-11,0,00-0040923,,,,,
2026,1,PHI,Jaeden Roberts,OL,ACT,2002-12-22,0,00-0040924,,,,,
2026,1,PHI,Rocco Underwood,LS,ACT,2002-08-14,0,00-0040925,,,,,
2026,1,PHI,Joshua Weru,DL,ACT,2003-10-03,0,00-0040926,,,,,
2026,1,PHI,Dae'Quan Wright,TE,ACT,2003-09-21,0,00-0040927,4838696,,WrigDa01,,13331
2026,1,PHI,Kapena Gushiken,DB,ACT,2002-08-15,0,00-0040928,,,,,
2026,1,PHI,Tucker Large,DB,RES,,0,00-0040929,,,,,
2026,1,DAL,Camden Brown,WR,ACT,2004-05-06,0,00-0040930,4808759,,,157049,13726
2026,1,DAL,Tommy Dunn,DL,ACT,2002-09-04,0,00-0040931,,,,,
2026,1,DAL,Kelvin Gilliam,DL,ACT,2003-03-19,0,00-0040933,,,,,
2026,1,DAL,Jordan Hudson,WR,ACT,2003-11-22,0,00-0040934,4685409,,,157298,13325
2026,1,DAL,Langston Patterson,LB,ACT,2003-02-28,0,00-0040935,,,,,
2026,1,DAL,Shiyazh Pete,OL,ACT,2003-05-25,0,00-0040936,,,,,
2026,1,DAL,Dominic Richardson,RB,ACT,,0,00-0040937,4430689,,,,13725
2026,1,DAL,D.J. Rogers,TE,ACT,2001-11-10,0,00-0040938,,,,,
2026,1,DAL,Michael Trigg,TE,ACT,2002-06-27,0,00-0040939,4594749,,TrigMi00,146410,13401
2026,1,DAL,D.J. Withers,DL,ACT,2003-04-30,0,00-0040940,,,,,
2026,1,GB,Dylan Barrett,OL,ACT,2001-10-04,0,00-0040941,,,,,
2026,1,GB,Kyron Drones,QB,ACT,2003-07-24,0,00-0040942,,,,,
2026,1,GB,Josh Gesky,OL,ACT,2002-12-31,0,00-0040943,,,,,
2026,1,GB,Nyjalik Kelly,DL,ACT,2004-10-29,0,00-0040944,4726151,,KellNy00,156339,13771
2026,1,GB,R.J. Maryland,TE,ACT,,0,00-0040945,4702913,,,,13430
2026,1,GB,Jaden Nixon,RB,ACT,2002-09-19,0,00-0040946,,,,,
2026,1,GB,T.J. Quinn,LB,ACT,2003-04-15,0,00-0040947,,,,,
2026,1,GB,J.Michael Sturdivant,WR,ACT,2002-09-06,0,00-0040948,4635009,,MichJ00,,13770
2026,1,GB,Dillon Wade,OL,ACT,2002-05-23,0,00-0040949,,,,,
2026,1,KC,Vincent Anthony,DL,ACT,2004-04-26,0,00-0040950,,,,,
2026,1,KC,Wesley Bissainthe,LB,ACT,2004-05-23,0,00-0040951,,,,,
2026,1,KC,Cole Brevard,DL,ACT,2001-11-06,0,00-0040952,,,,,
2026,1,KC,Jeff Caldwell,WR,ACT,2003-03-02,0,00-0040953,4885466,,CaldJe01,154188,13392
2026,1,KC,Omari Evans,WR,ACT,2003-12-31,0,00-0040954,,,,,
2026,1,KC,John Michael Gyllenborg,TE,ACT,2002-08-07,0,00-0040955,4708490,,,,13342
2026,1,KC,Amari McNeill,DL,ACT,2003-06-08,0,00-0040956,,,,,
2026,1,KC,Xavier Nwankpa,DB,ACT,2003-12-08,0,00-0040957,4685491,,NwanXa00,156431,
2026,1,KC,Pete Nygra,OL,ACT,2002-08-29,0,00-0040958,,,,,
2026,1,KC,Jaydn Ott,RB,ACT,2002-12-16,0,00-0040959,4685489,,,158325,13419
2026,1,KC,Damon Payne,DL,ACT,2003-04-15,0,00-0040960,,,,,
2026,1,KC,D'Arco Perkins-McAllister,DB,ACT,2002-09-11,0,00-0040961,,,,,
2026,1,KC,Bryce Phillips,DB,ACT,2003-02-22,0,00-0040962,,,,,
2026,1,KC,DeShon Singleton,DB,ACT,2003-02-04,0,00-0040963,,,,,
2026,1,KC,E.J. Smith,RB,ACT,2002-05-15,0,00-0040964,4430825,,SmitEJ00,131782,13778
2026,1,KC,Josh Thompson,OL,ACT,2002-10-09,0,00-0040965,,,,,
2026,1,KC,Zelmar Vedder,DB,ACT,2002-11-09,0,00-0040966,,,,,
2026,1,KC,Jacob De Jesus,WR,ACT,2002-03-13,0,00-0040967,,,,,
2026,1,GB,Murvin Kenion,DB,ACT,2001-03-12,0,00-0040968,,,,,
2026,1,MIN,Michael Briscoe,WR,ACT,2002-07-24,0,00-0040970,,,,,
2026,1,SEA,Aidan Hubbard,DL,ACT,2003-03-15,0,00-0040972,,,,,
2026,1,SEA,Marvin Jones,DL,ACT,2004-06-08,0,00-0040973,,,,,
2026,1,SEA,Lance Mason,TE,ACT,2003-09-19,0,00-0040974,,,,,
2026,1,SEA,Uso Seumalo,DL,ACT,2002-05-17,0,00-0040975,,,,,
2026,1,BAL,Cortez Braham,WR,ACT,2000-03-06,0,00-0040977,,,,,
2026,1,BAL,Ethan Burke,DL,ACT,2003-06-20,0,00-0040978,,,,,
2026,1,BAL,Nick Dawkins,OL,ACT,2002-05-07,0,00-0040979,,,,,
2026,1,BAL,Dominic DeLuca,LB,ACT,2001-09-25,0,00-0040980,,,,,
2026,1,BAL,Joe Fagnano,QB,ACT,2001-03-31,0,00-0040981,,,,,
2026,1,BAL,Aaron Graves,DL,ACT,2003-07-14,0,00-0040982,,,,,
2026,1,BAL,Matthew McDoom,DB,ACT,2002-12-20,0,00-0040983,,,,,
2026,1,BAL,Dontae McMillan,RB,ACT,2001-08-04,0,00-0040984,,,,,
2026,1,BAL,Diego Pavia,QB,ACT,,0,00-0040985,,,,,
2026,1,BAL,Ty Pezza,WR,ACT,2002-09-18,0,00-0040986,,,,,
2026,1,BAL,Diego Pounds,OL,ACT,2002-12-12,0,00-0040987,,,,,
2026,1,BAL,Jahquez Robinson,DB,ACT,2001-06-20,0,00-0040988,,,,,
2026,1,BAL,Octavian Smith,WR,ACT,2003-05-12,0,00-0040989,,,,,
2026,1,BAL,Elijah Tau-Tolliver,RB,ACT,2003-05-16,0,00-0040991,,,,,
2026,1,BAL,Silas Walters,DB,ACT,2002-07-20,0,00-0040992,,,,,
2026,1,BAL,Lardarius Webb,DB,ACT,2003-01-11,0,00-0040993,,,,,
2026,1,BAL,Reid Williford,LB,ACT,2003-12-06,0,00-0040994,,,,,
2026,1,BAL,Dion Wilson,DL,ACT,2002-05-06,0,00-0040995,,,,,
2026,1,LV,Jacob Clark,QB,ACT,2000-11-01,0,00-0040996,,,,,
2026,1,LV,Tyler Duzansky,LS,ACT,2003-03-29,0,00-0040997,,,,,
2026,1,LV,Roman Hemby,RB,ACT,2002-08-16,0,00-0040998,4688835,,HembRo00,144891,13416
2026,1,LV,Isaiah Jatta,OL,ACT,2001-11-07,0,00-0040999,,,,,
2026,1,LV,Devin Lafayette,DB,ACT,2001-09-25,0,00-0041000,,,,,
2026,1,LV,Caleb Offord,DB,ACT,2001-12-10,0,00-0041002,,,,,
2026,1,LV,Justin Pickett,OL,ACT,2002-12-20,0,00-0041003,,,,,
2026,1,LV,Chase Roberts,WR,ACT,2001-01-21,0,00-0041004,4714388,,RobeCh00,147528,13410
2026,1,LV,Corey Rucker,WR,RES,2002-06-09,0,00-0041005,,,,,
2026,1,LV,Cian Slone,LB,ACT,2002-09-19,0,00-0041006,5153665,,,174768,13895
2026,1,LV,Gary Smith,DL,ACT,2001-11-01,0,00-0041007,,,,,
2026,1,LV,Xavian Sorey,LB,ACT,2002-04-07,0,00-0041008,,,,,
2026,1,LV,Christian Thomas,LB,ACT,,0,00-0041009,,,,,
2026,1,LV,Tanner Wall,DB,ACT,1999-11-12,0,00-0041010,,,,,
2026,1,LV,E.J. Williams,WR,ACT,2001-11-14,0,00-0041011,,,,,
2026,1,KC,Anthony Dunn,DL,ACT,2004-05-04,0,00-0041012,,,,,
2026,1,KC,Emmett Johnson,RB,ACT,2003-10-10,0,00-0041013,4832955,,JohnEm01,156473,13337
2026,1,LV,Niklas Henning,OL,ACT,2003-05-12,0,00-0041014,,,,,
2026,1,PHI,Isiah King,LB,CUT,,0,00-0041015,,,,,
2026,1,LV,Patrick Gurd,TE,ACT,2002-02-18,0,00-0041016,,,,,
2026,1,LV,Kamar Missouri,OL,ACT,2002-03-08,0,00-0041017,,,,,
2026,1,LV,Devyn Perkins,DB,ACT,2002-06-05,0,00-0041018,,,,,
2026,1,KC,Kahlil Benson,OL,ACT,2002-08-30,0,00-0041019,,,,,
2026,1,KC,Xavier Loyd,WR,ACT,2003-03-11,0,00-0041020,,,,,
2026,1,LV,Jonathan Brady,WR,ACT,,0,00-0041022,,,,,
2026,1,NYJ,David Bailey,LB,ACT,2003-08-28,0,00-0041026,,,,,
2026,1,AZ,Jeremiyah Love,RB,ACT,2005-05-31,0,00-0041027,4870808,,LoveJe00,171090,13287
2026,1,WAS,Sonny Styles,LB,ACT,2004-11-24,0,00-0041028,5081807,,StylSo01,162876,13375
2026,1,NO,Jordyn Tyson,WR,ACT,2004-08-12,0,00-0041029,4880281,,TysoJo00,,13281
2026,1,CLE,Spencer Fano,OL,ACT,2004-11-04,0,00-0041030,,,,,
2026,1,TB,Rueben Bain,LB,ACT,2004-09-08,0,00-0041031,4870617,,BainRu00,,
2026,1,NYJ,Kenyon Sadiq,TE,ACT,2005-03-04,0,00-0041032,5083315,,SadiKe00,,13330
2026,1,MIN,Caleb Banks,DL,ACT,2003-03-12,0,00-0041033,4602019,,BankCa01,144146,13445
2026,1,CAR,Monroe Freeling,OL,ACT,2004-07-25,0,00-0041034,,,,,
2026,1,SF,De'Zhaun Stribling,WR,ACT,2002-12-18,0,00-0041035,4710714,,StriDe01,146508,13417
2026,1,BUF,T.J. Parker,LB,ACT,2004-09-19,0,00-0041036,4870886,,ParkTJ00,170021,13455
2026,1,CLE,Denzel Boston,WR,ACT,2003-12-06,0,00-0041037,4832800,,BostDe00,162481,13346
2026,1,NYJ,D'Angelo Ponds,DB,ACT,2005-01-13,0,00-0041038,5118340,,PondDA00,,
2026,1,IND,C.J. Allen,LB,ACT,2005-03-01,0,00-0041039,4870598,,AlleCJ00,,13388
2026,1,WAS,Antonio Williams,WR,ACT,2004-07-14,0,00-0041040,5081432,,WillAn04,156241,13301
2026,1,NO,Oscar Delp,TE,ACT,2003-08-04,0,00-0041041,4702559,,DelpOs01,157080,13319
2026,1,NYG,Malachi Fields,WR,ACT,2003-08-26,0,00-0041042,4682648,,FielMa00,151069,13285
2026,1,IND,A.J. Haulcy,DB,ACT,2004-01-10,0,00-0041043,4905664,,HaulAJ00,163349,
2026,1,ATL,Zachariah Branch,WR,ACT,2004-03-29,0,00-0041044,4870612,,BranZa00,174142,13320
2026,1,JAX,Albert Regis,DL,ACT,2003-05-17,0,00-0041045,4612298,,RegiAl00,147009,13476
2026,1,MIN,Domonique Orange,DL,ACT,2004-03-11,0,00-0041046,4698728,,OranDo00,157602,13464
2026,1,CAR,Chris Brazzell,WR,ACT,2003-10-23,0,00-0041047,5091739,,BrazCh01,,13353
2026,1,TB,Ted Hurst,WR,ACT,2004-07-02,0,00-0041048,5220680,,HursTe00,187922,13317
2026,1,CLE,Austin Barber,OL,ACT,2003-05-20,0,00-0041049,,,,,
2026,1,JAX,Emmanuel Pregnon,OL,ACT,2002-02-14,0,00-0041050,,,,,
2026,1,CHI,Zavion Thomas,WR,ACT,2004-02-14,0,00-0041051,4869748,,ThomZa05,,13411
2026,1,SF,Kaelon Black,RB,ACT,2001-10-17,0,00-0041052,4696044,,BlacKa00,,13414
2026,1,MIN,Caleb Tiernan,OL,ACT,2003-01-23,0,00-0041053,,,,,
2026,1,MIN,Jakobe Thomas,DB,ACT,2003-06-30,0,00-0041054,4710865,,ThomJa07,,
2026,1,JAX,Jalen Huskey,DB,ACT,2004-04-22,0,00-0041055,4912185,,HuskJa00,163106,
2026,1,NYJ,Cade Klubnik,QB,ACT,2003-10-10,0,00-0041056,4685413,,KlubCa00,156253,13303
2026,1,TB,Keionte Scott,DB,ACT,2001-08-11,0,00-0041057,5093694,,ScotKe01,163644,
2026,1,LAC,Travis Burke,OL,ACT,2003-01-06,0,00-0041058,,,,,
2026,1,JAX,Wesley Williams,DL,ACT,2004-09-22,0,00-0041059,4832922,,WillWe01,162704,13493
2026,1,CHI,Malik Muhammad,DB,ACT,2004-09-14,0,00-0041060,4870953,,MuhaMa00,173165,13489
2026,1,SF,Carver Willis,OL,ACT,2002-04-20,0,00-0041061,,,,,
2026,1,CIN,Connor Lew,OL,ACT,2005-08-30,0,00-0041062,,,,,
2026,1,CAR,Will Lee,DB,ACT,2003-04-09,0,00-0041063,5151083,,LeexWi00,173110,13485
2026,1,LAC,Genesis Smith,DB,ACT,2004-11-05,0,00-0041064,4950551,,SmitGe01,171868,
2026,1,NO,Jeremiah Wright,OL,ACT,2001-09-05,0,00-0041065,,,,,
2026,1,ATL,Kendal Daniels,LB,ACT,2002-12-16,0,00-0041066,4595343,,DaniKe00,144668,13482
2026,1,NO,Bryce Lance,WR,ACT,2002-08-20,0,00-0041067,4879276,,LancBr00,,13420
2026,1,SF,Ephesians Prysock,DB,ACT,2003-02-28,0,00-0041068,4685523,,PrysEp00,158740,13478
2026,1,CIN,Colbie Young,WR,ACT,2002-07-24,0,00-0041069,5092508,,YounCo01,162739,13477
2026,1,AZ,Reggie Virgil,WR,ACT,2004-05-14,0,00-0041070,4869132,,VirgRe00,158022,13297
2026,1,CAR,Sam Hecht,OL,ACT,2003-04-03,0,00-0041071,,,,,
2026,1,LAC,Nick Barrett,DL,ACT,2003-07-28,0,00-0041072,4682818,,BarrNi00,146926,13527
2026,1,CLE,Parker Brailsford,OL,ACT,2003-10-20,0,00-0041073,,,,,
2026,1,WAS,Joshua Josephs,LB,ACT,2003-12-08,0,00-0041074,5081392,,JoseJo00,163768,
2026,1,CLE,Justin Jefferson,LB,ACT,2003-03-20,0,00-0041075,5150249,,JeffJu01,,13524
2026,1,CAR,Zakee Wheatley,DB,ACT,2002-02-28,0,00-0041076,4566384,,WheaZa00,145099,
2026,1,DEN,Justin Joly,TE,ACT,2004-07-09,0,00-0041077,4912052,,JolyJu00,158620,13400
2026,1,SF,Jaden Dugger,LB,ACT,2004-02-26,0,00-0041078,5086161,,DuggJa00,162137,13520
2026,1,TB,DeMonte Capehart,DL,ACT,2002-07-19,0,00-0041079,4429007,,CapeDe00,122144,13519
2026,1,IND,George Gumbs,DL,ACT,2002-10-25,0,00-0041080,4708238,,GumbGe00,145870,13518
2026,1,MIN,Max Bredeson,RB,ACT,2002-10-04,0,00-0041081,4878695,,BredMa00,144930,13516
2026,1,TB,Billy Schrauth,OL,ACT,2003-09-09,0,00-0041082,,,,,
2026,1,MIN,Charles Demmings,DB,ACT,2003-04-05,0,00-0041083,5091793,,DemmCh00,150672,13513
2026,1,JAX,Tanner Koziol,TE,ACT,2004-01-28,0,00-0041084,4917427,,KoziTa00,156895,13408
2026,1,CHI,Keyshaun Elliott,LB,ACT,2003-12-12,0,00-0041085,4911952,,ElliKe03,,13512
2026,1,BUF,Jalon Kilgore,DB,ACT,2005-01-27,0,00-0041086,5076951,,KilgJa00,174323,
2026,1,CLE,Joe Royer,TE,ACT,2002-02-25,0,00-0041087,4565859,,RoyeJo01,,13435
2026,1,NE,Karon Prunty,DB,ACT,2001-12-24,0,00-0041088,4606666,,PrunKa00,122574,
2026,1,NO,Lorenzo Styles,DB,ACT,2002-09-09,0,00-0041089,4432768,,StylLo00,147474,
2026,1,SF,Enrique Cruz,OL,ACT,2003-08-04,0,00-0041090,,,,,
2026,1,BUF,Zane Durant,DL,ACT,2004-05-01,0,00-0041091,4685347,,DuraZa00,164166,13506
2026,1,CLE,Taylen Green,QB,ACT,2002-10-18,0,00-0041092,4431325,,GreeTa00,,13306
2026,1,AZ,Karson Sharar,LB,ACT,2003-03-07,0,00-0041093,4709695,,SharKa00,144873,13551
2026,1,TB,Bauer Sharp,TE,ACT,2003-05-03,0,00-0041094,4890373,,SharBa00,150160,13308
2026,1,NYG,Bobby Jamison-Travis,DL,ACT,2001-04-28,0,00-0041095,5159928,,JamiBo00,175881,
2026,1,WAS,Kaytron Allen,RB,ACT,2003-01-08,0,00-0041096,4685246,,AlleKa01,164158,13405
2026,1,NYJ,Anez Cooper,OL,ACT,2004-01-06,0,00-0041097,,,,,
2026,1,CIN,Brian Parker,OL,ACT,2004-01-06,0,00-0041098,,,,,
2026,1,NO,Barion Brown,KR,ACT,2003-12-12,0,00-0041099,4698597,,BrowBa02,163779,13533
2026,1,JAX,Josh Cameron,WR,ACT,2003-03-18,0,00-0041100,4879194,,CameJo01,144513,13394
2026,1,NYG,J.C. Davis,OL,ACT,2003-10-09,0,00-0041101,,,,,
2026,1,NYG,Jack Kelly,LB,ACT,2003-01-02,0,00-0041102,4876380,,KellJa00,147861,13531
2026,1,NE,Dametrious Crownover,OL,ACT,2001-09-12,0,00-0041103,,,,,
2026,1,MIN,Demond Claiborne,RB,ACT,2003-10-09,0,00-0041104,4832846,,ClaiDe00,157523,13347
2026,1,LAC,Logan Taylor,OL,ACT,2002-02-07,0,00-0041105,,,,,
2026,1,JAX,C.J. Williams,WR,ACT,2002-10-23,0,00-0041106,5085024,,WillCJ00,158471,13554
2026,1,LAC,Alex Harkey,OL,ACT,2001-07-22,0,00-0041107,,,,,
2026,1,WAS,Matt Gulbin,OL,ACT,2002-10-27,0,00-0041108,,,,,
2026,1,NE,Namdi Obiazor,LB,ACT,2002-04-19,0,00-0041109,5085407,,ObiaNa00,157288,13542
2026,1,CHI,Jordan van den Berg,DL,ACT,2002-04-12,0,00-0041110,4875381,,vandJo00,145085,
2026,1,IND,Caden Curry,DL,ACT,2003-05-24,0,00-0041111,4685324,,CurrCa00,156488,
2026,1,ATL,Harold Perkins,LB,ACT,2004-09-10,0,00-0041112,4685502,,PerkHa01,157120,13555
2026,1,AZ,Jayden Williams,OL,ACT,2003-04-10,0,00-0041113,,,,,
2026,1,NO,T.J. Hall,DB,ACT,2004-04-26,0,00-0041114,4873075,,HallTJ00,156441,13556
2026,1,BUF,Toriano Pride,DB,ACT,2003-12-18,0,00-0041115,4698598,,PridTo00,156245,13569
2026,1,CIN,Jack Endries,TE,ACT,2004-03-26,0,00-0041116,5085189,,EndrJa00,158317,13282
2026,1,WAS,Athan Kaliakmanis,QB,ACT,2003-08-20,0,00-0041117,4432722,,KaliAt00,144971,13557
2026,1,CIN,Landon Robinson,DL,ACT,2003-01-03,0,00-0041118,5081542,,RobiLa04,162580,
2026,1,CAR,Jackson Kuwatch,LB,ACT,2003-05-19,0,00-0041119,4875592,,KuwaJa00,145075,
2026,1,NYJ,Victor Payne,DB,ACT,2004-03-17,0,00-0041120,4837388,,PaynVJ00,,
2026,1,ATL,Ethan Onianwa,OL,ACT,2003-08-16,0,00-0041121,,,,,
2026,1,JAX,Zach Durfee,DL,ACT,2001-10-05,0,00-0041122,5121433,,DurfZa00,171921,13588
2026,1,NE,Behren Morton,QB,ACT,2002-01-17,0,00-0041123,4431465,,MortBe00,144747,13295
2026,1,MIN,Gavin Gerhardt,OL,ACT,2002-03-21,0,00-0041124,,,,,
2026,1,IND,Seth McGowan,RB,ACT,2001-10-23,0,00-0041125,4686468,,McGoSe01,122936,13424
2026,1,BUF,Tommy Doman,P,ACT,2002-09-01,0,00-0041126,4682758,,DomaTo00,,
2026,1,JAX,Parker Hughes,LB,ACT,2003-01-02,0,00-0041127,4880861,,HughPa00,,
2026,1,BUF,Ar'maj Reed-Adams,OL,ACT,2001-11-02,0,00-0041128,,,,,
2026,1,NE,Jam Miller,RB,ACT,2004-04-29,0,00-0041129,4685477,,MillJa03,157003,13403
2026,1,DEN,Miles Scott,DB,ACT,2002-03-28,0,00-0041130,4880014,,ScotMi00,144809,
2026,1,CLE,Carsen Ryan,TE,ACT,2003-08-21,0,00-0041131,4685540,,RyanCa00,162467,13580
2026,1,IND,Deion Burks,WR,ACT,2003-01-08,0,00-0041132,4683151,,BurkDe02,145107,13333
2026,1,DEN,Dallen Bentley,TE,ACT,2000-12-31,0,00-0041133,5159802,,BentDa00,176648,13577
2026,1,DEN,Red Murdock,LB,ACT,2003-09-24,0,00-0041134,4912190,,MurdRe00,157948,13579
2026,1,PIT,Aidan Laros,P,ACT,,0,00-0041135,,,,,
2026,1,MIA,Rene Konga,DL,ACT,2002-11-14,0,00-0041136,,,,,
2026,1,MIA,Kevin Cline,OL,ACT,2001-05-29,0,00-0041137,,,,,
2026,1,CAR,Albert Reese,OL,ACT,2002-08-13,0,00-0041138,,,,,
2026,1,NYG,Damon Bankston,RB,ACT,2003-04-25,0,00-0041139,,,,,
2026,1,NYG,Anquin Barnes,DL,ACT,2002-10-21,0,00-0041140,,,,,
2026,1,NYG,Ben Barten,DL,ACT,2001-08-23,0,00-0041141,,,,,
2026,1,NYG,Thaddeus Dixon,DB,RES,2002-02-20,0,00-0041142,,,,,
2026,1,NYG,Ben Mann,LS,ACT,2002-07-06,0,00-0041143,,,,,
2026,1,NYG,Ryan Schernecke,OL,ACT,2003-04-30,0,00-0041144,,,,,
2026,1,NYG,Dominic Zvada,K,ACT,2003-10-25,0,00-0041145,5082424,,ZvadDo00,,
2026,1,CAR,Isaia Glass,OL,ACT,2003-03-29,0,00-0041146,,,,,
2026,1,CAR,Jaylon Guilbeau,DB,ACT,,0,00-0041147,,,,,
2026,1,CAR,Aaron Hall,DL,ACT,2003-04-18,0,00-0041148,,,,,
2026,1,CAR,Haynes King,QB,ACT,2001-01-09,0,00-0041149,4428993,,,,13415
2026,1,CAR,Cam Miller,DB,ACT,2003-07-01,0,00-0041150,,,,,
2026,1,CAR,Parker Petersen,DL,ACT,2003-01-16,0,00-0041151,,,,,
2026,1,CAR,Kobe Prentice,WR,ACT,2004-03-10,0,00-0041152,4869965,,PrenKo00,163609,13708
2026,1,CAR,DeVonta Smith,DB,ACT,2002-12-11,0,00-0041153,,,,,
2026,1,CAR,Isaiah Smith,DL,ACT,2003-09-27,0,00-0041154,,,,,
2026,1,MIA,Jim Bonifas,OL,ACT,2003-06-27,0,00-0041155,,,,,
2026,1,MIA,Mark Gronowski,QB,ACT,2001-10-05,0,00-0041156,4695400,,GronMa00,,13816
2026,1,MIA,Anthony Hankerson,RB,ACT,2004-02-03,0,00-0041157,,,,,
2026,1,MIA,Donaven McCulley,WR,ACT,2003-01-15,0,00-0041158,4596347,,,144829,13409
2026,1,MIA,Rodney McGraw,DL,ACT,2002-03-31,0,00-0041159,,,,,
2026,1,MIA,Louis Moore,DB,ACT,2001-01-29,0,00-0041160,,,,,
2026,1,MIA,Le'Veon Moss,RB,RET,,0,00-0041161,,,,,
2026,1,MIA,Mason Reiger,DL,ACT,2002-08-19,0,00-0041162,4691903,,ReigMa00,122721,
2026,1,MIA,Kahlil Saunders,DL,ACT,2002-11-01,0,00-0041163,,,,,
2026,1,CHI,Caden Barnett,OL,ACT,2003-05-22,0,00-0041164,,,,,
2026,1,CHI,Coleman Bennett,RB,ACT,2002-10-03,0,00-0041165,4694074,,,142986,13844
2026,1,CHI,K.C. Eziomume,DB,ACT,2002-05-26,0,00-0041166,,,,,
2026,1,CHI,Beau Gardner,LS,ACT,2001-12-26,0,00-0041167,,,,,
2026,1,CHI,Omari Kelly,WR,ACT,2003-10-23,0,00-0041168,,,,,
2026,1,CHI,Jaren Kump,OL,ACT,2000-01-10,0,00-0041169,,,,,
2026,1,CHI,Hayden Large,TE,ACT,2002-03-27,0,00-0041170,,,,,
2026,1,CHI,Jayden Loving,DL,ACT,2003-04-08,0,00-0041171,,,,,
2026,1,CHI,Miller Moss,QB,ACT,2002-03-19,0,00-0041172,,,,,
2026,1,CHI,Mason Murphy,OL,ACT,2002-06-21,0,00-0041173,,,,,
2026,1,CHI,Gabriel Plascencia,K,ACT,,0,00-0041174,,,,,
2026,1,CHI,Skyler Thomas,DB,ACT,2003-09-17,0,00-0041175,,,,,
2026,1,WAS,Jaden Bradley,WR,ACT,2003-03-25,0,00-0041176,,,,,
2026,1,WAS,Fred Davis,DB,ACT,2002-02-12,0,00-0041177,,,,,
2026,1,WAS,Robert Henry,RB,ACT,2001-12-31,0,00-0041178,5151317,,HenrRo00,174094,13418
2026,1,WAS,Chris Hilton,WR,ACT,2002-10-11,0,00-0041179,4431334,,HiltCh00,146762,13674
2026,1,WAS,Quentin Moore,TE,ACT,2000-08-26,0,00-0041180,,,,,
2026,1,WAS,Malik Spencer,DB,ACT,2003-09-05,0,00-0041181,,,,,
2026,1,WAS,Drew Stevens,K,ACT,2003-12-09,0,00-0041182,5081335,,StevDr00,,
2026,1,WAS,Tanoa Togiai,DL,ACT,2001-08-25,0,00-0041183,,,,,
2026,1,ATL,Carlos Allen,DL,ACT,2002-06-23,0,00-0041184,,,,,
2026,1,ATL,Vinny Anthony,WR,ACT,2003-06-27,0,00-0041185,4869816,,AnthVi01,158687,13343
2026,1,ATL,James Brockermeyer,OL,ACT,2002-06-24,0,00-0041186,,,,,
2026,1,ATL,Le'Meke Brockington,WR,ACT,2001-10-08,0,00-0041187,,,,,
2026,1,ATL,Malcolm DeWalt,DB,ACT,2002-01-04,0,00-0041188,,,,,
2026,1,ATL,Philip Florenzo,LS,ACT,,0,00-0041189,,,,,
2026,1,ATL,Cash Jones,RB,ACT,2000-04-05,0,00-0041191,4881826,,JoneCa06,155211,13595
2026,1,ATL,Riley Mahlman,OL,ACT,2002-12-30,0,00-0041192,,,,,
2026,1,ATL,C.J. Nunnally,DL,ACT,,0,00-0041193,,,,,
2026,1,ATL,Jack Strand,QB,ACT,2004-06-23,0,00-0041194,5344782,,,212592,
2026,1,ATL,Jack Velling,TE,ACT,2003-10-29,0,00-0041195,,,,,
2026,1,NYJ,Mory Bamba,DB,ACT,2000-11-21,0,00-0041196,,,,,
2026,1,NYJ,Garrison Grimes,LS,ACT,,0,00-0041198,,,,,
2026,1,NYJ,Caullin Lacy,WR,ACT,2001-12-22,0,00-0041199,4430185,,,,13826
2026,1,NYJ,Sam Scott,RB,ACT,2002-12-24,0,00-0041200,,,,,
2026,1,NYJ,D.T. Sheffield,WR,ACT,2001-02-24,0,00-0041201,,,,,
2026,1,NYJ,Nathan Voorhis,DL,ACT,2004-04-12,0,00-0041202,,,,,
2026,1,JAX,Joey Aguilar,QB,ACT,2001-06-16,0,00-0041203,,,,,
2026,1,JAX,T.J. Bollers,DL,ACT,2002-11-19,0,00-0041204,,,,,
2026,1,JAX,Brady Boyd,WR,ACT,2002-06-06,0,00-0041205,,,,,
2026,1,JAX,Alex Bullock,WR,RET,,0,00-0041206,,,,,
2026,1,JAX,Ethan Conner,TE,ACT,2003-04-03,0,00-0041207,,,,,
2026,1,JAX,Garrett DiGiorgio,OL,ACT,2003-04-03,0,00-0041208,,,,,
2026,1,JAX,Quindarius Dunnigan,DL,ACT,2001-08-14,0,00-0041209,,,,,
2026,1,JAX,Preston Hodge,DB,ACT,2002-09-18,0,00-0041210,,,,,
2026,1,JAX,Jalen Hunt,DL,ACT,2001-08-23,0,00-0041211,,,,,
2026,1,JAX,Devon Marshall,DB,ACT,2004-08-27,0,00-0041212,,,,,
2026,1,JAX,Devin Neal,DB,ACT,2002-02-26,0,00-0041213,,,,,
2026,1,JAX,Jimto Obidegwu,OL,ACT,2003-01-13,0,00-0041214,,,,,
2026,1,JAX,Ben Patterson,WR,ACT,2003-06-25,0,00-0041215,,,,,
2026,1,JAX,Trebor Pena,WR,ACT,2002-02-21,0,00-0041216,4575862,,PenaTr00,123051,13356
2026,1,JAX,J'mari Taylor,RB,ACT,2002-03-15,0,00-0041217,4713118,,TaylJM00,150482,13348
2026,1,JAX,Bryan Thomas,DL,ACT,2004-06-28,0,00-0041218,,,,,
2026,1,JAX,Jordan White,OL,RET,,0,00-0041219,,,,,
2026,1,JAX,Michael Wortham,WR,ACT,2002-06-27,0,00-0041220,,,,,
2026,1,BUF,Jackson Acker,RB,ACT,2002-09-17,0,00-0041221,,,,,
2026,1,BUF,Gabriel Benyard,WR,ACT,,0,00-0041222,,,,,
2026,1,BUF,Theron Gaines,LB,ACT,2004-06-09,0,00-0041223,,,,,
2026,1,BUF,Da'Metrius Weatherspoon,OL,ACT,2002-10-09,0,00-0041224,,,,,
2026,1,IND,Cameron Ball,DL,ACT,2003-02-19,0,00-0041225,,,,,
2026,1,IND,Austin Brown,DB,ACT,2003-10-25,0,00-0041226,,,,,
2026,1,IND,Tahj Chambers,LB,ACT,2000-04-09,0,00-0041227,,,,,
2026,1,IND,Sahmir Hagans,WR,ACT,2002-12-16,0,00-0041228,,,,,
2026,1,IND,E.J. Horton,WR,ACT,2000-08-31,0,00-0041229,,,,,
2026,1,IND,Mitchell Melton,DL,ACT,2002-03-17,0,00-0041230,,,,,
2026,1,IND,Lincoln Pare,RB,ACT,,0,00-0041231,,,,,
2026,1,IND,Nolan Rucci,OL,ACT,2002-08-05,0,00-0041232,,,,,
2026,1,IND,Raylen Sharpe,WR,ACT,2002-03-27,0,00-0041233,,,,,
2026,1,IND,Geno VanDeMark,OL,ACT,2002-06-12,0,00-0041234,,,,,
2026,1,IND,West Weeks,LB,ACT,2002-08-13,0,00-0041236,,,,,
2026,1,NYJ,Chase Curtis,TE,ACT,1999-11-01,0,00-0041237,,,,,
2026,1,NYJ,Xavier Hill,OL,ACT,2001-03-26,0,00-0041238,,,,,
2026,1,NYJ,Chip Trayanum,RB,ACT,2002-01-02,0,00-0041239,4430893,,TrayCh00,131631,
2026,1,CIN,Liam Brown,OL,ACT,2002-12-27,0,00-0041240,,,,,
2026,1,CIN,Kentrel Bullock,RB,ACT,2002-03-31,0,00-0041241,,,,,
2026,1,CIN,Jack Dingle,LB,ACT,2003-05-21,0,00-0041242,,,,,
2026,1,CIN,Eric Gentry,LB,ACT,2003-05-20,0,00-0041243,,,,,
2026,1,CIN,Jamal Haynes,RB,ACT,2002-10-05,0,00-0041244,4611995,,HaynJa01,143918,13946
2026,1,CIN,Christian Jones,OL,ACT,2003-01-25,0,00-0041245,,,,,
2026,1,CIN,Josh Kattus,TE,ACT,2004-03-07,0,00-0041246,,,,,
2026,1,CIN,Corey Robinson,OL,ACT,2003-08-04,0,00-0041247,,,,,
2026,1,CIN,Noah Thomas,WR,ACT,2004-01-13,0,00-0041248,4718457,,ThomNo01,158678,13318
2026,1,CIN,Ceyair Wright,DB,ACT,2002-12-19,0,00-0041249,,,,,
2026,1,TB,Jalon Daniels,QB,ACT,2002-10-29,0,00-0041251,4596472,,DaniJa03,122555,13425
2026,1,TB,Kenny Fletcher,TE,ACT,2003-12-04,0,00-0041252,,,,,
2026,1,TB,Ayden Garnes,DB,ACT,2003-03-20,0,00-0041253,,,,,
2026,1,TB,Josiah Green,DL,ACT,2003-01-03,0,00-0041254,,,,,
2026,1,TB,Henry Lutovsky,OL,ACT,2003-01-22,0,00-0041255,,,,,
2026,1,TB,Jack Pyburn,DL,ACT,2003-09-03,0,00-0041256,,,,,
2026,1,TB,Eric Rivers,WR,ACT,2002-09-17,0,00-0041257,4713277,,RiveEr00,144279,13316
2026,1,PIT,Devan Boykin,DB,ACT,2002-01-25,0,00-0041259,,,,,
2026,1,PIT,Daylan Carnell,DB,ACT,,0,00-0041260,,,,,
2026,1,PIT,Kevin Jobity,DL,ACT,2003-10-06,0,00-0041261,,,,,
2026,1,PIT,Laith Marjan,K,ACT,2003-04-02,0,00-0041262,,,,,
2026,1,PIT,Lake McRee,TE,ACT,2002-09-04,0,00-0041263,,,,,
2026,1,CHI,Squirrel White,WR,RET,,0,00-0041265,,,,,
2026,1,ATL,Keelan Marion,WR,ACT,2000-06-22,0,00-0041266,,,,,
2026,1,NYJ,Malik McClain,WR,ACT,2002-10-08,0,00-0041267,,,,,
2026,1,BUF,Cade Denhoff,DL,ACT,2002-08-30,0,00-0041268,,,,,
2026,1,BUF,Jordan Dunbar,DB,ACT,2001-11-30,0,00-0041269,,,,,
2026,1,BUF,Bruno Fina,OL,ACT,2002-03-15,0,00-0041270,,,,,
2026,1,BUF,Kody Huisman,DL,ACT,,0,00-0041271,,,,,
2026,1,BUF,Ja'Mori Maclin,WR,ACT,2001-09-22,0,00-0041272,,,,,
2026,1,BUF,Desmond Reid,RB,ACT,,0,00-0041273,,,,,
2026,1,BUF,Kani Walker,DB,ACT,2003-02-28,0,00-0041275,,,,,
2026,1,ATL,Kam Dewberry,OL,ACT,2004-04-23,0,00-0041276,,,,,
2026,1,CLE,Davon Booth,RB,ACT,2002-01-23,0,00-0041277,5153650,,BootDa00,174754,13339
2026,1,CLE,Nate Evans,DB,ACT,2003-03-12,0,00-0041278,,,,,
2026,1,CLE,Logan Fano,DL,ACT,2002-06-19,0,00-0041279,5080699,,FanoLo00,157432,13601
2026,1,CLE,T.J. Harden,RB,ACT,2004-04-23,0,00-0041281,5086027,,,162457,13750
2026,1,CLE,Izavion Miller,OL,ACT,2003-02-19,0,00-0041282,,,,,
2026,1,CLE,Wes Pahl,P,ACT,2002-05-18,0,00-0041284,,,,,
2026,1,CLE,Khordae Sydnor,DL,ACT,2003-08-24,0,00-0041285,,,,,
2026,1,CLE,Zion Washington,DB,ACT,2003-02-16,0,00-0041286,,,,,
2026,1,CLE,Kole Wilson,WR,ACT,2003-12-16,0,00-0041287,,,,,
2026,1,CLE,Tyreak Sapp,DL,ACT,2002-10-05,0,00-0041288,,,,,
2026,1,DEN,Brent Austin,DB,ACT,2003-12-19,0,00-0041289,,,,,
2026,1,DEN,Luke Basso,LS,ACT,2003-05-17,0,00-0041290,,,,,
2026,1,DEN,Ahmari Harvey,DB,ACT,2003-03-23,0,00-0041291,,,,,
2026,1,DEN,Kolbe Katsis,WR,ACT,2001-12-28,0,00-0041292,,,,,
2026,1,DEN,Dane Key,WR,ACT,2003-07-01,0,00-0041293,4685424,,KeyxDa00,157100,13336
2026,1,DEN,Joseph Manjack,WR,ACT,2002-11-15,0,00-0041294,,,,,
2026,1,DEN,Dasan McCullough,LB,ACT,2003-03-07,0,00-0041295,,,,,
2026,1,DEN,Tyler Miller,OL,ACT,2001-11-05,0,00-0041296,,,,,
2026,1,DEN,Gavin Ortega,OL,ACT,2004-04-29,0,00-0041297,,,,,
2026,1,DEN,Parker Robertson,DB,ACT,2002-04-22,0,00-0041298,,,,,
2026,1,DEN,Cam Ross,WR,ACT,2001-08-16,0,00-0041299,,,,,
2026,1,DEN,Taurean York,LB,ACT,2005-06-21,0,00-0041301,4917859,,YorkTa00,172604,13593
2026,1,HOU,Dominic Bailey,DL,ACT,2002-05-31,0,00-0041302,,,,,
2026,1,HOU,Sam Hagen,OL,ACT,2003-08-24,0,00-0041303,,,,,
2026,1,HOU,Stephen Hall,DB,ACT,2002-04-24,0,00-0041304,,,,,
2026,1,HOU,Sabastian Harsh,DL,ACT,2001-11-28,0,00-0041305,,,,,
2026,1,HOU,James Neal,OL,ACT,2003-03-18,0,00-0041306,,,,,
2026,1,HOU,Josh Pitsenberger,RB,ACT,2003-10-12,0,00-0041307,,,,,
2026,1,HOU,Treyvhon Saunders,WR,ACT,2004-05-07,0,00-0041308,,,,,
2026,1,HOU,Daniel Sobkowicz,WR,ACT,2002-09-16,0,00-0041309,,,,,
2026,1,HOU,Jack Stonehouse,P,ACT,,0,00-0041310,,,,,
2026,1,NYJ,Jalen Walthall,WR,ACT,,0,00-0041311,,,,,
2026,1,HOU,Noah Whittington,RB,ACT,2001-12-13,0,00-0041312,4432631,,WhitNo00,123472,13437
2026,1,HOU,Collin Wright,DB,ACT,2003-12-13,0,00-0041313,,,,,
2026,1,NE,Tanner Arkin,TE,ACT,2003-07-07,0,00-0041314,,,,,
2026,1,NE,David Blay,DL,ACT,2003-01-27,0,00-0041315,,,,,
2026,1,NE,Channing Canada,DB,ACT,2002-08-17,0,00-0041316,,,,,
2026,1,NE,Nick DeGennaro,WR,ACT,2000-12-29,0,00-0041317,,,,,
2026,1,NE,Kyle Dixon,WR,ACT,2000-09-14,0,00-0041318,5011554,,,,
2026,1,NE,Cameron Dorner,WR,ACT,2004-02-04,0,00-0041319,,,,,
2026,1,NE,Kenneth Harris,DB,ACT,2002-05-02,0,00-0041320,,,,,
2026,1,NE,Khalil Jacobs,LB,ACT,2003-12-01,0,00-0041321,4912116,,,157870,13915
2026,1,NE,Jimmy Kibble,WR,ACT,2003-12-22,0,00-0041322,,,,,
2026,1,NE,Myles Montgomery,RB,ACT,2003-04-04,0,00-0041323,4676889,,,,13964
2026,1,NE,JonDarius Morgan,OL,ACT,2003-02-10,0,00-0041324,,,,,
2026,1,NE,Jacob Rizy,OL,ACT,2002-01-13,0,00-0041325,,,,,
2026,1,NO,C.J. Donaldson,RB,ACT,2004-07-09,0,00-0041326,5081999,,DonaCJ00,157372,13277
2026,1,NO,Cody Hardy,TE,ACT,2003-11-12,0,00-0041327,,,,,
2026,1,NO,Zxavian Harris,DL,ACT,,0,00-0041328,,,,,
2026,1,NO,Michael Heldman,DL,ACT,2003-01-02,0,00-0041329,4705926,,,145731,13643
2026,1,NO,Alan Herron,OL,ACT,2003-03-10,0,00-0041330,,,,,
2026,1,NO,DaShawn Jones,DB,ACT,,0,00-0041331,,,,,
2026,1,NO,Mason Shipley,K,ACT,,0,00-0041333,,,,,
2026,1,NO,Keeshawn Silver,DL,ACT,2002-02-21,0,00-0041334,,,,,
2026,1,NO,Jay'viar Suggs,DL,ACT,2001-02-24,0,00-0041335,,,,,
2026,1,NO,Alex Wollschlaeger,OL,ACT,2001-09-28,0,00-0041336,,,,,
2026,1,TB,Ja'Qurious Conley,DB,ACT,,0,00-0041337,,,,,
2026,1,TB,Caden Fordham,LB,ACT,2002-10-21,0,00-0041338,,,,,
2026,1,TB,DeShawn McKnight,DL,ACT,2003-08-07,0,00-0041339,,,,,
2026,1,MIN,Marcus Allen,DB,ACT,2004-04-27,0,00-0041340,,,,,
2026,1,MIN,Da'Veawn Armstead,DB,ACT,2002-11-20,0,00-0041341,,,,,
2026,1,MIN,Dillon Bell,WR,ACT,2003-11-06,0,00-0041342,4712579,,,163734,13621
2026,1,MIN,Tyreek Chappell,DB,ACT,2002-11-22,0,00-0041344,,,,,
2026,1,MIN,Monkell Goodwine,DL,ACT,,0,00-0041345,,,,,
2026,1,MIN,Keli Lawson,LB,ACT,,0,00-0041347,,,,,
2026,1,MIN,Tristan Leigh,OL,ACT,2003-04-28,0,00-0041348,,,,,
2026,1,MIN,Delby Lemieux,OL,ACT,2003-11-06,0,00-0041349,,,,,
2026,1,MIN,Kejon Owens,RB,ACT,,0,00-0041350,4431304,,,,13291
2026,1,MIN,Tomas Rimac,OL,ACT,2003-01-20,0,00-0041351,,,,,
2026,1,MIN,Marcus Sanders,WR,ACT,2004-07-14,0,00-0041352,,,,,
2026,1,MIN,Cam'Ron Stewart,LB,ACT,2003-06-06,0,00-0041353,,,,,
2026,1,MIN,Jacob Thomas,DB,ACT,2004-05-30,0,00-0041354,5082397,,,156722,
2026,1,MIN,Arden Walker,DL,ACT,2002-09-25,0,00-0041355,,,,,
2026,1,MIN,Luke Wysong,WR,ACT,,0,00-0041356,,,,,
2026,1,SF,Khalil Dinkins,TE,ACT,,0,00-0041357,,,,,
2026,1,SF,Bryson Eason,DL,ACT,2002-01-21,0,00-0041358,,,,,
2026,1,SF,Wesley Grimes,WR,ACT,2004-03-09,0,00-0041359,,,,,
2026,1,SF,Mikail Kamara,DL,ACT,2001-10-10,0,00-0041360,,,,,
2026,1,SF,Will Pauling,WR,ACT,2003-03-04,0,00-0041361,,,,,
2026,1,SF,Jalen Stroman,DB,ACT,2003-05-22,0,00-0041362,4683155,,StroJa03,144106,
2026,1,SF,James Thompson,DL,ACT,2002-08-29,0,00-0041363,,,,,
2026,1,AZ,Elijah Culp,DB,ACT,2004-09-04,0,00-0041364,,,,,
2026,1,AZ,Ka'ena De Cambra,OL,ACT,2003-04-10,0,00-0041365,,,,,
2026,1,AZ,Jameson Geers,TE,ACT,2002-12-05,0,00-0041366,,,,,
2026,1,AZ,Cameron Robertson,LB,ACT,2004-02-26,0,00-0041367,,,,,
2026,1,AZ,Harrison Wallace,WR,ACT,2003-04-23,0,00-0041368,4699354,,WallHa00,145090,13670
2026,1,AZ,Damonic Williams,DL,ACT,2004-09-04,0,00-0041369,,,,,
2026,1,AZ,Wydett Williams,DB,ACT,2003-12-05,0,00-0041370,,,,,
2026,1,LAC,Noah Avinger,DB,ACT,2001-09-28,0,00-0041371,,,,,
2026,1,LAC,Lander Barton,LB,ACT,2003-12-30,0,00-0041372,4685272,,,158473,13607
2026,1,LAC,Jerand Bradley,WR,ACT,2002-10-10,0,00-0041373,,,,,
2026,1,LAC,Sincere Brown,WR,ACT,2001-12-08,0,00-0041374,,,,,
2026,1,LAC,Jahmeer Carter,DL,ACT,2002-10-10,0,00-0041375,,,,,
2026,1,LAC,Gregory Desrosiers,RB,ACT,2001-03-27,0,00-0041376,,,,,
2026,1,LAC,Devin Grant,DB,ACT,2004-06-22,0,00-0041377,,,,,
2026,1,LAC,Jacobian Guillory,DL,ACT,2000-10-25,0,00-0041378,,,,,
2026,1,LAC,Devonte Ross,WR,ACT,2002-09-09,0,00-0041380,,,,,
2026,1,LAC,Rodney Shelley,DB,ACT,2002-08-14,0,00-0041381,,,,,
2026,1,LAC,Avery Smith,DB,ACT,2004-07-01,0,00-0041382,5082331,,SmitAv00,157000,13635
2026,1,LAC,Jacob Spomer,OL,ACT,2001-01-24,0,00-0041383,,,,,
2026,1,LAC,Evan Svoboda,TE,ACT,2003-03-31,0,00-0041384,,,,,
2026,1,LAC,Nadame Tucker,DL,ACT,2000-06-21,0,00-0041385,5081483,,TuckNa00,156169,
2026,1,LAC,Terry Webb,DL,ACT,2003-01-08,0,00-0041386,,,,,
2026,1,LAC,Isaiah World,OL,ACT,2003-12-16,0,00-0041387,,,,,
2026,1,CIN,Isaiah Nwokobia,DB,ACT,,0,00-0041389,,,,,
2026,1,NO,Christen Miller,DL,ACT,2004-08-05,0,00-0041390,4685479,,MillCh01,163747,
2026,1,BUF,Davison Igbinosun,DB,ACT,2004-04-11,0,00-0041391,4832035,,IgbiDa01,157129,13454
2026,1,LAC,Jake Slaughter,OL,ACT,2002-12-19,0,00-0041392,,,,,
2026,1,PIT,Daylen Everette,DB,ACT,2004-05-06,0,00-0041393,4685327,,EverDa00,157079,13470
2026,1,LA,Keagen Trost,OL,ACT,2001-04-15,0,00-0041394,,,,,
2026,1,NE,Eli Raridon,TE,ACT,2004-02-12,0,00-0041395,4831959,,RariEl00,156970,13421
2026,1,PIT,Gennings Dunker,OL,ACT,2003-05-08,0,00-0041396,,,,,
2026,1,PIT,Kaden Wetjen,WR,ACT,2002-03-09,0,00-0041397,5081338,,WetjKa00,156448,13491
2026,1,PIT,Riley Nowakowski,TE,ACT,2002-06-30,0,00-0041398,4693370,,NowaRi00,129928,13433
2026,1,LA,C.J. Daniels,WR,ACT,2002-01-04,0,00-0041399,4605951,,DaniCJ00,123874,
2026,1,PIT,Gabe Rubio,DL,ACT,2003-07-09,0,00-0041400,,,,,
2026,1,PIT,Robert Spears-Jennings,DB,ACT,2004-01-25,0,00-0041401,4820584,,SpeaRo01,158074,
2026,1,NE,Quintayvious Hutchins,LB,ACT,2003-04-02,0,00-0041402,4698181,,HutcQu00,143827,13573
2026,1,LA,Rohan Jones,TE,ACT,2001-10-07,0,00-0041403,5083509,,JoneRo03,159125,13810
2026,1,LA,Wesley Bailey,DL,ACT,2001-04-26,0,00-0041404,4430919,,,129871,
2026,1,NE,Peter Manuma,DB,ACT,2003-07-07,0,00-0041405,,,,,
2026,1,SF,Larry Worth,DB,ACT,2004-09-29,0,00-0041406,,,,,
2026,1,CHI,Kyron Hudson,WR,ACT,2002-05-16,0,00-0041407,,,,,
2026,1,CHI,Wayne Matthews,LB,ACT,2002-07-10,0,00-0041408,,,,,
2026,1,ATL,Daveren Rayner,LB,ACT,2002-03-13,0,00-0041409,,,,,
2026,1,NYJ,Jaden Keller,LB,ACT,2003-04-17,0,00-0041410,,,,,
2026,1,CLE,Michael Coats,DB,ACT,2001-06-20,0,00-0041411,,,,,
2026,1,NE,Xavier Holmes,DL,ACT,2002-04-16,0,00-0041412,,,,,
2026,1,LA,Nick Andersen,DB,ACT,2002-01-28,0,00-0041413,,,,,
2026,1,LA,Matthew Caldwell,QB,ACT,2003-05-23,0,00-0041414,,,,,
2026,1,LA,Dean Connors,RB,ACT,2003-08-29,0,00-0041415,5082269,,ConnDe00,156624,13315
2026,1,LA,Nyzier Fourqurean,DB,ACT,2002-01-01,0,00-0041416,,,,,
2026,1,LA,Al'zillion Hamilton,DB,ACT,2002-11-26,0,00-0041417,,,,,
2026,1,LA,Bryce Henderson,OL,ACT,2002-05-19,0,00-0041418,,,,,
2026,1,LA,Nikhai Hill-Green,LB,ACT,2000-12-30,0,00-0041419,,,,,
2026,1,LA,Drey Norwood,DB,ACT,,0,00-0041420,,,,,
2026,1,LA,Darryl Peterson,LB,ACT,2003-09-16,0,00-0041421,,,,,
2026,1,LA,Dan Villari,TE,ACT,2002-06-29,0,00-0041422,4608858,,,129602,13321
2026,1,LA,Payton Zdroik,DL,ACT,2002-01-09,0,00-0041423,,,,,
2026,1,TB,Javin Wright,LB,ACT,2000-03-19,0,00-0041424,,,,,
2026,1,LA,Austin Blaske,OL,ACT,2001-11-29,0,00-0041425,,,,,
2026,1,LA,Chad Lindberg,OL,RES,,0,00-0041426,,,,,
2026,1,LA,Jaxson Moi,DL,ACT,2004-01-11,0,00-0041428,,,,,
2026,1,LA,Eddie Walls,LB,RES,2001-11-08,0,00-0041429,,,,,
2026,1,PIT,Greg Crippen,OL,ACT,2002-02-17,0,00-0041430,,,,,
2026,1,MIN,Bangally Kamara,LB,ACT,2001-10-13,0,00-0041431,,,,,
2026,1,MIN,Smith Vilbert,DL,ACT,2001-05-11,0,00-0041432,,,,,
2026,1,TB,Kadarius Calloway,RB,ACT,2002-02-04,0,00-0041433,,,,,
2026,1,TB,Yasir Holmes,DL,ACT,2002-05-06,0,00-0041434,,,,,
2026,1,TB,Dean Patterson,WR,ACT,2002-05-20,0,00-0041435,,,,,
2026,1,MIA,D.J. Herman,RB,ACT,2002-03-17,0,00-0041436,,,,,
2026,1,DAL,D.J. Wingfield,OL,ACT,2001-01-13,0,00-0041437,,,,,
2026,1,TEN,Carnell Tate,WR,ACT,2005-01-19,0,00-0041438,4871023,,TateCa00,170273,13279
2026,1,DET,Blake Miller,OL,ACT,2004-02-25,0,00-0041439,,,,,
2026,1,HOU,Kayden McDonald,DL,ACT,2005-03-12,0,00-0041440,4870893,,McDoKa00,170258,
2026,1,DET,Derrick Moore,DL,ACT,2002-12-06,0,00-0041441,4685461,,MoorDe03,,13458
2026,1,DET,Jimmy Rolder,LB,ACT,2004-02-09,0,00-0041442,4896353,,RoldJi00,,13494
2026,1,BUF,Skyler Bell,WR,ACT,2002-07-05,0,00-0041443,4683153,,BellSk00,,13402
2026,1,BUF,Kaleb Elarms-Orr,LB,ACT,2003-08-29,0,00-0041444,4594321,,ElarKa00,146306,13488
2026,1,DET,Keith Abney,DB,ACT,2005-01-11,0,00-0041445,5093004,,AbneKe00,171875,
2026,1,DET,Kendrick Law,WR,ACT,2004-06-13,0,00-0041446,4685441,,LawxKe00,,13412
2026,1,DET,Skyler Gill-Howard,DL,ACT,2002-10-13,0,00-0041447,5103940,,GillSk00,171308,13547
2026,1,DET,Tyre West,DL,ACT,2003-01-18,0,00-0041448,4685609,,WestTy00,157613,13575
2026,1,HOU,Aiden Fisher,LB,ACT,2003-12-23,0,00-0041449,4912338,,FishAi00,156725,13572
2026,1,DEN,Paul Manning,DB,ACT,,0,00-0041450,,,,,
2026,1,NO,Brock Rechsteiner,WR,ACT,2002-08-21,0,00-0041451,4877738,,,,14034
2026,1,LAC,Johnny Pascuzzi,TE,ACT,2002-05-17,0,00-0041452,,,,,
2026,1,DET,Luke Altmyer,QB,ACT,2002-10-22,0,00-0041453,4597679,,AltmLu00,146802,13314
2026,1,DET,Aamaris Brown,DB,ACT,2002-08-26,0,00-0041454,,,,,
2026,1,DET,Erick Hunter,LB,ACT,2003-02-26,0,00-0041455,,,,,
2026,1,DET,Aidan Keanaaina,DL,ACT,2002-02-13,0,00-0041456,,,,,
2026,1,DET,Miles Kitselman,TE,ACT,,0,00-0041457,,,,,
2026,1,DET,Anthony Lucas,DL,ACT,2004-10-08,0,00-0041458,,,,,
2026,1,DET,Eric O'Neill,DL,ACT,2003-07-01,0,00-0041459,,,,,
2026,1,DET,Melvin Priestly,OL,ACT,2003-11-27,0,00-0041460,,,,,
2026,1,DET,De'Shawn Rucker,DB,ACT,,0,00-0041461,,,,,
2026,1,NYG,Colton Hood,DB,ACT,2005-02-23,0,00-0041462,4921249,,HoodCo00,172450,
2026,1,SEA,Bud Clark,DB,ACT,2002-05-03,0,00-0041463,4430262,,ClarBu00,123066,
2026,1,CIN,Tacario Davis,DB,ACT,2004-08-17,0,00-0041464,4726127,,DaviTa01,,13469
2026,1,HOU,Wade Woodaz,LB,ACT,2004-02-04,0,00-0041465,4837286,,WoodWa00,156237,13490
2026,1,HOU,Kamari Ramsey,DB,ACT,2004-08-24,0,00-0041466,4685518,,RamsKa01,162465,
2026,1,HOU,Lewis Bond,WR,ACT,2003-05-29,0,00-0041467,4683159,,BondLe00,143817,13541
2026,1,AZ,Chase Bisontis,OL,ACT,2004-06-10,0,00-0041468,,,,,
2026,1,ATL,Avieon Terrell,DB,ACT,2005-01-11,0,00-0041469,4870988,,TerrAv00,,
2026,1,GB,Brandon Cisse,DB,ACT,2005-07-03,0,00-0041470,5076652,,CissBr00,170368,
2026,1,CLE,Emmanuel McNeil-Warren,DB,ACT,2004-01-08,0,00-0041471,4837186,,McNeEm00,163155,
2026,1,HOU,Marlin Klein,TE,ACT,2002-09-17,0,00-0041472,4695705,,KleiMa00,162818,13307
2026,1,AZ,Stephen Dix,LB,ACT,2002-01-13,0,00-0041473,,,,,
2026,1,LAC,Mante Morrow,WR,ACT,,0,00-0041474,,,,,
2026,1,MIN,Trayvon Rudolph,WR,ACT,2002-05-15,0,00-0041475,,,,,
2026,1,SEA,Rashad Rochelle,WR,ACT,2004-04-11,0,00-0041476,,,,,
2026,1,CAR,Lee Hunter,DL,ACT,2002-07-02,0,00-0041478,4431551,,HuntLe00,146676,
2026,1,TEN,Anthony Hill,LB,ACT,2005-02-14,0,00-0041479,4870805,,HillAn01,173158,13365
2026,1,MIN,Terrill Davis,WR,ACT,2003-08-11,0,00-0041481,,,,,
2026,1,PIT,Max Iheanachor,OL,ACT,2003-10-19,0,00-0041482,,,,,
2026,1,PHI,Eli Stowers,TE,ACT,2003-04-15,0,00-0041483,4431574,,StowEl00,147013,13349
2026,1,ATL,Anterio Thompson,DL,ACT,2002-10-29,0,00-0041484,5150660,,ThomAn03,,13552
2026,1,CAR,Miles Davis,RB,ACT,2002-01-30,0,00-0041485,,,,,
2026,1,IND,Anderson Castle,RB,ACT,2002-01-28,0,00-0041486,,,,,
2026,1,CAR,Tywone Malone,DL,ACT,2003-05-02,0,00-0041487,,,,,
2026,1,PIT,Tamon Lynum,DB,ACT,2002-04-23,0,00-0041488,,,,,
2026,1,PIT,Germie Bernard,WR,ACT,2003-12-02,0,00-0041489,4685261,,BernGe00,158374,13274
2026,1,PIT,Eli Heidenreich,RB,ACT,2003-07-28,0,00-0041490,5081508,,HeidEl00,162554,13423
2026,1,CLE,Aaron Anderson,WR,ACT,,0,00-0041491,4691138,,,,13309
2026,1,CLE,Reid Carrico,LB,ACT,,0,00-0041492,,,,,
2026,1,GB,Marlon Jones,DB,ACT,2001-08-19,0,00-0041493,,,,,
2026,1,BAL,Zion Young,LB,ACT,2004-03-18,0,00-0041494,4839501,,YounZi00,158404,13460
2026,1,MIN,Jake Golday,LB,ACT,2003-05-23,0,00-0041495,4877652,,GoldJa01,150178,13391
2026,1,DEN,Jonah Coleman,RB,ACT,2003-08-20,0,00-0041496,4702555,,ColeJo00,158717,13345
2026,1,KC,Jadon Canady,DB,ACT,2003-05-01,0,00-0041497,4710706,,CanaJa00,144405,13500
2026,1,DEN,Kage Casey,OL,ACT,2003-10-10,0,00-0041498,,,,,
2026,1,NE,Travis Shaw,DL,ACT,2004-07-08,0,00-0041500,,,,,
2026,1,KC,R Mason Thomas,DL,ACT,2004-08-25,0,00-0041501,5081927,,MasoR01,158080,
2026,1,TB,Josiah Trotter,LB,ACT,2005-04-15,0,00-0041502,4870998,,TrotJo00,173191,13379
2026,1,JAX,Nate Boerkircher,TE,ACT,2001-09-04,0,00-0041503,4686248,,BoerNa00,129676,13299
2026,1,NYG,Francis Mauigoa,OL,ACT,2005-06-04,0,00-0041505,,,,,
2026,1,NYJ,Courtland Ford,OL,ACT,2001-09-06,0,00-0041507,,,,,
2026,1,TEN,Keldric Faulk,DL,ACT,2005-09-07,0,00-0041508,4870707,,FaulKe01,172447,
2026,1,NYG,Arvell Reese,LB,ACT,2005-08-30,0,00-0041509,4950400,,ReesAr00,170264,13377
2026,1,LA,Max Klare,TE,ACT,2003-07-08,0,00-0041510,4833029,,KlarMa00,162884,13278
2026,1,NYJ,Omar Cooper,WR,ACT,2003-12-14,0,00-0041511,4723820,,CoopOm00,156395,13276
2026,1,SEA,Jadarian Price,RB,ACT,2003-10-09,0,00-0041512,4685512,,PricJa02,,13286
2026,1,IND,Josh Kreutz,OL,ACT,2003-03-02,0,00-0041513,,,,,
2026,1,IND,Jai'Onte' McMillan,DB,ACT,2002-03-03,0,00-0041514,,,,,
2026,1,NYJ,Chase Wilson,LB,ACT,2002-06-20,0,00-0041515,,,,,
2026,1,DAL,Romello Brinson,WR,ACT,,0,00-0041516,,,,,
2026,1,IND,Jalen Farmer,OL,ACT,2004-07-27,0,00-0041517,,,,,
2026,1,IND,Bryce Boettcher,LB,ACT,2002-07-08,0,00-0041518,5088571,,BoetBr00,163288,13481
2026,1,HOU,Derrick Graham,OL,ACT,,0,00-0041519,,,,,
2026,1,MIA,Kadyn Proctor,OL,ACT,2005-06-04,0,00-0041521,,,,,
2026,1,MIA,Jacob Rodriguez,LB,ACT,2002-09-06,0,00-0041522,4566094,,RodrJa00,151095,13453
2026,1,MIA,Caleb Douglas,WR,ACT,2003-09-09,0,00-0041523,4869645,,DougCa00,157740,13296
2026,1,MIA,Will Kacmarek,TE,ACT,2003-02-12,0,00-0041524,4880236,,KacmWi00,145896,13434
2026,1,MIA,Chris Bell,WR,ACT,2004-06-07,0,00-0041525,4869961,,BellCh00,,13311
2026,1,MIA,Trey Moore,LB,ACT,2003-05-05,0,00-0041526,4879212,,MoorTr02,145527,
2026,1,MIA,Kyle Louis,LB,ACT,2004-03-09,0,00-0041527,4880273,,LouiKy00,162770,13479
2026,1,MIA,Michael Taaffe,DB,ACT,2003-02-18,0,00-0041528,4880346,,TaafMi00,144732,
2026,1,MIA,Kevin Coleman,WR,ACT,2003-09-10,0,00-0041529,4685307,,ColeKe03,,13338
2026,1,MIA,D.J. Campbell,OL,ACT,2003-09-24,0,00-0041530,,,,,
2026,1,MIA,Max Llewellyn,DL,ACT,2002-08-16,0,00-0041531,4683101,,LlewMa00,144874,13566
2026,1,HOU,Keylan Rutledge,OL,ACT,2003-09-02,0,00-0041532,,,,,
2026,1,MIA,Chris Johnson,DB,ACT,2004-11-09,0,00-0041533,4869579,,JohnCh09,158794,
2026,1,LA,Tim Keenan,DL,ACT,2002-12-09,0,00-0041534,4431414,,KeenTi00,146617,13558
2026,1,HOU,Louis Hansen,TE,ACT,2002-01-02,0,00-0041535,,,,,
2026,1,DET,Kyre Duplessis,WR,ACT,2002-07-18,0,00-0041536,,,,,
2026,1,DAL,Malachi Lawrence,DL,ACT,2003-07-21,0,00-0041537,4710067,,LawrMa01,144461,
2026,1,CHI,Dillon Thieneman,DB,ACT,2004-08-08,0,00-0041538,4954445,,ThieDi00,174971,
2026,1,CHI,Logan Jones,OL,ACT,2001-10-29,0,00-0041539,,,,,
2026,1,PHI,Zion Wilson,DL,ACT,2003-05-14,0,00-0041540,,,,,
2026,1,NE,Caleb Lomu,OL,ACT,2004-12-23,0,00-0041541,,,,,
2026,1,CAR,Malick Meiga,WR,ACT,2001-03-25,0,00-0041542,,,,,
2026,1,KC,Mansoor Delane,DB,ACT,2003-12-15,0,00-0041543,4880124,,DelaMa00,,
2026,1,LAC,Akheem Mesidor,LB,ACT,2001-04-05,0,00-0041544,4429190,,MesiAk01,123427,
2026,1,KC,Peter Woods,DL,ACT,2005-03-05,0,00-0041545,4871063,,WoodPe00,170034,
2026,1,CIN,Cashius Howell,DL,ACT,2003-04-16,0,00-0041546,4710752,,HoweCa00,145655,
2026,1,CLE,K.C. Concepcion,WR,ACT,2004-09-24,0,00-0041547,4870653,,ConcKC00,170362,13298
2026,1,NYG,Jarrod Gray,OL,E14,2004-01-05,0,00-0041578,,,,,
2026,1,LV,Fernando Mendoza,QB,RES,2003-10-01,0,00-0041562,,,,,
2026,1,LA,Ty Simpson,QB,RES,2002-12-21,0,00-0041568,,,,,
2026,1,NE,Gabe Jacas,LB,RES,2004-05-27,0,00-0041569,,,,,
2026,1,AZ,Carson Beck,QB,RES,2001-11-19,0,00-0041561,,,,,
2026,1,DEN,Tyler Onyedim,DL,RES,2003-05-14,0,00-0041552,,,,,
2026,1,LV,Keyron Crawford,DL,RES,2003-10-17,0,00-0041553,,,,,
2026,1,PHI,Markel Bell,OL,RES,2004-07-19,0,00-0041554,,,,,
2026,1,CHI,Sam Roush,TE,RES,2003-09-06,0,00-0041558,,,,,
2026,1,SF,Romello Height,DL,RES,2001-04-13,0,00-0041556,,,,,
2026,1,PIT,Drew Allar,QB,RES,2004-03-08,0,00-0041565,,,,,
2026,1,LV,Jermod McCoy,DB,RES,2005-08-16,0,00-0041563,,,,,
2026,1,BUF,Jude Bowry,OL,RES,2003-08-19,0,00-0041548,,,,,
2026,1,NYJ,Darrell Jackson,DL,RES,2003-04-28,0,00-0041549,,,,,
2026,1,AZ,Kaleb Proctor,DL,RES,2004-04-26,0,00-0041555,,,,,
2026,1,LAC,Brenen Thompson,WR,RES,2003-07-25,0,00-0041550,,,,,
2026,1,HOU,Febechi Nwaiwu,OL,RES,2003-02-17,0,00-0041559,,,,,
2026,1,SF,Gracen Halton,DL,RES,2004-01-27,0,00-0041557,,,,,
2026,1,MIA,Seydou Traore,TE,E14,2002-08-12,0,00-0041579,,,,,
2026,1,PHI,Uar Bernard,DL,E14,2004-10-10,0,00-0041580,,,,,
2026,1,MIN,Brett Thorson,P,E14,2000-01-06,0,00-0041581,,,,,
2026,1,LV,Kansei Matsuzawa,K,E14,1999-01-08,0,00-0041582,,,,,
2026,1,TB,Paul Rubelt,OL,E14,2001-04-28,0,00-0041583,,,,,
