season,week,team,full_name,position,status,birth_date,years_exp,gsis_id,espn_id,yahoo_id,pfr_id,pff_id,sleeper_id
2021,20,TB,Tom Brady,QB,ACT,1977-08-03,21,00-0019596,2330,5228,BradTo00,698,167
2021,18,NO,Drew Brees,QB,RET,1979-01-15,20,00-0020531,2580,5479,BreeDr00,802,289
2021,18,CHI,Jason Peters,OL,ACT,1982-01-22,17,00-0022531,6012,7122,,2148,412
2021,19,ARI,Andy Lee,P,ACT,1982-08-11,17,00-0022824,5713,6947,LeexAn20,1906,112
2021,19,PIT,Ben Roethlisberger,QB,ACT,1982-03-02,17,00-0022924,5536,6770,RoetBe00,1732,138
2021,21,SF,Robbie Gould,K,ACT,1982-12-06,16,00-0023252,9354,7520,,2607,49
2021,20,GB,Aaron Rodgers,QB,ACT,1983-12-02,16,00-0023459,8439,7200,RodgAa00,2241,96
2021,19,LV,Richie Incognito,OL,RES,1983-07-05,16,00-0023516,,,,,
2021,18,CLE,Dustin Colquitt,P,ACT,1982-05-06,16,00-0023534,8513,7275,ColqDu20,2316,330
2021,18,WAS,Ryan Fitzpatrick,QB,RES,1982-11-24,16,00-0023682,8664,7426,FitzRy00,2467,333
2021,19,ARI,Matt Prater,K,ACT,1984-08-10,15,00-0023853,11122,8565,,3471,17
2021,19,LV,Donald Penn,OL,RET,1983-04-27,15,00-0023894,10062,8119,,3459,207
2021,20,GB,Marcedes Lewis,TE,ACT,1984-05-19,15,00-0024243,9614,7777,LewiMa00,2973,111
2021,22,LA,Andrew Whitworth,OL,ACT,1981-12-12,15,00-0024270,,,,,
2021,18,BAL,Sam Koch,P,ACT,1982-08-13,15,00-0024417,9789,7952,KochSa20,3148,13
2021,18,SEA,Adrian Peterson,RB,DEV,1985-03-21,14,00-0025394,10452,8261,PeteAd01,3623,184
2021,22,LA,Eric Weddle,DB,ACT,1985-01-04,14,00-0025424,10481,8291,WeddEr99,3653,290
2021,19,NE,Nick Folk,K,ACT,1984-11-05,14,00-0025565,10621,8432,FolkNi20,,650
2021,20,GB,Mason Crosby,K,ACT,1984-09-03,14,00-0025580,10636,8447,CrosMa20,3809,59
2021,22,CIN,Clark Harris,LS,ACT,1984-07-10,14,00-0025630,10686,8497,HarrCl20,3859,738
2021,20,TEN,Brett Kern,P,ACT,1986-02-17,13,00-0025825,11555,9070,,4580,497
2021,18,CAR,J.J. Jansen,LS,ACT,1986-01-20,13,00-0026027,,,,,
2021,18,HOU,Danny Amendola,WR,ACT,1985-11-02,13,00-0026035,11674,9037,AmenDa00,4717,491
2021,18,ATL,Matt Ryan,QB,ACT,1985-05-17,13,00-0026143,11237,8780,RyanMa00,4317,24
2021,18,NYJ,Joe Flacco,QB,ACT,1985-01-16,13,00-0026158,11252,8795,FlacJo00,4332,19
2021,18,SEA,Duane Brown,OL,ACT,1985-08-30,13,00-0026166,,,,,
2021,19,LV,DeSean Jackson,WR,ACT,1986-12-01,13,00-0026189,11283,8826,JackDe00,4363,147
2021,18,BAL,Calais Campbell,DL,ACT,1986-09-01,13,00-0026190,11284,8827,CampCa99,4364,125
2021,21,KC,Chad Henne,QB,ACT,1985-07-02,13,00-0026197,11291,8834,HennCh01,4371,89
2021,19,NE,Matt Slater,WR,ACT,1985-09-09,13,00-0026293,11387,8930,SlatMa00,4467,312
2021,18,BAL,Josh Johnson,QB,ACT,1986-05-15,13,00-0026300,11394,8937,JohnJo05,4474,260
2021,22,LA,Matthew Stafford,QB,ACT,1988-02-07,12,00-0026498,12483,9265,StafMa00,4924,421
2021,1,MIN,Britton Colquitt,P,CUT,1985-03-20,12,00-0026516,12773,9769,,5192,385
2021,18,LAC,Chase Daniel,QB,ACT,1986-10-07,12,00-0026544,12471,9678,,5214,490
2021,20,TB,Steve McLendon,DL,ACT,1986-01-03,12,00-0026564,12895,9673,,5232,667
2021,19,NE,Brian Hoyer,QB,ACT,1985-10-13,12,00-0026625,12477,9547,,5277,345
2021,14,TB,Garrison Sanborn,LS,DEV,1985-07-31,12,00-0026844,,,,,
2021,18,NYG,Graham Gano,K,ACT,1987-04-09,12,00-0026858,12460,9526,,5443,503
2021,20,TB,Ryan Succop,K,ACT,1986-09-19,12,00-0026968,12731,9520,SuccRy44,5180,391
2021,9,BAL,Andre Smith,OL,CUT,1987-01-25,12,00-0026982,,,,,
2021,18,NO,Malcolm Jenkins,DB,ACT,1987-12-20,12,00-0026990,12426,9278,JenkMa99,4937,444
2021,21,SF,Alex Mack,OL,ACT,1985-11-19,12,00-0026997,,,,,
2021,19,NE,Patrick Chung,DB,RET,1987-08-19,12,00-0027010,12527,9298,ChunPa99,4957,343
2021,18,LAC,Jared Cook,TE,ACT,1987-04-07,12,00-0027061,12537,9353,CookJa02,5012,367
2021,22,CIN,Kevin Huber,P,ACT,1985-07-16,12,00-0027103,12669,9406,HubeKe20,5066,353
2021,18,ATL,Thomas Morstead,P,ACT,1986-03-08,12,00-0027114,12701,9428,MorsTh00,5088,445
2021,18,MIA,Jason McCourty,DB,RES,1987-08-13,12,00-0027136,12691,9467,McCoJa99,5127,368
2021,18,LAC,Matt Overton,LS,ACT,1985-07-06,11,00-0027187,13186,9803,,6979,1112
2021,18,HOU,Jonathan Weeks,LS,ACT,1986-02-17,11,00-0027224,,,,,
2021,18,BAL,Anthony Levine,DB,ACT,1987-03-27,11,00-0027539,13845,24677,,6013,1298
2021,20,TEN,Morgan Cox,LS,ACT,1986-04-26,11,00-0027557,,,,,
2021,1,NYG,Ted Larsen,OL,RES,1987-06-13,11,00-0027607,,,,,
2021,19,NE,Devin McCourty,DB,ACT,1987-08-13,11,00-0027647,13236,24002,McCoDe99,5552,518
2021,20,TEN,Rodger Saffold,OL,ACT,1988-06-06,11,00-0027648,,,,,
2021,20,TB,Rob Gronkowski,TE,ACT,1989-05-14,11,00-0027656,13229,24017,GronRo00,5567,515
2021,18,SEA,Carlos Dunlap,LB,ACT,1989-02-28,11,00-0027662,13274,24029,DunlCa99,5579,529
2021,20,BUF,Emmanuel Sanders,WR,ACT,1987-03-17,11,00-0027685,13295,24057,SandEm00,5606,538
2021,19,ARI,Corey Peters,DL,ACT,1988-06-08,11,00-0027686,13292,24058,PeteCo00,5607,608
2021,19,ARI,Colt McCoy,QB,ACT,1986-09-05,11,00-0027688,13199,24060,McCoCo00,5609,533
2021,18,LAC,Andre Roberts,WR,ACT,1988-01-09,11,00-0027691,13226,24063,RobeAn00,5612,627
2021,18,CHI,Jimmy Graham,TE,ACT,1986-11-24,11,00-0027696,13232,24070,GrahJi00,5619,616
2021,18,MIN,Everson Griffen,DL,RES,1987-12-22,11,00-0027701,13373,24075,GrifEv99,5624,605
2021,18,SEA,Al Woods,DL,RES,1987-03-25,11,00-0027723,13493,24098,WoodAl99,5646,754
2021,19,LV,Sam Young,OL,RET,1987-06-24,11,00-0027778,,,,,
2021,18,TB,Antonio Brown,WR,CUT,1988-07-10,11,00-0027793,13934,24171,BrowAn04,5718,536
2021,20,TB,Ndamukong Suh,DL,ACT,1987-01-06,11,00-0027855,13234,23977,SuhxNd99,5527,594
2021,19,LV,Gerald McCoy,DL,RES,1988-02-25,11,00-0027856,13240,23978,McCoGe99,5528,619
2021,21,SF,Trent Williams,OL,ACT,1988-07-19,11,00-0027857,,,,,
2021,19,PIT,Joe Haden,DB,ACT,1989-04-14,11,00-0027860,13249,23982,HadeJo99,5532,531
2021,19,PIT,Tyson Alualu,DL,RES,1987-05-12,11,00-0027862,13233,23985,AluaTy99,5535,554
2021,19,PHI,Brandon Graham,DL,RES,1988-04-03,11,00-0027865,13239,23988,GrahBr99,5538,583
2021,20,TB,Jason Pierre-Paul,DL,ACT,1989-01-01,11,00-0027867,13256,23990,PierJa99,5540,720
2021,18,DEN,Kareem Jackson,DB,RES,1988-04-10,11,00-0027872,13254,23995,JackKa99,5545,544
2021,18,LAC,Bryan Bulaga,OL,RES,1989-03-21,11,00-0027875,,,,,
2021,20,BUF,Jerry Hughes,DL,ACT,1988-08-13,11,00-0027881,13245,24006,HughJe99,5556,550
2021,18,NO,Patrick Robinson,DB,RET,1987-09-07,11,00-0027882,13238,24007,RobiPa99,5557,617
2021,18,LAC,Linval Joseph,DL,ACT,1988-10-10,11,00-0027885,13281,24021,JoseLi99,5571,579
2021,18,TEN,Golden Tate,WR,CUT,1988-08-02,11,00-0027891,13217,24035,TateGo00,5585,642
2021,18,IND,Andrew Sendejo,DB,RES,1987-09-09,11,00-0027914,13939,24759,,6118,770
2021,18,CAR,Cam Newton,QB,ACT,1989-05-11,10,00-0027939,13994,24788,NewtCa00,6153,954
2021,22,LA,Von Miller,LB,ACT,1989-03-26,10,00-0027940,13976,24789,MillVo00,6154,871
2021,19,ARI,A.J. Green,WR,ACT,1988-07-31,10,00-0027942,13983,24791,GreeA.00,6156,830
2021,18,MIN,Patrick Peterson,DB,ACT,1990-07-11,10,00-0027943,13980,24792,PetePa00,6157,972
2021,20,TEN,Julio Jones,WR,ACT,1989-02-08,10,00-0027944,13982,24793,JoneJu02,6158,947
2021,19,DAL,Tyron Smith,OL,ACT,1990-12-12,10,00-0027947,,,,,
2021,20,TB,Blaine Gabbert,QB,ACT,1989-10-15,10,00-0027948,13987,24797,GabbBl00,6162,862
2021,19,ARI,J.J. Watt,DL,ACT,1989-03-22,10,00-0027949,13979,24798,WattJ.00,6163,856
2021,18,CHI,Robert Quinn,LB,ACT,1990-05-18,10,00-0027952,13984,24801,QuinRo00,6166,967
2021,19,PHI,Ryan Kerrigan,DL,ACT,1988-08-16,10,00-0027954,13973,24803,KerrRy00,6168,917
2021,18,NYG,Nate Solder,OL,ACT,1988-04-12,10,00-0027955,,,,,
2021,18,NO,Cameron Jordan,DL,ACT,1989-07-10,10,00-0027962,13971,24811,JordCa00,6176,957
2021,18,NO,James Carpenter,OL,ACT,1989-03-22,10,00-0027963,,,,,
2021,18,BAL,Jimmy Smith,DB,ACT,1988-07-26,10,00-0027965,13963,24814,SmitJi03,6179,825
2021,18,NO,Mark Ingram,RB,INA,1989-12-21,10,00-0027966,13981,24815,IngrMa01,6180,956
2021,19,PIT,Cameron Heyward,DL,ACT,1989-05-06,10,00-0027969,13977,24818,HeywCa01,6183,843
2021,18,CHI,Andy Dalton,QB,ACT,1987-10-29,10,00-0027973,14012,24822,DaltAn00,6187,829
2021,11,MIA,Jabaal Sheard,DL,CUT,1989-05-10,10,00-0027975,14036,24824,SheaJa00,6189,836
2021,18,NYG,Kyle Rudolph,TE,ACT,1989-11-09,10,00-0027981,14054,24830,RudoKy00,6195,943
2021,19,ARI,Rodney Hudson,OL,ACT,1989-07-12,10,00-0027993,,,,,
2021,19,ARI,Marcus Gilbert,OL,RET,1988-02-15,10,00-0028001,,,,,
2021,20,GB,Randall Cobb,WR,ACT,1990-08-22,10,00-0028002,14053,24851,CobbRa00,6216,928
2021,18,BAL,Justin Houston,LB,ACT,1989-01-21,10,00-0028008,14048,24857,HousJu00,6222,878
2021,19,LV,K.J. Wright,LB,ACT,1989-07-23,10,00-0028037,14140,24886,WrigK.00,6251,998
2021,18,MIN,Luke Stocker,TE,ACT,1988-07-17,10,00-0028042,14099,24891,StocLu00,6256,963
2021,20,BUF,Taiwan Jones,RB,ACT,1988-07-26,10,00-0028063,14167,24912,JoneTa00,6277,886
2021,20,TEN,Buster Skrine,DB,ACT,1989-04-26,10,00-0028075,14139,24924,SkriBu00,6289,837
2021,18,HOU,Marcus Cannon,OL,RES,1988-05-06,10,00-0028076,,,,,
2021,20,TB,Richard Sherman,DB,RES,1988-03-30,10,00-0028092,14086,24941,SherRi00,6306,996
2021,18,ATL,Lee Smith,TE,ACT,1987-11-21,10,00-0028097,14215,24946,SmitLe00,6311,812
2021,18,BAL,Pernell McPhee,LB,ACT,1988-12-17,10,00-0028103,14202,24952,McPhPe00,6317,823
2021,18,HOU,Tyrod Taylor,QB,ACT,1989-08-03,10,00-0028118,14163,24967,TaylTy00,6332,827
2021,19,PHI,Jason Kelce,OL,ACT,1987-11-05,10,00-0028129,,,,,
2021,19,NE,Lawrence Guy,DL,ACT,1990-03-17,10,00-0028171,14185,25020,GuyxLa00,6385,1288
2021,18,CLE,Malcolm Smith,LB,RES,1989-07-05,10,00-0028180,14214,25029,SmitMa02,6394,997
2021,18,LAC,Chris Harris,DB,ACT,1989-06-18,10,00-0028224,14398,25189,,6457,869
2021,18,NO,Chris Hogan,WR,RET,1987-10-24,10,00-0028237,14402,25178,HogaCh00,6468,1329
2021,1,NYG,Kenny Wiggins,OL,CUT,1988-08-08,10,00-0028240,,,,,
2021,18,BAL,Josh Bynes,LB,ACT,1989-08-24,10,00-0028278,14519,25358,,6503,821
2021,18,CHI,Patrick Scales,LS,ACT,1988-02-11,10,00-0028284,,,,,
2021,18,SEA,Nick Bellore,LB,ACT,1989-05-12,10,00-0028292,14471,25295,,6515,815
2021,20,BUF,Mario Addison,DL,ACT,1987-09-06,10,00-0028339,14320,25147,,6558,922
2021,17,IND,Kyle Nelson,LS,ACT,1986-10-03,10,00-0028374,14426,25291,,6428,1301
2021,19,DAL,Jake McQuaide,LS,ACT,1987-12-07,10,00-0028394,,,,,
2021,18,ATL,Josh Harris,LS,ACT,1989-04-27,9,00-0028845,,,,,
2021,22,LA,Johnny Hekker,P,ACT,1990-02-08,9,00-0028872,15153,26350,,7252,1202
2021,19,PHI,Rodney McLeod,DB,ACT,1990-06-23,9,00-0028899,15222,26356,,7271,1205
2021,22,CIN,Michael Thomas,DB,ACT,1990-03-17,9,00-0028908,15231,26265,,7279,1703
2021,18,CHI,Tashaun Gipson,DB,ACT,1990-08-07,9,00-0028924,15235,26372,,7288,1079
2021,18,BAL,L.J. Fort,LB,RES,1990-01-03,9,00-0028932,15264,26370,,7292,1078
2021,19,ARI,Aaron Brewer,LS,ACT,1990-07-05,9,00-0028946,15241,25976,,7301,1122
2021,18,CLE,Case Keenum,QB,ACT,1988-02-17,9,00-0028986,15168,26483,,7323,1737
2021,20,BUF,Cole Beasley,WR,ACT,1989-04-26,9,00-0029000,15349,26060,BeasCo00,7330,1144
2021,18,CLE,Charley Hughlett,LS,ACT,1990-05-16,9,00-0029008,,,,,
2021,18,CAR,Julian Stanford,LB,ACT,1990-09-02,9,00-0029061,15373,26093,,7372,1120
2021,19,LV,Derek Carrier,TE,ACT,1990-07-25,9,00-0029119,15403,26416,CarrDe00,7406,1718
2021,17,LAC,Beau Brinkley,LS,DEV,1990-01-25,9,00-0029134,15355,26016,,7418,1245
2021,21,SF,Tom Compton,OL,ACT,1989-05-10,9,00-0029144,,,,,
2021,1,NO,J.R. Sweezy,OL,CUT,1989-04-08,9,00-0029146,15025,25935,SweeJ.00,7209,1243
2021,21,KC,Mike Remmers,OL,RES,1989-04-11,9,00-0029164,,,,,
2021,18,CHI,Bruce Irvin,LB,ACT,1987-11-01,9,00-0029193,14946,25725,IrviBr00,7021,1242
2021,19,ARI,Tahir Whitehead,LB,CUT,1990-04-02,9,00-0029212,15070,25848,WhitTa00,7135,1160
2021,19,NE,Brandon Bolden,RB,ACT,1990-01-26,9,00-0029239,15478,26389,BoldBr00,7469,1034
2021,21,KC,Melvin Ingram,LB,ACT,1989-04-26,9,00-0029249,14926,25728,IngrMe00,7024,1141
2021,18,SEA,Bobby Wagner,LB,INA,1990-06-27,9,00-0029255,14979,25757,WagnBo00,7050,1233
2021,19,LV,Casey Hayward,DB,ACT,1989-09-09,9,00-0029261,14966,25772,HaywCa00,7064,1175
2021,18,SEA,Russell Wilson,QB,ACT,1988-11-29,9,00-0029263,14881,25785,WilsRu00,7077,1234
2021,21,SF,Travis Benjamin,WR,ACT,1989-12-29,9,00-0029269,15062,25810,BenjTr00,7100,1077
2021,18,NYG,Joe Looney,OL,RET,1990-08-31,9,00-0029278,,,,,
2021,22,CIN,Mike Daniels,DL,INA,1989-05-05,9,00-0029284,14994,25842,DaniMi00,7132,1174
2021,21,SF,Josh Norman,DB,ACT,1987-12-15,9,00-0029285,15124,25853,NormJo01,7649,1182
2021,18,JAX,Marvin Jones,WR,ACT,1990-03-12,9,00-0029293,15072,25876,JoneMa02,7158,1067
2021,19,ARI,Kelvin Beachum,OL,ACT,1989-06-08,9,00-0029316,,,,,
2021,7,SF,Mychal Kendricks,LB,CUT,1990-09-28,9,00-0029409,14978,25756,KendMy00,7049,1032
2021,21,SF,Tavon Wilson,DB,RES,1990-03-19,9,00-0029410,14977,25758,WilsTa00,7051,1039
2021,18,NYJ,Vinny Curry,DL,CUT,1988-06-30,9,00-0029412,14959,25769,CurrVi00,7061,1028
2021,20,TEN,Ben Jones,OL,ACT,1989-07-02,9,00-0029413,,,,,
2021,20,GB,Dennis Kelly,OL,ACT,1990-01-16,9,00-0029419,,,,,
2021,20,TEN,Randy Bullock,K,ACT,1989-12-16,9,00-0029421,15091,25871,BullRa00,,1099
2021,18,DEN,Bobby Massie,OL,INA,1989-08-01,9,00-0029528,,,,,
2021,19,NE,Justin Bethel,DB,ACT,1990-06-17,9,00-0029530,15089,25887,BethJu00,7654,1216
2021,18,CAR,Stephon Gilmore,DB,RES,1990-09-19,9,00-0029542,14942,25720,GilmSt00,7016,1043
2021,18,LAC,Senio Kelemete,OL,INA,1990-05-10,9,00-0029546,,,,,
2021,11,SF,Dre Kirkpatrick,DB,CUT,1989-10-26,9,00-0029560,14940,25727,KirkDr00,7023,1068
2021,20,TB,Lavonte David,LB,ACT,1990-01-23,9,00-0029562,14985,25768,DaviLa00,7060,1192
2021,18,CHI,Nick Foles,QB,ACT,1989-01-20,9,00-0029567,14877,25798,FoleNi00,7089,1029
2021,18,CLE,Malik Jackson,DL,RES,1990-01-11,9,00-0029568,15047,25847,JackMa02,7647,1124
2021,18,NYG,Nate Ebner,DB,RES,1988-12-14,9,00-0029570,15125,25907,EbneNa00,7193,1035
2021,18,CHI,Danny Trevathan,LB,RES,1990-03-24,9,00-0029577,15074,25898,TrevDa00,7177,1127
2021,19,ARI,Chandler Jones,LB,ACT,1990-02-27,9,00-0029585,14927,25731,JoneCh03,7027,1038
2021,18,BAL,Derek Wolfe,DL,RES,1990-02-24,9,00-0029586,14964,25746,WolfDe00,7040,1128
2021,18,BAL,Kevin Zeitler,OL,ACT,1990-03-08,9,00-0029592,,,,,
2021,18,BAL,Justin Tucker,K,ACT,1989-11-21,9,00-0029597,15683,26534,,7604,1264
2021,18,MIN,Kirk Cousins,QB,ACT,1988-08-19,9,00-0029604,14880,25812,CousKi00,7102,1166
2021,18,MIN,Harrison Smith,DB,ACT,1989-02-02,9,00-0029606,14945,25739,SmitHa00,7641,1213
2021,18,NO,Demario Davis,LB,ACT,1989-01-11,9,00-0029607,14958,25787,DaviDe00,7079,1052
2021,18,IND,T.Y. Hilton,WR,ACT,1989-11-14,9,00-0029608,14924,25802,HiltT.00,7092,1110
2021,11,NO,Lamar Miller,RB,CUT,1991-04-25,9,00-0029615,14886,25807,MillLa01,7097,1048
2021,19,DAL,Greg Zuerlein,K,ACT,1987-12-27,9,00-0029621,14993,25881,ZuerGr00,7163,1266
2021,19,ARI,Jack Crawford,DL,RES,1988-09-07,9,00-0029627,15090,25868,CrawJa00,7151,1136
2021,18,DET,Michael Brockers,DL,ACT,1990-12-21,9,00-0029630,14944,25724,BrocMi00,7020,1197
2021,21,SF,Mohamed Sanu,WR,INA,1989-08-22,9,00-0029632,14922,25793,SanuMo00,7084,1071
2021,20,GB,Whitney Mercilus,DL,ACT,1990-07-21,9,00-0029643,14936,25736,MercWh00,7031,1103
2021,19,LV,Kyle Wilber,LB,ACT,1989-04-26,9,00-0029647,15038,25823,WilbKy00,7113,1148
2021,19,PHI,Fletcher Cox,DL,ACT,1990-12-13,9,00-0029653,14941,25722,CoxxFl00,7018,1027
2021,18,CHI,Akiem Hicks,DL,INA,1989-11-16,9,00-0029657,14984,25799,HickAk00,7090,1186
2021,21,KC,Josh Gordon,WR,DEV,1991-04-13,9,00-0029664,15705,26561,,7618,1244
2021,19,NE,Dont'a Hightower,LB,ACT,1990-03-12,9,00-0029669,14933,25735,HighDo01,7030,1037
2021,22,CIN,Riley Reiff,OL,RES,1988-12-01,9,00-0029672,,,,,
2021,19,PHI,Brandon Brooks,OL,RES,1989-08-19,9,00-0029679,,,,,
2021,20,TEN,Janoris Jenkins,DB,ACT,1988-10-29,9,00-0029681,14974,25749,JenkJa03,7043,1203
2021,18,NYJ,Greg Van Roten,OL,ACT,1990-02-26,9,00-0029685,,,,,
2021,19,DAL,Bryan Anger,P,ACT,1988-10-06,9,00-0029692,14950,25780,AngeBr00,7072,1113
2021,20,TEN,Ryan Tannehill,QB,ACT,1988-07-27,9,00-0029701,14876,25718,TannRy00,7014,1049
2021,19,DAL,Ty Nsekhe,OL,ACT,1985-10-27,9,00-0029709,,,,,
2021,18,MIN,Andrew DePaola,LS,ACT,1987-07-28,9,00-0029714,,,,,
2021,20,TB,Darren Fells,TE,DEV,1986-04-22,8,00-0029738,15773,26612,FellDa01,8549,1592
2021,19,ARI,Chris Banjo,DB,ACT,1990-02-26,8,00-0029747,15782,26621,,8419,1442
2021,19,NE,Cody Davis,DB,ACT,1989-06-06,8,00-0029764,16286,27105,,8458,1565
2021,18,ATL,Daren Bates,LB,ACT,1990-11-27,8,00-0029794,16299,27166,,8077,1563
2021,18,JAX,Lerentee McCray,DL,RES,1990-08-26,8,00-0029799,16090,26887,,8159,1453
2021,18,DEN,Brandon McManus,K,ACT,1991-07-25,8,00-0029822,16339,27120,,8437,1433
2021,20,TB,Ryan Griffin,QB,INA,1989-11-17,8,00-0029857,16140,26949,,7983,1550
2021,19,LV,Will Compton,LB,CUT,1989-09-19,8,00-0029869,16324,27203,,8308,1626
2021,18,CAR,Patrick Omameh,OL,CUT,1989-12-29,8,00-0029889,,,,,
2021,18,DEN,Mike Purcell,DL,ACT,1991-04-20,8,00-0029890,16377,27217,,8530,1640
2021,21,SF,Kyle Juszczyk,RB,ACT,1991-04-23,8,00-0029892,16002,26753,JuszKy00,7912,1379
2021,20,TB,Ryan Jensen,OL,ACT,1991-05-27,8,00-0029895,,,,,
2021,18,CAR,Rashaan Melvin,DB,ACT,1989-10-02,8,00-0029901,16270,27041,,8334,1633
2021,20,TEN,Abry Jones,DL,RET,1991-09-08,8,00-0029946,16376,27104,,8177,1663
2021,19,NE,LaRoy Reynolds,LB,DEV,1990-11-03,8,00-0029955,16449,26975,,8500,1666
2021,22,LA,Carson Tinker,LS,CUT,1989-11-15,8,00-0029959,,,,,
2021,18,CLE,Christopher Hubbard,OL,RES,1991-04-23,8,00-0029963,,,,,
2021,18,ATL,Brandon Copeland,LB,ACT,1991-07-02,8,00-0030010,16393,27259,,8378,1657
2021,1,BUF,Jordan Devey,OL,CUT,1988-01-11,8,00-0030011,,,,,
2021,18,MIN,Adam Thielen,WR,RES,1990-08-22,8,00-0030035,16460,27277,ThieAd00,8288,1689
2021,18,DET,Nickell Robey,DB,DEV,1992-01-17,8,00-0030041,16217,27007,,8483,1672
2021,18,NO,Jordan Mills,OL,ACT,1990-12-24,8,00-0030046,,,,,
2021,19,ARI,Zach Ertz,TE,ACT,1990-11-10,8,00-0030061,15835,26658,ErtzZa00,7816,1339
2021,19,PHI,Darius Slay,DB,ACT,1991-01-01,8,00-0030062,15863,26659,SlayDa00,7817,1518
2021,19,LV,Johnathan Hankins,DL,ACT,1992-03-30,8,00-0030063,15841,26672,HankJo00,7830,1492
2021,18,WAS,Jon Bostic,LB,RES,1991-05-05,8,00-0030064,15827,26673,,7831,1507
2021,3,ARI,Brian Winters,OL,CUT,1991-07-10,8,00-0030066,,,,,
2021,18,NO,Terron Armstead,OL,INA,1991-07-23,8,00-0030067,,,,,
2021,18,CHI,Marquise Goodwin,WR,ACT,1990-11-19,8,00-0030068,15839,26701,GoodMa00,7859,1346
2021,18,CAR,Damontre Moore,DL,DEV,1992-09-11,8,00-0030069,15858,26704,MoorDa01,7862,1494
2021,18,MIA,John Jenkins,DL,ACT,1989-07-11,8,00-0030070,15846,26705,JenkJo00,7863,1553
2021,20,GB,David Bakhtiari,OL,INA,1991-09-30,8,00-0030074,,,,,
2021,18,CLE,J.C. Tretter,OL,ACT,1991-02-12,8,00-0030076,,,,,
2021,18,LAC,Oday Aboushi,OL,RES,1991-06-05,8,00-0030083,,,,,
2021,18,NO,Kenny Stills,WR,INA,1992-04-22,8,00-0030085,16016,26767,StilKe00,7926,1555
2021,20,BUF,Micah Hyde,DB,ACT,1990-12-31,8,00-0030090,15960,26782,HydeMi00,7941,1525
2021,18,DEN,Sam Martin,P,ACT,1990-02-27,8,00-0030092,15928,26788,MartSa01,7947,1516
2021,20,TEN,David Quessenberry,OL,ACT,1990-08-24,8,00-0030097,,,,,
2021,18,LAC,Dustin Hopkins,K,ACT,1990-10-01,8,00-0030098,15965,26800,HopkDu00,,1348
2021,19,LV,Theo Riddick,RB,RET,1991-05-04,8,00-0030107,15994,26822,RiddTh00,7980,1517
2021,18,NYJ,Ryan Griffin,TE,RES,1990-01-11,8,00-0030108,15887,26824,GrifRy00,7982,1425
2021,20,BUF,Jordan Poyer,DB,ACT,1991-04-25,8,00-0030114,15979,26841,PoyeJo00,8000,1343
2021,18,WAS,Tress Way,P,ACT,1990-04-18,8,00-0030140,16166,26945,,8358,1506
2021,22,CIN,Damion Square,DL,DEV,1989-02-06,8,00-0030148,16231,27056,,8042,1334
2021,19,SF,Tyler Bray,QB,CUT,1991-12-27,8,00-0030151,16252,27170,,8440,1612
2021,19,ARI,Demetrius Harris,TE,ACT,1991-07-29,8,00-0030155,16318,27174,HarrDe03,8524,1619
2021,18,JAX,Bradley McDougald,DB,DEV,1990-11-15,8,00-0030161,16269,27180,,8220,1617
2021,18,IND,Jack Doyle,TE,ACT,1990-05-05,8,00-0030181,16504,27299,DoylJa00,8520,1706
2021,18,NO,Jeff Heath,DB,ACT,1991-05-14,8,00-0030196,16473,27345,,8396,1700
2021,18,DET,Josh Hill,TE,RET,1990-05-21,8,00-0030216,16143,26950,HillJo02,8200,1777
2021,18,CAR,A.J. Bouye,DB,RES,1991-08-16,8,00-0030228,16562,27337,,8110,1674
2021,18,HOU,Lane Taylor,OL,ACT,1989-11-22,8,00-0030273,,,,,
2021,18,LAC,Keenan Allen,WR,ACT,1992-04-27,8,00-0030279,15818,26699,AlleKe00,7857,1479
2021,18,HOU,Rex Burkhead,RB,ACT,1990-07-02,8,00-0030288,15971,26813,BurkRe00,7971,1387
2021,18,BAL,Tony Jefferson,DB,ACT,1992-01-27,8,00-0030294,16195,27081,,8361,1686
2021,18,IND,Jahleel Addae,DB,ACT,1990-01-24,8,00-0030312,16039,26917,,8117,1620
2021,18,NO,Brett Maher,K,ACT,1989-11-21,8,00-0030332,16486,27369,,,4958
2021,18,SEA,Benson Mayowa,LB,ACT,1991-08-03,8,00-0030380,16528,27413,,8196,1764
2021,20,TB,Kevin Minter,LB,ACT,1990-12-03,8,00-0030382,15856,26668,MintKe00,7826,1577
2021,18,ATL,Duron Harmon,DB,ACT,1991-01-24,8,00-0030383,15842,26714,HarmDu00,7872,1366
2021,20,TB,William Gholston,DL,ACT,1991-07-31,8,00-0030386,16019,26749,GholWi00,7908,1558
2021,18,ATL,Steven Means,LB,ACT,1990-09-16,8,00-0030387,15936,26770,MeanSt00,7929,1561
2021,18,DEN,Akeem Spence,DL,DEV,1991-11-29,8,00-0030402,15958,26723,SpenAk00,7882,1562
2021,9,CHI,Chris Thompson,RB,CUT,1990-10-20,8,00-0030404,15966,26777,ThomCh03,7936,1502
2021,18,NYG,Logan Ryan,DB,ACT,1991-02-09,8,00-0030411,15861,26706,RyanLo00,7864,1367
2021,19,NE,Jamie Collins,LB,ACT,1989-10-20,8,00-0030421,15830,26675,CollJa00,7833,1364
2021,22,LA,Robert Woods,WR,RES,1992-04-10,8,00-0030431,15880,26664,WoodRo02,7822,1352
2021,19,PIT,Vince Williams,LB,RET,1989-12-27,8,00-0030434,15934,26829,WillVi01,7988,1415
2021,21,KC,Kyle Long,OL,ACT,1988-12-05,8,00-0030441,,,,,
2021,19,PIT,John Simon,DL,DEV,1990-10-14,8,00-0030442,16010,26752,SimoJo01,7911,1381
2021,18,NYG,Levine Toilolo,TE,RES,1991-07-30,8,00-0030443,15980,26756,ToilLe00,7915,1642
2021,18,CHI,Margus Hunt,DL,ACT,1987-07-14,8,00-0030449,15844,26676,HuntMa00,7834,1392
2021,20,BUF,Star Lotulelei,DL,ACT,1989-12-20,8,00-0030455,15802,26637,LotuSt00,7795,1548
2021,20,TB,Giovani Bernard,RB,ACT,1991-11-22,8,00-0030456,15826,26660,BernGi00,7818,1386
2021,21,KC,Tyrann Mathieu,DB,ACT,1992-05-13,8,00-0030459,15851,26692,MathTy00,7850,1576
2021,20,BUF,A.J. Klein,LB,ACT,1991-07-30,8,00-0030463,15964,26771,KleiAJ00,7930,1547
2021,20,TB,Kenjon Barner,RB,DEV,1989-04-28,8,00-0030465,15921,26805,BarnKe00,7963,1546
2021,18,ATL,Shawn Williams,DB,ACT,1991-05-13,8,00-0030471,15877,26707,WillSh02,7865,1395
2021,20,TB,Le'Veon Bell,RB,CUT,1992-02-18,8,00-0030496,15825,26671,BellLe00,7829,1408
2021,18,DET,Nicholas Williams,DL,ACT,1990-02-21,8,00-0030500,15882,26846,WillNi01,8006,1414
2021,21,KC,Alex Okafor,DL,ACT,1991-02-08,8,00-0030503,15976,26726,OkafAl00,7885,1578
2021,2,TB,Earl Watford,OL,CUT,1990-06-24,8,00-0030504,,,,,
2021,17,JAX,D.J. Fluker,OL,ACT,1991-03-13,8,00-0030505,,,,,
2021,21,KC,Travis Kelce,TE,ACT,1989-10-05,8,00-0030506,15847,26686,KelcTr00,7844,1466
2021,18,BAL,Brandon Williams,DL,ACT,1989-02-21,8,00-0030511,15875,26717,WillBr02,7875,1383
2021,18,BAL,Latavius Murray,RB,ACT,1990-01-18,8,00-0030513,15920,26804,MurrLa00,7962,1476
2021,18,NYG,Mike Glennon,QB,INA,1989-12-12,8,00-0030520,15837,26696,GlenMi00,7854,1559
2021,18,JAX,Tavon Austin,WR,INA,1990-03-15,8,00-0030525,15786,26631,AustTa00,7789,1567
2021,18,CHI,Alec Ogletree,LB,ACT,1991-09-25,8,00-0030527,15806,26653,OgleAl00,7811,1572
2021,19,ARI,Robert Alford,DB,RES,1988-11-01,8,00-0030528,15817,26683,AlfoRo00,7841,1540
2021,18,ATL,Matt Barkley,QB,DEV,1990-09-08,8,00-0030533,15948,26721,BarkMa00,7880,1338
2021,19,TB,Blidi Wreh-Wilson,DB,DEV,1989-12-05,8,00-0030541,15881,26693,WrehBl00,7851,1423
2021,19,PHI,Lane Johnson,OL,ACT,1990-05-08,8,00-0030561,,,,,
2021,19,LV,Desmond Trufant,DB,ACT,1990-09-10,8,00-0030562,15812,26645,TrufDe00,7803,1545
2021,19,ARI,DeAndre Hopkins,WR,RES,1992-06-06,8,00-0030564,15795,26650,HopkDe00,7808,1426
2021,18,SEA,Geno Smith,QB,ACT,1990-10-10,8,00-0030565,15864,26662,SmitGe00,7820,1373
2021,18,IND,D.J. Swearinger,DB,DEV,1991-09-01,8,00-0030566,15865,26680,SweaDJ00,7838,1429
2021,18,WAS,D.J. Hayden,DB,DEV,1990-06-27,8,00-0030572,15794,26635,HaydDJ00,7793,1472
2021,18,MIN,Sheldon Richardson,DL,ACT,1990-11-29,8,00-0030573,15811,26636,RichSh00,7794,1372
2021,18,IND,Xavier Rhodes,DB,INA,1990-06-19,8,00-0030575,15810,26648,RhodXa00,7806,1536
2021,18,ATL,Cordarrelle Patterson,RB,ACT,1991-03-17,8,00-0030578,15807,26652,PattCo00,7810,1535
2021,18,IND,Eric Fisher,OL,ACT,1991-01-05,8,00-0030584,,,,,
2021,19,ARI,Justin Pugh,OL,ACT,1990-08-15,8,00-0030585,,,,,
2021,21,KC,James Winchester,LS,ACT,1989-08-06,8,00-0030615,16665,27494,,8580,1785
2021,18,BAL,Alejandro Villanueva,OL,ACT,1988-09-22,7,00-0030648,,,,,
2021,18,NYG,Jonotthan Harrison,OL,DEV,1991-08-25,7,00-0030649,,,,,
2021,18,CAR,Willie Snead,WR,DEV,1992-10-17,7,00-0030663,17258,28026,SneaWi00,8999,1911
2021,21,KC,Daniel Sorensen,DB,ACT,1990-03-05,7,00-0030665,17259,28036,,9253,2022
2021,18,MIA,Albert Wilson,WR,ACT,1992-07-12,7,00-0030669,17051,28046,WilsAl02,8943,2025
2021,18,NO,James Hurst,OL,ACT,1991-12-17,7,00-0030694,,,,,
2021,18,ATL,Josh Andrews,OL,ACT,1991-06-21,7,00-0030706,,,,,
2021,18,WAS,Cornelius Lucas,OL,ACT,1991-07-18,7,00-0030725,,,,,
2021,18,ATL,Mike Pennel,DL,ACT,1991-05-09,7,00-0030757,17230,28085,,9316,2143
2021,18,BAL,Joe Thomas,LB,DEV,1991-05-06,7,00-0030761,17266,28089,,9272,2147
2021,22,CIN,Trey Hopkins,OL,ACT,1992-07-06,7,00-0030781,,,,,
2021,18,HOU,Justin McCray,OL,ACT,1992-05-31,7,00-0030792,,,,,
2021,18,MIA,Allen Hurns,WR,RES,1991-11-12,7,00-0030821,17177,27874,,8931,1984
2021,18,JAX,Tyler Shatley,OL,ACT,1991-05-05,7,00-0030827,,,,,
2021,20,TB,Josh Wells,OL,ACT,1991-02-14,7,00-0030829,,,,,
2021,5,NO,Cody Parkey,K,ACT,1992-02-19,7,00-0030850,17082,27911,,9030,1974
2021,18,WAS,Tyler Larsen,OL,RES,1991-07-08,7,00-0030869,,,,,
2021,18,CHI,Damien Williams,RB,ACT,1992-04-03,7,00-0030874,17359,28115,WillDa05,9205,1833
2021,19,ARI,Josh Mauro,DL,DEV,1991-02-17,7,00-0030883,17017,27815,,9003,1920
2021,18,SEA,Kerry Hyder,DL,ACT,1991-05-02,7,00-0030946,17068,27862,,9045,1857
2021,18,NYG,Casey Kreiter,LS,ACT,1990-08-13,7,00-0030957,,,,,
2021,18,ATL,Keith Smith,RB,ACT,1992-04-08,7,00-0030968,17315,28141,,9302,2073
2021,18,NO,Ethan Westbrooks,DL,DEV,1990-11-15,7,00-0030986,17285,27972,,8976,2237
2021,18,NYG,Zach Fulton,OL,RET,1991-09-23,7,00-0030997,,,,,
2021,20,TB,Ross Cockrell,DB,ACT,1991-08-06,7,00-0031016,16843,27637,CockRo00,8744,1809
2021,18,MIN,Dakota Dozier,OL,ACT,1991-04-30,7,00-0031017,,,,,
2021,18,LAC,Corey Linsley,OL,ACT,1991-07-27,7,00-0031019,,,,,
2021,18,NYJ,Laurent Duvernay-Tardif,OL,ACT,1991-02-11,7,00-0031022,,,,,
2021,1,TEN,Brent Qvale,OL,CUT,1991-03-11,7,00-0031031,,,,,
2021,19,NE,James Ferentz,OL,DEV,1989-06-05,7,00-0031039,,,,,
2021,18,CHI,Khalil Mack,LB,RES,1991-02-22,7,00-0031040,16710,27533,MackKh00,8640,2036
2021,18,DEN,Kyle Fuller,DB,ACT,1992-02-16,7,00-0031041,16715,27542,FullKy00,8649,2108
2021,18,JAX,Carlos Hyde,RB,RES,1990-09-20,7,00-0031045,16777,27585,HydeCa00,8692,2257
2021,20,TB,John Brown,WR,ACT,1990-04-03,7,00-0031051,16804,27619,BrowJo02,8726,2238
2021,19,ARI,Bashaud Breeland,DB,DEV,1992-01-30,7,00-0031052,16890,27630,BreeBa00,8737,2091
2021,18,CAR,DaQuan Jones,DL,ACT,1991-12-27,7,00-0031054,16910,27640,JoneDa04,8747,1932
2021,21,SF,Dontae Johnson,DB,ACT,1991-12-01,7,00-0031061,16893,27657,JohnDo02,8764,2258
2021,19,NE,James White,RB,RES,1992-02-03,7,00-0031062,16913,27658,WhitJa02,8765,1848
2021,18,DEN,Cameron Fleming,OL,ACT,1992-09-03,7,00-0031067,,,,,
2021,18,LAC,Caraun Reid,DL,DEV,1991-11-23,7,00-0031071,16853,27686,ReidCa00,8793,2126
2021,18,CHI,Pat O'Donnell,P,ACT,1991-02-22,7,00-0031079,16863,27719,ODonPa00,8826,2113
2021,18,WAS,Charles Leno,OL,ACT,1991-10-09,7,00-0031095,,,,,
2021,18,HOU,Terrance Mitchell,DB,ACT,1992-05-17,7,00-0031097,16927,27782,MitcTe00,8888,2067
2021,20,TB,Shaquil Barrett,LB,ACT,1992-11-17,7,00-0031101,16967,27820,,9000,1999
2021,22,CIN,Zach Kerr,DL,ACT,1990-08-29,7,00-0031105,17071,27905,,9195,1965
2021,18,JAX,Andrew Norwell,OL,ACT,1991-10-25,7,00-0031122,,,,,
2021,18,CHI,Christian Jones,LB,ACT,1991-02-18,7,00-0031130,17070,27839,,9020,2110
2021,19,PIT,Chris Boswell,K,ACT,1991-03-16,7,00-0031136,17372,28188,,8990,1945
2021,18,LAC,Matt Feiler,OL,ACT,1992-07-07,7,00-0031142,,,,,
2021,3,ATL,Bryan Witzmann,OL,CUT,1990-06-16,7,00-0031152,,,,,
2021,18,SEA,Tyler Ott,LS,ACT,1992-02-28,7,00-0031156,,,,,
2021,18,CHI,Cassius Marsh,LB,RES,1992-07-07,7,00-0031175,16873,27636,MarsCa00,8743,2275
2021,18,JAX,Nevin Lawson,DB,ACT,1991-04-23,7,00-0031176,16929,27661,LawsNe00,8768,2122
2021,19,DAL,Brent Urban,DL,RES,1991-05-05,7,00-0031177,16831,27662,UrbaBr00,8769,1881
2021,22,CIN,Ricardo Allen,DB,ACT,1991-12-18,7,00-0031181,16882,27675,AlleRi00,8782,2167
2021,21,SF,Jon Halapio,OL,DEV,1991-06-23,7,00-0031185,,,,,
2021,18,CHI,Cairo Santos,K,ACT,1991-11-12,7,00-0031203,17427,28227,,8932,2020
2021,19,ARI,Malcolm Butler,DB,RET,1990-03-02,7,00-0031218,17435,28244,,9040,1834
2021,22,LA,Odell Beckham,WR,ACT,1992-11-05,7,00-0031235,16733,27540,BeckOd00,8647,2078
2021,18,HOU,Brandin Cooks,WR,ACT,1993-09-25,7,00-0031236,16731,27548,CookBr00,8655,2197
2021,18,DEN,Teddy Bridgewater,QB,RES,1992-11-10,7,00-0031237,16728,27560,BridTe00,8667,2152
2021,21,SF,Weston Richburg,OL,RET,1991-07-09,7,00-0031238,,,,,
2021,19,ARI,Devon Kennard,LB,ACT,1991-06-24,7,00-0031241,16820,27702,KennDe00,8809,2084
2021,18,DEN,Shamar Stephen,DL,ACT,1991-02-25,7,00-0031242,16866,27748,StepSh00,8854,2163
2021,21,SF,K'Waun Williams,DB,ACT,1991-07-12,7,00-0031253,17444,28265,,9332,1913
2021,20,TEN,Denico Autry,DL,ACT,1990-07-15,7,00-0031254,17447,28266,,8982,2027
2021,18,MIN,Anthony Barr,LB,ACT,1992-03-18,7,00-0031256,16711,27537,BarrAn00,8644,2151
2021,18,CHI,Jeremiah Attaochu,LB,RES,1993-01-17,7,00-0031258,16761,27578,AttaJe00,8685,2042
2021,18,WAS,Logan Thomas,TE,RES,1991-07-01,7,00-0031260,16813,27648,ThomLo00,8755,2251
2021,16,DEN,Avery Williamson,LB,CUT,1992-03-09,7,00-0031263,16920,27679,WillAv00,8786,1940
2021,18,HOU,Chris Smith,LB,INA,1992-02-11,7,00-0031264,16917,27687,SmitCh03,8794,1994
2021,18,IND,T.J. Carrie,DB,ACT,1990-07-28,7,00-0031269,16808,27747,CarrTr00,8853,2029
2021,18,DEN,Shelby Harris,DL,ACT,1991-08-11,7,00-0031270,16837,27763,HarrSh00,8869,2033
2021,20,TB,Cameron Brate,TE,ACT,1991-07-03,7,00-0031273,17453,28267,BratCa00,9207,2214
2021,18,ATL,Jake Matthews,OL,ACT,1992-02-11,7,00-0031279,,,,,
2021,19,LV,Derek Carr,QB,ACT,1991-03-28,7,00-0031280,16757,27564,CarrDe02,8671,2028
2021,18,HOU,Justin Britt,OL,ACT,1991-05-29,7,00-0031282,,,,,
2021,18,BAL,Devonta Freeman,RB,ACT,1992-03-15,7,00-0031285,16944,27631,FreeDe00,8738,2168
2021,18,ATL,AJ McCarron,QB,RES,1990-09-13,7,00-0031288,16810,27692,McCaA.00,8799,1895
2021,18,NYJ,C.J. Mosley,LB,ACT,1992-06-19,7,00-0031296,16720,27545,MoslC.00,8652,1875
2021,21,SF,Dee Ford,DL,RES,1991-03-19,7,00-0031297,16707,27551,FordDe00,8658,2015
2021,21,SF,Jimmie Ward,DB,ACT,1991-07-18,7,00-0031298,16717,27558,WardJi01,8665,2267
2021,21,SF,Jordan Matthews,WR,DEV,1992-07-16,7,00-0031299,16763,27570,MattJo00,8677,1800
2021,18,HOU,Kevin Pierre-Louis,LB,ACT,1991-10-07,7,00-0031308,16888,27660,PierKe00,8767,2277
2021,18,DEN,Diontae Spencer,WR,INA,1992-03-19,7,00-0031319,17463,28279,SpenDi00,91248,5828
2021,18,BAL,Sammy Watkins,WR,ACT,1993-06-14,7,00-0031325,16725,27532,WatkSa00,8639,1817
2021,18,NYJ,Morgan Moses,OL,ACT,1991-03-03,7,00-0031330,,,,,
2021,20,TB,Pierre Desir,DB,INA,1990-09-08,7,00-0031331,16948,27655,DesiPi00,8762,1902
2021,18,DEN,Ha Ha Clinton-Dix,DB,ACT,1992-12-21,7,00-0031333,16735,27549,ClinHa00,8656,2135
2021,21,SF,Jason Verrett,DB,RES,1991-06-18,7,00-0031334,16726,27553,VerrJa00,8660,2055
2021,1,NE,Marcus Martin,OL,CUT,1993-11-29,7,00-0031337,,,,,
2021,18,HOU,Terrence Brooks,DB,ACT,1992-03-02,7,00-0031338,16768,27607,BrooTe00,8714,1864
2021,21,SF,Jimmy Garoppolo,QB,ACT,1991-11-02,7,00-0031345,16760,27590,GaroJi00,8697,1837
2021,18,BAL,Justin Ellis,DL,ACT,1990-12-27,7,00-0031346,16857,27635,ElliJu01,8742,2031
2021,21,KC,Anthony Hitchens,LB,ACT,1992-06-10,7,00-0031348,16883,27647,HitcAn00,8754,2062
2021,18,CAR,Matt Paradis,OL,RES,1989-10-12,7,00-0031349,,,,,
2021,18,LAC,Michael Schofield,OL,ACT,1990-11-15,7,00-0031353,,,,,
2021,19,DAL,C.J. Goodwin,DB,ACT,1990-02-04,7,00-0031357,17474,28289,,9243,2869
2021,19,NE,Kyle Van Noy,LB,ACT,1991-03-26,7,00-0031360,16772,27568,VanNKy00,8675,2130
2021,18,HOU,Christian Kirksey,LB,ACT,1992-08-31,7,00-0031361,16767,27599,KirkCh00,8706,1905
2021,19,PIT,Trai Turner,OL,ACT,1993-06-14,7,00-0031362,,,,,
2021,18,MIA,Michael Palardy,P,ACT,1992-07-06,7,00-0031363,17475,28292,,9277,2818
2021,18,CLE,Jadeveon Clowney,DL,ACT,1993-02-14,7,00-0031364,16734,27529,ClowJa00,8636,1947
2021,18,SEA,Gabe Jackson,OL,INA,1991-07-12,7,00-0031367,,,,,
2021,18,JAX,Brandon Linder,OL,RES,1992-01-25,7,00-0031369,,,,,
2021,18,NO,Bradley Roby,DB,INA,1992-05-01,7,00-0031372,16719,27559,RobyBr00,8666,2008
2021,21,KC,Jerick McKinnon,RB,ACT,1992-05-03,7,00-0031376,16782,27624,McKiJe00,8731,2161
2021,21,SF,Darqueze Dennard,DB,DEV,1991-10-10,7,00-0031380,16718,27552,DennDa00,8659,1887
2021,20,GB,Davante Adams,WR,ACT,1992-12-24,7,00-0031381,16800,27581,AdamDa01,8688,2133
2021,18,CLE,Jarvis Landry,WR,ACT,1992-11-28,7,00-0031382,16790,27591,LandJa00,8698,1825
2021,19,PHI,Richard Rodgers,TE,ACT,1992-01-22,7,00-0031384,16786,27626,RodgRi00,8733,2146
2021,19,PIT,Eric Ebron,TE,RES,1993-04-10,7,00-0031387,16732,27538,EbroEr00,8645,2118
2021,22,LA,Aaron Donald,DL,ACT,1991-05-23,7,00-0031388,16716,27541,DonaAa00,8648,2227
2021,18,NYJ,Lamarcus Joyner,DB,RES,1990-11-27,7,00-0031389,16769,27569,JoynLa00,8676,2230
2021,18,WAS,Garrett Gilbert,QB,INA,1991-07-01,7,00-0031395,16809,27742,GilbGa01,8848,2229
2021,19,DAL,Zack Martin,OL,ACT,1990-11-20,7,00-0031402,,,,,
2021,19,NE,Adrian Phillips,DB,ACT,1992-03-28,7,00-0031404,17487,28303,,9177,2287
2021,18,NO,Blake Bortles,QB,DEV,1992-04-28,7,00-0031407,16724,27531,BortBl00,8638,1979
2021,20,TB,Mike Evans,WR,ACT,1993-08-21,7,00-0031408,16737,27535,EvanMi00,8642,2216
2021,22,CIN,Xavier Su'a-Filo,OL,DEV,1991-01-01,7,00-0031410,,,,,
2021,19,DAL,Demarcus Lawrence,DL,ACT,1992-04-28,7,00-0031411,16802,27562,LawrDe00,8669,2064
2021,19,PIT,Stephon Tuitt,DL,RES,1993-05-23,7,00-0031412,16798,27574,TuitSt00,8681,1925
2021,18,BAL,Ja'Wuan James,OL,RES,1992-06-03,7,00-0031417,,,,,
2021,18,CLE,Joel Bitonio,OL,ACT,1991-10-11,7,00-0031426,,,,,
2021,1,NYG,Todd Davis,LB,RET,1992-05-17,7,00-0031427,17497,28312,,9007,2689
2021,18,CHI,Allen Robinson,WR,ACT,1993-08-24,7,00-0031428,16799,27589,RobiAl02,8696,1992
2021,20,GB,Billy Turner,OL,ACT,1991-10-17,7,00-0031433,,,,,
2021,20,TEN,Taylor Lewan,OL,ACT,1991-07-22,7,00-0031442,,,,,
2021,18,JAX,Chris Manhertz,TE,ACT,1992-04-10,6,00-0031484,2531358,28365,ManhCh00,10211,3048
2021,18,DEN,Brett Jones,OL,RES,1991-07-29,8,00-0031489,,,,,
2021,18,SEA,Jason Myers,K,ACT,1991-05-12,6,00-0031492,2473037,28378,,,2747
2021,20,BUF,Efe Obada,DL,ACT,1992-04-13,6,00-0031500,3734467,28386,,10235,2796
2021,18,MIN,Jordan Berry,P,ACT,1991-03-18,6,00-0031502,2472364,28388,,10236,2975
2021,18,NO,Jameis Winston,QB,RES,1994-01-06,6,00-0031503,2969939,28389,WinsJa00,9434,2306
2021,19,DAL,La'el Collins,OL,ACT,1993-07-26,6,00-0031534,,,,,
2021,18,LAC,Ty Long,P,ACT,1993-04-06,6,00-0031543,2582324,28861,,9728,2650
2021,19,DAL,Amari Cooper,WR,ACT,1994-06-17,6,00-0031544,2976499,28392,CoopAm00,9437,2309
2021,18,NO,Kevin White,WR,DEV,1992-06-25,6,00-0031545,3042435,28395,WhitKe00,9440,2312
2021,22,CIN,Trae Waynes,DB,ACT,1992-07-25,6,00-0031546,2576283,28399,WaynTr00,9444,2316
2021,18,MIA,DeVante Parker,WR,ACT,1993-01-20,6,00-0031547,2576623,28402,ParkDe01,9447,2319
2021,20,TEN,Kevin Johnson,DB,RET,1992-08-05,6,00-0031548,2511523,28404,JohnKe04,9449,2321
2021,19,NE,Nelson Agholor,WR,ACT,1993-05-24,6,00-0031549,2971618,28408,AghoNe00,9453,2325
2021,18,CAR,Shaq Thompson,LB,ACT,1994-04-21,6,00-0031550,2978313,28413,ThomSh01,9458,2330
2021,18,CHI,Eddie Goldman,DL,ACT,1994-01-06,6,00-0031551,2969924,28427,GoldEd00,9472,2344
2021,18,NYG,Benardrick McKinney,LB,ACT,1992-11-19,6,00-0031553,2577429,28431,McKiBe00,9476,2348
2021,18,MIN,Eric Kendricks,LB,RES,1992-02-29,6,00-0031554,2510863,28433,KendEr00,9478,2350
2021,18,MIA,Eric Rowe,DB,ACT,1992-10-03,6,00-0031555,2576002,28435,RoweEr00,9480,2352
2021,18,WAS,Nate Orchard,DL,INA,1993-01-05,6,00-0031556,3052511,28439,OrchNa00,9484,2356
2021,19,ARI,Jordan Phillips,DL,INA,1992-09-21,6,00-0031557,2577466,28440,PhilJo01,9485,2357
2021,19,ARI,Maxx Williams,TE,RES,1994-04-12,6,00-0031558,2970726,28443,WillMa04,9488,2360
2021,18,BAL,Jordan Richards,DB,DEV,1993-01-21,6,00-0031559,2577139,28452,RichJo00,9497,2369
2021,19,LV,Hroniss Grasu,OL,DEV,1991-08-12,6,00-0031561,,,,,
2021,18,MIN,Danielle Hunter,DL,RES,1994-10-29,6,00-0031565,2976560,28476,HuntDa01,9521,2393
2021,18,DET,Trey Flowers,LB,RES,1993-08-16,6,00-0031566,2574519,28489,FlowTr00,9534,2406
2021,20,BUF,Daryl Williams,OL,ACT,1992-08-31,6,00-0031567,,,,,
2021,18,WAS,Gabe Wright,DL,DEV,1992-04-03,6,00-0031574,2574579,28501,WrigGa00,9546,2418
2021,18,WAS,Jamil Douglas,OL,ACT,1992-02-28,6,00-0031575,,,,,
2021,20,GB,Za'Darius Smith,LB,ACT,1992-09-08,6,00-0031576,3043168,28510,SmitZa00,9555,2427
2021,19,NE,Shaquille Mason,OL,ACT,1993-08-28,6,00-0031580,,,,,
2021,18,IND,Mark Glowinski,OL,ACT,1992-05-03,6,00-0031581,,,,,
2021,18,ATL,Grady Jarrett,DL,ACT,1993-04-28,6,00-0031583,2576492,28525,JarrGr00,9570,2592
2021,20,GB,Adrian Amos,DB,ACT,1993-04-29,6,00-0031584,2582132,28530,AmosAd00,9575,2445
2021,20,TEN,MyCole Pruitt,TE,RES,1992-03-24,6,00-0031585,2508256,28531,PruiMy00,9576,2446
2021,18,WAS,Bobby McCain,DB,ACT,1993-08-18,6,00-0031587,2575606,28533,McCaBo01,9578,2448
2021,20,BUF,Stefon Diggs,WR,ACT,1993-11-29,6,00-0031588,2976212,28534,DiggSt00,9579,2449
2021,18,IND,Brett Hundley,QB,DEV,1993-06-15,6,00-0031589,2577189,28535,HundBr00,9580,2450
2021,21,KC,Michael Burton,RB,ACT,1992-02-01,6,00-0031595,2515270,28556,BurtMi00,9601,2471
2021,18,WAS,David Mayo,LB,ACT,1993-08-18,6,00-0031596,2972400,28557,MayoDa00,9602,2472
2021,18,MIN,Tye Smith,DB,ACT,1993-05-03,6,00-0031597,2588098,28558,SmitTy01,9603,2473
2021,18,BAL,Nick Boyle,TE,RES,1993-02-17,6,00-0031598,2574591,28559,BoylNi00,9604,2474
2021,18,SEA,Quandre Diggs,DB,ACT,1993-01-22,6,00-0031608,2577553,28588,DiggQu00,9633,2501
2021,19,LV,Darren Waller,TE,ACT,1992-09-13,6,00-0031610,2576925,28592,WallDa01,9637,2505
2021,18,NO,Christian Ringo,DL,ACT,1992-03-10,6,00-0031615,2574023,28598,RingCh00,9643,2511
2021,18,LAC,Christian Covington,DL,ACT,1993-10-16,6,00-0031619,2580666,28604,CoviCh00,9649,2517
2021,20,BUF,Bobby Hart,OL,INA,1994-08-21,6,00-0031622,,,,,
2021,18,SEA,Edmond Robinson,LB,DEV,1992-02-23,6,00-0031624,3137087,28620,RobiEd00,9665,2531
2021,18,WAS,Darryl Roberts,DB,ACT,1990-11-26,6,00-0031628,2515490,28635,RobeDa00,9680,2546
2021,19,LV,Denzelle Good,OL,RES,1991-03-08,6,00-0031632,,,,,
2021,18,DEN,Justin Hamilton,DL,INA,1993-07-27,6,00-0031636,2574009,28771,,9732,2859
2021,21,SF,Raheem Mostert,RB,RES,1992-04-09,6,00-0031687,2576414,28654,MostRa00,9783,2749
2021,18,BAL,Eric Tomlinson,TE,ACT,1992-04-22,6,00-0031690,2511973,28658,TomlEr01,9786,2755
2021,17,HOU,Xavier Williams,DL,CUT,1992-01-18,6,00-0031713,2508191,28815,,9809,2668
2021,18,IND,Chris Reed,OL,ACT,1992-07-22,6,00-0031734,,,,,
2021,18,HOU,Neville Hewitt,LB,ACT,1993-04-06,6,00-0031740,3059880,28935,,9836,2677
2021,19,NE,Matt LaCosse,TE,DEV,1992-09-21,6,00-0031744,2576179,28875,,9840,2944
2021,18,WAS,DeAndre Carter,WR,ACT,1993-04-10,6,00-0031763,2580216,28947,CartDe02,9859,2750
2021,19,PIT,B.J. Finney,OL,RES,1991-10-26,6,00-0031779,,,,,
2021,18,CLE,Troy Hill,DB,INA,1991-08-29,6,00-0031785,2525933,28972,,9881,2826
2021,20,BUF,Jake Kumerow,WR,ACT,1992-02-17,6,00-0031787,3085107,28974,KumeJa00,9883,2821
2021,18,DEN,DeShawn Williams,DL,RES,1992-12-29,6,00-0031795,2576508,28982,,9891,2827
2021,18,MIA,Justin Coleman,DB,ACT,1993-03-27,6,00-0031796,2577707,28835,,9892,2572
2021,19,PHI,Anthony Harris,DB,ACT,1991-10-09,6,00-0031799,2577814,28838,,9895,2719
2021,18,WAS,Taylor Heinicke,QB,ACT,1993-03-15,6,00-0031800,2565969,28839,HeinTa00,9896,2711
2021,18,MIA,Malcolm Brown,RB,RES,1993-05-15,6,00-0031806,2570986,28990,BrowMa03,9902,2588
2021,18,ATL,James Vaughters,LB,INA,1993-06-27,6,00-0031838,2577145,28934,,9934,2778
2021,18,WAS,Deshazor Everett,DB,RES,1992-02-22,6,00-0031844,2578692,28785,,9940,2643
2021,19,NE,David Andrews,OL,ACT,1992-07-10,6,00-0031852,,,,,
2021,19,NE,Brandon King,LB,ACT,1993-06-08,6,00-0031856,3051905,28987,,9952,2724
2021,18,CHI,Damiere Byrd,WR,ACT,1993-01-27,6,00-0031868,2577667,28730,ByrdDa00,9964,2673
2021,18,DET,Dean Marlowe,DB,ACT,1992-07-25,6,00-0031870,2519038,28732,,9966,2679
2021,18,MIA,Jesse Davis,OL,ACT,1991-09-15,6,00-0031893,,,,,
2021,19,PHI,Alex Singleton,LB,ACT,1993-12-07,6,00-0031898,2612151,28716,,9994,2617
2021,18,DEN,Bryce Callahan,DB,ACT,1991-10-23,6,00-0031904,2515641,28705,,10000,2860
2021,19,PHI,Rick Lovato,LS,ACT,1992-09-09,6,00-0031911,,,,,
2021,20,TEN,Kendall Lamm,OL,ACT,1992-06-05,6,00-0031921,,,,,
2021,18,MIA,Greg Mancz,OL,ACT,1992-04-23,6,00-0031923,,,,,
2021,1,NYG,Chad Slade,OL,CUT,1992-05-04,6,00-0031928,,,,,
2021,18,NYG,Leonard Williams,DL,ACT,1994-06-20,6,00-0031933,2971622,28394,WillLe02,9439,2311
2021,9,CAR,Devin Smith,WR,TRC,1992-03-03,6,00-0031934,2576395,28425,SmitDe04,9470,2342
2021,20,GB,Preston Smith,LB,ACT,1992-11-17,6,00-0031935,2577446,28426,SmitPr00,9471,2343
2021,20,BUF,Mitch Morse,OL,ACT,1992-04-21,6,00-0031936,,,,,
2021,19,NE,Carl Davis,DL,INA,1992-03-02,6,00-0031938,2511690,28478,DaviCa01,9523,2395
2021,18,NYJ,Jamison Crowder,WR,ACT,1993-06-17,6,00-0031941,2576716,28493,CrowJa00,9538,2410
2021,18,ATL,Tyeler Davison,DL,INA,1992-09-03,6,00-0031947,2517230,28542,DaviTy01,9587,2457
2021,18,JAX,James O'Shaughnessy,TE,INA,1992-01-14,6,00-0031951,2508079,28561,O'ShJa00,9606,2476
2021,20,TB,Rakeem Nunez-Roches,DL,ACT,1993-07-03,6,00-0031957,2575453,28605,NuneRa00,9650,2993
2021,15,MIA,Austin Reiter,OL,CUT,1991-11-27,6,00-0031958,,,,,
2021,21,SF,Mark Nzeocha,LB,ACT,1990-01-19,6,00-0031961,2576030,28624,NzeoMa00,9669,2535
2021,19,NE,De'Vante Bausby,DB,ACT,1993-01-15,6,00-0031991,2613234,29090,,10057,3022
2021,19,LV,Justin March,LB,DEV,1993-07-05,6,00-0031999,2574282,29098,,10065,2839
2021,7,GB,Quinton Dunbar,DB,CUT,1992-07-22,6,00-0032007,2516049,29077,,10073,2645
2021,18,WAS,Adam Humphries,WR,ACT,1993-06-24,6,00-0032009,2576491,29070,HumpAd00,10075,2822
2021,20,TB,Curtis Riley,DB,RES,1992-07-18,6,00-0032042,2525492,29062,,10109,2983
2021,22,CIN,Quinton Spain,OL,ACT,1991-08-07,6,00-0032043,,,,,
2021,18,ATL,Dante Fowler,LB,ACT,1994-08-03,6,00-0032052,2980100,28391,FowlDa00,9436,2308
2021,18,WAS,Brandon Scherff,OL,ACT,1991-12-26,6,00-0032053,,,,,
2021,20,TB,Breshad Perriman,WR,INA,1993-09-10,6,00-0032054,2972460,28414,PerrBr02,9459,2331
2021,13,SF,Devin Funchess,WR,DEV,1994-05-21,6,00-0032055,2977609,28429,FuncDe00,9474,2346
2021,21,SF,Jaquiski Tartt,DB,ACT,1992-02-12,6,00-0032057,2509844,28434,TartJa00,9479,2351
2021,18,NYJ,Tevin Coleman,RB,ACT,1993-04-16,6,00-0032058,2979477,28461,ColeTe01,9506,2378
2021,18,NO,P.J. Williams,DB,INA,1993-06-01,6,00-0032059,2977661,28466,WillP.00,9511,2383
2021,21,KC,Blake Bell,TE,ACT,1991-08-07,6,00-0032062,2514206,28505,BellBl00,9550,2422
2021,18,ATL,Mike Davis,RB,ACT,1993-02-19,6,00-0032063,3025433,28514,DaviMi01,9559,2431
2021,20,TB,Bradley Pinion,P,ACT,1994-06-01,6,00-0032065,2977680,28553,PiniBr00,9598,2468
2021,19,NE,Trenton Brown,OL,ACT,1993-04-13,6,00-0032071,,,,,
2021,20,TEN,Nick Dzubnar,LB,ACT,1991-08-15,6,00-0032081,2518789,28679,,10127,2655
2021,10,PIT,Josh Lambo,K,CUT,1990-11-19,6,00-0032087,2998120,28685,,10133,2671
2021,18,JAX,Tyrell Adams,LB,ACT,1992-04-11,6,00-0032094,3895228,29111,,10140,2613
2021,18,NYJ,Daniel Brown,TE,DEV,1992-05-26,6,00-0032098,2519013,29102,BrowDa04,10144,2751
2021,19,LV,Denzel Perryman,LB,ACT,1992-12-05,6,00-0032103,2579621,28436,PerrDe00,9481,2353
2021,18,CAR,Ameer Abdullah,RB,ACT,1993-06-13,6,00-0032104,2576336,28442,AbduAm00,9487,2359
2021,18,CHI,Angelo Blackson,DL,ACT,1992-11-14,6,00-0032107,2574582,28488,BlacAn00,9533,2405
2021,18,NO,Kwon Alexander,LB,ACT,1994-08-03,6,00-0032109,2976541,28512,AlexKw00,9557,2429
2021,8,IND,J.J. Nelson,WR,RES,1992-04-24,6,00-0032112,2515759,28547,NelsJJ00,9592,2462
2021,19,LV,Darius Philon,DL,RES,1994-01-22,6,00-0032116,2980071,28580,PhilDa01,9625,2493
2021,19,ARI,Markus Golden,LB,ACT,1991-03-13,6,00-0032127,2971432,28446,GoldMa00,9491,2363
2021,18,HOU,Chris Conley,WR,INA,1992-10-25,6,00-0032128,2578533,28464,ConlCh00,9509,2381
2021,19,ARI,Jordan Hicks,LB,ACT,1992-06-27,6,00-0032129,2514270,28472,HickJo00,9517,2389
2021,19,ARI,Max Garcia,OL,ACT,1991-11-09,6,00-0032132,,,,,
2021,22,CIN,C.J. Uzomah,TE,ACT,1993-01-14,6,00-0032134,2574576,28545,UzomC.00,9590,2460
2021,18,CHI,Jesse James,TE,ACT,1994-06-04,6,00-0032135,2979590,28548,JameJe00,9593,2463
2021,20,TEN,Geoff Swaim,TE,ACT,1993-09-16,6,00-0032141,3046704,28634,SwaiGe00,9679,2545
2021,18,NYG,Danny Shelton,DL,ACT,1993-08-20,6,00-0032143,2578384,28400,ShelDa01,9445,2317
2021,18,DEN,Melvin Gordon,RB,ACT,1993-04-13,6,00-0032144,2576434,28403,GordMe00,9448,2320
2021,18,CAR,Cameron Erving,OL,RES,1992-08-23,6,00-0032145,,,,,
2021,20,TEN,Bud Dupree,LB,ACT,1993-02-12,6,00-0032146,2576702,28410,DuprAl00,9455,2327
2021,20,TEN,Ty Sambrailo,OL,RET,1992-03-10,6,00-0032147,,,,,
2021,18,CAR,John Miller,OL,INA,1993-08-12,6,00-0032149,,,,,
2021,19,PHI,Steven Nelson,DB,ACT,1993-01-22,6,00-0032150,3045287,28486,NelsSt01,9531,2403
2021,20,BUF,Jon Feliciano,OL,ACT,1992-02-10,6,00-0032151,,,,,
2021,18,NO,Trevor Siemian,QB,ACT,1991-12-26,6,00-0032156,2511109,28638,SiemTr00,9683,2549
2021,8,DET,Tyrell Williams,WR,RES,1992-02-12,6,00-0032160,2587819,28691,WillTy00,10154,2583
2021,18,MIN,T.Y. McGill,DL,ACT,1992-11-23,6,00-0032162,2577757,29114,,10156,2614
2021,21,SF,Arik Armstead,DL,ACT,1993-11-15,6,00-0032164,2971275,28405,ArmsAr01,9450,2322
2021,18,BAL,Marcus Peters,DB,RES,1993-01-09,6,00-0032165,2578378,28406,PeteMa00,9451,2323
2021,18,HOU,David Johnson,RB,ACT,1991-12-16,6,00-0032187,2508176,28474,JohnDa08,9519,2391
2021,20,TEN,Daniel Munyer,OL,DEV,1992-03-04,6,00-0032192,,,,,
2021,18,DEN,Ronald Darby,DB,RES,1994-01-02,6,00-0032195,2969920,28438,DarbRo00,9483,2355
2021,19,DAL,Randy Gregory,DL,ACT,1992-11-23,6,00-0032197,3895806,28448,GregRa00,9493,2365
2021,18,IND,Ibraheim Campbell,DB,DEV,1992-05-13,6,00-0032198,2511090,28503,CampIb00,9548,2420
2021,18,NO,Ty Montgomery,WR,ACT,1993-01-22,6,00-0032200,2577134,28482,MontTy01,9527,2399
2021,18,NO,Andrus Peat,OL,RES,1993-11-04,6,00-0032203,,,,,
2021,19,PIT,Chaz Green,OL,DEV,1992-04-08,6,00-0032204,,,,,
2021,18,HOU,Phillip Dorsett,WR,RES,1993-01-05,6,00-0032208,2579604,28417,DorsPh00,9462,2334
2021,21,KC,Frank Clark,DL,ACT,1993-06-14,6,00-0032210,2576242,28451,ClarFr01,9496,2368
2021,18,SEA,Tyler Lockett,WR,ACT,1992-09-28,6,00-0032211,2577327,28457,LockTy00,9502,2374
2021,18,NYJ,Tyler Kroft,TE,ACT,1992-10-15,6,00-0032214,2582410,28473,KrofTy00,9518,2390
2021,18,JAX,Damien Wilson,LB,ACT,1993-05-28,6,00-0032215,3040207,28515,WilsDa02,9560,2432
2021,20,TB,Donovan Smith,OL,ACT,1993-06-23,6,00-0032217,,,,,
2021,19,ARI,D.J. Humphries,OL,ACT,1993-12-28,6,00-0032222,,,,,
2021,19,NE,Joe Cardona,LS,ACT,1992-04-16,6,00-0032228,,,,,
2021,17,TEN,Cedric Ogbuehi,OL,CUT,1992-04-25,6,00-0032233,,,,,
2021,21,SF,Laken Tomlinson,OL,ACT,1992-02-09,6,00-0032234,,,,,
2021,18,MIA,Byron Jones,DB,ACT,1992-09-26,6,00-0032239,2513035,28415,JoneBy00,9460,2332
2021,22,LA,Rob Havenstein,OL,ACT,1992-05-13,6,00-0032242,,,,,
2021,20,TB,Ali Marpet,OL,ACT,1993-04-17,6,00-0032243,,,,,
2021,18,MIN,Sean Mannion,QB,ACT,1992-04-25,6,00-0032245,2517017,28477,MannSe00,9522,2394
2021,16,LA,Damarious Randall,DB,CUT,1992-08-29,6,00-0032251,3043258,28418,RandDa00,9463,2335
2021,18,JAX,A.J. Cann,OL,RES,1991-10-23,6,00-0032255,,,,,
2021,18,MIA,Duke Johnson,RB,ACT,1993-09-23,6,00-0032257,2969962,28465,JohnDu00,9510,2382
2021,18,WAS,Ereck Flowers,OL,ACT,1994-04-25,6,00-0032259,,,,,
2021,18,JAX,Malcom Brown,DL,ACT,1994-02-02,6,00-0032261,2971698,28420,BrowMa01,9465,2337
2021,18,WAS,Landon Collins,DB,RES,1994-01-10,6,00-0032262,2979841,28421,CollLa00,9466,2338
2021,19,LV,Jeremiah Poutasi,OL,DEV,1994-08-07,6,00-0032263,,,,,
2021,18,CHI,Mario Edwards,DL,ACT,1994-01-25,6,00-0032265,2969921,28423,EdwaMa01,9468,2340
2021,19,LV,Marcus Mariota,QB,ACT,1993-10-30,6,00-0032268,2576980,28390,MariMa01,9435,2307
2021,19,NE,Henry Anderson,DL,RES,1991-08-03,6,00-0032269,2517752,28481,AndeHe00,9526,2398
2021,18,DET,Ross Travis,TE,DEV,1993-01-09,6,00-0032319,3936647,29208,,10320,3041
2021,18,ATL,Erik Harris,DB,RES,1990-04-02,5,00-0032320,4010714,29224,,10346,3144
2021,18,MIA,Chris Milton,DB,DEV,1992-09-15,5,00-0032353,2576895,29607,,10914,3589
2021,18,BAL,Adam Redmond,OL,DEV,1993-05-19,5,00-0032354,,,,,
2021,20,TEN,Chester Rogers,WR,ACT,1994-01-12,5,00-0032355,2983209,29609,RogeCh02,10918,3582
2021,20,BUF,Tyler Matakevich,LB,ACT,1992-12-22,5,00-0032366,2976249,29480,MataTy00,10880,3401
2021,18,IND,DeForest Buckner,DL,ACT,1994-03-17,5,00-0032378,2971282,29241,BuckDe00,10641,3172
2021,22,CIN,Eli Apple,DB,ACT,1995-08-09,5,00-0032379,3040506,29244,ApplEl00,10644,3189
2021,18,HOU,Laremy Tunsil,OL,RES,1994-08-02,5,00-0032380,,,,,
2021,18,DET,Taylor Decker,OL,ACT,1993-08-23,5,00-0032381,,,,,
2021,19,DAL,Keanu Neal,LB,INA,1995-07-26,5,00-0032382,3054962,29251,NealKe01,10651,3181
2021,18,IND,Ryan Kelly,OL,ACT,1993-05-30,5,00-0032383,,,,,
2021,18,CHI,Germain Ifedi,OL,ACT,1994-06-02,5,00-0032384,,,,,
2021,18,NYG,Sterling Shepard,WR,RES,1993-02-10,5,00-0032385,2976592,29274,ShepSt00,10674,3200
2021,21,KC,Jarran Reed,DL,ACT,1992-12-16,5,00-0032387,3115312,29289,ReedJa02,10683,3220
2021,18,ATL,Deion Jones,LB,ACT,1994-11-04,5,00-0032388,2976545,29285,JoneDe01,10686,3222
2021,18,MIN,Mackensie Alexander,DB,INA,1993-11-12,5,00-0032389,3045120,29287,AlexMa01,10688,3224
2021,21,KC,Joe Thuney,OL,ACT,1992-11-18,5,00-0032391,,,,,
2021,18,CLE,Austin Hooper,TE,ACT,1994-10-29,5,00-0032392,3043275,29315,HoopAu00,10715,3202
2021,1,TB,C.J. Prosise,RB,CUT,1994-05-20,5,00-0032393,2980148,29324,ProsC.00,10724,3204
2021,18,NO,Nick Vannett,TE,ACT,1993-03-06,5,00-0032394,2576399,29328,VannNi00,10728,3258
2021,18,DEN,Graham Glasgow,OL,RES,1992-08-19,5,00-0032395,,,,,
2021,18,HOU,Chris Moore,WR,ACT,1993-06-16,5,00-0032398,2576581,29341,MoorCh00,10741,3269
2021,19,PIT,Miles Killebrew,DB,ACT,1993-05-10,5,00-0032399,2575164,29345,KillMi00,10745,3272
2021,20,GB,De'Vondre Campbell,LB,ACT,1993-07-01,5,00-0032401,3040180,29349,CampDe00,10749,3276
2021,19,PHI,Hassan Ridgeway,DL,ACT,1994-11-02,5,00-0032402,2971725,29350,RidgHa00,10750,3277
2021,18,CAR,Juston Burris,DB,ACT,1993-08-04,5,00-0032403,2577740,29352,BurrJu00,10752,3279
2021,18,ATL,Willie Beavers,OL,DEV,1993-10-02,5,00-0032405,,,,,
2021,18,NYJ,Alex Lewis,OL,RES,1992-04-21,5,00-0032407,,,,,
2021,18,NYG,Blake Martinez,LB,RES,1994-01-09,5,00-0032408,2978273,29365,MartBl01,10765,3291
2021,4,NYG,Willie Henry,DL,CUT,1994-03-20,5,00-0032409,2977625,29366,HenrWi00,10766,3292
2021,20,TB,Rashard Robinson,DB,DEV,1995-07-23,5,00-0032410,3042718,29367,RobiRa00,10767,3293
2021,20,GB,Dean Lowry,DL,ACT,1994-06-09,5,00-0032412,2974348,29371,LowrDe00,10771,3295
2021,18,NYJ,Ronald Blair,DL,ACT,1993-01-21,5,00-0032413,2567711,29376,BlaiRo00,10776,3299
2021,19,NE,Matt Judon,LB,ACT,1992-08-15,5,00-0032415,3961466,29380,JudoMa00,10780,3303
2021,19,LV,Quinton Jefferson,DL,ACT,1993-03-31,5,00-0032416,2577078,29381,JeffQu00,10781,3304
2021,19,PIT,Joe Haeg,OL,ACT,1993-03-11,5,00-0032419,,,,,
2021,18,SEA,Brandon Shell,OL,RES,1992-02-06,5,00-0032420,,,,,
2021,1,ATL,Trevor Davis,WR,CUT,1993-07-04,5,00-0032423,2573343,29397,DaviTr03,10797,3319
2021,22,CIN,D.J. Reader,DL,ACT,1994-07-01,5,00-0032424,2977670,29400,ReadD.00,10800,3322
2021,18,SEA,Alex Collins,RB,RES,1994-08-26,5,00-0032426,3046409,29405,CollAl00,10805,3327
2021,1,TB,Jerell Adams,TE,CUT,1992-12-31,5,00-0032429,2978727,29418,AdamJe01,10818,3340
2021,18,WAS,Wes Schweitzer,OL,RES,1993-09-11,5,00-0032432,,,,,
2021,17,NO,Kyle Murphy,OL,CUT,1993-12-11,5,00-0032433,,,,,
2021,22,CIN,Brandon Allen,QB,ACT,1992-09-05,5,00-0032434,2574511,29435,AlleBr00,10835,3357
2021,21,SF,Anthony Zettel,DL,RET,1992-08-09,5,00-0032435,2582150,29436,ZettAn00,10836,3358
2021,18,HOU,Jeff Driskel,QB,RES,1993-04-23,5,00-0032436,2574630,29441,DrisJe00,10841,3362
2021,18,HOU,Kamu Grugier-Hill,LB,ACT,1994-05-16,5,00-0032437,3050851,29442,GrugKa00,10842,3363
2021,19,DAL,Maurice Canady,DB,INA,1994-05-26,5,00-0032438,2979655,29443,CanaMa00,10843,3364
2021,18,MIA,Elandon Roberts,LB,ACT,1994-04-22,5,00-0032442,2987743,29448,RobeEl00,10848,3369
2021,17,IND,Joey Hunt,OL,CUT,1994-02-22,5,00-0032443,,,,,
2021,19,NE,Ted Karras,OL,ACT,1993-03-15,5,00-0032445,,,,,
2021,18,DEN,Stephen Weatherly,LB,ACT,1994-03-19,5,00-0032448,2972362,29461,WeatSt00,10861,3382
2021,18,CAR,Lachlan Edwards,P,ACT,1992-04-27,5,00-0032449,3061740,29469,,10869,3390
2021,18,NO,Dwayne Washington,RB,ACT,1994-04-24,5,00-0032450,3002265,29470,WashDw00,10870,3391
2021,19,DAL,Jayron Kearse,DB,ACT,1994-02-11,5,00-0032454,3045130,29478,KearJa00,10878,3399
2021,21,KC,Austin Blythe,OL,ACT,1992-06-16,5,00-0032455,,,,,
2021,20,TEN,Kyle Peko,DL,ACT,1993-07-23,5,00-0032463,3134288,29630,,11027,3633
2021,18,DET,Kalif Raymond,WR,ACT,1994-08-08,5,00-0032464,2973405,29631,RaymKa00,11028,3634
2021,18,NYJ,George Fant,OL,RES,1992-07-19,5,00-0032466,,,,,
2021,18,MIN,Eddie Yarbrough,DL,DEV,1993-04-24,5,00-0032480,2576040,29636,,11033,3637
2021,1,PIT,Kameron Canaday,LS,CUT,1992-08-20,5,00-0032486,,,,,
2021,20,TEN,Matthias Farley,DB,ACT,1992-07-15,5,00-0032496,2579840,29574,,10953,3605
2021,20,BUF,Reid Ferguson,LS,ACT,1994-03-24,5,00-0032497,,,,,
2021,20,TEN,Briean Boddy-Calhoun,DB,DEV,1993-01-21,5,00-0032517,2970694,29507,,10903,3474
2021,20,BUF,Justin Zimmer,DL,RES,1992-10-23,5,00-0032518,3057899,29559,,10975,3473
2021,18,MIN,Rashod Hill,OL,ACT,1992-01-12,5,00-0032520,,,,,
2021,22,CIN,Mike Hilton,DB,ACT,1994-03-09,5,00-0032521,2980383,29510,,10898,3546
2021,21,SF,Jarrod Wilson,DB,DEV,1994-02-09,5,00-0032525,2970661,29514,,10902,3550
2021,19,ARI,Justin Murray,OL,RES,1993-04-19,5,00-0032528,,,,,
2021,18,CAR,Alex Erickson,WR,ACT,1992-11-06,5,00-0032543,2977800,29703,EricAl01,11107,3433
2021,19,NE,Alex Redmond,OL,DEV,1995-01-18,5,00-0032549,,,,,
2021,19,ARI,Charles Washington,DB,ACT,1993-03-10,5,00-0032560,2579163,29781,,11137,3714
2021,20,TEN,Trevon Coley,DL,RES,1994-07-13,5,00-0032566,2982880,29751,,11093,3676
2021,18,NO,Wil Lutz,K,RES,1994-07-07,5,00-0032569,2985659,29754,,11096,3678
2021,19,LV,Patrick Onwuasor,LB,INA,1992-08-22,5,00-0032573,2576761,29758,,11100,3680
2021,18,MIN,Michael Pierce,DL,INA,1992-11-06,5,00-0032574,2972144,29759,,11101,3681
2021,18,NYG,Matt Skura,OL,ACT,1993-02-17,5,00-0032575,,,,,
2021,18,NYG,Woodrow Hamilton,DL,DEV,1992-12-20,5,00-0032578,2577392,29873,,11215,3763
2021,19,NE,Jonathan Jones,DB,RES,1993-09-20,5,00-0032580,2971027,29875,,11217,3415
2021,19,NE,Cre'von LeBlanc,DB,DEV,1994-07-25,5,00-0032581,2982870,29876,,11218,3416
2021,22,LA,Sharrod Neasman,DB,DEV,1991-10-14,5,00-0032592,2982866,29653,,11050,3667
2021,18,IND,Brian Poole,DB,DEV,1992-10-20,5,00-0032596,2980115,29655,,11052,3669
2021,18,NYJ,Joshua Perkins,TE,DEV,1993-08-05,5,00-0032599,2578377,29654,,11051,3668
2021,18,WAS,J.D. McKissic,RB,RES,1993-08-15,5,00-0032602,2572861,29650,McKiJ.00,11047,3664
2021,18,WAS,Marken Michel,WR,DEV,1993-04-06,5,00-0032609,2591718,29540,,10980,3568
2021,18,ATL,Lafayette Pitts,DB,DEV,1992-09-24,5,00-0032617,2576665,29835,,11210,3761
2021,18,DET,Geronimo Allison,WR,DEV,1994-01-18,5,00-0032626,3115913,29719,,11141,3503
2021,20,TB,Andrew Adams,DB,ACT,1993-08-28,5,00-0032637,2576599,29841,,11240,3764
2021,22,LA,Donte Deayon,DB,ACT,1994-01-28,5,00-0032641,2972896,29846,,11242,3765
2021,18,DET,Brian Price,DL,RET,1994-06-24,5,00-0032649,3040661,29747,,11157,3728
2021,18,DET,Romeo Okwara,LB,RES,1995-06-17,5,00-0032655,2980147,29867,,11250,3502
2021,20,BUF,Brandin Bryant,DL,DEV,1993-09-16,5,00-0032660,2982857,29813,,11280,3785
2021,18,JAX,Roy Robertson-Harris,DL,ACT,1993-07-23,5,00-0032667,2574891,29920,,11341,3526
2021,18,CAR,Morgan Fox,DL,ACT,1994-09-12,5,00-0032671,3059620,29714,,11184,3743
2021,19,LV,Cory Littleton,LB,ACT,1993-11-18,5,00-0032677,2978304,29718,,11190,3747
2021,18,CAR,Robby Anderson,WR,ACT,1993-05-09,5,00-0032688,2574808,29785,AndeRo04,11254,3423
2021,21,SF,Doug Middleton,DB,DEV,1993-09-25,5,00-0032697,2567725,29798,,11262,3643
2021,21,SF,Jake Brendel,OL,ACT,1992-09-10,5,00-0032701,,,,,
2021,18,LAC,Stephen Anderson,TE,ACT,1993-01-30,5,00-0032725,2576854,29789,AndeSt01,11160,3496
2021,18,HOU,Ka'imi Fairbairn,K,ACT,1994-01-29,5,00-0032726,2971573,29792,,,3451
2021,18,DET,Joel Heath,DL,RES,1993-06-18,5,00-0032727,2576267,29794,,11162,3446
2021,1,JAX,Tevin Jones,WR,CUT,1992-12-26,5,00-0032728,2586703,29795,,11163,3730
2021,18,MIA,Brennan Scarlett,LB,ACT,1993-07-31,5,00-0032734,2576885,29807,,11169,3734
2021,19,LV,Peyton Barber,RB,ACT,1994-02-27,5,00-0032741,3051902,29560,BarbPe01,10927,3594
2021,18,IND,Luke Rhodes,LS,ACT,1992-12-02,5,00-0032753,2566045,29588,,10940,3598
2021,1,CIN,Winston Rose,DB,DEV,1993-11-29,5,00-0032757,,,,,
2021,22,CIN,Vernon Hargreaves,DB,INA,1995-06-03,5,00-0032758,3054955,29245,HargVe00,10645,3194
2021,18,NYJ,Sheldon Rankins,DL,ACT,1994-04-02,5,00-0032759,2970204,29246,RankSh00,10646,3188
2021,6,ARI,Josh Doctson,WR,CUT,1992-12-03,5,00-0032760,2576019,29256,DoctJo00,10656,3178
2021,18,SEA,Robert Nkemdiche,DL,ACT,1994-09-19,5,00-0032761,3051886,29263,NkemRo00,10663,3180
2021,21,KC,Chris Jones,DL,ACT,1994-07-03,5,00-0032762,3044859,29271,JoneCh09,10671,3558
2021,18,NYG,Austin Johnson,DL,ACT,1994-05-08,5,00-0032763,2979591,29277,JohnAu01,10677,3560
2021,20,TEN,Derrick Henry,RB,ACT,1994-01-04,5,00-0032764,3043078,29279,HenrDe00,10679,3198
2021,18,NO,Michael Thomas,WR,RES,1993-03-03,5,00-0032765,2976316,29281,ThomMi05,10681,3199
2021,18,ATL,Jason Spriggs,OL,RES,1994-05-17,5,00-0032766,,,,,
2021,18,CHI,Cody Whitehair,OL,ACT,1992-07-11,5,00-0032768,,,,,
2021,18,BAL,Tavon Young,DB,ACT,1994-03-14,5,00-0032770,2976244,29338,YounTa01,10738,3266
2021,18,DET,Parker Ehinger,OL,DEV,1992-12-30,5,00-0032771,,,,,
2021,18,LAC,Ryan Smith,DB,RES,1993-09-07,5,00-0032772,2574666,29342,SmitRy00,10742,5547
2021,19,LV,Nick Kwiatkoski,LB,RES,1993-05-26,5,00-0032773,2581818,29347,KwiaNi00,10747,3274
2021,18,CHI,Deon Bush,DB,ACT,1993-08-14,5,00-0032774,2969944,29358,BushDe00,10758,3284
2021,21,KC,Demarcus Robinson,WR,ACT,1994-09-21,5,00-0032775,3043116,29360,RobiDe01,10760,3286
2021,16,NYG,Evan Boehm,OL,DEV,1993-08-19,5,00-0032777,,,,,
2021,18,ATL,Tajae Sharpe,WR,ACT,1994-12-23,5,00-0032778,2982828,29374,SharTa00,10774,3297
2021,18,NO,Caleb Benenoch,OL,RES,1994-08-08,5,00-0032779,,,,,
2021,19,PHI,Jordan Howard,RB,ACT,1994-11-02,5,00-0032780,3060022,29384,HowaJo00,10784,3306
2021,18,WAS,Matt Ioannidis,DL,ACT,1994-01-11,5,00-0032781,2976263,29386,,10786,3308
2021,18,WAS,Wendell Smallwood,RB,DEV,1994-01-20,5,00-0032782,3042429,29387,SmalWe00,10787,3309
2021,20,TEN,Kevin Hogan,QB,DEV,1992-10-20,5,00-0032784,2577128,29396,HogaKe00,10796,3318
2021,18,DET,Halapoulivaati Vaitai,OL,ACT,1993-06-16,5,00-0032785,,,,,
2021,18,CHI,Marqui Christian,DB,ACT,1994-10-27,5,00-0032786,3960454,29401,ChriMa00,10801,3323
2021,18,HOU,Cole Toner,OL,RES,1994-03-13,5,00-0032787,,,,,
2021,19,DAL,Devante Bond,LB,DEV,1993-07-03,5,00-0032789,3116368,29417,BondDe00,10817,3339
2021,18,CHI,DeAndre Houston-Carson,DB,RES,1993-04-13,5,00-0032790,2566034,29419,HousDe00,10819,3341
2021,18,CHI,Jakeem Grant,WR,RES,1992-10-30,5,00-0032791,2577641,29420,GranJa00,10820,3342
2021,21,SF,Nate Sudfeld,QB,INA,1993-10-07,5,00-0032792,2979501,29421,SudfNa00,10821,3343
2021,22,LA,Blake Countess,DB,INA,1993-08-08,5,00-0032793,2576229,29430,CounBl00,10830,3352
2021,18,MIA,Cody Core,WR,DEV,1994-04-17,5,00-0032795,2980378,29433,CoreCo00,10833,3355
2021,11,IND,Jordan Lucas,DB,CUT,1993-08-02,5,00-0032797,2979595,29438,LucaJo00,10838,3360
2021,19,NE,Jalen Mills,DB,RES,1994-04-06,5,00-0032803,2976540,29467,MillJa02,10867,3388
2021,18,MIA,Clayton Fejedelem,DB,ACT,1993-06-02,5,00-0032807,3042455,29479,FejeCl00,10879,3400
2021,19,ARI,Joe Walker,LB,DEV,1992-12-11,5,00-0032809,3043184,29485,WalkJo01,10885,3406
2021,18,NYG,Elijhaa Penny,RB,ACT,1993-08-17,5,00-0032813,2575965,29906,PennEl00,11300,3803
2021,1,ARI,Terrance Smith,LB,CUT,,5,00-0032820,2576809,29885,,11181,3417
2021,19,ARI,Kevin Peterson,DB,ACT,1994-03-22,5,00-0032848,2977742,29924,,11302,3527
2021,1,CHI,Tre Roberson,DB,RES,1992-10-22,5,00-0032849,2578317,29925,,11310,3813
2021,19,ARI,Alex Ellis,TE,DEV,1993-02-10,5,00-0032864,2577731,29944,,11326,3824
2021,18,DET,Aldrick Rosas,K,DEV,1994-12-30,5,00-0032870,3068939,29949,,11331,3827
2021,18,IND,Antwaun Woods,DL,RES,1993-01-03,5,00-0032871,2577278,29950,,11332,3479
2021,18,NO,Ken Crawley,DB,ACT,1993-02-08,5,00-0032875,2979612,29842,,11224,3426
2021,19,ARI,Marcus Henry,OL,ACT,1993-02-11,5,00-0032877,,,,,
2021,18,MIA,Tommylee Lewis,WR,DEV,1992-10-24,5,00-0032881,2574918,29854,,11231,3614
2021,19,PIT,Karl Joseph,DB,DEV,1993-09-08,5,00-0032888,2976639,29248,JoseKa00,10648,3191
2021,22,LA,A'Shawn Robinson,DL,ACT,1995-03-21,5,00-0032889,3054857,29280,RobiAS00,10680,3218
2021,18,NYG,James Bradberry,DB,ACT,1993-08-04,5,00-0032890,2572841,29296,BradJa00,10696,3231
2021,18,BAL,Daryl Worley,DB,DEV,1995-02-22,5,00-0032891,3042436,29311,WorlDa00,10711,3246
2021,18,MIN,Nick Vigil,LB,ACT,1993-08-20,5,00-0032892,2971816,29321,VigiNi00,10721,3254
2021,19,PIT,Derek Watt,RB,ACT,1992-11-07,5,00-0032897,2576450,29432,WattDe00,10832,3354
2021,18,MIA,Spencer Pulley,OL,DEV,1993-04-04,5,00-0032911,,,,,
2021,18,MIN,C.J. Ham,RB,ACT,1993-07-22,5,00-0032918,4012556,29951,HamxC.00,11347,3832
2021,19,ARI,Antonio Hamilton,DB,ACT,1993-01-24,5,00-0032933,3056354,29957,,11353,3838
2021,22,CIN,Vonn Bell,DB,ACT,1994-12-12,5,00-0032939,3051388,29295,BellVo00,10695,3230
2021,18,BAL,Kevon Seymour,DB,ACT,1993-11-30,5,00-0032942,2971603,29452,SeymKe00,10852,3374
2021,18,NYG,Riley Dixon,P,ACT,1993-08-24,5,00-0032943,2577619,29462,DixoRi00,10862,3383
2021,18,IND,Carson Wentz,QB,ACT,1992-12-30,5,00-0032950,2573079,29236,WentCa00,10636,3161
2021,18,JAX,Laquon Treadwell,WR,ACT,1995-06-14,5,00-0032951,3051889,29257,TreaLa00,10657,3155
2021,22,CIN,Noah Spence,DL,DEV,1994-01-08,5,00-0032952,2976313,29273,SpenNo00,10673,3195
2021,19,PHI,Isaac Seumalo,OL,RES,1993-10-29,5,00-0032954,,,,,
2021,18,LAC,Kyler Fackrell,LB,ACT,1991-11-25,5,00-0032955,2574229,29322,FackKy00,10722,3255
2021,18,CLE,Andy Janovich,RB,ACT,1993-05-23,5,00-0032956,2974317,29410,JanoAn00,10810,3332
2021,18,NYJ,Will Parks,DB,ACT,1994-07-29,5,00-0032958,2971248,29453,ParkWi01,10853,3373
2021,18,MIA,Wynton McManis,LB,DEV,1994-09-20,5,00-0032960,,,,,
2021,18,BAL,Ronnie Stanley,OL,RES,1994-03-18,5,00-0032965,,,,,
2021,20,BUF,Vernon Butler,DL,INA,1994-06-14,5,00-0032967,2971883,29264,ButlVe00,10664,3183
2021,18,JAX,Myles Jack,LB,ACT,1995-09-03,5,00-0032968,3047566,29270,JackMy00,10670,3166
2021,19,LV,Nick Martin,OL,ACT,1993-04-29,5,00-0032969,,,,,
2021,18,HOU,Jordan Jenkins,DL,ACT,1994-07-01,5,00-0032970,2977647,29317,JenkJo01,10717,3251
2021,18,DEN,Justin Simmons,DB,ACT,1993-11-19,5,00-0032971,2969860,29332,SimmJu00,10732,3262
2021,18,NYG,Devontae Booker,RB,ACT,1992-05-27,5,00-0032972,3122866,29370,BookDe00,10770,3209
2021,18,WAS,Jonathan Williams,RB,ACT,1994-02-02,5,00-0032975,2980077,29390,WillJo07,10790,3312
2021,18,CLE,Rashard Higgins,WR,ACT,1994-10-07,5,00-0032977,3042910,29406,HiggRa00,10806,3328
2021,20,TEN,Marcus Johnson,WR,RES,1994-08-05,5,00-0032980,2971718,29678,JohnMa07,11074,3445
2021,18,CHI,J.P. Holtz,TE,ACT,1993-08-28,5,00-0032986,2970262,29666,HoltJ.01,11062,3695
2021,18,WAS,Jared Norris,LB,RES,1993-07-19,5,00-0032998,2575997,29505,,11011,3513
2021,18,JAX,Jaydon Mickens,WR,ACT,1994-04-21,5,00-0033006,2978308,29978,MickJa01,11371,3852
2021,22,CIN,Tyler Boyd,WR,ACT,1994-11-15,5,00-0033009,3045144,29288,BoydTy00,10689,3225
2021,18,CLE,Sheldon Day,DL,INA,1994-07-01,5,00-0033010,2976194,29337,DayxSh00,10737,3265
2021,18,NYJ,Connor McGovern,OL,RES,1993-04-27,5,00-0033011,,,,,
2021,19,LV,Jalen Richard,RB,ACT,1993-10-15,5,00-0033025,2972091,30000,,11395,3868
2021,18,HOU,Eric Murray,DB,ACT,1994-01-07,5,00-0033038,2970716,29340,MurrEr00,10740,3268
2021,21,KC,Tyreek Hill,WR,ACT,1994-03-01,5,00-0033040,3116406,29399,HillTy00,10799,3321
2021,19,DAL,Ezekiel Elliott,RB,ACT,1995-07-22,5,00-0033045,3051392,29238,ElliEz00,10638,3164
2021,18,JAX,Jihad Ward,LB,ACT,1994-05-11,5,00-0033046,3115914,29278,WardJi02,10678,3217
2021,19,DAL,Anthony Brown,DB,ACT,1993-12-15,5,00-0033047,2977756,29423,BrowAn02,10823,3345
2021,19,LV,Kavon Frazier,DB,DEV,1994-08-11,5,00-0033048,2972505,29446,FrazKa00,10846,3367
2021,18,HOU,Darius Jackson,RB,CUT,1993-12-01,5,00-0033049,2980197,29450,JackDa01,10850,3371
2021,18,MIA,Xavien Howard,DB,ACT,1993-07-04,5,00-0033050,2978935,29272,HowaXa00,10672,3215
2021,18,NO,David Onyemata,DL,ACT,1992-11-08,5,00-0033051,4002046,29354,OnyeDa00,10754,3281
2021,18,NYG,Jaylon Smith,LB,ACT,1995-06-14,5,00-0033052,3052896,29268,SmitJa05,10668,3167
2021,19,NE,Sean Davis,DB,DEV,1993-10-23,5,00-0033053,2976210,29292,DaviSe00,10692,3228
2021,22,LA,Jalen Ramsey,DB,ACT,1994-10-24,5,00-0033055,3045373,29239,RamsJa00,10639,3160
2021,18,CLE,Jack Conklin,OL,RES,1994-08-17,5,00-0033057,,,,,
2021,18,NYG,Reggie Ragland,LB,ACT,1993-09-23,5,00-0033058,2979855,29275,RaglRe00,10675,3176
2021,18,HOU,T.J. Green,DB,DEV,1995-03-15,5,00-0033059,3045128,29291,GreeT.00,10691,3227
2021,18,NO,Zach Wood,LS,ACT,1993-01-10,5,00-0033063,,,,,
2021,18,JAX,Adam Gotsis,DL,ACT,1992-09-23,5,00-0033064,2971498,29297,GotsAd00,10697,3232
2021,19,PHI,Le'Raven Clark,OL,ACT,1993-04-22,5,00-0033065,,,,,
2021,21,KC,Andrew Billings,DL,DEV,1995-06-03,5,00-0033066,3051775,29356,BillAn00,10756,3207
2021,22,LA,Leonard Floyd,LB,ACT,1992-09-08,5,00-0033072,3043136,29243,FloyLe00,10643,3174
2021,18,MIA,Emmanuel Ogbah,DL,ACT,1993-11-06,5,00-0033073,2977740,29266,OgbaEm00,10666,3197
2021,19,DAL,Dak Prescott,QB,ACT,1993-07-29,5,00-0033077,2577417,29369,PresDa01,10769,3294
2021,20,GB,Lucas Patrick,OL,ACT,1993-07-30,5,00-0033082,,,,,
2021,19,DAL,Darian Thompson,DB,ACT,1993-09-22,5,00-0033083,2573317,29305,ThomDa05,10705,3240
2021,18,WAS,Kendall Fuller,DB,ACT,1995-02-13,5,00-0033084,3045465,29318,FullKe00,10718,3252
2021,18,NO,Jerald Hawkins,OL,DEV,1993-10-16,5,00-0033085,,,,,
2021,19,NE,Hunter Henry,TE,ACT,1994-12-07,5,00-0033090,3046439,29269,HenrHu00,10669,3214
2021,18,NO,KeiVarae Russell,DB,ACT,1993-10-19,5,00-0033091,2980150,29308,RussKe00,10708,3243
2021,18,ATL,Jonathan Bullard,DL,RES,1993-10-22,5,00-0033093,2980097,29306,BullJo00,10706,3241
2021,18,ATL,Marvin Hall,WR,CUT,1993-04-10,5,00-0033094,2578369,30023,HallMa02,11440,3895
2021,18,NO,Garrett Griffin,TE,RES,1994-03-04,5,00-0033095,2987440,30024,GrifGa00,11439,3894
2021,18,NYJ,Shaq Lawson,DL,CUT,1994-06-17,5,00-0033096,2977679,29253,LawsSh00,10653,3182
2021,18,IND,Shon Coleman,OL,DEV,1991-11-25,5,00-0033097,,,,,
2021,18,CHI,Artie Burns,DB,ACT,1995-05-01,5,00-0033103,3051921,29259,BurnAr00,10659,3192
2021,18,DET,Jared Goff,QB,ACT,1994-10-14,5,00-0033106,3046779,29235,GoffJa00,10635,3163
2021,18,WAS,William Jackson,DB,RES,1992-10-27,5,00-0033107,3061106,29258,JackWi02,10658,3184
2021,19,PHI,Javon Hargrave,DL,ACT,1993-02-07,5,00-0033109,2983055,29323,HargJa00,10723,3256
2021,22,LA,Tyler Higbee,TE,RES,1993-01-01,5,00-0033110,2573401,29344,HigbTy00,10744,3271
2021,18,NYG,Pharoh Cooper,WR,DEV,1995-03-07,5,00-0033111,3048897,29351,CoopPh00,10751,3278
2021,18,WAS,Temarrick Hemingway,TE,ACT,1993-07-30,5,00-0033112,2580330,29411,HemiTe00,10811,3333
2021,22,CIN,Mike Thomas,WR,ACT,1994-08-16,5,00-0033114,3123986,29440,ThomMi04,10840,3652
2021,20,GB,Bronson Kaufusi,TE,DEV,1991-07-06,5,00-0033117,2980444,29304,KaufBr01,10704,3239
2021,19,LV,Kenyan Drake,RB,RES,1994-01-26,5,00-0033118,2979843,29307,DrakKe00,10707,3242
2021,18,MIA,Jacoby Brissett,QB,ACT,1992-12-11,5,00-0033119,2578570,29325,BrisJa00,10725,3257
2021,20,GB,Kenny Clark,DL,ACT,1995-10-04,5,00-0033120,3122752,29261,ClarKe01,10661,3186
2021,18,NYJ,B.J. Goodson,LB,RET,1993-05-29,5,00-0033121,2576489,29343,GoodB.00,10743,3270
2021,19,KC,Shilique Calhoun,LB,DEV,1992-03-20,5,00-0033122,2576257,29309,CalhSh00,10709,3244
2021,19,LV,Yannick Ngakoue,DL,ACT,1995-03-31,5,00-0033123,3053044,29303,NgakYa00,10703,3238
2021,18,IND,Will Redmond,DB,ACT,1993-12-28,5,00-0033124,2971364,29302,RedmWi00,10702,3237
2021,19,PIT,Joe Schobert,LB,ACT,1993-11-06,5,00-0033125,2977819,29333,SchoJo00,10733,3206
2021,18,MIA,Will Fuller,WR,RES,1994-04-16,5,00-0033127,3052876,29255,FullWi01,10655,3157
2021,19,LV,Carl Nassib,DL,ACT,1993-04-12,5,00-0033129,2614825,29299,NassCa00,10699,3234
2021,18,HOU,Maliek Collins,DL,ACT,1995-04-08,5,00-0033131,3040471,29301,CollMa00,10701,3236
2021,20,TEN,Kevin Byard,DB,ACT,1993-08-17,5,00-0033132,2574056,29298,ByarKe01,10698,3233
2021,20,TEN,Sam Ficken,K,RES,1992-12-14,5,00-0033138,2582139,30038,,,3909
2021,1,LV,Darron Lee,LB,CUT,1994-10-18,5,00-0033147,3051398,29254,LeexDa00,10654,3190
2021,18,LAC,Joey Bosa,LB,ACT,1995-07-11,5,00-0033156,3051389,29237,BosaJo00,10637,3156
2021,18,NYJ,Isaiah Williams,OL,DEV,1993-05-05,5,00-0033161,,,,,
2021,1,TB,Troymaine Pope,RB,CUT,1993-11-29,5,00-0033164,2983319,30061,,11473,3934
2021,20,TB,Zach Triner,LS,ACT,1991-01-30,5,00-0033196,,,,,
2021,21,SF,Taybor Pepper,LS,ACT,1994-05-28,5,00-0033199,,,,,
2021,20,TB,Cyril Grayson,WR,INA,1993-12-05,4,00-0033215,4217370,30111,,12077,4050
2021,18,IND,Mo Alie-Cox,TE,ACT,1993-09-19,4,00-0033217,2998565,30112,AlieMo00,12078,4054
2021,21,SF,Daniel Brunskill,OL,ACT,1994-01-27,4,00-0033221,,,,,
2021,15,DAL,Deante Burton,DB,CUT,1994-07-12,4,00-0033222,2977689,30450,,47970,4294
2021,18,HOU,Jake Eldrenkamp,OL,DEV,1994-03-04,4,00-0033245,,,,,
2021,22,LA,Johnny Mundt,TE,RES,1994-11-23,4,00-0033246,3052096,30373,MundJo00,12206,4314
2021,18,IND,Zach Pascal,WR,ACT,1994-12-18,4,00-0033251,2978109,30502,PascZa00,12303,4319
2021,19,ARI,Darrell Daniels,TE,ACT,1994-11-22,4,00-0033258,3052166,30523,DaniDa02,12122,4323
2021,18,NYJ,Thomas Hennessy,LS,ACT,1994-06-11,4,00-0033260,,,,,
2021,17,CLE,JoJo Natson,WR,CUT,1994-02-01,4,00-0033266,2971830,30531,,12739,4330
2021,18,IND,Rigoberto Sanchez,P,ACT,1994-09-08,4,00-0033269,3914922,30534,,,4331
2021,18,CAR,Phillip Walker,QB,INA,1995-02-26,4,00-0033275,3051308,30538,WalkPh00,12134,4335
2021,18,CAR,Christian McCaffrey,RB,RES,1996-06-07,4,00-0033280,3117251,30121,McCaCh01,11763,4034
2021,18,BAL,Marlon Humphrey,DB,RES,1996-07-08,4,00-0033281,3126356,30129,HumpMa00,11771,4071
2021,18,WAS,Curtis Samuel,WR,INA,1996-08-11,4,00-0033282,3121427,30153,SamuCu00,11795,4082
2021,18,BAL,Tyus Bowser,LB,ACT,1995-05-23,4,00-0033283,3040037,30160,BowsTy00,11802,4084
2021,18,CAR,Taylor Moton,OL,ACT,1994-08-14,4,00-0033284,,,,,
2021,21,SF,George Kittle,TE,ACT,1993-10-09,4,00-0033288,3040151,30259,KittGe00,11901,4217
2021,18,WAS,Corn Elder,DB,ACT,1994-10-09,4,00-0033289,3051929,30265,EldeCo00,11907,4192
2021,19,LV,Jermaine Eluemunor,OL,ACT,1994-12-13,4,00-0033290,,,,,
2021,22,CIN,Trent Taylor,WR,ACT,1994-04-30,4,00-0033292,3040569,30290,TaylTr02,11932,4218
2021,20,GB,Aaron Jones,RB,ACT,1994-12-02,4,00-0033293,3042519,30295,JoneAa00,11937,4199
2021,18,BAL,Chuck Clark,DB,ACT,1995-04-19,4,00-0033294,3045463,30299,ClarCh00,11941,4224
2021,20,KC,Elijah McGuire,RB,CUT,1994-06-01,4,00-0033295,3042494,30301,McGuEl00,11943,4263
2021,18,WAS,Alex Armah,RB,ACT,1994-05-17,4,00-0033296,4212884,30305,ArmaAl00,11948,4226
2021,21,SF,D.J. Jones,DL,ACT,1995-01-19,4,00-0033297,3894915,30310,JoneD.01,11953,4278
2021,18,DEN,Pita Taumoepenu,LB,CUT,1994-03-09,4,00-0033298,3055105,30315,TaumPi00,11957,4279
2021,18,NYJ,Conor McDermott,OL,ACT,1992-10-19,4,00-0033300,,,,,
2021,18,CLE,Adrian Colbert,DB,ACT,1993-10-06,4,00-0033302,2971699,30342,ColbAd00,11983,4277
2021,21,KC,Harrison Butker,K,ACT,1995-07-14,4,00-0033303,3055899,30346,ButkHa00,11988,4227
2021,1,DET,Victor Bolden,WR,CUT,1995-04-04,4,00-0033306,3056476,30550,,12269,4453
2021,19,NE,Kendrick Bourne,WR,ACT,1995-08-04,4,00-0033307,3045523,30551,BourKe00,12270,4454
2021,20,BUF,Matt Breida,RB,INA,1995-02-28,4,00-0033308,3049916,30552,BreiMa00,12271,4455
2021,1,NYG,Cole Hikutini,TE,DEV,1994-06-11,4,00-0033315,2968204,30559,,12276,4460
2021,18,CLE,Nick Mullens,QB,ACT,1995-03-21,4,00-0033319,3059989,30563,MullNi00,12282,4464
2021,18,MIN,Tashawn Bower,DL,RES,1995-02-18,4,00-0033324,3042726,30427,,50170,4402
2021,19,DAL,Aviante Collins,OL,DEV,1993-04-21,4,00-0033326,,,,,
2021,18,HOU,Eric Wilson,LB,ACT,1994-09-26,4,00-0033336,3056916,30448,,38587,4413
2021,18,MIA,Cethan Carter,TE,ACT,1995-09-05,4,00-0033338,3040470,30577,CartCe00,47149,4362
2021,18,HOU,Hardy Nickerson,LB,RES,1994-01-05,4,00-0033344,2978211,30583,,50712,4368
2021,22,CIN,Josh Tupou,DL,ACT,1994-05-02,4,00-0033347,2979632,30586,,12093,4371
2021,18,NO,Taysom Hill,QB,ACT,1990-08-23,4,00-0033357,2468609,30614,HillTa00,12112,4381
2021,18,MIA,Adam Pankey,OL,DEV,1994-02-02,4,00-0033359,,,,,
2021,18,NYG,C.J. Board,WR,RES,1993-12-12,4,00-0033367,2973626,30513,BoarC.00,12088,4344
2021,18,DEN,Tim Patrick,WR,ACT,1993-11-23,4,00-0033375,3134353,30511,PatrTi00,12087,4351
2021,18,BAL,Patrick Ricard,RB,RES,1994-05-27,4,00-0033376,2975417,30592,RicaPa00,48862,4353
2021,18,MIA,Adam Butler,DL,ACT,1994-04-12,4,00-0033381,2972342,30655,,12214,4415
2021,20,TEN,Cody Hollister,WR,DEV,1993-11-18,4,00-0033386,3115443,30660,,12052,4420
2021,18,JAX,Jacob Hollister,TE,ACT,1993-11-18,4,00-0033387,3125404,30661,HollJa03,12051,4421
2021,19,NE,Harvey Langi,LB,RES,1992-09-24,4,00-0033392,2570996,30666,,50118,4426
2021,18,IND,Kenny Moore,DB,ACT,1995-08-23,4,00-0033393,4218312,30669,,51596,4427
2021,20,BUF,Matt Haack,P,ACT,1994-07-25,4,00-0033400,3043237,30641,,12212,4390
2021,19,PHI,Cameron Malveaux,DL,ACT,1994-08-22,4,00-0033403,2981511,30644,,50587,4393
2021,18,WAS,Torry McTyer,DB,RES,1995-04-10,4,00-0033405,3058965,30646,,49357,4395
2021,20,BUF,Bryan Cox,DL,RES,1994-06-25,4,00-0033408,2980098,30379,,12092,4357
2021,7,WAS,Cole Luke,DB,CUT,1995-06-30,4,00-0033410,3052883,30381,,50361,4359
2021,19,ARI,Eric Smith,OL,DEV,1995-09-02,4,00-0033414,,,,,
2021,18,HOU,Antony Auclair,TE,ACT,1993-05-28,4,00-0033421,4081127,30468,AuclAn00,24606,4468
2021,20,TEN,Greg Mabin,DB,RES,1994-06-25,4,00-0033430,2979515,30477,,12068,4476
2021,19,ARI,Breon Borders,DB,INA,1995-07-22,4,00-0033435,3048663,30623,,39398,4439
2021,18,HOU,Pharaoh Brown,TE,ACT,1994-05-04,4,00-0033439,2971281,30627,BrowPh01,12247,4443
2021,19,LV,Nicholas Morrow,LB,RES,1995-10-07,4,00-0033445,4232830,30633,,51674,4449
2021,19,LV,Jordan Simmons,OL,INA,1994-07-15,4,00-0033446,,,,,
2021,22,CIN,Austin Calitro,LB,DEV,1994-01-10,4,00-0033452,2982304,30568,,50640,4811
2021,20,TEN,Anthony Firkser,TE,ACT,1995-02-19,4,00-0033455,3049698,30571,FirkAn00,51837,4435
2021,18,NYG,John Ross,WR,INA,1995-11-27,4,00-0033460,3052177,30122,RossJo00,11764,4038
2021,19,NE,Raekwon McMillan,LB,RES,1995-11-17,4,00-0033461,3121423,30167,McMiRa02,11809,4090
2021,18,NYJ,Carl Lawson,DL,RES,1995-06-29,4,00-0033463,3051911,30229,LawsCa00,11871,4148
2021,20,BUF,Isaiah McKenzie,WR,ACT,1995-04-09,4,00-0033466,3128724,30285,McKeIs00,11927,4197
2021,18,CLE,Brian Allen,DB,ACT,1993-10-21,4,00-0033467,2971632,30286,AlleBr01,11928,4215
2021,18,HOU,Vincent Taylor,DL,RES,1994-01-05,4,00-0033469,3046343,30307,TaylVi00,11949,4253
2021,18,MIA,Isaiah Ford,WR,ACT,1996-02-09,4,00-0033471,3124069,30350,FordIs00,11991,4252
2021,21,KC,Gehrig Dieter,WR,DEV,1993-02-24,4,00-0033474,2980460,30679,,12163,4489
2021,21,KC,Marcus Kemp,WR,ACT,1995-08-14,4,00-0033481,3046399,30682,KempMa00,12137,4491
2021,20,GB,Ben Braden,OL,DEV,1994-03-09,4,00-0033490,,,,,
2021,1,WAS,Devaroe Lawrence,DL,CUT,1992-10-13,4,00-0033501,3121581,30412,,12222,4501
2021,19,PIT,Arthur Maulet,DB,ACT,1993-07-13,4,00-0033503,3916144,30415,,12224,4503
2021,18,MIA,Cameron Tom,OL,DEV,1995-06-21,4,00-0033505,,,,,
2021,19,ARI,Sean Harlow,OL,ACT,1995-03-28,4,00-0033511,,,,,
2021,19,DAL,Damontae Kazee,DB,ACT,1993-06-05,4,00-0033512,2976099,30262,KazeDa00,11904,4188
2021,18,WAS,Jonathan Allen,DL,ACT,1995-01-16,4,00-0033523,3054840,30130,AlleJo01,11772,4032
2021,20,GB,Kevin King,DB,ACT,1995-05-05,4,00-0033524,3052170,30146,KingKe01,11788,4079
2021,1,NYG,Ryan Anderson,LB,CUT,1994-08-12,4,00-0033525,2976495,30162,AndeRy00,11804,4097
2021,22,CIN,Samaje Perine,RB,ACT,1995-09-16,4,00-0033526,3116389,30227,PeriSa00,11869,4147
2021,19,DAL,Jeremy Sprinkle,TE,ACT,1994-08-10,4,00-0033528,2980073,30267,SpriJe00,11909,4221
2021,18,WAS,Chase Roullier,OL,RES,1993-08-23,4,00-0033529,,,,,
2021,19,CIN,Colin Holba,LS,DEV,1994-07-08,4,00-0033531,,,,,
2021,1,MIA,Josh Harvey-Clemons,LB,CUT,1994-02-20,4,00-0033532,2977645,30343,HarvJo01,11985,4286
2021,18,LAC,Mike Williams,WR,ACT,1994-10-04,4,00-0033536,3045138,30120,WillMi07,11762,4068
2021,18,HOU,Deshaun Watson,QB,INA,1995-09-14,4,00-0033537,3122840,30125,WatsDe00,11767,4017
2021,18,DEN,Garett Bolles,OL,ACT,1992-05-27,4,00-0033538,,,,,
2021,18,NYJ,Jarrad Davis,LB,RES,1994-11-16,4,00-0033539,3054951,30134,DaviJa01,11776,4067
2021,18,CLE,Takkarist McKinley,DL,RES,1995-11-02,4,00-0033540,3152371,30139,McKiTa00,11781,4069
2021,19,PIT,Taco Charlton,DL,ACT,1994-11-07,4,00-0033541,3045210,30141,CharTa00,11783,4073
2021,18,NO,Forrest Lamp,OL,DEV,1994-02-20,4,00-0033542,,,,,
2021,18,SEA,Sidney Jones,DB,ACT,1996-05-21,4,00-0033543,3127299,30156,JoneSi00,11798,4083
2021,15,NYG,Quincy Wilson,DB,CUT,1996-08-16,4,00-0033544,3121660,30159,WilsQu01,11801,4088
2021,18,CHI,Teez Tabor,DB,RES,1995-12-31,4,00-0033545,3115257,30166,TaboTe00,11808,4087
2021,18,MIN,Dalvin Tomlinson,DL,ACT,1994-02-18,4,00-0033546,2979860,30168,TomlDa00,11810,4092
2021,20,TEN,Zach Cunningham,LB,ACT,1994-12-02,4,00-0033547,3051750,30170,CunnZa00,11812,4110
2021,22,CIN,Chidobe Awuzie,DB,ACT,1995-05-24,4,00-0033548,3052101,30173,AwuzCh00,11815,4107
2021,18,MIA,Duke Riley,LB,ACT,1994-08-09,4,00-0033549,3042725,30188,RileDu00,11830,4099
2021,20,BUF,Davis Webb,QB,DEV,1995-01-22,4,00-0033550,3052600,30200,WebbDa00,11842,4061
2021,20,GB,Rasul Douglas,DB,ACT,1994-08-29,4,00-0033551,3943270,30212,DougRa00,11854,4136
2021,19,ARI,James Conner,RB,ACT,1995-05-05,4,00-0033553,3045147,30218,ConnJa00,11860,4137
2021,18,CLE,Tedric Thompson,DB,DEV,1995-01-20,4,00-0033554,3052125,30224,ThomTe00,11866,4181
2021,18,MIA,Mack Hollins,WR,ACT,1993-09-16,4,00-0033555,2991662,30231,HollMa00,11873,4177
2021,18,CHI,Tarik Cohen,RB,RES,1995-07-26,4,00-0033556,3066158,30232,CoheTa00,11874,4157
2021,18,DET,Jalen Reeves-Maybin,LB,ACT,1995-01-31,4,00-0033557,3044729,30237,ReevJa00,11879,4163
2021,18,IND,Julien Davenport,OL,INA,1995-01-09,4,00-0033560,,,,,
2021,18,CLE,Ryan Switzer,WR,RES,1994-11-04,4,00-0033562,3039725,30246,SwitRy00,11888,4162
2021,19,DAL,Carlos Watkins,DL,ACT,1993-12-05,4,00-0033563,2977681,30255,WatkCa00,11897,4166
2021,2,CHI,Jake Butt,TE,DEV,1995-07-11,4,00-0033564,3045225,30258,ButtJa00,11900,4151
2021,18,HOU,Desmond King,DB,ACT,1994-12-14,4,00-0033566,3040145,30264,KingDe01,11906,4216
2021,21,SF,Brian Hill,RB,DEV,1995-11-09,4,00-0033567,3125403,30269,HillBr02,11911,4187
2021,18,DEN,Nate Hairston,DB,RES,1994-06-30,4,00-0033568,2976259,30271,HairNa00,11913,4202
2021,21,KC,Roderick Johnson,OL,DEV,1995-11-28,4,00-0033569,,,,,
2021,18,CLE,Anthony Walker,LB,ACT,1995-08-08,4,00-0033570,3045251,30274,WalkAn01,11916,4203
2021,20,BUF,Matt Milano,LB,ACT,1994-07-28,4,00-0033571,3046287,30276,MilaMa00,11918,4191
2021,18,JAX,Jamal Agnew,WR,RES,1995-04-03,4,00-0033572,3061612,30278,AgneJa00,11920,4198
2021,18,DEN,Eric Saubert,TE,ACT,1994-05-09,4,00-0033576,2975863,30287,SaubEr00,11929,4189
2021,9,SF,Nathan Gerry,LB,CUT,1995-02-23,4,00-0033577,3040475,30297,GerrNa00,11940,4213
2021,18,IND,Sam Tevi,OL,RES,1994-11-15,4,00-0033578,,,,,
2021,18,MIN,Xavier Woods,DB,ACT,1995-07-26,4,00-0033579,3040572,30304,WoodXa00,11946,4238
2021,19,ARI,Tanner Vallejo,LB,ACT,1994-12-16,4,00-0033580,3042895,30308,VallTa00,11950,4225
2021,18,JAX,Jeremiah Ledbetter,DL,DEV,1994-05-29,4,00-0033582,3892689,30317,LedbJe00,11960,4240
2021,1,NYG,Elijah Qualls,DL,CUT,,4,00-0033584,3052175,30327,QualEl00,11969,4268
2021,18,IND,Isaac Rochell,DL,ACT,1995-04-22,4,00-0033588,3052894,30338,RochIs00,11980,4271
2021,20,GB,David Moore,WR,DEV,1995-01-15,4,00-0033589,4212909,30339,MoorDa03,11981,4274
2021,19,DAL,Noah Brown,WR,ACT,1996-01-06,4,00-0033591,3121409,30352,BrowNo00,11993,4234
2021,18,SEA,Kyle Fuller,OL,RES,1994-03-04,4,00-0033592,,,,,
2021,18,SEA,Chris Carson,RB,RES,1994-09-16,4,00-0033594,3919596,30362,CarsCh00,12004,4273
2021,20,TB,Pat O'Connor,DL,RES,1993-11-01,4,00-0033595,2980206,30363,OConPa00,12005,4241
2021,20,BUF,Eli Ankou,DL,DEV,1994-06-08,4,00-0033598,3008150,30792,,48856,4604
2021,18,WAS,Ricky Seals-Jones,TE,RES,1995-03-15,4,00-0033611,3051806,30494,SealRi00,12020,4531
2021,19,PHI,Jason Croom,TE,RES,1994-02-28,4,00-0033627,2972240,30594,,12145,4536
2021,19,PIT,Rashaad Coward,OL,DEV,1994-11-06,4,00-0033631,,,,,
2021,20,BUF,Tanner Gentry,WR,DEV,1994-12-18,4,00-0033633,3043841,30720,,12170,4551
2021,20,TEN,B.J. Bello,LB,RES,1994-10-31,4,00-0033642,2970622,30539,,12097,4558
2021,18,NYJ,Kai Nacua,DB,ACT,1995-03-03,4,00-0033649,3053804,30548,,12102,4564
2021,19,DAL,Blake Jarwin,TE,ACT,1994-07-16,4,00-0033658,2991767,30784,JarwBl00,12320,4571
2021,20,TEN,Joseph Jones,LB,DEV,1994-02-21,4,00-0033659,2974344,30785,,12321,4572
2021,19,DAL,Cooper Rush,QB,ACT,1993-11-21,4,00-0033662,2972515,30788,,12324,4574
2021,18,MIN,Kyle Sloter,QB,CUT,1994-02-07,4,00-0033672,2972092,30822,,12180,4588
2021,18,CHI,Elijah Wilkinson,OL,INA,1995-02-10,4,00-0033676,,,,,
2021,18,NYJ,Keelan Cole,WR,ACT,1993-04-20,4,00-0033681,3071572,30396,ColeKe00,51593,4622
2021,18,LAC,Michael Davis,DB,ACT,1995-01-06,4,00-0033697,3053795,30422,,12040,4661
2021,18,LAC,Austin Ekeler,RB,ACT,1995-05-17,4,00-0033699,3068267,30423,EkelAu00,12164,4663
2021,18,ATL,Younghoe Koo,K,ACT,1994-08-03,4,00-0033702,3049899,30426,,,4666
2021,19,LV,James Onwualu,LB,RET,1994-09-04,4,00-0033704,3052889,30428,,12039,4668
2021,1,PHI,Andre Patton,WR,CUT,1994-05-28,4,00-0033705,3047504,30430,,12043,4669
2021,18,MIA,Calvin Munson,LB,ACT,1994-12-27,4,00-0033716,3047530,30736,,12236,4643
2021,18,CAR,Colin Thompson,TE,DEV,1993-12-15,4,00-0033720,2980120,30740,ThomCo03,12239,4647
2021,19,DAL,Corey Clement,RB,ACT,1994-11-02,4,00-0033725,3045260,30707,ClemCo00,12253,4651
2021,18,HOU,Cameron Johnston,P,ACT,1992-02-24,4,00-0033729,3051397,30711,,12255,4654
2021,19,PHI,Greg Ward,WR,ACT,1995-07-12,4,00-0033733,3040035,30715,WardGr02,12258,6744
2021,18,MIA,Jamal Perry,DB,RES,1994-10-23,4,00-0033734,3892777,30716,,12259,4658
2021,20,TEN,Jordan Roos,OL,DEV,1993-07-06,4,00-0033740,,,,,
2021,18,WAS,Tyrone Swoopes,TE,RES,1994-11-14,4,00-0033742,3046705,30763,,12267,4678
2021,21,SF,Alex Barrett,DL,DEV,1994-03-06,4,00-0033746,2976114,30766,,12183,4594
2021,18,LAC,Storm Norton,OL,ACT,1994-05-16,4,00-0033752,,,,,
2021,20,GB,Robert Tonyan,TE,RES,1994-04-30,4,00-0033757,2975674,30777,TonyRo00,12193,4602
2021,1,NYJ,Jeremiah Valoaga,DL,CUT,1994-11-15,4,00-0033758,2976151,30778,,12194,4603
2021,20,TEN,Dylan Cole,LB,ACT,1994-05-19,4,00-0033765,2986109,30799,,24304,4606
2021,18,NYJ,Justin Hardee,DB,ACT,1994-02-07,4,00-0033770,2970625,30811,,18348,4611
2021,18,CHI,Dee Virgin,DB,CUT,1993-10-29,4,00-0033779,2973647,30794,,21515,4619
2021,18,HOU,DeMarcus Walker,DL,ACT,1994-09-30,4,00-0033782,3045377,30164,WalkDe03,11806,4086
2021,19,PIT,Ahkello Witherspoon,DB,ACT,1995-03-21,4,00-0033783,3122630,30179,WithAh00,11821,4124
2021,18,CHI,Eddie Jackson,DB,ACT,1993-12-10,4,00-0033784,3054847,30225,JackEd01,11867,4158
2021,19,PIT,Zach Banner,OL,ACT,1993-12-25,4,00-0033785,,,,,
2021,18,NO,Ryan Glasgow,DL,RET,1993-09-30,4,00-0033786,2977635,30251,GlasRy00,11893,4159
2021,19,PHI,Jake Elliott,K,ACT,1995-01-21,4,00-0033787,3050478,30266,ElliJa03,11908,4195
2021,18,DET,Will Holden,OL,ACT,1993-09-14,4,00-0033788,,,,,
2021,22,CIN,Jordan Evans,LB,RES,1995-01-27,4,00-0033790,3052660,30306,EvanJo01,11947,4228
2021,22,CIN,Brandon Wilson,DB,RES,1994-07-27,4,00-0033791,2982632,30320,WilsBr01,11962,4230
2021,18,JAX,Rudy Ford,DB,RES,1994-11-01,4,00-0033792,3051901,30321,FordRu00,11963,4223
2021,20,TEN,Corey Levin,OL,ACT,1994-08-12,4,00-0033793,,,,,
2021,7,TB,Brad Seaton,OL,CUT,1993-11-23,4,00-0033795,,,,,
2021,22,CIN,Mason Schreck,TE,DEV,1993-11-04,4,00-0033798,2972331,30364,SchrMa00,12007,4229
2021,1,DAL,Reggie Davis,WR,CUT,1995-11-22,4,00-0033815,3043134,30827,,48079,4681
2021,20,TEN,Jamal Carter,LB,DEV,1994-04-12,4,00-0033819,3051925,30848,,49282,4689
2021,21,KC,Andrew Wylie,OL,ACT,1994-08-19,4,00-0033831,,,,,
2021,19,PIT,Trey Edmunds,RB,DEV,1994-12-30,4,00-0033838,2970090,30850,,38329,4696
2021,18,MIN,Dede Westbrook,WR,ACT,1993-11-21,4,00-0033839,3892889,30223,WestDe00,11865,4146
2021,18,ATL,Chad Hansen,WR,DEV,1995-01-18,4,00-0033840,3066074,30254,HansCh00,11896,4175
2021,18,JAX,Dare Ogunbowale,RB,ACT,1994-05-04,4,00-0033854,2983509,30860,OgunDa00,12329,4718
2021,20,TB,Leonard Fournette,RB,ACT,1995-01-18,4,00-0033856,3115364,30117,FourLe00,11759,3969
2021,19,PIT,JuJu Smith-Schuster,WR,ACT,1996-11-22,4,00-0033857,3120348,30175,SmitJu00,11817,4040
2021,19,NE,Jonnu Smith,TE,ACT,1995-08-22,4,00-0033858,3054212,30213,SmitJo01,11855,4144
2021,20,GB,Josh Malone,WR,DEV,1996-03-21,4,00-0033859,3115330,30241,MaloJo00,11883,4160
2021,19,NE,Davon Godchaux,DL,ACT,1994-11-11,4,00-0033860,3115383,30291,GodcDa00,11934,4207
2021,18,CAR,Zane Gonzalez,K,RES,1995-05-07,4,00-0033862,3043234,30337,GonzZa00,,4233
2021,18,DET,Dan Skipper,OL,INA,1994-09-20,4,00-0033863,,,,,
2021,18,CLE,Myles Garrett,DL,ACT,1995-12-29,4,00-0033868,3122132,30114,GarrMy00,11756,3973
2021,20,BUF,Mitchell Trubisky,QB,ACT,1994-08-20,4,00-0033869,3039707,30115,TrubMi00,11757,3976
2021,19,LV,Solomon Thomas,DL,ACT,1995-08-26,4,00-0033870,3117258,30116,ThomSo00,11758,4058
2021,18,NYJ,Corey Davis,WR,RES,1995-01-11,4,00-0033871,3042778,30118,DaviCo03,11760,4036
2021,18,SEA,Jamal Adams,DB,RES,1995-10-17,4,00-0033872,3115373,30119,AdamJa00,11761,4077
2021,21,KC,Patrick Mahomes,QB,ACT,1995-09-17,4,00-0033873,3139477,30123,MahoPa00,11765,4046
2021,18,NO,Marshon Lattimore,DB,ACT,1996-05-20,4,00-0033874,3121421,30124,LattMa01,11766,4059
2021,18,CAR,Haason Reddick,LB,ACT,1994-09-22,4,00-0033875,2980504,30126,ReddHa00,11768,4063
2021,19,PHI,Derek Barnett,DL,ACT,1996-06-25,4,00-0033876,3115336,30127,BarnDe01,11769,4065
2021,19,DAL,Malik Hooker,DB,ACT,1996-04-02,4,00-0033877,3121415,30128,HookMa00,11770,4074
2021,18,NYG,Adoree' Jackson,DB,ACT,1995-09-18,4,00-0033878,3120347,30131,JackAd00,11773,4078
2021,20,TB,O.J. Howard,TE,ACT,1994-11-18,4,00-0033879,3043080,30132,HowaO.00,11774,4055
2021,18,DET,Charles Harris,LB,ACT,1995-03-06,4,00-0033880,3051852,30135,HarrCh03,11777,4075
2021,18,NYG,Evan Engram,TE,ACT,1994-09-02,4,00-0033881,3051876,30136,EngrEv00,11778,4066
2021,18,NYG,Jabrill Peppers,DB,RES,1995-10-04,4,00-0033883,3115962,30138,PeppJa00,11780,4056
2021,20,BUF,Tre'Davious White,DB,RES,1995-01-16,4,00-0033884,3042717,30140,WhitTr01,11782,4072
2021,18,CLE,David Njoku,TE,ACT,1996-07-10,4,00-0033885,3123076,30142,NjokDa00,11784,4033
2021,19,PIT,T.J. Watt,LB,ACT,1994-10-11,4,00-0033886,3045282,30143,WattT.00,11785,4070
2021,18,NO,Ryan Ramczyk,OL,ACT,1994-04-22,4,00-0033888,,,,,
2021,18,JAX,Cam Robinson,OL,RES,1995-10-09,4,00-0033889,,,,,
2021,19,ARI,Budda Baker,DB,ACT,1996-01-10,4,00-0033890,3127287,30149,BakeBu00,11791,4081
2021,19,LV,Zay Jones,WR,ACT,1995-03-30,4,00-0033891,3059722,30150,JoneZa00,11792,4080
2021,18,NYJ,Marcus Maye,DB,RES,1993-03-09,4,00-0033892,2980110,30152,MayeMa00,11794,4093
2021,18,MIN,Dalvin Cook,RB,ACT,1995-08-10,4,00-0033893,3116593,30154,CookDa01,11796,4029
2021,18,NO,Marcus Williams,DB,ACT,1996-09-08,4,00-0033894,3122882,30155,WillMa06,11797,4091
2021,18,SEA,Gerald Everett,TE,ACT,1994-06-25,4,00-0033895,3918639,30157,EverGe00,11799,4089
2021,18,MIA,Adam Shaheen,TE,ACT,1994-10-24,4,00-0033896,4198676,30158,ShahAd00,11800,4085
2021,22,CIN,Joe Mixon,RB,ACT,1996-07-24,4,00-0033897,3116385,30161,MixoJo00,11803,4018
2021,12,TEN,DeShone Kizer,QB,DEV,1996-01-03,4,00-0033899,3129302,30165,KizeDe00,11807,4026
2021,2,PHI,Obi Melifonwu,DB,CUT,1994-04-05,4,00-0033900,2974247,30169,MeliOb00,11811,4120
2021,18,SEA,Ethan Pocic,OL,ACT,1995-08-05,4,00-0033901,,,,,
2021,18,NO,Tanoh Kpassagnon,DL,RES,1994-06-14,4,00-0033902,2982313,30172,KpasTa00,11814,4114
2021,18,SEA,Josh Jones,DB,ACT,1994-09-20,4,00-0033903,3051716,30174,JoneJo06,11816,4109
2021,20,BUF,Dion Dawkins,OL,ACT,1994-04-26,4,00-0033904,,,,,
2021,22,CIN,Larry Ogunjobi,DL,RES,1994-06-03,4,00-0033905,3050122,30178,OgunLa00,11820,4106
2021,18,NO,Alvin Kamara,RB,ACT,1995-07-25,4,00-0033906,3054850,30180,KamaAl00,11822,4035
2021,18,JAX,Dawuane Smoot,DL,ACT,1995-03-02,4,00-0033907,3042476,30181,SmooDa00,11823,4113
2021,22,LA,Cooper Kupp,WR,ACT,1993-06-15,4,00-0033908,2977187,30182,KuppCo00,11824,4039
2021,18,CAR,Pat Elflein,OL,ACT,1994-07-06,4,00-0033909,,,,,
2021,18,NYJ,Dan Feeney,OL,ACT,1994-05-29,4,00-0033910,,,,,
2021,1,HOU,Taywan Taylor,WR,RES,1995-03-02,4,00-0033911,3059760,30185,TaylTa00,11827,4125
2021,21,SF,Jordan Willis,DL,ACT,1995-05-02,4,00-0033912,3052434,30186,WillJo09,11828,4105
2021,19,PIT,Chris Wormley,DL,ACT,1993-08-25,4,00-0033913,2977615,30187,WormCh00,11829,4101
2021,18,DET,Alex Anzalone,LB,RES,1994-09-22,4,00-0033914,3043107,30189,AnzaAl00,11831,4118
2021,19,DAL,Tarell Basham,DL,ACT,1994-03-18,4,00-0033917,3052977,30193,BashTa00,11835,4112
2021,18,ATL,Fabian Moreau,DB,ACT,1994-04-09,4,00-0033918,2971586,30194,MoreFa00,11836,4126
2021,18,HOU,Derek Rivers,DL,INA,1994-05-09,4,00-0033920,3049268,30196,RiveDe00,11838,4117
2021,20,TB,Chris Godwin,WR,RES,1996-02-27,4,00-0033921,3116165,30197,GodwCh00,11839,4037
2021,18,CLE,Kareem Hunt,RB,INA,1995-08-06,4,00-0033923,3059915,30199,HuntKa00,11841,4098
2021,20,TEN,D'Onta Foreman,RB,ACT,1996-04-24,4,00-0033925,3125116,30202,ForeDO00,11844,4111
2021,18,JAX,Shaquill Griffin,DB,ACT,1995-07-20,4,00-0033926,3054026,30203,GrifSh00,11845,4140
2021,18,CLE,John Johnson,DB,ACT,1995-12-19,4,00-0033927,3046292,30204,JohnJo10,11847,4133
2021,19,DAL,Jourdan Lewis,DB,ACT,1995-08-31,4,00-0033928,3045207,30205,LewiJo01,11846,4129
2021,19,PIT,Montravius Adams,DL,ACT,1995-07-24,4,00-0033929,3051894,30206,AdamMo00,11848,4132
2021,19,PIT,Cameron Sutton,DB,ACT,1995-02-27,4,00-0033930,3044724,30207,SuttCa00,11850,4138
2021,18,NYG,Kenny Golladay,WR,ACT,1993-11-03,4,00-0033932,2974858,30209,GollKe00,11851,4131
2021,22,CIN,Trey Hendrickson,DL,ACT,1994-12-05,4,00-0033935,3052743,30216,HendTr00,11858,4135
2021,18,JAX,C.J. Beathard,QB,RES,1993-11-16,4,00-0033936,2979520,30217,BeatC.00,11859,4127
2021,18,MIA,Vince Biegel,LB,INA,1993-07-02,4,00-0033939,2977798,30221,BiegVi00,11863,4145
2021,18,HOU,Jaleel Johnson,DL,INA,1994-07-12,4,00-0033940,2979523,30222,JohnJa09,11864,4173
2021,18,JAX,Rayshawn Jenkins,DB,RES,1994-01-25,4,00-0033941,2969961,30226,JenkRa00,11868,4180
2021,18,DET,Josh Reynolds,WR,ACT,1995-02-16,4,00-0033943,3115306,30230,ReynJo00,11872,4171
2021,21,SF,Samson Ebukam,DL,ACT,1995-05-09,4,00-0033945,3045527,30238,EbukSa00,11880,4170
2021,18,BAL,David Sharpe,OL,ACT,1995-10-21,4,00-0033946,,,,,
2021,19,NE,Deatrich Wise,DL,ACT,1994-07-26,4,00-0033947,2980080,30244,WiseDe00,11886,4174
2021,18,DET,Jamaal Williams,RB,ACT,1995-04-03,4,00-0033948,2980453,30247,WillJa06,11889,4149
2021,19,PIT,Joshua Dobbs,QB,RES,1995-01-26,4,00-0033949,3044720,30248,DobbJo00,11890,4179
2021,18,MIN,Wayne Gallman,RB,INA,1994-10-01,4,00-0033950,3045127,30253,GallWa00,11895,4150
2021,18,IND,Marlon Mack,RB,INA,1996-03-07,4,00-0033951,3139605,30256,MackMa00,11898,4152
2021,18,IND,Grover Stewart,DL,ACT,1993-10-20,4,00-0033952,4058825,30257,StewGr00,11899,4168
2021,20,TEN,Jayon Brown,LB,ACT,1995-02-26,4,00-0033954,3047559,30268,BrowJa06,11910,4220
2021,20,TEN,Jeremy McNichols,RB,DEV,1995-12-26,4,00-0033955,3127586,30275,McNiJe00,11917,4219
2021,19,LV,Marquel Lee,LB,ACT,1995-10-21,4,00-0033956,3039776,30281,LeexMa01,11923,4212
2021,18,CHI,Rodney Adams,WR,DEV,1994-09-15,4,00-0033957,3059918,30283,AdamRo01,11925,4208
2021,19,LV,Nathan Peterman,QB,DEV,1994-05-04,4,00-0033958,2972236,30284,PeteNa00,11926,4183
2021,19,ARI,Danny Isidora,OL,DEV,1994-06-05,4,00-0033960,,,,,
2021,18,NYJ,Tanzel Smart,DL,DEV,1994-11-06,4,00-0033963,3041112,30302,SmarTa00,11944,4251
2021,18,IND,Al-Quadin Muhammad,DL,ACT,1995-03-28,4,00-0033964,3051942,30309,MuhaAl00,11951,4259
2021,18,CLE,Ifeadi Odenigbo,DL,ACT,1994-04-08,4,00-0033969,2974353,30333,OdenIf00,11975,4256
2021,18,CLE,Elijah Lee,LB,ACT,1996-02-08,4,00-0033973,3125073,30345,LeexEl00,11987,4255
2021,11,CAR,Treyvon Hester,DL,CUT,1992-09-21,4,00-0033976,2973027,30357,HestTr00,11999,4264
2021,1,TEN,Fred Brown,WR,CUT,1993-12-01,4,00-0033994,2971397,30901,,23172,4752
2021,18,CLE,Michael Dunn,OL,ACT,1994-08-28,4,00-0033995,,,,,
2021,18,JAX,Dan Arnold,TE,RES,1995-03-15,4,00-0034011,4212989,30891,ArnoDa00,51842,4741
2021,18,CLE,Malik McDowell,DL,ACT,1996-06-20,4,00-0034019,3134681,30148,McDoMa00,11790,4095
2021,4,SEA,De'Quan Hampton,WR,CUT,1994-04-18,4,00-0034027,,,,,
2021,19,PIT,Christian Kuntz,LS,ACT,1994-04-13,4,00-0034051,2978524,30954,,20035,4848
2021,18,CAR,Brandon Zylstra,WR,ACT,1993-03-25,3,00-0034052,4294520,30959,ZylsBr00,66438,4878
2021,21,SF,River Cracraft,WR,CUT,1994-11-01,4,00-0034054,3052056,30955,,47417,4854
2021,18,WAS,Jon Toth,OL,ACT,1994-02-11,4,00-0034058,,,,,
2021,18,SF,Colby Wadman,P,CUT,1995-04-19,3,00-0034064,3050015,30967,,38062,4954
2021,18,DET,Scott Daly,LS,ACT,1994-02-07,3,00-0034067,,,,,
2021,18,WAS,Danny Johnson,DB,ACT,1995-11-17,3,00-0034071,3141066,31402,,49379,5388
2021,21,SF,Ross Dwelley,TE,ACT,1995-01-26,3,00-0034073,3120303,31329,DwelRo00,20994,5285
2021,18,SEA,Niles Scott,DL,DEV,1995-09-30,3,00-0034077,,,,,
2021,22,LA,Jeremiah Kolone,OL,DEV,1994-10-23,3,00-0034080,,,,,
2021,18,IND,Michael Badgley,K,ACT,1995-07-28,3,00-0034084,3123052,31366,,,5230
2021,17,TB,Chris Cooper,DB,CUT,1994-03-17,3,00-0034085,3912343,31367,,28870,5449
2021,18,BAL,Robert Jackson,DB,DEV,1993-12-08,3,00-0034088,4036898,31370,,28990,5448
2021,18,IND,Skai Moore,LB,RES,1995-01-08,3,00-0034090,3048912,31372,,21605,5450
2021,18,IND,George Odum,DB,ACT,1993-11-03,3,00-0034091,3050199,31373,,31342,5445
2021,21,SF,Emmanuel Moseley,DB,ACT,1996-03-25,3,00-0034096,3115337,31386,,50430,5436
2021,18,WAS,Najee Toran,OL,RES,1995-11-15,3,00-0034097,,,,,
2021,18,MIN,Timon Parris,OL,DEV,1995-09-11,3,00-0034102,,,,,
2021,15,DEN,De'Mornay Pierson-El,WR,DEV,1995-12-26,3,00-0034103,,,,,
2021,18,WAS,Cam Sims,WR,ACT,1996-01-06,3,00-0034104,3115314,31405,SimsCa00,47908,5432
2021,18,MIA,Phillip Lindsay,RB,ACT,1994-07-24,3,00-0034109,3052117,31379,LindPh00,12660,5170
2021,18,LAC,Trey Marshall,DB,ACT,1996-02-13,3,00-0034111,3116602,31381,,49154,5442
2021,18,DEN,Austin Schlottmann,OL,ACT,1995-09-18,3,00-0034112,,,,,
2021,22,LA,Coleman Shelton,OL,ACT,1995-07-28,3,00-0034114,,,,,
2021,21,SF,Jeffery Wilson,RB,INA,1995-11-16,3,00-0034115,3122976,31394,WilsJe01,29413,5284
2021,18,NO,J.T. Gray,DB,ACT,1996-01-18,3,00-0034116,3115481,31411,,51495,5452
2021,19,PIT,Tegray Scales,LB,INA,1996-05-10,3,00-0034121,3128268,31410,,50819,5174
2021,19,LV,Kendal Vickers,DL,INA,1995-05-23,3,00-0034125,3044732,31420,,48993,5470
2021,19,PIT,Linden Stephens,DB,DEV,1995-03-21,3,00-0034130,3125816,31415,,38426,5474
2021,20,GB,Kurt Benkert,QB,DEV,1995-07-17,3,00-0034131,3040535,31336,,46540,5142
2021,18,ATL,Christian Blake,WR,ACT,1996-06-08,3,00-0034132,3126002,31347,BlakCh00,47900,5241
2021,18,ATL,Emmanuel Ellerbee,LB,RES,1996-11-20,3,00-0034139,3123863,31356,,50893,5147
2021,18,ATL,Matt Gono,OL,RES,1996-05-10,3,00-0034140,,,,,
2021,3,BAL,Devin Gray,WR,DEV,1995-06-15,3,00-0034141,4037481,31349,,48301,5244
2021,19,PIT,J.C. Hassenauer,OL,ACT,1995-09-15,3,00-0034142,,,,,
2021,21,KC,Chris Lammons,DB,RES,1996-01-31,3,00-0034145,3128630,31359,,49368,5508
2021,1,KC,Emmanuel Smith,LB,CUT,1995-07-25,3,00-0034153,,,,,
2021,18,CAR,Jacob Tuioti-Mariner,LB,INA,1996-07-25,3,00-0034154,3134315,31352,,50141,5505
2021,18,MIN,Brian O'Neill,OL,ACT,1995-09-15,3,00-0034158,,,,,
2021,18,SEA,Will Dissly,TE,INA,1996-07-08,3,00-0034159,3127292,31090,DissWi00,30762,5010
2021,18,SEA,Michael Dickson,P,ACT,1996-01-04,3,00-0034160,3929851,31119,DickMi00,35381,5011
2021,19,LV,Daniel Carlson,K,ACT,1995-01-23,3,00-0034161,3051909,31137,CarlDa00,28121,5095
2021,18,JAX,J.K. Scott,P,RES,1995-10-30,3,00-0034162,3126368,31142,ScotJK00,38809,5087
2021,18,HOU,Jacob Martin,DL,ACT,1995-12-11,3,00-0034163,3138764,31156,MartJa02,50152,5378
2021,21,SF,Trenton Cannon,RB,ACT,1994-07-23,3,00-0034164,4261020,31174,CannTr00,66446,5123
2021,18,ATL,Colby Gossett,OL,ACT,1995-06-23,3,00-0034165,,,,,
2021,1,NYG,Devante Downs,LB,CUT,1995-10-18,3,00-0034167,3122593,31195,DownDe00,49842,5337
2021,9,GB,Hunter Bradley,LS,CUT,1994-05-21,3,00-0034168,,,,,
2021,1,PIT,Marcus Baugh,TE,CUT,1994-12-09,3,00-0034169,3051387,31478,,47131,5233
2021,18,DET,Jason Cabinda,RB,INA,1996-03-17,3,00-0034171,3116158,31480,,50714,5565
2021,18,NYJ,Eddy Pineiro,K,ACT,1995-09-13,3,00-0034173,4034949,31482,,,5189
2021,18,DET,Tim Boyle,QB,ACT,1994-10-03,3,00-0034177,3045169,31431,,21956,5257
2021,18,BAL,Gus Edwards,RB,RES,1995-04-13,3,00-0034184,3051926,31424,EdwaGu00,46027,5248
2021,20,GB,Tyler Lancaster,DL,ACT,1994-11-04,3,00-0034185,3045242,31436,,48604,5483
2021,21,KC,Nick Keizer,TE,RET,1995-05-02,3,00-0034192,4329472,31427,KeizNi00,66940,5465
2021,19,PIT,Kevin Rader,TE,ACT,1995-04-26,3,00-0034193,3049290,31441,,30887,5171
2021,19,LV,Trent Sieg,LS,ACT,1995-05-19,3,00-0034198,,,,,
2021,1,JAX,Kaare Vedvik,K,DEV,1994-03-16,3,00-0034202,3068715,31421,,,5460
2021,22,LA,Darious Williams,DB,ACT,1993-03-15,3,00-0034203,4239833,31422,,55724,5526
2021,20,TEN,Olasunkanmi Adeniyi,LB,ACT,1997-09-12,3,00-0034204,3126081,31484,,50154,5183
2021,13,LV,Jeff Badet,WR,CUT,1994-08-02,3,00-0034207,3053760,31227,,48309,5275
2021,18,DEN,Mike Boone,RB,ACT,1995-07-30,3,00-0034208,3139033,31228,,31615,5209
2021,15,CIN,Holton Hill,DB,DEV,1997-03-28,3,00-0034213,3929847,31233,,50414,5214
2021,17,JAX,Hercules Mata'afa,DL,DEV,1995-09-18,3,00-0034215,3127274,31235,,48931,5212
2021,18,SEA,Dakoda Shepley,OL,ACT,1994-12-27,3,00-0034229,,,,,
2021,18,SEA,Poona Ford,DL,ACT,1995-11-19,3,00-0034234,3125114,31477,,48875,5226
2021,8,SEA,Brad Lundblade,OL,DEV,1995-09-21,3,00-0034239,,,,,
2021,17,TEN,Caleb Scott,WR,DEV,1996-01-08,3,00-0034243,,,,,
2021,18,MIA,Elijah Campbell,DB,RES,1995-08-24,3,00-0034248,3932901,31451,,49190,5534
2021,20,TEN,Christian DiLauro,OL,DEV,1994-11-11,3,00-0034250,,,,,
2021,19,NE,Daniel Ekuale,DL,ACT,1994-01-13,3,00-0034251,3052059,31454,,48874,5532
2021,20,TEN,Dontrell Hilliard,RB,ACT,1995-02-26,3,00-0034253,3126246,31457,,45691,5536
2021,18,CLE,Montrel Meander,LB,RES,1994-09-20,3,00-0034255,3046700,31459,,34845,5528
2021,18,CLE,Derrick Willies,WR,RET,,3,00-0034258,3040137,31462,,48345,5539
2021,22,LA,Austin Corbett,OL,ACT,1995-09-05,3,00-0034261,,,,,
2021,21,SF,Tarvarius Moore,DB,RES,1996-08-16,3,00-0034263,4039278,31065,MoorTa00,49178,5040
2021,18,NO,Jalyn Holmes,DL,ACT,1996-01-25,3,00-0034264,3121414,31072,HolmJa01,48400,5333
2021,18,BAL,Anthony Averett,DB,INA,1994-11-30,3,00-0034265,3054841,31088,AverAn00,50365,5301
2021,18,DEN,Kenny Young,LB,INA,1994-11-15,3,00-0034266,3134310,31092,YounKe03,51029,5300
2021,18,MIN,Tyler Conklin,TE,ACT,1995-07-30,3,00-0034270,3915486,31220,ConkTy00,47124,5133
2021,20,GB,Marquez Valdes-Scantling,WR,INA,1994-10-10,3,00-0034272,3051738,31144,ValdMa00,47809,5086
2021,17,MIN,Damion Ratley,WR,TRD,1995-04-16,3,00-0034273,3895857,31148,RatlDa00,48182,5080
2021,18,MIN,Parry Nickerson,DB,ACT,1994-10-11,3,00-0034274,3041098,31149,NickPa00,50511,5091
2021,18,NYJ,Folorunso Fatukasi,DL,ACT,1995-03-04,3,00-0034275,3045172,31150,FatuFo00,38558,5090
2021,18,BAL,DeShon Elliott,DB,RES,1997-04-21,3,00-0034277,3929846,31160,ElliDe02,28854,5071
2021,18,HOU,Tremon Smith,DB,ACT,1996-07-20,3,00-0034278,3134448,31166,SmitTr04,28196,5328
2021,20,GB,Equanimeous St. Brown,WR,ACT,1996-09-30,3,00-0034279,3932442,31177,St.BEq00,47967,5323
2021,18,NYJ,Greg Senat,OL,INA,1994-09-08,3,00-0034280,,,,,
2021,18,BAL,Bradley Bozeman,OL,ACT,1994-11-24,3,00-0034281,,,,,
2021,18,MIA,Zach Sieler,DL,ACT,1995-09-07,3,00-0034285,3057956,31208,SielZa00,66917,5297
2021,21,SF,Richie James,WR,RES,1995-09-05,3,00-0034286,3122899,31210,JameRi00,28991,5137
2021,18,LAC,Ryan Hunter,OL,DEV,1995-04-01,3,00-0034289,,,,,
2021,18,BAL,James Murray,OL,DEV,1995-05-05,3,00-0034295,,,,,
2021,21,KC,Ben Niemann,LB,ACT,1995-07-27,3,00-0034296,3140643,31495,,51099,5576
2021,21,KC,Byron Pringle,WR,ACT,1993-11-17,3,00-0034297,4036416,31496,PrinBy00,42345,5199
2021,21,KC,Darrel Williams,RB,ACT,1995-04-15,3,00-0034301,3115375,31500,WillDa10,13014,5549
2021,18,CAR,Frankie Luvu,LB,ACT,1996-09-19,3,00-0034302,3127273,31503,,51028,5580
2021,18,MIN,Chad Beebe,WR,RES,1994-06-01,3,00-0034309,3047968,31508,BeebCh00,21528,5570
2021,19,PHI,Craig James,DB,DEV,1996-04-29,3,00-0034310,3116058,31509,,26360,5583
2021,18,CLE,Johnny Stanton,RB,DEV,1994-09-07,3,00-0034311,3040499,31510,,46441,5569
2021,18,CAR,Keith Kirkwood,WR,ACT,1994-12-26,3,00-0034317,3046401,31517,,48017,5134
2021,19,PIT,Henry Mondeaux,DL,ACT,1995-09-19,3,00-0034318,3122690,31518,,48889,5572
2021,18,NYG,Deon Yelder,TE,DEV,1995-03-06,3,00-0034319,3059766,31519,,29556,5277
2021,21,SF,Kentavius Street,DL,ACT,1996-05-08,3,00-0034320,3116726,31098,StreKe00,48404,5371
2021,18,IND,Taylor Stallworth,DL,ACT,1995-08-18,3,00-0034325,3126489,31526,,48935,5191
2021,18,HOU,Jaylen Samuels,RB,DEV,1996-07-20,3,00-0034331,3116721,31135,SamuJa00,47297,5107
2021,18,WAS,Daron Payne,DL,ACT,1997-05-27,3,00-0034333,3925354,30983,PaynDa00,48698,4976
2021,18,WAS,Troy Apke,DB,ACT,1995-04-11,3,00-0034334,3116152,31079,ApkeTr00,49260,5365
2021,19,PIT,Marcus Allen,LB,ACT,1996-08-07,3,00-0034335,3116149,31118,AlleMa03,49263,5360
2021,18,DET,Shaun Dion Hamilton,LB,RES,1995-09-11,3,00-0034336,3115310,31167,DionSh00,49706,5367
2021,17,LA,Greg Stroman,DB,TRC,1996-03-08,3,00-0034337,3124086,31211,StroGr00,49354,5368
2021,18,IND,Quenton Nelson,OL,ACT,1996-03-19,3,00-0034342,,,,,
2021,18,ATL,Josh Rosen,QB,INA,1997-02-10,3,00-0034343,3886377,30980,RoseJo01,35460,4863
2021,18,NO,Marcus Davenport,DL,ACT,1996-09-04,3,00-0034344,3124058,30984,DaveMa00,50291,4965
2021,18,DET,Frank Ragnow,OL,RES,1996-05-17,3,00-0034345,,,,,
2021,18,NYG,Will Hernandez,OL,ACT,1995-09-02,3,00-0034346,,,,,
2021,18,CHI,James Daniels,OL,ACT,1997-09-13,3,00-0034347,,,,,
2021,18,DEN,Courtland Sutton,WR,ACT,1995-10-10,3,00-0034348,3128429,31010,SuttCo00,48164,5045
2021,19,PHI,Kerryon Johnson,RB,CUT,1997-06-30,3,00-0034349,3916925,31013,JohnKe06,34455,5068
2021,18,LAC,Uchenna Nwosu,LB,ACT,1996-12-28,3,00-0034350,3120358,31018,NwosUc00,50084,5061
2021,19,PHI,Dallas Goedert,TE,ACT,1995-01-03,3,00-0034351,3121023,31019,GoedDa00,47272,5022
2021,19,DAL,Connor Williams,OL,ACT,1997-05-12,3,00-0034352,,,,,
2021,19,PIT,Anthony Miller,WR,DEV,1994-10-09,3,00-0034353,3050487,31021,MillAn02,48160,5013
2021,18,IND,Kemoko Turay,DL,ACT,1995-07-11,3,00-0034354,3047512,31022,TuraKe00,21702,5058
2021,18,CLE,M.J. Stewart,DB,ACT,1995-09-16,3,00-0034355,3116679,31023,StewM.00,49397,5055
2021,18,CAR,Donte Jackson,DB,RES,1995-11-08,3,00-0034356,3843769,31025,JackDo02,49377,5051
2021,18,ATL,Isaiah Oliver,DB,RES,1996-09-30,3,00-0034357,3915437,31028,OlivIs00,50393,5044
2021,18,IND,Tyquan Lewis,DL,RES,1995-01-30,3,00-0034359,3040513,31034,LewiTy00,48475,5057
2021,18,NYG,Lorenzo Carter,LB,ACT,1995-12-10,3,00-0034360,3128715,31036,CartLo01,50126,5021
2021,18,HOU,Justin Reid,DB,RES,1997-02-15,3,00-0034361,3931399,31038,ReidJu00,49048,5036
2021,10,ATL,Deadrin Senat,DL,CUT,1994-07-22,3,00-0034363,3051376,31060,SenaDe00,48815,5042
2021,18,HOU,Jordan Akins,TE,INA,1992-04-19,3,00-0034364,3128452,31068,AkinJo00,47050,5032
2021,18,CAR,Ian Thomas,TE,ACT,1996-06-06,3,00-0034365,4045305,31071,ThomIa00,42130,4995
2021,18,IND,Keke Coutee,WR,DEV,1997-01-14,3,00-0034366,3915823,31073,CoutKe00,47698,5007
2021,18,IND,Nyheim Hines,RB,ACT,1996-11-12,3,00-0034367,3916430,31074,HineNy00,48103,5347
2021,18,DEN,Josey Jewell,LB,RES,1994-12-25,3,00-0034368,3040150,31076,JeweJo00,50720,5334
2021,18,CLE,Kyle Lauletta,QB,CUT,1995-03-17,3,00-0034369,3049872,31078,LaulKy00,46452,4996
2021,18,DEN,DaeSean Hamilton,WR,RES,1995-03-10,3,00-0034370,3057987,31083,HamiDa01,45416,4998
2021,20,TEN,Da'Shawn Hand,DL,DEV,1995-11-14,3,00-0034371,3126352,31084,HandDa00,48386,5351
2021,18,CHI,Joel Iyiegbuniwe,LB,ACT,1995-10-12,3,00-0034372,3124779,31085,IyieJo00,51221,5303
2021,19,DAL,Dorance Armstrong,DL,ACT,1997-06-10,3,00-0034373,3928979,31086,ArmsDo00,48557,5330
2021,20,TB,Jordan Whitehead,DB,ACT,1997-03-18,3,00-0034374,3895798,31087,WhitJo03,49196,5375
2021,18,LAC,Kyzir White,LB,ACT,1996-03-24,3,00-0034375,4039254,31089,WhitKy00,44485,5348
2021,20,BUF,Taron Johnson,DB,ACT,1996-07-27,3,00-0034376,3121003,31091,JohnTa01,49511,5341
2021,19,PHI,Avonte Maddox,DB,ACT,1996-03-31,3,00-0034377,3123938,31095,MaddAv00,50543,5361
2021,19,DAL,Ito Smith,RB,DEV,1995-09-11,3,00-0034378,3123969,31096,SmitIt00,45932,5004
2021,18,ATL,Rick Leonard,OL,ACT,1996-11-22,3,00-0034379,,,,,
2021,18,JAX,Will Richardson,OL,RES,1996-01-04,3,00-0034380,,,,,
2021,19,PHI,Josh Sweat,DL,INA,1997-03-29,3,00-0034381,3693166,31101,SweaJo00,50120,4999
2021,18,CAR,Marquis Haynes,DL,ACT,1993-12-16,3,00-0034382,3115456,31106,HaynMa01,50244,5342
2021,19,DAL,Dalton Schultz,TE,ACT,1996-07-11,3,00-0034383,3117256,31107,SchuDa00,47304,5001
2021,18,SEA,D.J. Reed,DB,ACT,1996-11-11,3,00-0034384,3139387,31112,ReedD.00,26940,5372
2021,19,NE,Ja'Whaun Bentley,LB,ACT,1996-08-24,3,00-0034385,3116187,31113,BentJa00,50966,5318
2021,20,TB,Justin Watson,WR,DEV,1996-04-04,3,00-0034386,3118892,31114,WatsJu01,66915,5374
2021,18,CHI,Bilal Nichols,DL,ACT,1996-09-14,3,00-0034387,3117922,31115,NichBi00,28451,5302
2021,18,LAC,Davontae Harris,DB,ACT,1995-01-21,3,00-0034388,3047188,31121,HarrDa05,37492,5078
2021,20,TEN,Dane Cruikshank,DB,ACT,1995-04-27,3,00-0034389,3931422,31122,CruiDa00,25546,5369
2021,18,DET,Tyrell Crosby,OL,RES,1995-09-05,3,00-0034390,,,,,
2021,20,BUF,Siran Neal,DB,ACT,1994-08-04,3,00-0034391,3057524,31124,NealSi00,27130,5098
2021,18,LAC,Scott Quessenberry,OL,ACT,1995-03-23,3,00-0034392,,,,,
2021,19,NE,Troy Fumagalli,TE,RES,1995-02-17,3,00-0034393,3045264,31126,FumaTr00,47333,5092
2021,18,LAC,Andrew Brown,DL,DEV,1995-12-30,3,00-0034394,3116761,31128,BrowAn05,49636,5077
2021,21,KC,Daurice Fountain,WR,ACT,1995-12-22,3,00-0034395,3120659,31129,FounDa00,48181,5102
2021,18,CAR,Jermaine Carter,LB,ACT,1995-01-14,3,00-0034396,3053047,31131,CartJe00,28838,5099
2021,18,WAS,Tim Settle,DL,ACT,1997-07-11,3,00-0034397,3929956,31133,SettTi00,48966,5366
2021,18,NYG,Natrell Jamerson,DB,DEV,1995-12-15,3,00-0034398,3121552,31134,JameNa00,50440,5084
2021,18,CLE,Wyatt Teller,OL,ACT,1994-11-21,3,00-0034399,,,,,
2021,20,TEN,Jordan Wilkins,RB,DEV,1994-07-18,3,00-0034400,3051891,31139,WilkJo01,26618,5100
2021,18,NYJ,Mike White,QB,INA,1995-03-25,3,00-0034401,3051381,31141,WhitMi01,46453,5089
2021,19,ARI,Kylie Fitts,LB,RES,1994-10-11,3,00-0034404,3047582,31151,FittKy00,48553,5069
2021,5,NYG,Sam Jones,OL,CUT,1996-02-21,3,00-0034405,,,,,
2021,19,PHI,Deon Cain,WR,DEV,1996-08-09,3,00-0034406,3728254,31155,CainDe00,13597,5101
2021,19,PIT,Ray-Ray McCloud,WR,ACT,1996-10-15,3,00-0034407,3728262,31157,McClRa00,47895,5096
2021,18,WAS,Dylan Cantrell,TE,RES,1994-06-29,3,00-0034409,3052576,31161,CantDy00,,5103
2021,18,ATL,Russell Gage,WR,ACT,1996-01-22,3,00-0034411,3115378,31164,GageRu00,44771,5110
2021,18,ATL,Foyesade Oluokun,LB,ACT,1995-08-02,3,00-0034413,3050073,31170,OluoFo00,24904,5332
2021,19,PHI,Boston Scott,RB,ACT,1995-04-27,3,00-0034414,3051439,31171,ScotBo02,39462,5122
2021,18,IND,Matt Pryor,OL,ACT,1994-12-16,3,00-0034417,,,,,
2021,19,DAL,Cedrick Wilson,WR,ACT,1995-11-20,3,00-0034418,4036335,31178,WilsCe01,48170,5113
2021,18,NYJ,Braxton Berrios,WR,RES,1995-10-06,3,00-0034419,3123075,31180,BerrBr00,47961,5121
2021,1,IND,Jordan Thomas,TE,RES,1996-08-02,3,00-0034420,4035379,31181,ThomJo05,42062,5117
2021,20,GB,Peter Kalambayi,LB,DEV,1995-06-26,3,00-0034421,3043276,31184,KalaPe00,50089,5325
2021,18,JAX,Danny Etling,QB,ACT,1994-07-22,3,00-0034423,3052450,31189,EtliDa00,23519,5120
2021,18,IND,Matthew Adams,LB,ACT,1995-12-12,3,00-0034424,3126179,31191,AdamMa00,38526,5345
2021,19,LV,Javon Wims,WR,CUT,1994-09-11,3,00-0034426,4035019,31194,WimsJa00,41406,5111
2021,19,PHI,Jordan Mailata,OL,ACT,1997-03-31,3,00-0034429,,,,,
2021,20,BUF,Andre Smith,LB,ACT,1997-04-20,3,00-0034430,3895831,31204,SmitAn04,50897,5340
2021,18,IND,Zaire Franklin,LB,ACT,1996-07-02,3,00-0034431,3124005,31205,FranZa00,49834,5346
2021,18,NYJ,Nick Bawden,RB,ACT,1996-06-22,3,00-0034433,3125232,31207,BawdNi00,27413,5116
2021,18,NYG,Keion Crossen,DB,ACT,1996-04-17,3,00-0034435,3117135,31213,CrosKe00,49454,5317
2021,18,NO,Will Clapp,OL,ACT,1995-12-10,3,00-0034436,,,,,
2021,18,JAX,Logan Cooke,P,RES,1995-07-28,3,00-0034437,3115480,31216,CookLo00,29214,5314
2021,20,TEN,Logan Woodside,QB,ACT,1995-01-27,3,00-0034438,3042749,31219,WoodLo00,46517,5128
2021,20,TEN,Ryan Izzo,TE,ACT,1995-12-21,3,00-0034439,3122920,31127,IzzoRy00,47327,5094
2021,18,LAC,Justin Jackson,RB,ACT,1996-04-22,3,00-0034440,3116136,31221,JackJu01,29539,5131
2021,18,BUF,Austin Proehl,WR,CUT,1995-10-11,3,00-0034442,3116680,31225,ProeAu00,48223,5126
2021,18,NYG,Nick Gates,OL,RES,1995-11-27,3,00-0034445,,,,,
2021,22,CIN,Jalen Davis,DB,ACT,1996-02-02,3,00-0034446,3125356,31534,,50431,5222
2021,22,LA,Buddy Howell,RB,ACT,1996-03-27,3,00-0034449,3122716,31537,,12888,5271
2021,18,MIN,Greg Joseph,K,ACT,1994-08-04,3,00-0034450,3975763,31538,,,5272
2021,18,WAS,David Steinmetz,OL,DEV,1995-03-01,3,00-0034456,,,,,
2021,18,NO,Josh Adams,RB,TRC,1996-10-29,3,00-0034457,3932420,31567,,45662,5136
2021,18,DET,Bruce Hector,DL,DEV,1994-10-07,3,00-0034461,3051369,31572,,48759,5613
2021,19,PHI,Joe Ostman,DL,RES,1995-07-12,3,00-0034463,3044706,31578,,48487,5179
2021,18,WAS,Jeremy Reaves,DB,ACT,1996-08-29,3,00-0034465,3125248,31582,,50406,5792
2021,20,GB,Chandon Sullivan,DB,ACT,1996-08-07,3,00-0034468,3124849,31589,,49349,5181
2021,19,ARI,Dennis Gardeck,LB,ACT,1994-08-09,3,00-0034473,4334300,31299,,66928,5158
2021,19,PHI,Matthew McCrane,K,TRD,1994-09-08,3,00-0034479,3052413,31310,,,5386
2021,18,HOU,Jonathan Owens,DB,RES,1995-07-22,3,00-0034485,4331768,31318,,66930,5520
2021,21,SF,Trent Sherfield,WR,ACT,1996-02-26,3,00-0034487,3122168,31320,SherTr00,48021,5154
2021,18,HOU,Tavierre Thomas,DB,ACT,1996-03-11,3,00-0034488,4334405,31321,,66931,5519
2021,19,ARI,Ezekiel Turner,LB,ACT,1996-06-09,3,00-0034490,3894901,31324,,49167,5161
2021,1,IND,Andrew Vollert,TE,DEV,1995-03-15,3,00-0034491,,,,,
2021,18,DET,Evan Brown,OL,ACT,1996-09-16,3,00-0034495,,,,,
2021,18,CAR,Sean Chandler,DB,INA,1996-04-27,3,00-0034496,3138733,31548,,51315,5178
2021,18,HOU,Tae Davis,LB,RES,1996-08-14,3,00-0034500,3131775,31552,,26296,5646
2021,22,LA,Grant Haley,DB,ACT,1996-01-06,3,00-0034502,3116166,31555,,50473,5647
2021,20,BUF,Ike Boettger,OL,RES,1994-10-05,3,00-0034505,,,,,
2021,19,DAL,Robert Foster,WR,DEV,1994-05-07,3,00-0034510,3054845,31601,,48230,5250
2021,20,BUF,Mike Love,DL,DEV,1994-01-22,3,00-0034511,3051371,31605,,48376,5623
2021,20,BUF,Levi Wallace,DB,ACT,1995-06-12,3,00-0034514,3133440,31603,,25445,5153
2021,20,TB,Dee Delaney,DB,ACT,1995-02-20,3,00-0034515,3049726,31261,,31078,5658
2021,18,JAX,Tre Herndon,DB,ACT,1996-03-05,3,00-0034516,3122160,31262,,50380,5479
2021,20,GB,Allen Lazard,WR,ACT,1995-12-11,3,00-0034521,3128390,31268,LazaAl00,48135,5185
2021,18,JAX,KC McDermott,OL,ACT,1996-04-18,3,00-0034522,,,,,
2021,18,SEA,Ryan Neal,DB,RES,1995-12-24,3,00-0034527,3121344,31576,,49132,5655
2021,21,KC,Jordan Franks,TE,RES,1996-02-01,3,00-0034532,3128439,31561,,47206,5253
2021,22,CIN,Trayvon Henderson,DB,DEV,1995-08-15,3,00-0034533,3046382,31562,,51394,5642
2021,12,NYJ,Corey Thompson,LB,CUT,1993-12-23,3,00-0034539,2976524,31597,,18551,5680
2021,19,LV,Tony Brown,DB,DEV,1995-07-13,3,00-0034540,3115308,31671,,49255,5424
2021,19,LV,Brandon Facyson,DB,ACT,1994-09-08,3,00-0034545,3045458,31676,,50564,5416
2021,18,CAR,Austin Larkin,DL,DEV,1995-04-06,3,00-0034559,4035726,31286,,38754,5495
2021,1,LA,Donovan Olumba,DB,CUT,1995-09-26,3,00-0034562,,,,,
2021,18,CAR,Trenton Scott,OL,ACT,1994-01-25,3,00-0034571,,,,,
2021,21,KC,Charvarius Ward,DB,ACT,1996-05-16,3,00-0034573,4037361,31293,,43034,5493
2021,19,ARI,David Wells,TE,DEV,1995-05-02,3,00-0034575,3047536,31283,,34985,5235
2021,18,WAS,Kyle Allen,QB,ACT,1996-03-08,3,00-0034577,3115293,31301,,26152,5127
2021,18,CAR,Reggie Bonnafon,RB,ACT,1996-01-04,3,00-0034578,3116642,31302,,47542,5162
2021,20,GB,Abdullah Anderson,DL,DEV,1996-01-24,3,00-0034587,3119119,31657,,32708,5636
2021,17,NYG,Trent Harris,LB,CUT,1995-09-17,3,00-0034588,3123054,31648,,48575,5664
2021,18,CAR,Frank Herron,DL,ACT,1994-07-09,3,00-0034590,3042746,31649,,39383,5660
2021,19,NE,J.C. Jackson,DB,ACT,1995-11-17,3,00-0034591,3121649,31650,,42781,5193
2021,1,CHI,Chris Lacy,WR,CUT,1996-01-28,3,00-0034593,3122430,31651,,29726,5661
2021,18,HOU,A.J. Moore,DB,ACT,1995-12-15,3,00-0034594,3128746,31652,,51146,5662
2021,18,CHI,Ryan Nall,RB,INA,1995-12-27,3,00-0034597,3127335,31662,,45753,5163
2021,18,WAS,Bunmi Rotimi,DL,ACT,1995-07-16,3,00-0034602,3060151,31666,,48387,5626
2021,18,BAL,Kevin Toliver,DB,DEV,1995-11-24,3,00-0034603,3843234,31667,,49348,5629
2021,19,SF,Ryan Winslow,P,DEV,1994-04-30,3,00-0034606,3045166,31670,,,5639
2021,18,CHI,Michael Joseph,DB,DEV,1995-03-19,3,00-0034607,,,,,
2021,18,HOU,Demone Harris,DL,DEV,1995-12-30,3,00-0034612,3052926,31256,,48452,5218
2021,21,SF,Tanner Hudson,TE,DEV,1994-11-12,3,00-0034613,3050481,31257,,66924,5409
2021,18,DET,Godwin Igwebuike,RB,ACT,1994-09-10,3,00-0034614,3045238,31258,IgweGo00,49166,5220
2021,1,LAC,Davin Bellamy,LB,CUT,1994-12-27,3,00-0034622,,,,,
2021,19,PHI,Andre Chachere,DB,INA,1996-02-10,3,00-0034623,3125287,31573,,51194,5674
2021,6,IND,Anthony Coyle,OL,CUT,1996-09-19,3,00-0034625,,,,,
2021,18,BAL,Jaryd Jones-Smith,OL,ACT,1995-09-03,3,00-0034628,,,,,
2021,18,NYJ,Vyncint Smith,WR,DEV,1996-06-09,3,00-0034631,3155188,31588,,66957,5260
2021,18,DEN,Mike Ford,DB,ACT,1995-08-04,3,00-0034639,3050916,31634,,50535,5691
2021,20,TEN,Chris Jones,DB,ACT,1995-08-13,3,00-0034641,3116104,31636,,49339,2682
2021,22,LA,Brandon Powell,WR,ACT,1995-09-12,3,00-0034646,3115255,31641,,48036,5695
2021,22,LA,Ryan Santoso,K,CUT,1995-08-26,3,00-0034648,3040204,31643,,,5692
2021,20,TEN,Cameron Batson,WR,RES,1995-12-20,3,00-0034652,3139456,31623,,47669,5289
2021,19,ARI,Matt Dickerson,DL,CUT,1995-11-09,3,00-0034657,3134316,31612,,49601,5615
2021,17,LV,Nico Falah,OL,DEV,1995-01-06,3,00-0034658,,,,,
2021,18,NO,Sharif Finch,LB,DEV,1995-10-01,3,00-0034659,3051333,31615,,50221,5669
2021,18,DEN,Rico Gafford,WR,DEV,1996-05-23,3,00-0034660,4048717,31607,,29622,5197
2021,18,NYG,Joshua Kalu,DB,RES,1995-08-28,3,00-0034662,3116105,31609,,51203,5671
2021,18,CLE,Elijah Nkansah,OL,CUT,1994-12-28,3,00-0034664,,,,,
2021,20,TB,Aaron Stinnie,OL,ACT,1994-02-18,3,00-0034668,,,,,
2021,18,HOU,Jordan Veasy,WR,DEV,1995-06-23,3,00-0034669,4035853,31626,,38435,5293
2021,18,NO,Ethan Wolf,TE,DEV,1995-11-07,3,00-0034672,3115360,31627,,47173,5196
2021,20,BUF,Tremaine Edmunds,LB,ACT,1998-05-02,3,00-0034673,3929950,30986,EdmuTr01,50905,4968
2021,19,DAL,Leighton Vander Esch,LB,ACT,1996-02-08,3,00-0034674,3138677,30989,VandLe00,50950,4980
2021,22,CIN,Jessie Bates,DB,ACT,1997-02-26,3,00-0034675,3919512,31024,BateJe00,49162,5017
2021,19,PIT,James Washington,WR,ACT,1996-04-02,3,00-0034676,3122449,31030,WashJa00,47792,5024
2021,18,LAC,Justin Jones,DL,ACT,1996-08-28,3,00-0034677,3116746,31054,JoneJu03,48940,5063
2021,20,TB,Alex Cappa,OL,ACT,1995-01-27,3,00-0034678,,,,,
2021,21,KC,Armani Watts,DB,ACT,1996-03-19,3,00-0034680,3122136,31094,WattAr00,51264,5329
2021,19,ARI,Chase Edmonds,RB,ACT,1996-04-13,3,00-0034681,3119195,31104,EdmoCh00,45851,5000
2021,19,PHI,Genard Avery,LB,ACT,1995-04-26,3,00-0034682,3126204,31120,AverGe00,49699,5081
2021,22,CIN,Darius Phillips,DB,RES,1995-06-26,3,00-0034683,3042785,31140,PhilDa02,49507,5079
2021,17,KC,Johnny Townsend,P,CUT,1995-02-14,3,00-0034684,3054971,31143,TownJo01,22261,5381
2021,22,CIN,Auden Tate,WR,RES,1997-02-03,3,00-0034686,3921564,31223,TateAu00,48192,5130
2021,18,NYG,Korey Cunningham,OL,ACT,1995-05-17,3,00-0034687,,,,,
2021,1,LAC,Chris Okoye,DL,DEV,,3,00-0034696,,,,,
2021,19,PIT,Robert Spillane,LB,ACT,1995-12-14,3,00-0034720,3129446,31708,,50918,5726
2021,20,GB,Corey Bojorquez,P,ACT,1996-09-13,3,00-0034721,4039396,31727,,27626,5721
2021,18,ATL,Nick Thurman,DL,DEV,1995-06-12,3,00-0034723,3040031,31726,,49607,5727
2021,19,LV,Dallin Leavitt,DB,ACT,1994-08-08,3,00-0034726,3053801,31723,,49120,5736
2021,20,GB,Jaire Alexander,DB,ACT,1997-02-09,3,00-0034728,3895429,30988,AlexJa00,49350,4979
2021,18,SEA,Jamarco Jones,OL,ACT,1996-06-04,3,00-0034729,,,,,
2021,21,SF,Marcell Harris,LB,INA,1994-06-09,3,00-0034730,3043110,31154,HarrMa03,51408,5370
2021,18,BAL,Reginald McKenzie,OL,DEV,1997-01-03,3,00-0034731,3915388,31168,,62935,5327
2021,20,TB,Codey McElroy,TE,DEV,1992-12-13,3,00-0034735,3951441,31732,,66966,5269
2021,18,NYG,Steven Parker,DB,ACT,1995-12-14,3,00-0034736,3116387,31733,,51220,5741
2021,20,TEN,Rashaan Evans,LB,INA,1995-11-08,3,00-0034743,3126349,30992,EvanRa01,50213,4978
2021,18,DEN,Duke Dawson,DB,DEV,1995-10-13,3,00-0034744,3115250,31026,DawsDu00,51576,5028
2021,18,DET,Tracy Walker,DB,ACT,1995-02-01,3,00-0034745,3042499,31052,WalkTr01,51266,5064
2021,21,SF,Maurice Hurst,DL,INA,1995-05-09,3,00-0034746,3045220,31110,HursMa00,38563,5002
2021,11,LV,Marcell Ateman,WR,CUT,1994-09-16,3,00-0034747,3046320,31198,AtemMa00,23670,4942
2021,18,SEA,Rashaad Penny,RB,ACT,1996-02-02,3,00-0034750,3139925,30997,PennRa00,27414,4985
2021,19,KC,Josh Jackson,DB,DEV,1996-04-03,3,00-0034751,3144984,31015,JackJo01,50417,5029
2021,21,KC,Orlando Brown,OL,ACT,1996-05-02,3,00-0034752,,,,,
2021,18,BAL,Mark Andrews,TE,ACT,1995-09-06,3,00-0034753,3116365,31056,AndrMa00,47436,5012
2021,20,GB,Oren Burks,LB,ACT,1995-03-21,3,00-0034754,3051746,31058,BurkOr00,50203,5031
2021,7,MIA,Shaquem Griffin,LB,CUT,1995-07-20,3,00-0034755,3054029,31111,GrifSh01,50657,5003
2021,22,CIN,Tre Flowers,DB,ACT,1995-06-02,3,00-0034756,3046326,31116,FlowTr01,49059,5379
2021,19,LV,Kolton Miller,OL,ACT,1995-10-09,3,00-0034759,,,,,
2021,18,NYJ,Nathan Shepherd,DL,ACT,1993-10-09,3,00-0034760,4076951,31042,ShepNa00,24614,5043
2021,18,NYG,Billy Price,OL,ACT,1994-10-11,3,00-0034762,,,,,
2021,19,LV,Brandon Parker,OL,ACT,1995-10-21,3,00-0034763,,,,,
2021,19,DAL,Michael Gallup,WR,RES,1996-03-04,3,00-0034764,4036348,31051,GallMi00,26075,5038
2021,18,NO,Tre'Quan Smith,WR,ACT,1996-01-07,3,00-0034765,3128451,31061,SmitTr03,48228,5026
2021,18,MIN,Christopher Herndon,TE,RES,1996-02-23,3,00-0034766,3123050,31077,HernCh00,47164,5009
2021,18,IND,Nick Nelson,DB,RES,1996-10-16,3,00-0034767,3124574,31080,NelsNi00,28495,5382
2021,19,PIT,Chukwuma Okorafor,OL,ACT,1997-08-08,3,00-0034768,,,,,
2021,19,PIT,Mason Rudolph,QB,ACT,1995-06-17,3,00-0034771,3116407,31046,RudoMa00,46569,4972
2021,20,TB,Vita Vea,DL,ACT,1995-02-05,3,00-0034773,3134362,30982,VeaxVi00,48956,4969
2021,16,BUF,Breeland Speaks,DL,DEV,1995-12-18,3,00-0034774,3128740,31016,SpeaBr00,48727,5037
2021,19,ARI,Christian Kirk,WR,ACT,1996-11-18,3,00-0034775,3895856,31017,KirkCh01,47546,4950
2021,18,JAX,D.J. Chark,WR,RES,1996-09-23,3,00-0034777,3115394,31031,CharDJ00,47702,4951
2021,20,TB,Carlton Davis,DB,ACT,1996-12-31,3,00-0034778,3916923,31033,DaviCa02,49335,5054
2021,18,CLE,Ronnie Harrison,DB,INA,1997-04-18,3,00-0034779,3859006,31063,HarrRo02,49206,5025
2021,20,GB,Isaac Yiadom,DB,CUT,1996-02-20,3,00-0034780,3122797,31069,YiadIs00,49355,5048
2021,21,KC,Dorian O'Daniel,LB,ACT,1994-09-04,3,00-0034781,3045132,31070,ODanDo00,51487,5033
2021,20,BUF,Harrison Phillips,DL,ACT,1996-01-25,3,00-0034782,3117255,31066,PhilHa00,48690,5049
2021,18,MIN,Mason Cole,OL,RES,1996-03-28,3,00-0034785,,,,,
2021,18,BAL,Chris Board,LB,ACT,1995-07-23,3,00-0034787,3060403,31750,,29456,5753
2021,18,ATL,Jaeden Graham,TE,RES,1995-10-10,3,00-0034788,3118954,31749,,31849,5754
2021,19,PIT,Minkah Fitzpatrick,DB,ACT,1996-11-17,3,00-0034789,3925345,30981,FitzMi00,51206,4963
2021,18,LAC,Derwin James,DB,ACT,1996-08-03,3,00-0034790,3691739,30987,JameDe00,51368,4971
2021,18,CLE,Nick Chubb,RB,ACT,1995-12-27,3,00-0034791,3128720,31005,ChubNi00,45783,4988
2021,18,ATL,Cornell Armstrong,DB,DEV,1995-09-22,3,00-0034792,3123963,31179,ArmsCo00,50351,5344
2021,18,MIA,Jason Sanders,K,ACT,1995-11-16,3,00-0034794,3124679,31199,SandJa00,29578,5119
2021,18,BAL,Lamar Jackson,QB,INA,1997-01-07,3,00-0034796,3916387,31002,JackLa00,46416,4881
2021,18,MIA,Jerome Baker,LB,ACT,1996-12-25,3,00-0034797,3915507,31043,BakeJe00,28091,5056
2021,18,MIA,Durham Smythe,TE,ACT,1995-08-09,3,00-0034798,3052897,31093,SmytDu00,47257,5008
2021,19,PIT,Kalen Ballage,RB,ACT,1995-12-22,3,00-0034799,3128774,31100,BallKa00,45741,4994
2021,22,CIN,B.J. Hill,DL,ACT,1995-04-20,3,00-0034800,3116748,31039,HillB.00,49894,5020
2021,18,DET,Josh Woods,LB,RES,1996-07-01,3,00-0034801,3128303,31753,,49023,5757
2021,1,MIA,Nate Holley,DB,CUT,1994-12-05,3,00-0034802,3052527,31754,,51427,5759
2021,22,LA,Joseph Noteboom,OL,RES,1995-06-19,3,00-0034803,,,,,
2021,22,LA,Brian Allen,OL,ACT,1995-10-11,3,00-0034804,,,,,
2021,18,NYJ,John Franklin-Myers,DL,ACT,1996-09-26,3,00-0034805,3120464,31105,FranJo02,50088,5466
2021,18,DEN,Micah Kiser,LB,ACT,1995-01-25,3,00-0034806,3048692,31117,KiseMi00,50879,5074
2021,22,LA,Ogbonnia Okoronkwo,LB,ACT,1995-04-24,3,00-0034807,3052667,31130,OkorOg00,50130,5075
2021,18,CLE,John Kelly,RB,DEV,1996-10-04,3,00-0034808,3915381,31145,KellJo00,34761,5076
2021,22,LA,Jamil Demby,OL,RES,1996-06-20,3,00-0034809,,,,,
2021,22,LA,Sebastian Joseph,DL,ACT,1995-03-21,3,00-0034810,3047495,31165,JoseSe00,49935,5073
2021,22,LA,Travin Howard,LB,ACT,1996-05-10,3,00-0034812,3116424,31201,HowaTr00,50959,5306
2021,22,LA,Justin Lawler,LB,DEV,1994-12-23,3,00-0034813,3040109,31214,LawlJu00,50592,5307
2021,21,SF,Fred Warner,LB,ACT,1996-11-19,3,00-0034815,3138826,31040,WarnFr00,51222,5041
2021,20,TB,Ronald Jones,RB,INA,1997-08-03,3,00-0034816,3912550,31008,JoneRo01,34001,5052
2021,18,HOU,Geron Christian,OL,ACT,1996-09-10,3,00-0034817,,,,,
2021,21,KC,Derrick Nnadi,DL,ACT,1996-05-09,3,00-0034818,3122930,31045,NnadDe00,49970,5035
2021,21,SF,Arden Key,DL,ACT,1996-05-03,3,00-0034825,3843843,31057,KeyxAr00,50201,5067
2021,18,CAR,D.J. Moore,WR,ACT,1997-04-14,3,00-0034827,3915416,30994,MoorD.00,48267,4983
2021,20,TEN,Harold Landry,LB,ACT,1996-06-05,3,00-0034828,3122793,31011,LandHa00,48600,5030
2021,18,MIA,Mike Gesicki,TE,ACT,1995-10-03,3,00-0034829,3116164,31012,GesiMi00,47153,4993
2021,18,ATL,Hayden Hurst,TE,ACT,1993-08-24,3,00-0034830,3924365,30995,HursHa00,47294,4973
2021,18,SEA,Rasheem Green,DL,ACT,1997-05-15,3,00-0034831,3912562,31049,GreeRa01,48731,5059
2021,18,DEN,Bradley Chubb,LB,ACT,1996-06-24,3,00-0034832,3116733,30975,ChubBr00,48526,4967
2021,19,NE,Isaiah Wynn,OL,INA,1995-12-09,3,00-0034833,,,,,
2021,22,CIN,Sam Hubbard,DL,ACT,1995-06-29,3,00-0034834,3121416,31047,HubbSa00,48457,5015
2021,18,IND,Malik Jefferson,LB,CUT,1996-11-15,3,00-0034835,3821576,31048,JeffMa00,50884,5016
2021,18,IND,Braden Smith,OL,ACT,1996-03-25,3,00-0034836,,,,,
2021,18,ATL,Calvin Ridley,WR,RES,1994-12-20,3,00-0034837,3925357,30996,RidlCa00,48262,4981
2021,18,HOU,Royce Freeman,RB,ACT,1996-02-24,3,00-0034838,3122672,31041,FreeRo00,45747,5046
2021,17,NYG,Sam Beal,DB,CUT,1996-08-30,3,00-0034839,3916720,31764,,13822,5766
2021,18,JAX,Taven Bryan,DL,INA,1996-03-11,3,00-0034842,3115249,30999,BryaTa00,48753,4975
2021,21,KC,Mike Hughes,DB,ACT,1997-02-11,3,00-0034843,3895841,31000,HughMi00,34057,4982
2021,18,NYG,Saquon Barkley,RB,ACT,1997-02-09,3,00-0034844,3929630,30972,BarkSa00,45791,4866
2021,22,LA,Sony Michel,RB,ACT,1995-02-17,3,00-0034845,3128721,31001,MichSo00,27589,4962
2021,18,IND,Darius Leonard,LB,ACT,1995-07-27,3,00-0034846,3056362,31006,LeonDa00,49684,4990
2021,21,SF,Mike McGlinchey,OL,RES,1995-01-12,3,00-0034847,,,,,
2021,20,GB,R.J. McIntosh,DL,DEV,1996-06-02,3,00-0034848,3917872,31109,McInR.00,48873,5311
2021,18,DET,KhaDarel Hodge,WR,ACT,1995-01-03,3,00-0034854,3047876,31769,,26104,5773
2021,18,CLE,Baker Mayfield,QB,RES,1995-04-14,3,00-0034855,3052587,30971,MayfBa00,46518,4892
2021,18,CLE,Denzel Ward,DB,RES,1997-04-28,3,00-0034856,3915535,30974,WardDe02,49558,4964
2021,20,BUF,Josh Allen,QB,ACT,1996-05-21,3,00-0034857,3918298,30977,AlleJo02,46601,4984
2021,19,PIT,Terrell Edmunds,DB,ACT,1997-01-20,3,00-0034858,3124067,30998,EdmuTe00,51334,4974
2021,18,NYG,Dante Pettis,WR,RES,1995-10-23,3,00-0034860,3127306,31014,PettDa00,48113,4992
2021,19,DAL,Malik Turner,WR,ACT,1996-01-30,3,00-0034867,3115928,31777,,48078,5781
2021,18,CAR,Sam Darnold,QB,ACT,1997-06-05,3,00-0034869,3912547,30973,DarnSa00,29048,4943
2021,1,CAR,Jonathan Celestin,LB,CUT,,3,00-0034872,3116052,31780,,50667,5784
2021,18,CHI,Roquan Smith,LB,ACT,1997-04-08,3,00-0034874,3915189,30978,SmitRo07,50892,4960
2021,18,DEN,A.J. Johnson,LB,RES,1991-12-24,3,00-0034887,2577712,31792,,15267,5822
2021,22,LA,John Wolford,QB,ACT,1995-10-16,3,00-0034899,3124092,31803,,46454,5806
2021,18,MIA,Sam Eguavoen,LB,ACT,1993-02-22,2,00-0034902,2577637,31815,,15301,5830
2021,18,LAC,Tevaughn Campbell,DB,ACT,1993-06-14,2,00-0034903,4410136,31810,,91247,5827
2021,18,LAC,Tristan Vizcaino,K,DEV,1996-07-31,2,00-0034909,3127313,31808,,,5823
2021,18,CLE,Chris Blewitt,K,DEV,1995-05-02,3,00-0034913,,,,,
2021,1,LAC,Cole Mazza,LS,DEV,1995-02-14,2,00-0034917,,,,,
2021,21,CIN,Elliott Fry,K,DEV,1994-12-12,2,00-0034921,3048898,31831,,,6208
2021,1,CAR,Ishmael Hyman,WR,CUT,1995-08-23,2,00-0034922,3039968,31832,,28621,6209
2021,19,PIT,Steven Sims,WR,DEV,1997-03-31,2,00-0034928,3917960,32187,SimsSt00,48341,6402
2021,18,DEN,Quinn Bailey,OL,ACT,1995-10-18,2,00-0034929,,,,,
2021,18,DET,Trinity Benson,WR,INA,1997-01-16,2,00-0034930,4422214,32189,BensTr00,94356,6395
2021,20,TEN,Austin Fort,TE,DEV,1995-05-14,2,00-0034932,3125402,32191,,30778,6396
2021,19,PIT,John Leglue,OL,ACT,1996-04-17,2,00-0034937,,,,,
2021,1,TB,Chidi Okeke,OL,CUT,,2,00-0034940,,,,,
2021,21,SF,Mitch Wishnowsky,P,ACT,1992-03-02,2,00-0034941,4035685,31942,WishMi00,44663,6173
2021,18,NO,Chase Hansen,LB,DEV,1993-05-20,2,00-0034944,2971641,32212,,51448,5952
2021,14,SF,Corbin Kaufusi,OL,CUT,1993-04-12,2,00-0034945,,,,,
2021,1,DET,Alijah Holder,DB,CUT,1996-01-26,2,00-0034948,3117249,32218,,38567,6104
2021,22,CIN,Fred Johnson,OL,INA,1997-06-05,2,00-0034951,,,,,
2021,18,DEN,Malik Reed,LB,ACT,1996-08-05,2,00-0034954,3124634,32220,,48567,6436
2021,18,DEN,Brett Rypien,QB,ACT,1996-07-09,2,00-0034955,3722362,32221,,46487,6037
2021,18,HOU,Josh Watson,LB,DEV,1996-05-20,2,00-0034956,2512419,32222,,49722,2894
2021,18,DEN,Calvin Anderson,OL,RES,1996-03-25,2,00-0034957,,,,,
2021,1,LAC,Tyree St. Louis,OL,DEV,1997-08-05,2,00-0034958,,,,,
2021,18,DEN,Andrew Beck,TE,RES,1996-05-15,2,00-0034959,3125107,32225,,47121,6323
2021,19,NE,Jakobi Meyers,WR,ACT,1996-11-09,2,00-0034960,3916433,32231,MeyeJa01,47468,5947
2021,19,NE,Terez Hall,LB,RES,1996-11-18,2,00-0034962,3924319,32230,,51107,5990
2021,12,WAS,Tyler Gauthier,OL,DEV,1997-06-29,2,00-0034963,,,,,
2021,19,NE,D'Angelo Ross,DB,ACT,1996-10-29,2,00-0034966,3139389,32223,,27732,6476
2021,20,GB,Rashan Gary,LB,ACT,1997-12-03,2,00-0034967,4046523,31844,GaryRa00,42905,5839
2021,20,GB,Darnell Savage,DB,ACT,1997-07-30,2,00-0034968,3915419,31853,SavaDa00,34247,6210
2021,18,IND,Ben Banogu,DL,INA,1996-01-19,2,00-0034969,3124970,31881,BanoBe00,26554,5971
2021,18,MIN,Irv Smith,TE,RES,1998-08-09,2,00-0034970,4040980,31882,SmitIr01,42060,6126
2021,10,SF,Jalen Hurd,WR,CUT,1996-01-23,2,00-0034971,3115328,31899,HurdJa00,45752,5911
2021,18,MIN,Alexander Mattison,RB,ACT,1998-06-19,2,00-0034972,4048244,31934,MattAl01,45817,5987
2021,19,LV,Maxx Crosby,DL,ACT,1997-08-22,2,00-0034973,3916655,31938,CrosMa00,26316,5991
2021,18,NYG,Julian Love,DB,ACT,1998-03-19,2,00-0034974,4046675,31940,LoveJu00,51081,5876
2021,18,BAL,Justice Hill,RB,RES,1997-11-14,2,00-0034975,4038441,31945,HillJu00,45865,5995
2021,18,NYJ,Dru Samia,OL,DEV,1997-08-22,2,00-0034976,,,,,
2021,18,MIA,Sheldrick Redwine,DB,RES,1996-11-06,2,00-0034977,3917852,31951,RedwSh00,50458,5983
2021,18,BAL,Ben Powers,OL,INA,1996-10-29,2,00-0034978,,,,,
2021,18,BAL,Iman Marshall,DB,RES,1997-02-27,2,00-0034979,3912545,31959,MarsIm00,,6023
2021,18,ARI,Isaiah Johnson,DB,CUT,1995-12-20,2,00-0034980,3126182,31961,JohnIs02,48233,5951
2021,19,LV,Foster Moreau,TE,ACT,1997-05-06,2,00-0034981,3843945,31969,MoreFo00,47043,5985
2021,21,SF,Dre Greenlaw,LB,ACT,1997-05-25,2,00-0034982,3916903,31980,GreeDr00,51503,6056
2021,19,LV,Hunter Renfrow,WR,ACT,1995-12-21,2,00-0034983,3135321,31981,RenfHu00,47509,5955
2021,20,GB,Kingsley Keke,DL,CUT,1996-09-26,2,00-0034984,3917340,31982,KekeKi00,48718,6103
2021,18,MIN,Cameron Smith,LB,RET,1997-03-26,2,00-0034986,3701669,31994,SmitCa01,50739,6176
2021,18,IND,E.J. Speed,LB,ACT,1995-06-01,2,00-0034987,3071353,31996,SpeeEJ00,94351,6218
2021,18,NYG,Kaden Smith,TE,RES,1997-04-24,2,00-0034988,4044452,32008,SmitKa00,40973,6146
2021,21,SF,Justin Skule,OL,RES,1996-11-23,2,00-0034989,,,,,
2021,18,NYG,Ka'dar Hollman,DB,DEV,1994-09-18,2,00-0034990,3916676,32017,HollKa00,49446,6222
2021,18,CLE,Drew Forbes,OL,RES,1997-01-18,2,00-0034991,,,,,
2021,18,MIN,Armon Watts,DL,ACT,1996-07-22,2,00-0034992,3128685,32022,WattAr01,27844,6186
2021,19,PHI,Marcus Epps,DB,ACT,1996-01-27,2,00-0034993,3139368,32023,EppsMa00,51391,6284
2021,18,MIN,Olisaemeka Udoh,OL,ACT,1997-02-14,2,00-0034994,,,,,
2021,18,CLE,Dexter Williams,RB,RES,1997-01-06,2,00-0034995,3932449,32026,WillDe07,45913,6153
2021,20,BUF,Tim Harris,DB,DEV,1995-07-31,2,00-0034996,3048681,32030,HarrTi01,49512,6286
2021,19,LV,Gerri Green,DL,DEV,1995-09-14,2,00-0034997,3115469,32031,GreeGe00,50228,6272
2021,2,CIN,Donnie Lewis,DB,CUT,1996-07-21,2,00-0034998,3126245,32053,LewiDo00,49431,6034
2021,20,GB,Ty Summers,LB,RES,1995-12-31,2,00-0034999,3116431,32058,SummTy00,30242,6294
2021,18,ATL,Quinton Bell,LB,DEV,1996-05-09,2,00-0035000,3933407,32062,BellQu00,37468,6296
2021,19,LV,Jackson Barton,OL,INA,1995-08-08,2,00-0035003,,,,,
2021,21,SF,Chris Slayton,DL,DEV,1996-08-06,2,00-0035004,3124015,32077,SlayCh00,48713,6174
2021,16,DEN,Javon Patterson,OL,DEV,1997-07-08,2,00-0035005,,,,,
2021,18,MIN,Olabisi Johnson,WR,RES,1997-03-17,2,00-0035006,3917067,32079,JohnOl00,47882,6088
2021,18,TEN,Paul Adams,OL,DEV,1995-05-17,2,00-0035007,,,,,
2021,21,SF,Demetrius Flannigan-Fowles,LB,ACT,1996-09-04,2,00-0035020,3931424,32319,,49231,6610
2021,18,IND,Ashton Dulin,WR,ACT,1997-05-15,2,00-0035021,4061956,32292,DuliAs00,91479,6427
2021,18,SEA,Penny Hart,WR,ACT,1996-07-05,2,00-0035022,3917546,32293,HartPe01,13534,5902
2021,1,ARI,Jamell Garcia-Williams,DL,DEV,,2,00-0035023,,,,,
2021,18,MIN,Hale Hentges,TE,RET,1996-08-19,2,00-0035025,3925348,32295,,47150,6439
2021,21,SF,Kevin Givens,DL,ACT,1997-03-01,2,00-0035026,3929641,32321,,28308,6005
2021,1,TEN,Ross Reynolds,OL,CUT,1995-09-14,2,00-0035036,,,,,
2021,18,CLE,Stephen Carlson,TE,RES,1996-12-12,2,00-0035039,3948283,32273,,94365,6451
2021,18,DET,David Blough,QB,INA,1995-07-31,2,00-0035040,3116188,32272,,46508,6450
2021,20,BUF,Jamie Gillan,P,DEV,1997-07-04,2,00-0035042,3936185,32277,,63303,6452
2021,1,NYJ,J.T. Hassell,DB,CUT,1995-08-14,2,00-0035044,4264341,32280,,94366,6429
2021,18,NYJ,D.J. Montgomery,WR,DEV,1996-11-17,2,00-0035045,4249030,32283,,55003,6453
2021,22,CIN,Wyatt Ray,DL,INA,1996-10-24,2,00-0035048,3915285,32287,,50115,5966
2021,18,CHI,Alex Bars,OL,ACT,1995-09-08,2,00-0035061,,,,,
2021,18,CHI,Sam Mustipher,OL,ACT,1996-08-13,2,00-0035062,,,,,
2021,19,DAL,Ian Bunting,TE,DEV,1996-02-10,2,00-0035067,,,,,
2021,18,DEN,Jonathan Harris,DL,ACT,1996-08-04,2,00-0035073,4422407,32254,,94361,6467
2021,18,DET,Curtis Bolton,LB,ACT,1995-12-18,2,00-0035076,3116367,32266,,39043,6430
2021,20,GB,Kabion Ento,DB,DEV,1996-01-03,2,00-0035079,,,,,
2021,20,GB,Yosuah Nijman,OL,ACT,1996-01-02,2,00-0035084,,,,,
2021,20,GB,Randy Ramsey,LB,RES,1995-09-07,2,00-0035085,3128675,32276,,39094,6517
2021,18,SEA,Bryan Mone,DL,ACT,1995-10-20,2,00-0035094,3115979,32336,,38461,6494
2021,20,TEN,Khari Blasingame,RB,ACT,1996-07-01,2,00-0035099,3122154,32140,,44889,6379
2021,22,CIN,Jake Browning,QB,DEV,1996-04-11,2,00-0035100,3886812,32138,,46401,6111
2021,18,HOU,Davion Davis,WR,RES,1996-10-23,2,00-0035101,3933568,32141,,33158,6380
2021,18,NYJ,Brandon Dillon,TE,DEV,1997-04-30,2,00-0035102,4411192,32142,DillBr00,91468,6279
2021,18,BAL,Otaro Alaka,LB,RES,1996-05-18,2,00-0035103,3122141,32304,,49757,6432
2021,15,CLE,Alexander Hollins,WR,DEV,1996-11-24,2,00-0035104,4249496,32143,,63664,6381
2021,18,CLE,Nate Meadors,DB,DEV,1997-02-13,2,00-0035108,3886327,32145,,50353,6354
2021,18,BAL,Patrick Mekari,OL,ACT,1997-08-13,2,00-0035112,,,,,
2021,19,LV,Lester Cotton,OL,ACT,1996-02-20,2,00-0035117,,,,,
2021,22,LA,Matt Orzech,LS,ACT,1995-04-12,2,00-0035118,4422336,32306,,94369,6461
2021,14,NYJ,Keelan Doss,WR,TRC,1996-03-21,2,00-0035120,3120980,32342,,48143,6032
2021,19,NE,Jaylen Smith,WR,DEV,1997-08-01,2,00-0035121,3916418,32302,,47846,6155
2021,19,LV,Alec Ingold,RB,RES,1996-07-09,2,00-0035125,3917668,32344,,34934,6109
2021,19,ARI,Antoine Wesley,WR,ACT,1997-10-22,2,00-0035126,4043161,32317,,39967,6165
2021,19,LV,Andre James,OL,ACT,1997-05-02,2,00-0035127,,,,,
2021,18,NO,Dylan Mabin,DB,DEV,1997-09-14,2,00-0035130,3909365,32346,,51496,6332
2021,19,LV,Keisean Nixon,DB,ACT,1997-06-22,2,00-0035133,4259493,32348,,56167,6333
2021,18,NYJ,Tim Ward,DL,ACT,1997-08-11,2,00-0035135,3914553,32351,,48467,6321
2021,17,GB,Aaron Adeoye,LB,CUT,1993-08-26,2,00-0035136,,,,,
2021,18,SEA,Marquise Blair,DB,RES,1997-07-18,2,00-0035139,4243244,31879,BlaiMa01,56263,5982
2021,21,KC,Mecole Hardman,WR,ACT,1998-03-12,2,00-0035140,4035004,31888,HardMe00,42683,5917
2021,18,SEA,Phil Haynes,OL,ACT,1995-10-19,2,00-0035141,,,,,
2021,18,SEA,Ugochukwu Amadi,DB,ACT,1997-05-16,2,00-0035142,3886834,31964,AmadUg00,49352,6216
2021,18,SEA,Ben Burr-Kirven,LB,RES,1997-09-08,2,00-0035143,3886816,31974,BurrBe00,50967,6098
2021,18,CLE,Mack Wilson,LB,ACT,1998-02-14,2,00-0035144,4040983,31987,WilsMa03,43190,6131
2021,18,DET,Austin Seibert,K,RES,1996-11-15,2,00-0035145,3821683,32002,SeibAu00,,6219
2021,19,ARI,Trace McSorley,QB,INA,1995-08-23,2,00-0035146,3116172,32029,McSoTr00,32819,5974
2021,21,KC,Rashad Fenton,DB,ACT,1997-02-17,2,00-0035147,3924364,32033,FentRa00,49329,6014
2021,21,KC,Darwin Thompson,RB,DEV,1997-02-12,2,00-0035148,4361606,32046,ThomDa06,83791,6178
2021,21,KC,Nick Allegretti,OL,ACT,1996-04-21,2,00-0035149,,,,,
2021,18,MIN,Kris Boyd,DB,INA,1996-09-12,2,00-0035150,3929845,32049,BoydKr00,34222,5921
2021,18,DET,Jack Fox,P,ACT,1996-09-01,2,00-0035156,3916370,32358,,34735,6523
2021,21,KC,Darius Harris,LB,DEV,1996-01-17,2,00-0035157,3122906,32359,,29188,6551
2021,18,WAS,Kyle Shurmur,QB,CUT,1996-11-06,2,00-0035163,3915776,32366,,29110,6269
2021,18,SEA,Cody Thompson,WR,ACT,1996-01-11,2,00-0035164,3126115,32367,,48152,6171
2021,21,SF,Azeez Al-Shaair,LB,ACT,1997-08-04,2,00-0035166,3919117,32318,,49792,6485
2021,18,CLE,Willie Harvey,LB,CUT,1996-01-09,2,00-0035177,3128396,32377,,50780,6498
2021,18,NO,Jalen Dalton,DL,RES,1997-08-04,2,00-0035179,3895834,32374,,27753,6510
2021,17,PIT,Darrius Shepherd,WR,DEV,1995-11-01,2,00-0035181,3120588,32378,,29347,6519
2021,19,NE,Devine Ozigbo,RB,DEV,1996-10-02,2,00-0035184,3699935,32390,,45903,6068
2021,18,NYJ,Austin Walter,RB,INA,1996-08-17,2,00-0035187,3123857,32383,,45038,6553
2021,1,SF,Alexander Myres,DB,CUT,1996-04-20,2,00-0035188,4039292,32171,,43823,6266
2021,18,JAX,Matthew Wright,K,ACT,1996-03-22,2,00-0035189,3128444,32174,,,6268
2021,19,LV,A.J. Cole,P,ACT,1995-11-27,2,00-0035190,3686689,32386,,36038,6555
2021,18,WAS,Joey Slye,K,ACT,1996-04-10,2,00-0035192,3124084,32384,,,6528
2021,18,NYJ,Del'Shawn Phillips,LB,ACT,1996-10-09,2,00-0035202,4240528,32118,,57868,6348
2021,18,GB,Jayson Stanley,DB,CUT,1997-04-24,2,00-0035207,,,,,
2021,18,ATL,Olamide Zaccheaus,WR,ACT,1997-07-23,2,00-0035208,3917914,32123,ZaccOl01,44920,6271
2021,18,CLE,Herb Miller,DB,ACT,1997-11-11,2,00-0035210,3919107,32396,,50480,6640
2021,18,NO,Deonte Harris,WR,ACT,1997-12-04,2,00-0035215,4411193,32398,HarrDe07,91470,6234
2021,19,PIT,Diontae Johnson,WR,ACT,1996-07-05,2,00-0035216,3932905,31898,JohnDi01,33441,5937
2021,19,PIT,Benny Snell,RB,ACT,1998-02-27,2,00-0035217,4035072,31954,SnelBe00,45954,6156
2021,19,LV,Sutton Smith,RB,ACT,1996-03-22,2,00-0035218,3921970,32007,SmitSu00,27832,6188
2021,19,LV,Isaiah Buggs,DL,DEV,1996-08-24,2,00-0035219,4241451,32024,BuggIs00,56503,6033
2021,20,TEN,Derwin Gray,OL,DEV,1995-05-10,2,00-0035220,,,,,
2021,19,PIT,Zach Gentry,TE,ACT,1996-09-10,2,00-0035222,3929924,31973,GentZa00,36049,6018
2021,19,PIT,Ulysees Gilbert,LB,ACT,1997-08-09,2,00-0035223,3920867,32039,GilbUl00,50810,6057
2021,18,DEN,P.J. Locke,DB,ACT,1997-02-12,2,00-0035227,3929850,32164,,51189,6419
2021,19,ARI,Kyler Murray,QB,ACT,1997-08-07,2,00-0035228,3917315,31833,MurrKy00,38334,5849
2021,18,DET,T.J. Hockenson,TE,RES,1997-07-03,2,00-0035229,4036133,31840,HockTJ00,40912,5844
2021,20,BUF,Ed Oliver,DL,ACT,1997-12-12,2,00-0035230,4039303,31841,OlivEd00,42200,5841
2021,18,MIA,Christian Wilkins,DL,ACT,1995-12-20,2,00-0035231,3728266,31845,WilkCh00,50293,6120
2021,19,PIT,Dwayne Haskins,QB,INA,1997-05-03,2,00-0035232,4040616,31847,HaskDw00,41897,5845
2021,19,PHI,Andre Dillard,OL,ACT,1995-10-03,2,00-0035233,,,,,
2021,18,HOU,Tytus Howard,OL,ACT,1996-05-23,2,00-0035234,,,,,
2021,18,ATL,Kaleb McGary,OL,ACT,1995-02-22,2,00-0035235,,,,,
2021,19,ARI,Byron Murphy,DB,ACT,1998-01-18,2,00-0035236,4038999,31865,MurpBy00,44027,5864
2021,18,JAX,Jawaan Taylor,OL,ACT,1997-11-25,2,00-0035237,,,,,
2021,20,BUF,Cody Ford,OL,ACT,1996-12-28,2,00-0035238,,,,,
2021,20,TB,Sean Murphy-Bunting,DB,ACT,1997-06-19,2,00-0035239,3932886,31871,BuntSe00,25891,6060
2021,19,NE,Jahlani Tavai,LB,ACT,1996-09-28,2,00-0035240,3124587,31875,TavaJa00,51055,6179
2021,19,NE,Joejuan Williams,DB,ACT,1997-12-06,2,00-0035241,4035286,31877,WillJo13,29113,6127
2021,18,NO,Erik McCoy,OL,ACT,1997-08-27,2,00-0035242,,,,,
2021,19,PHI,Miles Sanders,RB,ACT,1997-05-01,2,00-0035243,4045163,31885,SandMi01,40555,6151
2021,18,HOU,Lonnie Johnson,DB,ACT,1995-11-04,2,00-0035244,4240780,31886,JohnLo01,55615,5883
2021,18,HOU,Max Scharping,OL,ACT,1996-08-10,2,00-0035245,,,,,
2021,19,PHI,J.J. Arcega-Whiteside,WR,RES,1996-12-31,2,00-0035246,3931397,31889,ArceJJ00,35014,5863
2021,19,DAL,Trysten Hill,DL,ACT,1998-03-25,2,00-0035247,4042141,31890,HillTr00,44519,5989
2021,19,ARI,Zach Allen,DL,ACT,1997-08-20,2,00-0035248,3915282,31897,AlleZa01,49605,5871
2021,18,BAL,Josh Oliver,TE,ACT,1997-03-21,2,00-0035249,3921690,31901,OlivJo00,47083,5973
2021,20,BUF,Devin Singletary,RB,ACT,1997-09-03,2,00-0035250,4040761,31906,SingDe00,40485,6130
2021,19,DAL,Will Grier,QB,RES,1995-04-03,2,00-0035251,3115252,31932,GrieWi00,38265,5903
2021,19,NE,Yodny Cajuste,OL,ACT,1996-02-21,2,00-0035252,,,,,
2021,18,NO,Chauncey Gardner-Johnson,DB,ACT,1997-12-20,2,00-0035253,4034953,31937,GardCh00,49371,5893
2021,20,TB,Anthony Nelson,LB,ACT,1997-03-04,2,00-0035254,3894856,31939,NelsAn01,48405,6003
2021,18,ATL,Kendall Sheffield,DB,ACT,1996-05-30,2,00-0035255,3925358,31943,ShefKe00,34105,6140
2021,1,CAR,Christian Miller,DL,CUT,1996-06-19,2,00-0035257,3126362,31947,MillCh04,50078,5986
2021,18,CLE,Hjalte Froholdt,OL,INA,1996-08-20,2,00-0035258,,,,,
2021,18,NYJ,Trevon Wesco,TE,RES,1995-09-12,2,00-0035259,4039253,31953,WescTr00,42018,6181
2021,22,CIN,Renell Wren,DL,DEV,1995-10-23,2,00-0035260,3128815,31957,WrenRe00,48953,6157
2021,19,DAL,Tony Pollard,RB,ACT,1997-04-30,2,00-0035261,3916148,31960,PollTo00,27126,5967
2021,18,LAC,Drue Tranquill,LB,ACT,1995-08-15,2,00-0035262,3129310,31962,TranDr00,51276,6141
2021,18,NYG,Wes Martin,OL,ACT,1996-05-09,2,00-0035263,,,,,
2021,19,NE,Jarrett Stidham,QB,INA,1996-08-08,2,00-0035264,3892775,31965,StidJa00,13725,6136
2021,18,ATL,John Cominsky,DL,INA,1995-11-22,2,00-0035265,4411771,31967,ComiJo00,88313,6116
2021,18,CAR,Michael Jordan,OL,ACT,1998-01-25,2,00-0035266,,,,,
2021,18,JAX,Ryquell Armstead,RB,ACT,1996-10-30,2,00-0035268,3923397,31972,ArmsRy00,45810,6007
2021,22,LA,Matt Gay,K,ACT,1994-03-15,2,00-0035269,4249087,31977,GayxMa00,,6083
2021,18,DET,Amani Oruwariye,DB,RES,1996-02-09,2,00-0035270,3116175,31978,OruwAm00,50533,5888
2021,18,MIA,Andrew Van Ginkel,LB,ACT,1995-07-01,2,00-0035272,3133487,31983,VanGAn00,30267,6183
2021,18,ATL,Qadree Ollison,RB,ACT,1996-09-08,2,00-0035273,3123944,31984,OlliQa00,45934,6002
2021,18,NYJ,Ross Pierschbacher,OL,ACT,1995-05-05,2,00-0035274,,,,,
2021,18,MIA,Jordan Scarlett,RB,DEV,1995-07-08,2,00-0035275,3915115,31986,ScarJo00,39258,6167
2021,18,NYJ,Blake Cashman,LB,RES,1996-05-10,2,00-0035276,3728281,31989,CashBl00,35413,6217
2021,18,SEA,Michael Jackson,DB,ACT,1997-01-10,2,00-0035277,3917853,31990,JackMi01,50437,6025
2021,19,NE,Byron Cowart,DL,RES,1996-05-20,2,00-0035278,3916922,31991,CowaBy00,50588,6006
2021,21,SF,Charles Omenihu,DL,ACT,1997-08-20,2,00-0035279,3929865,31993,OmenCh00,50612,5934
2021,19,NE,Jake Bailey,P,ACT,1997-06-18,2,00-0035280,3931395,31995,BailJa00,,6093
2021,21,KC,Joe Jackson,DL,DEV,1996-12-20,2,00-0035281,4037459,31997,JackJo02,44615,5923
2021,18,LAC,Easton Stick,QB,INA,1995-09-15,2,00-0035282,3120590,31998,SticEa00,29466,6185
2021,18,NYG,Clayton Thorson,QB,DEV,1995-06-15,2,00-0035283,3116144,31999,ThorCl00,46501,6147
2021,18,NO,Jordan Miller,DB,DEV,1997-02-08,2,00-0035285,3886824,32004,MillJo05,49515,6009
2021,18,WAS,Cole Holcomb,LB,ACT,1996-07-30,2,00-0035286,3116689,32005,HolcCo00,49753,6220
2021,21,SF,KeeSean Johnson,WR,RES,1996-10-09,2,00-0035287,3124537,32006,JohnKe07,39587,5962
2021,4,NYJ,Saquan Hampton,DB,CUT,1995-12-12,2,00-0035288,3127367,32009,HampSa00,49037,6013
2021,19,PHI,Gardner Minshew,QB,ACT,1996-05-16,2,00-0035289,4038524,32010,MinsGa00,41401,6011
2021,20,BUF,Jaquan Johnson,DB,ACT,1995-11-06,2,00-0035290,3672862,32013,JohnJa11,51433,5930
2021,22,CIN,Trayveon Williams,RB,INA,1997-10-18,2,00-0035291,4035222,32014,WillTr06,45775,6144
2021,20,TEN,David Long,LB,ACT,1996-10-12,2,00-0035292,3916074,32020,LongDa04,29367,5928
2021,18,CHI,Xavier Crawford,DB,RES,1995-12-10,2,00-0035293,3860287,32027,CrawXa00,50326,6285
2021,18,SEA,Blessuan Austin,DB,ACT,1996-07-19,2,00-0035294,3870072,32028,AustBl00,50434,5933
2021,22,CIN,Isaiah Prince,OL,ACT,1997-07-29,2,00-0035295,,,,,
2021,18,WAS,Kelvin Harmon,WR,DEV,1996-12-15,2,00-0035297,4036163,32038,HarmKe00,47931,5884
2021,20,TB,Scott Miller,WR,ACT,1997-07-31,2,00-0035298,3914397,32040,MillSc01,47481,6290
2021,18,CAR,Dennis Daley,OL,ACT,1996-08-07,2,00-0035300,,,,,
2021,19,DAL,Donovan Wilson,DB,ACT,1995-02-21,2,00-0035301,3122135,32045,WilsDo01,49408,6291
2021,18,NYG,Cullen Gillaspia,RB,ACT,1995-05-12,2,00-0035304,3122143,32052,GillCu00,38844,6293
2021,19,LV,Jordan Brown,DB,DEV,1996-03-26,2,00-0035305,3121034,32055,BrowJo04,49407,6030
2021,18,CAR,Darryl Johnson,DL,ACT,1997-04-04,2,00-0035306,3957672,32057,JohnDa10,37479,6051
2021,18,HOU,Jimmy Moreland,DB,ACT,1995-08-26,2,00-0035307,3120508,32059,MoreJi00,28704,6070
2021,20,BUF,Tommy Sweeney,TE,INA,1995-07-01,2,00-0035308,3122818,32060,SweeTo00,47216,6137
2021,1,DET,Alize Mack,TE,CUT,,2,00-0035309,3932433,32063,MackAl00,39770,5975
2021,18,MIA,Myles Gaskin,RB,ACT,1997-02-15,2,00-0035311,3886818,32066,GaskMy00,45914,5980
2021,18,JAX,Terry Godwin,WR,RES,1996-10-23,2,00-0035313,3915174,32069,GodwTe00,47946,5977
2021,18,WAS,Jalen Jelks,DL,RES,1996-08-03,2,00-0035314,3122692,32073,JelkJa00,48426,5935
2021,21,KC,Cortez Broughton,DL,DEV,1996-09-02,2,00-0035315,3139036,32074,BrouCo00,38524,6300
2021,18,NO,Kaden Elliss,LB,ACT,1995-06-10,2,00-0035316,3124890,32076,ElliKa00,51485,6302
2021,19,ARI,Joshua Miles,OL,INA,1996-01-04,2,00-0035317,,,,,
2021,18,NYJ,Ken Webster,DB,DEV,1996-06-19,2,00-0035318,3128743,32084,WebsKe00,12955,6405
2021,18,ATL,Jordan Brailford,LB,DEV,1995-10-09,2,00-0035319,3122420,32085,BraiJo00,29695,5954
2021,18,DEN,Caleb Wilson,TE,DEV,1996-07-15,2,00-0035320,3932936,32086,WilsCa00,38305,6142
2021,1,BUF,Nate Becker,TE,CUT,1996-03-24,2,00-0035322,,,,,
2021,18,WAS,Beau Benzschawel,OL,DEV,1995-09-10,2,00-0035323,,,,,
2021,18,DET,C.J. Moore,DB,ACT,1995-12-15,2,00-0035327,3128745,,,26617,6724
2021,18,DET,Matt Nelson,OL,ACT,1995-12-19,2,00-0035328,,,,,
2021,18,LAC,Donald Parham,TE,RES,1997-08-16,2,00-0035329,3912092,32456,ParhDo00,91014,6074
2021,18,DET,Anthony Pittman,LB,ACT,1996-11-24,2,00-0035330,4423367,32457,,94372,6651
2021,20,TEN,Kevin Strong,DL,ACT,1996-08-05,2,00-0035334,3124052,32461,,48981,6536
2021,18,WAS,Deion Calhoun,OL,DEV,1996-02-20,2,00-0035336,,,,,
2021,1,NYG,Montre Hartage,DB,DEV,1997-06-16,2,00-0035339,3915970,32435,,49390,6090
2021,22,CIN,Trenton Irwin,WR,INA,1995-12-10,2,00-0035341,3931391,32438,,48080,6598
2021,18,MIA,Patrick Laird,RB,RES,1995-08-17,2,00-0035342,3127211,32439,,28219,6311
2021,19,ARI,Jonathan Ledbetter,DL,DEV,1997-09-12,2,00-0035343,3728308,32440,,18645,5945
2021,18,CAR,Aaron Monteiro,OL,DEV,1997-03-25,2,00-0035344,,,,,
2021,22,CIN,Chris Myarick,TE,DEV,1995-10-06,2,00-0035345,3138744,32442,,47358,6529
2021,18,MIA,Nik Needham,DB,ACT,1996-11-04,2,00-0035346,3124702,32443,,50356,6258
2021,18,MIA,Preston Williams,WR,INA,1997-03-27,2,00-0035350,3915399,32447,WillPr01,38855,6148
2021,20,BUF,Tyrel Dodson,LB,ACT,1998-06-25,2,00-0035352,4035232,32411,,51045,6315
2021,18,CLE,Blake Hance,OL,ACT,1996-01-11,2,00-0035355,,,,,
2021,19,PHI,Tyree Jackson,TE,RES,1997-11-07,2,00-0035356,3916564,32415,,46481,6040
2021,20,BUF,Cameron Lewis,DB,ACT,1997-04-13,2,00-0035357,3916577,32416,,49395,6314
2021,18,CLE,Chase McLaughlin,K,ACT,1996-04-09,2,00-0035358,3150744,32417,,,6650
2021,18,NYG,David Sills,WR,ACT,1996-05-29,2,00-0035359,3871102,32418,,34579,6154
2021,20,BUF,Joe Giles-Harris,LB,DEV,1997-04-01,2,00-0035363,3917797,32091,,39382,6105
2021,18,CAR,Tae Hayes,DB,DEV,1997-08-19,2,00-0035365,3917147,32092,,35173,6310
2021,1,ARI,Picasso Nelson,DB,CUT,1996-04-15,2,00-0035368,,,,,
2021,18,DET,Saivion Smith,DB,DEV,1997-11-05,2,00-0035370,4035425,32097,,44429,6138
2021,18,HOU,Connor Strachan,LB,ACT,1995-06-30,2,00-0035373,3122794,32100,,44987,6656
2021,5,PHI,Michael Walker,WR,CUT,1996-10-29,2,00-0035374,3915296,32101,,48213,6363
2021,18,JAX,Brandon Rusnak,DB,ACT,1995-07-11,2,00-0035375,3115968,32102,,51088,6244
2021,18,JAX,Andrew Wingard,DB,RES,1996-12-05,2,00-0035378,3918331,32105,,49268,6416
2021,20,BUF,Ryan Bates,OL,ACT,1997-02-14,2,00-0035382,,,,,
2021,19,PHI,Nate Herbig,OL,INA,1998-07-10,2,00-0035383,,,,,
2021,19,PHI,Iosua Opeta,OL,ACT,1996-08-15,2,00-0035384,,,,,
2021,19,PHI,T.J. Edwards,LB,ACT,1996-08-12,2,00-0035386,3121544,32403,,30737,5960
2021,18,ATL,Anthony Rush,DL,ACT,1996-09-01,2,00-0035390,4239817,32408,,56895,6542
2021,18,IND,Anthony Chesley,DB,ACT,1996-05-31,2,00-0035393,3910754,32463,,,6645
2021,11,MIA,Jacob Dolegala,QB,CUT,1996-10-07,2,00-0035394,3921586,32464,,61944,6317
2021,22,CIN,Stanley Morgan,WR,ACT,1996-09-07,2,00-0035399,3699902,32469,MorgSt02,48110,6069
2021,22,CIN,Keaton Sutherland,OL,DEV,1997-02-12,2,00-0035400,,,,,
2021,18,PIT,Damion Willis,WR,CUT,1997-06-20,2,00-0035401,4241723,32471,,61737,6549
2021,18,NO,Carl Granderson,DL,ACT,1996-12-18,2,00-0035402,3918310,32490,,48500,5912
2021,18,NO,Ethan Greenidge,OL,RES,1997-09-10,2,00-0035403,,,,,
2021,18,CLE,Porter Gustin,DL,ACT,1997-02-08,2,00-0035404,3912553,32492,,50290,5996
2021,18,NO,Lil'Jordan Humphrey,WR,ACT,1998-04-19,2,00-0035406,4039057,32494,HumpLi01,42247,5938
2021,18,NYG,Derrick Kelly,OL,DEV,1995-08-23,2,00-0035407,,,,,
2021,18,BAL,Nick Moore,LS,ACT,1992-12-09,2,00-0035408,,,,,
2021,18,NO,Shy Tuttle,DL,ACT,1995-10-20,2,00-0035409,3886601,32497,,37279,6627
2021,18,NO,Andrew Dowell,LB,ACT,1996-11-16,2,00-0035412,3929818,32208,,38956,6611
2021,19,DAL,Luke Gifford,LB,ACT,1995-08-28,2,00-0035413,3116097,32205,,50675,6612
2021,18,LAC,Jalen Guyton,WR,ACT,1997-06-07,2,00-0035414,3932430,32201,GuytJa01,34164,6421
2021,19,ARI,Nate Hall,LB,CUT,1996-04-06,2,00-0035415,3116134,32206,,51497,6027
2021,19,DAL,Mitch Hyatt,OL,RES,1997-02-06,2,00-0035416,,,,,
2021,9,CHI,Jon'Vea Johnson,WR,CUT,1995-12-23,2,00-0035417,3126095,32200,,48082,6420
2021,18,BAL,Brandon Knight,OL,RES,1997-04-01,2,00-0035418,,,,,
2021,18,BAL,Chris Westry,DB,ACT,1997-07-10,2,00-0035422,3915255,32199,,49401,6243
2021,18,WAS,Daniel Wise,DL,RES,1996-01-16,2,00-0035423,3133368,32198,,48922,6423
2021,19,LV,Daniel Helm,TE,DEV,1995-04-20,2,00-0035428,3115359,32543,,47307,6089
2021,19,ARI,Koda Martin,OL,DEV,1995-08-21,2,00-0035431,,,,,
2021,18,LAC,Jason Moore,WR,DEV,1995-06-23,2,00-0035432,4069806,32547,,91472,6247
2021,18,JAX,Matt Sokol,TE,DEV,1995-11-09,2,00-0035436,3121378,32551,,47123,6233
2021,19,LV,Roderic Teamer,DB,ACT,1997-05-12,2,00-0035437,3917058,32552,,51405,6257
2021,22,CIN,Elijah Holyfield,RB,DEV,1997-11-30,2,00-0035442,4035006,32148,,40065,5919
2021,18,WAS,Jordan Kunaszyk,LB,RES,1996-10-15,2,00-0035444,4035866,32151,,38548,6307
2021,18,DEN,Damarea Crockett,RB,DEV,1997-12-22,2,00-0035448,4035102,32502,CrocDa01,27436,6334
2021,1,DAL,Johnnie Dixon,WR,CUT,1994-09-16,2,00-0035450,3121413,32504,,47912,6019
2021,18,NO,Albert Huggins,DL,RES,1997-06-27,2,00-0035455,3728248,32509,,36862,6026
2021,1,NYG,Chris Johnson,DB,CUT,1995-11-12,2,00-0035456,,,,,
2021,19,LV,Tyron Johnson,WR,ACT,1996-01-08,2,00-0035457,3894912,32511,JohnTy03,34427,6063
2021,19,PIT,Malcolm Pridgeon,OL,DEV,1995-01-20,2,00-0035463,,,,,
2021,18,WAS,Zack Bailey,OL,DEV,1995-11-08,2,00-0035468,,,,,
2021,22,CIN,Dan Godsil,LS,RET,1996-08-19,2,00-0035472,,,,,
2021,1,PIT,Anthony Johnson,WR,CUT,1995-01-29,2,00-0035474,4049301,32482,,41706,5929
2021,20,GB,Malik Taylor,WR,RES,1995-12-21,2,00-0035480,4408988,32488,TaylMa01,94375,6239
2021,19,ARI,Nate Brooks,DB,DEV,1996-09-05,2,00-0035485,3914477,32472,,49572,6634
2021,1,DET,Miles Brown,DL,CUT,1997-09-04,2,00-0035486,3913020,32155,,37161,6378
2021,1,ARI,A.J. Richardson,WR,CUT,1995-06-02,2,00-0035491,3124369,32159,,47896,6373
2021,19,DAL,Kyron Brown,DB,DEV,1996-05-26,2,00-0035499,3125705,32522,,49466,6328
2021,19,ARI,Greg Dortch,WR,ACT,1998-05-29,2,00-0035500,4037235,32523,,42237,5970
2021,21,SF,Wyatt Miller,OL,DEV,1995-10-23,2,00-0035504,,,,,
2021,18,NYJ,Kyle Phillips,DL,ACT,1997-05-05,2,00-0035507,3886528,32530,,36340,6235
2021,18,NYJ,Jeff Smith,WR,ACT,1997-04-21,2,00-0035510,3929118,32533,SmitJe03,48055,6557
2021,20,TEN,Amani Bledsoe,DL,DEV,1998-02-06,2,00-0035513,4037633,32420,,42782,6043
2021,18,DEN,Cody Conway,OL,RES,1996-07-09,2,00-0035515,,,,,
2021,18,NO,Braxton Hoyett,DL,DEV,1996-02-05,2,00-0035518,3115492,32424,,48665,6602
2021,18,BAL,Isaiah Mack,DL,INA,1996-03-19,2,00-0035519,3131784,32425,,26229,6601
2021,20,TEN,Derick Roberson,LB,INA,1995-11-15,2,00-0035521,3125126,32427,,30462,6581
2021,19,PIT,Devin Bush,LB,ACT,1998-07-18,2,00-0035525,4036261,31842,BushDe01,27375,5843
2021,20,GB,Elgton Jenkins,OL,RES,1995-12-26,2,00-0035526,,,,,
2021,19,ARI,Andy Isabella,WR,INA,1996-11-18,2,00-0035527,3914328,31894,IsabAn00,47448,5915
2021,18,IND,Khari Willis,DB,ACT,1996-05-07,2,00-0035530,3929835,31941,WillKh00,51304,6152
2021,18,DET,Austin Bryant,LB,RES,1996-11-12,2,00-0035531,3728253,31949,BryaAu00,36248,5942
2021,19,ARI,Deionte Thompson,DB,ACT,1997-02-11,2,00-0035532,3859100,31971,ThomDe06,25444,5866
2021,18,MIN,Ryan Connelly,LB,RES,1995-10-23,2,00-0035533,3121538,31975,ConnRy00,49840,5979
2021,18,IND,Marvell Tell,DB,DEV,1996-08-02,2,00-0035534,3912544,31976,TellMa00,49217,6143
2021,18,NYG,Darius Slayton,WR,ACT,1997-01-12,2,00-0035535,3916945,32003,SlayDa01,25578,6149
2021,22,CIN,Lamont Gaillard,OL,DEV,1996-02-08,2,00-0035536,,,,,
2021,18,NYJ,Ty Johnson,RB,ACT,1997-09-17,2,00-0035537,3915411,32018,JohnTy02,45769,6039
2021,18,LAC,Emeke Egbule,LB,DEV,1996-10-13,2,00-0035538,3914613,32032,EgbuEm00,45378,5978
2021,19,LV,P.J. Johnson,DL,DEV,1996-06-14,2,00-0035540,3910660,32061,JohnPJ00,36493,6273
2021,19,ARI,Michael Dogbe,DL,ACT,1996-05-05,2,00-0035541,3138765,32081,DogbMi00,48850,6304
2021,18,LAC,Kemon Hall,DB,ACT,1997-06-02,2,00-0035542,4243831,32542,,56123,6254
2021,18,DET,Tom Kennedy,WR,ACT,1996-07-29,2,00-0035544,3126997,32561,,94379,6588
2021,21,KC,Joe Fortson,TE,RES,1995-12-07,2,00-0035547,4408854,32600,FortJo01,94384,6665
2021,18,NYJ,Noah Dawkins,LB,DEV,1997-08-13,2,00-0035549,3911689,32557,,35771,6666
2021,1,PIT,Tony Brooks-James,RB,CUT,1994-12-06,2,00-0035551,3886841,32559,,45764,6585
2021,1,SEA,Joshua Moon,DB,CUT,,2,00-0035555,,,,,
2021,17,DEN,Deyon Sizer,DL,DEV,1996-08-16,2,00-0035557,3145343,32578,,94382,6584
2021,18,CHI,Jesper Horsted,TE,RES,1997-02-27,2,00-0035562,3940587,32576,,91465,6075
2021,18,DET,Craig Reynolds,RB,ACT,1996-06-15,2,00-0035567,4421446,32596,,94383,6659
2021,18,ATL,Parker Hesse,TE,ACT,1995-05-26,2,00-0035572,3144991,32588,,48369,6662
2021,22,LA,Kareem Orr,DB,DEV,1997-01-02,2,00-0035573,3675805,32589,,50513,6682
2021,20,TEN,Tuzar Skipper,LB,DEV,1995-06-05,2,00-0035579,4039521,32582,,44583,6679
2021,18,MIN,Garrett Bradbury,OL,ACT,1995-06-20,2,00-0035588,,,,,
2021,21,KC,Gary Jennings,WR,RES,1997-03-07,2,00-0035589,3916071,31952,JennGa00,48331,6045
2021,1,CHI,Riley Ridley,WR,CUT,1996-07-21,2,00-0035590,4035015,31958,RidlRi00,47933,5873
2021,22,LA,Justin Hollins,LB,ACT,1996-01-15,2,00-0035591,3122678,31988,HollJu00,48498,6076
2021,18,DEN,Travis Fulgham,WR,DEV,1995-09-13,2,00-0035592,3139522,32016,FulgTr00,48023,6059
2021,20,GB,Juwann Winfree,WR,ACT,1996-09-04,2,00-0035593,3128317,32019,WinfJu00,38275,6223
2021,18,SEA,Travis Homer,RB,ACT,1998-08-07,2,00-0035594,4037457,32036,HomeTr00,45859,6012
2021,19,PIT,Demarcus Christmas,DL,RES,1995-07-04,2,00-0035595,3122915,32041,ChriDe01,,5953
2021,20,GB,Kerrith Whyte,RB,DEV,1996-10-31,2,00-0035596,3919104,32054,WhytKe00,26392,6175
2021,18,SEA,John Ursua,WR,RES,1994-01-17,2,00-0035597,3933064,32068,UrsuJo00,26586,6168
2021,1,GB,Stephen Denmark,DB,CUT,1996-04-20,2,00-0035598,4408864,32070,DenmSt00,94352,6299
2021,18,NYJ,Freedom Akinmoladun,DL,DEV,1996-02-11,2,00-0035600,3116082,32601,,48374,6657
2021,18,NYG,Alex Bachman,WR,ACT,1996-05-29,2,00-0035602,3919510,32124,,47996,6386
2021,22,LA,Kendall Blanton,TE,ACT,1995-11-10,2,00-0035603,3122103,32125,,47311,6081
2021,22,LA,Marquise Copeland,DL,ACT,1997-05-09,2,00-0035607,3914150,32130,,38540,6390
2021,22,LA,Jake Gervase,DB,ACT,1995-09-18,2,00-0035609,3144988,32603,,49103,6687
2021,16,CAR,Matt Kaskey,OL,CUT,1997-03-17,2,00-0035613,,,,,
2021,18,DEN,Natrez Patrick,LB,RES,1997-07-09,2,00-0035615,3728310,32134,,49805,6055
2021,22,LA,Troy Reeder,LB,ACT,1994-09-13,2,00-0035617,3116177,32135,,38268,6353
2021,18,CHI,Nsimba Webster,WR,DEV,1996-01-27,2,00-0035621,3119317,32137,WebsNs00,48107,6387
2021,22,LA,Chandler Brewer,OL,DEV,1997-06-21,2,00-0035623,,,,,
2021,19,NE,N'Keal Harry,WR,ACT,1997-12-17,2,00-0035624,4047839,31864,HarrNK00,48297,5878
2021,21,KC,Juan Thornhill,DB,ACT,1995-10-19,2,00-0035625,3917909,31895,ThorJu00,50426,6145
2021,18,CLE,D'Ernest Johnson,RB,ACT,1996-02-27,2,00-0035628,3139602,32608,JohnDE04,45734,6694
2021,22,CIN,Jonah Williams,OL,ACT,1997-11-17,2,00-0035629,,,,,
2021,18,ATL,Chris Lindstrom,OL,ACT,1997-02-08,2,00-0035630,,,,,
2021,22,CIN,Drew Sample,TE,ACT,1996-04-16,2,00-0035631,3127310,31884,SampDr00,47259,6001
2021,20,TEN,Amani Hooker,DB,ACT,1998-06-14,2,00-0035632,4036134,31948,HookAm00,51378,5908
2021,18,DET,Corey Ballentine,DB,DEV,1996-04-13,2,00-0035633,4411769,32012,BallCo00,83833,6283
2021,18,SEA,L.J. Collier,DL,ACT,1995-09-12,2,00-0035636,3116449,31861,CollLJ00,48822,5861
2021,18,IND,Rock Ya-Sin,DB,ACT,1996-05-23,2,00-0035637,3910229,31866,Ya-SRo00,49564,6128
2021,18,CLE,Greedy Williams,DB,ACT,1997-12-03,2,00-0035638,4035437,31878,WillGr00,43254,6123
2021,18,IND,Parris Campbell,WR,ACT,1997-07-16,2,00-0035639,3121410,31891,CampPa00,47940,5880
2021,18,SEA,DK Metcalf,WR,ACT,1997-12-14,2,00-0035640,4047650,31896,MetcDK00,47864,5846
2021,19,PHI,Casey Tucker,OL,DEV,1995-09-06,2,00-0035641,,,,,
2021,18,JAX,Josh Allen,LB,ACT,1997-07-13,2,00-0035642,3915239,31839,AlleJo03,50235,5840
2021,20,TEN,Jeffery Simmons,DL,ACT,1997-07-28,2,00-0035643,4035369,31851,SimmJe01,43742,6125
2021,18,DEN,Noah Fant,TE,ACT,1997-11-20,2,00-0035644,4036131,31852,FantNo00,42388,5857
2021,19,NE,Gunner Olszewski,WR,ACT,1996-11-26,2,00-0035645,4424106,32612,OlszGu00,95015,6699
2021,18,CLE,Sione Takitaki,LB,RES,1995-06-08,2,00-0035646,3138834,31912,TakiSi00,12666,6211
2021,18,WAS,Montez Sweat,DL,INA,1996-09-04,2,00-0035647,3134690,31858,SweaMo00,27271,6124
2021,20,TEN,Nate Davis,OL,ACT,1996-09-23,2,00-0035649,,,,,
2021,19,PIT,Justin Layne,DB,ACT,1998-01-12,2,00-0035650,4046719,31915,LaynJu00,40160,5905
2021,18,BAL,Jaylon Ferguson,LB,ACT,1995-12-14,2,00-0035651,3122766,31917,FergJa02,48362,5879
2021,19,NE,Chase Winovich,DL,INA,1995-04-19,2,00-0035654,3115974,31909,WinoCh00,48523,6133
2021,18,DET,Will Harris,DB,ACT,1995-12-19,2,00-0035655,3915297,31913,HarrWi02,51336,5920
2021,21,KC,Khalen Saunders,DL,INA,1996-08-09,2,00-0035656,3121634,31916,SaunKh00,31534,6177
2021,19,NE,Damien Harris,RB,ACT,1997-02-11,2,00-0035657,3925347,31919,HarrDa06,35134,5890
2021,18,WAS,Terry McLaurin,WR,ACT,1995-09-15,2,00-0035659,3121422,31908,McLaTe00,48229,5927
2021,18,JAX,Kahale Warring,TE,INA,1997-03-23,2,00-0035660,3933327,31918,WarrKa00,37213,6164
2021,18,BAL,Marquise Brown,WR,ACT,1997-06-04,2,00-0035662,4241372,31857,BrowMa04,61568,5848
2021,22,LA,Taylor Rapp,DB,ACT,1997-12-22,2,00-0035663,4039007,31893,RappTa00,51172,5882
2021,22,LA,Darrell Henderson,RB,ACT,1997-08-19,2,00-0035664,4039359,31902,HendDa00,41193,5916
2021,22,LA,David Long,DB,ACT,1998-02-06,2,00-0035665,4046536,31911,LongDa02,27377,5914
2021,22,LA,Bobby Evans,OL,ACT,1997-03-24,2,00-0035666,,,,,
2021,22,LA,Greg Gaines,DL,ACT,1996-05-06,2,00-0035667,3127294,31966,GainGr00,48706,5981
2021,22,LA,David Edwards,OL,ACT,1997-03-20,2,00-0035668,,,,,
2021,22,LA,Nick Scott,DB,ACT,1995-05-17,2,00-0035669,3116179,32075,ScotNi01,49012,6301
2021,18,JAX,Dakota Allen,LB,ACT,1995-11-02,2,00-0035670,3139453,32083,AlleDa01,30076,5993
2021,19,PIT,Jace Sternberger,TE,DEV,1996-06-26,2,00-0035671,3917962,31907,SterJa00,47081,6139
2021,18,SEA,Cody Barton,LB,ACT,1996-11-13,2,00-0035672,3926229,31920,BartCo00,50727,6065
2021,18,LAC,Jerry Tillery,DL,ACT,1996-10-08,2,00-0035674,3863182,31860,TillJe00,49949,6129
2021,20,TEN,A.J. Brown,WR,ACT,1997-06-30,2,00-0035676,4047646,31883,BrowAJ00,48327,5859
2021,18,LAC,Nasir Adderley,DB,ACT,1997-05-31,2,00-0035677,3912028,31892,AddeNa00,33880,5881
2021,18,DEN,Dre'Mont Jones,DL,ACT,1997-01-05,2,00-0035678,3915525,31903,JoneDr00,28075,5865
2021,19,DAL,Connor McGovern,OL,ACT,1997-11-03,2,00-0035679,,,,,
2021,18,NYJ,Quincy Williams,LB,ACT,1996-08-28,2,00-0035680,3110565,31930,WillQu01,49779,6214
2021,20,TB,Mike Edwards,DB,ACT,1996-05-18,2,00-0035681,3155647,31931,EdwaMi01,51282,5959
2021,18,NYG,Dexter Lawrence,DL,ACT,1997-11-12,2,00-0035683,4035483,31849,LawrDe03,25991,5847
2021,21,KC,Deandre Baker,DB,INA,1997-09-04,2,00-0035684,3915163,31862,BakeDe00,33356,5852
2021,18,CHI,David Montgomery,RB,ACT,1997-06-07,2,00-0035685,4035538,31905,MontDa01,45719,5892
2021,18,MIA,Michael Deiter,OL,ACT,1996-09-03,2,00-0035686,,,,,
2021,18,IND,Bobby Okereke,LB,ACT,1996-07-29,2,00-0035687,3117253,31921,OkerBo00,50954,5944
2021,18,LAC,Trey Pipkins,OL,ACT,1996-09-05,2,00-0035688,,,,,
2021,20,BUF,Dawson Knox,TE,ACT,1996-11-14,2,00-0035689,3930086,31928,KnoxDa00,35883,5906
2021,19,LV,Clelin Ferrell,DL,ACT,1997-05-17,2,00-0035692,3728258,31836,FerrCl00,25955,5842
2021,19,LV,Johnathan Abram,DB,RES,1996-10-25,2,00-0035693,3728305,31859,AbraJo01,34646,5860
2021,18,MIA,Greg Little,OL,RES,1997-11-04,2,00-0035694,,,,,
2021,19,LV,Trayvon Mullen,DB,RES,1997-09-20,2,00-0035695,4035458,31872,MullTr00,41968,5853
2021,18,CHI,Duke Shelley,DB,INA,1996-10-08,2,00-0035696,3916126,32037,ShelDu00,49569,6289
2021,22,CIN,Germaine Pratt,LB,ACT,1996-05-21,2,00-0035697,3116724,31904,PratGe00,29407,5894
2021,18,NYJ,Chuma Edoga,OL,ACT,1997-05-25,2,00-0035698,,,,,
2021,20,TB,Jamel Dean,DB,ACT,1996-10-15,2,00-0035699,3873935,31926,DeanJa00,34918,5946
2021,19,LV,Josh Jacobs,RB,ACT,1998-02-11,2,00-0035700,4047365,31856,JacoJo01,45953,5850
2021,18,DEN,Dalton Risner,OL,RES,1995-07-13,2,00-0035702,,,,,
2021,18,BAL,Miles Boykin,WR,ACT,1996-10-12,2,00-0035703,3932423,31925,BoykMi00,48209,5965
2021,18,DEN,Drew Lock,QB,ACT,1996-11-10,2,00-0035704,3924327,31874,LockDr00,39517,5854
2021,19,ARI,Jalen Thompson,DB,ACT,1998-07-18,2,00-0035705,4043089,32623,,49116,6711
2021,20,TB,Devin White,LB,ACT,1998-02-17,2,00-0035707,4035434,31837,WhitDe02,43089,6119
2021,18,NYG,Oshane Ximines,LB,ACT,1996-12-07,2,00-0035708,3123233,31927,XimiOs00,48538,6132
2021,18,NYG,Daniel Jones,QB,RES,1997-05-27,2,00-0035710,3917792,31838,JoneDa05,39395,5870
2021,18,CAR,Brian Burns,DL,ACT,1998-04-23,2,00-0035713,4035631,31848,BurnBr00,44522,5862
2021,18,BAL,Mazzi Wilkins,DB,DEV,1995-10-12,2,00-0035714,3139613,32628,,27582,6714
2021,21,KC,Derrick Gore,RB,INA,1994-12-13,2,00-0035715,3925346,32630,,32342,6753
2021,21,SF,Nick Bosa,DL,ACT,1997-10-23,2,00-0035717,4040605,31834,BosaNi00,42741,5816
2021,18,NYJ,Quinnen Williams,DL,ACT,1997-12-21,2,00-0035718,4040982,31835,WillQu00,44216,6118
2021,21,SF,Deebo Samuel,WR,ACT,1996-01-15,2,00-0035719,3126486,31868,SamuDe00,48274,5872
2021,1,CAR,Martez Ivey,OL,CUT,,2,00-0035724,,,,,
2021,19,NE,Jakob Johnson,RB,ACT,1994-12-15,2,00-0035726,3115349,31826,JohnJa12,32565,6202
2021,18,MIA,Durval Queiroz,DL,DEV,1992-08-27,2,00-0035727,,,,,
2021,20,BUF,Christian Wade,RB,E14,1991-05-15,2,00-0035728,4420894,31822,,92925,6196
2021,18,CAR,Jordan Ta'amu,QB,CUT,1997-12-10,2,00-0035735,4242418,32642,,60453,6730
2021,18,PIT,Cameron Nizialek,P,TRC,1995-03-10,3,00-0035742,3072765,32650,,,6739
2021,19,PHI,Brett Toth,OL,RES,1996-09-01,2,00-0035743,,,,,
2021,1,GB,Reggie Begelton,WR,CUT,1993-08-31,1,00-0035750,2974503,32664,,20052,6763
2021,18,BAL,Chris Streveler,QB,DEV,1995-01-06,1,00-0035752,3040206,32662,,46440,6778
2021,18,DEN,Jacob Bobenmoyer,LS,ACT,1997-05-28,1,00-0035757,,,,,
2021,18,CAR,Lirim Hajrullahu,K,ACT,1990-04-24,1,00-0035758,,,,,
2021,18,BAL,Jacques Patrick,RB,DEV,1997-01-07,1,00-0035760,3693033,32669,,,6108
2021,18,NO,Malcolm Roach,DL,ACT,1998-06-09,1,00-0035763,4039064,33118,,50191,7018
2021,18,NO,Calvin Throckmorton,OL,ACT,1996-08-16,1,00-0035764,,,,,
2021,22,CIN,Scotty Washington,TE,DEV,1997-07-26,1,00-0035769,,,,,
2021,22,CIN,Mitchell Wilcox,TE,ACT,1996-11-07,1,00-0035771,3923392,33171,,47234,6894
2021,18,CAR,Jordan Mack,LB,RET,,1,00-0035772,,,,,
2021,1,SEA,Cam Sutton,TE,DEV,,1,00-0035773,,,,,
2021,15,LA,Delrick Abrams,DB,DEV,1997-04-04,1,00-0035774,,,,,
2021,21,KC,Austin Edwards,DL,DEV,1997-08-27,1,00-0035779,,,,,
2021,18,DEN,Rojesterman Farris,DB,DEV,1997-09-11,1,00-0035780,,,,,
2021,18,DET,Juwan Green,WR,TRD,1998-07-01,1,00-0035782,,,,,
2021,22,LA,Tyler Hall,DB,DEV,1998-10-31,1,00-0035783,4048718,33058,,43958,7188
2021,20,BUF,Evin Ksiezarczyk,OL,DEV,1997-06-08,1,00-0035784,,,,,
2021,18,DET,Jared Pinkney,TE,ACT,1997-08-21,1,00-0035787,3915772,33064,,47214,6834
2021,12,TEN,Chris Rowland,WR,CUT,1997-12-19,1,00-0035789,4052137,33066,,,7175
2021,20,GB,Ray Wilborn,LB,DEV,1997-04-01,1,00-0035790,4361650,33067,,77573,7185
2021,1,ARI,Bryson Young,LB,CUT,,1,00-0035792,,,,,
2021,19,PIT,James Pierre,DB,RES,1996-09-16,1,00-0035795,4259252,32939,,60649,7419
2021,18,WAS,Tyler Clark,DL,DEV,1998-07-25,1,00-0035796,,,,,
2021,19,PIT,DeMarkus Acy,DB,RES,1998-04-29,1,00-0035801,,,,,
2021,21,SF,Darrion Daniels,DL,DEV,1997-12-04,1,00-0035802,3919607,33195,,48659,6975
2021,21,KC,Chris Finke,WR,RES,,1,00-0035803,,,,,
2021,18,DEN,Jonas Griffith,LB,ACT,1997-01-27,1,00-0035804,3908558,33197,,35858,7421
2021,21,SF,Jamycal Hasty,RB,ACT,1996-09-12,1,00-0035806,3928925,33199,HastJa02,25582,6996
2021,21,SF,Josh Hokit,RB,DEV,1997-11-12,1,00-0035807,,,,,
2021,19,PHI,Jared Mayden,DB,DEV,1998-06-24,1,00-0035808,4040975,33201,,43058,7027
2021,18,NYG,Niko Lalos,DL,DEV,1997-06-25,1,00-0035816,4030955,33051,,106295,7381
2021,22,LA,Kyle Markway,TE,DEV,1997-03-04,1,00-0035817,,,,,
2021,18,BAL,Binjimen Victor,WR,DEV,1997-01-15,1,00-0035819,4040628,33040,,42198,6939
2021,19,PIT,Corliss Waitman,P,CUT,1995-07-21,1,00-0035821,3125280,32942,,,7215
2021,21,CIN,Doug Costin,DL,CUT,1997-10-05,1,00-0035822,4038987,33122,,44473,7289
2021,18,MIN,Ben Ellefson,TE,ACT,1996-09-01,1,00-0035823,3930900,33124,ElleBe00,27766,7288
2021,1,LAC,Nate Evans,LB,CUT,1998-02-27,1,00-0035824,,,,,
2021,19,ARI,Tavien Feaster,RB,DEV,1997-12-31,1,00-0035825,4035470,33126,,40616,7103
2021,18,JAX,Josh Hammond,WR,ACT,1998-07-24,1,00-0035826,,,,,
2021,18,JAX,Ross Matiscik,LS,ACT,1996-09-13,1,00-0035827,,,,,
2021,18,CAR,Austen Pleasants,OL,DEV,1997-08-22,1,00-0035829,,,,,
2021,18,NYG,J.R. Reed,DB,ACT,1996-03-11,1,00-0035830,3917012,33135,,38339,7046
2021,18,JAX,James Robinson,RB,RES,1998-08-09,1,00-0035831,4052042,33138,RobiJa00,22425,6955
2021,18,JAX,Tre'Vour Wallace-Simms,OL,ACT,1997-09-25,1,00-0035832,,,,,
2021,18,JAX,Nathan Cottrell,RB,ACT,1996-08-02,1,00-0035835,3917812,33123,,45980,7466
2021,18,SEA,Matt Cole,WR,DEV,1996-11-07,1,00-0035838,4041703,33236,,113168,7352
2021,4,TB,Jonathan Hubbard,OL,CUT,1997-08-17,1,00-0035839,,,,,
2021,1,MIA,Kylan Johnson,LB,CUT,1996-12-23,1,00-0035840,,,,,
2021,18,MIA,Benito Jones,DL,DEV,1997-11-27,1,00-0035841,4035299,33239,,44035,6999
2021,18,MIA,Kirk Merritt,WR,DEV,1997-01-05,1,00-0035844,3915145,33242,,35096,7351
2021,1,MIA,Tyshun Render,DL,CUT,1997-03-28,1,00-0035845,3914456,33243,,,7356
2021,20,TB,Donell Stanley,OL,RES,1995-06-27,1,00-0035846,,,,,
2021,18,IND,DeMichael Harris,WR,DEV,1998-07-12,1,00-0035848,4374496,33215,,84418,7279
2021,18,IND,Rodrigo Blankenship,K,RES,1997-01-29,1,00-0035849,3915165,33211,,,7062
2021,18,IND,Kameron Cline,DL,DEV,1998-02-19,1,00-0035850,4041572,33212,,28668,7281
2021,18,IND,Farrod Green,TE,DEV,1997-06-10,1,00-0035852,,,,,
2021,18,IND,Carter O'Donnell,OL,DEV,1998-12-23,1,00-0035853,,,,,
2021,18,IND,Chris Williams,DL,ACT,1998-06-16,1,00-0035857,4034530,33220,,87178,7283
2021,1,MIA,Tino Ellis,DB,CUT,,1,00-0035858,,,,,
2021,18,NO,Blake Gillikin,P,ACT,1998-01-21,1,00-0035859,4045180,33112,,,7467
2021,18,NO,Tony Jones,RB,ACT,1997-11-24,1,00-0035860,4046676,33114,JoneTo04,40498,6984
2021,18,LAC,Essang Bassey,DB,CUT,1998-09-12,1,00-0035862,4037216,32932,,45258,6925
2021,18,DEN,Kendall Hinton,WR,ACT,1997-02-19,1,00-0035864,3700815,32929,HintKe00,34045,7210
2021,21,SF,Austin Mack,WR,DEV,1997-08-31,1,00-0035869,4040623,33039,,28070,6873
2021,18,NYG,Kyle Murphy,OL,RES,1998-05-18,1,00-0035870,,,,,
2021,19,ARI,Andre Baccellia,WR,DEV,1997-01-07,1,00-0035876,3886809,32943,,47901,7233
2021,18,TEN,Rodney Clemons,DB,CUT,1996-12-28,1,00-0035878,,,,,
2021,18,NYG,Omari Cobb,LB,DEV,1997-05-31,1,00-0035879,4043618,32953,,42867,7302
2021,18,MIA,Javaris Davis,DB,DEV,1996-12-26,1,00-0035880,,,,49432,6974
2021,19,NE,Yasir Durant,OL,ACT,1998-05-21,1,00-0035881,,,,,
2021,18,LAC,Maurice Ffrench,WR,DEV,1998-01-01,1,00-0035883,4036055,32944,,,7234
2021,21,SF,Lavert Hill,DB,DEV,1998-10-03,1,00-0035885,,,,,
2021,18,CAR,Jalen Julius,DB,CUT,1996-08-19,1,00-0035886,,,,,
2021,21,KC,Tommy Townsend,P,ACT,1996-11-12,1,00-0035889,3915398,32960,,33007,7307
2021,21,KC,Tershawn Wharton,DL,ACT,1998-06-25,1,00-0035890,4058925,32952,,40292,7301
2021,19,PIT,Cody White,WR,INA,1998-11-28,1,00-0035891,4241983,32948,,61448,7039
2021,21,KC,Darryl Williams,OL,DEV,1997-06-10,1,00-0035892,,,,,
2021,1,NO,Christian Montano,OL,CUT,,1,00-0035894,,,,,
2021,22,CIN,Joe Bachie,LB,RES,1998-02-26,1,00-0035895,4036507,33108,,43250,7014
2021,19,LV,Asmar Bilal,LB,CUT,1997-04-12,1,00-0035897,,,,,
2021,18,LAC,Darius Bradwell,RB,DEV,1997-05-15,1,00-0035898,4040640,32975,,46445,7316
2021,22,CIN,John Brannon,DB,DEV,1998-03-10,1,00-0035899,,,,,
2021,18,LAC,Cole Christiansen,LB,DEV,1997-07-30,1,00-0035900,4036959,32977,,43856,7329
2021,18,JAX,Jeff Cotton,WR,DEV,1997-04-17,1,00-0035901,,,,,
2021,18,LAC,Joe Gaziano,DL,INA,1996-09-27,1,00-0035903,3915990,32982,,27949,7325
2021,19,PIT,Nathan Gilliam,OL,DEV,1997-07-06,1,00-0035904,,,,,
2021,18,DET,Jessie Lemonier,DL,ACT,1997-01-31,1,00-0035906,4365493,32985,,82302,7324
2021,18,LAC,Gabe Nabers,RB,INA,1997-11-05,1,00-0035908,4035611,32987,,40117,7318
2021,18,MIN,T.J. Smith,DL,DEV,1997-04-19,1,00-0035910,3916917,32991,,36851,7327
2021,1,LAC,Donte Vaughn,DB,CUT,1997-10-12,1,00-0035911,,,,,
2021,14,DEN,LeVante Bellamy,RB,CUT,1996-11-28,1,00-0035912,3916721,32926,,45854,6959
2021,10,ATL,Ryan Becker,TE,CUT,1997-12-23,1,00-0035914,,,,,
2021,1,TB,Jake Benzinger,OL,CUT,,1,00-0035915,,,,,
2021,1,PIT,T.J. Carter,DL,CUT,,1,00-0035916,,,,,
2021,1,ARI,Reggie Walker,LB,CUT,1996-04-22,1,00-0035923,4046605,33086,,26885,7398
2021,19,ARI,Jonathan Ward,RB,INA,1997-09-30,1,00-0035924,4039274,33088,WardJo00,25859,7087
2021,18,NYG,Jarren Williams,DB,ACT,1997-07-18,1,00-0035925,3911073,33090,,,7170
2021,18,LAC,Breiden Fehoko,DL,ACT,1996-10-15,1,00-0035927,3674831,32980,,49589,7326
2021,18,DET,Eric Banks,DL,DEV,1998-01-30,1,00-0035928,4040703,33247,,45507,7341
2021,18,NO,Cohl Cabral,OL,DEV,1998-02-11,1,00-0035930,,,,,
2021,22,LA,Michael Hoecht,DL,ACT,1997-10-05,1,00-0035933,4033234,33252,,108840,7342
2021,18,MIN,Trishton Jackson,WR,DEV,1998-03-09,1,00-0035934,4046715,33253,,41247,7009
2021,22,LA,J.J. Koski,WR,DEV,1996-12-27,1,00-0035935,3910287,33254,,47918,7339
2021,10,CAR,Josh Love,QB,DEV,,1,00-0035937,,,,,
2021,22,LA,Bryce Perkins,QB,INA,1996-12-20,1,00-0035939,3675812,33258,,35299,7335
2021,22,LA,Christian Rozeboom,LB,ACT,1997-01-30,1,00-0035942,3909013,33261,,,7346
2021,22,LA,Jonah Williams,DL,DEV,1995-08-17,1,00-0035944,4032481,33263,,44597,7344
2021,18,SEA,Myles Adams,DL,DEV,1998-03-09,1,00-0035946,4039164,33131,,28430,7222
2021,21,KC,Omar Bayless,WR,RES,1996-12-15,1,00-0035947,3917166,33132,,,7080
2021,18,CAR,Myles Hartsfield,DB,ACT,1997-08-05,1,00-0035950,4035290,33139,,49159,7226
2021,18,CAR,Mike Horton,OL,DEV,1996-10-07,1,00-0035952,,,,,
2021,18,CAR,Giovanni Ricci,RB,ACT,1996-10-16,1,00-0035956,3916749,33151,,13756,7216
2021,18,DET,Rodney Smith,RB,TRC,1996-02-28,1,00-0035957,,33153,,26306,7101
2021,18,CAR,Sam Tecklenburg,OL,ACT,1997-01-31,1,00-0035958,,,,,
2021,17,KC,Dalton Schoen,WR,CUT,1996-10-13,1,00-0035960,,,,,
2021,20,GB,Krys Barnes,LB,ACT,1998-04-02,1,00-0035961,4035817,33221,,42548,7268
2021,20,GB,Henry Black,DB,ACT,1997-01-03,1,00-0035962,3928920,33222,,25687,7271
2021,20,GB,Tipa Galeai,DL,ACT,1997-02-26,1,00-0035965,3676832,33225,,50275,6981
2021,20,TB,Willington Previlon,DL,DEV,1997-05-19,1,00-0035969,,,,,
2021,18,CHI,Stanford Samuels,DB,DEV,1999-02-23,1,00-0035970,4240024,33231,,55893,6916
2021,19,PIT,Delontae Scott,DL,DEV,1997-01-21,1,00-0035971,,,,,
2021,15,ATL,Will Sunderland,DB,DEV,1996-09-11,1,00-0035972,,,,,
2021,20,GB,Patrick Taylor,RB,ACT,1998-04-29,1,00-0035973,4039358,33235,,40448,6963
2021,18,MIN,Jake Bargas,RB,DEV,1996-11-28,1,00-0035975,,,,,
2021,18,MIN,Dan Chisena,WR,ACT,1997-02-25,1,00-0035976,3929637,33023,,34061,7357
2021,18,IND,Quartney Davis,WR,RES,1998-04-07,1,00-0035978,4035221,33027,,39931,6879
2021,18,MIN,Myles Dorn,DB,ACT,1998-06-25,1,00-0035979,4037511,33029,,49299,7366
2021,19,KC,Nakia Griffin-Stewart,TE,DEV,1996-11-12,1,00-0035981,,,,,
2021,18,MIN,Blake Lynch,LB,ACT,1997-02-14,1,00-0035984,3892773,33034,,47621,7364
2021,18,NYG,David Moa,DL,DEV,1996-06-14,1,00-0035985,3127587,33035,,50012,7362
2021,1,SEA,Tommy Champion,OL,CUT,1997-03-04,1,00-0035986,,,,,
2021,18,SEA,Aaron Fuller,WR,ACT,1997-09-30,1,00-0035987,4039000,33267,,47537,6967
2021,18,DEN,Anthony Gordon,QB,DEV,1997-08-28,1,00-0035988,4055171,33266,,40119,6898
2021,18,NYG,Rysen John,TE,RES,1997-12-20,1,00-0035991,,,,,
2021,18,BAL,Trystan Colon,OL,ACT,1998-03-23,1,00-0035992,,,,,
2021,18,BAL,Tyler Huntley,QB,ACT,1998-02-03,1,00-0035993,4035671,32993,,46448,7083
2021,18,HOU,Grayland Arnold,DB,RES,1997-09-04,1,00-0035995,4035389,32961,,43528,7051
2021,18,JAX,Michael Jacquet,DB,DEV,1997-01-29,1,00-0035998,3917576,32964,,47826,7405
2021,19,PHI,Luke Juriga,OL,DEV,1997-06-07,1,00-0035999,,,,,
2021,18,DEN,Adrian Killins,RB,RES,1998-01-02,1,00-0036000,4042112,32966,,42425,7093
2021,18,NYJ,Elijah Riley,DB,ACT,1998-06-12,1,00-0036002,4036924,32968,,44440,7406
2021,19,PHI,Noah Togiai,TE,DEV,1997-07-06,1,00-0036005,3930298,32970,,47282,7404
2021,19,PHI,Raequan Williams,DL,DEV,1997-02-14,1,00-0036007,3929834,32973,,27300,6933
2021,18,DET,Hunter Bryant,TE,RES,1998-08-20,1,00-0036008,4243318,33186,,61072,6846
2021,18,DET,Jalen Elliott,DB,ACT,1998-07-07,1,00-0036010,4046680,33189,,51071,6902
2021,18,DET,Bobby Price,DB,ACT,1998-04-25,1,00-0036011,4030779,33190,,91112,7259
2021,19,PHI,Arryn Siposs,P,ACT,1992-11-25,1,00-0036013,4371989,33192,,,7261
2021,20,GB,Steven Wirtel,LS,ACT,1997-10-03,1,00-0036014,,,,,
2021,18,DEN,Zack Johnson,OL,DEV,1997-01-19,1,00-0036015,,,,,
2021,18,MIA,Salvon Ahmed,RB,INA,1998-12-29,1,00-0036020,4243315,33265,AhmeSa01,57472,6918
2021,18,NYJ,Zane Lewis,DB,RES,1998-04-06,1,00-0036021,,,,,
2021,18,DET,Steven Montez,QB,DEV,1997-01-14,1,00-0036022,3915436,33207,,46465,7013
2021,22,CIN,Thaddeus Moss,TE,DEV,1998-05-14,1,00-0036023,4036189,33208,,47191,6919
2021,18,DET,Darrin Paulo,OL,DEV,1997-03-05,1,00-0036024,,,,,
2021,18,HOU,Darius Anderson,RB,DEV,1997-09-10,1,00-0036027,4038533,33098,,45958,7038
2021,19,DAL,Francis Bernard,LB,ACT,1995-04-08,1,00-0036028,3932336,33105,,44722,7068
2021,18,HOU,Ron'Dell Carter,LB,INA,1997-07-03,1,00-0036029,3930024,33103,,36346,7253
2021,20,GB,Ladarius Hamilton,LB,DEV,1998-01-18,1,00-0036030,4039075,33104,,50192,6962
2021,19,DAL,Sean McKeon,TE,ACT,1997-12-28,1,00-0036032,4036275,33101,,42266,6964
2021,19,DAL,Sewo Olonilua,RB,RES,1997-11-27,1,00-0036033,4038539,33099,,45767,7055
2021,18,CAR,Aaron Parker,WR,DEV,1998-05-21,1,00-0036034,4032749,33095,,48124,7091
2021,19,DAL,Terence Steele,OL,ACT,1997-06-04,1,00-0036036,,,,,
2021,18,CAR,Sam Franklin,DB,ACT,1996-02-02,1,00-0036037,4044133,33137,,43580,7224
2021,18,NO,Juwan Johnson,TE,ACT,1996-09-13,1,00-0036040,3929645,33113,JohnJu02,28305,7002
2021,19,ARI,Jace Whittaker,DB,DEV,1995-07-16,1,00-0036043,3821572,33089,,50465,7169
2021,20,TB,Cam Gill,LB,ACT,1997-12-14,1,00-0036045,4034496,33272,,33560,7451
2021,19,ARI,Javon Hagan,DB,DEV,1997-02-22,1,00-0036046,,,,,
2021,11,DET,Travis Jonsen,WR,CUT,1996-10-16,1,00-0036047,,,,,
2021,20,TB,John Molchon,OL,DEV,1997-02-02,1,00-0036048,,,,,
2021,20,TB,Benning Potoa'e,DL,DEV,1996-09-17,1,00-0036050,3886826,33277,,50195,7456
2021,19,PHI,Reid Sinnett,QB,INA,1997-02-05,1,00-0036052,3926936,33279,,37397,7159
2021,12,CAR,Josh Avery,DL,CUT,1996-03-16,1,00-0036053,,,,,
2021,18,SEA,Gavin Heslop,DB,RES,1997-11-13,1,00-0036056,3912347,33283,,34321,7433
2021,18,SEA,Tyler Mabry,TE,ACT,1996-11-21,1,00-0036059,3916587,33286,,25705,7427
2021,18,SEA,Marcus Webb,LB,RES,1997-09-04,1,00-0036063,,,,,
2021,18,CHI,Auzoyah Alufohai,DL,DEV,1996-10-16,1,00-0036065,3911982,33156,,79271,7276
2021,1,TEN,Jan Johnson,LB,DEV,1996-04-09,1,00-0036067,,,,,
2021,18,JAX,Jamir Jones,LB,ACT,1998-06-14,1,00-0036068,,33159,,,7277
2021,18,HOU,Scottie Phillips,RB,RES,1997-10-06,1,00-0036069,4362878,33161,,83711,7005
2021,20,GB,Chauncey Rivers,LB,RES,1997-06-12,1,00-0036076,3915186,32996,,36669,7019
2021,22,LA,Juju Hughes,DB,CUT,1998-07-19,1,00-0036077,4040901,33296,,49545,7347
2021,22,LA,Xavier Jones,RB,RES,1997-08-24,1,00-0036078,3916209,33297,,,7088
2021,18,NO,Easop Winston,WR,DEV,1996-12-17,1,00-0036080,4245174,33299,,61812,7337
2021,18,BAL,Broderick Washington,DL,ACT,1996-12-04,1,00-0036081,3915837,32840,WashBr01,50049,7122
2021,19,LV,Nick Bowers,TE,INA,1996-05-26,1,00-0036083,3929633,33315,,36271,7308
2021,18,CAR,Madre Harper,DB,ACT,1997-10-13,1,00-0036084,4038440,,,49537,7312
2021,18,NYJ,Javin White,LB,ACT,1997-02-21,1,00-0036085,3921709,33318,,28987,7311
2021,18,DET,Rashod Berry,LB,ACT,1996-10-14,1,00-0036086,3915508,33024,,28071,7459
2021,19,NE,Myles Bryant,DB,ACT,1998-01-02,1,00-0036087,4039010,33319,,43336,6946
2021,18,WAS,De'Jon Harris,LB,ACT,1997-11-01,1,00-0036090,4035577,33321,,43858,7504
2021,18,NYG,Brian Lewerke,QB,ACT,1996-10-24,1,00-0036092,3929824,33015,,34412,7008
2021,19,NE,Bill Murray,DL,DEV,1997-07-03,1,00-0036093,,,,,
2021,19,NE,J.J. Taylor,RB,INA,1998-01-04,1,00-0036096,4039607,33028,TaylJJ01,25512,6973
2021,17,NYJ,Isaiah Zuber,WR,CUT,1997-04-15,1,00-0036100,3916129,33020,,26884,7458
2021,19,SF,Luq Barcoo,DB,DEV,1998-07-27,1,00-0036101,4361499,33115,,83079,7293
2021,18,HOU,Jordan Steckler,OL,DEV,1996-07-16,1,00-0036102,,,,,
2021,20,TB,John Hurst,WR,DEV,1996-11-02,1,00-0036104,,,,,
2021,20,TB,Nick Leverett,OL,ACT,1997-01-11,1,00-0036105,,,,,
2021,18,DET,Parnell Motley,DB,DEV,1997-10-28,1,00-0036106,4037647,33293,,42189,7449
2021,17,NYJ,Elijah Benton,DB,TRT,1996-09-05,1,00-0036109,,,,,
2021,18,CLE,Ja'Marcus Bradley,WR,ACT,1996-12-11,1,00-0036110,3917569,33302,,27003,7244
2021,1,WAS,Tony Brown,WR,CUT,1997-08-08,1,00-0036111,3915821,33303,,48344,7078
2021,18,CLE,A.J. Green,DB,ACT,1998-06-09,1,00-0036114,4038437,33306,,50394,6876
2021,18,CLE,Benny LeMay,RB,DEV,1997-10-18,1,00-0036117,4045702,33309,,57184,7048
2021,18,CLE,Jovante Moffatt,DB,DEV,1996-12-25,1,00-0036118,3914450,33310,,34207,7251
2021,5,ATL,George Obinna,LB,DEV,1996-08-23,1,00-0036119,,,,,
2021,18,CLE,Alex Taylor,OL,DEV,1997-04-21,1,00-0036120,,,,,
2021,20,TB,Brandon Walton,OL,DEV,1998-03-18,1,00-0036123,,,,,
2021,18,BAL,Khalil Dorsey,DB,RES,1998-03-31,1,00-0036124,4027919,33012,,27819,7200
2021,18,BAL,Jaylon Moore,WR,DEV,1997-07-01,1,00-0036125,,,,,
2021,18,SEA,Nigel Warrior,DB,ACT,1997-12-14,1,00-0036127,,33004,,42930,6986
2021,1,NO,Marcus Willoughby,DL,CUT,1998-07-26,1,00-0036128,,,,,
2021,18,IND,Eli Wolf,TE,DEV,1997-03-11,1,00-0036129,3915400,33007,,47286,7065
2021,18,BAL,Justin Madubuike,DL,ACT,1997-11-17,1,00-0036130,4035245,32741,MaduJu00,44304,6818
2021,18,MIA,Solomon Kindley,OL,ACT,1997-07-03,1,00-0036131,,,,,
2021,18,NYG,Ben Bredeson,OL,ACT,1998-02-20,1,00-0036132,,,,,
2021,18,BAL,James Proche,WR,INA,1996-09-20,1,00-0036133,3916204,32871,ProcJa00,48037,6957
2021,19,LV,Kamaal Seymour,OL,RES,1996-04-27,1,00-0036134,,,,,
2021,18,CAR,Azur Kamara,DL,INA,1998-09-26,1,00-0036137,,33106,,76843,7254
2021,18,ATL,Luther Kirk,DB,DEV,1996-11-07,1,00-0036138,,,,,
2021,19,DAL,Rico Dowdle,RB,RES,1998-06-14,1,00-0036139,4038815,33100,,40693,7021
2021,18,DET,Charlie Taumoepeau,TE,RES,1998-03-25,1,00-0036140,,,,,
2021,1,WAS,Isaiah Wright,WR,CUT,1997-01-13,1,00-0036142,4044121,33209,WrigIs01,40113,7407
2021,18,CLE,Lawrence Cager,WR,DEV,1997-08-20,1,00-0036145,3917849,33329,,34914,7106
2021,18,TEN,Shyheim Carter,DB,CUT,1997-12-15,1,00-0036147,,,,,
2021,18,NYJ,Javelin Guidry,DB,ACT,1998-08-06,1,00-0036149,4243250,33333,,56262,7392
2021,18,NYJ,Bryce Huff,DL,RES,1998-04-17,1,00-0036151,4039375,33335,,27128,7391
2021,18,NYJ,Lamar Jackson,DB,DEV,1998-04-13,1,00-0036152,4034849,33336,,50532,6994
2021,18,CHI,John Daka,DL,DEV,1997-12-07,1,00-0036155,,,,,
2021,18,ATL,Dom Maggio,P,DEV,1998-04-23,1,00-0036156,,33000,,,7202
2021,18,BAL,Kristian Welch,LB,ACT,1998-05-24,1,00-0036157,4036153,33005,,51283,7197
2021,18,BAL,J.K. Dobbins,RB,RES,1998-12-17,1,00-0036158,4241985,32725,DobbJK00,57366,6806
2021,19,NE,Josh Uche,LB,ACT,1998-09-18,1,00-0036159,4046528,32730,UcheJo00,27379,6921
2021,1,MIA,Jason Strowbridge,DL,CUT,1996-09-10,1,00-0036160,3895843,32824,StroJa02,48547,6830
2021,20,BUF,Tyler Bass,K,ACT,1997-02-14,1,00-0036162,3917232,32858,BassTy00,33010,7042
2021,19,NE,Justin Herron,OL,ACT,1995-11-27,1,00-0036163,,,,,
2021,1,TEN,Cassh Maluia,LB,CUT,1998-10-03,1,00-0036164,4048736,32874,MaluCa00,43524,7130
2021,20,BUF,Isaiah Hodgins,WR,DEV,1998-10-21,1,00-0036165,4242540,32877,HodgIs00,52130,6920
2021,20,BUF,Dane Jackson,DB,ACT,1996-11-29,1,00-0036166,3895791,32909,JackDa02,32989,6969
2021,18,NYG,Tae Crowder,LB,ACT,1997-03-12,1,00-0036167,3915171,32924,CrowTa00,35774,7155
2021,18,CAR,Dominik Eberle,K,DEV,1996-07-04,1,00-0036168,3932960,33352,,,7314
2021,1,BAL,Siaosi Mariner,WR,CUT,,1,00-0036169,,,,,
2021,18,CAR,Mike Panasiuk,OL,RES,1997-10-13,1,00-0036170,,,,,
2021,20,TEN,Aaron Brewer,OL,ACT,1997-10-28,1,00-0036171,,,,,
2021,20,TEN,Tommy Hudson,TE,RES,1997-02-22,1,00-0036173,3675550,33340,,47412,7439
2021,20,TEN,Brandon Kemp,OL,RES,1997-01-18,1,00-0036175,,,,,
2021,20,TEN,Mason Kinsey,WR,DEV,1998-08-29,1,00-0036176,4057082,33351,,115664,7436
2021,5,TEN,Tucker McCann,K,CUT,1997-11-10,1,00-0036177,4035098,33343,,,7446
2021,20,TB,Kobe Smith,DL,DEV,1998-06-23,1,00-0036180,4038840,33346,,28488,7444
2021,20,TEN,Teair Tart,DL,INA,1997-02-28,1,00-0036181,4374269,33347,,82261,7443
2021,20,TEN,Nick Westbrook-Ikhine,WR,ACT,1997-03-21,1,00-0036182,3929785,33348,WestNi00,47861,7496
2021,19,NE,Kristian Wilkerson,WR,INA,1997-01-10,1,00-0036183,3910176,33349,,28729,7438
2021,20,BUF,Reggie Gilliam,RB,ACT,1997-08-20,1,00-0036187,4039505,33357,,40951,7204
2021,20,BUF,Antonio Williams,RB,DEV,1997-10-22,1,00-0036188,4040629,33359,,40197,7203
2021,20,BUF,Josh Thomas,DB,INA,1996-11-19,1,00-0036189,3917159,33358,,36116,7208
2021,18,BAL,Aaron Crawford,DL,RES,1997-11-04,1,00-0036191,3895837,33008,,48721,7194
2021,20,BUF,A.J. Epenesa,DL,ACT,1998-09-15,1,00-0036192,4240585,32724,EpenAJ00,56369,6802
2021,19,NE,Anfernee Jennings,LB,RES,1997-09-01,1,00-0036193,3925350,32757,JennAn00,25449,6848
2021,19,NE,Devin Asiasi,TE,INA,1997-08-14,1,00-0036194,4046522,32761,AsiaDe00,40294,6956
2021,18,HOU,Charlie Heck,OL,ACT,1996-11-20,1,00-0036195,,,,,
2021,20,BUF,Gabriel Davis,WR,ACT,1999-03-01,1,00-0036196,4243537,32798,DaviGa01,55410,6943
2021,18,NYG,Jake Fromm,QB,ACT,1998-07-30,1,00-0036197,4240689,32837,FromJa00,60389,6822
2021,19,NE,Michael Onwenu,OL,ACT,1997-12-10,1,00-0036198,,,,,
2021,18,BAL,Geno Stone,DB,ACT,1999-04-19,1,00-0036199,4240575,32889,StonGe00,55967,6923
2021,18,CHI,Dieter Eiselen,OL,DEV,1996-06-10,1,00-0036202,,,,,
2021,22,CIN,Keandre Jones,LB,ACT,1997-09-24,1,00-0036203,4040621,33174,,28092,7474
2021,18,CHI,Lacale London,DL,DEV,1997-08-05,1,00-0036204,,,,,
2021,18,CHI,Ledarius Mack,DL,DEV,1996-10-03,1,00-0036205,4257195,33176,,,7160
2021,18,CLE,Artavis Pierce,RB,DEV,1996-05-17,1,00-0036208,4042808,33179,,45749,7227
2021,18,ATL,Rashad Smith,LB,DEV,1997-04-20,1,00-0036209,4040762,33180,,43811,7232
2021,18,JAX,Badara Traore,OL,ACT,1997-03-12,1,00-0036210,,,,,
2021,18,MIA,Tua Tagovailoa,QB,ACT,1998-03-02,1,00-0036212,4241479,32675,TagoTu00,60326,6768
2021,18,MIA,Raekwon Davis,DL,ACT,1997-06-10,1,00-0036213,4040965,32726,DaviRa03,44582,6831
2021,18,BAL,Tyre Phillips,OL,RES,1997-01-29,1,00-0036214,,,,,
2021,18,IND,Danny Pinter,OL,ACT,1996-06-19,1,00-0036215,,,,,
2021,18,CLE,Curtis Weaver,DL,ACT,1998-08-03,1,00-0036216,4048257,32834,WeavCu00,43751,6854
2021,18,MIA,Blake Ferguson,LS,ACT,1997-04-21,1,00-0036217,,,,,
2021,18,NO,Marquez Callaway,WR,ACT,1998-03-27,1,00-0036219,4035170,33109,CallMa01,42295,6989
2021,18,CAR,Derrick Brown,DL,ACT,1998-04-15,1,00-0036220,4035495,32677,BrowDe05,43883,6784
2021,18,MIA,Brandon Jones,DB,ACT,1998-04-02,1,00-0036221,4039059,32740,JoneBr06,43049,6911
2021,18,IND,Isaiah Rodgers,DB,ACT,1998-01-07,1,00-0036222,4044540,32881,RodgIs00,27069,7133
2021,18,IND,Jonathan Taylor,RB,ACT,1999-01-19,1,00-0036223,4242335,32711,TaylJo02,57488,6813
2021,18,HOU,Jonathan Greenard,DL,ACT,1997-05-25,1,00-0036224,3916409,32760,GreeJo04,48407,6900
2021,19,NE,Dalton Keene,TE,RES,1999-04-14,1,00-0036225,4240861,32771,KeenDa00,61068,7082
2021,18,SEA,Jacob Eason,QB,INA,1997-11-17,1,00-0036226,4035003,32792,EasoJa00,46444,6823
2021,18,IND,Robert Windsor,DL,RES,1997-01-15,1,00-0036227,3929658,32863,WindRo01,28310,6893
2021,18,IND,Dezmon Patmon,WR,INA,1998-08-06,1,00-0036228,4054085,32882,PatmDe00,48329,6985
2021,18,IND,Jordan Glasgow,LB,ACT,1996-06-28,1,00-0036229,3929928,32883,GlasJo00,34816,7134
2021,21,KC,Prince Tega Wanogho,OL,INA,1997-11-22,1,00-0036230,,,,,
2021,19,NE,Kyle Dugger,DB,ACT,1996-03-22,1,00-0036231,4401811,32710,DuggKy00,90621,6872
2021,18,CLE,Harrison Bryant,TE,ACT,1998-04-23,1,00-0036232,4040774,32785,BryaHa00,26394,6850
2021,18,CLE,Donovan Peoples-Jones,WR,ACT,1999-02-19,1,00-0036233,4258195,32857,PeopDo00,61439,6824
2021,18,DET,Logan Stenberg,OL,RES,1997-03-18,1,00-0036234,,,,,
2021,18,JAX,Shaquille Quarterman,LB,ACT,1997-10-28,1,00-0036235,4037468,32810,QuarSh00,51048,6997
2021,18,CLE,Nick Harris,OL,ACT,1998-11-13,1,00-0036236,,,,,
2021,20,TEN,Larrell Murchison,DL,INA,1997-04-24,1,00-0036237,4240123,32844,MurcLa00,57004,6887
2021,18,DET,John Penisini,DL,ACT,1997-05-31,1,00-0036238,4243257,32867,PeniJo00,57037,7128
2021,20,GB,Jonathan Garvin,LB,INA,1999-07-28,1,00-0036239,4240655,32912,GarvJo00,56703,6965
2021,20,TEN,Chris Jackson,DB,ACT,1998-04-13,1,00-0036240,4043605,32913,JackCh01,42512,7150
2021,18,NYJ,Bryce Hall,DB,ACT,1997-11-05,1,00-0036241,4037584,32828,HallBr02,42313,6833
2021,20,GB,Simon Stepaniak,OL,RET,1997-05-15,1,00-0036242,,,,,
2021,20,GB,Vernon Scott,DB,INA,1997-09-11,1,00-0036243,4038538,32906,ScotVe00,43076,7146
2021,18,SEA,Colby Parkinson,TE,ACT,1999-01-07,1,00-0036244,4242557,32803,ParkCo02,52266,6865
2021,19,NE,Malcolm Perry,RB,RES,1997-04-19,1,00-0036245,4039436,32916,PerrMa00,46513,7109
2021,20,GB,Jon Runyan,OL,ACT,1997-08-08,1,00-0036246,,,,,
2021,18,SEA,Freddie Swain,WR,ACT,1998-08-04,1,00-0036247,4034950,32884,SwaiFr00,26448,7135
2021,18,MIA,Austin Jackson,OL,ACT,1999-08-11,1,00-0036248,,,,,
2021,18,DET,Julian Okwara,LB,ACT,1997-12-27,1,00-0036249,4046690,32737,OkwaJu00,44152,6851
2021,20,GB,Tyler Davis,TE,ACT,1997-04-02,1,00-0036250,3914240,32876,DaviTy02,47743,7131
2021,20,BUF,Zack Moss,RB,ACT,1997-12-15,1,00-0036251,4035676,32756,MossZa00,40341,6845
2021,18,IND,Michael Pittman,WR,ACT,1997-10-05,1,00-0036252,4035687,32704,PittMi01,29049,6819
2021,18,IND,Julian Blackmon,DB,RES,1998-08-24,1,00-0036253,4035661,32755,BlacJu01,49434,7044
2021,18,NYG,Collin Johnson,WR,ACT,1997-09-23,1,00-0036254,4039043,32835,JohnCo01,47808,6857
2021,18,NYJ,Denzel Mims,WR,ACT,1997-10-10,1,00-0036255,4035403,32729,MimsDe00,47800,6849
2021,21,SF,Colton McKivitz,OL,ACT,1996-08-09,1,00-0036256,,,,,
2021,18,DET,Jonah Jackson,OL,ACT,1997-02-05,1,00-0036258,,,,,
2021,21,SF,Jauan Jennings,WR,ACT,1997-07-10,1,00-0036259,3886598,32887,JennJa00,48027,7049
2021,21,SF,Javon Kinlaw,DL,RES,1997-10-03,1,00-0036260,4259491,32684,KinlJa00,56834,6792
2021,21,SF,Brandon Aiyuk,WR,ACT,1998-03-17,1,00-0036261,4360438,32695,AiyuBr00,84109,6803
2021,18,JAX,Davon Hamilton,DL,ACT,1997-02-01,1,00-0036262,3915520,32743,HamiDa02,28072,6972
2021,18,NYJ,Cameron Clark,OL,RES,1997-11-16,1,00-0036263,,,,,
2021,20,GB,Jordan Love,QB,ACT,1998-11-02,1,00-0036264,4036378,32696,LoveJo03,40306,6804
2021,20,GB,A.J. Dillon,RB,ACT,1998-05-02,1,00-0036265,4239934,32732,DillAJ00,57165,6828
2021,18,CLE,Jordan Elliott,DL,ACT,1997-11-23,1,00-0036266,4039052,32758,ElliJo02,56734,6841
2021,18,CLE,Jedrick Wills,OL,ACT,1999-05-17,1,00-0036267,,,,,
2021,18,JAX,Laviska Shenault,WR,ACT,1998-10-05,1,00-0036268,4243160,32712,ShenLa00,61220,6814
2021,18,NYJ,La'Mical Perine,RB,INA,1998-01-30,1,00-0036269,4034952,32790,PeriLa00,26408,6908
2021,18,CAR,Kamal Martin,LB,INA,1998-06-17,1,00-0036270,4034781,32845,MartKa01,12744,6890
2021,19,PHI,Quez Watkins,WR,ACT,1998-06-09,1,00-0036271,4050373,32870,WatkQu00,61664,6927
2021,18,JAX,Ben Bartch,OL,ACT,1998-07-22,1,00-0036272,,,,,
2021,20,GB,Jake Hanson,OL,ACT,1997-04-29,1,00-0036273,,,,,
2021,18,DET,Jeff Okudah,DB,RES,1999-02-02,1,00-0036274,4241984,32673,OkudJe00,55674,6785
2021,18,DET,D'Andre Swift,RB,ACT,1999-01-14,1,00-0036275,4259545,32705,SwifDA00,57212,6790
2021,18,CLE,Jacob Phillips,LB,ACT,1999-04-01,1,00-0036276,4242206,32767,PhilJa01,57942,7006
2021,18,DET,Quintez Cephus,WR,RES,1998-04-01,1,00-0036277,4035793,32836,CephQu00,29614,6895
2021,19,PHI,Jason Huntley,RB,INA,1998-04-20,1,00-0036278,4040790,32842,HuntJa01,45693,7107
2021,18,MIN,Nate Stanley,QB,RES,1997-08-26,1,00-0036279,4036149,32914,StanNa00,,6892
2021,18,BAL,Malik Harrison,LB,ACT,1998-03-05,1,00-0036280,4040615,32768,HarrMa06,28081,6867
2021,18,CAR,C.J. Henderson,DB,ACT,1998-09-30,1,00-0036281,4240596,32679,HendCJ00,55593,6791
2021,18,CLE,Grant Delpit,DB,ACT,1998-09-20,1,00-0036282,4242208,32714,DelpGr00,60685,6799
2021,18,CAR,Kenny Robinson,DB,ACT,1999-01-08,1,00-0036283,4241889,32822,RobiKe02,60789,7119
2021,18,NYJ,Mekhi Becton,OL,RES,1999-04-18,1,00-0036284,,,,,
2021,18,ATL,A.J. Terrell,DB,ACT,1998-09-23,1,00-0036285,4239995,32686,TerrAJ00,55586,6836
2021,18,JAX,K'Lavon Chaisson,LB,RES,1999-07-25,1,00-0036286,4242205,32690,ChaiKL00,57945,6800
2021,18,MIA,Noah Igbinoghene,DB,RES,1999-11-27,1,00-0036287,4242516,32700,IgbiNo00,61155,6817
2021,18,CAR,Yetur Gross-Matos,DL,RES,1998-02-26,1,00-0036288,4259594,32707,GrosYe00,56444,6812
2021,18,HOU,Ross Blacklock,DL,ACT,1998-07-09,1,00-0036289,4038557,32709,BlacRo00,44526,6795
2021,18,CHI,Cole Kmet,TE,ACT,1999-03-10,1,00-0036290,4258595,32713,KmetCo00,60995,6826
2021,18,ATL,Marlon Davidson,DL,ACT,1998-05-11,1,00-0036291,4035494,32717,DaviMa01,48741,6838
2021,18,CHI,Jaylon Johnson,DB,ACT,1999-04-19,1,00-0036292,4243253,32720,JohnJa13,56259,6839
2021,18,CAR,Jeremy Chinn,DB,INA,1998-02-26,1,00-0036293,4043169,32734,ChinJe00,43179,7016
2021,22,CIN,Logan Wilson,LB,ACT,1996-07-08,1,00-0036294,3918330,32735,WilsLo00,29623,6880
2021,18,ATL,Matt Hennessy,OL,ACT,1997-11-17,1,00-0036295,,,,,
2021,18,NYJ,Jabari Zuniga,DL,INA,1997-08-14,1,00-0036296,3915123,32749,ZuniJa00,26449,6897
2021,20,TEN,Darrynton Evans,RB,RES,1998-07-09,1,00-0036297,4036431,32763,EvanDa02,40692,7064
2021,22,CIN,Akeem Davis-Gaither,LB,RES,1997-09-21,1,00-0036298,3917142,32777,DaviAk01,34788,6860
2021,18,CAR,Troy Pride,DB,RES,1998-01-19,1,00-0036299,4046679,32783,PridTr00,42883,6856
2021,18,ATL,Mykal Walker,LB,ACT,1997-08-28,1,00-0036300,4243009,32789,WalkMy00,57834,7012
2021,18,IND,James Morgan,QB,DEV,1997-02-28,1,00-0036301,3914395,32795,MorgJa00,,7081
2021,18,ATL,Jaylinn Hawkins,DB,ACT,1997-08-27,1,00-0036302,3858276,32804,HawkJa00,51423,7058
2021,19,PHI,Josiah Scott,DB,ACT,1999-04-05,1,00-0036303,4241977,32807,ScotJo00,55634,6935
2021,18,SEA,John Reid,DB,INA,1996-05-15,1,00-0036304,3929653,32811,ReidJo00,49381,7052
2021,18,CHI,Trevis Gipson,LB,ACT,1997-06-13,1,00-0036305,3917016,32825,GipsTr00,35241,7120
2021,18,JAX,Daniel Thomas,DB,ACT,1998-07-01,1,00-0036306,4035505,32827,ThomDa07,42544,7053
2021,18,CHI,Kindle Vildor,DB,ACT,1997-12-11,1,00-0036307,4036651,32833,VildKi00,49346,6928
2021,18,CHI,Isaiah Coulter,WR,DEV,1998-09-18,1,00-0036308,4248504,32841,CoulIs00,55307,7085
2021,18,CHI,Darnell Mooney,WR,ACT,1997-10-29,1,00-0036309,4040655,32843,MoonDa00,48236,7090
2021,22,CIN,Hakeem Adeniji,OL,ACT,1997-12-08,1,00-0036310,,,,,
2021,18,CAR,Bravvion Roy,DL,ACT,1996-10-18,1,00-0036311,4035407,32854,RoyxBr00,25644,7124
2021,18,MIA,Jake Luton,QB,DEV,1996-04-11,1,00-0036312,3124900,32859,LutoJa00,17287,7084
2021,18,NYJ,Braden Mann,P,ACT,1997-11-24,1,00-0036313,4035239,32861,MannBr01,,6950
2021,22,CIN,Markus Bailey,LB,ACT,1997-03-07,1,00-0036314,3917992,32885,BailMa01,49681,6891
2021,18,CAR,Stantley Thomas-Oliver,DB,ACT,1998-06-04,1,00-0036315,4046353,32891,ThomSt00,,7137
2021,18,JAX,Chris Claybrooks,DB,ACT,1997-07-17,1,00-0036316,4371737,32893,ClayCh02,76692,7138
2021,18,CHI,Arlington Hambright,OL,DEV,1996-01-30,1,00-0036317,,,,,
2021,18,CHI,Lachavious Simmons,OL,INA,1996-09-26,1,00-0036318,,,,,
2021,19,TB,Sterling Hofrichter,P,DEV,1996-12-05,1,00-0036319,3916449,32898,HofrSt00,33541,7141
2021,18,JAX,Joseph Charlton,P,ACT,1997-04-07,1,00-0036320,3924357,33360,,33672,6936
2021,18,WAS,Chase Young,DL,RES,1999-04-14,1,00-0036321,4241986,32672,YounCh04,56436,6782
2021,18,MIN,Justin Jefferson,WR,ACT,1999-06-16,1,00-0036322,4262921,32692,JeffJu00,61398,6794
2021,18,BAL,Patrick Queen,LB,ACT,1999-08-13,1,00-0036323,4242207,32698,QueePa00,57941,6807
2021,18,MIA,Robert Hunt,OL,ACT,1996-08-25,1,00-0036325,,,,,
2021,19,PIT,Chase Claypool,WR,ACT,1998-07-07,1,00-0036326,4046692,32719,ClayCh01,42312,6886
2021,18,MIN,Ezra Cleveland,OL,ACT,1998-05-08,1,00-0036327,,,,,
2021,18,WAS,Antonio Gibson,RB,ACT,1998-06-23,1,00-0036328,4360294,32736,GibsAn00,78050,6945
2021,18,NYJ,Ashtyn Davis,DB,ACT,1996-10-10,1,00-0036329,3858271,32738,DaviAs00,49560,6855
2021,18,MIN,Cameron Dantzler,DB,ACT,1998-09-03,1,00-0036330,4035385,32759,DantCa00,42472,6871
2021,18,BAL,Devin Duvernay,WR,ACT,1997-09-12,1,00-0036331,4039050,32762,DuveDe00,40006,6847
2021,20,GB,Josiah Deguara,TE,ACT,1997-02-14,1,00-0036332,3914151,32764,DeguJo00,47034,7050
2021,19,PIT,Alex Highsmith,LB,ACT,1997-08-07,1,00-0036333,4037333,32772,HighAl02,43507,7113
2021,18,WAS,Saahdiq Charles,OL,INA,1999-07-26,1,00-0036334,,,,,
2021,18,MIN,D.J. Wonnum,DL,ACT,1997-10-31,1,00-0036335,4038849,32787,WonnDJ00,44550,6868
2021,19,PIT,Anthony McFarland,RB,INA,1999-03-04,1,00-0036336,4241941,32794,McFaAn00,57289,6878
2021,18,MIN,James Lynch,DL,ACT,1999-01-20,1,00-0036337,4259181,32800,LyncJa00,56962,6858
2021,18,MIN,Troy Dye,LB,ACT,1996-09-18,1,00-0036338,4038946,32802,DyexTr00,28251,6941
2021,19,PIT,Kevin Dotson,OL,RES,1996-09-18,1,00-0036339,,,,,
2021,18,WAS,Antonio Gandy-Golden,WR,DEV,1998-04-11,1,00-0036340,4029893,32812,GandAn00,39993,6906
2021,22,CIN,Khalid Kareem,DL,ACT,1998-04-28,1,00-0036341,4039029,32817,KareKh00,42993,6864
2021,18,WAS,Keith Ismael,OL,ACT,1998-07-25,1,00-0036342,,,,,
2021,18,WAS,Khaleke Hudson,LB,RES,1997-12-06,1,00-0036343,4046525,32832,HudsKh00,49073,6937
2021,18,MIN,Harrison Hand,DB,RES,1998-11-12,1,00-0036344,4259170,32839,HandHa00,55576,6961
2021,18,MIN,K.J. Osborn,WR,ACT,1997-06-10,1,00-0036345,3916566,32846,OsboKJ00,23503,7066
2021,22,LA,Antoine Brooks,DB,DEV,1997-10-28,1,00-0036346,4036213,32868,BrooAn00,49751,6917
2021,18,MIN,Blake Brandel,OL,ACT,1997-01-23,1,00-0036347,,,,,
2021,18,MIN,Josh Metellus,DB,ACT,1998-01-21,1,00-0036348,4046537,32875,MeteJo00,43395,6901
2021,18,WAS,Kamren Curl,DB,ACT,1999-03-03,1,00-0036349,4242154,32886,CurlKa00,55800,7136
2021,18,MIN,Kenny Willekes,DL,ACT,1997-07-22,1,00-0036350,3929833,32895,WillKe06,35624,6874
2021,18,WAS,James Smith-Williams,DL,ACT,1997-07-30,1,00-0036351,3686690,32899,SmitJa08,48455,7024
2021,19,PIT,Carlos Davis,DL,INA,1996-08-22,1,00-0036352,3699462,32902,DaviCa03,48662,6995
2021,18,MIN,Kyle Hinton,OL,DEV,1998-02-27,1,00-0036354,,,,,
2021,18,LAC,Justin Herbert,QB,ACT,1998-03-10,1,00-0036355,4038941,32676,HerbJu00,28237,6797
2021,19,ARI,Isaiah Simmons,LB,ACT,1998-07-26,1,00-0036356,4035462,32678,SimmIs00,42451,6781
2021,9,LV,Henry Ruggs,WR,CUT,1999-01-24,1,00-0036357,4241475,32682,RuggHe00,61102,6789
2021,19,DAL,CeeDee Lamb,WR,ACT,1999-04-08,1,00-0036358,4241389,32687,LambCe00,61570,6786
2021,21,KC,Damon Arnette,DB,CUT,1996-09-02,1,00-0036359,3915506,32689,ArneDa00,28080,6840
2021,21,KC,Clyde Edwards-Helaire,RB,ACT,1999-04-11,1,00-0036360,4242214,32702,EdwaCl00,57279,6820
2021,19,DAL,Trevon Diggs,DB,ACT,1998-09-20,1,00-0036361,4040966,32721,DiggTr00,41817,6809
2021,21,KC,Willie Gay,LB,ACT,1998-02-15,1,00-0036362,4259804,32733,GayJWi00,57987,7023
2021,19,ARI,Josh Jones,OL,ACT,1997-06-22,1,00-0036363,,,,,
2021,18,MIA,Lynn Bowden,RB,RES,1997-10-14,1,00-0036364,4259979,32750,BowdLy00,61361,6909
2021,19,LV,Bryan Edwards,WR,ACT,1998-11-13,1,00-0036365,4038818,32751,EdwaBr01,28486,6870
2021,19,DAL,Neville Gallimore,DL,ACT,1997-01-17,1,00-0036366,3892883,32752,GallNe00,28094,6825
2021,21,KC,Lucas Niang,OL,RES,1998-08-19,1,00-0036367,,,,,
2021,18,SEA,Tanner Muse,LB,ACT,1996-09-06,1,00-0036368,3728263,32770,MuseTa00,35997,6990
2021,19,LV,John Simpson,OL,ACT,1997-08-19,1,00-0036369,,,,,
2021,18,LAC,Joshua Kelley,RB,ACT,1997-11-20,1,00-0036370,3910544,32782,KellJo01,13750,7045
2021,19,ARI,Leki Fotu,DL,ACT,1998-08-23,1,00-0036371,4035666,32784,FotuLe00,44614,6948
2021,19,DAL,Reggie Robinson,DB,RES,1997-04-14,1,00-0036372,3917006,32793,RobiRe00,13094,7114
2021,19,ARI,Rashard Lawrence,DL,ACT,1998-08-27,1,00-0036373,4035452,32801,LawrRa01,44515,7004
2021,21,KC,L'Jarius Sneed,DB,ACT,1997-01-21,1,00-0036374,4040432,32808,SneeLJ00,40588,7117
2021,19,LV,Amik Robertson,DB,INA,1998-07-06,1,00-0036375,4239694,32809,RobeAm00,55619,6896
2021,19,DAL,Tyler Biadasz,OL,ACT,1997-11-20,1,00-0036376,,,,,
2021,18,LAC,Joe Reed,WR,DEV,1998-01-04,1,00-0036377,4037591,32821,ReedJo03,40221,6913
2021,21,KC,Michael Danna,DL,ACT,1997-12-01,1,00-0036378,3915487,32847,DannMi00,48415,6958
2021,19,DAL,Bradlee Anae,DL,DEV,1998-01-17,1,00-0036379,4035660,32849,AnaeBr00,43982,6827
2021,18,LAC,Alohi Gilman,DB,ACT,1997-09-17,1,00-0036380,4039413,32856,GilmAl00,41662,7069
2021,1,ARI,Evan Weaver,LB,CUT,1998-08-11,1,00-0036381,4035875,32872,WeavEv00,,7040
2021,18,LAC,K.J. Hill,WR,DEV,1997-09-15,1,00-0036382,3915522,32890,HillKJ00,28025,6866
2021,19,ARI,Eno Benjamin,RB,ACT,1999-04-13,1,00-0036383,4242873,32892,BenjEn00,57136,6951
2021,19,DAL,Ben DiNucci,QB,DEV,1996-11-24,1,00-0036384,3895785,32901,DiNuBe00,34311,7143
2021,18,CHI,Thakarius Keyes,DB,DEV,1997-11-09,1,00-0036385,4040652,32907,KeyeTh00,43467,7147
2021,18,NYG,Andrew Thomas,OL,ACT,1999-01-22,1,00-0036386,,,,,
2021,19,PHI,Jalen Reagor,WR,ACT,1999-01-02,1,00-0036387,4241802,32691,ReagJa00,61697,6798
2021,18,NYG,Xavier McKinney,DB,ACT,1999-08-09,1,00-0036388,4241470,32706,McKiXa00,55775,6788
2021,19,PHI,Jalen Hurts,QB,ACT,1998-08-07,1,00-0036389,4040715,32723,HurtJa00,40291,6904
2021,18,DEN,Michael Ojemudia,DB,ACT,1997-09-12,1,00-0036390,3894830,32747,OjemMi00,50327,6983
2021,18,DEN,Lloyd Cushenberry,OL,ACT,1997-11-22,1,00-0036391,,,,,
2021,18,NYG,Matt Peart,OL,RES,1997-06-11,1,00-0036392,,,,,
2021,19,PHI,Davion Taylor,LB,RES,1998-08-05,1,00-0036393,4360645,32773,TaylDa01,81991,6912
2021,18,NYG,Darnay Holmes,DB,RES,1998-06-23,1,00-0036394,4242973,32780,HolmDa01,56247,6882
2021,19,PHI,K'Von Wallace,DB,ACT,1997-07-25,1,00-0036395,4035463,32797,WallKV00,42467,6947
2021,19,PHI,Jack Driscoll,OL,RES,1997-04-01,1,00-0036396,,,,,
2021,18,NYG,Shane Lemieux,OL,RES,1997-05-12,1,00-0036397,,,,,
2021,19,PHI,John Hightower,WR,DEV,1996-05-31,1,00-0036398,4373673,32838,HighJo00,84142,7086
2021,18,DEN,Netane Muti,OL,ACT,1999-03-27,1,00-0036399,,,,,
2021,18,NYG,Cam Brown,LB,ACT,1998-04-01,1,00-0036400,4045165,32852,BrowCa01,42516,7020
2021,19,PHI,Shaun Bradley,LB,ACT,1997-04-08,1,00-0036401,4038902,32866,BradSh00,42632,7127
2021,18,NYG,Carter Coughlin,LB,RES,1997-07-20,1,00-0036402,4034766,32888,CougCa00,43498,7011
2021,18,WAS,Casey Toohill,DL,ACT,1996-08-21,1,00-0036403,3931408,32903,ToohCa00,38472,7030
2021,18,NYG,T.J. Brunson,LB,RES,1997-12-03,1,00-0036404,4038811,32908,BrunTJ00,44198,7148
2021,20,TEN,Chris Williamson,DB,RES,1997-05-19,1,00-0036405,3915122,32917,WillCh07,49490,7151
2021,20,TB,Tristan Wirfs,OL,INA,1999-01-24,1,00-0036406,,,,,
2021,18,DEN,Jerry Jeudy,WR,ACT,1999-04-24,1,00-0036407,4241463,32685,JeudJe00,61103,6783
2021,18,NO,Cesar Ruiz,OL,ACT,1999-06-14,1,00-0036408,,,,,
2021,18,SEA,Jordyn Brooks,LB,ACT,1997-10-21,1,00-0036409,4043130,32697,BrooJo01,50851,6949
2021,22,CIN,Tee Higgins,WR,ACT,1999-01-18,1,00-0036410,4239993,32703,HiggTe00,61211,6801
2021,20,TB,Antoine Winfield,DB,ACT,1998-08-16,1,00-0036411,4034790,32715,WinfAn00,42475,6888
2021,18,DEN,K.J. Hamler,WR,RES,1999-07-08,1,00-0036412,4240380,32716,HamlKJ00,61590,6805
2021,18,SEA,Darrell Taylor,DL,ACT,1997-03-24,1,00-0036413,3915396,32718,TaylDa00,36001,6910
2021,22,LA,Cam Akers,RB,ACT,1999-06-22,1,00-0036414,4240021,32722,AkerCa00,57206,6938
2021,22,LA,Van Jefferson,WR,ACT,1996-07-26,1,00-0036415,3930066,32727,JeffVa00,47447,6853
2021,20,TEN,Kristian Fulton,DB,ACT,1998-09-03,1,00-0036416,4035433,32731,FultKr00,42894,6829
2021,18,SEA,Damien Lewis,OL,ACT,1997-03-21,1,00-0036417,,,,,
2021,18,NO,Zack Baun,LB,ACT,1996-12-30,1,00-0036418,3917657,32744,BaunZa00,34632,6815
2021,22,LA,Terrell Lewis,LB,INA,1998-08-25,1,00-0036419,4040968,32754,LewiTe00,42845,6837
2021,18,DEN,McTelvin Agim,DL,INA,1997-09-25,1,00-0036420,4035566,32765,AgimMc00,43069,7111
2021,22,LA,Terrell Burgess,DB,ACT,1998-11-12,1,00-0036421,4035663,32774,BurgTe00,45255,7036
2021,18,NO,Adam Trautman,TE,ACT,1997-02-05,1,00-0036422,3911853,32775,TrauAd00,109795,6869
2021,18,DEN,Albert Okwuegbunam,TE,ACT,1998-04-25,1,00-0036423,4035115,32788,OkwuAl00,41933,6843
2021,22,LA,Brycen Hopkins,TE,ACT,1997-03-27,1,00-0036424,3918003,32806,HopkBr01,47338,6926
2021,18,SEA,DeeJay Dallas,RB,ACT,1998-09-16,1,00-0036425,4240631,32814,DallDe00,55632,6931
2021,18,SEA,Alton Robinson,DL,RES,1998-06-02,1,00-0036426,4254276,32818,RobiAl03,56857,6915
2021,20,TB,Tyler Johnson,WR,ACT,1998-08-25,1,00-0036427,2310331,32831,JohnTy00,48054,6960
2021,18,DEN,Justin Strnad,LB,ACT,1996-08-21,1,00-0036428,3919548,32848,StrnJu00,42659,6977
2021,21,SF,Charlie Woerner,TE,ACT,1997-10-16,1,00-0036429,4035020,32860,WoerCh00,42257,7075
2021,19,PIT,Khalil Davis,DL,DEV,1996-08-22,1,00-0036430,3699530,32864,DaviKh00,48988,7125
2021,22,LA,Jordan Fuller,DB,RES,1998-03-04,1,00-0036431,4040613,32869,FullJo01,45326,6968
2021,22,CIN,Clay Johnston,LB,ACT,1996-08-08,1,00-0036432,3928928,32904,JohnCl00,25685,7144
2021,18,JAX,Chapelle Russell,LB,RES,1997-01-20,1,00-0036434,3923413,32911,RussCh00,38876,7000
2021,22,LA,Raymond Calais,RB,RES,1998-04-02,1,00-0036435,,32915,CalaRa00,45828,6988
2021,19,PIT,Sam Sloman,K,DEV,1997-09-19,1,00-0036436,4038994,32918,SlomSa00,,7152
2021,22,LA,Tremayne Anchrum,OL,INA,1998-06-24,1,00-0036437,,,,,
2021,18,CAR,Stephen Sullivan,TE,ACT,1996-11-28,1,00-0036438,4035426,32921,SullSt00,40411,6970
2021,18,DEN,Tyrie Cleveland,WR,ACT,1997-09-20,1,00-0036439,4034964,32922,ClevTy00,42134,7032
2021,19,PIT,Derrek Tuszka,LB,ACT,1996-07-11,1,00-0036440,3930915,32923,TuszDe00,37724,7154
2021,18,LAC,Kenneth Murray,LB,ACT,1998-11-16,1,00-0036441,4241394,32693,MurrKe00,58099,6811
2021,22,CIN,Joe Burrow,QB,ACT,1996-12-10,1,00-0036442,3915511,32671,BurrJo01,28022,6770
2021,14,PIT,Rex Sunahara,LS,DEV,1996-10-09,1,00-0036443,,,,,
2021,18,DET,Jashon Cornell,DL,INA,1996-12-29,1,00-0036444,3873928,32905,CornJa01,28074,7145
2021,18,NYG,Isaiah Wilson,OL,CUT,1999-02-12,1,00-0036445,,,,,
2021,19,PHI,Matt Leo,DL,DEV,1992-05-08,1,00-0036446,,,,,
2021,18,WAS,David Bada,DL,DEV,1995-04-24,1,00-0036447,4686421,33185,,117753,7410
2021,19,DAL,Isaac Alarcon,OL,DEV,1998-07-27,1,00-0036448,,,,,
2021,18,NYG,Sandro Platzgummer,RB,DEV,1997-03-10,1,00-0036449,4683485,33188,,,7412
2021,20,TB,Ke'Shawn Vaughn,RB,ACT,1997-05-04,1,00-0036450,3917612,32746,VaugKe00,45866,6885
2021,6,CLE,Connor Davis,TE,CUT,1994-10-20,1,00-0036451,,,,,
2021,18,HOU,Paul Quessenberry,TE,DEV,1992-01-08,1,00-0036453,2575891,33364,,14811,7499
2021,20,GB,Dominique Dafney,TE,ACT,1997-06-03,1,00-0036456,4036129,33367,DafnDo00,62825,7502
2021,18,BAL,Ty'Son Williams,RB,ACT,1996-09-04,1,00-0036457,3895827,33006,WillTy01,38287,7098
2021,19,DAL,Hunter Niswander,P,RES,1994-11-26,1,00-0036458,3045246,,,29601,7516
2021,20,GB,Innis Gaines,DB,DEV,1998-08-29,1,00-0036462,,,,44443,7520
2021,18,GB,Chris Blair,WR,DEV,1997-10-06,1,00-0036463,,,,,
2021,20,GB,J.J. Molson,K,DEV,1997-04-03,1,00-0036464,,,,,
2021,18,DEN,Aaron Patrick,LB,ACT,1996-12-21,1,00-0036465,3908943,,,48558,7519
2021,1,CAR,Darius Clark,RB,CUT,,0,00-0036467,,,,,
2021,1,MIA,Kai Locksley,QB,DEV,,0,00-0036468,,,,,
2021,18,NYJ,Matt Ammendola,K,DEV,1996-12-11,0,00-0036469,3919602,33381,,,7617
2021,21,KC,Mathew Sexton,WR,RES,,0,00-0036471,,,,,
2021,18,WAS,Sammis Reyes,TE,INA,1995-10-19,0,00-0036474,,33386,,143769,7622
2021,1,SEA,Darece Roberson,WR,DEV,,0,00-0036475,,,,,
2021,1,NO,Shaq Smith,LB,CUT,,0,00-0036477,,,,,
2021,1,DET,Evan Heim,OL,DEV,,0,00-0036478,,,,,
2021,18,IND,Kwity Paye,DL,ACT,1998-11-19,0,00-0036479,4258194,33409,PayeKw00,56713,7633
2021,18,IND,Dayo Odeyingbo,DL,ACT,1999-09-24,0,00-0036480,4242659,,OdeyDa00,,7649
2021,20,GB,Shawn Davis,DB,INA,1997-12-24,0,00-0036481,4240602,,DaviSh02,,7825
2021,18,IND,Mike Strachan,WR,INA,1997-08-13,0,00-0036482,4589245,33620,StraMi03,143358,7944
2021,18,IND,Will Fries,OL,INA,1998-04-04,0,00-0036483,,,,,
2021,18,NO,Alex Hoffman,OL,RET,,0,00-0036484,,,,,
2021,18,CLE,David Moore,OL,DEV,1998-05-12,0,00-0036486,,,,,
2021,19,NE,Quinn Nordin,K,DEV,1998-08-16,0,00-0036488,,33787,,,8040
2021,18,CLE,Nick Guggemos,TE,DEV,1995-12-17,0,00-0036489,,,,,
2021,18,NYJ,Tarik Black,WR,ACT,1998-02-10,0,00-0036491,,,,61442,8005
2021,18,IND,Deon Jackson,RB,ACT,1999-02-18,0,00-0036493,4240455,,,57189,7551
2021,1,IND,Isaiah Kaufusi,LB,DEV,,0,00-0036494,,,,,
2021,19,PIT,Tyler Vaughns,WR,CUT,1997-06-01,0,00-0036495,,,,,7548
2021,8,JAX,Josh Imatorbhebhe,WR,DEV,1998-04-12,0,00-0036496,,,,,
2021,18,JAX,Tim Jones,WR,DEV,1998-05-15,0,00-0036497,,,,,8013
2021,1,JAX,Corey Straughter,DB,DEV,,0,00-0036499,,,,,
2021,18,NYJ,Jamien Sherwood,LB,RES,2000-01-12,0,00-0036500,4361331,,SherJa00,83175,7841
2021,18,NYJ,Michael Carter,DB,ACT,1999-03-08,0,00-0036501,4240657,33495,CartMi02,60644,7835
2021,18,NYJ,Jason Pinnock,DB,ACT,1999-06-30,0,00-0036502,4240706,,,56144,7816
2021,18,NYJ,Hamsah Nasirildeen,LB,ACT,1999-01-17,0,00-0036503,4240030,33574,NasiHa00,55898,7806
2021,18,NYJ,Brandin Echols,DB,ACT,1997-10-16,0,00-0036504,4567979,,,98900,7796
2021,18,NYJ,Jonathan Marshall,DL,INA,1997-09-16,0,00-0036505,4035590,,,44173,7791
2021,18,NYJ,Isaiah Dunn,DB,INA,1999-01-31,0,00-0036506,,,,52129,8044
2021,18,HOU,Michael Dwumfour,DL,ACT,1998-01-01,0,00-0036507,,,,27376,7876
2021,18,JAX,Dylan Moses,LB,RES,1998-05-25,0,00-0036508,,,,,8009
2021,18,NYJ,Kenny Yeboah,TE,ACT,1998-10-30,0,00-0036510,,33705,,42196,7597
2021,18,WAS,Milo Eifler,LB,ACT,1998-02-13,0,00-0036511,,,,43421,7878
2021,18,NYJ,Parker Ferguson,OL,RES,1999-05-16,0,00-0036512,,,,,
2021,18,NYJ,Grant Hermanns,OL,DEV,1998-03-05,0,00-0036513,,,,,
2021,18,DEN,Tristen Hoge,OL,DEV,1997-04-23,0,00-0036514,,,,,
2021,17,CLE,Chris Naggar,K,CUT,1997-12-09,0,00-0036515,,33700,,,8042
2021,1,NYG,Jordyn Peters,DB,DEV,,0,00-0036516,,,,,
2021,18,NYJ,Hamilcar Rashed,DL,DEV,1998-01-02,0,00-0036517,,,,,
2021,8,NYJ,Teton Saltes,OL,CUT,1998-05-04,0,00-0036518,,,,,
2021,21,KC,Matt Bushman,TE,DEV,1995-11-03,0,00-0036519,,,,52008,7992
2021,12,MIN,Garrett Groshek,RB,CUT,1997-08-02,0,00-0036521,,,,,
2021,18,NYG,Devery Hamilton,OL,DEV,1998-04-19,0,00-0036522,,,,,
2021,19,LV,Trey Ragas,RB,DEV,1996-11-07,0,00-0036523,,,,42174,7993
2021,1,LV,Max Richardson,LB,CUT,,0,00-0036524,,,,,
2021,21,KC,Darius Stills,DL,RES,,0,00-0036525,,,,,
2021,19,LV,Dillon Stoner,WR,DEV,1998-02-06,0,00-0036526,4038460,,,48304,7996
2021,19,LV,D.J. Turner,WR,DEV,1997-01-18,0,00-0036527,,,,47663,7989
2021,15,DET,Shakur Brown,DB,DEV,1999-04-01,0,00-0036529,,,,,
2021,18,DET,Mark Gilbert,DB,ACT,1997-06-01,0,00-0036530,,,,26144,8084
2021,13,IND,Isaiah McKoy,WR,DEV,2000-01-23,0,00-0036531,,,,,
2021,1,PIT,Lamont Wade,DB,DEV,,0,00-0036532,,,,,
2021,1,PIT,Jamar Watson,LB,DEV,,0,00-0036533,,,,,
2021,18,DET,Shane Zylstra,TE,DEV,1996-11-16,0,00-0036534,,,,,8041
2021,19,NE,William Sherman,OL,DEV,1999-05-27,0,00-0036535,,,,,
2021,19,NE,Tre Nixon,WR,DEV,1998-01-26,0,00-0036536,4047648,,NixoTr01,40445,7546
2021,19,DAL,Josiah Bronson,DL,DEV,1997-07-03,0,00-0036537,,,,36668,8037
2021,18,NO,Dylan Soehner,TE,RES,1997-11-08,0,00-0036540,,,,,
2021,18,PIT,Rico Bussey,WR,CUT,1998-02-25,0,00-0036541,,,,45380,7901
2021,19,PIT,Donovan Stiner,DB,DEV,1999-02-11,0,00-0036542,,,,,
2021,18,CAR,Spencer Brown,RB,DEV,1998-11-13,0,00-0036543,,,BrowSp01,57441,7867
2021,9,LAC,Paddy Fisher,LB,CUT,1998-01-22,0,00-0036544,,,,,
2021,18,MIA,Trill Williams,DB,ACT,1999-12-29,0,00-0036546,,,,76643,7912
2021,1,NO,Eric Burrell,DB,CUT,,0,00-0036547,,,,,
2021,1,DEN,Stevie Scott,RB,CUT,,0,00-0036548,,,,,
2021,17,BAL,Kenji Bahar,QB,CUT,1997-09-21,1,00-0036549,,,,,
2021,18,BAL,Rashod Bateman,WR,ACT,1999-11-29,0,00-0036550,4360939,,BateRa00,,7571
2021,21,SF,Aaron Banks,OL,INA,1997-09-03,0,00-0036551,,,,,
2021,18,NYG,Azeez Ojulari,LB,ACT,2000-06-16,0,00-0036552,4379409,,OjulAz00,81959,7653
2021,20,BUF,Carlos Basham,DL,ACT,1997-12-16,0,00-0036553,4037239,33449,BashCa00,44320,7646
2021,18,HOU,Nico Collins,WR,ACT,1999-03-19,0,00-0036554,4258173,,CollNi00,61441,7569
2021,18,CAR,Chuba Hubbard,RB,ACT,1999-06-11,0,00-0036555,4241416,33514,HubbCh01,57373,7594
2021,18,HOU,Brevin Jordan,TE,ACT,2000-07-16,0,00-0036556,4362504,33535,JordBr00,77887,7568
2021,21,SF,Jaylon Moore,OL,ACT,1998-01-09,0,00-0036557,,,,,
2021,18,CAR,Daviyon Nixon,DL,RES,1998-12-13,0,00-0036558,4360484,33546,NixoDa00,82488,7832
2021,19,NE,Shaun Wade,DB,RES,1998-09-16,0,00-0036559,4241995,,WadeSh00,55673,7830
2021,20,BUF,Tommy Doyle,OL,ACT,1998-05-06,0,00-0036560,,,,,
2021,18,CAR,Keith Taylor,DB,ACT,1999-05-03,0,00-0036561,4243332,,TaylKe03,56289,7824
2021,18,BAL,Daelin Hayes,LB,RES,1998-05-16,0,00-0036562,4039028,,HayeDa00,43449,7820
2021,21,SF,Deommodore Lenoir,DB,INA,1999-10-06,0,00-0036563,4242488,33560,LenoDe00,55686,7819
2021,21,SF,Talanoa Hufanga,DB,ACT,2000-02-01,0,00-0036564,4360853,,HufaTa00,83903,7811
2021,18,CHI,Ben Mason,TE,DEV,1999-05-25,0,00-0036565,,,,57070,7808
2021,18,CAR,Deonte Brown,OL,ACT,1998-01-15,0,00-0036566,,,,,
2021,21,SF,Elijah Mitchell,RB,ACT,1998-05-02,0,00-0036567,4241555,33582,MitcEl00,57272,7561
2021,18,HOU,Roy Lopez,DL,ACT,1997-08-07,0,00-0036568,4040805,,,48676,7799
2021,18,NYG,Gary Brightwell,RB,RES,1998-02-28,0,00-0036569,4245645,33584,BrigGa00,57133,7529
2021,18,NYG,Rodarius Williams,DB,RES,1996-09-12,0,00-0036570,4038430,,WillRo07,44160,7795
2021,20,BUF,Marquez Stevenson,WR,INA,1998-03-26,0,00-0036571,4039307,,StevMa00,41838,7556
2021,18,CAR,Shi Smith,WR,RES,1998-10-26,0,00-0036572,4259499,33592,SmitSh03,61643,7603
2021,18,NYJ,Rachad Wildgoose,DB,ACT,2000-06-20,0,00-0036573,,,WildRa00,83111,7786
2021,18,CAR,Thomas Fletcher,LS,RES,1998-10-01,0,00-0036574,,,,,
2021,18,MIA,Larnel Coleman,OL,RES,1998-06-22,0,00-0036575,,,,,
2021,18,CAR,Phil Hoskins,DL,RES,1997-01-02,0,00-0036576,4259989,,,56672,7772
2021,19,PHI,Jack Anderson,OL,ACT,1998-10-11,0,00-0036577,,,,,
2021,18,MIA,Gerrid Doaks,RB,DEV,1998-06-09,0,00-0036578,,,,40903,7539
2021,19,NE,D.J. Daniel,DB,DEV,1998-11-27,0,00-0036579,,,,,
2021,18,GB,Adrian Ealy,OL,DEV,1999-08-07,0,00-0036580,,,,,
2021,18,BAL,Xavier Kelly,DL,RES,,0,00-0036581,,,,,
2021,18,BAL,Nate McCrary,RB,DEV,1999-04-09,0,00-0036582,,,,,8058
2021,18,BAL,Tony Poljan,TE,INA,1997-04-25,0,00-0036583,,33791,,40148,7972
2021,18,LAC,Foster Sarell,OL,DEV,1998-08-28,0,00-0036584,,,,,
2021,18,DEN,Barrington Wade,LB,DEV,1998-03-16,0,00-0036586,,,,,8059
2021,18,BAL,Ar'Darius Washington,DB,RES,1999-11-02,0,00-0036587,,,,77848,7970
2021,20,BUF,Olaijah Griffin,DB,DEV,1999-03-10,0,00-0036588,,,,,
2021,20,BUF,Nick McCloud,DB,INA,1998-07-09,0,00-0036589,,,,49535,7974
2021,20,BUF,Quintin Morris,TE,DEV,1999-01-21,0,00-0036590,,,,61182,7536
2021,1,MIA,Jaytlin Askew,DB,DEV,,0,00-0036594,,,,,
2021,18,MIA,Robert Jones,OL,ACT,1999-01-28,0,00-0036596,,,,,
2021,1,MIA,Carl Tucker,TE,DEV,1997-02-06,0,00-0036597,,,,,
2021,22,LA,Landen Akers,WR,DEV,1997-07-07,0,00-0036598,,,,42212,7915
2021,1,LA,Brontae Harris,DB,DEV,,0,00-0036601,,,,,
2021,1,LA,Jeremiah Haydel,WR,DEV,,0,00-0036602,,,,,
2021,22,LA,Alaric Jackson,OL,ACT,1998-07-14,0,00-0036603,,,,,
2021,1,LA,Jordan Meredith,OL,DEV,,0,00-0036604,,,,,
2021,22,LA,Max Pircher,OL,DEV,1999-09-07,0,00-0036605,,,,,
2021,20,TB,Troy Warner,DB,DEV,1998-05-09,0,00-0036608,,,,,
2021,1,NYG,Jake Burton,OL,CUT,,0,00-0036609,,,,,
2021,17,LV,Brett Heggie,OL,DEV,1998-04-21,0,00-0036610,,,,,
2021,18,NYG,Raymond Johnson,DL,ACT,1997-12-02,0,00-0036611,,,,56356,7930
2021,18,MIA,Jaylen Waddle,WR,ACT,1998-11-25,0,00-0036613,4372016,33394,WaddJa00,84088,7526
2021,18,WAS,Jamin Davis,LB,ACT,1998-12-12,0,00-0036614,4240778,,DaviJa11,57905,7634
2021,20,TEN,Caleb Farley,DB,RES,1998-11-02,0,00-0036615,4240859,,FarlCa00,61803,7632
2021,18,MIN,Christian Darrisaw,OL,ACT,1999-06-02,0,00-0036616,,,,,
2021,18,LAC,Asante Samuel,DB,ACT,1999-10-03,0,00-0036617,4363034,33435,SamuAs00,76625,7655
2021,18,WAS,Samuel Cosmi,OL,ACT,1999-02-16,0,00-0036618,,,,,
2021,20,TEN,Dillon Radunz,OL,INA,1998-03-28,0,00-0036619,,,,,
2021,18,SEA,D'Wayne Eskridge,WR,ACT,1997-03-23,0,00-0036620,4043016,,EskrDW00,29573,7612
2021,21,KC,Nick Bolton,LB,ACT,2000-03-10,0,00-0036621,4362759,,BoltNi00,81322,7648
2021,20,GB,Josh Myers,OL,ACT,1998-07-16,0,00-0036622,,,,,
2021,21,KC,Creed Humphrey,OL,ACT,1999-06-28,0,00-0036623,,,,,
2021,18,DET,Alim McNeill,DL,ACT,2000-05-11,0,00-0036624,4361662,33460,McNeAl00,76996,7679
2021,18,WAS,Benjamin St-Juste,DB,RES,1997-09-08,0,00-0036625,4258206,,StJuBe00,56061,7671
2021,18,WAS,Dyami Brown,WR,ACT,1999-11-01,0,00-0036626,4361577,33470,BrowDy00,77986,7587
2021,20,TEN,Dez Fitzpatrick,WR,INA,1997-12-17,0,00-0036627,4036026,,FitzDe00,42349,7729
2021,18,WAS,John Bates,TE,ACT,1997-11-06,0,00-0036628,4048228,33512,BateJo00,42275,7716
2021,18,MIN,Camryn Bynum,DB,RES,1998-07-19,0,00-0036629,4035861,,BynuCa00,38408,7715
2021,18,BAL,Tylan Wallace,WR,ACT,1999-05-13,0,00-0036630,4241424,33519,WallTy00,61577,7595
2021,20,GB,Royce Newman,OL,ACT,1997-08-17,0,00-0036631,,,,,
2021,21,KC,Joshua Kaindoh,DL,INA,1998-12-27,0,00-0036632,4240026,,KainJo00,56353,7700
2021,18,DEN,Caden Sterns,DB,ACT,1999-11-02,0,00-0036633,4362077,,SterCa00,76725,7837
2021,18,CLE,Tony Fields,LB,ACT,1999-06-18,0,00-0036634,4245655,,FielTo00,,7836
2021,18,MIN,Ihmir Smith-Marsette,WR,ACT,1999-08-29,0,00-0036635,4240573,33545,SmitIh00,61324,7559
2021,18,LAC,Brenden Jaimes,OL,ACT,1999-05-28,0,00-0036636,,,,,
2021,21,KC,Noah Gray,TE,ACT,1999-04-30,0,00-0036637,4240472,33550,GrayNo00,60878,7828
2021,18,WAS,Darrick Forrest,DB,ACT,1999-05-22,0,00-0036638,4239088,,ForrDa00,55087,7827
2021,18,DEN,Jamar Johnson,DB,ACT,1999-11-22,0,00-0036639,4371949,,JohnJa15,83243,7826
2021,18,MIN,Zach Davidson,TE,INA,1998-07-15,0,00-0036640,,33556,,143780,7943
2021,18,CLE,Richard LeCounte,DB,INA,1998-09-11,0,00-0036641,4240686,,LeCoRi00,55910,7822
2021,20,GB,Tedarrell Slaton,DL,ACT,1997-10-03,0,00-0036642,,,SlatTe00,56597,7818
2021,20,TB,K.J. Britt,LB,ACT,1999-06-04,0,00-0036643,4242521,,BritKJ00,57727,7815
2021,19,NE,Cameron McGrone,LB,RES,2000-06-22,0,00-0036644,4372085,,McGrCa00,,7814
2021,20,GB,Shemar Jean-Charles,DB,ACT,1998-06-20,0,00-0036645,4036430,,,42496,7813
2021,19,DAL,Simi Fehoko,WR,INA,1997-11-05,0,00-0036646,4360739,33567,FehoSi00,84424,7812
2021,21,KC,Cornell Powell,WR,DEV,1997-10-30,0,00-0036647,,,PoweCo00,40689,7541
2021,18,LAC,Nick Niemann,LB,ACT,1997-12-02,0,00-0036648,4036141,,,43500,7807
2021,19,DAL,Quinton Bohanna,DL,INA,1999-03-16,0,00-0036649,4259978,,,56673,7801
2021,18,LAC,Larry Rountree,RB,INA,1999-02-13,0,00-0036650,4241205,33586,RounLa00,57308,7574
2021,18,MIN,Jaylen Twyman,DL,RES,1999-07-19,0,00-0036651,4240716,,TwymJa00,,7797
2021,20,TEN,Racey McMath,WR,ACT,1999-06-14,0,00-0036652,4242231,,McMaRa00,61401,7793
2021,18,SEA,Stone Forsythe,OL,ACT,1997-12-29,0,00-0036653,,,,,
2021,18,CLE,Demetric Felton,RB,ACT,1998-07-16,0,00-0036654,4035826,33599,FeltDe00,40568,7609
2021,20,GB,Cole Van Lanen,OL,DEV,1998-04-23,0,00-0036655,,,,,
2021,18,DET,Brady Breeze,DB,ACT,1997-10-09,0,00-0036656,4038944,,BreeBr00,43073,7784
2021,18,DEN,Seth Williams,WR,ACT,2000-04-10,0,00-0036657,4371974,,WillSe00,84137,7534
2021,20,GB,Isaiah McDuffie,LB,ACT,1999-07-21,0,00-0036658,4239947,,McDuIs00,57754,7782
2021,18,WAS,Camaron Cheeseman,LS,ACT,1998-04-26,0,00-0036659,,,,,
2021,21,KC,Trey Smith,OL,ACT,1999-06-16,0,00-0036660,,,,,
2021,19,DAL,Israel Mukuamu,DB,RES,1999-11-28,0,00-0036661,4362855,,MukuIs00,83377,7776
2021,19,PHI,Kary Vincent,DB,INA,1999-02-27,0,00-0036662,4242211,,VincKa00,55631,7767
2021,19,DAL,Matt Farniok,OL,INA,1997-09-26,0,00-0036663,,,,,
2021,18,WAS,William Bradley-King,DL,ACT,1997-12-22,0,00-0036664,,,BradWi00,44184,7764
2021,18,LAC,Mark Webb,DB,RES,1998-09-10,0,00-0036665,4259570,,WebbMa01,61274,7763
2021,18,WAS,Shaka Toney,DL,ACT,1998-01-07,0,00-0036666,4045169,,ToneSh00,42806,7760
2021,18,IND,Chris Wilcox,DB,DEV,1997-10-30,0,00-0036667,,,WilcCh00,43308,7755
2021,18,DEN,Marquiss Spencer,DL,DEV,1997-07-16,0,00-0036668,,,SpenMa00,50306,7754
2021,20,GB,Kylin Hill,RB,RES,1998-08-18,0,00-0036669,4259805,33643,HillKy00,57306,7572
2021,18,DET,Jermar Jefferson,RB,INA,2000-04-15,0,00-0036670,,33644,JeffJe00,83740,7599
2021,18,WAS,Dax Milne,WR,ACT,1999-06-23,0,00-0036671,4373642,33645,MilnDa00,84147,7751
2021,20,TB,Grant Stuard,LB,ACT,1998-10-15,0,00-0036672,4240255,,,55933,7750
2021,18,NYG,Justin Hilliard,LB,RES,1997-03-25,0,00-0036673,,,,28079,7732
2021,19,KC,Elijah Sullivan,LB,DEV,1997-05-13,0,00-0036675,,,,,
2021,12,SF,Austin Watkins,WR,CUT,1998-02-16,0,00-0036676,,,,84457,7579
2021,21,KC,Zayne Anderson,DB,ACT,1997-01-03,0,00-0036677,,,,34622,8000
2021,21,KC,Dicaprio Bootle,DB,DEV,1997-09-17,0,00-0036678,,,,42913,8003
2021,21,KC,Shane Buechele,QB,INA,1998-01-08,0,00-0036679,,33879,,12659,8002
2021,1,KC,Marlon Character,DB,CUT,,0,00-0036680,,,,,
2021,21,KC,Malik Herring,DL,RES,1997-11-09,0,00-0036682,,,,,8001
2021,21,KC,Devon Key,DB,DEV,1997-10-28,0,00-0036683,4037559,,,56307,8004
2021,18,CLE,Tre Harbison,RB,RES,1998-07-01,0,00-0036685,,,,,
2021,1,CLE,Emmanuel Rugamba,DB,CUT,,0,00-0036687,,,,,
2021,18,LAC,Kiondre Thomas,DB,DEV,1998-02-07,0,00-0036688,,,,,8031
2021,19,PHI,Marvin Wilson,DL,DEV,1998-09-05,0,00-0036689,,,,56977,8029
2021,18,MIN,Cole Banwart,OL,DEV,1997-08-21,0,00-0036690,,,,,
2021,20,TEN,Tory Carter,TE,RES,1999-03-16,0,00-0036691,,,,57063,7852
2021,18,CLE,Miller Forristall,TE,DEV,1998-03-11,0,00-0036692,4040714,,,47378,7854
2021,18,CAR,Blake Haubeil,K,CUT,1999-04-05,0,00-0036693,,,,,
2021,1,TEN,Chandon Herring,OL,CUT,,0,00-0036694,,,,,
2021,20,TEN,Naquan Jones,DL,ACT,1998-02-05,0,00-0036695,4046716,,,44363,7853
2021,20,TEN,Briley Moore,TE,RES,1998-01-13,0,00-0036696,,,,,7903
2021,18,JAX,Mekhi Sargent,RB,ACT,1997-10-08,0,00-0036698,4379504,,SargMe00,83684,8085
2021,19,PIT,Daniel Archibong,DL,DEV,1997-09-12,0,00-0036700,,,,,8054
2021,1,CHI,Scooter Harrington,TE,CUT,,0,00-0036702,,,,,
2021,18,WAS,Brian Johnson,K,INA,1999-03-05,0,00-0036703,,,,,8055
2021,18,CHI,Caleb Johnson,LB,ACT,1998-07-28,0,00-0036704,4051069,,,12488,7846
2021,18,CHI,Sam Kamara,LB,ACT,1997-12-21,0,00-0036705,4033855,,,24176,7844
2021,1,MIA,Khalil McClain,WR,CUT,,0,00-0036707,,,,,
2021,9,CHI,Dareuan Parker,OL,CUT,1998-07-24,0,00-0036708,,,,,
2021,1,CHI,Dionte Ruffin,DB,CUT,,0,00-0036709,,,,,
2021,18,CHI,Charles Snowden,LB,DEV,1998-03-27,0,00-0036711,,,,62775,7849
2021,1,CIN,Gunnar Vogel,OL,DEV,,0,00-0036712,,,,,
2021,1,LAC,Darius Harper,OL,DEV,,0,00-0036713,,,,,
2021,16,CAR,Alex Kessman,K,DEV,1998-01-02,0,00-0036714,,,,,7933
2021,18,LAC,Amen Ogbongbemiga,LB,ACT,1998-09-04,0,00-0036716,4038432,,,42449,7936
2021,18,DEN,Shaun Beyer,TE,DEV,1996-11-11,0,00-0036718,,,,40860,8018
2021,18,DEN,Drew Himmelman,OL,DEV,1996-09-19,0,00-0036720,,,,,
2021,22,LA,Warren Jackson,WR,DEV,1999-06-16,0,00-0036721,,,,52050,7550
2021,18,WAS,Nolan Laufenberg,OL,DEV,1999-03-25,0,00-0036722,,,,,
2021,19,PHI,Mac McCain,DB,DEV,1998-02-06,0,00-0036724,,,,79072,7895
2021,18,DEN,Andre Mintze,LB,INA,1998-09-10,0,00-0036725,4035279,,,44299,8024
2021,18,NO,Adam Prentice,RB,ACT,1997-01-16,0,00-0036727,3929914,,,35639,8025
2021,21,SF,Curtis Robinson,LB,DEV,1998-06-02,0,00-0036728,,,,,8020
2021,19,CIN,Drue Chrisman,P,DEV,1997-06-30,0,00-0036729,,,,,7984
2021,18,MIA,Darius Hodge,DL,INA,1998-07-03,0,00-0036730,4370351,,,82319,7987
2021,2,HOU,Antonio Phillips,DB,CUT,1998-12-09,0,00-0036732,,,,,
2021,22,CIN,Pooka Williams,RB,DEV,1999-06-19,0,00-0036734,,,,,7560
2021,19,PHI,Kayode Awosika,OL,ACT,1998-10-27,0,00-0036736,,,,,
2021,1,PHI,JaQuan Bailey,DL,CUT,,0,00-0036737,,,,,
2021,5,DEN,Harry Crider,OL,TRC,1999-05-18,0,00-0036738,,,,,
2021,19,PHI,Jack Stoll,TE,ACT,1998-01-28,0,00-0036741,4034862,33891,StolJa00,42058,7946
2021,18,DET,Tavante Beckett,LB,ACT,1997-10-21,0,00-0036744,,,,,
2021,18,NYG,Jake Hausmann,TE,DEV,1997-08-12,0,00-0036746,,,,,8061
2021,22,LA,Drake Jackson,OL,RES,1997-12-08,0,00-0036747,,,,,
2021,18,DET,Jerry Jacobs,DB,RES,1997-09-26,0,00-0036748,4373578,,,83025,7889
2021,18,DET,Tommy Kraemer,OL,ACT,1998-04-16,0,00-0036749,,,,,
2021,18,DET,Javon McKinley,WR,DEV,1998-04-10,0,00-0036750,,,,41248,7890
2021,1,DET,Dedrick Mills,RB,DEV,,0,00-0036751,,,,,
2021,18,DET,A.J. Parker,DB,ACT,1998-02-15,0,00-0036752,4046592,,,55983,7892
2021,2,DET,Sage Surratt,WR,DEV,1998-04-13,0,00-0036753,,,,,
2021,18,DET,Brock Wright,TE,ACT,1998-11-27,0,00-0036754,4242392,,,60994,7891
2021,18,WAS,Jaret Patterson,RB,ACT,1999-12-23,0,00-0036755,4362452,33706,PattJa01,77745,7537
2021,20,TB,Jose Borregales,K,DEV,1997-12-15,0,00-0036757,,33867,,,7961
2021,20,TB,Sadarius Hutcherson,OL,RES,1998-04-22,0,00-0036759,,,,,
2021,20,TB,Elijah Ponder,LB,DEV,1998-01-16,0,00-0036761,,,,,
2021,19,DAL,Tyler Coyle,DB,DEV,1998-11-15,0,00-0036764,,,,42631,7942
2021,18,DET,Nick Eubanks,TE,DEV,1996-11-21,0,00-0036766,,,,,
2021,19,DAL,Austin Faoliu,DL,DEV,1999-01-09,0,00-0036767,,,,56800,7866
2021,19,DAL,Jaquan Hardy,RB,DEV,1997-12-31,0,00-0036768,,,,143793,7863
2021,22,LA,Anthony Hines,LB,DEV,1999-01-15,0,00-0036769,,,,,
2021,19,DAL,Braylon Jones,OL,DEV,1998-02-10,0,00-0036770,,,,,
2021,21,KC,Brenden Knox,RB,RES,,0,00-0036771,,,,,
2021,1,DAL,Artayvious Lynn,TE,CUT,,0,00-0036772,,,,,
2021,15,DAL,Osirus Mitchell,WR,DEV,1997-09-15,0,00-0036773,,,,,7860
2021,19,DAL,Nick Ralston,RB,DEV,1996-11-10,0,00-0036774,,,,36101,7941
2021,19,DAL,Brandon Smith,WR,DEV,1998-12-10,0,00-0036775,,,,,
2021,19,DAL,T.J. Vasher,WR,RES,1998-08-29,0,00-0036776,4043158,,,,7862
2021,18,LAC,Ben Deluca,DB,DEV,1998-04-09,0,00-0036777,,,,,
2021,18,LAC,Jared Goldwire,DL,RET,,0,00-0036778,,,,,
2021,18,LAC,Hunter Kampmoyer,TE,DEV,1998-02-06,0,00-0036779,,,,,
2021,18,LAC,Forrest Merrill,DL,DEV,1996-08-15,0,00-0036780,,,,,7931
2021,18,HOU,Carson Green,OL,DEV,1999-05-04,0,00-0036781,,,,,
2021,18,HOU,Damon Hazelton,WR,DEV,1997-02-28,0,00-0036782,,,,42194,7573
2021,18,DET,Ryan McCollum,OL,ACT,1998-03-04,0,00-0036783,,,,,
2021,20,BUF,Jacob Capra,OL,DEV,1998-11-02,0,00-0036784,,,,,
2021,18,JAX,Coy Cronk,OL,DEV,1998-01-18,0,00-0036785,,,,,
2021,18,GB,Jon Dietzen,OL,CUT,1996-12-30,0,00-0036786,,,,,
2021,20,GB,Jack Heflin,DL,CUT,1998-03-08,0,00-0036788,,,,44570,7880
2021,17,DEN,Carlo Kemp,DL,DEV,1998-01-01,0,00-0036789,,,,,
2021,1,GB,Christian Uphoff,DB,CUT,,0,00-0036790,,,,,
2021,1,NO,Deuce Wallace,DB,CUT,,0,00-0036791,,,,,
2021,18,NO,Bryce Thompson,DB,DEV,1999-09-20,0,00-0036792,,,,,7907
2021,1,SEA,Aashari Crosswell,DB,DEV,,0,00-0036794,,,,,
2021,18,SEA,Jake Curhan,OL,ACT,1998-02-09,0,00-0036795,,,,,
2021,18,SEA,Greg Eiland,OL,DEV,1998-02-01,0,00-0036796,,,,,
2021,18,JAX,B.J. Emmons,RB,TRC,1997-07-03,0,00-0036797,,,,,
2021,18,JAX,Jared Hocker,OL,DEV,1998-07-11,0,00-0036798,,,,,
2021,18,SEA,Josh Johnson,RB,ACT,1997-12-26,0,00-0036799,,,,88760,8051
2021,18,SEA,Pier-Olivier Lestage,OL,DEV,1997-08-04,0,00-0036800,,,,,
2021,18,MIN,Bryan Mills,DB,ACT,1999-08-03,0,00-0036801,,,,,
2021,18,SEA,Jon Rhattigan,LB,RES,1999-02-02,0,00-0036802,,,,57718,7957
2021,21,SF,Connor Wedington,WR,DEV,1999-05-28,0,00-0036804,,,,,
2021,18,SEA,Jarrod Hewitt,DL,DEV,1997-11-03,0,00-0036805,,,,,
2021,1,PHI,Cary Angeline,TE,CUT,,0,00-0036806,,,,,
2021,18,JAX,Lorenzo Burns,DB,DEV,1997-10-10,0,00-0036807,,,,,
2021,2,ARI,Bruno Labelle,TE,CUT,1997-06-03,0,00-0036808,,,,,
2021,1,ARI,Cam Murray,DL,CUT,,0,00-0036809,,,,,
2021,18,SEA,Cade Johnson,WR,DEV,1998-04-10,0,00-0036810,,,,42109,7956
2021,18,MIN,Tuf Borland,LB,ACT,1998-03-23,0,00-0036812,,,,,
2021,19,PHI,Christian Elliss,LB,DEV,1999-01-02,0,00-0036813,,,,,7921
2021,1,MIN,Zeandae Johnson,DL,DEV,,0,00-0036814,,,,,
2021,18,MIN,Myron Mitchell,WR,DEV,1998-06-17,0,00-0036815,,,,,
2021,18,DET,Riley Patterson,K,ACT,1999-09-07,0,00-0036816,,33781,,,7922
2021,4,MIN,Whop Philyor,WR,DEV,1998-07-31,0,00-0036817,,,,,
2021,18,MIN,Blake Proehl,WR,RES,1999-01-12,0,00-0036818,,,,,7552
2021,18,MIN,A.J. Rose,RB,DEV,1997-10-14,0,00-0036819,,,,40265,7918
2021,18,MIN,Jordon Scott,DL,RES,1998-10-25,0,00-0036820,,,,,
2021,1,ATL,Zac Dawe,DL,CUT,,0,00-0036823,,,,,
2021,18,ATL,Dorian Etheridge,LB,DEV,1998-11-21,0,00-0036824,,,,57937,7982
2021,18,ATL,Feleipe Franks,QB,ACT,1997-12-22,0,00-0036825,,33729,,40217,7531
2021,22,LA,Javian Hawkins,RB,DEV,1999-11-03,0,00-0036827,,,,,7563
2021,18,ATL,Caleb Huntley,RB,DEV,1998-09-15,0,00-0036829,,,,57156,7741
2021,18,NYG,Dwayne Johnson,DB,DEV,1997-03-11,0,00-0036830,,,,,
2021,20,TEN,Kobe Jones,LB,RES,1998-05-10,0,00-0036831,,,,,
2021,18,ATL,Ryan Neuzil,OL,DEV,1997-07-31,0,00-0036833,,,,,
2021,1,ATL,Antonio Nunn,WR,CUT,,0,00-0036834,,,,,
2021,1,ATL,J.R. Pace,DB,CUT,,0,00-0036835,,,,,
2021,18,ATL,John Raine,TE,DEV,1998-03-27,0,00-0036837,,,,,
2021,11,ATL,Joe Sculthorpe,OL,DEV,1998-06-11,0,00-0036838,,,,,
2021,18,MIA,Kion Smith,OL,DEV,1998-10-07,0,00-0036839,,,,,
2021,1,ATL,Erroll Thompson,LB,CUT,,0,00-0036840,,,,,
2021,18,ATL,Austin Trammell,WR,ACT,1998-07-04,0,00-0036841,,,,52195,7746
2021,18,MIN,Kene Nwangwu,RB,ACT,1998-02-09,0,00-0036842,4035537,,,,7720
2021,19,PIT,Isaiahh Loudermilk,DL,ACT,1997-10-10,0,00-0036843,4035798,,LoudIs00,44416,7833
2021,18,HOU,Garret Wallow,LB,ACT,1999-01-25,0,00-0036844,4241807,,WallGa00,60761,7821
2021,18,NYG,Quincy Roche,LB,ACT,1998-02-10,0,00-0036845,4044145,,RochQu00,43734,7783
2021,19,PIT,Tre Norwood,DB,ACT,1999-04-19,0,00-0036846,4241396,33633,NorwTr00,55675,7761
2021,19,PIT,Pressley Harvin,P,ACT,1998-09-17,0,00-0036847,4240485,,,,7753
2021,22,LA,Tutu Atwell,WR,RES,1999-10-07,0,00-0036849,4360797,33445,AtweTu00,77965,7562
2021,22,CIN,Cameron Sample,DL,ACT,1999-09-20,0,00-0036850,4243923,,,56462,7727
2021,22,CIN,Tyler Shelvin,DL,INA,1998-07-22,0,00-0036851,4242228,,ShelTy00,58438,7718
2021,22,CIN,D'Ante Smith,OL,ACT,1998-06-08,0,00-0036852,,,,,
2021,19,LV,Tyree Gillespie,DB,ACT,1997-09-05,0,00-0036853,4241195,,GillTy00,60692,7701
2021,22,CIN,Evan McPherson,K,ACT,1999-07-21,0,00-0036854,4360234,33537,,,7839
2021,22,LA,Earnest Brown,DL,DEV,1999-01-08,0,00-0036855,,,,56428,7817
2021,22,CIN,Trey Hill,OL,ACT,2000-01-23,0,00-0036856,,,,,
2021,22,CIN,Chris Evans,RB,ACT,1997-10-05,0,00-0036857,4046530,33590,EvanCh02,27303,7794
2021,18,HOU,Jalen Camp,WR,ACT,1998-07-10,0,00-0036858,,,,,7789
2021,18,HOU,Jimmy Morrissey,OL,ACT,1998-06-09,0,00-0036859,,,,,
2021,22,LA,Jake Funk,RB,INA,1998-01-11,0,00-0036860,4036224,33621,FunkJa00,45835,7771
2021,22,CIN,Wyatt Hubert,DL,RES,1998-06-13,0,00-0036861,4241344,,HubeWy00,,7769
2021,22,LA,Ben Skowronek,WR,ACT,1997-06-27,0,00-0036862,4035656,,,27948,7757
2021,22,LA,Chris Garrett,LB,INA,1998-06-12,0,00-0036863,4820589,,,136106,7945
2021,21,KC,Lorenzo Neal,DL,RES,,0,00-0036864,,,,,
2021,22,CIN,Jackson Carman,OL,ACT,2000-01-22,0,00-0036865,,,,,
2021,18,CLE,James Hudson,OL,ACT,1999-05-13,0,00-0036866,,,,,
2021,18,LAC,Chris Rumph,LB,ACT,1998-10-19,0,00-0036867,4240475,,RumpCh00,56345,7721
2021,18,JAX,Jordan Smith,LB,ACT,1998-04-10,0,00-0036868,4034957,,SmitJo03,43427,7719
2021,19,PIT,Dan Moore,OL,ACT,1998-09-28,0,00-0036869,,,,,
2021,19,PIT,Buddy Johnson,LB,RES,1999-02-27,0,00-0036870,4240900,,JohnBu01,58189,7704
2021,19,LV,Nate Hobbs,DB,ACT,1999-06-24,0,00-0036871,4240542,,,55948,7823
2021,19,NE,Joshuah Bledsoe,DB,RES,1998-12-30,0,00-0036872,4241199,,BledJo00,,7805
2021,18,BAL,Jake Verity,K,DEV,1997-12-23,0,00-0036873,,,,,8056
2021,18,DEN,Patrick Surtain,DB,RES,2000-04-14,0,00-0036874,4372012,,SurtPa01,83119,7641
2021,19,NE,Rhamondre Stevenson,RB,ACT,1998-02-23,0,00-0036875,4569173,33508,StevRh00,98689,7611
2021,18,IND,Kylen Granson,TE,ACT,1998-03-27,0,00-0036876,4039160,33515,GranKy00,40630,7602
2021,20,TB,Jaelon Darden,WR,ACT,1999-01-14,0,00-0036877,4243830,,DardJa00,61522,7713
2021,18,MIN,Janarius Robinson,DL,RES,1998-05-04,0,00-0036878,4035604,,RobiJa04,42447,7710
2021,18,IND,Sam Ehlinger,QB,ACT,1998-09-30,0,00-0036879,,33606,EhliSa00,60555,7583
2021,18,DET,Penei Sewell,OL,INA,2000-10-09,0,00-0036880,,,,,
2021,18,JAX,Jay Tufele,DL,ACT,1999-07-25,0,00-0036881,4259647,,TufeJa00,56913,7731
2021,19,DAL,Jabril Cox,LB,RES,1998-04-16,0,00-0036882,4040940,,CoxxJa00,30669,7724
2021,18,CLE,Tommy Togiai,DL,ACT,1999-09-19,0,00-0036883,4361366,,TogiTo00,82501,7711
2021,19,ARI,Marco Wilson,DB,ACT,1999-03-03,0,00-0036884,4240595,33524,WilsMa04,55592,7708
2021,18,SEA,Tre Brown,DB,RES,1997-09-24,0,00-0036885,4241373,,BrowTr03,55677,7707
2021,19,DAL,Josh Ball,OL,RES,1998-05-15,0,00-0036886,,,,,
2021,18,JAX,Luke Farrell,TE,ACT,1997-10-14,0,00-0036887,4040612,33533,FarrLu00,42353,7842
2021,20,BUF,Damar Hamlin,DB,ACT,1998-03-24,0,00-0036888,4036060,,HamlDa00,43291,7787
2021,19,ARI,James Wiggins,DB,RES,1997-04-26,0,00-0036889,,,WiggJa00,,7762
2021,20,GB,Michal Menet,OL,DEV,1997-08-08,0,00-0036890,,,,,
2021,19,LV,Alex Leatherwood,OL,ACT,1999-01-05,0,00-0036892,,,,,
2021,19,PIT,Najee Harris,RB,ACT,1998-03-09,0,00-0036893,4241457,33412,HarrNa00,57121,7528
2021,19,PIT,Pat Freiermuth,TE,ACT,1998-10-25,0,00-0036894,4361411,33443,FreiPa00,84085,7600
2021,18,NYG,Elerson Smith,LB,RES,1998-07-17,0,00-0036895,4030924,,SmitEl00,,7723
2021,19,ARI,Victor Dimukeje,LB,INA,1999-11-18,0,00-0036896,4240464,,DimuVi00,56347,7788
2021,19,PHI,Tay Gowan,DB,INA,1998-01-07,0,00-0036897,4568981,,GowaTa00,42465,7780
2021,18,HOU,Davis Mills,QB,ACT,1998-10-21,0,00-0036898,4242546,33455,MillDa02,52269,7585
2021,18,NYG,Aaron Robinson,DB,ACT,1997-11-10,0,00-0036899,4040979,,RobiAa00,,7668
2021,22,CIN,Ja'Marr Chase,WR,ACT,2000-03-01,0,00-0036900,4362628,33393,ChasJa00,84270,7564
2021,20,GB,Eric Stokes,DB,ACT,1999-03-01,0,00-0036901,4259561,33417,StokEr00,55912,7628
2021,22,CIN,Joseph Ossai,DL,RES,2000-04-13,0,00-0036902,4362094,,OssaJo00,77205,7678
2021,22,LA,Bobby Brown,DL,INA,2000-08-07,0,00-0036903,4372518,,BrowBo04,82429,7722
2021,22,LA,Robert Rochell,DB,RES,1998-04-26,0,00-0036904,4032200,,RochRo00,33693,7712
2021,18,CHI,Larry Borom,OL,ACT,1999-03-30,0,00-0036905,,,,,
2021,18,CHI,Khalil Herbert,RB,ACT,1998-04-21,0,00-0036906,4035886,33605,HerbKh00,41668,7608
2021,18,CHI,Dazz Newsome,WR,ACT,1999-05-15,0,00-0036907,,,NewsDa00,61510,7586
2021,18,CHI,Thomas Graham,DB,ACT,1999-06-26,0,00-0036908,4242485,,GrahTh00,55685,7775
2021,18,CHI,Khyiris Tonga,DL,ACT,1996-07-07,0,00-0036909,4256074,,TongKh00,52000,7756
2021,18,CAR,C.J. Saunders,WR,ACT,1996-09-15,0,00-0036910,,,,,8068
2021,1,BAL,Jovan Swann,DL,CUT,,0,00-0036911,,,,,
2021,19,PHI,DeVonta Smith,WR,ACT,1998-11-14,0,00-0036912,4241478,33398,SmitDe07,61100,7525
2021,18,NYG,Kadarius Toney,WR,INA,1999-01-27,0,00-0036913,4240600,33408,ToneKa00,61245,7606
2021,20,BUF,Gregory Rousseau,DL,ACT,2000-04-05,0,00-0036914,4362506,,RousGr00,76889,7627
2021,18,CLE,Jeremiah Owusu-Koramoah,LB,ACT,1999-11-04,0,00-0036915,4258599,,OwusJe00,58089,7651
2021,19,PHI,Milton Williams,DL,ACT,1999-04-06,0,00-0036916,4239699,,WillMi08,56682,7696
2021,19,PHI,Zech McPhearson,DB,ACT,1998-03-21,0,00-0036917,4045161,,,45464,7717
2021,22,LA,Jacob Harris,TE,RES,1997-04-16,0,00-0036918,3932144,33529,HarrJa03,34255,7703
2021,19,PHI,Kenneth Gainwell,RB,ACT,1999-03-14,0,00-0036919,4371733,33538,GainKe00,77737,7567
2021,19,PHI,Marlon Tuipulotu,DL,RES,1999-05-31,0,00-0036920,4243218,,TuipMa00,57035,7804
2021,19,PHI,Tarron Jackson,DL,ACT,1998-06-22,0,00-0036921,4052031,,JackTa02,54410,7802
2021,19,PHI,Patrick Johnson,LB,ACT,1998-01-10,0,00-0036922,4243916,,JohnPa02,56460,7770
2021,18,NYJ,Michael Carter,RB,ACT,1999-05-07,0,00-0036924,4240456,33495,CartMi03,57337,7607
2021,19,PHI,JaCoby Stevens,LB,DEV,1998-07-19,0,00-0036925,,,StevJa00,61402,7779
2021,18,NO,Payton Turner,DL,RES,1999-01-07,0,00-0036926,4240269,33416,TurnPa02,56624,7629
2021,18,NO,Pete Werner,LB,ACT,1999-06-05,0,00-0036927,4241993,,WernPe00,58093,7647
2021,20,TB,Kyle Trask,QB,INA,1998-03-06,0,00-0036928,,33452,TrasKy00,39987,7605
2021,18,NO,Ian Book,QB,INA,1998-03-30,0,00-0036929,,33521,BookIa00,40216,7589
2021,18,NO,Landon Young,OL,RES,1997-08-21,0,00-0036930,,,,,
2021,18,NYG,Travis Toivonen,WR,DEV,1998-04-22,0,00-0036931,,,,,
2021,19,DAL,Micah Parsons,LB,ACT,1999-05-26,0,00-0036932,4361423,,ParsMi00,81360,7640
2021,19,ARI,Zaven Collins,LB,ACT,1999-05-19,0,00-0036933,4244606,,CollZa00,77190,7637
2021,18,MIA,Jaelan Phillips,LB,ACT,1999-05-28,0,00-0036934,4242975,33406,PhilJa02,56902,7635
2021,19,DAL,Kelvin Joseph,DB,ACT,1999-11-11,0,00-0036935,4362629,,JoseKe02,83051,7658
2021,19,ARI,Rondale Moore,WR,ACT,2000-06-09,0,00-0036936,4372485,33437,MoorRo02,62890,7601
2021,18,NO,Paulson Adebo,DB,ACT,1999-07-03,0,00-0036937,4242547,33464,AdebPa00,52280,7669
2021,20,TEN,Rashad Weaver,LB,RES,1997-11-10,0,00-0036938,4036076,,WeavRa00,42495,7709
2021,18,NO,Kawaan Baker,WR,DEV,1998-08-24,0,00-0036939,,,,61639,7752
2021,18,BAL,Odafe Oweh,LB,INA,1998-12-15,0,00-0036940,4361422,33419,OwehJa00,82161,7626
2021,18,JAX,Andre Cisco,DB,ACT,2000-03-23,0,00-0036941,4361939,,CiscAn00,76641,7698
2021,19,DAL,Osa Odighizuwa,DL,ACT,1998-08-13,0,00-0036942,4035840,33463,OdigOs00,42754,7695
2021,18,CAR,Jaycee Horn,DB,RES,1999-11-26,0,00-0036944,4362847,33396,HornJa00,83375,7642
2021,18,CHI,Justin Fields,QB,RES,1999-03-05,0,00-0036945,4362887,33399,FielJu00,82118,7591
2021,18,MIN,Kellen Mond,QB,INA,1999-06-22,0,00-0036946,4240904,33454,MondKe00,60556,7581
2021,18,ATL,Jalen Mayfield,OL,INA,2000-05-23,0,00-0036947,,,,,
2021,18,ATL,Ta'Quon Graham,DL,ACT,1998-12-01,0,00-0036948,4262197,,GrahTa00,56868,7840
2021,18,ATL,Adetokunbo Ogundeji,LB,ACT,1998-10-09,0,00-0036949,4046693,,OgunAd01,44047,7810
2021,18,ATL,Avery Williams,DB,ACT,1998-07-15,0,00-0036950,4048259,,WillAv02,42873,7809
2021,18,ATL,Frank Darby,WR,INA,1997-09-08,0,00-0036951,,,DarbFr00,40988,7530
2021,18,DEN,Jonathon Cooper,LB,ACT,1998-01-08,0,00-0036952,4040608,,CoopJo02,43021,7765
2021,18,CHI,Teven Jenkins,OL,ACT,1998-03-03,0,00-0036953,,,,,
2021,18,DET,Levi Onwuzurike,DL,ACT,1998-03-02,0,00-0036954,4039020,33429,OnwuLe00,43679,7661
2021,18,CAR,Terrace Marshall,WR,RES,2000-06-09,0,00-0036955,4362630,33447,MarsTe00,84271,7565
2021,18,ATL,Darren Hall,DB,ACT,2000-05-02,0,00-0036956,4261606,,HallDa03,60742,7730
2021,18,ATL,Drew Dalman,OL,ACT,1998-10-15,0,00-0036957,,,,,
2021,1,LAC,Willie Yarbary,DL,CUT,,0,00-0036958,,,,,
2021,18,LAC,Michael Bandy,WR,DEV,1997-12-05,0,00-0036959,,,,,8076
2021,18,ATL,Richie Grant,DB,ACT,1997-11-09,0,00-0036961,4042119,,GranRi00,43196,7662
2021,19,LV,Trevon Moehrig,DB,ACT,1999-06-16,0,00-0036962,4362487,33431,MoehTr00,77847,7659
2021,18,DET,Amon-Ra St. Brown,WR,ACT,1999-10-24,0,00-0036963,4374302,33500,StxxAm00,84470,7547
2021,18,DET,Derrick Barnes,LB,ACT,1999-05-29,0,00-0036964,4260409,,BarnDe02,58120,7726
2021,18,LAC,Damon Lloyd,LB,RES,1998-05-08,0,00-0036965,,,,,
2021,18,CHI,Tyrone Wheatley,OL,DEV,1997-02-04,0,00-0036966,,,,,
2021,20,TB,Joe Tryon,LB,ACT,1999-04-30,0,00-0036967,4243333,,TryoJo00,58272,7625
2021,18,CAR,Brady Christensen,OL,ACT,1996-09-27,0,00-0036968,,,,,
2021,3,LA,Otis Anderson,RB,CUT,1998-11-12,0,00-0036969,,,,,
2021,18,ATL,Kyle Pitts,TE,ACT,2000-10-06,0,00-0036970,4360248,33392,PittKy00,83964,7553
2021,18,JAX,Trevor Lawrence,QB,ACT,1999-10-06,0,00-0036971,4360310,33389,LawrTr00,77632,7523
2021,19,NE,Mac Jones,QB,ACT,1998-09-05,0,00-0036972,4241464,33403,JoneMa05,60323,7527
2021,18,JAX,Travis Etienne,RB,RES,1999-01-26,0,00-0036973,4239996,33413,EtieTr00,57185,7543
2021,18,JAX,Tyson Campbell,DB,ACT,2000-03-17,0,00-0036974,4379397,33421,CampTy01,83217,7667
2021,18,JAX,Walker Little,OL,ACT,1999-04-01,0,00-0036975,,,,,
2021,20,BUF,Spencer Brown,OL,ACT,1998-02-28,0,00-0036976,,,,,
2021,18,BAL,Ben Cleveland,OL,ACT,1998-08-25,0,00-0036977,,,,,
2021,19,NE,Ronnie Perkins,DL,RES,1999-09-29,0,00-0036978,4360274,,PerkRo00,76830,7688
2021,18,NYJ,Alijah Vera-Tucker,OL,ACT,1999-06-17,0,00-0036979,,,,,
2021,18,NYJ,Elijah Moore,WR,RES,2000-03-27,0,00-0036980,4372414,33422,MoorEl00,84302,7596
2021,19,NE,Christian Barmore,DL,ACT,1999-07-28,0,00-0036981,4372030,33426,BarmCh00,82198,7664
2021,19,DAL,Chauncey Golston,DL,ACT,1998-02-10,0,00-0036982,4036132,,GolsCh00,42718,7693
2021,19,PIT,Kendrick Green,OL,ACT,1998-12-22,0,00-0036983,,,,,
2021,21,SF,Trey Sermon,RB,ACT,1999-01-30,0,00-0036984,4241401,33476,SermTr00,57372,7593
2021,20,TB,Robert Hainsey,OL,ACT,1998-08-12,0,00-0036985,,,,,
2021,19,DAL,Nahshon Wright,DB,INA,1998-09-23,0,00-0036986,4570470,,WrigNa00,100412,7687
2021,18,BAL,Brandon Stephens,DB,ACT,1997-12-29,0,00-0036987,4035824,33492,,45644,7685
2021,18,LAC,Josh Palmer,WR,ACT,1999-09-22,0,00-0036988,4242433,,PalmJo00,62979,7670
2021,19,LV,Malcolm Koonce,DL,INA,1998-06-06,0,00-0036989,4239719,,KoonMa00,55015,7676
2021,19,LV,Divine Deablo,LB,ACT,1998-08-17,0,00-0036990,4037626,,DeabDi00,42208,7677
2021,20,GB,Amari Rodgers,WR,ACT,1999-09-23,0,00-0036991,4239992,33473,RodgAm00,61212,7540
2021,20,TEN,Elijah Molden,DB,ACT,1999-01-30,0,00-0036992,4243328,,MoldEl00,56290,7682
2021,18,DET,Ifeatu Melifonwu,DB,ACT,1999-05-02,0,00-0036993,4240401,,MeliIf00,56203,7680
2021,22,LA,Ernest Jones,LB,ACT,1999-11-22,0,00-0036994,4362851,,JoneEr01,81399,7672
2021,18,DEN,Baron Browning,LB,ACT,1999-02-19,0,00-0036995,4241987,,BrowBa01,58095,7681
2021,18,CLE,Greg Newsome,DB,ACT,2000-05-18,0,00-0036996,4361266,33414,NewsGr00,83341,7630
2021,18,DEN,Javonte Williams,RB,ACT,2000-04-25,0,00-0036997,4361579,33423,WillJa10,77803,7588
2021,18,MIA,Jevon Holland,DB,ACT,2000-03-03,0,00-0036998,4373809,33424,HollJe02,83873,7666
2021,18,CLE,Anthony Schwartz,WR,ACT,2000-09-05,0,00-0036999,4371986,33479,SchwAn00,84135,7533
2021,20,TEN,Monty Rice,LB,RES,1999-01-08,0,00-0037000,4240692,,RiceMo00,57839,7683
2021,18,DEN,Quinn Meinerz,OL,ACT,1998-11-15,0,00-0037001,,,,,
2021,19,PHI,Landon Dickerson,OL,ACT,1998-09-30,0,00-0037002,,,,,
2021,18,MIN,Chazz Surratt,LB,ACT,1997-02-16,0,00-0037003,4037521,,SurrCh00,40313,7673
2021,18,MIA,Hunter Long,TE,INA,1998-08-19,0,00-0037004,4239944,33469,LongHu00,60859,7535
2021,18,CAR,Tommy Tremble,TE,ACT,2000-06-02,0,00-0037005,4372780,33471,TremTo00,84025,7694
2021,18,MIN,Wyatt Davis,OL,INA,1999-02-17,0,00-0037006,,,,,
2021,18,MIN,Patrick Jones,DL,ACT,1998-09-29,0,00-0037007,4036063,33478,JonePa00,43974,7674
2021,21,SF,Ambry Thomas,DB,ACT,1999-09-09,0,00-0037008,4258209,,ThomAm00,56058,7686
2021,18,LAC,Rashawn Slater,OL,ACT,1999-03-26,0,00-0037009,,,,,
2021,18,MIA,Liam Eichenberg,OL,ACT,1998-01-19,0,00-0037010,,,,,
2021,18,LAC,Tre' McKitty,TE,ACT,1999-01-12,0,00-0037011,4240023,33485,McKiTr00,60896,7554
2021,21,SF,Trey Lance,QB,ACT,2000-05-09,0,00-0037012,4383351,33391,LancTr00,91399,7610
2021,18,NYJ,Zach Wilson,QB,ACT,1999-08-03,0,00-0037013,4361259,33390,WilsZa00,82096,7538
2021,21,SF,Alfredo Gutierrez,OL,DEV,1995-12-29,0,00-0037018,,,,,
2021,18,SEA,Aaron Donkor,LB,DEV,1995-03-21,0,00-0037019,,,,,
2021,19,ARI,Bernhard Seikovits,TE,DEV,1997-07-24,0,00-0037020,,,,,
2021,18,IND,Michael Jacobson,TE,DEV,1997-04-04,0,00-0037022,,,,,
2021,1,LAC,K.J. Sails,DB,CUT,,0,00-0037023,,,,,
2021,18,SEA,Lakiem Williams,LB,DEV,1997-08-18,0,00-0037025,,,,,
2021,11,SEA,Alex Tchangam,DL,CUT,1997-05-05,0,00-0037027,,,,,
2021,18,CHI,Ryan Willis,QB,DEV,1996-09-28,0,00-0037028,,,,,
2021,21,KC,Mark Vital,TE,DEV,,0,,,,,,
