"player","team","position","id","avg_type","pass_yds","pass_yds_sd","pass_tds","pass_tds_sd","pass_int","pass_int_sd","rush_yds","rush_yds_sd","rush_tds","rush_tds_sd","fumbles_lost","fumbles_lost_sd","two_pts","two_pts_sd","return_tds","return_tds_sd","rec","rec_sd","rec_yds","rec_yds_sd","rec_tds","rec_tds_sd","fg_0019","fg_0019_sd","fg_2029","fg_2029_sd","fg_3039","fg_3039_sd","fg_4049","fg_4049_sd","fg_50","fg_50_sd","xp","xp_sd","dst_int","dst_int_sd","dst_sacks","dst_sacks_sd","dst_safety","dst_safety_sd","dst_td","dst_td_sd","dst_blk","dst_blk_sd","idp_solo","idp_solo_sd","idp_sack","idp_sack_sd","idp_int","idp_int_sd","idp_pd","idp_pd_sd","idp_td","idp_td_sd","draft_year","birthdate","injury_status","injury_details","season_year","week"
"Tom Brady","TB","QB","5848","weighted",4355.69716900549,325.357480284037,29.7579011592434,4.16553492284142,10.5680902989628,3.78613377989059,36.6867907260525,15.282831457499,0.981465618589706,0.205168541588741,2.12643888549929,0.208744153846382,NA,NA,NA,NA,NA,NA,NA,NA,NA,NA,NA,NA,NA,NA,NA,NA,NA,NA,NA,NA,NA,NA,NA,NA,NA,NA,NA,NA,NA,NA,NA,NA,NA,NA,NA,NA,NA,NA,NA,NA,NA,NA,2000,1977-08-03,NA,NA,NA,NA
"Patrick Mahomes","KC","QB","13116","weighted",4605.48962782184,126.526739820573,37.1691031116534,3.00783639482974,9.09591214154973,1.93801494651872,239.715247101891,27.8956189579125,2.14121638909123,0.186958054516267,1.70024405125076,0.223654450549695,NA,NA,NA,NA,NA,NA,NA,NA,NA,NA,NA,NA,NA,NA,NA,NA,NA,NA,NA,NA,NA,NA,NA,NA,NA,NA,NA,NA,NA,NA,NA,NA,NA,NA,NA,NA,NA,NA,NA,NA,NA,NA,2017,1995-09-17,NA,NA,NA,NA
"Matt Ryan","ATL","QB","9099","weighted",4516.82485661989,212.371733918778,28.2629774252593,2.5054653796476,12.209749847468,1.07421545282379,136.58230628432,12.3574610349094,1.05148554264222,0.129508568387405,4.99877974374619,1.11827225274847,NA,NA,NA,NA,NA,NA,NA,NA,NA,NA,NA,NA,NA,NA,NA,NA,NA,NA,NA,NA,NA,NA,NA,NA,NA,NA,NA,NA,NA,NA,NA,NA,NA,NA,NA,NA,NA,NA,NA,NA,NA,NA,2008,1985-05-17,NA,NA,NA,NA
"Dak Prescott","DAL","QB","12620","weighted",4504.97804758999,120.827010309201,28.7745454545455,2.90290565431709,11.2048688224527,1.13386712368353,277.94557657108,21.6454314289789,3.80331254707743,0.209111685179051,3.36634126499898,0.298205934066259,NA,NA,NA,NA,NA,NA,NA,NA,NA,NA,NA,NA,NA,NA,NA,NA,NA,NA,NA,NA,NA,NA,NA,NA,NA,NA,NA,NA,NA,NA,NA,NA,NA,NA,NA,NA,NA,NA,NA,NA,NA,NA,2016,1993-07-29,NA,NA,NA,NA
"Philip Rivers","IND","QB","7394","weighted",4167.43499694936,241.425349403759,25.0663209273948,3.67802632285671,15.3026479560708,1.62537392418289,16.923533862111,8.93032960452179,0.0617316442455913,0.0998256276360938,2.73978035387431,0.201289005494725,NA,NA,NA,NA,NA,NA,NA,NA,NA,NA,NA,NA,NA,NA,NA,NA,NA,NA,NA,NA,NA,NA,NA,NA,NA,NA,NA,NA,NA,NA,NA,NA,NA,NA,NA,NA,NA,NA,NA,NA,NA,NA,2004,1981-12-08,NA,NA,NA,NA
"Matthew Stafford","DET","QB","9431","weighted",4336.50772422209,262.025577530868,27.5062721171446,3.15571429491477,11.4506772422209,1.79264638613378,69.6090274557657,16.2803928520632,0.788274368352792,0.239190006089005,3.65985356924954,0.134192670329817,NA,NA,NA,NA,NA,NA,NA,NA,NA,NA,NA,NA,NA,NA,NA,NA,NA,NA,NA,NA,NA,NA,NA,NA,NA,NA,NA,NA,NA,NA,NA,NA,NA,NA,NA,NA,NA,NA,NA,NA,NA,NA,2009,1988-02-07,NA,NA,NA,NA
"Matthew Stafford","DET","QB","9431","weighted",4336.50772422209,262.025577530868,27.5062721171446,3.15571429491477,11.4506772422209,1.79264638613378,69.6090274557657,16.2803928520632,0.788274368352792,0.239190006089005,3.65985356924954,0.134192670329817,NA,NA,NA,NA,NA,NA,NA,NA,NA,NA,NA,NA,NA,NA,NA,NA,NA,NA,NA,NA,NA,NA,NA,NA,NA,NA,NA,NA,NA,NA,NA,NA,NA,NA,NA,NA,NA,NA,NA,NA,NA,NA,2009,2003-05-23,NA,NA,NA,NA
"Jared Goff","LAR","QB","12611","weighted",4393.09405735204,132.982199482047,25.8700061012813,2.31166065969319,14.3178767541184,0.901504791585849,76.3258938377059,34.9904723142503,1.00893783763125,0.257354372983872,3.59987797437462,0.111827225274847,NA,NA,NA,NA,NA,NA,NA,NA,NA,NA,NA,NA,NA,NA,NA,NA,NA,NA,NA,NA,NA,NA,NA,NA,NA,NA,NA,NA,NA,NA,NA,NA,NA,NA,NA,NA,NA,NA,NA,NA,NA,NA,2016,1994-10-14,NA,NA,NA,NA
"Kyler Murray","ARI","QB","14056","weighted",4082.05896278218,306.263746189248,24.68158633313,3.67072989268967,12.3358877364247,1.21357391845321,477.613395363026,53.5501805535913,3.64802255068255,0.81443911315784,3.21297539149888,0.328026527472885,NA,NA,NA,NA,NA,NA,NA,NA,NA,NA,NA,NA,NA,NA,NA,NA,NA,NA,NA,NA,NA,NA,NA,NA,NA,NA,NA,NA,NA,NA,NA,NA,NA,NA,NA,NA,NA,NA,NA,NA,NA,NA,2019,1997-08-07,NA,NA,NA,NA
"Ben Roethlisberger","PIT","QB","7401","weighted",4116.71175106772,219.598252173722,27.273264185479,2.0520768452769,14.8254545454545,3.63920900170301,38.9170494203783,6.28487333332356,0.828491163231125,0.20859898227077,1.88004881025015,0.0447308901099389,NA,NA,NA,NA,NA,NA,NA,NA,NA,NA,NA,NA,NA,NA,NA,NA,NA,NA,NA,NA,NA,NA,NA,NA,NA,NA,NA,NA,NA,NA,NA,NA,NA,NA,NA,NA,NA,NA,NA,NA,NA,NA,2004,1982-03-02,NA,NA,NA,NA
"Drew Brees","NO","QB","4925","weighted",4142.81204392923,267.730854953337,32.5460524710189,1.51035133478228,8.13587553386211,1.80187848526131,25.0674557657108,20.5428666233355,0.749952042968647,0.424233828041338,1.38653650599959,0.119282373626504,NA,NA,NA,NA,NA,NA,NA,NA,NA,NA,NA,NA,NA,NA,NA,NA,NA,NA,NA,NA,NA,NA,NA,NA,NA,NA,NA,NA,NA,NA,NA,NA,NA,NA,NA,NA,NA,NA,NA,NA,NA,NA,2001,1979-01-15,NA,NA,NA,NA
"Baker Mayfield","CLE","QB","13590","weighted",3991.84383160464,209.3162652519,26.1562416107383,1.62927858749052,15.4763392312386,2.0490674975512,140.294283099451,6.78249179777332,1.50437157480505,0.371601487979659,2.17331706324995,0.0149102967033131,NA,NA,NA,NA,NA,NA,NA,NA,NA,NA,NA,NA,NA,NA,NA,NA,NA,NA,NA,NA,NA,NA,NA,NA,NA,NA,NA,NA,NA,NA,NA,NA,NA,NA,NA,NA,NA,NA,NA,NA,NA,NA,2018,1995-04-14,NA,NA,NA,NA
"Carson Wentz","PHI","QB","12610","weighted",4085.29115314216,148.981795412793,28.8783160463697,2.93462169914681,9.099841366687,1.56344107091914,240.669051250763,20.7950967029068,1.66404492668253,0.40857229256892,6.74492576774456,1.59540174725449,NA,NA,NA,NA,NA,NA,NA,NA,NA,NA,NA,NA,NA,NA,NA,NA,NA,NA,NA,NA,NA,NA,NA,NA,NA,NA,NA,NA,NA,NA,NA,NA,NA,NA,NA,NA,NA,NA,NA,NA,NA,NA,2016,1992-12-30,NA,NA,NA,NA
"Derek Carr","LVR","QB","11644","weighted",3961.72113483832,278.831558395034,22.1034655277608,2.79122459632467,9.6556802928615,0.994639914601565,81.6220488102501,19.9971136298625,1.31600017312201,0.415305997181999,3.87980475899939,0.178923560439756,NA,NA,NA,NA,NA,NA,NA,NA,NA,NA,NA,NA,NA,NA,NA,NA,NA,NA,NA,NA,NA,NA,NA,NA,NA,NA,NA,NA,NA,NA,NA,NA,NA,NA,NA,NA,NA,NA,NA,NA,NA,NA,2014,1991-03-28,NA,NA,NA,NA
"Daniel Jones","NYG","QB","14059","weighted",3876.18112263575,219.960746160924,25.9342647956071,1.56531779060961,13.5274557657108,1.15545625916076,308.928202562538,28.2812639900353,2.46703958341752,0.386766119171695,8.73941427699817,0.536770681319267,NA,NA,NA,NA,NA,NA,NA,NA,NA,NA,NA,NA,NA,NA,NA,NA,NA,NA,NA,NA,NA,NA,NA,NA,NA,NA,NA,NA,NA,NA,NA,NA,NA,NA,NA,NA,NA,NA,NA,NA,NA,NA,2019,1997-05-27,NA,NA,NA,NA
"Russell Wilson","SEA","QB","10703","weighted",3993.10323367907,176.905697122951,31.0176082977425,1.71731283088363,6.90874923733984,1.68148231260612,356.477803538743,10.5653582359401,2.58955346463235,0.426402267154886,1.84687817775066,0.193833857143069,NA,NA,NA,NA,NA,NA,NA,NA,NA,NA,NA,NA,NA,NA,NA,NA,NA,NA,NA,NA,NA,NA,NA,NA,NA,NA,NA,NA,NA,NA,NA,NA,NA,NA,NA,NA,NA,NA,NA,NA,NA,NA,2012,1988-11-29,NA,NA,NA,NA
"Deshaun Watson","HOU","QB","13113","weighted",3989.65768151312,123.932730155812,26.1013788895668,2.31048524052986,11.9397925564369,1.01956249301068,455.276461256864,23.0251159961528,4.69546060255516,0.342382102314229,2.16009762050031,0.0894617802198779,NA,NA,NA,NA,NA,NA,NA,NA,NA,NA,NA,NA,NA,NA,NA,NA,NA,NA,NA,NA,NA,NA,NA,NA,NA,NA,NA,NA,NA,NA,NA,NA,NA,NA,NA,NA,NA,NA,NA,NA,NA,NA,2017,1995-09-14,NA,NA,NA,NA
"Aaron Rodgers","GB","QB","7836","weighted",4102.16435631483,63.3449153678006,27.0719341061623,2.31379274231467,6.95555826723612,2.86020412723817,190.910591824283,10.3414219833115,1.33772280761036,0.388626804012046,3.59951189749847,0.447308901099389,NA,NA,NA,NA,NA,NA,NA,NA,NA,NA,NA,NA,NA,NA,NA,NA,NA,NA,NA,NA,NA,NA,NA,NA,NA,NA,NA,NA,NA,NA,NA,NA,NA,NA,NA,NA,NA,NA,NA,NA,NA,NA,2005,1983-12-02,NA,NA,NA,NA
"Cam Newton","NE","QB","10273","weighted",3553.67842586943,379.066755325407,22.7612812690665,2.21703909066852,12.5643685173887,1.54004373100301,407.832913361806,86.0172090481193,4.34016875306367,1.04324165211961,2.35985356924954,0.134192670329817,NA,NA,NA,NA,NA,NA,NA,NA,NA,NA,NA,NA,NA,NA,NA,NA,NA,NA,NA,NA,NA,NA,NA,NA,NA,NA,NA,NA,NA,NA,NA,NA,NA,NA,NA,NA,NA,NA,NA,NA,NA,NA,2011,1989-05-11,NA,NA,NA,NA
"Jimmy Garoppolo","SF","QB","11760","weighted",3920.20783404515,173.172927446757,26.7813422818792,2.63262110149227,12.7637827943868,1.25986395106646,76.8456961561928,32.3295786440997,1.13354139349246,0.249897502337664,3.67980475899939,0.178923560439756,NA,NA,NA,NA,NA,NA,NA,NA,NA,NA,NA,NA,NA,NA,NA,NA,NA,NA,NA,NA,NA,NA,NA,NA,NA,NA,NA,NA,NA,NA,NA,NA,NA,NA,NA,NA,NA,NA,NA,NA,NA,NA,2014,1991-11-02,NA,NA,NA,NA
"Drew Lock","DEN","QB","14057","weighted",3703.08281879195,274.822055819194,22.6746796827334,3.99171627658598,11.676327028676,0.927573969911457,208.827719341062,46.3496584855245,1.75751906784561,0.359194226385455,3.63990237949969,0.0894617802198779,NA,NA,NA,NA,NA,NA,NA,NA,NA,NA,NA,NA,NA,NA,NA,NA,NA,NA,NA,NA,NA,NA,NA,NA,NA,NA,NA,NA,NA,NA,NA,NA,NA,NA,NA,NA,NA,NA,NA,NA,NA,NA,2019,1996-11-10,NA,NA,NA,NA
"Ryan Fitzpatrick","MIA","QB","8062","weighted",3138.12717510677,767.104757274073,18.2403904820012,4.29331632766114,14.2910189139719,4.82647191526821,163.733323978035,31.1582524779242,1.26423817965841,0.314053816578503,2.39938987187309,0.559136126374237,NA,NA,NA,NA,NA,NA,NA,NA,NA,NA,NA,NA,NA,NA,NA,NA,NA,NA,NA,NA,NA,NA,NA,NA,NA,NA,NA,NA,NA,NA,NA,NA,NA,NA,NA,NA,NA,NA,NA,NA,NA,NA,2005,1982-11-24,NA,NA,NA,NA
"Joe Burrow","CIN","QB","14777","weighted",3666.25050640635,257.522403820579,21.9379621720561,1.88364059299742,14.947370347773,1.58552961650203,291.876711409396,122.897282154578,2.61615040821457,1.11171182983083,3.7,0,NA,NA,NA,NA,NA,NA,NA,NA,NA,NA,NA,NA,NA,NA,NA,NA,NA,NA,NA,NA,NA,NA,NA,NA,NA,NA,NA,NA,NA,NA,NA,NA,NA,NA,NA,NA,NA,NA,NA,NA,NA,NA,2020,1996-12-10,NA,NA,NA,NA
"Kirk Cousins","MIN","QB","10700","weighted",3846.52795607077,171.560491588818,25.7725076266016,1.53915102099953,10.1037583892617,2.02701195729545,90.3730359975595,24.8116951482924,1.02727307838317,0.20156305162067,4.19975594874924,0.223654450549695,NA,NA,NA,NA,NA,NA,NA,NA,NA,NA,NA,NA,NA,NA,NA,NA,NA,NA,NA,NA,NA,NA,NA,NA,NA,NA,NA,NA,NA,NA,NA,NA,NA,NA,NA,NA,NA,NA,NA,NA,NA,NA,2012,1988-08-19,NA,NA,NA,NA
"Teddy Bridgewater","CAR","QB","11640","weighted",3633.1082733374,326.735435936622,21.3033312995729,4.99499679880514,13.0819890176937,2.53020114932131,123.637793776693,29.7563151914127,1.07718546305062,0.0881022634225273,3.19926784624771,0.670963351649084,NA,NA,NA,NA,NA,NA,NA,NA,NA,NA,NA,NA,NA,NA,NA,NA,NA,NA,NA,NA,NA,NA,NA,NA,NA,NA,NA,NA,NA,NA,NA,NA,NA,NA,NA,NA,NA,NA,NA,NA,NA,NA,2014,1992-11-10,NA,NA,NA,NA
"Ryan Tannehill","TEN","QB","10697","weighted",3649.34424649176,352.846216467286,25.5749359365467,1.24830955217684,11.1786089078707,0.853498696880025,238.222406955461,23.6311220121602,2.54779909860823,0.376008304686668,3.1,4.97068132763397e-16,NA,NA,NA,NA,NA,NA,NA,NA,NA,NA,NA,NA,NA,NA,NA,NA,NA,NA,NA,NA,NA,NA,NA,NA,NA,NA,NA,NA,NA,NA,NA,NA,NA,NA,NA,NA,NA,NA,NA,NA,NA,NA,2012,1988-07-27,NA,NA,NA,NA
"Sam Darnold","NYJ","QB","13592","weighted",3652.21804758999,181.284913011486,23.1955216595485,1.59230936264989,13.8732519829164,1.37406328885872,131.970529591214,33.6414518246464,1.59414514007407,0.390028480020614,3.05997559487492,0.0223654450549696,NA,NA,NA,NA,NA,NA,NA,NA,NA,NA,NA,NA,NA,NA,NA,NA,NA,NA,NA,NA,NA,NA,NA,NA,NA,NA,NA,NA,NA,NA,NA,NA,NA,NA,NA,NA,NA,NA,NA,NA,NA,NA,2018,1997-06-05,NA,NA,NA,NA
"Tyrod Taylor","LAC","QB","10413","weighted",2828.51220256254,942.28977044198,16.7202318486882,5.79442595120399,10.5083953630262,5.63276491989769,262.800037827944,87.2498730781003,2.60439705201861,1.17192222739462,1.79975594874924,0.223654450549695,NA,NA,NA,NA,NA,NA,NA,NA,NA,NA,NA,NA,NA,NA,NA,NA,NA,NA,NA,NA,NA,NA,NA,NA,NA,NA,NA,NA,NA,NA,NA,NA,NA,NA,NA,NA,NA,NA,NA,NA,NA,NA,2011,1989-08-03,NA,NA,NA,NA
"Gardner Minshew","JAC","QB","14067","weighted",3576.15413819286,174.219308725912,22.4808656036446,1.77986283134297,10.3940015186029,1.84733541140452,360.590508731967,32.3125798078724,1.98596062816952,0.0491419464632281,6.14897494305239,0.299868264007382,NA,NA,NA,NA,NA,NA,NA,NA,NA,NA,NA,NA,NA,NA,NA,NA,NA,NA,NA,NA,NA,NA,NA,NA,NA,NA,NA,NA,NA,NA,NA,NA,NA,NA,NA,NA,NA,NA,NA,NA,NA,NA,2019,1996-05-16,NA,NA,NA,NA
"Mitchell Trubisky","CHI","QB","13115","weighted",2746.47475699558,995.274927637708,17.440176730486,7.5168976457529,11.0388659793814,4.45157776761348,200.540012886598,80.7374198326388,1.94741834373408,0.84062641146372,2.39263622974963,0.3952708469391,NA,NA,NA,NA,NA,NA,NA,NA,NA,NA,NA,NA,NA,NA,NA,NA,NA,NA,NA,NA,NA,NA,NA,NA,NA,NA,NA,NA,NA,NA,NA,NA,NA,NA,NA,NA,NA,NA,NA,NA,NA,NA,2017,1994-08-20,NA,NA,NA,NA
"Dwayne Haskins","WAS","QB","14058","weighted",3133.00224527151,388.494597984722,17.8846003660769,2.86509826575192,11.8549847467968,1.2079657886581,171.990619890177,50.8190903237284,1.00842842541011,0.247229393048789,3.57980475899939,0.178923560439756,NA,NA,NA,NA,NA,NA,NA,NA,NA,NA,NA,NA,NA,NA,NA,NA,NA,NA,NA,NA,NA,NA,NA,NA,NA,NA,NA,NA,NA,NA,NA,NA,NA,NA,NA,NA,NA,NA,NA,NA,NA,NA,2019,1970-01-01,NA,NA,NA,NA
"Josh Allen","BUF","QB","13589","weighted",3382.92140329469,245.024251941851,21.1845271507016,3.10248082605453,10.9084563758389,0.945739514456627,547.842010372178,57.4867687834167,6.96248735233022,0.905127546559961,3.83965832824893,0.313116230769573,NA,NA,NA,NA,NA,NA,NA,NA,NA,NA,NA,NA,NA,NA,NA,NA,NA,NA,NA,NA,NA,NA,NA,NA,NA,NA,NA,NA,NA,NA,NA,NA,NA,NA,NA,NA,NA,NA,NA,NA,NA,NA,2018,1996-05-21,NA,NA,NA,NA
"Nick Foles","CHI","QB","10699","weighted",1882.31909701037,1392.118073919,9.78883465527761,9.84653025777459,5.40280658938377,5.62968923114634,42.7115070164735,42.9203878982882,0.00927394752898109,0.0135172354145907,1.71995118974985,0.0447308901099389,NA,NA,NA,NA,NA,NA,NA,NA,NA,NA,NA,NA,NA,NA,NA,NA,NA,NA,NA,NA,NA,NA,NA,NA,NA,NA,NA,NA,NA,NA,NA,NA,NA,NA,NA,NA,NA,NA,NA,NA,NA,NA,2012,1989-01-20,NA,NA,NA,NA
"Lamar Jackson","BAL","QB","13593","weighted",3302.82956680903,168.368280808383,29.0571323978035,0.618315642381581,9.68939597315436,1.68562229888409,986.369734594265,81.879199424627,7.10320480398111,0.798145819380885,4.27258490949766,0.685873648352397,NA,NA,NA,NA,NA,NA,NA,NA,NA,NA,NA,NA,NA,NA,NA,NA,NA,NA,NA,NA,NA,NA,NA,NA,NA,NA,NA,NA,NA,NA,NA,NA,NA,NA,NA,NA,NA,NA,NA,NA,NA,NA,2018,1997-01-07,NA,NA,NA,NA
"Justin Herbert","LAC","QB","14779","weighted",1209.841366687,977.424829724739,4.88413666870043,5.51971054781445,3.67602196461257,4.52752708917667,102.202538133008,88.8088984541785,0.39816961561928,0.430338383554445,0.476253813300793,0.232600628571682,NA,NA,NA,NA,NA,NA,NA,NA,NA,NA,NA,NA,NA,NA,NA,NA,NA,NA,NA,NA,NA,NA,NA,NA,NA,NA,NA,NA,NA,NA,NA,NA,NA,NA,NA,NA,NA,NA,NA,NA,NA,NA,2020,1998-03-10,NA,NA,NA,NA
"Tua Tagovailoa","MIA","QB","14778","weighted",1128.59609517999,786.937072240578,3.80353874313606,4.04417576862572,3.82696766320927,3.937904900908,74.9676754118365,48.2111009285002,0.710799267846248,0.412790432828489,1.70024405125076,0.223654450549695,NA,NA,NA,NA,NA,NA,NA,NA,NA,NA,NA,NA,NA,NA,NA,NA,NA,NA,NA,NA,NA,NA,NA,NA,NA,NA,NA,NA,NA,NA,NA,NA,NA,NA,NA,NA,NA,NA,NA,NA,NA,NA,2020,1998-03-02,NA,NA,NA,NA
"Jameis Winston","NO","QB","12140","weighted",460.18547895058,712.211111466882,2.43770591824283,4.42373061653755,1.93709579011592,3.8039760774799,4.79926784624771,4.59273196931045,0.00927394752898109,0.0135172354145907,0.919707138499085,0.268385340659634,NA,NA,NA,NA,NA,NA,NA,NA,NA,NA,NA,NA,NA,NA,NA,NA,NA,NA,NA,NA,NA,NA,NA,NA,NA,NA,NA,NA,NA,NA,NA,NA,NA,NA,NA,NA,NA,NA,NA,NA,NA,NA,2015,1994-01-06,NA,NA,NA,NA
"Matt Barkley","BUF","QB","11151","weighted",464.550583657588,700.944093123327,0.750389105058366,0.629756527772883,4.05856031128405,6.33740582989921,0.951848249027237,0.894413995216758,0,0,2.37485408560311,0.942506582995393,NA,NA,NA,NA,NA,NA,NA,NA,NA,NA,NA,NA,NA,NA,NA,NA,NA,NA,NA,NA,NA,NA,NA,NA,NA,NA,NA,NA,NA,NA,NA,NA,NA,NA,NA,NA,NA,NA,NA,NA,NA,NA,2013,1990-09-08,NA,NA,NA,NA
"Kyle Allen","WAS","QB","13879","weighted",389.460674157303,673.550657183297,1.03544433094995,1.79074359971546,2.73891726251277,4.73680565086024,0.44535240040858,0.770212300952884,0.0111338100102145,0.0192553075238221,0.566905005107252,0.202180729000132,NA,NA,NA,NA,NA,NA,NA,NA,NA,NA,NA,NA,NA,NA,NA,NA,NA,NA,NA,NA,NA,NA,NA,NA,NA,NA,NA,NA,NA,NA,NA,NA,NA,NA,NA,NA,NA,NA,NA,NA,NA,NA,2018,1996-03-08,NA,NA,NA,NA
"Marcus Mariota","LVR","QB","12141","weighted",531.378273520854,556.578202696811,3.07080504364694,2.58817527698652,1.37536372453928,1.13671722761504,42.4083414161009,44.1742212921084,0.32007759456838,0.572120318645511,0,0,NA,NA,NA,NA,NA,NA,NA,NA,NA,NA,NA,NA,NA,NA,NA,NA,NA,NA,NA,NA,NA,NA,NA,NA,NA,NA,NA,NA,NA,NA,NA,NA,NA,NA,NA,NA,NA,NA,NA,NA,NA,NA,2015,1993-10-30,"IR","Pectoral",2020,0
"Jarrett Stidham","NE","QB","14063","weighted",529.929536679537,543.705990050549,1.09749034749035,1.77185167420908,1.99420849420849,1.95296070778104,13.6966216216216,13.7261267756644,0,0,0.0684362934362934,0.0569902828867543,NA,NA,NA,NA,NA,NA,NA,NA,NA,NA,NA,NA,NA,NA,NA,NA,NA,NA,NA,NA,NA,NA,NA,NA,NA,NA,NA,NA,NA,NA,NA,NA,NA,NA,NA,NA,NA,NA,NA,NA,NA,NA,2019,1996-08-08,"Q","Hip",2020,0
"Andy Dalton","DAL","QB","10313","weighted",439.673048600884,465.016383174855,1.76664212076583,2.12743750734166,1.23026509572901,1.92577958178816,8.0315353460972,11.0271257139028,0,0,0.348159057437408,0.098817711734775,NA,NA,NA,NA,NA,NA,NA,NA,NA,NA,NA,NA,NA,NA,NA,NA,NA,NA,NA,NA,NA,NA,NA,NA,NA,NA,NA,NA,NA,NA,NA,NA,NA,NA,NA,NA,NA,NA,NA,NA,NA,NA,2011,1987-10-29,NA,NA,NA,NA
"Jacoby Brissett","IND","QB","12616","weighted",583.026557711951,502.419100052823,2.78151174668029,2.64941537146078,1.30878447395301,1.12332037237995,15.9334014300306,16.5442998442375,0.0111338100102145,0.0192553075238221,0.733605720122574,0.231063690285865,NA,NA,NA,NA,NA,NA,NA,NA,NA,NA,NA,NA,NA,NA,NA,NA,NA,NA,NA,NA,NA,NA,NA,NA,NA,NA,NA,NA,NA,NA,NA,NA,NA,NA,NA,NA,NA,NA,NA,NA,NA,NA,2016,1992-12-11,NA,NA,NA,NA
"Mason Rudolph","PIT","QB","13595","weighted",384.273166023166,394.463324158227,2.24671814671815,2.35478116315475,2.35434362934363,3.32447399857083,3.90994208494208,3.29030131987042,0.0105212355212355,0.0189967609622514,0.0684362934362934,0.0569902828867543,NA,NA,NA,NA,NA,NA,NA,NA,NA,NA,NA,NA,NA,NA,NA,NA,NA,NA,NA,NA,NA,NA,NA,NA,NA,NA,NA,NA,NA,NA,NA,NA,NA,NA,NA,NA,NA,NA,NA,NA,NA,NA,2018,1995-07-17,NA,NA,NA,NA
"Taysom Hill","NO","QB","13424","weighted",330.620656370656,381.773614362507,0.318532818532819,0.571298572983943,0,0,213.582432432432,48.7915208921256,1.81108893897507,1.03482810595127,0.0684362934362934,0.0569902828867543,NA,NA,NA,NA,NA,NA,NA,NA,NA,NA,NA,NA,NA,NA,NA,NA,NA,NA,NA,NA,NA,NA,NA,NA,NA,NA,NA,NA,NA,NA,NA,NA,NA,NA,NA,NA,NA,NA,NA,NA,NA,NA,2017,1990-08-23,NA,NA,NA,NA
"Case Keenum","CLE","QB","10948","weighted",346.821796759941,316.707453252386,1.70640648011782,1.45226649480015,1.07812960235641,0.813587593593431,6.65009204712813,7.80494108103794,0,0,0.696318114874816,0.19763542346955,NA,NA,NA,NA,NA,NA,NA,NA,NA,NA,NA,NA,NA,NA,NA,NA,NA,NA,NA,NA,NA,NA,NA,NA,NA,NA,NA,NA,NA,NA,NA,NA,NA,NA,NA,NA,NA,NA,NA,NA,NA,NA,2012,1988-02-17,NA,NA,NA,NA
"Nick Mullens","SF","QB","13968","weighted",206.259941089838,296.987979235816,0.915022091310751,1.87753652296072,1.24226804123711,1.85922644616255,0.0842783505154639,0.172930995535856,0,0,0.037960235640648,0.0247044279336937,NA,NA,NA,NA,NA,NA,NA,NA,NA,NA,NA,NA,NA,NA,NA,NA,NA,NA,NA,NA,NA,NA,NA,NA,NA,NA,NA,NA,NA,NA,NA,NA,NA,NA,NA,NA,NA,NA,NA,NA,NA,NA,2017,1995-03-21,NA,NA,NA,NA
"Joe Flacco","NYJ","QB","9064","weighted",316.840490797546,442.648845022779,1.51840490797546,2.12132034355964,1.01226993865031,1.4142135623731,7.08588957055215,9.89949493661167,0,0,0.1,0,NA,NA,NA,NA,NA,NA,NA,NA,NA,NA,NA,NA,NA,NA,NA,NA,NA,NA,NA,NA,NA,NA,NA,NA,NA,NA,NA,NA,NA,NA,NA,NA,NA,NA,NA,NA,NA,NA,NA,NA,NA,NA,2008,1985-01-16,"O","Neck",2020,0
"Jalen Hurts","PHI","QB","14783","weighted",234.756756756757,215.247779140913,1.34667953667954,1.46175928499784,0.637065637065637,1.14259714596789,170.564864864865,120.791273971793,1.5391725161024,0.523203066128642,0.752799227799228,0.626893111754298,NA,NA,NA,NA,NA,NA,NA,NA,NA,NA,NA,NA,NA,NA,NA,NA,NA,NA,NA,NA,NA,NA,NA,NA,NA,NA,NA,NA,NA,NA,NA,NA,NA,NA,NA,NA,NA,NA,NA,NA,NA,NA,2020,1998-08-07,NA,NA,NA,NA
"Blaine Gabbert","TB","QB","10262","weighted",133.119293078056,185.573866022327,0.953313696612666,1.29616866473277,0.794624447717231,1.63049224362379,2.08170103092783,2.47833017662504,0.00601988217967599,0.0123522139668469,0.037960235640648,0.0247044279336937,NA,NA,NA,NA,NA,NA,NA,NA,NA,NA,NA,NA,NA,NA,NA,NA,NA,NA,NA,NA,NA,NA,NA,NA,NA,NA,NA,NA,NA,NA,NA,NA,NA,NA,NA,NA,NA,NA,NA,NA,NA,NA,2011,1989-10-15,NA,NA,NA,NA
"Robert Griffin","BAL","QB","10696","weighted",207.321060382916,166.490105001238,0.883284241531664,0.615492986142974,1.31671575846834,1.37247702651764,28.7687039764359,33.3313473664792,0,0,0.037960235640648,0.0247044279336937,NA,NA,NA,NA,NA,NA,NA,NA,NA,NA,NA,NA,NA,NA,NA,NA,NA,NA,NA,NA,NA,NA,NA,NA,NA,NA,NA,NA,NA,NA,NA,NA,NA,NA,NA,NA,NA,NA,NA,NA,NA,NA,2012,1990-02-12,NA,NA,NA,NA
"Josh Rosen","FA","QB","13591","weighted",230.123287671233,193.040151263927,0.532146118721461,0.664680374315355,1.4027397260274,0.848528137423857,8.26255707762557,3.88908729652601,0,0,0.149771689497717,0.0707106781186548,NA,NA,NA,NA,NA,NA,NA,NA,NA,NA,NA,NA,NA,NA,NA,NA,NA,NA,NA,NA,NA,NA,NA,NA,NA,NA,NA,NA,NA,NA,NA,NA,NA,NA,NA,NA,NA,NA,NA,NA,NA,NA,2018,1997-02-10,NA,NA,NA,NA
"Will Grier","CAR","QB","14062","weighted",173.061776061776,181.482608148252,0.731660231660232,1.18123444947272,1.12335907335907,1.17739058157738,3.14189189189189,3.03820517288034,0,0,1.57876447876448,0.683883394641052,NA,NA,NA,NA,NA,NA,NA,NA,NA,NA,NA,NA,NA,NA,NA,NA,NA,NA,NA,NA,NA,NA,NA,NA,NA,NA,NA,NA,NA,NA,NA,NA,NA,NA,NA,NA,NA,NA,NA,NA,NA,NA,2019,1995-04-03,NA,NA,NA,NA
"Jake Luton","JAC","QB","14793","weighted",344.558073654391,8.48528137423857,0.629461756373938,0.565685424949238,2.09263456090652,0.14142135623731,14.7262747875354,1.94454364826301,0,0,4.58951841359773,2.12132034355964,NA,NA,NA,NA,NA,NA,NA,NA,NA,NA,NA,NA,NA,NA,NA,NA,NA,NA,NA,NA,NA,NA,NA,NA,NA,NA,NA,NA,NA,NA,NA,NA,NA,NA,NA,NA,NA,NA,NA,NA,NA,NA,2020,1970-01-01,NA,NA,NA,NA
"Brian Hoyer","NE","QB","9714","weighted",172.02962206333,165.590128079066,0.674157303370786,1.15793279338351,0.337078651685393,0.578966396691755,3.36159346271706,3.51207042137966,0,0,0,0,NA,NA,NA,NA,NA,NA,NA,NA,NA,NA,NA,NA,NA,NA,NA,NA,NA,NA,NA,NA,NA,NA,NA,NA,NA,NA,NA,NA,NA,NA,NA,NA,NA,NA,NA,NA,NA,NA,NA,NA,NA,NA,2009,1985-10-31,NA,NA,NA,NA
"Colt McCoy","NYG","QB","9899","weighted",86.6377025036819,145.278821662467,0.303166421207658,0.503156753468592,0.327245949926362,0.492485791983788,0.24079528718704,0.494088558673875,0,0,0.0813880706921944,0.00741132838010812,NA,NA,NA,NA,NA,NA,NA,NA,NA,NA,NA,NA,NA,NA,NA,NA,NA,NA,NA,NA,NA,NA,NA,NA,NA,NA,NA,NA,NA,NA,NA,NA,NA,NA,NA,NA,NA,NA,NA,NA,NA,NA,2010,1986-09-05,NA,NA,NA,NA
"Ryan Finley","CIN","QB","14068","weighted",158.782818532819,141.486669157029,0.839285714285714,0.747496262148524,0.252509652509653,0.455922263094035,8.5046332046332,8.0962197810722,0,0,1.02094594594595,0.39893198020728,NA,NA,NA,NA,NA,NA,NA,NA,NA,NA,NA,NA,NA,NA,NA,NA,NA,NA,NA,NA,NA,NA,NA,NA,NA,NA,NA,NA,NA,NA,NA,NA,NA,NA,NA,NA,NA,NA,NA,NA,NA,NA,2019,1970-01-01,NA,NA,NA,NA
"Sean Mannion","MIN","QB","12145","weighted",113.321984435798,150.057506895094,0.368677042801556,0.591710827167944,0.464105058365759,0.523107904797912,1.39474708171206,1.15575928319212,0.0106031128404669,0.01904053703021,0.2,0,NA,NA,NA,NA,NA,NA,NA,NA,NA,NA,NA,NA,NA,NA,NA,NA,NA,NA,NA,NA,NA,NA,NA,NA,NA,NA,NA,NA,NA,NA,NA,NA,NA,NA,NA,NA,NA,NA,NA,NA,NA,NA,2015,1992-04-25,NA,NA,NA,NA
"Jeff Driskel","DEN","QB","12623","weighted",100.20471281296,128.777754753705,0.447643593519882,0.512500722120329,0.654491899852725,0.984971583967577,2.87247790868925,3.21821884065894,0.00601988217967599,0.0123522139668469,0.037960235640648,0.0247044279336937,NA,NA,NA,NA,NA,NA,NA,NA,NA,NA,NA,NA,NA,NA,NA,NA,NA,NA,NA,NA,NA,NA,NA,NA,NA,NA,NA,NA,NA,NA,NA,NA,NA,NA,NA,NA,NA,NA,NA,NA,NA,NA,2016,1993-04-23,NA,NA,NA,NA
"Alex Smith","WAS","QB","7813","weighted",85.2319587628866,119.35338389904,0.630412371134021,0.994473082941806,0.0481590574374079,0.098817711734775,3.51493004418262,4.05850570080788,0,0,0.037960235640648,0.0247044279336937,NA,NA,NA,NA,NA,NA,NA,NA,NA,NA,NA,NA,NA,NA,NA,NA,NA,NA,NA,NA,NA,NA,NA,NA,NA,NA,NA,NA,NA,NA,NA,NA,NA,NA,NA,NA,NA,NA,NA,NA,NA,NA,2005,1984-05-07,"Q","Leg",2020,0
"Brett Hundley","ARI","QB","12142","weighted",79.4954034729316,137.48289572009,0,0,0.434218590398366,0.750956993429062,0.990909090909091,1.71372236962017,0,0,0.500204290091931,0.173297767714399,NA,NA,NA,NA,NA,NA,NA,NA,NA,NA,NA,NA,NA,NA,NA,NA,NA,NA,NA,NA,NA,NA,NA,NA,NA,NA,NA,NA,NA,NA,NA,NA,NA,NA,NA,NA,NA,NA,NA,NA,NA,NA,2015,1993-06-15,NA,NA,NA,NA
"Logan Woodside","TEN","QB","13846","weighted",197.916430594901,30.4055915910216,0.536827195467422,0.707106781186548,2.99164305949009,3.04055915910216,2.83371104815864,1.27279220613579,0.0157147915823553,0.023991122933115,0.0268413597733711,0.0353553390593274,NA,NA,NA,NA,NA,NA,NA,NA,NA,NA,NA,NA,NA,NA,NA,NA,NA,NA,NA,NA,NA,NA,NA,NA,NA,NA,NA,NA,NA,NA,NA,NA,NA,NA,NA,NA,NA,NA,NA,NA,NA,NA,2018,1995-01-27,NA,NA,NA,NA
"AJ McCarron","HOU","QB","11643","weighted",61.6892488954345,110.278201275022,0.279086892488954,0.518337391948966,0.279086892488954,0.518337391948966,1.72435567010309,2.01058532247483,0,0,0.037960235640648,0.0247044279336937,NA,NA,NA,NA,NA,NA,NA,NA,NA,NA,NA,NA,NA,NA,NA,NA,NA,NA,NA,NA,NA,NA,NA,NA,NA,NA,NA,NA,NA,NA,NA,NA,NA,NA,NA,NA,NA,NA,NA,NA,NA,NA,2014,1990-09-13,NA,NA,NA,NA
"Geno Smith","SEA","QB","11150","weighted",6.4703196347032,9.19238815542512,0,0,0,0,2.86187214611872,4.06586399182265,0.0248858447488584,0.0353553390593274,0.349771689497717,0.0707106781186547,NA,NA,NA,NA,NA,NA,NA,NA,NA,NA,NA,NA,NA,NA,NA,NA,NA,NA,NA,NA,NA,NA,NA,NA,NA,NA,NA,NA,NA,NA,NA,NA,NA,NA,NA,NA,NA,NA,NA,NA,NA,NA,2013,1990-10-10,NA,NA,NA,NA
"Chase Daniel","DET","QB","9706","weighted",38.6782032400589,69.9882593724798,0,0,0,0,1.7965942562592,2.05399453313192,0,0,0.037960235640648,0.0247044279336937,NA,NA,NA,NA,NA,NA,NA,NA,NA,NA,NA,NA,NA,NA,NA,NA,NA,NA,NA,NA,NA,NA,NA,NA,NA,NA,NA,NA,NA,NA,NA,NA,NA,NA,NA,NA,NA,NA,NA,NA,NA,NA,2009,1986-10-07,NA,NA,NA,NA
"Matt Moore","FA","QB","8944","weighted",61.4586312563841,106.289297531498,0.534422880490296,0.924254761143461,0,0,0,0,0,0,0,0,NA,NA,NA,NA,NA,NA,NA,NA,NA,NA,NA,NA,NA,NA,NA,NA,NA,NA,NA,NA,NA,NA,NA,NA,NA,NA,NA,NA,NA,NA,NA,NA,NA,NA,NA,NA,NA,NA,NA,NA,NA,NA,2007,1984-08-09,NA,NA,NA,NA
"Matt Schaub","ATL","QB","7480","weighted",59.7885597548519,103.401001402925,0.968641470888662,1.67521175457252,0,0,0.233810010214505,0.404361458000264,0,0,0.0332992849846782,0.0288829612857332,NA,NA,NA,NA,NA,NA,NA,NA,NA,NA,NA,NA,NA,NA,NA,NA,NA,NA,NA,NA,NA,NA,NA,NA,NA,NA,NA,NA,NA,NA,NA,NA,NA,NA,NA,NA,NA,NA,NA,NA,NA,NA,2004,1981-06-25,NA,NA,NA,NA
"David Blough","FA","QB","14070","weighted",143,NA,0.5,NA,1.5,NA,17,NA,0,NA,0,NA,NA,NA,NA,NA,NA,NA,NA,NA,NA,NA,NA,NA,NA,NA,NA,NA,NA,NA,NA,NA,NA,NA,NA,NA,NA,NA,NA,NA,NA,NA,NA,NA,NA,NA,NA,NA,NA,NA,NA,NA,NA,NA,2019,1970-01-01,NA,NA,NA,NA
"Jordan Love","GB","QB","14782","weighted",113.897683397683,55.3910494606911,0.684362934362934,0.569902828867543,0.634169884169884,0.590617224736361,23.015250965251,11.2126308390555,0,0,0.69203667953668,0.256456272990394,NA,NA,NA,NA,NA,NA,NA,NA,NA,NA,NA,NA,NA,NA,NA,NA,NA,NA,NA,NA,NA,NA,NA,NA,NA,NA,NA,NA,NA,NA,NA,NA,NA,NA,NA,NA,NA,NA,NA,NA,NA,NA,2020,1998-11-02,NA,NA,NA,NA
"Nathan Peterman","LVR","QB","13127","weighted",56.7397260273973,80.6101730552664,0.895890410958904,1.27279220613579,1.79178082191781,2.54558441227157,0.79634703196347,1.13137084989848,0,0,0.0550684931506849,0.0212132034355964,NA,NA,NA,NA,NA,NA,NA,NA,NA,NA,NA,NA,NA,NA,NA,NA,NA,NA,NA,NA,NA,NA,NA,NA,NA,NA,NA,NA,NA,NA,NA,NA,NA,NA,NA,NA,NA,NA,NA,NA,NA,NA,2017,1994-05-04,NA,NA,NA,NA
"Chad Henne","KC","QB","9073","weighted",50.3365758754864,41.8903347806673,0.286284046692607,0.514094499815669,0,0,1.28871595330739,1.07596204131886,0,0,0.0340953307392996,0.0285608055453149,NA,NA,NA,NA,NA,NA,NA,NA,NA,NA,NA,NA,NA,NA,NA,NA,NA,NA,NA,NA,NA,NA,NA,NA,NA,NA,NA,NA,NA,NA,NA,NA,NA,NA,NA,NA,NA,NA,NA,NA,NA,NA,2008,1985-07-02,NA,NA,NA,NA
"Tim Boyle","GB","QB","13873","weighted",7,NA,0,NA,0,NA,1.6,NA,0,NA,0,NA,NA,NA,NA,NA,NA,NA,NA,NA,NA,NA,NA,NA,NA,NA,NA,NA,NA,NA,NA,NA,NA,NA,NA,NA,NA,NA,NA,NA,NA,NA,NA,NA,NA,NA,NA,NA,NA,NA,NA,NA,NA,NA,2018,1970-01-01,NA,NA,NA,NA
"C.J. Beathard","SF","QB","13125","weighted",17.7027579162411,30.6159389628771,0.133605720122574,0.231063690285865,0.133605720122574,0.231063690285865,0,0,0,0,0.0667007150153218,0.0288829612857332,NA,NA,NA,NA,NA,NA,NA,NA,NA,NA,NA,NA,NA,NA,NA,NA,NA,NA,NA,NA,NA,NA,NA,NA,NA,NA,NA,NA,NA,NA,NA,NA,NA,NA,NA,NA,NA,NA,NA,NA,NA,NA,2017,1993-11-16,NA,NA,NA,NA
"Mike Glennon","FA","QB","11152","weighted",3.98173515981735,5.65685424949238,0,0,0,0,0,0,0,0,0.149771689497717,0.0707106781186548,NA,NA,NA,NA,NA,NA,NA,NA,NA,NA,NA,NA,NA,NA,NA,NA,NA,NA,NA,NA,NA,NA,NA,NA,NA,NA,NA,NA,NA,NA,NA,NA,NA,NA,NA,NA,NA,NA,NA,NA,NA,NA,2013,1989-12-12,NA,NA,NA,NA
"Ryan Griffin","TB","QB","11441","weighted",3.98173515981735,5.65685424949238,0,0,0,0,0,0,0,0,0,0,NA,NA,NA,NA,NA,NA,NA,NA,NA,NA,NA,NA,NA,NA,NA,NA,NA,NA,NA,NA,NA,NA,NA,NA,NA,NA,NA,NA,NA,NA,NA,NA,NA,NA,NA,NA,NA,NA,NA,NA,NA,NA,2013,1989-11-17,NA,NA,NA,NA
"David Fales","FA","QB","11835","weighted",0,NA,0,NA,0,NA,0,NA,0,NA,0,NA,NA,NA,NA,NA,NA,NA,NA,NA,NA,NA,NA,NA,NA,NA,NA,NA,NA,NA,NA,NA,NA,NA,NA,NA,NA,NA,NA,NA,NA,NA,NA,NA,NA,NA,NA,NA,NA,NA,NA,NA,NA,NA,2014,1990-10-04,NA,NA,NA,NA
"Joshua Dobbs","FA","QB","13119","weighted",2.48858447488584,3.53553390593274,0,0,0.0995433789954338,0.14142135623731,0,0,0,0,0,0,NA,NA,NA,NA,NA,NA,NA,NA,NA,NA,NA,NA,NA,NA,NA,NA,NA,NA,NA,NA,NA,NA,NA,NA,NA,NA,NA,NA,NA,NA,NA,NA,NA,NA,NA,NA,NA,NA,NA,NA,NA,NA,2017,1995-01-26,NA,NA,NA,NA
"Joshua Dobbs","PIT","QB","13119","weighted",2.48858447488584,3.53553390593274,0,0,0.0995433789954338,0.14142135623731,0,0,0,0,0,0,NA,NA,NA,NA,NA,NA,NA,NA,NA,NA,NA,NA,NA,NA,NA,NA,NA,NA,NA,NA,NA,NA,NA,NA,NA,NA,NA,NA,NA,NA,NA,NA,NA,NA,NA,NA,NA,NA,NA,NA,NA,NA,2017,1995-01-26,NA,NA,NA,NA
"Tyler Bray","FA","QB","11170","weighted",0,NA,0,NA,0,NA,0,NA,0,NA,0,NA,NA,NA,NA,NA,NA,NA,NA,NA,NA,NA,NA,NA,NA,NA,NA,NA,NA,NA,NA,NA,NA,NA,NA,NA,NA,NA,NA,NA,NA,NA,NA,NA,NA,NA,NA,NA,NA,NA,NA,NA,NA,NA,2013,1991-12-27,NA,NA,NA,NA
"Garrett Gilbert","FA","QB","11854","weighted",0,NA,0,NA,0,NA,0,NA,0,NA,0,NA,NA,NA,NA,NA,NA,NA,NA,NA,NA,NA,NA,NA,NA,NA,NA,NA,NA,NA,NA,NA,NA,NA,NA,NA,NA,NA,NA,NA,NA,NA,NA,NA,NA,NA,NA,NA,NA,NA,NA,NA,NA,NA,2014,1991-07-01,NA,NA,NA,NA
"Trevor Siemian","FA","QB","12381","weighted",0,NA,0,NA,0,NA,0,NA,0,NA,0,NA,NA,NA,NA,NA,NA,NA,NA,NA,NA,NA,NA,NA,NA,NA,NA,NA,NA,NA,NA,NA,NA,NA,NA,NA,NA,NA,NA,NA,NA,NA,NA,NA,NA,NA,NA,NA,NA,NA,NA,NA,NA,NA,NA,1991-12-26,NA,NA,NA,NA
"Nate Sudfeld","PHI","QB","12815","weighted",0,0,0.0100204290091931,0.0173297767714399,0,0,0,0,0,0,0,0,NA,NA,NA,NA,NA,NA,NA,NA,NA,NA,NA,NA,NA,NA,NA,NA,NA,NA,NA,NA,NA,NA,NA,NA,NA,NA,NA,NA,NA,NA,NA,NA,NA,NA,NA,NA,NA,NA,NA,NA,NA,NA,2016,1993-10-07,NA,NA,NA,NA
"Chad Kelly","FA","QB","13121","weighted",0,NA,0,NA,0,NA,0,NA,0,NA,0,NA,NA,NA,NA,NA,NA,NA,NA,NA,NA,NA,NA,NA,NA,NA,NA,NA,NA,NA,NA,NA,NA,NA,NA,NA,NA,NA,NA,NA,NA,NA,NA,NA,NA,NA,NA,NA,NA,NA,NA,NA,NA,NA,2017,1994-03-26,NA,NA,NA,NA
"Trace McSorley","BAL","QB","14061","weighted",0,NA,0,NA,0,NA,0,NA,0,NA,0,NA,NA,NA,NA,NA,NA,NA,NA,NA,NA,NA,NA,NA,NA,NA,NA,NA,NA,NA,NA,NA,NA,NA,NA,NA,NA,NA,NA,NA,NA,NA,NA,NA,NA,NA,NA,NA,NA,NA,NA,NA,NA,NA,2019,1970-01-01,NA,NA,NA,NA
"Easton Stick","LAC","QB","14069","weighted",0,NA,0,NA,0,NA,0,NA,0,NA,0,NA,NA,NA,NA,NA,NA,NA,NA,NA,NA,NA,NA,NA,NA,NA,NA,NA,NA,NA,NA,NA,NA,NA,NA,NA,NA,NA,NA,NA,NA,NA,NA,NA,NA,NA,NA,NA,NA,NA,NA,NA,NA,NA,2019,1995-09-09,NA,NA,NA,NA
"Derrick Henry","TEN","RB","12626","weighted",NA,NA,NA,NA,NA,NA,1396.70456375839,88.8394683149208,12.5091565083118,0.956966182108188,2.0466341264999,0.029820593406626,NA,NA,NA,NA,24.056663616026,2.81344124404382,209.971909701037,43.6885383835027,1.24959843548468,0.431618865582248,NA,NA,NA,NA,NA,NA,NA,NA,NA,NA,NA,NA,NA,NA,NA,NA,NA,NA,NA,NA,NA,NA,NA,NA,NA,NA,NA,NA,NA,NA,NA,NA,2016,1994-01-04,NA,NA,NA,NA
"Saquon Barkley","NYG","RB","13604","weighted",NA,NA,NA,NA,NA,NA,1306.3572300183,75.5233319504722,10.3318005825866,1.58556440885336,1.11370754525117,0.342936824176198,NA,NA,NA,NA,70.349749847468,4.73005309986842,598.923441122636,84.3477207090942,3.01831821076766,0.736695998593318,NA,NA,NA,NA,NA,NA,NA,NA,NA,NA,NA,NA,NA,NA,NA,NA,NA,NA,NA,NA,NA,NA,NA,NA,NA,NA,NA,NA,NA,NA,NA,NA,2018,1997-02-09,NA,NA,NA,NA
"Josh Jacobs","LVR","RB","14073","weighted",NA,NA,NA,NA,NA,NA,1298.23539353264,84.8397605502658,9.95360495625812,1.29223191388969,2.10648769574944,0.164013263736443,NA,NA,NA,NA,34.565773845841,7.37443419795899,271.572654057352,70.5380553347054,0.842962833371321,0.489390770637491,NA,NA,NA,NA,NA,NA,NA,NA,NA,NA,NA,NA,NA,NA,NA,NA,NA,NA,NA,NA,NA,NA,NA,NA,NA,NA,NA,NA,NA,NA,NA,NA,2019,1998-02-11,NA,NA,NA,NA
"Ezekiel Elliott","DAL","RB","12625","weighted",NA,NA,NA,NA,NA,NA,1347.41474069555,57.7178714136363,10.8422782432863,0.78767179001213,2.53341468375025,0.0745514835165648,NA,NA,NA,NA,61.9933343502136,5.15414916797672,490.814154972544,54.7874939609109,2.64235007733479,0.488156926438612,NA,NA,NA,NA,NA,NA,NA,NA,NA,NA,NA,NA,NA,NA,NA,NA,NA,NA,NA,NA,NA,NA,NA,NA,NA,NA,NA,NA,NA,NA,NA,NA,2016,1995-07-22,NA,NA,NA,NA
"Nick Chubb","CLE","RB","13610","weighted",NA,NA,NA,NA,NA,NA,1287.34050945699,64.8685183232372,9.44000843429671,0.957598562119635,2.08653650599959,0.119282373626504,NA,NA,NA,NA,32.9179642058166,7.52765065074335,245.620597925564,64.2377768809544,1.27512153131043,0.439278317501831,NA,NA,NA,NA,NA,NA,NA,NA,NA,NA,NA,NA,NA,NA,NA,NA,NA,NA,NA,NA,NA,NA,NA,NA,NA,NA,NA,NA,NA,NA,NA,NA,2018,1995-12-27,NA,NA,NA,NA
"Chris Carson","SEA","RB","13364","weighted",NA,NA,NA,NA,NA,NA,1170.02142464918,73.3235146454343,8.1728724852373,0.654549349652596,2.31321944274964,0.104372076923191,NA,NA,NA,NA,34.0848983119789,8.74843314716987,257.47370347773,67.3942077750112,1.36355146114778,0.478398791608735,NA,NA,NA,NA,NA,NA,NA,NA,NA,NA,NA,NA,NA,NA,NA,NA,NA,NA,NA,NA,NA,NA,NA,NA,NA,NA,NA,NA,NA,NA,NA,NA,2017,1994-09-16,NA,NA,NA,NA
"Joe Mixon","CIN","RB","13131","weighted",NA,NA,NA,NA,NA,NA,1227.93097010372,38.094274474087,8.53765221278002,1.53311318691071,0.93390278625178,0.521860384615954,NA,NA,NA,NA,44.4616097213748,4.07402844861811,333.299609517999,48.8100731231483,1.84925947045532,0.221267989426924,NA,NA,NA,NA,NA,NA,NA,NA,NA,NA,NA,NA,NA,NA,NA,NA,NA,NA,NA,NA,NA,NA,NA,NA,NA,NA,NA,NA,NA,NA,NA,NA,2017,1996-07-24,"Q","Head",2020,0
"Christian McCaffrey","CAR","RB","13130","weighted",NA,NA,NA,NA,NA,NA,1222.73035082367,48.2568492485275,9.57426953196774,1.28477670829074,1.20048810250153,0.447308901099389,NA,NA,NA,NA,105.636608704495,5.00549642961921,890.316095179988,69.8412696358594,4.47089441108155,0.410089372870254,NA,NA,NA,NA,NA,NA,NA,NA,NA,NA,NA,NA,NA,NA,NA,NA,NA,NA,NA,NA,NA,NA,NA,NA,NA,NA,NA,NA,NA,NA,NA,NA,2017,1996-06-07,NA,NA,NA,NA
"Dalvin Cook","MIN","RB","13128","weighted",NA,NA,NA,NA,NA,NA,1212.76941732764,36.4128807875381,10.7573623632905,1.05530193645494,2.93317063249949,0.14910296703313,NA,NA,NA,NA,61.3887705918243,1.5829552236331,512.576546674802,64.9857508182867,1.88998385870419,0.694974382514326,NA,NA,NA,NA,NA,NA,NA,NA,NA,NA,NA,NA,NA,NA,NA,NA,NA,NA,NA,NA,NA,NA,NA,NA,NA,NA,NA,NA,NA,NA,NA,NA,2017,1995-08-10,NA,NA,NA,NA
"Kenyan Drake","ARI","RB","12630","weighted",NA,NA,NA,NA,NA,NA,1089.82249542404,82.9094904004861,8.03488059438946,1.19872562211996,1.30697579825097,0.283295637362946,NA,NA,NA,NA,54.2972686597519,1.74792010841157,405.039841366687,30.7793482066496,1.79632529814215,0.57133632707419,NA,NA,NA,NA,NA,NA,NA,NA,NA,NA,NA,NA,NA,NA,NA,NA,NA,NA,NA,NA,NA,NA,NA,NA,NA,NA,NA,NA,NA,NA,NA,NA,2016,NA,NA,NA,NA,NA
"Aaron Jones","GB","RB","13319","weighted",NA,NA,NA,NA,NA,NA,1074.6077852349,76.830055846492,9.83549184959073,0.805634195374852,1.7466341264999,0.0298205934066259,NA,NA,NA,NA,48.4858623144194,6.43291382799425,389.997352043929,60.1142981936521,2.23402795123814,0.388032132758069,NA,NA,NA,NA,NA,NA,NA,NA,NA,NA,NA,NA,NA,NA,NA,NA,NA,NA,NA,NA,NA,NA,NA,NA,NA,NA,NA,NA,NA,NA,NA,NA,2017,1994-12-02,NA,NA,NA,NA
"Devin Singletary","BUF","RB","14080","weighted",NA,NA,NA,NA,NA,NA,907.793306894448,163.742432545975,5.02565763601968,1.61103142721589,1.36009762050031,0.0894617802198778,NA,NA,NA,NA,43.0600231848688,13.3603452083473,340.389591214155,111.306034723387,1.66646978242586,0.533403944619975,NA,NA,NA,NA,NA,NA,NA,NA,NA,NA,NA,NA,NA,NA,NA,NA,NA,NA,NA,NA,NA,NA,NA,NA,NA,NA,NA,NA,NA,NA,NA,NA,2019,1997-09-03,NA,NA,NA,NA
"Miles Sanders","PHI","RB","14079","weighted",NA,NA,NA,NA,NA,NA,1083.40690359976,46.4581774966268,7.1248463000659,1.65426882078388,1.38702460850112,0.328026527472885,NA,NA,NA,NA,54.5341214154973,7.64058647771429,521.101976815131,100.769816343691,2.72935202574774,0.564583608921317,NA,NA,NA,NA,NA,NA,NA,NA,NA,NA,NA,NA,NA,NA,NA,NA,NA,NA,NA,NA,NA,NA,NA,NA,NA,NA,NA,NA,NA,NA,NA,NA,2019,1970-01-01,"Q","Lower Body",2020,0
"Leonard Fournette","FA","RB","13129","weighted",NA,NA,NA,NA,NA,NA,904.202755338621,168.53181483723,6.97070717845559,1.64805051539006,1.33978035387431,0.201289005494725,NA,NA,NA,NA,47.3077559487492,14.9081584502805,353.031287370348,122.41613056353,0.697020145203814,0.527026420114627,NA,NA,NA,NA,NA,NA,NA,NA,NA,NA,NA,NA,NA,NA,NA,NA,NA,NA,NA,NA,NA,NA,NA,NA,NA,NA,NA,NA,NA,NA,NA,NA,2017,1996-07-06,NA,NA,NA,NA
"Leonard Fournette","TB","RB","13129","weighted",NA,NA,NA,NA,NA,NA,904.202755338621,168.53181483723,6.97070717845559,1.64805051539006,1.33978035387431,0.201289005494725,NA,NA,NA,NA,47.3077559487492,14.9081584502805,353.031287370348,122.41613056353,0.697020145203814,0.527026420114627,NA,NA,NA,NA,NA,NA,NA,NA,NA,NA,NA,NA,NA,NA,NA,NA,NA,NA,NA,NA,NA,NA,NA,NA,NA,NA,NA,NA,NA,NA,NA,NA,2017,1996-07-06,NA,NA,NA,NA
"David Montgomery","CHI","RB","14071","weighted",NA,NA,NA,NA,NA,NA,839.804855399634,153.751830415596,5.94816665830841,1.76950260370649,1.5,0,NA,NA,NA,NA,25.6713398413667,9.19983246275592,198.45995118975,71.5299608780643,1.21714210575825,0.507992049405672,NA,NA,NA,NA,NA,NA,NA,NA,NA,NA,NA,NA,NA,NA,NA,NA,NA,NA,NA,NA,NA,NA,NA,NA,NA,NA,NA,NA,NA,NA,NA,NA,2019,1997-06-07,"Q","Groin",2020,0
"Melvin Gordon","DEN","RB","12151","weighted",NA,NA,NA,NA,NA,NA,929.214741915802,99.2274483810481,7.16395947067568,0.913508241517996,2.37956070774863,0.40257801098945,NA,NA,NA,NA,41.7754447834045,6.86055090298868,330.597034777303,69.3586850469147,1.53340658624026,0.928960673585907,NA,NA,NA,NA,NA,NA,NA,NA,NA,NA,NA,NA,NA,NA,NA,NA,NA,NA,NA,NA,NA,NA,NA,NA,NA,NA,NA,NA,NA,NA,NA,NA,2015,1993-04-13,"Q","Ribs",2020,0
"Clyde Edwards-Helaire","KC","RB","14803","weighted",NA,NA,NA,NA,NA,NA,1009.53314582062,45.151409411955,8.56194772952049,0.505144319892632,1.66009762050031,0.0894617802198778,NA,NA,NA,NA,54.0477827943868,5.6215034016274,454.10644295302,19.2566598832605,3.4553858217744,1.11067027053343,NA,NA,NA,NA,NA,NA,NA,NA,NA,NA,NA,NA,NA,NA,NA,NA,NA,NA,NA,NA,NA,NA,NA,NA,NA,NA,NA,NA,NA,NA,NA,NA,2020,1970-01-01,NA,NA,NA,NA
"James Conner","PIT","RB","13146","weighted",NA,NA,NA,NA,NA,NA,982.298907870653,46.8753330678986,6.9145520721174,0.74876167010936,1.48017083587553,0.156558115384786,NA,NA,NA,NA,46.5009103111653,5.4466319117411,355.878950579622,72.4716511024479,2.01347644163183,0.287674143317595,NA,NA,NA,NA,NA,NA,NA,NA,NA,NA,NA,NA,NA,NA,NA,NA,NA,NA,NA,NA,NA,NA,NA,NA,NA,NA,NA,NA,NA,NA,NA,NA,2017,1995-05-05,NA,NA,NA,NA
"Sony Michel","NE","RB","13607","weighted",NA,NA,NA,NA,NA,NA,733.04508480781,208.337664037511,5.17116921422856,1.84537674650656,1.1,0,NA,NA,NA,NA,13.4345442342892,3.24382042718914,95.2623917022575,28.4278823505855,0.349194608309921,0.430709562926533,NA,NA,NA,NA,NA,NA,NA,NA,NA,NA,NA,NA,NA,NA,NA,NA,NA,NA,NA,NA,NA,NA,NA,NA,NA,NA,NA,NA,NA,NA,NA,NA,2018,1995-02-17,NA,NA,NA,NA
"Raheem Mostert","SF","RB","12447","weighted",NA,NA,NA,NA,NA,NA,886.823971934106,96.3281220684491,7.49670891767022,1.12944121891523,1.38017083587553,0.156558115384786,NA,NA,NA,NA,23.1336583282489,2.78042361421548,204.006687004271,55.8269251485677,1.43913218997858,0.479719057196167,NA,NA,NA,NA,NA,NA,NA,NA,NA,NA,NA,NA,NA,NA,NA,NA,NA,NA,NA,NA,NA,NA,NA,NA,NA,NA,NA,NA,NA,NA,NA,NA,NA,NA,NA,NA,NA,NA
"Alvin Kamara","NO","RB","13132","weighted",NA,NA,NA,NA,NA,NA,915.848907870653,60.6475070281149,8.37366736793213,0.720752841388928,1.10048810250153,0.447308901099389,NA,NA,NA,NA,81.3509934919666,2.03129362176462,615.271714460037,69.1157749924357,3.13456789913764,0.822509545966074,NA,NA,NA,NA,NA,NA,NA,NA,NA,NA,NA,NA,NA,NA,NA,NA,NA,NA,NA,NA,NA,NA,NA,NA,NA,NA,NA,NA,NA,NA,NA,NA,2017,1995-07-25,NA,NA,NA,NA
"LeVeon Bell","NYJ","RB","11192","weighted",NA,NA,NA,NA,NA,NA,893.533414276998,95.1778942614193,5.68163258949895,0.866238238563776,1.5,0,NA,NA,NA,NA,58.1697986577181,12.495579664334,440.701061622941,96.0867206815778,1.65568562316309,0.554322621759134,NA,NA,NA,NA,NA,NA,NA,NA,NA,NA,NA,NA,NA,NA,NA,NA,NA,NA,NA,NA,NA,NA,NA,NA,NA,NA,NA,NA,NA,NA,NA,NA,2013,1992-08-18,NA,NA,NA,NA
"Jordan Howard","MIA","RB","12634","weighted",NA,NA,NA,NA,NA,NA,736.307098230629,162.056040127383,5.52734711182864,0.903328596102651,0.840024405125076,0.0223654450549695,NA,NA,NA,NA,22.9379365466748,9.99871010864208,150.003587553386,97.628722149064,0.363065003544731,0.454640154137602,NA,NA,NA,NA,NA,NA,NA,NA,NA,NA,NA,NA,NA,NA,NA,NA,NA,NA,NA,NA,NA,NA,NA,NA,NA,NA,NA,NA,NA,NA,NA,NA,2016,1994-11-02,NA,NA,NA,NA
"Jonathan Taylor","IND","RB","14802","weighted",NA,NA,NA,NA,NA,NA,897.645657107993,74.1427473845449,7.32154310293371,0.815331185509064,1.16021964612569,0.201289005494725,NA,NA,NA,NA,26.9811604636974,5.25543576659456,194.683660768761,38.724114451565,1.05089719487498,0.210234999609606,NA,NA,NA,NA,NA,NA,NA,NA,NA,NA,NA,NA,NA,NA,NA,NA,NA,NA,NA,NA,NA,NA,NA,NA,NA,NA,NA,NA,NA,NA,NA,NA,2020,1999-01-19,NA,NA,NA,NA
"Todd Gurley","ATL","RB","12150","weighted",NA,NA,NA,NA,NA,NA,954.695325198292,30.275352439348,8.91975272363708,0.745039949533797,1.41995118974985,0.044730890109939,NA,NA,NA,NA,46.4909225137279,8.68650736157932,357.58490543014,82.4674385650772,2.17166364718799,0.425157270964853,NA,NA,NA,NA,NA,NA,NA,NA,NA,NA,NA,NA,NA,NA,NA,NA,NA,NA,NA,NA,NA,NA,NA,NA,NA,NA,NA,NA,NA,NA,NA,NA,2015,1994-08-03,NA,NA,NA,NA
"David Johnson","HOU","RB","12171","weighted",NA,NA,NA,NA,NA,NA,889.488534472239,63.6867396955116,6.34390858352621,1.20344451295016,1.34014643075046,0.134192670329817,NA,NA,NA,NA,45.7846223306895,8.62575856227815,413.79023794997,94.4217226392848,3.03686768374736,0.853013818848346,NA,NA,NA,NA,NA,NA,NA,NA,NA,NA,NA,NA,NA,NA,NA,NA,NA,NA,NA,NA,NA,NA,NA,NA,NA,NA,NA,NA,NA,NA,NA,NA,2015,1991-12-16,NA,NA,NA,NA
"D'Andre Swift","DET","RB","14797","weighted",NA,NA,NA,NA,NA,NA,727.818499084808,141.727381722305,4.6099662947235,1.46293244381706,1.4,0,NA,NA,NA,NA,40.3255131177547,10.962863132371,289.604600366077,66.0498039154146,0.840080135355777,0.501771750743691,NA,NA,NA,NA,NA,NA,NA,NA,NA,NA,NA,NA,NA,NA,NA,NA,NA,NA,NA,NA,NA,NA,NA,NA,NA,NA,NA,NA,NA,NA,NA,NA,2020,1999-01-14,"Q","Undisclosed",2020,0
"Mark Ingram","BAL","RB","10276","weighted",NA,NA,NA,NA,NA,NA,828.762059792556,41.2663459292064,6.94897137982528,0.738285121719977,1.69987797437462,0.111827225274847,NA,NA,NA,NA,23.436716290421,2.64904556188209,194.955485051861,28.6797158116976,2.44915312680845,1.31616793179013,NA,NA,NA,NA,NA,NA,NA,NA,NA,NA,NA,NA,NA,NA,NA,NA,NA,NA,NA,NA,NA,NA,NA,NA,NA,NA,NA,NA,NA,NA,NA,NA,2011,1989-12-21,NA,NA,NA,NA
"Cam Akers","LAR","RB","14799","weighted",NA,NA,NA,NA,NA,NA,779.950302623551,45.6667468521656,6.03525414279781,0.706622376736022,1.30012202562538,0.111827225274847,NA,NA,NA,NA,35.723283709579,3.60396447152313,257.819109212935,71.1176647239631,1.52544320738294,0.593043091014295,NA,NA,NA,NA,NA,NA,NA,NA,NA,NA,NA,NA,NA,NA,NA,NA,NA,NA,NA,NA,NA,NA,NA,NA,NA,NA,NA,NA,NA,NA,NA,NA,2020,1970-01-01,NA,NA,NA,NA
"Austin Ekeler","LAC","RB","13404","weighted",NA,NA,NA,NA,NA,NA,728.449676632093,84.5396711793148,4.98642847085544,1.63184248556501,1.35985356924954,0.134192670329817,NA,NA,NA,NA,74.3019788488916,6.27678695473775,762.637986577181,140.281977718182,4.59784516643087,1.32535291526288,NA,NA,NA,NA,NA,NA,NA,NA,NA,NA,NA,NA,NA,NA,NA,NA,NA,NA,NA,NA,NA,NA,NA,NA,NA,NA,NA,NA,NA,NA,NA,NA,NA,NA,NA,NA,NA,NA
"Marlon Mack","IND","RB","13234","weighted",NA,NA,NA,NA,NA,NA,652.958289200732,101.619612602163,4.89838986161603,0.634064475108926,0.360219646125686,0.201289005494725,NA,NA,NA,NA,18.1021976815131,4.03974244029012,113.386503965833,46.2196322770906,0.62117909734141,0.460406252495455,NA,NA,NA,NA,NA,NA,NA,NA,NA,NA,NA,NA,NA,NA,NA,NA,NA,NA,NA,NA,NA,NA,NA,NA,NA,NA,NA,NA,NA,NA,NA,NA,2017,NA,NA,NA,NA,NA
"Bryce Love","WAS","RB","14082","weighted",NA,NA,NA,NA,NA,NA,365.144172361427,265.553903443104,1.95045122400318,1.46968282317101,0.300683371298405,0.199912176004921,NA,NA,NA,NA,8.24510250569476,3.51783772842195,89.0751708428246,71.9982206402056,0.0456392952708107,0.10137694600231,NA,NA,NA,NA,NA,NA,NA,NA,NA,NA,NA,NA,NA,NA,NA,NA,NA,NA,NA,NA,NA,NA,NA,NA,NA,NA,NA,NA,NA,NA,NA,NA,2019,1970-01-01,NA,NA,NA,NA
"Ke'Shawn Vaughn","TB","RB","14810","weighted",NA,NA,NA,NA,NA,NA,253.009657107993,267.592613020849,1.50060712397051,2.02540481082391,0.0400244051250763,0.0223654450549695,NA,NA,NA,NA,9.25746918852959,9.71912944301619,76.0691397193411,80.0936220251854,0.278932791923544,0.420287803926062,NA,NA,NA,NA,NA,NA,NA,NA,NA,NA,NA,NA,NA,NA,NA,NA,NA,NA,NA,NA,NA,NA,NA,NA,NA,NA,NA,NA,NA,NA,NA,NA,2020,1970-01-01,NA,NA,NA,NA
"Phillip Lindsay","DEN","RB","13614","weighted",NA,NA,NA,NA,NA,NA,614.373354484442,64.7524810409342,4.24002595934912,0.473944191505813,0.32019524100061,0.178923560439756,NA,NA,NA,NA,30.3134740695546,5.92196868026322,191.000829774253,47.6702378311592,0.810813610576952,0.343740732486935,NA,NA,NA,NA,NA,NA,NA,NA,NA,NA,NA,NA,NA,NA,NA,NA,NA,NA,NA,NA,NA,NA,NA,NA,NA,NA,NA,NA,NA,NA,NA,NA,2018,1994-07-24,NA,NA,NA,NA
"Kareem Hunt","CLE","RB","13138","weighted",NA,NA,NA,NA,NA,NA,528.231341061623,109.303962734052,4.11446429176559,0.622911643384514,0.360219646125686,0.201289005494725,NA,NA,NA,NA,55.0977888956681,6.84930086071196,485.672971323978,102.754004205105,2.30428303562612,0.905063789063652,NA,NA,NA,NA,NA,NA,NA,NA,NA,NA,NA,NA,NA,NA,NA,NA,NA,NA,NA,NA,NA,NA,NA,NA,NA,NA,NA,NA,NA,NA,NA,NA,2017,1995-08-06,NA,NA,NA,NA
"Antonio Gibson","WAS","RB","14852","weighted",NA,NA,NA,NA,NA,NA,620.59427699817,70.8666945862446,3.8026437477515,0.375084105950825,0.612361195851129,0.331008586813548,NA,NA,NA,NA,51.1434228187919,5.64220395235595,365.00976205003,19.7592541823417,1.53517102776335,0.868362604502086,NA,NA,NA,NA,NA,NA,NA,NA,NA,NA,NA,NA,NA,NA,NA,NA,NA,NA,NA,NA,NA,NA,NA,NA,NA,NA,NA,NA,NA,NA,NA,NA,2020,1970-01-01,NA,NA,NA,NA
"J.K. Dobbins","BAL","RB","14800","weighted",NA,NA,NA,NA,NA,NA,645.223661989018,32.720186930122,4.73548515630628,0.285843917765308,0.800244051250763,0.223654450549695,NA,NA,NA,NA,15.7437730323368,4.50163205578443,122.789579011592,40.3410348558309,0.293269467621146,0.497211093369216,NA,NA,NA,NA,NA,NA,NA,NA,NA,NA,NA,NA,NA,NA,NA,NA,NA,NA,NA,NA,NA,NA,NA,NA,NA,NA,NA,NA,NA,NA,NA,NA,2020,1998-12-17,NA,NA,NA,NA
"Matt Breida","MIA","RB","13378","weighted",NA,NA,NA,NA,NA,NA,620.848076876144,35.9420934378898,3.10306720102269,0.168725454157316,1.12007321537523,0.0670963351649084,NA,NA,NA,NA,32.5060463697376,3.88314679502662,222.442684563758,32.9033621199116,1.11443604470539,0.767790907987387,NA,NA,NA,NA,NA,NA,NA,NA,NA,NA,NA,NA,NA,NA,NA,NA,NA,NA,NA,NA,NA,NA,NA,NA,NA,NA,NA,NA,NA,NA,NA,NA,2017,1995-02-28,NA,NA,NA,NA
"Ronald Jones","TB","RB","13606","weighted",NA,NA,NA,NA,NA,NA,539.818253813301,115.361921833649,3.85954444831001,1.05966100046511,1.24002440512508,0.0223654450549695,NA,NA,NA,NA,25.2118840756559,2.52166687536608,192.045710799268,55.6233912773787,0.69300497960898,0.441578344020755,NA,NA,NA,NA,NA,NA,NA,NA,NA,NA,NA,NA,NA,NA,NA,NA,NA,NA,NA,NA,NA,NA,NA,NA,NA,NA,NA,NA,NA,NA,NA,NA,2018,1997-08-03,NA,NA,NA,NA
"Ryquell Armstead","JAC","RB","14093","weighted",NA,NA,NA,NA,NA,NA,367.758116883117,206.447809833171,2.20318128596188,1.23735603372781,0.350038197097021,0.100163504200887,NA,NA,NA,NA,12.3217169595111,4.26118071930209,120.314209320092,49.7107295883973,0.997293084159976,0.519156236323188,NA,NA,NA,NA,NA,NA,NA,NA,NA,NA,NA,NA,NA,NA,NA,NA,NA,NA,NA,NA,NA,NA,NA,NA,NA,NA,NA,NA,NA,NA,NA,NA,2019,NA,NA,"Illness",2020,0
"Tevin Coleman","SF","RB","12152","weighted",NA,NA,NA,NA,NA,NA,579.440245271507,70.5853824715673,4.83391497052439,0.499023809357377,0.560097620500305,0.0894617802198779,NA,NA,NA,NA,22.8299658328249,5.64148685429244,190.117913361806,44.9144267632674,0.878873640545995,0.215473584722895,NA,NA,NA,NA,NA,NA,NA,NA,NA,NA,NA,NA,NA,NA,NA,NA,NA,NA,NA,NA,NA,NA,NA,NA,NA,NA,NA,NA,NA,NA,NA,NA,2015,1993-04-16,NA,NA,NA,NA
"Latavius Murray","NO","RB","11390","weighted",NA,NA,NA,NA,NA,NA,567.496743136059,56.1980739994526,4.76737408734524,0.526402092143095,0.32019524100061,0.178923560439756,NA,NA,NA,NA,25.9610091519219,9.51768530867177,184.459560707749,67.137398589807,1.09795351912143,0.549296690931338,NA,NA,NA,NA,NA,NA,NA,NA,NA,NA,NA,NA,NA,NA,NA,NA,NA,NA,NA,NA,NA,NA,NA,NA,NA,NA,NA,NA,NA,NA,NA,NA,2013,1990-01-18,NA,NA,NA,NA
"Zack Moss","BUF","RB","14798","weighted",NA,NA,NA,NA,NA,NA,521.700967663209,145.622795722972,3.33389428242371,1.02500802157428,0.600366076876144,0.335481675824542,NA,NA,NA,NA,15.1801012812691,8.74858297322866,114.332165954851,70.2718562105019,0.294019995266194,0.528785726320437,NA,NA,NA,NA,NA,NA,NA,NA,NA,NA,NA,NA,NA,NA,NA,NA,NA,NA,NA,NA,NA,NA,NA,NA,NA,NA,NA,NA,NA,NA,NA,NA,2020,1970-01-01,NA,NA,NA,NA
"Alexander Mattison","MIN","RB","14223","weighted",NA,NA,NA,NA,NA,NA,530.747770591824,50.3993730179461,2.96035718477401,0.581411238637051,1.08004881025015,0.044730890109939,NA,NA,NA,NA,17.7933764490543,5.9896661619908,138.418755338621,48.7259231097729,0.235780752065561,0.387121716208658,NA,NA,NA,NA,NA,NA,NA,NA,NA,NA,NA,NA,NA,NA,NA,NA,NA,NA,NA,NA,NA,NA,NA,NA,NA,NA,NA,NA,NA,NA,NA,NA,2019,NA,NA,NA,NA,NA
"Kerryon Johnson","DET","RB","13612","weighted",NA,NA,NA,NA,NA,NA,516.651186089079,56.2523510951983,3.27914965547738,0.360686682276737,1.22007321537523,0.0670963351649084,NA,NA,NA,NA,24.7548163514338,2.5859547544514,202.834167175107,24.2279162562715,1.05471403493411,0.0870616651481453,NA,NA,NA,NA,NA,NA,NA,NA,NA,NA,NA,NA,NA,NA,NA,NA,NA,NA,NA,NA,NA,NA,NA,NA,NA,NA,NA,NA,NA,NA,NA,NA,2018,1997-06-30,NA,NA,NA,NA
"Justin Jackson","LAC","RB","13620","weighted",NA,NA,NA,NA,NA,NA,436.921365466748,150.271343588894,3.4722762429758,0.969505668089784,0.779926784624771,0.0670963351649084,NA,NA,NA,NA,22.0912373398414,14.9878903318554,148.01033557047,101.840012277649,0.453271352297836,0.666869781017073,NA,NA,NA,NA,NA,NA,NA,NA,NA,NA,NA,NA,NA,NA,NA,NA,NA,NA,NA,NA,NA,NA,NA,NA,NA,NA,NA,NA,NA,NA,NA,NA,2018,1995-04-22,"Q","Toe",2020,0
"Devonta Freeman","FA","RB","11660","weighted",NA,NA,NA,NA,NA,NA,581,0,3,4.43078766652625e-16,1.2,0,NA,NA,NA,NA,25.4525114155251,0.777817459305203,201.036529680365,11.3137084989848,1.44794520547945,0.636396103067893,NA,NA,NA,NA,NA,NA,NA,NA,NA,NA,NA,NA,NA,NA,NA,NA,NA,NA,NA,NA,NA,NA,NA,NA,NA,NA,NA,NA,NA,NA,NA,NA,2014,1992-03-15,NA,NA,NA,NA
"Damien Harris","NE","RB","14075","weighted",NA,NA,NA,NA,NA,NA,461.844134419552,70.8037767821944,3.75552401424741,0.776981141401426,0.9,0,NA,NA,NA,NA,11.6880821452817,3.47068465564774,98.1229124236253,31.169818325914,0.223888735075462,0.225566242980791,NA,NA,NA,NA,NA,NA,NA,NA,NA,NA,NA,NA,NA,NA,NA,NA,NA,NA,NA,NA,NA,NA,NA,NA,NA,NA,NA,NA,NA,NA,NA,NA,2019,1970-01-01,"IR","Finger",2020,0
"Adrian Peterson","FA","RB","8658","weighted",NA,NA,NA,NA,NA,NA,443.224538133008,54.2039891721678,3.06909262365311,0.718427665799834,1.11982916412447,0.156558115384786,NA,NA,NA,NA,11.7590128126907,2.62970662378446,77.1838926174497,20.7155722795919,0.106587013370022,0.199423461312714,NA,NA,NA,NA,NA,NA,NA,NA,NA,NA,NA,NA,NA,NA,NA,NA,NA,NA,NA,NA,NA,NA,NA,NA,NA,NA,NA,NA,NA,NA,NA,NA,2007,1985-03-21,NA,NA,NA,NA
"Adrian Peterson","DET","RB","8658","weighted",NA,NA,NA,NA,NA,NA,443.224538133008,54.2039891721678,3.06909262365311,0.718427665799834,1.11982916412447,0.156558115384786,NA,NA,NA,NA,11.7590128126907,2.62970662378446,77.1838926174497,20.7155722795919,0.106587013370022,0.199423461312714,NA,NA,NA,NA,NA,NA,NA,NA,NA,NA,NA,NA,NA,NA,NA,NA,NA,NA,NA,NA,NA,NA,NA,NA,NA,NA,NA,NA,NA,NA,NA,NA,2007,1985-03-21,NA,NA,NA,NA
"Darrell Henderson","LAR","RB","14087","weighted",NA,NA,NA,NA,NA,NA,372.4638438072,131.096885323771,2.73524461225063,1.05672763219049,0.400244051250763,0.223654450549695,NA,NA,NA,NA,19.4592617449664,6.79837819369521,153.346857840146,46.2011111356161,0.803685131501767,0.258419800491086,NA,NA,NA,NA,NA,NA,NA,NA,NA,NA,NA,NA,NA,NA,NA,NA,NA,NA,NA,NA,NA,NA,NA,NA,NA,NA,NA,NA,NA,NA,NA,NA,2019,1970-01-01,"Q","Hamstring",2020,0
"Rashaad Penny","SEA","RB","13608","weighted",NA,NA,NA,NA,NA,NA,327.751409395973,135.782860630627,2.06828911611772,1.25301317968107,0.460097620500305,0.0894617802198779,NA,NA,NA,NA,10.7323868212325,3.65510415616361,93.103038438072,37.0179021176061,0.462148039204992,0.495810431905913,NA,NA,NA,NA,NA,NA,NA,NA,NA,NA,NA,NA,NA,NA,NA,NA,NA,NA,NA,NA,NA,NA,NA,NA,NA,NA,NA,NA,NA,NA,NA,NA,2018,1996-02-02,NA,"Knee - ACL",2020,0
"Tony Pollard","DAL","RB","14085","weighted",NA,NA,NA,NA,NA,NA,407.820370957901,62.7775432108842,2.58324587350804,0.478016711047146,0.740146430750458,0.134192670329817,NA,NA,NA,NA,22.3560085417938,5.51724644095457,153.968541793777,55.4273858963503,1.05661902897768,0.34867961899594,NA,NA,NA,NA,NA,NA,NA,NA,NA,NA,NA,NA,NA,NA,NA,NA,NA,NA,NA,NA,NA,NA,NA,NA,NA,NA,NA,NA,NA,NA,NA,NA,2019,1997-04-30,NA,NA,NA,NA
"Chase Edmonds","ARI","RB","13726","weighted",NA,NA,NA,NA,NA,NA,389.840708968883,72.3547138937714,2.3201894765102,0.46753953666844,0.440024405125076,0.0223654450549695,NA,NA,NA,NA,18.4948578401464,1.52660734179881,137.289969493594,14.1385110057058,0.875367726848631,0.170767310685994,NA,NA,NA,NA,NA,NA,NA,NA,NA,NA,NA,NA,NA,NA,NA,NA,NA,NA,NA,NA,NA,NA,NA,NA,NA,NA,NA,NA,NA,NA,NA,NA,2018,1996-04-13,NA,NA,NA,NA
"Boston Scott","PHI","RB","13814","weighted",NA,NA,NA,NA,NA,NA,404.745760829774,57.0452943966169,3.23232584439637,0.41366383185933,0.400244051250763,0.223654450549695,NA,NA,NA,NA,30.9855680292862,10.9575665168499,243.075643685174,87.3807991536411,0.531156967247546,0.413022684699712,NA,NA,NA,NA,NA,NA,NA,NA,NA,NA,NA,NA,NA,NA,NA,NA,NA,NA,NA,NA,NA,NA,NA,NA,NA,NA,NA,NA,NA,NA,NA,NA,2018,1995-04-27,NA,NA,NA,NA
"Benny Snell","PIT","RB","14072","weighted",NA,NA,NA,NA,NA,NA,388.567312834225,66.2846424017182,2.42478841233094,0.457255723691621,1.23743315508021,0.175286132351552,NA,NA,NA,NA,11.6567169595111,7.02995946185611,98.7465240641711,56.426859151116,0.365126676416823,0.561181507348076,NA,NA,NA,NA,NA,NA,NA,NA,NA,NA,NA,NA,NA,NA,NA,NA,NA,NA,NA,NA,NA,NA,NA,NA,NA,NA,NA,NA,NA,NA,NA,NA,2019,1970-01-01,NA,NA,NA,NA
"Frank Gore","NYJ","RB","7877","weighted",NA,NA,NA,NA,NA,NA,338.644887126297,88.5322416990371,1.73251452995901,0.430766966994226,0.160097620500305,0.0894617802198779,NA,NA,NA,NA,10.0511824283099,2.71092605992734,75.1496156192801,26.7920607004218,0.163209135796027,0.286471566289166,NA,NA,NA,NA,NA,NA,NA,NA,NA,NA,NA,NA,NA,NA,NA,NA,NA,NA,NA,NA,NA,NA,NA,NA,NA,NA,NA,NA,NA,NA,NA,NA,2005,1983-05-14,NA,NA,NA,NA
"Darrynton Evans","TEN","RB","14808","weighted",NA,NA,NA,NA,NA,NA,381.373910921293,56.5845270187162,2.39489191870501,0.44176394273651,1.11995118974985,0.0447308901099389,NA,NA,NA,NA,20.1158865161684,7.65343019975676,164.321305674192,63.7187728227849,0.617166535349842,0.60625903951478,NA,NA,NA,NA,NA,NA,NA,NA,NA,NA,NA,NA,NA,NA,NA,NA,NA,NA,NA,NA,NA,NA,NA,NA,NA,NA,NA,NA,NA,NA,NA,NA,2020,1970-01-01,"Q","Undisclosed",2020,0
"Joshua Kelley","LAC","RB","14807","weighted",NA,NA,NA,NA,NA,NA,383.732320927395,54.2649791266769,3.10890536209431,1.57940402061617,0.360219646125686,0.201289005494725,NA,NA,NA,NA,9.94872239170226,3.8255118939778,61.3955704697987,33.5334871631029,0.110613313532669,0.222448549025544,NA,NA,NA,NA,NA,NA,NA,NA,NA,NA,NA,NA,NA,NA,NA,NA,NA,NA,NA,NA,NA,NA,NA,NA,NA,NA,NA,NA,NA,NA,NA,NA,2020,1970-01-01,NA,NA,NA,NA
"Jamaal Williams","GB","RB","13139","weighted",NA,NA,NA,NA,NA,NA,350.49871018914,96.1880578012372,2.27099338768155,0.633128670024775,0.160097620500305,0.0894617802198779,NA,NA,NA,NA,30.6796082977425,4.68248464063308,223.455082367297,24.2016628932703,1.98307114450321,1.10922146674549,NA,NA,NA,NA,NA,NA,NA,NA,NA,NA,NA,NA,NA,NA,NA,NA,NA,NA,NA,NA,NA,NA,NA,NA,NA,NA,NA,NA,NA,NA,NA,NA,2017,NA,NA,NA,NA,NA
"Devine Ozigbo","JAC","RB","14096","weighted",NA,NA,NA,NA,NA,NA,391.427272727273,72.1248916810278,2.2476627840779,0.41132335404112,0.9,1.58769253411029e-16,NA,NA,NA,NA,16.5960606060606,0.989949493661165,91.5833333333333,38.8908729652601,0.0512275157997083,0.0850796929235151,NA,NA,NA,NA,NA,NA,NA,NA,NA,NA,NA,NA,NA,NA,NA,NA,NA,NA,NA,NA,NA,NA,NA,NA,NA,NA,NA,NA,NA,NA,NA,NA,2019,1970-01-01,NA,NA,NA,NA
"AJ Dillon","GB","RB","14805","weighted",NA,NA,NA,NA,NA,NA,405.841128404669,43.0909398604446,2.95526834773985,0.0872673402140362,0.636381322957198,0.11424322218126,NA,NA,NA,NA,15.6647081712062,8.6934207023411,106.649455252918,53.9611185672309,0.443385214007782,0.508094164514478,NA,NA,NA,NA,NA,NA,NA,NA,NA,NA,NA,NA,NA,NA,NA,NA,NA,NA,NA,NA,NA,NA,NA,NA,NA,NA,NA,NA,NA,NA,NA,NA,2020,1998-05-02,NA,NA,NA,NA
"Jerick McKinnon","SF","RB","11761","weighted",NA,NA,NA,NA,NA,NA,325.874189985272,75.5494469671626,2.38976465770062,1.34267326978487,0.58980117820324,0.123522139668469,NA,NA,NA,NA,15.6957731958763,3.65052323683605,114.181516936672,31.7408348074717,0.401870397643594,0.500975542910565,NA,NA,NA,NA,NA,NA,NA,NA,NA,NA,NA,NA,NA,NA,NA,NA,NA,NA,NA,NA,NA,NA,NA,NA,NA,NA,NA,NA,NA,NA,NA,NA,2014,1992-05-03,NA,NA,NA,NA
"Carlos Hyde","SEA","RB","11657","weighted",NA,NA,NA,NA,NA,NA,356.047212934716,78.1894552173328,2.26857553641896,0.570778724956643,1.53965832824893,0.313116230769573,NA,NA,NA,NA,9.90655643685174,3.36966943467058,59.4293349603417,23.1293309697945,0.24555069806615,0.282724438568298,NA,NA,NA,NA,NA,NA,NA,NA,NA,NA,NA,NA,NA,NA,NA,NA,NA,NA,NA,NA,NA,NA,NA,NA,NA,NA,NA,NA,NA,NA,NA,NA,2014,1991-09-20,"Q","Undisclosed",2020,0
"Malcolm Brown","LAR","RB","12386","weighted",NA,NA,NA,NA,NA,NA,335.676076876144,67.6561928935149,2.00433859846587,0.0846684661636044,0,0,NA,NA,NA,NA,7.45005857230018,2.94613833776081,55.3399023794997,18.0176095988583,0.0834002345705524,0.136519613949168,NA,NA,NA,NA,NA,NA,NA,NA,NA,NA,NA,NA,NA,NA,NA,NA,NA,NA,NA,NA,NA,NA,NA,NA,NA,NA,NA,NA,NA,NA,NA,NA,2015,1993-05-15,NA,NA,NA,NA
"Peyton Barber","WAS","RB","12637","weighted",NA,NA,NA,NA,NA,NA,319.520913107511,109.635996242449,2.00098377053563,0.804695779884039,0.227761413843888,0.148226567602162,NA,NA,NA,NA,11.620618556701,3.73946507983156,85.6310014727541,30.289797371547,0.266141384388807,0.376344926723286,NA,NA,NA,NA,NA,NA,NA,NA,NA,NA,NA,NA,NA,NA,NA,NA,NA,NA,NA,NA,NA,NA,NA,NA,NA,NA,NA,NA,NA,NA,NA,NA,2016,1994-06-27,NA,NA,NA,NA
"James Robinson","JAC","RB","14813","weighted",NA,NA,NA,NA,NA,NA,391.4,NA,2.3,NA,0.7,NA,NA,NA,NA,NA,60.9,NA,476,NA,2.6,NA,NA,NA,NA,NA,NA,NA,NA,NA,NA,NA,NA,NA,NA,NA,NA,NA,NA,NA,NA,NA,NA,NA,NA,NA,NA,NA,NA,NA,NA,NA,NA,NA,2020,1970-01-01,NA,NA,NA,NA
"Darrel Williams","KC","RB","13623","weighted",NA,NA,NA,NA,NA,NA,370.074134241245,19.6159020184504,2.5878957311559,0.559228407054422,0.406857976653696,0.257047249907835,NA,NA,NA,NA,14.620233463035,3.19791298504117,115.625583657588,18.7334422976433,1.12507782101167,0.411707777548837,NA,NA,NA,NA,NA,NA,NA,NA,NA,NA,NA,NA,NA,NA,NA,NA,NA,NA,NA,NA,NA,NA,NA,NA,NA,NA,NA,NA,NA,NA,NA,NA,2018,NA,NA,NA,NA,NA
"Duke Johnson","HOU","RB","12157","weighted",NA,NA,NA,NA,NA,NA,308.130633312996,61.4621848743837,1.41339275684792,0.398471808917885,0.759975594874924,0.0223654450549695,NA,NA,NA,NA,41.9893849908481,3.26090526669352,359.934191580232,34.8310691781149,2.3916357441283,0.599958249101094,NA,NA,NA,NA,NA,NA,NA,NA,NA,NA,NA,NA,NA,NA,NA,NA,NA,NA,NA,NA,NA,NA,NA,NA,NA,NA,NA,NA,NA,NA,NA,NA,2015,1993-09-23,NA,NA,NA,NA
"Tarik Cohen","CHI","RB","13290","weighted",NA,NA,NA,NA,NA,NA,303.144396583282,66.6931737039693,1.69962488550499,0.660268885336406,1.21995118974985,0.0447308901099389,NA,NA,NA,NA,68.9404368517389,6.54368119234938,486.385295912142,91.079453582842,2.99377651469789,0.754294248546405,NA,NA,NA,NA,NA,NA,NA,NA,NA,NA,NA,NA,NA,NA,NA,NA,NA,NA,NA,NA,NA,NA,NA,NA,NA,NA,NA,NA,NA,NA,NA,NA,2017,1995-07-26,NA,NA,NA,NA
"Justice Hill","BAL","RB","14086","weighted",NA,NA,NA,NA,NA,NA,162.609977908689,140.550777685505,1.19634772408181,0.621262889603595,0.151840942562592,0.098817711734775,NA,NA,NA,NA,7.54558173784978,2.43737712357472,56.2930191458026,23.5669980738081,0.0711340206185567,0.147445206010932,NA,NA,NA,NA,NA,NA,NA,NA,NA,NA,NA,NA,NA,NA,NA,NA,NA,NA,NA,NA,NA,NA,NA,NA,NA,NA,NA,NA,NA,NA,NA,NA,2019,1997-11-14,NA,NA,NA,NA
"Royce Freeman","DEN","RB","13617","weighted",NA,NA,NA,NA,NA,NA,235.674061119293,98.5706488588122,1.21728676761356,0.546221999290439,0.151840942562592,0.098817711734775,NA,NA,NA,NA,21.2827982326951,6.84902703381898,132.453991163476,38.8359451458579,0.506038291605302,0.421264213476349,NA,NA,NA,NA,NA,NA,NA,NA,NA,NA,NA,NA,NA,NA,NA,NA,NA,NA,NA,NA,NA,NA,NA,NA,NA,NA,NA,NA,NA,NA,NA,NA,2018,1996-02-24,NA,NA,NA,NA
"LeSean McCoy","TB","RB","9448","weighted",NA,NA,NA,NA,NA,NA,244.773838926175,84.8094085222668,1.77746276341154,0.501669570520456,0.739780353874314,0.201289005494725,NA,NA,NA,NA,17.0122037827944,5.49035087590273,132.207101891397,52.4918626229495,0.43929269592618,0.452153231881797,NA,NA,NA,NA,NA,NA,NA,NA,NA,NA,NA,NA,NA,NA,NA,NA,NA,NA,NA,NA,NA,NA,NA,NA,NA,NA,NA,NA,NA,NA,NA,NA,2009,1988-07-12,NA,NA,NA,NA
"Anthony McFarland","PIT","RB","14804","weighted",NA,NA,NA,NA,NA,NA,210.477683346066,90.4523122131406,1.38266275965827,0.582458376582122,0.187547746371276,0.125204380251108,NA,NA,NA,NA,15.0826489686784,12.5476043266873,119.573323147441,99.4736816414513,0.552190067018288,0.427060346070897,NA,NA,NA,NA,NA,NA,NA,NA,NA,NA,NA,NA,NA,NA,NA,NA,NA,NA,NA,NA,NA,NA,NA,NA,NA,NA,NA,NA,NA,NA,NA,NA,2020,1970-01-01,"Q","Concussion",2020,0
"Jordan Wilkins","IND","RB","13789","weighted",NA,NA,NA,NA,NA,NA,141.940344256259,139.467657975936,0.515941458044027,0.422191989136699,0,0,NA,NA,NA,NA,4.93076583210604,4.20845826214737,32.5086008836524,23.2512753153327,0.0379381443298969,0.0786374432058305,NA,NA,NA,NA,NA,NA,NA,NA,NA,NA,NA,NA,NA,NA,NA,NA,NA,NA,NA,NA,NA,NA,NA,NA,NA,NA,NA,NA,NA,NA,NA,NA,2018,1994-07-18,NA,NA,NA,NA
"Lamical Perine","NYJ","RB","14806","weighted",NA,NA,NA,NA,NA,NA,197.623039396171,80.29468149617,1.32547209762752,0.461615247725777,0.548159057437408,0.098817711734775,NA,NA,NA,NA,10.3148895434462,4.04280766805503,68.9137849779087,38.2006726670521,0.109072164948454,0.226082649216763,NA,NA,NA,NA,NA,NA,NA,NA,NA,NA,NA,NA,NA,NA,NA,NA,NA,NA,NA,NA,NA,NA,NA,NA,NA,NA,NA,NA,NA,NA,NA,NA,2020,1970-01-01,"Q","Ankle",2020,0
"Jalen Richard","LVR","RB","12912","weighted",NA,NA,NA,NA,NA,NA,243.783155375552,49.7312521381283,1.36063569698094,0.532042335772691,1.28980117820324,0.123522139668469,NA,NA,NA,NA,35.8525773195876,12.0150129402997,311.129175257732,113.464027930622,0.711782032400589,0.472533687958553,NA,NA,NA,NA,NA,NA,NA,NA,NA,NA,NA,NA,NA,NA,NA,NA,NA,NA,NA,NA,NA,NA,NA,NA,NA,NA,NA,NA,NA,NA,NA,NA,2016,1993-10-15,NA,NA,NA,NA
"Gus Edwards","BAL","RB","13850","weighted",NA,NA,NA,NA,NA,NA,199.578700294551,86.8739201965383,1.2517137154675,0.554802405522697,0.996318114874816,0.19763542346955,NA,NA,NA,NA,4.57724594992636,2.08953266423649,34.6877319587629,14.5903271738031,0.042680412371134,0.0884671236065594,NA,NA,NA,NA,NA,NA,NA,NA,NA,NA,NA,NA,NA,NA,NA,NA,NA,NA,NA,NA,NA,NA,NA,NA,NA,NA,NA,NA,NA,NA,NA,NA,2018,1995-04-13,NA,NA,NA,NA
"Ito Smith","ATL","RB","13768","weighted",NA,NA,NA,NA,NA,NA,237.863006711409,54.8840867147821,1.60924500393238,0.396580302966931,0.160097620500305,0.0894617802198779,NA,NA,NA,NA,17.3805344722392,6.36678511489365,125.835607077486,46.6475455582376,0.269095693462868,0.485402116775091,NA,NA,NA,NA,NA,NA,NA,NA,NA,NA,NA,NA,NA,NA,NA,NA,NA,NA,NA,NA,NA,NA,NA,NA,NA,NA,NA,NA,NA,NA,NA,NA,2018,1995-09-11,NA,NA,NA,NA
"Chris Thompson","JAC","RB","11186","weighted",NA,NA,NA,NA,NA,NA,225.790962782184,46.562983138298,1.18806552327606,0.206900374971463,0.240146430750458,0.134192670329817,NA,NA,NA,NA,45.9852812690665,5.75036636103109,377.784600366077,66.0957585744391,1.43488711931973,0.70870884975883,NA,NA,NA,NA,NA,NA,NA,NA,NA,NA,NA,NA,NA,NA,NA,NA,NA,NA,NA,NA,NA,NA,NA,NA,NA,NA,NA,NA,NA,NA,NA,NA,2013,1990-10-20,NA,NA,NA,NA
"Giovani Bernard","CIN","RB","11193","weighted",NA,NA,NA,NA,NA,NA,261.15513622975,23.6055611170122,1.22606146830277,0.300062316874107,0.562039764359352,0.0247044279336937,NA,NA,NA,NA,29.2806921944035,6.30703811202135,212.773696612666,51.0577607399251,0.697555228276878,0.469899715942812,NA,NA,NA,NA,NA,NA,NA,NA,NA,NA,NA,NA,NA,NA,NA,NA,NA,NA,NA,NA,NA,NA,NA,NA,NA,NA,NA,NA,NA,NA,NA,NA,2013,1991-11-22,NA,NA,NA,NA
"James White","NE","RB","11747","weighted",NA,NA,NA,NA,NA,NA,240.011275167785,52.415692937297,1.51124103089675,0.384807641706289,1.21970713849908,0.268385340659633,NA,NA,NA,NA,65.2590738255034,4.49747467306978,566.357474069555,63.1314612166074,3.92037460142143,0.326274843349409,NA,NA,NA,NA,NA,NA,NA,NA,NA,NA,NA,NA,NA,NA,NA,NA,NA,NA,NA,NA,NA,NA,NA,NA,NA,NA,NA,NA,NA,NA,NA,NA,2014,1992-02-03,NA,NA,NA,NA
"Dion Lewis","NYG","RB","10389","weighted",NA,NA,NA,NA,NA,NA,211.505476804124,75.2649354136524,0.867844371057034,0.205601407735894,0.81019882179676,0.123522139668469,NA,NA,NA,NA,23.5851840942563,9.21160488794175,167.113578792342,64.5481303960312,0.883446244477172,0.182304518918539,NA,NA,NA,NA,NA,NA,NA,NA,NA,NA,NA,NA,NA,NA,NA,NA,NA,NA,NA,NA,NA,NA,NA,NA,NA,NA,NA,NA,NA,NA,NA,NA,2011,1990-09-27,NA,NA,NA,NA
"Rex Burkhead","NE","RB","11182","weighted",NA,NA,NA,NA,NA,NA,238.742037923417,45.1579731933041,1.47476217193148,0.669776520539713,1.14447717231222,0.296453135204325,NA,NA,NA,NA,22.8912665684831,7.38392408226194,207.466715758468,87.366114930473,0.856627393225331,0.173168266328105,NA,NA,NA,NA,NA,NA,NA,NA,NA,NA,NA,NA,NA,NA,NA,NA,NA,NA,NA,NA,NA,NA,NA,NA,NA,NA,NA,NA,NA,NA,NA,NA,2013,1990-07-02,NA,NA,NA,NA
"Brian Hill","ATL","RB","13240","weighted",NA,NA,NA,NA,NA,NA,231.031783873343,47.9139669494935,1.4768932551866,0.425300768960418,0.672238586156112,0.148226567602162,NA,NA,NA,NA,15.8261266568483,5.70739202556644,109.072371134021,32.4949551924637,0.192430044182621,0.336724236887358,NA,NA,NA,NA,NA,NA,NA,NA,NA,NA,NA,NA,NA,NA,NA,NA,NA,NA,NA,NA,NA,NA,NA,NA,NA,NA,NA,NA,NA,NA,NA,NA,2017,1995-11-09,NA,NA,NA,NA
"DeAndre Washington","FA","RB","12857","weighted",NA,NA,NA,NA,NA,NA,191.541095890411,90.1561146012848,0.751141552511416,0.353553390593274,0,0,NA,NA,NA,NA,23.1493150684932,0.212132034355965,181.465753424658,10.6066017177982,0.502283105022831,0.707106781186548,NA,NA,NA,NA,NA,NA,NA,NA,NA,NA,NA,NA,NA,NA,NA,NA,NA,NA,NA,NA,NA,NA,NA,NA,NA,NA,NA,NA,NA,NA,NA,NA,2016,1993-02-22,NA,NA,NA,NA
"Jaylen Samuels","PIT","RB","13613","weighted",NA,NA,NA,NA,NA,NA,161.248838316046,56.8465282251432,0.867877478831736,0.181444625646145,0.57980475899939,0.178923560439756,NA,NA,NA,NA,30.8860183038438,13.9809864664699,227.888187919463,95.8114676408644,1.12346132701499,1.01107586122389,NA,NA,NA,NA,NA,NA,NA,NA,NA,NA,NA,NA,NA,NA,NA,NA,NA,NA,NA,NA,NA,NA,NA,NA,NA,NA,NA,NA,NA,NA,NA,NA,2018,1996-07-20,NA,NA,NA,NA
"Mike Davis","CAR","RB","12164","weighted",NA,NA,NA,NA,NA,NA,136.414377431907,117.714072646955,0.546090698601132,0.504816822082976,0.136381322957198,0.11424322218126,NA,NA,NA,NA,6.96961089494163,5.25328360599731,60.2619260700389,46.7424138280535,0,0,NA,NA,NA,NA,NA,NA,NA,NA,NA,NA,NA,NA,NA,NA,NA,NA,NA,NA,NA,NA,NA,NA,NA,NA,NA,NA,NA,NA,NA,NA,NA,NA,2015,1993-02-19,NA,NA,NA,NA
"Nyheim Hines","IND","RB","13622","weighted",NA,NA,NA,NA,NA,NA,178.846139109213,33.9243303914848,1.47272069917979,0.373174878734283,1.09975594874924,0.223654450549695,NA,NA,NA,NA,46.1017169005491,10.1811770151396,360.063697376449,96.1476246621879,1.56500987651532,0.916706888703349,NA,NA,NA,NA,NA,NA,NA,NA,NA,NA,NA,NA,NA,NA,NA,NA,NA,NA,NA,NA,NA,NA,NA,NA,NA,NA,NA,NA,NA,NA,NA,NA,2018,1996-11-12,NA,NA,NA,NA
"T.J. Yeldon","BUF","RB","12153","weighted",NA,NA,NA,NA,NA,NA,103.881121134021,83.9255047897545,0.301159973002361,0.46976175251853,0.61019882179676,0.123522139668469,NA,NA,NA,NA,15.3273490427099,9.65772987252249,129.132989690722,94.5629464543211,0.295169366715758,0.472739269652484,NA,NA,NA,NA,NA,NA,NA,NA,NA,NA,NA,NA,NA,NA,NA,NA,NA,NA,NA,NA,NA,NA,NA,NA,NA,NA,NA,NA,NA,NA,NA,NA,2015,1993-10-02,NA,NA,NA,NA
"Mike Boone","MIN","RB","13868","weighted",NA,NA,NA,NA,NA,NA,125.840359922179,78.3383524812366,0.754002004321875,0.341384491441599,0.561332684824903,0.199925638817205,NA,NA,NA,NA,6.45968871595331,4.55802032670738,65.132626459144,60.2209223184818,0.0501167315175097,0.0910160181634241,NA,NA,NA,NA,NA,NA,NA,NA,NA,NA,NA,NA,NA,NA,NA,NA,NA,NA,NA,NA,NA,NA,NA,NA,NA,NA,NA,NA,NA,NA,NA,NA,2018,1970-01-01,NA,NA,NA,NA
"Kenneth Dixon","FA","RB","12632","weighted",NA,NA,NA,NA,NA,NA,100.210552147239,125.695301423721,0.506134969325153,0.707106781186548,NA,NA,NA,NA,NA,NA,8.05880368098159,8.50649457767417,88.1055214723926,104.368960903134,0.0642024539877301,0.0919238815542512,NA,NA,NA,NA,NA,NA,NA,NA,NA,NA,NA,NA,NA,NA,NA,NA,NA,NA,NA,NA,NA,NA,NA,NA,NA,NA,NA,NA,NA,NA,NA,NA,2016,1994-01-21,NA,NA,NA,NA
"Myles Gaskin","MIA","RB","14081","weighted",NA,NA,NA,NA,NA,NA,86.8746995377504,46.7539003720545,0.628950571563901,0.30727556758251,0.3,0,NA,NA,NA,NA,10.5652696456086,0.0494974746830585,80.6983975346687,6.13061579288737,0.349614791987673,0.0707106781186548,NA,NA,NA,NA,NA,NA,NA,NA,NA,NA,NA,NA,NA,NA,NA,NA,NA,NA,NA,NA,NA,NA,NA,NA,NA,NA,NA,NA,NA,NA,NA,NA,2019,1970-01-01,NA,NA,NA,NA
"Devontae Booker","LVR","RB","12629","weighted",NA,NA,NA,NA,NA,NA,104.710674157303,59.1017395132643,0.706225588946628,0.340909662943549,0.0665985699693565,0.0577659225714663,NA,NA,NA,NA,11.7657814096016,8.48665781931132,97.5122369765066,73.5145560719693,0.0626455566905005,0.0848211006295758,NA,NA,NA,NA,NA,NA,NA,NA,NA,NA,NA,NA,NA,NA,NA,NA,NA,NA,NA,NA,NA,NA,NA,NA,NA,NA,NA,NA,NA,NA,NA,NA,2016,1992-05-27,NA,NA,NA,NA
"Ryan Nall","CHI","RB","13849","weighted",NA,NA,NA,NA,NA,NA,156.3,NA,0.8,NA,0,NA,NA,NA,NA,NA,2.3,NA,15,NA,0,NA,NA,NA,NA,NA,NA,NA,NA,NA,NA,NA,NA,NA,NA,NA,NA,NA,NA,NA,NA,NA,NA,NA,NA,NA,NA,NA,NA,NA,NA,NA,NA,NA,2018,1995-12-27,NA,NA,NA,NA
"J.D. McKissic","WAS","RB","13108","weighted",NA,NA,NA,NA,NA,NA,119.05202247191,27.1554527767741,0.299980294787527,0.279186184656985,1.3,0,NA,NA,NA,NA,19.9977323799796,15.3118554103342,160.529295199183,133.538079493728,0.696894790602656,0.446034620044022,NA,NA,NA,NA,NA,NA,NA,NA,NA,NA,NA,NA,NA,NA,NA,NA,NA,NA,NA,NA,NA,NA,NA,NA,NA,NA,NA,NA,NA,NA,NA,NA,2016,1993-10-15,NA,NA,NA,NA
"Darwin Thompson","KC","RB","14284","weighted",NA,NA,NA,NA,NA,NA,99.5814494163424,51.3333611845773,0.260091835886721,0.256339130538994,0.795428015564202,0.17136483327189,NA,NA,NA,NA,11.2073540856031,8.79797577474788,71.8687159533074,53.7173671402942,0.281692607003891,0.304170895966393,NA,NA,NA,NA,NA,NA,NA,NA,NA,NA,NA,NA,NA,NA,NA,NA,NA,NA,NA,NA,NA,NA,NA,NA,NA,NA,NA,NA,NA,NA,NA,NA,2019,NA,NA,NA,NA,NA
"DeeJay Dallas","SEA","RB","14815","weighted",NA,NA,NA,NA,NA,NA,110.216673151751,25.9169373761193,0.506103952287488,0.53611560604136,0.3340953307393,0.0285608055453149,NA,NA,NA,NA,5.82252918287938,2.67525519934467,39.4992607003891,21.4087004135404,0.150350194552529,0.273048054490272,NA,NA,NA,NA,NA,NA,NA,NA,NA,NA,NA,NA,NA,NA,NA,NA,NA,NA,NA,NA,NA,NA,NA,NA,NA,NA,NA,NA,NA,NA,NA,NA,2020,1998-09-16,NA,NA,NA,NA
"Corey Clement","PHI","RB","13136","weighted",NA,NA,NA,NA,NA,NA,131.046317280453,0.0707106781186508,1.00000026948706,4.11414762782237e-07,1.49737960339943,0.530330085889911,NA,NA,NA,NA,8.05694050991501,4.66690475583121,51.0637393767705,27.5771644662754,0,0,NA,NA,NA,NA,NA,NA,NA,NA,NA,NA,NA,NA,NA,NA,NA,NA,NA,NA,NA,NA,NA,NA,NA,NA,NA,NA,NA,NA,NA,NA,NA,NA,2017,NA,NA,NA,NA,NA
"Lynn Bowden","MIA","RB","14843","weighted",NA,NA,NA,NA,NA,NA,90.6166160081054,23.2071779949635,0.111583436662168,0.11284971957561,0.033434650455927,0.0289306304043611,NA,NA,NA,NA,12.6227288078352,12.4527658188166,148.29179331307,134.937232773098,0.526342451874367,0.518834332181298,NA,NA,NA,NA,NA,NA,NA,NA,NA,NA,NA,NA,NA,NA,NA,NA,NA,NA,NA,NA,NA,NA,NA,NA,NA,NA,NA,NA,NA,NA,NA,NA,2020,1970-01-01,NA,NA,NA,NA
NA,NA,"RB","nfl_0","weighted",NA,NA,NA,NA,NA,NA,103.9,0,0.8,2.43237677779525e-16,0.01,0.0167332005306815,NA,NA,NA,NA,4.25666666666667,5.21567509213013,38.3466666666667,47.1703409640705,0.116666666666667,0.204124145231932,NA,NA,NA,NA,NA,NA,NA,NA,NA,NA,NA,NA,NA,NA,NA,NA,NA,NA,NA,NA,NA,NA,NA,NA,NA,NA,NA,NA,NA,NA,NA,NA,NA,NA,NA,NA,NA,NA
"Eno Benjamin","ARI","RB","14801","weighted",NA,NA,NA,NA,NA,NA,90.1958923512748,4.87903679018718,0.172587009307973,0.263481455370702,0.0268413597733711,0.0353553390593274,NA,NA,NA,NA,1.07365439093484,1.4142135623731,6.97875354107649,9.19238815542512,0,0,NA,NA,NA,NA,NA,NA,NA,NA,NA,NA,NA,NA,NA,NA,NA,NA,NA,NA,NA,NA,NA,NA,NA,NA,NA,NA,NA,NA,NA,NA,NA,NA,2020,1970-01-01,NA,NA,NA,NA
"Trayveon Williams","CIN","RB","14076","weighted",NA,NA,NA,NA,NA,NA,99,NA,0,NA,0.1,NA,NA,NA,NA,NA,3,NA,23,NA,0,NA,NA,NA,NA,NA,NA,NA,NA,NA,NA,NA,NA,NA,NA,NA,NA,NA,NA,NA,NA,NA,NA,NA,NA,NA,NA,NA,NA,NA,NA,NA,NA,NA,2019,1970-01-01,NA,NA,NA,NA
"Jeffery Wilson","SF","RB","14017","weighted",NA,NA,NA,NA,NA,NA,97.5,NA,1.1,NA,1.6,NA,NA,NA,NA,NA,8.9,NA,99,NA,0.8,NA,NA,NA,NA,NA,NA,NA,NA,NA,NA,NA,NA,NA,NA,NA,NA,NA,NA,NA,NA,NA,NA,NA,NA,NA,NA,NA,NA,NA,NA,NA,NA,NA,2018,1970-01-01,NA,NA,NA,NA
"Wayne Gallman","NYG","RB","13135","weighted",NA,NA,NA,NA,NA,NA,63.3367120622568,27.8099437487229,0.13655783043975,0.139089566158494,0.2,0,NA,NA,NA,NA,3.85400778210117,1.93346588012184,31.1797276264591,18.8328836662902,0.113735408560311,0.108366131092232,NA,NA,NA,NA,NA,NA,NA,NA,NA,NA,NA,NA,NA,NA,NA,NA,NA,NA,NA,NA,NA,NA,NA,NA,NA,NA,NA,NA,NA,NA,NA,NA,2017,1994-10-01,NA,NA,NA,NA
"Ty Montgomery","NO","RB","12261","weighted",NA,NA,NA,NA,NA,NA,62.4235700389105,27.9660810785174,0.152056542388739,0.158131124694304,0,0,NA,NA,NA,NA,5.880953307393,4.57769820378606,42.4659922178988,30.7432375671427,0.134688715953307,0.244605548814202,NA,NA,NA,NA,NA,NA,NA,NA,NA,NA,NA,NA,NA,NA,NA,NA,NA,NA,NA,NA,NA,NA,NA,NA,NA,NA,NA,NA,NA,NA,NA,NA,2015,1993-01-22,NA,NA,NA,NA
"Travis Homer","SEA","RB","14083","weighted",NA,NA,NA,NA,NA,NA,78.6082152974504,9.75807358037436,0.874446848870136,0.191676807650355,0.0268413597733711,0.0353553390593274,NA,NA,NA,NA,9.77677053824363,3.39411254969543,77.1359773371105,41.0121933088198,0,0,NA,NA,NA,NA,NA,NA,NA,NA,NA,NA,NA,NA,NA,NA,NA,NA,NA,NA,NA,NA,NA,NA,NA,NA,NA,NA,NA,NA,NA,NA,NA,NA,2019,1998-08-07,"Q","Undisclosed",2020,0
"Buddy Howell","HOU","RB","13916","weighted",NA,NA,NA,NA,NA,NA,64.0561186770428,19.8931585843568,0.191349741387665,0.180087249060017,0.0340953307392996,0.0285608055453149,NA,NA,NA,NA,2.46692607003891,1.38643096639938,23.046186770428,9.45842703315695,0.0501167315175097,0.0910160181634241,NA,NA,NA,NA,NA,NA,NA,NA,NA,NA,NA,NA,NA,NA,NA,NA,NA,NA,NA,NA,NA,NA,NA,NA,NA,NA,NA,NA,NA,NA,NA,NA,2018,1970-01-01,NA,NA,NA,NA
"Qadree Ollison","ATL","RB","14097","weighted",NA,NA,NA,NA,NA,NA,52.9707507082153,10.6419570568575,0.204365109647735,0.311995768006456,0.0268413597733711,0.0353553390593274,NA,NA,NA,NA,1.49050991501416,0.777817459305202,8.8314447592068,6.36396103067893,0,0,NA,NA,NA,NA,NA,NA,NA,NA,NA,NA,NA,NA,NA,NA,NA,NA,NA,NA,NA,NA,NA,NA,NA,NA,NA,NA,NA,NA,NA,NA,NA,NA,2019,1970-01-01,NA,NA,NA,NA
"Kyle Juszczyk","SF","RB","11367","weighted",NA,NA,NA,NA,NA,NA,34.2588559754852,12.7716573726066,0.274613651717932,0.308292143879312,0.159877425944842,0.103978660628639,NA,NA,NA,NA,22.6792441266599,9.13371632538221,206.721552604699,94.9358918380528,1.57871297242084,1.14919537844632,NA,NA,NA,NA,NA,NA,NA,NA,NA,NA,NA,NA,NA,NA,NA,NA,NA,NA,NA,NA,NA,NA,NA,NA,NA,NA,NA,NA,NA,NA,NA,NA,2013,1991-04-23,NA,NA,NA,NA
"Trenton Cannon","CAR","RB","13816","weighted",NA,NA,NA,NA,NA,NA,14.413343605547,13.4633131137919,0.0420346525585355,0.0589914958010875,0.0248073959938367,0.0353553390593274,NA,NA,NA,NA,1.60616332819723,1.13137084989848,9.5071186440678,4.97803173955329,0,0,NA,NA,NA,NA,NA,NA,NA,NA,NA,NA,NA,NA,NA,NA,NA,NA,NA,NA,NA,NA,NA,NA,NA,NA,NA,NA,NA,NA,NA,NA,NA,NA,2018,NA,NA,NA,NA,NA
"Tyler Ervin","GB","RB","12639","weighted",NA,NA,NA,NA,NA,NA,26.1411478599222,16.8832537186013,0.0232713402979507,0.0272321856990515,0,0,NA,NA,NA,NA,6.59620622568093,6.05887620161046,43.1472762645914,40.2632430700302,0.0501167315175097,0.0910160181634241,NA,NA,NA,NA,NA,NA,NA,NA,NA,NA,NA,NA,NA,NA,NA,NA,NA,NA,NA,NA,NA,NA,NA,NA,NA,NA,NA,NA,NA,NA,NA,NA,2016,1993-10-07,NA,NA,NA,NA
"Elijhaa Penny","NYG","RB","13239","weighted",NA,NA,NA,NA,NA,NA,33.4,NA,0.2,NA,0,NA,NA,NA,NA,NA,0.03,NA,0,NA,0,NA,NA,NA,NA,NA,NA,NA,NA,NA,NA,NA,NA,NA,NA,NA,NA,NA,NA,NA,NA,NA,NA,NA,NA,NA,NA,NA,NA,NA,NA,NA,NA,NA,2016,1993-08-17,NA,NA,NA,NA
"Ty Johnson","DET","RB","14095","weighted",NA,NA,NA,NA,NA,NA,30.2,NA,0.2,NA,0.8,NA,NA,NA,NA,NA,19.8,NA,89,NA,0,NA,NA,NA,NA,NA,NA,NA,NA,NA,NA,NA,NA,NA,NA,NA,NA,NA,NA,NA,NA,NA,NA,NA,NA,NA,NA,NA,NA,NA,NA,NA,NA,NA,2019,1997-09-17,NA,NA,NA,NA
"C.J. Ham","MIN","RB","12923","weighted",NA,NA,NA,NA,NA,NA,23.2847149460709,2.70114790413261,0.178580045210078,0.0120412485931366,0.77673343605547,0.318198051533946,NA,NA,NA,NA,8.74594761171032,2.92742207411231,94.9630816640986,55.6351615437576,0.360308166409861,0.0565685424949238,NA,NA,NA,NA,NA,NA,NA,NA,NA,NA,NA,NA,NA,NA,NA,NA,NA,NA,NA,NA,NA,NA,NA,NA,NA,NA,NA,NA,NA,NA,NA,NA,2016,1993-07-22,NA,NA,NA,NA
"Dare Ogunbowale","FA","RB","13148","weighted",NA,NA,NA,NA,NA,NA,25.87,5.02444498066822e-15,0.16,3.92534764114705e-17,1,0,NA,NA,NA,NA,19.9189830508475,20.9232896553099,162.749152542373,174.231110884365,0.109152542372881,0.15556349186104,NA,NA,NA,NA,NA,NA,NA,NA,NA,NA,NA,NA,NA,NA,NA,NA,NA,NA,NA,NA,NA,NA,NA,NA,NA,NA,NA,NA,NA,NA,NA,NA,2017,NA,NA,NA,NA,NA
"Alexander Armah","CAR","RB","13326","weighted",NA,NA,NA,NA,NA,NA,24.6241987673344,1.52381511345701,0.28269035885328,0.172183837586104,0,0,NA,NA,NA,NA,1.32172573189522,0.601040764008565,8.08825885978428,5.82655987697715,0,0,NA,NA,NA,NA,NA,NA,NA,NA,NA,NA,NA,NA,NA,NA,NA,NA,NA,NA,NA,NA,NA,NA,NA,NA,NA,NA,NA,NA,NA,NA,NA,NA,2017,1994-05-17,NA,NA,NA,NA
"Ameer Abdullah","MIN","RB","12155","weighted",NA,NA,NA,NA,NA,NA,20.0635901386749,1.576848122046,0.170021267220362,0.0140638617704358,0.475963020030817,0.176776695296637,NA,NA,NA,NA,6.26391371340524,3.47189429562595,42.1745762711864,18.2787102936723,0.381694915254237,0.311126983722081,NA,NA,NA,NA,NA,NA,NA,NA,NA,NA,NA,NA,NA,NA,NA,NA,NA,NA,NA,NA,NA,NA,NA,NA,NA,NA,NA,NA,NA,NA,NA,NA,2015,1993-06-13,NA,NA,NA,NA
"Keith Smith","ATL","RB","12040","weighted",NA,NA,NA,NA,NA,NA,22.5485130970724,0.731855518528077,0.170751948796173,0.015089301413392,0,0,NA,NA,NA,NA,2.75217257318952,2.3546655813512,22.7989214175655,13.9653589284343,0.0793836671802774,0.113137084989848,NA,NA,NA,NA,NA,NA,NA,NA,NA,NA,NA,NA,NA,NA,NA,NA,NA,NA,NA,NA,NA,NA,NA,NA,NA,NA,NA,NA,NA,NA,NA,NA,2014,1992-04-08,NA,NA,NA,NA
"Andy Janovich","CLE","RB","12806","weighted",NA,NA,NA,NA,NA,NA,22.4,NA,0.5,NA,0,NA,NA,NA,NA,NA,4,NA,33,NA,0,NA,NA,NA,NA,NA,NA,NA,NA,NA,NA,NA,NA,NA,NA,NA,NA,NA,NA,NA,NA,NA,NA,NA,NA,NA,NA,NA,NA,NA,NA,NA,NA,NA,2016,1993-05-23,NA,NA,NA,NA
"Jason Huntley","FA","RB","14973","weighted",NA,NA,NA,NA,NA,NA,21,NA,0.2,NA,1,NA,NA,NA,NA,NA,0,NA,0,NA,0,NA,NA,NA,NA,NA,NA,NA,NA,NA,NA,NA,NA,NA,NA,NA,NA,NA,NA,NA,NA,NA,NA,NA,NA,NA,NA,NA,NA,NA,NA,NA,NA,NA,2020,1970-01-01,NA,NA,NA,NA
"Jason Huntley","PHI","RB","14973","weighted",NA,NA,NA,NA,NA,NA,21,NA,0.2,NA,1,NA,NA,NA,NA,NA,0,NA,0,NA,0,NA,NA,NA,NA,NA,NA,NA,NA,NA,NA,NA,NA,NA,NA,NA,NA,NA,NA,NA,NA,NA,NA,NA,NA,NA,NA,NA,NA,NA,NA,NA,NA,NA,2020,1970-01-01,NA,NA,NA,NA
"Dwayne Washington","NO","RB","12845","weighted",NA,NA,NA,NA,NA,NA,19.5166101694915,0.622253967444164,0.144325427977138,0.0219977183915783,0,0,NA,NA,NA,NA,1.22215716486903,0.395979797464467,6.69238828967643,0.43840620433566,0,0,NA,NA,NA,NA,NA,NA,NA,NA,NA,NA,NA,NA,NA,NA,NA,NA,NA,NA,NA,NA,NA,NA,NA,NA,NA,NA,NA,NA,NA,NA,NA,NA,2016,NA,NA,"Illness",2020,0
"Derek Watt","PIT","RB","12823","weighted",NA,NA,NA,NA,NA,NA,16.1324499229584,1.38592929112563,0.172943761593878,0.0181652948517224,0,0,NA,NA,NA,NA,3.17423728813559,3.81130555059549,26.2869645608629,31.7632366108997,0.158767334360555,0.226274169979695,NA,NA,NA,NA,NA,NA,NA,NA,NA,NA,NA,NA,NA,NA,NA,NA,NA,NA,NA,NA,NA,NA,NA,NA,NA,NA,NA,NA,NA,NA,NA,NA,2016,1992-11-07,"Q","Undisclosed",2020,0
"Samaje Perine","CIN","RB","13133","weighted",NA,NA,NA,NA,NA,NA,15.1291525423729,0.155563491861041,0.144677045832458,0.0215042573547165,0,0,NA,NA,NA,NA,0.406841294298921,0.579827560572969,3.07611710323575,4.38406204335659,0,0,NA,NA,NA,NA,NA,NA,NA,NA,NA,NA,NA,NA,NA,NA,NA,NA,NA,NA,NA,NA,NA,NA,NA,NA,NA,NA,NA,NA,NA,NA,NA,NA,2017,1995-09-16,NA,NA,NA,NA
"Rod Smith","LVR","RB","12444","weighted",NA,NA,NA,NA,NA,NA,11.4149614791988,0.00707106781186532,0.170085943035656,0.0141546279087091,0,0,NA,NA,NA,NA,5.43654853620955,5.79120453791782,39.8413867488444,41.5566655303334,0.251926040061633,0.353553390593274,NA,NA,NA,NA,NA,NA,NA,NA,NA,NA,NA,NA,NA,NA,NA,NA,NA,NA,NA,NA,NA,NA,NA,NA,NA,NA,NA,NA,NA,NA,NA,NA,NA,NA,NA,NA,NA,NA
"Rod Smith","FA","RB","12444","weighted",NA,NA,NA,NA,NA,NA,11.4149614791988,0.00707106781186532,0.170085943035656,0.0141546279087091,0,0,NA,NA,NA,NA,5.43654853620955,5.79120453791782,39.8413867488444,41.5566655303334,0.251926040061633,0.353553390593274,NA,NA,NA,NA,NA,NA,NA,NA,NA,NA,NA,NA,NA,NA,NA,NA,NA,NA,NA,NA,NA,NA,NA,NA,NA,NA,NA,NA,NA,NA,NA,NA,NA,NA,NA,NA,NA,NA
"Michael Burton","NO","RB","12325","weighted",NA,NA,NA,NA,NA,NA,6.95918335901387,1.06773123959169,0.00698798270755327,0.00422706968287036,0,0,NA,NA,NA,NA,0.635069337442219,0.905096679918781,4.51990755007704,6.44174277660945,0,0,NA,NA,NA,NA,NA,NA,NA,NA,NA,NA,NA,NA,NA,NA,NA,NA,NA,NA,NA,NA,NA,NA,NA,NA,NA,NA,NA,NA,NA,NA,NA,NA,2015,1992-02-01,NA,NA,NA,NA
"Anthony Sherman","KC","RB","10378","weighted",NA,NA,NA,NA,NA,NA,6.61848228043143,0.18031222920257,0.0242748734316531,0.0340673945650233,0,0,NA,NA,NA,NA,4.07476117103236,0.961665222413704,32.0656702619414,7.21956023591465,0.158767334360555,0.226274169979695,NA,NA,NA,NA,NA,NA,NA,NA,NA,NA,NA,NA,NA,NA,NA,NA,NA,NA,NA,NA,NA,NA,NA,NA,NA,NA,NA,NA,NA,NA,NA,NA,2011,1988-12-11,NA,NA,NA,NA
"Jonathan Williams","FA","RB","12635","weighted",NA,NA,NA,NA,NA,NA,6.4,NA,0.01,NA,0,NA,NA,NA,NA,NA,1.2,NA,8.55,NA,0.01,NA,NA,NA,NA,NA,NA,NA,NA,NA,NA,NA,NA,NA,NA,NA,NA,NA,NA,NA,NA,NA,NA,NA,NA,NA,NA,NA,NA,NA,NA,NA,NA,NA,2016,1994-02-02,NA,NA,NA,NA
"Elijah McGuire","FA","RB","13144","weighted",NA,NA,NA,NA,NA,NA,4.72992295839753,0.0141421356237306,0,0,1.4286594761171,0.67175144212722,NA,NA,NA,NA,6.54391371340524,8.06101730552664,59.3559630200308,73.6027448537077,0,0,NA,NA,NA,NA,NA,NA,NA,NA,NA,NA,NA,NA,NA,NA,NA,NA,NA,NA,NA,NA,NA,NA,NA,NA,NA,NA,NA,NA,NA,NA,NA,NA,2017,1994-06-01,NA,NA,NA,NA
"Patrick Ricard","BAL","RB","13455","weighted",NA,NA,NA,NA,NA,NA,3.74928351309707,0.590434162290767,0,0,0,0,NA,NA,NA,NA,5.6166718027735,2.44658946290545,38.0784591679507,18.6393347520774,0.203420647149461,0.289913780286484,NA,NA,NA,NA,NA,NA,NA,NA,NA,NA,NA,NA,NA,NA,NA,NA,NA,NA,NA,NA,NA,NA,NA,NA,NA,NA,NA,NA,NA,NA,NA,NA,2017,1994-05-27,NA,NA,NA,NA
"Nick Bellore","FA","RB","10514","weighted",NA,NA,NA,NA,NA,NA,3.40241910631741,0.473761543394987,0,0,0,0,NA,NA,NA,NA,0.548073959938367,0.353553390593274,3.43608628659476,3.47189429562595,0.15115562403698,0.212132034355964,NA,NA,NA,NA,NA,NA,NA,NA,NA,NA,NA,NA,NA,NA,NA,NA,NA,NA,NA,NA,NA,NA,NA,NA,NA,NA,NA,NA,NA,NA,NA,NA,2011,1989-05-12,NA,NA,NA,NA
"Nick Bellore","SEA","RB","10514","weighted",NA,NA,NA,NA,NA,NA,3.40241910631741,0.473761543394987,0,0,0,0,NA,NA,NA,NA,0.548073959938367,0.353553390593274,3.43608628659476,3.47189429562595,0.15115562403698,0.212132034355964,NA,NA,NA,NA,NA,NA,NA,NA,NA,NA,NA,NA,NA,NA,NA,NA,NA,NA,NA,NA,NA,NA,NA,NA,NA,NA,NA,NA,NA,NA,NA,NA,2011,1989-05-12,NA,NA,NA,NA
"Ricky Ortiz","NO","RB","13924","weighted",NA,NA,NA,NA,NA,NA,3.4,0,0,0,0,0,NA,NA,NA,NA,0.742003081664099,0.367695526217005,5.54406779661017,3.50017856687341,0,0,NA,NA,NA,NA,NA,NA,NA,NA,NA,NA,NA,NA,NA,NA,NA,NA,NA,NA,NA,NA,NA,NA,NA,NA,NA,NA,NA,NA,NA,NA,NA,NA,2017,1970-01-01,NA,NA,NA,NA
"Taiwan Jones","BUF","RB","10368","weighted",NA,NA,NA,NA,NA,NA,2.47436825885978,0.342946788875475,0,0,0,0,NA,NA,NA,NA,0.562958397534669,0.37476659402887,4.44600924499229,3.48603643124968,0,0,NA,NA,NA,NA,NA,NA,NA,NA,NA,NA,NA,NA,NA,NA,NA,NA,NA,NA,NA,NA,NA,NA,NA,NA,NA,NA,NA,NA,NA,NA,NA,NA,2011,1988-07-26,"Q","Knee",2020,0
"Kenjon Barner","FA","RB","11177","weighted",NA,NA,NA,NA,NA,NA,2.92,0,0,0,0,0,NA,NA,NA,NA,1.50770416024653,1.41421356237309,6.35057010785824,3.77595021153616,0,0,NA,NA,NA,NA,NA,NA,NA,NA,NA,NA,NA,NA,NA,NA,NA,NA,NA,NA,NA,NA,NA,NA,NA,NA,NA,NA,NA,NA,NA,NA,NA,NA,2013,1989-04-28,"Q","Lower Body",2020,0
"Wendell Smallwood","FA","RB","12636","weighted",NA,NA,NA,NA,NA,NA,0,NA,0,NA,0,NA,NA,NA,NA,NA,8.6,NA,53,NA,0,NA,NA,NA,NA,NA,NA,NA,NA,NA,NA,NA,NA,NA,NA,NA,NA,NA,NA,NA,NA,NA,NA,NA,NA,NA,NA,NA,NA,NA,NA,NA,NA,NA,2016,1994-01-26,NA,NA,NA,NA
"John Kelly","FA","RB","13619","weighted",NA,NA,NA,NA,NA,NA,0,NA,0,NA,0,NA,NA,NA,NA,NA,1.5,NA,16,NA,0,NA,NA,NA,NA,NA,NA,NA,NA,NA,NA,NA,NA,NA,NA,NA,NA,NA,NA,NA,NA,NA,NA,NA,NA,NA,NA,NA,NA,NA,NA,NA,NA,NA,2018,1996-10-04,NA,NA,NA,NA
"Dontrell Hilliard","FA","RB","13871","weighted",NA,NA,NA,NA,NA,NA,0,NA,0,NA,0,NA,NA,NA,NA,NA,9.7,NA,81,NA,0,NA,NA,NA,NA,NA,NA,NA,NA,NA,NA,NA,NA,NA,NA,NA,NA,NA,NA,NA,NA,NA,NA,NA,NA,NA,NA,NA,NA,NA,NA,NA,NA,NA,2018,1970-01-01,NA,NA,NA,NA
"Elijah Holyfield","PHI","RB","14084","weighted",NA,NA,NA,NA,NA,NA,0,NA,0,NA,1.1,NA,NA,NA,NA,NA,0,NA,0,NA,0,NA,NA,NA,NA,NA,NA,NA,NA,NA,NA,NA,NA,NA,NA,NA,NA,NA,NA,NA,NA,NA,NA,NA,NA,NA,NA,NA,NA,NA,NA,NA,NA,NA,2019,NA,NA,NA,NA,NA
"Elijah Holyfield","FA","RB","14084","weighted",NA,NA,NA,NA,NA,NA,0,NA,0,NA,1.1,NA,NA,NA,NA,NA,0,NA,0,NA,0,NA,NA,NA,NA,NA,NA,NA,NA,NA,NA,NA,NA,NA,NA,NA,NA,NA,NA,NA,NA,NA,NA,NA,NA,NA,NA,NA,NA,NA,NA,NA,NA,NA,2019,NA,NA,NA,NA,NA
"Kerrith Whyte","FA","RB","14289","weighted",NA,NA,NA,NA,NA,NA,0,NA,0,NA,0,NA,NA,NA,NA,NA,0.8,NA,6,NA,0,NA,NA,NA,NA,NA,NA,NA,NA,NA,NA,NA,NA,NA,NA,NA,NA,NA,NA,NA,NA,NA,NA,NA,NA,NA,NA,NA,NA,NA,NA,NA,NA,NA,2019,1970-01-01,NA,NA,NA,NA
"LaVante Bellamy","DEN","RB","14830","weighted",NA,NA,NA,NA,NA,NA,0,NA,0,NA,0,NA,NA,NA,NA,NA,0.8,NA,6,NA,0,NA,NA,NA,NA,NA,NA,NA,NA,NA,NA,NA,NA,NA,NA,NA,NA,NA,NA,NA,NA,NA,NA,NA,NA,NA,NA,NA,NA,NA,NA,NA,NA,NA,2020,1970-01-01,NA,NA,NA,NA
"Michael Thomas","NO","WR","12652","weighted",NA,NA,NA,NA,NA,NA,2.31240268456376,2.50327257207051,0,0,0.400244051250763,0.223654450549695,NA,NA,NA,NA,128.756591417531,3.49992682164747,1522.89302013423,86.0725725103024,8.92365756385563,1.14660803714479,NA,NA,NA,NA,NA,NA,NA,NA,NA,NA,NA,NA,NA,NA,NA,NA,NA,NA,NA,NA,NA,NA,NA,NA,NA,NA,NA,NA,NA,NA,NA,NA,2016,1994-08-16,NA,NA,NA,NA
"Julio Jones","ATL","WR","10271","weighted",NA,NA,NA,NA,NA,NA,4.51637827943868,3.88808129652011,0,0,0.680048810250153,0.0447308901099389,NA,NA,NA,NA,99.0982285946716,3.02699152546895,1416.11685173887,51.0886717307182,7.3576869813312,1.03166831706363,NA,NA,NA,NA,NA,NA,NA,NA,NA,NA,NA,NA,NA,NA,NA,NA,NA,NA,NA,NA,NA,NA,NA,NA,NA,NA,NA,NA,NA,NA,NA,NA,2011,1989-02-03,NA,NA,NA,NA
"Tyreek Hill","KC","WR","12801","weighted",NA,NA,NA,NA,NA,NA,64.0600561317877,23.4558718030042,0.380720267781595,0.376710318340112,0.886536505999593,0.119282373626504,NA,NA,NA,NA,82.1401738865162,7.53801009423889,1254.38777303234,126.373210367364,9.35782693609751,1.08210580956337,NA,NA,NA,NA,NA,NA,NA,NA,NA,NA,NA,NA,NA,NA,NA,NA,NA,NA,NA,NA,NA,NA,NA,NA,NA,NA,NA,NA,NA,NA,NA,NA,2016,1994-03-01,NA,NA,NA,NA
"Davante Adams","GB","WR","11675","weighted",NA,NA,NA,NA,NA,NA,0,0,0,0,0.913219442749644,0.104372076923191,NA,NA,NA,NA,106.206835468782,4.32213009437623,1329.26601586333,55.9984415363848,10.7526588647073,0.865914567538728,NA,NA,NA,NA,NA,NA,NA,NA,NA,NA,NA,NA,NA,NA,NA,NA,NA,NA,NA,NA,NA,NA,NA,NA,NA,NA,NA,NA,NA,NA,NA,NA,2014,1992-12-24,NA,NA,NA,NA
"DeAndre Hopkins","ARI","WR","11232","weighted",NA,NA,NA,NA,NA,NA,3.64197193410616,2.38996203952034,0,0,1.14639007524914,0.253475043956321,NA,NA,NA,NA,101.869988814318,6.04207045602965,1229.25624161074,83.0289566033399,8.58826406700519,1.94999706697897,NA,NA,NA,NA,NA,NA,NA,NA,NA,NA,NA,NA,NA,NA,NA,NA,NA,NA,NA,NA,NA,NA,NA,NA,NA,NA,NA,NA,NA,NA,NA,NA,2013,1992-06-06,"Q","Hamstring",2020,0
"Kenny Golladay","DET","WR","13277","weighted",NA,NA,NA,NA,NA,NA,0.200317266625992,0.291972284955159,0,0,0.773317063249949,0.014910296703313,NA,NA,NA,NA,73.3901210087452,11.7977770564163,1181.60799267846,164.709824141062,8.46619731857172,1.6359817095659,NA,NA,NA,NA,NA,NA,NA,NA,NA,NA,NA,NA,NA,NA,NA,NA,NA,NA,NA,NA,NA,NA,NA,NA,NA,NA,NA,NA,NA,NA,NA,NA,2017,1993-01-01,NA,NA,NA,NA
"D.J. Moore","CAR","WR","13635","weighted",NA,NA,NA,NA,NA,NA,36.7825015253203,24.1548269366387,0.0700061012812691,0.0866365020254748,1.35985356924954,0.134192670329817,NA,NA,NA,NA,86.3713691275168,3.33861041092971,1196.78912751678,98.599975393148,6.08760101819206,2.03200245214279,NA,NA,NA,NA,NA,NA,NA,NA,NA,NA,NA,NA,NA,NA,NA,NA,NA,NA,NA,NA,NA,NA,NA,NA,NA,NA,NA,NA,NA,NA,NA,NA,2018,1997-04-14,NA,NA,NA,NA
"Chris Godwin","TB","WR","13163","weighted",NA,NA,NA,NA,NA,NA,9.38107626601586,6.38732089309251,0.0507236119585113,0.0658352119756427,0.400244051250763,0.223654450549695,NA,NA,NA,NA,83.8557087655074,9.07175752064543,1191.45699816962,95.464029672472,7.86200446349257,1.25216508116379,NA,NA,NA,NA,NA,NA,NA,NA,NA,NA,NA,NA,NA,NA,NA,NA,NA,NA,NA,NA,NA,NA,NA,NA,NA,NA,NA,NA,NA,NA,NA,NA,2017,1996-02-27,NA,NA,NA,NA
"Mike Evans","TB","WR","11671","weighted",NA,NA,NA,NA,NA,NA,2.85914826113484,3.88591053274701,0.0108261134838316,0.0166348378496184,0.680048810250153,0.0447308901099389,NA,NA,NA,NA,74.753764490543,9.71613972222733,1189.2851128737,116.208763243192,8.09403191650901,1.22281366476695,NA,NA,NA,NA,NA,NA,NA,NA,NA,NA,NA,NA,NA,NA,NA,NA,NA,NA,NA,NA,NA,NA,NA,NA,NA,NA,NA,NA,NA,NA,NA,NA,2014,1993-08-21,NA,NA,NA,NA
"Courtland Sutton","DEN","WR","13630","weighted",NA,NA,NA,NA,NA,NA,3.92378279438682,3.38320905742566,0,0,0.240146430750458,0.134192670329817,NA,NA,NA,NA,77.2884270896888,7.48660168237423,1136.40580841977,105.86162843956,7.00549366405406,1.80234091516225,NA,NA,NA,NA,NA,NA,NA,NA,NA,NA,NA,NA,NA,NA,NA,NA,NA,NA,NA,NA,NA,NA,NA,NA,NA,NA,NA,NA,NA,NA,NA,NA,2018,1995-10-10,NA,NA,NA,NA
"DK Metcalf","SEA","WR","14102","weighted",NA,NA,NA,NA,NA,NA,7.94801708358755,5.61661387189953,0.00640227781167379,0.00823139637148203,2.4,0,NA,NA,NA,NA,67.2401510067114,5.75963312239355,1049.401561928,131.898324115984,8.03367400499814,1.16656507794265,NA,NA,NA,NA,NA,NA,NA,NA,NA,NA,NA,NA,NA,NA,NA,NA,NA,NA,NA,NA,NA,NA,NA,NA,NA,NA,NA,NA,NA,NA,NA,NA,2019,1997-12-14,NA,NA,NA,NA
"Robert Woods","LAR","WR","11228","weighted",NA,NA,NA,NA,NA,NA,95.8013740085418,20.2252410133186,0.862815838571716,0.189485647344039,0.400244051250763,0.223654450549695,NA,NA,NA,NA,85.4986750050844,1.73341664860062,1123.98737034777,98.7039057003954,4.66593867020501,1.05264460214426,NA,NA,NA,NA,NA,NA,NA,NA,NA,NA,NA,NA,NA,NA,NA,NA,NA,NA,NA,NA,NA,NA,NA,NA,NA,NA,NA,NA,NA,NA,NA,NA,2013,1992-04-10,NA,NA,NA,NA
"DeVante Parker","MIA","WR","12176","weighted",NA,NA,NA,NA,NA,NA,2.52291641244661,3.24717644284689,0,0,0.160097620500305,0.0894617802198779,NA,NA,NA,NA,75.3831128737035,5.92753832076457,1137.84976205003,76.952532073235,7.14394246851732,1.88628019173376,NA,NA,NA,NA,NA,NA,NA,NA,NA,NA,NA,NA,NA,NA,NA,NA,NA,NA,NA,NA,NA,NA,NA,NA,NA,NA,NA,NA,NA,NA,NA,NA,2015,1993-01-20,"Q","Hamstring",2020,0
"Amari Cooper","DAL","WR","12175","weighted",NA,NA,NA,NA,NA,NA,2.23087248322148,2.26543704040436,0,0,1.00648769574944,0.164013263736443,NA,NA,NA,NA,80.4550742322554,2.56444807888484,1142.19533862111,63.5519790335513,7.99506605905176,1.19051406222902,NA,NA,NA,NA,NA,NA,NA,NA,NA,NA,NA,NA,NA,NA,NA,NA,NA,NA,NA,NA,NA,NA,NA,NA,NA,NA,NA,NA,NA,NA,NA,NA,2015,1994-06-18,"Q","Undisclosed",2020,0
"Cooper Kupp","LAR","WR","13164","weighted",NA,NA,NA,NA,NA,NA,5.037120195241,5.8542716849499,0,0,0.426926988000813,0.238564747253008,NA,NA,NA,NA,85.0911643278422,7.81459799670738,1050.25147040879,110.44393283596,7.55177733028328,0.993929653688349,NA,NA,NA,NA,NA,NA,NA,NA,NA,NA,NA,NA,NA,NA,NA,NA,NA,NA,NA,NA,NA,NA,NA,NA,NA,NA,NA,NA,NA,NA,NA,NA,2017,1993-06-15,NA,NA,NA,NA
"Allen Robinson","CHI","WR","11678","weighted",NA,NA,NA,NA,NA,NA,7.42782184258694,7.0619886703386,0.0507236119585113,0.0658352119756427,0.680048810250153,0.0447308901099389,NA,NA,NA,NA,87.747105958918,4.01671026129618,1112.61753508237,66.3686213398892,7.13424729220471,1.30253700631357,NA,NA,NA,NA,NA,NA,NA,NA,NA,NA,NA,NA,NA,NA,NA,NA,NA,NA,NA,NA,NA,NA,NA,NA,NA,NA,NA,NA,NA,NA,NA,NA,2014,1993-08-24,NA,NA,NA,NA
"A.J. Brown","TEN","WR","14104","weighted",NA,NA,NA,NA,NA,NA,37.5924222086638,13.1554714829932,0.0638208722626932,0.0664860275109774,0.400244051250763,0.223654450549695,NA,NA,NA,NA,67.0991848688225,5.59966685187512,1147.37740085418,65.601489701367,7.16654343711622,1.2273420299646,NA,NA,NA,NA,NA,NA,NA,NA,NA,NA,NA,NA,NA,NA,NA,NA,NA,NA,NA,NA,NA,NA,NA,NA,NA,NA,NA,NA,NA,NA,NA,NA,2019,1997-06-30,"Q","Undisclosed",2020,0
"JuJu Smith-Schuster","PIT","WR","13156","weighted",NA,NA,NA,NA,NA,NA,0.250396583282489,0.364965356193949,0,0,0.619951189749847,0.0447308901099389,NA,NA,NA,NA,83.548557657108,6.37119511237932,1131.27165344722,68.2763590193931,7.25160979678914,0.573714795036791,NA,NA,NA,NA,NA,NA,NA,NA,NA,NA,NA,NA,NA,NA,NA,NA,NA,NA,NA,NA,NA,NA,NA,NA,NA,NA,NA,NA,NA,NA,NA,NA,2017,1996-11-22,NA,NA,NA,NA
"T.Y. Hilton","IND","WR","10729","weighted",NA,NA,NA,NA,NA,NA,0,0,0,0,0.200122025625381,0.111827225274847,NA,NA,NA,NA,72.86399023795,4.59195265900742,1092.31312995729,86.6465340948189,5.79606727225026,0.764411922583514,NA,NA,NA,NA,NA,NA,NA,NA,NA,NA,NA,NA,NA,NA,NA,NA,NA,NA,NA,NA,NA,NA,NA,NA,NA,NA,NA,NA,NA,NA,NA,NA,2012,1989-11-14,NA,NA,NA,NA
"Odell Beckham","CLE","WR","11679","weighted",NA,NA,NA,NA,NA,NA,11.5039560707749,7.13080548571352,0,0,0.540146430750458,0.134192670329817,NA,NA,NA,NA,81.1908257067317,3.27166391508679,1149.9433557047,53.948885889924,7.91126403336178,1.90995096745604,NA,NA,NA,NA,NA,NA,NA,NA,NA,NA,NA,NA,NA,NA,NA,NA,NA,NA,NA,NA,NA,NA,NA,NA,NA,NA,NA,NA,NA,NA,NA,NA,2014,1992-11-05,NA,NA,NA,NA
"Adam Thielen","MIN","WR","11938","weighted",NA,NA,NA,NA,NA,NA,21.5229286150092,14.6195367348684,0.0798779743746187,0.0816907131465077,1.33965832824893,0.313116230769572,NA,NA,NA,NA,81.2713312995729,5.9273547748337,1129.66165954851,31.9677940221412,7.30413399382381,1.04068197021215,NA,NA,NA,NA,NA,NA,NA,NA,NA,NA,NA,NA,NA,NA,NA,NA,NA,NA,NA,NA,NA,NA,NA,NA,NA,NA,NA,NA,NA,NA,NA,NA,2014,1990-08-22,NA,NA,NA,NA
"Tyler Lockett","SEA","WR","12187","weighted",NA,NA,NA,NA,NA,NA,33.7214399023795,6.637252080308,0.0656151360700379,0.0753105236538019,0.200122025625381,0.111827225274847,NA,NA,NA,NA,72.6387358145211,1.1958838340336,1034.32329469189,59.3466724210968,7.47462867196954,0.549296766421632,NA,NA,NA,NA,NA,NA,NA,NA,NA,NA,NA,NA,NA,NA,NA,NA,NA,NA,NA,NA,NA,NA,NA,NA,NA,NA,NA,NA,NA,NA,NA,NA,2015,1992-09-28,NA,NA,NA,NA
"Keenan Allen","LAC","WR","11222","weighted",NA,NA,NA,NA,NA,NA,23.7313361805979,16.7911877081675,0.130738255033557,0.172794598722617,0.440024405125076,0.0223654450549695,NA,NA,NA,NA,86.8649127516778,5.63344871420844,1030.119609518,85.2426531617112,5.91522569655987,0.730101899996001,NA,NA,NA,NA,NA,NA,NA,NA,NA,NA,NA,NA,NA,NA,NA,NA,NA,NA,NA,NA,NA,NA,NA,NA,NA,NA,NA,NA,NA,NA,NA,NA,2013,1992-04-27,NA,NA,NA,NA
"Terry McLaurin","WAS","WR","14109","weighted",NA,NA,NA,NA,NA,NA,2.64673581452105,3.74279047349123,0,0,0.200122025625381,0.111827225274847,NA,NA,NA,NA,70.7127248322148,3.49172675191289,1051.96740695546,72.8422542872605,6.6244482849453,0.917259087579404,NA,NA,NA,NA,NA,NA,NA,NA,NA,NA,NA,NA,NA,NA,NA,NA,NA,NA,NA,NA,NA,NA,NA,NA,NA,NA,NA,NA,NA,NA,NA,NA,2019,1995-09-15,NA,NA,NA,NA
"A.J. Green","FA","WR","10261","weighted",NA,NA,NA,NA,NA,NA,0.0649176327028676,0.094620647902135,0,0,1.57968273337401,0.290750785714603,NA,NA,NA,NA,71.384966442953,2.2087015954874,1038.0945942648,52.6831585838461,6.49648359592105,1.04454496334076,NA,NA,NA,NA,NA,NA,NA,NA,NA,NA,NA,NA,NA,NA,NA,NA,NA,NA,NA,NA,NA,NA,NA,NA,NA,NA,NA,NA,NA,NA,NA,NA,2011,1988-07-31,NA,NA,NA,NA
"A.J. Green","CIN","WR","10261","weighted",NA,NA,NA,NA,NA,NA,0.0649176327028676,0.094620647902135,0,0,1.57968273337401,0.290750785714603,NA,NA,NA,NA,71.384966442953,2.2087015954874,1038.0945942648,52.6831585838461,6.49648359592105,1.04454496334076,NA,NA,NA,NA,NA,NA,NA,NA,NA,NA,NA,NA,NA,NA,NA,NA,NA,NA,NA,NA,NA,NA,NA,NA,NA,NA,NA,NA,NA,NA,NA,NA,2011,1988-07-31,NA,NA,NA,NA
"Stefon Diggs","BUF","WR","12186","weighted",NA,NA,NA,NA,NA,NA,43.5150457596095,11.2587349469218,0.10241394417664,0.13998852874544,1.67956070774863,0.40257801098945,NA,NA,NA,NA,72.0000268456376,7.7887716688331,1041.91031116534,88.6888479654663,6.16225379204182,1.16681729556975,NA,NA,NA,NA,NA,NA,NA,NA,NA,NA,NA,NA,NA,NA,NA,NA,NA,NA,NA,NA,NA,NA,NA,NA,NA,NA,NA,NA,NA,NA,NA,NA,2015,1993-11-29,NA,NA,NA,NA
"D.J. Chark","JAC","WR","13668","weighted",NA,NA,NA,NA,NA,NA,12.5760585723002,9.92275685164563,0.00578401464307505,0.00825580865656979,0.200122025625381,0.111827225274847,NA,NA,NA,NA,75.4367626601586,4.42878720276089,1032.57110433191,86.0944692187522,6.98330167183244,1.36644663984674,NA,NA,NA,NA,NA,NA,NA,NA,NA,NA,NA,NA,NA,NA,NA,NA,NA,NA,NA,NA,NA,NA,NA,NA,NA,NA,NA,NA,NA,NA,NA,NA,2018,1996-09-23,NA,NA,NA,NA
"Will Fuller","HOU","WR","12647","weighted",NA,NA,NA,NA,NA,NA,19.9646979865772,20.8040808098855,0.104710189139719,0.135787444542672,0.459975594874924,0.0223654450549695,NA,NA,NA,NA,62.1179938987187,6.65730215539654,904.354545454545,147.754638723891,5.26369442277596,2.31700430869203,NA,NA,NA,NA,NA,NA,NA,NA,NA,NA,NA,NA,NA,NA,NA,NA,NA,NA,NA,NA,NA,NA,NA,NA,NA,NA,NA,NA,NA,NA,NA,NA,2016,1994-04-16,NA,NA,NA,NA
"Tyler Boyd","CIN","WR","12650","weighted",NA,NA,NA,NA,NA,NA,11.8088834655278,8.52484374239834,0.00578401464307505,0.00825580865656979,1.03978035387431,0.201289005494725,NA,NA,NA,NA,77.323932885906,3.62129304933724,975.349530201342,97.4033484435538,5.55436287587269,1.02046948515446,NA,NA,NA,NA,NA,NA,NA,NA,NA,NA,NA,NA,NA,NA,NA,NA,NA,NA,NA,NA,NA,NA,NA,NA,NA,NA,NA,NA,NA,NA,NA,NA,2016,1994-11-15,NA,NA,NA,NA
"Calvin Ridley","ATL","WR","13629","weighted",NA,NA,NA,NA,NA,NA,21.7297669310555,8.95072928375826,0,0,0.773317063249949,0.014910296703313,NA,NA,NA,NA,78.3720388448241,2.68678718074576,1035.62931055522,65.6634842756522,7.52308643583506,0.917642777817538,NA,NA,NA,NA,NA,NA,NA,NA,NA,NA,NA,NA,NA,NA,NA,NA,NA,NA,NA,NA,NA,NA,NA,NA,NA,NA,NA,NA,NA,NA,NA,NA,2018,1994-12-20,NA,NA,NA,NA
"Michael Gallup","DAL","WR","13646","weighted",NA,NA,NA,NA,NA,NA,0,0,0,0,0.160097620500305,0.0894617802198779,NA,NA,NA,NA,63.5914069554606,3.72208768786232,977.081025015253,84.3062318569662,5.84881382782825,0.743659619782502,NA,NA,NA,NA,NA,NA,NA,NA,NA,NA,NA,NA,NA,NA,NA,NA,NA,NA,NA,NA,NA,NA,NA,NA,NA,NA,NA,NA,NA,NA,NA,NA,2018,1996-03-04,NA,NA,NA,NA
"Deebo Samuel","SF","WR","14136","weighted",NA,NA,NA,NA,NA,NA,66.4009762050031,38.1009281373872,0.710799267846248,0.412790432828489,0.200122025625381,0.111827225274847,NA,NA,NA,NA,54.5986577181208,8.83150928851647,807.395253203173,175.393588805546,4.70380186215589,1.65089564744966,NA,NA,NA,NA,NA,NA,NA,NA,NA,NA,NA,NA,NA,NA,NA,NA,NA,NA,NA,NA,NA,NA,NA,NA,NA,NA,NA,NA,NA,NA,NA,NA,2019,1970-01-01,"Q","Foot",2020,0
"John Brown","BUF","WR","11783","weighted",NA,NA,NA,NA,NA,NA,15.3629042098841,12.2951969780492,0.064222086638194,0.0784916196197031,0.160097620500305,0.0894617802198779,NA,NA,NA,NA,55.9511092129347,11.5575850387741,822.771690054912,184.474552357454,5.3620473377344,1.25464860885859,NA,NA,NA,NA,NA,NA,NA,NA,NA,NA,NA,NA,NA,NA,NA,NA,NA,NA,NA,NA,NA,NA,NA,NA,NA,NA,NA,NA,NA,NA,NA,NA,2014,1990-04-03,NA,NA,NA,NA
"Jarvis Landry","CLE","WR","11680","weighted",NA,NA,NA,NA,NA,NA,3.23636363636364,3.2420127761678,0.0278218425869433,0.0405517062437721,0.679926784624771,0.0670963351649084,NA,NA,NA,NA,74.7402416107383,5.75400612811301,991.499682733374,46.7078254803347,5.71037472355099,0.350337376024971,NA,NA,NA,NA,NA,NA,NA,NA,NA,NA,NA,NA,NA,NA,NA,NA,NA,NA,NA,NA,NA,NA,NA,NA,NA,NA,NA,NA,NA,NA,NA,NA,2014,1992-11-28,NA,NA,NA,NA
"CeeDee Lamb","DAL","WR","14832","weighted",NA,NA,NA,NA,NA,NA,4.38877364246492,5.393992243424,0,0,1.09987797437462,0.111827225274847,NA,NA,NA,NA,55.4268139109213,7.45581662241695,784.448004881025,152.530840225494,4.25312102569872,1.55856802205812,NA,NA,NA,NA,NA,NA,NA,NA,NA,NA,NA,NA,NA,NA,NA,NA,NA,NA,NA,NA,NA,NA,NA,NA,NA,NA,NA,NA,NA,NA,NA,NA,2020,1999-04-08,NA,NA,NA,NA
"Justin Jefferson","MIN","WR","14836","weighted",NA,NA,NA,NA,NA,NA,8.87945088468578,5.94082527725695,0.0526540573520439,0.0622895363973406,0.699877974374619,0.111827225274847,NA,NA,NA,NA,58.0929347162904,14.2578089225893,753.385564368517,203.588917691337,4.69624718694855,1.22017875150548,NA,NA,NA,NA,NA,NA,NA,NA,NA,NA,NA,NA,NA,NA,NA,NA,NA,NA,NA,NA,NA,NA,NA,NA,NA,NA,NA,NA,NA,NA,NA,NA,2020,1999-06-16,NA,NA,NA,NA
"Marquise Brown","BAL","WR","14105","weighted",NA,NA,NA,NA,NA,NA,9.97559487492373,9.77092647527512,0.0278218425869433,0.0405517062437721,0.160097620500305,0.0894617802198779,NA,NA,NA,NA,67.5216034167175,9.55737035121329,877.548053691275,134.36549411837,7.01155528599866,1.45145564070254,NA,NA,NA,NA,NA,NA,NA,NA,NA,NA,NA,NA,NA,NA,NA,NA,NA,NA,NA,NA,NA,NA,NA,NA,NA,NA,NA,NA,NA,NA,NA,NA,2019,1997-06-04,NA,NA,NA,NA
"Julian Edelman","NE","WR","9662","weighted",NA,NA,NA,NA,NA,NA,39.8526906650397,4.45994884782136,0.0743058860775462,0.0873263891840373,0.719951189749847,0.044730890109939,NA,NA,NA,NA,81.5943868212325,7.69687608746121,929.499414276998,74.0733090029516,5.13786414514998,0.69061114227992,NA,NA,NA,NA,NA,NA,NA,NA,NA,NA,NA,NA,NA,NA,NA,NA,NA,NA,NA,NA,NA,NA,NA,NA,NA,NA,NA,NA,NA,NA,NA,NA,2009,1986-05-22,NA,NA,NA,NA
"Mike Williams","LAC","WR","13154","weighted",NA,NA,NA,NA,NA,NA,14.1257392719138,13.1039459793679,0.112039861704291,0.144049436500936,0,0,NA,NA,NA,NA,46.3294432580842,9.7170791323208,759.277949969494,151.366752205875,4.30433915559129,1.65086418235988,NA,NA,NA,NA,NA,NA,NA,NA,NA,NA,NA,NA,NA,NA,NA,NA,NA,NA,NA,NA,NA,NA,NA,NA,NA,NA,NA,NA,NA,NA,NA,NA,2017,1994-10-04,"Q","Shoulder - AC Joint",2020,0
"Emmanuel Sanders","NO","WR","9918","weighted",NA,NA,NA,NA,NA,NA,0.816107382550336,1.18951671648398,0,0,0.160097620500305,0.0894617802198779,NA,NA,NA,NA,62.6788785845027,9.17363883551542,819.151616839536,139.805945805971,5.70893254703105,0.822281727623211,NA,NA,NA,NA,NA,NA,NA,NA,NA,NA,NA,NA,NA,NA,NA,NA,NA,NA,NA,NA,NA,NA,NA,NA,NA,NA,NA,NA,NA,NA,NA,NA,2010,1987-03-17,NA,NA,NA,NA
"Darius Slayton","NYG","WR","14122","weighted",NA,NA,NA,NA,NA,NA,0,0,0,0,0.133738601823708,0.115722521617444,NA,NA,NA,NA,49.0402566700439,5.24507734342071,802.452887537994,186.434146422085,6.81846862861109,1.80258002232153,NA,NA,NA,NA,NA,NA,NA,NA,NA,NA,NA,NA,NA,NA,NA,NA,NA,NA,NA,NA,NA,NA,NA,NA,NA,NA,NA,NA,NA,NA,NA,NA,2019,1997-01-12,NA,NA,NA,NA
"Brandin Cooks","HOU","WR","11674","weighted",NA,NA,NA,NA,NA,NA,37.1323733984137,25.3733064807454,0.0989261744966443,0.127574999290051,0.200122025625381,0.111827225274847,NA,NA,NA,NA,66.7675533862111,3.50894869861811,907.864990848078,91.0988782564442,5.61824395561291,0.536224037556385,NA,NA,NA,NA,NA,NA,NA,NA,NA,NA,NA,NA,NA,NA,NA,NA,NA,NA,NA,NA,NA,NA,NA,NA,NA,NA,NA,NA,NA,NA,NA,NA,2014,1993-09-25,"Q","Quadriceps",2020,0
"Denzel Mims","NYJ","WR","14846","weighted",NA,NA,NA,NA,NA,NA,7.01427699816962,9.53858308924017,0,0,0.579926784624771,0.0670963351649084,NA,NA,NA,NA,44.7552471018914,17.7858096149461,614.38408785845,280.906765297546,2.74460133150977,2.06178995296654,NA,NA,NA,NA,NA,NA,NA,NA,NA,NA,NA,NA,NA,NA,NA,NA,NA,NA,NA,NA,NA,NA,NA,NA,NA,NA,NA,NA,NA,NA,NA,NA,2020,1970-01-01,"Q","Hamstring",2020,0
"Anthony Miller","CHI","WR","13639","weighted",NA,NA,NA,NA,NA,NA,12.535350823673,11.1141222065626,0.064222086638194,0.0784916196197031,0.859853569249542,0.134192670329817,NA,NA,NA,NA,61.4547406955461,2.43128596374466,806.854801708359,101.185355327719,4.58900118146401,0.705110715765077,NA,NA,NA,NA,NA,NA,NA,NA,NA,NA,NA,NA,NA,NA,NA,NA,NA,NA,NA,NA,NA,NA,NA,NA,NA,NA,NA,NA,NA,NA,NA,NA,2018,1994-10-09,NA,NA,NA,NA
"Marvin Jones","DET","WR","10738","weighted",NA,NA,NA,NA,NA,NA,6.96392922513728,7.85163123530278,0,0,0.160097620500305,0.0894617802198779,NA,NA,NA,NA,64.7207394752898,3.25238649534225,858.146028065894,79.7265624177246,6.56595297308155,1.264446950151,NA,NA,NA,NA,NA,NA,NA,NA,NA,NA,NA,NA,NA,NA,NA,NA,NA,NA,NA,NA,NA,NA,NA,NA,NA,NA,NA,NA,NA,NA,NA,NA,2012,1990-03-12,NA,NA,NA,NA
"James Washington","PIT","WR","13631","weighted",NA,NA,NA,NA,NA,NA,0,0,0,0,0.759853569249542,0.134192670329817,NA,NA,NA,NA,34.486071995119,8.31295530113399,613.404539353264,256.345017176289,3.68836874095753,1.63926238128698,NA,NA,NA,NA,NA,NA,NA,NA,NA,NA,NA,NA,NA,NA,NA,NA,NA,NA,NA,NA,NA,NA,NA,NA,NA,NA,NA,NA,NA,NA,NA,NA,2018,1996-04-02,NA,NA,NA,NA
"Robby Anderson","CAR","WR","12930","weighted",NA,NA,NA,NA,NA,NA,3.94036607687614,2.74740478835504,0,0,0.200122025625381,0.111827225274847,NA,NA,NA,NA,52.7338706528371,9.8812365609677,749.933203172666,159.9649164337,4.71998797718739,1.56021841436149,NA,NA,NA,NA,NA,NA,NA,NA,NA,NA,NA,NA,NA,NA,NA,NA,NA,NA,NA,NA,NA,NA,NA,NA,NA,NA,NA,NA,NA,NA,NA,NA,2016,1993-05-09,NA,NA,NA,NA
"Breshad Perriman","NYJ","WR","12197","weighted",NA,NA,NA,NA,NA,NA,10.4240512507627,7.29614676755447,0.0173520439292251,0.0247674259697094,0.0400244051250763,0.0223654450549695,NA,NA,NA,NA,48.6802830994509,4.27829614519478,765.676339231239,140.453682734195,5.50393334093157,1.25518882462853,NA,NA,NA,NA,NA,NA,NA,NA,NA,NA,NA,NA,NA,NA,NA,NA,NA,NA,NA,NA,NA,NA,NA,NA,NA,NA,NA,NA,NA,NA,NA,NA,2015,1993-09-10,"Q","Knee",2020,0
"Sterling Shepard","NYG","WR","12658","weighted",NA,NA,NA,NA,NA,NA,34.1349359365467,12.1269534831229,0.0342291620598456,0.0334527091073195,0.459975594874924,0.0223654450549695,NA,NA,NA,NA,72.0539414276998,5.60606808266282,834.721720561318,73.5949057349567,5.16678401381564,0.710312444730741,NA,NA,NA,NA,NA,NA,NA,NA,NA,NA,NA,NA,NA,NA,NA,NA,NA,NA,NA,NA,NA,NA,NA,NA,NA,NA,NA,NA,NA,NA,NA,NA,2016,NA,NA,NA,NA,NA
"Diontae Johnson","PIT","WR","14208","weighted",NA,NA,NA,NA,NA,NA,24.4562821492233,9.86263271293996,0.0229799983257067,0.0178196070625526,2.46226126814362,0.626021901255542,NA,NA,NA,NA,60.9265928189457,3.66673437148386,812.158395721925,97.2266099880805,5.20954479060926,0.886866799094283,NA,NA,NA,NA,NA,NA,NA,NA,NA,NA,NA,NA,NA,NA,NA,NA,NA,NA,NA,NA,NA,NA,NA,NA,NA,NA,NA,NA,NA,NA,NA,NA,2019,NA,NA,NA,NA,NA
"Allen Lazard","GB","WR","13632","weighted",NA,NA,NA,NA,NA,NA,4.75344028520499,3.54067349689578,0,0,0.337509549274255,0.0250408760502217,NA,NA,NA,NA,51.1920741023682,1.06879781802589,745.803437738732,119.424515425984,4.47674123354093,0.70614460182179,NA,NA,NA,NA,NA,NA,NA,NA,NA,NA,NA,NA,NA,NA,NA,NA,NA,NA,NA,NA,NA,NA,NA,NA,NA,NA,NA,NA,NA,NA,NA,NA,2018,1995-12-11,NA,NA,NA,NA
"Jerry Jeudy","DEN","WR","14833","weighted",NA,NA,NA,NA,NA,NA,4.36754118364857,5.80026400056698,0,0,0.620073215375229,0.0670963351649084,NA,NA,NA,NA,59.4990616229408,7.29016497879048,792.389737644905,132.078196499831,4.24520555048476,1.3774103232356,NA,NA,NA,NA,NA,NA,NA,NA,NA,NA,NA,NA,NA,NA,NA,NA,NA,NA,NA,NA,NA,NA,NA,NA,NA,NA,NA,NA,NA,NA,NA,NA,2020,1999-04-24,NA,NA,NA,NA
"Golden Tate","NYG","WR","9831","weighted",NA,NA,NA,NA,NA,NA,6.66258694325808,4.38193679030431,0.00578401464307505,0.00825580865656979,0.97980475899939,0.178923560439756,NA,NA,NA,NA,59.7340268456376,3.61443141801973,778.384990848078,113.588392863091,5.74989302764496,1.62370641472479,NA,NA,NA,NA,NA,NA,NA,NA,NA,NA,NA,NA,NA,NA,NA,NA,NA,NA,NA,NA,NA,NA,NA,NA,NA,NA,NA,NA,NA,NA,NA,NA,2010,1988-08-02,"Q","Lower Body",2020,0
"Hunter Renfrow","LVR","WR","14123","weighted",NA,NA,NA,NA,NA,NA,0,0,0,0,0.27501909854851,0.0500817521004434,NA,NA,NA,NA,48.357037815126,7.60853194726119,670.818869365928,182.427655860514,4.26790276611282,1.21396082362082,NA,NA,NA,NA,NA,NA,NA,NA,NA,NA,NA,NA,NA,NA,NA,NA,NA,NA,NA,NA,NA,NA,NA,NA,NA,NA,NA,NA,NA,NA,NA,NA,2019,1970-01-01,NA,NA,NA,NA
"Auden Tate","CIN","WR","13642","weighted",NA,NA,NA,NA,NA,NA,0,0,0,0,0.150038197097021,0.100163504200887,NA,NA,NA,NA,21.4844595110772,5.88974635799171,417.505683728037,315.630462925165,1.43637927427721,1.43456676153032,NA,NA,NA,NA,NA,NA,NA,NA,NA,NA,NA,NA,NA,NA,NA,NA,NA,NA,NA,NA,NA,NA,NA,NA,NA,NA,NA,NA,NA,NA,NA,NA,2018,1997-02-03,NA,NA,NA,NA
"Preston Williams","MIA","WR","14126","weighted",NA,NA,NA,NA,NA,NA,3.71980137509549,3.33089793869382,0,0,1.23743315508021,0.175286132351552,NA,NA,NA,NA,58.1190889992361,7.16859305500093,760.437860962567,139.060811041595,4.11977934382655,0.993808519657029,NA,NA,NA,NA,NA,NA,NA,NA,NA,NA,NA,NA,NA,NA,NA,NA,NA,NA,NA,NA,NA,NA,NA,NA,NA,NA,NA,NA,NA,NA,NA,NA,2019,1970-01-01,NA,NA,NA,NA
"Michael Pittman","IND","WR","14842","weighted",NA,NA,NA,NA,NA,NA,1.86918852959121,2.10741852524773,0,0,0.160097620500305,0.0894617802198779,NA,NA,NA,NA,49.7149627821843,18.7959835711467,696.060646735815,142.596280376964,3.30920520867303,1.95842018047063,NA,NA,NA,NA,NA,NA,NA,NA,NA,NA,NA,NA,NA,NA,NA,NA,NA,NA,NA,NA,NA,NA,NA,NA,NA,NA,NA,NA,NA,NA,NA,NA,2020,1997-10-05,NA,NA,NA,NA
"DeSean Jackson","PHI","WR","9075","weighted",NA,NA,NA,NA,NA,NA,19.0512385600976,14.1442561490829,0.109395973154362,0.112526782821384,0.160097620500305,0.0894617802198779,NA,NA,NA,NA,47.2997425259304,6.30005070871309,733.681818181818,130.547117715101,4.0521662349264,1.65424341023579,NA,NA,NA,NA,NA,NA,NA,NA,NA,NA,NA,NA,NA,NA,NA,NA,NA,NA,NA,NA,NA,NA,NA,NA,NA,NA,NA,NA,NA,NA,NA,NA,2008,1986-12-01,NA,NA,NA,NA
"Christian Kirk","ARI","WR","13633","weighted",NA,NA,NA,NA,NA,NA,47.7666870042709,24.2794651020941,0.00741692513052139,0.0108105337806097,0.160097620500305,0.0894617802198779,NA,NA,NA,NA,71.7923758389262,6.16206082722289,832.2800976205,52.9678838216362,5.04566637789483,1.38406745228978,NA,NA,NA,NA,NA,NA,NA,NA,NA,NA,NA,NA,NA,NA,NA,NA,NA,NA,NA,NA,NA,NA,NA,NA,NA,NA,NA,NA,NA,NA,NA,NA,2018,1996-11-18,NA,NA,NA,NA
"Alshon Jeffery","PHI","WR","10722","weighted",NA,NA,NA,NA,NA,NA,0.0278218425869433,0.0405517062437721,0.0278218425869433,0.0405517062437721,0.159975594874924,0.0223654450549695,NA,NA,NA,NA,41.6581525320317,18.5937515787473,563.490152532032,268.390602512615,4.3978956394243,2.00192945215182,NA,NA,NA,NA,NA,NA,NA,NA,NA,NA,NA,NA,NA,NA,NA,NA,NA,NA,NA,NA,NA,NA,NA,NA,NA,NA,NA,NA,NA,NA,NA,NA,2012,1990-02-14,"Q","Foot",2020,0
"Jalen Reagor","PHI","WR","14839","weighted",NA,NA,NA,NA,NA,NA,9.04212324588164,7.55328133319853,0.0497620500305064,0.0582661764133434,0.32019524100061,0.178923560439756,NA,NA,NA,NA,46.6890469798658,13.0866467275533,662.266503965833,150.74920785658,3.61281440005447,1.67732548331383,NA,NA,NA,NA,NA,NA,NA,NA,NA,NA,NA,NA,NA,NA,NA,NA,NA,NA,NA,NA,NA,NA,NA,NA,NA,NA,NA,NA,NA,NA,NA,NA,2020,1999-01-02,"D","Upper Body",2020,0
NA,NA,"WR","nfl_0","weighted",NA,NA,NA,NA,NA,NA,NA,NA,NA,NA,0.257142857142857,0.353101426075121,NA,NA,NA,NA,8.10285714285714,9.57833249127929,173.206677042802,281.861610262114,0.557282710730762,0.857609672249979,NA,NA,NA,NA,NA,NA,NA,NA,NA,NA,NA,NA,NA,NA,NA,NA,NA,NA,NA,NA,NA,NA,NA,NA,NA,NA,NA,NA,NA,NA,NA,NA,NA,NA,NA,NA,NA,NA
"Jamison Crowder","NYJ","WR","12184","weighted",NA,NA,NA,NA,NA,NA,1.76058572300183,1.79838025442015,0,0,0.212117144600366,0.107354136263853,NA,NA,NA,NA,70.8805686394143,7.20089869201874,766.735131177547,86.3450632270313,5.05339054180393,0.39029983744185,NA,NA,NA,NA,NA,NA,NA,NA,NA,NA,NA,NA,NA,NA,NA,NA,NA,NA,NA,NA,NA,NA,NA,NA,NA,NA,NA,NA,NA,NA,NA,NA,2015,1993-06-17,"Q","Lower Leg",2020,0
"Parris Campbell","IND","WR","14112","weighted",NA,NA,NA,NA,NA,NA,23.5264917632703,15.6707795589341,0.0555460646735815,0.066325745858206,0.200122025625381,0.111827225274847,NA,NA,NA,NA,43.4556754118365,8.98603962042962,614.895228798048,181.294218647424,3.84537038971775,1.01310657224957,NA,NA,NA,NA,NA,NA,NA,NA,NA,NA,NA,NA,NA,NA,NA,NA,NA,NA,NA,NA,NA,NA,NA,NA,NA,NA,NA,NA,NA,NA,NA,NA,2019,1997-07-16,NA,NA,NA,NA
"Sammy Watkins","KC","WR","11670","weighted",NA,NA,NA,NA,NA,NA,8.47659548505186,7.36240044096548,0,0,0.97980475899939,0.178923560439756,NA,NA,NA,NA,51.1514093959732,4.85133877113737,713.456400244051,99.4489838984797,4.2182083865474,1.14499686090504,NA,NA,NA,NA,NA,NA,NA,NA,NA,NA,NA,NA,NA,NA,NA,NA,NA,NA,NA,NA,NA,NA,NA,NA,NA,NA,NA,NA,NA,NA,NA,NA,2014,1993-06-14,NA,NA,NA,NA
"Tee Higgins","CIN","WR","14835","weighted",NA,NA,NA,NA,NA,NA,0,0,0,0,0.939658328248932,0.313116230769572,NA,NA,NA,NA,32.8678633312996,16.4356878091917,474.442586943258,277.425392359871,2.82331112628929,2.14624776722134,NA,NA,NA,NA,NA,NA,NA,NA,NA,NA,NA,NA,NA,NA,NA,NA,NA,NA,NA,NA,NA,NA,NA,NA,NA,NA,NA,NA,NA,NA,NA,NA,2020,1999-01-18,NA,NA,NA,NA
"Brandon Aiyuk","SF","WR","14840","weighted",NA,NA,NA,NA,NA,NA,13.2225747406955,9.43250353015601,0.058438071995119,0.0703725938912727,0.519951189749848,0.0447308901099389,NA,NA,NA,NA,41.981187309335,9.96015754831834,593.485491153142,192.108443715873,4.4446869271114,0.89207229456667,NA,NA,NA,NA,NA,NA,NA,NA,NA,NA,NA,NA,NA,NA,NA,NA,NA,NA,NA,NA,NA,NA,NA,NA,NA,NA,NA,NA,NA,NA,NA,NA,2020,1970-01-01,"Q","Hamstring",2020,0
"Cole Beasley","BUF","WR","10973","weighted",NA,NA,NA,NA,NA,NA,0,0,0,0,0.160097620500305,0.0894617802198779,NA,NA,NA,NA,56.0561720561318,11.5190651657812,644.031934106162,137.465803020827,3.91923261322749,0.830529895428574,NA,NA,NA,NA,NA,NA,NA,NA,NA,NA,NA,NA,NA,NA,NA,NA,NA,NA,NA,NA,NA,NA,NA,NA,NA,NA,NA,NA,NA,NA,NA,NA,2012,1989-04-26,NA,NA,NA,NA
"Henry Ruggs","LVR","WR","14834","weighted",NA,NA,NA,NA,NA,NA,31.3528800611153,2.0789479230588,0.106118526312755,0.0970384671294156,0.4,0,NA,NA,NA,NA,59.1245607333843,4.09428729173329,771.829732620321,23.5557277069407,5.17086577899482,0.363387613392322,NA,NA,NA,NA,NA,NA,NA,NA,NA,NA,NA,NA,NA,NA,NA,NA,NA,NA,NA,NA,NA,NA,NA,NA,NA,NA,NA,NA,NA,NA,NA,NA,2020,1970-01-01,NA,NA,NA,NA
"Bryan Edwards","LVR","WR","14844","weighted",NA,NA,NA,NA,NA,NA,3.05812080536913,3.54280100549548,0.00867602196461257,0.0123837129848547,0.32019524100061,0.178923560439756,NA,NA,NA,NA,51.0138145210494,11.0188224525114,606.976510067114,163.41789102247,3.18010755474652,1.89196858837975,NA,NA,NA,NA,NA,NA,NA,NA,NA,NA,NA,NA,NA,NA,NA,NA,NA,NA,NA,NA,NA,NA,NA,NA,NA,NA,NA,NA,NA,NA,NA,NA,2020,1970-01-01,NA,NA,NA,NA
"Chris Conley","JAC","WR","12257","weighted",NA,NA,NA,NA,NA,NA,0,0,0,0,0.4,0,NA,NA,NA,NA,41.6837949969494,8.80912391613191,603.536863941428,133.73416071864,3.24580631409442,0.752213021858478,NA,NA,NA,NA,NA,NA,NA,NA,NA,NA,NA,NA,NA,NA,NA,NA,NA,NA,NA,NA,NA,NA,NA,NA,NA,NA,NA,NA,NA,NA,NA,NA,2015,1992-10-25,NA,NA,NA,NA
"Corey Davis","TEN","WR","13153","weighted",NA,NA,NA,NA,NA,NA,3.86217205613179,4.06135282799132,0.00578401464307505,0.00825580865656979,0.160097620500305,0.0894617802198779,NA,NA,NA,NA,50.9158474679683,4.77681697890557,690.152971323978,54.8201853496793,4.36869103401293,0.673717686930205,NA,NA,NA,NA,NA,NA,NA,NA,NA,NA,NA,NA,NA,NA,NA,NA,NA,NA,NA,NA,NA,NA,NA,NA,NA,NA,NA,NA,NA,NA,NA,NA,2017,1995-01-11,NA,NA,NA,NA
"Randall Cobb","HOU","WR","10308","weighted",NA,NA,NA,NA,NA,NA,21.1202684563758,19.5609956302053,0.0931421598535692,0.119368536664532,0.5,0,NA,NA,NA,NA,48.5023441122636,9.31267381786954,619.162721171446,134.355733729641,2.68646424541675,1.2144291519722,NA,NA,NA,NA,NA,NA,NA,NA,NA,NA,NA,NA,NA,NA,NA,NA,NA,NA,NA,NA,NA,NA,NA,NA,NA,NA,NA,NA,NA,NA,NA,NA,2011,1990-08-22,NA,NA,NA,NA
"Curtis Samuel","CAR","WR","13157","weighted",NA,NA,NA,NA,NA,NA,96.9815497254423,10.7902921492236,0.832987958382613,0.235053746231007,0.160097620500305,0.0894617802198779,NA,NA,NA,NA,52.0440073215375,8.1349472731323,618.384563758389,93.5582889157405,4.87784815449605,1.32157927273732,NA,NA,NA,NA,NA,NA,NA,NA,NA,NA,NA,NA,NA,NA,NA,NA,NA,NA,NA,NA,NA,NA,NA,NA,NA,NA,NA,NA,NA,NA,NA,NA,2017,1996-08-11,NA,NA,NA,NA
"Chase Claypool","PIT","WR","14841","weighted",NA,NA,NA,NA,NA,NA,0.250396583282489,0.364965356193949,0,0,0.160097620500305,0.0894617802198779,NA,NA,NA,NA,28.9525210494204,15.0757723421539,388.705149481391,244.72691784283,2.37783271195778,1.7883549297926,NA,NA,NA,NA,NA,NA,NA,NA,NA,NA,NA,NA,NA,NA,NA,NA,NA,NA,NA,NA,NA,NA,NA,NA,NA,NA,NA,NA,NA,NA,NA,NA,2020,1970-01-01,NA,NA,NA,NA
"Laviska Shenault","JAC","WR","14838","weighted",NA,NA,NA,NA,NA,NA,105.892253628724,21.1106175276459,0.896505565806632,0.133552355523601,1.7,2.56879688533554e-16,NA,NA,NA,NA,29.2729233511586,3.79753748454172,434.24,198.233936860451,2.02984876973377,1.06897233185267,NA,NA,NA,NA,NA,NA,NA,NA,NA,NA,NA,NA,NA,NA,NA,NA,NA,NA,NA,NA,NA,NA,NA,NA,NA,NA,NA,NA,NA,NA,NA,NA,2020,1970-01-01,"Q","Undisclosed",2020,0
"N'Keal Harry","NE","WR","14101","weighted",NA,NA,NA,NA,NA,NA,8.98151311775473,8.93502490172211,0.0555460646735815,0.066325745858206,0.679926784624771,0.0670963351649084,NA,NA,NA,NA,50.6889139719341,5.30465925405866,609.116351433801,187.346842299197,3.75599953149384,1.44155924522856,NA,NA,NA,NA,NA,NA,NA,NA,NA,NA,NA,NA,NA,NA,NA,NA,NA,NA,NA,NA,NA,NA,NA,NA,NA,NA,NA,NA,NA,NA,NA,NA,2019,1970-01-01,NA,NA,NA,NA
"Kenny Stills","HOU","WR","11227","weighted",NA,NA,NA,NA,NA,NA,0,0,0,0,0.219951189749847,0.0447308901099389,NA,NA,NA,NA,36.067345942648,8.19808894864295,537.575424039048,148.749351944216,3.55184711392133,1.3047049044438,NA,NA,NA,NA,NA,NA,NA,NA,NA,NA,NA,NA,NA,NA,NA,NA,NA,NA,NA,NA,NA,NA,NA,NA,NA,NA,NA,NA,NA,NA,NA,NA,2013,1992-04-22,NA,NA,NA,NA
"Russell Gage","ATL","WR","13809","weighted",NA,NA,NA,NA,NA,NA,21.2559409218233,18.9674473524474,0.103661828367711,0.0928741707220809,0.0750190985485103,0.0500817521004434,NA,NA,NA,NA,37.6548644003056,9.22078496815927,478.109411764706,158.35119889485,2.44292449808609,1.19352710645288,NA,NA,NA,NA,NA,NA,NA,NA,NA,NA,NA,NA,NA,NA,NA,NA,NA,NA,NA,NA,NA,NA,NA,NA,NA,NA,NA,NA,NA,NA,NA,NA,2018,1996-01-22,"Q","Undisclosed",2020,0
"Nelson Agholor","LVR","WR","12181","weighted",NA,NA,NA,NA,NA,NA,8.33365243004418,6.7530324493254,0.0118924889543446,0.0187058135090032,0.524079528718704,0.0494088558673875,NA,NA,NA,NA,27.7588659793814,23.1071970289941,307.781885125184,267.732241775006,2.06723122238586,1.92425879018041,NA,NA,NA,NA,NA,NA,NA,NA,NA,NA,NA,NA,NA,NA,NA,NA,NA,NA,NA,NA,NA,NA,NA,NA,NA,NA,NA,NA,NA,NA,NA,NA,2015,1993-05-24,NA,NA,NA,NA
"Larry Fitzgerald","ARI","WR","7393","weighted",NA,NA,NA,NA,NA,NA,0,0,0,0,0.619951189749847,0.0447308901099389,NA,NA,NA,NA,54.5241622940818,6.3149024897231,613.964600366077,80.9928144214279,3.47344419947354,1.03063925329722,NA,NA,NA,NA,NA,NA,NA,NA,NA,NA,NA,NA,NA,NA,NA,NA,NA,NA,NA,NA,NA,NA,NA,NA,NA,NA,NA,NA,NA,NA,NA,NA,2004,1983-08-31,NA,NA,NA,NA
"Mohamed Sanu","NE","WR","10723","weighted",NA,NA,NA,NA,NA,NA,9,2.52026550340573e-15,0,0,NA,NA,NA,NA,NA,NA,65,0,379.689034369885,497.096067174143,2.16039279869067,2.82842712474619,NA,NA,NA,NA,NA,NA,NA,NA,NA,NA,NA,NA,NA,NA,NA,NA,NA,NA,NA,NA,NA,NA,NA,NA,NA,NA,NA,NA,NA,NA,NA,NA,2012,1989-08-22,NA,NA,NA,NA
"Mohamed Sanu","FA","WR","10723","weighted",NA,NA,NA,NA,NA,NA,9,2.52026550340573e-15,0,0,NA,NA,NA,NA,NA,NA,65,0,379.689034369885,497.096067174143,2.16039279869067,2.82842712474619,NA,NA,NA,NA,NA,NA,NA,NA,NA,NA,NA,NA,NA,NA,NA,NA,NA,NA,NA,NA,NA,NA,NA,NA,NA,NA,NA,NA,NA,NA,NA,NA,2012,1989-08-22,NA,NA,NA,NA
"Mecole Hardman","KC","WR","14113","weighted",NA,NA,NA,NA,NA,NA,42.5555216595485,24.612387738294,0.154952216714233,0.227601764802245,0.979926784624771,0.0670963351649084,NA,NA,NA,NA,39.1547077486272,8.46657963187928,625.318047589994,108.880875957803,4.88475947963491,0.555948158387349,NA,NA,NA,NA,NA,NA,NA,NA,NA,NA,NA,NA,NA,NA,NA,NA,NA,NA,NA,NA,NA,NA,NA,NA,NA,NA,NA,NA,NA,NA,NA,NA,2019,1998-03-12,NA,NA,NA,NA
"Danny Amendola","DET","WR","9308","weighted",NA,NA,NA,NA,NA,NA,0,0,0,0,0.160097620500305,0.0894617802198779,NA,NA,NA,NA,52.2971360585723,6.90994447971859,576.867126296522,83.7903558152668,1.90874502028217,1.09371486736719,NA,NA,NA,NA,NA,NA,NA,NA,NA,NA,NA,NA,NA,NA,NA,NA,NA,NA,NA,NA,NA,NA,NA,NA,NA,NA,NA,NA,NA,NA,NA,NA,2008,1985-11-02,NA,NA,NA,NA
"Josh Reynolds","LAR","WR","13168","weighted",NA,NA,NA,NA,NA,NA,20.2109338521401,21.4590174279706,0.148959143968872,0.166625075542556,0.0340953307392996,0.0285608055453149,NA,NA,NA,NA,35.9102723735409,14.6969038547978,466.814085603113,157.33826357435,3.02821011673152,1.06909569065415,NA,NA,NA,NA,NA,NA,NA,NA,NA,NA,NA,NA,NA,NA,NA,NA,NA,NA,NA,NA,NA,NA,NA,NA,NA,NA,NA,NA,NA,NA,NA,NA,2017,1995-02-16,NA,NA,NA,NA
"JJ Arcega-Whiteside","PHI","WR","14107","weighted",NA,NA,NA,NA,NA,NA,1.89601435935199,2.7077761863446,0,0,0.186119293078056,0.0741132838010812,NA,NA,NA,NA,25.8380854197349,10.2876281272874,346.772695139912,193.11046112447,2.55787923416789,0.947854261722165,NA,NA,NA,NA,NA,NA,NA,NA,NA,NA,NA,NA,NA,NA,NA,NA,NA,NA,NA,NA,NA,NA,NA,NA,NA,NA,NA,NA,NA,NA,NA,NA,2019,NA,NA,NA,NA,NA
"Adam Humphries","TEN","WR","12505","weighted",NA,NA,NA,NA,NA,NA,1.74862721171446,2.08192168624656,0,0,0.160097620500305,0.0894617802198779,NA,NA,NA,NA,44.9246650396583,10.0325178681356,493.477266625991,117.963906371619,2.51204039703353,0.559861943842843,NA,NA,NA,NA,NA,NA,NA,NA,NA,NA,NA,NA,NA,NA,NA,NA,NA,NA,NA,NA,NA,NA,NA,NA,NA,NA,NA,NA,NA,NA,NA,NA,NA,NA,NA,NA,NA,NA
"Van Jefferson","LAR","WR","14858","weighted",NA,NA,NA,NA,NA,NA,4.13808910162003,5.66951109488986,0,0,0.151840942562592,0.098817711734775,NA,NA,NA,NA,25.8683505154639,14.7981903609882,346.626509572901,223.544907420835,1.84440353460972,1.27167847607638,NA,NA,NA,NA,NA,NA,NA,NA,NA,NA,NA,NA,NA,NA,NA,NA,NA,NA,NA,NA,NA,NA,NA,NA,NA,NA,NA,NA,NA,NA,NA,NA,2020,1996-07-26,NA,NA,NA,NA
"Tre'Quan Smith","NO","WR","13645","weighted",NA,NA,NA,NA,NA,NA,0.0927394752898109,0.135172354145907,0,0,0,0,NA,NA,NA,NA,27.4173325198292,9.14361899001686,379.822111043319,145.367451960071,3.99058513530409,1.81947192625022,NA,NA,NA,NA,NA,NA,NA,NA,NA,NA,NA,NA,NA,NA,NA,NA,NA,NA,NA,NA,NA,NA,NA,NA,NA,NA,NA,NA,NA,NA,NA,NA,2018,NA,NA,NA,NA,NA
"Tajae Sharpe","MIN","WR","12657","weighted",NA,NA,NA,NA,NA,NA,0,0,0,0,0,0,NA,NA,NA,NA,22.7778645066274,19.3198612049702,284.952562592047,219.861772358817,2.10737849779087,1.92827416520112,NA,NA,NA,NA,NA,NA,NA,NA,NA,NA,NA,NA,NA,NA,NA,NA,NA,NA,NA,NA,NA,NA,NA,NA,NA,NA,NA,NA,NA,NA,NA,NA,2016,1994-12-23,NA,NA,NA,NA
"Dede Westbrook","JAC","WR","13158","weighted",NA,NA,NA,NA,NA,NA,13.695375228798,9.09980395435778,0.0526540573520439,0.0622895363973406,0.639780353874314,0.201289005494725,NA,NA,NA,NA,47.8789835265406,8.66930666908422,513.349493593655,101.404232006547,2.69747711133389,1.17152655195927,NA,NA,NA,NA,NA,NA,NA,NA,NA,NA,NA,NA,NA,NA,NA,NA,NA,NA,NA,NA,NA,NA,NA,NA,NA,NA,NA,NA,NA,NA,NA,NA,2017,1993-11-21,"Q","Shoulder",2020,0
"KJ Hamler","DEN","WR","14837","weighted",NA,NA,NA,NA,NA,NA,17.4647956070775,24.0733030445378,0,0,0.160097620500305,0.0894617802198779,NA,NA,NA,NA,25.0134484441733,11.8033510684009,355.549456985967,198.149916688629,1.79186114791344,1.53062522914632,NA,NA,NA,NA,NA,NA,NA,NA,NA,NA,NA,NA,NA,NA,NA,NA,NA,NA,NA,NA,NA,NA,NA,NA,NA,NA,NA,NA,NA,NA,NA,NA,2020,1970-01-01,"Q","Hamstring",2020,0
"Olabisi Johnson","MIN","WR","14305","weighted",NA,NA,NA,NA,NA,NA,1.38601823708207,1.34522819555281,0,0,0,0,NA,NA,NA,NA,29.8264775413712,4.27898237015579,426.918946301925,148.609439145764,2.39501695000847,0.955846813905624,NA,NA,NA,NA,NA,NA,NA,NA,NA,NA,NA,NA,NA,NA,NA,NA,NA,NA,NA,NA,NA,NA,NA,NA,NA,NA,NA,NA,NA,NA,NA,NA,2019,1970-01-01,NA,NA,NA,NA
"Antonio Gandy-Golden","WAS","WR","14863","weighted",NA,NA,NA,NA,NA,NA,0,0,0,0,0,0,NA,NA,NA,NA,26.8012062256809,12.2883668489736,325.492392996109,186.338194451094,1.17367704280156,1.26274455146619,NA,NA,NA,NA,NA,NA,NA,NA,NA,NA,NA,NA,NA,NA,NA,NA,NA,NA,NA,NA,NA,NA,NA,NA,NA,NA,NA,NA,NA,NA,NA,NA,2020,1970-01-01,NA,NA,NA,NA
"Scott Miller","TB","WR","14280","weighted",NA,NA,NA,NA,NA,NA,12.3,NA,0.1,NA,0,NA,NA,NA,NA,NA,37.2,NA,546,NA,2,NA,NA,NA,NA,NA,NA,NA,NA,NA,NA,NA,NA,NA,NA,NA,NA,NA,NA,NA,NA,NA,NA,NA,NA,NA,NA,NA,NA,NA,NA,NA,NA,NA,2019,1997-07-31,NA,NA,NA,NA
"Isaiah Ford","MIA","WR","13162","weighted",NA,NA,NA,NA,NA,NA,0,0,0,0,0.55115562403698,0.212132034355964,NA,NA,NA,NA,31.620030816641,26.6225703116735,348.145608628659,279.13040187339,0.347303543913713,0.494974746830583,NA,NA,NA,NA,NA,NA,NA,NA,NA,NA,NA,NA,NA,NA,NA,NA,NA,NA,NA,NA,NA,NA,NA,NA,NA,NA,NA,NA,NA,NA,NA,NA,2017,1996-02-09,NA,NA,NA,NA
"Demarcus Robinson","KC","WR","12785","weighted",NA,NA,NA,NA,NA,NA,0,0,0,0,0,0,NA,NA,NA,NA,22.4974801708359,8.69070433825409,337.530970103722,151.482170355854,2.61927240911821,1.07397425189587,NA,NA,NA,NA,NA,NA,NA,NA,NA,NA,NA,NA,NA,NA,NA,NA,NA,NA,NA,NA,NA,NA,NA,NA,NA,NA,NA,NA,NA,NA,NA,NA,2016,1994-09-21,NA,NA,NA,NA
"Marquez Valdes-Scantling","GB","WR","13793","weighted",NA,NA,NA,NA,NA,NA,5.27264359351988,7.52192192137854,0,0,0.224079528718704,0.0494088558673875,NA,NA,NA,NA,32.7594550810015,4.80445325788826,465.840456553756,76.3416502262943,1.97882179675994,0.448082280303856,NA,NA,NA,NA,NA,NA,NA,NA,NA,NA,NA,NA,NA,NA,NA,NA,NA,NA,NA,NA,NA,NA,NA,NA,NA,NA,NA,NA,NA,NA,NA,NA,2018,1994-10-10,NA,NA,NA,NA
"Devin Duvernay","BAL","WR","14847","weighted",NA,NA,NA,NA,NA,NA,1.39343009931245,1.73093973381145,0,0,0.150038197097021,0.100163504200887,NA,NA,NA,NA,16.3588999236058,11.4871689614333,276.834973262032,211.471956779792,1.28264295929476,1.02524697130436,NA,NA,NA,NA,NA,NA,NA,NA,NA,NA,NA,NA,NA,NA,NA,NA,NA,NA,NA,NA,NA,NA,NA,NA,NA,NA,NA,NA,NA,NA,NA,NA,2020,1997-09-12,NA,NA,NA,NA
"John Ross","CIN","WR","13155","weighted",NA,NA,NA,NA,NA,NA,15.703101988218,8.49957509312326,0,0,0.958357879234168,0.222339851403244,NA,NA,NA,NA,31.7810751104566,4.41849116118406,452.97293078056,58.5598239580501,3.11164948453608,0.398938872813465,NA,NA,NA,NA,NA,NA,NA,NA,NA,NA,NA,NA,NA,NA,NA,NA,NA,NA,NA,NA,NA,NA,NA,NA,NA,NA,NA,NA,NA,NA,NA,NA,2017,NA,"Q","Arm",2020,0
"Greg Ward","PHI","WR","13864","weighted",NA,NA,NA,NA,NA,NA,8.3,2.51936886319989e-15,0,0,0.0924342105263158,0.14142135623731,NA,NA,NA,NA,33.7715460526316,6.01040764008565,426.955592105263,122.329473145273,1.00726399623793,0.92909429802082,NA,NA,NA,NA,NA,NA,NA,NA,NA,NA,NA,NA,NA,NA,NA,NA,NA,NA,NA,NA,NA,NA,NA,NA,NA,NA,NA,NA,NA,NA,NA,NA,2017,1970-01-01,NA,NA,NA,NA
"Zay Jones","LVR","WR","13176","weighted",NA,NA,NA,NA,NA,NA,1.9679468845761,1.87605643891684,0,0,0,0,NA,NA,NA,NA,34.1354647599591,18.9576045389643,336.96784473953,191.243495160879,1.69721144024515,2.06732817986961,NA,NA,NA,NA,NA,NA,NA,NA,NA,NA,NA,NA,NA,NA,NA,NA,NA,NA,NA,NA,NA,NA,NA,NA,NA,NA,NA,NA,NA,NA,NA,NA,2017,1995-03-30,NA,NA,NA,NA
"Kendrick Bourne","SF","WR","13418","weighted",NA,NA,NA,NA,NA,NA,5.36168998527246,7.88791835804723,0.0565629602356406,0.0796458877189524,0.124079528718704,0.0494088558673875,NA,NA,NA,NA,33.3650810014728,5.59224525714176,405.641708394698,60.5294029026383,3.28916053019146,0.495597519710373,NA,NA,NA,NA,NA,NA,NA,NA,NA,NA,NA,NA,NA,NA,NA,NA,NA,NA,NA,NA,NA,NA,NA,NA,NA,NA,NA,NA,NA,NA,NA,NA,2017,1995-08-04,NA,NA,NA,NA
"Miles Boykin","BAL","WR","14125","weighted",NA,NA,NA,NA,NA,NA,0,0,0,0,0.0340953307392996,0.0285608055453149,NA,NA,NA,NA,28.3325291828794,10.7541019273639,371.713035019455,109.809565515441,2.78912451361868,0.976950814654262,NA,NA,NA,NA,NA,NA,NA,NA,NA,NA,NA,NA,NA,NA,NA,NA,NA,NA,NA,NA,NA,NA,NA,NA,NA,NA,NA,NA,NA,NA,NA,NA,2019,1970-01-01,NA,NA,NA,NA
"Damiere Byrd","NE","WR","12464","weighted",NA,NA,NA,NA,NA,NA,0,0,0,0,0.231809338521401,0.0571216110906299,NA,NA,NA,NA,27.8136186770428,10.6725424057419,333.06513618677,117.158710151687,1.52118677042802,0.62405295187478,NA,NA,NA,NA,NA,NA,NA,NA,NA,NA,NA,NA,NA,NA,NA,NA,NA,NA,NA,NA,NA,NA,NA,NA,NA,NA,NA,NA,NA,NA,NA,NA,NA,NA,NA,NA,NA,NA
"Alex Erickson","CIN","WR","12913","weighted",NA,NA,NA,NA,NA,NA,1.30748073959938,0.00353553390593266,0,0,1.05269645608629,0.494974746830583,NA,NA,NA,NA,23.4663790446841,22.2809346751881,279.742157164869,271.154237381605,0.22326656394453,0.318198051533946,NA,NA,NA,NA,NA,NA,NA,NA,NA,NA,NA,NA,NA,NA,NA,NA,NA,NA,NA,NA,NA,NA,NA,NA,NA,NA,NA,NA,NA,NA,NA,NA,2016,1992-11-06,NA,NA,NA,NA
"Zach Pascal","IND","WR","13488","weighted",NA,NA,NA,NA,NA,NA,0.848249027237354,1.5232429624168,0,0,0.197714007782101,0.0856824166359448,NA,NA,NA,NA,25.2109338521401,10.34706306957,328.909260700389,117.446369159971,2.03591439688716,0.241109201911459,NA,NA,NA,NA,NA,NA,NA,NA,NA,NA,NA,NA,NA,NA,NA,NA,NA,NA,NA,NA,NA,NA,NA,NA,NA,NA,NA,NA,NA,NA,NA,NA,2017,1994-12-18,NA,NA,NA,NA
"Dontrelle Inman","WAS","WR","11957","weighted",NA,NA,NA,NA,NA,NA,0,0,0,0,0.0340953307392996,0.0285608055453149,NA,NA,NA,NA,30.8816926070039,8.0571776054872,373.782295719844,90.417662003351,2.04169260700389,0.137235925849612,NA,NA,NA,NA,NA,NA,NA,NA,NA,NA,NA,NA,NA,NA,NA,NA,NA,NA,NA,NA,NA,NA,NA,NA,NA,NA,NA,NA,NA,NA,NA,NA,2013,1989-01-31,NA,NA,NA,NA
"Andy Isabella","ARI","WR","14121","weighted",NA,NA,NA,NA,NA,NA,14.6819747081712,15.5614533538412,0.0818774319066148,0.086072177337475,0.0340953307392996,0.0285608055453149,NA,NA,NA,NA,18.3583463035019,9.79442647301179,267.495194552529,178.472891514644,1.50260700389105,1.09786441676406,NA,NA,NA,NA,NA,NA,NA,NA,NA,NA,NA,NA,NA,NA,NA,NA,NA,NA,NA,NA,NA,NA,NA,NA,NA,NA,NA,NA,NA,NA,NA,NA,2019,NA,NA,NA,NA,NA
"Jakeem Grant","MIA","WR","12814","weighted",NA,NA,NA,NA,NA,NA,22.5452140077821,24.139519089721,0.163998054474708,0.156463475552919,0.136381322957198,0.11424322218126,NA,NA,NA,NA,28.4115758754864,11.141599339114,329.234280155642,141.51517725723,1.87031128404669,1.59200423865882,NA,NA,NA,NA,NA,NA,NA,NA,NA,NA,NA,NA,NA,NA,NA,NA,NA,NA,NA,NA,NA,NA,NA,NA,NA,NA,NA,NA,NA,NA,NA,NA,2016,1992-10-30,"Q","Undisclosed",2020,0
"Willie Snead","BAL","WR","11951","weighted",NA,NA,NA,NA,NA,NA,0.625583657587549,1.12339168478239,0,0,0.136381322957198,0.11424322218126,NA,NA,NA,NA,31.6194747081712,10.4519589490707,352.23266536965,97.6336480234912,2.11206225680934,0.333668235008613,NA,NA,NA,NA,NA,NA,NA,NA,NA,NA,NA,NA,NA,NA,NA,NA,NA,NA,NA,NA,NA,NA,NA,NA,NA,NA,NA,NA,NA,NA,NA,NA,2014,1992-10-17,NA,NA,NA,NA
"Jakobi Meyers","NE","WR","14127","weighted",NA,NA,NA,NA,NA,NA,0,0,0,0,0.0324193548387097,0.0292715376144289,NA,NA,NA,NA,23.9428673835125,2.40860705300928,354.329806451613,70.5620622496201,1.2439788656984,1.10709224203146,NA,NA,NA,NA,NA,NA,NA,NA,NA,NA,NA,NA,NA,NA,NA,NA,NA,NA,NA,NA,NA,NA,NA,NA,NA,NA,NA,NA,NA,NA,NA,NA,2019,1996-11-09,NA,NA,NA,NA
"Tim Patrick","DEN","WR","13377","weighted",NA,NA,NA,NA,NA,NA,0.402976653696498,0.434295512528587,0,0,0.395428015564202,0.17136483327189,NA,NA,NA,NA,27.1936186770428,3.62852334255605,319.165622568093,44.7960359492696,1.39492217898833,0.713907448654966,NA,NA,NA,NA,NA,NA,NA,NA,NA,NA,NA,NA,NA,NA,NA,NA,NA,NA,NA,NA,NA,NA,NA,NA,NA,NA,NA,NA,NA,NA,NA,NA,2017,1993-11-23,NA,NA,NA,NA
"Kelvin Harmon","WAS","WR","14114","weighted",NA,NA,NA,NA,NA,NA,0,NA,0,NA,0,NA,NA,NA,NA,NA,32.1,NA,367,NA,1.5,NA,NA,NA,NA,NA,NA,NA,NA,NA,NA,NA,NA,NA,NA,NA,NA,NA,NA,NA,NA,NA,NA,NA,NA,NA,NA,NA,NA,NA,NA,NA,NA,NA,2019,1970-01-01,NA,"Knee - ACL",2020,0
"Rashard Higgins","CLE","WR","12656","weighted",NA,NA,NA,NA,NA,NA,0,0,0,0,0.268190661478599,0.0571216110906299,NA,NA,NA,NA,21.0620233463035,2.39464644032635,285.99826848249,67.1372836145654,2.29449416342412,0.863847600751075,NA,NA,NA,NA,NA,NA,NA,NA,NA,NA,NA,NA,NA,NA,NA,NA,NA,NA,NA,NA,NA,NA,NA,NA,NA,NA,NA,NA,NA,NA,NA,NA,2016,1994-10-07,NA,NA,NA,NA
"Geronimo Allison","DET","WR","12665","weighted",NA,NA,NA,NA,NA,NA,0,NA,0,NA,0,NA,NA,NA,NA,NA,0,NA,360,NA,0,NA,NA,NA,NA,NA,NA,NA,NA,NA,NA,NA,NA,NA,NA,NA,NA,NA,NA,NA,NA,NA,NA,NA,NA,NA,NA,NA,NA,NA,NA,NA,NA,NA,2016,1994-01-18,NA,"Opt Out",2020,0
"Keelan Cole","JAC","WR","13412","weighted",NA,NA,NA,NA,NA,NA,1.88512645914397,1.83807412689215,0,0,0.136381322957198,0.11424322218126,NA,NA,NA,NA,19.2756809338521,5.76149141630995,285.201556420233,88.4136202456572,1.69714007782101,0.725367166395265,NA,NA,NA,NA,NA,NA,NA,NA,NA,NA,NA,NA,NA,NA,NA,NA,NA,NA,NA,NA,NA,NA,NA,NA,NA,NA,NA,NA,NA,NA,NA,NA,2017,1993-04-20,NA,NA,NA,NA
"Riley Ridley","CHI","WR","14103","weighted",NA,NA,NA,NA,NA,NA,0,0,0,0,0.263618677042802,0.11424322218126,NA,NA,NA,NA,19.5010116731518,11.5505364641338,226.176050583658,125.170999454205,1.25062256809339,0.798588185293347,NA,NA,NA,NA,NA,NA,NA,NA,NA,NA,NA,NA,NA,NA,NA,NA,NA,NA,NA,NA,NA,NA,NA,NA,NA,NA,NA,NA,NA,NA,NA,NA,2019,1970-01-01,NA,NA,NA,NA
"Jalen Hurd","SF","WR","14116","weighted",NA,NA,NA,NA,NA,NA,0,NA,0,NA,0,NA,NA,NA,NA,NA,0,NA,330,NA,0,NA,NA,NA,NA,NA,NA,NA,NA,NA,NA,NA,NA,NA,NA,NA,NA,NA,NA,NA,NA,NA,NA,NA,NA,NA,NA,NA,NA,NA,NA,NA,NA,NA,2019,1970-01-01,"IR","Knee - ACL",2020,0
"Phillip Dorsett","SEA","WR","12188","weighted",NA,NA,NA,NA,NA,NA,0.781468871595331,0.927143415502697,0,0,0.297714007782101,0.0856824166359448,NA,NA,NA,NA,24.1760700389105,2.46681133964792,320.130408560311,13.6692405180317,2.05805447470817,0.388746952201374,NA,NA,NA,NA,NA,NA,NA,NA,NA,NA,NA,NA,NA,NA,NA,NA,NA,NA,NA,NA,NA,NA,NA,NA,NA,NA,NA,NA,NA,NA,NA,NA,2015,1993-01-05,"Q","Foot",2020,0
"Keke Coutee","HOU","WR","13662","weighted",NA,NA,NA,NA,NA,NA,24.4775577812018,0.0106066017177986,0.177553186135424,0.0106001529945367,0.751926040061633,0.353553390593274,NA,NA,NA,NA,17.8460708782743,13.0461201128918,200.592850539291,147.3751953349,0.413343605546995,0.304055915910215,NA,NA,NA,NA,NA,NA,NA,NA,NA,NA,NA,NA,NA,NA,NA,NA,NA,NA,NA,NA,NA,NA,NA,NA,NA,NA,NA,NA,NA,NA,NA,NA,2018,1997-01-14,NA,NA,NA,NA
"Equanimeous St. Brown","GB","WR","13637","weighted",NA,NA,NA,NA,NA,NA,1.87233463035019,2.00099433279606,0,0,0.0340953307392996,0.0285608055453149,NA,NA,NA,NA,19.406906614786,3.83914108496683,240.820428015564,35.7821181027007,1.19299610894942,0.862332706118381,NA,NA,NA,NA,NA,NA,NA,NA,NA,NA,NA,NA,NA,NA,NA,NA,NA,NA,NA,NA,NA,NA,NA,NA,NA,NA,NA,NA,NA,NA,NA,NA,2018,1996-09-30,NA,NA,NA,NA
"Ted Ginn","CHI","WR","8673","weighted",NA,NA,NA,NA,NA,NA,19.429406614786,20.6890951883455,0.127996108949416,0.141326683312025,0.0340953307392996,0.0285608055453149,NA,NA,NA,NA,13.2314007782101,1.74412386520133,175.606634241245,25.0161486187611,0.972295719844358,0.143665824205823,NA,NA,NA,NA,NA,NA,NA,NA,NA,NA,NA,NA,NA,NA,NA,NA,NA,NA,NA,NA,NA,NA,NA,NA,NA,NA,NA,NA,NA,NA,NA,NA,2007,1985-04-12,NA,NA,NA,NA
"Chris Hogan","NYJ","WR","10983","weighted",NA,NA,NA,NA,NA,NA,0,0,0,0,0.0340953307392996,0.0285608055453149,NA,NA,NA,NA,13.9655642023346,7.53224877895797,164.219805447471,106.405374726608,0.944085603112841,1.04059729215428,NA,NA,NA,NA,NA,NA,NA,NA,NA,NA,NA,NA,NA,NA,NA,NA,NA,NA,NA,NA,NA,NA,NA,NA,NA,NA,NA,NA,NA,NA,NA,NA,2011,1988-10-24,"Q","Undisclosed",2020,0
"David Moore","SEA","WR","13348","weighted",NA,NA,NA,NA,NA,NA,4.4898346303502,4.2531386105564,0.00419260700389105,0.00509829179253573,0.956760700389105,0.371290472089094,NA,NA,NA,NA,18.0938521400778,4.0099827296786,247.320116731518,18.4682087085948,1.6720233463035,0.647669007933276,NA,NA,NA,NA,NA,NA,NA,NA,NA,NA,NA,NA,NA,NA,NA,NA,NA,NA,NA,NA,NA,NA,NA,NA,NA,NA,NA,NA,NA,NA,NA,NA,2017,1995-01-15,"Q","Ankle",2020,0
"Joe Reed","LAC","WR","14862","weighted",NA,NA,NA,NA,NA,NA,1.61167315175097,2.89416162859191,0.0106031128404669,0.01904053703021,0.4,0,NA,NA,NA,NA,13.8037548638132,8.91493161741818,183.96046692607,123.52817304529,1.08941634241245,0.917280614311951,NA,NA,NA,NA,NA,NA,NA,NA,NA,NA,NA,NA,NA,NA,NA,NA,NA,NA,NA,NA,NA,NA,NA,NA,NA,NA,NA,NA,NA,NA,NA,NA,2020,1970-01-01,NA,NA,NA,NA
"Kalif Raymond","TEN","WR","13066","weighted",NA,NA,NA,NA,NA,NA,0,0,0,0,1.05447470817121,0.456972888725039,NA,NA,NA,NA,13.6629961089494,5.87720206311165,196.061673151751,59.5393422619415,1.16239299610895,0.382408102553591,NA,NA,NA,NA,NA,NA,NA,NA,NA,NA,NA,NA,NA,NA,NA,NA,NA,NA,NA,NA,NA,NA,NA,NA,NA,NA,NA,NA,NA,NA,NA,NA,2016,1994-08-08,NA,NA,NA,NA
"Trent Taylor","SF","WR","13316","weighted",NA,NA,NA,NA,NA,NA,0,0,0,0,0.0561048158640227,0.0212132034355964,NA,NA,NA,NA,15.2019830028329,5.79827560572969,166.271954674221,82.0243866176395,0.555354107648725,0.678822509939086,NA,NA,NA,NA,NA,NA,NA,NA,NA,NA,NA,NA,NA,NA,NA,NA,NA,NA,NA,NA,NA,NA,NA,NA,NA,NA,NA,NA,NA,NA,NA,NA,2017,1994-04-30,NA,NA,NA,NA
"KeeSean Johnson","ARI","WR","14124","weighted",NA,NA,NA,NA,NA,NA,0,0,0,0,0.856760700389105,0.371290472089094,NA,NA,NA,NA,14.6722568093385,9.8046194331884,163.157898832685,95.1569579016192,0.713988326848249,0.365524314022088,NA,NA,NA,NA,NA,NA,NA,NA,NA,NA,NA,NA,NA,NA,NA,NA,NA,NA,NA,NA,NA,NA,NA,NA,NA,NA,NA,NA,NA,NA,NA,NA,2019,1970-01-01,NA,NA,NA,NA
"Andre Roberts","FA","WR","9921","weighted",NA,NA,NA,NA,NA,NA,0,0,0,0,0,0,NA,NA,NA,NA,9.91807392996109,5.71868805343837,123.724357976654,84.8905723994683,0.512762645914397,0.508702526323407,NA,NA,NA,NA,NA,NA,NA,NA,NA,NA,NA,NA,NA,NA,NA,NA,NA,NA,NA,NA,NA,NA,NA,NA,NA,NA,NA,NA,NA,NA,NA,NA,2010,1988-01-09,NA,NA,NA,NA
"Andre Roberts","BUF","WR","9921","weighted",NA,NA,NA,NA,NA,NA,0,0,0,0,0,0,NA,NA,NA,NA,9.91807392996109,5.71868805343837,123.724357976654,84.8905723994683,0.512762645914397,0.508702526323407,NA,NA,NA,NA,NA,NA,NA,NA,NA,NA,NA,NA,NA,NA,NA,NA,NA,NA,NA,NA,NA,NA,NA,NA,NA,NA,NA,NA,NA,NA,NA,NA,2010,1988-01-09,NA,NA,NA,NA
"Justin Watson","TB","WR","13776","weighted",NA,NA,NA,NA,NA,NA,2.55029182879377,2.72838502085034,0,0,0,0,NA,NA,NA,NA,11.6625875486381,6.86287501701801,129.975155642023,69.1239375942435,0.781945525291829,0.861653799559027,NA,NA,NA,NA,NA,NA,NA,NA,NA,NA,NA,NA,NA,NA,NA,NA,NA,NA,NA,NA,NA,NA,NA,NA,NA,NA,NA,NA,NA,NA,NA,NA,2018,1996-04-04,NA,NA,NA,NA
"Richie James","SF","WR","13724","weighted",NA,NA,NA,NA,NA,NA,2.87195685670262,4.03050865276332,0.0251926040061633,0.0353553390593274,0.67673343605547,0.318198051533946,NA,NA,NA,NA,10.4343605546995,7.45997654151808,149.766902927581,66.651885194644,1.19845916795069,0.282842712474619,NA,NA,NA,NA,NA,NA,NA,NA,NA,NA,NA,NA,NA,NA,NA,NA,NA,NA,NA,NA,NA,NA,NA,NA,NA,NA,NA,NA,NA,NA,NA,NA,2018,1995-04-05,NA,NA,NA,NA
"DaeSean Hamilton","DEN","WR","13649","weighted",NA,NA,NA,NA,NA,NA,0,0,0,0,0,0,NA,NA,NA,NA,14.6514329738059,5.76999133448223,151.757966101695,60.2030713502227,0.443112480739599,0.346482322781408,NA,NA,NA,NA,NA,NA,NA,NA,NA,NA,NA,NA,NA,NA,NA,NA,NA,NA,NA,NA,NA,NA,NA,NA,NA,NA,NA,NA,NA,NA,NA,NA,2018,1995-03-10,NA,NA,NA,NA
"Isaiah McKenzie","BUF","WR","13313","weighted",NA,NA,NA,NA,NA,NA,3.22465331278891,4.5254833995939,0.0251926040061633,0.0353553390593274,0.0248073959938367,0.0353553390593274,NA,NA,NA,NA,19.4904468412943,7.42462120245875,171.080184899846,31.2399775928217,0.526687211093991,0.608111831820431,NA,NA,NA,NA,NA,NA,NA,NA,NA,NA,NA,NA,NA,NA,NA,NA,NA,NA,NA,NA,NA,NA,NA,NA,NA,NA,NA,NA,NA,NA,NA,NA,2017,1995-04-09,NA,NA,NA,NA
"Pharoh Cooper","CAR","WR","12660","weighted",NA,NA,NA,NA,NA,NA,0.151177042801556,0.157256442251715,0,0,0.0197714007782101,0.00856824166359448,NA,NA,NA,NA,10.8337354085603,5.83452738121481,117.737898832685,72.9428238338006,0.440719844357977,0.536033624640595,NA,NA,NA,NA,NA,NA,NA,NA,NA,NA,NA,NA,NA,NA,NA,NA,NA,NA,NA,NA,NA,NA,NA,NA,NA,NA,NA,NA,NA,NA,NA,NA,2016,1995-03-07,NA,NA,NA,NA
"Damion Ratley","FA","WR","13794","weighted",NA,NA,NA,NA,NA,NA,0,0,0,0,0,0,NA,NA,NA,NA,9.16939907550077,6.31446355599587,121.963359013868,84.1386358933873,0.360308166409861,0.0565685424949238,NA,NA,NA,NA,NA,NA,NA,NA,NA,NA,NA,NA,NA,NA,NA,NA,NA,NA,NA,NA,NA,NA,NA,NA,NA,NA,NA,NA,NA,NA,NA,NA,2018,1995-04-16,NA,NA,NA,NA
"Damion Ratley","NYG","WR","13794","weighted",NA,NA,NA,NA,NA,NA,0,0,0,0,0,0,NA,NA,NA,NA,9.16939907550077,6.31446355599587,121.963359013868,84.1386358933873,0.360308166409861,0.0565685424949238,NA,NA,NA,NA,NA,NA,NA,NA,NA,NA,NA,NA,NA,NA,NA,NA,NA,NA,NA,NA,NA,NA,NA,NA,NA,NA,NA,NA,NA,NA,NA,NA,2018,1995-04-16,NA,NA,NA,NA
"Dante Pettis","SF","WR","13634","weighted",NA,NA,NA,NA,NA,NA,0,0,0,0,0,0,NA,NA,NA,NA,11.7816332819723,6.72458548908407,130.655469953775,56.0735677480932,1.40616332819723,1.13137084989848,NA,NA,NA,NA,NA,NA,NA,NA,NA,NA,NA,NA,NA,NA,NA,NA,NA,NA,NA,NA,NA,NA,NA,NA,NA,NA,NA,NA,NA,NA,NA,NA,2018,1995-10-23,NA,NA,NA,NA
"Mack Hollins","MIA","WR","13289","weighted",NA,NA,NA,NA,NA,NA,0,0,0,0,0,0,NA,NA,NA,NA,10.8898921417565,3.69109739779378,126.632295839753,56.4836896811814,0.528228043143297,0.325269119345812,NA,NA,NA,NA,NA,NA,NA,NA,NA,NA,NA,NA,NA,NA,NA,NA,NA,NA,NA,NA,NA,NA,NA,NA,NA,NA,NA,NA,NA,NA,NA,NA,2017,1993-09-16,NA,NA,NA,NA
"Marvin Hall","DET","WR","13505","weighted",NA,NA,NA,NA,NA,NA,0,0,0,0,0,0,NA,NA,NA,NA,9.49109399075501,2.55265548008344,158.822557781202,6.87307791313324,0.443112480739599,0.346482322781408,NA,NA,NA,NA,NA,NA,NA,NA,NA,NA,NA,NA,NA,NA,NA,NA,NA,NA,NA,NA,NA,NA,NA,NA,NA,NA,NA,NA,NA,NA,NA,NA,2016,1993-04-10,NA,NA,NA,NA
"Cordarrelle Patterson","CHI","WR","11225","weighted",NA,NA,NA,NA,NA,NA,128.069922178988,13.8546618470213,0.997411299564426,0.0138497444330625,0.0340953307392996,0.0285608055453149,NA,NA,NA,NA,12.7249027237354,3.45380862467999,117.34060311284,39.8682484710281,0.338287937743191,0.614358122603113,NA,NA,NA,NA,NA,NA,NA,NA,NA,NA,NA,NA,NA,NA,NA,NA,NA,NA,NA,NA,NA,NA,NA,NA,NA,NA,NA,NA,NA,NA,NA,NA,2013,1991-03-17,NA,NA,NA,NA
"Chad Beebe","MIN","WR","13999","weighted",NA,NA,NA,NA,NA,NA,0,0,0,0,0,0,NA,NA,NA,NA,8.16773497688752,4.08707719525824,110.851771956857,63.9224530192639,0.396918335901387,0.565685424949238,NA,NA,NA,NA,NA,NA,NA,NA,NA,NA,NA,NA,NA,NA,NA,NA,NA,NA,NA,NA,NA,NA,NA,NA,NA,NA,NA,NA,NA,NA,NA,NA,2018,1970-01-01,NA,NA,NA,NA
"Javon Wims","CHI","WR","13644","weighted",NA,NA,NA,NA,NA,NA,0,0,0,0,0,0,NA,NA,NA,NA,12.4038715953307,1.51267659054925,134.21266536965,19.8894658581346,0.911809338521401,0.0913870362508613,NA,NA,NA,NA,NA,NA,NA,NA,NA,NA,NA,NA,NA,NA,NA,NA,NA,NA,NA,NA,NA,NA,NA,NA,NA,NA,NA,NA,NA,NA,NA,NA,2018,1994-09-11,NA,NA,NA,NA
"Malik Turner","FA","WR","13669","weighted",NA,NA,NA,NA,NA,NA,0,0,0,0,0,0,NA,NA,NA,NA,6.77161787365177,4.88610785799904,97.34656394453,76.4665273175133,0.199075500770416,0.169705627484771,NA,NA,NA,NA,NA,NA,NA,NA,NA,NA,NA,NA,NA,NA,NA,NA,NA,NA,NA,NA,NA,NA,NA,NA,NA,NA,NA,NA,NA,NA,NA,NA,2018,1996-01-30,NA,NA,NA,NA
"Malik Turner","DAL","WR","13669","weighted",NA,NA,NA,NA,NA,NA,0,0,0,0,0,0,NA,NA,NA,NA,6.77161787365177,4.88610785799904,97.34656394453,76.4665273175133,0.199075500770416,0.169705627484771,NA,NA,NA,NA,NA,NA,NA,NA,NA,NA,NA,NA,NA,NA,NA,NA,NA,NA,NA,NA,NA,NA,NA,NA,NA,NA,NA,NA,NA,NA,NA,NA,2018,1996-01-30,NA,NA,NA,NA
"Cedrick Wilson","DAL","WR","13652","weighted",NA,NA,NA,NA,NA,NA,0,0,0,0,0,0,NA,NA,NA,NA,9.31931906614786,6.25318752985373,105.447840466926,64.9775403019017,0.0501167315175097,0.0910160181634241,NA,NA,NA,NA,NA,NA,NA,NA,NA,NA,NA,NA,NA,NA,NA,NA,NA,NA,NA,NA,NA,NA,NA,NA,NA,NA,NA,NA,NA,NA,NA,NA,2018,1995-11-20,NA,NA,NA,NA
"Chris Moore","BAL","WR","12773","weighted",NA,NA,NA,NA,NA,NA,0,0,0,0,0,0,NA,NA,NA,NA,8.06631741140216,5.74877813104663,94.1465331278891,68.2004490454425,0.410693374422188,0.127279220613579,NA,NA,NA,NA,NA,NA,NA,NA,NA,NA,NA,NA,NA,NA,NA,NA,NA,NA,NA,NA,NA,NA,NA,NA,NA,NA,NA,NA,NA,NA,NA,NA,2016,1993-06-16,"Q","Finger",2020,0
"Seth Roberts","CAR","WR","12471","weighted",NA,NA,NA,NA,NA,NA,0,0,0,0,0,0,NA,NA,NA,NA,8.58782101167315,2.9425882742066,95.3453891050584,25.3256335524833,0.309396887159533,0.290147581128609,NA,NA,NA,NA,NA,NA,NA,NA,NA,NA,NA,NA,NA,NA,NA,NA,NA,NA,NA,NA,NA,NA,NA,NA,NA,NA,NA,NA,NA,NA,NA,NA,NA,NA,"Q","Concussion",2020,0
"Cody Core","NYG","WR","12824","weighted",NA,NA,NA,NA,NA,NA,0,0,0,0,0,0,NA,NA,NA,NA,6.13828815977175,4.40527524679219,82.7752639087018,61.921340828506,0.614151212553495,0.5939696961967,NA,NA,NA,NA,NA,NA,NA,NA,NA,NA,NA,NA,NA,NA,NA,NA,NA,NA,NA,NA,NA,NA,NA,NA,NA,NA,NA,NA,NA,NA,NA,NA,2016,1994-04-17,"IR","Achilles",2020,0
"Trent Sherfield","ARI","WR","13893","weighted",NA,NA,NA,NA,NA,NA,0,0,0,0,0.0150385208012327,0.00707106781186548,NA,NA,NA,NA,6.38520801232666,1.87383297014435,96.0293990755008,38.4383246253007,0.16884437596302,0.212132034355964,NA,NA,NA,NA,NA,NA,NA,NA,NA,NA,NA,NA,NA,NA,NA,NA,NA,NA,NA,NA,NA,NA,NA,NA,NA,NA,NA,NA,NA,NA,NA,NA,2018,1996-02-26,NA,NA,NA,NA
"Vyncint Smith","NYJ","WR","13884","weighted",NA,NA,NA,NA,NA,NA,0,NA,0,NA,0,NA,NA,NA,NA,NA,9.73,NA,116.85,NA,0.75,NA,NA,NA,NA,NA,NA,NA,NA,NA,NA,NA,NA,NA,NA,NA,NA,NA,NA,NA,NA,NA,NA,NA,NA,NA,NA,NA,NA,NA,NA,NA,NA,NA,2018,1970-01-01,"IR","Abdomen",2020,0
"Tyler Johnson","TB","WR","14864","weighted",NA,NA,NA,NA,NA,NA,6.18736091298145,9.52472834258279,0.0734950071326676,0.113137084989848,0,0,NA,NA,NA,NA,5.67386590584879,0.502045814642449,73.0005706134094,20.0111219075793,0.146990014265335,0.226274169979695,NA,NA,NA,NA,NA,NA,NA,NA,NA,NA,NA,NA,NA,NA,NA,NA,NA,NA,NA,NA,NA,NA,NA,NA,NA,NA,NA,NA,NA,NA,NA,NA,2020,1998-08-25,"Q","Undisclosed",2020,0
"KhaDarel Hodge","CLE","WR","13963","weighted",NA,NA,NA,NA,NA,NA,0,0,0,0,0,0,NA,NA,NA,NA,7.09118644067797,0.700035713374682,102.654791987673,11.8935360595577,0.31768875192604,0.424264068711928,NA,NA,NA,NA,NA,NA,NA,NA,NA,NA,NA,NA,NA,NA,NA,NA,NA,NA,NA,NA,NA,NA,NA,NA,NA,NA,NA,NA,NA,NA,NA,NA,2018,1970-01-01,NA,NA,NA,NA
"DeAndre Carter","HOU","WR","12394","weighted",NA,NA,NA,NA,NA,NA,0,0,0,0,0.601540832049307,0.282842712474619,NA,NA,NA,NA,8.55278890600925,2.34759451353934,89.2705392912173,13.8663639790682,0.243112480739599,0.346482322781408,NA,NA,NA,NA,NA,NA,NA,NA,NA,NA,NA,NA,NA,NA,NA,NA,NA,NA,NA,NA,NA,NA,NA,NA,NA,NA,NA,NA,NA,NA,NA,NA,2015,1993-04-10,NA,NA,NA,NA
"Noah Brown","DAL","WR","13172","weighted",NA,NA,NA,NA,NA,NA,0,0,0,0,0,0,NA,NA,NA,NA,4.78024653312789,1.88090403795622,56.4992912172573,16.3907351879042,0.153805855161787,0.21920310216783,NA,NA,NA,NA,NA,NA,NA,NA,NA,NA,NA,NA,NA,NA,NA,NA,NA,NA,NA,NA,NA,NA,NA,NA,NA,NA,NA,NA,NA,NA,NA,NA,2017,NA,NA,NA,NA,NA
"Robert Foster","FA","WR","13653","weighted",NA,NA,NA,NA,NA,NA,0,NA,0,NA,0,NA,NA,NA,NA,NA,6.6,NA,87.86,NA,0.49,NA,NA,NA,NA,NA,NA,NA,NA,NA,NA,NA,NA,NA,NA,NA,NA,NA,NA,NA,NA,NA,NA,NA,NA,NA,NA,NA,NA,NA,NA,NA,NA,NA,2018,NA,NA,NA,NA,NA
"K.J. Osborn","MIN","WR","14977","weighted",NA,NA,NA,NA,NA,NA,0,NA,0,NA,0,NA,NA,NA,NA,NA,6,NA,83,NA,0,NA,NA,NA,NA,NA,NA,NA,NA,NA,NA,NA,NA,NA,NA,NA,NA,NA,NA,NA,NA,NA,NA,NA,NA,NA,NA,NA,NA,NA,NA,NA,NA,NA,2020,1997-06-10,NA,NA,NA,NA
"Brandon Powell","ATL","WR","13910","weighted",NA,NA,NA,NA,NA,NA,0,0,0,0,0,0,NA,NA,NA,NA,4.22428351309707,2.88499566724111,45.2634514637904,51.6824346369248,0.188536209553159,0.268700576850888,NA,NA,NA,NA,NA,NA,NA,NA,NA,NA,NA,NA,NA,NA,NA,NA,NA,NA,NA,NA,NA,NA,NA,NA,NA,NA,NA,NA,NA,NA,NA,NA,2018,1970-01-01,NA,NA,NA,NA
"Braxton Berrios","NYJ","WR","13638","weighted",NA,NA,NA,NA,NA,NA,5.4,NA,0,NA,0.1,NA,NA,NA,NA,NA,2.7,NA,54,NA,0,NA,NA,NA,NA,NA,NA,NA,NA,NA,NA,NA,NA,NA,NA,NA,NA,NA,NA,NA,NA,NA,NA,NA,NA,NA,NA,NA,NA,NA,NA,NA,NA,NA,2018,1995-10-06,NA,NA,NA,NA
"Byron Pringle","KC","WR","13863","weighted",NA,NA,NA,NA,NA,NA,0,NA,0,NA,0,NA,NA,NA,NA,NA,3.6,NA,42,NA,0.1,NA,NA,NA,NA,NA,NA,NA,NA,NA,NA,NA,NA,NA,NA,NA,NA,NA,NA,NA,NA,NA,NA,NA,NA,NA,NA,NA,NA,NA,NA,NA,NA,NA,2018,1970-01-01,NA,NA,NA,NA
"Cody Hollister","TEN","WR","13851","weighted",NA,NA,NA,NA,NA,NA,0,NA,0,NA,0,NA,NA,NA,NA,NA,2.3,NA,14,NA,0,NA,NA,NA,NA,NA,NA,NA,NA,NA,NA,NA,NA,NA,NA,NA,NA,NA,NA,NA,NA,NA,NA,NA,NA,NA,NA,NA,NA,NA,NA,NA,NA,NA,2017,1993-11-18,NA,NA,NA,NA
"Keith Kirkwood","CAR","WR","13882","weighted",NA,NA,NA,NA,NA,NA,0,NA,0,NA,0,NA,NA,NA,NA,NA,3.72,NA,47.56,NA,0.19,NA,NA,NA,NA,NA,NA,NA,NA,NA,NA,NA,NA,NA,NA,NA,NA,NA,NA,NA,NA,NA,NA,NA,NA,NA,NA,NA,NA,NA,NA,NA,NA,NA,2018,1970-01-01,"IR","Shoulder",2020,0
"Shelton Gibson","FA","WR","13170","weighted",NA,NA,NA,NA,NA,NA,0,NA,0,NA,0,NA,NA,NA,NA,NA,3.94,NA,48.38,NA,0.3,NA,NA,NA,NA,NA,NA,NA,NA,NA,NA,NA,NA,NA,NA,NA,NA,NA,NA,NA,NA,NA,NA,NA,NA,NA,NA,NA,NA,NA,NA,NA,NA,NA,2017,1995-03-20,NA,NA,NA,NA
"Gehrig Dieter","FA","WR","13179","weighted",NA,NA,NA,NA,NA,NA,0,NA,0,NA,0,NA,NA,NA,NA,NA,3.6,NA,46.23,NA,0.32,NA,NA,NA,NA,NA,NA,NA,NA,NA,NA,NA,NA,NA,NA,NA,NA,NA,NA,NA,NA,NA,NA,NA,NA,NA,NA,NA,NA,NA,NA,NA,NA,NA,2017,NA,NA,NA,NA,NA
"Ray-Ray McCloud","PIT","WR","13641","weighted",NA,NA,NA,NA,NA,NA,0,NA,0,NA,0,NA,NA,NA,NA,NA,1.7,NA,16,NA,0,NA,NA,NA,NA,NA,NA,NA,NA,NA,NA,NA,NA,NA,NA,NA,NA,NA,NA,NA,NA,NA,NA,NA,NA,NA,NA,NA,NA,NA,NA,NA,NA,NA,2018,NA,NA,NA,NA,NA
"Chad Hansen","FA","WR","13183","weighted",NA,NA,NA,NA,NA,NA,0,NA,0,NA,0,NA,NA,NA,NA,NA,3.64,NA,44.21,NA,0.25,NA,NA,NA,NA,NA,NA,NA,NA,NA,NA,NA,NA,NA,NA,NA,NA,NA,NA,NA,NA,NA,NA,NA,NA,NA,NA,NA,NA,NA,NA,NA,NA,NA,2017,1995-01-18,NA,NA,NA,NA
"Brandon Zylstra","CAR","WR","13585","weighted",NA,NA,NA,NA,NA,NA,0,0,0,0,0,0,NA,NA,NA,NA,2.44012326656394,0.940452018978108,30.0169799691834,11.3773481092915,0.0793836671802774,0.113137084989848,NA,NA,NA,NA,NA,NA,NA,NA,NA,NA,NA,NA,NA,NA,NA,NA,NA,NA,NA,NA,NA,NA,NA,NA,NA,NA,NA,NA,NA,NA,NA,NA,2017,1993-03-25,NA,NA,NA,NA
"Matthew Slater","NE","WR","9200","weighted",NA,NA,NA,NA,NA,NA,0,NA,0,NA,0,NA,NA,NA,NA,NA,0.81,NA,10.98,NA,0,NA,NA,NA,NA,NA,NA,NA,NA,NA,NA,NA,NA,NA,NA,NA,NA,NA,NA,NA,NA,NA,NA,NA,NA,NA,NA,NA,NA,NA,NA,NA,NA,NA,2008,1985-09-09,NA,NA,NA,NA
"Bennie Fowler","FA","WR","11931","weighted",NA,NA,NA,NA,NA,NA,0,NA,0,NA,0,NA,NA,NA,NA,NA,2.41,NA,27.55,NA,0.16,NA,NA,NA,NA,NA,NA,NA,NA,NA,NA,NA,NA,NA,NA,NA,NA,NA,NA,NA,NA,NA,NA,NA,NA,NA,NA,NA,NA,NA,NA,NA,NA,NA,2014,1991-06-10,NA,NA,NA,NA
"Ashton Dulin","IND","WR","14315","weighted",NA,NA,NA,NA,NA,NA,0,NA,0,NA,0,NA,NA,NA,NA,NA,1.4,NA,8,NA,0,NA,NA,NA,NA,NA,NA,NA,NA,NA,NA,NA,NA,NA,NA,NA,NA,NA,NA,NA,NA,NA,NA,NA,NA,NA,NA,NA,NA,NA,NA,NA,NA,NA,2019,1997-05-15,NA,NA,NA,NA
"Mike Thomas","CIN","WR","12675","weighted",NA,NA,NA,NA,NA,NA,2.97272727272727,4.17193000900063,0.0251926040061633,0.0353553390593274,0,0,NA,NA,NA,NA,0.868335901386749,1.22329473145273,10.8064869029276,15.3300750161243,0.07442218798151,0.106066017177982,NA,NA,NA,NA,NA,NA,NA,NA,NA,NA,NA,NA,NA,NA,NA,NA,NA,NA,NA,NA,NA,NA,NA,NA,NA,NA,NA,NA,NA,NA,NA,NA,2016,1994-08-16,NA,NA,NA,NA
"JoJo Natson","CLE","WR","13529","weighted",NA,NA,NA,NA,NA,NA,0,NA,0,NA,0,NA,NA,NA,NA,NA,0.96,NA,12.14,NA,0,NA,NA,NA,NA,NA,NA,NA,NA,NA,NA,NA,NA,NA,NA,NA,NA,NA,NA,NA,NA,NA,NA,NA,NA,NA,NA,NA,NA,NA,NA,NA,NA,NA,2016,1994-02-01,NA,NA,NA,NA
"DeAndrew White","BAL","WR","12429","weighted",NA,NA,NA,NA,NA,NA,0,NA,0,NA,0,NA,NA,NA,NA,NA,1.38,NA,17.13,NA,0.08,NA,NA,NA,NA,NA,NA,NA,NA,NA,NA,NA,NA,NA,NA,NA,NA,NA,NA,NA,NA,NA,NA,NA,NA,NA,NA,NA,NA,NA,NA,NA,NA,NA,NA,NA,"IR","Undisclosed",2020,0
"Travis Kelce","KC","TE","11244","weighted",NA,NA,NA,NA,NA,NA,0,0,0,0,1.05312182224934,0.193833857143069,NA,NA,NA,NA,90.9202694732561,7.75575906544212,1149.68318486882,125.445385733487,8.31836455998165,1.51071968086603,NA,NA,NA,NA,NA,NA,NA,NA,NA,NA,NA,NA,NA,NA,NA,NA,NA,NA,NA,NA,NA,NA,NA,NA,NA,NA,NA,NA,NA,NA,NA,NA,2013,1989-10-05,NA,NA,NA,NA
"George Kittle","SF","TE","13299","weighted",NA,NA,NA,NA,NA,NA,2.78633312995729,1.97662847391394,0.0248779743746187,0.0176484685170887,0.400244051250763,0.223654450549695,NA,NA,NA,NA,86.6406863941428,5.03054608484563,1113.73219035998,80.0630407039961,6.82619249811146,1.42105837997521,NA,NA,NA,NA,NA,NA,NA,NA,NA,NA,NA,NA,NA,NA,NA,NA,NA,NA,NA,NA,NA,NA,NA,NA,NA,NA,NA,NA,NA,NA,NA,NA,2017,1993-10-09,NA,NA,NA,NA
"Darren Waller","LVR","TE","12263","weighted",NA,NA,NA,NA,NA,NA,4.28351433801098,0.508275893292156,0.0240646872921965,0.00285548254658515,0.819951189749847,0.0447308901099389,NA,NA,NA,NA,75.2585092536099,3.46158923520073,945.195350823673,94.2164903694969,4.58577249377229,1.43781808752565,NA,NA,NA,NA,NA,NA,NA,NA,NA,NA,NA,NA,NA,NA,NA,NA,NA,NA,NA,NA,NA,NA,NA,NA,NA,NA,NA,NA,NA,NA,NA,NA,2015,1992-09-13,NA,NA,NA,NA
"Tyler Higbee","LAR","TE","12678","weighted",NA,NA,NA,NA,NA,NA,0,0,0,0,0.373561114500712,0.208744153846382,NA,NA,NA,NA,61.3773866178564,4.01136045408704,718.976802928615,162.403621578091,4.81786346873319,1.4285350248247,NA,NA,NA,NA,NA,NA,NA,NA,NA,NA,NA,NA,NA,NA,NA,NA,NA,NA,NA,NA,NA,NA,NA,NA,NA,NA,NA,NA,NA,NA,NA,NA,2016,1993-01-01,NA,NA,NA,NA
"Zach Ertz","PHI","TE","11247","weighted",NA,NA,NA,NA,NA,NA,0,0,0,0,0.680048810250153,0.0447308901099389,NA,NA,NA,NA,83.0603853976002,4.22338440280877,876.258181818182,81.3743708089695,6.73525881032145,0.505252211929585,NA,NA,NA,NA,NA,NA,NA,NA,NA,NA,NA,NA,NA,NA,NA,NA,NA,NA,NA,NA,NA,NA,NA,NA,NA,NA,NA,NA,NA,NA,NA,NA,2013,1990-11-10,NA,NA,NA,NA
"Mark Andrews","BAL","TE","13671","weighted",NA,NA,NA,NA,NA,NA,0,0,0,0,0.366585316249746,0.0745514835165649,NA,NA,NA,NA,65.6001118568233,7.47925098518455,861.406015863331,66.8402361575834,7.85257304538663,0.7509880820678,NA,NA,NA,NA,NA,NA,NA,NA,NA,NA,NA,NA,NA,NA,NA,NA,NA,NA,NA,NA,NA,NA,NA,NA,NA,NA,NA,NA,NA,NA,NA,NA,2018,1995-09-06,NA,NA,NA,NA
"Rob Gronkowski","TB","TE","9902","weighted",NA,NA,NA,NA,NA,NA,0,0,0,0,0.606731747000203,0.0596411868132519,NA,NA,NA,NA,50.8318944478341,7.39141916490852,657.60961561928,151.940366734104,6.45159795828324,0.969863566590315,NA,NA,NA,NA,NA,NA,NA,NA,NA,NA,NA,NA,NA,NA,NA,NA,NA,NA,NA,NA,NA,NA,NA,NA,NA,NA,NA,NA,NA,NA,NA,NA,2010,1989-05-14,NA,NA,NA,NA
"Noah Fant","DEN","TE","14137","weighted",NA,NA,NA,NA,NA,NA,3.22371262965223,1.26010065212014,0.022543444962603,0.00881189267216879,0.819951189749847,0.0447308901099389,NA,NA,NA,NA,53.193038438072,5.12626378450799,689.098926174497,88.6009013243096,4.47435680413529,0.751790314442871,NA,NA,NA,NA,NA,NA,NA,NA,NA,NA,NA,NA,NA,NA,NA,NA,NA,NA,NA,NA,NA,NA,NA,NA,NA,NA,NA,NA,NA,NA,NA,NA,2019,1997-11-20,NA,NA,NA,NA
"Evan Engram","NYG","TE","13189","weighted",NA,NA,NA,NA,NA,NA,5.55276388041489,3.93913817301421,0,0,0.373561114500712,0.208744153846382,NA,NA,NA,NA,63.8491773439089,5.81771489693316,732.168651616839,77.5212380919143,5.46889067865444,1.01780188255673,NA,NA,NA,NA,NA,NA,NA,NA,NA,NA,NA,NA,NA,NA,NA,NA,NA,NA,NA,NA,NA,NA,NA,NA,NA,NA,NA,NA,NA,NA,NA,NA,2017,1994-09-02,NA,NA,NA,NA
"Hunter Henry","LAC","TE","12676","weighted",NA,NA,NA,NA,NA,NA,0,0,0,0,0.959853569249542,0.134192670329817,NA,NA,NA,NA,61.1797183241814,7.43505553816446,686.063184868823,74.8979445624609,5.15073184413587,1.13782165112182,NA,NA,NA,NA,NA,NA,NA,NA,NA,NA,NA,NA,NA,NA,NA,NA,NA,NA,NA,NA,NA,NA,NA,NA,NA,NA,NA,NA,NA,NA,NA,NA,2016,1994-12-07,NA,NA,NA,NA
"Mike Gesicki","MIA","TE","13672","weighted",NA,NA,NA,NA,NA,NA,0,0,0,0,0.853365873500102,0.0298205934066259,NA,NA,NA,NA,59.4324933902786,5.12770329218945,658.81533862111,87.2292759131904,4.86911216513829,0.907660326870413,NA,NA,NA,NA,NA,NA,NA,NA,NA,NA,NA,NA,NA,NA,NA,NA,NA,NA,NA,NA,NA,NA,NA,NA,NA,NA,NA,NA,NA,NA,NA,NA,2018,1995-10-03,NA,NA,NA,NA
"Jared Cook","NO","TE","9474","weighted",NA,NA,NA,NA,NA,NA,0,0,0,0,0.0266829367500508,0.014910296703313,NA,NA,NA,NA,50.5929672564572,0.443188746683388,686.222208663819,59.2384726920718,5.96586801884744,1.58238128269447,NA,NA,NA,NA,NA,NA,NA,NA,NA,NA,NA,NA,NA,NA,NA,NA,NA,NA,NA,NA,NA,NA,NA,NA,NA,NA,NA,NA,NA,NA,NA,NA,2009,1987-04-07,NA,NA,NA,NA
"Jack Doyle","IND","TE","11516","weighted",NA,NA,NA,NA,NA,NA,0,0,0,0,0.200122025625381,0.111827225274847,NA,NA,NA,NA,53.9436802928615,4.07562762662098,578.784246491763,93.5911677213807,4.59684404244144,0.903826416948521,NA,NA,NA,NA,NA,NA,NA,NA,NA,NA,NA,NA,NA,NA,NA,NA,NA,NA,NA,NA,NA,NA,NA,NA,NA,NA,NA,NA,NA,NA,NA,NA,2013,1990-05-05,"Q","Neck",2020,0
"Eric Ebron","PIT","TE","11695","weighted",NA,NA,NA,NA,NA,NA,0,0,0,0,0.0400244051250763,0.0223654450549695,NA,NA,NA,NA,46.994480780964,11.3043571087702,551.720134228188,153.199030864538,4.64743651167905,2.20152809444058,NA,NA,NA,NA,NA,NA,NA,NA,NA,NA,NA,NA,NA,NA,NA,NA,NA,NA,NA,NA,NA,NA,NA,NA,NA,NA,NA,NA,NA,NA,NA,NA,2014,1993-04-10,NA,NA,NA,NA
"Austin Hooper","CLE","TE","12677","weighted",NA,NA,NA,NA,NA,NA,0,0,0,0,0.653365873500102,0.0298205934066259,NA,NA,NA,NA,59.045211511084,5.59384981351425,644.039682733374,76.5057526921308,5.29026356311912,1.26640675338587,NA,NA,NA,NA,NA,NA,NA,NA,NA,NA,NA,NA,NA,NA,NA,NA,NA,NA,NA,NA,NA,NA,NA,NA,NA,NA,NA,NA,NA,NA,NA,NA,2016,1994-10-29,NA,NA,NA,NA
"Jonnu Smith","TEN","TE","13193","weighted",NA,NA,NA,NA,NA,NA,13.5167053081147,5.3086593299403,0,0,0.160097620500305,0.0894617802198779,NA,NA,NA,NA,48.15758633313,4.06634931241743,608.521000610128,80.6081527893008,5.0282978774882,0.661991220196858,NA,NA,NA,NA,NA,NA,NA,NA,NA,NA,NA,NA,NA,NA,NA,NA,NA,NA,NA,NA,NA,NA,NA,NA,NA,NA,NA,NA,NA,NA,NA,NA,2017,1995-08-22,NA,NA,NA,NA
"T.J. Hockenson","DET","TE","14138","weighted",NA,NA,NA,NA,NA,NA,0,0,0,0,0,0,NA,NA,NA,NA,55.7976571079927,4.51068564379036,640.036595485052,82.0972751801674,3.9873537501837,0.914235286960777,NA,NA,NA,NA,NA,NA,NA,NA,NA,NA,NA,NA,NA,NA,NA,NA,NA,NA,NA,NA,NA,NA,NA,NA,NA,NA,NA,NA,NA,NA,NA,NA,2019,1997-07-03,NA,NA,NA,NA
"Hayden Hurst","ATL","TE","13680","weighted",NA,NA,NA,NA,NA,NA,0,0,0,0,0.373561114500712,0.208744153846382,NA,NA,NA,NA,60.4860189139719,3.62602888212246,680.115875533862,41.1364304818201,4.90143680420427,0.856554872683979,NA,NA,NA,NA,NA,NA,NA,NA,NA,NA,NA,NA,NA,NA,NA,NA,NA,NA,NA,NA,NA,NA,NA,NA,NA,NA,NA,NA,NA,NA,NA,NA,2018,1993-08-24,NA,NA,NA,NA
"Dallas Goedert","PHI","TE","13674","weighted",NA,NA,NA,NA,NA,NA,0,0,0,0,0.799877974374619,0.111827225274847,NA,NA,NA,NA,55.2948334350214,7.17828268280481,589.477181208054,94.3495942474865,4.81581598633231,0.962225231689736,NA,NA,NA,NA,NA,NA,NA,NA,NA,NA,NA,NA,NA,NA,NA,NA,NA,NA,NA,NA,NA,NA,NA,NA,NA,NA,NA,NA,NA,NA,NA,NA,2018,1995-01-03,NA,NA,NA,NA
"Blake Jarwin","DAL","TE","13722","weighted",NA,NA,NA,NA,NA,NA,0,0,0,0,0.0400244051250763,0.0223654450549695,NA,NA,NA,NA,51.0873642464918,4.77940234074966,588.54557657108,76.7005578631979,5.05003217275171,0.511115372747333,NA,NA,NA,NA,NA,NA,NA,NA,NA,NA,NA,NA,NA,NA,NA,NA,NA,NA,NA,NA,NA,NA,NA,NA,NA,NA,NA,NA,NA,NA,NA,NA,2017,1994-07-16,NA,NA,NA,NA
"Ian Thomas","CAR","TE","13678","weighted",NA,NA,NA,NA,NA,NA,0,0,0,0,0.160097620500305,0.0894617802198779,NA,NA,NA,NA,50.5585735204393,3.80461667796816,539.797034777303,76.9100488550924,4.01758187299265,0.999604495012777,NA,NA,NA,NA,NA,NA,NA,NA,NA,NA,NA,NA,NA,NA,NA,NA,NA,NA,NA,NA,NA,NA,NA,NA,NA,NA,NA,NA,NA,NA,NA,NA,2018,1996-06-06,"Q","Toe",2020,0
"Chris Herndon","NYJ","TE","13679","weighted",NA,NA,NA,NA,NA,NA,0,0,0,0,0.0266829367500508,0.014910296703313,NA,NA,NA,NA,50.6234045149481,6.43581248511645,582.299865771812,79.1152339036404,4.74006488808433,0.80933505554892,NA,NA,NA,NA,NA,NA,NA,NA,NA,NA,NA,NA,NA,NA,NA,NA,NA,NA,NA,NA,NA,NA,NA,NA,NA,NA,NA,NA,NA,NA,NA,NA,2018,NA,NA,NA,NA,NA
"Dawson Knox","BUF","TE","14143","weighted",NA,NA,NA,NA,NA,NA,0,0,NA,NA,0.162414578587699,0.0249890220006152,NA,NA,NA,NA,36.2477980258162,4.54237802231563,509.910402429765,83.1401569186713,3.6908839755965,0.955241219496816,NA,NA,NA,NA,NA,NA,NA,NA,NA,NA,NA,NA,NA,NA,NA,NA,NA,NA,NA,NA,NA,NA,NA,NA,NA,NA,NA,NA,NA,NA,NA,NA,2019,1996-11-14,NA,NA,NA,NA
"Greg Olsen","SEA","TE","8687","weighted",NA,NA,NA,NA,NA,NA,0,0,0,0,0,0,NA,NA,NA,NA,48.5271629042099,6.03591437465997,513.040707748627,78.1736682807872,3.4327292167623,0.843538205659064,NA,NA,NA,NA,NA,NA,NA,NA,NA,NA,NA,NA,NA,NA,NA,NA,NA,NA,NA,NA,NA,NA,NA,NA,NA,NA,NA,NA,NA,NA,NA,NA,2007,1985-03-11,NA,NA,NA,NA
"Devin Asiasi","NE","TE","14936","weighted",NA,NA,NA,NA,NA,NA,0,0,0,0,0.459975594874924,0.0223654450549695,NA,NA,NA,NA,31.9798852959121,5.18787388796481,419.144344112264,131.906339111187,2.85344773646474,1.0638285755273,NA,NA,NA,NA,NA,NA,NA,NA,NA,NA,NA,NA,NA,NA,NA,NA,NA,NA,NA,NA,NA,NA,NA,NA,NA,NA,NA,NA,NA,NA,NA,NA,2020,1970-01-01,"Q","Foot",2020,0
"Irv Smith Jr.","MIN","TE","14141","weighted",NA,NA,NA,NA,NA,NA,0,0,0,0,0.160097620500305,0.0894617802198779,NA,NA,NA,NA,39.9189932885906,6.55317354836811,432.911763270287,107.016413486968,3.26549563920266,1.25880422807836,NA,NA,NA,NA,NA,NA,NA,NA,NA,NA,NA,NA,NA,NA,NA,NA,NA,NA,NA,NA,NA,NA,NA,NA,NA,NA,NA,NA,NA,NA,NA,NA,2019,1970-01-01,NA,NA,NA,NA
"Jace Sternberger","GB","TE","14140","weighted",NA,NA,NA,NA,NA,NA,0,0,NA,NA,0.150341685649203,0.0999560880024606,NA,NA,NA,NA,39.4613135914958,3.36128970490028,453.144267274108,81.0264719794824,3.03443460078822,0.844895527716338,NA,NA,NA,NA,NA,NA,NA,NA,NA,NA,NA,NA,NA,NA,NA,NA,NA,NA,NA,NA,NA,NA,NA,NA,NA,NA,NA,NA,NA,NA,NA,NA,2019,NA,NA,NA,NA,NA
"Tyler Eifert","JAC","TE","11250","weighted",NA,NA,NA,NA,NA,NA,0,0,0,0,0.0400244051250763,0.0223654450549695,NA,NA,NA,NA,39.5694667480171,6.5540562293855,438.981915802318,79.4726934446332,3.15957299629661,0.739177546729526,NA,NA,NA,NA,NA,NA,NA,NA,NA,NA,NA,NA,NA,NA,NA,NA,NA,NA,NA,NA,NA,NA,NA,NA,NA,NA,NA,NA,NA,NA,NA,NA,2013,1990-09-08,NA,NA,NA,NA
"O.J. Howard","TB","TE","13188","weighted",NA,NA,NA,NA,NA,NA,0,0,0,0,0.519951189749848,0.0447308901099389,NA,NA,NA,NA,34.2196863941428,3.88659372552232,433.097144600366,82.2342316000986,2.66977228436109,0.906823442068475,NA,NA,NA,NA,NA,NA,NA,NA,NA,NA,NA,NA,NA,NA,NA,NA,NA,NA,NA,NA,NA,NA,NA,NA,NA,NA,NA,NA,NA,NA,NA,NA,2017,1994-11-19,NA,NA,NA,NA
"Kyle Rudolph","MIN","TE","10312","weighted",NA,NA,NA,NA,NA,NA,0,0,0,0,0,0,NA,NA,NA,NA,43.2460207443563,1.25180042765723,442.076046369738,46.679715261725,4.59640645687739,0.619876606315975,NA,NA,NA,NA,NA,NA,NA,NA,NA,NA,NA,NA,NA,NA,NA,NA,NA,NA,NA,NA,NA,NA,NA,NA,NA,NA,NA,NA,NA,NA,NA,NA,2011,1989-11-09,NA,NA,NA,NA
"Gerald Everett","LAR","TE","13236","weighted",NA,NA,NA,NA,NA,NA,0,0,0,0,0.0400244051250763,0.0223654450549695,NA,NA,NA,NA,36.7729847467968,6.97644392301784,407.066662599146,82.7103611743455,2.57291011769371,0.396179075332638,NA,NA,NA,NA,NA,NA,NA,NA,NA,NA,NA,NA,NA,NA,NA,NA,NA,NA,NA,NA,NA,NA,NA,NA,NA,NA,NA,NA,NA,NA,NA,NA,2017,1994-06-25,NA,NA,NA,NA
"Will Dissly","SEA","TE","13763","weighted",NA,NA,NA,NA,NA,NA,3.01464307504576,2.11781622205065,0,0,0.0400244051250763,0.0223654450549695,NA,NA,NA,NA,33.70279804759,7.17904705558591,396.569896278218,121.170340593681,3.24603991392094,1.02719750945306,NA,NA,NA,NA,NA,NA,NA,NA,NA,NA,NA,NA,NA,NA,NA,NA,NA,NA,NA,NA,NA,NA,NA,NA,NA,NA,NA,NA,NA,NA,NA,NA,2018,NA,"Q","Achilles",2020,0
"Ryan Griffin","NYJ","TE","11399","weighted",NA,NA,NA,NA,NA,NA,0,0,0,0,0,0,NA,NA,NA,NA,23.6636314826113,7.07514046260558,283.828822452715,138.179442108364,2.23142926149959,1.30525772565337,NA,NA,NA,NA,NA,NA,NA,NA,NA,NA,NA,NA,NA,NA,NA,NA,NA,NA,NA,NA,NA,NA,NA,NA,NA,NA,NA,NA,NA,NA,NA,NA,2013,1990-01-11,NA,NA,NA,NA
"Jason Witten","LVR","TE","6997","weighted",NA,NA,NA,NA,NA,NA,0,0,0,0,0.299877974374619,0.111827225274847,NA,NA,NA,NA,30.7091482611348,8.290677741931,315.408480780964,105.812814900561,2.69005683182554,1.12124750466258,NA,NA,NA,NA,NA,NA,NA,NA,NA,NA,NA,NA,NA,NA,NA,NA,NA,NA,NA,NA,NA,NA,NA,NA,NA,NA,NA,NA,NA,NA,NA,NA,2003,1982-05-06,NA,NA,NA,NA
"C.J. Uzomah","CIN","TE","12317","weighted",NA,NA,NA,NA,NA,NA,0,0,0,0,0,0,NA,NA,NA,NA,39.5313107511046,8.01662925745747,374.877010309278,73.2623298619649,3.32709867452135,1.05532320959255,NA,NA,NA,NA,NA,NA,NA,NA,NA,NA,NA,NA,NA,NA,NA,NA,NA,NA,NA,NA,NA,NA,NA,NA,NA,NA,NA,NA,NA,NA,NA,NA,2015,1993-01-14,NA,NA,NA,NA
"Jimmy Graham","CHI","TE","9925","weighted",NA,NA,NA,NA,NA,NA,0,0,0,0,0.160097620500305,0.0894617802198779,NA,NA,NA,NA,35.9112556436852,6.22859523773672,389.78408785845,58.5888044454529,2.42931560402149,0.482873122658601,NA,NA,NA,NA,NA,NA,NA,NA,NA,NA,NA,NA,NA,NA,NA,NA,NA,NA,NA,NA,NA,NA,NA,NA,NA,NA,NA,NA,NA,NA,NA,NA,2010,1986-11-24,NA,NA,NA,NA
"Cole Kmet","CHI","TE","14867","weighted",NA,NA,NA,NA,NA,NA,0,0,0,0,0.819829164124466,0.156558115384786,NA,NA,NA,NA,24.047591214155,10.1541517435475,276.204929835265,115.886188279716,2.21322410648971,1.79306102356819,NA,NA,NA,NA,NA,NA,NA,NA,NA,NA,NA,NA,NA,NA,NA,NA,NA,NA,NA,NA,NA,NA,NA,NA,NA,NA,NA,NA,NA,NA,NA,NA,2020,1999-03-10,NA,NA,NA,NA
"Trey Burton","IND","TE","11705","weighted",NA,NA,NA,NA,NA,NA,0,0,0,0,0,0,NA,NA,NA,NA,17.5852648628049,11.1602047878765,220.913658536585,158.108530467402,1.40783282583226,1.14209564614712,NA,NA,NA,NA,NA,NA,NA,NA,NA,NA,NA,NA,NA,NA,NA,NA,NA,NA,NA,NA,NA,NA,NA,NA,NA,NA,NA,NA,NA,NA,NA,NA,2014,1991-10-29,"IR","Calf",2020,0
"Jacob Hollister","SEA","TE","13391","weighted",NA,NA,NA,NA,NA,NA,0,0,0,0,0,0,NA,NA,NA,NA,23.1854197349043,15.8414891522426,216.478645066274,131.272275486082,1.67569955817379,0.742056526243008,NA,NA,NA,NA,NA,NA,NA,NA,NA,NA,NA,NA,NA,NA,NA,NA,NA,NA,NA,NA,NA,NA,NA,NA,NA,NA,NA,NA,NA,NA,NA,NA,2017,1993-11-18,NA,NA,NA,NA
"Nick Boyle","BAL","TE","12328","weighted",NA,NA,NA,NA,NA,NA,0,0,0,0,0,0,NA,NA,NA,NA,30.9645213549337,4.43676265168095,321.856892488954,71.2699621025664,2.43284241531664,0.551200737733902,NA,NA,NA,NA,NA,NA,NA,NA,NA,NA,NA,NA,NA,NA,NA,NA,NA,NA,NA,NA,NA,NA,NA,NA,NA,NA,NA,NA,NA,NA,NA,NA,2015,1993-02-17,NA,NA,NA,NA
"Jordan Akins","HOU","TE","13753","weighted",NA,NA,NA,NA,NA,NA,0,0,0,0,0.037960235640648,0.0247044279336937,NA,NA,NA,NA,30.6574963181149,1.17432508072732,334.94530191458,49.3911007645741,1.38980854197349,0.916103993767419,NA,NA,NA,NA,NA,NA,NA,NA,NA,NA,NA,NA,NA,NA,NA,NA,NA,NA,NA,NA,NA,NA,NA,NA,NA,NA,NA,NA,NA,NA,NA,NA,2018,1992-04-19,NA,NA,NA,NA
"Logan Thomas","WAS","TE","11647","weighted",NA,NA,NA,NA,NA,NA,0,0,0,0,0.0400244051250763,0.0223654450549695,NA,NA,NA,NA,24.5506174496644,5.38405868888601,285.91110433191,92.5745997755897,1.3917419725805,0.895837428566568,NA,NA,NA,NA,NA,NA,NA,NA,NA,NA,NA,NA,NA,NA,NA,NA,NA,NA,NA,NA,NA,NA,NA,NA,NA,NA,NA,NA,NA,NA,NA,NA,2014,1991-07-01,NA,NA,NA,NA
"Darren Fells","HOU","TE","11337","weighted",NA,NA,NA,NA,NA,NA,0,0,0,0,0,0,NA,NA,NA,NA,33.5187821842587,5.74029510486717,339.510750457596,57.6449036675895,4.53100146926161,1.416580466495,NA,NA,NA,NA,NA,NA,NA,NA,NA,NA,NA,NA,NA,NA,NA,NA,NA,NA,NA,NA,NA,NA,NA,NA,NA,NA,NA,NA,NA,NA,NA,NA,2012,1986-04-22,NA,NA,NA,NA
"Josh Oliver","JAC","TE","14209","weighted",NA,NA,NA,NA,NA,NA,0,0,NA,NA,0,0,NA,NA,NA,NA,18.7229132569558,6.57609306503489,316.530278232406,70.0035713374682,2.26419701859481,0.406207375758685,NA,NA,NA,NA,NA,NA,NA,NA,NA,NA,NA,NA,NA,NA,NA,NA,NA,NA,NA,NA,NA,NA,NA,NA,NA,NA,NA,NA,NA,NA,NA,NA,2019,1997-03-21,"IR","Foot",2020,0
"David Njoku","CLE","TE","13192","weighted",NA,NA,NA,NA,NA,NA,0,0,0,0,0.4,0,NA,NA,NA,NA,27.4672961128049,3.82459362301737,306.040320121951,31.5580604982792,2.46281116120055,0.484904013110175,NA,NA,NA,NA,NA,NA,NA,NA,NA,NA,NA,NA,NA,NA,NA,NA,NA,NA,NA,NA,NA,NA,NA,NA,NA,NA,NA,NA,NA,NA,NA,NA,2017,1996-07-10,NA,NA,NA,NA
"Albert Okwuegbunam","DEN","TE","14873","weighted",NA,NA,NA,NA,NA,NA,0,0,NA,NA,0,0,NA,NA,NA,NA,10.2260820045558,8.92196859209666,162.589977220957,154.627714722246,1.41255730930031,1.22296625714369,NA,NA,NA,NA,NA,NA,NA,NA,NA,NA,NA,NA,NA,NA,NA,NA,NA,NA,NA,NA,NA,NA,NA,NA,NA,NA,NA,NA,NA,NA,NA,NA,2020,1998-04-25,NA,NA,NA,NA
"Cameron Brate","TB","TE","12110","weighted",NA,NA,NA,NA,NA,NA,0,0,0,0,0,0,NA,NA,NA,NA,22.5605710799268,6.42157094692425,212.208383160464,67.962190180954,2.35349920539339,1.29203743805474,NA,NA,NA,NA,NA,NA,NA,NA,NA,NA,NA,NA,NA,NA,NA,NA,NA,NA,NA,NA,NA,NA,NA,NA,NA,NA,NA,NA,NA,NA,NA,NA,2014,1991-07-03,NA,NA,NA,NA
"Jordan Reed","SF","TE","11248","weighted",NA,NA,NA,NA,NA,NA,0,0,0,0,0.151840942562592,0.098817711734775,NA,NA,NA,NA,18.459027982327,12.7022608827729,193.785022091311,138.63549819425,1.5840942562592,1.29783523773206,NA,NA,NA,NA,NA,NA,NA,NA,NA,NA,NA,NA,NA,NA,NA,NA,NA,NA,NA,NA,NA,NA,NA,NA,NA,NA,NA,NA,NA,NA,NA,NA,2013,1990-07-03,NA,NA,NA,NA
"Jeremy Sprinkle","WAS","TE","13194","weighted",NA,NA,NA,NA,NA,NA,0,0,0,0,0.037960235640648,0.0247044279336937,NA,NA,NA,NA,21.1563328424153,12.3266185626102,202.976730486009,114.231767377299,1.1780854197349,0.692828473551181,NA,NA,NA,NA,NA,NA,NA,NA,NA,NA,NA,NA,NA,NA,NA,NA,NA,NA,NA,NA,NA,NA,NA,NA,NA,NA,NA,NA,NA,NA,NA,NA,2017,1994-08-10,NA,NA,NA,NA
"Dalton Schultz","DAL","TE","13772","weighted",NA,NA,NA,NA,NA,NA,0,0,0,0,0.186119293078056,0.0741132838010812,NA,NA,NA,NA,13.4079381443299,10.6414109674391,137.907731958763,115.982586587242,0.636656848306333,0.602708367511265,NA,NA,NA,NA,NA,NA,NA,NA,NA,NA,NA,NA,NA,NA,NA,NA,NA,NA,NA,NA,NA,NA,NA,NA,NA,NA,NA,NA,NA,NA,NA,NA,2018,1996-07-11,NA,NA,NA,NA
"Adam Trautman","NO","TE","14870","weighted",NA,NA,NA,NA,NA,NA,0,0,0,0,NA,NA,NA,NA,NA,NA,11.87,2.51797509926696e-15,204.729651741294,126.154920831492,1.81847211021134,1.12054703921384,NA,NA,NA,NA,NA,NA,NA,NA,NA,NA,NA,NA,NA,NA,NA,NA,NA,NA,NA,NA,NA,NA,NA,NA,NA,NA,NA,NA,NA,NA,NA,NA,2020,1997-02-05,NA,NA,NA,NA
"Robert Tonyan","GB","TE","13427","weighted",NA,NA,NA,NA,NA,NA,0,0,0,0,0,0,NA,NA,NA,NA,22.0873346303502,10.9195948915655,225.503424124514,117.883477961727,1.54694552529183,1.05405194523445,NA,NA,NA,NA,NA,NA,NA,NA,NA,NA,NA,NA,NA,NA,NA,NA,NA,NA,NA,NA,NA,NA,NA,NA,NA,NA,NA,NA,NA,NA,NA,NA,2017,1994-04-30,NA,NA,NA,NA
"Vance McDonald","PIT","TE","11257","weighted",NA,NA,NA,NA,NA,NA,0,0,0,0,0.037960235640648,0.0247044279336937,NA,NA,NA,NA,26.2747717231222,3.77150191297897,253.447820324006,27.2762404969859,1.79988217967599,0.456651326618654,NA,NA,NA,NA,NA,NA,NA,NA,NA,NA,NA,NA,NA,NA,NA,NA,NA,NA,NA,NA,NA,NA,NA,NA,NA,NA,NA,NA,NA,NA,NA,NA,2013,1990-06-13,NA,NA,NA,NA
"Jason Croom","FA","TE","13890","weighted",NA,NA,NA,NA,NA,NA,0,0,0,0,1.80091930541369,0.779839954714795,NA,NA,NA,NA,12.977773237998,11.1847022462302,152.803595505618,131.919731194551,0.733360572012257,1.10986178185296,NA,NA,NA,NA,NA,NA,NA,NA,NA,NA,NA,NA,NA,NA,NA,NA,NA,NA,NA,NA,NA,NA,NA,NA,NA,NA,NA,NA,NA,NA,NA,NA,2017,1970-01-01,NA,NA,NA,NA
"Dan Arnold","ARI","TE","13880","weighted",NA,NA,NA,NA,NA,NA,0,0,0,0,0.037960235640648,0.0247044279336937,NA,NA,NA,NA,14.3403092783505,7.85337854014142,168.908409425626,99.8081760458297,1.39111929307806,0.426130125773897,NA,NA,NA,NA,NA,NA,NA,NA,NA,NA,NA,NA,NA,NA,NA,NA,NA,NA,NA,NA,NA,NA,NA,NA,NA,NA,NA,NA,NA,NA,NA,NA,2017,1970-01-01,NA,NA,NA,NA
"Kaden Smith","NYG","TE","14142","weighted",NA,NA,NA,NA,NA,NA,NA,NA,NA,NA,0,0,NA,NA,NA,NA,21.6529745042493,16.2634559672906,189.886685552408,117.379725676967,0.741076487252125,1.13137084989848,NA,NA,NA,NA,NA,NA,NA,NA,NA,NA,NA,NA,NA,NA,NA,NA,NA,NA,NA,NA,NA,NA,NA,NA,NA,NA,NA,NA,NA,NA,NA,NA,2019,NA,NA,NA,NA,NA
"Anthony Firkser","TEN","TE","13919","weighted",NA,NA,NA,NA,NA,NA,0,0,0,0,0,0,NA,NA,NA,NA,19.969057437408,2.12607563494825,235.755390279823,20.3384683226993,1.70047128129602,1.03210418575855,NA,NA,NA,NA,NA,NA,NA,NA,NA,NA,NA,NA,NA,NA,NA,NA,NA,NA,NA,NA,NA,NA,NA,NA,NA,NA,NA,NA,NA,NA,NA,NA,2018,1995-02-19,NA,NA,NA,NA
"Maxx Williams","ARI","TE","12206","weighted",NA,NA,NA,NA,NA,NA,0,0,0,0,0,0,NA,NA,NA,NA,21.530176730486,2.41033453741188,241.131678939617,27.2856945739918,1.80721649484536,0.824193115634229,NA,NA,NA,NA,NA,NA,NA,NA,NA,NA,NA,NA,NA,NA,NA,NA,NA,NA,NA,NA,NA,NA,NA,NA,NA,NA,NA,NA,NA,NA,NA,NA,2015,1994-04-12,"Q","Undisclosed",2020,0
"Ricky Seals-Jones","KC","TE","13382","weighted",NA,NA,NA,NA,NA,NA,0,0,0,0,0.558357879234168,0.222339851403244,NA,NA,NA,NA,11.3194845360825,5.99989920425203,139.053681885125,78.0632772428489,1.35665684830633,0.525115573869786,NA,NA,NA,NA,NA,NA,NA,NA,NA,NA,NA,NA,NA,NA,NA,NA,NA,NA,NA,NA,NA,NA,NA,NA,NA,NA,NA,NA,NA,NA,NA,NA,2017,1995-03-15,NA,NA,NA,NA
"James OShaughnessy","JAC","TE","12330","weighted",NA,NA,NA,NA,NA,NA,0,0,0,0,0,0,NA,NA,NA,NA,18.4824923391216,7.41406383132281,178.994361593463,60.7895645629975,1.04429009193054,0.237508982310008,NA,NA,NA,NA,NA,NA,NA,NA,NA,NA,NA,NA,NA,NA,NA,NA,NA,NA,NA,NA,NA,NA,NA,NA,NA,NA,NA,NA,NA,NA,NA,NA,NA,NA,NA,NA,NA,NA
"Drew Sample","CIN","TE","14146","weighted",NA,NA,NA,NA,NA,NA,0,0,NA,NA,0.20530888030888,0.170970848660263,NA,NA,NA,NA,15.6086872586873,7.61958450971111,150.006756756757,81.1773758545031,0.662316602316602,1.12215510293519,NA,NA,NA,NA,NA,NA,NA,NA,NA,NA,NA,NA,NA,NA,NA,NA,NA,NA,NA,NA,NA,NA,NA,NA,NA,NA,NA,NA,NA,NA,NA,NA,2019,1996-04-16,NA,NA,NA,NA
"Mo Alie-Cox","IND","TE","13246","weighted",NA,NA,NA,NA,NA,NA,0,0,0,0,0.496318114874816,0.19763542346955,NA,NA,NA,NA,14.5170250368189,5.86937391764695,172.318070692194,69.702077801409,0.706111929307806,0.800780198625258,NA,NA,NA,NA,NA,NA,NA,NA,NA,NA,NA,NA,NA,NA,NA,NA,NA,NA,NA,NA,NA,NA,NA,NA,NA,NA,NA,NA,NA,NA,NA,NA,2016,1993-09-19,NA,NA,NA,NA
"Jesse James","DET","TE","12211","weighted",NA,NA,NA,NA,NA,NA,0,0,0,0,0,0,NA,NA,NA,NA,18.659499263623,3.55898966066572,186.243593519882,41.7381502892038,1.05726067746686,0.831796181601658,NA,NA,NA,NA,NA,NA,NA,NA,NA,NA,NA,NA,NA,NA,NA,NA,NA,NA,NA,NA,NA,NA,NA,NA,NA,NA,NA,NA,NA,NA,NA,NA,2015,1994-06-04,NA,NA,NA,NA
"Taysom Hill","NO","TE","13424","weighted",NA,NA,NA,NA,NA,NA,142.08,NA,0.88,NA,0.3,NA,NA,NA,NA,NA,21.03,NA,216.56,NA,2.05,NA,NA,NA,NA,NA,NA,NA,NA,NA,NA,NA,NA,NA,NA,NA,NA,NA,NA,NA,NA,NA,NA,NA,NA,NA,NA,NA,NA,NA,NA,NA,NA,NA,2017,1990-08-23,NA,NA,NA,NA
"Seth DeValve","FA","TE","12792","weighted",NA,NA,NA,NA,NA,NA,0,0,NA,NA,0,0,NA,NA,NA,NA,12.1315068493151,9.75807358037435,135.835616438356,103.944696834422,0.502283105022831,0.707106781186548,NA,NA,NA,NA,NA,NA,NA,NA,NA,NA,NA,NA,NA,NA,NA,NA,NA,NA,NA,NA,NA,NA,NA,NA,NA,NA,NA,NA,NA,NA,NA,NA,2016,1993-01-29,"Q","Toe",2020,0
"Josh Hill","NO","TE","11529","weighted",NA,NA,NA,NA,NA,NA,0,0,0,0,0,0,NA,NA,NA,NA,14.8159793814433,6.91361312619901,145.684624447717,74.8907821161695,0.992356406480118,0.415500457945597,NA,NA,NA,NA,NA,NA,NA,NA,NA,NA,NA,NA,NA,NA,NA,NA,NA,NA,NA,NA,NA,NA,NA,NA,NA,NA,NA,NA,NA,NA,NA,NA,2013,1990-05-21,NA,NA,NA,NA
"Kahale Warring","HOU","TE","14195","weighted",NA,NA,NA,NA,NA,NA,0,0,NA,NA,0,0,NA,NA,NA,NA,8.38493150684932,10.8187337521542,107.936073059361,135.057395206631,0.502283105022831,0.707106781186548,NA,NA,NA,NA,NA,NA,NA,NA,NA,NA,NA,NA,NA,NA,NA,NA,NA,NA,NA,NA,NA,NA,NA,NA,NA,NA,NA,NA,NA,NA,NA,NA,2019,1970-01-01,NA,NA,NA,NA
"Adam Shaheen","MIA","TE","13254","weighted",NA,NA,NA,NA,NA,NA,0,0,0,0,0.166496424923391,0.144414806428666,NA,NA,NA,NA,11.286455566905,7.37248211909319,107.692727272727,75.5600472390519,0.46046986721144,0.805587457498602,NA,NA,NA,NA,NA,NA,NA,NA,NA,NA,NA,NA,NA,NA,NA,NA,NA,NA,NA,NA,NA,NA,NA,NA,NA,NA,NA,NA,NA,NA,NA,NA,2017,1994-01-01,NA,NA,NA,NA
"Jeff Heuerman","FA","TE","12208","weighted",NA,NA,NA,NA,NA,NA,0,0,NA,NA,0,0,NA,NA,NA,NA,18,0,162.566210045662,20.5060966544099,1.49771689497717,0.707106781186547,NA,NA,NA,NA,NA,NA,NA,NA,NA,NA,NA,NA,NA,NA,NA,NA,NA,NA,NA,NA,NA,NA,NA,NA,NA,NA,NA,NA,NA,NA,NA,NA,2015,1992-11-24,NA,NA,NA,NA
"MyCole Pruitt","TEN","TE","12309","weighted",NA,NA,NA,NA,NA,NA,0,0,0,0,0,0,NA,NA,NA,NA,13.9849306625578,3.68402632998191,151.929738058552,31.2541197284454,1.1579969183359,0.367695526217005,NA,NA,NA,NA,NA,NA,NA,NA,NA,NA,NA,NA,NA,NA,NA,NA,NA,NA,NA,NA,NA,NA,NA,NA,NA,NA,NA,NA,NA,NA,NA,NA,2015,1992-03-24,NA,NA,NA,NA
"Marcedes Lewis","GB","TE","8269","weighted",NA,NA,NA,NA,NA,NA,0,0,0,0,0,0,NA,NA,NA,NA,12.2328276877761,4.690446783921,128.799351988218,50.2495990544824,0.716539027982327,0.522649837276473,NA,NA,NA,NA,NA,NA,NA,NA,NA,NA,NA,NA,NA,NA,NA,NA,NA,NA,NA,NA,NA,NA,NA,NA,NA,NA,NA,NA,NA,NA,NA,NA,2006,1984-05-19,NA,NA,NA,NA
"Foster Moreau","LVR","TE","14239","weighted",NA,NA,NA,NA,NA,NA,0,0,NA,NA,0,0,NA,NA,NA,NA,15.3400579150579,2.09400778972908,148.297297297297,37.9951829525244,2.44189189189189,0.797863960414561,NA,NA,NA,NA,NA,NA,NA,NA,NA,NA,NA,NA,NA,NA,NA,NA,NA,NA,NA,NA,NA,NA,NA,NA,NA,NA,NA,NA,NA,NA,NA,NA,2019,1997-05-06,NA,NA,NA,NA
"Luke Willson","SEA","TE","11381","weighted",NA,NA,NA,NA,NA,NA,0,0,0,0,0,0,NA,NA,NA,NA,10.8602451481103,5.86392678448359,114.372890704801,57.2288030399766,0.531338100102145,0.481863871583027,NA,NA,NA,NA,NA,NA,NA,NA,NA,NA,NA,NA,NA,NA,NA,NA,NA,NA,NA,NA,NA,NA,NA,NA,NA,NA,NA,NA,NA,NA,NA,NA,2013,1990-01-15,NA,NA,NA,NA
"Nick Vannett","DEN","TE","12680","weighted",NA,NA,NA,NA,NA,NA,0,0,0,0,0,0,NA,NA,NA,NA,12.8471281296024,5.35085122275384,124.544874815906,51.2190387206852,1.07443298969072,0.718383684638931,NA,NA,NA,NA,NA,NA,NA,NA,NA,NA,NA,NA,NA,NA,NA,NA,NA,NA,NA,NA,NA,NA,NA,NA,NA,NA,NA,NA,NA,NA,NA,NA,2016,NA,NA,NA,NA,NA
"Dalton Keene","NE","TE","14939","weighted",NA,NA,NA,NA,NA,NA,0,0,0,0,0,0,NA,NA,NA,NA,10.9069029275809,6.99328606593495,114.31500770416,81.68497536267,0.709491525423729,1.01116269709676,NA,NA,NA,NA,NA,NA,NA,NA,NA,NA,NA,NA,NA,NA,NA,NA,NA,NA,NA,NA,NA,NA,NA,NA,NA,NA,NA,NA,NA,NA,NA,NA,2020,1970-01-01,NA,NA,NA,NA
"Tyler Kroft","BUF","TE","12212","weighted",NA,NA,NA,NA,NA,NA,0,0,0,0,0,0,NA,NA,NA,NA,12.4347717231222,2.34930399555061,123.684182621502,26.9258985700887,1.24278350515464,0.554641179798678,NA,NA,NA,NA,NA,NA,NA,NA,NA,NA,NA,NA,NA,NA,NA,NA,NA,NA,NA,NA,NA,NA,NA,NA,NA,NA,NA,NA,NA,NA,NA,NA,2015,1992-10-15,NA,NA,NA,NA
"Demetrius Harris","CHI","TE","11448","weighted",NA,NA,NA,NA,NA,NA,0,0,0,0,0,0,NA,NA,NA,NA,10.88088365243,3.48405440224537,110.494727540501,34.8855670554429,1.07297496318115,0.293158621310265,NA,NA,NA,NA,NA,NA,NA,NA,NA,NA,NA,NA,NA,NA,NA,NA,NA,NA,NA,NA,NA,NA,NA,NA,NA,NA,NA,NA,NA,NA,NA,NA,2013,1991-07-29,NA,NA,NA,NA
"Jordan Thomas","FA","TE","13819","weighted",NA,NA,NA,NA,NA,NA,0,0,0,0,0,0,NA,NA,NA,NA,10.7851481103166,3.69018573173908,108.890296220633,46.4223627093904,1.21158324821246,0.694392616501862,NA,NA,NA,NA,NA,NA,NA,NA,NA,NA,NA,NA,NA,NA,NA,NA,NA,NA,NA,NA,NA,NA,NA,NA,NA,NA,NA,NA,NA,NA,NA,NA,2018,1996-08-02,NA,NA,NA,NA
"Richard Rodgers","FA","TE","11785","weighted",NA,NA,NA,NA,NA,NA,0,0,0,0,0,0,NA,NA,NA,NA,9.42461695607763,7.02055947843751,84.9800817160368,70.1780138671552,0.409438202247191,0.527305776865168,NA,NA,NA,NA,NA,NA,NA,NA,NA,NA,NA,NA,NA,NA,NA,NA,NA,NA,NA,NA,NA,NA,NA,NA,NA,NA,NA,NA,NA,NA,NA,NA,2014,1992-01-22,NA,NA,NA,NA
"Durham Smythe","MIA","TE","13676","weighted",NA,NA,NA,NA,NA,NA,0,0,0,0,0,0,NA,NA,NA,NA,9.67481590574374,6.45327577888076,88.6482474226804,59.1476517143281,0.279086892488954,0.518337391948966,NA,NA,NA,NA,NA,NA,NA,NA,NA,NA,NA,NA,NA,NA,NA,NA,NA,NA,NA,NA,NA,NA,NA,NA,NA,NA,NA,NA,NA,NA,NA,NA,2018,1995-08-09,NA,NA,NA,NA
"Virgil Green","LAC","TE","10432","weighted",NA,NA,NA,NA,NA,NA,0,0,0,0,0.5,0,NA,NA,NA,NA,11.0169661266568,2.84670338800674,104.945051546392,27.996483927577,0.724756995581738,0.609202325005127,NA,NA,NA,NA,NA,NA,NA,NA,NA,NA,NA,NA,NA,NA,NA,NA,NA,NA,NA,NA,NA,NA,NA,NA,NA,NA,NA,NA,NA,NA,NA,NA,2011,1988-08-03,NA,NA,NA,NA
"Blake Bell","DAL","TE","12213","weighted",NA,NA,NA,NA,NA,NA,0,0,0,0,0.0340953307392996,0.0285608055453149,NA,NA,NA,NA,7.80871595330739,5.81655245584859,77.0330544747082,64.8083061858584,0.475175097276265,0.519041900084145,NA,NA,NA,NA,NA,NA,NA,NA,NA,NA,NA,NA,NA,NA,NA,NA,NA,NA,NA,NA,NA,NA,NA,NA,NA,NA,NA,NA,NA,NA,NA,NA,2015,1991-08-07,NA,NA,NA,NA
"Jake Butt","DEN","TE","13190","weighted",NA,NA,NA,NA,NA,NA,0,0,0,0,0,0,NA,NA,NA,NA,10.1523186925434,5.55038266867814,98.1067211440245,63.9551174594242,0.623227783452503,0.544461609948199,NA,NA,NA,NA,NA,NA,NA,NA,NA,NA,NA,NA,NA,NA,NA,NA,NA,NA,NA,NA,NA,NA,NA,NA,NA,NA,NA,NA,NA,NA,NA,NA,2017,1995-07-11,NA,NA,NA,NA
"Levine Toilolo","NYG","TE","11252","weighted",NA,NA,NA,NA,NA,NA,0,0,0,0,0,0,NA,NA,NA,NA,6.72891016200295,3.45558915774253,67.7309278350515,39.2930092677642,0.0758762886597938,0.157274886411661,NA,NA,NA,NA,NA,NA,NA,NA,NA,NA,NA,NA,NA,NA,NA,NA,NA,NA,NA,NA,NA,NA,NA,NA,NA,NA,NA,NA,NA,NA,NA,NA,2013,1991-07-30,NA,NA,NA,NA
"Ryan Izzo","NE","TE","13847","weighted",NA,NA,NA,NA,NA,NA,NA,NA,NA,NA,0,NA,NA,NA,NA,NA,6.2,NA,124,NA,0.4,NA,NA,NA,NA,NA,NA,NA,NA,NA,NA,NA,NA,NA,NA,NA,NA,NA,NA,NA,NA,NA,NA,NA,NA,NA,NA,NA,NA,NA,NA,NA,NA,NA,2018,1995-12-21,NA,NA,NA,NA
"Nick OLeary","LVR","TE","12207","weighted",NA,NA,NA,NA,NA,NA,0,0,NA,NA,0,0,NA,NA,NA,NA,12.0406392694064,2.89913780286484,111.972602739726,8.48528137423857,0.846118721461187,1.20208152801713,NA,NA,NA,NA,NA,NA,NA,NA,NA,NA,NA,NA,NA,NA,NA,NA,NA,NA,NA,NA,NA,NA,NA,NA,NA,NA,NA,NA,NA,NA,NA,NA,2015,1992-08-31,NA,"Illness",2020,0
"Andrew Beck","DEN","TE","14319","weighted",NA,NA,NA,NA,NA,NA,NA,NA,NA,NA,0,NA,NA,NA,NA,NA,5.4,NA,69,NA,0.2,NA,NA,NA,NA,NA,NA,NA,NA,NA,NA,NA,NA,NA,NA,NA,NA,NA,NA,NA,NA,NA,NA,NA,NA,NA,NA,NA,NA,NA,NA,NA,NA,NA,2019,1996-05-15,"Q","Back",2020,0
"Trevon Wesco","NYJ","TE","14231","weighted",NA,NA,NA,NA,NA,NA,3,0,NA,NA,0,0,NA,NA,NA,NA,4.5703196347032,6.29325035256027,54.7351598173516,72.8319984622144,0.502283105022831,0.707106781186548,NA,NA,NA,NA,NA,NA,NA,NA,NA,NA,NA,NA,NA,NA,NA,NA,NA,NA,NA,NA,NA,NA,NA,NA,NA,NA,NA,NA,NA,NA,NA,NA,2019,NA,NA,NA,NA,NA
"Derek Carrier","LVR","TE","10940","weighted",NA,NA,NA,NA,NA,NA,1.05133810010214,1.05943246019067,0.00495914198161389,0.00499732292542769,0,0,NA,NA,NA,NA,8.11763023493361,3.82778257023611,75.4372625127681,34.8944804416381,0.539244126659857,0.402434835311166,NA,NA,NA,NA,NA,NA,NA,NA,NA,NA,NA,NA,NA,NA,NA,NA,NA,NA,NA,NA,NA,NA,NA,NA,NA,NA,NA,NA,NA,NA,NA,NA,2012,1990-07-25,NA,NA,NA,NA
"Charlie Woerner","SF","TE","14984","weighted",NA,NA,NA,NA,NA,NA,0,NA,NA,NA,0,NA,NA,NA,NA,NA,9,NA,93,NA,0,NA,NA,NA,NA,NA,NA,NA,NA,NA,NA,NA,NA,NA,NA,NA,NA,NA,NA,NA,NA,NA,NA,NA,NA,NA,NA,NA,NA,NA,NA,NA,NA,NA,2020,1997-10-16,NA,NA,NA,NA
"Jerell Adams","FA","TE","12681","weighted",NA,NA,NA,NA,NA,NA,NA,NA,NA,NA,0,NA,NA,NA,NA,NA,9.4,NA,90,NA,0,NA,NA,NA,NA,NA,NA,NA,NA,NA,NA,NA,NA,NA,NA,NA,NA,NA,NA,NA,NA,NA,NA,NA,NA,NA,NA,NA,NA,NA,NA,NA,NA,NA,2016,1992-12-31,NA,NA,NA,NA
"Darrell Daniels","ARI","TE","13396","weighted",NA,NA,NA,NA,NA,NA,0,0,0,0,0,0,NA,NA,NA,NA,5.19839753466872,6.13061579288737,53.5275192604006,61.9566961675653,0,0,NA,NA,NA,NA,NA,NA,NA,NA,NA,NA,NA,NA,NA,NA,NA,NA,NA,NA,NA,NA,NA,NA,NA,NA,NA,NA,NA,NA,NA,NA,NA,NA,2016,1994-11-22,NA,NA,NA,NA
"Deon Yelder","KC","TE","13857","weighted",NA,NA,NA,NA,NA,NA,NA,NA,NA,NA,0,NA,NA,NA,NA,NA,7.8,NA,96,NA,0.2,NA,NA,NA,NA,NA,NA,NA,NA,NA,NA,NA,NA,NA,NA,NA,NA,NA,NA,NA,NA,NA,NA,NA,NA,NA,NA,NA,NA,NA,NA,NA,NA,NA,2018,NA,NA,NA,NA,NA
"Chris Manhertz","CAR","TE","12955","weighted",NA,NA,NA,NA,NA,NA,0,0,0,0,0,0,NA,NA,NA,NA,5.68799610894942,1.50195905776501,67.6579571984436,21.9870308060497,0.688443579766537,0.348393032581568,NA,NA,NA,NA,NA,NA,NA,NA,NA,NA,NA,NA,NA,NA,NA,NA,NA,NA,NA,NA,NA,NA,NA,NA,NA,NA,NA,NA,NA,NA,NA,NA,NA,1992-04-10,NA,NA,NA,NA
"Tyler Conklin","MIN","TE","13675","weighted",NA,NA,NA,NA,NA,NA,0,0,0,0,0,0,NA,NA,NA,NA,6.94625127681307,2.00788733303081,66.9814913176711,21.886736849285,0.148008171603677,0.258938825624551,NA,NA,NA,NA,NA,NA,NA,NA,NA,NA,NA,NA,NA,NA,NA,NA,NA,NA,NA,NA,NA,NA,NA,NA,NA,NA,NA,NA,NA,NA,NA,NA,2018,1995-07-30,NA,NA,NA,NA
NA,NA,"TE","nfl_0","weighted",NA,NA,NA,NA,NA,NA,NA,NA,NA,NA,0,0,NA,NA,NA,NA,4.92666666666667,4.47438636388649,56.3333333333333,47.9617903474561,0.0666666666666667,0.115470053837925,NA,NA,NA,NA,NA,NA,NA,NA,NA,NA,NA,NA,NA,NA,NA,NA,NA,NA,NA,NA,NA,NA,NA,NA,NA,NA,NA,NA,NA,NA,NA,NA,NA,NA,NA,NA,NA,NA
"Luke Stocker","ATL","TE","10354","weighted",NA,NA,NA,NA,NA,NA,0,0,0,0,0,0,NA,NA,NA,NA,5.88409861325116,2.58801081914276,57.4567334360555,27.8529361109381,0.158767334360555,0.226274169979695,NA,NA,NA,NA,NA,NA,NA,NA,NA,NA,NA,NA,NA,NA,NA,NA,NA,NA,NA,NA,NA,NA,NA,NA,NA,NA,NA,NA,NA,NA,NA,NA,2011,1988-07-17,NA,NA,NA,NA
"Zach Gentry","PIT","TE","14240","weighted",NA,NA,NA,NA,NA,NA,0,0,NA,NA,0.0149771689497717,0.00707106781186548,NA,NA,NA,NA,4.31689497716895,5.23259018078045,39.1552511415525,48.0832611206852,0.502283105022831,0.707106781186548,NA,NA,NA,NA,NA,NA,NA,NA,NA,NA,NA,NA,NA,NA,NA,NA,NA,NA,NA,NA,NA,NA,NA,NA,NA,NA,NA,NA,NA,NA,NA,NA,2019,1970-01-01,NA,NA,NA,NA
"Matt Lengel","FA","TE","13044","weighted",NA,NA,NA,NA,NA,NA,0,0,0,0,0,0,NA,NA,NA,NA,3.97639445300462,1.17379725676967,46.4546379044684,16.454374798211,0.15884437596302,0.212132034355964,NA,NA,NA,NA,NA,NA,NA,NA,NA,NA,NA,NA,NA,NA,NA,NA,NA,NA,NA,NA,NA,NA,NA,NA,NA,NA,NA,NA,NA,NA,NA,NA,NA,NA,NA,NA,NA,NA
"Geoff Swaim","TEN","TE","12378","weighted",NA,NA,NA,NA,NA,NA,0,0,0,0,0,0,NA,NA,NA,NA,3.65654853620955,1.20208152801713,25.428906009245,2.03646752981726,0.104191063174114,0.148492424049175,NA,NA,NA,NA,NA,NA,NA,NA,NA,NA,NA,NA,NA,NA,NA,NA,NA,NA,NA,NA,NA,NA,NA,NA,NA,NA,NA,NA,NA,NA,NA,NA,NA,NA,NA,NA,NA,NA
"Daniel Brown","FA","TE","12585","weighted",NA,NA,NA,NA,NA,NA,NA,NA,NA,NA,0,NA,NA,NA,NA,NA,4.5,NA,53,NA,0.1,NA,NA,NA,NA,NA,NA,NA,NA,NA,NA,NA,NA,NA,NA,NA,NA,NA,NA,NA,NA,NA,NA,NA,NA,NA,NA,NA,NA,NA,NA,NA,NA,NA,NA,NA,NA,NA,NA,NA
"Daniel Brown","NYJ","TE","12585","weighted",NA,NA,NA,NA,NA,NA,NA,NA,NA,NA,0,NA,NA,NA,NA,NA,4.5,NA,53,NA,0.1,NA,NA,NA,NA,NA,NA,NA,NA,NA,NA,NA,NA,NA,NA,NA,NA,NA,NA,NA,NA,NA,NA,NA,NA,NA,NA,NA,NA,NA,NA,NA,NA,NA,NA,NA,NA,NA,NA,NA
"Ross Dwelley","SF","TE","13988","weighted",NA,NA,NA,NA,NA,NA,0,0,0,0,0,0,NA,NA,NA,NA,4.10249614791988,4.12950360212944,32.0972881355932,29.7904086913892,0.331309707241911,0.240416305603426,NA,NA,NA,NA,NA,NA,NA,NA,NA,NA,NA,NA,NA,NA,NA,NA,NA,NA,NA,NA,NA,NA,NA,NA,NA,NA,NA,NA,NA,NA,NA,NA,2018,1970-01-01,NA,NA,NA,NA
"Xavier Grimble","FA","TE","11701","weighted",NA,NA,NA,NA,NA,NA,0,0,0,0,0.526348228043143,0.247487373415292,NA,NA,NA,NA,2.704437596302,2.85671139599365,33.3249614791988,27.541809127216,0.218305084745763,0.311126983722081,NA,NA,NA,NA,NA,NA,NA,NA,NA,NA,NA,NA,NA,NA,NA,NA,NA,NA,NA,NA,NA,NA,NA,NA,NA,NA,NA,NA,NA,NA,NA,NA,2014,1992-09-02,NA,NA,NA,NA
"Khari Lee","ATL","TE","12479","weighted",NA,NA,NA,NA,NA,NA,0,0,0,0,0,0,NA,NA,NA,NA,3.54508474576271,0.933380951166243,40.2705392912173,13.8663639790682,0.089306625577812,0.127279220613579,NA,NA,NA,NA,NA,NA,NA,NA,NA,NA,NA,NA,NA,NA,NA,NA,NA,NA,NA,NA,NA,NA,NA,NA,NA,NA,NA,NA,NA,NA,NA,NA,NA,NA,"Q","Undisclosed",2020,0
"Khari Lee","FA","TE","12479","weighted",NA,NA,NA,NA,NA,NA,0,0,0,0,0,0,NA,NA,NA,NA,3.54508474576271,0.933380951166243,40.2705392912173,13.8663639790682,0.089306625577812,0.127279220613579,NA,NA,NA,NA,NA,NA,NA,NA,NA,NA,NA,NA,NA,NA,NA,NA,NA,NA,NA,NA,NA,NA,NA,NA,NA,NA,NA,NA,NA,NA,NA,NA,NA,NA,"Q","Undisclosed",2020,0
"Antony Auclair","TB","TE","13445","weighted",NA,NA,NA,NA,NA,NA,0,0,0,0,0,0,NA,NA,NA,NA,1.2442218798151,1.06066017177982,11.6610477657935,8.06808837333851,0.0793836671802774,0.113137084989848,NA,NA,NA,NA,NA,NA,NA,NA,NA,NA,NA,NA,NA,NA,NA,NA,NA,NA,NA,NA,NA,NA,NA,NA,NA,NA,NA,NA,NA,NA,NA,NA,2017,1993-05-28,NA,NA,NA,NA
"Johnny Mundt","LAR","TE","13940","weighted",NA,NA,NA,NA,NA,NA,0,0,0,0,0,0,NA,NA,NA,NA,2.68083204930663,1.68291413922398,26.5150693374422,19.2615887195216,0.158767334360555,0.226274169979695,NA,NA,NA,NA,NA,NA,NA,NA,NA,NA,NA,NA,NA,NA,NA,NA,NA,NA,NA,NA,NA,NA,NA,NA,NA,NA,NA,NA,NA,NA,NA,NA,2017,1994-11-23,NA,NA,NA,NA
"Isaac Nauta","FA","TE","14144","weighted",NA,NA,NA,NA,NA,NA,NA,NA,NA,NA,0,NA,NA,NA,NA,NA,3.3,NA,18,NA,0,NA,NA,NA,NA,NA,NA,NA,NA,NA,NA,NA,NA,NA,NA,NA,NA,NA,NA,NA,NA,NA,NA,NA,NA,NA,NA,NA,NA,NA,NA,NA,NA,NA,2019,1970-01-01,NA,NA,NA,NA
"Eric Saubert","CHI","TE","13315","weighted",NA,NA,NA,NA,NA,NA,0,0,0,0,0,0,NA,NA,NA,NA,3.26098613251156,1.65462986797652,33.4538366718028,14.8987398796006,0.158767334360555,0.226274169979695,NA,NA,NA,NA,NA,NA,NA,NA,NA,NA,NA,NA,NA,NA,NA,NA,NA,NA,NA,NA,NA,NA,NA,NA,NA,NA,NA,NA,NA,NA,NA,NA,2017,1994-05-09,NA,NA,NA,NA
"Stephen Anderson","LAC","TE","12859","weighted",NA,NA,NA,NA,NA,NA,0,NA,0,NA,0,NA,NA,NA,NA,NA,4.38,NA,41.73,NA,0.32,NA,NA,NA,NA,NA,NA,NA,NA,NA,NA,NA,NA,NA,NA,NA,NA,NA,NA,NA,NA,NA,NA,NA,NA,NA,NA,NA,NA,NA,NA,NA,NA,NA,2016,1993-01-30,NA,NA,NA,NA
"Lee Smith","BUF","TE","10398","weighted",NA,NA,NA,NA,NA,NA,0,0,0,0,0,0,NA,NA,NA,NA,4.96681047765794,0.332340187157677,39.2679198767334,0.381837661840735,0.818736517719569,0.685893577750951,NA,NA,NA,NA,NA,NA,NA,NA,NA,NA,NA,NA,NA,NA,NA,NA,NA,NA,NA,NA,NA,NA,NA,NA,NA,NA,NA,NA,NA,NA,NA,NA,2011,1987-11-21,NA,NA,NA,NA
"Michael Roberts","FA","TE","13197","weighted",NA,NA,NA,NA,NA,NA,0,0,0,0,0,0,NA,NA,NA,NA,3.23010785824345,0.898025612106915,32.9091217257319,8.42164176393178,0.14884437596302,0.212132034355964,NA,NA,NA,NA,NA,NA,NA,NA,NA,NA,NA,NA,NA,NA,NA,NA,NA,NA,NA,NA,NA,NA,NA,NA,NA,NA,NA,NA,NA,NA,NA,NA,2017,1994-05-07,"Q","Shoulder",2020,0
"Cethan Carter","CIN","TE","13369","weighted",NA,NA,NA,NA,NA,NA,0,0,0,0,0,0,NA,NA,NA,NA,1.64610169491525,1.63341666454092,15.4086594761171,17.6847405974756,0.129768875192604,0.0424264068711928,NA,NA,NA,NA,NA,NA,NA,NA,NA,NA,NA,NA,NA,NA,NA,NA,NA,NA,NA,NA,NA,NA,NA,NA,NA,NA,NA,NA,NA,NA,NA,NA,2017,1993-09-05,NA,NA,NA,NA
"Jordan Franks","CIN","TE","13995","weighted",NA,NA,NA,NA,NA,NA,0,NA,0,NA,0,NA,NA,NA,NA,NA,1.46,NA,14.89,NA,0.15,NA,NA,NA,NA,NA,NA,NA,NA,NA,NA,NA,NA,NA,NA,NA,NA,NA,NA,NA,NA,NA,NA,NA,NA,NA,NA,NA,NA,NA,NA,NA,NA,NA,2018,1970-01-01,NA,NA,NA,NA
"Cole Hikutini","DAL","TE","13511","weighted",NA,NA,NA,NA,NA,NA,0,NA,0,NA,0,NA,NA,NA,NA,NA,0.81,NA,9.06,NA,0.09,NA,NA,NA,NA,NA,NA,NA,NA,NA,NA,NA,NA,NA,NA,NA,NA,NA,NA,NA,NA,NA,NA,NA,NA,NA,NA,NA,NA,NA,NA,NA,NA,NA,2017,1994-06-11,NA,NA,NA,NA
"Alex Ellis","PHI","TE","13067","weighted",NA,NA,NA,NA,NA,NA,0,NA,0,NA,0,NA,NA,NA,NA,NA,0.94,NA,8.99,NA,0.06,NA,NA,NA,NA,NA,NA,NA,NA,NA,NA,NA,NA,NA,NA,NA,NA,NA,NA,NA,NA,NA,NA,NA,NA,NA,NA,NA,NA,NA,NA,NA,NA,NA,2016,1970-01-01,NA,NA,NA,NA
"Caleb Wilson","FA","TE","14145","weighted",NA,NA,NA,NA,NA,NA,NA,NA,NA,NA,0,NA,NA,NA,NA,NA,0.1,NA,2,NA,0,NA,NA,NA,NA,NA,NA,NA,NA,NA,NA,NA,NA,NA,NA,NA,NA,NA,NA,NA,NA,NA,NA,NA,NA,NA,NA,NA,NA,NA,NA,NA,NA,NA,2019,NA,NA,NA,NA,NA
"Harrison Butker","KC","K","13354","weighted",NA,NA,NA,NA,NA,NA,NA,NA,NA,NA,NA,NA,NA,NA,NA,NA,NA,NA,NA,NA,NA,NA,0.0313498692358328,0.021344594943157,8.11353947919686,0.899570870664481,10.0563615502766,1.44017190961246,8.45024383031624,0.812669553286376,2.82254101881978,0.342422870418969,51.7308724832215,9.80020613819256,NA,NA,NA,NA,NA,NA,NA,NA,NA,NA,NA,NA,NA,NA,NA,NA,NA,NA,NA,NA,2017,1995-07-14,NA,NA,NA,NA
"Justin Tucker","BAL","K","10976","weighted",NA,NA,NA,NA,NA,NA,NA,NA,NA,NA,NA,NA,NA,NA,NA,NA,NA,NA,NA,NA,NA,NA,0.135498054263661,0.0868082847926708,7.87810645256212,2.00311032817037,9.23152081600541,0.94419106113696,9.54041445057245,1.43679995037168,3.37169427241691,1.0022785445624,50.320158633313,3.8083333780361,NA,NA,NA,NA,NA,NA,NA,NA,NA,NA,NA,NA,NA,NA,NA,NA,NA,NA,NA,NA,2012,1989-11-21,NA,NA,NA,NA
"Wil Lutz","NO","K","12956","weighted",NA,NA,NA,NA,NA,NA,NA,NA,NA,NA,NA,NA,NA,NA,NA,NA,NA,NA,NA,NA,NA,NA,0.584815830066912,0.156570245135845,7.44145560390521,0.405921144099052,7.79599959169229,0.34402993447592,9.8451777289396,1.03044072590351,3.2320925272036,0.564110596673839,49.1422940817572,1.99871347172412,NA,NA,NA,NA,NA,NA,NA,NA,NA,NA,NA,NA,NA,NA,NA,NA,NA,NA,NA,NA,2016,1994-07-07,NA,NA,NA,NA
"Ryan Succop","FA","K","9686","weighted",NA,NA,NA,NA,NA,NA,NA,NA,NA,NA,NA,NA,NA,NA,NA,NA,NA,NA,NA,NA,NA,NA,0.0530779473972311,0.0480641738782495,4.74667391553254,2.73043819863897,5.62488114264921,2.90949969349218,6.11637983177089,2.73390304551635,2.55457750756759,1.34388792052323,34.8093959731544,14.6571081590275,NA,NA,NA,NA,NA,NA,NA,NA,NA,NA,NA,NA,NA,NA,NA,NA,NA,NA,NA,NA,2009,1986-09-19,NA,NA,NA,NA
"Ryan Succop","TB","K","9686","weighted",NA,NA,NA,NA,NA,NA,NA,NA,NA,NA,NA,NA,NA,NA,NA,NA,NA,NA,NA,NA,NA,NA,0.0530779473972311,0.0480641738782495,4.74667391553254,2.73043819863897,5.62488114264921,2.90949969349218,6.11637983177089,2.73390304551635,2.55457750756759,1.34388792052323,34.8093959731544,14.6571081590275,NA,NA,NA,NA,NA,NA,NA,NA,NA,NA,NA,NA,NA,NA,NA,NA,NA,NA,NA,NA,2009,1986-09-19,NA,NA,NA,NA
"Greg Zuerlein","DAL","K","10868","weighted",NA,NA,NA,NA,NA,NA,NA,NA,NA,NA,NA,NA,NA,NA,NA,NA,NA,NA,NA,NA,NA,NA,0.257343533092347,0.171484544327791,8.32177236248916,0.850130212897655,8.96615386039109,1.18530486843963,7.81556345875296,0.911078654537184,3.78919103860775,1.61051905345808,44.0457474069555,3.57900551149598,NA,NA,NA,NA,NA,NA,NA,NA,NA,NA,NA,NA,NA,NA,NA,NA,NA,NA,NA,NA,2012,1987-12-27,NA,NA,NA,NA
"Stephen Gostkowski","FA","K","8359","weighted",NA,NA,NA,NA,NA,NA,NA,NA,NA,NA,NA,NA,NA,NA,NA,NA,NA,NA,NA,NA,NA,NA,0.24468531712363,0.193177465197719,7.0232359039649,3.11900706352327,8.29886134121949,3.17852534533453,5.40288586860889,2.11736199145498,2.0780209004439,0.771825674513137,37.650765832106,8.40933809592251,NA,NA,NA,NA,NA,NA,NA,NA,NA,NA,NA,NA,NA,NA,NA,NA,NA,NA,NA,NA,2006,1984-01-28,NA,NA,NA,NA
"Stephen Gostkowski","TEN","K","8359","weighted",NA,NA,NA,NA,NA,NA,NA,NA,NA,NA,NA,NA,NA,NA,NA,NA,NA,NA,NA,NA,NA,NA,0.24468531712363,0.193177465197719,7.0232359039649,3.11900706352327,8.29886134121949,3.17852534533453,5.40288586860889,2.11736199145498,2.0780209004439,0.771825674513137,37.650765832106,8.40933809592251,NA,NA,NA,NA,NA,NA,NA,NA,NA,NA,NA,NA,NA,NA,NA,NA,NA,NA,NA,NA,2006,1984-01-28,NA,NA,NA,NA
"Younghoe Koo","ATL","K","13403","weighted",NA,NA,NA,NA,NA,NA,NA,NA,NA,NA,NA,NA,NA,NA,NA,NA,NA,NA,NA,NA,NA,NA,0.186149813702559,0.117690766321225,8.03119081697632,1.0662327724324,8.98265735364881,1.7504432182985,8.02446205889697,1.56052897209217,2.28777465409955,0.552068761444932,34.2225015253203,7.63632471520699,NA,NA,NA,NA,NA,NA,NA,NA,NA,NA,NA,NA,NA,NA,NA,NA,NA,NA,NA,NA,2017,1994-08-03,NA,NA,NA,NA
"Robbie Gould","SF","K","8153","weighted",NA,NA,NA,NA,NA,NA,NA,NA,NA,NA,NA,NA,NA,NA,NA,NA,NA,NA,NA,NA,NA,NA,0.418585127450143,0.280658424382878,10.0015092098806,1.20423790636585,9.6972408534575,1.35660561681672,7.9466700492133,1.46754419437408,1.71068498421807,0.258920778895993,38.5340329469189,6.28439313396469,NA,NA,NA,NA,NA,NA,NA,NA,NA,NA,NA,NA,NA,NA,NA,NA,NA,NA,NA,NA,2005,1982-12-06,NA,NA,NA,NA
"Mason Crosby","GB","K","8742","weighted",NA,NA,NA,NA,NA,NA,NA,NA,NA,NA,NA,NA,NA,NA,NA,NA,NA,NA,NA,NA,NA,NA,0.642039441763516,0.173353956200053,4.29353788350926,1.84006671885593,8.91607841598982,1.13549514027713,7.60075467029782,1.31516224266923,2.79263817982522,0.752328707525797,39.7384380719951,3.27493202888637,NA,NA,NA,NA,NA,NA,NA,NA,NA,NA,NA,NA,NA,NA,NA,NA,NA,NA,NA,NA,2007,1984-09-03,NA,NA,NA,NA
"Chris Boswell","PIT","K","11936","weighted",NA,NA,NA,NA,NA,NA,NA,NA,NA,NA,NA,NA,NA,NA,NA,NA,NA,NA,NA,NA,NA,NA,0.222480471972075,0.143024083187331,9.02095672549123,0.961987408427454,7.67007547728639,0.897340640448513,7.61979161136416,0.872628116805439,1.66945709014822,0.529289563953129,36.1520439292251,6.08686258965552,NA,NA,NA,NA,NA,NA,NA,NA,NA,NA,NA,NA,NA,NA,NA,NA,NA,NA,NA,NA,2014,1991-03-16,NA,NA,NA,NA
"Jason Myers","SEA","K","12437","weighted",NA,NA,NA,NA,NA,NA,NA,NA,NA,NA,NA,NA,NA,NA,NA,NA,NA,NA,NA,NA,NA,NA,0.153369037127426,0.112988722854779,6.78935048285558,1.47233654720217,8.76464899523877,0.747425307132308,7.04906449187409,0.880706731569372,2.42793312673794,0.366667542551862,40.5448444173276,3.571986526603,NA,NA,NA,NA,NA,NA,NA,NA,NA,NA,NA,NA,NA,NA,NA,NA,NA,NA,NA,NA,NA,1991-05-12,NA,NA,NA,NA
"Jake Elliott","PHI","K","13303","weighted",NA,NA,NA,NA,NA,NA,NA,NA,NA,NA,NA,NA,NA,NA,NA,NA,NA,NA,NA,NA,NA,NA,0.276240921846881,0.205178167440797,6.9938695905666,0.535012930949425,8.85115703072203,0.576217229435064,6.73673112332388,0.596193641324319,2.34302323645913,0.407617198541162,36.6597803538743,4.97720705628002,NA,NA,NA,NA,NA,NA,NA,NA,NA,NA,NA,NA,NA,NA,NA,NA,NA,NA,NA,NA,2017,1995-01-21,NA,NA,NA,NA
"Dan Bailey","MIN","K","10506","weighted",NA,NA,NA,NA,NA,NA,NA,NA,NA,NA,NA,NA,NA,NA,NA,NA,NA,NA,NA,NA,NA,NA,0.117707051892922,0.0960313287310665,9.08016885585722,0.653014880684562,9.39625955243075,1.42993232483121,5.8793034077445,0.744549813436785,2.25990793515889,0.187665450421303,39.020058910162,3.08003519858102,NA,NA,NA,NA,NA,NA,NA,NA,NA,NA,NA,NA,NA,NA,NA,NA,NA,NA,NA,NA,2011,1988-01-26,NA,NA,NA,NA
"Sam Sloman","LAR","K","15024","weighted",NA,NA,NA,NA,NA,NA,NA,NA,NA,NA,NA,NA,NA,NA,NA,NA,NA,NA,NA,NA,NA,NA,0.426997384628364,0.0490818721492797,7.57920357715346,0.871203230649714,9.92768919260947,1.14115352747075,5.24150945703222,1.15312685513779,3.6788987833108,0.487352232992435,36.9491268033409,7.52624136791671,NA,NA,NA,NA,NA,NA,NA,NA,NA,NA,NA,NA,NA,NA,NA,NA,NA,NA,NA,NA,2020,1970-01-01,NA,NA,NA,NA
"Zane Gonzalez","ARI","K","13347","weighted",NA,NA,NA,NA,NA,NA,NA,NA,NA,NA,NA,NA,NA,NA,NA,NA,NA,NA,NA,NA,NA,NA,0.251689470590899,0.164985035763011,8.85422120136038,1.12858460883621,9.36361555685232,1.41131843911968,6.56596850701623,1.30588078254074,2.49600335024656,0.353577704144594,36.7301159243441,3.9914816976453,NA,NA,NA,NA,NA,NA,NA,NA,NA,NA,NA,NA,NA,NA,NA,NA,NA,NA,NA,NA,2017,1995-05-07,NA,NA,NA,NA
"Kaimi Fairbairn","HOU","K","12860","weighted",NA,NA,NA,NA,NA,NA,NA,NA,NA,NA,NA,NA,NA,NA,NA,NA,NA,NA,NA,NA,NA,NA,0.30476287545654,0.0552129869830926,6.47006866461667,0.547378687829766,8.54781551467419,0.733342152377054,8.17876025778755,1.21026307475932,2.52677539713872,0.330442161475728,37.7315924344112,3.00024622769461,NA,NA,NA,NA,NA,NA,NA,NA,NA,NA,NA,NA,NA,NA,NA,NA,NA,NA,NA,NA,2016,1994-01-29,NA,NA,NA,NA
"Mike Badgley","LAC","K","13980","weighted",NA,NA,NA,NA,NA,NA,NA,NA,NA,NA,NA,NA,NA,NA,NA,NA,NA,NA,NA,NA,NA,NA,0.298206889182769,0.208712706088907,8.73760407256719,0.676912016551446,6.19934663613524,0.884145928641981,7.17414822962144,1.56111762168645,1.5212563652563,0.319968615468786,36.7478706528371,2.92394674555611,NA,NA,NA,NA,NA,NA,NA,NA,NA,NA,NA,NA,NA,NA,NA,NA,NA,NA,NA,NA,2018,1970-01-01,NA,NA,NA,NA
"Graham Gano","NYG","K","9694","weighted",NA,NA,NA,NA,NA,NA,NA,NA,NA,NA,NA,NA,NA,NA,NA,NA,NA,NA,NA,NA,NA,NA,0.187432573154223,0.241631024205552,3.94809948188422,3.54651511771665,5.80673976914564,4.56485837613302,2.81015390587051,2.72175995978152,0.40370092679371,0.520436052135035,24.3578055964654,17.0655042851542,NA,NA,NA,NA,NA,NA,NA,NA,NA,NA,NA,NA,NA,NA,NA,NA,NA,NA,NA,NA,2009,1987-04-09,NA,NA,NA,NA
"Matt Prater","DET","K","8930","weighted",NA,NA,NA,NA,NA,NA,NA,NA,NA,NA,NA,NA,NA,NA,NA,NA,NA,NA,NA,NA,NA,NA,0.0943023972970709,0.0636014144517893,9.17243132508564,0.597783918757006,7.99185079834958,1.12205687971439,6.1875241095277,0.319116447794684,3.46264122336133,0.820670886683538,35.4583282489323,4.14762269665867,NA,NA,NA,NA,NA,NA,NA,NA,NA,NA,NA,NA,NA,NA,NA,NA,NA,NA,NA,NA,2006,1984-08-10,NA,NA,NA,NA
"Daniel Carlson","LVR","K","13718","weighted",NA,NA,NA,NA,NA,NA,NA,NA,NA,NA,NA,NA,NA,NA,NA,NA,NA,NA,NA,NA,NA,NA,0.294029341616285,0.205293259835591,8.09225802873149,0.82469196816,6.17618628321038,0.588548180625873,6.57450607354817,1.37429881361046,1.6438948360974,0.266025432925071,33.4394996949359,2.34750694888062,NA,NA,NA,NA,NA,NA,NA,NA,NA,NA,NA,NA,NA,NA,NA,NA,NA,NA,NA,NA,2018,1995-01-23,NA,NA,NA,NA
"Nick Folk","FA","K","8851","weighted",NA,NA,NA,NA,NA,NA,NA,NA,NA,NA,NA,NA,NA,NA,NA,NA,NA,NA,NA,NA,NA,NA,0.82,NA,7.57,NA,7.26,NA,6.82,NA,1.52,NA,38.79,NA,NA,NA,NA,NA,NA,NA,NA,NA,NA,NA,NA,NA,NA,NA,NA,NA,NA,NA,NA,NA,2007,1984-11-05,NA,NA,NA,NA
"Josh Lambo","JAC","K","12417","weighted",NA,NA,NA,NA,NA,NA,NA,NA,NA,NA,NA,NA,NA,NA,NA,NA,NA,NA,NA,NA,NA,NA,0.0982675596043063,0.0712699582001308,8.87112399154949,1.06844010238842,7.26697958088261,1.06505350588317,7.35307506942813,1.15613495896633,3.78927581725167,0.727846317822704,28.1983038438072,6.8977784651355,NA,NA,NA,NA,NA,NA,NA,NA,NA,NA,NA,NA,NA,NA,NA,NA,NA,NA,NA,NA,2015,1990-11-19,NA,NA,NA,NA
"Austin Seibert","CLE","K","14258","weighted",NA,NA,NA,NA,NA,NA,NA,NA,NA,NA,NA,NA,NA,NA,NA,NA,NA,NA,NA,NA,NA,NA,0.0678569357644482,0.057089836848626,5.73483386743127,0.772539728112936,8.39374161105247,0.28678812917166,8.76539663181812,0.482487692320866,1.94195645738132,0.47858509117013,33.2715202444614,3.33416486908998,NA,NA,NA,NA,NA,NA,NA,NA,NA,NA,NA,NA,NA,NA,NA,NA,NA,NA,NA,NA,2019,NA,NA,NA,NA,NA
"Tyler Bass","BUF","K","14983","weighted",NA,NA,NA,NA,NA,NA,NA,NA,NA,NA,NA,NA,NA,NA,NA,NA,NA,NA,NA,NA,NA,NA,0,0,4.7175935307141,0.146828209279387,7.58917220158355,0.236201901884231,7.44062739119014,0.43817712551529,2.71637111760454,1.15453569357078,32.1701114488349,6.92511879189994,NA,NA,NA,NA,NA,NA,NA,NA,NA,NA,NA,NA,NA,NA,NA,NA,NA,NA,NA,NA,2020,1997-02-14,NA,NA,NA,NA
"Rodrigo Blankenship","IND","K","14912","weighted",NA,NA,NA,NA,NA,NA,NA,NA,NA,NA,NA,NA,NA,NA,NA,NA,NA,NA,NA,NA,NA,NA,0.88260078387458,0.126376531105681,6.61950587905935,0.947823983292605,5.73690509518477,0.821447452186925,4.17138157894737,2.40416305603426,3.69917763157895,0.919238815542512,35.7210526315789,2.26274169979695,NA,NA,NA,NA,NA,NA,NA,NA,NA,NA,NA,NA,NA,NA,NA,NA,NA,NA,NA,NA,2020,1970-01-01,NA,NA,NA,NA
"Brandon McManus","DEN","K","11947","weighted",NA,NA,NA,NA,NA,NA,NA,NA,NA,NA,NA,NA,NA,NA,NA,NA,NA,NA,NA,NA,NA,NA,0.149141791474323,0.106413896386826,6.65560753531393,0.878383423802537,8.35202172590705,0.809104342380331,8.05578415078579,1.30498236363192,2.72556282647328,0.601223357895696,31.6160219646126,4.13773577190394,NA,NA,NA,NA,NA,NA,NA,NA,NA,NA,NA,NA,NA,NA,NA,NA,NA,NA,NA,NA,2014,1991-07-25,NA,NA,NA,NA
"Justin Rohrwasser","FA","K","14965","weighted",NA,NA,NA,NA,NA,NA,NA,NA,NA,NA,NA,NA,NA,NA,NA,NA,NA,NA,NA,NA,NA,NA,NA,NA,NA,NA,NA,NA,4.73612313612314,0.642223687886397,2.36806156806157,0.321111843943199,33.0494949494949,4.41711763332635,NA,NA,NA,NA,NA,NA,NA,NA,NA,NA,NA,NA,NA,NA,NA,NA,NA,NA,NA,NA,2020,1970-01-01,NA,NA,NA,NA
"Eddy Pineiro","CHI","K","13719","weighted",NA,NA,NA,NA,NA,NA,NA,NA,NA,NA,NA,NA,NA,NA,NA,NA,NA,NA,NA,NA,NA,NA,0.263199542270327,0.0207496022269772,7.38055383116376,0.581853429114819,8.06048598202877,0.635456568201178,5.09565816879001,0.319015933374275,1.78184912888676,0.281418760098758,31.0035234215886,5.0140898883039,NA,NA,NA,NA,NA,NA,NA,NA,NA,NA,NA,NA,NA,NA,NA,NA,NA,NA,NA,NA,2018,1995-09-13,"IR","Groin",2020,0
"Jason Sanders","MIA","K","13832","weighted",NA,NA,NA,NA,NA,NA,NA,NA,NA,NA,NA,NA,NA,NA,NA,NA,NA,NA,NA,NA,NA,NA,0.364812539793543,0.272544675227448,7.47090254839986,0.52500927844276,6.64980325028443,0.886110433389175,6.52332501307832,0.612338600806395,2.19084432571712,0.235899408393041,33.5104697986577,1.58509715434566,NA,NA,NA,NA,NA,NA,NA,NA,NA,NA,NA,NA,NA,NA,NA,NA,NA,NA,NA,NA,2018,1995-11-16,NA,NA,NA,NA
"Randy Bullock","CIN","K","10862","weighted",NA,NA,NA,NA,NA,NA,NA,NA,NA,NA,NA,NA,NA,NA,NA,NA,NA,NA,NA,NA,NA,NA,0.0634639161016266,0.0427351717895588,8.12373986921975,0.784466231168031,7.42930468698012,0.842261517884315,7.12674907127309,1.52868036851206,1.91818010237992,0.203892323901647,31.4380841976815,2.58156986785997,NA,NA,NA,NA,NA,NA,NA,NA,NA,NA,NA,NA,NA,NA,NA,NA,NA,NA,NA,NA,2012,1989-12-16,NA,NA,NA,NA
"Sam Ficken","NYJ","K","13564","weighted",NA,NA,NA,NA,NA,NA,NA,NA,NA,NA,NA,NA,NA,NA,NA,NA,NA,NA,NA,NA,NA,NA,0.0696317337943074,0.0495179595214096,4.77321718888911,1.51581751038019,8.49922366131924,0.563631624143178,6.48809921573878,1.30481901086136,3.11710251658329,0.999610861059846,29.5565466748017,3.639032690331,NA,NA,NA,NA,NA,NA,NA,NA,NA,NA,NA,NA,NA,NA,NA,NA,NA,NA,NA,NA,2015,1992-12-14,NA,NA,NA,NA
"Aldrick Rosas","FA","K","13241","weighted",NA,NA,NA,NA,NA,NA,NA,NA,NA,NA,NA,NA,NA,NA,NA,NA,NA,NA,NA,NA,NA,NA,NA,NA,NA,NA,NA,NA,2.75941080196399,4.24264068711929,1.379705400982,2.12132034355964,14.7168576104746,22.6274169979695,NA,NA,NA,NA,NA,NA,NA,NA,NA,NA,NA,NA,NA,NA,NA,NA,NA,NA,NA,NA,2016,1994-12-30,NA,NA,NA,NA
"Dustin Hopkins","WAS","K","11387","weighted",NA,NA,NA,NA,NA,NA,NA,NA,NA,NA,NA,NA,NA,NA,NA,NA,NA,NA,NA,NA,NA,NA,0.00979365250357163,0.00706892149199834,7.08253256554066,0.8023954634893,7.13861840511986,0.500058458441693,8.07941290453437,0.796491726600757,3.12548024910568,0.228348175642071,27.1321293471629,3.15120283961649,NA,NA,NA,NA,NA,NA,NA,NA,NA,NA,NA,NA,NA,NA,NA,NA,NA,NA,NA,NA,2013,1990-10-01,NA,NA,NA,NA
"Greg Joseph","TEN","K","13898","weighted",NA,NA,NA,NA,NA,NA,NA,NA,NA,NA,NA,NA,NA,NA,NA,NA,NA,NA,NA,NA,NA,NA,NA,NA,NA,NA,NA,NA,6,NA,1,NA,30,NA,NA,NA,NA,NA,NA,NA,NA,NA,NA,NA,NA,NA,NA,NA,NA,NA,NA,NA,NA,NA,2018,1970-01-01,NA,NA,NA,NA
"Greg Joseph","FA","K","13898","weighted",NA,NA,NA,NA,NA,NA,NA,NA,NA,NA,NA,NA,NA,NA,NA,NA,NA,NA,NA,NA,NA,NA,NA,NA,NA,NA,NA,NA,6,NA,1,NA,30,NA,NA,NA,NA,NA,NA,NA,NA,NA,NA,NA,NA,NA,NA,NA,NA,NA,NA,NA,NA,NA,2018,1970-01-01,NA,NA,NA,NA
NA,NA,"K","nfl_0","weighted",NA,NA,NA,NA,NA,NA,NA,NA,NA,NA,NA,NA,NA,NA,NA,NA,NA,NA,NA,NA,NA,NA,0,0,5.38865917051743,1.32638428461119,5.48156152072802,1.00388075568376,7.50081720430108,0.813410333310392,4.80516129032258,2.13557345125772,26.4383870967742,1.88474598487718,NA,NA,NA,NA,NA,NA,NA,NA,NA,NA,NA,NA,NA,NA,NA,NA,NA,NA,NA,NA,NA,NA,NA,NA,NA,NA
"Cairo Santos","FA","K","11945","weighted",NA,NA,NA,NA,NA,NA,NA,NA,NA,NA,NA,NA,NA,NA,NA,NA,NA,NA,NA,NA,NA,NA,0.119848538163793,0.000211603026788991,1.4281950797852,0.00252160273590213,1.40822032342457,0.00248633556477068,0.868901901687499,0.00153412194422018,0.169785429065373,0.000299770954617738,7.24199386503068,0.346482322781408,NA,NA,NA,NA,NA,NA,NA,NA,NA,NA,NA,NA,NA,NA,NA,NA,NA,NA,NA,NA,2014,1991-11-12,NA,NA,NA,NA
"Cody Parkey","FA","K","11966","weighted",NA,NA,NA,NA,NA,NA,NA,NA,NA,NA,NA,NA,NA,NA,NA,NA,NA,NA,NA,NA,NA,NA,NA,NA,NA,NA,NA,NA,NA,NA,NA,NA,12,NA,NA,NA,NA,NA,NA,NA,NA,NA,NA,NA,NA,NA,NA,NA,NA,NA,NA,NA,NA,NA,2014,1992-02-19,NA,NA,NA,NA
"Dolphins","MIA","DST","0503","weighted",NA,NA,NA,NA,NA,NA,NA,NA,NA,NA,NA,NA,NA,NA,NA,NA,NA,NA,NA,NA,NA,NA,NA,NA,NA,NA,NA,NA,NA,NA,NA,NA,NA,NA,11.6575893769152,1.60933677611345,28.9737282941777,6.90670170172614,0.5,0,2.33427987742594,0.239416254473322,NA,NA,NA,NA,NA,NA,NA,NA,NA,NA,NA,NA,NA,NA,NA,NA,NA,NA
"Giants","NYG","DST","0517","weighted",NA,NA,NA,NA,NA,NA,NA,NA,NA,NA,NA,NA,NA,NA,NA,NA,NA,NA,NA,NA,NA,NA,NA,NA,NA,NA,NA,NA,NA,NA,NA,NA,NA,NA,8.74429009193054,2.32635112240982,34.0938304392237,4.04169344537574,1.1003064351379,0.259946651571598,2.13997957099081,0.51188740682702,NA,NA,NA,NA,NA,NA,NA,NA,NA,NA,NA,NA,NA,NA,NA,NA,NA,NA
"Buccaneers","TB","DST","0525","weighted",NA,NA,NA,NA,NA,NA,NA,NA,NA,NA,NA,NA,NA,NA,NA,NA,NA,NA,NA,NA,NA,NA,NA,NA,NA,NA,NA,NA,NA,NA,NA,NA,NA,NA,10.4389785495403,1.54085108414762,36.9814504596527,1.03682956294482,0.0665985699693565,0.0577659225714663,4.25519918283963,1.650536052719,NA,NA,NA,NA,NA,NA,NA,NA,NA,NA,NA,NA,NA,NA,NA,NA,NA,NA
"Panthers","CAR","DST","0527","weighted",NA,NA,NA,NA,NA,NA,NA,NA,NA,NA,NA,NA,NA,NA,NA,NA,NA,NA,NA,NA,NA,NA,NA,NA,NA,NA,NA,NA,NA,NA,NA,NA,NA,NA,9.54014300306435,1.3636774118179,40.3838406537283,4.70543472598269,1.46700715015322,0.288829612857332,1.73003064351379,0.779887036995772,NA,NA,NA,NA,NA,NA,NA,NA,NA,NA,NA,NA,NA,NA,NA,NA,NA,NA
"Commanders","WAS","DST","0520","weighted",NA,NA,NA,NA,NA,NA,NA,NA,NA,NA,NA,NA,NA,NA,NA,NA,NA,NA,NA,NA,NA,NA,NA,NA,NA,NA,NA,NA,NA,NA,NA,NA,NA,NA,10.2833094994893,1.24343115722046,38.9832686414709,2.30164524795187,0.0665985699693565,0.0577659225714663,1.69170582226762,0.927336966460602,NA,NA,NA,NA,NA,NA,NA,NA,NA,NA,NA,NA,NA,NA,NA,NA,NA,NA
"Cardinals","ARI","DST","0519","weighted",NA,NA,NA,NA,NA,NA,NA,NA,NA,NA,NA,NA,NA,NA,NA,NA,NA,NA,NA,NA,NA,NA,NA,NA,NA,NA,NA,NA,NA,NA,NA,NA,NA,NA,10.2390806945863,3.15711540300735,36.1231460674157,6.25575936395759,0.0665985699693565,0.0577659225714663,1.50762002042901,1.40350048416278,NA,NA,NA,NA,NA,NA,NA,NA,NA,NA,NA,NA,NA,NA,NA,NA,NA,NA
"Bengals","CIN","DST","0506","weighted",NA,NA,NA,NA,NA,NA,NA,NA,NA,NA,NA,NA,NA,NA,NA,NA,NA,NA,NA,NA,NA,NA,NA,NA,NA,NA,NA,NA,NA,NA,NA,NA,NA,NA,12.1945045965271,2.03803863439425,33.1149131767109,6.60651069665409,1.03360572012257,0.231063690285865,1.80837589376915,0.738928706627197,NA,NA,NA,NA,NA,NA,NA,NA,NA,NA,NA,NA,NA,NA,NA,NA,NA,NA
"Colts","IND","DST","0502","weighted",NA,NA,NA,NA,NA,NA,NA,NA,NA,NA,NA,NA,NA,NA,NA,NA,NA,NA,NA,NA,NA,NA,NA,NA,NA,NA,NA,NA,NA,NA,NA,NA,NA,NA,13.0176915219612,2.49409159150218,40.0895403472932,0.642970341026366,1.56700715015322,0.288829612857332,3.42607763023493,0.586467887605513,NA,NA,NA,NA,NA,NA,NA,NA,NA,NA,NA,NA,NA,NA,NA,NA,NA,NA
"Jets","NYJ","DST","0505","weighted",NA,NA,NA,NA,NA,NA,NA,NA,NA,NA,NA,NA,NA,NA,NA,NA,NA,NA,NA,NA,NA,NA,NA,NA,NA,NA,NA,NA,NA,NA,NA,NA,NA,NA,13.386986721144,2.43966288088975,35.8383248212462,4.18600340660799,1.26700715015322,0.288829612857332,3.4455975485189,0.878203657803723,NA,NA,NA,NA,NA,NA,NA,NA,NA,NA,NA,NA,NA,NA,NA,NA,NA,NA
"Lions","DET","DST","0522","weighted",NA,NA,NA,NA,NA,NA,NA,NA,NA,NA,NA,NA,NA,NA,NA,NA,NA,NA,NA,NA,NA,NA,NA,NA,NA,NA,NA,NA,NA,NA,NA,NA,NA,NA,10.6968947906027,2.72257352100305,29.7441062308478,5.28019856857647,0.0665985699693565,0.0577659225714663,2.74422880490296,0.0587363684296363,NA,NA,NA,NA,NA,NA,NA,NA,NA,NA,NA,NA,NA,NA,NA,NA,NA,NA
"Seahawks","SEA","DST","0515","weighted",NA,NA,NA,NA,NA,NA,NA,NA,NA,NA,NA,NA,NA,NA,NA,NA,NA,NA,NA,NA,NA,NA,NA,NA,NA,NA,NA,NA,NA,NA,NA,NA,NA,NA,14.5661899897855,2.17771848780963,32.7722369765066,4.37628661646296,0.0665985699693565,0.0577659225714663,2.72839121552605,0.208873325282288,NA,NA,NA,NA,NA,NA,NA,NA,NA,NA,NA,NA,NA,NA,NA,NA,NA,NA
"Texans","HOU","DST","0532","weighted",NA,NA,NA,NA,NA,NA,NA,NA,NA,NA,NA,NA,NA,NA,NA,NA,NA,NA,NA,NA,NA,NA,NA,NA,NA,NA,NA,NA,NA,NA,NA,NA,NA,NA,12.2266598569969,1.07247045907258,34.9025740551583,3.057549052462,0.0665985699693565,0.0577659225714663,3.03011235955056,0.337043744015043,NA,NA,NA,NA,NA,NA,NA,NA,NA,NA,NA,NA,NA,NA,NA,NA,NA,NA
"Jaguars","JAC","DST","0509","weighted",NA,NA,NA,NA,NA,NA,NA,NA,NA,NA,NA,NA,NA,NA,NA,NA,NA,NA,NA,NA,NA,NA,NA,NA,NA,NA,NA,NA,NA,NA,NA,NA,NA,NA,10.8754647599591,2.33102399968037,40.2299897854954,5.53342900220334,0.166496424923391,0.144414806428666,2.34351378958121,0.227045348676233,NA,NA,NA,NA,NA,NA,NA,NA,NA,NA,NA,NA,NA,NA,NA,NA,NA,NA
"Falcons","ATL","DST","0526","weighted",NA,NA,NA,NA,NA,NA,NA,NA,NA,NA,NA,NA,NA,NA,NA,NA,NA,NA,NA,NA,NA,NA,NA,NA,NA,NA,NA,NA,NA,NA,NA,NA,NA,NA,10.8387742594484,1.96466463703486,31.8648621041879,3.27509151890689,0.0665985699693565,0.0577659225714663,3.24847803881512,0.582178302059409,NA,NA,NA,NA,NA,NA,NA,NA,NA,NA,NA,NA,NA,NA,NA,NA,NA,NA
"Raiders","LVR","DST","0513","weighted",NA,NA,NA,NA,NA,NA,NA,NA,NA,NA,NA,NA,NA,NA,NA,NA,NA,NA,NA,NA,NA,NA,NA,NA,NA,NA,NA,NA,NA,NA,NA,NA,NA,NA,9.86438356164384,4.45477272147525,27.7917808219178,2.54558441227157,0,0,1.4,0,NA,NA,NA,NA,NA,NA,NA,NA,NA,NA,NA,NA,NA,NA,NA,NA,NA,NA
"Rams","LAR","DST","0528","weighted",NA,NA,NA,NA,NA,NA,NA,NA,NA,NA,NA,NA,NA,NA,NA,NA,NA,NA,NA,NA,NA,NA,NA,NA,NA,NA,NA,NA,NA,NA,NA,NA,NA,NA,13.5434525025536,3.02097414024497,42.9061899897855,3.42547167633802,0.833503575076609,0.144414806428666,3.32687436159346,0.5214417696975,NA,NA,NA,NA,NA,NA,NA,NA,NA,NA,NA,NA,NA,NA,NA,NA,NA,NA
"Browns","CLE","DST","0507","weighted",NA,NA,NA,NA,NA,NA,NA,NA,NA,NA,NA,NA,NA,NA,NA,NA,NA,NA,NA,NA,NA,NA,NA,NA,NA,NA,NA,NA,NA,NA,NA,NA,NA,NA,13.6541981613892,1.33507957368522,36.4218386108274,3.02591660649188,0.166496424923391,0.144414806428666,2.1811848825332,0.668702278110912,NA,NA,NA,NA,NA,NA,NA,NA,NA,NA,NA,NA,NA,NA,NA,NA,NA,NA
"Chargers","LAC","DST","0514","weighted",NA,NA,NA,NA,NA,NA,NA,NA,NA,NA,NA,NA,NA,NA,NA,NA,NA,NA,NA,NA,NA,NA,NA,NA,NA,NA,NA,NA,NA,NA,NA,NA,NA,NA,14.0720326864147,2.59122847581958,34.9114811031665,2.27293760522003,0.0665985699693565,0.0577659225714663,1.76811031664964,1.19999211723928,NA,NA,NA,NA,NA,NA,NA,NA,NA,NA,NA,NA,NA,NA,NA,NA,NA,NA
"Vikings","MIN","DST","0524","weighted",NA,NA,NA,NA,NA,NA,NA,NA,NA,NA,NA,NA,NA,NA,NA,NA,NA,NA,NA,NA,NA,NA,NA,NA,NA,NA,NA,NA,NA,NA,NA,NA,NA,NA,13.3447395301328,1.60151198538158,41.3479060265577,2.98476095578034,0.833299284984678,0.0288829612857332,2.42571501532176,0.578533052603397,NA,NA,NA,NA,NA,NA,NA,NA,NA,NA,NA,NA,NA,NA,NA,NA,NA,NA
"Eagles","PHI","DST","0518","weighted",NA,NA,NA,NA,NA,NA,NA,NA,NA,NA,NA,NA,NA,NA,NA,NA,NA,NA,NA,NA,NA,NA,NA,NA,NA,NA,NA,NA,NA,NA,NA,NA,NA,NA,10.9468028600613,1.32706684816654,42.774708886619,2.81704384717816,0.166496424923391,0.144414806428666,2.57776813074566,0.429061072998313,NA,NA,NA,NA,NA,NA,NA,NA,NA,NA,NA,NA,NA,NA,NA,NA,NA,NA
"Saints","NO","DST","0529","weighted",NA,NA,NA,NA,NA,NA,NA,NA,NA,NA,NA,NA,NA,NA,NA,NA,NA,NA,NA,NA,NA,NA,NA,NA,NA,NA,NA,NA,NA,NA,NA,NA,NA,NA,13.9139325842697,2.97582219563385,45.0573442288049,4.62043002295512,0.766802860061287,0.115531845142933,3.04598059244127,0.133598397074048,NA,NA,NA,NA,NA,NA,NA,NA,NA,NA,NA,NA,NA,NA,NA,NA,NA,NA
"Cowboys","DAL","DST","0516","weighted",NA,NA,NA,NA,NA,NA,NA,NA,NA,NA,NA,NA,NA,NA,NA,NA,NA,NA,NA,NA,NA,NA,NA,NA,NA,NA,NA,NA,NA,NA,NA,NA,NA,NA,10.3387742594484,3.0715948135998,40.2934014300306,2.26815448525625,0.0665985699693565,0.0577659225714663,1.87011235955056,1.21247095342663,NA,NA,NA,NA,NA,NA,NA,NA,NA,NA,NA,NA,NA,NA,NA,NA,NA,NA
"Packers","GB","DST","0523","weighted",NA,NA,NA,NA,NA,NA,NA,NA,NA,NA,NA,NA,NA,NA,NA,NA,NA,NA,NA,NA,NA,NA,NA,NA,NA,NA,NA,NA,NA,NA,NA,NA,NA,NA,11.7803064351379,3.03148598540278,39.2527477017365,1.25424899919716,0.166496424923391,0.144414806428666,1.58949438202247,1.49414552290078,NA,NA,NA,NA,NA,NA,NA,NA,NA,NA,NA,NA,NA,NA,NA,NA,NA,NA
"Patriots","NE","DST","0504","weighted",NA,NA,NA,NA,NA,NA,NA,NA,NA,NA,NA,NA,NA,NA,NA,NA,NA,NA,NA,NA,NA,NA,NA,NA,NA,NA,NA,NA,NA,NA,NA,NA,NA,NA,15.6396322778345,2.78305348255524,38.7280694586313,5.12763126602045,0.733299284984678,0.0288829612857332,3.21311031664964,0.251836587297958,NA,NA,NA,NA,NA,NA,NA,NA,NA,NA,NA,NA,NA,NA,NA,NA,NA,NA
"Chiefs","KC","DST","0512","weighted",NA,NA,NA,NA,NA,NA,NA,NA,NA,NA,NA,NA,NA,NA,NA,NA,NA,NA,NA,NA,NA,NA,NA,NA,NA,NA,NA,NA,NA,NA,NA,NA,NA,NA,13.3061695607763,3.15859652731834,42.1690500510725,0.664771223659819,0.0665985699693565,0.0577659225714663,3.1291062308478,0.0636000585643125,NA,NA,NA,NA,NA,NA,NA,NA,NA,NA,NA,NA,NA,NA,NA,NA,NA,NA
"Bears","CHI","DST","0521","weighted",NA,NA,NA,NA,NA,NA,NA,NA,NA,NA,NA,NA,NA,NA,NA,NA,NA,NA,NA,NA,NA,NA,NA,NA,NA,NA,NA,NA,NA,NA,NA,NA,NA,NA,14.3089683350358,4.12480664820273,35.1072931562819,1.15900582755283,1.56721144024515,0.462127380571731,2.2723595505618,0.658822423242528,NA,NA,NA,NA,NA,NA,NA,NA,NA,NA,NA,NA,NA,NA,NA,NA,NA,NA
"Broncos","DEN","DST","0511","weighted",NA,NA,NA,NA,NA,NA,NA,NA,NA,NA,NA,NA,NA,NA,NA,NA,NA,NA,NA,NA,NA,NA,NA,NA,NA,NA,NA,NA,NA,NA,NA,NA,NA,NA,12.7880898876404,2.8813133664179,41.3952604698672,2.26107536246721,0.166496424923391,0.144414806428666,2.26433094994893,0.689621188310756,NA,NA,NA,NA,NA,NA,NA,NA,NA,NA,NA,NA,NA,NA,NA,NA,NA,NA
"Titans","TEN","DST","0508","weighted",NA,NA,NA,NA,NA,NA,NA,NA,NA,NA,NA,NA,NA,NA,NA,NA,NA,NA,NA,NA,NA,NA,NA,NA,NA,NA,NA,NA,NA,NA,NA,NA,NA,NA,13.0953830439224,1.34984854999302,40.885291113381,2.25643719356517,0.0665985699693565,0.0577659225714663,3.32298263534219,0.415091901808869,NA,NA,NA,NA,NA,NA,NA,NA,NA,NA,NA,NA,NA,NA,NA,NA,NA,NA
"49ers","SF","DST","0530","weighted",NA,NA,NA,NA,NA,NA,NA,NA,NA,NA,NA,NA,NA,NA,NA,NA,NA,NA,NA,NA,NA,NA,NA,NA,NA,NA,NA,NA,NA,NA,NA,NA,NA,NA,14.8742390194076,4.48470376305793,46.3950357507661,1.45258043009841,0.0665985699693565,0.0577659225714663,2.96162921348315,0.164574703323864,NA,NA,NA,NA,NA,NA,NA,NA,NA,NA,NA,NA,NA,NA,NA,NA,NA,NA
"Steelers","PIT","DST","0510","weighted",NA,NA,NA,NA,NA,NA,NA,NA,NA,NA,NA,NA,NA,NA,NA,NA,NA,NA,NA,NA,NA,NA,NA,NA,NA,NA,NA,NA,NA,NA,NA,NA,NA,NA,16.9367926455567,4.12218999330253,43.1533810010214,5.81790290132932,0.199795709908069,0.173297767714399,3.28420837589377,0.36481228250287,NA,NA,NA,NA,NA,NA,NA,NA,NA,NA,NA,NA,NA,NA,NA,NA,NA,NA
"Bills","BUF","DST","0501","weighted",NA,NA,NA,NA,NA,NA,NA,NA,NA,NA,NA,NA,NA,NA,NA,NA,NA,NA,NA,NA,NA,NA,NA,NA,NA,NA,NA,NA,NA,NA,NA,NA,NA,NA,15.6856792645557,2.70648292207619,42.0700919305414,2.91650361420023,0.166496424923391,0.144414806428666,2.12524514811032,1.11164315507427,NA,NA,NA,NA,NA,NA,NA,NA,NA,NA,NA,NA,NA,NA,NA,NA,NA,NA
"Ravens","BAL","DST","0531","weighted",NA,NA,NA,NA,NA,NA,NA,NA,NA,NA,NA,NA,NA,NA,NA,NA,NA,NA,NA,NA,NA,NA,NA,NA,NA,NA,NA,NA,NA,NA,NA,NA,NA,NA,14.0011440245148,3.8313690452859,40.6243718079673,4.31753431887444,1.23370786516854,0.317712574143065,3.80163432073544,0.699657422852903,NA,NA,NA,NA,NA,NA,NA,NA,NA,NA,NA,NA,NA,NA,NA,NA,NA,NA
"Cameron Heyward","PIT","DL","10266","weighted",NA,NA,NA,NA,NA,NA,NA,NA,NA,NA,NA,NA,NA,NA,NA,NA,NA,NA,NA,NA,NA,NA,NA,NA,NA,NA,NA,NA,NA,NA,NA,NA,NA,NA,NA,NA,NA,NA,NA,NA,NA,NA,NA,NA,50.5248443579767,17.4610928974315,9.36165369649805,0.978843687898921,0.112762645914397,0.204786040867704,4.15375486381323,0.470855962652758,NA,NA,2011,1989-05-06,NA,NA,NA,NA
"Danielle Hunter","MIN","DL","12221","weighted",NA,NA,NA,NA,NA,NA,NA,NA,NA,NA,NA,NA,NA,NA,NA,NA,NA,NA,NA,NA,NA,NA,NA,NA,NA,NA,NA,NA,NA,NA,NA,NA,NA,NA,NA,NA,NA,NA,NA,NA,NA,NA,NA,NA,54.6732952924394,19.5090760929368,14.2999429386591,2.00111219075793,0.101055634807418,0.15556349186104,1.58659058487874,0.636396103067893,NA,NA,2015,1994-10-29,"Q","Undisclosed",2020,0
"Jonathan Allen","WAS","DL","13208","weighted",NA,NA,NA,NA,NA,NA,NA,NA,NA,NA,NA,NA,NA,NA,NA,NA,NA,NA,NA,NA,NA,NA,NA,NA,NA,NA,NA,NA,NA,NA,NA,NA,NA,NA,NA,NA,NA,NA,NA,NA,NA,NA,NA,NA,50.2619260700389,12.5731188482946,7.02192607003891,1.39407921528769,0,0,0.918073929961089,0.0821625736666193,NA,NA,2017,1995-01-16,NA,NA,NA,NA
"Calais Campbell","BAL","DL","9051","weighted",NA,NA,NA,NA,NA,NA,NA,NA,NA,NA,NA,NA,NA,NA,NA,NA,NA,NA,NA,NA,NA,NA,NA,NA,NA,NA,NA,NA,NA,NA,NA,NA,NA,NA,NA,NA,NA,NA,NA,NA,NA,NA,NA,NA,48.180486381323,12.4263161277965,7.97653696498054,3.20529477656006,0.0250583657587549,0.045508009081712,1.63373540856031,0.343836260995654,NA,NA,2008,1986-09-01,NA,NA,NA,NA
"Carlos Dunlap","CIN","DL","9825","weighted",NA,NA,NA,NA,NA,NA,NA,NA,NA,NA,NA,NA,NA,NA,NA,NA,NA,NA,NA,NA,NA,NA,NA,NA,NA,NA,NA,NA,NA,NA,NA,NA,NA,NA,NA,NA,NA,NA,NA,NA,NA,NA,NA,NA,45.0114785992218,14.9550597826979,8.00698443579767,0.476648443436438,0.0313229571984436,0.0568850113521401,6.44941634241245,2.37514480116445,NA,NA,2010,1989-02-28,"Q","Lower Body",2020,0
"Sam Hubbard","CIN","DL","13684","weighted",NA,NA,NA,NA,NA,NA,NA,NA,NA,NA,NA,NA,NA,NA,NA,NA,NA,NA,NA,NA,NA,NA,NA,NA,NA,NA,NA,NA,NA,NA,NA,NA,NA,NA,NA,NA,NA,NA,NA,NA,NA,NA,NA,NA,47.6034046692607,12.2036609541137,7.88387159533074,0.526886419953763,0.0501167315175097,0.0910160181634241,3.78943579766537,0.842018822055794,NA,NA,2018,NA,NA,NA,NA,NA
"Cameron Jordan","NO","DL","10292","weighted",NA,NA,NA,NA,NA,NA,NA,NA,NA,NA,NA,NA,NA,NA,NA,NA,NA,NA,NA,NA,NA,NA,NA,NA,NA,NA,NA,NA,NA,NA,NA,NA,NA,NA,NA,NA,NA,NA,NA,NA,NA,NA,NA,NA,41.8734630350195,16.9306760726011,13.7802918287938,4.22771177576289,0.487704280155642,0.514613375923409,3.98313229571984,0.957091538792339,NA,NA,2011,1989-07-10,NA,NA,NA,NA
"Aaron Donald","LAR","DL","11757","weighted",NA,NA,NA,NA,NA,NA,NA,NA,NA,NA,NA,NA,NA,NA,NA,NA,NA,NA,NA,NA,NA,NA,NA,NA,NA,NA,NA,NA,NA,NA,NA,NA,NA,NA,NA,NA,NA,NA,NA,NA,NA,NA,NA,NA,41.0655836575876,16.9534603894092,15.8387354085603,1.73523369532636,0.14408560311284,0.261671052219844,2.54311284046693,0.634163550082334,NA,NA,2014,1991-05-23,NA,NA,NA,NA
"Arik Armstead","SF","DL","12218","weighted",NA,NA,NA,NA,NA,NA,NA,NA,NA,NA,NA,NA,NA,NA,NA,NA,NA,NA,NA,NA,NA,NA,NA,NA,NA,NA,NA,NA,NA,NA,NA,NA,NA,NA,NA,NA,NA,NA,NA,NA,NA,NA,NA,NA,40.5821595330739,17.2979354862045,9.36247081712062,1.62365527497879,0.106498054474708,0.193409038597276,1.45445525291829,0.426386280087147,NA,NA,2015,1993-11-15,NA,NA,NA,NA
"Grady Jarrett","ATL","DL","12305","weighted",NA,NA,NA,NA,NA,NA,NA,NA,NA,NA,NA,NA,NA,NA,NA,NA,NA,NA,NA,NA,NA,NA,NA,NA,NA,NA,NA,NA,NA,NA,NA,NA,NA,NA,NA,NA,NA,NA,NA,NA,NA,NA,NA,NA,43.27,14.3115862952273,7.20503891050584,0.777284086424325,0.112762645914397,0.204786040867704,0.482373540856031,0.876029174822957,NA,NA,2015,1993-04-28,NA,NA,NA,NA
"Joey Bosa","LAC","DL","12686","weighted",NA,NA,NA,NA,NA,NA,NA,NA,NA,NA,NA,NA,NA,NA,NA,NA,NA,NA,NA,NA,NA,NA,NA,NA,NA,NA,NA,NA,NA,NA,NA,NA,NA,NA,NA,NA,NA,NA,NA,NA,NA,NA,NA,NA,51.2635214007782,7.67635457460355,12.5792607003891,0.965795442909266,0.0636186770428016,0.11424322218126,0.593249027237354,0.557390445360335,NA,NA,2016,1995-07-11,NA,NA,NA,NA
"Kenny Clark","GB","DL","12739","weighted",NA,NA,NA,NA,NA,NA,NA,NA,NA,NA,NA,NA,NA,NA,NA,NA,NA,NA,NA,NA,NA,NA,NA,NA,NA,NA,NA,NA,NA,NA,NA,NA,NA,NA,NA,NA,NA,NA,NA,NA,NA,NA,NA,NA,41.8387743190661,13.7489338429671,6.62507782101167,0.411707777548837,0,0,1.63710116731517,0.606671550773551,NA,NA,2016,1995-10-04,NA,NA,NA,NA
"Dante Fowler","ATL","DL","12217","weighted",NA,NA,NA,NA,NA,NA,NA,NA,NA,NA,NA,NA,NA,NA,NA,NA,NA,NA,NA,NA,NA,NA,NA,NA,NA,NA,NA,NA,NA,NA,NA,NA,NA,NA,NA,NA,NA,NA,NA,NA,NA,NA,NA,NA,38.8564007782101,13.8023698054365,9.61394941634241,0.579989538700662,0.043852140077821,0.0796390158929961,2.75852140077821,1.74558583124388,NA,NA,NA,1994-08-03,NA,NA,NA,NA
"Demarcus Lawrence","DAL","DL","11769","weighted",NA,NA,NA,NA,NA,NA,NA,NA,NA,NA,NA,NA,NA,NA,NA,NA,NA,NA,NA,NA,NA,NA,NA,NA,NA,NA,NA,NA,NA,NA,NA,NA,NA,NA,NA,NA,NA,NA,NA,NA,NA,NA,NA,NA,40.8564591439689,11.0901941234068,8.72527237354086,3.19751246344865,0.259280155642023,0.258353572735342,1.639046692607,0.662271527990413,NA,NA,2014,1992-04-28,NA,NA,NA,NA
"DeForest Buckner","IND","DL","12688","weighted",NA,NA,NA,NA,NA,NA,NA,NA,NA,NA,NA,NA,NA,NA,NA,NA,NA,NA,NA,NA,NA,NA,NA,NA,NA,NA,NA,NA,NA,NA,NA,NA,NA,NA,NA,NA,NA,NA,NA,NA,NA,NA,NA,NA,41.7769455252918,9.23234338724599,9.66698443579767,1.5634837514593,0,0,2.65828793774319,1.42143423381302,NA,NA,2016,1994-03-17,NA,NA,NA,NA
"Nick Bosa","SF","DL","14147","weighted",NA,NA,NA,NA,NA,NA,NA,NA,NA,NA,NA,NA,NA,NA,NA,NA,NA,NA,NA,NA,NA,NA,NA,NA,NA,NA,NA,NA,NA,NA,NA,NA,NA,NA,NA,NA,NA,NA,NA,NA,NA,NA,NA,NA,41.4045719844358,9.1862970198683,10.3557392996109,1.91252576838614,0.507470817120623,0.462036856471203,3.8622373540856,1.49653711241179,NA,NA,2019,1997-10-23,NA,NA,NA,NA
"Chris Jones","KC","DL","12741","weighted",NA,NA,NA,NA,NA,NA,NA,NA,NA,NA,NA,NA,NA,NA,NA,NA,NA,NA,NA,NA,NA,NA,NA,NA,NA,NA,NA,NA,NA,NA,NA,NA,NA,NA,NA,NA,NA,NA,NA,NA,NA,NA,NA,NA,34.7106420233463,11.5799231663401,11.6936770428016,1.61836753414702,0.531556420233463,0.50691214257315,5.470953307393,2.87590102497961,NA,NA,2016,1994-07-03,NA,NA,NA,NA
"Frank Clark","KC","DL","12280","weighted",NA,NA,NA,NA,NA,NA,NA,NA,NA,NA,NA,NA,NA,NA,NA,NA,NA,NA,NA,NA,NA,NA,NA,NA,NA,NA,NA,NA,NA,NA,NA,NA,NA,NA,NA,NA,NA,NA,NA,NA,NA,NA,NA,NA,36.293579766537,9.61356691851167,12.1272568093385,1.26827847525931,0.52772373540856,0.505256485342655,3.24529182879377,0.295187358881937,NA,NA,2015,1993-06-14,NA,NA,NA,NA
"Yannick Ngakoue","MIN","DL","12756","weighted",NA,NA,NA,NA,NA,NA,NA,NA,NA,NA,NA,NA,NA,NA,NA,NA,NA,NA,NA,NA,NA,NA,NA,NA,NA,NA,NA,NA,NA,NA,NA,NA,NA,NA,NA,NA,NA,NA,NA,NA,NA,NA,NA,NA,37.1448443579767,7.87376036241541,9.5308560311284,0.500343331086799,0.67375486381323,0.510891653578482,4.02505836575876,0.0455080090817121,NA,NA,2016,1995-03-31,NA,NA,NA,NA
NA,NA,"DL","12622","weighted",NA,NA,NA,NA,NA,NA,NA,NA,NA,NA,NA,NA,NA,NA,NA,NA,NA,NA,NA,NA,NA,NA,NA,NA,NA,NA,NA,NA,NA,NA,NA,NA,NA,NA,NA,NA,NA,NA,NA,NA,NA,NA,NA,NA,18.3773493225354,12.5946206580986,2.89163681669522,3.18034867516324,0.0407413175517832,0.180717596992023,1.44974303068058,1.23719062532689,NA,NA,NA,NA,NA,NA,NA,NA
"Maxx Crosby","LVR","DL","14225","weighted",NA,NA,NA,NA,NA,NA,NA,NA,NA,NA,NA,NA,NA,NA,NA,NA,NA,NA,NA,NA,NA,NA,NA,NA,NA,NA,NA,NA,NA,NA,NA,NA,NA,NA,NA,NA,NA,NA,NA,NA,NA,NA,NA,NA,37.3538243626062,6.64680374315355,9.77790368271955,0.424264068711928,0,0,3.81473087818697,0.282842712474619,NA,NA,2019,1997-08-22,NA,NA,NA,NA
"Melvin Ingram","LAC","DL","10749","weighted",NA,NA,NA,NA,NA,NA,NA,NA,NA,NA,NA,NA,NA,NA,NA,NA,NA,NA,NA,NA,NA,NA,NA,NA,NA,NA,NA,NA,NA,NA,NA,NA,NA,NA,NA,NA,NA,NA,NA,NA,NA,NA,NA,NA,39.2209631728045,4.24264068711929,7.71260623229462,1.20208152801713,1.09263456090652,0.14142135623731,4.60212464589235,0.919238815542512,NA,NA,2012,1989-04-26,NA,NA,NA,NA
"Jason Pierre-Paul","TB","DL","9833","weighted",NA,NA,NA,NA,NA,NA,NA,NA,NA,NA,NA,NA,NA,NA,NA,NA,NA,NA,NA,NA,NA,NA,NA,NA,NA,NA,NA,NA,NA,NA,NA,NA,NA,NA,NA,NA,NA,NA,NA,NA,NA,NA,NA,NA,38.3599150141643,4.03050865276332,10.3242209631728,0.494974746830583,0,0,1.81473087818697,0.282842712474619,NA,NA,2010,1989-02-28,NA,NA,NA,NA
"Myles Garrett","CLE","DL","13198","weighted",NA,NA,NA,NA,NA,NA,NA,NA,NA,NA,NA,NA,NA,NA,NA,NA,NA,NA,NA,NA,NA,NA,NA,NA,NA,NA,NA,NA,NA,NA,NA,NA,NA,NA,NA,NA,NA,NA,NA,NA,NA,NA,NA,NA,37.7790368271955,4.24264068711929,14.7315864022663,0.353553390593274,0,0,3.44419263456091,0.848528137423857,NA,NA,2017,1995-12-29,"Q","Wrist",2020,0
"Jeffery Simmons","TEN","DL","14163","weighted",NA,NA,NA,NA,NA,NA,NA,NA,NA,NA,NA,NA,NA,NA,NA,NA,NA,NA,NA,NA,NA,NA,NA,NA,NA,NA,NA,NA,NA,NA,NA,NA,NA,NA,NA,NA,NA,NA,NA,NA,NA,NA,NA,NA,34.3728045325779,8.20243866176395,6.28739376770538,1.20208152801713,0,0,2,0,NA,NA,2019,1997-07-28,NA,NA,NA,NA
"Trey Flowers","DET","DL","12222","weighted",NA,NA,NA,NA,NA,NA,NA,NA,NA,NA,NA,NA,NA,NA,NA,NA,NA,NA,NA,NA,NA,NA,NA,NA,NA,NA,NA,NA,NA,NA,NA,NA,NA,NA,NA,NA,NA,NA,NA,NA,NA,NA,NA,NA,37.3158640226629,3.53553390593274,8.68526912181303,0.282842712474619,0,0,0.324220963172805,0.494974746830583,NA,NA,2015,1993-08-16,NA,NA,NA,NA
"Larry Ogunjobi","CLE","DL","13265","weighted",NA,NA,NA,NA,NA,NA,NA,NA,NA,NA,NA,NA,NA,NA,NA,NA,NA,NA,NA,NA,NA,NA,NA,NA,NA,NA,NA,NA,NA,NA,NA,NA,NA,NA,NA,NA,NA,NA,NA,NA,NA,NA,NA,NA,36.3621813031162,3.60624458405139,4.66628895184136,1.27279220613579,0,0,1,0,NA,NA,2017,1994-06-03,NA,NA,NA,NA
"Ryan Kerrigan","WAS","DL","10280","weighted",NA,NA,NA,NA,NA,NA,NA,NA,NA,NA,NA,NA,NA,NA,NA,NA,NA,NA,NA,NA,NA,NA,NA,NA,NA,NA,NA,NA,NA,NA,NA,NA,NA,NA,NA,NA,NA,NA,NA,NA,NA,NA,NA,NA,33.7053824362606,5.65685424949238,6.9157223796034,3.18198051533946,0,0,2.09263456090652,0.14142135623731,NA,NA,2011,1988-08-16,NA,NA,NA,NA
"J.J. Watt","HOU","DL","10272","weighted",NA,NA,NA,NA,NA,NA,NA,NA,NA,NA,NA,NA,NA,NA,NA,NA,NA,NA,NA,NA,NA,NA,NA,NA,NA,NA,NA,NA,NA,NA,NA,NA,NA,NA,NA,NA,NA,NA,NA,NA,NA,NA,NA,NA,36.3895184135977,2.12132034355964,10.5273371104816,1.48492424049175,0.536827195467422,0.707106781186548,5.95368271954674,0.0707106781186545,NA,NA,2011,1989-03-22,NA,NA,NA,NA
"Akiem Hicks","CHI","DL","10823","weighted",NA,NA,NA,NA,NA,NA,NA,NA,NA,NA,NA,NA,NA,NA,NA,NA,NA,NA,NA,NA,NA,NA,NA,NA,NA,NA,NA,NA,NA,NA,NA,NA,NA,NA,NA,NA,NA,NA,NA,NA,NA,NA,NA,NA,33.7053824362606,5.65685424949238,6.6199716713881,1.34350288425444,0,0,2.32422096317281,0.494974746830583,NA,NA,2012,1989-11-16,"Q","Quadriceps",2020,0
"Sheldon Richardson","CLE","DL","11283","weighted",NA,NA,NA,NA,NA,NA,NA,NA,NA,NA,NA,NA,NA,NA,NA,NA,NA,NA,NA,NA,NA,NA,NA,NA,NA,NA,NA,NA,NA,NA,NA,NA,NA,NA,NA,NA,NA,NA,NA,NA,NA,NA,NA,NA,33.1685552407932,6.36396103067893,3.31473087818697,0.282842712474619,0,0,3.37053824362606,0.565685424949238,NA,NA,2013,1990-11-30,NA,NA,NA,NA
"Michael Brockers","LAR","DL","10763","weighted",NA,NA,NA,NA,NA,NA,NA,NA,NA,NA,NA,NA,NA,NA,NA,NA,NA,NA,NA,NA,NA,NA,NA,NA,NA,NA,NA,NA,NA,NA,NA,NA,NA,NA,NA,NA,NA,NA,NA,NA,NA,NA,NA,NA,34.056940509915,4.66690475583122,2.75892351274788,1.13137084989848,0,0,1.49050991501416,0.777817459305202,NA,NA,2012,1990-12-21,NA,NA,NA,NA
"Jurrell Casey","DEN","DL","10335","weighted",NA,NA,NA,NA,NA,NA,NA,NA,NA,NA,NA,NA,NA,NA,NA,NA,NA,NA,NA,NA,NA,NA,NA,NA,NA,NA,NA,NA,NA,NA,NA,NA,NA,NA,NA,NA,NA,NA,NA,NA,NA,NA,NA,NA,34.6841359773371,3.53553390593274,8.53796033994334,3.11126983722081,0,0,1.72209631728045,0.424264068711929,NA,NA,2011,1989-12-05,NA,NA,NA,NA
"Clelin Ferrell","LVR","DL","14151","weighted",NA,NA,NA,NA,NA,NA,NA,NA,NA,NA,NA,NA,NA,NA,NA,NA,NA,NA,NA,NA,NA,NA,NA,NA,NA,NA,NA,NA,NA,NA,NA,NA,NA,NA,NA,NA,NA,NA,NA,NA,NA,NA,NA,NA,31.0949008498584,7.77817459305202,5.64730878186969,2.82842712474619,0.536827195467422,0.707106781186548,4.04631728045326,0.0707106781186545,NA,NA,2019,1970-01-01,NA,NA,NA,NA
"Emmanuel Ogbah","MIA","DL","12691","weighted",NA,NA,NA,NA,NA,NA,NA,NA,NA,NA,NA,NA,NA,NA,NA,NA,NA,NA,NA,NA,NA,NA,NA,NA,NA,NA,NA,NA,NA,NA,NA,NA,NA,NA,NA,NA,NA,NA,NA,NA,NA,NA,NA,NA,30.4191218130312,8.27314933988261,5.23158640226629,0.353553390593274,0,0,3.56416430594901,2.1920310216783,NA,NA,2016,1993-11-06,NA,NA,NA,NA
"Matt Ioannidis","WAS","DL","12797","weighted",NA,NA,NA,NA,NA,NA,NA,NA,NA,NA,NA,NA,NA,NA,NA,NA,NA,NA,NA,NA,NA,NA,NA,NA,NA,NA,NA,NA,NA,NA,NA,NA,NA,NA,NA,NA,NA,NA,NA,NA,NA,NA,NA,NA,35.4631728045326,0.707106781186548,8.13895184135977,0.212132034355965,0,0,0.463172804532578,0.707106781186548,NA,NA,2016,1994-01-11,NA,NA,NA,NA
"Olivier Vernon","CLE","DL","10815","weighted",NA,NA,NA,NA,NA,NA,NA,NA,NA,NA,NA,NA,NA,NA,NA,NA,NA,NA,NA,NA,NA,NA,NA,NA,NA,NA,NA,NA,NA,NA,NA,NA,NA,NA,NA,NA,NA,NA,NA,NA,NA,NA,NA,NA,26.9939093484419,10.6773123959169,6.75056657223796,1.90918830920368,0,0,0.536827195467422,0.707106781186548,NA,NA,2012,1990-10-07,NA,NA,NA,NA
"Brandon Graham","PHI","DL","9826","weighted",NA,NA,NA,NA,NA,NA,NA,NA,NA,NA,NA,NA,NA,NA,NA,NA,NA,NA,NA,NA,NA,NA,NA,NA,NA,NA,NA,NA,NA,NA,NA,NA,NA,NA,NA,NA,NA,NA,NA,NA,NA,NA,NA,NA,33.3895184135977,2.12132034355964,7.77790368271955,0.424264068711928,0,0,0.861048158640227,0.212132034355964,NA,NA,2010,1988-04-03,NA,NA,NA,NA
"Josh Allen","JAC","DL","14167","weighted",NA,NA,NA,NA,NA,NA,NA,NA,NA,NA,NA,NA,NA,NA,NA,NA,NA,NA,NA,NA,NA,NA,NA,NA,NA,NA,NA,NA,NA,NA,NA,NA,NA,NA,NA,NA,NA,NA,NA,NA,NA,NA,NA,NA,32.3158640226629,3.53553390593274,13.1021246458924,0.919238815542513,0,0,0.509490084985836,0.777817459305203,NA,NA,2019,1997-07-13,NA,NA,NA,NA
"Shaq Lawson","MIA","DL","12687","weighted",NA,NA,NA,NA,NA,NA,NA,NA,NA,NA,NA,NA,NA,NA,NA,NA,NA,NA,NA,NA,NA,NA,NA,NA,NA,NA,NA,NA,NA,NA,NA,NA,NA,NA,NA,NA,NA,NA,NA,NA,NA,NA,NA,NA,26.179178470255,10.9601551083915,6.28739376770538,1.20208152801713,0,0,2.35155807365439,0.989949493661167,NA,NA,2016,1994-06-17,NA,NA,NA,NA
"Davon Godchaux","MIA","DL","13317","weighted",NA,NA,NA,NA,NA,NA,NA,NA,NA,NA,NA,NA,NA,NA,NA,NA,NA,NA,NA,NA,NA,NA,NA,NA,NA,NA,NA,NA,NA,NA,NA,NA,NA,NA,NA,NA,NA,NA,NA,NA,NA,NA,NA,NA,33.5558073654391,0.848528137423859,2.40736543909348,0.14142135623731,0,0,1.53682719546742,0.707106781186548,NA,NA,2017,1994-11-11,NA,NA,NA,NA
"Everson Griffen","DAL","DL","9828","weighted",NA,NA,NA,NA,NA,NA,NA,NA,NA,NA,NA,NA,NA,NA,NA,NA,NA,NA,NA,NA,NA,NA,NA,NA,NA,NA,NA,NA,NA,NA,NA,NA,NA,NA,NA,NA,NA,NA,NA,NA,NA,NA,NA,NA,28.6317280453258,7.07106781186548,9.00949008498583,0.777817459305202,0.370538243626062,0.565685424949238,2.83371104815864,1.27279220613579,NA,NA,2010,1987-12-22,NA,NA,NA,NA
"Justin Houston","IND","DL","10277","weighted",NA,NA,NA,NA,NA,NA,NA,NA,NA,NA,NA,NA,NA,NA,NA,NA,NA,NA,NA,NA,NA,NA,NA,NA,NA,NA,NA,NA,NA,NA,NA,NA,NA,NA,NA,NA,NA,NA,NA,NA,NA,NA,NA,NA,32.3895184135977,2.12132034355964,11.3052407932011,1.06066017177982,0,0,0.722096317280453,0.424264068711929,NA,NA,2011,1989-01-21,NA,NA,NA,NA
"Christian Wilkins","MIA","DL","14162","weighted",NA,NA,NA,NA,NA,NA,NA,NA,NA,NA,NA,NA,NA,NA,NA,NA,NA,NA,NA,NA,NA,NA,NA,NA,NA,NA,NA,NA,NA,NA,NA,NA,NA,NA,NA,NA,NA,NA,NA,NA,NA,NA,NA,NA,30.3872521246459,5.51543289325507,2.02733711048159,1.48492424049175,0,0,2.41685552407932,0.636396103067893,NA,NA,2019,1970-01-01,NA,NA,NA,NA
"Ndamukong Suh","TB","DL","9815","weighted",NA,NA,NA,NA,NA,NA,NA,NA,NA,NA,NA,NA,NA,NA,NA,NA,NA,NA,NA,NA,NA,NA,NA,NA,NA,NA,NA,NA,NA,NA,NA,NA,NA,NA,NA,NA,NA,NA,NA,NA,NA,NA,NA,NA,31.1473087818697,2.82842712474619,4.03682719546742,0.707106781186548,0,0,4.09263456090652,0.14142135623731,NA,NA,2010,1987-01-06,NA,NA,NA,NA
"Fletcher Cox","PHI","DL","10762","weighted",NA,NA,NA,NA,NA,NA,NA,NA,NA,NA,NA,NA,NA,NA,NA,NA,NA,NA,NA,NA,NA,NA,NA,NA,NA,NA,NA,NA,NA,NA,NA,NA,NA,NA,NA,NA,NA,NA,NA,NA,NA,NA,NA,NA,30.4062322946176,3.95979797464467,5.03682719546742,0.707106781186548,0,0,2.21260623229462,1.20208152801713,NA,NA,2012,1990-12-13,NA,NA,NA,NA
"AShawn Robinson","LAR","DL","12697","weighted",NA,NA,NA,NA,NA,NA,NA,NA,NA,NA,NA,NA,NA,NA,NA,NA,NA,NA,NA,NA,NA,NA,NA,NA,NA,NA,NA,NA,NA,NA,NA,NA,NA,NA,NA,NA,NA,NA,NA,NA,NA,NA,NA,NA,26.88611898017,9.33380951166243,1.91685552407932,0.636396103067893,0,0,2.25892351274788,1.13137084989848,NA,NA,2016,1995-03-21,NA,"Undisclosed",2020,0
"Da'Ron Payne","WAS","DL","13723","weighted",NA,NA,NA,NA,NA,NA,NA,NA,NA,NA,NA,NA,NA,NA,NA,NA,NA,NA,NA,NA,NA,NA,NA,NA,NA,NA,NA,NA,NA,NA,NA,NA,NA,NA,NA,NA,NA,NA,NA,NA,NA,NA,NA,NA,32.1662889518414,1.27279220613579,2.80524079320113,1.06066017177982,0,0,2.04631728045326,0.0707106781186548,NA,NA,2018,1997-05-27,NA,NA,NA,NA
"D.J. Reader","CIN","DL","12802","weighted",NA,NA,NA,NA,NA,NA,NA,NA,NA,NA,NA,NA,NA,NA,NA,NA,NA,NA,NA,NA,NA,NA,NA,NA,NA,NA,NA,NA,NA,NA,NA,NA,NA,NA,NA,NA,NA,NA,NA,NA,NA,NA,NA,NA,29.2209631728045,4.24264068711929,2.16628895184136,1.27279220613579,0,0,0,0,NA,NA,2016,1994-07-01,NA,NA,NA,NA
"Derek Barnett","PHI","DL","13201","weighted",NA,NA,NA,NA,NA,NA,NA,NA,NA,NA,NA,NA,NA,NA,NA,NA,NA,NA,NA,NA,NA,NA,NA,NA,NA,NA,NA,NA,NA,NA,NA,NA,NA,NA,NA,NA,NA,NA,NA,NA,NA,NA,NA,NA,28.242209631728,4.94974746830583,8.02847025495751,2.33345237791561,0,0,0.0926345609065156,0.14142135623731,NA,NA,2017,1996-06-25,"Q","Ankle",2020,0
"Linval Joseph","LAC","DL","9904","weighted",NA,NA,NA,NA,NA,NA,NA,NA,NA,NA,NA,NA,NA,NA,NA,NA,NA,NA,NA,NA,NA,NA,NA,NA,NA,NA,NA,NA,NA,NA,NA,NA,NA,NA,NA,NA,NA,NA,NA,NA,NA,NA,NA,NA,27.3872521246459,5.51543289325507,2.08314447592068,0.636396103067893,0,0,0.138951841359773,0.212132034355964,NA,NA,2010,1988-10-10,NA,NA,NA,NA
"Dee Ford","SF","DL","11711","weighted",NA,NA,NA,NA,NA,NA,NA,NA,NA,NA,NA,NA,NA,NA,NA,NA,NA,NA,NA,NA,NA,NA,NA,NA,NA,NA,NA,NA,NA,NA,NA,NA,NA,NA,NA,NA,NA,NA,NA,NA,NA,NA,NA,NA,24.0212464589235,9.19238815542512,9.61161473087819,1.69705627484771,0,0,1.18526912181303,0.282842712474619,NA,NA,2014,1991-03-19,NA,NA,NA,NA
"Danny Shelton","DET","DL","12226","weighted",NA,NA,NA,NA,NA,NA,NA,NA,NA,NA,NA,NA,NA,NA,NA,NA,NA,NA,NA,NA,NA,NA,NA,NA,NA,NA,NA,NA,NA,NA,NA,NA,NA,NA,NA,NA,NA,NA,NA,NA,NA,NA,NA,NA,29.4715297450425,2.33345237791561,2.31473087818697,0.282842712474619,0,0,0,0,NA,NA,2015,1993-08-20,NA,NA,NA,NA
"Geno Atkins","CIN","DL","9868","weighted",NA,NA,NA,NA,NA,NA,NA,NA,NA,NA,NA,NA,NA,NA,NA,NA,NA,NA,NA,NA,NA,NA,NA,NA,NA,NA,NA,NA,NA,NA,NA,NA,NA,NA,NA,NA,NA,NA,NA,NA,NA,NA,NA,NA,24.6317280453258,7.07106781186548,6.66628895184136,1.27279220613579,0,0,0,0,NA,NA,2010,1988-03-28,NA,NA,NA,NA
"Allen Bailey","ATL","DL","10275","weighted",NA,NA,NA,NA,NA,NA,NA,NA,NA,NA,NA,NA,NA,NA,NA,NA,NA,NA,NA,NA,NA,NA,NA,NA,NA,NA,NA,NA,NA,NA,NA,NA,NA,NA,NA,NA,NA,NA,NA,NA,NA,NA,NA,NA,23.0524079320113,10.6066017177982,1.80524079320113,1.06066017177982,0,0,0,0,NA,NA,2011,1989-03-25,NA,NA,NA,NA
"Jadeveon Clowney","FA","DL","11706","weighted",NA,NA,NA,NA,NA,NA,NA,NA,NA,NA,NA,NA,NA,NA,NA,NA,NA,NA,NA,NA,NA,NA,NA,NA,NA,NA,NA,NA,NA,NA,NA,NA,NA,NA,NA,NA,NA,NA,NA,NA,NA,NA,NA,NA,26.3409348441926,5.58614357137373,4.62832861189802,4.3840620433566,0.277903682719547,0.424264068711929,3.37053824362606,0.565685424949238,NA,NA,2014,1993-02-14,NA,NA,NA,NA
"Jadeveon Clowney","TEN","DL","11706","weighted",NA,NA,NA,NA,NA,NA,NA,NA,NA,NA,NA,NA,NA,NA,NA,NA,NA,NA,NA,NA,NA,NA,NA,NA,NA,NA,NA,NA,NA,NA,NA,NA,NA,NA,NA,NA,NA,NA,NA,NA,NA,NA,NA,NA,26.3409348441926,5.58614357137373,4.62832861189802,4.3840620433566,0.277903682719547,0.424264068711929,3.37053824362606,0.565685424949238,NA,NA,2014,1993-02-14,NA,NA,NA,NA
"Ed Oliver","BUF","DL","14158","weighted",NA,NA,NA,NA,NA,NA,NA,NA,NA,NA,NA,NA,NA,NA,NA,NA,NA,NA,NA,NA,NA,NA,NA,NA,NA,NA,NA,NA,NA,NA,NA,NA,NA,NA,NA,NA,NA,NA,NA,NA,NA,NA,NA,NA,25.0903682719547,7.49533188057741,4.97152974504249,2.33345237791561,0,0,2.30524079320113,1.06066017177982,NA,NA,2019,1997-12-12,NA,NA,NA,NA
"Montez Sweat","WAS","DL","14148","weighted",NA,NA,NA,NA,NA,NA,NA,NA,NA,NA,NA,NA,NA,NA,NA,NA,NA,NA,NA,NA,NA,NA,NA,NA,NA,NA,NA,NA,NA,NA,NA,NA,NA,NA,NA,NA,NA,NA,NA,NA,NA,NA,NA,NA,27.6378186968839,3.60624458405139,6.12946175637394,0.565685424949238,0,0,1.81473087818697,0.282842712474619,NA,NA,2019,1996-09-04,NA,NA,NA,NA
"William Gholston","TB","DL","11265","weighted",NA,NA,NA,NA,NA,NA,NA,NA,NA,NA,NA,NA,NA,NA,NA,NA,NA,NA,NA,NA,NA,NA,NA,NA,NA,NA,NA,NA,NA,NA,NA,NA,NA,NA,NA,NA,NA,NA,NA,NA,NA,NA,NA,NA,24.3538243626062,6.64680374315355,3.48101983002833,1.55563491861041,0,0,1,0,NA,NA,2013,1991-07-31,NA,NA,NA,NA
"Stephon Tuitt","PIT","DL","11707","weighted",NA,NA,NA,NA,NA,NA,NA,NA,NA,NA,NA,NA,NA,NA,NA,NA,NA,NA,NA,NA,NA,NA,NA,NA,NA,NA,NA,NA,NA,NA,NA,NA,NA,NA,NA,NA,NA,NA,NA,NA,NA,NA,NA,NA,28.1116147308782,1.69705627484771,5.1757790368272,0.494974746830583,0,0,2.46317280453258,0.707106781186548,NA,NA,2014,1993-05-23,"Q","Undisclosed",2020,0
"Javon Hargrave","PHI","DL","12764","weighted",NA,NA,NA,NA,NA,NA,NA,NA,NA,NA,NA,NA,NA,NA,NA,NA,NA,NA,NA,NA,NA,NA,NA,NA,NA,NA,NA,NA,NA,NA,NA,NA,NA,NA,NA,NA,NA,NA,NA,NA,NA,NA,NA,NA,24.9703966005666,6.15182899632296,3.52733711048159,1.48492424049175,0,0,0.814730878186969,0.282842712474619,NA,NA,2016,1993-02-07,"Q","Pectoral",2020,0
"Dalvin Tomlinson","NYG","DL","13260","weighted",NA,NA,NA,NA,NA,NA,NA,NA,NA,NA,NA,NA,NA,NA,NA,NA,NA,NA,NA,NA,NA,NA,NA,NA,NA,NA,NA,NA,NA,NA,NA,NA,NA,NA,NA,NA,NA,NA,NA,NA,NA,NA,NA,NA,26.2209631728045,4.24264068711929,3.31473087818697,0.282842712474619,0,0,0,0,NA,NA,2017,1994-02-18,NA,NA,NA,NA
"Tyrone Crawford","DAL","DL","10819","weighted",NA,NA,NA,NA,NA,NA,NA,NA,NA,NA,NA,NA,NA,NA,NA,NA,NA,NA,NA,NA,NA,NA,NA,NA,NA,NA,NA,NA,NA,NA,NA,NA,NA,NA,NA,NA,NA,NA,NA,NA,NA,NA,NA,NA,22.3728045325779,8.20243866176395,5.65793201133145,1.76776695296637,0,0,2.64844192634561,0.989949493661167,NA,NA,2012,1989-11-22,NA,NA,NA,NA
"Steve McLendon","NYJ","DL","10143","weighted",NA,NA,NA,NA,NA,NA,NA,NA,NA,NA,NA,NA,NA,NA,NA,NA,NA,NA,NA,NA,NA,NA,NA,NA,NA,NA,NA,NA,NA,NA,NA,NA,NA,NA,NA,NA,NA,NA,NA,NA,NA,NA,NA,NA,24.4335694050992,5.44472221513642,1.26841359773371,0.353553390593274,0,0,0.675779036827196,0.494974746830583,NA,NA,2009,1986-01-03,NA,NA,NA,NA
"Bruce Irvin","SEA","DL","10766","weighted",NA,NA,NA,NA,NA,NA,NA,NA,NA,NA,NA,NA,NA,NA,NA,NA,NA,NA,NA,NA,NA,NA,NA,NA,NA,NA,NA,NA,NA,NA,NA,NA,NA,NA,NA,NA,NA,NA,NA,NA,NA,NA,NA,NA,25.3158640226629,3.53553390593274,7.03682719546742,0.707106781186548,0.231586402266289,0.353553390593274,1.27790368271955,0.424264068711929,NA,NA,2012,1990-01-11,"Q","Hip",2020,0
"Dean Lowry","GB","DL","12791","weighted",NA,NA,NA,NA,NA,NA,NA,NA,NA,NA,NA,NA,NA,NA,NA,NA,NA,NA,NA,NA,NA,NA,NA,NA,NA,NA,NA,NA,NA,NA,NA,NA,NA,NA,NA,NA,NA,NA,NA,NA,NA,NA,NA,NA,27.6757790368272,0.494974746830583,1.58314447592068,0.636396103067893,0.370538243626062,0.565685424949238,3.27790368271955,0.424264068711929,NA,NA,2016,NA,NA,NA,NA,NA
"B.J. Hill","NYG","DL","13742","weighted",NA,NA,NA,NA,NA,NA,NA,NA,NA,NA,NA,NA,NA,NA,NA,NA,NA,NA,NA,NA,NA,NA,NA,NA,NA,NA,NA,NA,NA,NA,NA,NA,NA,NA,NA,NA,NA,NA,NA,NA,NA,NA,NA,NA,20.450283286119,11.5258405333407,2.61048158640227,2.12132034355964,0,0,0,0,NA,NA,2018,1995-04-20,NA,NA,NA,NA
"Marcus Davenport","NO","DL","13688","weighted",NA,NA,NA,NA,NA,NA,NA,NA,NA,NA,NA,NA,NA,NA,NA,NA,NA,NA,NA,NA,NA,NA,NA,NA,NA,NA,NA,NA,NA,NA,NA,NA,NA,NA,NA,NA,NA,NA,NA,NA,NA,NA,NA,NA,22.0949008498584,7.77817459305202,9.16742209631728,2.54558441227157,0,0,0.41685552407932,0.636396103067893,NA,NA,2018,1996-09-04,NA,NA,NA,NA
"Dexter Lawrence","NYG","DL","14159","weighted",NA,NA,NA,NA,NA,NA,NA,NA,NA,NA,NA,NA,NA,NA,NA,NA,NA,NA,NA,NA,NA,NA,NA,NA,NA,NA,NA,NA,NA,NA,NA,NA,NA,NA,NA,NA,NA,NA,NA,NA,NA,NA,NA,NA,26.2968838526912,1.97989898732233,2.83257790368272,2.54558441227157,0,0,1.76841359773371,0.353553390593274,NA,NA,2019,1997-11-12,NA,NA,NA,NA
"Jordan Phillips","ARI","DL","12229","weighted",NA,NA,NA,NA,NA,NA,NA,NA,NA,NA,NA,NA,NA,NA,NA,NA,NA,NA,NA,NA,NA,NA,NA,NA,NA,NA,NA,NA,NA,NA,NA,NA,NA,NA,NA,NA,NA,NA,NA,NA,NA,NA,NA,NA,23.5664305949009,5.44472221513642,6.62946175637394,0.565685424949238,0,0,1.07365439093484,1.4142135623731,NA,NA,2015,1992-09-21,NA,NA,NA,NA
"Mario Addison","BUF","DL","10554","weighted",NA,NA,NA,NA,NA,NA,NA,NA,NA,NA,NA,NA,NA,NA,NA,NA,NA,NA,NA,NA,NA,NA,NA,NA,NA,NA,NA,NA,NA,NA,NA,NA,NA,NA,NA,NA,NA,NA,NA,NA,NA,NA,NA,NA,24.4548158640227,3.7476659402887,10.3432011331445,2.05060966544099,0,0,1.09263456090652,0.14142135623731,NA,NA,2011,1987-09-06,NA,NA,NA,NA
"Henry Anderson","NYJ","DL","12288","weighted",NA,NA,NA,NA,NA,NA,NA,NA,NA,NA,NA,NA,NA,NA,NA,NA,NA,NA,NA,NA,NA,NA,NA,NA,NA,NA,NA,NA,NA,NA,NA,NA,NA,NA,NA,NA,NA,NA,NA,NA,NA,NA,NA,NA,22.6400849858357,4.03050865276332,4.24943342776204,1.90918830920368,0,0,1.72209631728045,0.424264068711929,NA,NA,2015,1991-08-03,NA,NA,NA,NA
"Brandon Williams","BAL","DL","11360","weighted",NA,NA,NA,NA,NA,NA,NA,NA,NA,NA,NA,NA,NA,NA,NA,NA,NA,NA,NA,NA,NA,NA,NA,NA,NA,NA,NA,NA,NA,NA,NA,NA,NA,NA,NA,NA,NA,NA,NA,NA,NA,NA,NA,NA,21.4335694050992,5.44472221513642,1.44419263456091,0.848528137423857,0,0,1.07365439093484,1.4142135623731,NA,NA,2013,1989-02-21,NA,NA,NA,NA
"DaQuan Jones","TEN","DL","11793","weighted",NA,NA,NA,NA,NA,NA,NA,NA,NA,NA,NA,NA,NA,NA,NA,NA,NA,NA,NA,NA,NA,NA,NA,NA,NA,NA,NA,NA,NA,NA,NA,NA,NA,NA,NA,NA,NA,NA,NA,NA,NA,NA,NA,NA,19.6735127478754,8.1317279836453,1.94419263456091,0.848528137423857,0,0,2.27790368271955,0.424264068711929,NA,NA,2014,1991-12-17,NA,NA,NA,NA
"D.J. Jones","SF","DL","13332","weighted",NA,NA,NA,NA,NA,NA,NA,NA,NA,NA,NA,NA,NA,NA,NA,NA,NA,NA,NA,NA,NA,NA,NA,NA,NA,NA,NA,NA,NA,NA,NA,NA,NA,NA,NA,NA,NA,NA,NA,NA,NA,NA,NA,NA,21.9893767705382,4.59619407771256,2.16628895184136,1.27279220613579,0,0,0,0,NA,NA,2017,1995-01-19,NA,NA,NA,NA
"Kawann Short","CAR","DL","11333","weighted",NA,NA,NA,NA,NA,NA,NA,NA,NA,NA,NA,NA,NA,NA,NA,NA,NA,NA,NA,NA,NA,NA,NA,NA,NA,NA,NA,NA,NA,NA,NA,NA,NA,NA,NA,NA,NA,NA,NA,NA,NA,NA,NA,NA,23.5368271954674,0.707106781186548,4.91685552407932,0.636396103067893,0,0,2.04631728045326,0.0707106781186548,NA,NA,2013,1989-02-02,NA,NA,NA,NA
"Charles Omenihu","HOU","DL","14254","weighted",NA,NA,NA,NA,NA,NA,NA,NA,NA,NA,NA,NA,NA,NA,NA,NA,NA,NA,NA,NA,NA,NA,NA,NA,NA,NA,NA,NA,NA,NA,NA,NA,NA,NA,NA,NA,NA,NA,NA,NA,NA,NA,NA,NA,19.1685552407932,6.36396103067893,6.05580736543909,0.848528137423857,0,0,1.81473087818697,0.282842712474619,NA,NA,2019,1997-08-20,NA,NA,NA,NA
"Quinnen Williams","NYJ","DL","14157","weighted",NA,NA,NA,NA,NA,NA,NA,NA,NA,NA,NA,NA,NA,NA,NA,NA,NA,NA,NA,NA,NA,NA,NA,NA,NA,NA,NA,NA,NA,NA,NA,NA,NA,NA,NA,NA,NA,NA,NA,NA,NA,NA,NA,NA,23.0926345609065,0.141421356237309,4.5,0,0,0,1.37053824362606,0.565685424949238,NA,NA,2019,1997-12-21,NA,NA,NA,NA
"Tyson Alualu","PIT","DL","9875","weighted",NA,NA,NA,NA,NA,NA,NA,NA,NA,NA,NA,NA,NA,NA,NA,NA,NA,NA,NA,NA,NA,NA,NA,NA,NA,NA,NA,NA,NA,NA,NA,NA,NA,NA,NA,NA,NA,NA,NA,NA,NA,NA,NA,NA,20.4525495750708,3.88908729652601,1.71260623229462,1.20208152801713,0,0,0.463172804532578,0.707106781186548,NA,NA,2010,1987-05-12,NA,NA,NA,NA
"Derek Wolfe","BAL","DL","10806","weighted",NA,NA,NA,NA,NA,NA,NA,NA,NA,NA,NA,NA,NA,NA,NA,NA,NA,NA,NA,NA,NA,NA,NA,NA,NA,NA,NA,NA,NA,NA,NA,NA,NA,NA,NA,NA,NA,NA,NA,NA,NA,NA,NA,NA,21.1473087818697,2.82842712474619,4.34206798866856,1.76776695296637,0,0,1.76841359773371,0.353553390593274,NA,NA,2012,1990-02-24,NA,NA,NA,NA
"Deatrich Wise","NE","DL","13296","weighted",NA,NA,NA,NA,NA,NA,NA,NA,NA,NA,NA,NA,NA,NA,NA,NA,NA,NA,NA,NA,NA,NA,NA,NA,NA,NA,NA,NA,NA,NA,NA,NA,NA,NA,NA,NA,NA,NA,NA,NA,NA,NA,NA,NA,22.1199716713881,1.34350288425444,3.65679886685552,2.05060966544099,0,0,0,0,NA,NA,2017,1994-07-26,NA,NA,NA,NA
"Vita Vea","TB","DL","13692","weighted",NA,NA,NA,NA,NA,NA,NA,NA,NA,NA,NA,NA,NA,NA,NA,NA,NA,NA,NA,NA,NA,NA,NA,NA,NA,NA,NA,NA,NA,NA,NA,NA,NA,NA,NA,NA,NA,NA,NA,NA,NA,NA,NA,NA,21.7957507082153,1.83847763108503,2.75892351274788,1.13137084989848,0,0,1.90736543909348,0.14142135623731,NA,NA,2018,1995-02-05,NA,NA,NA,NA
"Shamar Stephen","MIN","DL","11859","weighted",NA,NA,NA,NA,NA,NA,NA,NA,NA,NA,NA,NA,NA,NA,NA,NA,NA,NA,NA,NA,NA,NA,NA,NA,NA,NA,NA,NA,NA,NA,NA,NA,NA,NA,NA,NA,NA,NA,NA,NA,NA,NA,NA,NA,20.9726628895184,1.48492424049175,2.24107648725212,1.13137084989848,0,0,1.48215297450425,2.26274169979695,NA,NA,2014,1991-02-25,NA,NA,NA,NA
"Malcom Brown","NO","DL","12173","weighted",NA,NA,NA,NA,NA,NA,NA,NA,NA,NA,NA,NA,NA,NA,NA,NA,NA,NA,NA,NA,NA,NA,NA,NA,NA,NA,NA,NA,NA,NA,NA,NA,NA,NA,NA,NA,NA,NA,NA,NA,NA,NA,NA,NA,19.3599150141643,4.03050865276332,1.44419263456091,0.848528137423857,0,0,0.463172804532578,0.707106781186548,NA,NA,2015,1994-02-02,NA,NA,NA,NA
"Ifeadi Odenigbo","MIN","DL","13343","weighted",NA,NA,NA,NA,NA,NA,NA,NA,NA,NA,NA,NA,NA,NA,NA,NA,NA,NA,NA,NA,NA,NA,NA,NA,NA,NA,NA,NA,NA,NA,NA,NA,NA,NA,NA,NA,NA,NA,NA,NA,NA,NA,NA,NA,20.8420679886686,1.76776695296637,5.1757790368272,0.494974746830583,0,0,2.65679886685552,2.05060966544099,NA,NA,2017,NA,NA,NA,NA,NA
"Takkarist McKinley","ATL","DL","13205","weighted",NA,NA,NA,NA,NA,NA,NA,NA,NA,NA,NA,NA,NA,NA,NA,NA,NA,NA,NA,NA,NA,NA,NA,NA,NA,NA,NA,NA,NA,NA,NA,NA,NA,NA,NA,NA,NA,NA,NA,NA,NA,NA,NA,NA,20.6484419263456,0.989949493661166,6.08314447592068,0.636396103067893,0,0,0.555807365439094,0.848528137423857,NA,NA,2017,1995-11-02,NA,NA,NA,NA
"Jerry Hughes","BUF","DL","9853","weighted",NA,NA,NA,NA,NA,NA,NA,NA,NA,NA,NA,NA,NA,NA,NA,NA,NA,NA,NA,NA,NA,NA,NA,NA,NA,NA,NA,NA,NA,NA,NA,NA,NA,NA,NA,NA,NA,NA,NA,NA,NA,NA,NA,NA,20.2126062322946,1.20208152801713,5.45368271954674,0.0707106781186545,0.0926345609065156,0.14142135623731,2.09263456090652,0.14142135623731,NA,NA,2010,1988-08-13,NA,NA,NA,NA
"Sheldon Rankins","NO","DL","12735","weighted",NA,NA,NA,NA,NA,NA,NA,NA,NA,NA,NA,NA,NA,NA,NA,NA,NA,NA,NA,NA,NA,NA,NA,NA,NA,NA,NA,NA,NA,NA,NA,NA,NA,NA,NA,NA,NA,NA,NA,NA,NA,NA,NA,NA,17.3599150141643,4.03050865276332,4.20311614730878,1.97989898732233,0,0,1.69475920679887,1.06066017177982,NA,NA,2016,1994-04-02,NA,NA,NA,NA
"Derrick Nnadi","KC","DL","13745","weighted",NA,NA,NA,NA,NA,NA,NA,NA,NA,NA,NA,NA,NA,NA,NA,NA,NA,NA,NA,NA,NA,NA,NA,NA,NA,NA,NA,NA,NA,NA,NA,NA,NA,NA,NA,NA,NA,NA,NA,NA,NA,NA,NA,NA,17.9157223796034,3.18198051533946,1.04631728045326,0.0707106781186548,0.231586402266289,0.353553390593274,1.3242209631728,0.494974746830583,NA,NA,2018,1996-05-09,NA,NA,NA,NA
"Chase Winovich","NE","DL","14176","weighted",NA,NA,NA,NA,NA,NA,NA,NA,NA,NA,NA,NA,NA,NA,NA,NA,NA,NA,NA,NA,NA,NA,NA,NA,NA,NA,NA,NA,NA,NA,NA,NA,NA,NA,NA,NA,NA,NA,NA,NA,NA,NA,NA,NA,18.7031161473088,1.97989898732233,5.38838526912181,1.69705627484771,0,0,2.1199716713881,1.34350288425444,NA,NA,2019,1970-01-01,NA,NA,NA,NA
"Trey Hendrickson","NO","DL","13284","weighted",NA,NA,NA,NA,NA,NA,NA,NA,NA,NA,NA,NA,NA,NA,NA,NA,NA,NA,NA,NA,NA,NA,NA,NA,NA,NA,NA,NA,NA,NA,NA,NA,NA,NA,NA,NA,NA,NA,NA,NA,NA,NA,NA,NA,18.5094900849858,0.777817459305203,5.48101983002833,1.55563491861041,0,0,1,0,NA,NA,2017,1994-12-05,NA,NA,NA,NA
"Benson Mayowa","SEA","DL","11491","weighted",NA,NA,NA,NA,NA,NA,NA,NA,NA,NA,NA,NA,NA,NA,NA,NA,NA,NA,NA,NA,NA,NA,NA,NA,NA,NA,NA,NA,NA,NA,NA,NA,NA,NA,NA,NA,NA,NA,NA,NA,NA,NA,NA,NA,10.9871104815864,12.2329473145273,3.73045325779037,3.46482322781408,0,0,1.07365439093484,1.4142135623731,NA,NA,2013,1991-08-03,"Q","Undisclosed",2020,0
"Rasheem Green","SEA","DL","13746","weighted",NA,NA,NA,NA,NA,NA,NA,NA,NA,NA,NA,NA,NA,NA,NA,NA,NA,NA,NA,NA,NA,NA,NA,NA,NA,NA,NA,NA,NA,NA,NA,NA,NA,NA,NA,NA,NA,NA,NA,NA,NA,NA,NA,NA,15.8230878186969,3.32340187157677,4.40736543909348,0.14142135623731,0,0,1.13895184135977,0.212132034355964,NA,NA,2018,1997-05-15,NA,NA,NA,NA
"DeMarcus Walker","DEN","DL","13258","weighted",NA,NA,NA,NA,NA,NA,NA,NA,NA,NA,NA,NA,NA,NA,NA,NA,NA,NA,NA,NA,NA,NA,NA,NA,NA,NA,NA,NA,NA,NA,NA,NA,NA,NA,NA,NA,NA,NA,NA,NA,NA,NA,NA,NA,13.7957507082153,1.83847763108502,3.83257790368272,2.54558441227157,0,0,1.95368271954674,0.0707106781186548,NA,NA,2017,1994-09-30,NA,NA,NA,NA
"Blake Martinez","NYG","LB","12788","weighted",NA,NA,NA,NA,NA,NA,NA,NA,NA,NA,NA,NA,NA,NA,NA,NA,NA,NA,NA,NA,NA,NA,NA,NA,NA,NA,NA,NA,NA,NA,NA,NA,NA,NA,NA,NA,NA,NA,NA,NA,NA,NA,NA,NA,107.937529182879,34.135667169759,3.34772373540856,0.652832720513062,1.00869649805447,0.477565476104085,2.98315175097276,0.4193244664073,NA,NA,2016,1994-01-09,"Q","Foot",2020,0
"Lavonte David","TB","LB","10768","weighted",NA,NA,NA,NA,NA,NA,NA,NA,NA,NA,NA,NA,NA,NA,NA,NA,NA,NA,NA,NA,NA,NA,NA,NA,NA,NA,NA,NA,NA,NA,NA,NA,NA,NA,NA,NA,NA,NA,NA,NA,NA,NA,NA,NA,102.056322957198,33.6912874054786,2.17758754863813,0.314652694739282,0.897334630350194,0.345013601812302,5.1561673151751,0.899637192501452,NA,NA,2012,1990-01-23,NA,NA,NA,NA
"Jaylon Smith","DAL","LB","12701","weighted",NA,NA,NA,NA,NA,NA,NA,NA,NA,NA,NA,NA,NA,NA,NA,NA,NA,NA,NA,NA,NA,NA,NA,NA,NA,NA,NA,NA,NA,NA,NA,NA,NA,NA,NA,NA,NA,NA,NA,NA,NA,NA,NA,NA,102.582918287938,28.9469891651478,2.80046692607004,0.760282070089748,1.1836186770428,0.202750859729948,7.02519455252918,3.17002539549304,NA,NA,2016,1995-06-14,NA,NA,NA,NA
"Bobby Wagner","SEA","LB","10775","weighted",NA,NA,NA,NA,NA,NA,NA,NA,NA,NA,NA,NA,NA,NA,NA,NA,NA,NA,NA,NA,NA,NA,NA,NA,NA,NA,NA,NA,NA,NA,NA,NA,NA,NA,NA,NA,NA,NA,NA,NA,NA,NA,NA,NA,101.058015564202,28.9133018633406,2.820953307393,1.15227833630858,1.36770428015564,0.623847782805616,6.67665369649805,1.33258429607792,NA,NA,2012,1990-06-27,NA,NA,NA,NA
"Zach Cunningham","HOU","LB","13216","weighted",NA,NA,NA,NA,NA,NA,NA,NA,NA,NA,NA,NA,NA,NA,NA,NA,NA,NA,NA,NA,NA,NA,NA,NA,NA,NA,NA,NA,NA,NA,NA,NA,NA,NA,NA,NA,NA,NA,NA,NA,NA,NA,NA,NA,101.497062256809,28.5403435434566,1.64311284046693,0.439972027481028,0.798560311284047,0.222081167549807,3.78848249027237,1.35053163683982,NA,NA,2017,1994-12-12,NA,NA,NA,NA
"Jordan Hicks","ARI","LB","12287","weighted",NA,NA,NA,NA,NA,NA,NA,NA,NA,NA,NA,NA,NA,NA,NA,NA,NA,NA,NA,NA,NA,NA,NA,NA,NA,NA,NA,NA,NA,NA,NA,NA,NA,NA,NA,NA,NA,NA,NA,NA,NA,NA,NA,NA,103.261322957198,25.8719654270052,1.72770428015564,0.304263553836405,1.74363813229572,0.552021234540122,4.64966926070039,0.72212548159261,NA,NA,2015,1992-06-27,NA,NA,NA,NA
"Anthony Walker","IND","LB","13306","weighted",NA,NA,NA,NA,NA,NA,NA,NA,NA,NA,NA,NA,NA,NA,NA,NA,NA,NA,NA,NA,NA,NA,NA,NA,NA,NA,NA,NA,NA,NA,NA,NA,NA,NA,NA,NA,NA,NA,NA,NA,NA,NA,NA,NA,88.8630155642023,32.5902036431249,2.0356420233463,0.449504488232952,0.898793774319066,0.102552708699368,2.74844357976654,0.305897507552144,NA,NA,2017,1995-08-08,NA,NA,NA,NA
"Joe Schobert","JAC","LB","12768","weighted",NA,NA,NA,NA,NA,NA,NA,NA,NA,NA,NA,NA,NA,NA,NA,NA,NA,NA,NA,NA,NA,NA,NA,NA,NA,NA,NA,NA,NA,NA,NA,NA,NA,NA,NA,NA,NA,NA,NA,NA,NA,NA,NA,NA,101.595486381323,21.6500549263134,2.10842412451362,0.882126510551985,1.92239299610895,0.37737916356719,6.04431906614786,1.01504257818374,NA,NA,2016,NA,NA,NA,NA,NA
"Fred Warner","SF","LB","13743","weighted",NA,NA,NA,NA,NA,NA,NA,NA,NA,NA,NA,NA,NA,NA,NA,NA,NA,NA,NA,NA,NA,NA,NA,NA,NA,NA,NA,NA,NA,NA,NA,NA,NA,NA,NA,NA,NA,NA,NA,NA,NA,NA,NA,NA,95.2439688715953,26.7648063659482,2.06070038910506,0.490550915215217,1.20194552529183,1.22738466610337,7.09451361867704,1.23103792747735,NA,NA,2018,1996-11-19,NA,"Illness",2020,0
"Cory Littleton","LVR","LB","12985","weighted",NA,NA,NA,NA,NA,NA,NA,NA,NA,NA,NA,NA,NA,NA,NA,NA,NA,NA,NA,NA,NA,NA,NA,NA,NA,NA,NA,NA,NA,NA,NA,NA,NA,NA,NA,NA,NA,NA,NA,NA,NA,NA,NA,NA,97.9154085603113,23.2574872016407,3.28527237354086,0.678562098537807,1.60624513618677,0.595808820224179,7.62527237354086,2.3731635729188,NA,NA,2016,1993-11-18,NA,NA,NA,NA
"Demario Davis","NO","LB","10816","weighted",NA,NA,NA,NA,NA,NA,NA,NA,NA,NA,NA,NA,NA,NA,NA,NA,NA,NA,NA,NA,NA,NA,NA,NA,NA,NA,NA,NA,NA,NA,NA,NA,NA,NA,NA,NA,NA,NA,NA,NA,NA,NA,NA,NA,96.0138910505837,24.3401832568851,4.41906614785992,0.816948682573152,0.755155642023346,0.859271262532872,9.27402723735409,1.17346684060657,NA,NA,2012,1989-01-11,NA,NA,NA,NA
"Darius Leonard","IND","LB","13733","weighted",NA,NA,NA,NA,NA,NA,NA,NA,NA,NA,NA,NA,NA,NA,NA,NA,NA,NA,NA,NA,NA,NA,NA,NA,NA,NA,NA,NA,NA,NA,NA,NA,NA,NA,NA,NA,NA,NA,NA,NA,NA,NA,NA,NA,105.814046692607,14.5870947179863,5.94892996108949,0.581876229763546,3.39476653696498,1.54071513233716,6.99188715953307,1.91560054864608,NA,NA,2018,NA,NA,NA,NA,NA
"Thomas Davis","WAS","LB","7826","weighted",NA,NA,NA,NA,NA,NA,NA,NA,NA,NA,NA,NA,NA,NA,NA,NA,NA,NA,NA,NA,NA,NA,NA,NA,NA,NA,NA,NA,NA,NA,NA,NA,NA,NA,NA,NA,NA,NA,NA,NA,NA,NA,NA,NA,80.1240661478599,34.4639769128379,2.35764591439689,1.21085781392883,0.732996108949416,0.446933725225083,2.10599221789883,1.13787228936438,NA,NA,2005,1983-03-22,"Q","Undisclosed",2020,0
"Tremaine Edmunds","BUF","LB","13697","weighted",NA,NA,NA,NA,NA,NA,NA,NA,NA,NA,NA,NA,NA,NA,NA,NA,NA,NA,NA,NA,NA,NA,NA,NA,NA,NA,NA,NA,NA,NA,NA,NA,NA,NA,NA,NA,NA,NA,NA,NA,NA,NA,NA,NA,84.8931322957198,30.1614814037661,1.64772373540856,0.416182656587192,1.80142023346303,0.604318879271949,8.29784046692607,2.53268850271209,NA,NA,2018,1998-05-02,NA,NA,NA,NA
"K.J. Wright","SEA","LB","10350","weighted",NA,NA,NA,NA,NA,NA,NA,NA,NA,NA,NA,NA,NA,NA,NA,NA,NA,NA,NA,NA,NA,NA,NA,NA,NA,NA,NA,NA,NA,NA,NA,NA,NA,NA,NA,NA,NA,NA,NA,NA,NA,NA,NA,NA,79.1331517509728,34.5461604816557,0.65784046692607,0.666592606545892,2.15225680933852,1.24226124828146,7.15424124513619,0.564533056028844,NA,NA,2011,1989-07-23,NA,NA,NA,NA
"Eric Kendricks","MIN","LB","12239","weighted",NA,NA,NA,NA,NA,NA,NA,NA,NA,NA,NA,NA,NA,NA,NA,NA,NA,NA,NA,NA,NA,NA,NA,NA,NA,NA,NA,NA,NA,NA,NA,NA,NA,NA,NA,NA,NA,NA,NA,NA,NA,NA,NA,NA,86.9205252918288,26.8682279530637,1.08289883268483,0.18297740279401,1.65394941634241,0.807821425543872,8.70844357976654,0.717868960895577,NA,NA,2015,1992-02-29,NA,NA,NA,NA
"Roquan Smith","CHI","LB","13696","weighted",NA,NA,NA,NA,NA,NA,NA,NA,NA,NA,NA,NA,NA,NA,NA,NA,NA,NA,NA,NA,NA,NA,NA,NA,NA,NA,NA,NA,NA,NA,NA,NA,NA,NA,NA,NA,NA,NA,NA,NA,NA,NA,NA,NA,87.9857003891051,24.289265555687,3.36968871595331,1.09338965959878,1.29449416342412,0.863847600751075,4.20968871595331,1.27108524543627,NA,NA,2018,1997-04-08,NA,NA,NA,NA
"Deion Jones","ATL","LB","12745","weighted",NA,NA,NA,NA,NA,NA,NA,NA,NA,NA,NA,NA,NA,NA,NA,NA,NA,NA,NA,NA,NA,NA,NA,NA,NA,NA,NA,NA,NA,NA,NA,NA,NA,NA,NA,NA,NA,NA,NA,NA,NA,NA,NA,NA,92.4706031128405,21.1226244330563,0.930836575875486,0.567939289709368,1.8597859922179,1.17858127342054,7.08725680933852,1.00950140768101,NA,NA,2016,1994-11-04,NA,NA,NA,NA
"Tahir Whitehead","CAR","LB","10847","weighted",NA,NA,NA,NA,NA,NA,NA,NA,NA,NA,NA,NA,NA,NA,NA,NA,NA,NA,NA,NA,NA,NA,NA,NA,NA,NA,NA,NA,NA,NA,NA,NA,NA,NA,NA,NA,NA,NA,NA,NA,NA,NA,NA,NA,89.9831128404669,22.1647322035979,0.119027237354086,0.216163043138132,0.137821011673152,0.250294049949416,2.25301556420233,0.25638177174842,NA,NA,2012,1990-04-02,NA,NA,NA,NA
"Nick Vigil","LAC","LB","12762","weighted",NA,NA,NA,NA,NA,NA,NA,NA,NA,NA,NA,NA,NA,NA,NA,NA,NA,NA,NA,NA,NA,NA,NA,NA,NA,NA,NA,NA,NA,NA,NA,NA,NA,NA,NA,NA,NA,NA,NA,NA,NA,NA,NA,NA,63.7312451361868,42.9297390665178,0.812762645914397,0.265902232534856,0.892976653696498,1.0921357510716,3.17060311284047,0.162549196638348,NA,NA,2016,1993-08-20,NA,NA,NA,NA
"DeVondre Campbell","ARI","LB","12779","weighted",NA,NA,NA,NA,NA,NA,NA,NA,NA,NA,NA,NA,NA,NA,NA,NA,NA,NA,NA,NA,NA,NA,NA,NA,NA,NA,NA,NA,NA,NA,NA,NA,NA,NA,NA,NA,NA,NA,NA,NA,NA,NA,NA,NA,82.1348443579766,28.4314992697452,1.91348249027237,0.270669682047398,0.862665369649805,0.33735546569311,3.71908560311284,1.32444631953189,NA,NA,2016,1993-07-01,NA,NA,NA,NA
"Shaq Green-Thompson","CAR","LB","12231","weighted",NA,NA,NA,NA,NA,NA,NA,NA,NA,NA,NA,NA,NA,NA,NA,NA,NA,NA,NA,NA,NA,NA,NA,NA,NA,NA,NA,NA,NA,NA,NA,NA,NA,NA,NA,NA,NA,NA,NA,NA,NA,NA,NA,NA,94.3709727626459,18.1854253823952,3.22770428015564,0.304263553836405,0.582178988326848,0.610068915863819,3.72103112840467,1.67254187923879,NA,NA,NA,NA,NA,NA,NA,NA
"Rashaan Evans","TEN","LB","13699","weighted",NA,NA,NA,NA,NA,NA,NA,NA,NA,NA,NA,NA,NA,NA,NA,NA,NA,NA,NA,NA,NA,NA,NA,NA,NA,NA,NA,NA,NA,NA,NA,NA,NA,NA,NA,NA,NA,NA,NA,NA,NA,NA,NA,NA,79.4402723735409,26.4234102971566,3.26433852140078,2.10117857260201,0.125291828793774,0.22754004540856,1.76474708171206,1.61328821297593,NA,NA,2018,1996-11-08,NA,NA,NA,NA
"Matt Milano","BUF","LB","13307","weighted",NA,NA,NA,NA,NA,NA,NA,NA,NA,NA,NA,NA,NA,NA,NA,NA,NA,NA,NA,NA,NA,NA,NA,NA,NA,NA,NA,NA,NA,NA,NA,NA,NA,NA,NA,NA,NA,NA,NA,NA,NA,NA,NA,NA,78.4161673151751,26.3142505246572,1.46505836575875,0.0547309866961126,1.70891050583658,0.30503445793191,8.36198443579766,1.330785451586,NA,NA,2017,NA,NA,NA,NA,NA
"Jayon Brown","TEN","LB","13304","weighted",NA,NA,NA,NA,NA,NA,NA,NA,NA,NA,NA,NA,NA,NA,NA,NA,NA,NA,NA,NA,NA,NA,NA,NA,NA,NA,NA,NA,NA,NA,NA,NA,NA,NA,NA,NA,NA,NA,NA,NA,NA,NA,NA,NA,82.6623346303502,22.428686106706,1.78480544747082,0.761137950535011,1.11951361867704,0.142264490406159,7.08727626459144,1.04589887582753,NA,NA,2017,1995-02-26,NA,NA,NA,NA
"Benardrick McKinney","HOU","LB","12272","weighted",NA,NA,NA,NA,NA,NA,NA,NA,NA,NA,NA,NA,NA,NA,NA,NA,NA,NA,NA,NA,NA,NA,NA,NA,NA,NA,NA,NA,NA,NA,NA,NA,NA,NA,NA,NA,NA,NA,NA,NA,NA,NA,NA,NA,71.2055447470817,32.0029546237583,1.64579766536965,0.838282872661446,0.491070038910506,0.535058125799831,3.25252918287938,0.236684330867178,NA,NA,2015,1992-11-19,NA,NA,NA,NA
"Devin White","TB","LB","14168","weighted",NA,NA,NA,NA,NA,NA,NA,NA,NA,NA,NA,NA,NA,NA,NA,NA,NA,NA,NA,NA,NA,NA,NA,NA,NA,NA,NA,NA,NA,NA,NA,NA,NA,NA,NA,NA,NA,NA,NA,NA,NA,NA,NA,NA,81.4358754863813,20.9646017465981,2.90145914396887,0.611600977456785,0.996653696498054,0.594441962618589,4.09692607003891,1.47530947240638,NA,NA,2019,1970-01-01,NA,NA,NA,NA
"Jordan Evans","CIN","LB","13327","weighted",NA,NA,NA,NA,NA,NA,NA,NA,NA,NA,NA,NA,NA,NA,NA,NA,NA,NA,NA,NA,NA,NA,NA,NA,NA,NA,NA,NA,NA,NA,NA,NA,NA,NA,NA,NA,NA,NA,NA,NA,NA,NA,NA,NA,55.2793220338983,62.5365237281383,0.277842835130971,0.395979797464467,0.0496147919876733,0.0707106781186548,1.37861325115562,0.254558441227157,NA,NA,2017,NA,"Q","Hamstring",2020,0
"Mark Barron","DEN","LB","10782","weighted",NA,NA,NA,NA,NA,NA,NA,NA,NA,NA,NA,NA,NA,NA,NA,NA,NA,NA,NA,NA,NA,NA,NA,NA,NA,NA,NA,NA,NA,NA,NA,NA,NA,NA,NA,NA,NA,NA,NA,NA,NA,NA,NA,NA,55.4936186770428,36.2833269480687,1.90194552529183,0.963783612720544,0.19420233463035,0.352687070383268,1.92719844357977,0.675845476860819,NA,NA,2012,1989-10-27,"Q","Hamstring",2020,0
"Anthony Hitchens","KC","LB","11795","weighted",NA,NA,NA,NA,NA,NA,NA,NA,NA,NA,NA,NA,NA,NA,NA,NA,NA,NA,NA,NA,NA,NA,NA,NA,NA,NA,NA,NA,NA,NA,NA,NA,NA,NA,NA,NA,NA,NA,NA,NA,NA,NA,NA,NA,74.7543774319066,18.7492256590233,1.5874513618677,0.584641309064833,0.187937743190661,0.34131006811284,1.16044747081712,0.755719081532487,NA,NA,2014,1992-06-10,NA,NA,NA,NA
"Devin Bush","PIT","LB","14170","weighted",NA,NA,NA,NA,NA,NA,NA,NA,NA,NA,NA,NA,NA,NA,NA,NA,NA,NA,NA,NA,NA,NA,NA,NA,NA,NA,NA,NA,NA,NA,NA,NA,NA,NA,NA,NA,NA,NA,NA,NA,NA,NA,NA,NA,83.3115758754864,10.5293747208201,2.40126459143969,1.39169174084182,1.90844357976654,1.03088058806141,3.9272373540856,1.01016382665641,NA,NA,2019,1998-07-18,NA,NA,NA,NA
"Myles Jack","JAC","LB","12702","weighted",NA,NA,NA,NA,NA,NA,NA,NA,NA,NA,NA,NA,NA,NA,NA,NA,NA,NA,NA,NA,NA,NA,NA,NA,NA,NA,NA,NA,NA,NA,NA,NA,NA,NA,NA,NA,NA,NA,NA,NA,NA,NA,NA,NA,71.6441634241245,19.6186938241916,1.5207392996109,0.361081719636809,0.684338521400778,0.295855413583972,2.52480544747082,0.560972248670163,NA,NA,2016,1995-09-03,NA,NA,NA,NA
"Sean Lee","DAL","LB","9866","weighted",NA,NA,NA,NA,NA,NA,NA,NA,NA,NA,NA,NA,NA,NA,NA,NA,NA,NA,NA,NA,NA,NA,NA,NA,NA,NA,NA,NA,NA,NA,NA,NA,NA,NA,NA,NA,NA,NA,NA,NA,NA,NA,NA,NA,76.4968901569187,22.3162900142474,1.10105563480742,0.15556349186104,1.11942938659058,0.183847763108502,2.3858487874465,0.5939696961967,NA,NA,2010,1986-07-22,"IR","Sports Hernia",2020,0
"Jamie Collins","DET","LB","11349","weighted",NA,NA,NA,NA,NA,NA,NA,NA,NA,NA,NA,NA,NA,NA,NA,NA,NA,NA,NA,NA,NA,NA,NA,NA,NA,NA,NA,NA,NA,NA,NA,NA,NA,NA,NA,NA,NA,NA,NA,NA,NA,NA,NA,NA,69.6867704280156,20.561642713965,5.80988326848249,0.309589376610976,1.56579766536965,0.495457102247692,4.73348249027237,0.369928737548028,NA,NA,2013,1990-05-02,NA,NA,NA,NA
"Kwon Alexander","SF","LB","12233","weighted",NA,NA,NA,NA,NA,NA,NA,NA,NA,NA,NA,NA,NA,NA,NA,NA,NA,NA,NA,NA,NA,NA,NA,NA,NA,NA,NA,NA,NA,NA,NA,NA,NA,NA,NA,NA,NA,NA,NA,NA,NA,NA,NA,NA,59.3287548638132,27.4188441106664,1.09250972762646,0.447006326131853,0.831828793774319,0.484369302346184,5.03953307392996,0.333389089800169,NA,NA,2015,1994-08-03,NA,NA,NA,NA
"Raekwon McMillan","LVR","LB","13222","weighted",NA,NA,NA,NA,NA,NA,NA,NA,NA,NA,NA,NA,NA,NA,NA,NA,NA,NA,NA,NA,NA,NA,NA,NA,NA,NA,NA,NA,NA,NA,NA,NA,NA,NA,NA,NA,NA,NA,NA,NA,NA,NA,NA,NA,54.5812451361868,35.9673640879821,0.0250583657587549,0.045508009081712,0.150350194552529,0.273048054490272,0.909863813229572,0.360842021586233,NA,NA,2017,1996-11-17,NA,NA,NA,NA
"Ja'Whaun Bentley","NE","LB","13775","weighted",NA,NA,NA,NA,NA,NA,NA,NA,NA,NA,NA,NA,NA,NA,NA,NA,NA,NA,NA,NA,NA,NA,NA,NA,NA,NA,NA,NA,NA,NA,NA,NA,NA,NA,NA,NA,NA,NA,NA,NA,NA,NA,NA,NA,64.4015953307393,23.2011703379998,1.32896887159533,1.1610076339254,0.616274319066148,0.505825769039639,2.09733463035019,1.84610447985216,NA,NA,2018,1996-08-24,NA,NA,NA,NA
"Chris Kirksey","GB","LB","11772","weighted",NA,NA,NA,NA,NA,NA,NA,NA,NA,NA,NA,NA,NA,NA,NA,NA,NA,NA,NA,NA,NA,NA,NA,NA,NA,NA,NA,NA,NA,NA,NA,NA,NA,NA,NA,NA,NA,NA,NA,NA,NA,NA,NA,NA,77.9637937743191,11.8452093067735,4.57153696498054,4.82223043292195,0.406770428015564,0.665694256533038,3.25780155642023,0.994962170427262,NA,NA,2014,1992-08-31,NA,NA,NA,NA
"Harvey Langi","NYJ","LB","13388","weighted",NA,NA,NA,NA,NA,NA,NA,NA,NA,NA,NA,NA,NA,NA,NA,NA,NA,NA,NA,NA,NA,NA,NA,NA,NA,NA,NA,NA,NA,NA,NA,NA,NA,NA,NA,NA,NA,NA,NA,NA,NA,NA,NA,NA,55.1230816640986,49.9146676839584,1.71762711864407,1.40007142674936,0.592388289676425,0.438406204335659,2.40770416024653,1.41421356237309,NA,NA,2017,1992-09-24,NA,NA,NA,NA
"Ben Gedeon","MIN","LB","13291","weighted",NA,NA,NA,NA,NA,NA,NA,NA,NA,NA,NA,NA,NA,NA,NA,NA,NA,NA,NA,NA,NA,NA,NA,NA,NA,NA,NA,NA,NA,NA,NA,NA,NA,NA,NA,NA,NA,NA,NA,NA,NA,NA,NA,NA,51.7667796610169,53.82496818392,0.0694607087827427,0.0989949493661166,0,0,1.21368258859784,1.15965512114594,NA,NA,2017,1994-10-16,NA,"Undisclosed",2020,0
"Kiko Alonso","NO","LB","11308","weighted",NA,NA,NA,NA,NA,NA,NA,NA,NA,NA,NA,NA,NA,NA,NA,NA,NA,NA,NA,NA,NA,NA,NA,NA,NA,NA,NA,NA,NA,NA,NA,NA,NA,NA,NA,NA,NA,NA,NA,NA,NA,NA,NA,NA,62.0447081712062,23.821349503144,0.552801556420233,0.880053282426556,1.13398832684825,0.309246186704523,3.46422178988327,3.74100737591357,NA,NA,2013,1990-08-14,NA,"Knee - ACL",2020,0
NA,NA,"LB","12622","weighted",NA,NA,NA,NA,NA,NA,NA,NA,NA,NA,NA,NA,NA,NA,NA,NA,NA,NA,NA,NA,NA,NA,NA,NA,NA,NA,NA,NA,NA,NA,NA,NA,NA,NA,NA,NA,NA,NA,NA,NA,NA,NA,NA,NA,48.3316315272425,28.567598644689,2.06326607723116,2.47117930558741,0.297914305146225,0.434387462456115,2.09281644373914,1.62191268131875,NA,NA,NA,NA,NA,NA,NA,NA
"Christian Jones","DET","LB","11724","weighted",NA,NA,NA,NA,NA,NA,NA,NA,NA,NA,NA,NA,NA,NA,NA,NA,NA,NA,NA,NA,NA,NA,NA,NA,NA,NA,NA,NA,NA,NA,NA,NA,NA,NA,NA,NA,NA,NA,NA,NA,NA,NA,NA,NA,51.8607782101167,31.4771643020727,1.97060311284047,0.444319699271087,0.162879377431907,0.295802059031128,3.92671206225681,0.772898709487977,NA,NA,2014,1991-02-18,NA,NA,NA,NA
"Anthony Barr","MIN","LB","11720","weighted",NA,NA,NA,NA,NA,NA,NA,NA,NA,NA,NA,NA,NA,NA,NA,NA,NA,NA,NA,NA,NA,NA,NA,NA,NA,NA,NA,NA,NA,NA,NA,NA,NA,NA,NA,NA,NA,NA,NA,NA,NA,NA,NA,NA,66.4305058365759,18.9631964586436,2.16964980544747,0.379394651361596,0.277587548638132,0.263074189660738,3.39949416342412,1.63601033474167,NA,NA,2014,1992-03-18,NA,NA,NA,NA
"Nicholas Morrow","LVR","LB","13426","weighted",NA,NA,NA,NA,NA,NA,NA,NA,NA,NA,NA,NA,NA,NA,NA,NA,NA,NA,NA,NA,NA,NA,NA,NA,NA,NA,NA,NA,NA,NA,NA,NA,NA,NA,NA,NA,NA,NA,NA,NA,NA,NA,NA,NA,56.9660700389105,26.9024693260125,0.368677042801556,0.591710827167944,0.687217898832685,0.670182180017743,2.76865758754864,0.785020783523481,NA,NA,2017,1995-07-10,NA,NA,NA,NA
"Brennan Scarlett","HOU","LB","12964","weighted",NA,NA,NA,NA,NA,NA,NA,NA,NA,NA,NA,NA,NA,NA,NA,NA,NA,NA,NA,NA,NA,NA,NA,NA,NA,NA,NA,NA,NA,NA,NA,NA,NA,NA,NA,NA,NA,NA,NA,NA,NA,NA,NA,NA,56.8512480739599,43.8264782979422,3.02668721109399,0.608111831820431,0.519845916795069,0.0282842712474619,2.36184899845917,0.339411254969543,NA,NA,2016,1993-07-31,NA,NA,NA,NA
"Nate Gerry","PHI","LB","13321","weighted",NA,NA,NA,NA,NA,NA,NA,NA,NA,NA,NA,NA,NA,NA,NA,NA,NA,NA,NA,NA,NA,NA,NA,NA,NA,NA,NA,NA,NA,NA,NA,NA,NA,NA,NA,NA,NA,NA,NA,NA,NA,NA,NA,NA,63.8043190661479,24.9027421189841,2.31854085603113,0.350928018870164,0.850622568093385,0.451050590783532,5.00535019455253,1.07194133148899,NA,NA,2017,1995-02-23,NA,NA,NA,NA
"Micah Kiser","LAR","LB","13779","weighted",NA,NA,NA,NA,NA,NA,NA,NA,NA,NA,NA,NA,NA,NA,NA,NA,NA,NA,NA,NA,NA,NA,NA,NA,NA,NA,NA,NA,NA,NA,NA,NA,NA,NA,NA,NA,NA,NA,NA,NA,NA,NA,NA,NA,68.9111089494163,15.7708669714252,2.45577821011673,2.97682795700998,0.336887159533074,0.556297919592912,4.88155642023346,2.55404678297204,NA,NA,2018,1995-01-25,NA,NA,NA,NA
"Elandon Roberts","MIA","LB","12831","weighted",NA,NA,NA,NA,NA,NA,NA,NA,NA,NA,NA,NA,NA,NA,NA,NA,NA,NA,NA,NA,NA,NA,NA,NA,NA,NA,NA,NA,NA,NA,NA,NA,NA,NA,NA,NA,NA,NA,NA,NA,NA,NA,NA,NA,54.17562403698,44.8588541984746,1.32788906009245,0.530330085889911,0.158767334360555,0.226274169979695,2.13738058551618,0.480832611206852,NA,NA,2016,1994-04-22,NA,NA,NA,NA
"Alex Anzalone","NO","LB","13268","weighted",NA,NA,NA,NA,NA,NA,NA,NA,NA,NA,NA,NA,NA,NA,NA,NA,NA,NA,NA,NA,NA,NA,NA,NA,NA,NA,NA,NA,NA,NA,NA,NA,NA,NA,NA,NA,NA,NA,NA,NA,NA,NA,NA,NA,52.1113713405239,47.4751492888648,1.05876733436055,0.226274169979695,0.00992295839753467,0.014142135623731,1.37929121725732,1.9657568516986,NA,NA,2017,1994-09-22,NA,NA,NA,NA
"Jarrad Davis","DET","LB","13221","weighted",NA,NA,NA,NA,NA,NA,NA,NA,NA,NA,NA,NA,NA,NA,NA,NA,NA,NA,NA,NA,NA,NA,NA,NA,NA,NA,NA,NA,NA,NA,NA,NA,NA,NA,NA,NA,NA,NA,NA,NA,NA,NA,NA,NA,69.3722762645914,16.2966815937501,3.68749027237354,0.851095103570718,0.665544747081712,0.314830241005149,3.21929961089494,0.848087878351733,NA,NA,2017,NA,NA,NA,NA,NA
"Danny Trevathan","CHI","LB","10879","weighted",NA,NA,NA,NA,NA,NA,NA,NA,NA,NA,NA,NA,NA,NA,NA,NA,NA,NA,NA,NA,NA,NA,NA,NA,NA,NA,NA,NA,NA,NA,NA,NA,NA,NA,NA,NA,NA,NA,NA,NA,NA,NA,NA,NA,74.9442412451362,7.64836426109232,1.89642023346304,0.756604828453974,1.25591439688716,0.719118750182208,3.34367704280156,1.45226432005437,NA,NA,2012,1990-03-24,NA,NA,NA,NA
"Leonard Floyd","LAR","LB","12734","weighted",NA,NA,NA,NA,NA,NA,NA,NA,NA,NA,NA,NA,NA,NA,NA,NA,NA,NA,NA,NA,NA,NA,NA,NA,NA,NA,NA,NA,NA,NA,NA,NA,NA,NA,NA,NA,NA,NA,NA,NA,NA,NA,NA,NA,48.359046692607,28.7388934328369,2.80165369649805,1.01791993977943,0.187937743190661,0.34131006811284,2.01449416342412,1.29355491389448,NA,NA,2016,1992-09-08,NA,NA,NA,NA
"Vince Williams","PIT","LB","11403","weighted",NA,NA,NA,NA,NA,NA,NA,NA,NA,NA,NA,NA,NA,NA,NA,NA,NA,NA,NA,NA,NA,NA,NA,NA,NA,NA,NA,NA,NA,NA,NA,NA,NA,NA,NA,NA,NA,NA,NA,NA,NA,NA,NA,NA,54.5291634241245,22.7292556784062,4.53379377431907,1.42114246929683,0.545058365758755,0.433464524368929,1.85591439688716,0.261671052219844,NA,NA,2013,1989-12-27,NA,NA,NA,NA
"Damien Wilson","KC","LB","12302","weighted",NA,NA,NA,NA,NA,NA,NA,NA,NA,NA,NA,NA,NA,NA,NA,NA,NA,NA,NA,NA,NA,NA,NA,NA,NA,NA,NA,NA,NA,NA,NA,NA,NA,NA,NA,NA,NA,NA,NA,NA,NA,NA,NA,NA,58.8077431906615,19.6431602831132,1.33348249027237,0.384613114076573,0.106498054474708,0.193409038597276,0.794669260700389,0.690027203624603,NA,NA,2015,1993-05-28,NA,NA,NA,NA
"Samson Ebukam","LAR","LB","13294","weighted",NA,NA,NA,NA,NA,NA,NA,NA,NA,NA,NA,NA,NA,NA,NA,NA,NA,NA,NA,NA,NA,NA,NA,NA,NA,NA,NA,NA,NA,NA,NA,NA,NA,NA,NA,NA,NA,NA,NA,NA,NA,NA,NA,NA,44.7975291828794,30.6740642742013,3.97807392996109,0.0398195079464979,0.588424124513619,0.456240345822735,2.90747081712062,1.02624839322344,NA,NA,2017,1995-05-09,NA,NA,NA,NA
"Leighton Vander Esch","DAL","LB","13727","weighted",NA,NA,NA,NA,NA,NA,NA,NA,NA,NA,NA,NA,NA,NA,NA,NA,NA,NA,NA,NA,NA,NA,NA,NA,NA,NA,NA,NA,NA,NA,NA,NA,NA,NA,NA,NA,NA,NA,NA,NA,NA,NA,NA,NA,77.943059490085,4.66690475583121,2.08314447592068,0.636396103067893,1.35155807365439,0.989949493661167,7.21260623229462,1.20208152801713,NA,NA,2018,1997-02-09,NA,NA,NA,NA
"Nick Kwiatkoski","LVR","LB","12778","weighted",NA,NA,NA,NA,NA,NA,NA,NA,NA,NA,NA,NA,NA,NA,NA,NA,NA,NA,NA,NA,NA,NA,NA,NA,NA,NA,NA,NA,NA,NA,NA,NA,NA,NA,NA,NA,NA,NA,NA,NA,NA,NA,NA,NA,60.9709143968872,16.376172084086,2.28023346303502,1.17311889369139,0.663112840466926,0.556297919592912,3.44675097276265,1.45631272764737,NA,NA,2016,1993-05-26,NA,NA,NA,NA
"A.J. Klein","BUF","LB","11375","weighted",NA,NA,NA,NA,NA,NA,NA,NA,NA,NA,NA,NA,NA,NA,NA,NA,NA,NA,NA,NA,NA,NA,NA,NA,NA,NA,NA,NA,NA,NA,NA,NA,NA,NA,NA,NA,NA,NA,NA,NA,NA,NA,NA,NA,53.3825875486381,22.5937049981681,2.57517509727627,0.136524027245136,0.727217898832685,0.366868125158694,2.51330739299611,1.23706115614547,NA,NA,2013,1991-07-30,NA,NA,NA,NA
"Kyler Fackrell","NYG","LB","12763","weighted",NA,NA,NA,NA,NA,NA,NA,NA,NA,NA,NA,NA,NA,NA,NA,NA,NA,NA,NA,NA,NA,NA,NA,NA,NA,NA,NA,NA,NA,NA,NA,NA,NA,NA,NA,NA,NA,NA,NA,NA,NA,NA,NA,NA,50.7766718027735,39.159573542111,3.02129429892142,1.5980613254816,0.480154083204931,0.0282842712474619,1.78853620955316,0.268700576850888,NA,NA,2016,1991-11-25,NA,NA,NA,NA
"Brandon Copeland","NE","LB","12489","weighted",NA,NA,NA,NA,NA,NA,NA,NA,NA,NA,NA,NA,NA,NA,NA,NA,NA,NA,NA,NA,NA,NA,NA,NA,NA,NA,NA,NA,NA,NA,NA,NA,NA,NA,NA,NA,NA,NA,NA,NA,NA,NA,NA,NA,53.2612018489985,35.5745421614952,1.93429892141757,1.04651803615609,0.198459167950693,0.282842712474619,1.90539291217257,0.989949493661167,NA,NA,NA,NA,NA,NA,NA,NA
"Lorenzo Carter","NYG","LB","13703","weighted",NA,NA,NA,NA,NA,NA,NA,NA,NA,NA,NA,NA,NA,NA,NA,NA,NA,NA,NA,NA,NA,NA,NA,NA,NA,NA,NA,NA,NA,NA,NA,NA,NA,NA,NA,NA,NA,NA,NA,NA,NA,NA,NA,NA,43.4446303501946,28.8723805399197,4.81229571984436,0.7896309433819,0.19420233463035,0.352687070383268,4.16822957198444,0.833611916786261,NA,NA,2018,1995-12-10,NA,NA,NA,NA
"Mack Wilson","CLE","LB","14169","weighted",NA,NA,NA,NA,NA,NA,NA,NA,NA,NA,NA,NA,NA,NA,NA,NA,NA,NA,NA,NA,NA,NA,NA,NA,NA,NA,NA,NA,NA,NA,NA,NA,NA,NA,NA,NA,NA,NA,NA,NA,NA,NA,NA,NA,55.4995750708215,29.7691954879537,1.69475920679887,1.06066017177982,2.25056657223796,1.90918830920368,6.10325779036827,4.73761543394987,NA,NA,2019,1998-02-14,"D","Knee",2020,0
"Duke Riley","PHI","LB","13220","weighted",NA,NA,NA,NA,NA,NA,NA,NA,NA,NA,NA,NA,NA,NA,NA,NA,NA,NA,NA,NA,NA,NA,NA,NA,NA,NA,NA,NA,NA,NA,NA,NA,NA,NA,NA,NA,NA,NA,NA,NA,NA,NA,NA,NA,40.4275192604006,52.771379079952,0.0992295839753467,0.14142135623731,0.128998459167951,0.183847763108502,1.16098613251156,1.65462986797652,NA,NA,2017,1994-08-09,NA,NA,NA,NA
"Jerome Baker","MIA","LB","13706","weighted",NA,NA,NA,NA,NA,NA,NA,NA,NA,NA,NA,NA,NA,NA,NA,NA,NA,NA,NA,NA,NA,NA,NA,NA,NA,NA,NA,NA,NA,NA,NA,NA,NA,NA,NA,NA,NA,NA,NA,NA,NA,NA,NA,NA,71.9977337110482,7.63675323681471,2.6199716713881,1.34350288425444,1.04631728045326,0.0707106781186548,4.58314447592068,0.636396103067893,NA,NA,2018,1996-12-25,"Q","Undisclosed",2020,0
"Avery Williamson","NYJ","LB","11816","weighted",NA,NA,NA,NA,NA,NA,NA,NA,NA,NA,NA,NA,NA,NA,NA,NA,NA,NA,NA,NA,NA,NA,NA,NA,NA,NA,NA,NA,NA,NA,NA,NA,NA,NA,NA,NA,NA,NA,NA,NA,NA,NA,NA,NA,63.2634560906516,14.142135623731,3.08314447592068,0.636396103067893,1,0,4.95368271954674,0.0707106781186545,NA,NA,2014,1992-03-09,NA,NA,NA,NA
"Shaquil Barrett","TB","LB","12075","weighted",NA,NA,NA,NA,NA,NA,NA,NA,NA,NA,NA,NA,NA,NA,NA,NA,NA,NA,NA,NA,NA,NA,NA,NA,NA,NA,NA,NA,NA,NA,NA,NA,NA,NA,NA,NA,NA,NA,NA,NA,NA,NA,NA,NA,54.6066147859922,16.0265680731788,14.4831906614786,2.34669880990293,0.385544747081712,0.37184472851988,2.44865758754864,0.665291513785245,NA,NA,2014,1992-11-17,NA,NA,NA,NA
"Whitney Mercilus","HOU","LB","10754","weighted",NA,NA,NA,NA,NA,NA,NA,NA,NA,NA,NA,NA,NA,NA,NA,NA,NA,NA,NA,NA,NA,NA,NA,NA,NA,NA,NA,NA,NA,NA,NA,NA,NA,NA,NA,NA,NA,NA,NA,NA,NA,NA,NA,NA,44.8570428015564,23.5997802622,6.14169260700389,0.627868132502717,0.82556420233463,0.495500111988913,1.99081712062257,0.575008475577442,NA,NA,2012,1990-07-21,NA,NA,NA,NA
"Kyle Van Noy","MIA","LB","11723","weighted",NA,NA,NA,NA,NA,NA,NA,NA,NA,NA,NA,NA,NA,NA,NA,NA,NA,NA,NA,NA,NA,NA,NA,NA,NA,NA,NA,NA,NA,NA,NA,NA,NA,NA,NA,NA,NA,NA,NA,NA,NA,NA,NA,NA,53.8455447470817,16.2324152453538,4.65824902723735,1.46786181273392,0.772529182879377,0.216732262184465,3.13634241245136,1.2970507265739,NA,NA,2014,1991-03-26,"Q","Hand",2020,0
"Bud Dupree","PIT","LB","12234","weighted",NA,NA,NA,NA,NA,NA,NA,NA,NA,NA,NA,NA,NA,NA,NA,NA,NA,NA,NA,NA,NA,NA,NA,NA,NA,NA,NA,NA,NA,NA,NA,NA,NA,NA,NA,NA,NA,NA,NA,NA,NA,NA,NA,NA,48.3507782101167,20.4319715405463,9.30161478599222,2.21119079297332,0.252529182879377,0.236684330867178,2.43229571984436,0.540933819855492,NA,NA,2015,1993-02-12,NA,NA,NA,NA
"Jordan Jenkins","NYJ","LB","12707","weighted",NA,NA,NA,NA,NA,NA,NA,NA,NA,NA,NA,NA,NA,NA,NA,NA,NA,NA,NA,NA,NA,NA,NA,NA,NA,NA,NA,NA,NA,NA,NA,NA,NA,NA,NA,NA,NA,NA,NA,NA,NA,NA,NA,NA,42.710953307393,24.8828943056231,7.38075875486381,0.782732420974847,0.0626459143968872,0.11377002270428,2.93733463035019,1.07680344134336,NA,NA,2016,1994-07-01,NA,NA,NA,NA
"Matt Judon","BAL","LB","12795","weighted",NA,NA,NA,NA,NA,NA,NA,NA,NA,NA,NA,NA,NA,NA,NA,NA,NA,NA,NA,NA,NA,NA,NA,NA,NA,NA,NA,NA,NA,NA,NA,NA,NA,NA,NA,NA,NA,NA,NA,NA,NA,NA,NA,NA,54.4786575875486,14.3699067561219,8.42284046692607,1.28401523385736,0.0939688715953307,0.17065503405642,1.15321011673152,0.936828070452193,NA,NA,2016,NA,NA,NA,NA,NA
"Khalil Mack","CHI","LB","11721","weighted",NA,NA,NA,NA,NA,NA,NA,NA,NA,NA,NA,NA,NA,NA,NA,NA,NA,NA,NA,NA,NA,NA,NA,NA,NA,NA,NA,NA,NA,NA,NA,NA,NA,NA,NA,NA,NA,NA,NA,NA,NA,NA,NA,NA,62.1785408560311,11.4356484758944,12.6718677042802,1.79351777441586,0.728190661478599,0.263729211407452,4.29212062256809,1.63103840094439,NA,NA,2014,1991-02-22,NA,NA,NA,NA
"Devon Kennard","ARI","LB","11830","weighted",NA,NA,NA,NA,NA,NA,NA,NA,NA,NA,NA,NA,NA,NA,NA,NA,NA,NA,NA,NA,NA,NA,NA,NA,NA,NA,NA,NA,NA,NA,NA,NA,NA,NA,NA,NA,NA,NA,NA,NA,NA,NA,NA,NA,47.7881664098613,30.6247946931894,5.14379044684129,2.05768073325285,0.128998459167951,0.183847763108502,1.03198767334361,1.47078210486802,NA,NA,2014,1991-06-24,NA,NA,NA,NA
"Von Miller","DEN","LB","10267","weighted",NA,NA,NA,NA,NA,NA,NA,NA,NA,NA,NA,NA,NA,NA,NA,NA,NA,NA,NA,NA,NA,NA,NA,NA,NA,NA,NA,NA,NA,NA,NA,NA,NA,NA,NA,NA,NA,NA,NA,NA,NA,NA,NA,NA,47.167373540856,18.5920604885289,10.8503501945525,1.59216672303988,0.315661478599222,0.295855413583972,2.76097276264591,0.284528980812317,NA,NA,2011,1989-03-26,"O","Ankle",2020,0
"Denzel Perryman","LAC","LB","12238","weighted",NA,NA,NA,NA,NA,NA,NA,NA,NA,NA,NA,NA,NA,NA,NA,NA,NA,NA,NA,NA,NA,NA,NA,NA,NA,NA,NA,NA,NA,NA,NA,NA,NA,NA,NA,NA,NA,NA,NA,NA,NA,NA,NA,NA,58.5223796033994,13.0107647738325,0,0,1.37053824362606,0.565685424949238,1.90736543909348,0.14142135623731,NA,NA,NA,1992-12-05,NA,NA,NA,NA
"Harold Landry","TEN","LB","13700","weighted",NA,NA,NA,NA,NA,NA,NA,NA,NA,NA,NA,NA,NA,NA,NA,NA,NA,NA,NA,NA,NA,NA,NA,NA,NA,NA,NA,NA,NA,NA,NA,NA,NA,NA,NA,NA,NA,NA,NA,NA,NA,NA,NA,NA,47.8723151750973,16.36081905644,8.11157587548638,1.30495154628083,0.265544747081712,0.260807201907261,1.79132295719844,0.207137838191498,NA,NA,2018,1996-06-05,NA,NA,NA,NA
"T.J. Watt","PIT","LB","13214","weighted",NA,NA,NA,NA,NA,NA,NA,NA,NA,NA,NA,NA,NA,NA,NA,NA,NA,NA,NA,NA,NA,NA,NA,NA,NA,NA,NA,NA,NA,NA,NA,NA,NA,NA,NA,NA,NA,NA,NA,NA,NA,NA,NA,NA,54.3332295719844,14.2058128676331,13.4609727626459,0.941099665052772,1.31328793774319,0.842176266597463,5.84099221789883,1.20703161147085,NA,NA,2017,1994-10-11,NA,NA,NA,NA
"Preston Smith","GB","LB","12270","weighted",NA,NA,NA,NA,NA,NA,NA,NA,NA,NA,NA,NA,NA,NA,NA,NA,NA,NA,NA,NA,NA,NA,NA,NA,NA,NA,NA,NA,NA,NA,NA,NA,NA,NA,NA,NA,NA,NA,NA,NA,NA,NA,NA,NA,47.9568287937743,15.9459271790365,10.2357392996109,2.4391700497024,0.893988326848249,0.28124594224761,3.81206225680934,0.34131006811284,NA,NA,2015,1992-11-17,NA,NA,NA,NA
"Cole Holcomb","WAS","LB","14260","weighted",NA,NA,NA,NA,NA,NA,NA,NA,NA,NA,NA,NA,NA,NA,NA,NA,NA,NA,NA,NA,NA,NA,NA,NA,NA,NA,NA,NA,NA,NA,NA,NA,NA,NA,NA,NA,NA,NA,NA,NA,NA,NA,NA,NA,63.2209631728045,4.24264068711929,0.675779036827196,0.494974746830583,0.138951841359773,0.212132034355964,1.41685552407932,0.636396103067893,NA,NA,2019,1996-07-30,NA,NA,NA,NA
"Neville Hewitt","NYJ","LB","12481","weighted",NA,NA,NA,NA,NA,NA,NA,NA,NA,NA,NA,NA,NA,NA,NA,NA,NA,NA,NA,NA,NA,NA,NA,NA,NA,NA,NA,NA,NA,NA,NA,NA,NA,NA,NA,NA,NA,NA,NA,NA,NA,NA,NA,NA,53.5239376770538,12.9400540957138,3.5,6.29747486878266e-16,1.3242209631728,0.494974746830583,6.25892351274788,1.13137084989848,NA,NA,NA,NA,NA,NA,NA,NA
"Dre Greenlaw","SF","LB","14247","weighted",NA,NA,NA,NA,NA,NA,NA,NA,NA,NA,NA,NA,NA,NA,NA,NA,NA,NA,NA,NA,NA,NA,NA,NA,NA,NA,NA,NA,NA,NA,NA,NA,NA,NA,NA,NA,NA,NA,NA,NA,NA,NA,NA,NA,55.9240793201133,6.22253967444162,0.861048158640227,0.212132034355964,0.231586402266289,0.353553390593274,1.62946175637394,0.565685424949238,NA,NA,2019,1997-05-25,NA,NA,NA,NA
"Drue Tranquill","LAC","LB","14235","weighted",NA,NA,NA,NA,NA,NA,NA,NA,NA,NA,NA,NA,NA,NA,NA,NA,NA,NA,NA,NA,NA,NA,NA,NA,NA,NA,NA,NA,NA,NA,NA,NA,NA,NA,NA,NA,NA,NA,NA,NA,NA,NA,NA,NA,57.4905099150142,0.777817459305203,0.907365439093485,0.14142135623731,0,0,1.90736543909348,0.14142135623731,NA,NA,2019,1995-08-15,NA,NA,NA,NA
"Chandler Jones","ARI","LB","10753","weighted",NA,NA,NA,NA,NA,NA,NA,NA,NA,NA,NA,NA,NA,NA,NA,NA,NA,NA,NA,NA,NA,NA,NA,NA,NA,NA,NA,NA,NA,NA,NA,NA,NA,NA,NA,NA,NA,NA,NA,NA,NA,NA,NA,NA,49.5580736543909,8.48528137423857,18.556940509915,4.66690475583122,0,0,5.43583569405099,2.1920310216783,NA,NA,2012,1990-02-27,NA,NA,NA,NA
"Germaine Pratt","CIN","LB","14210","weighted",NA,NA,NA,NA,NA,NA,NA,NA,NA,NA,NA,NA,NA,NA,NA,NA,NA,NA,NA,NA,NA,NA,NA,NA,NA,NA,NA,NA,NA,NA,NA,NA,NA,NA,NA,NA,NA,NA,NA,NA,NA,NA,NA,NA,50.9240793201133,6.22253967444162,0.268413597733711,0.353553390593274,0.138951841359773,0.212132034355964,0.602124645892351,0.919238815542512,NA,NA,2019,1970-01-01,NA,NA,NA,NA
"Jon Bostic","WAS","LB","11299","weighted",NA,NA,NA,NA,NA,NA,NA,NA,NA,NA,NA,NA,NA,NA,NA,NA,NA,NA,NA,NA,NA,NA,NA,NA,NA,NA,NA,NA,NA,NA,NA,NA,NA,NA,NA,NA,NA,NA,NA,NA,NA,NA,NA,NA,53.4905099150142,0.777817459305203,1.58314447592068,0.636396103067893,0.0926345609065156,0.14142135623731,2.53682719546742,0.707106781186548,NA,NA,2013,1991-05-05,NA,NA,NA,NA
"Sione Takitaki","CLE","LB","14212","weighted",NA,NA,NA,NA,NA,NA,NA,NA,NA,NA,NA,NA,NA,NA,NA,NA,NA,NA,NA,NA,NA,NA,NA,NA,NA,NA,NA,NA,NA,NA,NA,NA,NA,NA,NA,NA,NA,NA,NA,NA,NA,NA,NA,NA,46.2991501416431,9.61665222413705,1.26841359773371,0.353553390593274,0.814730878186969,0.282842712474619,4.83371104815864,1.27279220613579,NA,NA,2019,NA,NA,NA,NA,NA
"ZaDarius Smith","GB","LB","12301","weighted",NA,NA,NA,NA,NA,NA,NA,NA,NA,NA,NA,NA,NA,NA,NA,NA,NA,NA,NA,NA,NA,NA,NA,NA,NA,NA,NA,NA,NA,NA,NA,NA,NA,NA,NA,NA,NA,NA,NA,NA,NA,NA,NA,NA,43.5580736543909,8.48528137423857,12.8526912181303,2.82842712474619,0,0,0.675779036827196,0.494974746830583,NA,NA,NA,NA,NA,NA,NA,NA
"Blake Cashman","NYJ","LB","14251","weighted",NA,NA,NA,NA,NA,NA,NA,NA,NA,NA,NA,NA,NA,NA,NA,NA,NA,NA,NA,NA,NA,NA,NA,NA,NA,NA,NA,NA,NA,NA,NA,NA,NA,NA,NA,NA,NA,NA,NA,NA,NA,NA,NA,NA,38.8375354107649,17.0412734265958,1.36104815864023,0.212132034355964,0,0,2.30524079320113,1.06066017177982,NA,NA,2019,1996-05-10,NA,NA,NA,NA
"Shaun Dion Hamilton","WAS","LB","13812","weighted",NA,NA,NA,NA,NA,NA,NA,NA,NA,NA,NA,NA,NA,NA,NA,NA,NA,NA,NA,NA,NA,NA,NA,NA,NA,NA,NA,NA,NA,NA,NA,NA,NA,NA,NA,NA,NA,NA,NA,NA,NA,NA,NA,NA,40.1830028328612,7.35391052434009,3.24943342776204,1.90918830920368,0.814730878186969,0.282842712474619,2.62946175637394,0.565685424949238,NA,NA,2018,1995-09-11,NA,NA,NA,NA
"Bradley Chubb","DEN","LB","13681","weighted",NA,NA,NA,NA,NA,NA,NA,NA,NA,NA,NA,NA,NA,NA,NA,NA,NA,NA,NA,NA,NA,NA,NA,NA,NA,NA,NA,NA,NA,NA,NA,NA,NA,NA,NA,NA,NA,NA,NA,NA,NA,NA,NA,NA,44.3978753541077,0.91923881554251,7.18413597733711,3.53553390593274,0,0,2.76841359773371,0.353553390593274,NA,NA,2018,1996-06-24,"Q","Knee",2020,0
"Foyesade Oluokun","ATL","LB","13813","weighted",NA,NA,NA,NA,NA,NA,NA,NA,NA,NA,NA,NA,NA,NA,NA,NA,NA,NA,NA,NA,NA,NA,NA,NA,NA,NA,NA,NA,NA,NA,NA,NA,NA,NA,NA,NA,NA,NA,NA,NA,NA,NA,NA,NA,43.8610481586402,0.212132034355962,0.138951841359773,0.212132034355964,0,0,0.231586402266289,0.353553390593274,NA,NA,2018,1995-08-02,NA,NA,NA,NA
"B.J. Goodson","CLE","LB","12774","weighted",NA,NA,NA,NA,NA,NA,NA,NA,NA,NA,NA,NA,NA,NA,NA,NA,NA,NA,NA,NA,NA,NA,NA,NA,NA,NA,NA,NA,NA,NA,NA,NA,NA,NA,NA,NA,NA,NA,NA,NA,NA,NA,NA,NA,40.6484419263456,0.989949493661166,0.768413597733711,0.353553390593274,1.04631728045326,0.0707106781186548,2.6757790368272,0.494974746830583,NA,NA,2016,1993-05-29,"Q","Personal",2020,0
"Craig Robertson","NO","LB","11012","weighted",NA,NA,NA,NA,NA,NA,NA,NA,NA,NA,NA,NA,NA,NA,NA,NA,NA,NA,NA,NA,NA,NA,NA,NA,NA,NA,NA,NA,NA,NA,NA,NA,NA,NA,NA,NA,NA,NA,NA,NA,NA,NA,NA,NA,25.1344192634561,15.0613744392735,1.53682719546742,0.707106781186548,0.629461756373938,0.565685424949238,1.70311614730878,1.97989898732233,NA,NA,2011,1988-02-11,NA,NA,NA,NA
"Jermaine Carter","CAR","LB","13787","weighted",NA,NA,NA,NA,NA,NA,NA,NA,NA,NA,NA,NA,NA,NA,NA,NA,NA,NA,NA,NA,NA,NA,NA,NA,NA,NA,NA,NA,NA,NA,NA,NA,NA,NA,NA,NA,NA,NA,NA,NA,NA,NA,NA,NA,21.9871104815864,12.2329473145273,1.53682719546742,0.707106781186548,0,0,1.07365439093484,1.4142135623731,NA,NA,2018,NA,NA,NA,NA,NA
"Robert Quinn","CHI","LB","10269","weighted",NA,NA,NA,NA,NA,NA,NA,NA,NA,NA,NA,NA,NA,NA,NA,NA,NA,NA,NA,NA,NA,NA,NA,NA,NA,NA,NA,NA,NA,NA,NA,NA,NA,NA,NA,NA,NA,NA,NA,NA,NA,NA,NA,NA,24.757790368272,4.94974746830583,7.32308781869689,3.32340187157677,0,0,2.84206798866856,1.76776695296637,NA,NA,2011,1990-05-18,NA,NA,NA,NA
"Budda Baker","ARI","DB","13251","weighted",NA,NA,NA,NA,NA,NA,NA,NA,NA,NA,NA,NA,NA,NA,NA,NA,NA,NA,NA,NA,NA,NA,NA,NA,NA,NA,NA,NA,NA,NA,NA,NA,NA,NA,NA,NA,NA,NA,NA,NA,NA,NA,NA,NA,107.89060311284,26.9355625845271,0.980972762645914,0.507851626553717,0.579474708171206,1.05237271001459,5.13515564202335,1.01977845919887,NA,NA,2017,1996-01-10,NA,NA,NA,NA
"Shawn Williams","CIN","DB","11330","weighted",NA,NA,NA,NA,NA,NA,NA,NA,NA,NA,NA,NA,NA,NA,NA,NA,NA,NA,NA,NA,NA,NA,NA,NA,NA,NA,NA,NA,NA,NA,NA,NA,NA,NA,NA,NA,NA,NA,NA,NA,NA,NA,NA,NA,86.8803696498054,29.1196404197779,0.895661478599222,0.103568919095749,1.95571984435798,1.24802650538469,5.41307392996109,1.41694624911543,NA,NA,2013,1991-05-13,"Q","Calf",2020,0
"Landon Collins","WAS","DB","12250","weighted",NA,NA,NA,NA,NA,NA,NA,NA,NA,NA,NA,NA,NA,NA,NA,NA,NA,NA,NA,NA,NA,NA,NA,NA,NA,NA,NA,NA,NA,NA,NA,NA,NA,NA,NA,NA,NA,NA,NA,NA,NA,NA,NA,NA,94.9696498054475,21.2958337710825,0.727217898832685,0.366868125158694,0.988910505836576,0.967482964843182,4.92966926070039,1.16112772736182,NA,NA,2015,1994-01-10,NA,NA,NA,NA
"Jessie Bates","CIN","DB","13737","weighted",NA,NA,NA,NA,NA,NA,NA,NA,NA,NA,NA,NA,NA,NA,NA,NA,NA,NA,NA,NA,NA,NA,NA,NA,NA,NA,NA,NA,NA,NA,NA,NA,NA,NA,NA,NA,NA,NA,NA,NA,NA,NA,NA,NA,83.9483073929961,20.8640854735153,0.127237354085603,0.22848644436252,2.23712062256809,0.743721230406882,7.97743190661479,1.80291477918258,NA,NA,2018,1997-02-26,NA,NA,NA,NA
"Logan Ryan","NYG","DB","11316","weighted",NA,NA,NA,NA,NA,NA,NA,NA,NA,NA,NA,NA,NA,NA,NA,NA,NA,NA,NA,NA,NA,NA,NA,NA,NA,NA,NA,NA,NA,NA,NA,NA,NA,NA,NA,NA,NA,NA,NA,NA,NA,NA,NA,NA,74.1103891050584,20.5076380556849,2.06941634241245,0.551019734218592,2.5011673151751,0.910160181634241,11.0862451361868,0.436324857621854,NA,NA,2013,1991-02-09,NA,NA,NA,NA
"Terrell Edmunds","PIT","DB","13716","weighted",NA,NA,NA,NA,NA,NA,NA,NA,NA,NA,NA,NA,NA,NA,NA,NA,NA,NA,NA,NA,NA,NA,NA,NA,NA,NA,NA,NA,NA,NA,NA,NA,NA,NA,NA,NA,NA,NA,NA,NA,NA,NA,NA,NA,75.3816926070039,16.0584996590861,0.140953307392996,0.25598255108463,1.19566147859922,0.183643500579939,4.95237354085603,1.84231081165141,NA,NA,2018,1997-01-20,"Q","Undisclosed",2020,0
"Malcolm Jenkins","NO","DB","9430","weighted",NA,NA,NA,NA,NA,NA,NA,NA,NA,NA,NA,NA,NA,NA,NA,NA,NA,NA,NA,NA,NA,NA,NA,NA,NA,NA,NA,NA,NA,NA,NA,NA,NA,NA,NA,NA,NA,NA,NA,NA,NA,NA,NA,NA,75.5317704280156,14.4042376671385,1.71299610894942,0.386818077194552,1.74071984435798,0.258353572735342,8.90805447470817,2.47049175311873,NA,NA,2009,1987-12-20,NA,NA,NA,NA
"Jordan Poyer","BUF","DB","11317","weighted",NA,NA,NA,NA,NA,NA,NA,NA,NA,NA,NA,NA,NA,NA,NA,NA,NA,NA,NA,NA,NA,NA,NA,NA,NA,NA,NA,NA,NA,NA,NA,NA,NA,NA,NA,NA,NA,NA,NA,NA,NA,NA,NA,NA,76.6324708171206,12.896222821357,1.49686770428016,0.00568850113521401,2.24821011673152,0.462330793604276,4.73982490272374,2.46327163391916,NA,NA,2013,1991-04-25,NA,NA,NA,NA
"Justin Simmons","DEN","DB","12767","weighted",NA,NA,NA,NA,NA,NA,NA,NA,NA,NA,NA,NA,NA,NA,NA,NA,NA,NA,NA,NA,NA,NA,NA,NA,NA,NA,NA,NA,NA,NA,NA,NA,NA,NA,NA,NA,NA,NA,NA,NA,NA,NA,NA,NA,76.1344357976654,11.9925025639297,0.00626459143968872,0.011377002270428,3.08533073929961,0.657782673343086,11.6569649805447,2.12929311716943,NA,NA,2016,1993-11-19,NA,NA,NA,NA
"Justin Reid","HOU","DB","13717","weighted",NA,NA,NA,NA,NA,NA,NA,NA,NA,NA,NA,NA,NA,NA,NA,NA,NA,NA,NA,NA,NA,NA,NA,NA,NA,NA,NA,NA,NA,NA,NA,NA,NA,NA,NA,NA,NA,NA,NA,NA,NA,NA,NA,NA,70.5220428015564,15.8742241864508,0.0954280155642023,0.17136483327189,2.39665369649805,0.785860945454325,7.78612840466926,2.46153661001746,NA,NA,2018,1997-02-15,NA,NA,NA,NA
"Tracy Walker","DET","DB","13747","weighted",NA,NA,NA,NA,NA,NA,NA,NA,NA,NA,NA,NA,NA,NA,NA,NA,NA,NA,NA,NA,NA,NA,NA,NA,NA,NA,NA,NA,NA,NA,NA,NA,NA,NA,NA,NA,NA,NA,NA,NA,NA,NA,NA,NA,82.4218677042802,6.56044154114716,0.228929961089494,0.394732679278253,2.12048638132296,0.155700760166085,8.45219844357977,3.89675856408044,NA,NA,2018,1995-02-01,NA,NA,NA,NA
"Harrison Smith","MIN","DB","10783","weighted",NA,NA,NA,NA,NA,NA,NA,NA,NA,NA,NA,NA,NA,NA,NA,NA,NA,NA,NA,NA,NA,NA,NA,NA,NA,NA,NA,NA,NA,NA,NA,NA,NA,NA,NA,NA,NA,NA,NA,NA,NA,NA,NA,NA,74.0356420233463,12.791511725642,1.68964980544747,0.780607767911891,3.0356420233463,0.449504488232952,7.60725680933852,1.39676375233253,NA,NA,2012,1989-02-02,NA,NA,NA,NA
"Marcus Maye","NYJ","DB","13252","weighted",NA,NA,NA,NA,NA,NA,NA,NA,NA,NA,NA,NA,NA,NA,NA,NA,NA,NA,NA,NA,NA,NA,NA,NA,NA,NA,NA,NA,NA,NA,NA,NA,NA,NA,NA,NA,NA,NA,NA,NA,NA,NA,NA,NA,58.3397081712062,24.9572559080628,0.260953307392996,0.322048495150147,1.25058365758755,0.45508009081712,5.2597859922179,1.69150246985505,NA,NA,2017,1994-01-01,"Q","Calf",2020,0
"Tre Flowers","SEA","DB","13778","weighted",NA,NA,NA,NA,NA,NA,NA,NA,NA,NA,NA,NA,NA,NA,NA,NA,NA,NA,NA,NA,NA,NA,NA,NA,NA,NA,NA,NA,NA,NA,NA,NA,NA,NA,NA,NA,NA,NA,NA,NA,NA,NA,NA,NA,63.5522373540856,22.1771670399685,1.26311284046693,0.477834095357976,1.8202140077821,0.627236581142497,5.76143968871595,1.18417237424278,NA,NA,2018,1995-06-02,"Q","Ankle",2020,0
"Jamal Adams","SEA","DB","13230","weighted",NA,NA,NA,NA,NA,NA,NA,NA,NA,NA,NA,NA,NA,NA,NA,NA,NA,NA,NA,NA,NA,NA,NA,NA,NA,NA,NA,NA,NA,NA,NA,NA,NA,NA,NA,NA,NA,NA,NA,NA,NA,NA,NA,NA,81.4951750972763,5.45501723551153,4.65758754863813,0.155528964574729,2.69400778210117,0.731000283779834,9.70151750972763,1.56968365722755,NA,NA,2017,1995-10-17,"Q","Finger",2020,0
"Levi Wallace","BUF","DB","13711","weighted",NA,NA,NA,NA,NA,NA,NA,NA,NA,NA,NA,NA,NA,NA,NA,NA,NA,NA,NA,NA,NA,NA,NA,NA,NA,NA,NA,NA,NA,NA,NA,NA,NA,NA,NA,NA,NA,NA,NA,NA,NA,NA,NA,NA,67.0406163328197,27.4216009744143,0.100770416024653,0.14142135623731,1.85106317411402,1.64048773235279,5.47861325115562,0.254558441227157,NA,NA,2018,NA,"Q","Knee",2020,0
"Adrian Amos","GB","DB","12308","weighted",NA,NA,NA,NA,NA,NA,NA,NA,NA,NA,NA,NA,NA,NA,NA,NA,NA,NA,NA,NA,NA,NA,NA,NA,NA,NA,NA,NA,NA,NA,NA,NA,NA,NA,NA,NA,NA,NA,NA,NA,NA,NA,NA,NA,70.1115758754864,14.0480823585377,0.95011673151751,0.530722241013294,1.89058365758755,0.431393518181241,7.76873540856031,1.68503558425837,NA,NA,2015,1993-04-29,NA,NA,NA,NA
"Bradley McDougald","NYJ","DB","11517","weighted",NA,NA,NA,NA,NA,NA,NA,NA,NA,NA,NA,NA,NA,NA,NA,NA,NA,NA,NA,NA,NA,NA,NA,NA,NA,NA,NA,NA,NA,NA,NA,NA,NA,NA,NA,NA,NA,NA,NA,NA,NA,NA,NA,NA,72.8144747081712,10.4897932761104,0.608210116731517,0.713302344437988,2.31036964980545,0.355665915160134,7.82708171206226,3.47256479236477,NA,NA,2013,1990-11-15,NA,NA,NA,NA
"Kevin Byard","TEN","DB","12752","weighted",NA,NA,NA,NA,NA,NA,NA,NA,NA,NA,NA,NA,NA,NA,NA,NA,NA,NA,NA,NA,NA,NA,NA,NA,NA,NA,NA,NA,NA,NA,NA,NA,NA,NA,NA,NA,NA,NA,NA,NA,NA,NA,NA,NA,69.4669260700389,12.5443416905009,0.780252918287938,0.319014177439363,4.44391050583658,1.27137553491738,8.39235408560311,2.72642804202367,NA,NA,2016,1993-08-17,NA,NA,NA,NA
"Kyle Fuller","CHI","DB","11764","weighted",NA,NA,NA,NA,NA,NA,NA,NA,NA,NA,NA,NA,NA,NA,NA,NA,NA,NA,NA,NA,NA,NA,NA,NA,NA,NA,NA,NA,NA,NA,NA,NA,NA,NA,NA,NA,NA,NA,NA,NA,NA,NA,NA,NA,67.9754280155642,12.289314191099,0.0313229571984436,0.0568850113521401,3.44628404669261,0.637540201202338,13.1417509727626,1.55864931104864,NA,NA,2014,1992-02-16,NA,NA,NA,NA
"Jabrill Peppers","NYG","DB","13231","weighted",NA,NA,NA,NA,NA,NA,NA,NA,NA,NA,NA,NA,NA,NA,NA,NA,NA,NA,NA,NA,NA,NA,NA,NA,NA,NA,NA,NA,NA,NA,NA,NA,NA,NA,NA,NA,NA,NA,NA,NA,NA,NA,NA,NA,71.0691828793774,12.7770829787499,0.559533073929961,0.505859535148795,1.57348249027237,0.575138015666335,5.08821011673152,1.80579854949255,NA,NA,2017,1995-10-04,NA,NA,NA,NA
"Ricardo Allen","ATL","DB","11814","weighted",NA,NA,NA,NA,NA,NA,NA,NA,NA,NA,NA,NA,NA,NA,NA,NA,NA,NA,NA,NA,NA,NA,NA,NA,NA,NA,NA,NA,NA,NA,NA,NA,NA,NA,NA,NA,NA,NA,NA,NA,NA,NA,NA,NA,55.3489494163424,22.1434922027881,0,0,1.55517509727626,0.526148379321477,8.22215953307393,0.775060718206025,NA,NA,2014,1991-12-18,"Q","Ankle",2020,0
"Tyrann Mathieu","KC","DB","11313","weighted",NA,NA,NA,NA,NA,NA,NA,NA,NA,NA,NA,NA,NA,NA,NA,NA,NA,NA,NA,NA,NA,NA,NA,NA,NA,NA,NA,NA,NA,NA,NA,NA,NA,NA,NA,NA,NA,NA,NA,NA,NA,NA,NA,NA,72.7115758754864,6.43270715451463,1.82579766536965,0.684488252071703,3.13733463035019,0.33735546569311,11.0731517509728,3.29973461944751,NA,NA,2013,1992-05-13,NA,NA,NA,NA
"Xavier Woods","DAL","DB","13325","weighted",NA,NA,NA,NA,NA,NA,NA,NA,NA,NA,NA,NA,NA,NA,NA,NA,NA,NA,NA,NA,NA,NA,NA,NA,NA,NA,NA,NA,NA,NA,NA,NA,NA,NA,NA,NA,NA,NA,NA,NA,NA,NA,NA,NA,54.9959922178988,19.4844787913486,0,0,1.1272373540856,0.228486444362519,6.00389105058366,0.779593695628355,NA,NA,2017,1995-07-26,"Q","Ankle",2020,0
"Chidobe Awuzie","DAL","DB","13263","weighted",NA,NA,NA,NA,NA,NA,NA,NA,NA,NA,NA,NA,NA,NA,NA,NA,NA,NA,NA,NA,NA,NA,NA,NA,NA,NA,NA,NA,NA,NA,NA,NA,NA,NA,NA,NA,NA,NA,NA,NA,NA,NA,NA,NA,54.178326848249,20.8163116254021,0,0,1.47173151750973,1.67697290902043,10.7074124513619,2.58787909744525,NA,NA,2017,1995-05-24,"Q","Leg",2020,0
"Xavier Rhodes","IND","DB","11314","weighted",NA,NA,NA,NA,NA,NA,NA,NA,NA,NA,NA,NA,NA,NA,NA,NA,NA,NA,NA,NA,NA,NA,NA,NA,NA,NA,NA,NA,NA,NA,NA,NA,NA,NA,NA,NA,NA,NA,NA,NA,NA,NA,NA,NA,55.9030508474576,30.646007896625,0.100770416024653,0.14142135623731,0.525916795069337,0.74953318805774,3.55568567026194,0.791959594928933,NA,NA,2013,1990-06-19,NA,NA,NA,NA
"Micah Hyde","BUF","DB","11382","weighted",NA,NA,NA,NA,NA,NA,NA,NA,NA,NA,NA,NA,NA,NA,NA,NA,NA,NA,NA,NA,NA,NA,NA,NA,NA,NA,NA,NA,NA,NA,NA,NA,NA,NA,NA,NA,NA,NA,NA,NA,NA,NA,NA,NA,63.3200389105058,11.9189000420773,0.368677042801556,0.591710827167944,1.68001945525292,0.499572046938879,4.73642023346303,2.19807750696623,NA,NA,2013,1990-12-31,NA,NA,NA,NA
"Darian Thompson","DAL","DB","12719","weighted",NA,NA,NA,NA,NA,NA,NA,NA,NA,NA,NA,NA,NA,NA,NA,NA,NA,NA,NA,NA,NA,NA,NA,NA,NA,NA,NA,NA,NA,NA,NA,NA,NA,NA,NA,NA,NA,NA,NA,NA,NA,NA,NA,NA,54.8048158640227,28.7085353161738,2.2042492917847,1.83847763108502,1.09263456090652,0.14142135623731,8.10325779036827,4.73761543394987,NA,NA,2016,NA,NA,NA,NA,NA
"Tre Boston","CAR","DB","11802","weighted",NA,NA,NA,NA,NA,NA,NA,NA,NA,NA,NA,NA,NA,NA,NA,NA,NA,NA,NA,NA,NA,NA,NA,NA,NA,NA,NA,NA,NA,NA,NA,NA,NA,NA,NA,NA,NA,NA,NA,NA,NA,NA,NA,NA,60.2428015564202,13.0444826325871,0.0954280155642023,0.17136483327189,3.23568093385214,0.473684983051851,9.89887159533074,1.9371159015474,NA,NA,2014,1992-06-25,NA,NA,NA,NA
"Eric Rowe","MIA","DB","12275","weighted",NA,NA,NA,NA,NA,NA,NA,NA,NA,NA,NA,NA,NA,NA,NA,NA,NA,NA,NA,NA,NA,NA,NA,NA,NA,NA,NA,NA,NA,NA,NA,NA,NA,NA,NA,NA,NA,NA,NA,NA,NA,NA,NA,NA,65.1759938366718,14.5027600821361,0,0,2.06493066255778,0.905096679918781,8.78530046224962,3.72645273685311,NA,NA,2015,1992-10-03,NA,NA,NA,NA
"Damontae Kazee","ATL","DB","13301","weighted",NA,NA,NA,NA,NA,NA,NA,NA,NA,NA,NA,NA,NA,NA,NA,NA,NA,NA,NA,NA,NA,NA,NA,NA,NA,NA,NA,NA,NA,NA,NA,NA,NA,NA,NA,NA,NA,NA,NA,NA,NA,NA,NA,NA,57.6319876733436,24.4163971543715,0,0,1.56946070878274,0.0989949493661166,2.95645608628659,0.650538238691624,NA,NA,2017,1993-06-05,NA,NA,NA,NA
"Kenny Vaccaro","TEN","DB","11324","weighted",NA,NA,NA,NA,NA,NA,NA,NA,NA,NA,NA,NA,NA,NA,NA,NA,NA,NA,NA,NA,NA,NA,NA,NA,NA,NA,NA,NA,NA,NA,NA,NA,NA,NA,NA,NA,NA,NA,NA,NA,NA,NA,NA,NA,56.8852140077821,17.8392728188437,1.57758754863813,0.875234231791643,1.28963035019455,0.313048477410906,4.56725680933852,0.703608293304764,NA,NA,2013,1991-02-15,NA,NA,NA,NA
"Art Maulet","NYJ","DB","13547","weighted",NA,NA,NA,NA,NA,NA,NA,NA,NA,NA,NA,NA,NA,NA,NA,NA,NA,NA,NA,NA,NA,NA,NA,NA,NA,NA,NA,NA,NA,NA,NA,NA,NA,NA,NA,NA,NA,NA,NA,NA,NA,NA,NA,NA,55.6120493066256,26.2407326498328,0,0,0.319075500770416,0.169705627484771,2.77485362095532,0.89095454429505,NA,NA,2017,1970-01-01,NA,NA,NA,NA
"John Johnson","LAR","DB","13274","weighted",NA,NA,NA,NA,NA,NA,NA,NA,NA,NA,NA,NA,NA,NA,NA,NA,NA,NA,NA,NA,NA,NA,NA,NA,NA,NA,NA,NA,NA,NA,NA,NA,NA,NA,NA,NA,NA,NA,NA,NA,NA,NA,NA,NA,71.4063424124514,2.84663976835195,0.0954280155642023,0.17136483327189,2.99186770428016,1.68325219051848,8.73264591439689,3.16724805883291,NA,NA,2017,1994-01-01,NA,NA,NA,NA
"Jarrod Wilson","JAC","DB","12906","weighted",NA,NA,NA,NA,NA,NA,NA,NA,NA,NA,NA,NA,NA,NA,NA,NA,NA,NA,NA,NA,NA,NA,NA,NA,NA,NA,NA,NA,NA,NA,NA,NA,NA,NA,NA,NA,NA,NA,NA,NA,NA,NA,NA,NA,58.7766926070039,13.0224678751115,0.127237354085603,0.22848644436252,1.43134241245136,0.575284817742533,3.68392996108949,1.80360829841495,NA,NA,2016,1994-02-09,NA,NA,NA,NA
"Devin McCourty","NE","DB","9846","weighted",NA,NA,NA,NA,NA,NA,NA,NA,NA,NA,NA,NA,NA,NA,NA,NA,NA,NA,NA,NA,NA,NA,NA,NA,NA,NA,NA,NA,NA,NA,NA,NA,NA,NA,NA,NA,NA,NA,NA,NA,NA,NA,NA,NA,61.6157003891051,9.70292298252409,0.120486381322957,0.155700760166085,2.31614785992218,0.311923891402808,5.2443579766537,0.808410376548247,NA,NA,2010,1987-08-13,NA,NA,NA,NA
NA,NA,"DB","12622","weighted",NA,NA,NA,NA,NA,NA,NA,NA,NA,NA,NA,NA,NA,NA,NA,NA,NA,NA,NA,NA,NA,NA,NA,NA,NA,NA,NA,NA,NA,NA,NA,NA,NA,NA,NA,NA,NA,NA,NA,NA,NA,NA,NA,NA,43.1772182360084,21.767765157759,0.358659896235788,0.60305530686641,0.833532398719505,0.888959298805805,4.9121359973507,4.18866043212317,NA,NA,NA,NA,NA,NA,NA,NA
"Joe Haden","PIT","DB","9820","weighted",NA,NA,NA,NA,NA,NA,NA,NA,NA,NA,NA,NA,NA,NA,NA,NA,NA,NA,NA,NA,NA,NA,NA,NA,NA,NA,NA,NA,NA,NA,NA,NA,NA,NA,NA,NA,NA,NA,NA,NA,NA,NA,NA,NA,56.9946887159533,12.1193002050464,0.0219260700389105,0.039819507946498,3.27618677042802,0.980050579147868,13.5568287937743,0.974825850410706,NA,NA,2010,1989-04-14,NA,NA,NA,NA
"Eddie Jackson","CHI","DB","13229","weighted",NA,NA,NA,NA,NA,NA,NA,NA,NA,NA,NA,NA,NA,NA,NA,NA,NA,NA,NA,NA,NA,NA,NA,NA,NA,NA,NA,NA,NA,NA,NA,NA,NA,NA,NA,NA,NA,NA,NA,NA,NA,NA,NA,NA,60.7725486381323,10.856611787678,0.650583657587549,0.547309866961125,2.98126459143969,1.30592321537869,8.93605058365759,3.28318613923407,NA,NA,2017,NA,NA,NA,NA,NA
"Kareem Jackson","DEN","DB","9861","weighted",NA,NA,NA,NA,NA,NA,NA,NA,NA,NA,NA,NA,NA,NA,NA,NA,NA,NA,NA,NA,NA,NA,NA,NA,NA,NA,NA,NA,NA,NA,NA,NA,NA,NA,NA,NA,NA,NA,NA,NA,NA,NA,NA,NA,59.7650194552529,10.6110924539668,0.437587548638132,0.537912755756653,2.42842412451362,0.438182751773734,11.6955058365759,2.53743439681701,NA,NA,2010,1988-04-10,NA,NA,NA,NA
"Xavien Howard","MIA","DB","12742","weighted",NA,NA,NA,NA,NA,NA,NA,NA,NA,NA,NA,NA,NA,NA,NA,NA,NA,NA,NA,NA,NA,NA,NA,NA,NA,NA,NA,NA,NA,NA,NA,NA,NA,NA,NA,NA,NA,NA,NA,NA,NA,NA,NA,NA,45.7355058365759,20.9442426640372,0,0,2.88052529182879,1.35509131366279,8.73550583657588,2.69239781734812,NA,NA,2016,1993-07-04,"Q","Knee",2020,0
"Chris Harris","LAC","DB","10592","weighted",NA,NA,NA,NA,NA,NA,NA,NA,NA,NA,NA,NA,NA,NA,NA,NA,NA,NA,NA,NA,NA,NA,NA,NA,NA,NA,NA,NA,NA,NA,NA,NA,NA,NA,NA,NA,NA,NA,NA,NA,NA,NA,NA,NA,50.6727042801556,17.4511123808679,0,0,1.3402140077821,0.892219465471479,7.17581712062257,2.10552739082107,NA,NA,2011,1989-06-18,NA,NA,NA,NA
"Charvarius Ward","KC","DB","13920","weighted",NA,NA,NA,NA,NA,NA,NA,NA,NA,NA,NA,NA,NA,NA,NA,NA,NA,NA,NA,NA,NA,NA,NA,NA,NA,NA,NA,NA,NA,NA,NA,NA,NA,NA,NA,NA,NA,NA,NA,NA,NA,NA,NA,NA,53.557859922179,15.1684299286828,0.00626459143968872,0.011377002270428,0.958035019455253,0.819508825170153,7.93546692607004,0.986082990458352,NA,NA,2018,1996-05-16,NA,NA,NA,NA
"Jaire Alexander","GB","DB","13730","weighted",NA,NA,NA,NA,NA,NA,NA,NA,NA,NA,NA,NA,NA,NA,NA,NA,NA,NA,NA,NA,NA,NA,NA,NA,NA,NA,NA,NA,NA,NA,NA,NA,NA,NA,NA,NA,NA,NA,NA,NA,NA,NA,NA,NA,57.9297072419106,16.5745829510127,0.100770416024653,0.14142135623731,1.40453004622496,1.0040916292849,11.8651771956857,1.8031222920257,NA,NA,2018,1997-02-09,NA,NA,NA,NA
"Steven Nelson","PIT","DB","12291","weighted",NA,NA,NA,NA,NA,NA,NA,NA,NA,NA,NA,NA,NA,NA,NA,NA,NA,NA,NA,NA,NA,NA,NA,NA,NA,NA,NA,NA,NA,NA,NA,NA,NA,NA,NA,NA,NA,NA,NA,NA,NA,NA,NA,NA,59.5345914396887,8.40402616739397,0.0313229571984436,0.0568850113521401,1.77972762645914,0.96074777053766,8.01303501945525,1.1150601402331,NA,NA,2015,1993-01-22,NA,NA,NA,NA
"Bryce Callahan","DEN","DB","12506","weighted",NA,NA,NA,NA,NA,NA,NA,NA,NA,NA,NA,NA,NA,NA,NA,NA,NA,NA,NA,NA,NA,NA,NA,NA,NA,NA,NA,NA,NA,NA,NA,NA,NA,NA,NA,NA,NA,NA,NA,NA,NA,NA,NA,NA,59.0290292758089,14.8633845405412,0.228228043143297,0.325269119345812,0.647303543913713,0.494974746830583,3.12070878274268,1.9657568516986,NA,NA,NA,NA,NA,NA,NA,NA
"A.J. Bouye","DEN","DB","11512","weighted",NA,NA,NA,NA,NA,NA,NA,NA,NA,NA,NA,NA,NA,NA,NA,NA,NA,NA,NA,NA,NA,NA,NA,NA,NA,NA,NA,NA,NA,NA,NA,NA,NA,NA,NA,NA,NA,NA,NA,NA,NA,NA,NA,NA,54.0376848249027,13.7130424974818,0.228443579766537,0.317081775041167,2.20865758754864,0.861626830055872,9.53068093385214,4.40245115606243,NA,NA,2013,1991-08-16,NA,NA,NA,NA
"Karl Joseph","CLE","DB","12717","weighted",NA,NA,NA,NA,NA,NA,NA,NA,NA,NA,NA,NA,NA,NA,NA,NA,NA,NA,NA,NA,NA,NA,NA,NA,NA,NA,NA,NA,NA,NA,NA,NA,NA,NA,NA,NA,NA,NA,NA,NA,NA,NA,NA,NA,58.5039494163424,8.83343480658088,0.556634241245136,0.564039897846524,1.08964980544747,0.26693458800689,5.26998054474708,2.24586307602625,NA,NA,2016,NA,NA,NA,NA,NA
"Daryl Worley","DAL","DB","12760","weighted",NA,NA,NA,NA,NA,NA,NA,NA,NA,NA,NA,NA,NA,NA,NA,NA,NA,NA,NA,NA,NA,NA,NA,NA,NA,NA,NA,NA,NA,NA,NA,NA,NA,NA,NA,NA,NA,NA,NA,NA,NA,NA,NA,NA,42.9210785824345,36.5149941804733,0,0,1.21368258859784,1.15965512114594,4.98228043143297,3.25269119345812,NA,NA,2016,NA,NA,NA,NA,NA
"Richard Sherman","SF","DB","10393","weighted",NA,NA,NA,NA,NA,NA,NA,NA,NA,NA,NA,NA,NA,NA,NA,NA,NA,NA,NA,NA,NA,NA,NA,NA,NA,NA,NA,NA,NA,NA,NA,NA,NA,NA,NA,NA,NA,NA,NA,NA,NA,NA,NA,NA,47.8787937743191,16.9005345843106,0.368677042801556,0.591710827167944,2.83519455252918,0.865959213194858,9.10605058365759,0.979174736916973,NA,NA,2011,1988-03-30,NA,NA,NA,NA
"Kendall Sheffield","ATL","DB","14228","weighted",NA,NA,NA,NA,NA,NA,NA,NA,NA,NA,NA,NA,NA,NA,NA,NA,NA,NA,NA,NA,NA,NA,NA,NA,NA,NA,NA,NA,NA,NA,NA,NA,NA,NA,NA,NA,NA,NA,NA,NA,NA,NA,NA,NA,44.357873651772,33.4320086145,0,0,0.912912172573189,1.30107647738325,2.52437596302003,1.03237590053236,NA,NA,2019,1970-01-01,NA,NA,NA,NA
"Jourdan Lewis","DAL","DB","13227","weighted",NA,NA,NA,NA,NA,NA,NA,NA,NA,NA,NA,NA,NA,NA,NA,NA,NA,NA,NA,NA,NA,NA,NA,NA,NA,NA,NA,NA,NA,NA,NA,NA,NA,NA,NA,NA,NA,NA,NA,NA,NA,NA,NA,NA,47.2653312788906,29.3095760801824,2.87322033898305,1.24450793488832,1.18015408320493,0.0282842712474619,5.36261941448382,0.480832611206853,NA,NA,2017,1995-08-31,"Q","Ankle",2020,0
"Kendall Fuller","WAS","DB","12714","weighted",NA,NA,NA,NA,NA,NA,NA,NA,NA,NA,NA,NA,NA,NA,NA,NA,NA,NA,NA,NA,NA,NA,NA,NA,NA,NA,NA,NA,NA,NA,NA,NA,NA,NA,NA,NA,NA,NA,NA,NA,NA,NA,NA,NA,48.7939494163424,16.619866959134,0.568891050583658,0.725584945516085,1.48046692607004,0.611743514156063,5.35178988326848,2.55223809820375,NA,NA,2016,1995-02-13,NA,NA,NA,NA
"Adoree Jackson","TEN","DB","13226","weighted",NA,NA,NA,NA,NA,NA,NA,NA,NA,NA,NA,NA,NA,NA,NA,NA,NA,NA,NA,NA,NA,NA,NA,NA,NA,NA,NA,NA,NA,NA,NA,NA,NA,NA,NA,NA,NA,NA,NA,NA,NA,NA,NA,NA,61.6678404669261,8.56576426576292,0,0,2.06885214007782,1.3852675824672,12.1298638132296,5.08650426970585,NA,NA,2017,1995-09-18,NA,NA,NA,NA
"Jalen Ramsey","LAR","DB","12711","weighted",NA,NA,NA,NA,NA,NA,NA,NA,NA,NA,NA,NA,NA,NA,NA,NA,NA,NA,NA,NA,NA,NA,NA,NA,NA,NA,NA,NA,NA,NA,NA,NA,NA,NA,NA,NA,NA,NA,NA,NA,NA,NA,NA,NA,55.6177626459144,12.0791391304775,0.00318093385214008,0.00571216110906299,2.19274319066148,0.621277461616317,7.27856031128405,2.5521913030816,NA,NA,2016,1994-10-24,NA,NA,NA,NA
"Janoris Jenkins","NO","DB","10779","weighted",NA,NA,NA,NA,NA,NA,NA,NA,NA,NA,NA,NA,NA,NA,NA,NA,NA,NA,NA,NA,NA,NA,NA,NA,NA,NA,NA,NA,NA,NA,NA,NA,NA,NA,NA,NA,NA,NA,NA,NA,NA,NA,NA,NA,57.1084129429892,14.9765216255311,0.351926040061633,0.353553390593274,2.36184899845917,0.339411254969543,10.8425885978428,3.19612265096319,NA,NA,2012,1988-10-29,NA,NA,NA,NA
"T.J. Carrie","IND","DB","11858","weighted",NA,NA,NA,NA,NA,NA,NA,NA,NA,NA,NA,NA,NA,NA,NA,NA,NA,NA,NA,NA,NA,NA,NA,NA,NA,NA,NA,NA,NA,NA,NA,NA,NA,NA,NA,NA,NA,NA,NA,NA,NA,NA,NA,NA,47.3730354391371,27.8953625178093,1.11411402157165,0.162634559672906,0.307611710323575,0.438406204335659,3.21137134052388,1.58391918985787,NA,NA,NA,NA,NA,NA,NA,NA
"Mike Hughes","MIN","DB","13731","weighted",NA,NA,NA,NA,NA,NA,NA,NA,NA,NA,NA,NA,NA,NA,NA,NA,NA,NA,NA,NA,NA,NA,NA,NA,NA,NA,NA,NA,NA,NA,NA,NA,NA,NA,NA,NA,NA,NA,NA,NA,NA,NA,NA,NA,56.4885670261941,14.9482373542836,0,0,2.18006163328197,1.82433549546129,7.2,0,NA,NA,2018,1997-02-11,NA,NA,NA,NA
"Anthony Brown","DAL","DB","12817","weighted",NA,NA,NA,NA,NA,NA,NA,NA,NA,NA,NA,NA,NA,NA,NA,NA,NA,NA,NA,NA,NA,NA,NA,NA,NA,NA,NA,NA,NA,NA,NA,NA,NA,NA,NA,NA,NA,NA,NA,NA,NA,NA,NA,NA,49.264406779661,24.8901586977665,1.19315870570108,0.579827560572969,1.32514637904468,0.89095454429505,7.35423728813559,0.777817459305203,NA,NA,2016,1993-12-15,NA,NA,NA,NA
"James Bradberry","NYG","DB","12750","weighted",NA,NA,NA,NA,NA,NA,NA,NA,NA,NA,NA,NA,NA,NA,NA,NA,NA,NA,NA,NA,NA,NA,NA,NA,NA,NA,NA,NA,NA,NA,NA,NA,NA,NA,NA,NA,NA,NA,NA,NA,NA,NA,NA,NA,60.7854280155642,5.78887608838739,0.665544747081712,0.314830241005149,1.77684824902724,0.485840151766192,10.9614591439689,1.9148285232693,NA,NA,2016,1993-08-04,NA,NA,NA,NA
"Marlon Humphrey","BAL","DB","13223","weighted",NA,NA,NA,NA,NA,NA,NA,NA,NA,NA,NA,NA,NA,NA,NA,NA,NA,NA,NA,NA,NA,NA,NA,NA,NA,NA,NA,NA,NA,NA,NA,NA,NA,NA,NA,NA,NA,NA,NA,NA,NA,NA,NA,NA,51.015233463035,13.3682878387547,0.00626459143968872,0.011377002270428,3.00671206225681,1.1642982840991,12.2568871595331,2.20256886317497,NA,NA,2017,1996-07-08,NA,NA,NA,NA
"Quandre Diggs","SEA","DB","12349","weighted",NA,NA,NA,NA,NA,NA,NA,NA,NA,NA,NA,NA,NA,NA,NA,NA,NA,NA,NA,NA,NA,NA,NA,NA,NA,NA,NA,NA,NA,NA,NA,NA,NA,NA,NA,NA,NA,NA,NA,NA,NA,NA,NA,NA,60.0480431432974,8.61963166266401,0,0,3.50240369799692,2.27688383542068,5.46878274268105,1.61220346110533,NA,NA,2015,1991-11-07,NA,NA,NA,NA
"Keanu Neal","ATL","DB","12736","weighted",NA,NA,NA,NA,NA,NA,NA,NA,NA,NA,NA,NA,NA,NA,NA,NA,NA,NA,NA,NA,NA,NA,NA,NA,NA,NA,NA,NA,NA,NA,NA,NA,NA,NA,NA,NA,NA,NA,NA,NA,NA,NA,NA,NA,63.7444163424124,2.61818353489953,0.0954280155642023,0.17136483327189,2.9586186770428,2.41482590702638,8.84826848249027,1.89924756142759,NA,NA,2016,NA,"Q","Achilles",2020,0
"Casey Hayward","LAC","DB","10793","weighted",NA,NA,NA,NA,NA,NA,NA,NA,NA,NA,NA,NA,NA,NA,NA,NA,NA,NA,NA,NA,NA,NA,NA,NA,NA,NA,NA,NA,NA,NA,NA,NA,NA,NA,NA,NA,NA,NA,NA,NA,NA,NA,NA,NA,45.0927821011673,17.1057149507218,0.0636186770428016,0.11424322218126,1.60143968871595,0.408638634980282,8.57103112840467,3.52259425532867,NA,NA,2012,1989-09-09,NA,NA,NA,NA
"Donte Jackson","CAR","DB","13738","weighted",NA,NA,NA,NA,NA,NA,NA,NA,NA,NA,NA,NA,NA,NA,NA,NA,NA,NA,NA,NA,NA,NA,NA,NA,NA,NA,NA,NA,NA,NA,NA,NA,NA,NA,NA,NA,NA,NA,NA,NA,NA,NA,NA,NA,54.5171011673152,10.8672418792615,0,0,2.84677042801556,1.15925187266381,8.894046692607,1.54287984224988,NA,NA,2018,1995-11-08,NA,NA,NA,NA
"Taylor Rapp","LAR","DB","14186","weighted",NA,NA,NA,NA,NA,NA,NA,NA,NA,NA,NA,NA,NA,NA,NA,NA,NA,NA,NA,NA,NA,NA,NA,NA,NA,NA,NA,NA,NA,NA,NA,NA,NA,NA,NA,NA,NA,NA,NA,NA,NA,NA,NA,NA,62.6841359773371,3.53553390593274,0,0,1.62946175637394,0.565685424949238,7.58314447592068,0.636396103067893,NA,NA,2019,1970-01-01,NA,NA,NA,NA
"Deon Bush","CHI","DB","12783","weighted",NA,NA,NA,NA,NA,NA,NA,NA,NA,NA,NA,NA,NA,NA,NA,NA,NA,NA,NA,NA,NA,NA,NA,NA,NA,NA,NA,NA,NA,NA,NA,NA,NA,NA,NA,NA,NA,NA,NA,NA,NA,NA,NA,NA,53.8651167315175,13.3167311720554,0.434601167315175,0.534939303568956,0.69011673151751,0.309589376610976,5.07480544747082,2.33980617538715,NA,NA,2016,1993-08-14,NA,NA,NA,NA
"Patrick Peterson","ARI","DB","10260","weighted",NA,NA,NA,NA,NA,NA,NA,NA,NA,NA,NA,NA,NA,NA,NA,NA,NA,NA,NA,NA,NA,NA,NA,NA,NA,NA,NA,NA,NA,NA,NA,NA,NA,NA,NA,NA,NA,NA,NA,NA,NA,NA,NA,NA,52.9666342412451,10.2961927152981,0.960953307392996,0.236721551180264,1.48964980544747,0.520265407927865,5.2520233463035,0.92547065746285,NA,NA,2011,1990-07-11,NA,NA,NA,NA
"Desmond Trufant","DET","DB","11312","weighted",NA,NA,NA,NA,NA,NA,NA,NA,NA,NA,NA,NA,NA,NA,NA,NA,NA,NA,NA,NA,NA,NA,NA,NA,NA,NA,NA,NA,NA,NA,NA,NA,NA,NA,NA,NA,NA,NA,NA,NA,NA,NA,NA,NA,41.084513618677,22.4312433932919,0.368677042801556,0.591710827167944,1.73208171206226,0.754390159365502,7.64961089494163,3.26034599921814,NA,NA,2013,1990-09-10,NA,NA,NA,NA
"Ronnie Harrison","JAC","DB","13715","weighted",NA,NA,NA,NA,NA,NA,NA,NA,NA,NA,NA,NA,NA,NA,NA,NA,NA,NA,NA,NA,NA,NA,NA,NA,NA,NA,NA,NA,NA,NA,NA,NA,NA,NA,NA,NA,NA,NA,NA,NA,NA,NA,NA,NA,57.0079377431907,11.2742824138841,1.78867704280156,0.200978747575275,2.26268482490272,0.808251177178685,9.81649805447471,2.45198772194982,NA,NA,2018,1997-04-18,NA,NA,NA,NA
"Ronnie Harrison","CLE","DB","13715","weighted",NA,NA,NA,NA,NA,NA,NA,NA,NA,NA,NA,NA,NA,NA,NA,NA,NA,NA,NA,NA,NA,NA,NA,NA,NA,NA,NA,NA,NA,NA,NA,NA,NA,NA,NA,NA,NA,NA,NA,NA,NA,NA,NA,NA,57.0079377431907,11.2742824138841,1.78867704280156,0.200978747575275,2.26268482490272,0.808251177178685,9.81649805447471,2.45198772194982,NA,NA,2018,1997-04-18,NA,NA,NA,NA
"Byron Jones","MIA","DB","12268","weighted",NA,NA,NA,NA,NA,NA,NA,NA,NA,NA,NA,NA,NA,NA,NA,NA,NA,NA,NA,NA,NA,NA,NA,NA,NA,NA,NA,NA,NA,NA,NA,NA,NA,NA,NA,NA,NA,NA,NA,NA,NA,NA,NA,NA,50.9139883268482,16.6492613044706,0,0,0.796128404669261,0.416696228445673,7.08428015564202,3.99131691259506,NA,NA,2015,1992-08-26,NA,NA,NA,NA
"Rodney McLeod","PHI","DB","11017","weighted",NA,NA,NA,NA,NA,NA,NA,NA,NA,NA,NA,NA,NA,NA,NA,NA,NA,NA,NA,NA,NA,NA,NA,NA,NA,NA,NA,NA,NA,NA,NA,NA,NA,NA,NA,NA,NA,NA,NA,NA,NA,NA,NA,NA,56.466439688716,6.74365885481446,0.554455252918288,0.427727729059001,1.43900778210117,0.714956211613344,7.67038910505837,1.73191842638972,NA,NA,2012,1990-06-23,NA,NA,NA,NA
"Minkah Fitzpatrick","PIT","DB","13713","weighted",NA,NA,NA,NA,NA,NA,NA,NA,NA,NA,NA,NA,NA,NA,NA,NA,NA,NA,NA,NA,NA,NA,NA,NA,NA,NA,NA,NA,NA,NA,NA,NA,NA,NA,NA,NA,NA,NA,NA,NA,NA,NA,NA,NA,62.7197534668721,1.88090403795622,0.100770416024653,0.14142135623731,4.09161787365177,0.29698484809835,8.65664098613251,3.05470129472589,NA,NA,2018,1996-11-17,NA,NA,NA,NA
"Johnathan Abram","LVR","DB","14184","weighted",NA,NA,NA,NA,NA,NA,NA,NA,NA,NA,NA,NA,NA,NA,NA,NA,NA,NA,NA,NA,NA,NA,NA,NA,NA,NA,NA,NA,NA,NA,NA,NA,NA,NA,NA,NA,NA,NA,NA,NA,NA,NA,NA,NA,56.4844192634561,9.89949493661167,0.675779036827196,0.494974746830583,1.97266288951841,1.48492424049175,11.9643059490085,4.5254833995939,NA,NA,2019,1970-01-01,NA,NA,NA,NA
"William Jackson","CIN","DB","12737","weighted",NA,NA,NA,NA,NA,NA,NA,NA,NA,NA,NA,NA,NA,NA,NA,NA,NA,NA,NA,NA,NA,NA,NA,NA,NA,NA,NA,NA,NA,NA,NA,NA,NA,NA,NA,NA,NA,NA,NA,NA,NA,NA,NA,NA,43.9127272727273,27.9519310603042,0.029768875192604,0.0424264068711928,1.19007704160247,0.014142135623731,5.74662557781202,1.21622366364086,NA,NA,2016,1993-01-01,NA,NA,NA,NA
"Duron Harmon","DET","DB","11359","weighted",NA,NA,NA,NA,NA,NA,NA,NA,NA,NA,NA,NA,NA,NA,NA,NA,NA,NA,NA,NA,NA,NA,NA,NA,NA,NA,NA,NA,NA,NA,NA,NA,NA,NA,NA,NA,NA,NA,NA,NA,NA,NA,NA,NA,50.2749416342413,11.2193230173985,0,0,2.15470817120623,0.803914990301102,6.12632295719844,2.88465321353963,NA,NA,2013,1991-01-24,NA,NA,NA,NA
"Nevin Lawson","LVR","DB","11806","weighted",NA,NA,NA,NA,NA,NA,NA,NA,NA,NA,NA,NA,NA,NA,NA,NA,NA,NA,NA,NA,NA,NA,NA,NA,NA,NA,NA,NA,NA,NA,NA,NA,NA,NA,NA,NA,NA,NA,NA,NA,NA,NA,NA,NA,50.2570724191063,18.8938931933045,0.251926040061633,0.353553390593274,0.982372881355932,1.40007142674936,3.04046224961479,0.0848528137423858,NA,NA,2014,1991-04-23,"S","Suspension",2020,0
"Bashaud Breeland","KC","DB","11788","weighted",NA,NA,NA,NA,NA,NA,NA,NA,NA,NA,NA,NA,NA,NA,NA,NA,NA,NA,NA,NA,NA,NA,NA,NA,NA,NA,NA,NA,NA,NA,NA,NA,NA,NA,NA,NA,NA,NA,NA,NA,NA,NA,NA,NA,50.7348644793153,16.5250854763296,0,0,2.21129814550642,0.325269119345812,10.2071897289586,4.29920922961421,NA,NA,2014,1992-01-30,"S","Suspension",2020,0
"Fabian Moreau","WAS","DB","13270","weighted",NA,NA,NA,NA,NA,NA,NA,NA,NA,NA,NA,NA,NA,NA,NA,NA,NA,NA,NA,NA,NA,NA,NA,NA,NA,NA,NA,NA,NA,NA,NA,NA,NA,NA,NA,NA,NA,NA,NA,NA,NA,NA,NA,NA,49.4952234206471,19.2333044482741,0,0,1.63285053929122,0.523259018078045,5.7695531587057,1.75362481734264,NA,NA,2017,1994-04-09,"Q","Thigh",2020,0
"Carlton Davis","TB","DB","13710","weighted",NA,NA,NA,NA,NA,NA,NA,NA,NA,NA,NA,NA,NA,NA,NA,NA,NA,NA,NA,NA,NA,NA,NA,NA,NA,NA,NA,NA,NA,NA,NA,NA,NA,NA,NA,NA,NA,NA,NA,NA,NA,NA,NA,NA,50.8754085603113,10.819184382773,0.0219260700389105,0.039819507946498,1.54597276264591,1.23524587655937,12.7624124513619,1.16059032451444,NA,NA,2018,1996-12-31,"Q","Shoulder",2020,0
"Byron Murphy","ARI","DB","14180","weighted",NA,NA,NA,NA,NA,NA,NA,NA,NA,NA,NA,NA,NA,NA,NA,NA,NA,NA,NA,NA,NA,NA,NA,NA,NA,NA,NA,NA,NA,NA,NA,NA,NA,NA,NA,NA,NA,NA,NA,NA,NA,NA,NA,NA,61.749433427762,1.90918830920368,0.231586402266289,0.353553390593274,1.62946175637394,0.565685424949238,10.2589235127479,1.13137084989848,NA,NA,2019,1998-01-18,NA,NA,NA,NA
"Isaiah Oliver","ATL","DB","13709","weighted",NA,NA,NA,NA,NA,NA,NA,NA,NA,NA,NA,NA,NA,NA,NA,NA,NA,NA,NA,NA,NA,NA,NA,NA,NA,NA,NA,NA,NA,NA,NA,NA,NA,NA,NA,NA,NA,NA,NA,NA,NA,NA,NA,NA,52.1096887159533,9.48068087570242,0,0,0.957568093385214,0.986403946199782,9.39548638132296,1.49382405529296,NA,NA,2018,1996-09-30,NA,NA,NA,NA
"TreDavious White","BUF","DB","13249","weighted",NA,NA,NA,NA,NA,NA,NA,NA,NA,NA,NA,NA,NA,NA,NA,NA,NA,NA,NA,NA,NA,NA,NA,NA,NA,NA,NA,NA,NA,NA,NA,NA,NA,NA,NA,NA,NA,NA,NA,NA,NA,NA,NA,NA,50.992140077821,9.81085069190623,0.662412451361868,0.318238699382901,4.23324902723735,0.22900905464884,12.0530739299611,1.55476991947759,NA,NA,2017,1995-01-16,NA,NA,NA,NA
"Jason McCourty","NE","DB","9633","weighted",NA,NA,NA,NA,NA,NA,NA,NA,NA,NA,NA,NA,NA,NA,NA,NA,NA,NA,NA,NA,NA,NA,NA,NA,NA,NA,NA,NA,NA,NA,NA,NA,NA,NA,NA,NA,NA,NA,NA,NA,NA,NA,NA,NA,49.377688751926,18.7807561083147,0,0,1.18853620955316,0.268700576850888,5.8717719568567,0.325269119345812,NA,NA,2009,1987-08-13,NA,NA,NA,NA
"Jimmie Ward","SF","DB","11768","weighted",NA,NA,NA,NA,NA,NA,NA,NA,NA,NA,NA,NA,NA,NA,NA,NA,NA,NA,NA,NA,NA,NA,NA,NA,NA,NA,NA,NA,NA,NA,NA,NA,NA,NA,NA,NA,NA,NA,NA,NA,NA,NA,NA,NA,62.4893066255778,0.127279220613578,0.675963020030817,0.176776695296637,1.08160246533128,1.54149278298667,7.73534668721109,4.65276262020748,NA,NA,2014,1991-07-18,NA,NA,NA,NA
"Darnell Savage","GB","DB","14197","weighted",NA,NA,NA,NA,NA,NA,NA,NA,NA,NA,NA,NA,NA,NA,NA,NA,NA,NA,NA,NA,NA,NA,NA,NA,NA,NA,NA,NA,NA,NA,NA,NA,NA,NA,NA,NA,NA,NA,NA,NA,NA,NA,NA,NA,54.4844192634561,9.89949493661167,0.0926345609065156,0.14142135623731,1.18526912181303,0.282842712474619,6.37889518413598,2.47487373415292,NA,NA,2019,1997-07-30,NA,NA,NA,NA
"Shaq Griffin","SEA","DB","13273","weighted",NA,NA,NA,NA,NA,NA,NA,NA,NA,NA,NA,NA,NA,NA,NA,NA,NA,NA,NA,NA,NA,NA,NA,NA,NA,NA,NA,NA,NA,NA,NA,NA,NA,NA,NA,NA,NA,NA,NA,NA,NA,NA,NA,NA,52.5185019455253,7.38222243084341,0.52772373540856,0.505256485342655,2.17970817120623,1.40762874849121,10.9512840466926,3.0801172814769,NA,NA,2017,1994-01-01,NA,NA,NA,NA
"Kevin King","GB","DB","13250","weighted",NA,NA,NA,NA,NA,NA,NA,NA,NA,NA,NA,NA,NA,NA,NA,NA,NA,NA,NA,NA,NA,NA,NA,NA,NA,NA,NA,NA,NA,NA,NA,NA,NA,NA,NA,NA,NA,NA,NA,NA,NA,NA,NA,NA,57.239280155642,6.01305549203845,0.784571984435798,0.25510428948,3.79278210116731,0.296571196893255,13.1884824902724,2.76516520048403,NA,NA,2017,1995-05-05,NA,NA,NA,NA
"Mackensie Alexander","CIN","DB","12713","weighted",NA,NA,NA,NA,NA,NA,NA,NA,NA,NA,NA,NA,NA,NA,NA,NA,NA,NA,NA,NA,NA,NA,NA,NA,NA,NA,NA,NA,NA,NA,NA,NA,NA,NA,NA,NA,NA,NA,NA,NA,NA,NA,NA,NA,40.0447149460709,29.4227131651722,0.57211093990755,0.530330085889911,0.728998459167951,0.183847763108502,4.66098613251156,1.65462986797652,NA,NA,2016,1993-11-12,"Q","Personal",2020,0
"Avonte Maddox","PHI","DB","13767","weighted",NA,NA,NA,NA,NA,NA,NA,NA,NA,NA,NA,NA,NA,NA,NA,NA,NA,NA,NA,NA,NA,NA,NA,NA,NA,NA,NA,NA,NA,NA,NA,NA,NA,NA,NA,NA,NA,NA,NA,NA,NA,NA,NA,NA,51.5184283513097,13.1380439944461,0.52095531587057,0.742462120245875,0.863913713405239,1.11722871427475,8.46194144838213,2.1920310216783,NA,NA,2018,1996-03-31,"Q","Lower Body",2020,0
"Marcus Peters","BAL","DB","12245","weighted",NA,NA,NA,NA,NA,NA,NA,NA,NA,NA,NA,NA,NA,NA,NA,NA,NA,NA,NA,NA,NA,NA,NA,NA,NA,NA,NA,NA,NA,NA,NA,NA,NA,NA,NA,NA,NA,NA,NA,NA,NA,NA,NA,NA,48.0987743190661,13.1325841081555,0,0,3.69252918287938,1.59063629582685,12.3350778210117,5.27986535866477,NA,NA,2015,1993-01-09,NA,NA,NA,NA
"Josh Norman","BUF","DB","10851","weighted",NA,NA,NA,NA,NA,NA,NA,NA,NA,NA,NA,NA,NA,NA,NA,NA,NA,NA,NA,NA,NA,NA,NA,NA,NA,NA,NA,NA,NA,NA,NA,NA,NA,NA,NA,NA,NA,NA,NA,NA,NA,NA,NA,NA,43.2559338521401,15.194795862967,0.636867704280156,0.341218492942962,1.40961089494163,0.855846280319321,6.04622568093385,2.97940041506718,NA,NA,2012,1987-12-15,"Q","Hamstring",2020,0
"Marshon Lattimore","NO","DB","13224","weighted",NA,NA,NA,NA,NA,NA,NA,NA,NA,NA,NA,NA,NA,NA,NA,NA,NA,NA,NA,NA,NA,NA,NA,NA,NA,NA,NA,NA,NA,NA,NA,NA,NA,NA,NA,NA,NA,NA,NA,NA,NA,NA,NA,NA,54.6931712062257,7.30389568459446,0,0,2.68579766536965,0.41495583840761,13.3943190661479,2.58753611063737,NA,NA,2017,1996-05-19,NA,NA,NA,NA
"Chuck Clark","BAL","DB","13322","weighted",NA,NA,NA,NA,NA,NA,NA,NA,NA,NA,NA,NA,NA,NA,NA,NA,NA,NA,NA,NA,NA,NA,NA,NA,NA,NA,NA,NA,NA,NA,NA,NA,NA,NA,NA,NA,NA,NA,NA,NA,NA,NA,NA,NA,52.7046887159533,8.43673122616052,1.41546692607004,1.09479716353689,1.67955252918288,1.02948964292302,8.32112840466926,3.63754428823786,NA,NA,2017,1995-04-19,NA,NA,NA,NA
"Sean Davis","FA","DB","12748","weighted",NA,NA,NA,NA,NA,NA,NA,NA,NA,NA,NA,NA,NA,NA,NA,NA,NA,NA,NA,NA,NA,NA,NA,NA,NA,NA,NA,NA,NA,NA,NA,NA,NA,NA,NA,NA,NA,NA,NA,NA,NA,NA,NA,NA,58.1473087818697,2.82842712474619,0.536827195467422,0.707106781186548,1.30524079320113,1.06066017177982,5.93470254957507,1.62634559672906,NA,NA,2016,NA,NA,NA,NA,NA
"Sean Davis","PIT","DB","12748","weighted",NA,NA,NA,NA,NA,NA,NA,NA,NA,NA,NA,NA,NA,NA,NA,NA,NA,NA,NA,NA,NA,NA,NA,NA,NA,NA,NA,NA,NA,NA,NA,NA,NA,NA,NA,NA,NA,NA,NA,NA,NA,NA,NA,NA,58.1473087818697,2.82842712474619,0.536827195467422,0.707106781186548,1.30524079320113,1.06066017177982,5.93470254957507,1.62634559672906,NA,NA,2016,NA,NA,NA,NA,NA
"Marcus Williams","NO","DB","13253","weighted",NA,NA,NA,NA,NA,NA,NA,NA,NA,NA,NA,NA,NA,NA,NA,NA,NA,NA,NA,NA,NA,NA,NA,NA,NA,NA,NA,NA,NA,NA,NA,NA,NA,NA,NA,NA,NA,NA,NA,NA,NA,NA,NA,NA,46.3698638132296,11.2977941439486,0.0375875486381323,0.068262013622568,3.7247859922179,0.793449584970552,9.87807392996109,1.99346044102042,NA,NA,2017,1996-09-08,NA,NA,NA,NA
"Johnathan Joseph","TEN","DB","8265","weighted",NA,NA,NA,NA,NA,NA,NA,NA,NA,NA,NA,NA,NA,NA,NA,NA,NA,NA,NA,NA,NA,NA,NA,NA,NA,NA,NA,NA,NA,NA,NA,NA,NA,NA,NA,NA,NA,NA,NA,NA,NA,NA,NA,NA,41.7124807395994,25.2437120883598,0,0,1.98083204930663,1.68291413922398,9.43343605546995,3.04055915910215,NA,NA,2006,1984-04-16,NA,NA,NA,NA
"Troy Hill","LAR","DB","12589","weighted",NA,NA,NA,NA,NA,NA,NA,NA,NA,NA,NA,NA,NA,NA,NA,NA,NA,NA,NA,NA,NA,NA,NA,NA,NA,NA,NA,NA,NA,NA,NA,NA,NA,NA,NA,NA,NA,NA,NA,NA,NA,NA,NA,NA,46.9277349768875,17.8544462249603,0.328228043143297,0.325269119345812,1.25038520801233,0.0707106781186548,6.65038520801233,0.0707106781186551,NA,NA,NA,NA,NA,NA,NA,NA
"Jalen Mills","PHI","DB","12716","weighted",NA,NA,NA,NA,NA,NA,NA,NA,NA,NA,NA,NA,NA,NA,NA,NA,NA,NA,NA,NA,NA,NA,NA,NA,NA,NA,NA,NA,NA,NA,NA,NA,NA,NA,NA,NA,NA,NA,NA,NA,NA,NA,NA,NA,57.8985516178737,1.56977705423413,0.644314329738059,0.791959594928933,2.53583975346687,0.763675323681471,10.0024036979969,2.27688383542068,NA,NA,2016,1994-04-06,NA,NA,NA,NA
"Kenny Moore","IND","DB","13470","weighted",NA,NA,NA,NA,NA,NA,NA,NA,NA,NA,NA,NA,NA,NA,NA,NA,NA,NA,NA,NA,NA,NA,NA,NA,NA,NA,NA,NA,NA,NA,NA,NA,NA,NA,NA,NA,NA,NA,NA,NA,NA,NA,NA,NA,56.2209631728045,4.24264068711929,2.77790368271955,0.424264068711929,3.09263456090652,0.14142135623731,8.86940509915014,3.25269119345812,NA,NA,2017,1995-08-23,NA,NA,NA,NA
"Ahkello Witherspoon","SF","DB","13266","weighted",NA,NA,NA,NA,NA,NA,NA,NA,NA,NA,NA,NA,NA,NA,NA,NA,NA,NA,NA,NA,NA,NA,NA,NA,NA,NA,NA,NA,NA,NA,NA,NA,NA,NA,NA,NA,NA,NA,NA,NA,NA,NA,NA,NA,54.7535285053929,5.77706240229409,0.15115562403698,0.212132034355964,2.08006163328197,1.82433549546129,7.29633281972265,2.99813275223096,NA,NA,2017,1995-03-21,NA,NA,NA,NA
"D.J. Hayden","JAC","DB","11346","weighted",NA,NA,NA,NA,NA,NA,NA,NA,NA,NA,NA,NA,NA,NA,NA,NA,NA,NA,NA,NA,NA,NA,NA,NA,NA,NA,NA,NA,NA,NA,NA,NA,NA,NA,NA,NA,NA,NA,NA,NA,NA,NA,NA,NA,41.9454085603113,14.1256531853061,1.51686770428016,0.454101003968803,0.732023346303502,0.618492373409046,6.42359922178988,0.660522413868821,NA,NA,2013,1990-06-27,NA,NA,NA,NA
"Pierre Desir","NYJ","DB","11801","weighted",NA,NA,NA,NA,NA,NA,NA,NA,NA,NA,NA,NA,NA,NA,NA,NA,NA,NA,NA,NA,NA,NA,NA,NA,NA,NA,NA,NA,NA,NA,NA,NA,NA,NA,NA,NA,NA,NA,NA,NA,NA,NA,NA,NA,47.7408320493066,15.4502831689261,0.230539291217257,0.0989949493661166,1.85491525423729,0.933380951166243,7.38391371340524,1.11722871427475,NA,NA,2014,1990-09-08,"Q","Hamstring",2020,0
"Bradley Roby","HOU","DB","11735","weighted",NA,NA,NA,NA,NA,NA,NA,NA,NA,NA,NA,NA,NA,NA,NA,NA,NA,NA,NA,NA,NA,NA,NA,NA,NA,NA,NA,NA,NA,NA,NA,NA,NA,NA,NA,NA,NA,NA,NA,NA,NA,NA,NA,NA,51.9987673343606,9.40452018978108,0.699229583975347,0.14142135623731,2.84730354391371,0.494974746830583,9.39016949152542,1.86676190233248,NA,NA,2014,1992-05-01,NA,NA,NA,NA
"Jaquiski Tartt","SF","DB","12274","weighted",NA,NA,NA,NA,NA,NA,NA,NA,NA,NA,NA,NA,NA,NA,NA,NA,NA,NA,NA,NA,NA,NA,NA,NA,NA,NA,NA,NA,NA,NA,NA,NA,NA,NA,NA,NA,NA,NA,NA,NA,NA,NA,NA,NA,47.5876770538244,14.6371103705615,1.18526912181303,0.282842712474619,0.861048158640227,0.212132034355964,4.76841359773371,0.353553390593274,NA,NA,2015,1992-02-18,NA,NA,NA,NA
"Tashaun Gipson","CHI","DB","11010","weighted",NA,NA,NA,NA,NA,NA,NA,NA,NA,NA,NA,NA,NA,NA,NA,NA,NA,NA,NA,NA,NA,NA,NA,NA,NA,NA,NA,NA,NA,NA,NA,NA,NA,NA,NA,NA,NA,NA,NA,NA,NA,NA,NA,NA,38.2559727626459,27.6132938601358,0,0,1.94885214007782,1.39433281652746,4.69822957198444,2.95349728030843,NA,NA,2012,1990-08-07,"Q","Lower Back",2020,0
"Denzel Ward","CLE","DB","13707","weighted",NA,NA,NA,NA,NA,NA,NA,NA,NA,NA,NA,NA,NA,NA,NA,NA,NA,NA,NA,NA,NA,NA,NA,NA,NA,NA,NA,NA,NA,NA,NA,NA,NA,NA,NA,NA,NA,NA,NA,NA,NA,NA,NA,NA,52.5294747081712,5.32575373983675,0,0,3.0327626459144,0.943958084217845,12.6067704280156,1.36556758085147,NA,NA,2018,1997-04-28,NA,NA,NA,NA
"Anthony Harris","MIN","DB","12252","weighted",NA,NA,NA,NA,NA,NA,NA,NA,NA,NA,NA,NA,NA,NA,NA,NA,NA,NA,NA,NA,NA,NA,NA,NA,NA,NA,NA,NA,NA,NA,NA,NA,NA,NA,NA,NA,NA,NA,NA,NA,NA,NA,NA,NA,45.4785992217899,10.4586943784382,0.0814396887159533,0.147901029515564,3.82322957198444,2.84173640547229,10.7032295719844,2.3550394699786,NA,NA,2015,1992-06-04,NA,NA,NA,NA
"Darius Slay","PHI","DB","11348","weighted",NA,NA,NA,NA,NA,NA,NA,NA,NA,NA,NA,NA,NA,NA,NA,NA,NA,NA,NA,NA,NA,NA,NA,NA,NA,NA,NA,NA,NA,NA,NA,NA,NA,NA,NA,NA,NA,NA,NA,NA,NA,NA,NA,NA,45.7771789883268,9.70420944582811,0.0698832684824903,0.109461973392225,1.61731517509728,0.858137309115771,12.0835408560311,1.60493310550801,NA,NA,2013,1991-01-01,NA,NA,NA,NA
"Jimmy Smith","BAL","DB","10294","weighted",NA,NA,NA,NA,NA,NA,NA,NA,NA,NA,NA,NA,NA,NA,NA,NA,NA,NA,NA,NA,NA,NA,NA,NA,NA,NA,NA,NA,NA,NA,NA,NA,NA,NA,NA,NA,NA,NA,NA,NA,NA,NA,NA,NA,45.7255161787365,16.4260905269635,0.846964560862866,0.360624458405139,2.93439137134052,0.806101730552664,7.89257318952234,4.14364573775317,NA,NA,2011,1988-07-26,NA,NA,NA,NA
"Malcolm Butler","TEN","DB","11965","weighted",NA,NA,NA,NA,NA,NA,NA,NA,NA,NA,NA,NA,NA,NA,NA,NA,NA,NA,NA,NA,NA,NA,NA,NA,NA,NA,NA,NA,NA,NA,NA,NA,NA,NA,NA,NA,NA,NA,NA,NA,NA,NA,NA,NA,45.4427118644068,16.0230396616872,0.25115562403698,0.212132034355964,2.50453004622496,1.0040916292849,9.10231124807396,0.424264068711928,NA,NA,2014,1990-03-02,NA,NA,NA,NA
"Stephon Gilmore","NE","DB","10789","weighted",NA,NA,NA,NA,NA,NA,NA,NA,NA,NA,NA,NA,NA,NA,NA,NA,NA,NA,NA,NA,NA,NA,NA,NA,NA,NA,NA,NA,NA,NA,NA,NA,NA,NA,NA,NA,NA,NA,NA,NA,NA,NA,NA,NA,43.8331906614786,11.9189336525238,0.0626459143968872,0.11377002270428,3.44089494163424,1.52838971271901,14.1526848249027,2.67315849102973,NA,NA,2012,1990-09-19,NA,NA,NA,NA
"Justin Coleman","DET","DB","12523","weighted",NA,NA,NA,NA,NA,NA,NA,NA,NA,NA,NA,NA,NA,NA,NA,NA,NA,NA,NA,NA,NA,NA,NA,NA,NA,NA,NA,NA,NA,NA,NA,NA,NA,NA,NA,NA,NA,NA,NA,NA,NA,NA,NA,NA,52.7677349768875,4.08707719525824,0,0,1.31291217257319,1.30107647738325,10.0962403697997,1.14551298552221,NA,NA,NA,NA,NA,NA,NA,NA
"Andrew Sendejo","CLE","DB","10220","weighted",NA,NA,NA,NA,NA,NA,NA,NA,NA,NA,NA,NA,NA,NA,NA,NA,NA,NA,NA,NA,NA,NA,NA,NA,NA,NA,NA,NA,NA,NA,NA,NA,NA,NA,NA,NA,NA,NA,NA,NA,NA,NA,NA,NA,38.4184135977337,25.3144227664784,1.30524079320113,1.06066017177982,1.58314447592068,0.636396103067893,4.2399433427762,2.68700576850888,NA,NA,2010,1987-09-09,NA,NA,NA,NA
"Jordan Whitehead","TB","DB","13760","weighted",NA,NA,NA,NA,NA,NA,NA,NA,NA,NA,NA,NA,NA,NA,NA,NA,NA,NA,NA,NA,NA,NA,NA,NA,NA,NA,NA,NA,NA,NA,NA,NA,NA,NA,NA,NA,NA,NA,NA,NA,NA,NA,NA,NA,49.3029745042493,8.69741340859454,0.138951841359773,0.212132034355964,0.814730878186969,0.282842712474619,6.60212464589235,0.919238815542512,NA,NA,2018,1997-03-18,NA,NA,NA,NA
"Chauncey Gardner-Johnson","NO","DB","14224","weighted",NA,NA,NA,NA,NA,NA,NA,NA,NA,NA,NA,NA,NA,NA,NA,NA,NA,NA,NA,NA,NA,NA,NA,NA,NA,NA,NA,NA,NA,NA,NA,NA,NA,NA,NA,NA,NA,NA,NA,NA,NA,NA,NA,NA,46.8549575070822,10.4651803615609,0.675779036827196,0.494974746830583,1.04631728045326,0.0707106781186548,8.73271954674221,4.17193000900063,NA,NA,2019,1997-12-20,NA,NA,NA,NA
"Justin Evans","TB","DB","13257","weighted",NA,NA,NA,NA,NA,NA,NA,NA,NA,NA,NA,NA,NA,NA,NA,NA,NA,NA,NA,NA,NA,NA,NA,NA,NA,NA,NA,NA,NA,NA,NA,NA,NA,NA,NA,NA,NA,NA,NA,NA,NA,NA,NA,NA,49.371063174114,6.22961074225348,0.45346687211094,0.636396103067893,2.2159938366718,0.73539105243401,10.7392604006163,1.05358910396796,NA,NA,2017,1995-08-26,NA,"Foot",2020,0
"Brian Poole","NYJ","DB","12938","weighted",NA,NA,NA,NA,NA,NA,NA,NA,NA,NA,NA,NA,NA,NA,NA,NA,NA,NA,NA,NA,NA,NA,NA,NA,NA,NA,NA,NA,NA,NA,NA,NA,NA,NA,NA,NA,NA,NA,NA,NA,NA,NA,NA,NA,47.5808781869688,8.27314933988261,0.536827195467422,0.707106781186548,1.86104815864023,0.212132034355964,4.86104815864023,0.212132034355964,NA,NA,2016,1992-10-20,"Q","Illness",2020,0
"Trayvon Mullen","LVR","DB","14181","weighted",NA,NA,NA,NA,NA,NA,NA,NA,NA,NA,NA,NA,NA,NA,NA,NA,NA,NA,NA,NA,NA,NA,NA,NA,NA,NA,NA,NA,NA,NA,NA,NA,NA,NA,NA,NA,NA,NA,NA,NA,NA,NA,NA,NA,49.435835694051,2.1920310216783,0.138951841359773,0.212132034355964,1.58314447592068,0.636396103067893,12.564164305949,2.1920310216783,NA,NA,2019,1970-01-01,NA,NA,NA,NA
"Lamarcus Joyner","LVR","DB","11742","weighted",NA,NA,NA,NA,NA,NA,NA,NA,NA,NA,NA,NA,NA,NA,NA,NA,NA,NA,NA,NA,NA,NA,NA,NA,NA,NA,NA,NA,NA,NA,NA,NA,NA,NA,NA,NA,NA,NA,NA,NA,NA,NA,NA,NA,46.1093484419264,5.939696961967,0.536827195467422,0.707106781186548,0.550722379603399,0.685893577750951,4.88838526912181,1.69705627484771,NA,NA,2014,1990-11-27,NA,NA,NA,NA
"Desmond King","LAC","DB","13232","weighted",NA,NA,NA,NA,NA,NA,NA,NA,NA,NA,NA,NA,NA,NA,NA,NA,NA,NA,NA,NA,NA,NA,NA,NA,NA,NA,NA,NA,NA,NA,NA,NA,NA,NA,NA,NA,NA,NA,NA,NA,NA,NA,NA,NA,43.0903682719547,7.49533188057741,1.95368271954674,0.0707106781186548,1.07365439093484,1.4142135623731,4.68413597733711,3.53553390593274,NA,NA,2017,1994-12-14,NA,NA,NA,NA
"Jeff Heath","LVR","DB","11543","weighted",NA,NA,NA,NA,NA,NA,NA,NA,NA,NA,NA,NA,NA,NA,NA,NA,NA,NA,NA,NA,NA,NA,NA,NA,NA,NA,NA,NA,NA,NA,NA,NA,NA,NA,NA,NA,NA,NA,NA,NA,NA,NA,NA,NA,34.3196883852691,14.7785317267988,0,0,0.536827195467422,0.707106781186548,4.23158640226629,0.353553390593274,NA,NA,2013,1991-05-14,NA,NA,NA,NA
"Juan Thornhill","KC","DB","14207","weighted",NA,NA,NA,NA,NA,NA,NA,NA,NA,NA,NA,NA,NA,NA,NA,NA,NA,NA,NA,NA,NA,NA,NA,NA,NA,NA,NA,NA,NA,NA,NA,NA,NA,NA,NA,NA,NA,NA,NA,NA,NA,NA,NA,NA,40.0463172804533,0.0707106781186558,0,0,2.46317280453258,0.707106781186548,6.09263456090652,0.14142135623731,NA,NA,2019,1970-01-01,NA,NA,NA,NA
"Greedy Williams","CLE","DB","14177","weighted",NA,NA,NA,NA,NA,NA,NA,NA,NA,NA,NA,NA,NA,NA,NA,NA,NA,NA,NA,NA,NA,NA,NA,NA,NA,NA,NA,NA,NA,NA,NA,NA,NA,NA,NA,NA,NA,NA,NA,NA,NA,NA,NA,NA,36.8041076487252,4.87903679018718,0.324220963172805,0.494974746830583,1.07365439093484,1.4142135623731,5.00835694050992,3.04055915910216,NA,NA,2019,1970-01-01,"Q","Shoulder",2020,0
"Marquise Blair","SEA","DB","14202","weighted",NA,NA,NA,NA,NA,NA,NA,NA,NA,NA,NA,NA,NA,NA,NA,NA,NA,NA,NA,NA,NA,NA,NA,NA,NA,NA,NA,NA,NA,NA,NA,NA,NA,NA,NA,NA,NA,NA,NA,NA,NA,NA,NA,NA,24.4753541076487,20.6475180106472,0.536827195467422,0.707106781186548,0.536827195467422,0.707106781186548,4.66515580736544,5.09116882454314,NA,NA,2019,NA,NA,NA,NA,NA
