fantasypros_id,mfl_id,name,position,source_position,nfl_team,league_projected_points,league_scoring_status,fantasypros_points_std,fantasypros_points_half,fantasypros_points_ppr,stats_json
8240,510,Pittsburgh Steelers,DEF,DST,PIT,121.81,calculated,119.66,119.66,119.66,"{""def_ff"":21.41,""def_fr"":12.76,""def_int"":14.38,""def_pa_a"":0,""def_pa_b"":0,""def_pa_c"":0,""def_pa_d"":0,""def_pa_e"":0,""def_pa_f"":0,""def_pa_g"":0,""def_retd"":0.54,""def_sack"":47.31,""def_safety"":0.57,""def_td"":2.82,""points"":119.66,""points_half"":119.66,""points_ppr"":119.66}"
8270,530,San Francisco 49ers,DEF,DST,SF,118.89,calculated,116.76,116.76,116.76,"{""def_ff"":21.63,""def_fr"":12.46,""def_int"":14.04,""def_pa_a"":0,""def_pa_b"":0,""def_pa_c"":0,""def_pa_d"":0,""def_pa_e"":0,""def_pa_f"":0,""def_pa_g"":0,""def_retd"":0.53,""def_sack"":45.65,""def_safety"":0.21,""def_td"":2.95,""points"":116.76,""points_half"":116.76,""points_ppr"":116.76}"
8280,528,Los Angeles Rams,DEF,DST,LAR,115.32,calculated,113.38,113.38,113.38,"{""def_ff"":17.1,""def_fr"":10.96,""def_int"":13.86,""def_pa_a"":0,""def_pa_b"":0,""def_pa_c"":0,""def_pa_d"":0,""def_pa_e"":0,""def_pa_f"":0,""def_pa_g"":0,""def_retd"":0.48,""def_sack"":44.64,""def_safety"":0.5,""def_td"":3.02,""points"":113.38,""points_half"":113.38,""points_ppr"":113.38}"
8180,504,New England Patriots,DEF,DST,NE,114.09,calculated,112.03,112.03,112.03,"{""def_ff"":15.65,""def_fr"":10.34,""def_int"":15.37,""def_pa_a"":0,""def_pa_b"":0,""def_pa_c"":0,""def_pa_d"":0,""def_pa_e"":0,""def_pa_f"":0,""def_pa_g"":0,""def_retd"":0.52,""def_sack"":41.27,""def_safety"":0.84,""def_td"":2.94,""points"":112.03,""points_half"":112.03,""points_ppr"":112.03}"
8020,531,Baltimore Ravens,DEF,DST,BAL,112.0,calculated,109.58,109.58,109.58,"{""def_ff"":17.9,""def_fr"":10.38,""def_int"":14.6,""def_pa_a"":0,""def_pa_b"":0,""def_pa_c"":0,""def_pa_d"":0,""def_pa_e"":0,""def_pa_f"":0,""def_pa_g"":0,""def_retd"":0.6,""def_sack"":39.92,""def_safety"":0.53,""def_td"":3.11,""points"":109.58,""points_half"":109.58,""points_ppr"":109.58}"
8170,524,Minnesota Vikings,DEF,DST,MIN,111.43,calculated,109.44,109.44,109.44,"{""def_ff"":20.64,""def_fr"":11.58,""def_int"":13.45,""def_pa_a"":0,""def_pa_b"":0,""def_pa_c"":0,""def_pa_d"":0,""def_pa_e"":0,""def_pa_f"":0,""def_pa_g"":0,""def_retd"":0.49,""def_sack"":43.13,""def_safety"":0.85,""def_td"":2.43,""points"":109.44,""points_half"":109.44,""points_ppr"":109.44}"
8190,529,New Orleans Saints,DEF,DST,NO,110.64,calculated,107.4,107.4,107.4,"{""def_ff"":17.76,""def_fr"":10.91,""def_int"":12.72,""def_pa_a"":0,""def_pa_b"":0,""def_pa_c"":0,""def_pa_d"":0,""def_pa_e"":0,""def_pa_f"":0,""def_pa_g"":0,""def_retd"":0.81,""def_sack"":42.98,""def_safety"":0.51,""def_td"":2.69,""points"":107.4,""points_half"":107.4,""points_ppr"":107.4}"
8150,512,Kansas City Chiefs,DEF,DST,KC,110.33,calculated,107.77,107.77,107.77,"{""def_ff"":14.09,""def_fr"":9.4,""def_int"":14.55,""def_pa_a"":0,""def_pa_b"":0,""def_pa_c"":0,""def_pa_d"":0,""def_pa_e"":0,""def_pa_f"":0,""def_pa_g"":0,""def_retd"":0.64,""def_sack"":41.73,""def_safety"":0.19,""def_td"":2.96,""points"":107.77,""points_half"":107.77,""points_ppr"":107.77}"
8230,518,Philadelphia Eagles,DEF,DST,PHI,109.66,calculated,107.85,107.85,107.85,"{""def_ff"":15.43,""def_fr"":10.59,""def_int"":14.36,""def_pa_a"":0,""def_pa_b"":0,""def_pa_c"":0,""def_pa_d"":0,""def_pa_e"":0,""def_pa_f"":0,""def_pa_g"":0,""def_retd"":0.45,""def_sack"":40.26,""def_safety"":0.54,""def_td"":2.77,""points"":107.85,""points_half"":107.85,""points_ppr"":107.85}"
8030,501,Buffalo Bills,DEF,DST,BUF,108.38,calculated,106.52,106.52,106.52,"{""def_ff"":16.85,""def_fr"":10.57,""def_int"":13.87,""def_pa_a"":0,""def_pa_b"":0,""def_pa_c"":0,""def_pa_d"":0,""def_pa_e"":0,""def_pa_f"":0,""def_pa_g"":0,""def_retd"":0.46,""def_sack"":40.54,""def_safety"":0.52,""def_td"":2.68,""points"":106.52,""points_half"":106.52,""points_ppr"":106.52}"
8290,525,Tampa Bay Buccaneers,DEF,DST,TB,108.27,calculated,106.04,106.04,106.04,"{""def_ff"":21.46,""def_fr"":11.54,""def_int"":12.89,""def_pa_a"":0,""def_pa_b"":0,""def_pa_c"":0,""def_pa_d"":0,""def_pa_e"":0,""def_pa_f"":0,""def_pa_g"":0,""def_retd"":0.55,""def_sack"":39.45,""def_safety"":0.24,""def_td"":2.88,""points"":106.04,""points_half"":106.04,""points_ppr"":106.04}"
8130,502,Indianapolis Colts,DEF,DST,IND,107.11,calculated,104.57,104.57,104.57,"{""def_ff"":16.05,""def_fr"":10.15,""def_int"":13.01,""def_pa_a"":0,""def_pa_b"":0,""def_pa_c"":0,""def_pa_d"":0,""def_pa_e"":0,""def_pa_f"":0,""def_pa_g"":0,""def_retd"":0.63,""def_sack"":42.37,""def_safety"":0.87,""def_td"":2.36,""points"":104.57,""points_half"":104.57,""points_ppr"":104.57}"
8260,515,Seattle Seahawks,DEF,DST,SEA,106.36,calculated,104.33,104.33,104.33,"{""def_ff"":20.01,""def_fr"":12.02,""def_int"":13.73,""def_pa_a"":0,""def_pa_b"":0,""def_pa_c"":0,""def_pa_d"":0,""def_pa_e"":0,""def_pa_f"":0,""def_pa_g"":0,""def_retd"":0.51,""def_sack"":36.3,""def_safety"":0.19,""def_td"":2.69,""points"":104.33,""points_half"":104.33,""points_ppr"":104.33}"
8070,507,Cleveland Browns,DEF,DST,CLE,104.03,calculated,102.53,102.53,102.53,"{""def_ff"":14.87,""def_fr"":9.94,""def_int"":13.97,""def_pa_a"":0,""def_pa_b"":0,""def_pa_c"":0,""def_pa_d"":0,""def_pa_e"":0,""def_pa_f"":0,""def_pa_g"":0,""def_retd"":0.38,""def_sack"":39.97,""def_safety"":0.52,""def_td"":2.28,""points"":102.53,""points_half"":102.53,""points_ppr"":102.53}"
8110,523,Green Bay Packers,DEF,DST,GB,103.94,calculated,101.93,101.93,101.93,"{""def_ff"":13.42,""def_fr"":9.14,""def_int"":14.25,""def_pa_a"":0,""def_pa_b"":0,""def_pa_c"":0,""def_pa_d"":0,""def_pa_e"":0,""def_pa_f"":0,""def_pa_g"":0,""def_retd"":0.5,""def_sack"":40.22,""def_safety"":0.51,""def_td"":2.32,""points"":101.93,""points_half"":101.93,""points_ppr"":101.93}"
8080,516,Dallas Cowboys,DEF,DST,DAL,103.0,calculated,101.01,101.01,101.01,"{""def_ff"":17.37,""def_fr"":10.8,""def_int"":12.08,""def_pa_a"":0,""def_pa_b"":0,""def_pa_c"":0,""def_pa_d"":0,""def_pa_e"":0,""def_pa_f"":0,""def_pa_g"":0,""def_retd"":0.49,""def_sack"":40.5,""def_safety"":0.19,""def_td"":2.4,""points"":101.01,""points_half"":101.01,""points_ppr"":101.01}"
8310,520,Washington Commanders,DEF,DST,WAS,101.62,calculated,99.9,99.9,99.9,"{""def_ff"":15.98,""def_fr"":10.21,""def_int"":11.93,""def_pa_a"":0,""def_pa_b"":0,""def_pa_c"":0,""def_pa_d"":0,""def_pa_e"":0,""def_pa_f"":0,""def_pa_g"":0,""def_retd"":0.43,""def_sack"":41.4,""def_safety"":0.18,""def_td"":2.31,""points"":99.9,""points_half"":99.9,""points_ppr"":99.9}"
8040,527,Carolina Panthers,DEF,DST,CAR,101.54,calculated,100.05,100.05,100.05,"{""def_ff"":13.7,""def_fr"":9.13,""def_int"":12.17,""def_pa_a"":0,""def_pa_b"":0,""def_pa_c"":0,""def_pa_d"":0,""def_pa_e"":0,""def_pa_f"":0,""def_pa_g"":0,""def_retd"":0.37,""def_sack"":42.66,""def_safety"":0.83,""def_td"":2.19,""points"":100.05,""points_half"":100.05,""points_ppr"":100.05}"
8090,511,Denver Broncos,DEF,DST,DEN,100.94,calculated,99,99,99,"{""def_ff"":14.69,""def_fr"":9.5,""def_int"":13.02,""def_pa_a"":0,""def_pa_b"":0,""def_pa_c"":0,""def_pa_d"":0,""def_pa_e"":0,""def_pa_f"":0,""def_pa_g"":0,""def_retd"":0.49,""def_sack"":37.9,""def_safety"":0.52,""def_td"":2.5,""points"":99,""points_half"":99,""points_ppr"":99}"
8050,521,Chicago Bears,DEF,DST,CHI,100.91,calculated,97.03,97.03,97.03,"{""def_ff"":17.38,""def_fr"":10.71,""def_int"":12.21,""def_pa_a"":0,""def_pa_b"":0,""def_pa_c"":0,""def_pa_d"":0,""def_pa_e"":0,""def_pa_f"":0,""def_pa_g"":0,""def_retd"":0.97,""def_sack"":35.73,""def_safety"":0.5,""def_td"":2.41,""points"":97.03,""points_half"":97.03,""points_ppr"":97.03}"
8300,508,Tennessee Titans,DEF,DST,TEN,100.37,calculated,98.87,98.87,98.87,"{""def_ff"":13.3,""def_fr"":9.06,""def_int"":13.28,""def_pa_a"":0,""def_pa_b"":0,""def_pa_c"":0,""def_pa_d"":0,""def_pa_e"":0,""def_pa_f"":0,""def_pa_g"":0,""def_retd"":0.38,""def_sack"":38.71,""def_safety"":0.17,""def_td"":2.52,""points"":98.87,""points_half"":98.87,""points_ppr"":98.87}"
8120,532,Houston Texans,DEF,DST,HOU,99.86,calculated,98.52,98.52,98.52,"{""def_ff"":18.16,""def_fr"":11.09,""def_int"":12.69,""def_pa_a"":0,""def_pa_b"":0,""def_pa_c"":0,""def_pa_d"":0,""def_pa_e"":0,""def_pa_f"":0,""def_pa_g"":0,""def_retd"":0.33,""def_sack"":34.7,""def_safety"":0.16,""def_td"":2.66,""points"":98.52,""points_half"":98.52,""points_ppr"":98.52}"
8000,519,Arizona Cardinals,DEF,DST,ARI,99.55,calculated,98.03,98.03,98.03,"{""def_ff"":16.73,""def_fr"":10.32,""def_int"":10.99,""def_pa_a"":0,""def_pa_b"":0,""def_pa_c"":0,""def_pa_d"":0,""def_pa_e"":0,""def_pa_f"":0,""def_pa_g"":0,""def_retd"":0.39,""def_sack"":40.07,""def_safety"":0.21,""def_td"":2.48,""points"":98.03,""points_half"":98.03,""points_ppr"":98.03}"
8140,509,Jacksonville Jaguars,DEF,DST,JAC,99.53,calculated,98,98,98,"{""def_ff"":15.58,""def_fr"":9.66,""def_int"":11.84,""def_pa_a"":0,""def_pa_b"":0,""def_pa_c"":0,""def_pa_d"":0,""def_pa_e"":0,""def_pa_f"":0,""def_pa_g"":0,""def_retd"":0.37,""def_sack"":39.23,""def_safety"":0.53,""def_td"":2.46,""points"":98,""points_half"":98,""points_ppr"":98}"
8210,505,New York Jets,DEF,DST,NYJ,99.28,calculated,97.76,97.76,97.76,"{""def_ff"":14.21,""def_fr"":9.57,""def_int"":13.06,""def_pa_a"":0,""def_pa_b"":0,""def_pa_c"":0,""def_pa_d"":0,""def_pa_e"":0,""def_pa_f"":0,""def_pa_g"":0,""def_retd"":0.38,""def_sack"":35.28,""def_safety"":0.63,""def_td"":2.66,""points"":97.76,""points_half"":97.76,""points_ppr"":97.76}"
8200,517,New York Giants,DEF,DST,NYG,97.73,calculated,96.07,96.07,96.07,"{""def_ff"":12.97,""def_fr"":8.92,""def_int"":12.99,""def_pa_a"":0,""def_pa_b"":0,""def_pa_c"":0,""def_pa_d"":0,""def_pa_e"":0,""def_pa_f"":0,""def_pa_g"":0,""def_retd"":0.42,""def_sack"":36.75,""def_safety"":0.51,""def_td"":2.41,""points"":96.07,""points_half"":96.07,""points_ppr"":96.07}"
8060,506,Cincinnati Bengals,DEF,DST,CIN,97.41,calculated,95.4,95.4,95.4,"{""def_ff"":13.23,""def_fr"":8.47,""def_int"":13.06,""def_pa_a"":0,""def_pa_b"":0,""def_pa_c"":0,""def_pa_d"":0,""def_pa_e"":0,""def_pa_f"":0,""def_pa_g"":0,""def_retd"":0.51,""def_sack"":36.39,""def_safety"":0.52,""def_td"":2.48,""points"":95.4,""points_half"":95.4,""points_ppr"":95.4}"
8220,513,Las Vegas Raiders,DEF,DST,LV,96.2,calculated,94.49,94.49,94.49,"{""def_ff"":12.39,""def_fr"":8.52,""def_int"":12.85,""def_pa_a"":0,""def_pa_b"":0,""def_pa_c"":0,""def_pa_d"":0,""def_pa_e"":0,""def_pa_f"":0,""def_pa_g"":0,""def_retd"":0.43,""def_sack"":36,""def_safety"":0.52,""def_td"":2.45,""points"":94.49,""points_half"":94.49,""points_ppr"":94.49}"
8100,522,Detroit Lions,DEF,DST,DET,95.9,calculated,93.59,93.59,93.59,"{""def_ff"":16.75,""def_fr"":10.25,""def_int"":11.75,""def_pa_a"":0,""def_pa_b"":0,""def_pa_c"":0,""def_pa_d"":0,""def_pa_e"":0,""def_pa_f"":0,""def_pa_g"":0,""def_retd"":0.57,""def_sack"":34.52,""def_safety"":0.17,""def_td"":2.46,""points"":93.59,""points_half"":93.59,""points_ppr"":93.59}"
8250,514,Los Angeles Chargers,DEF,DST,LAC,92.84,calculated,90.59,90.59,90.59,"{""def_ff"":10.69,""def_fr"":8.1,""def_int"":12.12,""def_pa_a"":0,""def_pa_b"":0,""def_pa_c"":0,""def_pa_d"":0,""def_pa_e"":0,""def_pa_f"":0,""def_pa_g"":0,""def_retd"":0.56,""def_sack"":35.34,""def_safety"":0.18,""def_td"":2.41,""points"":90.59,""points_half"":90.59,""points_ppr"":90.59}"
8010,526,Atlanta Falcons,DEF,DST,ATL,92.11,calculated,90.19,90.19,90.19,"{""def_ff"":14.31,""def_fr"":8.61,""def_int"":12.21,""def_pa_a"":0,""def_pa_b"":0,""def_pa_c"":0,""def_pa_d"":0,""def_pa_e"":0,""def_pa_f"":0,""def_pa_g"":0,""def_retd"":0.48,""def_sack"":33.07,""def_safety"":0.18,""def_td"":2.52,""points"":90.19,""points_half"":90.19,""points_ppr"":90.19}"
8160,503,Miami Dolphins,DEF,DST,MIA,91.84,calculated,89.71,89.71,89.71,"{""def_ff"":12.24,""def_fr"":7.95,""def_int"":13.38,""def_pa_a"":0,""def_pa_b"":0,""def_pa_c"":0,""def_pa_d"":0,""def_pa_e"":0,""def_pa_f"":0,""def_pa_g"":0,""def_retd"":0.54,""def_sack"":32.08,""def_safety"":0.51,""def_td"":2.32,""points"":89.71,""points_half"":89.71,""points_ppr"":89.71}"
16712,13354,Harrison Butker,K,K,KC,131.15,conservative_partial,131.15,131.15,131.15,"{""fg"":27.86,""fga"":32.99,""points"":131.15,""points_half"":131.15,""points_ppr"":131.15,""xpt"":47.57}"
16026,12956,Wil Lutz,K,K,DEN,128.97,conservative_partial,128.97,128.97,128.97,"{""fg"":27.59,""fga"":32.42,""points"":128.97,""points_half"":128.97,""points_ppr"":128.97,""xpt"":46.2}"
11465,10976,Justin Tucker,K,K,FA,126.42,conservative_partial,126.41,126.41,126.41,"{""fg"":26.56,""fga"":30.37,""points"":126.41,""points_half"":126.41,""points_ppr"":126.41,""xpt"":46.74}"
9534,8153,Robbie Gould,K,K,FA,121.06,conservative_partial,121.04,121.04,121.04,"{""fg"":26.68,""fga"":31.42,""points"":121.04,""points_half"":121.04,""points_ppr"":121.04,""xpt"":41.02}"
11345,10868,Greg Zuerlein,K,K,FA,120.32,conservative_partial,120.33,120.33,120.33,"{""fg"":25.85,""fga"":32.02,""points"":120.33,""points_half"":120.33,""points_ppr"":120.33,""xpt"":42.77}"
9443,8930,Matt Prater,K,K,FA,114.22,conservative_partial,114.22,114.22,114.22,"{""fg"":25.93,""fga"":31.27,""points"":114.22,""points_half"":114.22,""points_ppr"":114.22,""xpt"":36.43}"
14003,12437,Jason Myers,K,K,SEA,114.1,conservative_partial,114.09,114.09,114.09,"{""fg"":25.06,""fga"":29.69,""points"":114.09,""points_half"":114.09,""points_ppr"":114.09,""xpt"":38.92}"
10970,10506,Dan Bailey,K,K,FA,113.1,conservative_partial,113.09,113.09,113.09,"{""fg"":25.24,""fga"":30,""points"":113.09,""points_half"":113.09,""points_ppr"":113.09,""xpt"":37.38}"
16910,13403,Younghoe Koo,K,K,FA,113.01,conservative_partial,113.02,113.02,113.02,"{""fg"":25.5,""fga"":30.32,""points"":113.02,""points_half"":113.02,""points_ppr"":113.02,""xpt"":36.51}"
18689,14258,Austin Seibert,K,K,FA,112.75,conservative_partial,112.76,112.76,112.76,"{""fg"":26.1,""fga"":30.81,""points"":112.76,""points_half"":112.76,""points_ppr"":112.76,""xpt"":34.45}"
13029,11936,Chris Boswell,K,K,PIT,112.13,conservative_partial,112.13,112.13,112.13,"{""fg"":25.7,""fga"":30.76,""points"":112.13,""points_half"":112.13,""points_ppr"":112.13,""xpt"":35.03}"
16540,13303,Jake Elliott,K,K,PHI,111.94,conservative_partial,111.94,111.94,111.94,"{""fg"":25.27,""fga"":29.75,""points"":111.94,""points_half"":111.94,""points_ppr"":111.94,""xpt"":36.13}"
16548,13347,Zane Gonzalez,K,K,FA,111.68,conservative_partial,111.68,111.68,111.68,"{""fg"":25.3,""fga"":31.31,""points"":111.68,""points_half"":111.68,""points_ppr"":111.68,""xpt"":35.78}"
19816,14965,Justin Rohrwasser,K,K,FA,111.0,conservative_partial,111,111,111,"{""fg"":25,""fga"":29,""points"":111,""points_half"":111,""points_ppr"":111,""xpt"":36}"
9433,8742,Mason Crosby,K,K,FA,110.25,conservative_partial,110.26,110.26,110.26,"{""fg"":23.48,""fga"":27.56,""points"":110.26,""points_half"":110.26,""points_ppr"":110.26,""xpt"":39.81}"
13274,11947,Brandon McManus,K,K,FA,110.12,conservative_partial,110.13,110.13,110.13,"{""fg"":25.5,""fga"":30.84,""points"":110.13,""points_half"":110.13,""points_ppr"":110.13,""xpt"":33.62}"
15756,12860,Ka'imi Fairbairn,K,K,HOU,110.06,conservative_partial,110.07,110.07,110.07,"{""fg"":24.61,""fga"":29.94,""points"":110.07,""points_half"":110.07,""points_ppr"":110.07,""xpt"":36.23}"
9549,9686,Ryan Succop,K,K,FA,109.75,conservative_partial,109.74,109.74,109.74,"{""fg"":24.61,""fga"":31.35,""points"":109.74,""points_half"":109.74,""points_ppr"":109.74,""xpt"":35.92}"
19762,15024,Sam Sloman,K,K,FA,109.65,conservative_partial,109.64,109.64,109.64,"{""fg"":25.07,""fga"":31.1,""points"":109.64,""points_half"":109.64,""points_ppr"":109.64,""xpt"":34.44}"
9491,8851,Nick Folk,K,K,ATL,108.79,conservative_partial,108.79,108.79,108.79,"{""fg"":24.13,""fga"":29.52,""points"":108.79,""points_half"":108.79,""points_ppr"":108.79,""xpt"":36.4}"
17693,13980,Michael Badgley,K,K,FA,108.42,conservative_partial,108.41,108.41,108.41,"{""fg"":24.62,""fga"":28.49,""points"":108.41,""points_half"":108.41,""points_ppr"":108.41,""xpt"":34.56}"
19469,14912,Rodrigo Blankenship,K,K,FA,107.93,conservative_partial,107.94,107.94,107.94,"{""fg"":24.18,""fga"":29.8,""points"":107.94,""points_half"":107.94,""points_ppr"":107.94,""xpt"":35.39}"
9573,8359,Stephen Gostkowski,K,K,FA,107.49,conservative_partial,107.48,107.48,107.48,"{""fg"":23.01,""fga"":27.5,""points"":107.48,""points_half"":107.48,""points_ppr"":107.48,""xpt"":38.46}"
11339,10862,Randy Bullock,K,K,FA,106.4,conservative_partial,106.4,106.4,106.4,"{""fg"":25.26,""fga"":28.48,""points"":106.4,""points_half"":106.4,""points_ppr"":106.4,""xpt"":30.62}"
14327,12417,Josh Lambo,K,K,FA,106.17,conservative_partial,106.18,106.18,106.18,"{""fg"":25.06,""fga"":28.25,""points"":106.18,""points_half"":106.18,""points_ppr"":106.18,""xpt"":30.99}"
17533,13832,Jason Sanders,K,K,NYJ,106.04,conservative_partial,106.04,106.04,106.04,"{""fg"":24.4,""fga"":29.05,""points"":106.04,""points_half"":106.04,""points_ppr"":106.04,""xpt"":32.84}"
19760,14983,Tyler Bass,K,K,BUF,105.48,conservative_partial,105.46,105.46,105.46,"{""fg"":24.4,""fga"":30.53,""points"":105.46,""points_half"":105.46,""points_ppr"":105.46,""xpt"":32.28}"
19028,14600,Joey Slye,K,K,TEN,104.9,conservative_partial,104.9,104.9,104.9,"{""fg"":24.62,""fga"":29.64,""points"":104.9,""points_half"":104.9,""points_ppr"":104.9,""xpt"":31.04}"
17420,13718,Daniel Carlson,K,K,LV,104.41,conservative_partial,104.42,104.42,104.42,"{""fg"":23.06,""fga"":28.83,""points"":104.42,""points_half"":104.42,""points_ppr"":104.42,""xpt"":35.23}"
9232,9694,Graham Gano,K,K,FA,100.49,conservative_partial,100.47,100.47,100.47,"{""fg"":22.27,""fga"":26.86,""points"":100.47,""points_half"":100.47,""points_ppr"":100.47,""xpt"":33.68}"
11818,11387,Dustin Hopkins,K,K,FA,97.48,conservative_partial,97.49,97.49,97.49,"{""fg"":23.11,""fga"":27.5,""points"":97.49,""points_half"":97.49,""points_ppr"":97.49,""xpt"":28.15}"
16319,13564,Sam Ficken,K,K,FA,96.95,conservative_partial,96.96,96.96,96.96,"{""fg"":22.67,""fga"":29.15,""points"":96.96,""points_half"":96.96,""points_ppr"":96.96,""xpt"":28.94}"
17575,13719,Eddy Pineiro,K,K,SF,90.75,conservative_partial,90.75,90.75,90.75,"{""fg"":20.87,""fga"":24.86,""points"":90.75,""points_half"":90.75,""points_ppr"":90.75,""xpt"":28.14}"
13731,11945,Cairo Santos,K,K,CHI,44.55,conservative_partial,44.55,44.55,44.55,"{""fg"":10.26,""fga"":13.19,""points"":44.55,""points_half"":44.55,""points_ppr"":44.55,""xpt"":13.77}"
9004,2842,Adam Vinatieri,K,K,FA,0.0,conservative_partial,0,0,0,"{""fg"":0,""fga"":0,""points"":0,""points_half"":0,""points_ppr"":0,""xpt"":0}"
16072,13241,Aldrick Rosas,K,K,FA,0.0,conservative_partial,0,0,0,"{""fg"":0,""fga"":0,""points"":0,""points_half"":0,""points_ppr"":0,""xpt"":0}"
12378,13909,Brett Maher,K,K,FA,0.0,conservative_partial,0,0,0,"{""fg"":0,""fga"":0,""points"":0,""points_half"":0,""points_ppr"":0,""xpt"":0}"
11815,11384,Caleb Sturgis,K,K,FA,0.0,conservative_partial,0,0,0,"{""fg"":0,""fga"":0,""points"":0,""points_half"":0,""points_ppr"":0,""xpt"":0}"
13606,11960,Chandler Catanzaro,K,K,FA,0.0,conservative_partial,0,0,0,"{""fg"":0,""fga"":0,""points"":0,""points_half"":0,""points_ppr"":0,""xpt"":0}"
19058,14717,Chase McLaughlin,K,K,TB,0.0,conservative_partial,0,0,0,"{""fg"":0,""fga"":0,""points"":0,""points_half"":0,""points_ppr"":0,""xpt"":0}"
13806,11966,Cody Parkey,K,K,FA,0.0,conservative_partial,0,0,0,"{""fg"":0,""fga"":0,""points"":0,""points_half"":0,""points_ppr"":0,""xpt"":0}"
11145,11339,Giorgio Tavecchio,K,K,FA,0.0,conservative_partial,0,0,0,"{""fg"":0,""fga"":0,""points"":0,""points_half"":0,""points_ppr"":0,""xpt"":0}"
17647,13898,Greg Joseph,K,K,FA,0.0,conservative_partial,0,0,0,"{""fg"":0,""fga"":0,""points"":0,""points_half"":0,""points_ppr"":0,""xpt"":0}"
10081,10487,Kai Forbath,K,K,FA,0.0,conservative_partial,0,0,0,"{""fg"":0,""fga"":0,""points"":0,""points_half"":0,""points_ppr"":0,""xpt"":0}"
9434,6789,Matt Bryant,K,K,FA,0.0,conservative_partial,0,0,0,"{""fg"":0,""fga"":0,""points"":0,""points_half"":0,""points_ppr"":0,""xpt"":0}"
18545,14244,Matt Gay,K,K,LV,0.0,conservative_partial,0,0,0,"{""fg"":0,""fga"":0,""points"":0,""points_half"":0,""points_ppr"":0,""xpt"":0}"
17893,13901,Matt McCrane,K,K,FA,0.0,conservative_partial,0,0,0,"{""fg"":0,""fga"":0,""points"":0,""points_half"":0,""points_ppr"":0,""xpt"":0}"
9474,7859,Mike Nugent,K,K,FA,0.0,conservative_partial,0,0,0,"{""fg"":0,""fga"":0,""points"":0,""points_half"":0,""points_ppr"":0,""xpt"":0}"
9508,3494,Phil Dawson,K,K,FA,0.0,conservative_partial,0,0,0,"{""fg"":0,""fga"":0,""points"":0,""points_half"":0,""points_ppr"":0,""xpt"":0}"
9560,5666,Sebastian Janikowski,K,K,FA,0.0,conservative_partial,0,0,0,"{""fg"":0,""fga"":0,""points"":0,""points_half"":0,""points_ppr"":0,""xpt"":0}"
9581,9319,Stephen Hauschka,K,K,FA,0.0,conservative_partial,0,0,0,"{""fg"":0,""fga"":0,""points"":0,""points_half"":0,""points_ppr"":0,""xpt"":0}"
17233,13593,Lamar Jackson,QB,QB,BAL,396.691,calculated,367.18,367.18,367.18,"{""2pt_tds"":0.34,""fumbles"":3.39,""pass_att"":468.96,""pass_cmp"":301.26,""pass_ints"":11.64,""pass_tds"":28.85,""pass_yds"":3484.06,""pass_yds_300"":0,""pass_yds_400"":0,""points"":367.18,""points_half"":367.18,""points_ppr"":367.18,""ret_tds"":0,""rush_att"":159.67,""rush_tds"":5.88,""rush_yds"":955.39,""rush_yds_100"":0,""rush_yds_200"":0,""scrimage_yards_100"":0,""scrimage_yards_200"":0}"
16413,13116,Patrick Mahomes II,QB,QB,KC,390.41,calculated,353.85,353.85,353.85,"{""2pt_tds"":1.05,""fumbles"":2.11,""pass_att"":568.26,""pass_cmp"":371.31,""pass_ints"":10.66,""pass_tds"":34.48,""pass_yds"":4574.95,""pass_yds_300"":0,""pass_yds_400"":0,""points"":353.85,""points_half"":353.85,""points_ppr"":353.85,""ret_tds"":0,""rush_att"":57.46,""rush_tds"":2.99,""rush_yds"":298.52,""rush_yds_100"":0,""rush_yds_200"":0,""scrimage_yards_100"":0,""scrimage_yards_200"":0}"
15600,12620,Dak Prescott,QB,QB,DAL,356.812,calculated,325.35,325.35,325.35,"{""2pt_tds"":1.44,""fumbles"":2.77,""pass_att"":573.72,""pass_cmp"":373.24,""pass_ints"":12.06,""pass_tds"":28.63,""pass_yds"":4505.35,""pass_yds_300"":0,""pass_yds_400"":0,""points"":325.35,""points_half"":325.35,""points_ppr"":325.35,""ret_tds"":0,""rush_att"":60.61,""rush_tds"":3.72,""rush_yds"":258.48,""rush_yds_100"":0,""rush_yds_200"":0,""scrimage_yards_100"":0,""scrimage_yards_200"":0}"
16398,13113,Deshaun Watson,QB,QB,CLE,355.639,calculated,325.57,325.57,325.57,"{""2pt_tds"":1.88,""fumbles"":2.62,""pass_att"":526.64,""pass_cmp"":346.25,""pass_ints"":12.67,""pass_tds"":26.3,""pass_yds"":4019.1,""pass_yds_300"":0,""pass_yds_400"":0,""points"":325.57,""points_half"":325.57,""points_ppr"":325.57,""ret_tds"":0,""rush_att"":91.36,""rush_tds"":4.64,""rush_yds"":496.85,""rush_yds_100"":0,""rush_yds_200"":0,""scrimage_yards_100"":0,""scrimage_yards_200"":0}"
11180,10703,Russell Wilson,QB,QB,FA,344.06,calculated,312.58,312.58,312.58,"{""2pt_tds"":0.97,""fumbles"":2.33,""pass_att"":492,""pass_cmp"":320.98,""pass_ints"":8.46,""pass_tds"":29.51,""pass_yds"":3900.6,""pass_yds_300"":0,""pass_yds_400"":0,""points"":312.58,""points_half"":312.58,""points_ppr"":312.58,""ret_tds"":0,""rush_att"":72.47,""rush_tds"":2.3,""rush_yds"":378.66,""rush_yds_100"":0,""rush_yds_200"":0,""scrimage_yards_100"":0,""scrimage_yards_200"":0}"
18600,14056,Kyler Murray,QB,QB,MIN,337.477,calculated,308.15,308.15,308.15,"{""2pt_tds"":2.19,""fumbles"":2.38,""pass_att"":560.37,""pass_cmp"":361.86,""pass_ints"":12.7,""pass_tds"":24.96,""pass_yds"":3967.29,""pass_yds_300"":0,""pass_yds_400"":0,""points"":308.15,""points_half"":308.15,""points_ppr"":308.15,""ret_tds"":0,""rush_att"":87.34,""rush_tds"":3.26,""rush_yds"":475.05,""rush_yds_100"":0,""rush_yds_200"":0,""scrimage_yards_100"":0,""scrimage_yards_200"":0}"
9444,9099,Matt Ryan,QB,QB,FA,334.193,calculated,300.14,300.14,300.14,"{""2pt_tds"":3,""fumbles"":3.54,""pass_att"":624.49,""pass_cmp"":413.82,""pass_ints"":13.28,""pass_tds"":28.06,""pass_yds"":4676.38,""pass_yds_300"":0,""pass_yds_400"":0,""points"":300.14,""points_half"":300.14,""points_ppr"":300.14,""ret_tds"":0,""rush_att"":34.37,""rush_tds"":1.32,""rush_yds"":132.78,""rush_yds_100"":0,""rush_yds_200"":0,""scrimage_yards_100"":0,""scrimage_yards_200"":0}"
17298,13589,Josh Allen,QB,QB,BUF,329.791,calculated,304.45,304.45,304.45,"{""2pt_tds"":2.19,""fumbles"":3.7,""pass_att"":514.36,""pass_cmp"":305.14,""pass_ints"":12.77,""pass_tds"":20.98,""pass_yds"":3511.53,""pass_yds_300"":0,""pass_yds_400"":0,""points"":304.45,""points_half"":304.45,""points_ppr"":304.45,""ret_tds"":0,""rush_att"":110.88,""rush_tds"":6.53,""rush_yds"":610.4,""rush_yds_100"":0,""rush_yds_200"":0,""scrimage_yards_100"":0,""scrimage_yards_200"":0}"
9603,5848,Tom Brady,QB,QB,FA,317.596,calculated,287.64,287.64,287.64,"{""2pt_tds"":0.5,""fumbles"":1.61,""pass_att"":571.74,""pass_cmp"":361.15,""pass_ints"":10.26,""pass_tds"":28.95,""pass_yds"":4334.61,""pass_yds_300"":0,""pass_yds_400"":0,""points"":287.64,""points_half"":287.64,""points_ppr"":287.64,""ret_tds"":0,""rush_att"":24.36,""rush_tds"":1.38,""rush_yds"":36.62,""rush_yds_100"":0,""rush_yds_200"":0,""scrimage_yards_100"":0,""scrimage_yards_200"":0}"
9200,4925,Drew Brees,QB,QB,FA,316.857,calculated,285.47,285.47,285.47,"{""2pt_tds"":0.51,""fumbles"":1.35,""pass_att"":533.96,""pass_cmp"":379.89,""pass_ints"":9.8,""pass_tds"":30.35,""pass_yds"":4183.38,""pass_yds_300"":0,""pass_yds_400"":0,""points"":285.47,""points_half"":285.47,""points_ppr"":285.47,""ret_tds"":0,""rush_att"":23.01,""rush_tds"":1.11,""rush_yds"":25.92,""rush_yds_100"":0,""rush_yds_200"":0,""scrimage_yards_100"":0,""scrimage_yards_200"":0}"
9001,7836,Aaron Rodgers,QB,QB,PIT,314.913,calculated,281.92,281.92,281.92,"{""2pt_tds"":3.14,""fumbles"":2.75,""pass_att"":560.14,""pass_cmp"":352.57,""pass_ints"":8.3,""pass_tds"":26.71,""pass_yds"":4060.63,""pass_yds_300"":0,""pass_yds_400"":0,""points"":281.92,""points_half"":281.92,""points_ppr"":281.92,""ret_tds"":0,""rush_att"":44.3,""rush_tds"":1.21,""rush_yds"":191.98,""rush_yds_100"":0,""rush_yds_200"":0,""scrimage_yards_100"":0,""scrimage_yards_200"":0}"
15520,12610,Carson Wentz,QB,QB,MIN,314.051,calculated,281.35,281.35,281.35,"{""2pt_tds"":2.7,""fumbles"":4.55,""pass_att"":562.19,""pass_cmp"":363.95,""pass_ints"":10.04,""pass_tds"":27.28,""pass_yds"":3999.64,""pass_yds_300"":0,""pass_yds_400"":0,""points"":281.35,""points_half"":281.35,""points_ppr"":281.35,""ret_tds"":0,""rush_att"":56.97,""rush_tds"":1.68,""rush_yds"":213.25,""rush_yds_100"":0,""rush_yds_200"":0,""scrimage_yards_100"":0,""scrimage_yards_200"":0}"
9869,10273,Cam Newton,QB,QB,FA,305.977,calculated,279.31,279.31,279.31,"{""2pt_tds"":2,""fumbles"":2.34,""pass_att"":513.26,""pass_cmp"":314.88,""pass_ints"":13.05,""pass_tds"":22.64,""pass_yds"":3602.49,""pass_yds_300"":0,""pass_yds_400"":0,""points"":279.31,""points_half"":279.31,""points_ppr"":279.31,""ret_tds"":0,""rush_att"":103.45,""rush_tds"":3.75,""rush_yds"":399.07,""rush_yds_100"":0,""rush_yds_200"":0,""scrimage_yards_100"":0,""scrimage_yards_200"":0}"
9451,9431,Matthew Stafford,QB,QB,LAR,299.206,calculated,271.82,271.82,271.82,"{""2pt_tds"":0.47,""fumbles"":3.33,""pass_att"":564.62,""pass_cmp"":363.25,""pass_ints"":11.67,""pass_tds"":26.45,""pass_yds"":4274.95,""pass_yds_300"":0,""pass_yds_400"":0,""points"":271.82,""points_half"":271.82,""points_ppr"":271.82,""ret_tds"":0,""rush_att"":27.56,""rush_tds"":0.67,""rush_yds"":93.28,""rush_yds_100"":0,""rush_yds_200"":0,""scrimage_yards_100"":0,""scrimage_yards_200"":0}"
15501,12611,Jared Goff,QB,QB,DET,297.608,calculated,270.5,270.5,270.5,"{""2pt_tds"":0.94,""fumbles"":3.25,""pass_att"":593.45,""pass_cmp"":377.28,""pass_ints"":14.47,""pass_tds"":25.23,""pass_yds"":4350.47,""pass_yds_300"":0,""pass_yds_400"":0,""points"":270.5,""points_half"":270.5,""points_ppr"":270.5,""ret_tds"":0,""rush_att"":35.82,""rush_tds"":1.27,""rush_yds"":89.09,""rush_yds_100"":0,""rush_yds_200"":0,""scrimage_yards_100"":0,""scrimage_yards_200"":0}"
18232,14059,Daniel Jones,QB,QB,IND,295.539,calculated,267.11,267.11,267.11,"{""2pt_tds"":1.86,""fumbles"":7.3,""pass_att"":558.82,""pass_cmp"":351.04,""pass_ints"":15.45,""pass_tds"":24.71,""pass_yds"":3862.48,""pass_yds_300"":0,""pass_yds_400"":0,""points"":267.11,""points_half"":267.11,""points_ppr"":267.11,""ret_tds"":0,""rush_att"":56.79,""rush_tds"":2.43,""rush_yds"":292.4,""rush_yds_100"":0,""rush_yds_200"":0,""scrimage_yards_100"":0,""scrimage_yards_200"":0}"
11174,10697,Ryan Tannehill,QB,QB,FA,292.436,calculated,265.12,265.12,265.12,"{""2pt_tds"":1.44,""fumbles"":3.21,""pass_att"":450.93,""pass_cmp"":297.45,""pass_ints"":11.35,""pass_tds"":24.43,""pass_yds"":3637.16,""pass_yds_300"":0,""pass_yds_400"":0,""points"":265.12,""points_half"":265.12,""points_ppr"":265.12,""ret_tds"":0,""rush_att"":58.33,""rush_tds"":2.5,""rush_yds"":246.9,""rush_yds_100"":0,""rush_yds_200"":0,""scrimage_yards_100"":0,""scrimage_yards_200"":0}"
9039,7401,Ben Roethlisberger,QB,QB,FA,290.841,calculated,259.03,259.03,259.03,"{""2pt_tds"":2.88,""fumbles"":2.04,""pass_att"":544.33,""pass_cmp"":353.44,""pass_ints"":13.74,""pass_tds"":26.03,""pass_yds"":3992.21,""pass_yds_300"":0,""pass_yds_400"":0,""points"":259.03,""points_half"":259.03,""points_ppr"":259.03,""ret_tds"":0,""rush_att"":22.85,""rush_tds"":1.12,""rush_yds"":63.43,""rush_yds_100"":0,""rush_yds_200"":0,""scrimage_yards_100"":0,""scrimage_yards_200"":0}"
17237,13590,Baker Mayfield,QB,QB,TB,290.035,calculated,260.34,260.34,260.34,"{""2pt_tds"":2.13,""fumbles"":2.31,""pass_att"":510.62,""pass_cmp"":316.37,""pass_ints"":14.48,""pass_tds"":25.43,""pass_yds"":3838.59,""pass_yds_300"":0,""pass_yds_400"":0,""points"":260.34,""points_half"":260.34,""points_ppr"":260.34,""ret_tds"":0,""rush_att"":31.79,""rush_tds"":1.55,""rush_yds"":148.81,""rush_yds_100"":0,""rush_yds_200"":0,""scrimage_yards_100"":0,""scrimage_yards_200"":0}"
12208,11760,Jimmy Garoppolo,QB,QB,LAR,287.701,calculated,257,257,257,"{""2pt_tds"":2.13,""fumbles"":3.16,""pass_att"":483.93,""pass_cmp"":322.62,""pass_ints"":13.92,""pass_tds"":26.49,""pass_yds"":3850.02,""pass_yds_300"":0,""pass_yds_400"":0,""points"":257,""points_half"":257,""points_ppr"":257,""ret_tds"":0,""rush_att"":40.62,""rush_tds"":1.33,""rush_yds"":92.5,""rush_yds_100"":0,""rush_yds_200"":0,""scrimage_yards_100"":0,""scrimage_yards_200"":0}"
18562,14067,Gardner Minshew II,QB,QB,ARI,286.204,calculated,260.79,260.79,260.79,"{""2pt_tds"":1.86,""fumbles"":5.44,""pass_att"":544.98,""pass_cmp"":336.38,""pass_ints"":11.47,""pass_tds"":21.72,""pass_yds"":3813.37,""pass_yds_300"":0,""pass_yds_400"":0,""points"":260.79,""points_half"":260.79,""points_ppr"":260.79,""ret_tds"":0,""rush_att"":66.18,""rush_tds"":1.62,""rush_yds"":339.79,""rush_yds_100"":0,""rush_yds_200"":0,""scrimage_yards_100"":0,""scrimage_yards_200"":0}"
11177,10700,Kirk Cousins,QB,QB,LV,281.833,calculated,251.28,251.28,251.28,"{""2pt_tds"":2.81,""fumbles"":3.65,""pass_att"":499.91,""pass_cmp"":336.75,""pass_ints"":10.04,""pass_tds"":24.94,""pass_yds"":3838.29,""pass_yds_300"":0,""pass_yds_400"":0,""points"":251.28,""points_half"":251.28,""points_ppr"":251.28,""ret_tds"":0,""rush_att"":34.11,""rush_tds"":1.16,""rush_yds"":83.61,""rush_yds_100"":0,""rush_yds_200"":0,""scrimage_yards_100"":0,""scrimage_yards_200"":0}"
19196,14777,Joe Burrow,QB,QB,CIN,280.577,calculated,255.59,255.59,255.59,"{""2pt_tds"":1.38,""fumbles"":3.7,""pass_att"":553.02,""pass_cmp"":343.08,""pass_ints"":14.9,""pass_tds"":22.2,""pass_yds"":3850.38,""pass_yds_300"":0,""pass_yds_400"":0,""points"":255.59,""points_half"":255.59,""points_ppr"":255.59,""ret_tds"":0,""rush_att"":45.84,""rush_tds"":1.83,""rush_yds"":241.22,""rush_yds_100"":0,""rush_yds_200"":0,""scrimage_yards_100"":0,""scrimage_yards_200"":0}"
12092,11644,Derek Carr,QB,QB,FA,277.299,calculated,252.21,252.21,252.21,"{""2pt_tds"":0.5,""fumbles"":3.42,""pass_att"":509.46,""pass_cmp"":342.04,""pass_ints"":10.59,""pass_tds"":24.07,""pass_yds"":3937.54,""pass_yds_300"":0,""pass_yds_400"":0,""points"":252.21,""points_half"":252.21,""points_ppr"":252.21,""ret_tds"":0,""rush_att"":26.5,""rush_tds"":1.3,""rush_yds"":80.77,""rush_yds_100"":0,""rush_yds_200"":0,""scrimage_yards_100"":0,""scrimage_yards_200"":0}"
9509,7394,Philip Rivers,QB,QB,FA,275.684,calculated,243.69,243.69,243.69,"{""2pt_tds"":3.32,""fumbles"":2.23,""pass_att"":527.11,""pass_cmp"":336.66,""pass_ints"":13.7,""pass_tds"":25.35,""pass_yds"":3928.73,""pass_yds_300"":0,""pass_yds_400"":0,""points"":243.69,""points_half"":243.69,""points_ppr"":243.69,""ret_tds"":0,""rush_att"":13.88,""rush_tds"":0.17,""rush_yds"":22.85,""rush_yds_100"":0,""rush_yds_200"":0,""scrimage_yards_100"":0,""scrimage_yards_200"":0}"
18225,14057,Drew Lock,QB,QB,SEA,270.387,calculated,245.78,245.78,245.78,"{""2pt_tds"":1.13,""fumbles"":3.44,""pass_att"":526.95,""pass_cmp"":335.79,""pass_ints"":12.6,""pass_tds"":22.38,""pass_yds"":3734.99,""pass_yds_300"":0,""pass_yds_400"":0,""points"":245.78,""points_half"":245.78,""points_ppr"":245.78,""ret_tds"":0,""rush_att"":44.3,""rush_tds"":1.2,""rush_yds"":191.07,""rush_yds_100"":0,""rush_yds_200"":0,""scrimage_yards_100"":0,""scrimage_yards_200"":0}"
12088,11640,Teddy Bridgewater,QB,QB,FA,268.47,calculated,244.33,244.33,244.33,"{""2pt_tds"":0.99,""fumbles"":1.37,""pass_att"":550.4,""pass_cmp"":352.38,""pass_ints"":12.84,""pass_tds"":22.17,""pass_yds"":3875.21,""pass_yds_300"":0,""pass_yds_400"":0,""points"":244.33,""points_half"":244.33,""points_ppr"":244.33,""ret_tds"":0,""rush_att"":32.86,""rush_tds"":0.99,""rush_yds"":102.72,""rush_yds_100"":0,""rush_yds_200"":0,""scrimage_yards_100"":0,""scrimage_yards_200"":0}"
17236,13592,Sam Darnold,QB,QB,SEA,266.181,calculated,240.02,240.02,240.02,"{""2pt_tds"":1.76,""fumbles"":3.03,""pass_att"":522.97,""pass_cmp"":325.42,""pass_ints"":15.44,""pass_tds"":22.64,""pass_yds"":3688.45,""pass_yds_300"":0,""pass_yds_400"":0,""points"":240.02,""points_half"":240.02,""points_ppr"":240.02,""ret_tds"":0,""rush_att"":43.39,""rush_tds"":1.62,""rush_yds"":137.03,""rush_yds_100"":0,""rush_yds_200"":0,""scrimage_yards_100"":0,""scrimage_yards_200"":0}"
16381,13115,Mitchell Trubisky,QB,QB,TEN,228.41,calculated,204.97,204.97,204.97,"{""2pt_tds"":3,""fumbles"":1.38,""pass_att"":388.41,""pass_cmp"":248.76,""pass_ints"":10.27,""pass_tds"":17.45,""pass_yds"":2886.49,""pass_yds_300"":0,""pass_yds_400"":0,""points"":204.97,""points_half"":204.97,""points_ppr"":204.97,""ret_tds"":0,""rush_att"":36.85,""rush_tds"":1.72,""rush_yds"":224.1,""rush_yds_100"":0,""rush_yds_200"":0,""scrimage_yards_100"":0,""scrimage_yards_200"":0}"
10007,10413,Tyrod Taylor,QB,QB,GB,203.669,calculated,187.35,187.35,187.35,"{""2pt_tds"":0.68,""fumbles"":1.18,""pass_att"":380.08,""pass_cmp"":239.22,""pass_ints"":8.67,""pass_tds"":14.95,""pass_yds"":2544.33,""pass_yds_300"":0,""pass_yds_400"":0,""points"":187.35,""points_half"":187.35,""points_ppr"":187.35,""ret_tds"":0,""rush_att"":51.94,""rush_tds"":2.03,""rush_yds"":246.36,""rush_yds_100"":0,""rush_yds_200"":0,""scrimage_yards_100"":0,""scrimage_yards_200"":0}"
9545,8062,Ryan Fitzpatrick,QB,QB,FA,161.69,calculated,147.15,147.15,147.15,"{""2pt_tds"":0.9,""fumbles"":0.86,""pass_att"":329.32,""pass_cmp"":205.51,""pass_ints"":9.63,""pass_tds"":12.72,""pass_yds"":2185.22,""pass_yds_300"":0,""pass_yds_400"":0,""points"":147.15,""points_half"":147.15,""points_ppr"":147.15,""ret_tds"":0,""rush_att"":28.46,""rush_tds"":1.25,""rush_yds"":127.31,""rush_yds_100"":0,""rush_yds_200"":0,""scrimage_yards_100"":0,""scrimage_yards_200"":0}"
19198,14778,Tua Tagovailoa,QB,QB,ATL,144.771,calculated,131.09,131.09,131.09,"{""2pt_tds"":1.07,""fumbles"":2.31,""pass_att"":265.28,""pass_cmp"":164.5,""pass_ints"":8.37,""pass_tds"":11.57,""pass_yds"":2018.09,""pass_yds_300"":0,""pass_yds_400"":0,""points"":131.09,""points_half"":131.09,""points_ppr"":131.09,""ret_tds"":0,""rush_att"":20.83,""rush_tds"":0.97,""rush_yds"":112.27,""rush_yds_100"":0,""rush_yds_200"":0,""scrimage_yards_100"":0,""scrimage_yards_200"":0}"
18635,14779,Justin Herbert,QB,QB,LAC,92.074,calculated,83.71,83.71,83.71,"{""2pt_tds"":0.92,""fumbles"":1.11,""pass_att"":144.62,""pass_cmp"":89.05,""pass_ints"":5.02,""pass_tds"":6.53,""pass_yds"":1217.08,""pass_yds_300"":0,""pass_yds_400"":0,""points"":83.71,""points_half"":83.71,""points_ppr"":83.71,""ret_tds"":0,""rush_att"":16.42,""rush_tds"":0.75,""rush_yds"":116.41,""rush_yds_100"":0,""rush_yds_200"":0,""scrimage_yards_100"":0,""scrimage_yards_200"":0}"
11176,10699,Nick Foles,QB,QB,FA,81.943,calculated,74.63,74.63,74.63,"{""2pt_tds"":0,""fumbles"":1.58,""pass_att"":176.68,""pass_cmp"":114,""pass_ints"":4.17,""pass_tds"":7.29,""pass_yds"":1263.05,""pass_yds_300"":0,""pass_yds_400"":0,""points"":74.63,""points_half"":74.63,""points_ppr"":74.63,""ret_tds"":0,""rush_att"":8.43,""rush_tds"":0.11,""rush_yds"":16.41,""rush_yds_100"":0,""rush_yds_200"":0,""scrimage_yards_100"":0,""scrimage_yards_200"":0}"
19275,14783,Jalen Hurts,QB,QB,PHI,37.379,calculated,34.07,34.07,34.07,"{""2pt_tds"":0.67,""fumbles"":2.23,""pass_att"":31.53,""pass_cmp"":18.25,""pass_ints"":1.15,""pass_tds"":1.99,""pass_yds"":351.49,""pass_yds_300"":0,""pass_yds_400"":0,""points"":34.07,""points_half"":34.07,""points_ppr"":34.07,""ret_tds"":0,""rush_att"":22.06,""rush_tds"":1.11,""rush_yds"":109.79,""rush_yds_100"":0,""rush_yds_200"":0,""scrimage_yards_100"":0,""scrimage_yards_200"":0}"
16841,13416,P.J. Walker,QB,QB,FA,33.839,calculated,30.47,30.47,30.47,"{""2pt_tds"":0.62,""fumbles"":0.34,""pass_att"":56.83,""pass_cmp"":34.33,""pass_ints"":1.84,""pass_tds"":2.12,""pass_yds"":437.94,""pass_yds_300"":0,""pass_yds_400"":0,""points"":30.47,""points_half"":30.47,""points_ppr"":30.47,""ret_tds"":0,""rush_att"":3.93,""rush_tds"":0.33,""rush_yds"":50.21,""rush_yds_100"":0,""rush_yds_200"":0,""scrimage_yards_100"":0,""scrimage_yards_200"":0}"
18185,15035,John Wolford,QB,QB,FA,23.65,calculated,21,21,21,"{""2pt_tds"":0.62,""fumbles"":0.17,""pass_att"":23.27,""pass_cmp"":14.16,""pass_ints"":1.05,""pass_tds"":1.42,""pass_yds"":280.43,""pass_yds_300"":0,""pass_yds_400"":0,""points"":21,""points_half"":21,""points_ppr"":21,""ret_tds"":0,""rush_att"":1.1,""rush_tds"":0.27,""rush_yds"":38.63,""rush_yds_100"":0,""rush_yds_200"":0,""scrimage_yards_100"":0,""scrimage_yards_200"":0}"
17234,13595,Mason Rudolph,QB,QB,PIT,20.391,calculated,17.66,17.66,17.66,"{""2pt_tds"":0.56,""fumbles"":0.23,""pass_att"":33.53,""pass_cmp"":20.89,""pass_ints"":1.34,""pass_tds"":1.58,""pass_yds"":289.91,""pass_yds_300"":0,""pass_yds_400"":0,""points"":17.66,""points_half"":17.66,""points_ppr"":17.66,""ret_tds"":0,""rush_att"":2.77,""rush_tds"":0.09,""rush_yds"":10.35,""rush_yds_100"":0,""rush_yds_200"":0,""scrimage_yards_100"":0,""scrimage_yards_200"":0}"
13891,12140,Jameis Winston,QB,QB,NYG,18.966,calculated,16.03,16.03,16.03,"{""2pt_tds"":0.78,""fumbles"":0.19,""pass_att"":20.53,""pass_cmp"":12.99,""pass_ints"":0.75,""pass_tds"":1.4,""pass_yds"":243.88,""pass_yds_300"":0,""pass_yds_400"":0,""points"":16.03,""points_half"":16.03,""points_ppr"":16.03,""ret_tds"":0,""rush_att"":2.05,""rush_tds"":0.08,""rush_yds"":13.01,""rush_yds_100"":0,""rush_yds_200"":0,""scrimage_yards_100"":0,""scrimage_yards_200"":0}"
19618,14793,Jake Luton,QB,QB,FA,17.876,calculated,16.57,16.57,16.57,"{""2pt_tds"":0,""fumbles"":0.22,""pass_att"":43.56,""pass_cmp"":25.78,""pass_ints"":1.23,""pass_tds"":1.32,""pass_yds"":292.96,""pass_yds_300"":0,""pass_yds_400"":0,""points"":16.57,""points_half"":16.57,""points_ppr"":16.57,""ret_tds"":0,""rush_att"":2.69,""rush_tds"":0.03,""rush_yds"":10.48,""rush_yds_100"":0,""rush_yds_200"":0,""scrimage_yards_100"":0,""scrimage_yards_200"":0}"
9012,7813,Alex Smith,QB,QB,FA,17.593,calculated,16.12,16.12,16.12,"{""2pt_tds"":0,""fumbles"":0.15,""pass_att"":32.92,""pass_cmp"":21.06,""pass_ints"":0.65,""pass_tds"":1.52,""pass_yds"":234.37,""pass_yds_300"":0,""pass_yds_400"":0,""points"":16.12,""points_half"":16.12,""points_ppr"":16.12,""ret_tds"":0,""rush_att"":3.03,""rush_tds"":0.04,""rush_yds"":13.28,""rush_yds_100"":0,""rush_yds_200"":0,""scrimage_yards_100"":0,""scrimage_yards_200"":0}"
13890,12141,Marcus Mariota,QB,QB,WAS,17.566,calculated,15.89,15.89,15.89,"{""2pt_tds"":0,""fumbles"":0,""pass_att"":28.67,""pass_cmp"":18,""pass_ints"":0.67,""pass_tds"":1.67,""pass_yds"":206.33,""pass_yds_300"":0,""pass_yds_400"":0,""points"":15.89,""points_half"":15.89,""points_ppr"":15.89,""ret_tds"":0,""rush_att"":3.33,""rush_tds"":0,""rush_yds"":16.33,""rush_yds_100"":0,""rush_yds_200"":0,""scrimage_yards_100"":0,""scrimage_yards_200"":0}"
17239,13846,Logan Woodside,QB,QB,FA,16.494,calculated,13.91,13.91,13.91,"{""2pt_tds"":0.62,""fumbles"":0.12,""pass_att"":19.46,""pass_cmp"":11.96,""pass_ints"":1.03,""pass_tds"":1.3,""pass_yds"":225.98,""pass_yds_300"":0,""pass_yds_400"":0,""points"":13.91,""points_half"":13.91,""points_ppr"":13.91,""ret_tds"":0,""rush_att"":0.66,""rush_tds"":0.07,""rush_yds"":5.65,""rush_yds_100"":0,""rush_yds_200"":0,""scrimage_yards_100"":0,""scrimage_yards_200"":0}"
9858,10262,Blaine Gabbert,QB,QB,FA,16.019,calculated,13.74,13.74,13.74,"{""2pt_tds"":0.46,""fumbles"":0.14,""pass_att"":21.35,""pass_cmp"":12.67,""pass_ints"":0.96,""pass_tds"":1.34,""pass_yds"":215.92,""pass_yds_300"":0,""pass_yds_400"":0,""points"":13.74,""points_half"":13.74,""points_ppr"":13.74,""ret_tds"":0,""rush_att"":1.8,""rush_tds"":0.06,""rush_yds"":6.42,""rush_yds_100"":0,""rush_yds_200"":0,""scrimage_yards_100"":0,""scrimage_yards_200"":0}"
11687,11150,Geno Smith,QB,QB,NYJ,16.008,calculated,13.83,13.83,13.83,"{""2pt_tds"":0.4,""fumbles"":0.17,""pass_att"":20.31,""pass_cmp"":11.67,""pass_ints"":0.71,""pass_tds"":1.35,""pass_yds"":195.46,""pass_yds_300"":0,""pass_yds_400"":0,""points"":13.83,""points_half"":13.83,""points_ppr"":13.83,""ret_tds"":0,""rush_att"":2.91,""rush_tds"":0.09,""rush_yds"":11.5,""rush_yds_100"":0,""rush_yds_200"":0,""scrimage_yards_100"":0,""scrimage_yards_200"":0}"
15615,12623,Jeff Driskel,QB,QB,WAS,14.658,calculated,12.49,12.49,12.49,"{""2pt_tds"":0.61,""fumbles"":0.09,""pass_att"":21.51,""pass_cmp"":12.92,""pass_ints"":1.07,""pass_tds"":0.96,""pass_yds"":198.85,""pass_yds_300"":0,""pass_yds_400"":0,""points"":12.49,""points_half"":12.49,""points_ppr"":12.49,""ret_tds"":0,""rush_att"":1.79,""rush_tds"":0.09,""rush_yds"":13.94,""rush_yds_100"":0,""rush_yds_200"":0,""scrimage_yards_100"":0,""scrimage_yards_200"":0}"
15642,12616,Jacoby Brissett,QB,QB,ARI,14.411,calculated,12.54,12.54,12.54,"{""2pt_tds"":0.46,""fumbles"":0.18,""pass_att"":16.85,""pass_cmp"":10.04,""pass_ints"":0.48,""pass_tds"":0.95,""pass_yds"":193.14,""pass_yds_300"":0,""pass_yds_400"":0,""points"":12.54,""points_half"":12.54,""points_ppr"":12.54,""ret_tds"":0,""rush_att"":1.6,""rush_tds"":0.14,""rush_yds"":10.15,""rush_yds_100"":0,""rush_yds_200"":0,""scrimage_yards_100"":0,""scrimage_yards_200"":0}"
18604,14063,Jarrett Stidham,QB,QB,DEN,14.301,calculated,13.09,13.09,13.09,"{""2pt_tds"":0,""fumbles"":0.16,""pass_att"":29.67,""pass_cmp"":18.71,""pass_ints"":0.75,""pass_tds"":1.2,""pass_yds"":208.14,""pass_yds_300"":0,""pass_yds_400"":0,""points"":13.09,""points_half"":13.09,""points_ppr"":13.09,""ret_tds"":0,""rush_att"":3.23,""rush_tds"":0.02,""rush_yds"":9.25,""rush_yds_100"":0,""rush_yds_200"":0,""scrimage_yards_100"":0,""scrimage_yards_200"":0}"
9907,10313,Andy Dalton,QB,QB,PHI,13.383,calculated,11.25,11.25,11.25,"{""2pt_tds"":0.6,""fumbles"":0.09,""pass_att"":16.03,""pass_cmp"":10.1,""pass_ints"":0.71,""pass_tds"":0.92,""pass_yds"":188.65,""pass_yds_300"":0,""pass_yds_400"":0,""points"":11.25,""points_half"":11.25,""points_ppr"":11.25,""ret_tds"":0,""rush_att"":1.4,""rush_tds"":0.04,""rush_yds"":6.87,""rush_yds_100"":0,""rush_yds_200"":0,""scrimage_yards_100"":0,""scrimage_yards_200"":0}"
12091,11643,AJ McCarron,QB,QB,FA,13.162,calculated,11.25,11.25,11.25,"{""2pt_tds"":0.45,""fumbles"":0.14,""pass_att"":19.8,""pass_cmp"":12.14,""pass_ints"":0.87,""pass_tds"":1.02,""pass_yds"":186.44,""pass_yds_300"":0,""pass_yds_400"":0,""points"":11.25,""points_half"":11.25,""points_ppr"":11.25,""ret_tds"":0,""rush_att"":0.81,""rush_tds"":0.04,""rush_yds"":6.14,""rush_yds_100"":0,""rush_yds_200"":0,""scrimage_yards_100"":0,""scrimage_yards_200"":0}"
11425,10948,Case Keenum,QB,QB,CHI,12.94,calculated,11.77,11.77,11.77,"{""2pt_tds"":0,""fumbles"":0.23,""pass_att"":28.27,""pass_cmp"":18.09,""pass_ints"":0.8,""pass_tds"":1.16,""pass_yds"":199.65,""pass_yds_300"":0,""pass_yds_400"":0,""points"":11.77,""points_half"":11.77,""points_ppr"":11.77,""ret_tds"":0,""rush_att"":1,""rush_tds"":0.02,""rush_yds"":2.94,""rush_yds_100"":0,""rush_yds_200"":0,""scrimage_yards_100"":0,""scrimage_yards_200"":0}"
9111,9706,Chase Daniel,QB,QB,FA,12.39,calculated,11,11,11,"{""2pt_tds"":0.27,""fumbles"":0.09,""pass_att"":17.06,""pass_cmp"":10.52,""pass_ints"":0.69,""pass_tds"":0.87,""pass_yds"":186.56,""pass_yds_300"":0,""pass_yds_400"":0,""points"":11,""points_half"":11,""points_ppr"":11,""ret_tds"":0,""rush_att"":1.47,""rush_tds"":0.03,""rush_yds"":7.28,""rush_yds_100"":0,""rush_yds_200"":0,""scrimage_yards_100"":0,""scrimage_yards_200"":0}"
18756,14070,David Blough,QB,QB,FA,12.06,calculated,11.06,11.06,11.06,"{""2pt_tds"":0,""fumbles"":0,""pass_att"":23,""pass_cmp"":14,""pass_ints"":1,""pass_tds"":1,""pass_yds"":159,""pass_yds_300"":0,""pass_yds_400"":0,""points"":11.06,""points_half"":11.06,""points_ppr"":11.06,""ret_tds"":0,""rush_att"":4,""rush_tds"":0,""rush_yds"":17,""rush_yds_100"":0,""rush_yds_200"":0,""scrimage_yards_100"":0,""scrimage_yards_200"":0}"
18241,14062,Will Grier,QB,QB,FA,11.88,calculated,10.88,10.88,10.88,"{""2pt_tds"":0,""fumbles"":0,""pass_att"":25.5,""pass_cmp"":15.5,""pass_ints"":0.5,""pass_tds"":1,""pass_yds"":177,""pass_yds_300"":0,""pass_yds_400"":0,""points"":10.88,""points_half"":10.88,""points_ppr"":10.88,""ret_tds"":0,""rush_att"":0.5,""rush_tds"":0,""rush_yds"":3,""rush_yds_100"":0,""rush_yds_200"":0,""scrimage_yards_100"":0,""scrimage_yards_200"":0}"
13930,12145,Sean Mannion,QB,QB,FA,10.858,calculated,9.31,9.31,9.31,"{""2pt_tds"":0.43,""fumbles"":0.19,""pass_att"":19.59,""pass_cmp"":11.53,""pass_ints"":0.74,""pass_tds"":0.68,""pass_yds"":173.44,""pass_yds_300"":0,""pass_yds_400"":0,""points"":9.31,""points_half"":9.31,""points_ppr"":9.31,""ret_tds"":0,""rush_att"":1.44,""rush_tds"":0.06,""rush_yds"":4.2,""rush_yds_100"":0,""rush_yds_200"":0,""scrimage_yards_100"":0,""scrimage_yards_200"":0}"
17869,13879,Kyle Allen,QB,QB,BUF,10.84,calculated,9.05,9.05,9.05,"{""2pt_tds"":0.53,""fumbles"":0.1,""pass_att"":10.07,""pass_cmp"":6.05,""pass_ints"":0.87,""pass_tds"":0.69,""pass_yds"":163.09,""pass_yds_300"":0,""pass_yds_400"":0,""points"":9.05,""points_half"":9.05,""points_ppr"":9.05,""ret_tds"":0,""rush_att"":1.25,""rush_tds"":0.08,""rush_yds"":3.96,""rush_yds_100"":0,""rush_yds_200"":0,""scrimage_yards_100"":0,""scrimage_yards_200"":0}"
19246,14782,Jordan Love,QB,QB,GB,10.454,calculated,9.61,9.61,9.61,"{""2pt_tds"":0,""fumbles"":0.1,""pass_att"":16.75,""pass_cmp"":10.46,""pass_ints"":0.25,""pass_tds"":0.82,""pass_yds"":123.05,""pass_yds_300"":0,""pass_yds_400"":0,""points"":9.61,""points_half"":9.61,""points_ppr"":9.61,""ret_tds"":0,""rush_att"":3.81,""rush_tds"":0.01,""rush_yds"":18.22,""rush_yds_100"":0,""rush_yds_200"":0,""scrimage_yards_100"":0,""scrimage_yards_200"":0}"
11686,11151,Matt Barkley,QB,QB,FA,10.136,calculated,9.17,9.17,9.17,"{""2pt_tds"":0,""fumbles"":0.24,""pass_att"":20.16,""pass_cmp"":12.52,""pass_ints"":0.66,""pass_tds"":0.95,""pass_yds"":147.33,""pass_yds_300"":0,""pass_yds_400"":0,""points"":9.17,""points_half"":9.17,""points_ppr"":9.17,""ret_tds"":0,""rush_att"":2.03,""rush_tds"":0.03,""rush_yds"":4.53,""rush_yds_100"":0,""rush_yds_200"":0,""scrimage_yards_100"":0,""scrimage_yards_200"":0}"
9702,9899,Colt McCoy,QB,QB,FA,10.038,calculated,9.2,9.2,9.2,"{""2pt_tds"":0,""fumbles"":0.14,""pass_att"":23.48,""pass_cmp"":14.56,""pass_ints"":0.67,""pass_tds"":0.81,""pass_yds"":162.04,""pass_yds_300"":0,""pass_yds_400"":0,""points"":9.2,""points_half"":9.2,""points_ppr"":9.2,""ret_tds"":0,""rush_att"":0.75,""rush_tds"":0.01,""rush_yds"":3.96,""rush_yds_100"":0,""rush_yds_200"":0,""scrimage_yards_100"":0,""scrimage_yards_200"":0}"
11173,10696,Robert Griffin III,QB,QB,FA,9.854,calculated,9,9,9,"{""2pt_tds"":0,""fumbles"":0.09,""pass_att"":15.51,""pass_cmp"":9.79,""pass_ints"":0.65,""pass_tds"":0.83,""pass_yds"":113.81,""pass_yds_300"":0,""pass_yds_400"":0,""points"":9,""points_half"":9,""points_ppr"":9,""ret_tds"":0,""rush_att"":3.88,""rush_tds"":0.05,""rush_yds"":16.82,""rush_yds_100"":0,""rush_yds_200"":0,""scrimage_yards_100"":0,""scrimage_yards_200"":0}"
18255,14068,Ryan Finley,QB,QB,FA,9.238,calculated,8.51,8.51,8.51,"{""2pt_tds"":0,""fumbles"":0.15,""pass_att"":18.87,""pass_cmp"":11.53,""pass_ints"":0.4,""pass_tds"":0.74,""pass_yds"":131.56,""pass_yds_300"":0,""pass_yds_400"":0,""points"":8.51,""points_half"":8.51,""points_ppr"":8.51,""ret_tds"":0,""rush_att"":2.29,""rush_tds"":0.01,""rush_yds"":9.16,""rush_yds_100"":0,""rush_yds_200"":0,""scrimage_yards_100"":0,""scrimage_yards_200"":0}"
9445,7480,Matt Schaub,QB,QB,FA,9.053,calculated,8.27,8.27,8.27,"{""2pt_tds"":0,""fumbles"":0.11,""pass_att"":18.69,""pass_cmp"":12.44,""pass_ints"":0.57,""pass_tds"":0.8,""pass_yds"":139.39,""pass_yds_300"":0,""pass_yds_400"":0,""points"":8.27,""points_half"":8.27,""points_ppr"":8.27,""ret_tds"":0,""rush_att"":1.59,""rush_tds"":0.01,""rush_yds"":2.07,""rush_yds_100"":0,""rush_yds_200"":0,""scrimage_yards_100"":0,""scrimage_yards_200"":0}"
13907,12142,Brett Hundley,QB,QB,FA,8.691,calculated,7.95,7.95,7.95,"{""2pt_tds"":0,""fumbles"":0.1,""pass_att"":16.47,""pass_cmp"":10.14,""pass_ints"":0.26,""pass_tds"":0.75,""pass_yds"":108.36,""pass_yds_300"":0,""pass_yds_400"":0,""points"":7.95,""points_half"":7.95,""points_ppr"":7.95,""ret_tds"":0,""rush_att"":1.95,""rush_tds"":0.03,""rush_yds"":8.87,""rush_yds_100"":0,""rush_yds_200"":0,""scrimage_yards_100"":0,""scrimage_yards_200"":0}"
16726,13968,Nick Mullens,QB,QB,JAC,7.214,calculated,6.67,6.67,6.67,"{""2pt_tds"":0,""fumbles"":0.07,""pass_att"":17.44,""pass_cmp"":11.09,""pass_ints"":0.67,""pass_tds"":0.55,""pass_yds"":128.47,""pass_yds_300"":0,""pass_yds_400"":0,""points"":6.67,""points_half"":6.67,""points_ppr"":6.67,""ret_tds"":0,""rush_att"":1.29,""rush_tds"":0,""rush_yds"":1.35,""rush_yds_100"":0,""rush_yds_200"":0,""scrimage_yards_100"":0,""scrimage_yards_200"":0}"
9101,9073,Chad Henne,QB,QB,FA,7.202,calculated,6.6,6.6,6.6,"{""2pt_tds"":0,""fumbles"":0.1,""pass_att"":14.83,""pass_cmp"":9.22,""pass_ints"":0.23,""pass_tds"":0.62,""pass_yds"":103.8,""pass_yds_300"":0,""pass_yds_400"":0,""points"":6.6,""points_half"":6.6,""points_ppr"":6.6,""ret_tds"":0,""rush_att"":0.73,""rush_tds"":0.01,""rush_yds"":3.2,""rush_yds_100"":0,""rush_yds_200"":0,""scrimage_yards_100"":0,""scrimage_yards_200"":0}"
9300,9064,Joe Flacco,QB,QB,CIN,6.608,calculated,5.98,5.98,5.98,"{""2pt_tds"":0,""fumbles"":0.09,""pass_att"":12.98,""pass_cmp"":8.21,""pass_ints"":0.46,""pass_tds"":0.65,""pass_yds"":90.12,""pass_yds_300"":0,""pass_yds_400"":0,""points"":5.98,""points_half"":5.98,""points_ppr"":5.98,""ret_tds"":0,""rush_att"":1.13,""rush_tds"":0,""rush_yds"":3.93,""rush_yds_100"":0,""rush_yds_200"":0,""scrimage_yards_100"":0,""scrimage_yards_200"":0}"
16414,13127,Nathan Peterman,QB,QB,FA,6.313,calculated,5.79,5.79,5.79,"{""2pt_tds"":0,""fumbles"":0.11,""pass_att"":14.57,""pass_cmp"":9.13,""pass_ints"":0.45,""pass_tds"":0.52,""pass_yds"":96.9,""pass_yds_300"":0,""pass_yds_400"":0,""points"":5.79,""points_half"":5.79,""points_ppr"":5.79,""ret_tds"":0,""rush_att"":0.92,""rush_tds"":0.02,""rush_yds"":3.87,""rush_yds_100"":0,""rush_yds_200"":0,""scrimage_yards_100"":0,""scrimage_yards_200"":0}"
9078,9714,Brian Hoyer,QB,QB,FA,5.44,calculated,4.94,4.94,4.94,"{""2pt_tds"":0,""fumbles"":0,""pass_att"":10.5,""pass_cmp"":6.5,""pass_ints"":0,""pass_tds"":0.5,""pass_yds"":68.5,""pass_yds_300"":0,""pass_yds_400"":0,""points"":4.94,""points_half"":4.94,""points_ppr"":4.94,""ret_tds"":0,""rush_att"":2.5,""rush_tds"":0,""rush_yds"":2,""rush_yds_100"":0,""rush_yds_200"":0,""scrimage_yards_100"":0,""scrimage_yards_200"":0}"
17801,13873,Tim Boyle,QB,QB,FA,5.1,calculated,4.59,4.59,4.59,"{""2pt_tds"":0,""fumbles"":0.05,""pass_att"":10.6,""pass_cmp"":6.46,""pass_ints"":0.16,""pass_tds"":0.51,""pass_yds"":64.8,""pass_yds_300"":0,""pass_yds_400"":0,""points"":4.59,""points_half"":4.59,""points_ppr"":4.59,""ret_tds"":0,""rush_att"":1.47,""rush_tds"":0.01,""rush_yds"":1.58,""rush_yds_100"":0,""rush_yds_200"":0,""scrimage_yards_100"":0,""scrimage_yards_200"":0}"
19220,14780,Jacob Eason,QB,QB,FA,2.76,calculated,2.76,2.76,2.76,"{""2pt_tds"":0,""fumbles"":0,""pass_att"":10,""pass_cmp"":6,""pass_ints"":0,""pass_tds"":0,""pass_yds"":64,""pass_yds_300"":0,""pass_yds_400"":0,""points"":2.76,""points_half"":2.76,""points_ppr"":2.76,""ret_tds"":0,""rush_att"":1,""rush_tds"":0,""rush_yds"":2,""rush_yds_100"":0,""rush_yds_200"":0,""scrimage_yards_100"":0,""scrimage_yards_200"":0}"
19628,14790,James Morgan,QB,QB,FA,2.243,calculated,2.05,2.05,2.05,"{""2pt_tds"":0,""fumbles"":0.04,""pass_att"":5.4,""pass_cmp"":3.16,""pass_ints"":0.16,""pass_tds"":0.19,""pass_yds"":34.62,""pass_yds_300"":0,""pass_yds_400"":0,""points"":2.05,""points_half"":2.05,""points_ppr"":2.05,""ret_tds"":0,""rush_att"":0.21,""rush_tds"":0.01,""rush_yds"":0.88,""rush_yds_100"":0,""rush_yds_200"":0,""scrimage_yards_100"":0,""scrimage_yards_200"":0}"
19243,14781,Jake Fromm,QB,QB,FA,1.18,calculated,1.18,1.18,1.18,"{""2pt_tds"":0,""fumbles"":0,""pass_att"":4,""pass_cmp"":2,""pass_ints"":0,""pass_tds"":0,""pass_yds"":27,""pass_yds_300"":0,""pass_yds_400"":0,""points"":1.18,""points_half"":1.18,""points_ppr"":1.18,""ret_tds"":0,""rush_att"":0,""rush_tds"":0,""rush_yds"":1,""rush_yds_100"":0,""rush_yds_200"":0,""scrimage_yards_100"":0,""scrimage_yards_200"":0}"
12283,11835,David Fales,QB,QB,FA,0.24,calculated,0.24,0.24,0.24,"{""2pt_tds"":0,""fumbles"":0,""pass_att"":1,""pass_cmp"":1,""pass_ints"":0,""pass_tds"":0,""pass_yds"":6,""pass_yds_300"":0,""pass_yds_400"":0,""points"":0.24,""points_half"":0.24,""points_ppr"":0.24,""ret_tds"":0,""rush_att"":0,""rush_tds"":0,""rush_yds"":0,""rush_yds_100"":0,""rush_yds_200"":0,""scrimage_yards_100"":0,""scrimage_yards_200"":0}"
17630,13825,Alex McGough,QB,QB,FA,0.0,calculated,0,0,0,"{""2pt_tds"":0,""fumbles"":0,""pass_att"":0,""pass_cmp"":0,""pass_ints"":0,""pass_tds"":0,""pass_yds"":0,""pass_yds_300"":0,""pass_yds_400"":0,""points"":0,""points_half"":0,""points_ppr"":0,""ret_tds"":0,""rush_att"":0,""rush_tds"":0,""rush_yds"":0,""rush_yds_100"":0,""rush_yds_200"":0,""scrimage_yards_100"":0,""scrimage_yards_200"":0}"
11412,10935,Alex Tanney,QB,QB,FA,0.0,calculated,0,0,0,"{""2pt_tds"":0,""fumbles"":0,""pass_att"":0,""pass_cmp"":0,""pass_ints"":0,""pass_tds"":0,""pass_yds"":0,""pass_yds_300"":0,""pass_yds_400"":0,""points"":0,""points_half"":0,""points_ppr"":0,""ret_tds"":0,""rush_att"":0,""rush_tds"":0,""rush_yds"":0,""rush_yds_100"":0,""rush_yds_200"":0,""scrimage_yards_100"":0,""scrimage_yards_200"":0}"
11172,10695,Andrew Luck,QB,QB,FA,0.0,calculated,0,0,0,"{""2pt_tds"":0,""fumbles"":0,""pass_att"":0,""pass_cmp"":0,""pass_ints"":0,""pass_tds"":0,""pass_yds"":0,""pass_yds_300"":0,""pass_yds_400"":0,""points"":0,""points_half"":0,""points_ppr"":0,""ret_tds"":0,""rush_att"":0,""rush_tds"":0,""rush_yds"":0,""rush_yds_100"":0,""rush_yds_200"":0,""scrimage_yards_100"":0,""scrimage_yards_200"":0}"
19318,14787,Anthony Gordon,QB,QB,FA,0.0,calculated,0,0,0,"{""2pt_tds"":0,""fumbles"":0,""pass_att"":0,""pass_cmp"":0,""pass_ints"":0,""pass_tds"":0,""pass_yds"":0,""pass_yds_300"":0,""pass_yds_400"":0,""points"":0,""points_half"":0,""points_ppr"":0,""ret_tds"":0,""rush_att"":0,""rush_tds"":0,""rush_yds"":0,""rush_yds_100"":0,""rush_yds_200"":0,""scrimage_yards_100"":0,""scrimage_yards_200"":0}"
19827,15008,Ben DiNucci,QB,QB,FA,0.0,calculated,0,0,0,"{""2pt_tds"":0,""fumbles"":0,""pass_att"":0,""pass_cmp"":0,""pass_ints"":0,""pass_tds"":0,""pass_yds"":0,""pass_yds_300"":0,""pass_yds_400"":0,""points"":0,""points_half"":0,""points_ppr"":0,""ret_tds"":0,""rush_att"":0,""rush_tds"":0,""rush_yds"":0,""rush_yds_100"":0,""rush_yds_200"":0,""scrimage_yards_100"":0,""scrimage_yards_200"":0}"
12090,11642,Blake Bortles,QB,QB,FA,0.0,calculated,0,0,0,"{""2pt_tds"":0,""fumbles"":0,""pass_att"":0,""pass_cmp"":0,""pass_ints"":0,""pass_tds"":0,""pass_yds"":0,""pass_yds_300"":0,""pass_yds_400"":0,""points"":0,""points_half"":0,""points_ppr"":0,""ret_tds"":0,""rush_att"":0,""rush_tds"":0,""rush_yds"":0,""rush_yds_100"":0,""rush_yds_200"":0,""scrimage_yards_100"":0,""scrimage_yards_200"":0}"
15745,12621,Brandon Allen,QB,QB,NYG,0.0,calculated,0,0,0,"{""2pt_tds"":0,""fumbles"":0,""pass_att"":0,""pass_cmp"":0,""pass_ints"":0,""pass_tds"":0,""pass_yds"":0,""pass_yds_300"":0,""pass_yds_400"":0,""points"":0,""points_half"":0,""points_ppr"":0,""ret_tds"":0,""rush_att"":0,""rush_tds"":0,""rush_yds"":0,""rush_yds_100"":0,""rush_yds_200"":0,""scrimage_yards_100"":0,""scrimage_yards_200"":0}"
11175,10698,Brandon Weeden,QB,QB,FA,0.0,calculated,0,0,0,"{""2pt_tds"":0,""fumbles"":0,""pass_att"":0,""pass_cmp"":0,""pass_ints"":0,""pass_tds"":0,""pass_yds"":0,""pass_yds_300"":0,""pass_yds_400"":0,""points"":0,""points_half"":0,""points_ppr"":0,""ret_tds"":0,""rush_att"":0,""rush_tds"":0,""rush_yds"":0,""rush_yds_100"":0,""rush_yds_200"":0,""scrimage_yards_100"":0,""scrimage_yards_200"":0}"
18323,14065,Brett Rypien,QB,QB,HOU,0.0,calculated,0,0,0,"{""2pt_tds"":0,""fumbles"":0,""pass_att"":0,""pass_cmp"":0,""pass_ints"":0,""pass_tds"":0,""pass_yds"":0,""pass_yds_300"":0,""pass_yds_400"":0,""points"":0,""points_half"":0,""points_ppr"":0,""ret_tds"":0,""rush_att"":0,""rush_tds"":0,""rush_yds"":0,""rush_yds_100"":0,""rush_yds_200"":0,""scrimage_yards_100"":0,""scrimage_yards_200"":0}"
11179,10702,Brock Osweiler,QB,QB,FA,0.0,calculated,0,0,0,"{""2pt_tds"":0,""fumbles"":0,""pass_att"":0,""pass_cmp"":0,""pass_ints"":0,""pass_tds"":0,""pass_yds"":0,""pass_yds_300"":0,""pass_yds_400"":0,""points"":0,""points_half"":0,""points_ppr"":0,""ret_tds"":0,""rush_att"":0,""rush_tds"":0,""rush_yds"":0,""rush_yds_100"":0,""rush_yds_200"":0,""scrimage_yards_100"":0,""scrimage_yards_200"":0}"
16419,13125,C.J. Beathard,QB,QB,FA,0.0,calculated,0,0,0,"{""2pt_tds"":0,""fumbles"":0,""pass_att"":0,""pass_cmp"":0,""pass_ints"":0,""pass_tds"":0,""pass_yds"":0,""pass_yds_300"":0,""pass_yds_400"":0,""points"":0,""points_half"":0,""points_ppr"":0,""ret_tds"":0,""rush_att"":0,""rush_tds"":0,""rush_yds"":0,""rush_yds_100"":0,""rush_yds_200"":0,""scrimage_yards_100"":0,""scrimage_yards_200"":0}"
16416,13121,Chad Kelly,QB,QB,FA,0.0,calculated,0,0,0,"{""2pt_tds"":0,""fumbles"":0,""pass_att"":0,""pass_cmp"":0,""pass_ints"":0,""pass_tds"":0,""pass_yds"":0,""pass_yds_300"":0,""pass_yds_400"":0,""points"":0,""points_half"":0,""points_ppr"":0,""ret_tds"":0,""rush_att"":0,""rush_tds"":0,""rush_yds"":0,""rush_yds_100"":0,""rush_yds_200"":0,""scrimage_yards_100"":0,""scrimage_yards_200"":0}"
18454,14064,Clayton Thorson,QB,QB,FA,0.0,calculated,0,0,0,"{""2pt_tds"":0,""fumbles"":0,""pass_att"":0,""pass_cmp"":0,""pass_ints"":0,""pass_tds"":0,""pass_yds"":0,""pass_yds_300"":0,""pass_yds_400"":0,""points"":0,""points_half"":0,""points_ppr"":0,""ret_tds"":0,""rush_att"":0,""rush_tds"":0,""rush_yds"":0,""rush_yds_100"":0,""rush_yds_200"":0,""scrimage_yards_100"":0,""scrimage_yards_200"":0}"
15644,12617,Cody Kessler,QB,QB,FA,0.0,calculated,0,0,0,"{""2pt_tds"":0,""fumbles"":0,""pass_att"":0,""pass_cmp"":0,""pass_ints"":0,""pass_tds"":0,""pass_yds"":0,""pass_yds_300"":0,""pass_yds_400"":0,""points"":0,""points_half"":0,""points_ppr"":0,""ret_tds"":0,""rush_att"":0,""rush_tds"":0,""rush_yds"":0,""rush_yds_100"":0,""rush_yds_200"":0,""scrimage_yards_100"":0,""scrimage_yards_200"":0}"
19500,14794,Cole McDonald,QB,QB,FA,0.0,calculated,0,0,0,"{""2pt_tds"":0,""fumbles"":0,""pass_att"":0,""pass_cmp"":0,""pass_ints"":0,""pass_tds"":0,""pass_yds"":0,""pass_yds_300"":0,""pass_yds_400"":0,""points"":0,""points_half"":0,""points_ppr"":0,""ret_tds"":0,""rush_att"":0,""rush_tds"":0,""rush_yds"":0,""rush_yds_100"":0,""rush_yds_200"":0,""scrimage_yards_100"":0,""scrimage_yards_200"":0}"
9891,10297,Colin Kaepernick,QB,QB,FA,0.0,calculated,0,0,0,"{""2pt_tds"":0,""fumbles"":0,""pass_att"":0,""pass_cmp"":0,""pass_ints"":0,""pass_tds"":0,""pass_yds"":0,""pass_yds_300"":0,""pass_yds_400"":0,""points"":0,""points_half"":0,""points_ppr"":0,""ret_tds"":0,""rush_att"":0,""rush_tds"":0,""rush_yds"":0,""rush_yds_100"":0,""rush_yds_200"":0,""scrimage_yards_100"":0,""scrimage_yards_200"":0}"
16477,13124,Cooper Rush,QB,QB,ATL,0.0,calculated,0,0,0,"{""2pt_tds"":0,""fumbles"":0,""pass_att"":0,""pass_cmp"":0,""pass_ints"":0,""pass_tds"":0,""pass_yds"":0,""pass_yds_300"":0,""pass_yds_400"":0,""points"":0,""points_half"":0,""points_ppr"":0,""ret_tds"":0,""rush_att"":0,""rush_tds"":0,""rush_yds"":0,""rush_yds_100"":0,""rush_yds_200"":0,""scrimage_yards_100"":0,""scrimage_yards_200"":0}"
17542,13824,Danny Etling,QB,QB,FA,0.0,calculated,0,0,0,"{""2pt_tds"":0,""fumbles"":0,""pass_att"":0,""pass_cmp"":0,""pass_ints"":0,""pass_tds"":0,""pass_yds"":0,""pass_yds_300"":0,""pass_yds_400"":0,""points"":0,""points_half"":0,""points_ppr"":0,""ret_tds"":0,""rush_att"":0,""rush_tds"":0,""rush_yds"":0,""rush_yds_100"":0,""rush_yds_200"":0,""scrimage_yards_100"":0,""scrimage_yards_200"":0}"
16418,13120,Davis Webb,QB,QB,FA,0.0,calculated,0,0,0,"{""2pt_tds"":0,""fumbles"":0,""pass_att"":0,""pass_cmp"":0,""pass_ints"":0,""pass_tds"":0,""pass_yds"":0,""pass_yds_300"":0,""pass_yds_400"":0,""points"":0,""points_half"":0,""points_ppr"":0,""ret_tds"":0,""rush_att"":0,""rush_tds"":0,""rush_yds"":0,""rush_yds_100"":0,""rush_yds_200"":0,""scrimage_yards_100"":0,""scrimage_yards_200"":0}"
16389,13114,DeShone Kizer,QB,QB,FA,0.0,calculated,0,0,0,"{""2pt_tds"":0,""fumbles"":0,""pass_att"":0,""pass_cmp"":0,""pass_ints"":0,""pass_tds"":0,""pass_yds"":0,""pass_yds_300"":0,""pass_yds_400"":0,""points"":0,""points_half"":0,""points_ppr"":0,""ret_tds"":0,""rush_att"":0,""rush_tds"":0,""rush_yds"":0,""rush_yds_100"":0,""rush_yds_200"":0,""scrimage_yards_100"":0,""scrimage_yards_200"":0}"
9178,8025,Derek Anderson,QB,QB,FA,0.0,calculated,0,0,0,"{""2pt_tds"":0,""fumbles"":0,""pass_att"":0,""pass_cmp"":0,""pass_ints"":0,""pass_tds"":0,""pass_yds"":0,""pass_yds_300"":0,""pass_yds_400"":0,""points"":0,""points_half"":0,""points_ppr"":0,""ret_tds"":0,""rush_att"":0,""rush_tds"":0,""rush_yds"":0,""rush_yds_100"":0,""rush_yds_200"":0,""scrimage_yards_100"":0,""scrimage_yards_200"":0}"
19063,14618,Devlin Hodges,QB,QB,FA,0.0,calculated,0,0,0,"{""2pt_tds"":0,""fumbles"":0,""pass_att"":0,""pass_cmp"":0,""pass_ints"":0,""pass_tds"":0,""pass_yds"":0,""pass_yds_300"":0,""pass_yds_400"":0,""points"":0,""points_half"":0,""points_ppr"":0,""ret_tds"":0,""rush_att"":0,""rush_tds"":0,""rush_yds"":0,""rush_yds_100"":0,""rush_yds_200"":0,""scrimage_yards_100"":0,""scrimage_yards_200"":0}"
9201,8712,Drew Stanton,QB,QB,FA,0.0,calculated,0,0,0,"{""2pt_tds"":0,""fumbles"":0,""pass_att"":0,""pass_cmp"":0,""pass_ints"":0,""pass_tds"":0,""pass_yds"":0,""pass_yds_300"":0,""pass_yds_400"":0,""points"":0,""points_half"":0,""points_ppr"":0,""ret_tds"":0,""rush_att"":0,""rush_tds"":0,""rush_yds"":0,""rush_yds_100"":0,""rush_yds_200"":0,""scrimage_yards_100"":0,""scrimage_yards_200"":0}"
18446,14069,Easton Stick,QB,QB,IND,0.0,calculated,0,0,0,"{""2pt_tds"":0,""fumbles"":0,""pass_att"":0,""pass_cmp"":0,""pass_ints"":0,""pass_tds"":0,""pass_yds"":0,""pass_yds_300"":0,""pass_yds_400"":0,""points"":0,""points_half"":0,""points_ppr"":0,""ret_tds"":0,""rush_att"":0,""rush_tds"":0,""rush_yds"":0,""rush_yds_100"":0,""rush_yds_200"":0,""scrimage_yards_100"":0,""scrimage_yards_200"":0}"
12302,11854,Garrett Gilbert,QB,QB,FA,0.0,calculated,0,0,0,"{""2pt_tds"":0,""fumbles"":0,""pass_att"":0,""pass_cmp"":0,""pass_ints"":0,""pass_tds"":0,""pass_yds"":0,""pass_yds_300"":0,""pass_yds_400"":0,""points"":0,""points_half"":0,""points_ppr"":0,""ret_tds"":0,""rush_att"":0,""rush_tds"":0,""rush_yds"":0,""rush_yds_100"":0,""rush_yds_200"":0,""scrimage_yards_100"":0,""scrimage_yards_200"":0}"
15845,12819,Jake Rudock,QB,QB,FA,0.0,calculated,0,0,0,"{""2pt_tds"":0,""fumbles"":0,""pass_att"":0,""pass_cmp"":0,""pass_ints"":0,""pass_tds"":0,""pass_yds"":0,""pass_yds_300"":0,""pass_yds_400"":0,""points"":0,""points_half"":0,""points_ppr"":0,""ret_tds"":0,""rush_att"":0,""rush_tds"":0,""rush_yds"":0,""rush_yds_100"":0,""rush_yds_200"":0,""scrimage_yards_100"":0,""scrimage_yards_200"":0}"
9326,9207,Josh Johnson,QB,QB,CIN,0.0,calculated,0,0,0,"{""2pt_tds"":0,""fumbles"":0,""pass_att"":0,""pass_cmp"":0,""pass_ints"":0,""pass_tds"":0,""pass_yds"":0,""pass_yds_300"":0,""pass_yds_400"":0,""points"":0,""points_half"":0,""points_ppr"":0,""ret_tds"":0,""rush_att"":0,""rush_tds"":0,""rush_yds"":0,""rush_yds_100"":0,""rush_yds_200"":0,""scrimage_yards_100"":0,""scrimage_yards_200"":0}"
9327,6589,Josh McCown,QB,QB,FA,0.0,calculated,0,0,0,"{""2pt_tds"":0,""fumbles"":0,""pass_att"":0,""pass_cmp"":0,""pass_ints"":0,""pass_tds"":0,""pass_yds"":0,""pass_yds_300"":0,""pass_yds_400"":0,""points"":0,""points_half"":0,""points_ppr"":0,""ret_tds"":0,""rush_att"":0,""rush_tds"":0,""rush_yds"":0,""rush_yds_100"":0,""rush_yds_200"":0,""scrimage_yards_100"":0,""scrimage_yards_200"":0}"
17235,13591,Josh Rosen,QB,QB,FA,0.0,calculated,0,0,0,"{""2pt_tds"":0,""fumbles"":0,""pass_att"":0,""pass_cmp"":0,""pass_ints"":0,""pass_tds"":0,""pass_yds"":0,""pass_yds_300"":0,""pass_yds_400"":0,""points"":0,""points_half"":0,""points_ppr"":0,""ret_tds"":0,""rush_att"":0,""rush_tds"":0,""rush_yds"":0,""rush_yds_100"":0,""rush_yds_200"":0,""scrimage_yards_100"":0,""scrimage_yards_200"":0}"
16417,13119,Joshua Dobbs,QB,QB,DET,0.0,calculated,0,0,0,"{""2pt_tds"":0,""fumbles"":0,""pass_att"":0,""pass_cmp"":0,""pass_ints"":0,""pass_tds"":0,""pass_yds"":0,""pass_yds_300"":0,""pass_yds_400"":0,""points"":0,""points_half"":0,""points_ppr"":0,""ret_tds"":0,""rush_att"":0,""rush_tds"":0,""rush_yds"":0,""rush_yds_100"":0,""rush_yds_200"":0,""scrimage_yards_100"":0,""scrimage_yards_200"":0}"
17456,13601,Kyle Lauletta,QB,QB,FA,0.0,calculated,0,0,0,"{""2pt_tds"":0,""fumbles"":0,""pass_att"":0,""pass_cmp"":0,""pass_ints"":0,""pass_tds"":0,""pass_yds"":0,""pass_yds_300"":0,""pass_yds_400"":0,""points"":0,""points_half"":0,""points_ppr"":0,""ret_tds"":0,""rush_att"":0,""rush_tds"":0,""rush_yds"":0,""rush_yds_100"":0,""rush_yds_200"":0,""scrimage_yards_100"":0,""scrimage_yards_200"":0}"
16902,13389,Kyle Sloter,QB,QB,FA,0.0,calculated,0,0,0,"{""2pt_tds"":0,""fumbles"":0,""pass_att"":0,""pass_cmp"":0,""pass_ints"":0,""pass_tds"":0,""pass_yds"":0,""pass_yds_300"":0,""pass_yds_400"":0,""points"":0,""points_half"":0,""points_ppr"":0,""ret_tds"":0,""rush_att"":0,""rush_tds"":0,""rush_yds"":0,""rush_yds_100"":0,""rush_yds_200"":0,""scrimage_yards_100"":0,""scrimage_yards_200"":0}"
17293,13594,Luke Falk,QB,QB,FA,0.0,calculated,0,0,0,"{""2pt_tds"":0,""fumbles"":0,""pass_att"":0,""pass_cmp"":0,""pass_ints"":0,""pass_tds"":0,""pass_yds"":0,""pass_yds_300"":0,""pass_yds_400"":0,""points"":0,""points_half"":0,""points_ppr"":0,""ret_tds"":0,""rush_att"":0,""rush_tds"":0,""rush_yds"":0,""rush_yds_100"":0,""rush_yds_200"":0,""scrimage_yards_100"":0,""scrimage_yards_200"":0}"
9425,9429,Mark Sanchez,QB,QB,FA,0.0,calculated,0,0,0,"{""2pt_tds"":0,""fumbles"":0,""pass_att"":0,""pass_cmp"":0,""pass_ints"":0,""pass_tds"":0,""pass_yds"":0,""pass_yds_300"":0,""pass_yds_400"":0,""points"":0,""points_half"":0,""points_ppr"":0,""ret_tds"":0,""rush_att"":0,""rush_tds"":0,""rush_yds"":0,""rush_yds_100"":0,""rush_yds_200"":0,""scrimage_yards_100"":0,""scrimage_yards_200"":0}"
9435,8042,Matt Cassel,QB,QB,FA,0.0,calculated,0,0,0,"{""2pt_tds"":0,""fumbles"":0,""pass_att"":0,""pass_cmp"":0,""pass_ints"":0,""pass_tds"":0,""pass_yds"":0,""pass_yds_300"":0,""pass_yds_400"":0,""points"":0,""points_half"":0,""points_ppr"":0,""ret_tds"":0,""rush_att"":0,""rush_tds"":0,""rush_yds"":0,""rush_yds_100"":0,""rush_yds_200"":0,""scrimage_yards_100"":0,""scrimage_yards_200"":0}"
9442,8944,Matt Moore,QB,QB,FA,0.0,calculated,0,0,0,"{""2pt_tds"":0,""fumbles"":0,""pass_att"":0,""pass_cmp"":0,""pass_ints"":0,""pass_tds"":0,""pass_yds"":0,""pass_yds_300"":0,""pass_yds_400"":0,""points"":0,""points_half"":0,""points_ppr"":0,""ret_tds"":0,""rush_att"":0,""rush_tds"":0,""rush_yds"":0,""rush_yds_100"":0,""rush_yds_200"":0,""scrimage_yards_100"":0,""scrimage_yards_200"":0}"
11685,11152,Mike Glennon,QB,QB,FA,0.0,calculated,0,0,0,"{""2pt_tds"":0,""fumbles"":0,""pass_att"":0,""pass_cmp"":0,""pass_ints"":0,""pass_tds"":0,""pass_yds"":0,""pass_yds_300"":0,""pass_yds_400"":0,""points"":0,""points_half"":0,""points_ppr"":0,""ret_tds"":0,""rush_att"":0,""rush_tds"":0,""rush_yds"":0,""rush_yds_100"":0,""rush_yds_200"":0,""scrimage_yards_100"":0,""scrimage_yards_200"":0}"
17447,13598,Mike White,QB,QB,FA,0.0,calculated,0,0,0,"{""2pt_tds"":0,""fumbles"":0,""pass_att"":0,""pass_cmp"":0,""pass_ints"":0,""pass_tds"":0,""pass_yds"":0,""pass_yds_300"":0,""pass_yds_400"":0,""points"":0,""points_half"":0,""points_ppr"":0,""ret_tds"":0,""rush_att"":0,""rush_tds"":0,""rush_yds"":0,""rush_yds_100"":0,""rush_yds_200"":0,""scrimage_yards_100"":0,""scrimage_yards_200"":0}"
19461,14785,Nate Stanley,QB,QB,FA,0.0,calculated,0,0,0,"{""2pt_tds"":0,""fumbles"":0,""pass_att"":0,""pass_cmp"":0,""pass_ints"":0,""pass_tds"":0,""pass_yds"":0,""pass_yds_300"":0,""pass_yds_400"":0,""points"":0,""points_half"":0,""points_ppr"":0,""ret_tds"":0,""rush_att"":0,""rush_tds"":0,""rush_yds"":0,""rush_yds_100"":0,""rush_yds_200"":0,""scrimage_yards_100"":0,""scrimage_yards_200"":0}"
15833,12815,Nate Sudfeld,QB,QB,FA,0.0,calculated,0,0,0,"{""2pt_tds"":0,""fumbles"":0,""pass_att"":0,""pass_cmp"":0,""pass_ints"":0,""pass_tds"":0,""pass_yds"":0,""pass_yds_300"":0,""pass_yds_400"":0,""points"":0,""points_half"":0,""points_ppr"":0,""ret_tds"":0,""rush_att"":0,""rush_tds"":0,""rush_yds"":0,""rush_yds_100"":0,""rush_yds_200"":0,""scrimage_yards_100"":0,""scrimage_yards_200"":0}"
18427,,Nick Fitzgerald,QB,QB,FA,0.0,calculated,0,0,0,"{""2pt_tds"":0,""fumbles"":0,""pass_att"":0,""pass_cmp"":0,""pass_ints"":0,""pass_tds"":0,""pass_yds"":0,""pass_yds_300"":0,""pass_yds_400"":0,""points"":0,""points_half"":0,""points_ppr"":0,""ret_tds"":0,""rush_att"":0,""rush_tds"":0,""rush_yds"":0,""rush_yds_100"":0,""rush_yds_200"":0,""scrimage_yards_100"":0,""scrimage_yards_200"":0}"
15493,12612,Paxton Lynch,QB,QB,FA,0.0,calculated,0,0,0,"{""2pt_tds"":0,""fumbles"":0,""pass_att"":0,""pass_cmp"":0,""pass_ints"":0,""pass_tds"":0,""pass_yds"":0,""pass_yds_300"":0,""pass_yds_400"":0,""points"":0,""points_half"":0,""points_ppr"":0,""ret_tds"":0,""rush_att"":0,""rush_tds"":0,""rush_yds"":0,""rush_yds_100"":0,""rush_yds_200"":0,""scrimage_yards_100"":0,""scrimage_yards_200"":0}"
11872,11441,Ryan Griffin,QB,QB,FA,0.0,calculated,0,0,0,"{""2pt_tds"":0,""fumbles"":0,""pass_att"":0,""pass_cmp"":0,""pass_ints"":0,""pass_tds"":0,""pass_yds"":0,""pass_yds_300"":0,""pass_yds_400"":0,""points"":0,""points_half"":0,""points_ppr"":0,""ret_tds"":0,""rush_att"":0,""rush_tds"":0,""rush_yds"":0,""rush_yds_100"":0,""rush_yds_200"":0,""scrimage_yards_100"":0,""scrimage_yards_200"":0}"
9678,9817,Sam Bradford,QB,QB,FA,0.0,calculated,0,0,0,"{""2pt_tds"":0,""fumbles"":0,""pass_att"":0,""pass_cmp"":0,""pass_ints"":0,""pass_tds"":0,""pass_yds"":0,""pass_yds_300"":0,""pass_yds_400"":0,""points"":0,""points_half"":0,""points_ppr"":0,""ret_tds"":0,""rush_att"":0,""rush_tds"":0,""rush_yds"":0,""rush_yds_100"":0,""rush_yds_200"":0,""scrimage_yards_100"":0,""scrimage_yards_200"":0}"
17495,13599,Tanner Lee,QB,QB,FA,0.0,calculated,0,0,0,"{""2pt_tds"":0,""fumbles"":0,""pass_att"":0,""pass_cmp"":0,""pass_ints"":0,""pass_tds"":0,""pass_yds"":0,""pass_yds_300"":0,""pass_yds_400"":0,""points"":0,""points_half"":0,""points_ppr"":0,""ret_tds"":0,""rush_att"":0,""rush_tds"":0,""rush_yds"":0,""rush_yds_100"":0,""rush_yds_200"":0,""scrimage_yards_100"":0,""scrimage_yards_200"":0}"
13932,12476,Taylor Heinicke,QB,QB,FA,0.0,calculated,0,0,0,"{""2pt_tds"":0,""fumbles"":0,""pass_att"":0,""pass_cmp"":0,""pass_ints"":0,""pass_tds"":0,""pass_yds"":0,""pass_yds_300"":0,""pass_yds_400"":0,""points"":0,""points_half"":0,""points_ppr"":0,""ret_tds"":0,""rush_att"":0,""rush_tds"":0,""rush_yds"":0,""rush_yds_100"":0,""rush_yds_200"":0,""scrimage_yards_100"":0,""scrimage_yards_200"":0}"
18475,14061,Trace McSorley,QB,QB,FA,0.0,calculated,0,0,0,"{""2pt_tds"":0,""fumbles"":0,""pass_att"":0,""pass_cmp"":0,""pass_ints"":0,""pass_tds"":0,""pass_yds"":0,""pass_yds_300"":0,""pass_yds_400"":0,""points"":0,""points_half"":0,""points_ppr"":0,""ret_tds"":0,""rush_att"":0,""rush_tds"":0,""rush_yds"":0,""rush_yds_100"":0,""rush_yds_200"":0,""scrimage_yards_100"":0,""scrimage_yards_200"":0}"
14142,12381,Trevor Siemian,QB,QB,FA,0.0,calculated,0,0,0,"{""2pt_tds"":0,""fumbles"":0,""pass_att"":0,""pass_cmp"":0,""pass_ints"":0,""pass_tds"":0,""pass_yds"":0,""pass_yds_300"":0,""pass_yds_400"":0,""points"":0,""points_half"":0,""points_ppr"":0,""ret_tds"":0,""rush_att"":0,""rush_tds"":0,""rush_yds"":0,""rush_yds_100"":0,""rush_yds_200"":0,""scrimage_yards_100"":0,""scrimage_yards_200"":0}"
11667,11170,Tyler Bray,QB,QB,FA,0.0,calculated,0,0,0,"{""2pt_tds"":0,""fumbles"":0,""pass_att"":0,""pass_cmp"":0,""pass_ints"":0,""pass_tds"":0,""pass_yds"":0,""pass_yds_300"":0,""pass_yds_400"":0,""points"":0,""points_half"":0,""points_ppr"":0,""ret_tds"":0,""rush_att"":0,""rush_tds"":0,""rush_yds"":0,""rush_yds_100"":0,""rush_yds_200"":0,""scrimage_yards_100"":0,""scrimage_yards_200"":0}"
16393,13130,Christian McCaffrey,RB,RB,SF,269.694,calculated,268.75,318.9,369.05,"{""2pt_tds"":0.47,""fumbles"":1.84,""points"":268.75,""points_half"":318.9,""points_ppr"":369.05,""rec_rec"":100.29,""rec_tds"":4.35,""rec_yds"":833.54,""rec_yds_100"":0,""rec_yds_200"":0,""ret_tds"":0,""rush_att"":248.98,""rush_tds"":8.48,""rush_yds"":1121,""rush_yds_100"":0,""rush_yds_200"":0,""scrimage_yards_100"":0,""scrimage_yards_200"":0}"
15498,12625,Ezekiel Elliott,RB,RB,FA,242.776,calculated,242.81,272.53,302.24,"{""2pt_tds"":0,""fumbles"":2.25,""points"":242.81,""points_half"":272.53,""points_ppr"":302.24,""rec_rec"":59.43,""rec_tds"":2.49,""rec_yds"":471,""rec_yds_100"":0,""rec_yds_200"":0,""ret_tds"":0,""rush_att"":286.04,""rush_tds"":9.69,""rush_yds"":1270.96,""rush_yds_100"":0,""rush_yds_200"":0,""scrimage_yards_100"":0,""scrimage_yards_200"":0}"
17240,13604,Saquon Barkley,RB,RB,PHI,241.66,calculated,240.72,273.18,305.65,"{""2pt_tds"":0.48,""fumbles"":1.28,""points"":240.72,""points_half"":273.18,""points_ppr"":305.65,""rec_rec"":64.93,""rec_tds"":2.62,""rec_yds"":523.78,""rec_yds_100"":0,""rec_yds_200"":0,""ret_tds"":0,""rush_att"":269.33,""rush_tds"":8.88,""rush_yds"":1218.82,""rush_yds_100"":0,""rush_yds_200"":0,""scrimage_yards_100"":0,""scrimage_yards_200"":0}"
15514,12626,Derrick Henry,RB,RB,BAL,239.371,calculated,239.4,250.54,261.68,"{""2pt_tds"":0,""fumbles"":2.04,""points"":239.4,""points_half"":250.54,""points_ppr"":261.68,""rec_rec"":22.28,""rec_tds"":1.06,""rec_yds"":189.71,""rec_yds_100"":0,""rec_yds_200"":0,""ret_tds"":0,""rush_att"":296.76,""rush_tds"":11.98,""rush_yds"":1462.4,""rush_yds_100"":0,""rush_yds_200"":0,""scrimage_yards_100"":0,""scrimage_yards_200"":0}"
16374,13128,Dalvin Cook,RB,RB,FA,231.345,calculated,231.37,261.24,291.1,"{""2pt_tds"":0.01,""fumbles"":2.38,""points"":231.37,""points_half"":261.24,""points_ppr"":291.1,""rec_rec"":59.73,""rec_tds"":1.82,""rec_yds"":526.2,""rec_yds_100"":0,""rec_yds_200"":0,""ret_tds"":0,""rush_att"":259.17,""rush_tds"":9.79,""rush_yds"":1138.05,""rush_yds_100"":0,""rush_yds_200"":0,""scrimage_yards_100"":0,""scrimage_yards_200"":0}"
16421,13132,Alvin Kamara,RB,RB,NO,216.917,calculated,214.19,255.56,296.92,"{""2pt_tds"":1.36,""fumbles"":1.56,""points"":214.19,""points_half"":255.56,""points_ppr"":296.92,""rec_rec"":82.73,""rec_tds"":2.92,""rec_yds"":606.96,""rec_yds_100"":0,""rec_yds_200"":0,""ret_tds"":0,""rush_att"":199.76,""rush_tds"":7.93,""rush_yds"":915.21,""rush_yds_100"":0,""rush_yds_200"":0,""scrimage_yards_100"":0,""scrimage_yards_200"":0}"
19325,14803,Clyde Edwards-Helaire,RB,RB,FA,204.329,calculated,203.97,229.82,255.67,"{""2pt_tds"":0.16,""fumbles"":1.87,""points"":203.97,""points_half"":229.82,""points_ppr"":255.67,""rec_rec"":51.7,""rec_tds"":3.2,""rec_yds"":454.3,""rec_yds_100"":0,""rec_yds_200"":0,""ret_tds"":0,""rush_att"":207.83,""rush_tds"":8.22,""rush_yds"":937.99,""rush_yds_100"":0,""rush_yds_200"":0,""scrimage_yards_100"":0,""scrimage_yards_200"":0}"
17246,13610,Nick Chubb,RB,RB,FA,203.522,calculated,203.42,216,228.59,"{""2pt_tds"":0.04,""fumbles"":1.76,""points"":203.42,""points_half"":216,""points_ppr"":228.59,""rec_rec"":25.17,""rec_tds"":1.07,""rec_yds"":195.36,""rec_yds_100"":0,""rec_yds_200"":0,""ret_tds"":0,""rush_att"":276.6,""rush_tds"":9.09,""rush_yds"":1264.66,""rush_yds_100"":0,""rush_yds_200"":0,""scrimage_yards_100"":0,""scrimage_yards_200"":0}"
18269,14073,Josh Jacobs,RB,RB,GB,202.798,calculated,202.59,218.04,233.5,"{""2pt_tds"":0.09,""fumbles"":1.68,""points"":202.59,""points_half"":218.04,""points_ppr"":233.5,""rec_rec"":30.91,""rec_tds"":0.89,""rec_yds"":239.84,""rec_yds_100"":0,""rec_yds_200"":0,""ret_tds"":0,""rush_att"":269.61,""rush_tds"":9.19,""rush_yds"":1215.14,""rush_yds_100"":0,""rush_yds_200"":0,""scrimage_yards_100"":0,""scrimage_yards_200"":0}"
16420,13131,Joe Mixon,RB,RB,FA,200.819,calculated,200.82,220.6,240.38,"{""2pt_tds"":0,""fumbles"":1.45,""points"":200.82,""points_half"":220.6,""points_ppr"":240.38,""rec_rec"":39.56,""rec_tds"":1.67,""rec_yds"":305.36,""rec_yds_100"":0,""rec_yds_200"":0,""ret_tds"":0,""rush_att"":272.97,""rush_tds"":7.47,""rush_yds"":1183.43,""rush_yds_100"":0,""rush_yds_200"":0,""scrimage_yards_100"":0,""scrimage_yards_200"":0}"
18283,14079,Miles Sanders,RB,RB,FA,198.165,calculated,197.92,222.85,247.77,"{""2pt_tds"":0.12,""fumbles"":1.8,""points"":197.92,""points_half"":222.85,""points_ppr"":247.77,""rec_rec"":49.85,""rec_tds"":2.29,""rec_yds"":442.45,""rec_yds_100"":0,""rec_yds_200"":0,""ret_tds"":0,""rush_att"":237.7,""rush_tds"":6.32,""rush_yds"":1056.2,""rush_yds_100"":0,""rush_yds_200"":0,""scrimage_yards_100"":0,""scrimage_yards_200"":0}"
16673,13319,Aaron Jones Sr.,RB,RB,MIN,196.678,calculated,196.66,218.45,240.23,"{""2pt_tds"":0.01,""fumbles"":1.36,""points"":196.66,""points_half"":218.45,""points_ppr"":240.23,""rec_rec"":43.57,""rec_tds"":2.06,""rec_yds"":356.36,""rec_yds_100"":0,""rec_yds_200"":0,""ret_tds"":0,""rush_att"":210.27,""rush_tds"":9.34,""rush_yds"":953.42,""rush_yds_100"":0,""rush_yds_200"":0,""scrimage_yards_100"":0,""scrimage_yards_200"":0}"
15637,12630,Kenyan Drake,RB,RB,FA,192.411,calculated,192.07,219.32,246.57,"{""2pt_tds"":0.17,""fumbles"":1.49,""points"":192.07,""points_half"":219.32,""points_ppr"":246.57,""rec_rec"":54.49,""rec_tds"":2.18,""rec_yds"":413.79,""rec_yds_100"":0,""rec_yds_200"":0,""ret_tds"":0,""rush_att"":206.85,""rush_tds"":7.48,""rush_yds"":957.12,""rush_yds_100"":0,""rush_yds_200"":0,""scrimage_yards_100"":0,""scrimage_yards_200"":0}"
16754,13364,Chris Carson,RB,RB,FA,187.859,calculated,186.82,202.55,218.27,"{""2pt_tds"":0.5,""fumbles"":2.27,""points"":186.82,""points_half"":202.55,""points_ppr"":218.27,""rec_rec"":31.45,""rec_tds"":1.33,""rec_yds"":243.18,""rec_yds_100"":0,""rec_yds_200"":0,""ret_tds"":0,""rush_att"":247.01,""rush_tds"":7.85,""rush_yds"":1120.01,""rush_yds_100"":0,""rush_yds_200"":0,""scrimage_yards_100"":0,""scrimage_yards_200"":0}"
16483,13404,Austin Ekeler,RB,RB,FA,184.311,calculated,184.18,217.2,250.21,"{""2pt_tds"":0.07,""fumbles"":1.27,""points"":184.18,""points_half"":217.2,""points_ppr"":250.21,""rec_rec"":66.03,""rec_tds"":3.87,""rec_yds"":654.61,""rec_yds_100"":0,""rec_yds_200"":0,""ret_tds"":0,""rush_att"":164.01,""rush_tds"":4.51,""rush_yds"":709.7,""rush_yds_100"":0,""rush_yds_200"":0,""scrimage_yards_100"":0,""scrimage_yards_200"":0}"
13912,12150,Todd Gurley II,RB,RB,FA,179.589,calculated,176.74,197.86,218.97,"{""2pt_tds"":1.41,""fumbles"":1.33,""points"":176.74,""points_half"":197.86,""points_ppr"":218.97,""rec_rec"":42.23,""rec_tds"":2.15,""rec_yds"":331.94,""rec_yds_100"":0,""rec_yds_200"":0,""ret_tds"":0,""rush_att"":207.32,""rush_tds"":7.63,""rush_yds"":875.55,""rush_yds_100"":0,""rush_yds_200"":0,""scrimage_yards_100"":0,""scrimage_yards_200"":0}"
13948,12171,David Johnson,RB,RB,FA,173.693,calculated,172.71,193.41,214.12,"{""2pt_tds"":0.5,""fumbles"":1.69,""points"":172.71,""points_half"":193.41,""points_ppr"":214.12,""rec_rec"":41.41,""rec_tds"":2.94,""rec_yds"":398.64,""rec_yds_100"":0,""rec_yds_200"":0,""ret_tds"":0,""rush_att"":220.85,""rush_tds"":5.49,""rush_yds"":856.29,""rush_yds_100"":0,""rush_yds_200"":0,""scrimage_yards_100"":0,""scrimage_yards_200"":0}"
16447,13146,James Conner,RB,RB,ARI,172.941,calculated,172.83,193.5,214.18,"{""2pt_tds"":0.04,""fumbles"":1.9,""points"":172.83,""points_half"":193.5,""points_ppr"":214.18,""rec_rec"":41.35,""rec_tds"":1.91,""rec_yds"":332.15,""rec_yds_100"":0,""rec_yds_200"":0,""ret_tds"":0,""rush_att"":221.16,""rush_tds"":6.55,""rush_yds"":926.86,""rush_yds_100"":0,""rush_yds_200"":0,""scrimage_yards_100"":0,""scrimage_yards_200"":0}"
13903,12151,Melvin Gordon III,RB,RB,FA,161.331,calculated,160.31,182.02,203.74,"{""2pt_tds"":0.5,""fumbles"":1.32,""points"":160.31,""points_half"":182.02,""points_ppr"":203.74,""rec_rec"":43.43,""rec_tds"":1.66,""rec_yds"":348.36,""rec_yds_100"":0,""rec_yds_200"":0,""ret_tds"":0,""rush_att"":194.74,""rush_tds"":6.53,""rush_yds"":789.95,""rush_yds_100"":0,""rush_yds_200"":0,""scrimage_yards_100"":0,""scrimage_yards_200"":0}"
11645,11192,Le'Veon Bell,RB,RB,FA,157.945,calculated,157.9,185.35,212.79,"{""2pt_tds"":0,""fumbles"":1.54,""points"":157.9,""points_half"":185.35,""points_ppr"":212.79,""rec_rec"":54.89,""rec_tds"":1.65,""rec_yds"":418.29,""rec_yds_100"":0,""rec_yds_200"":0,""ret_tds"":0,""rush_att"":207.45,""rush_tds"":4.64,""rush_yds"":814.56,""rush_yds_100"":0,""rush_yds_200"":0,""scrimage_yards_100"":0,""scrimage_yards_200"":0}"
19217,14802,Jonathan Taylor,RB,RB,IND,150.851,calculated,150.53,162.74,174.95,"{""2pt_tds"":0.16,""fumbles"":1.68,""points"":150.53,""points_half"":162.74,""points_ppr"":174.95,""rec_rec"":24.42,""rec_tds"":1.14,""rec_yds"":207.93,""rec_yds_100"":0,""rec_yds_200"":0,""ret_tds"":0,""rush_att"":203.17,""rush_tds"":6.69,""rush_yds"":861.18,""rush_yds_100"":0,""rush_yds_200"":0,""scrimage_yards_100"":0,""scrimage_yards_200"":0}"
9872,10276,Mark Ingram II,RB,RB,FA,149.217,calculated,147.38,159.75,172.12,"{""2pt_tds"":0.94,""fumbles"":1.38,""points"":147.38,""points_half"":159.75,""points_ppr"":172.12,""rec_rec"":24.74,""rec_tds"":1.83,""rec_yds"":209.58,""rec_yds_100"":0,""rec_yds_200"":0,""ret_tds"":0,""rush_att"":167.12,""rush_tds"":6.26,""rush_yds"":805.99,""rush_yds_100"":0,""rush_yds_200"":0,""scrimage_yards_100"":0,""scrimage_yards_200"":0}"
14338,12447,Raheem Mostert,RB,RB,LV,143.094,calculated,142.85,152.09,161.34,"{""2pt_tds"":0.12,""fumbles"":1.76,""points"":142.85,""points_half"":152.09,""points_ppr"":161.34,""rec_rec"":18.49,""rec_tds"":0.96,""rec_yds"":153.14,""rec_yds_100"":0,""rec_yds_200"":0,""ret_tds"":0,""rush_att"":167.02,""rush_tds"":7.13,""rush_yds"":825.2,""rush_yds_100"":0,""rush_yds_200"":0,""scrimage_yards_100"":0,""scrimage_yards_200"":0}"
18280,14080,Devin Singletary,RB,RB,NYG,136.656,calculated,136.42,153.84,171.25,"{""2pt_tds"":0.1,""fumbles"":1.56,""points"":136.42,""points_half"":153.84,""points_ppr"":171.25,""rec_rec"":34.83,""rec_tds"":1.46,""rec_yds"":277.63,""rec_yds_100"":0,""rec_yds_200"":0,""ret_tds"":0,""rush_att"":165.01,""rush_tds"":3.75,""rush_yds"":805.53,""rush_yds_100"":0,""rush_yds_200"":0,""scrimage_yards_100"":0,""scrimage_yards_200"":0}"
19268,14799,Cam Akers,RB,RB,FA,135.47,calculated,135.26,150.08,164.9,"{""2pt_tds"":0.09,""fumbles"":1.61,""points"":135.26,""points_half"":150.08,""points_ppr"":164.9,""rec_rec"":29.64,""rec_tds"":1.03,""rec_yds"":237.96,""rec_yds_100"":0,""rec_yds_200"":0,""ret_tds"":0,""rush_att"":188.18,""rush_tds"":6.06,""rush_yds"":721.74,""rush_yds_100"":0,""rush_yds_200"":0,""scrimage_yards_100"":0,""scrimage_yards_200"":0}"
19624,14852,Antonio Gibson,RB,RB,FA,135.143,calculated,134.81,158.59,182.36,"{""2pt_tds"":0.16,""fumbles"":1.48,""points"":134.81,""points_half"":158.59,""points_ppr"":182.36,""rec_rec"":47.55,""rec_tds"":1.87,""rec_yds"":390.51,""rec_yds_100"":0,""rec_yds_200"":0,""ret_tds"":0,""rush_att"":148.84,""rush_tds"":3.97,""rush_yds"":636.92,""rush_yds_100"":0,""rush_yds_200"":0,""scrimage_yards_100"":0,""scrimage_yards_200"":0}"
18239,14071,David Montgomery,RB,RB,HOU,130.269,calculated,130.05,140.32,150.59,"{""2pt_tds"":0.1,""fumbles"":1.54,""points"":130.05,""points_half"":140.32,""points_ppr"":150.59,""rec_rec"":20.54,""rec_tds"":0.82,""rec_yds"":158.43,""rec_yds_100"":0,""rec_yds_200"":0,""ret_tds"":0,""rush_att"":203.21,""rush_tds"":5.45,""rush_yds"":796.86,""rush_yds_100"":0,""rush_yds_200"":0,""scrimage_yards_100"":0,""scrimage_yards_200"":0}"
16425,13138,Kareem Hunt,RB,RB,FA,126.048,calculated,125.93,150.11,174.29,"{""2pt_tds"":0.04,""fumbles"":0.85,""points"":125.93,""points_half"":150.11,""points_ppr"":174.29,""rec_rec"":48.36,""rec_tds"":2.41,""rec_yds"":421.56,""rec_yds_100"":0,""rec_yds_200"":0,""ret_tds"":0,""rush_att"":109.68,""rush_tds"":4.01,""rush_yds"":469.92,""rush_yds_100"":0,""rush_yds_200"":0,""scrimage_yards_100"":0,""scrimage_yards_200"":0}"
16444,13234,Marlon Mack,RB,RB,FA,123.845,calculated,122.08,129.24,136.4,"{""2pt_tds"":0.89,""fumbles"":0.94,""points"":122.08,""points_half"":129.24,""points_ppr"":136.4,""rec_rec"":14.32,""rec_tds"":0.55,""rec_yds"":101.12,""rec_yds_100"":0,""rec_yds_200"":0,""ret_tds"":0,""rush_att"":169.92,""rush_tds"":5.78,""rush_yds"":758.53,""rush_yds_100"":0,""rush_yds_200"":0,""scrimage_yards_100"":0,""scrimage_yards_200"":0}"
16378,13129,Leonard Fournette,RB,RB,FA,120.391,calculated,120.32,134.51,148.69,"{""2pt_tds"":0.05,""fumbles"":0.84,""points"":120.32,""points_half"":134.51,""points_ppr"":148.69,""rec_rec"":28.37,""rec_tds"":0.54,""rec_yds"":211.23,""rec_yds_100"":0,""rec_yds_200"":0,""ret_tds"":0,""rush_att"":174.71,""rush_tds"":5.56,""rush_yds"":642.48,""rush_yds_100"":0,""rush_yds_200"":0,""scrimage_yards_100"":0,""scrimage_yards_200"":0}"
17243,13606,Ronald Jones II,RB,RB,FA,120.089,calculated,119.86,134.02,148.19,"{""2pt_tds"":0.11,""fumbles"":1.35,""points"":119.86,""points_half"":134.02,""points_ppr"":148.19,""rec_rec"":28.32,""rec_tds"":0.9,""rec_yds"":231.88,""rec_yds_100"":0,""rec_yds_200"":0,""ret_tds"":0,""rush_att"":145.65,""rush_tds"":4.83,""rush_yds"":650.01,""rush_yds_100"":0,""rush_yds_200"":0,""scrimage_yards_100"":0,""scrimage_yards_200"":0}"
17498,13614,Phillip Lindsay,RB,RB,FA,114.801,calculated,114.72,130.56,146.41,"{""2pt_tds"":0.04,""fumbles"":0.8,""points"":114.72,""points_half"":130.56,""points_ppr"":146.41,""rec_rec"":31.7,""rec_tds"":0.82,""rec_yds"":215,""rec_yds_100"":0,""rec_yds_200"":0,""ret_tds"":0,""rush_att"":145.39,""rush_tds"":4.26,""rush_yds"":643.41,""rush_yds_100"":0,""rush_yds_200"":0,""scrimage_yards_100"":0,""scrimage_yards_200"":0}"
15585,12634,Jordan Howard,RB,RB,FA,113.094,calculated,113.1,122.02,130.94,"{""2pt_tds"":0.02,""fumbles"":0.94,""points"":113.1,""points_half"":122.02,""points_ppr"":130.94,""rec_rec"":17.84,""rec_tds"":0.56,""rec_yds"":126.57,""rec_yds_100"":0,""rec_yds_200"":0,""ret_tds"":0,""rush_att"":168.9,""rush_tds"":5.42,""rush_yds"":663.97,""rush_yds_100"":0,""rush_yds_200"":0,""scrimage_yards_100"":0,""scrimage_yards_200"":0}"
19210,14797,D'Andre Swift,RB,RB,CHI,112.091,calculated,111.97,128.25,144.52,"{""2pt_tds"":0.08,""fumbles"":1.43,""points"":111.97,""points_half"":128.25,""points_ppr"":144.52,""rec_rec"":32.55,""rec_tds"":1.37,""rec_yds"":281.12,""rec_yds_100"":0,""rec_yds_200"":0,""ret_tds"":0,""rush_att"":144.39,""rush_tds"":3.52,""rush_yds"":573.39,""rush_yds_100"":0,""rush_yds_200"":0,""scrimage_yards_100"":0,""scrimage_yards_200"":0}"
17247,13612,Kerryon Johnson,RB,RB,FA,111.949,calculated,111.79,124.79,137.8,"{""2pt_tds"":0.07,""fumbles"":1.38,""points"":111.79,""points_half"":124.79,""points_ppr"":137.8,""rec_rec"":26.01,""rec_tds"":1.05,""rec_yds"":216.21,""rec_yds_100"":0,""rec_yds_200"":0,""ret_tds"":0,""rush_att"":136.11,""rush_tds"":4.39,""rush_yds"":603.08,""rush_yds_100"":0,""rush_yds_200"":0,""scrimage_yards_100"":0,""scrimage_yards_200"":0}"
12195,11747,James White,RB,RB,FA,108.652,calculated,107.75,139.13,170.51,"{""2pt_tds"":0.47,""fumbles"":0.46,""points"":107.75,""points_half"":139.13,""points_ppr"":170.51,""rec_rec"":62.76,""rec_tds"":3.55,""rec_yds"":544.14,""rec_yds_100"":0,""rec_yds_200"":0,""ret_tds"":0,""rush_att"":59.2,""rush_tds"":1.66,""rush_yds"":229.58,""rush_yds_100"":0,""rush_yds_200"":0,""scrimage_yards_100"":0,""scrimage_yards_200"":0}"
19263,14798,Zack Moss,RB,RB,FA,106.791,calculated,106.67,116.46,126.26,"{""2pt_tds"":0.08,""fumbles"":1.48,""points"":106.67,""points_half"":116.46,""points_ppr"":126.26,""rec_rec"":19.59,""rec_tds"":0.69,""rec_yds"":155.09,""rec_yds_100"":0,""rec_yds_200"":0,""ret_tds"":0,""rush_att"":154.14,""rush_tds"":4.23,""rush_yds"":645.62,""rush_yds_100"":0,""rush_yds_200"":0,""scrimage_yards_100"":0,""scrimage_yards_200"":0}"
13926,12152,Tevin Coleman,RB,RB,FA,105.694,calculated,105.73,114.35,122.96,"{""2pt_tds"":0,""fumbles"":0.82,""points"":105.73,""points_half"":114.35,""points_ppr"":122.96,""rec_rec"":17.23,""rec_tds"":0.9,""rec_yds"":144.93,""rec_yds_100"":0,""rec_yds_200"":0,""ret_tds"":0,""rush_att"":141.47,""rush_tds"":4.74,""rush_yds"":590.01,""rush_yds_100"":0,""rush_yds_200"":0,""scrimage_yards_100"":0,""scrimage_yards_200"":0}"
19245,14800,J.K. Dobbins,RB,RB,DEN,105.678,calculated,105.58,114.51,123.44,"{""2pt_tds"":0.06,""fumbles"":1.42,""points"":105.58,""points_half"":114.51,""points_ppr"":123.44,""rec_rec"":17.87,""rec_tds"":0.76,""rec_yds"":142.6,""rec_yds_100"":0,""rec_yds_200"":0,""ret_tds"":0,""rush_att"":150.14,""rush_tds"":4.21,""rush_yds"":643.18,""rush_yds_100"":0,""rush_yds_200"":0,""scrimage_yards_100"":0,""scrimage_yards_200"":0}"
17058,13378,Matt Breida,RB,RB,FA,104.26,calculated,104.16,120.68,137.2,"{""2pt_tds"":0.05,""fumbles"":1.26,""points"":104.16,""points_half"":120.68,""points_ppr"":137.2,""rec_rec"":33.04,""rec_tds"":1.51,""rec_yds"":246.82,""rec_yds_100"":0,""rec_yds_200"":0,""ret_tds"":0,""rush_att"":135.9,""rush_tds"":2.68,""rush_yds"":568.58,""rush_yds_100"":0,""rush_yds_200"":0,""scrimage_yards_100"":0,""scrimage_yards_200"":0}"
16450,13290,Tarik Cohen,RB,RB,FA,104.214,calculated,104.21,137.47,170.74,"{""2pt_tds"":0.01,""fumbles"":1.12,""points"":104.21,""points_half"":137.47,""points_ppr"":170.74,""rec_rec"":66.53,""rec_tds"":2.53,""rec_yds"":479.45,""rec_yds_100"":0,""rec_yds_200"":0,""ret_tds"":0,""rush_att"":85.8,""rush_tds"":1.83,""rush_yds"":323.29,""rush_yds_100"":0,""rush_yds_200"":0,""scrimage_yards_100"":0,""scrimage_yards_200"":0}"
11821,11390,Latavius Murray,RB,RB,FA,100.52,calculated,100.47,111.56,122.64,"{""2pt_tds"":0,""fumbles"":0.82,""points"":100.47,""points_half"":111.56,""points_ppr"":122.64,""rec_rec"":22.17,""rec_tds"":0.62,""rec_yds"":156.08,""rec_yds_100"":0,""rec_yds_200"":0,""ret_tds"":0,""rush_att"":134.85,""rush_tds"":4.81,""rush_yds"":539.72,""rush_yds_100"":0,""rush_yds_200"":0,""scrimage_yards_100"":0,""scrimage_yards_200"":0}"
17309,13607,Sony Michel,RB,RB,FA,99.676,calculated,99.59,105.21,110.83,"{""2pt_tds"":0.04,""fumbles"":1.1,""points"":99.59,""points_half"":105.21,""points_ppr"":110.83,""rec_rec"":11.25,""rec_tds"":0.27,""rec_yds"":82.35,""rec_yds_100"":0,""rec_yds_200"":0,""ret_tds"":0,""rush_att"":153.13,""rush_tds"":4.52,""rush_yds"":648.21,""rush_yds_100"":0,""rush_yds_200"":0,""scrimage_yards_100"":0,""scrimage_yards_200"":0}"
13939,12157,Duke Johnson Jr.,RB,RB,FA,96.494,calculated,94.41,114.69,134.97,"{""2pt_tds"":1.03,""fumbles"":0.67,""points"":94.41,""points_half"":114.69,""points_ppr"":134.97,""rec_rec"":40.56,""rec_tds"":2.24,""rec_yds"":359.72,""rec_yds_100"":0,""rec_yds_200"":0,""ret_tds"":0,""rush_att"":80.98,""rush_tds"":1.79,""rush_yds"":356.22,""rush_yds_100"":0,""rush_yds_200"":0,""scrimage_yards_100"":0,""scrimage_yards_200"":0}"
11651,11186,Chris Thompson,RB,RB,FA,88.833,calculated,88.56,113.68,138.8,"{""2pt_tds"":0.12,""fumbles"":0.55,""points"":88.56,""points_half"":113.68,""points_ppr"":138.8,""rec_rec"":50.24,""rec_tds"":1.65,""rec_yds"":411.14,""rec_yds_100"":0,""rec_yds_200"":0,""ret_tds"":0,""rush_att"":56.02,""rush_tds"":1.48,""rush_yds"":297.99,""rush_yds_100"":0,""rush_yds_200"":0,""scrimage_yards_100"":0,""scrimage_yards_200"":0}"
17612,13814,Boston Scott,RB,RB,FA,86.224,calculated,86.12,100.12,114.13,"{""2pt_tds"":0.05,""fumbles"":0.97,""points"":86.12,""points_half"":100.12,""points_ppr"":114.13,""rec_rec"":28.01,""rec_tds"":0.56,""rec_yds"":223.2,""rec_yds_100"":0,""rec_yds_200"":0,""ret_tds"":0,""rush_att"":98.29,""rush_tds"":3.79,""rush_yds"":396.44,""rush_yds_100"":0,""rush_yds_200"":0,""scrimage_yards_100"":0,""scrimage_yards_200"":0}"
18705,14085,Tony Pollard,RB,RB,TEN,84.082,calculated,83.02,95.71,108.4,"{""2pt_tds"":0.53,""fumbles"":1.13,""points"":83.02,""points_half"":95.71,""points_ppr"":108.4,""rec_rec"":25.37,""rec_tds"":1.34,""rec_yds"":192.29,""rec_yds_100"":0,""rec_yds_200"":0,""ret_tds"":0,""rush_att"":92.83,""rush_tds"":2.64,""rush_yds"":421.73,""rush_yds_100"":0,""rush_yds_200"":0,""scrimage_yards_100"":0,""scrimage_yards_200"":0}"
18621,14223,Alexander Mattison,RB,RB,FA,83.712,calculated,83.62,90.25,96.89,"{""2pt_tds"":0.03,""fumbles"":1.16,""points"":83.62,""points_half"":90.25,""points_ppr"":96.89,""rec_rec"":13.26,""rec_tds"":0.42,""rec_yds"":104.29,""rec_yds_100"":0,""rec_yds_200"":0,""ret_tds"":0,""rush_att"":124.94,""rush_tds"":3.21,""rush_yds"":537.63,""rush_yds_100"":0,""rush_yds_200"":0,""scrimage_yards_100"":0,""scrimage_yards_200"":0}"
18588,14087,Darrell Henderson Jr.,RB,RB,FA,82.739,calculated,82.59,94.98,107.37,"{""2pt_tds"":0.08,""fumbles"":1.03,""points"":82.59,""points_half"":94.98,""points_ppr"":107.37,""rec_rec"":24.79,""rec_tds"":0.96,""rec_yds"":193.59,""rec_yds_100"":0,""rec_yds_200"":0,""ret_tds"":0,""rush_att"":105.44,""rush_tds"":2.85,""rush_yds"":424.2,""rush_yds_100"":0,""rush_yds_200"":0,""scrimage_yards_100"":0,""scrimage_yards_200"":0}"
12209,11761,Jerick McKinnon,RB,RB,FA,75.72,calculated,74.2,84.91,95.62,"{""2pt_tds"":0.77,""fumbles"":0.91,""points"":74.2,""points_half"":84.91,""points_ppr"":95.62,""rec_rec"":21.43,""rec_tds"":0.71,""rec_yds"":174.81,""rec_yds_100"":0,""rec_yds_200"":0,""ret_tds"":0,""rush_att"":92.91,""rush_tds"":2.76,""rush_yds"":376.99,""rush_yds_100"":0,""rush_yds_200"":0,""scrimage_yards_100"":0,""scrimage_yards_200"":0}"
19418,14808,Darrynton Evans,RB,RB,FA,71.447,calculated,71.33,82.42,93.52,"{""2pt_tds"":0.06,""fumbles"":1,""points"":71.33,""points_half"":82.42,""points_ppr"":93.52,""rec_rec"":22.19,""rec_tds"":0.97,""rec_yds"":189.54,""rec_yds_100"":0,""rec_yds_200"":0,""ret_tds"":0,""rush_att"":80.45,""rush_tds"":2.28,""rush_yds"":348.73,""rush_yds_100"":0,""rush_yds_200"":0,""scrimage_yards_100"":0,""scrimage_yards_200"":0}"
19631,14813,James Robinson,RB,RB,FA,71.036,calculated,70.91,79.09,87.28,"{""2pt_tds"":0.06,""fumbles"":1.02,""points"":70.91,""points_half"":79.09,""points_ppr"":87.28,""rec_rec"":16.37,""rec_tds"":0.51,""rec_yds"":135.91,""rec_yds_100"":0,""rec_yds_200"":0,""ret_tds"":0,""rush_att"":109.43,""rush_tds"":2.44,""rush_yds"":416.65,""rush_yds_100"":0,""rush_yds_200"":0,""scrimage_yards_100"":0,""scrimage_yards_200"":0}"
17496,13726,Chase Edmonds,RB,RB,WAS,70.46,calculated,70.37,79.44,88.51,"{""2pt_tds"":0.05,""fumbles"":0.46,""points"":70.37,""points_half"":79.44,""points_ppr"":88.51,""rec_rec"":18.14,""rec_tds"":0.8,""rec_yds"":135,""rec_yds_100"":0,""rec_yds_200"":0,""ret_tds"":0,""rush_att"":90.49,""rush_tds"":2.78,""rush_yds"":363,""rush_yds_100"":0,""rush_yds_200"":0,""scrimage_yards_100"":0,""scrimage_yards_200"":0}"
17514,13623,Darrel Williams,RB,RB,FA,69.956,calculated,69.9,78.56,87.22,"{""2pt_tds"":0.03,""fumbles"":1,""points"":69.9,""points_half"":78.56,""points_ppr"":87.22,""rec_rec"":17.32,""rec_tds"":0.92,""rec_yds"":140.77,""rec_yds_100"":0,""rec_yds_200"":0,""ret_tds"":0,""rush_att"":89.04,""rush_tds"":3.3,""rush_yds"":324.99,""rush_yds_100"":0,""rush_yds_200"":0,""scrimage_yards_100"":0,""scrimage_yards_200"":0}"
17297,13622,Nyheim Miller-Hines,RB,RB,FA,69.886,calculated,69.87,91.19,112.5,"{""2pt_tds"":0.01,""fumbles"":0.5,""points"":69.87,""points_half"":91.19,""points_ppr"":112.5,""rec_rec"":42.63,""rec_tds"":1.55,""rec_yds"":326.89,""rec_yds_100"":0,""rec_yds_200"":0,""ret_tds"":0,""rush_att"":49.06,""rush_tds"":1.54,""rush_yds"":196.37,""rush_yds_100"":0,""rush_yds_200"":0,""scrimage_yards_100"":0,""scrimage_yards_200"":0}"
19445,14807,Joshua Kelley,RB,RB,FA,67.157,calculated,67.01,71.83,76.64,"{""2pt_tds"":0.05,""fumbles"":0.91,""points"":67.01,""points_half"":71.83,""points_ppr"":76.64,""rec_rec"":9.63,""rec_tds"":0.28,""rec_yds"":73.95,""rec_yds_100"":0,""rec_yds_200"":0,""ret_tds"":0,""rush_att"":109.19,""rush_tds"":3.36,""rush_yds"":396.42,""rush_yds_100"":0,""rush_yds_200"":0,""scrimage_yards_100"":0,""scrimage_yards_200"":0}"
16120,12912,Jalen Richard,RB,RB,FA,66.132,calculated,66.12,81.87,97.61,"{""2pt_tds"":0.02,""fumbles"":1.56,""points"":66.12,""points_half"":81.87,""points_ppr"":97.61,""rec_rec"":31.49,""rec_tds"":0.82,""rec_yds"":274.7,""rec_yds_100"":0,""rec_yds_200"":0,""ret_tds"":0,""rush_att"":64.01,""rush_tds"":1.5,""rush_yds"":278.22,""rush_yds_100"":0,""rush_yds_200"":0,""scrimage_yards_100"":0,""scrimage_yards_200"":0}"
17300,13620,Justin Jackson,RB,RB,FA,65.794,calculated,65.68,73.49,81.29,"{""2pt_tds"":0.08,""fumbles"":0.55,""points"":65.68,""points_half"":73.49,""points_ppr"":81.29,""rec_rec"":15.61,""rec_tds"":0.36,""rec_yds"":112.32,""rec_yds_100"":0,""rec_yds_200"":0,""ret_tds"":0,""rush_att"":84.93,""rush_tds"":2.47,""rush_yds"":385.22,""rush_yds_100"":0,""rush_yds_200"":0,""scrimage_yards_100"":0,""scrimage_yards_200"":0}"
18630,14096,Devine Ozigbo,RB,RB,FA,65.711,calculated,65.58,74.46,83.33,"{""2pt_tds"":0.07,""fumbles"":0.89,""points"":65.58,""points_half"":74.46,""points_ppr"":83.33,""rec_rec"":17.75,""rec_tds"":0.52,""rec_yds"":141.3,""rec_yds_100"":0,""rec_yds_200"":0,""ret_tds"":0,""rush_att"":97.76,""rush_tds"":2.11,""rush_yds"":374.41,""rush_yds_100"":0,""rush_yds_200"":0,""scrimage_yards_100"":0,""scrimage_yards_200"":0}"
16424,13139,Jamaal Williams,RB,RB,FA,64.807,calculated,64.77,78.3,91.84,"{""2pt_tds"":0,""fumbles"":0.41,""points"":64.77,""points_half"":78.3,""points_ppr"":91.84,""rec_rec"":27.06,""rec_tds"":1.31,""rec_yds"":205.91,""rec_yds_100"":0,""rec_yds_200"":0,""ret_tds"":0,""rush_att"":71.33,""rush_tds"":1.55,""rush_yds"":278.76,""rush_yds_100"":0,""rush_yds_200"":0,""scrimage_yards_100"":0,""scrimage_yards_200"":0}"
18609,14072,Benny Snell Jr.,RB,RB,FA,64.74,calculated,64.65,69.84,75.04,"{""2pt_tds"":0.04,""fumbles"":0.76,""points"":64.65,""points_half"":69.84,""points_ppr"":75.04,""rec_rec"":10.39,""rec_tds"":0.4,""rec_yds"":83.84,""rec_yds_100"":0,""rec_yds_200"":0,""ret_tds"":0,""rush_att"":95.34,""rush_tds"":2.59,""rush_yds"":398.56,""rush_yds_100"":0,""rush_yds_200"":0,""scrimage_yards_100"":0,""scrimage_yards_200"":0}"
9006,8658,Adrian Peterson,RB,RB,FA,63.454,calculated,63.37,68.37,73.38,"{""2pt_tds"":0.03,""fumbles"":0.67,""points"":63.37,""points_half"":68.37,""points_ppr"":73.38,""rec_rec"":10.02,""rec_tds"":0.26,""rec_yds"":77.35,""rec_yds_100"":0,""rec_yds_200"":0,""ret_tds"":0,""rush_att"":91.57,""rush_tds"":2.68,""rush_yds"":393.59,""rush_yds_100"":0,""rush_yds_200"":0,""scrimage_yards_100"":0,""scrimage_yards_200"":0}"
18230,14075,Damien Harris,RB,RB,FA,62.846,calculated,62.71,67.59,72.46,"{""2pt_tds"":0.05,""fumbles"":0.9,""points"":62.71,""points_half"":67.59,""points_ppr"":72.46,""rec_rec"":9.75,""rec_tds"":0.23,""rec_yds"":78.19,""rec_yds_100"":0,""rec_yds_200"":0,""ret_tds"":0,""rush_att"":102.69,""rush_tds"":2.99,""rush_yds"":374.07,""rush_yds_100"":0,""rush_yds_200"":0,""scrimage_yards_100"":0,""scrimage_yards_200"":0}"
19358,14805,AJ Dillon,RB,RB,CAR,61.845,calculated,61.73,66.03,70.33,"{""2pt_tds"":0.05,""fumbles"":0.9,""points"":61.73,""points_half"":66.03,""points_ppr"":70.33,""rec_rec"":8.6,""rec_tds"":0.22,""rec_yds"":62.15,""rec_yds_100"":0,""rec_yds_200"":0,""ret_tds"":0,""rush_att"":97.54,""rush_tds"":3.12,""rush_yds"":372.9,""rush_yds_100"":0,""rush_yds_200"":0,""scrimage_yards_100"":0,""scrimage_yards_200"":0}"
11644,11193,Giovani Bernard,RB,RB,FA,61.261,calculated,61.27,75.54,89.81,"{""2pt_tds"":0,""fumbles"":0.5,""points"":61.27,""points_half"":75.54,""points_ppr"":89.81,""rec_rec"":28.54,""rec_tds"":0.67,""rec_yds"":210.82,""rec_yds_100"":0,""rec_yds_200"":0,""ret_tds"":0,""rush_att"":73.28,""rush_tds"":1.68,""rush_yds"":270.79,""rush_yds_100"":0,""rush_yds_200"":0,""scrimage_yards_100"":0,""scrimage_yards_200"":0}"
9218,7877,Frank Gore,RB,RB,FA,55.582,calculated,55.51,61.26,67.02,"{""2pt_tds"":0.02,""fumbles"":0.44,""points"":55.51,""points_half"":61.26,""points_ppr"":67.02,""rec_rec"":11.52,""rec_tds"":0.3,""rec_yds"":89.7,""rec_yds_100"":0,""rec_yds_200"":0,""ret_tds"":0,""rush_att"":100.61,""rush_tds"":1.85,""rush_yds"":345.52,""rush_yds_100"":0,""rush_yds_200"":0,""scrimage_yards_100"":0,""scrimage_yards_200"":0}"
11655,11182,Rex Burkhead,RB,RB,FA,54.174,calculated,54.16,64.23,74.29,"{""2pt_tds"":0,""fumbles"":0.45,""points"":54.16,""points_half"":64.23,""points_ppr"":74.29,""rec_rec"":20.14,""rec_tds"":0.74,""rec_yds"":177.7,""rec_yds_100"":0,""rec_yds_200"":0,""ret_tds"":0,""rush_att"":54.6,""rush_tds"":1.77,""rush_yds"":222.44,""rush_yds_100"":0,""rush_yds_200"":0,""scrimage_yards_100"":0,""scrimage_yards_200"":0}"
18266,14082,Bryce Love,RB,RB,FA,53.331,calculated,53.31,59.12,64.94,"{""2pt_tds"":0.02,""fumbles"":0.83,""points"":53.31,""points_half"":59.12,""points_ppr"":64.94,""rec_rec"":11.63,""rec_tds"":0.43,""rec_yds"":93.54,""rec_yds_100"":0,""rec_yds_200"":0,""ret_tds"":0,""rush_att"":89.62,""rush_tds"":1.87,""rush_yds"":317.97,""rush_yds_100"":0,""rush_yds_200"":0,""scrimage_yards_100"":0,""scrimage_yards_200"":0}"
13953,12386,Malcolm Brown,RB,RB,FA,52.241,calculated,52.2,56.1,60.01,"{""2pt_tds"":0.04,""fumbles"":0,""points"":52.2,""points_half"":56.1,""points_ppr"":60.01,""rec_rec"":7.81,""rec_tds"":0.17,""rec_yds"":52.36,""rec_yds_100"":0,""rec_yds_200"":0,""ret_tds"":0,""rush_att"":79.38,""rush_tds"":2.15,""rush_yds"":330.05,""rush_yds_100"":0,""rush_yds_200"":0,""scrimage_yards_100"":0,""scrimage_yards_200"":0}"
12105,11657,Carlos Hyde,RB,RB,FA,50.356,calculated,50.34,53.84,57.34,"{""2pt_tds"":0.01,""fumbles"":0.74,""points"":50.34,""points_half"":53.84,""points_ppr"":57.34,""rec_rec"":6.99,""rec_tds"":0.23,""rec_yds"":45.51,""rec_yds_100"":0,""rec_yds_200"":0,""ret_tds"":0,""rush_att"":76.8,""rush_tds"":2.14,""rush_yds"":330.45,""rush_yds_100"":0,""rush_yds_200"":0,""scrimage_yards_100"":0,""scrimage_yards_200"":0}"
15920,12637,Peyton Barber,RB,RB,FA,49.677,calculated,48.55,53.87,59.19,"{""2pt_tds"":0.56,""fumbles"":0.59,""points"":48.55,""points_half"":53.87,""points_ppr"":59.19,""rec_rec"":10.64,""rec_tds"":0.22,""rec_yds"":75.69,""rec_yds_100"":0,""rec_yds_200"":0,""ret_tds"":0,""rush_att"":76.7,""rush_tds"":1.96,""rush_yds"":290.88,""rush_yds_100"":0,""rush_yds_200"":0,""scrimage_yards_100"":0,""scrimage_yards_200"":0}"
17249,13768,Ito Smith,RB,RB,FA,49.287,calculated,49.21,58.32,67.44,"{""2pt_tds"":0.02,""fumbles"":0.43,""points"":49.21,""points_half"":58.32,""points_ppr"":67.44,""rec_rec"":18.23,""rec_tds"":0.42,""rec_yds"":129.01,""rec_yds_100"":0,""rec_yds_200"":0,""ret_tds"":0,""rush_att"":61.59,""rush_tds"":2.07,""rush_yds"":222.66,""rush_yds_100"":0,""rush_yds_200"":0,""scrimage_yards_100"":0,""scrimage_yards_200"":0}"
16448,13240,Brian Hill,RB,RB,FA,47.077,calculated,47.05,54.12,61.18,"{""2pt_tds"":0.01,""fumbles"":0.35,""points"":47.05,""points_half"":54.12,""points_ppr"":61.18,""rec_rec"":14.13,""rec_tds"":0.41,""rec_yds"":106,""rec_yds_100"":0,""rec_yds_200"":0,""ret_tds"":0,""rush_att"":60.76,""rush_tds"":1.58,""rush_yds"":252.17,""rush_yds_100"":0,""rush_yds_200"":0,""scrimage_yards_100"":0,""scrimage_yards_200"":0}"
9398,9448,LeSean McCoy,RB,RB,FA,44.176,calculated,44.15,52.47,60.8,"{""2pt_tds"":0.02,""fumbles"":0.22,""points"":44.15,""points_half"":52.47,""points_ppr"":60.8,""rec_rec"":16.65,""rec_tds"":0.52,""rec_yds"":119.84,""rec_yds_100"":0,""rec_yds_200"":0,""ret_tds"":0,""rush_att"":38.84,""rush_tds"":1.6,""rush_yds"":198.72,""rush_yds_100"":0,""rush_yds_200"":0,""scrimage_yards_100"":0,""scrimage_yards_200"":0}"
17308,13608,Rashaad Penny,RB,RB,FA,43.431,calculated,43.43,48.33,53.23,"{""2pt_tds"":0,""fumbles"":0.67,""points"":43.43,""points_half"":48.33,""points_ppr"":53.23,""rec_rec"":9.8,""rec_tds"":0.38,""rec_yds"":80.05,""rec_yds_100"":0,""rec_yds_200"":0,""ret_tds"":0,""rush_att"":56.26,""rush_tds"":1.5,""rush_yds"":254.86,""rush_yds_100"":0,""rush_yds_200"":0,""scrimage_yards_100"":0,""scrimage_yards_200"":0}"
17687,13850,Gus Edwards,RB,RB,FA,40.527,calculated,39.79,41.57,43.35,"{""2pt_tds"":0.39,""fumbles"":0.53,""points"":39.79,""points_half"":41.57,""points_ppr"":43.35,""rec_rec"":3.56,""rec_tds"":0.09,""rec_yds"":28.02,""rec_yds_100"":0,""rec_yds_200"":0,""ret_tds"":0,""rush_att"":54.62,""rush_tds"":1.59,""rush_yds"":279.25,""rush_yds_100"":0,""rush_yds_200"":0,""scrimage_yards_100"":0,""scrimage_yards_200"":0}"
18521,14093,Ryquell Armstead,RB,RB,FA,39.114,calculated,39.15,43.8,48.46,"{""2pt_tds"":0,""fumbles"":0.53,""points"":39.15,""points_half"":43.8,""points_ppr"":48.46,""rec_rec"":9.3,""rec_tds"":0.61,""rec_yds"":81,""rec_yds_100"":0,""rec_yds_200"":0,""ret_tds"":0,""rush_att"":55.01,""rush_tds"":1.29,""rush_yds"":206.74,""rush_yds_100"":0,""rush_yds_200"":0,""scrimage_yards_100"":0,""scrimage_yards_200"":0}"
9983,10389,Dion Lewis,RB,RB,FA,38.245,calculated,38.25,48.36,58.46,"{""2pt_tds"":0,""fumbles"":0.51,""points"":38.25,""points_half"":48.36,""points_ppr"":58.46,""rec_rec"":20.21,""rec_tds"":0.69,""rec_yds"":132.68,""rec_yds_100"":0,""rec_yds_200"":0,""ret_tds"":0,""rush_att"":47.85,""rush_tds"":0.79,""rush_yds"":171.17,""rush_yds_100"":0,""rush_yds_200"":0,""scrimage_yards_100"":0,""scrimage_yards_200"":0}"
17251,14081,Myles Gaskin,RB,RB,FA,38.077,calculated,37.99,44.69,51.4,"{""2pt_tds"":0.04,""fumbles"":0.28,""points"":37.99,""points_half"":44.69,""points_ppr"":51.4,""rec_rec"":13.42,""rec_tds"":0.45,""rec_yds"":102.53,""rec_yds_100"":0,""rec_yds_200"":0,""ret_tds"":0,""rush_att"":13.59,""rush_tds"":1.17,""rush_yds"":185.84,""rush_yds_100"":0,""rush_yds_200"":0,""scrimage_yards_100"":0,""scrimage_yards_200"":0}"
17271,13613,Jaylen Samuels,RB,RB,FA,38.036,calculated,37.97,49.15,60.33,"{""2pt_tds"":0.03,""fumbles"":0.13,""points"":37.97,""points_half"":49.15,""points_ppr"":60.33,""rec_rec"":22.36,""rec_tds"":0.67,""rec_yds"":166.47,""rec_yds_100"":0,""rec_yds_200"":0,""ret_tds"":0,""rush_att"":33.99,""rush_tds"":0.78,""rush_yds"":128.89,""rush_yds_100"":0,""rush_yds_200"":0,""scrimage_yards_100"":0,""scrimage_yards_200"":0}"
19366,14804,Anthony McFarland Jr.,RB,RB,FA,37.389,calculated,37.33,44.62,51.91,"{""2pt_tds"":0.03,""fumbles"":0.48,""points"":37.33,""points_half"":44.62,""points_ppr"":51.91,""rec_rec"":14.58,""rec_tds"":0.65,""rec_yds"":116.05,""rec_yds_100"":0,""rec_yds_200"":0,""ret_tds"":0,""rush_att"":42.38,""rush_tds"":1.04,""rush_yds"":165.44,""rush_yds_100"":0,""rush_yds_200"":0,""scrimage_yards_100"":0,""scrimage_yards_200"":0}"
13943,12164,Mike Davis,RB,RB,FA,36.85,calculated,35.77,41.63,47.49,"{""2pt_tds"":0.53,""fumbles"":0.44,""points"":35.77,""points_half"":41.63,""points_ppr"":47.49,""rec_rec"":11.72,""rec_tds"":0.14,""rec_yds"":84.37,""rec_yds_100"":0,""rec_yds_200"":0,""ret_tds"":0,""rush_att"":52.38,""rush_tds"":1.37,""rush_yds"":191.73,""rush_yds_100"":0,""rush_yds_200"":0,""scrimage_yards_100"":0,""scrimage_yards_200"":0}"
16230,13108,J.D. McKissic,RB,RB,FA,34.344,calculated,34.36,43.64,52.93,"{""2pt_tds"":0,""fumbles"":0.38,""points"":34.36,""points_half"":43.64,""points_ppr"":52.93,""rec_rec"":18.57,""rec_tds"":0.63,""rec_yds"":129.3,""rec_yds_100"":0,""rec_yds_200"":0,""ret_tds"":0,""rush_att"":39.39,""rush_tds"":0.63,""rush_yds"":146.14,""rush_yds_100"":0,""rush_yds_200"":0,""scrimage_yards_100"":0,""scrimage_yards_200"":0}"
19333,14806,La'Mical Perine,RB,RB,FA,34.061,calculated,33.96,39.89,45.81,"{""2pt_tds"":0.06,""fumbles"":0.28,""points"":33.96,""points_half"":39.89,""points_ppr"":45.81,""rec_rec"":11.86,""rec_tds"":0.36,""rec_yds"":87.86,""rec_yds_100"":0,""rec_yds_200"":0,""ret_tds"":0,""rush_att"":38.9,""rush_tds"":1.09,""rush_yds"":170.15,""rush_yds_100"":0,""rush_yds_200"":0,""scrimage_yards_100"":0,""scrimage_yards_200"":0}"
11798,11367,Kyle Juszczyk,RB,RB,SF,31.776,calculated,31.75,42.65,53.54,"{""2pt_tds"":0,""fumbles"":0.38,""points"":31.75,""points_half"":42.65,""points_ppr"":53.54,""rec_rec"":21.78,""rec_tds"":1.25,""rec_yds"":213.35,""rec_yds_100"":0,""rec_yds_200"":0,""ret_tds"":0,""rush_att"":8.57,""rush_tds"":0.21,""rush_yds"":24.41,""rush_yds_100"":0,""rush_yds_200"":0,""scrimage_yards_100"":0,""scrimage_yards_200"":0}"
17245,13617,Royce Freeman,RB,RB,FA,31.565,calculated,31.59,39.18,46.77,"{""2pt_tds"":0.01,""fumbles"":0.42,""points"":31.59,""points_half"":39.18,""points_ppr"":46.77,""rec_rec"":15.19,""rec_tds"":0.18,""rec_yds"":95.63,""rec_yds_100"":0,""rec_yds_200"":0,""ret_tds"":0,""rush_att"":39.68,""rush_tds"":0.93,""rush_yds"":161.62,""rush_yds_100"":0,""rush_yds_200"":0,""scrimage_yards_100"":0,""scrimage_yards_200"":0}"
17867,14435,Reggie Bonnafon,RB,RB,FA,30.837,calculated,30.84,33.12,35.4,"{""2pt_tds"":0,""fumbles"":0,""points"":30.84,""points_half"":33.12,""points_ppr"":35.4,""rec_rec"":4.56,""rec_tds"":0.16,""rec_yds"":33.24,""rec_yds_100"":0,""rec_yds_200"":0,""ret_tds"":0,""rush_att"":47.39,""rush_tds"":1.21,""rush_yds"":192.93,""rush_yds_100"":0,""rush_yds_200"":0,""scrimage_yards_100"":0,""scrimage_yards_200"":0}"
15555,12629,Devontae Booker,RB,RB,FA,29.758,calculated,29.7,35.09,40.48,"{""2pt_tds"":0,""fumbles"":0.16,""points"":29.7,""points_half"":35.09,""points_ppr"":40.48,""rec_rec"":10.78,""rec_tds"":0.32,""rec_yds"":88.38,""rec_yds_100"":0,""rec_yds_200"":0,""ret_tds"":0,""rush_att"":36.14,""rush_tds"":0.95,""rush_yds"":136.2,""rush_yds_100"":0,""rush_yds_200"":0,""scrimage_yards_100"":0,""scrimage_yards_200"":0}"
19521,14815,DeeJay Dallas,RB,RB,JAC,26.49,calculated,26.48,31.18,35.89,"{""2pt_tds"":0.02,""fumbles"":0.39,""points"":26.48,""points_half"":31.18,""points_ppr"":35.89,""rec_rec"":9.41,""rec_tds"":0.35,""rec_yds"":83.02,""rec_yds_100"":0,""rec_yds_200"":0,""ret_tds"":0,""rush_att"":30.57,""rush_tds"":0.78,""rush_yds"":121.48,""rush_yds_100"":0,""rush_yds_200"":0,""scrimage_yards_100"":0,""scrimage_yards_200"":0}"
17777,13849,Ryan Nall,RB,RB,FA,26.443,calculated,26.34,29.66,32.98,"{""2pt_tds"":0.05,""fumbles"":0.16,""points"":26.34,""points_half"":29.66,""points_ppr"":32.98,""rec_rec"":6.64,""rec_tds"":0.23,""rec_yds"":53.27,""rec_yds_100"":0,""rec_yds_200"":0,""ret_tds"":0,""rush_att"":37.09,""rush_tds"":0.77,""rush_yds"":153.36,""rush_yds_100"":0,""rush_yds_200"":0,""scrimage_yards_100"":0,""scrimage_yards_200"":0}"
16446,13136,Corey Clement,RB,RB,FA,26.235,calculated,24.03,27.34,30.66,"{""2pt_tds"":1.08,""fumbles"":0.38,""points"":24.03,""points_half"":27.34,""points_ppr"":30.66,""rec_rec"":6.63,""rec_tds"":0.11,""rec_yds"":49.32,""rec_yds_100"":0,""rec_yds_200"":0,""ret_tds"":0,""rush_att"":34.91,""rush_tds"":1.02,""rush_yds"":131.23,""rush_yds_100"":0,""rush_yds_200"":0,""scrimage_yards_100"":0,""scrimage_yards_200"":0}"
18620,14284,Darwin Thompson,RB,RB,FA,24.772,calculated,24.66,28.92,33.19,"{""2pt_tds"":0.03,""fumbles"":0.44,""points"":24.66,""points_half"":28.92,""points_ppr"":33.19,""rec_rec"":8.53,""rec_tds"":0.22,""rec_yds"":54.92,""rec_yds_100"":0,""rec_yds_200"":0,""ret_tds"":0,""rush_att"":31.45,""rush_tds"":0.79,""rush_yds"":140.4,""rush_yds_100"":0,""rush_yds_200"":0,""scrimage_yards_100"":0,""scrimage_yards_200"":0}"
17813,13868,Mike Boone,RB,RB,FA,23.242,calculated,23.14,24.84,26.54,"{""2pt_tds"":0.03,""fumbles"":0.13,""points"":23.14,""points_half"":24.84,""points_ppr"":26.54,""rec_rec"":3.41,""rec_tds"":0.1,""rec_yds"":30,""rec_yds_100"":0,""rec_yds_200"":0,""ret_tds"":0,""rush_att"":29.56,""rush_tds"":0.98,""rush_yds"":139.62,""rush_yds_100"":0,""rush_yds_200"":0,""scrimage_yards_100"":0,""scrimage_yards_200"":0}"
16879,13148,Dare Ogunbowale,RB,RB,LV,20.357,calculated,20.36,23.14,25.92,"{""2pt_tds"":0,""fumbles"":0.13,""points"":20.36,""points_half"":23.14,""points_ppr"":25.92,""rec_rec"":5.56,""rec_tds"":0.17,""rec_yds"":46.81,""rec_yds_100"":0,""rec_yds_200"":0,""ret_tds"":0,""rush_att"":24.92,""rush_tds"":0.77,""rush_yds"":102.96,""rush_yds_100"":0,""rush_yds_200"":0,""scrimage_yards_100"":0,""scrimage_yards_200"":0}"
13977,12261,Ty Montgomery II,RB,RB,FA,19.538,calculated,19.48,23.42,27.35,"{""2pt_tds"":0,""fumbles"":0.04,""points"":19.48,""points_half"":23.42,""points_ppr"":27.35,""rec_rec"":7.87,""rec_tds"":0.25,""rec_yds"":60.14,""rec_yds_100"":0,""rec_yds_200"":0,""ret_tds"":0,""rush_att"":16.88,""rush_tds"":0.66,""rush_yds"":81.44,""rush_yds_100"":0,""rush_yds_200"":0,""scrimage_yards_100"":0,""scrimage_yards_200"":0}"
13941,12153,T.J. Yeldon,RB,RB,FA,19.282,calculated,19.25,24.48,29.7,"{""2pt_tds"":0.01,""fumbles"":0.25,""points"":19.25,""points_half"":24.48,""points_ppr"":29.7,""rec_rec"":10.46,""rec_tds"":0.33,""rec_yds"":87.01,""rec_yds_100"":0,""rec_yds_200"":0,""ret_tds"":0,""rush_att"":14.75,""rush_tds"":0.25,""rush_yds"":75.81,""rush_yds_100"":0,""rush_yds_200"":0,""scrimage_yards_100"":0,""scrimage_yards_200"":0}"
19647,14823,Rico Dowdle,RB,RB,PIT,19.187,calculated,19.17,21.23,23.29,"{""2pt_tds"":0,""fumbles"":0.05,""points"":19.17,""points_half"":21.23,""points_ppr"":23.29,""rec_rec"":4.12,""rec_tds"":0.09,""rec_yds"":37.94,""rec_yds_100"":0,""rec_yds_200"":0,""ret_tds"":0,""rush_att"":23.79,""rush_tds"":0.76,""rush_yds"":103.93,""rush_yds_100"":0,""rush_yds_200"":0,""scrimage_yards_100"":0,""scrimage_yards_200"":0}"
19361,14801,Eno Benjamin,RB,RB,FA,18.766,calculated,18.73,21.02,23.3,"{""2pt_tds"":0.04,""fumbles"":0.09,""points"":18.73,""points_half"":21.02,""points_ppr"":23.3,""rec_rec"":4.57,""rec_tds"":0.13,""rec_yds"":33.25,""rec_yds_100"":0,""rec_yds_200"":0,""ret_tds"":0,""rush_att"":21.8,""rush_tds"":0.78,""rush_yds"":100.81,""rush_yds_100"":0,""rush_yds_200"":0,""scrimage_yards_100"":0,""scrimage_yards_200"":0}"
15771,12806,Andy Janovich,RB,RB,FA,18.714,calculated,18.65,22.73,26.8,"{""2pt_tds"":0.02,""fumbles"":0.03,""points"":18.65,""points_half"":22.73,""points_ppr"":26.8,""rec_rec"":8.15,""rec_tds"":0.85,""rec_yds"":82.71,""rec_yds_100"":0,""rec_yds_200"":0,""ret_tds"":0,""rush_att"":3.57,""rush_tds"":0.52,""rush_yds"":22.43,""rush_yds_100"":0,""rush_yds_200"":0,""scrimage_yards_100"":0,""scrimage_yards_200"":0}"
18256,14086,Justice Hill,RB,RB,BAL,18.421,calculated,18.4,21.26,24.12,"{""2pt_tds"":0.01,""fumbles"":0.37,""points"":18.4,""points_half"":21.26,""points_ppr"":24.12,""rec_rec"":5.73,""rec_tds"":0.12,""rec_yds"":43.63,""rec_yds_100"":0,""rec_yds_200"":0,""ret_tds"":0,""rush_att"":24.82,""rush_tds"":0.84,""rush_yds"":90.18,""rush_yds_100"":0,""rush_yds_200"":0,""scrimage_yards_100"":0,""scrimage_yards_200"":0}"
18026,14017,Jeff Wilson Jr.,RB,RB,FA,17.82,calculated,17.72,18.88,20.03,"{""2pt_tds"":0.03,""fumbles"":0.15,""points"":17.72,""points_half"":18.88,""points_ppr"":20.03,""rec_rec"":2.31,""rec_tds"":0.06,""rec_yds"":15.85,""rec_yds_100"":0,""rec_yds_200"":0,""ret_tds"":0,""rush_att"":24.22,""rush_tds"":1.06,""rush_yds"":97.55,""rush_yds_100"":0,""rush_yds_200"":0,""scrimage_yards_100"":0,""scrimage_yards_200"":0}"
18616,14083,Travis Homer,RB,RB,PIT,17.723,calculated,17.6,21.9,26.19,"{""2pt_tds"":0.04,""fumbles"":0.07,""points"":17.6,""points_half"":21.9,""points_ppr"":26.19,""rec_rec"":8.59,""rec_tds"":0.25,""rec_yds"":76.04,""rec_yds_100"":0,""rec_yds_200"":0,""ret_tds"":0,""rush_att"":10.18,""rush_tds"":0.49,""rush_yds"":57.39,""rush_yds_100"":0,""rush_yds_200"":0,""scrimage_yards_100"":0,""scrimage_yards_200"":0}"
16209,12923,C.J. Ham,RB,RB,FA,17.607,calculated,17.55,23.56,29.57,"{""2pt_tds"":0.04,""fumbles"":0.06,""points"":17.55,""points_half"":23.56,""points_ppr"":29.57,""rec_rec"":12.02,""rec_tds"":0.49,""rec_yds"":103.71,""rec_yds_100"":0,""rec_yds_200"":0,""ret_tds"":0,""rush_att"":7.05,""rush_tds"":0.24,""rush_yds"":28.96,""rush_yds_100"":0,""rush_yds_200"":0,""scrimage_yards_100"":0,""scrimage_yards_200"":0}"
18480,14097,Qadree Ollison,RB,RB,FA,16.411,calculated,16.27,17.58,18.88,"{""2pt_tds"":0.04,""fumbles"":0.08,""points"":16.27,""points_half"":17.58,""points_ppr"":18.88,""rec_rec"":2.61,""rec_tds"":0.1,""rec_yds"":19.23,""rec_yds_100"":0,""rec_yds_200"":0,""ret_tds"":0,""rush_att"":16.73,""rush_tds"":1.06,""rush_yds"":76.08,""rush_yds_100"":0,""rush_yds_200"":0,""scrimage_yards_100"":0,""scrimage_yards_200"":0}"
19351,14810,Ke'Shawn Vaughn,RB,RB,FA,15.676,calculated,15.67,17.96,20.24,"{""2pt_tds"":0,""fumbles"":0.07,""points"":15.67,""points_half"":17.96,""points_ppr"":20.24,""rec_rec"":4.57,""rec_tds"":0.11,""rec_yds"":35.71,""rec_yds_100"":0,""rec_yds_200"":0,""ret_tds"":0,""rush_att"":21.17,""rush_tds"":0.51,""rush_yds"":85.25,""rush_yds_100"":0,""rush_yds_200"":0,""scrimage_yards_100"":0,""scrimage_yards_200"":0}"
19438,14827,J.J. Taylor,RB,RB,FA,15.395,calculated,15.36,17.07,18.78,"{""2pt_tds"":0,""fumbles"":0.02,""points"":15.36,""points_half"":17.07,""points_ppr"":18.78,""rec_rec"":3.42,""rec_tds"":0.08,""rec_yds"":32.68,""rec_yds_100"":0,""rec_yds_200"":0,""ret_tds"":0,""rush_att"":21.86,""rush_tds"":0.58,""rush_yds"":82.07,""rush_yds_100"":0,""rush_yds_200"":0,""scrimage_yards_100"":0,""scrimage_yards_200"":0}"
16422,13135,Wayne Gallman Jr.,RB,RB,FA,15.38,calculated,15.4,17.49,19.58,"{""2pt_tds"":0,""fumbles"":0.18,""points"":15.4,""points_half"":17.49,""points_ppr"":19.58,""rec_rec"":4.18,""rec_tds"":0.1,""rec_yds"":25.95,""rec_yds_100"":0,""rec_yds_200"":0,""ret_tds"":0,""rush_att"":21.77,""rush_tds"":0.63,""rush_yds"":87.65,""rush_yds_100"":0,""rush_yds_200"":0,""scrimage_yards_100"":0,""scrimage_yards_200"":0}"
12342,11894,David Fluellen,RB,RB,FA,13.705,calculated,13.71,17.38,21.05,"{""2pt_tds"":0,""fumbles"":0,""points"":13.71,""points_half"":17.38,""points_ppr"":21.05,""rec_rec"":7.34,""rec_tds"":0.38,""rec_yds"":57.13,""rec_yds_100"":0,""rec_yds_200"":0,""ret_tds"":0,""rush_att"":9.3,""rush_tds"":0.29,""rush_yds"":39.72,""rush_yds_100"":0,""rush_yds_200"":0,""scrimage_yards_100"":0,""scrimage_yards_200"":0}"
17646,13916,Buddy Howell,RB,RB,FA,13.189,calculated,13.11,15.06,17.02,"{""2pt_tds"":0.04,""fumbles"":0.09,""points"":13.11,""points_half"":15.06,""points_ppr"":17.02,""rec_rec"":3.91,""rec_tds"":0.17,""rec_yds"":27.56,""rec_yds_100"":0,""rec_yds_200"":0,""ret_tds"":0,""rush_att"":21.82,""rush_tds"":0.44,""rush_yds"":68.73,""rush_yds_100"":0,""rush_yds_200"":0,""scrimage_yards_100"":0,""scrimage_yards_200"":0}"
18607,14076,Trayveon Williams,RB,RB,DET,13.007,calculated,12.91,14.96,17.01,"{""2pt_tds"":0.05,""fumbles"":0.08,""points"":12.91,""points_half"":14.96,""points_ppr"":17.01,""rec_rec"":4.1,""rec_tds"":0.14,""rec_yds"":32.16,""rec_yds_100"":0,""rec_yds_200"":0,""ret_tds"":0,""rush_att"":23.76,""rush_tds"":0.28,""rush_yds"":73.31,""rush_yds_100"":0,""rush_yds_200"":0,""scrimage_yards_100"":0,""scrimage_yards_200"":0}"
19111,14331,D'Ernest Johnson,RB,RB,TEN,12.065,calculated,11.96,13.89,15.82,"{""2pt_tds"":0.04,""fumbles"":0.04,""points"":11.96,""points_half"":13.89,""points_ppr"":15.82,""rec_rec"":3.86,""rec_tds"":0.11,""rec_yds"":37.3,""rec_yds_100"":0,""rec_yds_200"":0,""ret_tds"":0,""rush_att"":16.01,""rush_tds"":0.35,""rush_yds"":55.75,""rush_yds_100"":0,""rush_yds_200"":0,""scrimage_yards_100"":0,""scrimage_yards_200"":0}"
18847,14552,Khari Blasingame,RB,RB,FA,11.299,calculated,11.13,14.22,17.32,"{""2pt_tds"":0.06,""fumbles"":0.06,""points"":11.13,""points_half"":14.22,""points_ppr"":17.32,""rec_rec"":6.19,""rec_tds"":0.27,""rec_yds"":49.65,""rec_yds_100"":0,""rec_yds_200"":0,""ret_tds"":0,""rush_att"":13.17,""rush_tds"":0.15,""rush_yds"":38.14,""rush_yds_100"":0,""rush_yds_200"":0,""scrimage_yards_100"":0,""scrimage_yards_200"":0}"
18571,14420,Alec Ingold,RB,RB,LAC,11.071,calculated,10.89,13.69,16.49,"{""2pt_tds"":0.09,""fumbles"":0.06,""points"":10.89,""points_half"":13.69,""points_ppr"":16.49,""rec_rec"":5.6,""rec_tds"":0.24,""rec_yds"":39.62,""rec_yds_100"":0,""rec_yds_200"":0,""ret_tds"":0,""rush_att"":6.3,""rush_tds"":0.3,""rush_yds"":38.09,""rush_yds_100"":0,""rush_yds_200"":0,""scrimage_yards_100"":0,""scrimage_yards_200"":0}"
18686,14295,Chandler Cox,RB,RB,FA,10.69,calculated,10.57,13.86,17.16,"{""2pt_tds"":0.05,""fumbles"":0.01,""points"":10.57,""points_half"":13.86,""points_ppr"":17.16,""rec_rec"":6.59,""rec_tds"":0.55,""rec_yds"":43.74,""rec_yds_100"":0,""rec_yds_200"":0,""ret_tds"":0,""rush_att"":14,""rush_tds"":0.03,""rush_yds"":27.56,""rush_yds_100"":0,""rush_yds_200"":0,""scrimage_yards_100"":0,""scrimage_yards_200"":0}"
17497,13789,Jordan Wilkins,RB,RB,FA,10.682,calculated,10.69,11.95,13.2,"{""2pt_tds"":0,""fumbles"":0.05,""points"":10.69,""points_half"":11.95,""points_ppr"":13.2,""rec_rec"":2.51,""rec_tds"":0.13,""rec_yds"":19.56,""rec_yds_100"":0,""rec_yds_200"":0,""ret_tds"":0,""rush_att"":13.32,""rush_tds"":0.45,""rush_yds"":53.46,""rush_yds_100"":0,""rush_yds_200"":0,""scrimage_yards_100"":0,""scrimage_yards_200"":0}"
17538,13816,Trenton Cannon,RB,RB,FA,10.416,calculated,10.37,12.49,14.61,"{""2pt_tds"":0.03,""fumbles"":0.07,""points"":10.37,""points_half"":12.49,""points_ppr"":14.61,""rec_rec"":4.25,""rec_tds"":0.16,""rec_yds"":34.47,""rec_yds_100"":0,""rec_yds_200"":0,""ret_tds"":0,""rush_att"":7.58,""rush_tds"":0.3,""rush_yds"":42.89,""rush_yds_100"":0,""rush_yds_200"":0,""scrimage_yards_100"":0,""scrimage_yards_200"":0}"
18332,14612,Patrick Laird,RB,RB,FA,9.981,calculated,9.97,12.44,14.91,"{""2pt_tds"":0.01,""fumbles"":0.03,""points"":9.97,""points_half"":12.44,""points_ppr"":14.91,""rec_rec"":4.94,""rec_tds"":0.11,""rec_yds"":40.03,""rec_yds_100"":0,""rec_yds_200"":0,""ret_tds"":0,""rush_att"":13.39,""rush_tds"":0.15,""rush_yds"":44.58,""rush_yds_100"":0,""rush_yds_200"":0,""scrimage_yards_100"":0,""scrimage_yards_200"":0}"
13333,11964,Senorise Perry,RB,RB,FA,8.89,calculated,8.89,10.65,12.41,"{""2pt_tds"":0,""fumbles"":0.05,""points"":8.89,""points_half"":10.65,""points_ppr"":12.41,""rec_rec"":3.52,""rec_tds"":0.2,""rec_yds"":27.89,""rec_yds_100"":0,""rec_yds_200"":0,""ret_tds"":0,""rush_att"":8.42,""rush_tds"":0.25,""rush_yds"":35.01,""rush_yds_100"":0,""rush_yds_200"":0,""scrimage_yards_100"":0,""scrimage_yards_200"":0}"
16267,13239,Elijhaa Penny,RB,RB,FA,8.286,calculated,8.23,10.09,11.95,"{""2pt_tds"":0.02,""fumbles"":0.04,""points"":8.23,""points_half"":10.09,""points_ppr"":11.95,""rec_rec"":3.73,""rec_tds"":0.13,""rec_yds"":27.71,""rec_yds_100"":0,""rec_yds_200"":0,""ret_tds"":0,""rush_att"":7.46,""rush_tds"":0.24,""rush_yds"":33.35,""rush_yds_100"":0,""rush_yds_200"":0,""scrimage_yards_100"":0,""scrimage_yards_200"":0}"
15661,12639,Tyler Ervin,RB,RB,FA,8.0,calculated,7.98,11.16,14.33,"{""2pt_tds"":0,""fumbles"":0.04,""points"":7.98,""points_half"":11.16,""points_ppr"":14.33,""rec_rec"":6.35,""rec_tds"":0.13,""rec_yds"":44.92,""rec_yds_100"":0,""rec_yds_200"":0,""ret_tds"":0,""rush_att"":6.88,""rush_tds"":0.06,""rush_yds"":24.48,""rush_yds_100"":0,""rush_yds_200"":0,""scrimage_yards_100"":0,""scrimage_yards_200"":0}"
18603,14094,Jordan Scarlett,RB,RB,FA,7.695,calculated,7.7,8.1,8.5,"{""2pt_tds"":0,""fumbles"":0,""points"":7.7,""points_half"":8.1,""points_ppr"":8.5,""rec_rec"":0.8,""rec_tds"":0,""rec_yds"":5.88,""rec_yds_100"":0,""rec_yds_200"":0,""ret_tds"":0,""rush_att"":12.97,""rush_tds"":0.32,""rush_yds"":51.87,""rush_yds_100"":0,""rush_yds_200"":0,""scrimage_yards_100"":0,""scrimage_yards_200"":0}"
13924,12155,Ameer Abdullah,RB,RB,JAC,7.458,calculated,7.42,9.38,11.34,"{""2pt_tds"":0,""fumbles"":0.05,""points"":7.42,""points_half"":9.38,""points_ppr"":11.34,""rec_rec"":3.93,""rec_tds"":0.16,""rec_yds"":32.39,""rec_yds_100"":0,""rec_yds_200"":0,""ret_tds"":0,""rush_att"":6.76,""rush_tds"":0.17,""rush_yds"":23.39,""rush_yds_100"":0,""rush_yds_200"":0,""scrimage_yards_100"":0,""scrimage_yards_200"":0}"
16707,13326,Alex Armah Jr.,RB,RB,FA,7.331,calculated,7.23,8.6,9.97,"{""2pt_tds"":0.03,""fumbles"":0.01,""points"":7.23,""points_half"":8.6,""points_ppr"":9.97,""rec_rec"":2.73,""rec_tds"":0.04,""rec_yds"":11.32,""rec_yds_100"":0,""rec_yds_200"":0,""ret_tds"":0,""rush_att"":8.6,""rush_tds"":0.63,""rush_yds"":21.39,""rush_yds_100"":0,""rush_yds_200"":0,""scrimage_yards_100"":0,""scrimage_yards_200"":0}"
17145,13455,Patrick Ricard,RB,RB,NYG,7.149,calculated,7.02,10.28,13.54,"{""2pt_tds"":0.05,""fumbles"":0.01,""points"":7.02,""points_half"":10.28,""points_ppr"":13.54,""rec_rec"":6.53,""rec_tds"":0.34,""rec_yds"":46.01,""rec_yds_100"":0,""rec_yds_200"":0,""ret_tds"":0,""rush_att"":1.02,""rush_tds"":0.03,""rush_yds"":2.48,""rush_yds_100"":0,""rush_yds_200"":0,""scrimage_yards_100"":0,""scrimage_yards_200"":0}"
15792,12823,Derek Watt,RB,RB,FA,6.991,calculated,6.93,9.15,11.37,"{""2pt_tds"":0.02,""fumbles"":0.02,""points"":6.93,""points_half"":9.15,""points_ppr"":11.37,""rec_rec"":4.44,""rec_tds"":0.23,""rec_yds"":33.31,""rec_yds_100"":0,""rec_yds_200"":0,""ret_tds"":0,""rush_att"":4.25,""rush_tds"":0.16,""rush_yds"":13.2,""rush_yds_100"":0,""rush_yds_200"":0,""scrimage_yards_100"":0,""scrimage_yards_200"":0}"
17299,13615,Bo Scarbrough,RB,RB,FA,6.985,calculated,6.99,9.1,11.22,"{""2pt_tds"":0,""fumbles"":0,""points"":6.99,""points_half"":9.1,""points_ppr"":11.22,""rec_rec"":4.23,""rec_tds"":0.13,""rec_yds"":30.59,""rec_yds_100"":0,""rec_yds_200"":0,""ret_tds"":0,""rush_att"":5.8,""rush_tds"":0.13,""rush_yds"":23.66,""rush_yds_100"":0,""rush_yds_200"":0,""scrimage_yards_100"":0,""scrimage_yards_200"":0}"
13192,12040,Keith Smith,RB,RB,FA,6.437,calculated,6.43,8.46,10.49,"{""2pt_tds"":0.03,""fumbles"":0.04,""points"":6.43,""points_half"":8.46,""points_ppr"":10.49,""rec_rec"":4.06,""rec_tds"":0.15,""rec_yds"":24.98,""rec_yds_100"":0,""rec_yds_200"":0,""ret_tds"":0,""rush_att"":4.68,""rush_tds"":0.16,""rush_yds"":20.99,""rush_yds_100"":0,""rush_yds_200"":0,""scrimage_yards_100"":0,""scrimage_yards_200"":0}"
19655,14973,Jason Huntley,RB,RB,FA,5.629,calculated,5.59,6.93,8.27,"{""2pt_tds"":0.01,""fumbles"":0.03,""points"":5.59,""points_half"":6.93,""points_ppr"":8.27,""rec_rec"":2.68,""rec_tds"":0.12,""rec_yds"":18.91,""rec_yds_100"":0,""rec_yds_200"":0,""ret_tds"":0,""rush_att"":3.9,""rush_tds"":0.16,""rush_yds"":20.98,""rush_yds_100"":0,""rush_yds_200"":0,""scrimage_yards_100"":0,""scrimage_yards_200"":0}"
18406,14095,Ty Johnson,RB,RB,BUF,5.597,calculated,5.56,6.59,7.62,"{""2pt_tds"":0.01,""fumbles"":0.04,""points"":5.56,""points_half"":6.59,""points_ppr"":7.62,""rec_rec"":2.07,""rec_tds"":0.06,""rec_yds"":15.17,""rec_yds_100"":0,""rec_yds_200"":0,""ret_tds"":0,""rush_att"":4.52,""rush_tds"":0.15,""rush_yds"":28.8,""rush_yds_100"":0,""rush_yds_200"":0,""scrimage_yards_100"":0,""scrimage_yards_200"":0}"
9972,10378,Anthony Sherman,RB,RB,FA,5.591,calculated,5.61,7.7,9.79,"{""2pt_tds"":0,""fumbles"":0.02,""points"":5.61,""points_half"":7.7,""points_ppr"":9.79,""rec_rec"":4.18,""rec_tds"":0.23,""rec_yds"":31.27,""rec_yds_100"":0,""rec_yds_200"":0,""ret_tds"":0,""rush_att"":2.56,""rush_tds"":0.07,""rush_yds"":7.04,""rush_yds_100"":0,""rush_yds_200"":0,""scrimage_yards_100"":0,""scrimage_yards_200"":0}"
19493,14818,Xavier Jones,RB,RB,FA,4.948,calculated,4.94,5.86,6.77,"{""2pt_tds"":0.01,""fumbles"":0.04,""points"":4.94,""points_half"":5.86,""points_ppr"":6.77,""rec_rec"":1.84,""rec_tds"":0.06,""rec_yds"":14.11,""rec_yds_100"":0,""rec_yds_200"":0,""ret_tds"":0,""rush_att"":3.62,""rush_tds"":0.18,""rush_yds"":21.57,""rush_yds_100"":0,""rush_yds_200"":0,""scrimage_yards_100"":0,""scrimage_yards_200"":0}"
16335,12929,Troymaine Pope,RB,RB,FA,4.925,calculated,4.93,5.95,6.98,"{""2pt_tds"":0,""fumbles"":0,""points"":4.93,""points_half"":5.95,""points_ppr"":6.98,""rec_rec"":2.05,""rec_tds"":0.11,""rec_yds"":13.36,""rec_yds_100"":0,""rec_yds_200"":0,""ret_tds"":0,""rush_att"":4.46,""rush_tds"":0.19,""rush_yds"":17.89,""rush_yds_100"":0,""rush_yds_200"":0,""scrimage_yards_100"":0,""scrimage_yards_200"":0}"
9962,10368,Taiwan Jones,RB,RB,FA,4.778,calculated,4.72,6.24,7.77,"{""2pt_tds"":0,""fumbles"":0,""points"":4.72,""points_half"":6.24,""points_ppr"":7.77,""rec_rec"":3.05,""rec_tds"":0.17,""rec_yds"":33.18,""rec_yds_100"":0,""rec_yds_200"":0,""ret_tds"":0,""rush_att"":0.55,""rush_tds"":0.02,""rush_yds"":3.2,""rush_yds_100"":0,""rush_yds_200"":0,""scrimage_yards_100"":0,""scrimage_yards_200"":0}"
18673,14359,Jakob Johnson,RB,RB,FA,3.736,calculated,3.71,4.64,5.58,"{""2pt_tds"":0,""fumbles"":0.03,""points"":3.71,""points_half"":4.64,""points_ppr"":5.58,""rec_rec"":1.87,""rec_tds"":0.11,""rec_yds"":15.42,""rec_yds_100"":0,""rec_yds_200"":0,""ret_tds"":0,""rush_att"":2.9,""rush_tds"":0.07,""rush_yds"":11.74,""rush_yds_100"":0,""rush_yds_200"":0,""scrimage_yards_100"":0,""scrimage_yards_200"":0}"
16423,13133,Samaje Perine,RB,RB,CIN,3.516,calculated,3.46,4.19,4.93,"{""2pt_tds"":0,""fumbles"":0.03,""points"":3.46,""points_half"":4.19,""points_ppr"":4.93,""rec_rec"":1.48,""rec_tds"":0.04,""rec_yds"":11.34,""rec_yds_100"":0,""rec_yds_200"":0,""ret_tds"":0,""rush_att"":3.77,""rush_tds"":0.12,""rush_yds"":14.82,""rush_yds_100"":0,""rush_yds_200"":0,""scrimage_yards_100"":0,""scrimage_yards_200"":0}"
15850,12845,Dwayne Washington,RB,RB,FA,3.281,calculated,3.28,3.75,4.22,"{""2pt_tds"":0,""fumbles"":0.01,""points"":3.28,""points_half"":3.75,""points_ppr"":4.22,""rec_rec"":0.94,""rec_tds"":0,""rec_yds"":6.38,""rec_yds_100"":0,""rec_yds_200"":0,""ret_tds"":0,""rush_att"":4.57,""rush_tds"":0.14,""rush_yds"":18.23,""rush_yds_100"":0,""rush_yds_200"":0,""scrimage_yards_100"":0,""scrimage_yards_200"":0}"
14396,12444,Rod Smith,RB,RB,FA,3.124,calculated,3.12,3.78,4.43,"{""2pt_tds"":0,""fumbles"":0,""points"":3.12,""points_half"":3.78,""points_ppr"":4.43,""rec_rec"":1.31,""rec_tds"":0,""rec_yds"":10.23,""rec_yds_100"":0,""rec_yds_200"":0,""ret_tds"":0,""rush_att"":2.85,""rush_tds"":0.16,""rush_yds"":11.41,""rush_yds_100"":0,""rush_yds_200"":0,""scrimage_yards_100"":0,""scrimage_yards_200"":0}"
15577,12632,Kenneth Dixon,RB,RB,FA,3.084,calculated,3.08,4.07,5.05,"{""2pt_tds"":0,""fumbles"":0,""points"":3.08,""points_half"":4.07,""points_ppr"":5.05,""rec_rec"":1.97,""rec_tds"":0.12,""rec_yds"":13.38,""rec_yds_100"":0,""rec_yds_200"":0,""ret_tds"":0,""rush_att"":2.45,""rush_tds"":0,""rush_yds"":10.26,""rush_yds_100"":0,""rush_yds_200"":0,""scrimage_yards_100"":0,""scrimage_yards_200"":0}"
14191,12325,Michael Burton,RB,RB,CLE,3.081,calculated,3.02,4.38,5.73,"{""2pt_tds"":0.03,""fumbles"":0.01,""points"":3.02,""points_half"":4.38,""points_ppr"":5.73,""rec_rec"":2.71,""rec_tds"":0.12,""rec_yds"":17.3,""rec_yds_100"":0,""rec_yds_200"":0,""ret_tds"":0,""rush_att"":1.92,""rush_tds"":0.02,""rush_yds"":4.71,""rush_yds_100"":0,""rush_yds_200"":0,""scrimage_yards_100"":0,""scrimage_yards_200"":0}"
16835,13384,Taquan Mizzell,RB,RB,NYG,3.0,calculated,3,3.47,3.94,"{""2pt_tds"":0,""fumbles"":0,""points"":3,""points_half"":3.47,""points_ppr"":3.94,""rec_rec"":0.94,""rec_tds"":0,""rec_yds"":6.62,""rec_yds_100"":0,""rec_yds_200"":0,""ret_tds"":0,""rush_att"":3.43,""rush_tds"":0.16,""rush_yds"":13.78,""rush_yds_100"":0,""rush_yds_200"":0,""scrimage_yards_100"":0,""scrimage_yards_200"":0}"
19046,14465,Tony Brooks-James,RB,RB,FA,2.935,calculated,2.94,3.34,3.74,"{""2pt_tds"":0,""fumbles"":0,""points"":2.94,""points_half"":3.34,""points_ppr"":3.74,""rec_rec"":0.8,""rec_tds"":0,""rec_yds"":6.13,""rec_yds_100"":0,""rec_yds_200"":0,""ret_tds"":0,""rush_att"":3.37,""rush_tds"":0.16,""rush_yds"":13.62,""rush_yds_100"":0,""rush_yds_200"":0,""scrimage_yards_100"":0,""scrimage_yards_200"":0}"
19844,15103,Reggie Gilliam,RB,RB,NE,2.666,calculated,2.66,3.39,4.14,"{""2pt_tds"":0.01,""fumbles"":0.02,""points"":2.66,""points_half"":3.39,""points_ppr"":4.14,""rec_rec"":1.48,""rec_tds"":0.08,""rec_yds"":11.21,""rec_yds_100"":0,""rec_yds_200"":0,""ret_tds"":0,""rush_att"":2.08,""rush_tds"":0.05,""rush_yds"":7.85,""rush_yds_100"":0,""rush_yds_200"":0,""scrimage_yards_100"":0,""scrimage_yards_200"":0}"
19613,15021,Raymond Calais,RB,RB,FA,2.315,calculated,0,0,0,"{""2pt_tds"":0,""fumbles"":0.02,""points"":0,""points_half"":0,""points_ppr"":0,""rec_rec"":0,""rec_tds"":0,""rec_yds"":0,""rec_yds_100"":0,""rec_yds_200"":0,""ret_tds"":0,""rush_att"":3.62,""rush_tds"":0.15,""rush_yds"":14.55,""rush_yds_100"":0,""rush_yds_200"":0,""scrimage_yards_100"":0,""scrimage_yards_200"":0}"
16006,13057,Tra Carson,RB,RB,FA,2.239,calculated,2.24,2.92,3.6,"{""2pt_tds"":0,""fumbles"":0,""points"":2.24,""points_half"":2.92,""points_ppr"":3.6,""rec_rec"":1.36,""rec_tds"":0.03,""rec_yds"":9.59,""rec_yds_100"":0,""rec_yds_200"":0,""ret_tds"":0,""rush_att"":2.26,""rush_tds"":0.03,""rush_yds"":9.2,""rush_yds_100"":0,""rush_yds_200"":0,""scrimage_yards_100"":0,""scrimage_yards_200"":0}"
18957,14338,Jon Hilliman,RB,RB,FA,1.666,calculated,1.67,2.27,2.88,"{""2pt_tds"":0,""fumbles"":0,""points"":1.67,""points_half"":2.27,""points_ppr"":2.88,""rec_rec"":1.21,""rec_tds"":0,""rec_yds"":9.1,""rec_yds_100"":0,""rec_yds_200"":0,""ret_tds"":0,""rush_att"":1.9,""rush_tds"":0,""rush_yds"":7.56,""rush_yds_100"":0,""rush_yds_200"":0,""scrimage_yards_100"":0,""scrimage_yards_200"":0}"
15611,12635,Jonathan Williams,RB,RB,FA,1.617,calculated,1.62,2.22,2.82,"{""2pt_tds"":0,""fumbles"":0,""points"":1.62,""points_half"":2.22,""points_ppr"":2.82,""rec_rec"":1.2,""rec_tds"":0.01,""rec_yds"":8.57,""rec_yds_100"":0,""rec_yds_200"":0,""ret_tds"":0,""rush_att"":1.58,""rush_tds"":0.01,""rush_yds"":6.4,""rush_yds_100"":0,""rush_yds_200"":0,""scrimage_yards_100"":0,""scrimage_yards_200"":0}"
15734,12640,Josh Ferguson,RB,RB,FA,1.351,calculated,1.35,1.7,2.05,"{""2pt_tds"":0,""fumbles"":0,""points"":1.35,""points_half"":1.7,""points_ppr"":2.05,""rec_rec"":0.7,""rec_tds"":0,""rec_yds"":5.39,""rec_yds_100"":0,""rec_yds_200"":0,""ret_tds"":0,""rush_att"":2.04,""rush_tds"":0,""rush_yds"":8.12,""rush_yds_100"":0,""rush_yds_200"":0,""scrimage_yards_100"":0,""scrimage_yards_200"":0}"
18697,14287,Cullen Gillaspia,RB,RB,FA,1.197,calculated,1.2,1.65,2.1,"{""2pt_tds"":0,""fumbles"":0,""points"":1.2,""points_half"":1.65,""points_ppr"":2.1,""rec_rec"":0.9,""rec_tds"":0,""rec_yds"":6.42,""rec_yds_100"":0,""rec_yds_200"":0,""ret_tds"":0,""rush_att"":1.37,""rush_tds"":0,""rush_yds"":5.55,""rush_yds_100"":0,""rush_yds_200"":0,""scrimage_yards_100"":0,""scrimage_yards_200"":0}"
16454,13144,Elijah McGuire,RB,RB,FA,1.166,calculated,1.17,1.57,1.97,"{""2pt_tds"":0,""fumbles"":0,""points"":1.17,""points_half"":1.57,""points_ppr"":1.97,""rec_rec"":0.8,""rec_tds"":0,""rec_yds"":6.91,""rec_yds_100"":0,""rec_yds_200"":0,""ret_tds"":0,""rush_att"":1.24,""rush_tds"":0,""rush_yds"":4.75,""rush_yds_100"":0,""rush_yds_200"":0,""scrimage_yards_100"":0,""scrimage_yards_200"":0}"
11660,11177,Kenjon Barner,RB,RB,FA,0.659,calculated,0.66,0.91,1.16,"{""2pt_tds"":0,""fumbles"":0,""points"":0.66,""points_half"":0.91,""points_ppr"":1.16,""rec_rec"":0.5,""rec_tds"":0,""rec_yds"":3.67,""rec_yds_100"":0,""rec_yds_200"":0,""ret_tds"":0,""rush_att"":0.71,""rush_tds"":0,""rush_yds"":2.92,""rush_yds_100"":0,""rush_yds_200"":0,""scrimage_yards_100"":0,""scrimage_yards_200"":0}"
18617,14098,Damarea Crockett,RB,RB,FA,0.655,calculated,0.66,0.87,1.08,"{""2pt_tds"":0,""fumbles"":0,""points"":0.66,""points_half"":0.87,""points_ppr"":1.08,""rec_rec"":0.42,""rec_tds"":0,""rec_yds"":3.12,""rec_yds_100"":0,""rec_yds_200"":0,""ret_tds"":0,""rush_att"":0.85,""rush_tds"":0,""rush_yds"":3.43,""rush_yds_100"":0,""rush_yds_200"":0,""scrimage_yards_100"":0,""scrimage_yards_200"":0}"
16825,13924,Ricky Ortiz,RB,RB,FA,0.645,calculated,0.65,0.89,1.13,"{""2pt_tds"":0,""fumbles"":0,""points"":0.65,""points_half"":0.89,""points_ppr"":1.13,""rec_rec"":0.48,""rec_tds"":0,""rec_yds"":3.05,""rec_yds_100"":0,""rec_yds_200"":0,""ret_tds"":0,""rush_att"":0.81,""rush_tds"":0,""rush_yds"":3.4,""rush_yds_100"":0,""rush_yds_200"":0,""scrimage_yards_100"":0,""scrimage_yards_200"":0}"
19496,14831,Adrian Killins Jr.,RB,RB,FA,0.0,calculated,0,0,0,"{""2pt_tds"":0,""fumbles"":0,""points"":0,""points_half"":0,""points_ppr"":0,""rec_rec"":0,""rec_tds"":0,""rec_yds"":0,""rec_yds_100"":0,""rec_yds_200"":0,""ret_tds"":0,""rush_att"":0,""rush_tds"":0,""rush_yds"":0,""rush_yds_100"":0,""rush_yds_200"":0,""scrimage_yards_100"":0,""scrimage_yards_200"":0}"
17252,13609,Akrum Wadley,RB,RB,FA,0.0,calculated,0,0,0,"{""2pt_tds"":0,""fumbles"":0,""points"":0,""points_half"":0,""points_ppr"":0,""rec_rec"":0,""rec_tds"":0,""rec_yds"":0,""rec_yds_100"":0,""rec_yds_200"":0,""ret_tds"":0,""rush_att"":0,""rush_tds"":0,""rush_yds"":0,""rush_yds_100"":0,""rush_yds_200"":0,""scrimage_yards_100"":0,""scrimage_yards_200"":0}"
18626,14191,Alex Barnes,RB,RB,FA,0.0,calculated,0,0,0,"{""2pt_tds"":0,""fumbles"":0,""points"":0,""points_half"":0,""points_ppr"":0,""rec_rec"":0,""rec_tds"":0,""rec_yds"":0,""rec_yds_100"":0,""rec_yds_200"":0,""ret_tds"":0,""rush_att"":0,""rush_tds"":0,""rush_yds"":0,""rush_yds_100"":0,""rush_yds_200"":0,""scrimage_yards_100"":0,""scrimage_yards_200"":0}"
15546,12628,Alex Collins,RB,RB,FA,0.0,calculated,0,0,0,"{""2pt_tds"":0,""fumbles"":0,""points"":0,""points_half"":0,""points_ppr"":0,""rec_rec"":0,""rec_tds"":0,""rec_yds"":0,""rec_yds_100"":0,""rec_yds_200"":0,""ret_tds"":0,""rush_att"":0,""rush_tds"":0,""rush_yds"":0,""rush_yds_100"":0,""rush_yds_200"":0,""scrimage_yards_100"":0,""scrimage_yards_200"":0}"
12282,11834,Alfred Blue,RB,RB,FA,0.0,calculated,0,0,0,"{""2pt_tds"":0,""fumbles"":0,""points"":0,""points_half"":0,""points_ppr"":0,""rec_rec"":0,""rec_tds"":0,""rec_yds"":0,""rec_yds_100"":0,""rec_yds_200"":0,""ret_tds"":0,""rush_att"":0,""rush_tds"":0,""rush_yds"":0,""rush_yds_100"":0,""rush_yds_200"":0,""scrimage_yards_100"":0,""scrimage_yards_200"":0}"
11347,10870,Alfred Morris,RB,RB,FA,0.0,calculated,0,0,0,"{""2pt_tds"":0,""fumbles"":0,""points"":0,""points_half"":0,""points_ppr"":0,""rec_rec"":0,""rec_tds"":0,""rec_yds"":0,""rec_yds_100"":0,""rec_yds_200"":0,""ret_tds"":0,""rush_att"":0,""rush_tds"":0,""rush_yds"":0,""rush_yds_100"":0,""rush_yds_200"":0,""scrimage_yards_100"":0,""scrimage_yards_200"":0}"
19032,14368,Austin Walter,RB,RB,FA,0.0,calculated,0,0,0,"{""2pt_tds"":0,""fumbles"":0,""points"":0,""points_half"":0,""points_ppr"":0,""rec_rec"":0,""rec_tds"":0,""rec_yds"":0,""rec_yds_100"":0,""rec_yds_200"":0,""ret_tds"":0,""rush_att"":0,""rush_tds"":0,""rush_yds"":0,""rush_yds_100"":0,""rush_yds_200"":0,""scrimage_yards_100"":0,""scrimage_yards_200"":0}"
11863,11432,Benny Cunningham Jr.,RB,RB,FA,0.0,calculated,0,0,0,"{""2pt_tds"":0,""fumbles"":0,""points"":0,""points_half"":0,""points_ppr"":0,""rec_rec"":0,""rec_tds"":0,""rec_yds"":0,""rec_yds_100"":0,""rec_yds_200"":0,""ret_tds"":0,""rush_att"":0,""rush_tds"":0,""rush_yds"":0,""rush_yds_100"":0,""rush_yds_200"":0,""scrimage_yards_100"":0,""scrimage_yards_200"":0}"
9963,10369,Bilal Powell,RB,RB,FA,0.0,calculated,0,0,0,"{""2pt_tds"":0,""fumbles"":0,""points"":0,""points_half"":0,""points_ppr"":0,""rec_rec"":0,""rec_tds"":0,""rec_yds"":0,""rec_yds_100"":0,""rec_yds_200"":0,""ret_tds"":0,""rush_att"":0,""rush_tds"":0,""rush_yds"":0,""rush_yds_100"":0,""rush_yds_200"":0,""scrimage_yards_100"":0,""scrimage_yards_200"":0}"
15922,12867,Brandon Wilds,RB,RB,FA,0.0,calculated,0,0,0,"{""2pt_tds"":0,""fumbles"":0,""points"":0,""points_half"":0,""points_ppr"":0,""rec_rec"":0,""rec_tds"":0,""rec_yds"":0,""rec_yds_100"":0,""rec_yds_200"":0,""ret_tds"":0,""rush_att"":0,""rush_tds"":0,""rush_yds"":0,""rush_yds_100"":0,""rush_yds_200"":0,""scrimage_yards_100"":0,""scrimage_yards_200"":0}"
18720,14314,Bruce Anderson III,RB,RB,FA,0.0,calculated,0,0,0,"{""2pt_tds"":0,""fumbles"":0,""points"":0,""points_half"":0,""points_ppr"":0,""rec_rec"":0,""rec_tds"":0,""rec_yds"":0,""rec_yds_100"":0,""rec_yds_200"":0,""ret_tds"":0,""rush_att"":0,""rush_tds"":0,""rush_yds"":0,""rush_yds_100"":0,""rush_yds_200"":0,""scrimage_yards_100"":0,""scrimage_yards_200"":0}"
15816,12864,Byron Marshall,RB,RB,FA,0.0,calculated,0,0,0,"{""2pt_tds"":0,""fumbles"":0,""points"":0,""points_half"":0,""points_ppr"":0,""rec_rec"":0,""rec_tds"":0,""rec_yds"":0,""rec_yds_100"":0,""rec_yds_200"":0,""ret_tds"":0,""rush_att"":0,""rush_tds"":0,""rush_yds"":0,""rush_yds_100"":0,""rush_yds_200"":0,""scrimage_yards_100"":0,""scrimage_yards_200"":0}"
11896,11454,C.J. Anderson,RB,RB,FA,0.0,calculated,0,0,0,"{""2pt_tds"":0,""fumbles"":0,""points"":0,""points_half"":0,""points_ppr"":0,""rec_rec"":0,""rec_tds"":0,""rec_yds"":0,""rec_yds_100"":0,""rec_yds_200"":0,""ret_tds"":0,""rush_att"":0,""rush_tds"":0,""rush_yds"":0,""rush_yds_100"":0,""rush_yds_200"":0,""scrimage_yards_100"":0,""scrimage_yards_200"":0}"
15614,12627,C.J. Prosise,RB,RB,FA,0.0,calculated,0,0,0,"{""2pt_tds"":0,""fumbles"":0,""points"":0,""points_half"":0,""points_ppr"":0,""rec_rec"":0,""rec_tds"":0,""rec_yds"":0,""rec_yds_100"":0,""rec_yds_200"":0,""ret_tds"":0,""rush_att"":0,""rush_tds"":0,""rush_yds"":0,""rush_yds_100"":0,""rush_yds_200"":0,""scrimage_yards_100"":0,""scrimage_yards_200"":0}"
13942,12161,Cameron Artis-Payne,RB,RB,FA,0.0,calculated,0,0,0,"{""2pt_tds"":0,""fumbles"":0,""points"":0,""points_half"":0,""points_ppr"":0,""rec_rec"":0,""rec_tds"":0,""rec_yds"":0,""rec_yds_100"":0,""rec_yds_200"":0,""ret_tds"":0,""rush_att"":0,""rush_tds"":0,""rush_yds"":0,""rush_yds_100"":0,""rush_yds_200"":0,""scrimage_yards_100"":0,""scrimage_yards_200"":0}"
13729,12098,Charcandrick West,RB,RB,FA,0.0,calculated,0,0,0,"{""2pt_tds"":0,""fumbles"":0,""points"":0,""points_half"":0,""points_ppr"":0,""rec_rec"":0,""rec_tds"":0,""rec_yds"":0,""rec_yds_100"":0,""rec_yds_200"":0,""ret_tds"":0,""rush_att"":0,""rush_tds"":0,""rush_yds"":0,""rush_yds_100"":0,""rush_yds_200"":0,""scrimage_yards_100"":0,""scrimage_yards_200"":0}"
9749,10077,Chris Ivory,RB,RB,FA,0.0,calculated,0,0,0,"{""2pt_tds"":0,""fumbles"":0,""points"":0,""points_half"":0,""points_ppr"":0,""rec_rec"":0,""rec_tds"":0,""rec_yds"":0,""rec_yds_100"":0,""rec_yds_200"":0,""ret_tds"":0,""rush_att"":0,""rush_tds"":0,""rush_yds"":0,""rush_yds_100"":0,""rush_yds_200"":0,""scrimage_yards_100"":0,""scrimage_yards_200"":0}"
18058,13725,Chris Warren III,RB,RB,FA,0.0,calculated,0,0,0,"{""2pt_tds"":0,""fumbles"":0,""points"":0,""points_half"":0,""points_ppr"":0,""rec_rec"":0,""rec_tds"":0,""rec_yds"":0,""rec_yds_100"":0,""rec_yds_200"":0,""ret_tds"":0,""rush_att"":0,""rush_tds"":0,""rush_yds"":0,""rush_yds_100"":0,""rush_yds_200"":0,""scrimage_yards_100"":0,""scrimage_yards_200"":0}"
18660,14194,Christian Wade,RB,RB,FA,0.0,calculated,0,0,0,"{""2pt_tds"":0,""fumbles"":0,""points"":0,""points_half"":0,""points_ppr"":0,""rec_rec"":0,""rec_tds"":0,""rec_yds"":0,""rec_yds_100"":0,""rec_yds_200"":0,""ret_tds"":0,""rush_att"":0,""rush_tds"":0,""rush_yds"":0,""rush_yds_100"":0,""rush_yds_200"":0,""scrimage_yards_100"":0,""scrimage_yards_200"":0}"
11658,11179,Christine Michael,RB,RB,FA,0.0,calculated,0,0,0,"{""2pt_tds"":0,""fumbles"":0,""points"":0,""points_half"":0,""points_ppr"":0,""rec_rec"":0,""rec_tds"":0,""rec_yds"":0,""rec_yds_100"":0,""rec_yds_200"":0,""ret_tds"":0,""rush_att"":0,""rush_tds"":0,""rush_yds"":0,""rush_yds_100"":0,""rush_yds_200"":0,""scrimage_yards_100"":0,""scrimage_yards_200"":0}"
14263,12402,Corey Grant,RB,RB,FA,0.0,calculated,0,0,0,"{""2pt_tds"":0,""fumbles"":0,""points"":0,""points_half"":0,""points_ppr"":0,""rec_rec"":0,""rec_tds"":0,""rec_yds"":0,""rec_yds_100"":0,""rec_yds_200"":0,""ret_tds"":0,""rush_att"":0,""rush_tds"":0,""rush_yds"":0,""rush_yds_100"":0,""rush_yds_200"":0,""scrimage_yards_100"":0,""scrimage_yards_200"":0}"
19074,14727,Craig Reynolds,RB,RB,WAS,0.0,calculated,0,0,0,"{""2pt_tds"":0,""fumbles"":0,""points"":0,""points_half"":0,""points_ppr"":0,""rec_rec"":0,""rec_tds"":0,""rec_yds"":0,""rec_yds_100"":0,""rec_yds_200"":0,""ret_tds"":0,""rush_att"":0,""rush_tds"":0,""rush_yds"":0,""rush_yds_100"":0,""rush_yds_200"":0,""scrimage_yards_100"":0,""scrimage_yards_200"":0}"
16407,13134,D'Onta Foreman,RB,RB,FA,0.0,calculated,0,0,0,"{""2pt_tds"":0,""fumbles"":0,""points"":0,""points_half"":0,""points_ppr"":0,""rec_rec"":0,""rec_tds"":0,""rec_yds"":0,""rec_yds_100"":0,""rec_yds_200"":0,""ret_tds"":0,""rush_att"":0,""rush_tds"":0,""rush_yds"":0,""rush_yds_100"":0,""rush_yds_200"":0,""scrimage_yards_100"":0,""scrimage_yards_200"":0}"
15691,12871,D.J. Foster,RB,RB,FA,0.0,calculated,0,0,0,"{""2pt_tds"":0,""fumbles"":0,""points"":0,""points_half"":0,""points_ppr"":0,""rec_rec"":0,""rec_tds"":0,""rec_yds"":0,""rec_yds_100"":0,""rec_yds_200"":0,""ret_tds"":0,""rush_att"":0,""rush_tds"":0,""rush_yds"":0,""rush_yds_100"":0,""rush_yds_200"":0,""scrimage_yards_100"":0,""scrimage_yards_200"":0}"
18154,13961,Dalyn Dawkins,RB,RB,FA,0.0,calculated,0,0,0,"{""2pt_tds"":0,""fumbles"":0,""points"":0,""points_half"":0,""points_ppr"":0,""rec_rec"":0,""rec_tds"":0,""rec_yds"":0,""rec_yds_100"":0,""rec_yds_200"":0,""ret_tds"":0,""rush_att"":0,""rush_tds"":0,""rush_yds"":0,""rush_yds_100"":0,""rush_yds_200"":0,""scrimage_yards_100"":0,""scrimage_yards_200"":0}"
19455,14812,Darius Anderson,RB,RB,FA,0.0,calculated,0,0,0,"{""2pt_tds"":0,""fumbles"":0,""points"":0,""points_half"":0,""points_ppr"":0,""rec_rec"":0,""rec_tds"":0,""rec_yds"":0,""rec_yds_100"":0,""rec_yds_200"":0,""ret_tds"":0,""rush_att"":0,""rush_tds"":0,""rush_yds"":0,""rush_yds_100"":0,""rush_yds_200"":0,""scrimage_yards_100"":0,""scrimage_yards_200"":0}"
15813,12832,Darius Jackson,RB,RB,FA,0.0,calculated,0,0,0,"{""2pt_tds"":0,""fumbles"":0,""points"":0,""points_half"":0,""points_ppr"":0,""rec_rec"":0,""rec_tds"":0,""rec_yds"":0,""rec_yds_100"":0,""rec_yds_200"":0,""ret_tds"":0,""rush_att"":0,""rush_tds"":0,""rush_yds"":0,""rush_yds_100"":0,""rush_yds_200"":0,""scrimage_yards_100"":0,""scrimage_yards_200"":0}"
17569,13830,David Williams,RB,RB,FA,0.0,calculated,0,0,0,"{""2pt_tds"":0,""fumbles"":0,""points"":0,""points_half"":0,""points_ppr"":0,""rec_rec"":0,""rec_tds"":0,""rec_yds"":0,""rec_yds_100"":0,""rec_yds_200"":0,""ret_tds"":0,""rush_att"":0,""rush_tds"":0,""rush_yds"":0,""rush_yds_100"":0,""rush_yds_200"":0,""scrimage_yards_100"":0,""scrimage_yards_200"":0}"
18069,13958,De'Lance Turner,RB,RB,FA,0.0,calculated,0,0,0,"{""2pt_tds"":0,""fumbles"":0,""points"":0,""points_half"":0,""points_ppr"":0,""rec_rec"":0,""rec_tds"":0,""rec_yds"":0,""rec_yds_100"":0,""rec_yds_200"":0,""ret_tds"":0,""rush_att"":0,""rush_tds"":0,""rush_yds"":0,""rush_yds_100"":0,""rush_yds_200"":0,""scrimage_yards_100"":0,""scrimage_yards_200"":0}"
15806,12857,DeAndre Washington,RB,RB,FA,0.0,calculated,0,0,0,"{""2pt_tds"":0,""fumbles"":0,""points"":0,""points_half"":0,""points_ppr"":0,""rec_rec"":0,""rec_tds"":0,""rec_yds"":0,""rec_yds_100"":0,""rec_yds_200"":0,""ret_tds"":0,""rush_att"":0,""rush_tds"":0,""rush_yds"":0,""rush_yds_100"":0,""rush_yds_200"":0,""scrimage_yards_100"":0,""scrimage_yards_200"":0}"
11995,11524,Derrick Coleman,RB,RB,FA,0.0,calculated,0,0,0,"{""2pt_tds"":0,""fumbles"":0,""points"":0,""points_half"":0,""points_ppr"":0,""rec_rec"":0,""rec_tds"":0,""rec_yds"":0,""rec_yds_100"":0,""rec_yds_200"":0,""ret_tds"":0,""rush_att"":0,""rush_tds"":0,""rush_yds"":0,""rush_yds_100"":0,""rush_yds_200"":0,""scrimage_yards_100"":0,""scrimage_yards_200"":0}"
17241,13605,Derrius Guice,RB,RB,FA,0.0,calculated,0,0,0,"{""2pt_tds"":0,""fumbles"":0,""points"":0,""points_half"":0,""points_ppr"":0,""rec_rec"":0,""rec_tds"":0,""rec_yds"":0,""rec_yds_100"":0,""rec_yds_200"":0,""ret_tds"":0,""rush_att"":0,""rush_tds"":0,""rush_yds"":0,""rush_yds_100"":0,""rush_yds_200"":0,""scrimage_yards_100"":0,""scrimage_yards_200"":0}"
17737,13891,Detrez Newsome,RB,RB,FA,0.0,calculated,0,0,0,"{""2pt_tds"":0,""fumbles"":0,""points"":0,""points_half"":0,""points_ppr"":0,""rec_rec"":0,""rec_tds"":0,""rec_yds"":0,""rec_yds_100"":0,""rec_yds_200"":0,""ret_tds"":0,""rush_att"":0,""rush_tds"":0,""rush_yds"":0,""rush_yds_100"":0,""rush_yds_200"":0,""scrimage_yards_100"":0,""scrimage_yards_200"":0}"
16676,13357,Devante Mays,RB,RB,FA,0.0,calculated,0,0,0,"{""2pt_tds"":0,""fumbles"":0,""points"":0,""points_half"":0,""points_ppr"":0,""rec_rec"":0,""rec_tds"":0,""rec_yds"":0,""rec_yds_100"":0,""rec_yds_200"":0,""ret_tds"":0,""rush_att"":0,""rush_tds"":0,""rush_yds"":0,""rush_yds_100"":0,""rush_yds_200"":0,""scrimage_yards_100"":0,""scrimage_yards_200"":0}"
12108,11660,Devonta Freeman,RB,RB,FA,0.0,calculated,0,0,0,"{""2pt_tds"":0,""fumbles"":0,""points"":0,""points_half"":0,""points_ppr"":0,""rec_rec"":0,""rec_tds"":0,""rec_yds"":0,""rec_yds_100"":0,""rec_yds_200"":0,""ret_tds"":0,""rush_att"":0,""rush_tds"":0,""rush_yds"":0,""rush_yds_100"":0,""rush_yds_200"":0,""scrimage_yards_100"":0,""scrimage_yards_200"":0}"
18460,14074,Dexter Williams,RB,RB,FA,0.0,calculated,0,0,0,"{""2pt_tds"":0,""fumbles"":0,""points"":0,""points_half"":0,""points_ppr"":0,""rec_rec"":0,""rec_tds"":0,""rec_yds"":0,""rec_yds_100"":0,""rec_yds_200"":0,""ret_tds"":0,""rush_att"":0,""rush_tds"":0,""rush_yds"":0,""rush_yds_100"":0,""rush_yds_200"":0,""scrimage_yards_100"":0,""scrimage_yards_200"":0}"
18037,13871,Dontrell Hilliard,RB,RB,FA,0.0,calculated,0,0,0,"{""2pt_tds"":0,""fumbles"":0,""points"":0,""points_half"":0,""points_ppr"":0,""rec_rec"":0,""rec_tds"":0,""rec_yds"":0,""rec_yds_100"":0,""rec_yds_200"":0,""ret_tds"":0,""rush_att"":0,""rush_tds"":0,""rush_yds"":0,""rush_yds_100"":0,""rush_yds_200"":0,""scrimage_yards_100"":0,""scrimage_yards_200"":0}"
11186,10709,Doug Martin,RB,RB,FA,0.0,calculated,0,0,0,"{""2pt_tds"":0,""fumbles"":0,""points"":0,""points_half"":0,""points_ppr"":0,""rec_rec"":0,""rec_tds"":0,""rec_yds"":0,""rec_yds_100"":0,""rec_yds_200"":0,""ret_tds"":0,""rush_att"":0,""rush_tds"":0,""rush_yds"":0,""rush_yds_100"":0,""rush_yds_200"":0,""scrimage_yards_100"":0,""scrimage_yards_200"":0}"
18292,14084,Elijah Holyfield,RB,RB,FA,0.0,calculated,0,0,0,"{""2pt_tds"":0,""fumbles"":0,""points"":0,""points_half"":0,""points_ppr"":0,""rec_rec"":0,""rec_tds"":0,""rec_yds"":0,""rec_yds_100"":0,""rec_yds_200"":0,""ret_tds"":0,""rush_att"":0,""rush_tds"":0,""rush_yds"":0,""rush_yds_100"":0,""rush_yds_200"":0,""scrimage_yards_100"":0,""scrimage_yards_200"":0}"
12116,11668,Isaiah Crowell,RB,RB,FA,0.0,calculated,0,0,0,"{""2pt_tds"":0,""fumbles"":0,""points"":0,""points_half"":0,""points_ppr"":0,""rec_rec"":0,""rec_tds"":0,""rec_yds"":0,""rec_yds_100"":0,""rec_yds_200"":0,""ret_tds"":0,""rush_att"":0,""rush_tds"":0,""rush_yds"":0,""rush_yds_100"":0,""rush_yds_200"":0,""scrimage_yards_100"":0,""scrimage_yards_200"":0}"
19627,14821,JaMycal Hasty,RB,RB,NE,0.0,calculated,0,0,0,"{""2pt_tds"":0,""fumbles"":0,""points"":0,""points_half"":0,""points_ppr"":0,""rec_rec"":0,""rec_tds"":0,""rec_yds"":0,""rec_yds_100"":0,""rec_yds_200"":0,""ret_tds"":0,""rush_att"":0,""rush_tds"":0,""rush_yds"":0,""rush_yds_100"":0,""rush_yds_200"":0,""scrimage_yards_100"":0,""scrimage_yards_200"":0}"
9894,10300,Jacquizz Rodgers,RB,RB,FA,0.0,calculated,0,0,0,"{""2pt_tds"":0,""fumbles"":0,""points"":0,""points_half"":0,""points_ppr"":0,""rec_rec"":0,""rec_tds"":0,""rec_yds"":0,""rec_yds_100"":0,""rec_yds_200"":0,""ret_tds"":0,""rush_att"":0,""rush_tds"":0,""rush_yds"":0,""rush_yds_100"":0,""rush_yds_200"":0,""scrimage_yards_100"":0,""scrimage_yards_200"":0}"
9258,9054,Jamaal Charles,RB,RB,FA,0.0,calculated,0,0,0,"{""2pt_tds"":0,""fumbles"":0,""points"":0,""points_half"":0,""points_ppr"":0,""rec_rec"":0,""rec_tds"":0,""rec_yds"":0,""rec_yds_100"":0,""rec_yds_200"":0,""ret_tds"":0,""rush_att"":0,""rush_tds"":0,""rush_yds"":0,""rush_yds_100"":0,""rush_yds_200"":0,""scrimage_yards_100"":0,""scrimage_yards_200"":0}"
11941,11101,James Develin,RB,RB,FA,0.0,calculated,0,0,0,"{""2pt_tds"":0,""fumbles"":0,""points"":0,""points_half"":0,""points_ppr"":0,""rec_rec"":0,""rec_tds"":0,""rec_yds"":0,""rec_yds_100"":0,""rec_yds_200"":0,""ret_tds"":0,""rush_att"":0,""rush_tds"":0,""rush_yds"":0,""rush_yds_100"":0,""rush_yds_200"":0,""scrimage_yards_100"":0,""scrimage_yards_200"":0}"
18606,14192,James Williams,RB,RB,FA,0.0,calculated,0,0,0,"{""2pt_tds"":0,""fumbles"":0,""points"":0,""points_half"":0,""points_ppr"":0,""rec_rec"":0,""rec_tds"":0,""rec_yds"":0,""rec_yds_100"":0,""rec_yds_200"":0,""ret_tds"":0,""rush_att"":0,""rush_tds"":0,""rush_yds"":0,""rush_yds_100"":0,""rush_yds_200"":0,""scrimage_yards_100"":0,""scrimage_yards_200"":0}"
19432,14820,Javon Leake,RB,RB,FA,0.0,calculated,0,0,0,"{""2pt_tds"":0,""fumbles"":0,""points"":0,""points_half"":0,""points_ppr"":0,""rec_rec"":0,""rec_tds"":0,""rec_yds"":0,""rec_yds_100"":0,""rec_yds_200"":0,""ret_tds"":0,""rush_att"":0,""rush_tds"":0,""rush_yds"":0,""rush_yds_100"":0,""rush_yds_200"":0,""scrimage_yards_100"":0,""scrimage_yards_200"":0}"
13944,12159,Javorius Allen,RB,RB,FA,0.0,calculated,0,0,0,"{""2pt_tds"":0,""fumbles"":0,""points"":0,""points_half"":0,""points_ppr"":0,""rec_rec"":0,""rec_tds"":0,""rec_yds"":0,""rec_yds_100"":0,""rec_yds_200"":0,""ret_tds"":0,""rush_att"":0,""rush_tds"":0,""rush_yds"":0,""rush_yds_100"":0,""rush_yds_200"":0,""scrimage_yards_100"":0,""scrimage_yards_200"":0}"
13940,12154,Jay Ajayi,RB,RB,FA,0.0,calculated,0,0,0,"{""2pt_tds"":0,""fumbles"":0,""points"":0,""points_half"":0,""points_ppr"":0,""rec_rec"":0,""rec_tds"":0,""rec_yds"":0,""rec_yds_100"":0,""rec_yds_200"":0,""ret_tds"":0,""rush_att"":0,""rush_tds"":0,""rush_yds"":0,""rush_yds_100"":0,""rush_yds_200"":0,""scrimage_yards_100"":0,""scrimage_yards_200"":0}"
12102,11654,Jeremy Hill,RB,RB,FA,0.0,calculated,0,0,0,"{""2pt_tds"":0,""fumbles"":0,""points"":0,""points_half"":0,""points_ppr"":0,""rec_rec"":0,""rec_tds"":0,""rec_yds"":0,""rec_yds_100"":0,""rec_yds_200"":0,""ret_tds"":0,""rush_att"":0,""rush_tds"":0,""rush_yds"":0,""rush_yds_100"":0,""rush_yds_200"":0,""scrimage_yards_100"":0,""scrimage_yards_200"":0}"
13946,12156,Jeremy Langford,RB,RB,FA,0.0,calculated,0,0,0,"{""2pt_tds"":0,""fumbles"":0,""points"":0,""points_half"":0,""points_ppr"":0,""rec_rec"":0,""rec_tds"":0,""rec_yds"":0,""rec_yds_100"":0,""rec_yds_200"":0,""ret_tds"":0,""rush_att"":0,""rush_tds"":0,""rush_yds"":0,""rush_yds_100"":0,""rush_yds_200"":0,""scrimage_yards_100"":0,""scrimage_yards_200"":0}"
16445,13143,Jeremy McNichols,RB,RB,WAS,0.0,calculated,0,0,0,"{""2pt_tds"":0,""fumbles"":0,""points"":0,""points_half"":0,""points_ppr"":0,""rec_rec"":0,""rec_tds"":0,""rec_yds"":0,""rec_yds_100"":0,""rec_yds_200"":0,""ret_tds"":0,""rush_att"":0,""rush_tds"":0,""rush_yds"":0,""rush_yds_100"":0,""rush_yds_200"":0,""scrimage_yards_100"":0,""scrimage_yards_200"":0}"
17304,13619,John Kelly Jr.,RB,RB,FA,0.0,calculated,0,0,0,"{""2pt_tds"":0,""fumbles"":0,""points"":0,""points_half"":0,""points_ppr"":0,""rec_rec"":0,""rec_tds"":0,""rec_yds"":0,""rec_yds_100"":0,""rec_yds_200"":0,""ret_tds"":0,""rush_att"":0,""rush_tds"":0,""rush_yds"":0,""rush_yds_100"":0,""rush_yds_200"":0,""scrimage_yards_100"":0,""scrimage_yards_200"":0}"
9317,9101,Jonathan Stewart,RB,RB,FA,0.0,calculated,0,0,0,"{""2pt_tds"":0,""fumbles"":0,""points"":0,""points_half"":0,""points_ppr"":0,""rec_rec"":0,""rec_tds"":0,""rec_yds"":0,""rec_yds_100"":0,""rec_yds_200"":0,""ret_tds"":0,""rush_att"":0,""rush_tds"":0,""rush_yds"":0,""rush_yds_100"":0,""rush_yds_200"":0,""scrimage_yards_100"":0,""scrimage_yards_200"":0}"
17764,14350,Jordan Chunn,RB,RB,FA,0.0,calculated,0,0,0,"{""2pt_tds"":0,""fumbles"":0,""points"":0,""points_half"":0,""points_ppr"":0,""rec_rec"":0,""rec_tds"":0,""rec_yds"":0,""rec_yds_100"":0,""rec_yds_200"":0,""ret_tds"":0,""rush_att"":0,""rush_tds"":0,""rush_yds"":0,""rush_yds_100"":0,""rush_yds_200"":0,""scrimage_yards_100"":0,""scrimage_yards_200"":0}"
17248,13611,Josh Adams,RB,RB,FA,0.0,calculated,0,0,0,"{""2pt_tds"":0,""fumbles"":0,""points"":0,""points_half"":0,""points_ppr"":0,""rec_rec"":0,""rec_tds"":0,""rec_yds"":0,""rec_yds_100"":0,""rec_yds_200"":0,""ret_tds"":0,""rush_att"":0,""rush_tds"":0,""rush_yds"":0,""rush_yds_100"":0,""rush_yds_200"":0,""scrimage_yards_100"":0,""scrimage_yards_200"":0}"
16746,13150,Justin Davis,RB,RB,FA,0.0,calculated,0,0,0,"{""2pt_tds"":0,""fumbles"":0,""points"":0,""points_half"":0,""points_ppr"":0,""rec_rec"":0,""rec_tds"":0,""rec_yds"":0,""rec_yds_100"":0,""rec_yds_200"":0,""ret_tds"":0,""rush_att"":0,""rush_tds"":0,""rush_yds"":0,""rush_yds_100"":0,""rush_yds_200"":0,""scrimage_yards_100"":0,""scrimage_yards_200"":0}"
17250,13621,Kalen Ballage,RB,RB,FA,0.0,calculated,0,0,0,"{""2pt_tds"":0,""fumbles"":0,""points"":0,""points_half"":0,""points_ppr"":0,""rec_rec"":0,""rec_tds"":0,""rec_yds"":0,""rec_yds_100"":0,""rec_yds_200"":0,""ret_tds"":0,""rush_att"":0,""rush_tds"":0,""rush_yds"":0,""rush_yds_100"":0,""rush_yds_200"":0,""scrimage_yards_100"":0,""scrimage_yards_200"":0}"
12343,11895,Kapri Bibbs,RB,RB,FA,0.0,calculated,0,0,0,"{""2pt_tds"":0,""fumbles"":0,""points"":0,""points_half"":0,""points_ppr"":0,""rec_rec"":0,""rec_tds"":0,""rec_yds"":0,""rec_yds_100"":0,""rec_yds_200"":0,""ret_tds"":0,""rush_att"":0,""rush_tds"":0,""rush_yds"":0,""rush_yds_100"":0,""rush_yds_200"":0,""scrimage_yards_100"":0,""scrimage_yards_200"":0}"
18622,14078,Karan Higdon,RB,RB,FA,0.0,calculated,0,0,0,"{""2pt_tds"":0,""fumbles"":0,""points"":0,""points_half"":0,""points_ppr"":0,""rec_rec"":0,""rec_tds"":0,""rec_yds"":0,""rec_yds_100"":0,""rec_yds_200"":0,""ret_tds"":0,""rush_att"":0,""rush_tds"":0,""rush_yds"":0,""rush_yds_100"":0,""rush_yds_200"":0,""scrimage_yards_100"":0,""scrimage_yards_200"":0}"
18084,14029,Keith Ford,RB,RB,FA,0.0,calculated,0,0,0,"{""2pt_tds"":0,""fumbles"":0,""points"":0,""points_half"":0,""points_ppr"":0,""rec_rec"":0,""rec_tds"":0,""rec_yds"":0,""rec_yds_100"":0,""rec_yds_200"":0,""ret_tds"":0,""rush_att"":0,""rush_tds"":0,""rush_yds"":0,""rush_yds_100"":0,""rush_yds_200"":0,""scrimage_yards_100"":0,""scrimage_yards_200"":0}"
18625,14289,Kerrith Whyte Jr.,RB,RB,FA,0.0,calculated,0,0,0,"{""2pt_tds"":0,""fumbles"":0,""points"":0,""points_half"":0,""points_ppr"":0,""rec_rec"":0,""rec_tds"":0,""rec_yds"":0,""rec_yds_100"":0,""rec_yds_200"":0,""ret_tds"":0,""rush_att"":0,""rush_tds"":0,""rush_yds"":0,""rush_yds_100"":0,""rush_yds_200"":0,""scrimage_yards_100"":0,""scrimage_yards_200"":0}"
16597,13359,Khalfani Muhammad,RB,RB,FA,0.0,calculated,0,0,0,"{""2pt_tds"":0,""fumbles"":0,""points"":0,""points_half"":0,""points_ppr"":0,""rec_rec"":0,""rec_tds"":0,""rec_yds"":0,""rec_yds_100"":0,""rec_yds_200"":0,""ret_tds"":0,""rush_att"":0,""rush_tds"":0,""rush_yds"":0,""rush_yds_100"":0,""rush_yds_200"":0,""scrimage_yards_100"":0,""scrimage_yards_200"":0}"
11185,10708,Lamar Miller,RB,RB,FA,0.0,calculated,0,0,0,"{""2pt_tds"":0,""fumbles"":0,""points"":0,""points_half"":0,""points_ppr"":0,""rec_rec"":0,""rec_tds"":0,""rec_yds"":0,""rec_yds_100"":0,""rec_yds_200"":0,""ret_tds"":0,""rush_att"":0,""rush_tds"":0,""rush_yds"":0,""rush_yds_100"":0,""rush_yds_200"":0,""scrimage_yards_100"":0,""scrimage_yards_200"":0}"
9717,9898,LeGarrette Blount,RB,RB,FA,0.0,calculated,0,0,0,"{""2pt_tds"":0,""fumbles"":0,""points"":0,""points_half"":0,""points_ppr"":0,""rec_rec"":0,""rec_tds"":0,""rec_yds"":0,""rec_yds_100"":0,""rec_yds_200"":0,""ret_tds"":0,""rush_att"":0,""rush_tds"":0,""rush_yds"":0,""rush_yds_100"":0,""rush_yds_200"":0,""scrimage_yards_100"":0,""scrimage_yards_200"":0}"
19345,14830,LeVante Bellamy,RB,RB,FA,0.0,calculated,0,0,0,"{""2pt_tds"":0,""fumbles"":0,""points"":0,""points_half"":0,""points_ppr"":0,""rec_rec"":0,""rec_tds"":0,""rec_yds"":0,""rec_yds_100"":0,""rec_yds_200"":0,""ret_tds"":0,""rush_att"":0,""rush_tds"":0,""rush_yds"":0,""rush_yds_100"":0,""rush_yds_200"":0,""scrimage_yards_100"":0,""scrimage_yards_200"":0}"
14091,12345,Malcolm Johnson,RB,RB,FA,0.0,calculated,0,0,0,"{""2pt_tds"":0,""fumbles"":0,""points"":0,""points_half"":0,""points_ppr"":0,""rec_rec"":0,""rec_tds"":0,""rec_yds"":0,""rec_yds_100"":0,""rec_yds_200"":0,""ret_tds"":0,""rush_att"":0,""rush_tds"":0,""rush_yds"":0,""rush_yds_100"":0,""rush_yds_200"":0,""scrimage_yards_100"":0,""scrimage_yards_200"":0}"
13955,12367,Marcus Murphy,RB,RB,FA,0.0,calculated,0,0,0,"{""2pt_tds"":0,""fumbles"":0,""points"":0,""points_half"":0,""points_ppr"":0,""rec_rec"":0,""rec_tds"":0,""rec_yds"":0,""rec_yds_100"":0,""rec_yds_200"":0,""ret_tds"":0,""rush_att"":0,""rush_tds"":0,""rush_yds"":0,""rush_yds_100"":0,""rush_yds_200"":0,""scrimage_yards_100"":0,""scrimage_yards_200"":0}"
17305,13616,Mark Walton,RB,RB,FA,0.0,calculated,0,0,0,"{""2pt_tds"":0,""fumbles"":0,""points"":0,""points_half"":0,""points_ppr"":0,""rec_rec"":0,""rec_tds"":0,""rec_yds"":0,""rec_yds_100"":0,""rec_yds_200"":0,""ret_tds"":0,""rush_att"":0,""rush_tds"":0,""rush_yds"":0,""rush_yds_100"":0,""rush_yds_200"":0,""scrimage_yards_100"":0,""scrimage_yards_200"":0}"
9428,8670,Marshawn Lynch,RB,RB,FA,0.0,calculated,0,0,0,"{""2pt_tds"":0,""fumbles"":0,""points"":0,""points_half"":0,""points_ppr"":0,""rec_rec"":0,""rec_tds"":0,""rec_yds"":0,""rec_yds_100"":0,""rec_yds_200"":0,""ret_tds"":0,""rush_att"":0,""rush_tds"":0,""rush_yds"":0,""rush_yds_100"":0,""rush_yds_200"":0,""scrimage_yards_100"":0,""scrimage_yards_200"":0}"
16554,13140,Matt Dayes,RB,RB,FA,0.0,calculated,0,0,0,"{""2pt_tds"":0,""fumbles"":0,""points"":0,""points_half"":0,""points_ppr"":0,""rec_rec"":0,""rec_tds"":0,""rec_yds"":0,""rec_yds_100"":0,""rec_yds_200"":0,""ret_tds"":0,""rush_att"":0,""rush_tds"":0,""rush_yds"":0,""rush_yds_100"":0,""rush_yds_200"":0,""scrimage_yards_100"":0,""scrimage_yards_200"":0}"
19399,14816,Michael Warren II,RB,RB,FA,0.0,calculated,0,0,0,"{""2pt_tds"":0,""fumbles"":0,""points"":0,""points_half"":0,""points_ppr"":0,""rec_rec"":0,""rec_tds"":0,""rec_yds"":0,""rec_yds_100"":0,""rec_yds_200"":0,""ret_tds"":0,""rush_att"":0,""rush_tds"":0,""rush_yds"":0,""rush_yds_100"":0,""rush_yds_200"":0,""scrimage_yards_100"":0,""scrimage_yards_200"":0}"
11657,11180,Mike Gillislee,RB,RB,FA,0.0,calculated,0,0,0,"{""2pt_tds"":0,""fumbles"":0,""points"":0,""points_half"":0,""points_ppr"":0,""rec_rec"":0,""rec_tds"":0,""rec_yds"":0,""rec_yds_100"":0,""rec_yds_200"":0,""ret_tds"":0,""rush_att"":0,""rush_tds"":0,""rush_yds"":0,""rush_yds_100"":0,""rush_yds_200"":0,""scrimage_yards_100"":0,""scrimage_yards_200"":0}"
18619,14077,Mike Weber,RB,RB,NYG,0.0,calculated,0,0,0,"{""2pt_tds"":0,""fumbles"":0,""points"":0,""points_half"":0,""points_ppr"":0,""rec_rec"":0,""rec_tds"":0,""rec_yds"":0,""rec_yds_100"":0,""rec_yds_200"":0,""ret_tds"":0,""rush_att"":0,""rush_tds"":0,""rush_yds"":0,""rush_yds_100"":0,""rush_yds_200"":0,""scrimage_yards_100"":0,""scrimage_yards_200"":0}"
17587,13838,Nick Bawden,RB,RB,FA,0.0,calculated,0,0,0,"{""2pt_tds"":0,""fumbles"":0,""points"":0,""points_half"":0,""points_ppr"":0,""rec_rec"":0,""rec_tds"":0,""rec_yds"":0,""rec_yds_100"":0,""rec_yds_200"":0,""ret_tds"":0,""rush_att"":0,""rush_tds"":0,""rush_yds"":0,""rush_yds_100"":0,""rush_yds_200"":0,""scrimage_yards_100"":0,""scrimage_yards_200"":0}"
12018,11100,Patrick DiMarco,RB,RB,FA,0.0,calculated,0,0,0,"{""2pt_tds"":0,""fumbles"":0,""points"":0,""points_half"":0,""points_ppr"":0,""rec_rec"":0,""rec_tds"":0,""rec_yds"":0,""rec_yds_100"":0,""rec_yds_200"":0,""ret_tds"":0,""rush_att"":0,""rush_tds"":0,""rush_yds"":0,""rush_yds_100"":0,""rush_yds_200"":0,""scrimage_yards_100"":0,""scrimage_yards_200"":0}"
15551,12631,Paul Perkins,RB,RB,FA,0.0,calculated,0,0,0,"{""2pt_tds"":0,""fumbles"":0,""points"":0,""points_half"":0,""points_ppr"":0,""rec_rec"":0,""rec_tds"":0,""rec_yds"":0,""rec_yds_100"":0,""rec_yds_200"":0,""ret_tds"":0,""rush_att"":0,""rush_tds"":0,""rush_yds"":0,""rush_yds_100"":0,""rush_yds_200"":0,""scrimage_yards_100"":0,""scrimage_yards_200"":0}"
16154,12887,Robert Kelley,RB,RB,FA,0.0,calculated,0,0,0,"{""2pt_tds"":0,""fumbles"":0,""points"":0,""points_half"":0,""points_ppr"":0,""rec_rec"":0,""rec_tds"":0,""rec_yds"":0,""rec_yds_100"":0,""rec_yds_200"":0,""ret_tds"":0,""rush_att"":0,""rush_tds"":0,""rush_yds"":0,""rush_yds_100"":0,""rush_yds_200"":0,""scrimage_yards_100"":0,""scrimage_yards_200"":0}"
11191,10714,Robert Turbin,RB,RB,FA,0.0,calculated,0,0,0,"{""2pt_tds"":0,""fumbles"":0,""points"":0,""points_half"":0,""points_ppr"":0,""rec_rec"":0,""rec_tds"":0,""rec_yds"":0,""rec_yds_100"":0,""rec_yds_200"":0,""ret_tds"":0,""rush_att"":0,""rush_tds"":0,""rush_yds"":0,""rush_yds_100"":0,""rush_yds_200"":0,""scrimage_yards_100"":0,""scrimage_yards_200"":0}"
17284,13628,Roc Thomas,RB,RB,FA,0.0,calculated,0,0,0,"{""2pt_tds"":0,""fumbles"":0,""points"":0,""points_half"":0,""points_ppr"":0,""rec_rec"":0,""rec_tds"":0,""rec_yds"":0,""rec_yds_100"":0,""rec_yds_200"":0,""ret_tds"":0,""rush_att"":0,""rush_tds"":0,""rush_yds"":0,""rush_yds_100"":0,""rush_yds_200"":0,""scrimage_yards_100"":0,""scrimage_yards_200"":0}"
18608,14088,Rodney Anderson,RB,RB,FA,0.0,calculated,0,0,0,"{""2pt_tds"":0,""fumbles"":0,""points"":0,""points_half"":0,""points_ppr"":0,""rec_rec"":0,""rec_tds"":0,""rec_yds"":0,""rec_yds_100"":0,""rec_yds_200"":0,""ret_tds"":0,""rush_att"":0,""rush_tds"":0,""rush_yds"":0,""rush_yds_100"":0,""rush_yds_200"":0,""scrimage_yards_100"":0,""scrimage_yards_200"":0}"
13505,4397,Roosevelt Nix,RB,RB,FA,0.0,calculated,0,0,0,"{""2pt_tds"":0,""fumbles"":0,""points"":0,""points_half"":0,""points_ppr"":0,""rec_rec"":0,""rec_tds"":0,""rec_yds"":0,""rec_yds_100"":0,""rec_yds_200"":0,""ret_tds"":0,""rush_att"":0,""rush_tds"":0,""rush_yds"":0,""rush_yds_100"":0,""rush_yds_200"":0,""scrimage_yards_100"":0,""scrimage_yards_200"":0}"
19449,14811,Salvon Ahmed,RB,RB,CHI,0.0,calculated,0,0,0,"{""2pt_tds"":0,""fumbles"":0,""points"":0,""points_half"":0,""points_ppr"":0,""rec_rec"":0,""rec_tds"":0,""rec_yds"":0,""rec_yds_100"":0,""rec_yds_200"":0,""ret_tds"":0,""rush_att"":0,""rush_tds"":0,""rush_yds"":0,""rush_yds_100"":0,""rush_yds_200"":0,""scrimage_yards_100"":0,""scrimage_yards_200"":0}"
17131,13464,Shane Smith,RB,RB,FA,0.0,calculated,0,0,0,"{""2pt_tds"":0,""fumbles"":0,""points"":0,""points_half"":0,""points_ppr"":0,""rec_rec"":0,""rec_tds"":0,""rec_yds"":0,""rec_yds_100"":0,""rec_yds_200"":0,""ret_tds"":0,""rush_att"":0,""rush_tds"":0,""rush_yds"":0,""rush_yds_100"":0,""rush_yds_200"":0,""scrimage_yards_100"":0,""scrimage_yards_200"":0}"
17828,13874,Shaun Wilson,RB,RB,FA,0.0,calculated,0,0,0,"{""2pt_tds"":0,""fumbles"":0,""points"":0,""points_half"":0,""points_ppr"":0,""rec_rec"":0,""rec_tds"":0,""rec_yds"":0,""rec_yds_100"":0,""rec_yds_200"":0,""ret_tds"":0,""rush_att"":0,""rush_tds"":0,""rush_yds"":0,""rush_yds_100"":0,""rush_yds_200"":0,""scrimage_yards_100"":0,""scrimage_yards_200"":0}"
11638,11199,Spencer Ware,RB,RB,FA,0.0,calculated,0,0,0,"{""2pt_tds"":0,""fumbles"":0,""points"":0,""points_half"":0,""points_ppr"":0,""rec_rec"":0,""rec_tds"":0,""rec_yds"":0,""rec_yds_100"":0,""rec_yds_200"":0,""ret_tds"":0,""rush_att"":0,""rush_tds"":0,""rush_yds"":0,""rush_yds_100"":0,""rush_yds_200"":0,""scrimage_yards_100"":0,""scrimage_yards_200"":0}"
9928,10334,Stevan Ridley,RB,RB,FA,0.0,calculated,0,0,0,"{""2pt_tds"":0,""fumbles"":0,""points"":0,""points_half"":0,""points_ppr"":0,""rec_rec"":0,""rec_tds"":0,""rec_yds"":0,""rec_yds_100"":0,""rec_yds_200"":0,""ret_tds"":0,""rush_att"":0,""rush_tds"":0,""rush_yds"":0,""rush_yds_100"":0,""rush_yds_200"":0,""scrimage_yards_100"":0,""scrimage_yards_200"":0}"
11649,11188,Theo Riddick,RB,RB,FA,0.0,calculated,0,0,0,"{""2pt_tds"":0,""fumbles"":0,""points"":0,""points_half"":0,""points_ppr"":0,""rec_rec"":0,""rec_tds"":0,""rec_yds"":0,""rec_yds_100"":0,""rec_yds_200"":0,""ret_tds"":0,""rush_att"":0,""rush_tds"":0,""rush_yds"":0,""rush_yds_100"":0,""rush_yds_200"":0,""scrimage_yards_100"":0,""scrimage_yards_200"":0}"
11839,11408,Tommy Bohanon,RB,RB,FA,0.0,calculated,0,0,0,"{""2pt_tds"":0,""fumbles"":0,""points"":0,""points_half"":0,""points_ppr"":0,""rec_rec"":0,""rec_tds"":0,""rec_yds"":0,""rec_yds_100"":0,""rec_yds_200"":0,""ret_tds"":0,""rush_att"":0,""rush_tds"":0,""rush_yds"":0,""rush_yds_100"":0,""rush_yds_200"":0,""scrimage_yards_100"":0,""scrimage_yards_200"":0}"
11470,10978,Travaris Cadet,RB,RB,FA,0.0,calculated,0,0,0,"{""2pt_tds"":0,""fumbles"":0,""points"":0,""points_half"":0,""points_ppr"":0,""rec_rec"":0,""rec_tds"":0,""rec_yds"":0,""rec_yds_100"":0,""rec_yds_200"":0,""ret_tds"":0,""rush_att"":0,""rush_tds"":0,""rush_yds"":0,""rush_yds_100"":0,""rush_yds_200"":0,""scrimage_yards_100"":0,""scrimage_yards_200"":0}"
16297,12644,Tre Madden,RB,RB,FA,0.0,calculated,0,0,0,"{""2pt_tds"":0,""fumbles"":0,""points"":0,""points_half"":0,""points_ppr"":0,""rec_rec"":0,""rec_tds"":0,""rec_yds"":0,""rec_yds_100"":0,""rec_yds_200"":0,""ret_tds"":0,""rush_att"":0,""rush_tds"":0,""rush_yds"":0,""rush_yds_100"":0,""rush_yds_200"":0,""scrimage_yards_100"":0,""scrimage_yards_200"":0}"
17201,13452,Trey Edmunds,RB,RB,FA,0.0,calculated,0,0,0,"{""2pt_tds"":0,""fumbles"":0,""points"":0,""points_half"":0,""points_ppr"":0,""rec_rec"":0,""rec_tds"":0,""rec_yds"":0,""rec_yds_100"":0,""rec_yds_200"":0,""ret_tds"":0,""rush_att"":0,""rush_tds"":0,""rush_yds"":0,""rush_yds_100"":0,""rush_yds_200"":0,""scrimage_yards_100"":0,""scrimage_yards_200"":0}"
15672,12636,Wendell Smallwood,RB,RB,FA,0.0,calculated,0,0,0,"{""2pt_tds"":0,""fumbles"":0,""points"":0,""points_half"":0,""points_ppr"":0,""rec_rec"":0,""rec_tds"":0,""rec_yds"":0,""rec_yds_100"":0,""rec_yds_200"":0,""ret_tds"":0,""rush_att"":0,""rush_tds"":0,""rush_yds"":0,""rush_yds_100"":0,""rush_yds_200"":0,""scrimage_yards_100"":0,""scrimage_yards_200"":0}"
18489,14333,Wes Hills,RB,RB,FA,0.0,calculated,0,0,0,"{""2pt_tds"":0,""fumbles"":0,""points"":0,""points_half"":0,""points_ppr"":0,""rec_rec"":0,""rec_tds"":0,""rec_yds"":0,""rec_yds_100"":0,""rec_yds_200"":0,""ret_tds"":0,""rush_att"":0,""rush_tds"":0,""rush_yds"":0,""rush_yds_100"":0,""rush_yds_200"":0,""scrimage_yards_100"":0,""scrimage_yards_200"":0}"
11920,11474,Zach Line,RB,RB,FA,0.0,calculated,0,0,0,"{""2pt_tds"":0,""fumbles"":0,""points"":0,""points_half"":0,""points_ppr"":0,""rec_rec"":0,""rec_tds"":0,""rec_yds"":0,""rec_yds_100"":0,""rec_yds_200"":0,""ret_tds"":0,""rush_att"":0,""rush_tds"":0,""rush_yds"":0,""rush_yds_100"":0,""rush_yds_200"":0,""scrimage_yards_100"":0,""scrimage_yards_200"":0}"
14185,12264,Zach Zenner,RB,RB,FA,0.0,calculated,0,0,0,"{""2pt_tds"":0,""fumbles"":0,""points"":0,""points_half"":0,""points_ppr"":0,""rec_rec"":0,""rec_tds"":0,""rec_yds"":0,""rec_yds_100"":0,""rec_yds_200"":0,""ret_tds"":0,""rush_att"":0,""rush_tds"":0,""rush_yds"":0,""rush_yds_100"":0,""rush_yds_200"":0,""scrimage_yards_100"":0,""scrimage_yards_200"":0}"
11594,11244,Travis Kelce,TE,TE,KC,161.422,calculated,161.4,206.48,251.55,"{""2pt_tds"":0,""fumbles"":0.27,""points"":161.4,""points_half"":206.48,""points_ppr"":251.55,""rec_rec"":90.15,""rec_tds"":8.2,""rec_yds"":1127.62,""rec_yds_100"":0,""rec_yds_200"":0,""ret_tds"":0,""scrimage_yards_100"":0,""scrimage_yards_200"":0}"
16499,13299,George Kittle,TE,TE,SF,137.739,calculated,137.77,180.33,222.89,"{""2pt_tds"":0,""fumbles"":0.22,""points"":137.77,""points_half"":180.33,""points_ppr"":222.89,""rec_rec"":85.12,""rec_tds"":6.04,""rec_yds"":1019.39,""rec_yds_100"":0,""rec_yds_200"":0,""ret_tds"":0,""scrimage_yards_100"":0,""scrimage_yards_200"":0}"
11689,11247,Zach Ertz,TE,TE,FA,126.105,calculated,126.11,165.69,205.27,"{""2pt_tds"":0,""fumbles"":0.21,""points"":126.11,""points_half"":165.69,""points_ppr"":205.27,""rec_rec"":79.16,""rec_tds"":6.61,""rec_yds"":868.65,""rec_yds_100"":0,""rec_yds_200"":0,""ret_tds"":0,""scrimage_yards_100"":0,""scrimage_yards_200"":0}"
17269,13671,Mark Andrews,TE,TE,BAL,125.393,calculated,125.37,156.67,187.98,"{""2pt_tds"":0,""fumbles"":0.31,""points"":125.37,""points_half"":156.67,""points_ppr"":187.98,""rec_rec"":62.6,""rec_tds"":7.18,""rec_yds"":829.33,""rec_yds_100"":0,""rec_yds_200"":0,""ret_tds"":0,""scrimage_yards_100"":0,""scrimage_yards_200"":0}"
14104,12263,Darren Waller,TE,TE,CAR,115.647,calculated,115.68,151.9,188.11,"{""2pt_tds"":0,""fumbles"":0.22,""points"":115.68,""points_half"":151.9,""points_ppr"":188.11,""rec_rec"":72.44,""rec_tds"":5.1,""rec_yds"":854.87,""rec_yds_100"":0,""rec_yds_200"":0,""ret_tds"":0,""scrimage_yards_100"":0,""scrimage_yards_200"":0}"
9265,9474,Jared Cook,TE,TE,FA,103.376,calculated,103.39,128.53,153.68,"{""2pt_tds"":0,""fumbles"":0.16,""points"":103.39,""points_half"":128.53,""points_ppr"":153.68,""rec_rec"":50.29,""rec_tds"":5.98,""rec_yds"":678.16,""rec_yds_100"":0,""rec_yds_200"":0,""ret_tds"":0,""scrimage_yards_100"":0,""scrimage_yards_200"":0}"
15623,12678,Tyler Higbee,TE,TE,LAR,99.968,calculated,99.98,132.34,164.7,"{""2pt_tds"":0,""fumbles"":0.14,""points"":99.98,""points_half"":132.34,""points_ppr"":164.7,""rec_rec"":64.72,""rec_tds"":4.7,""rec_yds"":720.48,""rec_yds_100"":0,""rec_yds_200"":0,""ret_tds"":0,""scrimage_yards_100"":0,""scrimage_yards_200"":0}"
16411,13189,Evan Engram,TE,TE,DEN,98.803,calculated,98.8,130.08,161.35,"{""2pt_tds"":0,""fumbles"":0.16,""points"":98.8,""points_half"":130.08,""points_ppr"":161.35,""rec_rec"":62.55,""rec_tds"":4.9,""rec_yds"":697.23,""rec_yds_100"":0,""rec_yds_200"":0,""ret_tds"":0,""scrimage_yards_100"":0,""scrimage_yards_200"":0}"
15561,12676,Hunter Henry,TE,TE,NE,93.225,calculated,93.21,120.51,147.8,"{""2pt_tds"":0,""fumbles"":0.21,""points"":93.21,""points_half"":120.51,""points_ppr"":147.8,""rec_rec"":54.58,""rec_tds"":4.61,""rec_yds"":659.85,""rec_yds_100"":0,""rec_yds_200"":0,""ret_tds"":0,""scrimage_yards_100"":0,""scrimage_yards_200"":0}"
9721,9902,Rob Gronkowski,TE,TE,FA,90.076,calculated,90.08,113.22,136.36,"{""2pt_tds"":0,""fumbles"":0.13,""points"":90.08,""points_half"":113.22,""points_ppr"":136.36,""rec_rec"":46.28,""rec_tds"":4.77,""rec_yds"":617.16,""rec_yds_100"":0,""rec_yds_200"":0,""ret_tds"":0,""scrimage_yards_100"":0,""scrimage_yards_200"":0}"
17283,13680,Hayden Hurst,TE,TE,FA,89.195,calculated,89.18,116.74,144.31,"{""2pt_tds"":0,""fumbles"":0.16,""points"":89.18,""points_half"":116.74,""points_ppr"":144.31,""rec_rec"":55.14,""rec_tds"":4.73,""rec_yds"":611.35,""rec_yds_100"":0,""rec_yds_200"":0,""ret_tds"":0,""scrimage_yards_100"":0,""scrimage_yards_200"":0}"
17527,14137,Noah Fant,TE,TE,NO,87.415,calculated,87.4,112.73,138.05,"{""2pt_tds"":0,""fumbles"":0.19,""points"":87.4,""points_half"":112.73,""points_ppr"":138.05,""rec_rec"":50.65,""rec_tds"":4.42,""rec_yds"":612.75,""rec_yds_100"":0,""rec_yds_200"":0,""ret_tds"":0,""scrimage_yards_100"":0,""scrimage_yards_200"":0}"
17272,13672,Mike Gesicki,TE,TE,CIN,85.556,calculated,85.58,113.14,140.7,"{""2pt_tds"":0,""fumbles"":0.21,""points"":85.58,""points_half"":113.14,""points_ppr"":140.7,""rec_rec"":55.13,""rec_tds"":4.12,""rec_yds"":612.56,""rec_yds_100"":0,""rec_yds_200"":0,""ret_tds"":0,""scrimage_yards_100"":0,""scrimage_yards_200"":0}"
17536,13679,Chris Herndon IV,TE,TE,FA,84.396,calculated,84.43,109.03,133.63,"{""2pt_tds"":0,""fumbles"":0.15,""points"":84.43,""points_half"":109.03,""points_ppr"":133.63,""rec_rec"":49.21,""rec_tds"":4.08,""rec_yds"":602.16,""rec_yds_100"":0,""rec_yds_200"":0,""ret_tds"":0,""scrimage_yards_100"":0,""scrimage_yards_200"":0}"
15581,12677,Austin Hooper,TE,TE,ATL,83.804,calculated,83.78,109.75,135.71,"{""2pt_tds"":0,""fumbles"":0.07,""points"":83.78,""points_half"":109.75,""points_ppr"":135.71,""rec_rec"":51.93,""rec_tds"":4.35,""rec_yds"":578.44,""rec_yds_100"":0,""rec_yds_200"":0,""ret_tds"":0,""scrimage_yards_100"":0,""scrimage_yards_200"":0}"
18290,14138,T.J. Hockenson,TE,TE,MIN,80.25,calculated,80.23,105.62,131.02,"{""2pt_tds"":0,""fumbles"":0.16,""points"":80.23,""points_half"":105.62,""points_ppr"":131.02,""rec_rec"":50.79,""rec_tds"":3.78,""rec_yds"":578.9,""rec_yds_100"":0,""rec_yds_200"":0,""ret_tds"":0,""scrimage_yards_100"":0,""scrimage_yards_200"":0}"
11987,11516,Jack Doyle,TE,TE,FA,79.459,calculated,79.46,107.33,135.2,"{""2pt_tds"":0,""fumbles"":0.2,""points"":79.46,""points_half"":107.33,""points_ppr"":135.2,""rec_rec"":55.74,""rec_tds"":4.15,""rec_yds"":549.59,""rec_yds_100"":0,""rec_yds_200"":0,""ret_tds"":0,""scrimage_yards_100"":0,""scrimage_yards_200"":0}"
17270,13674,Dallas Goedert,TE,TE,PHI,78.85,calculated,78.84,104.79,130.74,"{""2pt_tds"":0,""fumbles"":0.25,""points"":78.84,""points_half"":104.79,""points_ppr"":130.74,""rec_rec"":51.9,""rec_tds"":4.05,""rec_yds"":550.5,""rec_yds_100"":0,""rec_yds_200"":0,""ret_tds"":0,""scrimage_yards_100"":0,""scrimage_yards_200"":0}"
12143,11695,Eric Ebron,TE,TE,FA,76.083,calculated,76.09,99.51,122.93,"{""2pt_tds"":0,""fumbles"":0.12,""points"":76.09,""points_half"":99.51,""points_ppr"":122.93,""rec_rec"":46.83,""rec_tds"":3.87,""rec_yds"":531.03,""rec_yds_100"":0,""rec_yds_200"":0,""ret_tds"":0,""scrimage_yards_100"":0,""scrimage_yards_200"":0}"
16460,13193,Jonnu Smith,TE,TE,FA,73.699,calculated,73.72,95.35,116.98,"{""2pt_tds"":0,""fumbles"":0.15,""points"":73.72,""points_half"":95.35,""points_ppr"":116.98,""rec_rec"":43.26,""rec_tds"":4.09,""rec_yds"":494.59,""rec_yds_100"":0,""rec_yds_200"":0,""ret_tds"":0,""scrimage_yards_100"":0,""scrimage_yards_200"":0}"
16638,13722,Blake Jarwin,TE,TE,FA,70.998,calculated,71.03,92.78,114.52,"{""2pt_tds"":0,""fumbles"":0.15,""points"":71.03,""points_half"":92.78,""points_ppr"":114.52,""rec_rec"":43.5,""rec_tds"":3.71,""rec_yds"":490.38,""rec_yds_100"":0,""rec_yds_200"":0,""ret_tds"":0,""scrimage_yards_100"":0,""scrimage_yards_200"":0}"
11692,11250,Tyler Eifert,TE,TE,FA,69.784,calculated,69.81,91.44,113.07,"{""2pt_tds"":0,""fumbles"":0.09,""points"":69.81,""points_half"":91.44,""points_ppr"":113.07,""rec_rec"":43.26,""rec_tds"":3.19,""rec_yds"":508.24,""rec_yds_100"":0,""rec_yds_200"":0,""ret_tds"":0,""scrimage_yards_100"":0,""scrimage_yards_200"":0}"
17387,13678,Ian Thomas,TE,TE,LV,64.352,calculated,64.36,86.89,109.42,"{""2pt_tds"":0,""fumbles"":0.11,""points"":64.36,""points_half"":86.89,""points_ppr"":109.42,""rec_rec"":45.06,""rec_tds"":3.23,""rec_yds"":451.92,""rec_yds_100"":0,""rec_yds_200"":0,""ret_tds"":0,""scrimage_yards_100"":0,""scrimage_yards_200"":0}"
18631,14143,Dawson Knox,TE,TE,BUF,62.468,calculated,62.45,79.69,96.93,"{""2pt_tds"":0,""fumbles"":0.11,""points"":62.45,""points_half"":79.69,""points_ppr"":96.93,""rec_rec"":34.48,""rec_tds"":3.14,""rec_yds"":438.48,""rec_yds_100"":0,""rec_yds_200"":0,""ret_tds"":0,""scrimage_yards_100"":0,""scrimage_yards_200"":0}"
9238,8687,Greg Olsen,TE,TE,FA,60.106,calculated,60.13,77.83,95.54,"{""2pt_tds"":0,""fumbles"":0.05,""points"":60.13,""points_half"":77.83,""points_ppr"":95.54,""rec_rec"":35.41,""rec_tds"":3.15,""rec_yds"":413.06,""rec_yds_100"":0,""rec_yds_200"":0,""ret_tds"":0,""scrimage_yards_100"":0,""scrimage_yards_200"":0}"
13636,11337,Darren Fells,TE,TE,FA,59.289,calculated,59.3,76.94,94.57,"{""2pt_tds"":0,""fumbles"":0.07,""points"":59.3,""points_half"":76.94,""points_ppr"":94.57,""rec_rec"":35.27,""rec_tds"":3.93,""rec_yds"":358.49,""rec_yds_100"":0,""rec_yds_200"":0,""ret_tds"":0,""scrimage_yards_100"":0,""scrimage_yards_200"":0}"
9712,9925,Jimmy Graham,TE,TE,FA,57.907,calculated,57.9,77.6,97.3,"{""2pt_tds"":0,""fumbles"":0.13,""points"":57.9,""points_half"":77.6,""points_ppr"":97.3,""rec_rec"":39.41,""rec_tds"":2.38,""rec_yds"":438.87,""rec_yds_100"":0,""rec_yds_200"":0,""ret_tds"":0,""scrimage_yards_100"":0,""scrimage_yards_200"":0}"
9906,10312,Kyle Rudolph,TE,TE,FA,57.815,calculated,57.83,76.43,95.04,"{""2pt_tds"":0,""fumbles"":0.07,""points"":57.83,""points_half"":76.43,""points_ppr"":95.04,""rec_rec"":37.21,""rec_tds"":3.43,""rec_yds"":373.75,""rec_yds_100"":0,""rec_yds_200"":0,""ret_tds"":0,""scrimage_yards_100"":0,""scrimage_yards_200"":0}"
18610,14141,Irv Smith Jr.,TE,TE,FA,55.901,calculated,55.93,75.5,95.07,"{""2pt_tds"":0,""fumbles"":0.14,""points"":55.93,""points_half"":75.5,""points_ppr"":95.07,""rec_rec"":39.14,""rec_tds"":2.71,""rec_yds"":399.21,""rec_yds_100"":0,""rec_yds_200"":0,""ret_tds"":0,""scrimage_yards_100"":0,""scrimage_yards_200"":0}"
16380,13188,O.J. Howard,TE,TE,FA,51.047,calculated,51.07,65.15,79.22,"{""2pt_tds"":0,""fumbles"":0.11,""points"":51.07,""points_half"":65.15,""points_ppr"":79.22,""rec_rec"":28.16,""rec_tds"":2.48,""rec_yds"":363.87,""rec_yds_100"":0,""rec_yds_200"":0,""ret_tds"":0,""scrimage_yards_100"":0,""scrimage_yards_200"":0}"
14084,12317,C.J. Uzomah,TE,TE,FA,49.423,calculated,49.43,67.26,85.08,"{""2pt_tds"":0,""fumbles"":0.08,""points"":49.43,""points_half"":67.26,""points_ppr"":85.08,""rec_rec"":35.65,""rec_tds"":2.75,""rec_yds"":330.83,""rec_yds_100"":0,""rec_yds_200"":0,""ret_tds"":0,""scrimage_yards_100"":0,""scrimage_yards_200"":0}"
18049,13763,Will Dissly,TE,TE,FA,48.059,calculated,48.04,61.81,75.58,"{""2pt_tds"":0,""fumbles"":0.1,""points"":48.04,""points_half"":61.81,""points_ppr"":75.58,""rec_rec"":27.54,""rec_tds"":2.66,""rec_yds"":322.99,""rec_yds_100"":0,""rec_yds_200"":0,""ret_tds"":0,""scrimage_yards_100"":0,""scrimage_yards_200"":0}"
13963,12328,Nick Boyle,TE,TE,FA,47.277,calculated,47.26,62.81,78.36,"{""2pt_tds"":0,""fumbles"":0.07,""points"":47.26,""points_half"":62.81,""points_ppr"":78.36,""rec_rec"":31.11,""rec_tds"":2.61,""rec_yds"":317.57,""rec_yds_100"":0,""rec_yds_200"":0,""ret_tds"":0,""scrimage_yards_100"":0,""scrimage_yards_200"":0}"
16459,13236,Gerald Everett,TE,TE,FA,46.581,calculated,46.57,61.63,76.69,"{""2pt_tds"":0,""fumbles"":0.09,""points"":46.57,""points_half"":61.63,""points_ppr"":76.69,""rec_rec"":30.12,""rec_tds"":2.05,""rec_yds"":344.61,""rec_yds_100"":0,""rec_yds_200"":0,""ret_tds"":0,""scrimage_yards_100"":0,""scrimage_yards_200"":0}"
18614,14140,Jace Sternberger,TE,TE,FA,45.302,calculated,45.31,61.17,77.02,"{""2pt_tds"":0,""fumbles"":0.1,""points"":45.31,""points_half"":61.17,""points_ppr"":77.02,""rec_rec"":31.71,""rec_tds"":2.31,""rec_yds"":316.42,""rec_yds_100"":0,""rec_yds_200"":0,""ret_tds"":0,""scrimage_yards_100"":0,""scrimage_yards_200"":0}"
19435,14936,Devin Asiasi,TE,TE,FA,44.935,calculated,44.95,60.28,75.61,"{""2pt_tds"":0,""fumbles"":0.08,""points"":44.95,""points_half"":60.28,""points_ppr"":75.61,""rec_rec"":30.66,""rec_tds"":2.18,""rec_yds"":320.15,""rec_yds_100"":0,""rec_yds_200"":0,""ret_tds"":0,""scrimage_yards_100"":0,""scrimage_yards_200"":0}"
17143,13880,Dan Arnold,TE,TE,FA,43.874,calculated,43.88,56.34,68.8,"{""2pt_tds"":0,""fumbles"":0.09,""points"":43.88,""points_half"":56.34,""points_ppr"":68.8,""rec_rec"":24.92,""rec_tds"":2.33,""rec_yds"":300.74,""rec_yds_100"":0,""rec_yds_200"":0,""ret_tds"":0,""scrimage_yards_100"":0,""scrimage_yards_200"":0}"
16399,13192,David Njoku,TE,TE,LAC,43.02,calculated,43.05,56.03,69,"{""2pt_tds"":0,""fumbles"":0.04,""points"":43.05,""points_half"":56.03,""points_ppr"":69,""rec_rec"":25.95,""rec_tds"":2.43,""rec_yds"":285.2,""rec_yds_100"":0,""rec_yds_200"":0,""ret_tds"":0,""scrimage_yards_100"":0,""scrimage_yards_200"":0}"
12095,11647,Logan Thomas,TE,TE,FA,42.141,calculated,42.16,56.29,70.43,"{""2pt_tds"":0,""fumbles"":0.1,""points"":42.16,""points_half"":56.29,""points_ppr"":70.43,""rec_rec"":28.27,""rec_tds"":1.92,""rec_yds"":308.21,""rec_yds_100"":0,""rec_yds_200"":0,""ret_tds"":0,""scrimage_yards_100"":0,""scrimage_yards_200"":0}"
11690,11248,Jordan Reed,TE,TE,FA,41.427,calculated,41.42,54.55,67.68,"{""2pt_tds"":0,""fumbles"":0.09,""points"":41.42,""points_half"":54.55,""points_ppr"":67.68,""rec_rec"":26.26,""rec_tds"":2.21,""rec_yds"":283.47,""rec_yds_100"":0,""rec_yds_200"":0,""ret_tds"":0,""scrimage_yards_100"":0,""scrimage_yards_200"":0}"
17415,13753,Jordan Akins,TE,TE,FA,40.321,calculated,40.31,55.04,69.77,"{""2pt_tds"":0,""fumbles"":0.08,""points"":40.31,""points_half"":55.04,""points_ppr"":69.77,""rec_rec"":29.46,""rec_tds"":1.7,""rec_yds"":302.81,""rec_yds_100"":0,""rec_yds_200"":0,""ret_tds"":0,""scrimage_yards_100"":0,""scrimage_yards_200"":0}"
11699,11257,Vance McDonald,TE,TE,FA,38.443,calculated,38.47,52.89,67.31,"{""2pt_tds"":0,""fumbles"":0.11,""points"":38.47,""points_half"":52.89,""points_ppr"":67.31,""rec_rec"":28.84,""rec_tds"":1.95,""rec_yds"":269.63,""rec_yds_100"":0,""rec_yds_200"":0,""ret_tds"":0,""scrimage_yards_100"":0,""scrimage_yards_200"":0}"
16787,13919,Anthony Firkser,TE,TE,FA,33.844,calculated,33.83,44,54.17,"{""2pt_tds"":0,""fumbles"":0.07,""points"":33.83,""points_half"":44,""points_ppr"":54.17,""rec_rec"":20.34,""rec_tds"":1.55,""rec_yds"":246.84,""rec_yds_100"":0,""rec_yds_200"":0,""ret_tds"":0,""scrimage_yards_100"":0,""scrimage_yards_200"":0}"
19229,14867,Cole Kmet,TE,TE,CHI,33.486,calculated,33.5,44.3,55.11,"{""2pt_tds"":0,""fumbles"":0.07,""points"":33.5,""points_half"":44.3,""points_ppr"":55.11,""rec_rec"":21.62,""rec_tds"":1.56,""rec_yds"":242.66,""rec_yds_100"":0,""rec_yds_200"":0,""ret_tds"":0,""scrimage_yards_100"":0,""scrimage_yards_200"":0}"
16502,13427,Robert Tonyan,TE,TE,PIT,32.868,calculated,32.87,43.9,54.93,"{""2pt_tds"":0,""fumbles"":0.09,""points"":32.87,""points_half"":43.9,""points_ppr"":54.93,""rec_rec"":22.07,""rec_tds"":1.66,""rec_yds"":230.88,""rec_yds_100"":0,""rec_yds_200"":0,""ret_tds"":0,""scrimage_yards_100"":0,""scrimage_yards_200"":0}"
13959,12211,Jesse James,TE,TE,FA,31.162,calculated,31.16,41.42,51.68,"{""2pt_tds"":0,""fumbles"":0.08,""points"":31.16,""points_half"":41.42,""points_ppr"":51.68,""rec_rec"":20.52,""rec_tds"":1.7,""rec_yds"":211.22,""rec_yds_100"":0,""rec_yds_200"":0,""ret_tds"":0,""scrimage_yards_100"":0,""scrimage_yards_200"":0}"
14146,12330,James O'Shaughnessy,TE,TE,FA,30.44,calculated,30.42,41.39,52.37,"{""2pt_tds"":0,""fumbles"":0.06,""points"":30.42,""points_half"":41.39,""points_ppr"":52.37,""rec_rec"":21.95,""rec_tds"":1.4,""rec_yds"":221.6,""rec_yds_100"":0,""rec_yds_200"":0,""ret_tds"":0,""scrimage_yards_100"":0,""scrimage_yards_200"":0}"
11830,11399,Ryan Griffin,TE,TE,FA,28.475,calculated,28.49,38.89,49.29,"{""2pt_tds"":0,""fumbles"":0.04,""points"":28.49,""points_half"":38.89,""points_ppr"":49.29,""rec_rec"":20.8,""rec_tds"":1.32,""rec_yds"":206.35,""rec_yds_100"":0,""rec_yds_200"":0,""ret_tds"":0,""scrimage_yards_100"":0,""scrimage_yards_200"":0}"
12153,11705,Trey Burton,TE,TE,FA,27.651,calculated,27.65,38.24,48.82,"{""2pt_tds"":0,""fumbles"":0.09,""points"":27.65,""points_half"":38.24,""points_ppr"":48.82,""rec_rec"":21.17,""rec_tds"":1.19,""rec_yds"":206.91,""rec_yds_100"":0,""rec_yds_200"":0,""ret_tds"":0,""scrimage_yards_100"":0,""scrimage_yards_200"":0}"
13565,11529,Josh Hill,TE,TE,FA,27.524,calculated,27.51,37.25,46.98,"{""2pt_tds"":0,""fumbles"":0.06,""points"":27.51,""points_half"":37.25,""points_ppr"":46.98,""rec_rec"":19.47,""rec_tds"":1.43,""rec_yds"":190.64,""rec_yds_100"":0,""rec_yds_200"":0,""ret_tds"":0,""scrimage_yards_100"":0,""scrimage_yards_200"":0}"
16461,13194,Jeremy Sprinkle,TE,TE,FA,27.463,calculated,27.46,37.73,48,"{""2pt_tds"":0,""fumbles"":0.13,""points"":27.46,""points_half"":37.73,""points_ppr"":48,""rec_rec"":20.54,""rec_tds"":1.16,""rec_yds"":207.63,""rec_yds_100"":0,""rec_yds_200"":0,""ret_tds"":0,""scrimage_yards_100"":0,""scrimage_yards_200"":0}"
13470,12110,Cameron Brate,TE,TE,FA,25.697,calculated,25.69,34.51,43.32,"{""2pt_tds"":0,""fumbles"":0.05,""points"":25.69,""points_half"":34.51,""points_ppr"":43.32,""rec_rec"":17.64,""rec_tds"":1.25,""rec_yds"":182.97,""rec_yds_100"":0,""rec_yds_200"":0,""ret_tds"":0,""scrimage_yards_100"":0,""scrimage_yards_200"":0}"
18397,14239,Foster Moreau,TE,TE,HOU,25.18,calculated,25.15,32.84,40.53,"{""2pt_tds"":0,""fumbles"":0.09,""points"":25.15,""points_half"":32.84,""points_ppr"":40.53,""rec_rec"":15.38,""rec_tds"":1.65,""rec_yds"":154.6,""rec_yds_100"":0,""rec_yds_200"":0,""ret_tds"":0,""scrimage_yards_100"":0,""scrimage_yards_200"":0}"
16527,13391,Jacob Hollister,TE,TE,FA,25.149,calculated,25.14,33.61,42.09,"{""2pt_tds"":0,""fumbles"":0.02,""points"":25.14,""points_half"":33.61,""points_ppr"":42.09,""rec_rec"":16.95,""rec_tds"":1.19,""rec_yds"":180.49,""rec_yds_100"":0,""rec_yds_200"":0,""ret_tds"":0,""scrimage_yards_100"":0,""scrimage_yards_200"":0}"
17115,13424,Taysom Hill,TE,TE,FA,24.039,calculated,24.04,31.47,38.91,"{""2pt_tds"":0,""fumbles"":0.27,""points"":24.04,""points_half"":31.47,""points_ppr"":38.91,""rec_rec"":14.87,""rec_tds"":1.34,""rec_yds"":165.39,""rec_yds_100"":0,""rec_yds_200"":0,""ret_tds"":0,""scrimage_yards_100"":0,""scrimage_yards_200"":0}"
13960,12212,Tyler Kroft,TE,TE,FA,23.964,calculated,23.96,30.95,37.94,"{""2pt_tds"":0,""fumbles"":0.06,""points"":23.96,""points_half"":30.95,""points_ppr"":37.94,""rec_rec"":13.98,""rec_tds"":1.63,""rec_yds"":143.04,""rec_yds_100"":0,""rec_yds_200"":0,""ret_tds"":0,""scrimage_yards_100"":0,""scrimage_yards_200"":0}"
13919,12206,Maxx Williams,TE,TE,FA,23.701,calculated,23.7,32.47,41.24,"{""2pt_tds"":0,""fumbles"":0.09,""points"":23.7,""points_half"":32.47,""points_ppr"":41.24,""rec_rec"":17.54,""rec_tds"":1,""rec_yds"":178.81,""rec_yds_100"":0,""rec_yds_200"":0,""ret_tds"":0,""scrimage_yards_100"":0,""scrimage_yards_200"":0}"
9275,6997,Jason Witten,TE,TE,FA,23.639,calculated,23.61,32.07,40.53,"{""2pt_tds"":0,""fumbles"":0.06,""points"":23.61,""points_half"":32.07,""points_ppr"":40.53,""rec_rec"":16.92,""rec_tds"":1.32,""rec_yds"":158.39,""rec_yds_100"":0,""rec_yds_200"":0,""ret_tds"":0,""scrimage_yards_100"":0,""scrimage_yards_200"":0}"
16730,13382,Ricky Seals-Jones,TE,TE,FA,21.741,calculated,21.76,28.15,34.54,"{""2pt_tds"":0,""fumbles"":0.02,""points"":21.76,""points_half"":28.15,""points_ppr"":34.54,""rec_rec"":12.78,""rec_tds"":1.1,""rec_yds"":151.81,""rec_yds_100"":0,""rec_yds_200"":0,""ret_tds"":0,""scrimage_yards_100"":0,""scrimage_yards_200"":0}"
13966,12213,Blake Bell,TE,TE,FA,19.309,calculated,19.28,25.59,31.9,"{""2pt_tds"":0,""fumbles"":0.07,""points"":19.28,""points_half"":25.59,""points_ppr"":31.9,""rec_rec"":12.63,""rec_tds"":1,""rec_yds"":134.49,""rec_yds_100"":0,""rec_yds_200"":0,""ret_tds"":0,""scrimage_yards_100"":0,""scrimage_yards_200"":0}"
9948,10354,Luke Stocker,TE,TE,FA,18.214,calculated,18.21,24.46,30.71,"{""2pt_tds"":0,""fumbles"":0.07,""points"":18.21,""points_half"":24.46,""points_ppr"":30.71,""rec_rec"":12.5,""rec_tds"":1.02,""rec_yds"":122.34,""rec_yds_100"":0,""rec_yds_200"":0,""ret_tds"":0,""scrimage_yards_100"":0,""scrimage_yards_200"":0}"
19389,14875,Harrison Bryant,TE,TE,FA,18.018,calculated,18.02,23.66,29.31,"{""2pt_tds"":0,""fumbles"":0.07,""points"":18.02,""points_half"":23.66,""points_ppr"":29.31,""rec_rec"":11.29,""rec_tds"":0.97,""rec_yds"":123.38,""rec_yds_100"":0,""rec_yds_200"":0,""ret_tds"":0,""scrimage_yards_100"":0,""scrimage_yards_200"":0}"
18561,14146,Drew Sample,TE,TE,CIN,17.423,calculated,17.42,24.22,31.01,"{""2pt_tds"":0,""fumbles"":0.11,""points"":17.42,""points_half"":24.22,""points_ppr"":31.01,""rec_rec"":13.59,""rec_tds"":0.61,""rec_yds"":139.83,""rec_yds_100"":0,""rec_yds_200"":0,""ret_tds"":0,""scrimage_yards_100"":0,""scrimage_yards_200"":0}"
15645,12680,Nick Vannett,TE,TE,SEA,16.568,calculated,16.54,21.17,25.8,"{""2pt_tds"":0,""fumbles"":0.04,""points"":16.54,""points_half"":21.17,""points_ppr"":25.8,""rec_rec"":9.26,""rec_tds"":1.19,""rec_yds"":95.08,""rec_yds_100"":0,""rec_yds_200"":0,""ret_tds"":0,""scrimage_yards_100"":0,""scrimage_yards_200"":0}"
18293,14142,Kaden Smith,TE,TE,FA,16.031,calculated,16.03,22.38,28.73,"{""2pt_tds"":0,""fumbles"":0.09,""points"":16.03,""points_half"":22.38,""points_ppr"":28.73,""rec_rec"":12.7,""rec_tds"":0.57,""rec_yds"":127.91,""rec_yds_100"":0,""rec_yds_200"":0,""ret_tds"":0,""scrimage_yards_100"":0,""scrimage_yards_200"":0}"
17349,13772,Dalton Schultz,TE,TE,HOU,15.7,calculated,15.67,21.51,27.34,"{""2pt_tds"":0,""fumbles"":0.09,""points"":15.67,""points_half"":21.51,""points_ppr"":27.34,""rec_rec"":11.68,""rec_tds"":0.61,""rec_yds"":122.2,""rec_yds_100"":0,""rec_yds_200"":0,""ret_tds"":0,""scrimage_yards_100"":0,""scrimage_yards_200"":0}"
16579,13246,Mo Alie-Cox,TE,TE,IND,15.657,calculated,15.63,20.59,25.56,"{""2pt_tds"":0,""fumbles"":0.07,""points"":15.63,""points_half"":20.59,""points_ppr"":25.56,""rec_rec"":9.94,""rec_tds"":0.65,""rec_yds"":118.97,""rec_yds_100"":0,""rec_yds_200"":0,""ret_tds"":0,""scrimage_yards_100"":0,""scrimage_yards_200"":0}"
11881,11448,Demetrius Harris,TE,TE,FA,15.589,calculated,15.59,20.18,24.78,"{""2pt_tds"":0,""fumbles"":0.07,""points"":15.59,""points_half"":20.18,""points_ppr"":24.78,""rec_rec"":9.19,""rec_tds"":0.99,""rec_yds"":97.89,""rec_yds_100"":0,""rec_yds_200"":0,""ret_tds"":0,""scrimage_yards_100"":0,""scrimage_yards_200"":0}"
13964,12309,MyCole Pruitt,TE,TE,FA,15.43,calculated,15.43,20.16,24.88,"{""2pt_tds"":0,""fumbles"":0.06,""points"":15.43,""points_half"":20.16,""points_ppr"":24.88,""rec_rec"":9.45,""rec_tds"":0.86,""rec_yds"":103.9,""rec_yds_100"":0,""rec_yds_200"":0,""ret_tds"":0,""scrimage_yards_100"":0,""scrimage_yards_200"":0}"
18135,14464,Jaeden Graham,TE,TE,FA,13.934,calculated,13.93,19.27,24.61,"{""2pt_tds"":0,""fumbles"":0.05,""points"":13.93,""points_half"":19.27,""points_ppr"":24.61,""rec_rec"":10.68,""rec_tds"":0.34,""rec_yds"":119.94,""rec_yds_100"":0,""rec_yds_200"":0,""ret_tds"":0,""scrimage_yards_100"":0,""scrimage_yards_200"":0}"
10026,10432,Virgil Green,TE,TE,FA,13.628,calculated,13.6,19.11,24.62,"{""2pt_tds"":0,""fumbles"":0.08,""points"":13.6,""points_half"":19.11,""points_ppr"":24.62,""rec_rec"":11.03,""rec_tds"":0.45,""rec_yds"":110.88,""rec_yds_100"":0,""rec_yds_200"":0,""ret_tds"":0,""scrimage_yards_100"":0,""scrimage_yards_200"":0}"
14014,12955,Chris Manhertz,TE,TE,NYG,13.067,calculated,13.04,16.74,20.44,"{""2pt_tds"":0,""fumbles"":0.05,""points"":13.04,""points_half"":16.74,""points_ppr"":20.44,""rec_rec"":7.41,""rec_tds"":0.79,""rec_yds"":84.27,""rec_yds_100"":0,""rec_yds_200"":0,""ret_tds"":0,""scrimage_yards_100"":0,""scrimage_yards_200"":0}"
17508,13676,Durham Smythe,TE,TE,BAL,12.708,calculated,12.71,17.12,21.53,"{""2pt_tds"":0,""fumbles"":0.03,""points"":12.71,""points_half"":17.12,""points_ppr"":21.53,""rec_rec"":8.83,""rec_tds"":0.69,""rec_yds"":86.28,""rec_yds_100"":0,""rec_yds_200"":0,""ret_tds"":0,""scrimage_yards_100"":0,""scrimage_yards_200"":0}"
9413,8269,Marcedes Lewis,TE,TE,FA,11.908,calculated,11.91,16.33,20.76,"{""2pt_tds"":0,""fumbles"":0.05,""points"":11.91,""points_half"":16.33,""points_ppr"":20.76,""rec_rec"":8.85,""rec_tds"":0.54,""rec_yds"":87.68,""rec_yds_100"":0,""rec_yds_200"":0,""ret_tds"":0,""scrimage_yards_100"":0,""scrimage_yards_200"":0}"
17541,13847,Ryan Izzo,TE,TE,FA,11.453,calculated,11.45,14.88,18.31,"{""2pt_tds"":0,""fumbles"":0.04,""points"":11.45,""points_half"":14.88,""points_ppr"":18.31,""rec_rec"":6.86,""rec_tds"":0.57,""rec_yds"":81.13,""rec_yds_100"":0,""rec_yds_200"":0,""ret_tds"":0,""scrimage_yards_100"":0,""scrimage_yards_200"":0}"
19456,14876,Josiah Deguara,TE,TE,SF,10.594,calculated,10.59,14.33,18.06,"{""2pt_tds"":0,""fumbles"":0.05,""points"":10.59,""points_half"":14.33,""points_ppr"":18.06,""rec_rec"":7.47,""rec_tds"":0.58,""rec_yds"":72.14,""rec_yds_100"":0,""rec_yds_200"":0,""ret_tds"":0,""scrimage_yards_100"":0,""scrimage_yards_200"":0}"
18680,14195,Kahale Warring,TE,TE,FA,10.57,calculated,10.57,14.03,17.49,"{""2pt_tds"":0,""fumbles"":0.05,""points"":10.57,""points_half"":14.03,""points_ppr"":17.49,""rec_rec"":6.92,""rec_tds"":0.57,""rec_yds"":72.5,""rec_yds_100"":0,""rec_yds_200"":0,""ret_tds"":0,""scrimage_yards_100"":0,""scrimage_yards_200"":0}"
17598,13675,Tyler Conklin,TE,TE,DET,10.462,calculated,10.46,13.86,17.26,"{""2pt_tds"":0,""fumbles"":0.04,""points"":10.46,""points_half"":13.86,""points_ppr"":17.26,""rec_rec"":6.8,""rec_tds"":0.45,""rec_yds"":78.42,""rec_yds_100"":0,""rec_yds_200"":0,""ret_tds"":0,""scrimage_yards_100"":0,""scrimage_yards_200"":0}"
17879,13857,Deon Yelder,TE,TE,FA,9.248,calculated,9.22,11.75,14.27,"{""2pt_tds"":0,""fumbles"":0.01,""points"":9.22,""points_half"":11.75,""points_ppr"":14.27,""rec_rec"":5.06,""rec_tds"":0.61,""rec_yds"":56.08,""rec_yds_100"":0,""rec_yds_200"":0,""ret_tds"":0,""scrimage_yards_100"":0,""scrimage_yards_200"":0}"
19242,14874,Hunter Bryant,TE,TE,FA,7.957,calculated,7.96,10.61,13.27,"{""2pt_tds"":0,""fumbles"":0.04,""points"":7.96,""points_half"":10.61,""points_ppr"":13.27,""rec_rec"":5.31,""rec_tds"":0.38,""rec_yds"":57.57,""rec_yds_100"":0,""rec_yds_200"":0,""ret_tds"":0,""scrimage_yards_100"":0,""scrimage_yards_200"":0}"
18246,14873,Albert Okwuegbunam Jr.,TE,TE,LV,7.309,calculated,7.31,9.21,11.11,"{""2pt_tds"":0,""fumbles"":0.01,""points"":7.31,""points_half"":9.21,""points_ppr"":11.11,""rec_rec"":3.8,""rec_tds"":0.55,""rec_yds"":40.29,""rec_yds_100"":0,""rec_yds_200"":0,""ret_tds"":0,""scrimage_yards_100"":0,""scrimage_yards_200"":0}"
11694,11252,Levine Toilolo,TE,TE,FA,7.296,calculated,7.27,10.23,13.19,"{""2pt_tds"":0,""fumbles"":0.02,""points"":7.27,""points_half"":10.23,""points_ppr"":13.19,""rec_rec"":5.92,""rec_tds"":0.17,""rec_yds"":63.16,""rec_yds_100"":0,""rec_yds_200"":0,""ret_tds"":0,""scrimage_yards_100"":0,""scrimage_yards_200"":0}"
19423,14870,Adam Trautman,TE,TE,DEN,6.398,calculated,6.4,8.19,9.99,"{""2pt_tds"":0,""fumbles"":0.02,""points"":6.4,""points_half"":8.19,""points_ppr"":9.99,""rec_rec"":3.59,""rec_tds"":0.37,""rec_yds"":42.18,""rec_yds_100"":0,""rec_yds_200"":0,""ret_tds"":0,""scrimage_yards_100"":0,""scrimage_yards_200"":0}"
18748,14319,Andrew Beck,TE,TE,NYJ,6.393,calculated,6.39,9.41,12.42,"{""2pt_tds"":0,""fumbles"":0.03,""points"":6.39,""points_half"":9.41,""points_ppr"":12.42,""rec_rec"":6.03,""rec_tds"":0.24,""rec_yds"":50.13,""rec_yds_100"":0,""rec_yds_200"":0,""ret_tds"":0,""scrimage_yards_100"":0,""scrimage_yards_200"":0}"
18690,14240,Zach Gentry,TE,TE,FA,6.325,calculated,6.33,8.21,10.09,"{""2pt_tds"":0,""fumbles"":0.02,""points"":6.33,""points_half"":8.21,""points_ppr"":10.09,""rec_rec"":3.76,""rec_tds"":0.37,""rec_yds"":41.45,""rec_yds_100"":0,""rec_yds_200"":0,""ret_tds"":0,""scrimage_yards_100"":0,""scrimage_yards_200"":0}"
16582,13396,Darrell Daniels,TE,TE,FA,6.066,calculated,6.07,7.78,9.5,"{""2pt_tds"":0,""fumbles"":0.02,""points"":6.07,""points_half"":7.78,""points_ppr"":9.5,""rec_rec"":3.43,""rec_tds"":0.37,""rec_yds"":38.86,""rec_yds_100"":0,""rec_yds_200"":0,""ret_tds"":0,""scrimage_yards_100"":0,""scrimage_yards_200"":0}"
12233,11785,Richard Rodgers,TE,TE,FA,5.762,calculated,5.76,7.63,9.5,"{""2pt_tds"":0,""fumbles"":0.02,""points"":5.76,""points_half"":7.63,""points_ppr"":9.5,""rec_rec"":3.74,""rec_tds"":0.3,""rec_yds"":40.02,""rec_yds_100"":0,""rec_yds_200"":0,""ret_tds"":0,""scrimage_yards_100"":0,""scrimage_yards_200"":0}"
16743,13940,Johnny Mundt,TE,TE,PHI,5.707,calculated,5.71,7.63,9.56,"{""2pt_tds"":0,""fumbles"":0.02,""points"":5.71,""points_half"":7.63,""points_ppr"":9.56,""rec_rec"":3.85,""rec_tds"":0.24,""rec_yds"":43.07,""rec_yds_100"":0,""rec_yds_200"":0,""ret_tds"":0,""scrimage_yards_100"":0,""scrimage_yards_200"":0}"
19726,15097,Sean McKeon,TE,TE,IND,5.528,calculated,5.53,7.37,9.21,"{""2pt_tds"":0,""fumbles"":0.02,""points"":5.53,""points_half"":7.37,""points_ppr"":9.21,""rec_rec"":3.68,""rec_tds"":0.27,""rec_yds"":39.48,""rec_yds_100"":0,""rec_yds_200"":0,""ret_tds"":0,""scrimage_yards_100"":0,""scrimage_yards_200"":0}"
17886,13988,Ross Dwelley,TE,TE,FA,5.413,calculated,5.41,7.03,8.65,"{""2pt_tds"":0,""fumbles"":0.02,""points"":5.41,""points_half"":7.03,""points_ppr"":8.65,""rec_rec"":3.24,""rec_tds"":0.32,""rec_yds"":35.33,""rec_yds_100"":0,""rec_yds_200"":0,""ret_tds"":0,""scrimage_yards_100"":0,""scrimage_yards_200"":0}"
11417,10940,Derek Carrier,TE,TE,FA,5.411,calculated,5.41,7.2,8.99,"{""2pt_tds"":0,""fumbles"":0.02,""points"":5.41,""points_half"":7.2,""points_ppr"":8.99,""rec_rec"":3.58,""rec_tds"":0.28,""rec_yds"":37.71,""rec_yds_100"":0,""rec_yds_200"":0,""ret_tds"":0,""scrimage_yards_100"":0,""scrimage_yards_200"":0}"
18567,14231,Trevon Wesco,TE,TE,FA,5.401,calculated,5.4,7.19,8.98,"{""2pt_tds"":0,""fumbles"":0.02,""points"":5.4,""points_half"":7.19,""points_ppr"":8.98,""rec_rec"":3.58,""rec_tds"":0.25,""rec_yds"":39.41,""rec_yds_100"":0,""rec_yds_200"":0,""ret_tds"":0,""scrimage_yards_100"":0,""scrimage_yards_200"":0}"
19234,14868,Brycen Hopkins,TE,TE,FA,5.358,calculated,5.36,7.22,9.09,"{""2pt_tds"":0,""fumbles"":0.02,""points"":5.36,""points_half"":7.22,""points_ppr"":9.09,""rec_rec"":3.73,""rec_tds"":0.22,""rec_yds"":40.78,""rec_yds_100"":0,""rec_yds_200"":0,""ret_tds"":0,""scrimage_yards_100"":0,""scrimage_yards_200"":0}"
14470,12585,Daniel Brown,TE,TE,FA,5.343,calculated,5.34,7.15,8.96,"{""2pt_tds"":0,""fumbles"":0.02,""points"":5.34,""points_half"":7.15,""points_ppr"":8.96,""rec_rec"":3.62,""rec_tds"":0.27,""rec_yds"":37.63,""rec_yds_100"":0,""rec_yds_200"":0,""ret_tds"":0,""scrimage_yards_100"":0,""scrimage_yards_200"":0}"
9992,10398,Lee Smith,TE,TE,FA,5.05,calculated,5.05,6.79,8.52,"{""2pt_tds"":0,""fumbles"":0.02,""points"":5.05,""points_half"":6.79,""points_ppr"":8.52,""rec_rec"":3.47,""rec_tds"":0.3,""rec_yds"":32.9,""rec_yds_100"":0,""rec_yds_200"":0,""ret_tds"":0,""scrimage_yards_100"":0,""scrimage_yards_200"":0}"
14164,12378,Geoff Swaim,TE,TE,FA,4.613,calculated,4.61,6.27,7.92,"{""2pt_tds"":0,""fumbles"":0.02,""points"":4.61,""points_half"":6.27,""points_ppr"":7.92,""rec_rec"":3.31,""rec_tds"":0.27,""rec_yds"":30.33,""rec_yds_100"":0,""rec_yds_200"":0,""ret_tds"":0,""scrimage_yards_100"":0,""scrimage_yards_200"":0}"
18835,14341,Donald Parham Jr.,TE,TE,FA,4.523,calculated,4.52,6.13,7.73,"{""2pt_tds"":0,""fumbles"":0.02,""points"":4.52,""points_half"":6.13,""points_ppr"":7.73,""rec_rec"":3.21,""rec_tds"":0.2,""rec_yds"":33.63,""rec_yds_100"":0,""rec_yds_200"":0,""ret_tds"":0,""scrimage_yards_100"":0,""scrimage_yards_200"":0}"
19688,15080,Noah Togiai,TE,TE,FA,3.219,calculated,3.22,4.22,5.23,"{""2pt_tds"":0,""fumbles"":0.01,""points"":3.22,""points_half"":4.22,""points_ppr"":5.23,""rec_rec"":2.01,""rec_tds"":0.16,""rec_yds"":22.79,""rec_yds_100"":0,""rec_yds_200"":0,""ret_tds"":0,""scrimage_yards_100"":0,""scrimage_yards_200"":0}"
16501,13445,Antony Auclair,TE,TE,FA,3.209,calculated,3.21,4.22,5.23,"{""2pt_tds"":0,""fumbles"":0.01,""points"":3.21,""points_half"":4.22,""points_ppr"":5.23,""rec_rec"":2.02,""rec_tds"":0.19,""rec_yds"":20.89,""rec_yds_100"":0,""rec_yds_200"":0,""ret_tds"":0,""scrimage_yards_100"":0,""scrimage_yards_200"":0}"
16457,13254,Adam Shaheen,TE,TE,FA,2.967,calculated,2.97,3.96,4.96,"{""2pt_tds"":0,""fumbles"":0.01,""points"":2.97,""points_half"":3.96,""points_ppr"":4.96,""rec_rec"":1.99,""rec_tds"":0.16,""rec_yds"":20.27,""rec_yds_100"":0,""rec_yds_200"":0,""ret_tds"":0,""scrimage_yards_100"":0,""scrimage_yards_200"":0}"
18757,14488,Stephen Carlson,TE,TE,CHI,2.841,calculated,2.84,3.68,4.51,"{""2pt_tds"":0,""fumbles"":0.01,""points"":2.84,""points_half"":3.68,""points_ppr"":4.51,""rec_rec"":1.67,""rec_tds"":0.16,""rec_yds"":19.01,""rec_yds_100"":0,""rec_yds_200"":0,""ret_tds"":0,""scrimage_yards_100"":0,""scrimage_yards_200"":0}"
16706,13315,Eric Saubert,TE,TE,SEA,2.822,calculated,2.82,3.8,4.77,"{""2pt_tds"":0,""fumbles"":0.01,""points"":2.82,""points_half"":3.8,""points_ppr"":4.77,""rec_rec"":1.95,""rec_tds"":0.12,""rec_yds"":21.22,""rec_yds_100"":0,""rec_yds_200"":0,""ret_tds"":0,""scrimage_yards_100"":0,""scrimage_yards_200"":0}"
16022,14372,J.P. Holtz,TE,TE,FA,2.716,calculated,2.72,3.72,4.72,"{""2pt_tds"":0,""fumbles"":0.01,""points"":2.72,""points_half"":3.72,""points_ppr"":4.72,""rec_rec"":2,""rec_tds"":0.1,""rec_yds"":21.36,""rec_yds_100"":0,""rec_yds_200"":0,""ret_tds"":0,""scrimage_yards_100"":0,""scrimage_yards_200"":0}"
16456,13190,Jake Butt,TE,TE,FA,2.489,calculated,2.49,3.32,4.15,"{""2pt_tds"":0,""fumbles"":0.01,""points"":2.49,""points_half"":3.32,""points_ppr"":4.15,""rec_rec"":1.66,""rec_tds"":0.12,""rec_yds"":17.89,""rec_yds_100"":0,""rec_yds_200"":0,""ret_tds"":0,""scrimage_yards_100"":0,""scrimage_yards_200"":0}"
11812,11381,Luke Willson,TE,TE,FA,2.399,calculated,2.4,3.18,3.97,"{""2pt_tds"":0,""fumbles"":0.01,""points"":2.4,""points_half"":3.18,""points_ppr"":3.97,""rec_rec"":1.57,""rec_tds"":0.15,""rec_yds"":15.19,""rec_yds_100"":0,""rec_yds_200"":0,""ret_tds"":0,""scrimage_yards_100"":0,""scrimage_yards_200"":0}"
14072,12351,A.J. Derby,TE,TE,FA,0.0,calculated,0,0,0,"{""2pt_tds"":0,""fumbles"":0,""points"":0,""points_half"":0,""points_ppr"":0,""rec_rec"":0,""rec_tds"":0,""rec_yds"":0,""rec_yds_100"":0,""rec_yds_200"":0,""ret_tds"":0,""scrimage_yards_100"":0,""scrimage_yards_200"":0}"
16217,12996,Alan Cross,TE,TE,FA,0.0,calculated,0,0,0,"{""2pt_tds"":0,""fumbles"":0,""points"":0,""points_half"":0,""points_ppr"":0,""rec_rec"":0,""rec_tds"":0,""rec_yds"":0,""rec_yds_100"":0,""rec_yds_200"":0,""ret_tds"":0,""scrimage_yards_100"":0,""scrimage_yards_200"":0}"
16064,13067,Alex Ellis,TE,TE,FA,0.0,calculated,0,0,0,"{""2pt_tds"":0,""fumbles"":0,""points"":0,""points_half"":0,""points_ppr"":0,""rec_rec"":0,""rec_tds"":0,""rec_yds"":0,""rec_yds_100"":0,""rec_yds_200"":0,""ret_tds"":0,""scrimage_yards_100"":0,""scrimage_yards_200"":0}"
18596,14139,Alize Mack,TE,TE,FA,0.0,calculated,0,0,0,"{""2pt_tds"":0,""fumbles"":0,""points"":0,""points_half"":0,""points_ppr"":0,""rec_rec"":0,""rec_tds"":0,""rec_yds"":0,""rec_yds_100"":0,""rec_yds_200"":0,""ret_tds"":0,""scrimage_yards_100"":0,""scrimage_yards_200"":0}"
18133,13861,Austin Roberts,TE,TE,FA,0.0,calculated,0,0,0,"{""2pt_tds"":0,""fumbles"":0,""points"":0,""points_half"":0,""points_ppr"":0,""rec_rec"":0,""rec_tds"":0,""rec_yds"":0,""rec_yds_100"":0,""rec_yds_200"":0,""ret_tds"":0,""scrimage_yards_100"":0,""scrimage_yards_200"":0}"
12145,11697,Austin Seferian-Jenkins,TE,TE,FA,0.0,calculated,0,0,0,"{""2pt_tds"":0,""fumbles"":0,""points"":0,""points_half"":0,""points_ppr"":0,""rec_rec"":0,""rec_tds"":0,""rec_yds"":0,""rec_yds_100"":0,""rec_yds_200"":0,""ret_tds"":0,""scrimage_yards_100"":0,""scrimage_yards_200"":0}"
15842,12868,Ben Braunecker,TE,TE,FA,0.0,calculated,0,0,0,"{""2pt_tds"":0,""fumbles"":0,""points"":0,""points_half"":0,""points_ppr"":0,""rec_rec"":0,""rec_tds"":0,""rec_yds"":0,""rec_yds_100"":0,""rec_yds_200"":0,""ret_tds"":0,""scrimage_yards_100"":0,""scrimage_yards_200"":0}"
13958,12209,Ben Koyack,TE,TE,FA,0.0,calculated,0,0,0,"{""2pt_tds"":0,""fumbles"":0,""points"":0,""points_half"":0,""points_ppr"":0,""rec_rec"":0,""rec_tds"":0,""rec_yds"":0,""rec_yds_100"":0,""rec_yds_200"":0,""ret_tds"":0,""scrimage_yards_100"":0,""scrimage_yards_200"":0}"
18400,14665,Brandon Dillon,TE,TE,FA,0.0,calculated,0,0,0,"{""2pt_tds"":0,""fumbles"":0,""points"":0,""points_half"":0,""points_ppr"":0,""rec_rec"":0,""rec_tds"":0,""rec_yds"":0,""rec_yds_100"":0,""rec_yds_200"":0,""ret_tds"":0,""scrimage_yards_100"":0,""scrimage_yards_200"":0}"
14332,12433,Brian Parker,TE,TE,FA,0.0,calculated,0,0,0,"{""2pt_tds"":0,""fumbles"":0,""points"":0,""points_half"":0,""points_ppr"":0,""rec_rec"":0,""rec_tds"":0,""rec_yds"":0,""rec_yds_100"":0,""rec_yds_200"":0,""ret_tds"":0,""scrimage_yards_100"":0,""scrimage_yards_200"":0}"
18386,14332,C.J. Conrad,TE,TE,FA,0.0,calculated,0,0,0,"{""2pt_tds"":0,""fumbles"":0,""points"":0,""points_half"":0,""points_ppr"":0,""rec_rec"":0,""rec_tds"":0,""rec_yds"":0,""rec_yds_100"":0,""rec_yds_200"":0,""ret_tds"":0,""scrimage_yards_100"":0,""scrimage_yards_200"":0}"
18613,14145,Caleb Wilson,TE,TE,FA,0.0,calculated,0,0,0,"{""2pt_tds"":0,""fumbles"":0,""points"":0,""points_half"":0,""points_ppr"":0,""rec_rec"":0,""rec_tds"":0,""rec_yds"":0,""rec_yds_100"":0,""rec_yds_200"":0,""ret_tds"":0,""scrimage_yards_100"":0,""scrimage_yards_200"":0}"
18771,,Carson Meier,TE,TE,FA,0.0,calculated,0,0,0,"{""2pt_tds"":0,""fumbles"":0,""points"":0,""points_half"":0,""points_ppr"":0,""rec_rec"":0,""rec_tds"":0,""rec_yds"":0,""rec_yds_100"":0,""rec_yds_200"":0,""ret_tds"":0,""scrimage_yards_100"":0,""scrimage_yards_200"":0}"
10003,10409,Charles Clay,TE,TE,FA,0.0,calculated,0,0,0,"{""2pt_tds"":0,""fumbles"":0,""points"":0,""points_half"":0,""points_ppr"":0,""rec_rec"":0,""rec_tds"":0,""rec_yds"":0,""rec_yds_100"":0,""rec_yds_200"":0,""ret_tds"":0,""scrimage_yards_100"":0,""scrimage_yards_200"":0}"
19048,14751,Charles Jones,TE,TE,FA,0.0,calculated,0,0,0,"{""2pt_tds"":0,""fumbles"":0,""points"":0,""points_half"":0,""points_ppr"":0,""rec_rec"":0,""rec_tds"":0,""rec_yds"":0,""rec_yds_100"":0,""rec_yds_200"":0,""ret_tds"":0,""scrimage_yards_100"":0,""scrimage_yards_200"":0}"
19665,14984,Charlie Woerner,TE,TE,ATL,0.0,calculated,0,0,0,"{""2pt_tds"":0,""fumbles"":0,""points"":0,""points_half"":0,""points_ppr"":0,""rec_rec"":0,""rec_tds"":0,""rec_yds"":0,""rec_yds_100"":0,""rec_yds_200"":0,""ret_tds"":0,""scrimage_yards_100"":0,""scrimage_yards_200"":0}"
13956,12210,Clive Walford,TE,TE,FA,0.0,calculated,0,0,0,"{""2pt_tds"":0,""fumbles"":0,""points"":0,""points_half"":0,""points_ppr"":0,""rec_rec"":0,""rec_tds"":0,""rec_yds"":0,""rec_yds_100"":0,""rec_yds_200"":0,""ret_tds"":0,""scrimage_yards_100"":0,""scrimage_yards_200"":0}"
17914,14351,Codey McElroy,TE,TE,FA,0.0,calculated,0,0,0,"{""2pt_tds"":0,""fumbles"":0,""points"":0,""points_half"":0,""points_ppr"":0,""rec_rec"":0,""rec_tds"":0,""rec_yds"":0,""rec_yds_100"":0,""rec_yds_200"":0,""ret_tds"":0,""scrimage_yards_100"":0,""scrimage_yards_200"":0}"
19372,14871,Colby Parkinson,TE,TE,LAR,0.0,calculated,0,0,0,"{""2pt_tds"":0,""fumbles"":0,""points"":0,""points_half"":0,""points_ppr"":0,""rec_rec"":0,""rec_tds"":0,""rec_yds"":0,""rec_yds_100"":0,""rec_yds_200"":0,""ret_tds"":0,""scrimage_yards_100"":0,""scrimage_yards_200"":0}"
16503,13511,Cole Hikutini,TE,TE,FA,0.0,calculated,0,0,0,"{""2pt_tds"":0,""fumbles"":0,""points"":0,""points_half"":0,""points_ppr"":0,""rec_rec"":0,""rec_tds"":0,""rec_yds"":0,""rec_yds_100"":0,""rec_yds_200"":0,""ret_tds"":0,""scrimage_yards_100"":0,""scrimage_yards_200"":0}"
15855,13979,David Grinnage,TE,TE,FA,0.0,calculated,0,0,0,"{""2pt_tds"":0,""fumbles"":0,""points"":0,""points_half"":0,""points_ppr"":0,""rec_rec"":0,""rec_tds"":0,""rec_yds"":0,""rec_yds_100"":0,""rec_yds_200"":0,""ret_tds"":0,""scrimage_yards_100"":0,""scrimage_yards_200"":0}"
15857,12816,David Morgan II,TE,TE,FA,0.0,calculated,0,0,0,"{""2pt_tds"":0,""fumbles"":0,""points"":0,""points_half"":0,""points_ppr"":0,""rec_rec"":0,""rec_tds"":0,""rec_yds"":0,""rec_yds_100"":0,""rec_yds_200"":0,""ret_tds"":0,""scrimage_yards_100"":0,""scrimage_yards_200"":0}"
9172,8416,Delanie Walker,TE,TE,FA,0.0,calculated,0,0,0,"{""2pt_tds"":0,""fumbles"":0,""points"":0,""points_half"":0,""points_ppr"":0,""rec_rec"":0,""rec_tds"":0,""rec_yds"":0,""rec_yds_100"":0,""rec_yds_200"":0,""ret_tds"":0,""scrimage_yards_100"":0,""scrimage_yards_200"":0}"
11691,11249,Dion Sims,TE,TE,FA,0.0,calculated,0,0,0,"{""2pt_tds"":0,""fumbles"":0,""points"":0,""points_half"":0,""points_ppr"":0,""rec_rec"":0,""rec_tds"":0,""rec_yds"":0,""rec_yds_100"":0,""rec_yds_200"":0,""ret_tds"":0,""scrimage_yards_100"":0,""scrimage_yards_200"":0}"
11219,10742,Dwayne Allen,TE,TE,FA,0.0,calculated,0,0,0,"{""2pt_tds"":0,""fumbles"":0,""points"":0,""points_half"":0,""points_ppr"":0,""rec_rec"":0,""rec_tds"":0,""rec_yds"":0,""rec_yds_100"":0,""rec_yds_200"":0,""ret_tds"":0,""scrimage_yards_100"":0,""scrimage_yards_200"":0}"
9706,9912,Ed Dickson,TE,TE,FA,0.0,calculated,0,0,0,"{""2pt_tds"":0,""fumbles"":0,""points"":0,""points_half"":0,""points_ppr"":0,""rec_rec"":0,""rec_tds"":0,""rec_yds"":0,""rec_yds_100"":0,""rec_yds_200"":0,""ret_tds"":0,""scrimage_yards_100"":0,""scrimage_yards_200"":0}"
14339,13065,Eric Tomlinson,TE,TE,FA,0.0,calculated,0,0,0,"{""2pt_tds"":0,""fumbles"":0,""points"":0,""points_half"":0,""points_ppr"":0,""rec_rec"":0,""rec_tds"":0,""rec_yds"":0,""rec_yds_100"":0,""rec_yds_200"":0,""ret_tds"":0,""scrimage_yards_100"":0,""scrimage_yards_200"":0}"
12352,11904,Erik Swoope,TE,TE,FA,0.0,calculated,0,0,0,"{""2pt_tds"":0,""fumbles"":0,""points"":0,""points_half"":0,""points_ppr"":0,""rec_rec"":0,""rec_tds"":0,""rec_yds"":0,""rec_yds_100"":0,""rec_yds_200"":0,""ret_tds"":0,""scrimage_yards_100"":0,""scrimage_yards_200"":0}"
16878,13476,Evan Baylis,TE,TE,FA,0.0,calculated,0,0,0,"{""2pt_tds"":0,""fumbles"":0,""points"":0,""points_half"":0,""points_ppr"":0,""rec_rec"":0,""rec_tds"":0,""rec_yds"":0,""rec_yds_100"":0,""rec_yds_200"":0,""ret_tds"":0,""scrimage_yards_100"":0,""scrimage_yards_200"":0}"
14282,12499,Gabe Holmes,TE,TE,FA,0.0,calculated,0,0,0,"{""2pt_tds"":0,""fumbles"":0,""points"":0,""points_half"":0,""points_ppr"":0,""rec_rec"":0,""rec_tds"":0,""rec_yds"":0,""rec_yds_100"":0,""rec_yds_200"":0,""ret_tds"":0,""scrimage_yards_100"":0,""scrimage_yards_200"":0}"
18136,13978,Garrett Dickerson,TE,TE,FA,0.0,calculated,0,0,0,"{""2pt_tds"":0,""fumbles"":0,""points"":0,""points_half"":0,""points_ppr"":0,""rec_rec"":0,""rec_tds"":0,""rec_yds"":0,""rec_yds_100"":0,""rec_yds_200"":0,""ret_tds"":0,""scrimage_yards_100"":0,""scrimage_yards_200"":0}"
16252,13546,Garrett Griffin,TE,TE,FA,0.0,calculated,0,0,0,"{""2pt_tds"":0,""fumbles"":0,""points"":0,""points_half"":0,""points_ppr"":0,""rec_rec"":0,""rec_tds"":0,""rec_yds"":0,""rec_yds_100"":0,""rec_yds_200"":0,""ret_tds"":0,""scrimage_yards_100"":0,""scrimage_yards_200"":0}"
15924,12874,Hakeem Valles,TE,TE,FA,0.0,calculated,0,0,0,"{""2pt_tds"":0,""fumbles"":0,""points"":0,""points_half"":0,""points_ppr"":0,""rec_rec"":0,""rec_tds"":0,""rec_yds"":0,""rec_yds_100"":0,""rec_yds_200"":0,""ret_tds"":0,""scrimage_yards_100"":0,""scrimage_yards_200"":0}"
18785,14654,Hale Hentges,TE,TE,FA,0.0,calculated,0,0,0,"{""2pt_tds"":0,""fumbles"":0,""points"":0,""points_half"":0,""points_ppr"":0,""rec_rec"":0,""rec_tds"":0,""rec_yds"":0,""rec_yds_100"":0,""rec_yds_200"":0,""ret_tds"":0,""scrimage_yards_100"":0,""scrimage_yards_200"":0}"
19250,14872,Jared Pinkney,TE,TE,FA,0.0,calculated,0,0,0,"{""2pt_tds"":0,""fumbles"":0,""points"":0,""points_half"":0,""points_ppr"":0,""rec_rec"":0,""rec_tds"":0,""rec_yds"":0,""rec_yds_100"":0,""rec_yds_200"":0,""ret_tds"":0,""scrimage_yards_100"":0,""scrimage_yards_200"":0}"
16770,13890,Jason Croom,TE,TE,FA,0.0,calculated,0,0,0,"{""2pt_tds"":0,""fumbles"":0,""points"":0,""points_half"":0,""points_ppr"":0,""rec_rec"":0,""rec_tds"":0,""rec_yds"":0,""rec_yds_100"":0,""rec_yds_200"":0,""ret_tds"":0,""scrimage_yards_100"":0,""scrimage_yards_200"":0}"
13961,12208,Jeff Heuerman,TE,TE,FA,0.0,calculated,0,0,0,"{""2pt_tds"":0,""fumbles"":0,""points"":0,""points_half"":0,""points_ppr"":0,""rec_rec"":0,""rec_tds"":0,""rec_yds"":0,""rec_yds_100"":0,""rec_yds_200"":0,""ret_tds"":0,""scrimage_yards_100"":0,""scrimage_yards_200"":0}"
9685,9838,Jermaine Gresham,TE,TE,FA,0.0,calculated,0,0,0,"{""2pt_tds"":0,""fumbles"":0,""points"":0,""points_half"":0,""points_ppr"":0,""rec_rec"":0,""rec_tds"":0,""rec_yds"":0,""rec_yds_100"":0,""rec_yds_200"":0,""ret_tds"":0,""scrimage_yards_100"":0,""scrimage_yards_200"":0}"
13849,12124,Jerome Cunningham,TE,TE,FA,0.0,calculated,0,0,0,"{""2pt_tds"":0,""fumbles"":0,""points"":0,""points_half"":0,""points_ppr"":0,""rec_rec"":0,""rec_tds"":0,""rec_yds"":0,""rec_yds_100"":0,""rec_yds_200"":0,""ret_tds"":0,""scrimage_yards_100"":0,""scrimage_yards_200"":0}"
18482,14752,Jesper Horsted,TE,TE,FA,0.0,calculated,0,0,0,"{""2pt_tds"":0,""fumbles"":0,""points"":0,""points_half"":0,""points_ppr"":0,""rec_rec"":0,""rec_tds"":0,""rec_yds"":0,""rec_yds_100"":0,""rec_yds_200"":0,""ret_tds"":0,""scrimage_yards_100"":0,""scrimage_yards_200"":0}"
9312,9638,John Phillips,TE,TE,FA,0.0,calculated,0,0,0,"{""2pt_tds"":0,""fumbles"":0,""points"":0,""points_half"":0,""points_ppr"":0,""rec_rec"":0,""rec_tds"":0,""rec_yds"":0,""rec_yds_100"":0,""rec_yds_200"":0,""ret_tds"":0,""scrimage_yards_100"":0,""scrimage_yards_200"":0}"
17660,13995,Jordan Franks,TE,TE,FA,0.0,calculated,0,0,0,"{""2pt_tds"":0,""fumbles"":0,""points"":0,""points_half"":0,""points_ppr"":0,""rec_rec"":0,""rec_tds"":0,""rec_yds"":0,""rec_yds_100"":0,""rec_yds_200"":0,""ret_tds"":0,""scrimage_yards_100"":0,""scrimage_yards_200"":0}"
16458,13195,Jordan Leggett,TE,TE,FA,0.0,calculated,0,0,0,"{""2pt_tds"":0,""fumbles"":0,""points"":0,""points_half"":0,""points_ppr"":0,""rec_rec"":0,""rec_tds"":0,""rec_yds"":0,""rec_yds_100"":0,""rec_yds_200"":0,""ret_tds"":0,""scrimage_yards_100"":0,""scrimage_yards_200"":0}"
17399,13819,Jordan Thomas,TE,TE,FA,0.0,calculated,0,0,0,"{""2pt_tds"":0,""fumbles"":0,""points"":0,""points_half"":0,""points_ppr"":0,""rec_rec"":0,""rec_tds"":0,""rec_yds"":0,""rec_yds_100"":0,""rec_yds_200"":0,""ret_tds"":0,""scrimage_yards_100"":0,""scrimage_yards_200"":0}"
16233,12685,Joshua Perkins,TE,TE,FA,0.0,calculated,0,0,0,"{""2pt_tds"":0,""fumbles"":0,""points"":0,""points_half"":0,""points_ppr"":0,""rec_rec"":0,""rec_tds"":0,""rec_yds"":0,""rec_yds_100"":0,""rec_yds_200"":0,""ret_tds"":0,""scrimage_yards_100"":0,""scrimage_yards_200"":0}"
18431,14357,Kendall Blanton,TE,TE,FA,0.0,calculated,0,0,0,"{""2pt_tds"":0,""fumbles"":0,""points"":0,""points_half"":0,""points_ppr"":0,""rec_rec"":0,""rec_tds"":0,""rec_yds"":0,""rec_yds_100"":0,""rec_yds_200"":0,""ret_tds"":0,""scrimage_yards_100"":0,""scrimage_yards_200"":0}"
14119,12479,Khari Lee,TE,TE,FA,0.0,calculated,0,0,0,"{""2pt_tds"":0,""fumbles"":0,""points"":0,""points_half"":0,""points_ppr"":0,""rec_rec"":0,""rec_tds"":0,""rec_yds"":0,""rec_yds_100"":0,""rec_yds_200"":0,""ret_tds"":0,""scrimage_yards_100"":0,""scrimage_yards_200"":0}"
9912,10318,Lance Kendricks,TE,TE,FA,0.0,calculated,0,0,0,"{""2pt_tds"":0,""fumbles"":0,""points"":0,""points_half"":0,""points_ppr"":0,""rec_rec"":0,""rec_tds"":0,""rec_yds"":0,""rec_yds_100"":0,""rec_yds_200"":0,""ret_tds"":0,""scrimage_yards_100"":0,""scrimage_yards_200"":0}"
9850,10123,Logan Paulsen,TE,TE,FA,0.0,calculated,0,0,0,"{""2pt_tds"":0,""fumbles"":0,""points"":0,""points_half"":0,""points_ppr"":0,""rec_rec"":0,""rec_tds"":0,""rec_yds"":0,""rec_yds_100"":0,""rec_yds_200"":0,""ret_tds"":0,""scrimage_yards_100"":0,""scrimage_yards_200"":0}"
16541,13366,Mason Schreck,TE,TE,FA,0.0,calculated,0,0,0,"{""2pt_tds"":0,""fumbles"":0,""points"":0,""points_half"":0,""points_ppr"":0,""rec_rec"":0,""rec_tds"":0,""rec_yds"":0,""rec_yds_100"":0,""rec_yds_200"":0,""ret_tds"":0,""scrimage_yards_100"":0,""scrimage_yards_200"":0}"
18018,,Matt Flanagan,TE,TE,FA,0.0,calculated,0,0,0,"{""2pt_tds"":0,""fumbles"":0,""points"":0,""points_half"":0,""points_ppr"":0,""rec_rec"":0,""rec_tds"":0,""rec_yds"":0,""rec_yds_100"":0,""rec_yds_200"":0,""ret_tds"":0,""scrimage_yards_100"":0,""scrimage_yards_200"":0}"
14079,13044,Matt Lengel,TE,TE,FA,0.0,calculated,0,0,0,"{""2pt_tds"":0,""fumbles"":0,""points"":0,""points_half"":0,""points_ppr"":0,""rec_rec"":0,""rec_tds"":0,""rec_yds"":0,""rec_yds_100"":0,""rec_yds_200"":0,""ret_tds"":0,""scrimage_yards_100"":0,""scrimage_yards_200"":0}"
16500,13197,Michael Roberts,TE,TE,FA,0.0,calculated,0,0,0,"{""2pt_tds"":0,""fumbles"":0,""points"":0,""points_half"":0,""points_ppr"":0,""rec_rec"":0,""rec_tds"":0,""rec_yds"":0,""rec_yds_100"":0,""rec_yds_200"":0,""ret_tds"":0,""scrimage_yards_100"":0,""scrimage_yards_200"":0}"
14116,12363,Neal Sterling,TE,TE,FA,0.0,calculated,0,0,0,"{""2pt_tds"":0,""fumbles"":0,""points"":0,""points_half"":0,""points_ppr"":0,""rec_rec"":0,""rec_tds"":0,""rec_yds"":0,""rec_yds_100"":0,""rec_yds_200"":0,""ret_tds"":0,""scrimage_yards_100"":0,""scrimage_yards_200"":0}"
13957,12207,Nick O'Leary,TE,TE,FA,0.0,calculated,0,0,0,"{""2pt_tds"":0,""fumbles"":0,""points"":0,""points_half"":0,""points_ppr"":0,""rec_rec"":0,""rec_tds"":0,""rec_yds"":0,""rec_yds_100"":0,""rec_yds_200"":0,""ret_tds"":0,""scrimage_yards_100"":0,""scrimage_yards_200"":0}"
9988,10394,Niles Paul,TE,TE,FA,0.0,calculated,0,0,0,"{""2pt_tds"":0,""fumbles"":0,""points"":0,""points_half"":0,""points_ppr"":0,""rec_rec"":0,""rec_tds"":0,""rec_yds"":0,""rec_yds_100"":0,""rec_yds_200"":0,""ret_tds"":0,""scrimage_yards_100"":0,""scrimage_yards_200"":0}"
11224,10747,Orson Charles,TE,TE,FA,0.0,calculated,0,0,0,"{""2pt_tds"":0,""fumbles"":0,""points"":0,""points_half"":0,""points_ppr"":0,""rec_rec"":0,""rec_tds"":0,""rec_yds"":0,""rec_yds_100"":0,""rec_yds_200"":0,""ret_tds"":0,""scrimage_yards_100"":0,""scrimage_yards_200"":0}"
16937,13994,Pharaoh Brown,TE,TE,IND,0.0,calculated,0,0,0,"{""2pt_tds"":0,""fumbles"":0,""points"":0,""points_half"":0,""points_ppr"":0,""rec_rec"":0,""rec_tds"":0,""rec_yds"":0,""rec_yds_100"":0,""rec_yds_200"":0,""ret_tds"":0,""scrimage_yards_100"":0,""scrimage_yards_200"":0}"
11315,10838,Rhett Ellison,TE,TE,FA,0.0,calculated,0,0,0,"{""2pt_tds"":0,""fumbles"":0,""points"":0,""points_half"":0,""points_ppr"":0,""rec_rec"":0,""rec_tds"":0,""rec_yds"":0,""rec_yds_100"":0,""rec_yds_200"":0,""ret_tds"":0,""scrimage_yards_100"":0,""scrimage_yards_200"":0}"
15808,12833,Rico Gathers,TE,TE,FA,0.0,calculated,0,0,0,"{""2pt_tds"":0,""fumbles"":0,""points"":0,""points_half"":0,""points_ppr"":0,""rec_rec"":0,""rec_tds"":0,""rec_yds"":0,""rec_yds_100"":0,""rec_yds_200"":0,""ret_tds"":0,""scrimage_yards_100"":0,""scrimage_yards_200"":0}"
14613,12898,Ross Travis,TE,TE,FA,0.0,calculated,0,0,0,"{""2pt_tds"":0,""fumbles"":0,""points"":0,""points_half"":0,""points_ppr"":0,""rec_rec"":0,""rec_tds"":0,""rec_yds"":0,""rec_yds_100"":0,""rec_yds_200"":0,""ret_tds"":0,""scrimage_yards_100"":0,""scrimage_yards_200"":0}"
13839,12138,Scott Simonson,TE,TE,FA,0.0,calculated,0,0,0,"{""2pt_tds"":0,""fumbles"":0,""points"":0,""points_half"":0,""points_ppr"":0,""rec_rec"":0,""rec_tds"":0,""rec_yds"":0,""rec_yds_100"":0,""rec_yds_200"":0,""ret_tds"":0,""scrimage_yards_100"":0,""scrimage_yards_200"":0}"
16912,13438,Sean Culkin,TE,TE,FA,0.0,calculated,0,0,0,"{""2pt_tds"":0,""fumbles"":0,""points"":0,""points_half"":0,""points_ppr"":0,""rec_rec"":0,""rec_tds"":0,""rec_yds"":0,""rec_yds_100"":0,""rec_yds_200"":0,""ret_tds"":0,""scrimage_yards_100"":0,""scrimage_yards_200"":0}"
15671,12792,Seth DeValve,TE,TE,FA,0.0,calculated,0,0,0,"{""2pt_tds"":0,""fumbles"":0,""points"":0,""points_half"":0,""points_ppr"":0,""rec_rec"":0,""rec_tds"":0,""rec_yds"":0,""rec_yds_100"":0,""rec_yds_200"":0,""ret_tds"":0,""scrimage_yards_100"":0,""scrimage_yards_200"":0}"
15760,12859,Stephen Anderson,TE,TE,FA,0.0,calculated,0,0,0,"{""2pt_tds"":0,""fumbles"":0,""points"":0,""points_half"":0,""points_ppr"":0,""rec_rec"":0,""rec_tds"":0,""rec_yds"":0,""rec_yds_100"":0,""rec_yds_200"":0,""ret_tds"":0,""scrimage_yards_100"":0,""scrimage_yards_200"":0}"
19641,15026,Stephen Sullivan,TE,TE,FA,0.0,calculated,0,0,0,"{""2pt_tds"":0,""fumbles"":0,""points"":0,""points_half"":0,""points_ppr"":0,""rec_rec"":0,""rec_tds"":0,""rec_yds"":0,""rec_yds_100"":0,""rec_yds_200"":0,""ret_tds"":0,""scrimage_yards_100"":0,""scrimage_yards_200"":0}"
17826,14370,Tanner Hudson,TE,TE,CIN,0.0,calculated,0,0,0,"{""2pt_tds"":0,""fumbles"":0,""points"":0,""points_half"":0,""points_ppr"":0,""rec_rec"":0,""rec_tds"":0,""rec_yds"":0,""rec_yds_100"":0,""rec_yds_200"":0,""ret_tds"":0,""scrimage_yards_100"":0,""scrimage_yards_200"":0}"
15913,12807,Temarrick Hemingway,TE,TE,FA,0.0,calculated,0,0,0,"{""2pt_tds"":0,""fumbles"":0,""points"":0,""points_half"":0,""points_ppr"":0,""rec_rec"":0,""rec_tds"":0,""rec_yds"":0,""rec_yds_100"":0,""rec_yds_200"":0,""ret_tds"":0,""scrimage_yards_100"":0,""scrimage_yards_200"":0}"
19622,14869,Thaddeus Moss,TE,TE,FA,0.0,calculated,0,0,0,"{""2pt_tds"":0,""fumbles"":0,""points"":0,""points_half"":0,""points_ppr"":0,""rec_rec"":0,""rec_tds"":0,""rec_yds"":0,""rec_yds_100"":0,""rec_yds_200"":0,""ret_tds"":0,""scrimage_yards_100"":0,""scrimage_yards_200"":0}"
18325,14294,Tommy Sweeney,TE,TE,FA,0.0,calculated,0,0,0,"{""2pt_tds"":0,""fumbles"":0,""points"":0,""points_half"":0,""points_ppr"":0,""rec_rec"":0,""rec_tds"":0,""rec_yds"":0,""rec_yds_100"":0,""rec_yds_200"":0,""ret_tds"":0,""scrimage_yards_100"":0,""scrimage_yards_200"":0}"
17273,13673,Troy Fumagalli,TE,TE,FA,0.0,calculated,0,0,0,"{""2pt_tds"":0,""fumbles"":0,""points"":0,""points_half"":0,""points_ppr"":0,""rec_rec"":0,""rec_tds"":0,""rec_yds"":0,""rec_yds_100"":0,""rec_yds_200"":0,""ret_tds"":0,""scrimage_yards_100"":0,""scrimage_yards_200"":0}"
17094,13411,Tyrone Swoopes,TE,TE,FA,0.0,calculated,0,0,0,"{""2pt_tds"":0,""fumbles"":0,""points"":0,""points_half"":0,""points_ppr"":0,""rec_rec"":0,""rec_tds"":0,""rec_yds"":0,""rec_yds_100"":0,""rec_yds_200"":0,""ret_tds"":0,""scrimage_yards_100"":0,""scrimage_yards_200"":0}"
12149,11701,Xavier Grimble,TE,TE,FA,0.0,calculated,0,0,0,"{""2pt_tds"":0,""fumbles"":0,""points"":0,""points_half"":0,""points_ppr"":0,""rec_rec"":0,""rec_tds"":0,""rec_yds"":0,""rec_yds_100"":0,""rec_yds_200"":0,""ret_tds"":0,""scrimage_yards_100"":0,""scrimage_yards_200"":0}"
15528,12652,Michael Thomas,WR,WR,FA,203.658,calculated,203.65,266.79,329.92,"{""2pt_tds"":0,""fumbles"":0.54,""points"":203.65,""points_half"":266.79,""points_ppr"":329.92,""rec_rec"":126.27,""rec_tds"":9.02,""rec_yds"":1505.24,""rec_yds_100"":0,""rec_yds_200"":0,""ret_tds"":0,""rush_att"":0.29,""rush_tds"":0,""rush_yds"":0.94,""rush_yds_100"":0,""rush_yds_200"":0,""scrimage_yards_100"":0,""scrimage_yards_200"":0}"
12123,11675,Davante Adams,WR,WR,LAR,187.652,calculated,187.66,239.57,291.49,"{""2pt_tds"":0,""fumbles"":0.54,""points"":187.66,""points_half"":239.57,""points_ppr"":291.49,""rec_rec"":103.83,""rec_tds"":9.68,""rec_yds"":1306.52,""rec_yds_100"":0,""rec_yds_200"":0,""ret_tds"":0,""rush_att"":0,""rush_tds"":0,""rush_yds"":0,""rush_yds_100"":0,""rush_yds_200"":0,""scrimage_yards_100"":0,""scrimage_yards_200"":0}"
9867,10271,Julio Jones,WR,WR,FA,181.193,calculated,181.17,231.17,281.18,"{""2pt_tds"":0,""fumbles"":0.51,""points"":181.17,""points_half"":231.17,""points_ppr"":281.18,""rec_rec"":100.01,""rec_tds"":6.78,""rec_yds"":1410.51,""rec_yds_100"":0,""rec_yds_200"":0,""ret_tds"":0,""rush_att"":1.03,""rush_tds"":0.01,""rush_yds"":4.22,""rush_yds_100"":0,""rush_yds_200"":0,""scrimage_yards_100"":0,""scrimage_yards_200"":0}"
15802,12801,Tyreek Hill,WR,WR,FA,177.522,calculated,177.51,218.24,258.97,"{""2pt_tds"":0,""fumbles"":0.44,""points"":177.51,""points_half"":218.24,""points_ppr"":258.97,""rec_rec"":81.46,""rec_tds"":8.44,""rec_yds"":1181.74,""rec_yds_100"":0,""rec_yds_200"":0,""ret_tds"":0,""rush_att"":10.7,""rush_tds"":0.49,""rush_yds"":66.48,""rush_yds_100"":0,""rush_yds_200"":0,""scrimage_yards_100"":0,""scrimage_yards_200"":0}"
16406,13163,Chris Godwin Jr.,WR,WR,TB,165.417,calculated,165.44,207.07,248.7,"{""2pt_tds"":0,""fumbles"":0.53,""points"":165.44,""points_half"":207.07,""points_ppr"":248.7,""rec_rec"":83.26,""rec_tds"":7.66,""rec_yds"":1195.55,""rec_yds_100"":0,""rec_yds_200"":0,""ret_tds"":0,""rush_att"":1.08,""rush_tds"":0.05,""rush_yds"":6.62,""rush_yds_100"":0,""rush_yds_200"":0,""scrimage_yards_100"":0,""scrimage_yards_200"":0}"
11606,11232,DeAndre Hopkins,WR,WR,BAL,162.442,calculated,162.47,209.8,257.13,"{""2pt_tds"":0,""fumbles"":0.54,""points"":162.47,""points_half"":209.8,""points_ppr"":257.13,""rec_rec"":94.66,""rec_tds"":7.58,""rec_yds"":1170.99,""rec_yds_100"":0,""rec_yds_200"":0,""ret_tds"":0,""rush_att"":1.33,""rush_tds"":0.03,""rush_yds"":7.63,""rush_yds_100"":0,""rush_yds_200"":0,""scrimage_yards_100"":0,""scrimage_yards_200"":0}"
16488,13277,Kenny Golladay,WR,WR,FA,161.226,calculated,161.22,196.93,232.64,"{""2pt_tds"":0,""fumbles"":0.48,""points"":161.22,""points_half"":196.93,""points_ppr"":232.64,""rec_rec"":71.42,""rec_tds"":7.86,""rec_yds"":1148.59,""rec_yds_100"":0,""rec_yds_200"":0,""ret_tds"":0,""rush_att"":0.33,""rush_tds"":0,""rush_yds"":1.67,""rush_yds_100"":0,""rush_yds_200"":0,""scrimage_yards_100"":0,""scrimage_yards_200"":0}"
12119,11671,Mike Evans,WR,WR,SF,159.477,calculated,159.47,196.06,232.65,"{""2pt_tds"":0,""fumbles"":0.45,""points"":159.47,""points_half"":196.06,""points_ppr"":232.65,""rec_rec"":73.18,""rec_tds"":7.62,""rec_yds"":1142.82,""rec_yds_100"":0,""rec_yds_200"":0,""ret_tds"":0,""rush_att"":0.48,""rush_tds"":0.01,""rush_yds"":3.15,""rush_yds_100"":0,""rush_yds_200"":0,""scrimage_yards_100"":0,""scrimage_yards_200"":0}"
17265,13635,DJ Moore,WR,WR,BUF,153.036,calculated,153.01,196.07,239.13,"{""2pt_tds"":0,""fumbles"":1.02,""points"":153.01,""points_half"":196.07,""points_ppr"":239.13,""rec_rec"":86.12,""rec_tds"":5.41,""rec_yds"":1170.93,""rec_yds_100"":0,""rec_yds_200"":0,""ret_tds"":0,""rush_att"":5.85,""rush_tds"":0.1,""rush_yds"":49.23,""rush_yds_100"":0,""rush_yds_200"":0,""scrimage_yards_100"":0,""scrimage_yards_200"":0}"
13894,12175,Amari Cooper,WR,WR,FA,152.129,calculated,152.08,190.63,229.17,"{""2pt_tds"":0,""fumbles"":0.49,""points"":152.08,""points_half"":190.63,""points_ppr"":229.17,""rec_rec"":77.09,""rec_tds"":7.12,""rec_yds"":1096.15,""rec_yds_100"":0,""rec_yds_200"":0,""ret_tds"":0,""rush_att"":0.76,""rush_tds"":0.02,""rush_yds"":6.54,""rush_yds_100"":0,""rush_yds_200"":0,""scrimage_yards_100"":0,""scrimage_yards_200"":0}"
13429,11938,Adam Thielen,WR,WR,FA,152.088,calculated,152.08,190.94,229.8,"{""2pt_tds"":0,""fumbles"":0.53,""points"":152.08,""points_half"":190.94,""points_ppr"":229.8,""rec_rec"":77.73,""rec_tds"":6.96,""rec_yds"":1073.22,""rec_yds_100"":0,""rec_yds_200"":0,""ret_tds"":0,""rush_att"":4,""rush_tds"":0.34,""rush_yds"":20.26,""rush_yds_100"":0,""rush_yds_200"":0,""scrimage_yards_100"":0,""scrimage_yards_200"":0}"
18218,14104,A.J. Brown,WR,WR,NE,151.72,calculated,151.7,183.88,216.07,"{""2pt_tds"":0,""fumbles"":0.49,""points"":151.7,""points_half"":183.88,""points_ppr"":216.07,""rec_rec"":64.37,""rec_tds"":6.62,""rec_yds"":1071.46,""rec_yds_100"":0,""rec_yds_200"":0,""ret_tds"":0,""rush_att"":4.46,""rush_tds"":0.33,""rush_yds"":38.54,""rush_yds_100"":0,""rush_yds_200"":0,""scrimage_yards_100"":0,""scrimage_yards_200"":0}"
11610,11228,Robert Woods,WR,WR,FA,150.838,calculated,150.85,194.19,237.54,"{""2pt_tds"":0,""fumbles"":0.49,""points"":150.85,""points_half"":194.19,""points_ppr"":237.54,""rec_rec"":86.69,""rec_tds"":4.77,""rec_yds"":1090.18,""rec_yds_100"":0,""rec_yds_200"":0,""ret_tds"":0,""rush_att"":14.32,""rush_tds"":0.82,""rush_yds"":92.6,""rush_yds_100"":0,""rush_yds_200"":0,""scrimage_yards_100"":0,""scrimage_yards_200"":0}"
13971,12187,Tyler Lockett,WR,WR,LV,150.775,calculated,150.76,187.76,224.75,"{""2pt_tds"":0,""fumbles"":0.46,""points"":150.76,""points_half"":187.76,""points_ppr"":224.75,""rec_rec"":73.99,""rec_tds"":7.27,""rec_yds"":1047.63,""rec_yds_100"":0,""rec_yds_200"":0,""ret_tds"":0,""rush_att"":5.17,""rush_tds"":0.08,""rush_yds"":28.32,""rush_yds_100"":0,""rush_yds_200"":0,""scrimage_yards_100"":0,""scrimage_yards_200"":0}"
17258,13629,Calvin Ridley,WR,WR,TEN,150.081,calculated,150.07,189.14,228.21,"{""2pt_tds"":0,""fumbles"":0.48,""points"":150.07,""points_half"":189.14,""points_ppr"":228.21,""rec_rec"":78.14,""rec_tds"":7.33,""rec_yds"":1049.87,""rec_yds_100"":0,""rec_yds_200"":0,""ret_tds"":0,""rush_att"":1.71,""rush_tds"":0.01,""rush_yds"":20.14,""rush_yds_100"":0,""rush_yds_200"":0,""scrimage_yards_100"":0,""scrimage_yards_200"":0}"
16433,13164,Cooper Kupp,WR,WR,SEA,149.396,calculated,149.34,191.45,233.56,"{""2pt_tds"":0,""fumbles"":0.6,""points"":149.34,""points_half"":191.45,""points_ppr"":233.56,""rec_rec"":84.22,""rec_tds"":7.36,""rec_yds"":1052.09,""rec_yds_100"":0,""rec_yds_200"":0,""ret_tds"":0,""rush_att"":1.96,""rush_tds"":0.04,""rush_yds"":9.87,""rush_yds_100"":0,""rush_yds_200"":0,""scrimage_yards_100"":0,""scrimage_yards_200"":0}"
12127,11679,Odell Beckham Jr.,WR,WR,NYG,145.955,calculated,145.98,183.55,221.12,"{""2pt_tds"":0,""fumbles"":0.45,""points"":145.98,""points_half"":183.55,""points_ppr"":221.12,""rec_rec"":75.14,""rec_tds"":6.46,""rec_yds"":1063.27,""rec_yds_100"":0,""rec_yds_200"":0,""ret_tds"":0,""rush_att"":3.06,""rush_tds"":0.03,""rush_yds"":15.88,""rush_yds_100"":0,""rush_yds_200"":0,""scrimage_yards_100"":0,""scrimage_yards_200"":0}"
12126,11678,Allen Robinson II,WR,WR,FA,144.816,calculated,144.83,187.51,230.2,"{""2pt_tds"":0,""fumbles"":0.45,""points"":144.83,""points_half"":187.51,""points_ppr"":230.2,""rec_rec"":85.36,""rec_tds"":6.28,""rec_yds"":1068.7,""rec_yds_100"":0,""rec_yds_200"":0,""ret_tds"":0,""rush_att"":1.44,""rush_tds"":0.05,""rush_yds"":8.66,""rush_yds_100"":0,""rush_yds_200"":0,""scrimage_yards_100"":0,""scrimage_yards_200"":0}"
13897,12176,DeVante Parker,WR,WR,FA,142.426,calculated,142.43,178.49,214.55,"{""2pt_tds"":0,""fumbles"":0.42,""points"":142.43,""points_half"":178.49,""points_ppr"":214.55,""rec_rec"":72.13,""rec_tds"":6.05,""rec_yds"":1067.03,""rec_yds_100"":0,""rec_yds_200"":0,""ret_tds"":0,""rush_att"":0.38,""rush_tds"":0,""rush_yds"":2.63,""rush_yds_100"":0,""rush_yds_200"":0,""scrimage_yards_100"":0,""scrimage_yards_200"":0}"
11616,11222,Keenan Allen,WR,WR,IND,140.905,calculated,140.91,183.44,225.97,"{""2pt_tds"":0,""fumbles"":0.46,""points"":140.91,""points_half"":183.44,""points_ppr"":225.97,""rec_rec"":85.06,""rec_tds"":5.79,""rec_yds"":1031.13,""rec_yds_100"":0,""rec_yds_200"":0,""ret_tds"":0,""rush_att"":4.66,""rush_tds"":0.13,""rush_yds"":31.92,""rush_yds_100"":0,""rush_yds_200"":0,""scrimage_yards_100"":0,""scrimage_yards_200"":0}"
16427,13156,JuJu Smith-Schuster,WR,WR,FA,140.838,calculated,140.84,181.72,222.61,"{""2pt_tds"":0,""fumbles"":0.49,""points"":140.84,""points_half"":181.72,""points_ppr"":222.61,""rec_rec"":81.77,""rec_tds"":6.18,""rec_yds"":1044.71,""rec_yds_100"":0,""rec_yds_200"":0,""ret_tds"":0,""rush_att"":0.33,""rush_tds"":0,""rush_yds"":2.67,""rush_yds_100"":0,""rush_yds_200"":0,""scrimage_yards_100"":0,""scrimage_yards_200"":0}"
18219,14102,DK Metcalf,WR,WR,PIT,140.637,calculated,140.61,173.35,206.09,"{""2pt_tds"":0,""fumbles"":1.21,""points"":140.61,""points_half"":173.35,""points_ppr"":206.09,""rec_rec"":65.47,""rec_tds"":7.3,""rec_yds"":983.63,""rec_yds_100"":0,""rec_yds_200"":0,""ret_tds"":0,""rush_att"":1.41,""rush_tds"":0.02,""rush_yds"":7.74,""rush_yds_100"":0,""rush_yds_200"":0,""scrimage_yards_100"":0,""scrimage_yards_200"":0}"
17253,13630,Courtland Sutton,WR,WR,DEN,140.573,calculated,140.51,175.85,211.19,"{""2pt_tds"":0,""fumbles"":0.56,""points"":140.51,""points_half"":175.85,""points_ppr"":211.19,""rec_rec"":70.68,""rec_tds"":6.17,""rec_yds"":1039.98,""rec_yds_100"":0,""rec_yds_200"":0,""ret_tds"":0,""rush_att"":1.16,""rush_tds"":0.02,""rush_yds"":5.55,""rush_yds_100"":0,""rush_yds_200"":0,""scrimage_yards_100"":0,""scrimage_yards_200"":0}"
18466,14109,Terry McLaurin,WR,WR,WAS,139.913,calculated,139.91,175.26,210.61,"{""2pt_tds"":0,""fumbles"":0.45,""points"":139.91,""points_half"":175.26,""points_ppr"":210.61,""rec_rec"":70.7,""rec_tds"":6.09,""rec_yds"":1042.73,""rec_yds_100"":0,""rec_yds_200"":0,""ret_tds"":0,""rush_att"":0,""rush_tds"":0,""rush_yds"":0,""rush_yds_100"":0,""rush_yds_200"":0,""scrimage_yards_100"":0,""scrimage_yards_200"":0}"
11206,10729,T.Y. Hilton,WR,WR,FA,138.92,calculated,138.9,174.84,210.79,"{""2pt_tds"":0,""fumbles"":0.47,""points"":138.9,""points_half"":174.84,""points_ppr"":210.79,""rec_rec"":71.89,""rec_tds"":5.94,""rec_yds"":1042.2,""rec_yds_100"":0,""rec_yds_200"":0,""ret_tds"":0,""rush_att"":0,""rush_tds"":0,""rush_yds"":0,""rush_yds_100"":0,""rush_yds_200"":0,""scrimage_yards_100"":0,""scrimage_yards_200"":0}"
17259,13646,Michael Gallup,WR,WR,FA,136.892,calculated,136.87,168.47,200.08,"{""2pt_tds"":0,""fumbles"":0.4,""points"":136.87,""points_half"":168.47,""points_ppr"":200.08,""rec_rec"":63.21,""rec_tds"":6.06,""rec_yds"":1013.32,""rec_yds_100"":0,""rec_yds_200"":0,""ret_tds"":0,""rush_att"":0,""rush_tds"":0,""rush_yds"":0,""rush_yds_100"":0,""rush_yds_200"":0,""scrimage_yards_100"":0,""scrimage_yards_200"":0}"
13981,12186,Stefon Diggs,WR,WR,WAS,135.5,calculated,135.5,168.33,201.17,"{""2pt_tds"":0,""fumbles"":0.59,""points"":135.5,""points_half"":168.33,""points_ppr"":201.17,""rec_rec"":65.67,""rec_tds"":5.71,""rec_yds"":967.3,""rec_yds_100"":0,""rec_yds_200"":0,""ret_tds"":0,""rush_att"":6.72,""rush_tds"":0.1,""rush_yds"":50.9,""rush_yds_100"":0,""rush_yds_200"":0,""scrimage_yards_100"":0,""scrimage_yards_200"":0}"
17292,13668,DJ Chark Jr.,WR,WR,FA,134.272,calculated,134.22,171.02,207.82,"{""2pt_tds"":0,""fumbles"":0.49,""points"":134.22,""points_half"":171.02,""points_ppr"":207.82,""rec_rec"":73.6,""rec_tds"":5.81,""rec_yds"":994.04,""rec_yds_100"":0,""rec_yds_200"":0,""ret_tds"":0,""rush_att"":1.18,""rush_tds"":0.02,""rush_yds"":8.68,""rush_yds_100"":0,""rush_yds_200"":0,""scrimage_yards_100"":0,""scrimage_yards_200"":0}"
12128,11680,Jarvis Landry,WR,WR,FA,132.984,calculated,132.98,169.45,205.93,"{""2pt_tds"":0,""fumbles"":0.45,""points"":132.98,""points_half"":169.45,""points_ppr"":205.93,""rec_rec"":72.95,""rec_tds"":5.63,""rec_yds"":968.57,""rec_yds_100"":0,""rec_yds_200"":0,""ret_tds"":0,""rush_att"":0.67,""rush_tds"":0.33,""rush_yds"":12.67,""rush_yds_100"":0,""rush_yds_200"":0,""scrimage_yards_100"":0,""scrimage_yards_200"":0}"
9857,10261,A.J. Green,WR,WR,FA,132.118,calculated,132.1,166.71,201.32,"{""2pt_tds"":0,""fumbles"":0.83,""points"":132.1,""points_half"":166.71,""points_ppr"":201.32,""rec_rec"":69.22,""rec_tds"":5.72,""rec_yds"":993.91,""rec_yds_100"":0,""rec_yds_200"":0,""ret_tds"":0,""rush_att"":0,""rush_tds"":0,""rush_yds"":0.67,""rush_yds_100"":0,""rush_yds_200"":0,""scrimage_yards_100"":0,""scrimage_yards_200"":0}"
18226,14105,Hollywood Brown,WR,WR,PHI,129.931,calculated,129.96,161.65,193.35,"{""2pt_tds"":0,""fumbles"":0.44,""points"":129.96,""points_half"":161.65,""points_ppr"":193.35,""rec_rec"":63.39,""rec_tds"":6.4,""rec_yds"":844.31,""rec_yds_100"":0,""rec_yds_200"":0,""ret_tds"":0,""rush_att"":6.33,""rush_tds"":0.33,""rush_yds"":60,""rush_yds_100"":0,""rush_yds_200"":0,""scrimage_yards_100"":0,""scrimage_yards_200"":0}"
9332,9662,Julian Edelman,WR,WR,FA,127.944,calculated,127.94,167.36,206.78,"{""2pt_tds"":0,""fumbles"":0.56,""points"":127.94,""points_half"":167.36,""points_ppr"":206.78,""rec_rec"":78.83,""rec_tds"":5.07,""rec_yds"":925.51,""rec_yds_100"":0,""rec_yds_200"":0,""ret_tds"":0,""rush_att"":9.15,""rush_tds"":0.12,""rush_yds"":53.73,""rush_yds_100"":0,""rush_yds_200"":0,""scrimage_yards_100"":0,""scrimage_yards_200"":0}"
11215,10738,Marvin Jones Jr.,WR,WR,FA,125.219,calculated,125.21,156.96,188.71,"{""2pt_tds"":0,""fumbles"":0.4,""points"":125.21,""points_half"":156.96,""points_ppr"":188.71,""rec_rec"":63.5,""rec_tds"":6.55,""rec_yds"":863.06,""rec_yds_100"":0,""rec_yds_200"":0,""ret_tds"":0,""rush_att"":1.09,""rush_tds"":0.01,""rush_yds"":3.53,""rush_yds_100"":0,""rush_yds_200"":0,""scrimage_yards_100"":0,""scrimage_yards_200"":0}"
15547,12650,Tyler Boyd,WR,WR,FA,123.404,calculated,123.4,161.31,199.23,"{""2pt_tds"":0,""fumbles"":0.54,""points"":123.4,""points_half"":161.31,""points_ppr"":199.23,""rec_rec"":75.83,""rec_tds"":5.04,""rec_yds"":927.88,""rec_yds_100"":0,""rec_yds_200"":0,""ret_tds"":0,""rush_att"":2.23,""rush_tds"":0.03,""rush_yds"":12.76,""rush_yds_100"":0,""rush_yds_200"":0,""scrimage_yards_100"":0,""scrimage_yards_200"":0}"
13976,12184,Jamison Crowder,WR,WR,FA,119.1,calculated,119.09,156.51,193.93,"{""2pt_tds"":0,""fumbles"":0.48,""points"":119.09,""points_half"":156.51,""points_ppr"":193.93,""rec_rec"":74.84,""rec_tds"":5.63,""rec_yds"":856.47,""rec_yds_100"":0,""rec_yds_200"":0,""ret_tds"":0,""rush_att"":1,""rush_tds"":0,""rush_yds"":6.33,""rush_yds_100"":0,""rush_yds_200"":0,""scrimage_yards_100"":0,""scrimage_yards_200"":0}"
18244,14136,Deebo Samuel Sr.,WR,WR,SF,117.792,calculated,117.82,146.48,175.14,"{""2pt_tds"":0,""fumbles"":0.52,""points"":117.82,""points_half"":146.48,""points_ppr"":175.14,""rec_rec"":57.31,""rec_tds"":4.25,""rec_yds"":760.76,""rec_yds_100"":0,""rec_yds_200"":0,""ret_tds"":0,""rush_att"":11.3,""rush_tds"":0.95,""rush_yds"":115.56,""rush_yds_100"":0,""rush_yds_200"":0,""scrimage_yards_100"":0,""scrimage_yards_200"":0}"
15629,12647,William Fuller V,WR,WR,FA,117.105,calculated,117.07,147.47,177.88,"{""2pt_tds"":0,""fumbles"":0.45,""points"":117.07,""points_half"":147.47,""points_ppr"":177.88,""rec_rec"":60.82,""rec_tds"":5.22,""rec_yds"":841.62,""rec_yds_100"":0,""rec_yds_200"":0,""ret_tds"":0,""rush_att"":2.69,""rush_tds"":0.12,""rush_yds"":18.03,""rush_yds_100"":0,""rush_yds_200"":0,""scrimage_yards_100"":0,""scrimage_yards_200"":0}"
15569,12658,Sterling Shepard,WR,WR,HOU,116.346,calculated,116.33,152.41,188.49,"{""2pt_tds"":0,""fumbles"":0.44,""points"":116.33,""points_half"":152.41,""points_ppr"":188.49,""rec_rec"":72.15,""rec_tds"":4.91,""rec_yds"":833.88,""rec_yds_100"":0,""rec_yds_200"":0,""ret_tds"":0,""rush_att"":5.12,""rush_tds"":0.07,""rush_yds"":39.58,""rush_yds_100"":0,""rush_yds_200"":0,""scrimage_yards_100"":0,""scrimage_yards_200"":0}"
18615,14208,Diontae Johnson,WR,WR,FA,115.909,calculated,115.9,149.63,183.36,"{""2pt_tds"":0,""fumbles"":0.93,""points"":115.9,""points_half"":149.63,""points_ppr"":183.36,""rec_rec"":67.46,""rec_tds"":5.58,""rec_yds"":813.13,""rec_yds_100"":0,""rec_yds_200"":0,""ret_tds"":0,""rush_att"":3.7,""rush_tds"":0.04,""rush_yds"":27.36,""rush_yds_100"":0,""rush_yds_200"":0,""scrimage_yards_100"":0,""scrimage_yards_200"":0}"
12122,11674,Brandin Cooks,WR,WR,FA,114.788,calculated,114.76,144.61,174.45,"{""2pt_tds"":0,""fumbles"":0.45,""points"":114.76,""points_half"":144.61,""points_ppr"":174.45,""rec_rec"":59.69,""rec_tds"":4.57,""rec_yds"":842.2,""rec_yds_100"":0,""rec_yds_200"":0,""ret_tds"":0,""rush_att"":4.82,""rush_tds"":0.1,""rush_yds"":34.48,""rush_yds_100"":0,""rush_yds_200"":0,""scrimage_yards_100"":0,""scrimage_yards_200"":0}"
17268,13633,Christian Kirk,WR,WR,SF,113.54,calculated,113.49,147.67,181.85,"{""2pt_tds"":0,""fumbles"":0.42,""points"":113.49,""points_half"":147.67,""points_ppr"":181.85,""rec_rec"":68.36,""rec_tds"":4.77,""rec_yds"":788.69,""rec_yds_100"":0,""rec_yds_200"":0,""ret_tds"":0,""rush_att"":8.07,""rush_tds"":0.11,""rush_yds"":62.31,""rush_yds_100"":0,""rush_yds_200"":0,""scrimage_yards_100"":0,""scrimage_yards_200"":0}"
12231,11783,John Brown,WR,WR,FA,112.08,calculated,112.11,138.84,165.56,"{""2pt_tds"":0,""fumbles"":0.41,""points"":112.11,""points_half"":138.84,""points_ppr"":165.56,""rec_rec"":53.45,""rec_tds"":5.27,""rec_yds"":796.22,""rec_yds_100"":0,""rec_yds_200"":0,""ret_tds"":0,""rush_att"":2.52,""rush_tds"":0.06,""rush_yds"":12.98,""rush_yds_100"":0,""rush_yds_200"":0,""scrimage_yards_100"":0,""scrimage_yards_200"":0}"
9186,9075,DeSean Jackson,WR,WR,FA,110.958,calculated,110.94,136.76,162.58,"{""2pt_tds"":0,""fumbles"":0.4,""points"":110.94,""points_half"":136.76,""points_ppr"":162.58,""rec_rec"":51.64,""rec_tds"":4.85,""rec_yds"":776.52,""rec_yds_100"":0,""rec_yds_200"":0,""ret_tds"":0,""rush_att"":4.28,""rush_tds"":0.42,""rush_yds"":24.86,""rush_yds_100"":0,""rush_yds_200"":0,""scrimage_yards_100"":0,""scrimage_yards_200"":0}"
18612,14126,Preston Williams,WR,WR,FA,110.73,calculated,110.72,141.59,172.45,"{""2pt_tds"":0,""fumbles"":0.79,""points"":110.72,""points_half"":141.59,""points_ppr"":172.45,""rec_rec"":61.73,""rec_tds"":4.99,""rec_yds"":820.07,""rec_yds_100"":0,""rec_yds_200"":0,""ret_tds"":0,""rush_att"":0.71,""rush_tds"":0,""rush_yds"":3.63,""rush_yds_100"":0,""rush_yds_200"":0,""scrimage_yards_100"":0,""scrimage_yards_200"":0}"
18706,14122,Darius Slayton,WR,WR,NYG,109.635,calculated,109.63,135.79,161.95,"{""2pt_tds"":0,""fumbles"":0.44,""points"":109.63,""points_half"":135.79,""points_ppr"":161.95,""rec_rec"":52.32,""rec_tds"":5.64,""rec_yds"":766.75,""rec_yds_100"":0,""rec_yds_200"":0,""ret_tds"":0,""rush_att"":0,""rush_tds"":0,""rush_yds"":0,""rush_yds_100"":0,""rush_yds_200"":0,""scrimage_yards_100"":0,""scrimage_yards_200"":0}"
13975,12197,Breshad Perriman,WR,WR,FA,108.597,calculated,108.56,131.92,155.28,"{""2pt_tds"":0,""fumbles"":0.07,""points"":108.56,""points_half"":131.92,""points_ppr"":155.28,""rec_rec"":46.72,""rec_tds"":5.09,""rec_yds"":771.78,""rec_yds_100"":0,""rec_yds_200"":0,""ret_tds"":0,""rush_att"":1.96,""rush_tds"":0.03,""rush_yds"":8.39,""rush_yds_100"":0,""rush_yds_200"":0,""scrimage_yards_100"":0,""scrimage_yards_200"":0}"
19207,14834,Henry Ruggs III,WR,WR,FA,106.319,calculated,106.31,133.88,161.44,"{""2pt_tds"":0,""fumbles"":0.78,""points"":106.31,""points_half"":133.88,""points_ppr"":161.44,""rec_rec"":55.13,""rec_tds"":4.68,""rec_yds"":768.08,""rec_yds_100"":0,""rec_yds_200"":0,""ret_tds"":0,""rush_att"":3.73,""rush_tds"":0.09,""rush_yds"":24.51,""rush_yds_100"":0,""rush_yds_200"":0,""scrimage_yards_100"":0,""scrimage_yards_200"":0}"
9683,9831,Golden Tate,WR,WR,FA,105.927,calculated,105.89,137.26,168.64,"{""2pt_tds"":0,""fumbles"":0.51,""points"":105.89,""points_half"":137.26,""points_ppr"":168.64,""rec_rec"":62.75,""rec_tds"":4.84,""rec_yds"":762.76,""rec_yds_100"":0,""rec_yds_200"":0,""ret_tds"":0,""rush_att"":2.11,""rush_tds"":0.03,""rush_yds"":14.51,""rush_yds_100"":0,""rush_yds_200"":0,""scrimage_yards_100"":0,""scrimage_yards_200"":0}"
19202,14832,CeeDee Lamb,WR,WR,DAL,104.234,calculated,104.24,131.31,158.38,"{""2pt_tds"":0,""fumbles"":0.77,""points"":104.24,""points_half"":131.31,""points_ppr"":158.38,""rec_rec"":54.15,""rec_tds"":4.68,""rec_yds"":769.68,""rec_yds_100"":0,""rec_yds_200"":0,""ret_tds"":0,""rush_att"":1.01,""rush_tds"":0.02,""rush_yds"":6.06,""rush_yds_100"":0,""rush_yds_200"":0,""scrimage_yards_100"":0,""scrimage_yards_200"":0}"
9707,9918,Emmanuel Sanders,WR,WR,FA,103.045,calculated,103,132.03,161.07,"{""2pt_tds"":0,""fumbles"":0.42,""points"":103,""points_half"":132.03,""points_ppr"":161.07,""rec_rec"":58.07,""rec_tds"":4.99,""rec_yds"":728.85,""rec_yds_100"":0,""rec_yds_200"":0,""ret_tds"":0,""rush_att"":1.02,""rush_tds"":0.03,""rush_yds"":8.8,""rush_yds_100"":0,""rush_yds_200"":0,""scrimage_yards_100"":0,""scrimage_yards_200"":0}"
16377,13154,Mike Williams,WR,WR,FA,101.93,calculated,101.94,123.45,144.95,"{""2pt_tds"":0,""fumbles"":0.04,""points"":101.94,""points_half"":123.45,""points_ppr"":144.95,""rec_rec"":43.01,""rec_tds"":4.26,""rec_yds"":719.48,""rec_yds_100"":0,""rec_yds_200"":0,""ret_tds"":0,""rush_att"":3.36,""rush_tds"":0.45,""rush_yds"":18.02,""rush_yds_100"":0,""rush_yds_200"":0,""scrimage_yards_100"":0,""scrimage_yards_200"":0}"
12118,11670,Sammy Watkins,WR,WR,FA,100.164,calculated,100.16,126.46,152.76,"{""2pt_tds"":0,""fumbles"":0.49,""points"":100.16,""points_half"":126.46,""points_ppr"":152.76,""rec_rec"":52.6,""rec_tds"":4.4,""rec_yds"":727.64,""rec_yds_100"":0,""rec_yds_200"":0,""ret_tds"":0,""rush_att"":2.28,""rush_tds"":0.04,""rush_yds"":17.4,""rush_yds_100"":0,""rush_yds_200"":0,""scrimage_yards_100"":0,""scrimage_yards_200"":0}"
17255,13639,Anthony Miller,WR,WR,FA,100.084,calculated,100.09,128.8,157.51,"{""2pt_tds"":0,""fumbles"":0.47,""points"":100.09,""points_half"":128.8,""points_ppr"":157.51,""rec_rec"":57.42,""rec_tds"":4.42,""rec_yds"":728.18,""rec_yds_100"":0,""rec_yds_200"":0,""ret_tds"":0,""rush_att"":2.44,""rush_tds"":0.06,""rush_yds"":13.26,""rush_yds_100"":0,""rush_yds_200"":0,""scrimage_yards_100"":0,""scrimage_yards_200"":0}"
15688,12930,Robbie Chosen,WR,WR,FA,99.594,calculated,99.59,125.34,151.08,"{""2pt_tds"":0,""fumbles"":0.5,""points"":99.59,""points_half"":125.34,""points_ppr"":151.08,""rec_rec"":51.49,""rec_tds"":4.31,""rec_yds"":742.8,""rec_yds_100"":0,""rec_yds_200"":0,""ret_tds"":0,""rush_att"":1.22,""rush_tds"":0.01,""rush_yds"":3.94,""rush_yds_100"":0,""rush_yds_200"":0,""scrimage_yards_100"":0,""scrimage_yards_200"":0}"
19201,14833,Jerry Jeudy,WR,WR,CLE,96.337,calculated,96.34,123.35,150.35,"{""2pt_tds"":0,""fumbles"":0.78,""points"":96.34,""points_half"":123.35,""points_ppr"":150.35,""rec_rec"":54.01,""rec_tds"":4.13,""rec_yds"":728.5,""rec_yds_100"":0,""rec_yds_200"":0,""ret_tds"":0,""rush_att"":0.67,""rush_tds"":0,""rush_yds"":2.67,""rush_yds_100"":0,""rush_yds_200"":0,""scrimage_yards_100"":0,""scrimage_yards_200"":0}"
16434,13157,Curtis Samuel,WR,WR,FA,95.83,calculated,95.82,118.72,141.63,"{""2pt_tds"":0,""fumbles"":0.42,""points"":95.82,""points_half"":118.72,""points_ppr"":141.63,""rec_rec"":45.81,""rec_tds"":4.04,""rec_yds"":553.62,""rec_yds_100"":0,""rec_yds_200"":0,""ret_tds"":0,""rush_att"":15.26,""rush_tds"":1.02,""rush_yds"":109.48,""rush_yds_100"":0,""rush_yds_200"":0,""scrimage_yards_100"":0,""scrimage_yards_200"":0}"
17301,13632,Allen Lazard,WR,WR,FA,93.758,calculated,93.8,119.44,145.09,"{""2pt_tds"":0,""fumbles"":0.44,""points"":93.8,""points_half"":119.44,""points_ppr"":145.09,""rec_rec"":51.28,""rec_tds"":3.97,""rec_yds"":695.92,""rec_yds_100"":0,""rec_yds_200"":0,""ret_tds"":0,""rush_att"":1.26,""rush_tds"":0.01,""rush_yds"":11.66,""rush_yds_100"":0,""rush_yds_200"":0,""scrimage_yards_100"":0,""scrimage_yards_200"":0}"
18222,14101,N'Keal Harry,WR,WR,FA,93.465,calculated,93.46,118.52,143.58,"{""2pt_tds"":0,""fumbles"":0.48,""points"":93.46,""points_half"":118.52,""points_ppr"":143.58,""rec_rec"":50.12,""rec_tds"":4.48,""rec_yds"":631.01,""rec_yds_100"":0,""rec_yds_200"":0,""ret_tds"":0,""rush_att"":5.91,""rush_tds"":0.09,""rush_yds"":39.04,""rush_yds_100"":0,""rush_yds_200"":0,""scrimage_yards_100"":0,""scrimage_yards_200"":0}"
19219,14839,Jalen Reagor,WR,WR,MIA,91.59,calculated,91.56,116.85,142.14,"{""2pt_tds"":0,""fumbles"":0.77,""points"":91.56,""points_half"":116.85,""points_ppr"":142.14,""rec_rec"":50.58,""rec_tds"":4.24,""rec_yds"":661.81,""rec_yds_100"":0,""rec_yds_200"":0,""ret_tds"":0,""rush_att"":1.91,""rush_tds"":0.06,""rush_yds"":11.49,""rush_yds_100"":0,""rush_yds_200"":0,""scrimage_yards_100"":0,""scrimage_yards_200"":0}"
18962,14613,Steven Sims Jr.,WR,WR,FA,91.364,calculated,91.36,116.88,142.41,"{""2pt_tds"":0,""fumbles"":0.46,""points"":91.36,""points_half"":116.88,""points_ppr"":142.41,""rec_rec"":51.05,""rec_tds"":4.2,""rec_yds"":575.94,""rec_yds_100"":0,""rec_yds_200"":0,""ret_tds"":0,""rush_att"":8.99,""rush_tds"":0.46,""rush_yds"":67.3,""rush_yds_100"":0,""rush_yds_200"":0,""scrimage_yards_100"":0,""scrimage_yards_200"":0}"
19236,14836,Justin Jefferson,WR,WR,MIN,90.997,calculated,90.95,115.39,139.83,"{""2pt_tds"":0,""fumbles"":0.44,""points"":90.95,""points_half"":115.39,""points_ppr"":139.83,""rec_rec"":48.87,""rec_tds"":3.96,""rec_yds"":669.3,""rec_yds_100"":0,""rec_yds_200"":0,""ret_tds"":0,""rush_att"":1.4,""rush_tds"":0.05,""rush_yds"":8.87,""rush_yds_100"":0,""rush_yds_200"":0,""scrimage_yards_100"":0,""scrimage_yards_200"":0}"
11459,10973,Cole Beasley,WR,WR,FA,89.037,calculated,89.04,117.06,145.07,"{""2pt_tds"":0,""fumbles"":0.4,""points"":89.04,""points_half"":117.06,""points_ppr"":145.07,""rec_rec"":56.03,""rec_tds"":3.98,""rec_yds"":659.57,""rec_yds_100"":0,""rec_yds_200"":0,""ret_tds"":0,""rush_att"":0,""rush_tds"":0,""rush_yds"":0,""rush_yds_100"":0,""rush_yds_200"":0,""scrimage_yards_100"":0,""scrimage_yards_200"":0}"
18345,14123,Hunter Renfrow,WR,WR,FA,88.539,calculated,88.51,114.79,141.07,"{""2pt_tds"":0,""fumbles"":0.43,""points"":88.51,""points_half"":114.79,""points_ppr"":141.07,""rec_rec"":52.56,""rec_tds"":4.29,""rec_yds"":636.59,""rec_yds_100"":0,""rec_yds_200"":0,""ret_tds"":0,""rush_att"":0,""rush_tds"":0,""rush_yds"":0,""rush_yds_100"":0,""rush_yds_200"":0,""scrimage_yards_100"":0,""scrimage_yards_200"":0}"
18587,14113,Mecole Hardman Jr.,WR,WR,BUF,88.524,calculated,88.47,107.18,125.89,"{""2pt_tds"":0,""fumbles"":0.77,""points"":88.47,""points_half"":107.18,""points_ppr"":125.89,""rec_rec"":37.42,""rec_tds"":4.71,""rec_yds"":569.79,""rec_yds_100"":0,""rec_yds_200"":0,""ret_tds"":0,""rush_att"":6.67,""rush_tds"":0.19,""rush_yds"":36.85,""rush_yds_100"":0,""rush_yds_200"":0,""scrimage_yards_100"":0,""scrimage_yards_200"":0}"
16385,13153,Corey Davis,WR,WR,FA,87.866,calculated,87.88,111.3,134.72,"{""2pt_tds"":0,""fumbles"":0.44,""points"":87.88,""points_half"":111.3,""points_ppr"":134.72,""rec_rec"":46.84,""rec_tds"":3.79,""rec_yds"":646.71,""rec_yds_100"":0,""rec_yds_200"":0,""ret_tds"":0,""rush_att"":1.46,""rush_tds"":0.01,""rush_yds"":12.75,""rush_yds_100"":0,""rush_yds_200"":0,""scrimage_yards_100"":0,""scrimage_yards_200"":0}"
19278,14842,Michael Pittman Jr.,WR,WR,PIT,86.331,calculated,86.31,109.59,132.88,"{""2pt_tds"":0,""fumbles"":0.41,""points"":86.31,""points_half"":109.59,""points_ppr"":132.88,""rec_rec"":46.57,""rec_tds"":3.93,""rec_yds"":631.38,""rec_yds_100"":0,""rec_yds_200"":0,""ret_tds"":0,""rush_att"":1,""rush_tds"":0,""rush_yds"":4.33,""rush_yds_100"":0,""rush_yds_200"":0,""scrimage_yards_100"":0,""scrimage_yards_200"":0}"
19252,14840,Brandon Aiyuk,WR,WR,SF,84.794,calculated,84.79,106.53,128.27,"{""2pt_tds"":0,""fumbles"":0.42,""points"":84.79,""points_half"":106.53,""points_ppr"":128.27,""rec_rec"":43.48,""rec_tds"":4.06,""rec_yds"":598.5,""rec_yds_100"":0,""rec_yds_200"":0,""ret_tds"":0,""rush_att"":1.84,""rush_tds"":0.06,""rush_yds"":10.64,""rush_yds_100"":0,""rush_yds_200"":0,""scrimage_yards_100"":0,""scrimage_yards_200"":0}"
9146,9308,Danny Amendola,WR,WR,FA,83.67,calculated,83.66,113.52,143.38,"{""2pt_tds"":0,""fumbles"":0.41,""points"":83.66,""points_half"":113.52,""points_ppr"":143.38,""rec_rec"":59.72,""rec_tds"":3.21,""rec_yds"":652.3,""rec_yds_100"":0,""rec_yds_200"":0,""ret_tds"":0,""rush_att"":0.33,""rush_tds"":0,""rush_yds"":0,""rush_yds_100"":0,""rush_yds_200"":0,""scrimage_yards_100"":0,""scrimage_yards_200"":0}"
18634,14844,Bryan Edwards,WR,WR,FA,80.307,calculated,80.31,103.55,126.79,"{""2pt_tds"":0,""fumbles"":0.75,""points"":80.31,""points_half"":103.55,""points_ppr"":126.79,""rec_rec"":46.48,""rec_tds"":3.4,""rec_yds"":606.98,""rec_yds_100"":0,""rec_yds_200"":0,""ret_tds"":0,""rush_att"":1.07,""rush_tds"":0.01,""rush_yds"":6.49,""rush_yds_100"":0,""rush_yds_200"":0,""scrimage_yards_100"":0,""scrimage_yards_200"":0}"
9383,7393,Larry Fitzgerald,WR,WR,FA,78.06,calculated,78.07,103.96,129.85,"{""2pt_tds"":0,""fumbles"":0.46,""points"":78.07,""points_half"":103.96,""points_ppr"":129.85,""rec_rec"":51.79,""rec_tds"":3.62,""rec_yds"":572.6,""rec_yds_100"":0,""rec_yds_200"":0,""ret_tds"":0,""rush_att"":0,""rush_tds"":0,""rush_yds"":0,""rush_yds_100"":0,""rush_yds_200"":0,""scrimage_yards_100"":0,""scrimage_yards_200"":0}"
9902,10308,Randall Cobb,WR,WR,FA,76.513,calculated,76.54,99.07,121.59,"{""2pt_tds"":0,""fumbles"":0.48,""points"":76.54,""points_half"":99.07,""points_ppr"":121.59,""rec_rec"":45.05,""rec_tds"":3.02,""rec_yds"":568.11,""rec_yds_100"":0,""rec_yds_200"":0,""ret_tds"":0,""rush_att"":3.42,""rush_tds"":0.09,""rush_yds"":20.02,""rush_yds_100"":0,""rush_yds_200"":0,""scrimage_yards_100"":0,""scrimage_yards_200"":0}"
18463,14112,Parris Campbell,WR,WR,FA,73.318,calculated,73.32,94.45,115.57,"{""2pt_tds"":0,""fumbles"":0.46,""points"":73.32,""points_half"":94.45,""points_ppr"":115.57,""rec_rec"":42.25,""rec_tds"":3.13,""rec_yds"":508.14,""rec_yds_100"":0,""rec_yds_200"":0,""ret_tds"":0,""rush_att"":6.09,""rush_tds"":0.13,""rush_yds"":38.64,""rush_yds_100"":0,""rush_yds_200"":0,""scrimage_yards_100"":0,""scrimage_yards_200"":0}"
14151,12257,Chris Conley,WR,WR,FA,73.029,calculated,73.06,93.23,113.4,"{""2pt_tds"":0,""fumbles"":0.43,""points"":73.06,""points_half"":93.23,""points_ppr"":113.4,""rec_rec"":40.34,""rec_tds"":3.01,""rec_yds"":558.29,""rec_yds_100"":0,""rec_yds_200"":0,""ret_tds"":0,""rush_att"":0,""rush_tds"":0,""rush_yds"":0,""rush_yds_100"":0,""rush_yds_200"":0,""scrimage_yards_100"":0,""scrimage_yards_200"":0}"
19221,14838,Laviska Shenault Jr.,WR,WR,FA,72.842,calculated,72.84,90.84,108.85,"{""2pt_tds"":0,""fumbles"":0.78,""points"":72.84,""points_half"":90.84,""points_ppr"":108.85,""rec_rec"":36,""rec_tds"":2.29,""rec_yds"":468.65,""rec_yds_100"":0,""rec_yds_200"":0,""ret_tds"":0,""rush_att"":16.85,""rush_tds"":0.51,""rush_yds"":107.37,""rush_yds_100"":0,""rush_yds_200"":0,""scrimage_yards_100"":0,""scrimage_yards_200"":0}"
17254,13631,James Washington,WR,WR,FA,67.983,calculated,68,84.96,101.91,"{""2pt_tds"":0,""fumbles"":0.4,""points"":68,""points_half"":84.96,""points_ppr"":101.91,""rec_rec"":33.91,""rec_tds"":3.08,""rec_yds"":503.03,""rec_yds_100"":0,""rec_yds_200"":0,""ret_tds"":0,""rush_att"":0,""rush_tds"":0,""rush_yds"":0,""rush_yds_100"":0,""rush_yds_200"":0,""scrimage_yards_100"":0,""scrimage_yards_200"":0}"
17606,13809,Russell Gage Jr.,WR,WR,FA,67.878,calculated,67.86,89.04,110.23,"{""2pt_tds"":0,""fumbles"":0.15,""points"":67.86,""points_half"":89.04,""points_ppr"":110.23,""rec_rec"":42.36,""rec_tds"":2.89,""rec_yds"":481.32,""rec_yds_100"":0,""rec_yds_200"":0,""ret_tds"":0,""rush_att"":3.42,""rush_tds"":0.1,""rush_yds"":21.06,""rush_yds_100"":0,""rush_yds_200"":0,""scrimage_yards_100"":0,""scrimage_yards_200"":0}"
16436,13158,Dede Westbrook,WR,WR,FA,67.231,calculated,67.23,90.97,114.7,"{""2pt_tds"":0,""fumbles"":0.14,""points"":67.23,""points_half"":90.97,""points_ppr"":114.7,""rec_rec"":47.47,""rec_tds"":2.43,""rec_yds"":510.29,""rec_yds_100"":0,""rec_yds_200"":0,""ret_tds"":0,""rush_att"":2.29,""rush_tds"":0.07,""rush_yds"":14.82,""rush_yds_100"":0,""rush_yds_200"":0,""scrimage_yards_100"":0,""scrimage_yards_200"":0}"
11199,10722,Alshon Jeffery,WR,WR,FA,66.346,calculated,66.37,84.17,101.96,"{""2pt_tds"":0,""fumbles"":0.08,""points"":66.37,""points_half"":84.17,""points_ppr"":101.96,""rec_rec"":35.59,""rec_tds"":3.31,""rec_yds"":446.33,""rec_yds_100"":0,""rec_yds_200"":0,""ret_tds"":0,""rush_att"":0.33,""rush_tds"":0.33,""rush_yds"":0.33,""rush_yds_100"":0,""rush_yds_200"":0,""scrimage_yards_100"":0,""scrimage_yards_200"":0}"
15680,12814,Jakeem Grant Sr.,WR,WR,FA,64.768,calculated,64.79,84.96,105.13,"{""2pt_tds"":0,""fumbles"":0.43,""points"":64.79,""points_half"":84.96,""points_ppr"":105.13,""rec_rec"":40.34,""rec_tds"":2.46,""rec_yds"":462.11,""rec_yds_100"":0,""rec_yds_200"":0,""ret_tds"":0,""rush_att"":4.46,""rush_tds"":0.38,""rush_yds"":23.77,""rush_yds_100"":0,""rush_yds_200"":0,""scrimage_yards_100"":0,""scrimage_yards_200"":0}"
19211,14835,Tee Higgins,WR,WR,CIN,62.291,calculated,62.28,79.72,97.17,"{""2pt_tds"":0,""fumbles"":0.1,""points"":62.28,""points_half"":79.72,""points_ppr"":97.17,""rec_rec"":34.9,""rec_tds"":2.71,""rec_yds"":462.31,""rec_yds_100"":0,""rec_yds_200"":0,""ret_tds"":0,""rush_att"":0,""rush_tds"":0,""rush_yds"":0,""rush_yds_100"":0,""rush_yds_200"":0,""scrimage_yards_100"":0,""scrimage_yards_200"":0}"
16388,13155,John Ross,WR,WR,FA,62.265,calculated,62.27,76.74,91.21,"{""2pt_tds"":0,""fumbles"":0.43,""points"":62.27,""points_half"":76.74,""points_ppr"":91.21,""rec_rec"":28.94,""rec_tds"":3.29,""rec_yds"":416.94,""rec_yds_100"":0,""rec_yds_200"":0,""ret_tds"":0,""rush_att"":3.45,""rush_tds"":0.02,""rush_yds"":15.71,""rush_yds_100"":0,""rush_yds_200"":0,""scrimage_yards_100"":0,""scrimage_yards_200"":0}"
19483,14858,Van Jefferson,WR,WR,WAS,61.628,calculated,61.62,79.13,96.64,"{""2pt_tds"":0,""fumbles"":0.4,""points"":61.62,""points_half"":79.13,""points_ppr"":96.64,""rec_rec"":35.02,""rec_tds"":2.45,""rec_yds"":466.62,""rec_yds_100"":0,""rec_yds_200"":0,""ret_tds"":0,""rush_att"":1.46,""rush_tds"":0.04,""rush_yds"":8.26,""rush_yds_100"":0,""rush_yds_200"":0,""scrimage_yards_100"":0,""scrimage_yards_200"":0}"
11611,11227,Kenny Stills,WR,WR,FA,61.579,calculated,61.55,76.6,91.65,"{""2pt_tds"":0,""fumbles"":0.06,""points"":61.55,""points_half"":76.6,""points_ppr"":91.65,""rec_rec"":30.1,""rec_tds"":3.09,""rec_yds"":431.59,""rec_yds_100"":0,""rec_yds_200"":0,""ret_tds"":0,""rush_att"":0,""rush_tds"":0,""rush_yds"":0,""rush_yds_100"":0,""rush_yds_200"":0,""scrimage_yards_100"":0,""scrimage_yards_200"":0}"
14222,12464,Damiere Byrd,WR,WR,FA,60.44,calculated,60.44,77.93,95.42,"{""2pt_tds"":0,""fumbles"":0.12,""points"":60.44,""points_half"":77.93,""points_ppr"":95.42,""rec_rec"":34.99,""rec_tds"":2.71,""rec_yds"":444.2,""rec_yds_100"":0,""rec_yds_200"":0,""ret_tds"":0,""rush_att"":0,""rush_tds"":0,""rush_yds"":0,""rush_yds_100"":0,""rush_yds_200"":0,""scrimage_yards_100"":0,""scrimage_yards_200"":0}"
14498,12505,Adam Humphries,WR,WR,FA,59.979,calculated,59.97,81.1,102.23,"{""2pt_tds"":0,""fumbles"":0.41,""points"":59.97,""points_half"":81.1,""points_ppr"":102.23,""rec_rec"":42.26,""rec_tds"":2.62,""rec_yds"":447.79,""rec_yds_100"":0,""rec_yds_200"":0,""ret_tds"":0,""rush_att"":0.67,""rush_tds"":0,""rush_yds"":3,""rush_yds_100"":0,""rush_yds_200"":0,""scrimage_yards_100"":0,""scrimage_yards_200"":0}"
13105,11957,Dontrelle Inman,WR,WR,FA,58.725,calculated,58.75,75.02,91.28,"{""2pt_tds"":0,""fumbles"":0.09,""points"":58.75,""points_half"":75.02,""points_ppr"":91.28,""rec_rec"":32.53,""rec_tds"":2.37,""rec_yds"":446.85,""rec_yds_100"":0,""rec_yds_200"":0,""ret_tds"":0,""rush_att"":0,""rush_tds"":0,""rush_yds"":0,""rush_yds_100"":0,""rush_yds_200"":0,""scrimage_yards_100"":0,""scrimage_yards_200"":0}"
11440,10960,Josh Gordon,WR,WR,FA,57.274,calculated,57.24,69.86,82.48,"{""2pt_tds"":0,""fumbles"":0.04,""points"":57.24,""points_half"":69.86,""points_ppr"":82.48,""rec_rec"":25.24,""rec_tds"":2.38,""rec_yds"":429.74,""rec_yds_100"":0,""rec_yds_200"":0,""ret_tds"":0,""rush_att"":1,""rush_tds"":0,""rush_yds"":1,""rush_yds_100"":0,""rush_yds_200"":0,""scrimage_yards_100"":0,""scrimage_yards_200"":0}"
18636,14125,Miles Boykin,WR,WR,FA,57.073,calculated,57.04,71.17,85.29,"{""2pt_tds"":0,""fumbles"":0.05,""points"":57.04,""points_half"":71.17,""points_ppr"":85.29,""rec_rec"":28.25,""rec_tds"":3.14,""rec_yds"":383.33,""rec_yds_100"":0,""rec_yds_200"":0,""ret_tds"":0,""rush_att"":0,""rush_tds"":0,""rush_yds"":0,""rush_yds_100"":0,""rush_yds_200"":0,""scrimage_yards_100"":0,""scrimage_yards_200"":0}"
18627,14841,Chase Claypool,WR,WR,FA,56.544,calculated,56.54,72.02,87.5,"{""2pt_tds"":0,""fumbles"":0.4,""points"":56.54,""points_half"":72.02,""points_ppr"":87.5,""rec_rec"":30.97,""rec_tds"":2.75,""rec_yds"":405.77,""rec_yds_100"":0,""rec_yds_200"":0,""ret_tds"":0,""rush_att"":0.67,""rush_tds"":0,""rush_yds"":2.67,""rush_yds_100"":0,""rush_yds_200"":0,""scrimage_yards_100"":0,""scrimage_yards_200"":0}"
19344,14846,Denzel Mims,WR,WR,DAL,54.43,calculated,54.41,70.49,86.57,"{""2pt_tds"":0,""fumbles"":0.42,""points"":54.41,""points_half"":70.49,""points_ppr"":86.57,""rec_rec"":32.16,""rec_tds"":2.1,""rec_yds"":424.03,""rec_yds_100"":0,""rec_yds_200"":0,""ret_tds"":0,""rush_att"":0.67,""rush_tds"":0,""rush_yds"":2.67,""rush_yds_100"":0,""rush_yds_200"":0,""scrimage_yards_100"":0,""scrimage_yards_200"":0}"
16439,13168,Josh Reynolds,WR,WR,FA,54.173,calculated,54.11,67.77,81.42,"{""2pt_tds"":0,""fumbles"":0.05,""points"":54.11,""points_half"":67.77,""points_ppr"":81.42,""rec_rec"":27.31,""rec_tds"":2.36,""rec_yds"":371.08,""rec_yds_100"":0,""rec_yds_200"":0,""ret_tds"":0,""rush_att"":3.76,""rush_tds"":0.12,""rush_yds"":22.85,""rush_yds_100"":0,""rush_yds_200"":0,""scrimage_yards_100"":0,""scrimage_yards_200"":0}"
17066,13418,Kendrick Bourne,WR,WR,ARI,52.961,calculated,52.95,67.13,81.3,"{""2pt_tds"":0,""fumbles"":0.03,""points"":52.95,""points_half"":67.13,""points_ppr"":81.3,""rec_rec"":28.35,""rec_tds"":2.73,""rec_yds"":357.17,""rec_yds_100"":0,""rec_yds_200"":0,""ret_tds"":0,""rush_att"":0.84,""rush_tds"":0.06,""rush_yds"":5.64,""rush_yds_100"":0,""rush_yds_200"":0,""scrimage_yards_100"":0,""scrimage_yards_200"":0}"
17528,13793,Marquez Valdes-Scantling,WR,WR,DAL,52.812,calculated,52.83,66.02,79.21,"{""2pt_tds"":0,""fumbles"":0.05,""points"":52.83,""points_half"":66.02,""points_ppr"":79.21,""rec_rec"":26.38,""rec_tds"":2.06,""rec_yds"":398.52,""rec_yds_100"":0,""rec_yds_200"":0,""ret_tds"":0,""rush_att"":0.67,""rush_tds"":0,""rush_yds"":7,""rush_yds_100"":0,""rush_yds_200"":0,""scrimage_yards_100"":0,""scrimage_yards_200"":0}"
12904,11951,Willie Snead IV,WR,WR,FA,51.55,calculated,51.56,67.3,83.04,"{""2pt_tds"":0,""fumbles"":0.41,""points"":51.56,""points_half"":67.3,""points_ppr"":83.04,""rec_rec"":31.48,""rec_tds"":2.5,""rec_yds"":366.59,""rec_yds_100"":0,""rec_yds_200"":0,""ret_tds"":0,""rush_att"":1.12,""rush_tds"":0.02,""rush_yds"":5.91,""rush_yds_100"":0,""rush_yds_200"":0,""scrimage_yards_100"":0,""scrimage_yards_200"":0}"
17261,13645,Tre'Quan Smith,WR,WR,FA,51.283,calculated,51.25,63.19,75.12,"{""2pt_tds"":0,""fumbles"":0.03,""points"":51.25,""points_half"":63.19,""points_ppr"":75.12,""rec_rec"":23.87,""rec_tds"":3.07,""rec_yds"":328.23,""rec_yds_100"":0,""rec_yds_200"":0,""ret_tds"":0,""rush_att"":0.33,""rush_tds"":0,""rush_yds"":1,""rush_yds_100"":0,""rush_yds_200"":0,""scrimage_yards_100"":0,""scrimage_yards_200"":0}"
19338,14863,Antonio Gandy-Golden,WR,WR,FA,50.999,calculated,50.97,65.29,79.61,"{""2pt_tds"":0,""fumbles"":0.13,""points"":50.97,""points_half"":65.29,""points_ppr"":79.61,""rec_rec"":28.64,""rec_tds"":1.75,""rec_yds"":389.29,""rec_yds_100"":0,""rec_yds_200"":0,""ret_tds"":0,""rush_att"":2.35,""rush_tds"":0.07,""rush_yds"":14.1,""rush_yds_100"":0,""rush_yds_200"":0,""scrimage_yards_100"":0,""scrimage_yards_200"":0}"
18713,14305,Bisi Johnson,WR,WR,FA,44.353,calculated,44.36,57.55,70.73,"{""2pt_tds"":0,""fumbles"":0.04,""points"":44.36,""points_half"":57.55,""points_ppr"":70.73,""rec_rec"":26.38,""rec_tds"":2.18,""rec_yds"":309.05,""rec_yds_100"":0,""rec_yds_200"":0,""ret_tds"":0,""rush_att"":0.66,""rush_tds"":0,""rush_yds"":4.48,""rush_yds_100"":0,""rush_yds_200"":0,""scrimage_yards_100"":0,""scrimage_yards_200"":0}"
19267,14837,KJ Hamler,WR,WR,FA,44.244,calculated,44.24,56.75,69.26,"{""2pt_tds"":0,""fumbles"":0.39,""points"":44.24,""points_half"":56.75,""points_ppr"":69.26,""rec_rec"":25.02,""rec_tds"":1.8,""rec_yds"":337.23,""rec_yds_100"":0,""rec_yds_200"":0,""ret_tds"":0,""rush_att"":0.9,""rush_tds"":0.01,""rush_yds"":4.41,""rush_yds_100"":0,""rush_yds_200"":0,""scrimage_yards_100"":0,""scrimage_yards_200"":0}"
18409,14121,Andy Isabella,WR,WR,FA,43.467,calculated,43.46,54.08,64.7,"{""2pt_tds"":0,""fumbles"":0.1,""points"":43.46,""points_half"":54.08,""points_ppr"":64.7,""rec_rec"":21.25,""rec_tds"":1.86,""rec_yds"":302.26,""rec_yds_100"":0,""rec_yds_200"":0,""ret_tds"":0,""rush_att"":2.79,""rush_tds"":0.1,""rush_yds"":16.81,""rush_yds_100"":0,""rush_yds_200"":0,""scrimage_yards_100"":0,""scrimage_yards_200"":0}"
13979,12188,Phillip Dorsett II,WR,WR,LV,43.229,calculated,43.22,54.45,65.67,"{""2pt_tds"":0,""fumbles"":0.07,""points"":43.22,""points_half"":54.45,""points_ppr"":65.67,""rec_rec"":22.45,""rec_tds"":2.09,""rec_yds"":302.31,""rec_yds_100"":0,""rec_yds_200"":0,""ret_tds"":0,""rush_att"":0.79,""rush_tds"":0.02,""rush_yds"":4.78,""rush_yds_100"":0,""rush_yds_200"":0,""scrimage_yards_100"":0,""scrimage_yards_200"":0}"
16972,13488,Zach Pascal,WR,WR,FA,42.393,calculated,42.42,53.36,64.3,"{""2pt_tds"":0,""fumbles"":0.03,""points"":42.42,""points_half"":53.36,""points_ppr"":64.3,""rec_rec"":21.88,""rec_tds"":1.96,""rec_yds"":298.93,""rec_yds_100"":0,""rec_yds_200"":0,""ret_tds"":0,""rush_att"":1,""rush_tds"":0,""rush_yds"":8,""rush_yds_100"":0,""rush_yds_200"":0,""scrimage_yards_100"":0,""scrimage_yards_200"":0}"
16432,13162,Isaiah Ford,WR,WR,FA,41.499,calculated,41.53,54.71,67.89,"{""2pt_tds"":0,""fumbles"":0.1,""points"":41.53,""points_half"":54.71,""points_ppr"":67.89,""rec_rec"":26.36,""rec_tds"":1.74,""rec_yds"":312.59,""rec_yds_100"":0,""rec_yds_200"":0,""ret_tds"":0,""rush_att"":0,""rush_tds"":0,""rush_yds"":0,""rush_yds_100"":0,""rush_yds_200"":0,""scrimage_yards_100"":0,""scrimage_yards_200"":0}"
18714,14280,Scotty Miller,WR,WR,CHI,41.225,calculated,41.26,52.73,64.2,"{""2pt_tds"":0,""fumbles"":0.11,""points"":41.26,""points_half"":52.73,""points_ppr"":64.2,""rec_rec"":22.94,""rec_tds"":1.85,""rec_yds"":285.75,""rec_yds_100"":0,""rec_yds_200"":0,""ret_tds"":0,""rush_att"":2.13,""rush_tds"":0.09,""rush_yds"":12.3,""rush_yds_100"":0,""rush_yds_200"":0,""scrimage_yards_100"":0,""scrimage_yards_200"":0}"
17307,13637,Equanimeous St. Brown,WR,WR,FA,41.071,calculated,41.05,52.26,63.47,"{""2pt_tds"":0,""fumbles"":0.07,""points"":41.05,""points_half"":52.26,""points_ppr"":63.47,""rec_rec"":22.42,""rec_tds"":1.93,""rec_yds"":294.33,""rec_yds_100"":0,""rec_yds_200"":0,""ret_tds"":0,""rush_att"":0.31,""rush_tds"":0,""rush_yds"":1.98,""rush_yds_100"":0,""rush_yds_200"":0,""scrimage_yards_100"":0,""scrimage_yards_200"":0}"
9588,8673,Ted Ginn Jr.,WR,WR,FA,40.399,calculated,40.39,50.78,61.16,"{""2pt_tds"":0,""fumbles"":0.1,""points"":40.39,""points_half"":50.78,""points_ppr"":61.16,""rec_rec"":20.77,""rec_tds"":1.44,""rec_yds"":290.9,""rec_yds_100"":0,""rec_yds_200"":0,""ret_tds"":0,""rush_att"":3.36,""rush_tds"":0.12,""rush_yds"":21.49,""rush_yds_100"":0,""rush_yds_200"":0,""scrimage_yards_100"":0,""scrimage_yards_200"":0}"
16864,13412,Keelan Cole Sr.,WR,WR,FA,39.705,calculated,39.72,49.82,59.91,"{""2pt_tds"":0,""fumbles"":0.36,""points"":39.72,""points_half"":49.82,""points_ppr"":59.91,""rec_rec"":20.19,""rec_tds"":1.66,""rec_yds"":300.78,""rec_yds_100"":0,""rec_yds_200"":0,""ret_tds"":0,""rush_att"":0.73,""rush_tds"":0,""rush_yds"":3.87,""rush_yds_100"":0,""rush_yds_200"":0,""scrimage_yards_100"":0,""scrimage_yards_200"":0}"
19270,14847,Devin Duvernay,WR,WR,ARI,39.683,calculated,39.69,50.69,61.68,"{""2pt_tds"":0,""fumbles"":0.38,""points"":39.69,""points_half"":50.69,""points_ppr"":61.68,""rec_rec"":21.99,""rec_tds"":1.76,""rec_yds"":288.64,""rec_yds_100"":0,""rec_yds_200"":0,""ret_tds"":0,""rush_att"":1.37,""rush_tds"":0.02,""rush_yds"":8.99,""rush_yds_100"":0,""rush_yds_200"":0,""scrimage_yards_100"":0,""scrimage_yards_200"":0}"
16757,13348,David Moore,WR,WR,CAR,38.198,calculated,38.17,47.58,56.99,"{""2pt_tds"":0,""fumbles"":0.09,""points"":38.17,""points_half"":47.58,""points_ppr"":56.99,""rec_rec"":18.82,""rec_tds"":1.86,""rec_yds"":258.09,""rec_yds_100"":0,""rec_yds_200"":0,""ret_tds"":0,""rush_att"":1.87,""rush_tds"":0.04,""rush_yds"":11.69,""rush_yds_100"":0,""rush_yds_200"":0,""scrimage_yards_100"":0,""scrimage_yards_200"":0}"
11477,10983,Chris Hogan,WR,WR,FA,37.981,calculated,38,48.59,59.19,"{""2pt_tds"":0,""fumbles"":0.05,""points"":38,""points_half"":48.59,""points_ppr"":59.19,""rec_rec"":21.2,""rec_tds"":1.6,""rec_yds"":284.81,""rec_yds_100"":0,""rec_yds_200"":0,""ret_tds"":0,""rush_att"":0,""rush_tds"":0,""rush_yds"":0,""rush_yds_100"":0,""rush_yds_200"":0,""scrimage_yards_100"":0,""scrimage_yards_200"":0}"
13969,12181,Nelson Agholor,WR,WR,FA,36.05,calculated,36.06,47.89,59.72,"{""2pt_tds"":0,""fumbles"":0.38,""points"":36.06,""points_half"":47.89,""points_ppr"":59.72,""rec_rec"":23.67,""rec_tds"":1.46,""rec_yds"":266.57,""rec_yds_100"":0,""rec_yds_200"":0,""ret_tds"":0,""rush_att"":1.44,""rush_tds"":0.01,""rush_yds"":13.33,""rush_yds_100"":0,""rush_yds_200"":0,""scrimage_yards_100"":0,""scrimage_yards_200"":0}"
17306,13642,Auden Tate,WR,WR,FA,34.697,calculated,34.69,44.88,55.06,"{""2pt_tds"":0,""fumbles"":0.35,""points"":34.69,""points_half"":44.88,""points_ppr"":55.06,""rec_rec"":20.37,""rec_tds"":1.32,""rec_yds"":274.77,""rec_yds_100"":0,""rec_yds_200"":0,""ret_tds"":0,""rush_att"":0,""rush_tds"":0,""rush_yds"":0,""rush_yds_100"":0,""rush_yds_200"":0,""scrimage_yards_100"":0,""scrimage_yards_200"":0}"
18598,14127,Jakobi Meyers,WR,WR,JAC,33.609,calculated,33.6,43.24,52.88,"{""2pt_tds"":0,""fumbles"":0.08,""points"":33.6,""points_half"":43.24,""points_ppr"":52.88,""rec_rec"":19.28,""rec_tds"":1.44,""rec_yds"":251.29,""rec_yds_100"":0,""rec_yds_200"":0,""ret_tds"":0,""rush_att"":0,""rush_tds"":0,""rush_yds"":0,""rush_yds_100"":0,""rush_yds_200"":0,""scrimage_yards_100"":0,""scrimage_yards_200"":0}"
15586,12656,Rashard Higgins,WR,WR,FA,33.518,calculated,33.52,42.03,50.54,"{""2pt_tds"":0,""fumbles"":0.37,""points"":33.52,""points_half"":42.03,""points_ppr"":50.54,""rec_rec"":17.02,""rec_tds"":1.7,""rec_yds"":240.58,""rec_yds_100"":0,""rec_yds_200"":0,""ret_tds"":0,""rush_att"":0,""rush_tds"":0,""rush_yds"":0,""rush_yds_100"":0,""rush_yds_200"":0,""scrimage_yards_100"":0,""scrimage_yards_200"":0}"
15665,12785,Demarcus Robinson,WR,WR,SF,32.052,calculated,32.02,40.12,48.22,"{""2pt_tds"":0,""fumbles"":0.04,""points"":32.02,""points_half"":40.12,""points_ppr"":48.22,""rec_rec"":16.2,""rec_tds"":1.68,""rec_yds"":220.52,""rec_yds_100"":0,""rec_yds_200"":0,""ret_tds"":0,""rush_att"":0,""rush_tds"":0,""rush_yds"":0,""rush_yds_100"":0,""rush_yds_200"":0,""scrimage_yards_100"":0,""scrimage_yards_200"":0}"
16505,13316,Trent Taylor,WR,WR,FA,31.937,calculated,31.93,42.4,52.86,"{""2pt_tds"":0,""fumbles"":0.08,""points"":31.93,""points_half"":42.4,""points_ppr"":52.86,""rec_rec"":20.94,""rec_tds"":1.35,""rec_yds"":239.97,""rec_yds_100"":0,""rec_yds_200"":0,""ret_tds"":0,""rush_att"":0,""rush_tds"":0,""rush_yds"":0,""rush_yds_100"":0,""rush_yds_200"":0,""scrimage_yards_100"":0,""scrimage_yards_200"":0}"
16556,13377,Tim Patrick,WR,WR,NYJ,31.409,calculated,31.39,41.09,50.79,"{""2pt_tds"":0,""fumbles"":0.03,""points"":31.39,""points_half"":41.09,""points_ppr"":50.79,""rec_rec"":19.4,""rec_tds"":1.33,""rec_yds"":234.46,""rec_yds_100"":0,""rec_yds_200"":0,""ret_tds"":0,""rush_att"":0.08,""rush_tds"":0,""rush_yds"":0.43,""rush_yds_100"":0,""rush_yds_200"":0,""scrimage_yards_100"":0,""scrimage_yards_200"":0}"
17130,13864,Greg Ward,WR,WR,FA,31.392,calculated,31.35,41.49,51.63,"{""2pt_tds"":0,""fumbles"":0.36,""points"":31.35,""points_half"":41.49,""points_ppr"":51.63,""rec_rec"":20.28,""rec_tds"":1.28,""rec_yds"":234.8,""rec_yds_100"":0,""rec_yds_200"":0,""ret_tds"":0,""rush_att"":1.6,""rush_tds"":0.02,""rush_yds"":8.32,""rush_yds_100"":0,""rush_yds_200"":0,""scrimage_yards_100"":0,""scrimage_yards_200"":0}"
19468,14862,Joe Reed,WR,WR,FA,30.6,calculated,30.62,38.55,46.47,"{""2pt_tds"":0,""fumbles"":0.37,""points"":30.62,""points_half"":38.55,""points_ppr"":46.47,""rec_rec"":15.86,""rec_tds"":1.17,""rec_yds"":224.39,""rec_yds_100"":0,""rec_yds_200"":0,""ret_tds"":0,""rush_att"":2.78,""rush_tds"":0.06,""rush_yds"":15.21,""rush_yds_100"":0,""rush_yds_200"":0,""scrimage_yards_100"":0,""scrimage_yards_200"":0}"
18235,14107,J.J. Arcega-Whiteside,WR,WR,FA,28.247,calculated,28.24,36.09,43.94,"{""2pt_tds"":0,""fumbles"":0.02,""points"":28.24,""points_half"":36.09,""points_ppr"":43.94,""rec_rec"":15.7,""rec_tds"":1.4,""rec_yds"":195.97,""rec_yds_100"":0,""rec_yds_200"":0,""ret_tds"":0,""rush_att"":0.44,""rush_tds"":0,""rush_yds"":2.9,""rush_yds_100"":0,""rush_yds_200"":0,""scrimage_yards_100"":0,""scrimage_yards_200"":0}"
16081,13066,Kalif Raymond,WR,WR,CHI,26.471,calculated,26.45,32.68,38.92,"{""2pt_tds"":0,""fumbles"":0.05,""points"":26.45,""points_half"":32.68,""points_ppr"":38.92,""rec_rec"":12.47,""rec_tds"":1.27,""rec_yds"":189.51,""rec_yds_100"":0,""rec_yds_200"":0,""ret_tds"":0,""rush_att"":0,""rush_tds"":0,""rush_yds"":0,""rush_yds_100"":0,""rush_yds_200"":0,""scrimage_yards_100"":0,""scrimage_yards_200"":0}"
17855,14342,Christian Blake,WR,WR,FA,21.938,calculated,21.93,28.92,35.9,"{""2pt_tds"":0,""fumbles"":0.05,""points"":21.93,""points_half"":28.92,""points_ppr"":35.9,""rec_rec"":13.97,""rec_tds"":0.94,""rec_yds"":163.98,""rec_yds_100"":0,""rec_yds_200"":0,""ret_tds"":0,""rush_att"":0,""rush_tds"":0,""rush_yds"":0,""rush_yds_100"":0,""rush_yds_200"":0,""scrimage_yards_100"":0,""scrimage_yards_200"":0}"
14174,12338,Geremy Davis,WR,WR,FA,21.221,calculated,21.22,27.83,34.43,"{""2pt_tds"":0,""fumbles"":0,""points"":21.22,""points_half"":27.83,""points_ppr"":34.43,""rec_rec"":13.21,""rec_tds"":0.75,""rec_yds"":167.21,""rec_yds_100"":0,""rec_yds_200"":0,""ret_tds"":0,""rush_att"":0,""rush_tds"":0,""rush_yds"":0,""rush_yds_100"":0,""rush_yds_200"":0,""scrimage_yards_100"":0,""scrimage_yards_200"":0}"
19030,14330,Darrius Shepherd,WR,WR,FA,20.538,calculated,20.54,26.41,32.28,"{""2pt_tds"":0,""fumbles"":0,""points"":20.54,""points_half"":26.41,""points_ppr"":32.28,""rec_rec"":11.74,""rec_tds"":0.83,""rec_yds"":155.58,""rec_yds_100"":0,""rec_yds_200"":0,""ret_tds"":0,""rush_att"":0,""rush_tds"":0,""rush_yds"":0,""rush_yds_100"":0,""rush_yds_200"":0,""scrimage_yards_100"":0,""scrimage_yards_200"":0}"
18264,14103,Riley Ridley,WR,WR,FA,20.198,calculated,20.18,26.03,31.87,"{""2pt_tds"":0,""fumbles"":0.02,""points"":20.18,""points_half"":26.03,""points_ppr"":31.87,""rec_rec"":11.69,""rec_tds"":0.95,""rec_yds"":145.38,""rec_yds_100"":0,""rec_yds_200"":0,""ret_tds"":0,""rush_att"":0,""rush_tds"":0,""rush_yds"":0,""rush_yds_100"":0,""rush_yds_200"":0,""scrimage_yards_100"":0,""scrimage_yards_200"":0}"
17470,13649,DaeSean Hamilton,WR,WR,FA,19.559,calculated,19.54,26.53,33.53,"{""2pt_tds"":0,""fumbles"":0.04,""points"":19.54,""points_half"":26.53,""points_ppr"":33.53,""rec_rec"":13.99,""rec_tds"":0.8,""rec_yds"":148.39,""rec_yds_100"":0,""rec_yds_200"":0,""ret_tds"":0,""rush_att"":0,""rush_tds"":0,""rush_yds"":0,""rush_yds_100"":0,""rush_yds_200"":0,""scrimage_yards_100"":0,""scrimage_yards_200"":0}"
19398,14845,Gabe Davis,WR,WR,FA,19.416,calculated,19.4,24.67,29.95,"{""2pt_tds"":0,""fumbles"":0.04,""points"":19.4,""points_half"":24.67,""points_ppr"":29.95,""rec_rec"":10.56,""rec_tds"":0.79,""rec_yds"":147.56,""rec_yds_100"":0,""rec_yds_200"":0,""ret_tds"":0,""rush_att"":0,""rush_tds"":0,""rush_yds"":0,""rush_yds_100"":0,""rush_yds_200"":0,""scrimage_yards_100"":0,""scrimage_yards_200"":0}"
15587,12657,Tajae Sharpe,WR,WR,FA,18.663,calculated,18.66,23.96,29.26,"{""2pt_tds"":0,""fumbles"":0.02,""points"":18.66,""points_half"":23.96,""points_ppr"":29.26,""rec_rec"":10.6,""rec_tds"":0.77,""rec_yds"":140.83,""rec_yds_100"":0,""rec_yds_200"":0,""ret_tds"":0,""rush_att"":0,""rush_tds"":0,""rush_yds"":0,""rush_yds_100"":0,""rush_yds_200"":0,""scrimage_yards_100"":0,""scrimage_yards_200"":0}"
16666,13308,Jamal Agnew,WR,WR,FA,18.636,calculated,18.64,23.59,28.54,"{""2pt_tds"":0,""fumbles"":0.07,""points"":18.64,""points_half"":23.59,""points_ppr"":28.54,""rec_rec"":9.9,""rec_tds"":0.76,""rec_yds"":126.66,""rec_yds_100"":0,""rec_yds_200"":0,""ret_tds"":0,""rush_att"":2.01,""rush_tds"":0.05,""rush_yds"":12.5,""rush_yds_100"":0,""rush_yds_200"":0,""scrimage_yards_100"":0,""scrimage_yards_200"":0}"
16115,13505,Marvin Hall,WR,WR,FA,18.488,calculated,18.52,22.91,27.31,"{""2pt_tds"":0,""fumbles"":0.02,""points"":18.52,""points_half"":22.91,""points_ppr"":27.31,""rec_rec"":8.79,""rec_tds"":0.81,""rec_yds"":136.68,""rec_yds_100"":0,""rec_yds_200"":0,""ret_tds"":0,""rush_att"":0,""rush_tds"":0,""rush_yds"":0,""rush_yds_100"":0,""rush_yds_200"":0,""scrimage_yards_100"":0,""scrimage_yards_200"":0}"
13974,12182,Devin Smith,WR,WR,FA,18.375,calculated,18.38,23.34,28.31,"{""2pt_tds"":0,""fumbles"":0,""points"":18.38,""points_half"":23.34,""points_ppr"":28.31,""rec_rec"":9.93,""rec_tds"":0.79,""rec_yds"":136.35,""rec_yds_100"":0,""rec_yds_200"":0,""ret_tds"":0,""rush_att"":0,""rush_tds"":0,""rush_yds"":0,""rush_yds_100"":0,""rush_yds_200"":0,""scrimage_yards_100"":0,""scrimage_yards_200"":0}"
18856,14533,Malik Taylor,WR,WR,FA,17.534,calculated,17.51,22.81,28.11,"{""2pt_tds"":0,""fumbles"":0.03,""points"":17.51,""points_half"":22.81,""points_ppr"":28.11,""rec_rec"":10.6,""rec_tds"":0.79,""rec_yds"":128.54,""rec_yds_100"":0,""rec_yds_200"":0,""ret_tds"":0,""rush_att"":0,""rush_tds"":0,""rush_yds"":0,""rush_yds_100"":0,""rush_yds_200"":0,""scrimage_yards_100"":0,""scrimage_yards_200"":0}"
17303,13724,Richie James Jr.,WR,WR,FA,17.509,calculated,17.45,21.83,26.21,"{""2pt_tds"":0,""fumbles"":0.03,""points"":17.45,""points_half"":21.83,""points_ppr"":26.21,""rec_rec"":8.76,""rec_tds"":0.79,""rec_yds"":110.88,""rec_yds_100"":0,""rec_yds_200"":0,""ret_tds"":0,""rush_att"":2.33,""rush_tds"":0.1,""rush_yds"":11.41,""rush_yds_100"":0,""rush_yds_200"":0,""scrimage_yards_100"":0,""scrimage_yards_200"":0}"
16604,13313,Isaiah McKenzie,WR,WR,FA,17.3,calculated,17.3,22.77,28.25,"{""2pt_tds"":0,""fumbles"":0.05,""points"":17.3,""points_half"":22.77,""points_ppr"":28.25,""rec_rec"":10.95,""rec_tds"":0.71,""rec_yds"":114.42,""rec_yds_100"":0,""rec_yds_200"":0,""ret_tds"":0,""rush_att"":2.08,""rush_tds"":0.07,""rush_yds"":12.78,""rush_yds_100"":0,""rush_yds_200"":0,""scrimage_yards_100"":0,""scrimage_yards_200"":0}"
18941,14337,Jalen Guyton,WR,WR,FA,17.194,calculated,17.18,22.22,27.26,"{""2pt_tds"":0,""fumbles"":0.05,""points"":17.18,""points_half"":22.22,""points_ppr"":27.26,""rec_rec"":10.08,""rec_tds"":0.7,""rec_yds"":130.94,""rec_yds_100"":0,""rec_yds_200"":0,""ret_tds"":0,""rush_att"":0,""rush_tds"":0,""rush_yds"":0,""rush_yds_100"":0,""rush_yds_200"":0,""scrimage_yards_100"":0,""scrimage_yards_200"":0}"
18864,14592,Olamide Zaccheaus,WR,WR,ATL,16.484,calculated,16.48,21.06,25.63,"{""2pt_tds"":0,""fumbles"":0.04,""points"":16.48,""points_half"":21.06,""points_ppr"":25.63,""rec_rec"":9.15,""rec_tds"":0.72,""rec_yds"":122.44,""rec_yds_100"":0,""rec_yds_200"":0,""ret_tds"":0,""rush_att"":0,""rush_tds"":0,""rush_yds"":0,""rush_yds_100"":0,""rush_yds_200"":0,""scrimage_yards_100"":0,""scrimage_yards_200"":0}"
16431,13176,Zay Jones,WR,WR,HOU,16.276,calculated,16.27,21.57,26.87,"{""2pt_tds"":0,""fumbles"":0.02,""points"":16.27,""points_half"":21.57,""points_ppr"":26.87,""rec_rec"":10.6,""rec_tds"":0.8,""rec_yds"":114.84,""rec_yds_100"":0,""rec_yds_200"":0,""ret_tds"":0,""rush_att"":0,""rush_tds"":0,""rush_yds"":0.32,""rush_yds_100"":0,""rush_yds_200"":0,""scrimage_yards_100"":0,""scrimage_yards_200"":0}"
17714,13884,Vyncint Smith,WR,WR,FA,16.186,calculated,16.19,21.05,25.92,"{""2pt_tds"":0,""fumbles"":0,""points"":16.19,""points_half"":21.05,""points_ppr"":25.92,""rec_rec"":9.73,""rec_tds"":0.75,""rec_yds"":116.86,""rec_yds_100"":0,""rec_yds_200"":0,""ret_tds"":0,""rush_att"":0,""rush_tds"":0,""rush_yds"":0,""rush_yds_100"":0,""rush_yds_200"":0,""scrimage_yards_100"":0,""scrimage_yards_200"":0}"
19332,14851,KJ Hill Jr.,WR,WR,FA,15.966,calculated,15.97,20.79,25.61,"{""2pt_tds"":0,""fumbles"":0.02,""points"":15.97,""points_half"":20.79,""points_ppr"":25.61,""rec_rec"":9.64,""rec_tds"":0.68,""rec_yds"":119.26,""rec_yds_100"":0,""rec_yds_200"":0,""ret_tds"":0,""rush_att"":0,""rush_tds"":0,""rush_yds"":0,""rush_yds_100"":0,""rush_yds_200"":0,""scrimage_yards_100"":0,""scrimage_yards_200"":0}"
18633,14864,Tyler Johnson,WR,WR,DAL,15.785,calculated,15.75,20.17,24.59,"{""2pt_tds"":0,""fumbles"":0.02,""points"":15.75,""points_half"":20.17,""points_ppr"":24.59,""rec_rec"":8.84,""rec_tds"":0.53,""rec_yds"":114.9,""rec_yds_100"":0,""rec_yds_200"":0,""ret_tds"":0,""rush_att"":1.02,""rush_tds"":0.08,""rush_yds"":6.75,""rush_yds_100"":0,""rush_yds_200"":0,""scrimage_yards_100"":0,""scrimage_yards_200"":0}"
19604,15077,Isaiah Wright,WR,WR,FA,15.768,calculated,15.78,20.5,25.21,"{""2pt_tds"":0,""fumbles"":0.04,""points"":15.78,""points_half"":20.5,""points_ppr"":25.21,""rec_rec"":9.44,""rec_tds"":0.59,""rec_yds"":123.08,""rec_yds_100"":0,""rec_yds_200"":0,""ret_tds"":0,""rush_att"":0,""rush_tds"":0,""rush_yds"":0,""rush_yds_100"":0,""rush_yds_200"":0,""scrimage_yards_100"":0,""scrimage_yards_200"":0}"
18166,13963,KhaDarel Hodge,WR,WR,SF,15.481,calculated,15.48,19.92,24.36,"{""2pt_tds"":0,""fumbles"":0.02,""points"":15.48,""points_half"":19.92,""points_ppr"":24.36,""rec_rec"":8.88,""rec_tds"":0.7,""rec_yds"":113.21,""rec_yds_100"":0,""rec_yds_200"":0,""ret_tds"":0,""rush_att"":0,""rush_tds"":0,""rush_yds"":0,""rush_yds_100"":0,""rush_yds_200"":0,""scrimage_yards_100"":0,""scrimage_yards_200"":0}"
19093,14555,Gunner Olszewski,WR,WR,NYG,15.378,calculated,15.38,19.65,23.92,"{""2pt_tds"":0,""fumbles"":0.04,""points"":15.38,""points_half"":19.65,""points_ppr"":23.92,""rec_rec"":8.54,""rec_tds"":0.65,""rec_yds"":115.58,""rec_yds_100"":0,""rec_yds_200"":0,""ret_tds"":0,""rush_att"":0,""rush_tds"":0,""rush_yds"":0,""rush_yds_100"":0,""rush_yds_200"":0,""scrimage_yards_100"":0,""scrimage_yards_200"":0}"
17603,13776,Justin Watson,WR,WR,HOU,15.282,calculated,15.31,19.77,24.23,"{""2pt_tds"":0,""fumbles"":0.04,""points"":15.31,""points_half"":19.77,""points_ppr"":24.23,""rec_rec"":8.92,""rec_tds"":0.61,""rec_yds"":114.32,""rec_yds_100"":0,""rec_yds_200"":0,""ret_tds"":0,""rush_att"":0.4,""rush_tds"":0,""rush_yds"":2.7,""rush_yds_100"":0,""rush_yds_200"":0,""scrimage_yards_100"":0,""scrimage_yards_200"":0}"
15557,12660,Pharoh Cooper,WR,WR,FA,14.814,calculated,14.8,19.42,24.05,"{""2pt_tds"":0,""fumbles"":0.03,""points"":14.8,""points_half"":19.42,""points_ppr"":24.05,""rec_rec"":9.25,""rec_tds"":0.59,""rec_yds"":113.18,""rec_yds_100"":0,""rec_yds_200"":0,""ret_tds"":0,""rush_att"":0,""rush_tds"":0,""rush_yds"":0.16,""rush_yds_100"":0,""rush_yds_200"":0,""scrimage_yards_100"":0,""scrimage_yards_200"":0}"
17388,13644,Javon Wims,WR,WR,FA,14.32,calculated,14.31,18.9,23.49,"{""2pt_tds"":0,""fumbles"":0.03,""points"":14.31,""points_half"":18.9,""points_ppr"":23.49,""rec_rec"":9.19,""rec_tds"":0.63,""rec_yds"":106,""rec_yds_100"":0,""rec_yds_200"":0,""ret_tds"":0,""rush_att"":0,""rush_tds"":0,""rush_yds"":0,""rush_yds_100"":0,""rush_yds_200"":0,""scrimage_yards_100"":0,""scrimage_yards_200"":0}"
17060,13375,Victor Bolden Jr.,WR,WR,FA,14.191,calculated,14.19,18.57,22.95,"{""2pt_tds"":0,""fumbles"":0,""points"":14.19,""points_half"":18.57,""points_ppr"":22.95,""rec_rec"":8.76,""rec_tds"":0.51,""rec_yds"":111.31,""rec_yds_100"":0,""rec_yds_200"":0,""ret_tds"":0,""rush_att"":0,""rush_tds"":0,""rush_yds"":0,""rush_yds_100"":0,""rush_yds_200"":0,""scrimage_yards_100"":0,""scrimage_yards_200"":0}"
17547,13794,Damion Ratley,WR,WR,FA,13.813,calculated,13.83,17.71,21.59,"{""2pt_tds"":0,""fumbles"":0.01,""points"":13.83,""points_half"":17.71,""points_ppr"":21.59,""rec_rec"":7.76,""rec_tds"":0.62,""rec_yds"":101.13,""rec_yds_100"":0,""rec_yds_200"":0,""ret_tds"":0,""rush_att"":0,""rush_tds"":0,""rush_yds"":0,""rush_yds_100"":0,""rush_yds_200"":0,""scrimage_yards_100"":0,""scrimage_yards_200"":0}"
18876,14558,Deonte Harty,WR,WR,FA,13.091,calculated,13.14,16.71,20.28,"{""2pt_tds"":0,""fumbles"":0.05,""points"":13.14,""points_half"":16.71,""points_ppr"":20.28,""rec_rec"":7.15,""rec_tds"":0.6,""rec_yds"":86.03,""rec_yds_100"":0,""rec_yds_200"":0,""ret_tds"":0,""rush_att"":1.38,""rush_tds"":0.04,""rush_yds"":7.48,""rush_yds_100"":0,""rush_yds_200"":0,""scrimage_yards_100"":0,""scrimage_yards_200"":0}"
18618,14124,KeeSean Johnson,WR,WR,FA,12.906,calculated,12.89,16.76,20.64,"{""2pt_tds"":0,""fumbles"":0.03,""points"":12.89,""points_half"":16.76,""points_ppr"":20.64,""rec_rec"":7.75,""rec_tds"":0.56,""rec_yds"":96.06,""rec_yds_100"":0,""rec_yds_200"":0,""ret_tds"":0,""rush_att"":0,""rush_tds"":0,""rush_yds"":0,""rush_yds_100"":0,""rush_yds_200"":0,""scrimage_yards_100"":0,""scrimage_yards_200"":0}"
19729,14865,Freddie Swain,WR,WR,FA,12.815,calculated,12.78,16.41,20.03,"{""2pt_tds"":0,""fumbles"":0.01,""points"":12.78,""points_half"":16.41,""points_ppr"":20.03,""rec_rec"":7.25,""rec_tds"":0.58,""rec_yds"":93.55,""rec_yds_100"":0,""rec_yds_200"":0,""ret_tds"":0,""rush_att"":0,""rush_tds"":0,""rush_yds"":0,""rush_yds_100"":0,""rush_yds_200"":0,""scrimage_yards_100"":0,""scrimage_yards_200"":0}"
16443,13172,Noah Brown,WR,WR,LV,12.702,calculated,12.72,16.32,19.92,"{""2pt_tds"":0,""fumbles"":0.02,""points"":12.72,""points_half"":16.32,""points_ppr"":19.92,""rec_rec"":7.2,""rec_tds"":0.59,""rec_yds"":92.02,""rec_yds_100"":0,""rec_yds_200"":0,""ret_tds"":0,""rush_att"":0,""rush_tds"":0,""rush_yds"":0,""rush_yds_100"":0,""rush_yds_200"":0,""scrimage_yards_100"":0,""scrimage_yards_200"":0}"
19359,14848,James Proche II,WR,WR,FA,12.452,calculated,12.46,15.81,19.17,"{""2pt_tds"":0,""fumbles"":0.02,""points"":12.46,""points_half"":15.81,""points_ppr"":19.17,""rec_rec"":6.71,""rec_tds"":0.54,""rec_yds"":92.52,""rec_yds_100"":0,""rec_yds_200"":0,""ret_tds"":0,""rush_att"":0,""rush_tds"":0,""rush_yds"":0,""rush_yds_100"":0,""rush_yds_200"":0,""scrimage_yards_100"":0,""scrimage_yards_200"":0}"
19736,14998,Dezmon Patmon,WR,WR,FA,12.448,calculated,12.45,16.19,19.94,"{""2pt_tds"":0,""fumbles"":0.01,""points"":12.45,""points_half"":16.19,""points_ppr"":19.94,""rec_rec"":7.49,""rec_tds"":0.56,""rec_yds"":91.08,""rec_yds_100"":0,""rec_yds_200"":0,""ret_tds"":0,""rush_att"":0,""rush_tds"":0,""rush_yds"":0,""rush_yds_100"":0,""rush_yds_200"":0,""scrimage_yards_100"":0,""scrimage_yards_200"":0}"
9696,9921,Andre Roberts,WR,WR,FA,12.306,calculated,12.32,16.01,19.69,"{""2pt_tds"":0,""fumbles"":0.01,""points"":12.32,""points_half"":16.01,""points_ppr"":19.69,""rec_rec"":7.37,""rec_tds"":0.47,""rec_yds"":95.06,""rec_yds_100"":0,""rec_yds_200"":0,""ret_tds"":0,""rush_att"":0,""rush_tds"":0,""rush_yds"":0,""rush_yds_100"":0,""rush_yds_200"":0,""scrimage_yards_100"":0,""scrimage_yards_200"":0}"
13840,12471,Seth Roberts,WR,WR,FA,12.184,calculated,12.2,15.99,19.78,"{""2pt_tds"":0,""fumbles"":0.01,""points"":12.2,""points_half"":15.99,""points_ppr"":19.78,""rec_rec"":7.59,""rec_tds"":0.43,""rec_yds"":96.24,""rec_yds_100"":0,""rec_yds_200"":0,""ret_tds"":0,""rush_att"":0,""rush_tds"":0,""rush_yds"":0,""rush_yds_100"":0,""rush_yds_200"":0,""scrimage_yards_100"":0,""scrimage_yards_200"":0}"
18933,14545,Jason Moore Jr.,WR,WR,FA,12.071,calculated,12.04,15.73,19.41,"{""2pt_tds"":0,""fumbles"":0.04,""points"":12.04,""points_half"":15.73,""points_ppr"":19.41,""rec_rec"":7.37,""rec_tds"":0.5,""rec_yds"":91.51,""rec_yds_100"":0,""rec_yds_200"":0,""ret_tds"":0,""rush_att"":0,""rush_tds"":0,""rush_yds"":0,""rush_yds_100"":0,""rush_yds_200"":0,""scrimage_yards_100"":0,""scrimage_yards_200"":0}"
17458,13653,Robert Foster,WR,WR,FA,11.73,calculated,11.73,15.04,18.34,"{""2pt_tds"":0,""fumbles"":0,""points"":11.73,""points_half"":15.04,""points_ppr"":18.34,""rec_rec"":6.61,""rec_tds"":0.49,""rec_yds"":87.9,""rec_yds_100"":0,""rec_yds_200"":0,""ret_tds"":0,""rush_att"":0,""rush_tds"":0,""rush_yds"":0,""rush_yds_100"":0,""rush_yds_200"":0,""scrimage_yards_100"":0,""scrimage_yards_200"":0}"
17262,13652,Cedrick Wilson Jr.,WR,WR,DET,11.596,calculated,11.61,15.26,18.91,"{""2pt_tds"":0,""fumbles"":0.02,""points"":11.61,""points_half"":15.26,""points_ppr"":18.91,""rec_rec"":7.3,""rec_tds"":0.38,""rec_yds"":93.56,""rec_yds_100"":0,""rec_yds_200"":0,""ret_tds"":0,""rush_att"":0,""rush_tds"":0,""rush_yds"":0,""rush_yds_100"":0,""rush_yds_200"":0,""scrimage_yards_100"":0,""scrimage_yards_200"":0}"
15703,12824,Cody Core,WR,WR,FA,11.587,calculated,11.56,14.55,17.54,"{""2pt_tds"":0,""fumbles"":0,""points"":11.56,""points_half"":14.55,""points_ppr"":17.54,""rec_rec"":5.99,""rec_tds"":0.59,""rec_yds"":80.47,""rec_yds_100"":0,""rec_yds_200"":0,""ret_tds"":0,""rush_att"":0,""rush_tds"":0,""rush_yds"":0,""rush_yds_100"":0,""rush_yds_200"":0,""scrimage_yards_100"":0,""scrimage_yards_200"":0}"
17289,13638,Braxton Berrios,WR,WR,NYG,11.251,calculated,11.27,14.39,17.51,"{""2pt_tds"":0,""fumbles"":0.02,""points"":11.27,""points_half"":14.39,""points_ppr"":17.51,""rec_rec"":6.24,""rec_tds"":0.45,""rec_yds"":79.3,""rec_yds_100"":0,""rec_yds_200"":0,""ret_tds"":0,""rush_att"":0.9,""rush_tds"":0.02,""rush_yds"":5.41,""rush_yds_100"":0,""rush_yds_200"":0,""scrimage_yards_100"":0,""scrimage_yards_200"":0}"
14103,12394,DeAndre Carter,WR,WR,FA,10.914,calculated,10.93,13.85,16.77,"{""2pt_tds"":0,""fumbles"":0.02,""points"":10.93,""points_half"":13.85,""points_ppr"":16.77,""rec_rec"":5.84,""rec_tds"":0.46,""rec_yds"":81.94,""rec_yds_100"":0,""rec_yds_200"":0,""ret_tds"":0,""rush_att"":0,""rush_tds"":0,""rush_yds"":0,""rush_yds_100"":0,""rush_yds_200"":0,""scrimage_yards_100"":0,""scrimage_yards_200"":0}"
17441,13991,Quadree Henderson,WR,WR,FA,10.596,calculated,10.6,13.58,16.56,"{""2pt_tds"":0,""fumbles"":0,""points"":10.6,""points_half"":13.58,""points_ppr"":16.56,""rec_rec"":5.96,""rec_tds"":0.46,""rec_yds"":78.36,""rec_yds_100"":0,""rec_yds_200"":0,""ret_tds"":0,""rush_att"":0,""rush_tds"":0,""rush_yds"":0,""rush_yds_100"":0,""rush_yds_200"":0,""scrimage_yards_100"":0,""scrimage_yards_200"":0}"
16489,13289,Mack Hollins,WR,WR,NE,10.587,calculated,10.57,13.66,16.75,"{""2pt_tds"":0,""fumbles"":0.01,""points"":10.57,""points_half"":13.66,""points_ppr"":16.75,""rec_rec"":6.19,""rec_tds"":0.37,""rec_yds"":83.87,""rec_yds_100"":0,""rec_yds_200"":0,""ret_tds"":0,""rush_att"":0,""rush_tds"":0,""rush_yds"":0,""rush_yds_100"":0,""rush_yds_200"":0,""scrimage_yards_100"":0,""scrimage_yards_200"":0}"
19746,15022,Malcolm Perry,WR,WR,FA,10.423,calculated,10.42,13.87,17.32,"{""2pt_tds"":0,""fumbles"":0.04,""points"":10.42,""points_half"":13.87,""points_ppr"":17.32,""rec_rec"":6.9,""rec_tds"":0.37,""rec_yds"":82.83,""rec_yds_100"":0,""rec_yds_200"":0,""ret_tds"":0,""rush_att"":0,""rush_tds"":0,""rush_yds"":0,""rush_yds_100"":0,""rush_yds_200"":0,""scrimage_yards_100"":0,""scrimage_yards_200"":0}"
19396,14850,Quintez Cephus,WR,WR,FA,10.316,calculated,10.29,13.4,16.52,"{""2pt_tds"":0,""fumbles"":0.03,""points"":10.29,""points_half"":13.4,""points_ppr"":16.52,""rec_rec"":6.24,""rec_tds"":0.44,""rec_yds"":77.36,""rec_yds_100"":0,""rec_yds_200"":0,""ret_tds"":0,""rush_att"":0,""rush_tds"":0,""rush_yds"":0,""rush_yds_100"":0,""rush_yds_200"":0,""scrimage_yards_100"":0,""scrimage_yards_200"":0}"
17888,13893,Trent Sherfield Sr.,WR,WR,BUF,9.958,calculated,9.96,12.64,15.33,"{""2pt_tds"":0,""fumbles"":0.02,""points"":9.96,""points_half"":12.64,""points_ppr"":15.33,""rec_rec"":5.37,""rec_tds"":0.43,""rec_yds"":74.18,""rec_yds_100"":0,""rec_yds_200"":0,""ret_tds"":0,""rush_att"":0,""rush_tds"":0,""rush_yds"":0,""rush_yds_100"":0,""rush_yds_200"":0,""scrimage_yards_100"":0,""scrimage_yards_200"":0}"
17490,13662,Keke Coutee,WR,WR,FA,9.775,calculated,9.81,12.01,14.22,"{""2pt_tds"":0,""fumbles"":0.01,""points"":9.81,""points_half"":12.01,""points_ppr"":14.22,""rec_rec"":4.41,""rec_tds"":0.3,""rec_yds"":47.38,""rec_yds_100"":0,""rec_yds_200"":0,""ret_tds"":0,""rush_att"":3.44,""rush_tds"":0.16,""rush_yds"":22.97,""rush_yds_100"":0,""rush_yds_200"":0,""scrimage_yards_100"":0,""scrimage_yards_200"":0}"
18063,13999,Chad Beebe,WR,WR,FA,9.714,calculated,9.72,12.08,14.44,"{""2pt_tds"":0,""fumbles"":0.01,""points"":9.72,""points_half"":12.08,""points_ppr"":14.44,""rec_rec"":4.71,""rec_tds"":0.37,""rec_yds"":75.14,""rec_yds_100"":0,""rec_yds_200"":0,""ret_tds"":0,""rush_att"":0,""rush_tds"":0,""rush_yds"":0,""rush_yds_100"":0,""rush_yds_200"":0,""scrimage_yards_100"":0,""scrimage_yards_200"":0}"
19708,14977,K.J. Osborn,WR,WR,TEN,9.674,calculated,9.68,12.6,15.52,"{""2pt_tds"":0,""fumbles"":0.02,""points"":9.68,""points_half"":12.6,""points_ppr"":15.52,""rec_rec"":5.83,""rec_tds"":0.27,""rec_yds"":80.94,""rec_yds_100"":0,""rec_yds_200"":0,""ret_tds"":0,""rush_att"":0,""rush_tds"":0,""rush_yds"":0,""rush_yds_100"":0,""rush_yds_200"":0,""scrimage_yards_100"":0,""scrimage_yards_200"":0}"
15814,13387,Marcus Johnson,WR,WR,FA,9.381,calculated,9.38,11.94,14.49,"{""2pt_tds"":0,""fumbles"":0,""points"":9.38,""points_half"":11.94,""points_ppr"":14.49,""rec_rec"":5.11,""rec_tds"":0.35,""rec_yds"":72.81,""rec_yds_100"":0,""rec_yds_200"":0,""ret_tds"":0,""rush_att"":0,""rush_tds"":0,""rush_yds"":0,""rush_yds_100"":0,""rush_yds_200"":0,""scrimage_yards_100"":0,""scrimage_yards_200"":0}"
19329,14969,John Hightower,WR,WR,FA,8.926,calculated,8.93,11.55,14.18,"{""2pt_tds"":0,""fumbles"":0.01,""points"":8.93,""points_half"":11.55,""points_ppr"":14.18,""rec_rec"":5.25,""rec_tds"":0.41,""rec_yds"":64.86,""rec_yds_100"":0,""rec_yds_200"":0,""ret_tds"":0,""rush_att"":0,""rush_tds"":0,""rush_yds"":0,""rush_yds_100"":0,""rush_yds_200"":0,""scrimage_yards_100"":0,""scrimage_yards_200"":0}"
17793,13910,Brandon Powell,WR,WR,FA,8.723,calculated,8.73,11.37,14,"{""2pt_tds"":0,""fumbles"":0.03,""points"":8.73,""points_half"":11.37,""points_ppr"":14,""rec_rec"":5.27,""rec_tds"":0.35,""rec_yds"":66.83,""rec_yds_100"":0,""rec_yds_200"":0,""ret_tds"":0,""rush_att"":0,""rush_tds"":0,""rush_yds"":0,""rush_yds_100"":0,""rush_yds_200"":0,""scrimage_yards_100"":0,""scrimage_yards_200"":0}"
16834,13878,C.J. Board,WR,WR,FA,8.703,calculated,8.68,11.14,13.6,"{""2pt_tds"":0,""fumbles"":0.01,""points"":8.68,""points_half"":11.14,""points_ppr"":13.6,""rec_rec"":4.91,""rec_tds"":0.36,""rec_yds"":65.63,""rec_yds_100"":0,""rec_yds_200"":0,""ret_tds"":0,""rush_att"":0,""rush_tds"":0,""rush_yds"":0,""rush_yds_100"":0,""rush_yds_200"":0,""scrimage_yards_100"":0,""scrimage_yards_200"":0}"
17739,13863,Byron Pringle,WR,WR,FA,8.667,calculated,8.66,10.74,12.83,"{""2pt_tds"":0,""fumbles"":0.01,""points"":8.66,""points_half"":10.74,""points_ppr"":12.83,""rec_rec"":4.17,""rec_tds"":0.4,""rec_yds"":62.87,""rec_yds_100"":0,""rec_yds_200"":0,""ret_tds"":0,""rush_att"":0,""rush_tds"":0,""rush_yds"":0,""rush_yds_100"":0,""rush_yds_200"":0,""scrimage_yards_100"":0,""scrimage_yards_200"":0}"
17264,13634,Dante Pettis,WR,WR,BUF,8.518,calculated,8.51,10.47,12.42,"{""2pt_tds"":0,""fumbles"":0.02,""points"":8.51,""points_half"":10.47,""points_ppr"":12.42,""rec_rec"":3.92,""rec_tds"":0.38,""rec_yds"":62.78,""rec_yds_100"":0,""rec_yds_200"":0,""ret_tds"":0,""rush_att"":0,""rush_tds"":0,""rush_yds"":0,""rush_yds_100"":0,""rush_yds_200"":0,""scrimage_yards_100"":0,""scrimage_yards_200"":0}"
17649,14045,Chris Lacy,WR,WR,FA,8.354,calculated,8.35,10.97,13.59,"{""2pt_tds"":0,""fumbles"":0,""points"":8.35,""points_half"":10.97,""points_ppr"":13.59,""rec_rec"":5.24,""rec_tds"":0.33,""rec_yds"":63.74,""rec_yds_100"":0,""rec_yds_200"":0,""ret_tds"":0,""rush_att"":0,""rush_tds"":0,""rush_yds"":0,""rush_yds_100"":0,""rush_yds_200"":0,""scrimage_yards_100"":0,""scrimage_yards_200"":0}"
16529,13851,Cody Hollister,WR,WR,FA,8.349,calculated,8.33,10.28,12.24,"{""2pt_tds"":0,""fumbles"":0.01,""points"":8.33,""points_half"":10.28,""points_ppr"":12.24,""rec_rec"":3.91,""rec_tds"":0.35,""rec_yds"":62.69,""rec_yds_100"":0,""rec_yds_200"":0,""ret_tds"":0,""rush_att"":0,""rush_tds"":0,""rush_yds"":0,""rush_yds_100"":0,""rush_yds_200"":0,""scrimage_yards_100"":0,""scrimage_yards_200"":0}"
15706,12913,Alex Erickson,WR,WR,FA,7.845,calculated,7.88,10.53,13.18,"{""2pt_tds"":0,""fumbles"":0.01,""points"":7.88,""points_half"":10.53,""points_ppr"":13.18,""rec_rec"":5.3,""rec_tds"":0.3,""rec_yds"":59.34,""rec_yds_100"":0,""rec_yds_200"":0,""ret_tds"":0,""rush_att"":0.16,""rush_tds"":0,""rush_yds"":1.31,""rush_yds_100"":0,""rush_yds_200"":0,""scrimage_yards_100"":0,""scrimage_yards_200"":0}"
19810,14974,Darnell Mooney,WR,WR,NYG,7.487,calculated,7.49,9.94,12.4,"{""2pt_tds"":0,""fumbles"":0.03,""points"":7.49,""points_half"":9.94,""points_ppr"":12.4,""rec_rec"":4.91,""rec_tds"":0.25,""rec_yds"":60.47,""rec_yds_100"":0,""rec_yds_200"":0,""ret_tds"":0,""rush_att"":0,""rush_tds"":0,""rush_yds"":0,""rush_yds_100"":0,""rush_yds_200"":0,""scrimage_yards_100"":0,""scrimage_yards_200"":0}"
18354,14554,Alexander Hollins,WR,WR,FA,7.18,calculated,7.18,9.08,10.97,"{""2pt_tds"":0,""fumbles"":0,""points"":7.18,""points_half"":9.08,""points_ppr"":10.97,""rec_rec"":3.79,""rec_tds"":0.31,""rec_yds"":53.2,""rec_yds_100"":0,""rec_yds_200"":0,""ret_tds"":0,""rush_att"":0,""rush_tds"":0,""rush_yds"":0,""rush_yds_100"":0,""rush_yds_200"":0,""scrimage_yards_100"":0,""scrimage_yards_200"":0}"
18719,14297,John Ursua,WR,WR,FA,6.905,calculated,6.91,8.86,10.82,"{""2pt_tds"":0,""fumbles"":0,""points"":6.91,""points_half"":8.86,""points_ppr"":10.82,""rec_rec"":3.91,""rec_tds"":0.32,""rec_yds"":49.85,""rec_yds_100"":0,""rec_yds_200"":0,""ret_tds"":0,""rush_att"":0,""rush_tds"":0,""rush_yds"":0,""rush_yds_100"":0,""rush_yds_200"":0,""scrimage_yards_100"":0,""scrimage_yards_200"":0}"
15689,12673,Charone Peake,WR,WR,FA,6.863,calculated,6.86,9.08,11.29,"{""2pt_tds"":0,""fumbles"":0,""points"":6.86,""points_half"":9.08,""points_ppr"":11.29,""rec_rec"":4.43,""rec_tds"":0.24,""rec_yds"":54.23,""rec_yds_100"":0,""rec_yds_200"":0,""ret_tds"":0,""rush_att"":0,""rush_tds"":0,""rush_yds"":0,""rush_yds_100"":0,""rush_yds_200"":0,""scrimage_yards_100"":0,""scrimage_yards_200"":0}"
18791,14561,Jeff Smith,WR,WR,FA,6.735,calculated,6.74,8.75,10.77,"{""2pt_tds"":0,""fumbles"":0,""points"":6.74,""points_half"":8.75,""points_ppr"":10.77,""rec_rec"":4.03,""rec_tds"":0.3,""rec_yds"":49.35,""rec_yds_100"":0,""rec_yds_200"":0,""ret_tds"":0,""rush_att"":0,""rush_tds"":0,""rush_yds"":0,""rush_yds_100"":0,""rush_yds_200"":0,""scrimage_yards_100"":0,""scrimage_yards_200"":0}"
16056,12890,Tevin Jones,WR,WR,FA,6.609,calculated,6.61,8.38,10.15,"{""2pt_tds"":0,""fumbles"":0,""points"":6.61,""points_half"":8.38,""points_ppr"":10.15,""rec_rec"":3.54,""rec_tds"":0.31,""rec_yds"":47.49,""rec_yds_100"":0,""rec_yds_200"":0,""ret_tds"":0,""rush_att"":0,""rush_tds"":0,""rush_yds"":0,""rush_yds_100"":0,""rush_yds_200"":0,""scrimage_yards_100"":0,""scrimage_yards_200"":0}"
17871,13882,Keith Kirkwood,WR,WR,FA,6.561,calculated,6.56,8.59,10.63,"{""2pt_tds"":0,""fumbles"":0.03,""points"":6.56,""points_half"":8.59,""points_ppr"":10.63,""rec_rec"":4.07,""rec_tds"":0.23,""rec_yds"":52.41,""rec_yds_100"":0,""rec_yds_200"":0,""ret_tds"":0,""rush_att"":0,""rush_tds"":0,""rush_yds"":0,""rush_yds_100"":0,""rush_yds_200"":0,""scrimage_yards_100"":0,""scrimage_yards_200"":0}"
16621,13179,Gehrig Dieter,WR,WR,FA,6.545,calculated,6.55,8.35,10.15,"{""2pt_tds"":0,""fumbles"":0,""points"":6.55,""points_half"":8.35,""points_ppr"":10.15,""rec_rec"":3.6,""rec_tds"":0.32,""rec_yds"":46.25,""rec_yds_100"":0,""rec_yds_200"":0,""ret_tds"":0,""rush_att"":0,""rush_tds"":0,""rush_yds"":0,""rush_yds_100"":0,""rush_yds_200"":0,""scrimage_yards_100"":0,""scrimage_yards_200"":0}"
16533,13367,Austin Carr,WR,WR,FA,6.331,calculated,6.33,8.1,9.87,"{""2pt_tds"":0,""fumbles"":0,""points"":6.33,""points_half"":8.1,""points_ppr"":9.87,""rec_rec"":3.54,""rec_tds"":0.32,""rec_yds"":44.11,""rec_yds_100"":0,""rec_yds_200"":0,""ret_tds"":0,""rush_att"":0,""rush_tds"":0,""rush_yds"":0,""rush_yds_100"":0,""rush_yds_200"":0,""scrimage_yards_100"":0,""scrimage_yards_200"":0}"
16930,13545,Isaac Whitney,WR,WR,FA,6.299,calculated,6.3,8.16,10.02,"{""2pt_tds"":0,""fumbles"":0,""points"":6.3,""points_half"":8.16,""points_ppr"":10.02,""rec_rec"":3.72,""rec_tds"":0.28,""rec_yds"":46.19,""rec_yds_100"":0,""rec_yds_200"":0,""ret_tds"":0,""rush_att"":0,""rush_tds"":0,""rush_yds"":0,""rush_yds_100"":0,""rush_yds_200"":0,""scrimage_yards_100"":0,""scrimage_yards_200"":0}"
15654,12773,Chris Moore,WR,WR,BAL,6.119,calculated,6.13,7.71,9.29,"{""2pt_tds"":0,""fumbles"":0.01,""points"":6.13,""points_half"":7.71,""points_ppr"":9.29,""rec_rec"":3.16,""rec_tds"":0.27,""rec_yds"":45.19,""rec_yds_100"":0,""rec_yds_200"":0,""ret_tds"":0,""rush_att"":0,""rush_tds"":0,""rush_yds"":0,""rush_yds_100"":0,""rush_yds_200"":0,""scrimage_yards_100"":0,""scrimage_yards_200"":0}"
17291,13657,J'Mon Moore,WR,WR,FA,6.064,calculated,6.06,7.81,9.55,"{""2pt_tds"":0,""fumbles"":0,""points"":6.06,""points_half"":7.81,""points_ppr"":9.55,""rec_rec"":3.49,""rec_tds"":0.26,""rec_yds"":45.04,""rec_yds_100"":0,""rec_yds_200"":0,""ret_tds"":0,""rush_att"":0,""rush_tds"":0,""rush_yds"":0,""rush_yds_100"":0,""rush_yds_200"":0,""scrimage_yards_100"":0,""scrimage_yards_200"":0}"
16487,13170,Shelton Gibson,WR,WR,FA,6.041,calculated,6.04,7.82,9.59,"{""2pt_tds"":0,""fumbles"":0,""points"":6.04,""points_half"":7.82,""points_ppr"":9.59,""rec_rec"":3.55,""rec_tds"":0.28,""rec_yds"":43.61,""rec_yds_100"":0,""rec_yds_200"":0,""ret_tds"":0,""rush_att"":0,""rush_tds"":0,""rush_yds"":0,""rush_yds_100"":0,""rush_yds_200"":0,""scrimage_yards_100"":0,""scrimage_yards_200"":0}"
18168,13669,Malik Turner,WR,WR,SF,6.027,calculated,6.05,7.75,9.46,"{""2pt_tds"":0,""fumbles"":0.01,""points"":6.05,""points_half"":7.75,""points_ppr"":9.46,""rec_rec"":3.41,""rec_tds"":0.29,""rec_yds"":43.07,""rec_yds_100"":0,""rec_yds_200"":0,""ret_tds"":0,""rush_att"":0,""rush_tds"":0,""rush_yds"":0,""rush_yds_100"":0,""rush_yds_200"":0,""scrimage_yards_100"":0,""scrimage_yards_200"":0}"
16430,13183,Chad Hansen,WR,WR,FA,5.922,calculated,5.92,7.74,9.56,"{""2pt_tds"":0,""fumbles"":0,""points"":5.92,""points_half"":7.74,""points_ppr"":9.56,""rec_rec"":3.64,""rec_tds"":0.25,""rec_yds"":44.22,""rec_yds_100"":0,""rec_yds_200"":0,""ret_tds"":0,""rush_att"":0,""rush_tds"":0,""rush_yds"":0,""rush_yds_100"":0,""rush_yds_200"":0,""scrimage_yards_100"":0,""scrimage_yards_200"":0}"
15852,12800,Trevor Davis,WR,WR,FA,5.909,calculated,5.91,7.76,9.61,"{""2pt_tds"":0,""fumbles"":0,""points"":5.91,""points_half"":7.76,""points_ppr"":9.61,""rec_rec"":3.7,""rec_tds"":0.23,""rec_yds"":45.29,""rec_yds_100"":0,""rec_yds_200"":0,""ret_tds"":0,""rush_att"":0,""rush_tds"":0,""rush_yds"":0,""rush_yds_100"":0,""rush_yds_200"":0,""scrimage_yards_100"":0,""scrimage_yards_200"":0}"
17530,13641,Ray-Ray McCloud III,WR,WR,CHI,5.87,calculated,5.84,7.26,8.68,"{""2pt_tds"":0,""fumbles"":0.01,""points"":5.84,""points_half"":7.26,""points_ppr"":8.68,""rec_rec"":2.84,""rec_tds"":0.22,""rec_yds"":45.7,""rec_yds_100"":0,""rec_yds_200"":0,""ret_tds"":0,""rush_att"":0,""rush_tds"":0,""rush_yds"":0,""rush_yds_100"":0,""rush_yds_200"":0,""scrimage_yards_100"":0,""scrimage_yards_200"":0}"
18763,14440,Michael Walker,WR,WR,FA,5.859,calculated,5.86,7.76,9.67,"{""2pt_tds"":0,""fumbles"":0,""points"":5.86,""points_half"":7.76,""points_ppr"":9.67,""rec_rec"":3.81,""rec_tds"":0.17,""rec_yds"":48.39,""rec_yds_100"":0,""rec_yds_200"":0,""ret_tds"":0,""rush_att"":0,""rush_tds"":0,""rush_yds"":0,""rush_yds_100"":0,""rush_yds_200"":0,""scrimage_yards_100"":0,""scrimage_yards_200"":0}"
17916,13659,Steven Mitchell Jr.,WR,WR,FA,5.527,calculated,5.53,7.21,8.9,"{""2pt_tds"":0,""fumbles"":0,""points"":5.53,""points_half"":7.21,""points_ppr"":8.9,""rec_rec"":3.37,""rec_tds"":0.22,""rec_yds"":42.07,""rec_yds_100"":0,""rec_yds_200"":0,""ret_tds"":0,""rush_att"":0,""rush_tds"":0,""rush_yds"":0,""rush_yds_100"":0,""rush_yds_200"":0,""scrimage_yards_100"":0,""scrimage_yards_200"":0}"
15658,12777,Ricardo Louis,WR,WR,FA,5.263,calculated,5.26,7.02,8.78,"{""2pt_tds"":0,""fumbles"":0,""points"":5.26,""points_half"":7.02,""points_ppr"":8.78,""rec_rec"":3.52,""rec_tds"":0.17,""rec_yds"":42.43,""rec_yds_100"":0,""rec_yds_200"":0,""ret_tds"":0,""rush_att"":0,""rush_tds"":0,""rush_yds"":0,""rush_yds_100"":0,""rush_yds_200"":0,""scrimage_yards_100"":0,""scrimage_yards_200"":0}"
16496,13238,Robert Davis,WR,WR,FA,5.241,calculated,5.24,6.82,8.4,"{""2pt_tds"":0,""fumbles"":0,""points"":5.24,""points_half"":6.82,""points_ppr"":8.4,""rec_rec"":3.16,""rec_tds"":0.27,""rec_yds"":36.21,""rec_yds_100"":0,""rec_yds_200"":0,""ret_tds"":0,""rush_att"":0,""rush_tds"":0,""rush_yds"":0,""rush_yds_100"":0,""rush_yds_200"":0,""scrimage_yards_100"":0,""scrimage_yards_200"":0}"
16117,13510,Jaydon Mickens,WR,WR,FA,5.024,calculated,4.99,5.92,6.84,"{""2pt_tds"":0,""fumbles"":0.01,""points"":4.99,""points_half"":5.92,""points_ppr"":6.84,""rec_rec"":1.85,""rec_tds"":0.19,""rec_yds"":39.04,""rec_yds_100"":0,""rec_yds_200"":0,""ret_tds"":0,""rush_att"":0,""rush_tds"":0,""rush_yds"":0,""rush_yds_100"":0,""rush_yds_200"":0,""scrimage_yards_100"":0,""scrimage_yards_200"":0}"
18907,14549,Nsimba Webster,WR,WR,FA,4.563,calculated,4.58,5.81,7.04,"{""2pt_tds"":0,""fumbles"":0.01,""points"":4.58,""points_half"":5.81,""points_ppr"":7.04,""rec_rec"":2.45,""rec_tds"":0.17,""rec_yds"":35.63,""rec_yds_100"":0,""rec_yds_200"":0,""ret_tds"":0,""rush_att"":0,""rush_tds"":0,""rush_yds"":0,""rush_yds_100"":0,""rush_yds_200"":0,""scrimage_yards_100"":0,""scrimage_yards_200"":0}"
15914,12675,Mike Thomas,WR,WR,FA,4.452,calculated,4.39,5.23,6.06,"{""2pt_tds"":0,""fumbles"":0.03,""points"":4.39,""points_half"":5.23,""points_ppr"":6.06,""rec_rec"":1.67,""rec_tds"":0.14,""rec_yds"":21.32,""rec_yds_100"":0,""rec_yds_200"":0,""ret_tds"":0,""rush_att"":1.96,""rush_tds"":0.06,""rush_yds"":11.8,""rush_yds_100"":0,""rush_yds_200"":0,""scrimage_yards_100"":0,""scrimage_yards_200"":0}"
16728,13280,Chad Williams,WR,WR,FA,4.295,calculated,4.3,5.54,6.79,"{""2pt_tds"":0,""fumbles"":0,""points"":4.3,""points_half"":5.54,""points_ppr"":6.79,""rec_rec"":2.49,""rec_tds"":0.16,""rec_yds"":33.35,""rec_yds_100"":0,""rec_yds_200"":0,""ret_tds"":0,""rush_att"":0,""rush_tds"":0,""rush_yds"":0,""rush_yds_100"":0,""rush_yds_200"":0,""scrimage_yards_100"":0,""scrimage_yards_200"":0}"
13753,14565,Diontae Spencer,WR,WR,FA,4.258,calculated,4.23,5.65,7.07,"{""2pt_tds"":0,""fumbles"":0.01,""points"":4.23,""points_half"":5.65,""points_ppr"":7.07,""rec_rec"":2.84,""rec_tds"":0.15,""rec_yds"":33.78,""rec_yds_100"":0,""rec_yds_200"":0,""ret_tds"":0,""rush_att"":0,""rush_tds"":0,""rush_yds"":0,""rush_yds_100"":0,""rush_yds_200"":0,""scrimage_yards_100"":0,""scrimage_yards_200"":0}"
17668,14046,Darvin Kidsy,WR,WR,FA,4.257,calculated,4.26,5.51,6.76,"{""2pt_tds"":0,""fumbles"":0,""points"":4.26,""points_half"":5.51,""points_ppr"":6.76,""rec_rec"":2.5,""rec_tds"":0.16,""rec_yds"":32.97,""rec_yds_100"":0,""rec_yds_200"":0,""ret_tds"":0,""rush_att"":0,""rush_tds"":0,""rush_yds"":0,""rush_yds_100"":0,""rush_yds_200"":0,""scrimage_yards_100"":0,""scrimage_yards_200"":0}"
9446,9200,Matthew Slater,WR,WR,FA,3.876,calculated,3.88,4.54,5.2,"{""2pt_tds"":0,""fumbles"":0.01,""points"":3.88,""points_half"":4.54,""points_ppr"":5.2,""rec_rec"":1.32,""rec_tds"":0.09,""rec_yds"":33.56,""rec_yds_100"":0,""rec_yds_200"":0,""ret_tds"":0,""rush_att"":0,""rush_tds"":0,""rush_yds"":0,""rush_yds_100"":0,""rush_yds_200"":0,""scrimage_yards_100"":0,""scrimage_yards_200"":0}"
13081,11931,Bennie Fowler III,WR,WR,FA,3.714,calculated,3.71,4.92,6.12,"{""2pt_tds"":0,""fumbles"":0,""points"":3.71,""points_half"":4.92,""points_ppr"":6.12,""rec_rec"":2.41,""rec_tds"":0.16,""rec_yds"":27.54,""rec_yds_100"":0,""rec_yds_200"":0,""ret_tds"":0,""rush_att"":0,""rush_tds"":0,""rush_yds"":0,""rush_yds_100"":0,""rush_yds_200"":0,""scrimage_yards_100"":0,""scrimage_yards_200"":0}"
17232,13585,Brandon Zylstra,WR,WR,FA,3.531,calculated,3.54,4.55,5.56,"{""2pt_tds"":0,""fumbles"":0.01,""points"":3.54,""points_half"":4.55,""points_ppr"":5.56,""rec_rec"":2.02,""rec_tds"":0.17,""rec_yds"":25.31,""rec_yds_100"":0,""rec_yds_200"":0,""ret_tds"":0,""rush_att"":0,""rush_tds"":0,""rush_yds"":0,""rush_yds_100"":0,""rush_yds_200"":0,""scrimage_yards_100"":0,""scrimage_yards_200"":0}"
19298,14857,Donovan Peoples-Jones,WR,WR,FA,3.283,calculated,3.25,4.18,5.1,"{""2pt_tds"":0,""fumbles"":0.01,""points"":3.25,""points_half"":4.18,""points_ppr"":5.1,""rec_rec"":1.85,""rec_tds"":0.16,""rec_yds"":23.43,""rec_yds_100"":0,""rec_yds_200"":0,""ret_tds"":0,""rush_att"":0,""rush_tds"":0,""rush_yds"":0,""rush_yds_100"":0,""rush_yds_200"":0,""scrimage_yards_100"":0,""scrimage_yards_200"":0}"
18470,14265,Travis Fulgham,WR,WR,FA,3.271,calculated,3.27,4.15,5.02,"{""2pt_tds"":0,""fumbles"":0,""points"":3.27,""points_half"":4.15,""points_ppr"":5.02,""rec_rec"":1.75,""rec_tds"":0.16,""rec_yds"":23.11,""rec_yds_100"":0,""rec_yds_200"":0,""ret_tds"":0,""rush_att"":0,""rush_tds"":0,""rush_yds"":0,""rush_yds_100"":0,""rush_yds_200"":0,""scrimage_yards_100"":0,""scrimage_yards_200"":0}"
16918,13503,Marcus Kemp,WR,WR,FA,3.228,calculated,3.21,4,4.78,"{""2pt_tds"":0,""fumbles"":0.01,""points"":3.21,""points_half"":4,""points_ppr"":4.78,""rec_rec"":1.58,""rec_tds"":0.15,""rec_yds"":23.48,""rec_yds_100"":0,""rec_yds_200"":0,""ret_tds"":0,""rush_att"":0,""rush_tds"":0,""rush_yds"":0,""rush_yds_100"":0,""rush_yds_200"":0,""scrimage_yards_100"":0,""scrimage_yards_200"":0}"
18656,14315,Ashton Dulin,WR,WR,IND,3.219,calculated,3.25,4.09,4.93,"{""2pt_tds"":0,""fumbles"":0.01,""points"":3.25,""points_half"":4.09,""points_ppr"":4.93,""rec_rec"":1.68,""rec_tds"":0.12,""rec_yds"":25.19,""rec_yds_100"":0,""rec_yds_200"":0,""ret_tds"":0,""rush_att"":0,""rush_tds"":0,""rush_yds"":0,""rush_yds_100"":0,""rush_yds_200"":0,""scrimage_yards_100"":0,""scrimage_yards_200"":0}"
18624,14131,Stanley Morgan Jr.,WR,WR,FA,3.021,calculated,3.02,3.89,4.75,"{""2pt_tds"":0,""fumbles"":0,""points"":3.02,""points_half"":3.89,""points_ppr"":4.75,""rec_rec"":1.73,""rec_tds"":0.15,""rec_yds"":21.21,""rec_yds_100"":0,""rec_yds_200"":0,""ret_tds"":0,""rush_att"":0,""rush_tds"":0,""rush_yds"":0,""rush_yds_100"":0,""rush_yds_200"":0,""scrimage_yards_100"":0,""scrimage_yards_200"":0}"
16495,13371,Keon Hatcher,WR,WR,FA,3.012,calculated,3.01,3.88,4.74,"{""2pt_tds"":0,""fumbles"":0,""points"":3.01,""points_half"":3.88,""points_ppr"":4.74,""rec_rec"":1.73,""rec_tds"":0.15,""rec_yds"":21.12,""rec_yds_100"":0,""rec_yds_200"":0,""ret_tds"":0,""rush_att"":0,""rush_tds"":0,""rush_yds"":0,""rush_yds_100"":0,""rush_yds_200"":0,""scrimage_yards_100"":0,""scrimage_yards_200"":0}"
19505,15034,Marquez Callaway,WR,WR,FA,2.94,calculated,2.94,3.75,4.55,"{""2pt_tds"":0,""fumbles"":0.01,""points"":2.94,""points_half"":3.75,""points_ppr"":4.55,""rec_rec"":1.61,""rec_tds"":0.15,""rec_yds"":20.6,""rec_yds_100"":0,""rec_yds_200"":0,""ret_tds"":0,""rush_att"":0,""rush_tds"":0,""rush_yds"":0,""rush_yds_100"":0,""rush_yds_200"":0,""scrimage_yards_100"":0,""scrimage_yards_200"":0}"
16151,12917,Maurice Harris,WR,WR,FA,2.826,calculated,2.83,3.55,4.27,"{""2pt_tds"":0,""fumbles"":0,""points"":2.83,""points_half"":3.55,""points_ppr"":4.27,""rec_rec"":1.44,""rec_tds"":0.16,""rec_yds"":16.98,""rec_yds_100"":0,""rec_yds_200"":0,""ret_tds"":0,""rush_att"":0.3,""rush_tds"":0,""rush_yds"":1.68,""rush_yds_100"":0,""rush_yds_200"":0,""scrimage_yards_100"":0,""scrimage_yards_200"":0}"
19672,14859,Trishton Jackson,WR,WR,FA,2.765,calculated,2.77,3.63,4.49,"{""2pt_tds"":0,""fumbles"":0.01,""points"":2.77,""points_half"":3.63,""points_ppr"":4.49,""rec_rec"":1.72,""rec_tds"":0.1,""rec_yds"":21.85,""rec_yds_100"":0,""rec_yds_200"":0,""ret_tds"":0,""rush_att"":0,""rush_tds"":0,""rush_yds"":0,""rush_yds_100"":0,""rush_yds_200"":0,""scrimage_yards_100"":0,""scrimage_yards_200"":0}"
18289,14853,Collin Johnson,WR,WR,FA,2.645,calculated,2.65,3.4,4.16,"{""2pt_tds"":0,""fumbles"":0.01,""points"":2.65,""points_half"":3.4,""points_ppr"":4.16,""rec_rec"":1.51,""rec_tds"":0.09,""rec_yds"":21.25,""rec_yds_100"":0,""rec_yds_200"":0,""ret_tds"":0,""rush_att"":0,""rush_tds"":0,""rush_yds"":0,""rush_yds_100"":0,""rush_yds_200"":0,""scrimage_yards_100"":0,""scrimage_yards_200"":0}"
20056,15057,Dan Chisena,WR,WR,CAR,2.529,calculated,2.53,3.28,4.03,"{""2pt_tds"":0,""fumbles"":0.01,""points"":2.53,""points_half"":3.28,""points_ppr"":4.03,""rec_rec"":1.5,""rec_tds"":0.1,""rec_yds"":19.49,""rec_yds_100"":0,""rec_yds_200"":0,""ret_tds"":0,""rush_att"":0,""rush_tds"":0,""rush_yds"":0,""rush_yds_100"":0,""rush_yds_200"":0,""scrimage_yards_100"":0,""scrimage_yards_200"":0}"
11575,11104,Josh Bellamy,WR,WR,FA,2.21,calculated,2.21,3.01,3.81,"{""2pt_tds"":0,""fumbles"":0,""points"":2.21,""points_half"":3.01,""points_ppr"":3.81,""rec_rec"":1.6,""rec_tds"":0.05,""rec_yds"":19.1,""rec_yds_100"":0,""rec_yds_200"":0,""ret_tds"":0,""rush_att"":0,""rush_tds"":0,""rush_yds"":0,""rush_yds_100"":0,""rush_yds_200"":0,""scrimage_yards_100"":0,""scrimage_yards_200"":0}"
14383,12429,DeAndrew White,WR,WR,FA,2.192,calculated,2.19,2.88,3.57,"{""2pt_tds"":0,""fumbles"":0,""points"":2.19,""points_half"":2.88,""points_ppr"":3.57,""rec_rec"":1.38,""rec_tds"":0.08,""rec_yds"":17.12,""rec_yds_100"":0,""rec_yds_200"":0,""ret_tds"":0,""rush_att"":0,""rush_tds"":0,""rush_yds"":0,""rush_yds_100"":0,""rush_yds_200"":0,""scrimage_yards_100"":0,""scrimage_yards_200"":0}"
16854,13529,JoJo Natson,WR,WR,FA,2.18,calculated,2.15,2.42,2.69,"{""2pt_tds"":0,""fumbles"":0,""points"":2.15,""points_half"":2.42,""points_ppr"":2.69,""rec_rec"":0.54,""rec_tds"":0.03,""rec_yds"":20,""rec_yds_100"":0,""rec_yds_200"":0,""ret_tds"":0,""rush_att"":0,""rush_tds"":0,""rush_yds"":0,""rush_yds_100"":0,""rush_yds_200"":0,""scrimage_yards_100"":0,""scrimage_yards_200"":0}"
17146,13398,Tim White,WR,WR,FA,2.073,calculated,2.07,2.62,3.17,"{""2pt_tds"":0,""fumbles"":0,""points"":2.07,""points_half"":2.62,""points_ppr"":3.17,""rec_rec"":1.1,""rec_tds"":0.12,""rec_yds"":13.53,""rec_yds_100"":0,""rec_yds_200"":0,""ret_tds"":0,""rush_att"":0,""rush_tds"":0,""rush_yds"":0,""rush_yds_100"":0,""rush_yds_200"":0,""scrimage_yards_100"":0,""scrimage_yards_200"":0}"
18590,14118,Lil'Jordan Humphrey,WR,WR,DEN,2.068,calculated,2.07,2.61,3.16,"{""2pt_tds"":0,""fumbles"":0,""points"":2.07,""points_half"":2.61,""points_ppr"":3.16,""rec_rec"":1.09,""rec_tds"":0.12,""rec_yds"":13.48,""rec_yds_100"":0,""rec_yds_200"":0,""ret_tds"":0,""rush_att"":0,""rush_tds"":0,""rush_yds"":0,""rush_yds_100"":0,""rush_yds_200"":0,""scrimage_yards_100"":0,""scrimage_yards_200"":0}"
19045,14481,Ventell Bryant,WR,WR,FA,1.985,calculated,1.99,2.51,3.03,"{""2pt_tds"":0,""fumbles"":0,""points"":1.99,""points_half"":2.51,""points_ppr"":3.03,""rec_rec"":1.04,""rec_tds"":0.1,""rec_yds"":13.85,""rec_yds_100"":0,""rec_yds_200"":0,""ret_tds"":0,""rush_att"":0,""rush_tds"":0,""rush_yds"":0,""rush_yds_100"":0,""rush_yds_200"":0,""scrimage_yards_100"":0,""scrimage_yards_200"":0}"
16253,12921,Tommylee Lewis,WR,WR,FA,1.367,calculated,1.37,1.93,2.49,"{""2pt_tds"":0,""fumbles"":0,""points"":1.37,""points_half"":1.93,""points_ppr"":2.49,""rec_rec"":1.12,""rec_tds"":0,""rec_yds"":13.67,""rec_yds_100"":0,""rec_yds_200"":0,""ret_tds"":0,""rush_att"":0,""rush_tds"":0,""rush_yds"":0,""rush_yds_100"":0,""rush_yds_200"":0,""scrimage_yards_100"":0,""scrimage_yards_200"":0}"
18676,14348,Ishmael Hyman,WR,WR,FA,1.238,calculated,1.24,1.72,2.21,"{""2pt_tds"":0,""fumbles"":0,""points"":1.24,""points_half"":1.72,""points_ppr"":2.21,""rec_rec"":0.97,""rec_tds"":0,""rec_yds"":12.38,""rec_yds_100"":0,""rec_yds_200"":0,""ret_tds"":0,""rush_att"":0,""rush_tds"":0,""rush_yds"":0,""rush_yds_100"":0,""rush_yds_200"":0,""scrimage_yards_100"":0,""scrimage_yards_200"":0}"
18787,14316,Penny Hart,WR,WR,FA,0.789,calculated,0.79,1.01,1.24,"{""2pt_tds"":0,""fumbles"":0,""points"":0.79,""points_half"":1.01,""points_ppr"":1.24,""rec_rec"":0.45,""rec_tds"":0.04,""rec_yds"":5.49,""rec_yds_100"":0,""rec_yds_200"":0,""ret_tds"":0,""rush_att"":0,""rush_tds"":0,""rush_yds"":0,""rush_yds_100"":0,""rush_yds_200"":0,""scrimage_yards_100"":0,""scrimage_yards_200"":0}"
18585,14108,Greg Dortch,WR,WR,DET,0.458,calculated,0.46,0.62,0.78,"{""2pt_tds"":0,""fumbles"":0,""points"":0.46,""points_half"":0.62,""points_ppr"":0.78,""rec_rec"":0.32,""rec_tds"":0,""rec_yds"":4.58,""rec_yds_100"":0,""rec_yds_200"":0,""ret_tds"":0,""rush_att"":0,""rush_tds"":0,""rush_yds"":0,""rush_yds_100"":0,""rush_yds_200"":0,""scrimage_yards_100"":0,""scrimage_yards_200"":0}"
19674,15027,Tyrie Cleveland,WR,WR,FA,0.299,calculated,0.3,0.4,0.5,"{""2pt_tds"":0,""fumbles"":0,""points"":0.3,""points_half"":0.4,""points_ppr"":0.5,""rec_rec"":0.2,""rec_tds"":0.01,""rec_yds"":2.39,""rec_yds_100"":0,""rec_yds_200"":0,""ret_tds"":0,""rush_att"":0,""rush_tds"":0,""rush_yds"":0,""rush_yds_100"":0,""rush_yds_200"":0,""scrimage_yards_100"":0,""scrimage_yards_200"":0}"
10006,10412,Aldrick Robinson,WR,WR,FA,0.0,calculated,0,0,0,"{""2pt_tds"":0,""fumbles"":0,""points"":0,""points_half"":0,""points_ppr"":0,""rec_rec"":0,""rec_tds"":0,""rec_yds"":0,""rec_yds_100"":0,""rec_yds_200"":0,""ret_tds"":0,""rush_att"":0,""rush_tds"":0,""rush_yds"":0,""rush_yds_100"":0,""rush_yds_200"":0,""scrimage_yards_100"":0,""scrimage_yards_200"":0}"
15707,14193,Alonzo Russell,WR,WR,FA,0.0,calculated,0,0,0,"{""2pt_tds"":0,""fumbles"":0,""points"":0,""points_half"":0,""points_ppr"":0,""rec_rec"":0,""rec_tds"":0,""rec_yds"":0,""rec_yds_100"":0,""rec_yds_200"":0,""ret_tds"":0,""rush_att"":0,""rush_tds"":0,""rush_yds"":0,""rush_yds_100"":0,""rush_yds_200"":0,""scrimage_yards_100"":0,""scrimage_yards_200"":0}"
16435,13166,Amara Darboh,WR,WR,FA,0.0,calculated,0,0,0,"{""2pt_tds"":0,""fumbles"":0,""points"":0,""points_half"":0,""points_ppr"":0,""rec_rec"":0,""rec_tds"":0,""rec_yds"":0,""rec_yds_100"":0,""rec_yds_200"":0,""ret_tds"":0,""rush_att"":0,""rush_tds"":0,""rush_yds"":0,""rush_yds_100"":0,""rush_yds_200"":0,""scrimage_yards_100"":0,""scrimage_yards_200"":0}"
11406,10674,Andre Holmes,WR,WR,FA,0.0,calculated,0,0,0,"{""2pt_tds"":0,""fumbles"":0,""points"":0,""points_half"":0,""points_ppr"":0,""rec_rec"":0,""rec_tds"":0,""rec_yds"":0,""rec_yds_100"":0,""rec_yds_200"":0,""ret_tds"":0,""rush_att"":0,""rush_tds"":0,""rush_yds"":0,""rush_yds_100"":0,""rush_yds_200"":0,""scrimage_yards_100"":0,""scrimage_yards_200"":0}"
16911,14365,Andre Patton,WR,WR,FA,0.0,calculated,0,0,0,"{""2pt_tds"":0,""fumbles"":0,""points"":0,""points_half"":0,""points_ppr"":0,""rec_rec"":0,""rec_tds"":0,""rec_yds"":0,""rec_yds_100"":0,""rec_yds_200"":0,""ret_tds"":0,""rush_att"":0,""rush_tds"":0,""rush_yds"":0,""rush_yds_100"":0,""rush_yds_200"":0,""scrimage_yards_100"":0,""scrimage_yards_200"":0}"
16131,12873,Andy Jones,WR,WR,FA,0.0,calculated,0,0,0,"{""2pt_tds"":0,""fumbles"":0,""points"":0,""points_half"":0,""points_ppr"":0,""rec_rec"":0,""rec_tds"":0,""rec_yds"":0,""rec_yds_100"":0,""rec_yds_200"":0,""ret_tds"":0,""rush_att"":0,""rush_tds"":0,""rush_yds"":0,""rush_yds_100"":0,""rush_yds_200"":0,""scrimage_yards_100"":0,""scrimage_yards_200"":0}"
18605,14130,Antoine Wesley,WR,WR,FA,0.0,calculated,0,0,0,"{""2pt_tds"":0,""fumbles"":0,""points"":0,""points_half"":0,""points_ppr"":0,""rec_rec"":0,""rec_tds"":0,""rec_yds"":0,""rec_yds_100"":0,""rec_yds_200"":0,""ret_tds"":0,""rush_att"":0,""rush_tds"":0,""rush_yds"":0,""rush_yds_100"":0,""rush_yds_200"":0,""scrimage_yards_100"":0,""scrimage_yards_200"":0}"
9808,9988,Antonio Brown,WR,WR,FA,0.0,calculated,0,0,0,"{""2pt_tds"":0,""fumbles"":0,""points"":0,""points_half"":0,""points_ppr"":0,""rec_rec"":0,""rec_tds"":0,""rec_yds"":0,""rec_yds_100"":0,""rec_yds_200"":0,""ret_tds"":0,""rush_att"":0,""rush_tds"":0,""rush_yds"":0,""rush_yds_100"":0,""rush_yds_200"":0,""scrimage_yards_100"":0,""scrimage_yards_200"":0}"
17286,13640,Antonio Callaway,WR,WR,FA,0.0,calculated,0,0,0,"{""2pt_tds"":0,""fumbles"":0,""points"":0,""points_half"":0,""points_ppr"":0,""rec_rec"":0,""rec_tds"":0,""rec_yds"":0,""rec_yds_100"":0,""rec_yds_200"":0,""ret_tds"":0,""rush_att"":0,""rush_tds"":0,""rush_yds"":0,""rush_yds_100"":0,""rush_yds_200"":0,""scrimage_yards_100"":0,""scrimage_yards_200"":0}"
16492,13161,Artavis Scott,WR,WR,FA,0.0,calculated,0,0,0,"{""2pt_tds"":0,""fumbles"":0,""points"":0,""points_half"":0,""points_ppr"":0,""rec_rec"":0,""rec_tds"":0,""rec_yds"":0,""rec_yds_100"":0,""rec_yds_200"":0,""ret_tds"":0,""rush_att"":0,""rush_tds"":0,""rush_yds"":0,""rush_yds_100"":0,""rush_yds_200"":0,""scrimage_yards_100"":0,""scrimage_yards_200"":0}"
17532,13650,Austin Proehl,WR,WR,FA,0.0,calculated,0,0,0,"{""2pt_tds"":0,""fumbles"":0,""points"":0,""points_half"":0,""points_ppr"":0,""rec_rec"":0,""rec_tds"":0,""rec_yds"":0,""rec_yds_100"":0,""rec_yds_200"":0,""ret_tds"":0,""rush_att"":0,""rush_tds"":0,""rush_yds"":0,""rush_yds_100"":0,""rush_yds_200"":0,""scrimage_yards_100"":0,""scrimage_yards_200"":0}"
17013,13544,Bobo Wilson,WR,WR,FA,0.0,calculated,0,0,0,"{""2pt_tds"":0,""fumbles"":0,""points"":0,""points_half"":0,""points_ppr"":0,""rec_rec"":0,""rec_tds"":0,""rec_yds"":0,""rec_yds_100"":0,""rec_yds_200"":0,""ret_tds"":0,""rush_att"":0,""rush_tds"":0,""rush_yds"":0,""rush_yds_100"":0,""rush_yds_200"":0,""scrimage_yards_100"":0,""scrimage_yards_200"":0}"
14341,12475,Bradley Marquez,WR,WR,FA,0.0,calculated,0,0,0,"{""2pt_tds"":0,""fumbles"":0,""points"":0,""points_half"":0,""points_ppr"":0,""rec_rec"":0,""rec_tds"":0,""rec_yds"":0,""rec_yds_100"":0,""rec_yds_200"":0,""ret_tds"":0,""rush_att"":0,""rush_tds"":0,""rush_yds"":0,""rush_yds_100"":0,""rush_yds_200"":0,""scrimage_yards_100"":0,""scrimage_yards_200"":0}"
9699,9843,Brandon LaFell,WR,WR,FA,0.0,calculated,0,0,0,"{""2pt_tds"":0,""fumbles"":0,""points"":0,""points_half"":0,""points_ppr"":0,""rec_rec"":0,""rec_tds"":0,""rec_yds"":0,""rec_yds_100"":0,""rec_yds_200"":0,""ret_tds"":0,""rush_att"":0,""rush_tds"":0,""rush_yds"":0,""rush_yds_100"":0,""rush_yds_200"":0,""scrimage_yards_100"":0,""scrimage_yards_200"":0}"
9064,8360,Brandon Marshall,WR,WR,FA,0.0,calculated,0,0,0,"{""2pt_tds"":0,""fumbles"":0,""points"":0,""points_half"":0,""points_ppr"":0,""rec_rec"":0,""rec_tds"":0,""rec_yds"":0,""rec_yds_100"":0,""rec_yds_200"":0,""ret_tds"":0,""rush_att"":0,""rush_tds"":0,""rush_yds"":0,""rush_yds_100"":0,""rush_yds_200"":0,""scrimage_yards_100"":0,""scrimage_yards_200"":0}"
11212,10735,Brian Quick,WR,WR,FA,0.0,calculated,0,0,0,"{""2pt_tds"":0,""fumbles"":0,""points"":0,""points_half"":0,""points_ppr"":0,""rec_rec"":0,""rec_tds"":0,""rec_yds"":0,""rec_yds_100"":0,""rec_yds_200"":0,""ret_tds"":0,""rush_att"":0,""rush_tds"":0,""rush_yds"":0,""rush_yds_100"":0,""rush_yds_200"":0,""scrimage_yards_100"":0,""scrimage_yards_200"":0}"
11837,11406,Brice Butler,WR,WR,FA,0.0,calculated,0,0,0,"{""2pt_tds"":0,""fumbles"":0,""points"":0,""points_half"":0,""points_ppr"":0,""rec_rec"":0,""rec_tds"":0,""rec_yds"":0,""rec_yds_100"":0,""rec_yds_200"":0,""ret_tds"":0,""rush_att"":0,""rush_tds"":0,""rush_yds"":0,""rush_yds_100"":0,""rush_yds_200"":0,""scrimage_yards_100"":0,""scrimage_yards_200"":0}"
12137,11689,Bruce Ellington,WR,WR,FA,0.0,calculated,0,0,0,"{""2pt_tds"":0,""fumbles"":0,""points"":0,""points_half"":0,""points_ppr"":0,""rec_rec"":0,""rec_tds"":0,""rec_yds"":0,""rec_yds_100"":0,""rec_yds_200"":0,""ret_tds"":0,""rush_att"":0,""rush_tds"":0,""rush_yds"":0,""rush_yds_100"":0,""rush_yds_200"":0,""scrimage_yards_100"":0,""scrimage_yards_200"":0}"
18148,13655,Cam Phillips,WR,WR,FA,0.0,calculated,0,0,0,"{""2pt_tds"":0,""fumbles"":0,""points"":0,""points_half"":0,""points_ppr"":0,""rec_rec"":0,""rec_tds"":0,""rec_yds"":0,""rec_yds_100"":0,""rec_yds_200"":0,""ret_tds"":0,""rush_att"":0,""rush_tds"":0,""rush_yds"":0,""rush_yds_100"":0,""rush_yds_200"":0,""scrimage_yards_100"":0,""scrimage_yards_200"":0}"
18016,13895,Cam Sims,WR,WR,FA,0.0,calculated,0,0,0,"{""2pt_tds"":0,""fumbles"":0,""points"":0,""points_half"":0,""points_ppr"":0,""rec_rec"":0,""rec_tds"":0,""rec_yds"":0,""rec_yds_100"":0,""rec_yds_200"":0,""ret_tds"":0,""rush_att"":0,""rush_tds"":0,""rush_yds"":0,""rush_yds_100"":0,""rush_yds_200"":0,""scrimage_yards_100"":0,""scrimage_yards_200"":0}"
17973,13912,Cameron Batson,WR,WR,FA,0.0,calculated,0,0,0,"{""2pt_tds"":0,""fumbles"":0,""points"":0,""points_half"":0,""points_ppr"":0,""rec_rec"":0,""rec_tds"":0,""rec_yds"":0,""rec_yds_100"":0,""rec_yds_200"":0,""ret_tds"":0,""rush_att"":0,""rush_tds"":0,""rush_yds"":0,""rush_yds_100"":0,""rush_yds_200"":0,""scrimage_yards_100"":0,""scrimage_yards_200"":0}"
14352,12465,Cameron Meredith,WR,WR,FA,0.0,calculated,0,0,0,"{""2pt_tds"":0,""fumbles"":0,""points"":0,""points_half"":0,""points_ppr"":0,""rec_rec"":0,""rec_tds"":0,""rec_yds"":0,""rec_yds_100"":0,""rec_yds_200"":0,""ret_tds"":0,""rush_att"":0,""rush_tds"":0,""rush_yds"":0,""rush_yds_100"":0,""rush_yds_200"":0,""scrimage_yards_100"":0,""scrimage_yards_200"":0}"
16038,12934,Chester Rogers,WR,WR,FA,0.0,calculated,0,0,0,"{""2pt_tds"":0,""fumbles"":0,""points"":0,""points_half"":0,""points_ppr"":0,""rec_rec"":0,""rec_tds"":0,""rec_yds"":0,""rec_yds_100"":0,""rec_yds_200"":0,""ret_tds"":0,""rush_att"":0,""rush_tds"":0,""rush_yds"":0,""rush_yds_100"":0,""rush_yds_200"":0,""scrimage_yards_100"":0,""scrimage_yards_200"":0}"
12206,11758,Cody Latimer,WR,WR,FA,0.0,calculated,0,0,0,"{""2pt_tds"":0,""fumbles"":0,""points"":0,""points_half"":0,""points_ppr"":0,""rec_rec"":0,""rec_tds"":0,""rec_yds"":0,""rec_yds_100"":0,""rec_yds_200"":0,""ret_tds"":0,""rush_att"":0,""rush_tds"":0,""rush_yds"":0,""rush_yds_100"":0,""rush_yds_200"":0,""scrimage_yards_100"":0,""scrimage_yards_200"":0}"
15506,12646,Corey Coleman,WR,WR,FA,0.0,calculated,0,0,0,"{""2pt_tds"":0,""fumbles"":0,""points"":0,""points_half"":0,""points_ppr"":0,""rec_rec"":0,""rec_tds"":0,""rec_yds"":0,""rec_yds_100"":0,""rec_yds_200"":0,""ret_tds"":0,""rush_att"":0,""rush_tds"":0,""rush_yds"":0,""rush_yds_100"":0,""rush_yds_200"":0,""scrimage_yards_100"":0,""scrimage_yards_200"":0}"
17096,14339,Cyril Grayson Jr.,WR,WR,FA,0.0,calculated,0,0,0,"{""2pt_tds"":0,""fumbles"":0,""points"":0,""points_half"":0,""points_ppr"":0,""rec_rec"":0,""rec_tds"":0,""rec_yds"":0,""rec_yds_100"":0,""rec_yds_200"":0,""ret_tds"":0,""rush_att"":0,""rush_tds"":0,""rush_yds"":0,""rush_yds_100"":0,""rush_yds_200"":0,""scrimage_yards_100"":0,""scrimage_yards_200"":0}"
19060,14373,Damion Willis,WR,WR,FA,0.0,calculated,0,0,0,"{""2pt_tds"":0,""fumbles"":0,""points"":0,""points_half"":0,""points_ppr"":0,""rec_rec"":0,""rec_tds"":0,""rec_yds"":0,""rec_yds_100"":0,""rec_yds_200"":0,""ret_tds"":0,""rush_att"":0,""rush_tds"":0,""rush_yds"":0,""rush_yds_100"":0,""rush_yds_200"":0,""scrimage_yards_100"":0,""scrimage_yards_200"":0}"
14467,12586,Darius Jennings,WR,WR,FA,0.0,calculated,0,0,0,"{""2pt_tds"":0,""fumbles"":0,""points"":0,""points_half"":0,""points_ppr"":0,""rec_rec"":0,""rec_tds"":0,""rec_yds"":0,""rec_yds_100"":0,""rec_yds_200"":0,""ret_tds"":0,""rush_att"":0,""rush_tds"":0,""rush_yds"":0,""rush_yds_100"":0,""rush_yds_200"":0,""scrimage_yards_100"":0,""scrimage_yards_200"":0}"
9156,9452,Darrius Heyward-Bey,WR,WR,FA,0.0,calculated,0,0,0,"{""2pt_tds"":0,""fumbles"":0,""points"":0,""points_half"":0,""points_ppr"":0,""rec_rec"":0,""rec_tds"":0,""rec_yds"":0,""rec_yds_100"":0,""rec_yds_200"":0,""ret_tds"":0,""rush_att"":0,""rush_tds"":0,""rush_yds"":0,""rush_yds_100"":0,""rush_yds_200"":0,""scrimage_yards_100"":0,""scrimage_yards_200"":0}"
17519,13666,Daurice Fountain,WR,WR,FA,0.0,calculated,0,0,0,"{""2pt_tds"":0,""fumbles"":0,""points"":0,""points_half"":0,""points_ppr"":0,""rec_rec"":0,""rec_tds"":0,""rec_yds"":0,""rec_yds_100"":0,""rec_yds_200"":0,""ret_tds"":0,""rush_att"":0,""rush_tds"":0,""rush_yds"":0,""rush_yds_100"":0,""rush_yds_200"":0,""scrimage_yards_100"":0,""scrimage_yards_200"":0}"
18485,14553,Davion Davis,WR,WR,FA,0.0,calculated,0,0,0,"{""2pt_tds"":0,""fumbles"":0,""points"":0,""points_half"":0,""points_ppr"":0,""rec_rec"":0,""rec_tds"":0,""rec_yds"":0,""rec_yds_100"":0,""rec_yds_200"":0,""ret_tds"":0,""rush_att"":0,""rush_tds"":0,""rush_yds"":0,""rush_yds_100"":0,""rush_yds_200"":0,""scrimage_yards_100"":0,""scrimage_yards_200"":0}"
9691,9884,Demaryius Thomas,WR,WR,FA,0.0,calculated,0,0,0,"{""2pt_tds"":0,""fumbles"":0,""points"":0,""points_half"":0,""points_ppr"":0,""rec_rec"":0,""rec_tds"":0,""rec_yds"":0,""rec_yds_100"":0,""rec_yds_200"":0,""ret_tds"":0,""rush_att"":0,""rush_tds"":0,""rush_yds"":0,""rush_yds_100"":0,""rush_yds_200"":0,""scrimage_yards_100"":0,""scrimage_yards_200"":0}"
17263,13636,Deon Cain,WR,WR,FA,0.0,calculated,0,0,0,"{""2pt_tds"":0,""fumbles"":0,""points"":0,""points_half"":0,""points_ppr"":0,""rec_rec"":0,""rec_tds"":0,""rec_yds"":0,""rec_yds_100"":0,""rec_yds_200"":0,""ret_tds"":0,""rush_att"":0,""rush_tds"":0,""rush_yds"":0,""rush_yds_100"":0,""rush_yds_200"":0,""scrimage_yards_100"":0,""scrimage_yards_200"":0}"
17257,13648,Deontay Burnett,WR,WR,FA,0.0,calculated,0,0,0,"{""2pt_tds"":0,""fumbles"":0,""points"":0,""points_half"":0,""points_ppr"":0,""rec_rec"":0,""rec_tds"":0,""rec_yds"":0,""rec_yds_100"":0,""rec_yds_200"":0,""ret_tds"":0,""rush_att"":0,""rush_tds"":0,""rush_yds"":0,""rush_yds_100"":0,""rush_yds_200"":0,""scrimage_yards_100"":0,""scrimage_yards_200"":0}"
11434,10956,Deonte Thompson,WR,WR,FA,0.0,calculated,0,0,0,"{""2pt_tds"":0,""fumbles"":0,""points"":0,""points_half"":0,""points_ppr"":0,""rec_rec"":0,""rec_tds"":0,""rec_yds"":0,""rec_yds_100"":0,""rec_yds_200"":0,""ret_tds"":0,""rush_att"":0,""rush_tds"":0,""rush_yds"":0,""rush_yds_100"":0,""rush_yds_200"":0,""scrimage_yards_100"":0,""scrimage_yards_200"":0}"
17664,13911,Derrick Willies,WR,WR,FA,0.0,calculated,0,0,0,"{""2pt_tds"":0,""fumbles"":0,""points"":0,""points_half"":0,""points_ppr"":0,""rec_rec"":0,""rec_tds"":0,""rec_yds"":0,""rec_yds_100"":0,""rec_yds_200"":0,""ret_tds"":0,""rush_att"":0,""rush_tds"":0,""rush_yds"":0,""rush_yds_100"":0,""rush_yds_200"":0,""scrimage_yards_100"":0,""scrimage_yards_200"":0}"
9681,9823,Dez Bryant,WR,WR,FA,0.0,calculated,0,0,0,"{""2pt_tds"":0,""fumbles"":0,""points"":0,""points_half"":0,""points_ppr"":0,""rec_rec"":0,""rec_tds"":0,""rec_yds"":0,""rec_yds_100"":0,""rec_yds_200"":0,""ret_tds"":0,""rush_att"":0,""rush_tds"":0,""rush_yds"":0,""rush_yds_100"":0,""rush_yds_200"":0,""scrimage_yards_100"":0,""scrimage_yards_200"":0}"
18623,14129,Dillon Mitchell,WR,WR,FA,0.0,calculated,0,0,0,"{""2pt_tds"":0,""fumbles"":0,""points"":0,""points_half"":0,""points_ppr"":0,""rec_rec"":0,""rec_tds"":0,""rec_yds"":0,""rec_yds_100"":0,""rec_yds_200"":0,""ret_tds"":0,""rush_att"":0,""rush_tds"":0,""rush_yds"":0,""rush_yds_100"":0,""rush_yds_200"":0,""scrimage_yards_100"":0,""scrimage_yards_200"":0}"
12125,11677,Donte Moncrief,WR,WR,FA,0.0,calculated,0,0,0,"{""2pt_tds"":0,""fumbles"":0,""points"":0,""points_half"":0,""points_ppr"":0,""rec_rec"":0,""rec_tds"":0,""rec_yds"":0,""rec_yds_100"":0,""rec_yds_200"":0,""ret_tds"":0,""rush_att"":0,""rush_tds"":0,""rush_yds"":0,""rush_yds_100"":0,""rush_yds_200"":0,""scrimage_yards_100"":0,""scrimage_yards_200"":0}"
10992,10527,Doug Baldwin,WR,WR,FA,0.0,calculated,0,0,0,"{""2pt_tds"":0,""fumbles"":0,""points"":0,""points_half"":0,""points_ppr"":0,""rec_rec"":0,""rec_tds"":0,""rec_yds"":0,""rec_yds_100"":0,""rec_yds_200"":0,""ret_tds"":0,""rush_att"":0,""rush_tds"":0,""rush_yds"":0,""rush_yds_100"":0,""rush_yds_200"":0,""scrimage_yards_100"":0,""scrimage_yards_200"":0}"
10004,10410,Dwayne Harris,WR,WR,FA,0.0,calculated,0,0,0,"{""2pt_tds"":0,""fumbles"":0,""points"":0,""points_half"":0,""points_ppr"":0,""rec_rec"":0,""rec_tds"":0,""rec_yds"":0,""rec_yds_100"":0,""rec_yds_200"":0,""ret_tds"":0,""rush_att"":0,""rush_tds"":0,""rush_yds"":0,""rush_yds_100"":0,""rush_yds_200"":0,""scrimage_yards_100"":0,""scrimage_yards_200"":0}"
17571,13807,Dylan Cantrell,WR,WR,FA,0.0,calculated,0,0,0,"{""2pt_tds"":0,""fumbles"":0,""points"":0,""points_half"":0,""points_ppr"":0,""rec_rec"":0,""rec_tds"":0,""rec_yds"":0,""rec_yds_100"":0,""rec_yds_200"":0,""ret_tds"":0,""rush_att"":0,""rush_tds"":0,""rush_yds"":0,""rush_yds_100"":0,""rush_yds_200"":0,""scrimage_yards_100"":0,""scrimage_yards_200"":0}"
14307,12731,Eli Rogers,WR,WR,FA,0.0,calculated,0,0,0,"{""2pt_tds"":0,""fumbles"":0,""points"":0,""points_half"":0,""points_ppr"":0,""rec_rec"":0,""rec_tds"":0,""rec_yds"":0,""rec_yds_100"":0,""rec_yds_200"":0,""ret_tds"":0,""rush_att"":0,""rush_tds"":0,""rush_yds"":0,""rush_yds_100"":0,""rush_yds_200"":0,""scrimage_yards_100"":0,""scrimage_yards_200"":0}"
18432,14115,Emanuel Hall,WR,WR,FA,0.0,calculated,0,0,0,"{""2pt_tds"":0,""fumbles"":0,""points"":0,""points_half"":0,""points_ppr"":0,""rec_rec"":0,""rec_tds"":0,""rec_yds"":0,""rec_yds_100"":0,""rec_yds_200"":0,""ret_tds"":0,""rush_att"":0,""rush_tds"":0,""rush_yds"":0,""rush_yds_100"":0,""rush_yds_200"":0,""scrimage_yards_100"":0,""scrimage_yards_200"":0}"
17430,14313,Emmanuel Butler,WR,WR,FA,0.0,calculated,0,0,0,"{""2pt_tds"":0,""fumbles"":0,""points"":0,""points_half"":0,""points_ppr"":0,""rec_rec"":0,""rec_tds"":0,""rec_yds"":0,""rec_yds_100"":0,""rec_yds_200"":0,""ret_tds"":0,""rush_att"":0,""rush_tds"":0,""rush_yds"":0,""rush_yds_100"":0,""rush_yds_200"":0,""scrimage_yards_100"":0,""scrimage_yards_200"":0}"
17160,14352,Fred Brown,WR,WR,FA,0.0,calculated,0,0,0,"{""2pt_tds"":0,""fumbles"":0,""points"":0,""points_half"":0,""points_ppr"":0,""rec_rec"":0,""rec_tds"":0,""rec_yds"":0,""rec_yds_100"":0,""rec_yds_200"":0,""ret_tds"":0,""rush_att"":0,""rush_tds"":0,""rush_yds"":0,""rush_yds_100"":0,""rush_yds_200"":0,""scrimage_yards_100"":0,""scrimage_yards_200"":0}"
13507,12062,Freddie Martino,WR,WR,FA,0.0,calculated,0,0,0,"{""2pt_tds"":0,""fumbles"":0,""points"":0,""points_half"":0,""points_ppr"":0,""rec_rec"":0,""rec_tds"":0,""rec_yds"":0,""rec_yds_100"":0,""rec_yds_200"":0,""ret_tds"":0,""rush_att"":0,""rush_tds"":0,""rush_yds"":0,""rush_yds_100"":0,""rush_yds_200"":0,""scrimage_yards_100"":0,""scrimage_yards_200"":0}"
18565,14120,Gary Jennings Jr.,WR,WR,FA,0.0,calculated,0,0,0,"{""2pt_tds"":0,""fumbles"":0,""points"":0,""points_half"":0,""points_ppr"":0,""rec_rec"":0,""rec_tds"":0,""rec_yds"":0,""rec_yds_100"":0,""rec_yds_200"":0,""ret_tds"":0,""rush_att"":0,""rush_tds"":0,""rush_yds"":0,""rush_yds_100"":0,""rush_yds_200"":0,""scrimage_yards_100"":0,""scrimage_yards_200"":0}"
18229,14106,Hakeem Butler,WR,WR,DEN,0.0,calculated,0,0,0,"{""2pt_tds"":0,""fumbles"":0,""points"":0,""points_half"":0,""points_ppr"":0,""rec_rec"":0,""rec_tds"":0,""rec_yds"":0,""rec_yds_100"":0,""rec_yds_200"":0,""ret_tds"":0,""rush_att"":0,""rush_tds"":0,""rush_yds"":0,""rush_yds_100"":0,""rush_yds_200"":0,""scrimage_yards_100"":0,""scrimage_yards_200"":0}"
19771,14972,Isaiah Coulter,WR,WR,FA,0.0,calculated,0,0,0,"{""2pt_tds"":0,""fumbles"":0,""points"":0,""points_half"":0,""points_ppr"":0,""rec_rec"":0,""rec_tds"":0,""rec_yds"":0,""rec_yds_100"":0,""rec_yds_200"":0,""ret_tds"":0,""rush_att"":0,""rush_tds"":0,""rush_yds"":0,""rush_yds_100"":0,""rush_yds_200"":0,""scrimage_yards_100"":0,""scrimage_yards_200"":0}"
19375,14849,Isaiah Hodgins,WR,WR,NYG,0.0,calculated,0,0,0,"{""2pt_tds"":0,""fumbles"":0,""points"":0,""points_half"":0,""points_ppr"":0,""rec_rec"":0,""rec_tds"":0,""rec_yds"":0,""rec_yds_100"":0,""rec_yds_200"":0,""ret_tds"":0,""rush_att"":0,""rush_tds"":0,""rush_yds"":0,""rush_yds_100"":0,""rush_yds_200"":0,""scrimage_yards_100"":0,""scrimage_yards_200"":0}"
17732,13905,J.J. Jones,WR,WR,FA,0.0,calculated,0,0,0,"{""2pt_tds"":0,""fumbles"":0,""points"":0,""points_half"":0,""points_ppr"":0,""rec_rec"":0,""rec_tds"":0,""rec_yds"":0,""rec_yds_100"":0,""rec_yds_200"":0,""ret_tds"":0,""rush_att"":0,""rush_tds"":0,""rush_yds"":0,""rush_yds_100"":0,""rush_yds_200"":0,""scrimage_yards_100"":0,""scrimage_yards_200"":0}"
14234,12319,J.J. Nelson,WR,WR,FA,0.0,calculated,0,0,0,"{""2pt_tds"":0,""fumbles"":0,""points"":0,""points_half"":0,""points_ppr"":0,""rec_rec"":0,""rec_tds"":0,""rec_yds"":0,""rec_yds_100"":0,""rec_yds_200"":0,""ret_tds"":0,""rush_att"":0,""rush_tds"":0,""rush_yds"":0,""rush_yds_100"":0,""rush_yds_200"":0,""scrimage_yards_100"":0,""scrimage_yards_200"":0}"
14083,12443,Jake Kumerow,WR,WR,FA,0.0,calculated,0,0,0,"{""2pt_tds"":0,""fumbles"":0,""points"":0,""points_half"":0,""points_ppr"":0,""rec_rec"":0,""rec_tds"":0,""rec_yds"":0,""rec_yds_100"":0,""rec_yds_200"":0,""ret_tds"":0,""rush_att"":0,""rush_tds"":0,""rush_yds"":0,""rush_yds_100"":0,""rush_yds_200"":0,""scrimage_yards_100"":0,""scrimage_yards_200"":0}"
17260,13663,Jaleel Scott,WR,WR,FA,0.0,calculated,0,0,0,"{""2pt_tds"":0,""fumbles"":0,""points"":0,""points_half"":0,""points_ppr"":0,""rec_rec"":0,""rec_tds"":0,""rec_yds"":0,""rec_yds_100"":0,""rec_yds_200"":0,""ret_tds"":0,""rush_att"":0,""rush_tds"":0,""rush_yds"":0,""rush_yds_100"":0,""rush_yds_200"":0,""scrimage_yards_100"":0,""scrimage_yards_200"":0}"
17910,14015,Jalen Tolliver,WR,WR,FA,0.0,calculated,0,0,0,"{""2pt_tds"":0,""fumbles"":0,""points"":0,""points_half"":0,""points_ppr"":0,""rec_rec"":0,""rec_tds"":0,""rec_yds"":0,""rec_yds_100"":0,""rec_yds_200"":0,""ret_tds"":0,""rush_att"":0,""rush_tds"":0,""rush_yds"":0,""rush_yds_100"":0,""rush_yds_200"":0,""scrimage_yards_100"":0,""scrimage_yards_200"":0}"
18053,13904,Janarion Grant,WR,WR,FA,0.0,calculated,0,0,0,"{""2pt_tds"":0,""fumbles"":0,""points"":0,""points_half"":0,""points_ppr"":0,""rec_rec"":0,""rec_tds"":0,""rec_yds"":0,""rec_yds_100"":0,""rec_yds_200"":0,""ret_tds"":0,""rush_att"":0,""rush_tds"":0,""rush_yds"":0,""rush_yds_100"":0,""rush_yds_200"":0,""scrimage_yards_100"":0,""scrimage_yards_200"":0}"
11211,10734,Jarius Wright,WR,WR,FA,0.0,calculated,0,0,0,"{""2pt_tds"":0,""fumbles"":0,""points"":0,""points_half"":0,""points_ppr"":0,""rec_rec"":0,""rec_tds"":0,""rec_yds"":0,""rec_yds_100"":0,""rec_yds_200"":0,""ret_tds"":0,""rush_att"":0,""rush_tds"":0,""rush_yds"":0,""rush_yds_100"":0,""rush_yds_200"":0,""scrimage_yards_100"":0,""scrimage_yards_200"":0}"
11898,11456,Jaron Brown,WR,WR,FA,0.0,calculated,0,0,0,"{""2pt_tds"":0,""fumbles"":0,""points"":0,""points_half"":0,""points_ppr"":0,""rec_rec"":0,""rec_tds"":0,""rec_yds"":0,""rec_yds_100"":0,""rec_yds_200"":0,""ret_tds"":0,""rush_att"":0,""rush_tds"":0,""rush_yds"":0,""rush_yds_100"":0,""rush_yds_200"":0,""scrimage_yards_100"":0,""scrimage_yards_200"":0}"
19590,14860,Jauan Jennings,WR,WR,MIN,0.0,calculated,0,0,0,"{""2pt_tds"":0,""fumbles"":0,""points"":0,""points_half"":0,""points_ppr"":0,""rec_rec"":0,""rec_tds"":0,""rec_yds"":0,""rec_yds_100"":0,""rec_yds_200"":0,""ret_tds"":0,""rush_att"":0,""rush_tds"":0,""rush_yds"":0,""rush_yds_100"":0,""rush_yds_200"":0,""scrimage_yards_100"":0,""scrimage_yards_200"":0}"
18008,13969,Jawill Davis,WR,WR,FA,0.0,calculated,0,0,0,"{""2pt_tds"":0,""fumbles"":0,""points"":0,""points_half"":0,""points_ppr"":0,""rec_rec"":0,""rec_tds"":0,""rec_yds"":0,""rec_yds_100"":0,""rec_yds_200"":0,""ret_tds"":0,""rush_att"":0,""rush_tds"":0,""rush_yds"":0,""rush_yds_100"":0,""rush_yds_200"":0,""scrimage_yards_100"":0,""scrimage_yards_200"":0}"
18657,14318,Jazz Ferguson,WR,WR,FA,0.0,calculated,0,0,0,"{""2pt_tds"":0,""fumbles"":0,""points"":0,""points_half"":0,""points_ppr"":0,""rec_rec"":0,""rec_tds"":0,""rec_yds"":0,""rec_yds_100"":0,""rec_yds_200"":0,""ret_tds"":0,""rush_att"":0,""rush_tds"":0,""rush_yds"":0,""rush_yds_100"":0,""rush_yds_200"":0,""scrimage_yards_100"":0,""scrimage_yards_200"":0}"
19478,14866,Jeff Thomas,WR,WR,FA,0.0,calculated,0,0,0,"{""2pt_tds"":0,""fumbles"":0,""points"":0,""points_half"":0,""points_ppr"":0,""rec_rec"":0,""rec_tds"":0,""rec_yds"":0,""rec_yds_100"":0,""rec_yds_200"":0,""ret_tds"":0,""rush_att"":0,""rush_tds"":0,""rush_yds"":0,""rush_yds_100"":0,""rush_yds_200"":0,""scrimage_yards_100"":0,""scrimage_yards_200"":0}"
16490,13169,Jehu Chesson,WR,WR,FA,0.0,calculated,0,0,0,"{""2pt_tds"":0,""fumbles"":0,""points"":0,""points_half"":0,""points_ppr"":0,""rec_rec"":0,""rec_tds"":0,""rec_yds"":0,""rec_yds_100"":0,""rec_yds_200"":0,""ret_tds"":0,""rush_att"":0,""rush_tds"":0,""rush_yds"":0,""rush_yds_100"":0,""rush_yds_200"":0,""scrimage_yards_100"":0,""scrimage_yards_200"":0}"
9986,10392,Jeremy Kerley,WR,WR,FA,0.0,calculated,0,0,0,"{""2pt_tds"":0,""fumbles"":0,""points"":0,""points_half"":0,""points_ppr"":0,""rec_rec"":0,""rec_tds"":0,""rec_yds"":0,""rec_yds_100"":0,""rec_yds_200"":0,""ret_tds"":0,""rush_att"":0,""rush_tds"":0,""rush_yds"":0,""rush_yds_100"":0,""rush_yds_200"":0,""scrimage_yards_100"":0,""scrimage_yards_200"":0}"
11548,11076,Jermaine Kearse,WR,WR,FA,0.0,calculated,0,0,0,"{""2pt_tds"":0,""fumbles"":0,""points"":0,""points_half"":0,""points_ppr"":0,""rec_rec"":0,""rec_tds"":0,""rec_yds"":0,""rec_yds_100"":0,""rec_yds_200"":0,""ret_tds"":0,""rush_att"":0,""rush_tds"":0,""rush_yds"":0,""rush_yds_100"":0,""rush_yds_200"":0,""scrimage_yards_100"":0,""scrimage_yards_200"":0}"
17285,13656,Jester Weah,WR,WR,FA,0.0,calculated,0,0,0,"{""2pt_tds"":0,""fumbles"":0,""points"":0,""points_half"":0,""points_ppr"":0,""rec_rec"":0,""rec_tds"":0,""rec_yds"":0,""rec_yds_100"":0,""rec_yds_200"":0,""ret_tds"":0,""rush_att"":0,""rush_tds"":0,""rush_yds"":0,""rush_yds_100"":0,""rush_yds_200"":0,""scrimage_yards_100"":0,""scrimage_yards_200"":0}"
15803,12916,Johnny Holton,WR,WR,FA,0.0,calculated,0,0,0,"{""2pt_tds"":0,""fumbles"":0,""points"":0,""points_half"":0,""points_ppr"":0,""rec_rec"":0,""rec_tds"":0,""rec_yds"":0,""rec_yds_100"":0,""rec_yds_200"":0,""ret_tds"":0,""rush_att"":0,""rush_tds"":0,""rush_yds"":0,""rush_yds_100"":0,""rush_yds_200"":0,""scrimage_yards_100"":0,""scrimage_yards_200"":0}"
17267,13658,Jordan Lasley,WR,WR,FA,0.0,calculated,0,0,0,"{""2pt_tds"":0,""fumbles"":0,""points"":0,""points_half"":0,""points_ppr"":0,""rec_rec"":0,""rec_tds"":0,""rec_yds"":0,""rec_yds_100"":0,""rec_yds_200"":0,""ret_tds"":0,""rush_att"":0,""rush_tds"":0,""rush_yds"":0,""rush_yds_100"":0,""rush_yds_200"":0,""scrimage_yards_100"":0,""scrimage_yards_200"":0}"
9320,9118,Jordy Nelson,WR,WR,FA,0.0,calculated,0,0,0,"{""2pt_tds"":0,""fumbles"":0,""points"":0,""points_half"":0,""points_ppr"":0,""rec_rec"":0,""rec_tds"":0,""rec_yds"":0,""rec_yds_100"":0,""rec_yds_200"":0,""ret_tds"":0,""rush_att"":0,""rush_tds"":0,""rush_yds"":0,""rush_yds_100"":0,""rush_yds_200"":0,""scrimage_yards_100"":0,""scrimage_yards_200"":0}"
16539,13235,Josh Malone,WR,WR,FA,0.0,calculated,0,0,0,"{""2pt_tds"":0,""fumbles"":0,""points"":0,""points_half"":0,""points_ppr"":0,""rec_rec"":0,""rec_tds"":0,""rec_yds"":0,""rec_yds_100"":0,""rec_yds_200"":0,""ret_tds"":0,""rush_att"":0,""rush_tds"":0,""rush_yds"":0,""rush_yds_100"":0,""rush_yds_200"":0,""scrimage_yards_100"":0,""scrimage_yards_200"":0}"
13970,12185,Justin Hardy,WR,WR,FA,0.0,calculated,0,0,0,"{""2pt_tds"":0,""fumbles"":0,""points"":0,""points_half"":0,""points_ppr"":0,""rec_rec"":0,""rec_tds"":0,""rec_yds"":0,""rec_yds_100"":0,""rec_yds_200"":0,""ret_tds"":0,""rush_att"":0,""rush_tds"":0,""rush_yds"":0,""rush_yds_100"":0,""rush_yds_200"":0,""scrimage_yards_100"":0,""scrimage_yards_200"":0}"
11626,11212,Justin Hunter,WR,WR,FA,0.0,calculated,0,0,0,"{""2pt_tds"":0,""fumbles"":0,""points"":0,""points_half"":0,""points_ppr"":0,""rec_rec"":0,""rec_tds"":0,""rec_yds"":0,""rec_yds_100"":0,""rec_yds_200"":0,""ret_tds"":0,""rush_att"":0,""rush_tds"":0,""rush_yds"":0,""rush_yds_100"":0,""rush_yds_200"":0,""scrimage_yards_100"":0,""scrimage_yards_200"":0}"
18699,14267,Juwann Winfree,WR,WR,HOU,0.0,calculated,0,0,0,"{""2pt_tds"":0,""fumbles"":0,""points"":0,""points_half"":0,""points_ppr"":0,""rec_rec"":0,""rec_tds"":0,""rec_yds"":0,""rec_yds_100"":0,""rec_yds_200"":0,""ret_tds"":0,""rush_att"":0,""rush_tds"":0,""rush_yds"":0,""rush_yds_100"":0,""rush_yds_200"":0,""scrimage_yards_100"":0,""scrimage_yards_200"":0}"
11081,10651,Kamar Aiken,WR,WR,FA,0.0,calculated,0,0,0,"{""2pt_tds"":0,""fumbles"":0,""points"":0,""points_half"":0,""points_ppr"":0,""rec_rec"":0,""rec_tds"":0,""rec_yds"":0,""rec_yds_100"":0,""rec_yds_200"":0,""ret_tds"":0,""rush_att"":0,""rush_tds"":0,""rush_yds"":0,""rush_yds_100"":0,""rush_yds_200"":0,""scrimage_yards_100"":0,""scrimage_yards_200"":0}"
18540,14317,Keelan Doss,WR,WR,FA,0.0,calculated,0,0,0,"{""2pt_tds"":0,""fumbles"":0,""points"":0,""points_half"":0,""points_ppr"":0,""rec_rec"":0,""rec_tds"":0,""rec_yds"":0,""rec_yds_100"":0,""rec_yds_200"":0,""ret_tds"":0,""rush_att"":0,""rush_tds"":0,""rush_yds"":0,""rush_yds_100"":0,""rush_yds_200"":0,""scrimage_yards_100"":0,""scrimage_yards_200"":0}"
15716,12638,Keenan Reynolds,WR,WR,FA,0.0,calculated,0,0,0,"{""2pt_tds"":0,""fumbles"":0,""points"":0,""points_half"":0,""points_ppr"":0,""rec_rec"":0,""rec_tds"":0,""rec_yds"":0,""rec_yds_100"":0,""rec_yds_200"":0,""ret_tds"":0,""rush_att"":0,""rush_tds"":0,""rush_yds"":0,""rush_yds_100"":0,""rush_yds_200"":0,""scrimage_yards_100"":0,""scrimage_yards_200"":0}"
12121,11673,Kelvin Benjamin,WR,WR,FA,0.0,calculated,0,0,0,"{""2pt_tds"":0,""fumbles"":0,""points"":0,""points_half"":0,""points_ppr"":0,""rec_rec"":0,""rec_tds"":0,""rec_yds"":0,""rec_yds_100"":0,""rec_yds_200"":0,""ret_tds"":0,""rush_att"":0,""rush_tds"":0,""rush_yds"":0,""rush_yds_100"":0,""rush_yds_200"":0,""scrimage_yards_100"":0,""scrimage_yards_200"":0}"
18811,14498,Kelvin McKnight,WR,WR,FA,0.0,calculated,0,0,0,"{""2pt_tds"":0,""fumbles"":0,""points"":0,""points_half"":0,""points_ppr"":0,""rec_rec"":0,""rec_tds"":0,""rec_yds"":0,""rec_yds_100"":0,""rec_yds_200"":0,""ret_tds"":0,""rush_att"":0,""rush_tds"":0,""rush_yds"":0,""rush_yds_100"":0,""rush_yds_200"":0,""scrimage_yards_100"":0,""scrimage_yards_200"":0}"
13899,12177,Kevin White,WR,WR,FA,0.0,calculated,0,0,0,"{""2pt_tds"":0,""fumbles"":0,""points"":0,""points_half"":0,""points_ppr"":0,""rec_rec"":0,""rec_tds"":0,""rec_yds"":0,""rec_yds_100"":0,""rec_yds_200"":0,""ret_tds"":0,""rush_att"":0,""rush_tds"":0,""rush_yds"":0,""rush_yds_100"":0,""rush_yds_200"":0,""scrimage_yards_100"":0,""scrimage_yards_200"":0}"
19753,15046,Kirk Merritt,WR,WR,FA,0.0,calculated,0,0,0,"{""2pt_tds"":0,""fumbles"":0,""points"":0,""points_half"":0,""points_ppr"":0,""rec_rec"":0,""rec_tds"":0,""rec_yds"":0,""rec_yds_100"":0,""rec_yds_200"":0,""ret_tds"":0,""rush_att"":0,""rush_tds"":0,""rush_yds"":0,""rush_yds_100"":0,""rush_yds_200"":0,""scrimage_yards_100"":0,""scrimage_yards_200"":0}"
16497,13370,Krishawn Hogan,WR,WR,FA,0.0,calculated,0,0,0,"{""2pt_tds"":0,""fumbles"":0,""points"":0,""points_half"":0,""points_ppr"":0,""rec_rec"":0,""rec_tds"":0,""rec_yds"":0,""rec_yds_100"":0,""rec_yds_200"":0,""ret_tds"":0,""rush_att"":0,""rush_tds"":0,""rush_yds"":0,""rush_yds_100"":0,""rush_yds_200"":0,""scrimage_yards_100"":0,""scrimage_yards_200"":0}"
17155,13390,Lance Lenoir Jr.,WR,WR,FA,0.0,calculated,0,0,0,"{""2pt_tds"":0,""fumbles"":0,""points"":0,""points_half"":0,""points_ppr"":0,""rec_rec"":0,""rec_tds"":0,""rec_yds"":0,""rec_yds_100"":0,""rec_yds_200"":0,""ret_tds"":0,""rush_att"":0,""rush_tds"":0,""rush_yds"":0,""rush_yds_100"":0,""rush_yds_200"":0,""scrimage_yards_100"":0,""scrimage_yards_200"":0}"
15495,12645,Laquon Treadwell,WR,WR,IND,0.0,calculated,0,0,0,"{""2pt_tds"":0,""fumbles"":0,""points"":0,""points_half"":0,""points_ppr"":0,""rec_rec"":0,""rec_tds"":0,""rec_yds"":0,""rec_yds_100"":0,""rec_yds_200"":0,""ret_tds"":0,""rush_att"":0,""rush_tds"":0,""rush_yds"":0,""rush_yds_100"":0,""rush_yds_200"":0,""scrimage_yards_100"":0,""scrimage_yards_200"":0}"
15607,12655,Leonte Carroo,WR,WR,FA,0.0,calculated,0,0,0,"{""2pt_tds"":0,""fumbles"":0,""points"":0,""points_half"":0,""points_ppr"":0,""rec_rec"":0,""rec_tds"":0,""rec_yds"":0,""rec_yds_100"":0,""rec_yds_200"":0,""ret_tds"":0,""rush_att"":0,""rush_tds"":0,""rush_yds"":0,""rush_yds_100"":0,""rush_yds_200"":0,""scrimage_yards_100"":0,""scrimage_yards_200"":0}"
16438,13160,Malachi Dupre,WR,WR,FA,0.0,calculated,0,0,0,"{""2pt_tds"":0,""fumbles"":0,""points"":0,""points_half"":0,""points_ppr"":0,""rec_rec"":0,""rec_tds"":0,""rec_yds"":0,""rec_yds_100"":0,""rec_yds_200"":0,""ret_tds"":0,""rush_att"":0,""rush_tds"":0,""rush_yds"":0,""rush_yds_100"":0,""rush_yds_200"":0,""scrimage_yards_100"":0,""scrimage_yards_200"":0}"
17256,13647,Marcell Ateman,WR,WR,FA,0.0,calculated,0,0,0,"{""2pt_tds"":0,""fumbles"":0,""points"":0,""points_half"":0,""points_ppr"":0,""rec_rec"":0,""rec_tds"":0,""rec_yds"":0,""rec_yds_100"":0,""rec_yds_200"":0,""ret_tds"":0,""rush_att"":0,""rush_tds"":0,""rush_yds"":0,""rush_yds_100"":0,""rush_yds_200"":0,""scrimage_yards_100"":0,""scrimage_yards_200"":0}"
18715,14277,Marcus Green,WR,WR,FA,0.0,calculated,0,0,0,"{""2pt_tds"":0,""fumbles"":0,""points"":0,""points_half"":0,""points_ppr"":0,""rec_rec"":0,""rec_tds"":0,""rec_yds"":0,""rec_yds_100"":0,""rec_yds_200"":0,""ret_tds"":0,""rush_att"":0,""rush_tds"":0,""rush_yds"":0,""rush_yds_100"":0,""rush_yds_200"":0,""scrimage_yards_100"":0,""scrimage_yards_200"":0}"
16215,14189,Marken Michel,WR,WR,FA,0.0,calculated,0,0,0,"{""2pt_tds"":0,""fumbles"":0,""points"":0,""points_half"":0,""points_ppr"":0,""rec_rec"":0,""rec_tds"":0,""rec_yds"":0,""rec_yds_100"":0,""rec_yds_200"":0,""ret_tds"":0,""rush_att"":0,""rush_tds"":0,""rush_yds"":0,""rush_yds_100"":0,""rush_yds_200"":0,""scrimage_yards_100"":0,""scrimage_yards_200"":0}"
11609,11229,Markus Wheaton,WR,WR,FA,0.0,calculated,0,0,0,"{""2pt_tds"":0,""fumbles"":0,""points"":0,""points_half"":0,""points_ppr"":0,""rec_rec"":0,""rec_tds"":0,""rec_yds"":0,""rec_yds_100"":0,""rec_yds_200"":0,""ret_tds"":0,""rush_att"":0,""rush_tds"":0,""rush_yds"":0,""rush_yds_100"":0,""rush_yds_200"":0,""scrimage_yards_100"":0,""scrimage_yards_200"":0}"
12136,11688,Martavis Bryant,WR,WR,FA,0.0,calculated,0,0,0,"{""2pt_tds"":0,""fumbles"":0,""points"":0,""points_half"":0,""points_ppr"":0,""rec_rec"":0,""rec_tds"":0,""rec_yds"":0,""rec_yds_100"":0,""rec_yds_200"":0,""ret_tds"":0,""rush_att"":0,""rush_tds"":0,""rush_yds"":0,""rush_yds_100"":0,""rush_yds_200"":0,""scrimage_yards_100"":0,""scrimage_yards_200"":0}"
16108,12900,Max McCaffrey,WR,WR,FA,0.0,calculated,0,0,0,"{""2pt_tds"":0,""fumbles"":0,""points"":0,""points_half"":0,""points_ppr"":0,""rec_rec"":0,""rec_tds"":0,""rec_yds"":0,""rec_yds_100"":0,""rec_yds_200"":0,""ret_tds"":0,""rush_att"":0,""rush_tds"":0,""rush_yds"":0,""rush_yds_100"":0,""rush_yds_200"":0,""scrimage_yards_100"":0,""scrimage_yards_200"":0}"
9460,9427,Michael Crabtree,WR,WR,FA,0.0,calculated,0,0,0,"{""2pt_tds"":0,""fumbles"":0,""points"":0,""points_half"":0,""points_ppr"":0,""rec_rec"":0,""rec_tds"":0,""rec_yds"":0,""rec_yds_100"":0,""rec_yds_200"":0,""ret_tds"":0,""rush_att"":0,""rush_tds"":0,""rush_yds"":0,""rush_yds_100"":0,""rush_yds_200"":0,""scrimage_yards_100"":0,""scrimage_yards_200"":0}"
11198,10721,Michael Floyd,WR,WR,FA,0.0,calculated,0,0,0,"{""2pt_tds"":0,""fumbles"":0,""points"":0,""points_half"":0,""points_ppr"":0,""rec_rec"":0,""rec_tds"":0,""rec_yds"":0,""rec_yds_100"":0,""rec_yds_200"":0,""ret_tds"":0,""rush_att"":0,""rush_tds"":0,""rush_yds"":0,""rush_yds_100"":0,""rush_yds_200"":0,""scrimage_yards_100"":0,""scrimage_yards_200"":0}"
9479,9525,Mike Wallace,WR,WR,FA,0.0,calculated,0,0,0,"{""2pt_tds"":0,""fumbles"":0,""points"":0,""points_half"":0,""points_ppr"":0,""rec_rec"":0,""rec_tds"":0,""rec_yds"":0,""rec_yds_100"":0,""rec_yds_200"":0,""ret_tds"":0,""rush_att"":0,""rush_tds"":0,""rush_yds"":0,""rush_yds_100"":0,""rush_yds_200"":0,""scrimage_yards_100"":0,""scrimage_yards_200"":0}"
11200,10723,Mohamed Sanu Sr.,WR,WR,FA,0.0,calculated,0,0,0,"{""2pt_tds"":0,""fumbles"":0,""points"":0,""points_half"":0,""points_ppr"":0,""rec_rec"":0,""rec_tds"":0,""rec_yds"":0,""rec_yds_100"":0,""rec_yds_200"":0,""ret_tds"":0,""rush_att"":0,""rush_tds"":0,""rush_yds"":0,""rush_yds_100"":0,""rush_yds_200"":0,""scrimage_yards_100"":0,""scrimage_yards_200"":0}"
16076,12918,Mose Frazier,WR,WR,FA,0.0,calculated,0,0,0,"{""2pt_tds"":0,""fumbles"":0,""points"":0,""points_half"":0,""points_ppr"":0,""rec_rec"":0,""rec_tds"":0,""rec_yds"":0,""rec_yds_100"":0,""rec_yds_200"":0,""ret_tds"":0,""rush_att"":0,""rush_tds"":0,""rush_yds"":0,""rush_yds_100"":0,""rush_yds_200"":0,""scrimage_yards_100"":0,""scrimage_yards_200"":0}"
12060,11600,Nick Williams,WR,WR,FA,0.0,calculated,0,0,0,"{""2pt_tds"":0,""fumbles"":0,""points"":0,""points_half"":0,""points_ppr"":0,""rec_rec"":0,""rec_tds"":0,""rec_yds"":0,""rec_yds_100"":0,""rec_yds_200"":0,""ret_tds"":0,""rush_att"":0,""rush_tds"":0,""rush_yds"":0,""rush_yds_100"":0,""rush_yds_200"":0,""scrimage_yards_100"":0,""scrimage_yards_200"":0}"
19654,15038,Omar Bayless,WR,WR,FA,0.0,calculated,0,0,0,"{""2pt_tds"":0,""fumbles"":0,""points"":0,""points_half"":0,""points_ppr"":0,""rec_rec"":0,""rec_tds"":0,""rec_yds"":0,""rec_yds_100"":0,""rec_yds_200"":0,""ret_tds"":0,""rush_att"":0,""rush_tds"":0,""rush_yds"":0,""rush_yds_100"":0,""rush_yds_200"":0,""scrimage_yards_100"":0,""scrimage_yards_200"":0}"
12129,11681,Paul Richardson Jr.,WR,WR,FA,0.0,calculated,0,0,0,"{""2pt_tds"":0,""fumbles"":0,""points"":0,""points_half"":0,""points_ppr"":0,""rec_rec"":0,""rec_tds"":0,""rec_yds"":0,""rec_yds_100"":0,""rec_yds_200"":0,""ret_tds"":0,""rush_att"":0,""rush_tds"":0,""rush_yds"":0,""rush_yds_100"":0,""rush_yds_200"":0,""scrimage_yards_100"":0,""scrimage_yards_200"":0}"
9510,9250,Pierre Garcon,WR,WR,FA,0.0,calculated,0,0,0,"{""2pt_tds"":0,""fumbles"":0,""points"":0,""points_half"":0,""points_ppr"":0,""rec_rec"":0,""rec_tds"":0,""rec_yds"":0,""rec_yds_100"":0,""rec_yds_200"":0,""ret_tds"":0,""rush_att"":0,""rush_tds"":0,""rush_yds"":0,""rush_yds_100"":0,""rush_yds_200"":0,""scrimage_yards_100"":0,""scrimage_yards_200"":0}"
19715,14992,Quez Watkins,WR,WR,PHI,0.0,calculated,0,0,0,"{""2pt_tds"":0,""fumbles"":0,""points"":0,""points_half"":0,""points_ppr"":0,""rec_rec"":0,""rec_tds"":0,""rec_yds"":0,""rec_yds_100"":0,""rec_yds_200"":0,""ret_tds"":0,""rush_att"":0,""rush_tds"":0,""rush_yds"":0,""rush_yds_100"":0,""rush_yds_200"":0,""scrimage_yards_100"":0,""scrimage_yards_200"":0}"
16557,13406,Quincy Adeboyejo,WR,WR,FA,0.0,calculated,0,0,0,"{""2pt_tds"":0,""fumbles"":0,""points"":0,""points_half"":0,""points_ppr"":0,""rec_rec"":0,""rec_tds"":0,""rec_yds"":0,""rec_yds_100"":0,""rec_yds_200"":0,""ret_tds"":0,""rush_att"":0,""rush_tds"":0,""rush_yds"":0,""rush_yds_100"":0,""rush_yds_200"":0,""scrimage_yards_100"":0,""scrimage_yards_200"":0}"
13972,12183,Rashad Greene,WR,WR,FA,0.0,calculated,0,0,0,"{""2pt_tds"":0,""fumbles"":0,""points"":0,""points_half"":0,""points_ppr"":0,""rec_rec"":0,""rec_tds"":0,""rec_yds"":0,""rec_yds_100"":0,""rec_yds_200"":0,""ret_tds"":0,""rush_att"":0,""rush_tds"":0,""rush_yds"":0,""rush_yds_100"":0,""rush_yds_200"":0,""scrimage_yards_100"":0,""scrimage_yards_200"":0}"
17203,14538,Rashard Davis,WR,WR,FA,0.0,calculated,0,0,0,"{""2pt_tds"":0,""fumbles"":0,""points"":0,""points_half"":0,""points_ppr"":0,""rec_rec"":0,""rec_tds"":0,""rec_yds"":0,""rec_yds_100"":0,""rec_yds_200"":0,""ret_tds"":0,""rush_att"":0,""rush_tds"":0,""rush_yds"":0,""rush_yds_100"":0,""rush_yds_200"":0,""scrimage_yards_100"":0,""scrimage_yards_200"":0}"
19194,15033,Reggie Begelton,WR,WR,FA,0.0,calculated,0,0,0,"{""2pt_tds"":0,""fumbles"":0,""points"":0,""points_half"":0,""points_ppr"":0,""rec_rec"":0,""rec_tds"":0,""rec_yds"":0,""rec_yds_100"":0,""rec_yds_200"":0,""ret_tds"":0,""rush_att"":0,""rush_tds"":0,""rush_yds"":0,""rush_yds_100"":0,""rush_yds_200"":0,""scrimage_yards_100"":0,""scrimage_yards_200"":0}"
16875,13420,Riley McCarron,WR,WR,FA,0.0,calculated,0,0,0,"{""2pt_tds"":0,""fumbles"":0,""points"":0,""points_half"":0,""points_ppr"":0,""rec_rec"":0,""rec_tds"":0,""rec_yds"":0,""rec_yds_100"":0,""rec_yds_200"":0,""ret_tds"":0,""rush_att"":0,""rush_tds"":0,""rush_yds"":0,""rush_yds_100"":0,""rush_yds_200"":0,""scrimage_yards_100"":0,""scrimage_yards_200"":0}"
11380,10903,Rishard Matthews,WR,WR,FA,0.0,calculated,0,0,0,"{""2pt_tds"":0,""fumbles"":0,""points"":0,""points_half"":0,""points_ppr"":0,""rec_rec"":0,""rec_tds"":0,""rec_yds"":0,""rec_yds_100"":0,""rec_yds_200"":0,""ret_tds"":0,""rush_att"":0,""rush_tds"":0,""rush_yds"":0,""rush_yds_100"":0,""rush_yds_200"":0,""scrimage_yards_100"":0,""scrimage_yards_200"":0}"
17224,13862,River Cracraft,WR,WR,FA,0.0,calculated,0,0,0,"{""2pt_tds"":0,""fumbles"":0,""points"":0,""points_half"":0,""points_ppr"":0,""rec_rec"":0,""rec_tds"":0,""rec_yds"":0,""rec_yds_100"":0,""rec_yds_200"":0,""ret_tds"":0,""rush_att"":0,""rush_tds"":0,""rush_yds"":0,""rush_yds_100"":0,""rush_yds_200"":0,""scrimage_yards_100"":0,""scrimage_yards_200"":0}"
11433,10955,Rod Streater,WR,WR,FA,0.0,calculated,0,0,0,"{""2pt_tds"":0,""fumbles"":0,""points"":0,""points_half"":0,""points_ppr"":0,""rec_rec"":0,""rec_tds"":0,""rec_yds"":0,""rec_yds_100"":0,""rec_yds_200"":0,""ret_tds"":0,""rush_att"":0,""rush_tds"":0,""rush_yds"":0,""rush_yds_100"":0,""rush_yds_200"":0,""scrimage_yards_100"":0,""scrimage_yards_200"":0}"
16494,13312,Rodney Adams,WR,WR,FA,0.0,calculated,0,0,0,"{""2pt_tds"":0,""fumbles"":0,""points"":0,""points_half"":0,""points_ppr"":0,""rec_rec"":0,""rec_tds"":0,""rec_yds"":0,""rec_yds_100"":0,""rec_yds_200"":0,""ret_tds"":0,""rush_att"":0,""rush_tds"":0,""rush_yds"":0,""rush_yds_100"":0,""rush_yds_200"":0,""scrimage_yards_100"":0,""scrimage_yards_200"":0}"
11601,11237,Russell Shepard,WR,WR,FA,0.0,calculated,0,0,0,"{""2pt_tds"":0,""fumbles"":0,""points"":0,""points_half"":0,""points_ppr"":0,""rec_rec"":0,""rec_tds"":0,""rec_yds"":0,""rec_yds_100"":0,""rec_yds_200"":0,""ret_tds"":0,""rush_att"":0,""rush_tds"":0,""rush_yds"":0,""rush_yds_100"":0,""rush_yds_200"":0,""scrimage_yards_100"":0,""scrimage_yards_200"":0}"
12260,11812,Ryan Grant,WR,WR,FA,0.0,calculated,0,0,0,"{""2pt_tds"":0,""fumbles"":0,""points"":0,""points_half"":0,""points_ppr"":0,""rec_rec"":0,""rec_tds"":0,""rec_yds"":0,""rec_yds_100"":0,""rec_yds_200"":0,""ret_tds"":0,""rush_att"":0,""rush_tds"":0,""rush_yds"":0,""rush_yds_100"":0,""rush_yds_200"":0,""scrimage_yards_100"":0,""scrimage_yards_200"":0}"
16631,13165,Ryan Switzer,WR,WR,FA,0.0,calculated,0,0,0,"{""2pt_tds"":0,""fumbles"":0,""points"":0,""points_half"":0,""points_ppr"":0,""rec_rec"":0,""rec_tds"":0,""rec_yds"":0,""rec_yds_100"":0,""rec_yds_200"":0,""ret_tds"":0,""rush_att"":0,""rush_tds"":0,""rush_yds"":0,""rush_yds_100"":0,""rush_yds_200"":0,""scrimage_yards_100"":0,""scrimage_yards_200"":0}"
13911,12178,Sammie Coates,WR,WR,FA,0.0,calculated,0,0,0,"{""2pt_tds"":0,""fumbles"":0,""points"":0,""points_half"":0,""points_ppr"":0,""rec_rec"":0,""rec_tds"":0,""rec_yds"":0,""rec_yds_100"":0,""rec_yds_200"":0,""ret_tds"":0,""rush_att"":0,""rush_tds"":0,""rush_yds"":0,""rush_yds_100"":0,""rush_yds_200"":0,""scrimage_yards_100"":0,""scrimage_yards_200"":0}"
17302,13643,Simmie Cobbs Jr.,WR,WR,FA,0.0,calculated,0,0,0,"{""2pt_tds"":0,""fumbles"":0,""points"":0,""points_half"":0,""points_ppr"":0,""rec_rec"":0,""rec_tds"":0,""rec_yds"":0,""rec_yds_100"":0,""rec_yds_200"":0,""ret_tds"":0,""rush_att"":0,""rush_tds"":0,""rush_yds"":0,""rush_yds_100"":0,""rush_yds_200"":0,""scrimage_yards_100"":0,""scrimage_yards_200"":0}"
18969,14589,Spencer Schnell,WR,WR,FA,0.0,calculated,0,0,0,"{""2pt_tds"":0,""fumbles"":0,""points"":0,""points_half"":0,""points_ppr"":0,""rec_rec"":0,""rec_tds"":0,""rec_yds"":0,""rec_yds_100"":0,""rec_yds_200"":0,""ret_tds"":0,""rush_att"":0,""rush_tds"":0,""rush_yds"":0,""rush_yds_100"":0,""rush_yds_200"":0,""scrimage_yards_100"":0,""scrimage_yards_200"":0}"
16498,13177,Stacy Coley,WR,WR,FA,0.0,calculated,0,0,0,"{""2pt_tds"":0,""fumbles"":0,""points"":0,""points_half"":0,""points_ppr"":0,""rec_rec"":0,""rec_tds"":0,""rec_yds"":0,""rec_yds_100"":0,""rec_yds_200"":0,""ret_tds"":0,""rush_att"":0,""rush_tds"":0,""rush_yds"":0,""rush_yds_100"":0,""rush_yds_200"":0,""scrimage_yards_100"":0,""scrimage_yards_200"":0}"
12134,11686,T.J. Jones,WR,WR,FA,0.0,calculated,0,0,0,"{""2pt_tds"":0,""fumbles"":0,""points"":0,""points_half"":0,""points_ppr"":0,""rec_rec"":0,""rec_tds"":0,""rec_yds"":0,""rec_yds_100"":0,""rec_yds_200"":0,""ret_tds"":0,""rush_att"":0,""rush_tds"":0,""rush_yds"":0,""rush_yds_100"":0,""rush_yds_200"":0,""scrimage_yards_100"":0,""scrimage_yards_200"":0}"
12888,11975,Taylor Gabriel,WR,WR,FA,0.0,calculated,0,0,0,"{""2pt_tds"":0,""fumbles"":0,""points"":0,""points_half"":0,""points_ppr"":0,""rec_rec"":0,""rec_tds"":0,""rec_yds"":0,""rec_yds_100"":0,""rec_yds_200"":0,""ret_tds"":0,""rush_att"":0,""rush_tds"":0,""rush_yds"":0,""rush_yds_100"":0,""rush_yds_200"":0,""scrimage_yards_100"":0,""scrimage_yards_200"":0}"
16426,13167,Taywan Taylor,WR,WR,FA,0.0,calculated,0,0,0,"{""2pt_tds"":0,""fumbles"":0,""points"":0,""points_half"":0,""points_ppr"":0,""rec_rec"":0,""rec_tds"":0,""rec_yds"":0,""rec_yds_100"":0,""rec_yds_200"":0,""ret_tds"":0,""rush_att"":0,""rush_tds"":0,""rush_yds"":0,""rush_yds_100"":0,""rush_yds_200"":0,""scrimage_yards_100"":0,""scrimage_yards_200"":0}"
11627,11211,Terrance Williams,WR,WR,FA,0.0,calculated,0,0,0,"{""2pt_tds"":0,""fumbles"":0,""points"":0,""points_half"":0,""points_ppr"":0,""rec_rec"":0,""rec_tds"":0,""rec_yds"":0,""rec_yds_100"":0,""rec_yds_200"":0,""ret_tds"":0,""rush_att"":0,""rush_tds"":0,""rush_yds"":0,""rush_yds_100"":0,""rush_yds_200"":0,""scrimage_yards_100"":0,""scrimage_yards_200"":0}"
10092,10500,Terrelle Pryor Sr.,WR,WR,FA,0.0,calculated,0,0,0,"{""2pt_tds"":0,""fumbles"":0,""points"":0,""points_half"":0,""points_ppr"":0,""rec_rec"":0,""rec_tds"":0,""rec_yds"":0,""rec_yds_100"":0,""rec_yds_200"":0,""ret_tds"":0,""rush_att"":0,""rush_tds"":0,""rush_yds"":0,""rush_yds_100"":0,""rush_yds_200"":0,""scrimage_yards_100"":0,""scrimage_yards_200"":0}"
18370,14298,Terry Godwin,WR,WR,FA,0.0,calculated,0,0,0,"{""2pt_tds"":0,""fumbles"":0,""points"":0,""points_half"":0,""points_ppr"":0,""rec_rec"":0,""rec_tds"":0,""rec_yds"":0,""rec_yds_100"":0,""rec_yds_200"":0,""ret_tds"":0,""rush_att"":0,""rush_tds"":0,""rush_yds"":0,""rush_yds_100"":0,""rush_yds_200"":0,""scrimage_yards_100"":0,""scrimage_yards_200"":0}"
19052,14503,Tom Kennedy,WR,WR,DET,0.0,calculated,0,0,0,"{""2pt_tds"":0,""fumbles"":0,""points"":0,""points_half"":0,""points_ppr"":0,""rec_rec"":0,""rec_tds"":0,""rec_yds"":0,""rec_yds_100"":0,""rec_yds_200"":0,""ret_tds"":0,""rush_att"":0,""rush_tds"":0,""rush_yds"":0,""rush_yds_100"":0,""rush_yds_200"":0,""scrimage_yards_100"":0,""scrimage_yards_200"":0}"
9884,10289,Torrey Smith,WR,WR,FA,0.0,calculated,0,0,0,"{""2pt_tds"":0,""fumbles"":0,""points"":0,""points_half"":0,""points_ppr"":0,""rec_rec"":0,""rec_tds"":0,""rec_yds"":0,""rec_yds_100"":0,""rec_yds_200"":0,""ret_tds"":0,""rush_att"":0,""rush_tds"":0,""rush_yds"":0,""rush_yds_100"":0,""rush_yds_200"":0,""scrimage_yards_100"":0,""scrimage_yards_200"":0}"
18726,14551,Trenton Irwin,WR,WR,SF,0.0,calculated,0,0,0,"{""2pt_tds"":0,""fumbles"":0,""points"":0,""points_half"":0,""points_ppr"":0,""rec_rec"":0,""rec_tds"":0,""rec_yds"":0,""rec_yds_100"":0,""rec_yds_200"":0,""ret_tds"":0,""rush_att"":0,""rush_tds"":0,""rush_yds"":0,""rush_yds_100"":0,""rush_yds_200"":0,""scrimage_yards_100"":0,""scrimage_yards_200"":0}"
17266,13664,Trey Quinn,WR,WR,FA,0.0,calculated,0,0,0,"{""2pt_tds"":0,""fumbles"":0,""points"":0,""points_half"":0,""points_ppr"":0,""rec_rec"":0,""rec_tds"":0,""rec_yds"":0,""rec_yds_100"":0,""rec_yds_200"":0,""ret_tds"":0,""rush_att"":0,""rush_tds"":0,""rush_yds"":0,""rush_yds_100"":0,""rush_yds_200"":0,""scrimage_yards_100"":0,""scrimage_yards_200"":0}"
18402,14128,Tyre Brady,WR,WR,FA,0.0,calculated,0,0,0,"{""2pt_tds"":0,""fumbles"":0,""points"":0,""points_half"":0,""points_ppr"":0,""rec_rec"":0,""rec_tds"":0,""rec_yds"":0,""rec_yds_100"":0,""rec_yds_200"":0,""ret_tds"":0,""rush_att"":0,""rush_tds"":0,""rush_yds"":0,""rush_yds_100"":0,""rush_yds_200"":0,""scrimage_yards_100"":0,""scrimage_yards_200"":0}"
19851,15043,Will Hastings,WR,WR,FA,0.0,calculated,0,0,0,"{""2pt_tds"":0,""fumbles"":0,""points"":0,""points_half"":0,""points_ppr"":0,""rec_rec"":0,""rec_tds"":0,""rec_yds"":0,""rec_yds_100"":0,""rec_yds_200"":0,""ret_tds"":0,""rush_att"":0,""rush_tds"":0,""rush_yds"":0,""rush_yds_100"":0,""rush_yds_200"":0,""scrimage_yards_100"":0,""scrimage_yards_200"":0}"
