season,week,team,full_name,position,status,birth_date,years_exp,gsis_id,espn_id,yahoo_id,pfr_id,pff_id,sleeper_id
2023,11,PHI,Bernard Williams,OL,CUT,,29,00-0017724,,,,,
2023,18,SEA,Jason Peters,OL,INA,1982-01-22,19,00-0022531,6012,7122,,2148,412
2023,18,NYJ,Aaron Rodgers,QB,INA,1983-12-02,18,00-0023459,8439,7200,RodgAa00,2241,96
2023,18,ARI,Matt Prater,K,ACT,1984-08-10,17,00-0023853,11122,8565,,3471,17
2023,18,CHI,Marcedes Lewis,TE,ACT,1984-05-19,17,00-0024243,9614,7777,LewiMa00,2973,111
2023,18,TEN,Nick Folk,K,ACT,1984-11-05,16,00-0025565,10621,8432,FolkNi20,,650
2023,18,NYG,Mason Crosby,K,ACT,1984-09-03,16,00-0025580,10636,8447,CrosMa20,3809,59
2023,18,CAR,J.J. Jansen,LS,ACT,1986-01-20,15,00-0026027,,,,,
2023,19,CLE,Joe Flacco,QB,ACT,1985-01-16,15,00-0026158,11252,8795,FlacJo00,4332,19
2023,18,NYJ,Duane Brown,OL,RES,1985-08-30,15,00-0026166,,,,,
2023,18,ATL,Calais Campbell,DL,ACT,1986-09-01,15,00-0026190,11284,8827,CampCa99,4364,125
2023,18,NE,Matt Slater,WR,ACT,1985-09-09,15,00-0026293,11387,8930,SlatMa00,4467,312
2023,21,BAL,Josh Johnson,QB,INA,1986-05-15,15,00-0026300,11394,8937,JohnJo05,4474,260
2023,19,LA,Matthew Stafford,QB,ACT,1988-02-07,14,00-0026498,12483,9265,StafMa00,4924,421
2023,18,LV,Brian Hoyer,QB,INA,1985-10-13,14,00-0026625,12477,9547,,5277,345
2023,18,NYG,Graham Gano,K,RES,1987-04-09,14,00-0026858,12460,9526,,5443,503
2023,18,NYJ,Thomas Morstead,P,ACT,1986-03-08,14,00-0027114,12701,9428,MorsTh00,5088,445
2023,18,CHI,Matt Overton,LS,DEV,1985-07-06,13,00-0027187,13186,9803,,6979,1112
2023,20,HOU,Jon Weeks,LS,ACT,1986-02-17,13,00-0027224,,,,,
2023,18,TEN,Morgan Cox,LS,ACT,1986-04-26,13,00-0027557,,,,,
2023,18,NE,Devin McCourty,DB,RET,1987-08-13,13,00-0027647,13236,24002,McCoDe99,5552,518
2023,19,CLE,Rodger Saffold,OL,DEV,1988-06-06,13,00-0027648,,,,,
2023,18,IND,Jared Veldheer,OL,DEV,1987-06-14,13,00-0027674,,,,,
2023,1,ARI,Colt McCoy,QB,CUT,1986-09-05,13,00-0027688,13199,24060,McCoCo00,5609,533
2023,18,NO,Jimmy Graham,TE,ACT,1986-11-24,13,00-0027696,13232,24070,GrahJi00,5619,616
2023,18,NYJ,Al Woods,DL,RES,1987-03-25,13,00-0027723,13493,24098,WoodAl99,5646,754
2023,22,SF,Trent Williams,OL,ACT,1988-07-19,13,00-0027857,,,,,
2023,21,DET,Tyson Alualu,DL,ACT,1987-05-12,13,00-0027862,13233,23985,AluaTy99,5535,554
2023,19,PHI,Brandon Graham,DL,ACT,1988-04-03,13,00-0027865,13239,23988,GrahBr99,5538,583
2023,16,MIA,Jason Pierre-Paul,DL,CUT,1989-01-01,13,00-0027867,13256,23990,PierJa99,5540,720
2023,20,HOU,Kareem Jackson,DB,ACT,1988-04-10,13,00-0027872,13254,23995,JackKa99,5545,544
2023,20,HOU,Jerry Hughes,DL,INA,1988-08-13,13,00-0027881,13245,24006,HughJe99,5556,550
2023,20,BUF,Linval Joseph,DL,ACT,1988-10-10,13,00-0027885,13281,24021,JoseLi99,5571,579
2023,20,BUF,Von Miller,LB,ACT,1989-03-26,12,00-0027940,13976,24789,MillVo00,6154,871
2023,19,PIT,Patrick Peterson,DB,ACT,1990-07-11,12,00-0027943,13980,24792,PetePa00,6157,972
2023,19,PHI,Julio Jones,WR,ACT,1989-02-08,12,00-0027944,13982,24793,JoneJu02,6158,947
2023,19,DAL,Tyron Smith,OL,ACT,1990-12-12,12,00-0027947,,,,,
2023,22,KC,Blaine Gabbert,QB,ACT,1989-10-15,12,00-0027948,13987,24797,GabbBl00,6162,862
2023,18,NO,Cameron Jordan,DL,ACT,1989-07-10,12,00-0027962,13971,24811,JordCa00,6176,957
2023,19,PIT,Cameron Heyward,DL,ACT,1989-05-06,12,00-0027969,13977,24818,HeywCa01,6183,843
2023,18,CAR,Andy Dalton,QB,ACT,1987-10-29,12,00-0027973,14012,24822,DaltAn00,6187,829
2023,18,NYJ,Randall Cobb,WR,ACT,1990-08-22,12,00-0028002,14053,24851,CobbRa00,6216,928
2023,19,MIA,Justin Houston,LB,ACT,1989-01-21,12,00-0028008,14048,24857,HousJu00,6222,878
2023,5,NYG,Taiwan Jones,RB,CUT,1988-07-26,12,00-0028063,14167,24912,JoneTa00,6277,886
2023,18,NYG,Tyrod Taylor,QB,ACT,1989-08-03,12,00-0028118,14163,24967,TaylTy00,6332,827
2023,19,PHI,Jason Kelce,OL,ACT,1987-11-05,12,00-0028129,,,,,
2023,18,NE,Lawrence Guy,DL,ACT,1990-03-17,12,00-0028171,14185,25020,GuyxLa00,6385,1288
2023,18,CHI,Patrick Scales,LS,ACT,1988-02-11,12,00-0028284,,,,,
2023,18,SEA,Nick Bellore,LB,ACT,1989-05-12,12,00-0028292,14471,25295,,6515,815
2023,21,DET,Jake McQuaide,LS,ACT,1987-12-07,12,00-0028394,,,,,
2023,18,LAC,Josh Harris,LS,ACT,1989-04-27,11,00-0028845,,,,,
2023,18,CAR,Johnny Hekker,P,ACT,1990-02-08,11,00-0028872,15153,26350,,7252,1202
2023,19,CLE,Rodney McLeod Jr.,DB,RES,1990-06-23,11,00-0028899,15222,26356,,7271,1205
2023,18,CIN,Michael Thomas,DB,DEV,1990-03-17,11,00-0028908,15231,26265,,7279,1703
2023,22,SF,Tashaun Gipson,DB,ACT,1990-08-07,11,00-0028924,15235,26372,,7288,1079
2023,18,ARI,Aaron Brewer,LS,ACT,1990-07-05,11,00-0028946,15241,25976,,7301,1122
2023,20,HOU,Case Keenum,QB,INA,1988-02-17,11,00-0028986,15168,26483,,7323,1737
2023,7,NYG,Cole Beasley,WR,CUT,1989-04-26,11,00-0029000,15349,26060,BeasCo00,7330,1144
2023,19,CLE,Charley Hughlett,LS,ACT,1990-05-16,11,00-0029008,,,,,
2023,19,MIA,Bruce Irvin,LB,ACT,1987-11-01,11,00-0029193,14946,25725,IrviBr00,7021,1242
2023,18,LV,Brandon Bolden,RB,ACT,1990-01-26,11,00-0029239,15478,26389,BoldBr00,7469,1034
2023,19,MIA,Melvin Ingram,LB,ACT,1989-04-26,11,00-0029249,14926,25728,IngrMe00,7024,1141
2023,18,SEA,Bobby Wagner,LB,ACT,1990-06-27,11,00-0029255,14979,25757,WagnBo00,7050,1233
2023,18,DEN,Russell Wilson,QB,ACT,1988-11-29,11,00-0029263,14881,25785,WilsRu00,7077,1234
2023,20,BUF,Josh Norman,DB,DEV,1987-12-15,11,00-0029285,15124,25853,NormJo01,7649,1182
2023,8,DET,Marvin Jones,WR,CUT,1990-03-12,11,00-0029293,15072,25876,JoneMa02,7158,1067
2023,18,ARI,Kelvin Beachum,OL,ACT,1989-06-08,11,00-0029316,,,,,
2023,12,NYJ,Dennis Kelly,OL,CUT,1990-01-16,11,00-0029419,,,,,
2023,18,NYG,Randy Bullock,K,RES,1989-12-16,11,00-0029421,15091,25871,BullRa00,,1099
2023,19,MIA,Justin Bethel,DB,ACT,1990-06-17,11,00-0029530,15089,25887,BethJu00,7654,1216
2023,19,DAL,Stephon Gilmore,DB,ACT,1990-09-19,11,00-0029542,14942,25720,GilmSt00,7016,1043
2023,20,TB,Lavonte David,LB,ACT,1990-01-23,11,00-0029562,14985,25768,DaviLa00,7060,1192
2023,4,LV,Chandler Jones,DL,CUT,1990-02-27,11,00-0029585,14927,25731,JoneCh03,7027,1038
2023,21,BAL,Kevin Zeitler,OL,ACT,1990-03-08,11,00-0029592,,,,,
2023,21,BAL,Justin Tucker,K,ACT,1989-11-21,11,00-0029597,15683,26534,,7604,1264
2023,18,MIN,Kirk Cousins,QB,RES,1988-08-19,11,00-0029604,14880,25812,CousKi00,7102,1166
2023,18,MIN,Harrison Smith,DB,ACT,1989-02-02,11,00-0029606,14945,25739,SmitHa00,7641,1213
2023,18,NO,Demario Davis,LB,ACT,1989-01-11,11,00-0029607,14958,25787,DaviDe00,7079,1052
2023,18,NYJ,Greg Zuerlein,K,ACT,1987-12-27,11,00-0029621,14993,25881,ZuerGr00,7163,1266
2023,19,PHI,Fletcher Cox,DL,ACT,1990-12-13,11,00-0029653,14941,25722,CoxxFl00,7018,1027
2023,18,NE,Riley Reiff,OL,RES,1988-12-01,11,00-0029672,,,,,
2023,18,LV,Greg Van Roten,OL,ACT,1990-02-26,11,00-0029685,,,,,
2023,19,DAL,Bryan Anger,P,ACT,1988-10-06,11,00-0029692,14950,25780,AngeBr00,7072,1113
2023,18,TEN,Ryan Tannehill,QB,ACT,1988-07-27,11,00-0029701,14876,25718,TannRy00,7014,1049
2023,19,CLE,Ty Nsekhe,OL,DEV,1985-10-27,11,00-0029709,,,,,
2023,18,MIN,Andrew DePaola,LS,ACT,1987-07-28,11,00-0029714,,,,,
2023,18,NE,Cody Davis,DB,ACT,1989-06-06,10,00-0029764,16286,27105,,8458,1565
2023,18,JAX,Brandon McManus,K,ACT,1991-07-25,10,00-0029822,16339,27120,,8437,1433
2023,18,DEN,Mike Purcell,DL,ACT,1991-04-20,10,00-0029890,16377,27217,,8530,1640
2023,22,SF,Kyle Juszczyk,RB,ACT,1991-04-23,10,00-0029892,16002,26753,JuszKy00,7912,1379
2023,20,TB,Ryan Jensen,OL,RES,1991-05-27,10,00-0029895,,,,,
2023,19,LA,Carson Tinker,LS,ACT,1989-11-15,10,00-0029959,,,,,
2023,18,TEN,Christopher Hubbard,OL,RES,1991-04-23,10,00-0029963,,,,,
2023,18,CAR,Adam Thielen,WR,ACT,1990-08-22,10,00-0030035,16460,27277,ThieAd00,8288,1689
2023,21,DET,Zach Ertz,TE,DEV,1990-11-10,10,00-0030061,15835,26658,ErtzZa00,7816,1339
2023,19,PHI,Darius Slay,DB,ACT,1991-01-01,10,00-0030062,15863,26659,SlayDa00,7817,1518
2023,19,DAL,Johnathan Hankins,DL,ACT,1992-03-30,10,00-0030063,15841,26672,HankJo00,7830,1492
2023,19,MIA,Terron Armstead,OL,ACT,1991-07-23,10,00-0030067,,,,,
2023,19,CLE,Marquise Goodwin,WR,ACT,1990-11-19,10,00-0030068,15839,26701,GoodMa00,7859,1346
2023,18,LV,John Jenkins,DL,ACT,1989-07-11,10,00-0030070,15846,26705,JenkJo00,7863,1553
2023,20,GB,David Bakhtiari,OL,RES,1991-09-30,10,00-0030074,,,,,
2023,20,BUF,Micah Hyde,DB,ACT,1990-12-31,10,00-0030090,15960,26782,HydeMi00,7941,1525
2023,20,BUF,Sam Martin,P,ACT,1990-02-27,10,00-0030092,15928,26788,MartSa01,7947,1516
2023,18,MIN,David Quessenberry,OL,ACT,1990-08-24,10,00-0030097,,,,,
2023,19,CLE,Dustin Hopkins,K,INA,1990-10-01,10,00-0030098,15965,26800,HopkDu00,,1348
2023,20,BUF,Jordan Poyer,DB,ACT,1991-04-25,10,00-0030114,15979,26841,PoyeJo00,8000,1343
2023,18,WAS,Tress Way,P,ACT,1990-04-18,10,00-0030140,16166,26945,,8358,1506
2023,19,PIT,Brad Wing,P,DEV,1991-01-27,10,00-0030142,,,,,
2023,18,LAC,Keenan Allen,WR,INA,1992-04-27,10,00-0030279,15818,26699,AlleKe00,7857,1479
2023,19,LA,Brett Maher,K,ACT,1989-11-21,10,00-0030332,16486,27369,,,4958
2023,19,CLE,Duron Harmon,DB,ACT,1991-01-24,10,00-0030383,15842,26714,HarmDu00,7872,1366
2023,20,TB,William Gholston,DL,ACT,1991-07-31,10,00-0030386,16019,26749,GholWi00,7908,1558
2023,22,SF,Logan Ryan,DB,ACT,1991-02-09,10,00-0030411,15861,26706,RyanLo00,7864,1367
2023,20,HOU,Robert Woods,WR,ACT,1992-04-10,10,00-0030431,15880,26664,WoodRo02,7822,1352
2023,18,NO,Tyrann Mathieu,DB,ACT,1992-05-13,10,00-0030459,15851,26692,MathTy00,7850,1576
2023,20,BUF,A.J. Klein,LB,ACT,1991-07-30,10,00-0030463,15964,26771,KleiAJ00,7930,1547
2023,18,LAC,Nicholas Williams,DL,INA,1990-02-21,10,00-0030500,15882,26846,WillNi01,8006,1414
2023,18,LV,D.J. Fluker,OL,DEV,1991-03-13,10,00-0030505,,,,,
2023,22,KC,Travis Kelce,TE,ACT,1989-10-05,10,00-0030506,15847,26686,KelcTr00,7844,1466
2023,20,BUF,Latavius Murray,RB,ACT,1990-01-18,10,00-0030513,15920,26804,MurrLa00,7962,1476
2023,18,JAX,Matt Barkley,QB,INA,1990-09-08,10,00-0030533,15948,26721,BarkMa00,7880,1338
2023,19,PHI,Lane Johnson,OL,ACT,1990-05-08,10,00-0030561,,,,,
2023,18,TEN,DeAndre Hopkins,WR,ACT,1992-06-06,10,00-0030564,15795,26650,HopkDe00,7808,1426
2023,18,SEA,Geno Smith,QB,ACT,1990-10-10,10,00-0030565,15864,26662,SmitGe00,7820,1373
2023,18,ATL,Cordarrelle Patterson,RB,ACT,1991-03-17,10,00-0030578,15807,26652,PattCo00,7810,1535
2023,18,NYG,Justin Pugh,OL,ACT,1990-08-15,10,00-0030585,,,,,
2023,22,KC,James Winchester,LS,ACT,1989-08-06,10,00-0030615,16665,27494,,8580,1785
2023,19,MIA,Jonotthan Harrison,OL,ACT,1991-08-25,9,00-0030649,,,,,
2023,22,SF,Willie Snead,WR,DEV,1992-10-17,9,00-0030663,17258,28026,SneaWi00,8999,1911
2023,14,NO,Daniel Sorensen,DB,CUT,1990-03-05,9,00-0030665,17259,28036,,9253,2022
2023,18,NO,James Hurst,OL,ACT,1991-12-17,9,00-0030694,,,,,
2023,18,WAS,Cornelius Lucas,OL,ACT,1991-07-18,9,00-0030725,,,,,
2023,22,KC,Mike Pennel,DL,ACT,1991-05-09,9,00-0030757,17230,28085,,9316,2143
2023,18,CAR,Justin McCray,OL,RES,1992-05-31,9,00-0030792,,,,,
2023,18,JAX,Tyler Shatley,OL,ACT,1991-05-05,9,00-0030827,,,,,
2023,21,BAL,Josh Wells,OL,DEV,1991-02-14,9,00-0030829,,,,,
2023,18,WAS,Tyler Larsen,OL,RES,1991-07-08,9,00-0030869,,,,,
2023,10,ARI,Damien Williams,RB,CUT,1992-04-03,9,00-0030874,17359,28115,WillDa05,9205,1833
2023,20,HOU,Kerry Hyder,DL,DEV,1991-05-02,9,00-0030946,17068,27862,,9045,1857
2023,18,NYG,Casey Kreiter,LS,ACT,1990-08-13,9,00-0030957,,,,,
2023,18,ATL,Keith Smith,RB,RES,1992-04-08,9,00-0030968,17315,28141,,9302,2073
2023,18,LAC,Corey Linsley,OL,RES,1991-07-27,9,00-0031019,,,,,
2023,18,NE,James Ferentz,OL,ACT,1989-06-05,9,00-0031039,,,,,
2023,18,LAC,Khalil Mack,DL,ACT,1991-02-22,9,00-0031040,16710,27533,MackKh00,8640,2036
2023,20,BUF,DaQuan Jones,DL,ACT,1991-12-27,9,00-0031054,16910,27640,JoneDa04,8747,1932
2023,18,DEN,Cameron Fleming,OL,ACT,1992-09-03,9,00-0031067,,,,,
2023,17,ATL,Pat O'Donnell,P,CUT,1991-02-22,9,00-0031079,16863,27719,ODonPa00,8826,2113
2023,18,WAS,Charles Leno,OL,RES,1991-10-09,9,00-0031095,,,,,
2023,22,SF,Terrance Mitchell,DB,DEV,1992-05-17,9,00-0031097,16927,27782,MitcTe00,8888,2067
2023,20,TB,Shaquil Barrett,LB,ACT,1992-11-17,9,00-0031101,16967,27820,,9000,1999
2023,19,PIT,Chris Boswell,K,ACT,1991-03-16,9,00-0031136,17372,28188,,8990,1945
2023,20,TB,Matt Feiler,OL,ACT,1992-07-07,9,00-0031142,,,,,
2023,21,BAL,Tyler Ott,LS,ACT,1992-02-28,9,00-0031156,,,,,
2023,21,BAL,Brent Urban,DL,ACT,1991-05-05,9,00-0031177,16831,27662,UrbaBr00,8769,1881
2023,18,CHI,Cairo Santos,K,ACT,1991-11-12,9,00-0031203,17427,28227,,8932,2020
2023,21,BAL,Odell Beckham Jr.,WR,ACT,1992-11-05,9,00-0031235,16733,27540,BeckOd00,8647,2078
2023,19,DAL,Brandin Cooks,WR,ACT,1993-09-25,9,00-0031236,16731,27548,CookBr00,8655,2197
2023,21,DET,Teddy Bridgewater,QB,ACT,1992-11-10,9,00-0031237,16728,27560,BridTe00,8667,2152
2023,18,DEN,K'Waun Williams,DB,RES,1991-07-12,9,00-0031253,17444,28265,,9332,1913
2023,18,TEN,Denico Autry,DL,ACT,1990-07-15,9,00-0031254,17447,28266,,8982,2027
2023,18,MIN,Anthony Barr,LB,ACT,1992-03-18,9,00-0031256,16711,27537,BarrAn00,8644,2151
2023,18,WAS,Logan Thomas,TE,ACT,1991-07-01,9,00-0031260,16813,27648,ThomLo00,8755,2251
2023,19,CLE,Shelby Harris,DL,ACT,1991-08-11,9,00-0031270,16837,27763,HarrSh00,8869,2033
2023,18,ATL,Jake Matthews,OL,ACT,1992-02-11,9,00-0031279,,,,,
2023,18,NO,Derek Carr,QB,ACT,1991-03-28,9,00-0031280,16757,27564,CarrDe02,8671,2028
2023,18,CIN,AJ McCarron,QB,ACT,1990-09-13,9,00-0031288,16810,27692,McCaA.00,8799,1895
2023,18,NYJ,C.J. Mosley,LB,ACT,1992-06-19,9,00-0031296,16720,27545,MoslC.00,8652,1875
2023,20,HOU,Jimmie Ward,DB,RES,1991-07-18,9,00-0031298,16717,27558,WardJi01,8665,2267
2023,18,CAR,Jordan Matthews,TE,DEV,1992-07-16,9,00-0031299,16763,27570,MattJo00,8677,1800
2023,21,BAL,Morgan Moses,OL,ACT,1991-03-03,9,00-0031330,,,,,
2023,22,SF,Jason Verrett,DB,DEV,1991-06-18,9,00-0031334,16726,27553,VerrJa00,8660,2055
2023,18,LV,Jimmy Garoppolo,QB,ACT,1991-11-02,9,00-0031345,16760,27590,GaroJi00,8697,1837
2023,19,MIA,Justin Ellis,DL,DEV,1990-12-27,9,00-0031346,16857,27635,ElliJu01,8742,2031
2023,21,DET,Michael Schofield,OL,ACT,1990-11-15,9,00-0031353,,,,,
2023,19,DAL,C.J. Goodwin,DB,RES,1990-02-04,9,00-0031357,17474,28289,,9243,2869
2023,21,BAL,Kyle Van Noy,LB,ACT,1991-03-26,9,00-0031360,16772,27568,VanNKy00,8675,2130
2023,3,BUF,Christian Kirksey,LB,CUT,1992-08-31,9,00-0031361,16767,27599,KirkCh00,8706,1905
2023,18,NO,Trai Turner,OL,RES,1993-06-14,9,00-0031362,,,,,
2023,21,BAL,Jadeveon Clowney,LB,ACT,1993-02-14,9,00-0031364,16734,27529,ClowJa00,8636,1947
2023,18,CAR,Gabe Jackson,OL,ACT,1991-07-12,9,00-0031367,,,,,
2023,19,PHI,Bradley Roby,DB,ACT,1992-05-01,9,00-0031372,16719,27559,RobyBr00,8666,2008
2023,18,DAL,Martavis Bryant,WR,CUT,1991-12-20,9,00-0031373,16886,27646,BryaMa00,8753,1916
2023,22,KC,Jerick McKinnon,RB,ACT,1992-05-03,9,00-0031376,16782,27624,McKiJe00,8731,2161
2023,18,LV,Davante Adams,WR,ACT,1992-12-24,9,00-0031381,16800,27581,AdamDa01,8688,2133
2023,19,LA,Aaron Donald,DL,ACT,1991-05-23,9,00-0031388,16716,27541,DonaAa00,8648,2227
2023,19,DAL,Zack Martin,OL,ACT,1990-11-20,9,00-0031402,,,,,
2023,18,NE,Adrian Phillips,DB,ACT,1992-03-28,9,00-0031404,17487,28303,,9177,2287
2023,20,TB,Mike Evans,WR,ACT,1993-08-21,9,00-0031408,16737,27535,EvanMi00,8642,2216
2023,19,DAL,Demarcus Lawrence,DL,ACT,1992-04-28,9,00-0031411,16802,27562,LawrDe00,8669,2064
2023,19,CLE,Joel Bitonio,OL,ACT,1991-10-11,9,00-0031426,,,,,
2023,19,PIT,Allen Robinson,WR,ACT,1993-08-24,9,00-0031428,16799,27589,RobiAl02,8696,1992
2023,18,NYJ,Billy Turner,OL,ACT,1991-10-17,9,00-0031433,,,,,
2023,18,DEN,Chris Manhertz,TE,INA,1992-04-10,8,00-0031484,2531358,28365,ManhCh00,10211,3048
2023,18,SEA,Jason Myers,K,ACT,1991-05-12,8,00-0031492,2473037,28378,,,2747
2023,18,WAS,Efe Obada,DL,RES,1992-04-13,8,00-0031500,3734467,28386,,10235,2796
2023,18,NO,Jameis Winston,QB,ACT,1994-01-06,8,00-0031503,2969939,28389,WinsJa00,9434,2306
2023,19,DAL,La'el Collins,OL,DEV,1993-07-26,8,00-0031534,,,,,
2023,19,CLE,Amari Cooper,WR,ACT,1994-06-17,8,00-0031544,2976499,28392,CoopAm00,9437,2309
2023,18,NE,DeVante Parker,WR,ACT,1993-01-20,8,00-0031547,2576623,28402,ParkDe01,9447,2319
2023,21,BAL,Nelson Agholor,WR,ACT,1993-05-24,8,00-0031549,2971618,28408,AghoNe00,9453,2325
2023,18,CAR,Shaq Thompson,LB,RES,1994-04-21,8,00-0031550,2978313,28413,ThomSh01,9458,2330
2023,18,ATL,Eddie Goldman,DL,RES,1994-01-06,8,00-0031551,2969924,28427,GoldEd00,9472,2344
2023,18,LAC,Eric Kendricks,LB,ACT,1992-02-29,8,00-0031554,2510863,28433,KendEr00,9478,2350
2023,19,PIT,Eric Rowe,DB,ACT,1992-10-03,8,00-0031555,2576002,28435,RoweEr00,9480,2352
2023,20,BUF,Jordan Phillips,DL,RES,1992-09-21,8,00-0031557,2577466,28440,PhilJo01,9485,2357
2023,18,LV,Hroniss Grasu,OL,ACT,1991-08-12,8,00-0031561,,,,,
2023,18,MIN,Danielle Hunter,LB,ACT,1994-10-29,8,00-0031565,2976560,28476,HuntDa01,9521,2393
2023,8,NE,Trey Flowers,LB,CUT,1993-08-16,8,00-0031566,2574519,28489,FlowTr00,9534,2406
2023,19,CLE,Za'Darius Smith,DL,ACT,1992-09-08,8,00-0031576,3043168,28510,SmitZa00,9555,2427
2023,20,HOU,Shaq Mason,OL,ACT,1993-08-28,8,00-0031580,,,,,
2023,18,NYG,Mark Glowinski,OL,ACT,1992-05-03,8,00-0031581,,,,,
2023,18,ATL,Grady Jarrett,DL,RES,1993-04-28,8,00-0031583,2576492,28525,JarrGr00,9570,2592
2023,20,HOU,Adrian Amos,DB,ACT,1993-04-29,8,00-0031584,2582132,28530,AmosAd00,9575,2445
2023,18,ATL,MyCole Pruitt,TE,ACT,1992-03-24,8,00-0031585,2508256,28531,PruiMy00,9576,2446
2023,15,NYG,Bobby McCain,DB,CUT,1993-08-18,8,00-0031587,2575606,28533,McCaBo01,9578,2448
2023,20,BUF,Stefon Diggs,WR,ACT,1993-11-29,8,00-0031588,2976212,28534,DiggSt00,9579,2449
2023,18,DEN,Michael Burton,RB,ACT,1992-02-01,8,00-0031595,2515270,28556,BurtMi00,9601,2471
2023,18,WAS,David Mayo,LB,ACT,1993-08-18,8,00-0031596,2972400,28557,MayoDa00,9602,2472
2023,18,SEA,Quandre Diggs,DB,ACT,1993-01-22,8,00-0031608,2577553,28588,DiggQu00,9633,2501
2023,18,NYG,Darren Waller,TE,ACT,1992-09-13,8,00-0031610,2576925,28592,WallDa01,9637,2505
2023,18,LAC,Christian Covington,DL,DEV,1993-10-16,8,00-0031619,2580666,28604,CoviCh00,9649,2517
2023,19,MIA,Raheem Mostert,RB,ACT,1992-04-09,8,00-0031687,2576414,28654,MostRa00,9783,2749
2023,18,IND,Eric Tomlinson,TE,DEV,1992-04-22,8,00-0031690,2511973,28658,TomlEr01,9786,2755
2023,18,MIN,Chris Reed,OL,ACT,1992-07-22,8,00-0031734,,,,,
2023,20,HOU,Neville Hewitt,LB,ACT,1993-04-06,8,00-0031740,3059880,28935,,9836,2677
2023,18,LV,DeAndre Carter,WR,ACT,1993-04-10,8,00-0031763,2580216,28947,CartDe02,9859,2750
2023,18,CAR,Troy Hill,DB,ACT,1991-08-29,8,00-0031785,2525933,28972,,9881,2826
2023,18,CAR,DeShawn Williams,DL,ACT,1992-12-29,8,00-0031795,2576508,28982,WillDe04,9891,2827
2023,18,ATL,Taylor Heinicke,QB,INA,1993-03-15,8,00-0031800,2565969,28839,HeinTa00,9896,2711
2023,18,NE,David Andrews,OL,ACT,1992-07-10,8,00-0031852,,,,,
2023,20,HOU,Damiere Byrd,WR,DEV,1993-01-27,8,00-0031868,2577667,28730,ByrdDa00,9964,2673
2023,18,LAC,Dean Marlowe,DB,ACT,1992-07-25,8,00-0031870,2519038,28732,,9966,2679
2023,22,SF,Jesse Davis,OL,DEV,1991-09-15,8,00-0031893,,,,,
2023,18,DEN,Alex Singleton,LB,ACT,1993-12-07,8,00-0031898,2612151,28716,,9994,2617
2023,19,PHI,Rick Lovato,LS,ACT,1992-09-09,8,00-0031911,,,,,
2023,19,MIA,Kendall Lamm,OL,ACT,1992-06-05,8,00-0031921,,,,,
2023,20,BUF,Greg Mancz,OL,DEV,1992-04-23,8,00-0031923,,,,,
2023,18,SEA,Leonard Williams,DL,ACT,1994-06-20,8,00-0031933,2971622,28394,WillLe02,9439,2311
2023,20,GB,Preston Smith,LB,ACT,1992-11-17,8,00-0031935,2577446,28426,SmitPr00,9471,2343
2023,20,BUF,Mitch Morse,OL,ACT,1992-04-21,8,00-0031936,,,,,
2023,19,DAL,Carl Davis,DL,DEV,1992-03-02,8,00-0031938,2511690,28478,DaviCa01,9523,2395
2023,18,WAS,Jamison Crowder,WR,ACT,1993-06-17,8,00-0031941,2576716,28493,CrowJa00,9538,2410
2023,18,NYG,Rakeem Nunez-Roches,DL,ACT,1993-07-03,8,00-0031957,2575453,28605,NuneRa00,9650,2993
2023,22,KC,Austin Reiter,OL,DEV,1991-11-27,8,00-0031958,,,,,
2023,1,HOU,Adam Humphries,WR,CUT,1993-06-24,8,00-0032009,2576491,29070,HumpAd00,10075,2822
2023,19,DAL,Dante Fowler Jr.,DL,ACT,1994-08-03,8,00-0032052,2980100,28391,FowlDa00,9436,2308
2023,18,JAX,Brandon Scherff,OL,ACT,1991-12-26,8,00-0032053,,,,,
2023,1,IND,Breshad Perriman,WR,CUT,1993-09-10,8,00-0032054,2972460,28414,PerrBr02,9459,2331
2023,22,KC,Blake Bell,TE,ACT,1991-08-07,8,00-0032062,2514206,28505,BellBl00,9550,2422
2023,18,ATL,Bradley Pinion,P,ACT,1994-06-01,8,00-0032065,2977680,28553,PiniBr00,9598,2468
2023,18,NE,Trenton Brown,OL,INA,1993-04-13,8,00-0032071,,,,,
2023,20,HOU,Denzel Perryman,LB,ACT,1992-12-05,8,00-0032103,2579621,28436,PerrDe00,9481,2353
2023,18,LV,Ameer Abdullah,RB,ACT,1993-06-13,8,00-0032104,2576336,28442,AbduAm00,9487,2359
2023,18,JAX,Angelo Blackson,DL,INA,1992-11-14,8,00-0032107,2574582,28488,BlacAn00,9533,2405
2023,19,PIT,Kwon Alexander,LB,RES,1994-08-03,8,00-0032109,2976541,28512,AlexKw00,9557,2429
2023,19,PIT,Markus Golden,LB,ACT,1991-03-13,8,00-0032127,2971432,28446,GoldMa00,9491,2363
2023,22,SF,Chris Conley,WR,ACT,1992-10-25,8,00-0032128,2578533,28464,ConlCh00,9509,2381
2023,18,MIN,Jordan Hicks,LB,ACT,1992-06-27,8,00-0032129,2514270,28472,HickJo00,9517,2389
2023,18,NO,Max Garcia,OL,ACT,1991-11-09,8,00-0032132,,,,,
2023,18,NYJ,C.J. Uzomah,TE,RES,1993-01-14,8,00-0032134,2574576,28545,UzomC.00,9590,2460
2023,12,LV,Jesse James,TE,CUT,1994-06-04,8,00-0032135,2979590,28548,JameJe00,9593,2463
2023,18,ARI,Geoff Swaim,TE,RES,1993-09-16,8,00-0032141,3046704,28634,SwaiGe00,9679,2545
2023,3,KC,Danny Shelton,DL,CUT,1993-08-20,8,00-0032143,2578384,28400,ShelDa01,9445,2317
2023,21,BAL,Melvin Gordon,RB,DEV,1993-04-13,8,00-0032144,2576434,28403,GordMe00,9448,2320
2023,18,NO,Cameron Erving,OL,ACT,1992-08-23,8,00-0032145,,,,,
2023,18,ATL,Bud Dupree,LB,ACT,1993-02-12,8,00-0032146,2576702,28410,DuprAl00,9455,2327
2023,20,HOU,Steven Nelson,DB,ACT,1993-01-22,8,00-0032150,3045287,28486,NelsSt01,9531,2403
2023,22,SF,Jon Feliciano,OL,ACT,1992-02-10,8,00-0032151,,,,,
2023,18,NYJ,Trevor Siemian,QB,ACT,1991-12-26,8,00-0032156,2511109,28638,SiemTr00,9683,2549
2023,22,SF,T.Y. McGill,DL,INA,1992-11-23,8,00-0032162,2577757,29114,,10156,2614
2023,22,SF,Arik Armstead,DL,ACT,1993-11-15,8,00-0032164,2971275,28405,ArmsAr01,9450,2322
2023,12,LV,Marcus Peters,DB,ACT,1993-01-09,8,00-0032165,2578378,28406,PeteMa00,9451,2323
2023,21,BAL,Ronald Darby,DB,ACT,1994-01-02,8,00-0032195,2969920,28438,DarbRo00,9483,2355
2023,22,SF,Randy Gregory,LB,ACT,1992-11-23,8,00-0032197,3895806,28448,GregRa00,9493,2365
2023,14,NE,Ty Montgomery,WR,ACT,1993-01-22,8,00-0032200,2577134,28482,MontTy01,9527,2399
2023,18,NO,Andrus Peat,OL,ACT,1993-11-04,8,00-0032203,,,,,
2023,18,DEN,Phillip Dorsett,WR,DEV,1993-01-05,8,00-0032208,2579604,28417,DorsPh00,9462,2334
2023,18,SEA,Frank Clark,LB,TRC,1993-06-14,8,00-0032210,2576242,28451,ClarFr01,9496,2368
2023,18,SEA,Tyler Lockett,WR,ACT,1992-09-28,8,00-0032211,2577327,28457,LockTy00,9502,2374
2023,19,MIA,Tyler Kroft,TE,INA,1992-10-15,8,00-0032214,2582410,28473,KrofTy00,9518,2390
2023,19,DAL,Damien Wilson,LB,DEV,1993-05-28,8,00-0032215,3040207,28515,WilsDa02,9560,2432
2023,22,KC,Donovan Smith,OL,ACT,1993-06-23,8,00-0032217,,,,,
2023,18,ARI,D.J. Humphries,OL,RES,1993-12-28,8,00-0032222,,,,,
2023,18,NE,Joe Cardona,LS,ACT,1992-04-16,8,00-0032228,,,,,
2023,5,NYJ,Cedric Ogbuehi,OL,CUT,1992-04-25,8,00-0032233,,,,,
2023,18,NYJ,Laken Tomlinson,OL,ACT,1992-02-09,8,00-0032234,,,,,
2023,19,LA,Rob Havenstein,OL,ACT,1992-05-13,8,00-0032242,,,,,
2023,18,SEA,Sean Mannion,QB,DEV,1992-04-25,8,00-0032245,2517017,28477,MannSe00,9522,2394
2023,18,SEA,Mario Edwards,DL,INA,1994-01-25,8,00-0032265,2969921,28423,EdwaMa01,9468,2340
2023,19,PHI,Marcus Mariota,QB,ACT,1993-10-30,8,00-0032268,2576980,28390,MariMa01,9435,2307
2023,18,CAR,Henry Anderson,DL,RES,1991-08-03,8,00-0032269,2517752,28481,AndeHe00,9526,2398
2023,22,SF,Erik Harris,DB,DEV,1990-04-02,7,00-0032320,4010714,29224,,10346,3144
2023,20,BUF,Tyler Matakevich,LB,ACT,1992-12-22,7,00-0032366,2976249,29480,MataTy00,10880,3401
2023,18,IND,DeForest Buckner,DL,ACT,1994-03-17,7,00-0032378,2971282,29241,BuckDe00,10641,3172
2023,19,MIA,Eli Apple,DB,ACT,1995-08-09,7,00-0032379,3040506,29244,ApplEl00,10644,3189
2023,20,HOU,Laremy Tunsil,OL,ACT,1994-08-02,7,00-0032380,,,,,
2023,21,DET,Taylor Decker,OL,ACT,1993-08-23,7,00-0032381,,,,,
2023,19,PIT,Keanu Neal,DB,RES,1995-07-26,7,00-0032382,3054962,29251,NealKe01,10651,3181
2023,18,IND,Ryan Kelly,OL,ACT,1993-05-30,7,00-0032383,,,,,
2023,20,BUF,Germain Ifedi,OL,DEV,1994-06-02,7,00-0032384,,,,,
2023,18,NYG,Sterling Shepard,WR,ACT,1993-02-10,7,00-0032385,2976592,29274,ShepSt00,10674,3200
2023,18,SEA,Jarran Reed,DL,INA,1992-12-16,7,00-0032387,3115312,29289,ReedJa02,10683,3220
2023,18,CAR,Deion Jones,LB,ACT,1994-11-04,7,00-0032388,2976545,29285,JoneDe01,10686,3222
2023,22,KC,Joe Thuney,OL,RES,1992-11-18,7,00-0032391,,,,,
2023,18,LV,Austin Hooper,TE,ACT,1994-10-29,7,00-0032392,3043275,29315,HoopAu00,10715,3202
2023,18,LAC,Nick Vannett,TE,ACT,1993-03-06,7,00-0032394,2576399,29328,VannNi00,10728,3258
2023,21,DET,Graham Glasgow,OL,ACT,1992-08-19,7,00-0032395,,,,,
2023,18,TEN,Chris Moore,WR,ACT,1993-06-16,7,00-0032398,2576581,29341,MoorCh00,10741,3269
2023,19,PIT,Miles Killebrew,DB,ACT,1993-05-10,7,00-0032399,2575164,29345,KillMi00,10745,3272
2023,20,GB,De'Vondre Campbell,LB,ACT,1993-07-01,7,00-0032401,3040180,29349,CampDe00,10749,3276
2023,20,HOU,Hassan Ridgeway,DL,RES,1994-11-02,7,00-0032402,2971725,29350,RidgHa00,10750,3277
2023,19,PIT,Blake Martinez,LB,INA,1994-01-09,7,00-0032408,2978273,29365,MartBl01,10765,3291
2023,18,MIN,Dean Lowry,DL,RES,1994-06-09,7,00-0032412,2974348,29371,LowrDe00,10771,3295
2023,18,NE,Matt Judon,LB,RES,1992-08-15,7,00-0032415,3961466,29380,JudoMa00,10780,3303
2023,18,NYJ,Quinton Jefferson,DL,RES,1993-03-31,7,00-0032416,2577078,29381,JeffQu00,10781,3304
2023,20,BUF,Brandon Shell,OL,RET,1992-02-06,7,00-0032420,,,,,
2023,18,CIN,D.J. Reader,DL,RES,1994-07-01,7,00-0032424,2977670,29400,ReadD.00,10800,3322
2023,18,NYJ,Wes Schweitzer,OL,RES,1993-09-11,7,00-0032432,,,,,
2023,22,SF,Brandon Allen,QB,INA,1992-09-05,7,00-0032434,2574511,29435,AlleBr00,10835,3357
2023,19,CLE,Jeff Driskel,QB,INA,1993-04-23,7,00-0032436,2574630,29441,DrisJe00,10841,3362
2023,18,CAR,Kamu Grugier-Hill,LB,ACT,1994-05-16,7,00-0032437,3050851,29442,GrugKa00,10842,3363
2023,19,PIT,Elandon Roberts,LB,ACT,1994-04-22,7,00-0032442,2987743,29448,RobeEl00,10848,3369
2023,18,SEA,Joey Hunt,OL,DEV,1994-02-22,7,00-0032443,,,,,
2023,18,CIN,Ted Karras,OL,ACT,1993-03-15,7,00-0032445,,,,,
2023,18,DEN,Dwayne Washington,RB,RES,1994-04-24,7,00-0032450,3002265,29470,WashDw00,10870,3391
2023,19,DAL,Jayron Kearse,DB,ACT,1994-02-11,7,00-0032454,3045130,29478,KearJa00,10878,3399
2023,18,TEN,Kyle Peko,DL,RES,1993-07-23,7,00-0032463,3134288,29630,,11027,3633
2023,21,DET,Kalif Raymond,WR,INA,1994-08-08,7,00-0032464,2973405,29631,RaymKa00,11028,3634
2023,20,HOU,George Fant,OL,ACT,1992-07-19,7,00-0032466,,,,,
2023,18,CAR,Matthias Farley,DB,DEV,1992-07-15,7,00-0032496,2579840,29574,FarlMa00,10953,3605
2023,20,BUF,Reid Ferguson,LS,ACT,1994-03-24,7,00-0032497,,,,,
2023,18,CIN,Mike Hilton,DB,ACT,1994-03-09,7,00-0032521,2980383,29510,,10898,3546
2023,19,CLE,Justin Murray,OL,DEV,1993-04-19,7,00-0032528,,,,,
2023,18,LAC,Alex Erickson,WR,ACT,1992-11-06,7,00-0032543,2977800,29703,EricAl01,11107,3433
2023,1,TEN,Trevon Coley,DL,CUT,1994-07-13,7,00-0032566,2982880,29751,,11093,3676
2023,18,DEN,Wil Lutz,K,ACT,1994-07-07,7,00-0032569,2985659,29754,,11096,3678
2023,21,BAL,Michael Pierce,DL,ACT,1992-11-06,7,00-0032574,2972144,29759,,11101,3681
2023,19,MIA,Matt Skura,OL,DEV,1993-02-17,7,00-0032575,,,,,
2023,18,NE,Jonathan Jones,DB,ACT,1993-09-20,7,00-0032580,2971027,29875,JoneJo03,11217,3415
2023,21,BAL,Andrew Adams,DB,DEV,1993-08-28,7,00-0032637,2576599,29841,AdamAn00,11240,3764
2023,21,DET,Romeo Okwara,DL,ACT,1995-06-17,7,00-0032655,2980147,29867,OkwaRo01,11250,3502
2023,18,JAX,Roy Robertson-Harris,DL,ACT,1993-07-23,7,00-0032667,2574891,29920,,11341,3526
2023,18,LAC,Morgan Fox,DL,ACT,1994-09-12,7,00-0032671,3059620,29714,,11184,3743
2023,13,HOU,Cory Littleton,LB,CUT,1993-11-18,7,00-0032677,2978304,29718,LittCo01,11190,3747
2023,19,MIA,Robbie Chosen,WR,INA,1993-05-09,7,00-0032688,2574808,29785,AndeRo04,11254,3423
2023,22,SF,Jake Brendel,OL,ACT,1992-09-10,7,00-0032701,,,,,
2023,18,LAC,Stephen Anderson,TE,DEV,1993-01-30,7,00-0032725,2576854,29789,AndeSt01,11160,3496
2023,20,HOU,Ka'imi Fairbairn,K,ACT,1994-01-29,7,00-0032726,2971573,29792,,,3451
2023,18,IND,Luke Rhodes,LS,ACT,1992-12-02,7,00-0032753,2566045,29588,RhodLu00,10940,3598
2023,20,HOU,Sheldon Rankins,DL,ACT,1994-04-02,7,00-0032759,2970204,29246,RankSh00,10646,3188
2023,22,KC,Chris Jones,DL,ACT,1994-07-03,7,00-0032762,3044859,29271,JoneCh09,10671,3558
2023,18,LAC,Austin Johnson,DL,ACT,1994-05-08,7,00-0032763,2979591,29277,JohnAu01,10677,3560
2023,18,TEN,Derrick Henry,RB,ACT,1994-01-04,7,00-0032764,3043078,29279,HenrDe00,10679,3198
2023,18,NO,Michael Thomas,WR,RES,1993-03-03,7,00-0032765,2976316,29281,ThomMi05,10681,3199
2023,18,CHI,Cody Whitehair,OL,ACT,1992-07-11,7,00-0032768,,,,,
2023,1,PIT,Nick Kwiatkoski,LB,CUT,1993-05-26,7,00-0032773,2581818,29347,KwiaNi00,10747,3274
2023,22,KC,Deon Bush,DB,ACT,1993-08-14,7,00-0032774,2969944,29358,BushDe00,10758,3284
2023,19,LA,Demarcus Robinson,WR,ACT,1994-09-21,7,00-0032775,3043116,29360,RobiDe01,10760,3286
2023,21,DET,Halapoulivaati Vaitai,OL,RES,1993-06-16,7,00-0032785,,,,,
2023,20,HOU,DeAndre Houston-Carson,DB,ACT,1993-04-13,7,00-0032790,2566034,29419,HousDe00,10819,3341
2023,19,CLE,Jakeem Grant,WR,RES,1992-10-30,7,00-0032791,2577641,29420,GranJa00,10820,3342
2023,21,DET,Nate Sudfeld,QB,RES,1993-10-07,7,00-0032792,2979501,29421,SudfNa00,10821,3343
2023,18,NE,Jalen Mills,DB,ACT,1994-04-06,7,00-0032803,2976540,29467,MillJa02,10867,3388
2023,18,NYG,A'Shawn Robinson,DL,ACT,1995-03-21,7,00-0032889,3054857,29280,RobiAS00,10680,3218
2023,19,PHI,James Bradberry,DB,ACT,1993-08-04,7,00-0032890,2572841,29296,BradJa00,10696,3231
2023,21,BAL,Daryl Worley,DB,RES,1995-02-22,7,00-0032891,3042436,29311,WorlDa00,10711,3246
2023,18,MIN,Nick Vigil,LB,ACT,1993-08-20,7,00-0032892,2971816,29321,VigiNi00,10721,3254
2023,18,MIN,C.J. Ham,RB,ACT,1993-07-22,7,00-0032918,4012556,29951,HamxC.00,11347,3832
2023,18,ARI,Antonio Hamilton,DB,ACT,1993-01-24,7,00-0032933,3056354,29957,,11353,3838
2023,18,CAR,Vonn Bell,DB,ACT,1994-12-12,7,00-0032939,3051388,29295,BellVo00,10695,3230
2023,21,BAL,Kevon Seymour,DB,DEV,1993-11-30,7,00-0032942,2971603,29452,SeymKe00,10852,3374
2023,18,DEN,Riley Dixon,P,ACT,1993-08-24,7,00-0032943,2577619,29462,DixoRi00,10862,3383
2023,19,LA,Carson Wentz,QB,ACT,1992-12-30,7,00-0032950,2573079,29236,WentCa00,10636,3161
2023,21,BAL,Laquon Treadwell,WR,DEV,1995-06-14,7,00-0032951,3051889,29257,TreaLa00,10657,3155
2023,19,PIT,Isaac Seumalo,OL,ACT,1993-10-29,7,00-0032954,,,,,
2023,21,BAL,Ronnie Stanley,OL,ACT,1994-03-18,7,00-0032965,,,,,
2023,1,NYG,Vernon Butler,DL,CUT,1994-06-14,7,00-0032967,2971883,29264,ButlVe00,10664,3183
2023,19,PIT,Myles Jack,LB,ACT,1995-09-03,7,00-0032968,3047566,29270,JackMy00,10670,3166
2023,18,DEN,Justin Simmons,DB,ACT,1993-11-19,7,00-0032971,2969860,29332,SimmJu00,10732,3262
2023,18,WAS,Jonathan Williams,RB,DEV,1994-02-02,7,00-0032975,2980077,29390,WillJo07,10790,3312
2023,8,NO,J.P. Holtz,TE,CUT,1993-08-28,7,00-0032986,2970262,29666,HoltJ.01,11062,3695
2023,18,IND,Jaydon Mickens,WR,DEV,1994-04-21,7,00-0033006,2978308,29978,MickJa01,11371,3852
2023,18,CIN,Tyler Boyd,WR,ACT,1994-11-15,7,00-0033009,3045144,29288,BoydTy00,10689,3225
2023,18,MIN,Sheldon Day,DL,ACT,1994-07-01,7,00-0033010,2976194,29337,DayxSh00,10737,3265
2023,18,NYJ,Connor McGovern,OL,RES,1993-04-27,7,00-0033011,,,,,
2023,20,HOU,Eric Murray,DB,RES,1994-01-07,7,00-0033038,2970716,29340,MurrEr00,10740,3268
2023,19,MIA,Tyreek Hill,WR,ACT,1994-03-01,7,00-0033040,3116406,29399,HillTy00,10799,3321
2023,18,NE,Ezekiel Elliott,RB,ACT,1995-07-22,7,00-0033045,3051392,29238,ElliEz00,10638,3164
2023,18,NYG,Jihad Ward,DL,ACT,1994-05-11,7,00-0033046,3115914,29278,WardJi02,10678,3217
2023,18,NYJ,Anthony Brown,DB,DEV,1993-12-15,7,00-0033047,2977756,29423,BrowAn02,10823,3345
2023,19,MIA,Xavien Howard,DB,INA,1993-07-04,7,00-0033050,2978935,29272,HowaXa00,10672,3215
2023,18,ATL,David Onyemata,DL,ACT,1992-11-08,7,00-0033051,4002046,29354,OnyeDa00,10754,3281
2023,19,PIT,Jaylon Smith,LB,DEV,1995-06-14,7,00-0033052,3052896,29268,SmitJa05,10668,3167
2023,19,MIA,Jalen Ramsey,DB,ACT,1994-10-24,7,00-0033055,3045373,29239,RamsJa00,10639,3160
2023,19,CLE,Jack Conklin,OL,RES,1994-08-17,7,00-0033057,,,,,
2023,18,NO,Zach Wood,LS,ACT,1993-01-10,7,00-0033063,,,,,
2023,18,JAX,Adam Gotsis,DL,ACT,1992-09-23,7,00-0033064,2971498,29297,GotsAd00,10697,3232
2023,19,PHI,Le'Raven Clark,OL,DEV,1993-04-22,7,00-0033065,,,,,
2023,18,CHI,Andrew Billings,DL,ACT,1995-06-03,7,00-0033066,3051775,29356,BillAn00,10756,3207
2023,20,BUF,Leonard Floyd,DL,ACT,1992-09-08,7,00-0033072,3043136,29243,FloyLe00,10643,3174
2023,19,MIA,Emmanuel Ogbah,DL,ACT,1993-11-06,7,00-0033073,2977740,29266,OgbaEm00,10666,3197
2023,19,DAL,Dak Prescott,QB,ACT,1993-07-29,7,00-0033077,2577417,29369,PresDa01,10769,3294
2023,18,CHI,Lucas Patrick,OL,RES,1993-07-30,7,00-0033082,,,,,
2023,18,WAS,Kendall Fuller,DB,RES,1995-02-13,7,00-0033084,3045465,29318,FullKe00,10718,3252
2023,18,NE,Hunter Henry,TE,RES,1994-12-07,7,00-0033090,3046439,29269,HenrHu00,10669,3214
2023,18,MIN,Jonathan Bullard,DL,ACT,1993-10-22,7,00-0033093,2980097,29306,BullJo00,10706,3241
2023,20,BUF,Shaq Lawson,DL,ACT,1994-06-17,7,00-0033096,2977679,29253,LawsSh00,10653,3182
2023,18,SEA,Artie Burns,DB,ACT,1995-05-01,7,00-0033103,3051921,29259,BurnAr00,10659,3192
2023,21,DET,Jared Goff,QB,ACT,1994-10-14,7,00-0033106,3046779,29235,GoffJa00,10635,3163
2023,22,SF,Javon Hargrave,DL,ACT,1993-02-07,7,00-0033109,2983055,29323,HargJa00,10723,3256
2023,19,LA,Tyler Higbee,TE,ACT,1993-01-01,7,00-0033110,2573401,29344,HigbTy00,10744,3271
2023,19,GB,Kenyan Drake,RB,CUT,1994-01-26,7,00-0033118,2979843,29307,DrakKe00,10707,3242
2023,18,WAS,Jacoby Brissett,QB,INA,1992-12-11,7,00-0033119,2578570,29325,BrisJa00,10725,3257
2023,20,GB,Kenny Clark,DL,ACT,1995-10-04,7,00-0033120,3122752,29261,ClarKe01,10661,3186
2023,18,CHI,Yannick Ngakoue,DL,RES,1995-03-31,7,00-0033123,3053044,29303,NgakYa00,10703,3238
2023,20,HOU,Maliek Collins,DL,ACT,1995-04-08,7,00-0033131,3040471,29301,CollMa00,10701,3236
2023,19,PHI,Kevin Byard,DB,ACT,1993-08-17,7,00-0033132,2574056,29298,ByarKe01,10698,3233
2023,18,LAC,Joey Bosa,DL,RES,1995-07-11,7,00-0033156,3051389,29237,BosaJo00,10637,3156
2023,20,TB,Zach Triner,LS,ACT,1991-01-30,7,00-0033196,,,,,
2023,22,SF,Taybor Pepper,LS,ACT,1994-05-28,7,00-0033199,,,,,
2023,18,IND,Mo Alie-Cox,TE,ACT,1993-09-19,6,00-0033217,2998565,30112,AlieMo00,12078,4054
2023,18,TEN,Daniel Brunskill,OL,INA,1994-01-27,6,00-0033221,,,,,
2023,18,MIN,Johnny Mundt,TE,ACT,1994-11-23,6,00-0033246,3052096,30373,MundJo00,12206,4314
2023,18,ARI,Zach Pascal,WR,ACT,1994-12-18,6,00-0033251,2978109,30502,PascZa00,12303,4319
2023,7,DET,Darrell Daniels,TE,CUT,1994-11-22,6,00-0033258,3052166,30523,DaniDa02,12122,4323
2023,18,NYJ,Thomas Hennessy,LS,ACT,1994-06-11,6,00-0033260,,,,,
2023,18,IND,Rigoberto Sanchez,P,ACT,1994-09-08,6,00-0033269,3914922,30534,,,4331
2023,19,CLE,PJ Walker,QB,ACT,1995-02-26,6,00-0033275,3051308,30538,WalkPh00,12134,4335
2023,22,SF,Christian McCaffrey,RB,ACT,1996-06-07,6,00-0033280,3117251,30121,McCaCh01,11763,4034
2023,21,BAL,Marlon Humphrey,DB,ACT,1996-07-08,6,00-0033281,3126356,30129,HumpMa00,11771,4071
2023,18,WAS,Curtis Samuel,WR,ACT,1996-08-11,6,00-0033282,3121427,30153,SamuCu00,11795,4082
2023,21,BAL,Tyus Bowser,LB,RES,1995-05-23,6,00-0033283,3040037,30160,BowsTy00,11802,4084
2023,18,CAR,Taylor Moton,OL,ACT,1994-08-14,6,00-0033284,,,,,
2023,22,SF,George Kittle,TE,ACT,1993-10-09,6,00-0033288,3040151,30259,KittGe00,11901,4217
2023,18,LV,Jermaine Eluemunor,OL,ACT,1994-12-13,6,00-0033290,,,,,
2023,18,CHI,Trent Taylor,WR,ACT,1994-04-30,6,00-0033292,3040569,30290,TaylTr02,11932,4218
2023,20,GB,Aaron Jones,RB,ACT,1994-12-02,6,00-0033293,3042519,30295,JoneAa00,11937,4199
2023,18,NYJ,Chuck Clark,DB,RES,1995-04-19,6,00-0033294,3045463,30299,ClarCh00,11941,4224
2023,18,WAS,Alex Armah,RB,ACT,1994-05-17,6,00-0033296,4212884,30305,ArmaAl00,11948,4226
2023,18,DEN,D.J. Jones,DL,ACT,1995-01-19,6,00-0033297,3894915,30310,JoneD.01,11953,4278
2023,1,NYJ,Pita Taumoepenu,LB,CUT,1994-03-09,6,00-0033298,3055105,30315,TaumPi00,11957,4279
2023,18,NE,Conor McDermott,OL,RES,1992-10-19,6,00-0033300,,,,,
2023,18,CHI,Adrian Colbert,DB,DEV,1993-10-06,6,00-0033302,2971699,30342,ColbAd00,11983,4277
2023,22,KC,Harrison Butker,K,ACT,1995-07-14,6,00-0033303,3055899,30346,ButkHa00,11988,4227
2023,18,NE,Kendrick Bourne,WR,RES,1995-08-04,6,00-0033307,3045523,30551,BourKe00,12270,4454
2023,18,NYG,Matt Breida,RB,ACT,1995-02-28,6,00-0033308,3049916,30552,BreiMa00,12271,4455
2023,18,MIN,Nick Mullens,QB,ACT,1995-03-21,6,00-0033319,3059989,30563,MullNi00,12282,4464
2023,18,CHI,Aviante Collins,OL,DEV,1993-04-21,6,00-0033326,,,,,
2023,20,GB,Eric Wilson,LB,ACT,1994-09-26,6,00-0033336,3056916,30448,WilsEr00,38587,4413
2023,18,CIN,Josh Tupou,DL,ACT,1994-05-02,6,00-0033347,2979632,30586,TupoJo00,12093,4371
2023,18,NO,Taysom Hill,QB,ACT,1990-08-23,6,00-0033357,2468609,30614,HillTa00,12112,4381
2023,18,DAL,Adam Pankey,OL,CUT,1994-02-02,6,00-0033359,,,,,
2023,18,DEN,Tim Patrick,WR,RES,1993-11-23,6,00-0033375,3134353,30511,PatrTi00,12087,4351
2023,21,BAL,Patrick Ricard,RB,ACT,1994-05-27,6,00-0033376,2975417,30592,RicaPa00,48862,4353
2023,18,LV,Adam Butler,DL,ACT,1994-04-12,6,00-0033381,2972342,30655,,12214,4415
2023,1,LV,Jacob Hollister,TE,CUT,1993-11-18,6,00-0033387,3125404,30661,HollJa03,12051,4421
2023,18,IND,Kenny Moore,DB,ACT,1995-08-23,6,00-0033393,4218312,30669,MoorKe03,51596,4427
2023,20,BUF,Matt Haack,P,DEV,1994-07-25,6,00-0033400,3043237,30641,,12212,4390
2023,1,CAR,Greg Mabin,DB,CUT,1994-06-25,6,00-0033430,2979515,30477,MabiGr00,12068,4476
2023,18,NE,Breon Borders,DB,DEV,1995-07-22,6,00-0033435,3048663,30623,,39398,4439
2023,18,NE,Pharaoh Brown,TE,ACT,1994-05-04,6,00-0033439,2971281,30627,BrowPh01,12247,4443
2023,19,PHI,Nicholas Morrow,LB,ACT,1995-10-07,6,00-0033445,4232830,30633,MorrNi00,51674,4449
2023,21,DET,Anthony Firkser,TE,ACT,1995-02-19,6,00-0033455,3049698,30571,FirkAn00,51837,4435
2023,13,KC,John Ross,WR,CUT,1995-11-27,6,00-0033460,3052177,30122,RossJo00,11764,4038
2023,18,NE,Raekwon McMillan,LB,RES,1995-11-17,6,00-0033461,3121423,30167,McMiRa02,11809,4090
2023,18,NYJ,Carl Lawson,DL,INA,1995-06-29,6,00-0033463,3051911,30229,LawsCa00,11871,4148
2023,18,IND,Isaiah McKenzie,WR,RES,1995-04-09,6,00-0033466,3128724,30285,McKeIs00,11927,4197
2023,1,CHI,Isaiah Ford,WR,RES,1996-02-09,6,00-0033471,3124069,30350,FordIs00,11991,4252
2023,1,WAS,Marcus Kemp,WR,CUT,1995-08-14,6,00-0033481,3046399,30682,KempMa00,12137,4491
2023,21,BAL,Arthur Maulet,DB,ACT,1993-07-13,6,00-0033503,3916144,30415,,12224,4503
2023,18,LAC,Cameron Tom,OL,ACT,1995-06-21,6,00-0033505,,,,,
2023,18,NYG,Sean Harlow,OL,ACT,1995-03-28,6,00-0033511,,,,,
2023,19,PIT,Damontae Kazee,DB,ACT,1993-06-05,6,00-0033512,2976099,30262,KazeDa00,11904,4188
2023,18,WAS,Jonathan Allen,DL,INA,1995-01-16,6,00-0033523,3054840,30130,AlleJo01,11772,4032
2023,18,DEN,Samaje Perine,RB,ACT,1995-09-16,6,00-0033526,3116389,30227,PeriSa00,11869,4147
2023,18,LAC,Mike Williams,WR,RES,1994-10-04,6,00-0033536,3045138,30120,WillMi07,11762,4068
2023,19,CLE,Deshaun Watson,QB,RES,1995-09-14,6,00-0033537,3122840,30125,WatsDe00,11767,4017
2023,18,DEN,Garett Bolles,OL,ACT,1992-05-27,6,00-0033538,,,,,
2023,18,NYG,Jarrad Davis,LB,RES,1994-11-16,6,00-0033539,3054951,30134,DaviJa01,11776,4067
2023,18,CIN,Sidney Jones,DB,ACT,1996-05-21,6,00-0033543,3127299,30156,JoneSi00,11798,4083
2023,6,SEA,Teez Tabor,DB,CUT,1995-12-31,6,00-0033545,3115257,30166,TaboTe00,11808,4087
2023,19,CLE,Dalvin Tomlinson,DL,ACT,1994-02-18,6,00-0033546,2979860,30168,TomlDa00,11810,4092
2023,19,PHI,Zach Cunningham,LB,ACT,1994-12-02,6,00-0033547,3051750,30170,CunnZa00,11812,4110
2023,18,CIN,Chidobe Awuzie,DB,INA,1995-05-24,6,00-0033548,3052101,30173,AwuzCh00,11815,4107
2023,19,MIA,Duke Riley,LB,ACT,1994-08-09,6,00-0033549,3042725,30188,RileDu00,11830,4099
2023,20,BUF,Rasul Douglas,DB,ACT,1994-08-29,6,00-0033551,3943270,30212,DougRa00,11854,4136
2023,18,ARI,James Conner,RB,ACT,1995-05-05,6,00-0033553,3045147,30218,ConnJa00,11860,4137
2023,18,ATL,Mack Hollins,WR,ACT,1993-09-16,6,00-0033555,2991662,30231,HollMa00,11873,4177
2023,18,CAR,Tarik Cohen,RB,DEV,1995-07-26,6,00-0033556,3066158,30232,CoheTa00,11874,4157
2023,21,DET,Jalen Reeves-Maybin,LB,ACT,1995-01-31,6,00-0033557,3044729,30237,ReevJa00,11879,4163
2023,18,ARI,Carlos Watkins,DL,RES,1993-12-05,6,00-0033563,2977681,30255,WatkCa00,11897,4166
2023,20,HOU,Desmond King,DB,ACT,1994-12-14,6,00-0033566,3040145,30264,KingDe01,11906,4216
2023,1,SF,Brian Hill,RB,CUT,1995-11-09,6,00-0033567,3125403,30269,HillBr02,11911,4187
2023,1,ARI,Nate Hairston,DB,CUT,1994-06-30,6,00-0033568,2976259,30271,HairNa00,11913,4202
2023,19,PHI,Roderick Johnson,OL,RES,1995-11-28,6,00-0033569,,,,,
2023,19,CLE,Anthony Walker,LB,RES,1995-08-08,6,00-0033570,3045251,30274,WalkAn01,11916,4203
2023,20,BUF,Matt Milano,LB,RES,1994-07-28,6,00-0033571,3046287,30276,MilaMa00,11918,4191
2023,18,JAX,Jamal Agnew,WR,RES,1995-04-03,6,00-0033572,3061612,30278,AgneJa00,11920,4198
2023,20,HOU,Eric Saubert,TE,INA,1994-05-09,6,00-0033576,2975863,30287,SaubEr00,11929,4189
2023,18,CAR,Xavier Woods,DB,ACT,1995-07-26,6,00-0033579,3040572,30304,WoodXa00,11946,4238
2023,1,MIN,Tanner Vallejo,LB,CUT,1994-12-16,6,00-0033580,3042895,30308,VallTa00,11950,4225
2023,18,JAX,Jeremiah Ledbetter,DL,ACT,1994-05-29,6,00-0033582,3892689,30317,LedbJe00,11960,4240
2023,11,LV,Isaac Rochell,DL,CUT,1995-04-22,6,00-0033588,3052894,30338,RochIs00,11980,4271
2023,20,TB,David Moore,WR,ACT,1995-01-15,6,00-0033589,4212909,30339,MoorDa03,11981,4274
2023,20,HOU,Noah Brown,WR,RES,1996-01-06,6,00-0033591,3121409,30352,BrowNo00,11993,4234
2023,4,BAL,Kyle Fuller,OL,CUT,1994-03-04,6,00-0033592,,,,,
2023,20,TB,Pat O'Connor,DL,ACT,1993-11-01,6,00-0033595,2980206,30363,OConPa00,12005,4241
2023,20,BUF,Eli Ankou,DL,DEV,1994-06-08,6,00-0033598,3008150,30792,AnkoEl00,48856,4604
2023,1,IND,Ricky Seals-Jones,TE,RES,1995-03-15,6,00-0033611,3051806,30494,SealRi00,12020,4531
2023,1,HOU,Rashaad Coward,OL,CUT,1994-11-06,6,00-0033631,,,,,
2023,18,TEN,Joseph Jones,LB,RES,1994-02-21,6,00-0033659,2974344,30785,,12321,4572
2023,19,DAL,Cooper Rush,QB,ACT,1993-11-21,6,00-0033662,2972515,30788,RushCo00,12324,4574
2023,18,ARI,Elijah Wilkinson,OL,ACT,1995-02-10,6,00-0033676,,,,,
2023,18,LV,Keelan Cole,WR,INA,1993-04-20,6,00-0033681,3071572,30396,ColeKe00,51593,4622
2023,18,LAC,Michael Davis,DB,ACT,1995-01-06,6,00-0033697,3053795,30422,DaviMi03,12040,4661
2023,18,LAC,Austin Ekeler,RB,ACT,1995-05-17,6,00-0033699,3068267,30423,EkelAu00,12164,4663
2023,18,ATL,Younghoe Koo,K,ACT,1994-08-03,6,00-0033702,3049899,30426,,,4666
2023,19,MIA,Calvin Munson,LB,ACT,1994-12-27,6,00-0033716,3047530,30736,MunsCa00,12236,4643
2023,1,MIN,Colin Thompson,TE,CUT,1993-12-15,6,00-0033720,2980120,30740,ThomCo03,12239,4647
2023,18,ARI,Corey Clement,RB,DEV,1994-11-02,6,00-0033725,3045260,30707,ClemCo00,12253,4651
2023,20,HOU,Cameron Johnston,P,ACT,1992-02-24,6,00-0033729,3051397,30711,,12255,4654
2023,19,PHI,Greg Ward,WR,DEV,1995-07-12,6,00-0033733,3040035,30715,WardGr02,12258,6744
2023,1,MIA,Jamal Perry,DB,CUT,1994-10-23,6,00-0033734,3892777,30716,,12259,4658
2023,18,TEN,Jordan Roos,OL,DEV,1993-07-06,6,00-0033740,,,,,
2023,22,SF,Alex Barrett,DL,INA,1994-03-06,6,00-0033746,2976114,30766,BarrAl00,12183,4594
2023,18,ATL,Storm Norton,OL,ACT,1994-05-16,6,00-0033752,,,,,
2023,18,CHI,Robert Tonyan,TE,ACT,1994-04-30,6,00-0033757,2975674,30777,TonyRo00,12193,4602
2023,18,CHI,Dylan Cole,LB,ACT,1994-05-19,6,00-0033765,2986109,30799,ColeDy00,24304,4606
2023,18,NYJ,Justin Hardee,DB,ACT,1994-02-07,6,00-0033770,2970625,30811,,18348,4611
2023,18,CHI,DeMarcus Walker,DL,ACT,1994-09-30,6,00-0033782,3045377,30164,WalkDe03,11806,4086
2023,19,LA,Ahkello Witherspoon,DB,ACT,1995-03-21,6,00-0033783,3122630,30179,WithAh00,11821,4124
2023,18,CHI,Eddie Jackson,DB,ACT,1993-12-10,6,00-0033784,3054847,30225,JackEd01,11867,4158
2023,19,PHI,Jake Elliott,K,ACT,1995-01-21,6,00-0033787,3050478,30266,ElliJa03,11908,4195
2023,14,IND,Brandon Wilson,DB,DEV,1994-07-27,6,00-0033791,2982632,30320,WilsBr01,11962,4230
2023,20,GB,Rudy Ford,DB,RES,1994-11-01,6,00-0033792,3051901,30321,FordRu00,11963,4223
2023,18,TEN,Corey Levin,OL,ACT,1994-08-12,6,00-0033793,,,,,
2023,1,HOU,Mason Schreck,TE,CUT,1993-11-04,6,00-0033798,2972331,30364,SchrMa00,12007,4229
2023,18,WAS,Andrew Wylie,OL,INA,1994-08-19,6,00-0033831,,,,,
2023,20,HOU,Dare Ogunbowale,RB,ACT,1994-05-04,6,00-0033854,2983509,30860,OgunDa00,12329,4718
2023,19,BUF,Leonard Fournette,RB,DEV,1995-01-18,6,00-0033856,3115364,30117,FourLe00,11759,3969
2023,18,NE,JuJu Smith-Schuster,WR,RES,1996-11-22,6,00-0033857,3120348,30175,SmitJu00,11817,4040
2023,18,ATL,Jonnu Smith,TE,ACT,1995-08-22,6,00-0033858,3054212,30213,SmitJo01,11855,4144
2023,18,NE,Davon Godchaux,DL,ACT,1994-11-11,6,00-0033860,3115383,30291,GodcDa00,11934,4207
2023,1,SF,Zane Gonzalez,K,RES,1995-05-07,6,00-0033862,3043234,30337,GonzZa00,,4233
2023,21,DET,Dan Skipper,OL,ACT,1994-09-20,6,00-0033863,,,,,
2023,19,CLE,Myles Garrett,DL,ACT,1995-12-29,6,00-0033868,3122132,30114,GarrMy00,11756,3973
2023,19,PIT,Mitchell Trubisky,QB,INA,1994-08-20,6,00-0033869,3039707,30115,TrubMi00,11757,3976
2023,18,NYJ,Solomon Thomas,DL,ACT,1995-08-26,6,00-0033870,3117258,30116,ThomSo00,11758,4058
2023,18,NYJ,Corey Davis,WR,RET,1995-01-11,6,00-0033871,3042778,30118,DaviCo03,11760,4036
2023,18,SEA,Jamal Adams,DB,RES,1995-10-17,6,00-0033872,3115373,30119,AdamJa00,11761,4077
2023,22,KC,Patrick Mahomes,QB,ACT,1995-09-17,6,00-0033873,3139477,30123,MahoPa00,11765,4046
2023,18,NO,Marshon Lattimore,DB,RES,1996-05-20,6,00-0033874,3121421,30124,LattMa01,11766,4059
2023,19,PHI,Haason Reddick,LB,ACT,1994-09-22,6,00-0033875,2980504,30126,ReddHa00,11768,4063
2023,20,HOU,Derek Barnett,DL,ACT,1996-06-25,6,00-0033876,3115336,30127,BarnDe01,11769,4065
2023,19,DAL,Malik Hooker,DB,ACT,1996-04-02,6,00-0033877,3121415,30128,HookMa00,11770,4074
2023,18,NYG,Adoree' Jackson,DB,ACT,1995-09-18,6,00-0033878,3120347,30131,JackAd00,11773,4078
2023,21,DET,Charles Harris,DL,INA,1995-03-06,6,00-0033880,3051852,30135,HarrCh03,11777,4075
2023,18,JAX,Evan Engram,TE,ACT,1994-09-02,6,00-0033881,3051876,30136,EngrEv00,11778,4066
2023,18,NE,Jabrill Peppers,DB,ACT,1995-10-04,6,00-0033883,3115962,30138,PeppJa00,11780,4056
2023,20,BUF,Tre'Davious White,DB,RES,1995-01-16,6,00-0033884,3042717,30140,WhitTr01,11782,4072
2023,19,CLE,David Njoku,TE,ACT,1996-07-10,6,00-0033885,3123076,30142,NjokDa00,11784,4033
2023,19,PIT,T.J. Watt,LB,INA,1994-10-11,6,00-0033886,3045282,30143,WattT.00,11785,4070
2023,18,NO,Ryan Ramczyk,OL,RES,1994-04-22,6,00-0033888,,,,,
2023,18,JAX,Cam Robinson,OL,ACT,1995-10-09,6,00-0033889,,,,,
2023,18,ARI,Budda Baker,DB,ACT,1996-01-10,6,00-0033890,3127287,30149,BakeBu00,11791,4081
2023,18,JAX,Zay Jones,WR,ACT,1995-03-30,6,00-0033891,3059722,30150,JoneZa00,11792,4080
2023,18,NO,Marcus Maye,DB,RES,1993-03-09,6,00-0033892,2980110,30152,MayeMa00,11794,4093
2023,21,BAL,Dalvin Cook,RB,ACT,1995-08-10,6,00-0033893,3116593,30154,CookDa01,11796,4029
2023,21,BAL,Marcus Williams,DB,ACT,1996-09-08,6,00-0033894,3122882,30155,WillMa06,11797,4091
2023,18,LAC,Gerald Everett,TE,ACT,1994-06-25,6,00-0033895,3918639,30157,EverGe00,11799,4089
2023,18,CIN,Joe Mixon,RB,ACT,1996-07-24,6,00-0033897,3116385,30161,MixoJo00,11803,4018
2023,19,PHI,Justin Evans,DB,RES,1995-08-26,6,00-0033898,3895859,30163,EvanJu00,11805,4096
2023,19,CLE,Ethan Pocic,OL,ACT,1995-08-05,6,00-0033901,,,,,
2023,18,NO,Tanoh Kpassagnon,DL,ACT,1994-06-14,6,00-0033902,2982313,30172,KpasTa00,11814,4114
2023,20,BUF,Dion Dawkins,OL,ACT,1994-04-26,6,00-0033904,,,,,
2023,19,PIT,Larry Ogunjobi,DL,ACT,1994-06-03,6,00-0033905,3050122,30178,OgunLa00,11820,4106
2023,18,NO,Alvin Kamara,RB,INA,1995-07-25,6,00-0033906,3054850,30180,KamaAl00,11822,4035
2023,18,JAX,Dawuane Smoot,DL,ACT,1995-03-02,6,00-0033907,3042476,30181,SmooDa00,11823,4113
2023,19,LA,Cooper Kupp,WR,ACT,1993-06-15,6,00-0033908,2977187,30182,KuppCo00,11824,4039
2023,18,ARI,Pat Elflein,OL,RES,1994-07-06,6,00-0033909,,,,,
2023,18,CHI,Dan Feeney,OL,ACT,1994-05-29,6,00-0033910,,,,,
2023,10,NO,Jordan Willis,DL,DEV,1995-05-02,6,00-0033912,3052434,30186,WillJo09,11828,4105
2023,18,CAR,Chris Wormley,DL,ACT,1993-08-25,6,00-0033913,2977615,30187,WormCh00,11829,4101
2023,21,DET,Alex Anzalone,LB,ACT,1994-09-22,6,00-0033914,3043107,30189,AnzaAl00,11831,4118
2023,18,DEN,Fabian Moreau,DB,ACT,1994-04-09,6,00-0033918,2971586,30194,MoreFa00,11836,4126
2023,18,IND,Derek Rivers,DL,DEV,1994-05-09,6,00-0033920,3049268,30196,RiveDe00,11838,4117
2023,20,TB,Chris Godwin,WR,ACT,1996-02-27,6,00-0033921,3116165,30197,GodwCh00,11839,4037
2023,19,CLE,Kareem Hunt,RB,ACT,1995-08-06,6,00-0033923,3059915,30199,HuntKa00,11841,4098
2023,18,CHI,D'Onta Foreman,RB,INA,1996-04-24,6,00-0033925,3125116,30202,ForeDO00,11844,4111
2023,18,CAR,Shaquill Griffin,DB,INA,1995-07-20,6,00-0033926,3054026,30203,GrifSh00,11845,4140
2023,19,LA,John Johnson,DB,ACT,1995-12-19,6,00-0033927,3046292,30204,JohnJo10,11847,4133
2023,19,DAL,Jourdan Lewis,DB,ACT,1995-08-31,6,00-0033928,3045207,30205,LewiJo01,11846,4129
2023,19,PIT,Montravius Adams,DL,ACT,1995-07-24,6,00-0033929,3051894,30206,AdamMo00,11848,4132
2023,21,DET,Cameron Sutton,DB,ACT,1995-02-27,6,00-0033930,3044724,30207,SuttCa00,11850,4138
2023,18,CIN,Trey Hendrickson,DL,ACT,1994-12-05,6,00-0033935,3052743,30216,HendTr00,11858,4135
2023,18,JAX,C.J. Beathard,QB,ACT,1993-11-16,6,00-0033936,2979520,30217,BeatC.00,11859,4127
2023,18,TEN,Jaleel Johnson,DL,ACT,1994-07-12,6,00-0033940,2979523,30222,JohnJa09,11864,4173
2023,18,JAX,Rayshawn Jenkins,DB,ACT,1994-01-25,6,00-0033941,2969961,30226,JenkRa00,11868,4180
2023,21,DET,Josh Reynolds,WR,ACT,1995-02-16,6,00-0033943,3115306,30230,ReynJo00,11872,4171
2023,18,IND,Samson Ebukam,DL,ACT,1995-05-09,6,00-0033945,3045527,30238,EbukSa00,11880,4170
2023,18,CAR,David Sharpe,OL,ACT,1995-10-21,6,00-0033946,,,,,
2023,18,NE,Deatrich Wise,DL,ACT,1994-07-26,6,00-0033947,2980080,30244,WiseDe00,11886,4174
2023,18,NO,Jamaal Williams,RB,ACT,1995-04-03,6,00-0033948,2980453,30247,WillJa06,11889,4149
2023,18,MIN,Joshua Dobbs,QB,ACT,1995-01-26,6,00-0033949,3044720,30248,DobbJo00,11890,4179
2023,18,ARI,Marlon Mack,RB,RES,1996-03-07,6,00-0033951,3139605,30256,MackMa00,11898,4152
2023,18,IND,Grover Stewart,DL,ACT,1993-10-20,6,00-0033952,4058825,30257,StewGr00,11899,4168
2023,20,SF,Jeremy McNichols,RB,DEV,1995-12-26,6,00-0033955,3127586,30275,McNiJe00,11917,4219
2023,18,CHI,Nathan Peterman,QB,ACT,1994-05-04,6,00-0033958,2972236,30284,PeteNa00,11926,4183
2023,18,NYJ,Tanzel Smart,DL,DEV,1994-11-06,6,00-0033963,3041112,30302,SmarTa00,11944,4251
2023,18,IND,Al-Quadin Muhammad,DL,DEV,1995-03-28,6,00-0033964,3051942,30309,MuhaAl00,11951,4259
2023,18,NYJ,Ifeadi Odenigbo,DL,RES,1994-04-08,6,00-0033969,2974353,30333,OdenIf00,11975,4256
2023,19,CLE,Michael Dunn,OL,ACT,1994-08-28,6,00-0033995,,,,,
2023,19,PIT,Christian Kuntz,LS,ACT,1994-04-13,6,00-0034051,2978524,30954,,20035,4848
2023,19,MIA,River Cracraft,WR,ACT,1994-11-01,6,00-0034054,3052056,30955,,47417,4854
2023,21,DET,Scott Daly,LS,RES,1994-02-07,5,00-0034067,,,,,
2023,15,WAS,Danny Johnson,DB,CUT,1995-11-17,5,00-0034071,3141066,31402,,49379,5388
2023,22,SF,Ross Dwelley,TE,RES,1995-01-26,5,00-0034073,3120303,31329,DwelRo00,20994,5285
2023,21,DET,Mike Badgley,K,ACT,1995-07-28,5,00-0034084,3123052,31366,,,5230
2023,1,DEN,Tomasi Laulile,DL,CUT,1995-05-22,5,00-0034089,,,,,
2023,22,SF,George Odum,DB,ACT,1993-11-03,5,00-0034091,3050199,31373,OdumGe00,31342,5445
2023,21,DET,Emmanuel Moseley,DB,RES,1996-03-25,5,00-0034096,3115337,31386,,50430,5436
2023,18,CAR,Cam Sims,WR,DEV,1996-01-06,5,00-0034104,3115314,31405,SimsCa00,47908,5432
2023,18,MIN,Austin Schlottmann,OL,ACT,1995-09-18,5,00-0034112,,,,,
2023,19,LA,Coleman Shelton,OL,ACT,1995-07-28,5,00-0034114,,,,,
2023,19,MIA,Jeff Wilson,RB,ACT,1995-11-16,5,00-0034115,3122976,31394,WilsJe01,29413,5284
2023,18,NO,J.T. Gray,DB,ACT,1996-01-18,5,00-0034116,3115481,31411,GrayJ.00,51495,5452
2023,18,ARI,Kendal Vickers,DL,DEV,1995-05-23,5,00-0034125,3044732,31420,,48993,5470
2023,18,NYG,J.C. Hassenauer,OL,RES,1995-09-15,5,00-0034142,,,,,
2023,18,IND,Chris Lammons,DB,INA,1996-01-31,5,00-0034145,3128630,31359,,49368,5508
2023,18,MIN,Brian O'Neill,OL,INA,1995-09-15,5,00-0034158,,,,,
2023,18,SEA,Will Dissly,TE,ACT,1996-07-08,5,00-0034159,3127292,31090,DissWi00,30762,5010
2023,18,SEA,Michael Dickson,P,ACT,1996-01-04,5,00-0034160,3929851,31119,DickMi00,35381,5011
2023,18,LV,Daniel Carlson,K,ACT,1995-01-23,5,00-0034161,3051909,31137,CarlDa00,28121,5095
2023,18,LAC,J.K. Scott,P,ACT,1995-10-30,5,00-0034162,3126368,31142,ScotJK00,38809,5087
2023,18,IND,Jake Martin,DL,ACT,1995-12-11,5,00-0034163,3138764,31156,MartJa02,50152,5378
2023,18,NO,Colby Gossett,OL,DEV,1995-06-23,5,00-0034165,,,,,
2023,21,DET,Jason Cabinda,RB,ACT,1996-03-17,5,00-0034171,3116158,31480,CabiJa00,50714,5565
2023,18,CAR,Eddy Pineiro,K,INA,1995-09-13,5,00-0034173,4034949,31482,,,5189
2023,20,HOU,Tim Boyle,QB,DEV,1994-10-03,5,00-0034177,3045169,31431,,21956,5257
2023,21,BAL,Gus Edwards,RB,ACT,1995-04-13,5,00-0034184,3051926,31424,EdwaGu00,46027,5248
2023,18,DEN,Tyler Lancaster,DL,DEV,1994-11-04,5,00-0034185,3045242,31436,LancTy00,48604,5483
2023,18,TEN,Kevin Rader,TE,ACT,1995-04-26,5,00-0034193,3049290,31441,,30887,5171
2023,19,DAL,Trent Sieg,LS,ACT,1995-05-19,5,00-0034198,,,,,
2023,18,JAX,Darious Williams,DB,ACT,1993-03-15,5,00-0034203,4239833,31422,WillDa09,55724,5526
2023,18,CAR,Mike Boone,RB,DEV,1995-07-30,5,00-0034208,3139033,31228,BoonMi00,31615,5209
2023,19,DAL,Dakoda Shepley,OL,DEV,1994-12-27,5,00-0034229,,,,,
2023,20,BUF,Poona Ford,DL,INA,1995-11-19,5,00-0034234,3125114,31477,FordPo00,48875,5226
2023,19,MIA,Elijah Campbell,DB,ACT,1995-08-24,5,00-0034248,3932901,31451,,49190,5534
2023,1,MIN,Christian DiLauro,OL,CUT,1994-11-11,5,00-0034250,,,,,
2023,18,NE,Daniel Ekuale,DL,RES,1994-01-13,5,00-0034251,3052059,31454,,48874,5532
2023,18,CAR,Austin Corbett,OL,RES,1995-09-05,5,00-0034261,,,,,
2023,1,GB,Tarvarius Moore,DB,RES,1996-08-16,5,00-0034263,4039278,31065,MoorTa00,49178,5040
2023,18,NYJ,Jalyn Holmes,DL,ACT,1996-01-25,5,00-0034264,3121414,31072,HolmJa01,48400,5333
2023,11,DET,Anthony Averett,DB,CUT,1994-11-30,5,00-0034265,3054841,31088,AverAn00,50365,5301
2023,18,NYJ,Tyler Conklin,TE,ACT,1995-07-30,5,00-0034270,3915486,31127,IzzoRy00,47327,5094
2023,22,KC,Marquez Valdes-Scantling,WR,ACT,1994-10-10,5,00-0034272,3051738,31144,ValdMa00,47809,5086
2023,19,MIA,Parry Nickerson,DB,DEV,1994-10-11,5,00-0034274,3041098,31149,NickPa00,50511,5091
2023,18,JAX,Folorunso Fatukasi,DL,ACT,1995-03-04,5,00-0034275,3045172,31150,FatuFo00,38558,5090
2023,19,MIA,DeShon Elliott,DB,ACT,1997-04-21,5,00-0034277,3929846,31160,ElliDe02,28854,5071
2023,18,DEN,Tremon Smith,DB,ACT,1996-07-20,5,00-0034278,3134448,31166,SmitTr04,28196,5328
2023,18,CHI,Equanimeous St. Brown,WR,ACT,1996-09-30,5,00-0034279,3932442,31177,St.BEq00,47967,5323
2023,1,NYJ,Greg Senat,OL,CUT,1994-09-08,5,00-0034280,,,,,
2023,18,CAR,Bradley Bozeman,OL,ACT,1994-11-24,5,00-0034281,,,,,
2023,19,MIA,Zach Sieler,DL,ACT,1995-09-07,5,00-0034285,3057956,31208,SielZa00,66917,5297
2023,22,KC,Richie James,WR,ACT,1995-09-05,5,00-0034286,3122899,31210,JameRi00,28991,5137
2023,18,JAX,James Murray,OL,DEV,1995-05-05,5,00-0034295,,,,,
2023,18,DEN,Ben Niemann,LB,ACT,1995-07-27,5,00-0034296,3140643,31495,NiemBe00,51099,5576
2023,18,WAS,Byron Pringle,WR,ACT,1993-11-17,5,00-0034297,4036416,31496,PrinBy00,42345,5199
2023,1,NO,Darrel Williams,RB,CUT,1995-04-15,5,00-0034301,3115375,31500,WillDa10,13014,5549
2023,18,CAR,Frankie Luvu,LB,ACT,1996-09-19,5,00-0034302,3127273,31503,LuvuFr00,51028,5580
2023,21,DET,Craig James,DB,DEV,1996-04-29,5,00-0034310,3116058,31509,,26360,5583
2023,18,NO,Keith Kirkwood,WR,INA,1994-12-26,5,00-0034317,3046401,31517,KirkKe00,48017,5134
2023,18,JAX,Henry Mondeaux,DL,DEV,1995-09-19,5,00-0034318,3122690,31518,,48889,5572
2023,18,ATL,Kentavius Street,DL,RES,1996-05-08,5,00-0034320,3116726,31098,StreKe00,48404,5371
2023,17,SF,Taylor Stallworth,DL,CUT,1995-08-18,5,00-0034325,3126489,31526,,48935,5191
2023,18,WAS,Daron Payne,DL,ACT,1997-05-27,5,00-0034333,3925354,30983,PaynDa00,48698,4976
2023,12,WAS,Troy Apke,DB,CUT,1995-04-11,5,00-0034334,3116152,31079,ApkeTr00,49260,5365
2023,18,CHI,Greg Stroman,DB,INA,1996-03-08,5,00-0034337,3124086,31211,StroGr00,49354,5368
2023,6,DET,Trey Quinn,WR,CUT,1995-12-07,5,00-0034339,3115365,31226,QuinTr00,38276,5139
2023,18,IND,Quenton Nelson,OL,ACT,1996-03-19,5,00-0034342,,,,,
2023,18,MIN,Marcus Davenport,LB,RES,1996-09-04,5,00-0034344,3124058,30984,DaveMa00,50291,4965
2023,21,DET,Frank Ragnow,OL,ACT,1996-05-17,5,00-0034345,,,,,
2023,18,ARI,Will Hernandez,OL,ACT,1995-09-02,5,00-0034346,,,,,
2023,19,PIT,James Daniels,OL,ACT,1997-09-13,5,00-0034347,,,,,
2023,18,DEN,Courtland Sutton,WR,ACT,1995-10-10,5,00-0034348,3128429,31010,SuttCo00,48164,5045
2023,18,SEA,Uchenna Nwosu,LB,RES,1996-12-28,5,00-0034350,3120358,31018,NwosUc00,50084,5061
2023,19,PHI,Dallas Goedert,TE,ACT,1995-01-03,5,00-0034351,3121023,31019,GoedDa00,47272,5022
2023,19,MIA,Connor Williams,OL,RES,1997-05-12,5,00-0034352,,,,,
2023,22,KC,Anthony Miller,WR,RES,1994-10-09,5,00-0034353,3050487,31021,MillAn02,48160,5013
2023,2,ATL,Kemoko Turay,DL,DEV,1995-07-11,5,00-0034354,3047512,31022,TuraKe00,21702,5058
2023,20,HOU,M.J. Stewart,DB,RES,1995-09-16,5,00-0034355,3116679,31023,StewM.00,49397,5055
2023,18,CAR,Donte Jackson,DB,ACT,1995-11-08,5,00-0034356,3843769,31025,JackDo02,49377,5051
2023,22,SF,Isaiah Oliver,DB,ACT,1996-09-30,5,00-0034357,3915437,31028,OlivIs00,50393,5044
2023,18,IND,Tyquan Lewis,DL,ACT,1995-01-30,5,00-0034359,3040513,31034,LewiTy00,48475,5057
2023,18,ATL,Lorenzo Carter,LB,ACT,1995-12-10,5,00-0034360,3128715,31036,CartLo01,50126,5021
2023,22,KC,Justin Reid,DB,ACT,1997-02-15,5,00-0034361,3931399,31038,ReidJu00,49048,5036
2023,20,TB,Deadrin Senat,DL,DEV,1994-07-22,5,00-0034363,3051376,31060,SenaDe00,48815,5042
2023,19,CLE,Jordan Akins,TE,ACT,1992-04-19,5,00-0034364,3128452,31068,AkinJo00,47050,5032
2023,18,CAR,Ian Thomas,TE,ACT,1996-06-06,5,00-0034365,4045305,31071,ThomIa00,42130,4995
2023,1,MIA,Keke Coutee,WR,CUT,1997-01-14,5,00-0034366,3915823,31073,CoutKe00,47698,5007
2023,20,BUF,Nyheim Hines,RB,RES,1996-11-12,5,00-0034367,3916430,31074,HineNy00,48103,5347
2023,18,DEN,Josey Jewell,LB,ACT,1994-12-25,5,00-0034368,3040150,31076,JeweJo00,50720,5334
2023,19,MIA,Da'Shawn Hand,DL,ACT,1995-11-14,5,00-0034371,3126352,31084,HandDa00,48386,5351
2023,19,DAL,Dorance Armstrong,DL,ACT,1997-06-10,5,00-0034373,3928979,31086,ArmsDo00,48557,5330
2023,18,NYJ,Jordan Whitehead,DB,ACT,1997-03-18,5,00-0034374,3895798,31087,WhitJo03,49196,5375
2023,18,ARI,Kyzir White,LB,RES,1996-03-24,5,00-0034375,4039254,31089,WhitKy00,44485,5348
2023,20,BUF,Taron Johnson,DB,ACT,1996-07-27,5,00-0034376,3121003,31091,JohnTa01,49511,5341
2023,19,PHI,Avonte Maddox,DB,ACT,1996-03-31,5,00-0034377,3123938,31095,MaddAv00,50543,5361
2023,19,PHI,Josh Sweat,DL,ACT,1997-03-29,5,00-0034381,3693166,31101,SweaJo00,50120,4999
2023,18,CAR,Marquis Haynes,LB,INA,1993-12-16,5,00-0034382,3115456,31106,HaynMa01,50244,5342
2023,20,HOU,Dalton Schultz,TE,ACT,1996-07-11,5,00-0034383,3117256,31107,SchuDa00,47304,5001
2023,18,NYJ,D.J. Reed,DB,ACT,1996-11-11,5,00-0034384,3139387,31112,ReedD.00,26940,5372
2023,18,NE,Ja'Whaun Bentley,LB,ACT,1996-08-24,5,00-0034385,3116187,31113,BentJa00,50966,5318
2023,22,KC,Justin Watson,WR,ACT,1996-04-04,5,00-0034386,3118892,31114,WatsJu01,66915,5374
2023,18,LV,Bilal Nichols,DL,ACT,1996-09-14,5,00-0034387,3117922,31115,NichBi00,28451,5302
2023,10,TEN,Dane Cruikshank,DB,CUT,1995-04-27,5,00-0034389,3931422,31122,CruiDa00,25546,5369
2023,20,BUF,Siran Neal,DB,ACT,1994-08-04,5,00-0034391,3057524,31124,NealSi00,27130,5098
2023,20,HOU,Scott Quessenberry,OL,RES,1995-03-23,5,00-0034392,,,,,
2023,18,MIN,Troy Fumagalli,TE,DEV,1995-02-17,5,00-0034393,3045264,31126,FumaTr00,47333,5092
2023,20,BUF,Andrew Brown,DL,DEV,1995-12-30,5,00-0034394,3116761,31128,BrowAn05,49636,5077
2023,21,DET,Daurice Fountain,WR,DEV,1995-12-22,5,00-0034395,3120659,31129,FounDa00,48181,5102
2023,20,BUF,Tim Settle,DL,ACT,1997-07-11,5,00-0034397,3929956,31133,SettTi00,48966,5366
2023,19,CLE,Wyatt Teller,OL,ACT,1994-11-21,5,00-0034399,,,,,
2023,9,CLE,Jordan Wilkins,RB,CUT,1994-07-18,5,00-0034400,3051891,31139,WilkJo01,26618,5100
2023,19,MIA,Mike White,QB,ACT,1995-03-25,5,00-0034401,3051381,31141,WhitMi01,46453,5089
2023,22,SF,Ray-Ray McCloud,WR,ACT,1996-10-15,5,00-0034407,3728262,31157,McClRa00,47895,5096
2023,20,TB,Russell Gage,WR,RES,1996-01-22,5,00-0034411,3115378,31164,GageRu00,44771,5110
2023,18,JAX,Foyesade Oluokun,LB,ACT,1995-08-02,5,00-0034413,3050073,31170,OluoFo00,24904,5332
2023,19,PHI,Boston Scott,RB,ACT,1995-04-27,5,00-0034414,3051439,31171,ScotBo02,39462,5122
2023,22,SF,Matt Pryor,OL,INA,1994-12-16,5,00-0034417,,,,,
2023,19,MIA,Ced Wilson,WR,ACT,1995-11-20,5,00-0034418,4036335,31178,WilsCe01,48170,5113
2023,19,MIA,Braxton Berrios,WR,ACT,1995-10-06,5,00-0034419,3123075,31180,BerrBr00,47961,5121
2023,14,CAR,Jordan Thomas,LB,CUT,1996-08-02,5,00-0034420,4035379,31181,ThomJo05,42062,5117
2023,19,CLE,Matthew Adams,LB,ACT,1995-12-12,5,00-0034424,3126179,31191,AdamMa00,38526,5345
2023,1,CAR,Javon Wims,WR,CUT,1994-09-11,5,00-0034426,4035019,31194,WimsJa00,41406,5111
2023,19,PHI,Jordan Mailata,OL,ACT,1997-03-31,5,00-0034429,,,,,
2023,18,ATL,Andre Smith,LB,ACT,1997-04-20,5,00-0034430,3895831,31204,SmitAn04,50897,5340
2023,18,IND,Zaire Franklin,LB,ACT,1996-07-02,5,00-0034431,3124005,31205,FranZa00,49834,5346
2023,18,NYJ,Nick Bawden,RB,ACT,1996-06-22,5,00-0034433,3125232,31207,BawdNi00,27413,5116
2023,19,MIA,Keion Crossen,DB,RES,1996-04-17,5,00-0034435,3117135,31213,CrosKe00,49454,5317
2023,18,LAC,Will Clapp,OL,RES,1995-12-10,5,00-0034436,,,,,
2023,18,JAX,Logan Cooke,P,ACT,1995-07-28,5,00-0034437,3115480,31216,CookLo00,29214,5314
2023,18,ATL,Logan Woodside,QB,ACT,1995-01-27,5,00-0034438,3042749,31219,WoodLo00,46517,5128
2023,21,DET,Justin Jackson,RB,RET,1996-04-22,5,00-0034440,3116136,31221,JackJu01,29539,5131
2023,18,WAS,Nick Gates,OL,ACT,1995-11-27,5,00-0034445,,,,,
2023,18,CIN,Jalen Davis,DB,ACT,1996-02-02,5,00-0034446,3125356,31534,DaviJa06,50431,5222
2023,18,MIN,Greg Joseph,K,ACT,1994-08-04,5,00-0034450,3975763,31538,,,5272
2023,18,NYJ,Bruce Hector,DL,ACT,1994-10-07,5,00-0034461,3051369,31572,HectBr00,48759,5613
2023,18,WAS,Jeremy Reaves,DB,RES,1996-08-29,5,00-0034465,3125248,31582,ReavJe00,50406,5792
2023,19,PIT,Chandon Sullivan,DB,ACT,1996-08-07,5,00-0034468,3124849,31589,SullCh00,49349,5181
2023,18,ARI,Dennis Gardeck,LB,ACT,1994-08-09,5,00-0034473,4334300,31299,,66928,5158
2023,18,ATL,Frank Ginda,LB,DEV,1997-05-26,5,00-0034474,3914861,31300,,51032,5516
2023,20,GB,Jonathan Owens,DB,ACT,1995-07-22,5,00-0034485,4331768,31318,,66930,5520
2023,20,BUF,Trent Sherfield,WR,ACT,1996-02-26,5,00-0034487,3122168,31320,SherTr00,48021,5154
2023,20,HOU,Tavierre Thomas,DB,RES,1996-03-11,5,00-0034488,4334405,31321,ThomTa01,66931,5519
2023,18,ARI,Ezekiel Turner,LB,ACT,1996-06-09,5,00-0034490,3894901,31324,TurnZe00,49167,5161
2023,18,SEA,Evan Brown,OL,ACT,1996-09-16,5,00-0034495,,,,,
2023,18,WAS,Sean Chandler,DB,ACT,1996-04-27,5,00-0034496,3138733,31548,ChanSe00,51315,5178
2023,18,CAR,Tae Davis,LB,ACT,1996-08-14,5,00-0034500,3131775,31552,DaviTa00,26296,5646
2023,18,IND,Ike Boettger,OL,DEV,1994-10-05,5,00-0034505,,,,,
2023,19,PIT,Levi Wallace,DB,ACT,1995-06-12,5,00-0034514,3133440,31603,WallLe00,25445,5153
2023,20,TB,Dee Delaney,DB,ACT,1995-02-20,5,00-0034515,3049726,31261,,31078,5658
2023,18,JAX,Tre Herndon,DB,ACT,1996-03-05,5,00-0034516,3122160,31262,HernTr00,50380,5479
2023,18,NYJ,Allen Lazard,WR,INA,1995-12-11,5,00-0034521,3128390,31268,LazaAl00,48135,5185
2023,20,TB,Ryan Neal,DB,ACT,1995-12-24,5,00-0034527,3121344,31576,,49132,5655
2023,18,IND,Tony Brown,DB,RES,1995-07-13,5,00-0034540,3115308,31671,,49255,5424
2023,18,LV,Brandon Facyson,DB,ACT,1994-09-08,5,00-0034545,3045458,31676,FacyBr00,50564,5416
2023,18,WAS,Trenton Scott,OL,ACT,1994-01-25,5,00-0034571,,,,,
2023,22,SF,Charvarius Ward,DB,ACT,1996-05-16,5,00-0034573,4037361,31293,,43034,5493
2023,20,TB,David Wells,TE,DEV,1995-05-02,5,00-0034575,3047536,31283,,34985,5235
2023,20,BUF,Kyle Allen,QB,ACT,1996-03-08,5,00-0034577,3115293,31301,AlleKy00,26152,5127
2023,18,WAS,Abdullah Anderson,DL,ACT,1996-01-24,5,00-0034587,3119119,31657,,32708,5636
2023,18,NE,J.C. Jackson,DB,RES,1995-11-17,5,00-0034591,3121649,31650,,42781,5193
2023,1,LV,Chris Lacy,WR,RES,1996-01-28,5,00-0034593,3122430,31651,LacyCh00,29726,5661
2023,1,IND,Kevin Toliver,DB,CUT,1995-11-24,5,00-0034603,3843234,31667,,49348,5629
2023,18,ATL,Demone Harris,DL,DEV,1995-12-30,5,00-0034612,3052926,31256,,48452,5218
2023,18,CIN,Tanner Hudson,TE,ACT,1994-11-12,5,00-0034613,3050481,31257,,66924,5409
2023,19,PIT,Godwin Igwebuike,RB,ACT,1994-09-10,5,00-0034614,3045238,31258,IgweGo00,49166,5220
2023,18,ARI,Andre Chachere,DB,ACT,1996-02-10,5,00-0034623,3125287,31573,,51194,5674
2023,18,WAS,Jaryd Jones-Smith,OL,DEV,1995-09-03,5,00-0034628,,,,,
2023,1,IND,Vyncint Smith,WR,CUT,1996-06-09,5,00-0034631,3155188,31588,SmitVy00,66957,5260
2023,19,CLE,Mike Ford,DB,ACT,1995-08-04,5,00-0034639,3050916,31634,FordMi01,50535,5691
2023,18,MIN,Brandon Powell,WR,ACT,1995-09-12,5,00-0034646,3115255,31641,PoweBr00,48036,5695
2023,22,KC,Matt Dickerson,DL,DEV,1995-11-09,5,00-0034657,3134316,31612,,49601,5615
2023,18,WAS,Joshua Kalu,DB,DEV,1995-08-28,5,00-0034662,3116105,31609,,51203,5671
2023,1,LV,Devin Ross,WR,DEV,1995-08-12,5,00-0034667,3052122,31625,,47687,5292
2023,20,TB,Aaron Stinnie,OL,ACT,1994-02-18,5,00-0034668,,,,,
2023,18,CHI,Tremaine Edmunds,LB,ACT,1998-05-02,5,00-0034673,3929950,30986,EdmuTr01,50905,4968
2023,19,DAL,Leighton Vander Esch,LB,RES,1996-02-08,5,00-0034674,3138677,30989,VandLe00,50950,4980
2023,18,ATL,Jessie Bates,DB,ACT,1997-02-26,5,00-0034675,3919512,31024,BateJe00,49162,5017
2023,1,IND,James Washington,WR,CUT,1996-04-02,5,00-0034676,3122449,31030,WashJa00,47792,5024
2023,18,CHI,Justin Jones,DL,ACT,1996-08-28,5,00-0034677,3116746,31054,JoneJu03,48940,5063
2023,18,CIN,Alex Cappa,OL,ACT,1995-01-27,5,00-0034678,,,,,
2023,20,TB,Chase Edmonds,RB,ACT,1996-04-13,5,00-0034681,3119195,31104,EdmoCh00,45851,5000
2023,18,IND,Genard Avery,DL,RES,1995-04-26,5,00-0034682,3126204,31120,AverGe00,49699,5081
2023,18,TEN,Darius Phillips,DB,DEV,1995-06-26,5,00-0034683,3042785,31140,PhilDa02,49507,5079
2023,18,LV,Robert Spillane,LB,ACT,1995-12-14,5,00-0034720,3129446,31708,SpilRo00,50918,5726
2023,19,CLE,Corey Bojorquez,P,ACT,1996-09-13,5,00-0034721,4039396,31727,,27626,5721
2023,18,CAR,Nick Thurman,DL,ACT,1995-06-12,5,00-0034723,3040031,31726,,49607,5727
2023,16,DEN,Dallin Leavitt,DB,CUT,1994-08-08,5,00-0034726,3053801,31723,LeavDa00,49120,5736
2023,20,GB,Jaire Alexander,DB,ACT,1997-02-09,5,00-0034728,3895429,30988,AlexJa00,49350,4979
2023,20,HOU,Marcell Harris,LB,DEV,1994-06-09,5,00-0034730,3043110,31154,HarrMa03,51408,5370
2023,20,GB,Alex McGough,QB,DEV,1995-11-19,5,00-0034732,3128843,31190,McGoAl00,46420,5124
2023,17,DAL,Rashaan Evans,LB,TRT,1995-11-08,5,00-0034743,3126349,30992,EvanRa01,50213,4978
2023,21,DET,Tracy Walker III,DB,INA,1995-02-01,5,00-0034745,3042499,31052,WalkTr01,51266,5064
2023,19,CLE,Maurice Hurst,DL,RES,1995-05-09,5,00-0034746,3045220,31110,HursMa00,38563,5002
2023,5,BUF,Marcell Ateman,WR,CUT,1994-09-16,5,00-0034747,3046320,31198,AtemMa00,23670,4942
2023,19,PHI,Rashaad Penny,RB,INA,1996-02-02,5,00-0034750,3139925,30997,PennRa00,27414,4985
2023,18,CIN,Orlando Brown,OL,ACT,1996-05-02,5,00-0034752,,,,,
2023,21,BAL,Mark Andrews,TE,ACT,1995-09-06,5,00-0034753,3116365,31056,AndrMa00,47436,5012
2023,22,SF,Oren Burks,LB,ACT,1995-03-21,5,00-0034754,3051746,31058,BurkOr00,50203,5031
2023,18,ATL,Tre Flowers,DB,ACT,1995-06-02,5,00-0034756,3046326,31116,FlowTr01,49059,5379
2023,18,LV,Kolton Miller,OL,ACT,1995-10-09,5,00-0034759,,,,,
2023,18,NO,Nathan Shepherd,DL,ACT,1993-10-09,5,00-0034760,4076951,31042,ShepNa00,24614,5043
2023,19,DAL,Billy Price,OL,DEV,1994-10-11,5,00-0034762,,,,,
2023,18,LV,Brandon Parker,OL,ACT,1995-10-21,5,00-0034763,,,,,
2023,19,DAL,Michael Gallup,WR,ACT,1996-03-04,5,00-0034764,4036348,31051,GallMi00,26075,5038
2023,18,DEN,Tre'Quan Smith,WR,DEV,1996-01-07,5,00-0034765,3128451,31061,SmitTr03,48228,5026
2023,19,PIT,Chukwuma Okorafor,OL,ACT,1997-08-08,5,00-0034768,,,,,
2023,18,CHI,DeMarquis Gates,LB,CUT,1996-03-07,5,00-0034769,3128747,31744,,,5748
2023,19,PIT,Mason Rudolph,QB,ACT,1995-06-17,5,00-0034771,3116407,31046,RudoMa00,46569,4972
2023,20,TB,Vita Vea,DL,ACT,1995-02-05,5,00-0034773,3134362,30982,VeaxVi00,48956,4969
2023,1,SF,Breeland Speaks,DL,CUT,1995-12-18,5,00-0034774,3128740,31016,SpeaBr00,48727,5037
2023,18,JAX,Christian Kirk,WR,INA,1996-11-18,5,00-0034775,3895856,31017,KirkCh01,47546,4950
2023,18,CAR,D.J. Chark,WR,ACT,1996-09-23,5,00-0034777,3115394,31031,CharDJ00,47702,4951
2023,20,TB,Carlton Davis,DB,ACT,1996-12-31,5,00-0034778,3916923,31033,DaviCa02,49335,5054
2023,18,IND,Ronnie Harrison,LB,ACT,1997-04-18,5,00-0034779,3859006,31063,HarrRo02,49206,5025
2023,18,NO,Isaac Yiadom,DB,ACT,1996-02-20,5,00-0034780,3122797,31069,YiadIs00,49355,5048
2023,18,MIN,Harrison Phillips,DL,ACT,1996-01-25,5,00-0034782,3117255,31066,PhilHa00,48690,5049
2023,19,PIT,Mason Cole,OL,ACT,1996-03-28,5,00-0034785,,,,,
2023,18,NE,Chris Board,LB,ACT,1995-07-23,5,00-0034787,3060403,31750,BoarCh00,29456,5753
2023,19,PIT,Minkah Fitzpatrick,DB,ACT,1996-11-17,5,00-0034789,3925345,30981,FitzMi00,51206,4963
2023,18,LAC,Derwin James,DB,ACT,1996-08-03,5,00-0034790,3691739,30987,JameDe00,51368,4971
2023,19,CLE,Nick Chubb,RB,RES,1995-12-27,5,00-0034791,3128720,31005,ChubNi00,45783,4988
2023,18,LV,Cornell Armstrong,DB,DEV,1995-09-22,5,00-0034792,3123963,31179,ArmsCo00,50351,5344
2023,19,MIA,Jason Sanders,K,ACT,1995-11-16,5,00-0034794,3124679,31199,SandJa00,29578,5119
2023,21,BAL,Lamar Jackson,QB,ACT,1997-01-07,5,00-0034796,3916387,31002,JackLa00,46416,4881
2023,19,MIA,Jerome Baker,LB,RES,1996-12-25,5,00-0034797,3915507,31043,BakeJe00,28091,5056
2023,19,MIA,Durham Smythe,TE,ACT,1995-08-09,5,00-0034798,3052897,31093,SmytDu00,47257,5008
2023,18,CIN,B.J. Hill,DL,ACT,1995-04-20,5,00-0034800,3116748,31039,HillB.00,49894,5020
2023,18,ARI,Josh Woods,LB,RES,1996-07-01,5,00-0034801,3128303,31753,,49023,5757
2023,19,LA,Joe Noteboom,OL,ACT,1995-06-19,5,00-0034803,,,,,
2023,19,LA,Brian Allen,OL,ACT,1995-10-11,5,00-0034804,,,,,
2023,18,NYJ,John Franklin-Myers,DL,ACT,1996-09-26,5,00-0034805,3120464,31105,FranJo02,50088,5466
2023,19,CLE,Ogbo Okoronkwo,DL,ACT,1995-04-24,5,00-0034807,3052667,31130,OkorOg00,50130,5075
2023,19,CLE,John Kelly,RB,ACT,1996-10-04,5,00-0034808,3915381,31145,KellJo00,34761,5076
2023,22,SF,Sebastian Joseph-Day,DL,ACT,1995-03-21,5,00-0034810,3047495,31165,JoseSe00,49935,5073
2023,1,BUF,Travin Howard,LB,CUT,1996-05-10,5,00-0034812,3116424,31201,HowaTr00,50959,5306
2023,22,SF,Fred Warner,LB,ACT,1996-11-19,5,00-0034815,3138826,31040,WarnFr00,51222,5041
2023,2,DAL,Ronald Jones,RB,RES,1997-08-03,5,00-0034816,3912550,31008,JoneRo01,34001,5052
2023,19,CLE,Geron Christian,OL,ACT,1996-09-10,5,00-0034817,,,,,
2023,22,KC,Derrick Nnadi,DL,RES,1996-05-09,5,00-0034818,3122930,31045,NnadDe00,49970,5035
2023,18,TEN,Arden Key,LB,ACT,1996-05-03,5,00-0034825,3843843,31057,KeyxAr00,50201,5067
2023,18,CHI,D.J. Moore,WR,ACT,1997-04-14,5,00-0034827,3915416,30994,MoorD.00,48267,4983
2023,18,TEN,Harold Landry,LB,ACT,1996-06-05,5,00-0034828,3122793,31011,LandHa00,48600,5030
2023,18,NE,Mike Gesicki,TE,ACT,1995-10-03,5,00-0034829,3116164,31012,GesiMi00,47153,4993
2023,18,CAR,Hayden Hurst,TE,RES,1993-08-24,5,00-0034830,3924365,30995,HursHa00,47294,4973
2023,18,CHI,Rasheem Green,DL,ACT,1997-05-15,5,00-0034831,3912562,31049,GreeRa01,48731,5059
2023,19,MIA,Bradley Chubb,LB,RES,1996-06-24,5,00-0034832,3116733,30975,ChubBr00,48526,4967
2023,19,MIA,Isaiah Wynn,OL,RES,1995-12-09,5,00-0034833,,,,,
2023,18,CIN,Sam Hubbard,DL,ACT,1995-06-29,5,00-0034834,3121416,31047,HubbSa00,48457,5015
2023,19,DAL,Malik Jefferson,LB,ACT,1996-11-15,5,00-0034835,3821576,31048,JeffMa00,50884,5016
2023,18,IND,Braden Smith,OL,ACT,1996-03-25,5,00-0034836,,,,,
2023,18,JAX,Calvin Ridley,WR,ACT,1994-12-20,5,00-0034837,3925357,30996,RidlCa00,48262,4981
2023,19,LA,Royce Freeman,RB,ACT,1996-02-24,5,00-0034838,3122672,31041,FreeRo00,45747,5046
2023,18,IND,Taven Bryan,DL,ACT,1996-03-11,5,00-0034842,3115249,30999,BryaTa00,48753,4975
2023,18,ATL,Mike Hughes,DB,ACT,1997-02-11,5,00-0034843,3895841,31000,HughMi00,34057,4982
2023,18,NYG,Saquon Barkley,RB,ACT,1997-02-09,5,00-0034844,3929630,30972,BarkSa00,45791,4866
2023,19,LA,Sony Michel,RB,RET,1995-02-17,5,00-0034845,3128721,31001,MichSo00,27589,4962
2023,19,PHI,Shaquille Leonard,LB,ACT,1995-07-27,5,00-0034846,3056362,31006,LeonDa00,49684,4990
2023,18,DEN,Mike McGlinchey,OL,RES,1995-01-12,5,00-0034847,,,,,
2023,18,ATL,KhaDarel Hodge,WR,ACT,1995-01-03,5,00-0034854,3047876,31769,HodgKh00,26104,5773
2023,20,TB,Baker Mayfield,QB,ACT,1995-04-14,5,00-0034855,3052587,30971,MayfBa00,46518,4892
2023,19,CLE,Denzel Ward,DB,ACT,1997-04-28,5,00-0034856,3915535,30974,WardDe02,49558,4964
2023,20,BUF,Josh Allen,QB,ACT,1996-05-21,5,00-0034857,3918298,30977,AlleJo02,46601,4984
2023,18,TEN,Terrell Edmunds,DB,ACT,1997-01-20,5,00-0034858,3124067,30998,EdmuTe00,51334,4974
2023,1,CHI,Dante Pettis,WR,RES,1995-10-23,5,00-0034860,3127306,31014,PettDa00,48113,4992
2023,1,IND,Malik Turner,WR,CUT,1996-01-30,5,00-0034867,3115928,31777,TurnMa00,48078,5781
2023,22,SF,Sam Darnold,QB,ACT,1997-06-05,5,00-0034869,3912547,30973,DarnSa00,29048,4943
2023,21,BAL,Roquan Smith,LB,ACT,1997-04-08,5,00-0034874,3915189,30978,SmitRo07,50892,4960
2023,19,MIA,Alexander Johnson,LB,DEV,1991-12-24,5,00-0034887,2577712,31792,,15267,5822
2023,20,TB,John Wolford,QB,INA,1995-10-16,5,00-0034899,3124092,31803,,46454,5806
2023,18,NYJ,Sam Eguavoen,LB,ACT,1993-02-22,4,00-0034902,2577637,31815,,15301,5830
2023,18,JAX,Tevaughn Campbell,DB,DEV,1993-06-14,4,00-0034903,4410136,31810,,91247,5827
2023,20,HOU,Steven Sims,WR,ACT,1997-03-31,4,00-0034928,3917960,32187,SimsSt00,48341,6402
2023,18,DEN,Quinn Bailey,OL,ACT,1995-10-18,4,00-0034929,,,,,
2023,11,CLE,Trinity Benson,WR,DEV,1997-01-16,4,00-0034930,4422214,32189,BensTr00,94356,6395
2023,18,ATL,John Leglue,OL,DEV,1996-04-17,4,00-0034937,,,,,
2023,22,SF,Mitch Wishnowsky,P,ACT,1992-03-02,4,00-0034941,4035685,31942,WishMi00,44663,6173
2023,19,PHI,Fred Johnson,OL,ACT,1997-06-05,4,00-0034951,,,,,
2023,19,MIA,Malik Reed,LB,ACT,1996-08-05,4,00-0034954,3124634,32220,,48567,6436
2023,18,NYJ,Brett Rypien,QB,ACT,1996-07-09,4,00-0034955,3722362,32221,,46487,6037
2023,18,NE,Calvin Anderson,OL,RES,1996-03-25,4,00-0034957,,,,,
2023,20,HOU,Andrew Beck,RB,ACT,1996-05-15,4,00-0034959,3125107,32225,,47121,6323
2023,18,LV,Jakobi Meyers,WR,ACT,1996-11-09,4,00-0034960,3916433,32231,MeyeJa01,47468,5947
2023,18,NE,Terez Hall,LB,RES,1996-11-18,4,00-0034962,3924319,32230,,51107,5990
2023,20,HOU,D'Angelo Ross,DB,ACT,1996-10-29,4,00-0034966,3139389,32223,,27732,6476
2023,20,GB,Rashan Gary,LB,ACT,1997-12-03,4,00-0034967,4046523,31844,GaryRa00,42905,5839
2023,20,GB,Darnell Savage,DB,ACT,1997-07-30,4,00-0034968,3915419,31853,SavaDa00,34247,6210
2023,1,DAL,Ben Banogu,DL,CUT,1996-01-19,4,00-0034969,3124970,31881,BanoBe00,26554,5971
2023,18,CIN,Irv Smith,TE,INA,1998-08-09,4,00-0034970,4040980,31882,SmitIr01,42060,6126
2023,18,NE,Jalen Hurd,WR,RET,1996-01-23,4,00-0034971,3115328,31899,HurdJa00,45752,5911
2023,18,MIN,Alexander Mattison,RB,ACT,1998-06-19,4,00-0034972,4048244,31934,MattAl01,45817,5987
2023,18,LV,Maxx Crosby,DL,ACT,1997-08-22,4,00-0034973,3916655,31938,CrosMa00,26316,5991
2023,18,SEA,Julian Love,DB,ACT,1998-03-19,4,00-0034974,4046675,31940,LoveJu00,51081,5876
2023,21,BAL,Justice Hill,RB,ACT,1997-11-14,4,00-0034975,4038441,31945,HillJu00,45865,5995
2023,19,DAL,Sheldrick Redwine,DB,DEV,1996-11-06,4,00-0034977,3917852,31951,RedwSh00,50458,5983
2023,18,DEN,Ben Powers,OL,ACT,1996-10-29,4,00-0034978,,,,,
2023,18,NO,Foster Moreau,TE,ACT,1997-05-06,4,00-0034981,3843945,31969,MoreFo00,47043,5985
2023,22,SF,Dre Greenlaw,LB,ACT,1997-05-25,4,00-0034982,3916903,31980,GreeDr00,51503,6056
2023,18,LV,Hunter Renfrow,WR,ACT,1995-12-21,4,00-0034983,3135321,31981,RenfHu00,47509,5955
2023,18,IND,E.J. Speed,LB,ACT,1995-06-01,4,00-0034987,3071353,31996,SpeeEJ00,94351,6218
2023,7,WAS,Kaden Smith,TE,CUT,1997-04-24,4,00-0034988,4044452,32008,SmitKa00,40973,6146
2023,20,TB,Justin Skule,OL,ACT,1996-11-23,4,00-0034989,,,,,
2023,20,HOU,Ka'dar Hollman,DB,ACT,1994-09-18,4,00-0034990,3916676,32017,HollKa00,49446,6222
2023,19,CLE,Drew Forbes,OL,RES,1997-01-18,4,00-0034991,,,,,
2023,19,PIT,Armon Watts,DL,ACT,1996-07-22,4,00-0034992,3128685,32022,WattAr01,27844,6186
2023,18,LV,Marcus Epps,DB,ACT,1996-01-27,4,00-0034993,3139368,32023,EppsMa00,51391,6284
2023,18,MIN,Olisaemeka Udoh,OL,RES,1997-02-14,4,00-0034994,,,,,
2023,18,NO,Ty Summers,LB,ACT,1995-12-31,4,00-0034999,3116431,32058,SummTy00,30242,6294
2023,19,MIA,Quinton Bell,LB,DEV,1996-05-09,4,00-0035000,3933407,32062,BellQu00,37468,6296
2023,18,ARI,Jackson Barton,OL,ACT,1995-08-08,4,00-0035003,,,,,
2023,20,GB,Chris Slayton,DL,DEV,1996-08-06,4,00-0035004,3124015,32077,SlayCh00,48713,6174
2023,22,SF,Demetrius Flannigan-Fowles,LB,ACT,1996-09-04,4,00-0035020,3931424,32319,,49231,6610
2023,18,IND,Ashton Dulin,WR,RES,1997-05-15,4,00-0035021,4061956,32292,DuliAs00,91479,6427
2023,5,ATL,Penny Hart,WR,RES,1996-07-05,4,00-0035022,3917546,32293,HartPe01,13534,5902
2023,22,SF,Kevin Givens,DL,ACT,1997-03-01,4,00-0035026,3929641,32321,GiveKe01,28308,6005
2023,18,CHI,Stephen Carlson,TE,DEV,1996-12-12,4,00-0035039,3948283,32273,CarlSt00,94365,6451
2023,21,DET,David Blough,QB,DEV,1995-07-31,4,00-0035040,3116188,32272,BlouDa00,46508,6450
2023,18,NYG,Jamie Gillan,P,ACT,1997-07-04,4,00-0035042,3936185,32277,,63303,6452
2023,18,IND,D.J. Montgomery,WR,ACT,1996-11-17,4,00-0035045,4249030,32283,,55003,6453
2023,1,LV,Alex Bars,OL,CUT,1995-09-08,4,00-0035061,,,,,
2023,21,BAL,Sam Mustipher,OL,INA,1996-08-13,4,00-0035062,,,,,
2023,18,DEN,Jonathan Harris,DL,ACT,1996-08-04,4,00-0035073,4422407,32254,,94361,6467
2023,18,LV,Curtis Bolton,LB,ACT,1995-12-18,4,00-0035076,3116367,32266,,39043,6430
2023,20,GB,Yosh Nijman,OL,ACT,1996-01-02,4,00-0035084,,,,,
2023,18,SEA,Bryan Mone,DL,RES,1995-10-20,4,00-0035094,3115979,32336,,38461,6494
2023,18,ATL,Micah Abernathy,DB,ACT,1997-02-10,4,00-0035098,3915373,,,51344,6355
2023,18,CHI,Khari Blasingame,RB,ACT,1996-07-01,4,00-0035099,3122154,32140,,44889,6379
2023,18,CIN,Jake Browning,QB,ACT,1996-04-11,4,00-0035100,3886812,32138,,46401,6111
2023,18,WAS,Davion Davis,WR,DEV,1996-10-23,4,00-0035101,3933568,32141,DaviDa03,33158,6380
2023,18,WAS,Brandon Dillon,TE,RES,1997-04-30,4,00-0035102,4411192,32142,DillBr00,91468,6279
2023,19,PIT,Nate Meadors,DB,CUT,1997-02-13,4,00-0035108,3886327,32145,,50353,6354
2023,21,BAL,Patrick Mekari,OL,ACT,1997-08-13,4,00-0035112,,,,,
2023,19,MIA,Lester Cotton,OL,ACT,1996-02-20,4,00-0035117,,,,,
2023,20,GB,Matthew Orzech,LS,ACT,1995-04-12,4,00-0035118,4422336,32306,,94369,6461
2023,18,LAC,Keelan Doss,WR,ACT,1996-03-21,4,00-0035120,3120980,32342,DossKe00,48143,6032
2023,19,MIA,Alec Ingold,RB,ACT,1996-07-09,4,00-0035125,3917668,32344,,34934,6109
2023,1,LV,Antoine Wesley,WR,DEV,1997-10-22,4,00-0035126,4043161,32317,,39967,6165
2023,18,LV,Andre James,OL,ACT,1997-05-02,4,00-0035127,,,,,
2023,20,GB,Keisean Nixon,DB,ACT,1997-06-22,4,00-0035133,4259493,32348,NixoKe00,56167,6333
2023,22,KC,Mecole Hardman,WR,ACT,1998-03-12,4,00-0035140,4035004,31888,HardMe00,42683,5917
2023,18,SEA,Phil Haynes,OL,RES,1995-10-19,4,00-0035141,,,,,
2023,18,NO,Ugochukwu Amadi,DB,ACT,1997-05-16,4,00-0035142,3886834,31964,AmadUg00,49352,6216
2023,1,SEA,Ben Burr-Kirven,LB,CUT,1997-09-08,4,00-0035143,3886816,31974,BurrBe00,50967,6098
2023,18,NE,Mack Wilson,LB,ACT,1998-02-14,4,00-0035144,4040983,31987,WilsMa03,43190,6131
2023,18,NYJ,Austin Seibert,K,INA,1996-11-15,4,00-0035145,3821683,32002,SeibAu00,,6219
2023,19,PIT,Trace McSorley,QB,CUT,1995-08-23,4,00-0035146,3116172,32029,McSoTr00,32819,5974
2023,18,ARI,Rashad Fenton,DB,RES,1997-02-17,4,00-0035147,3924364,32033,FentRa00,49329,6014
2023,1,LV,Darwin Thompson,RB,CUT,1997-02-12,4,00-0035148,4361606,32046,ThomDa06,83791,6178
2023,22,KC,Nick Allegretti,OL,ACT,1996-04-21,4,00-0035149,,,,,
2023,20,HOU,Kris Boyd,DB,ACT,1996-09-12,4,00-0035150,3929845,32049,BoydKr00,34222,5921
2023,21,DET,Jack Fox,P,ACT,1996-09-01,4,00-0035156,3916370,32358,,34735,6523
2023,22,KC,Darius Harris,LB,INA,1996-01-17,4,00-0035157,3122906,32359,,29188,6551
2023,18,SEA,Cody Thompson,WR,DEV,1996-01-11,4,00-0035164,3126115,32367,,48152,6171
2023,18,TEN,Azeez Al-Shaair,LB,ACT,1997-08-04,4,00-0035166,3919117,32318,AlShAz00,49792,6485
2023,1,LAC,Darrius Shepherd,WR,RES,1995-11-01,4,00-0035181,3120588,32378,ShepDa00,29347,6519
2023,11,DET,Devine Ozigbo,RB,CUT,1996-10-02,4,00-0035184,3699935,32390,OzigDe01,45903,6068
2023,18,LV,Austin Walter,RB,RES,1996-08-17,4,00-0035187,3123857,32383,WaltAu00,45038,6553
2023,18,CAR,Matthew Wright,K,ACT,1996-03-22,4,00-0035189,3128444,32174,,,6268
2023,18,LV,A.J. Cole,P,ACT,1995-11-27,4,00-0035190,3686689,32386,,36038,6555
2023,18,WAS,Joey Slye,K,ACT,1996-04-10,4,00-0035192,3124084,32384,,,6528
2023,21,BAL,Del'Shawn Phillips,LB,INA,1996-10-09,4,00-0035202,4240528,32118,,57868,6348
2023,19,PHI,Olamide Zaccheaus,WR,ACT,1997-07-23,4,00-0035208,3917914,32123,ZaccOl01,44920,6271
2023,17,BUF,Herb Miller,DB,CUT,1997-11-11,4,00-0035210,3919107,32396,,50480,6640
2023,20,BUF,Deonte Harty,WR,ACT,1997-12-04,4,00-0035215,4411193,32398,HarrDe07,91470,6234
2023,19,PIT,Diontae Johnson,WR,ACT,1996-07-05,4,00-0035216,3932905,31898,JohnDi01,33441,5937
2023,1,DET,Benny Snell,RB,CUT,1998-02-27,4,00-0035217,4035072,31954,SnelBe00,45954,6156
2023,22,KC,Isaiah Buggs,DL,DEV,1996-08-24,4,00-0035219,4241451,32024,BuggIs00,56503,6033
2023,18,LV,Zach Gentry,TE,ACT,1996-09-10,4,00-0035222,3929924,31973,GentZa00,36049,6018
2023,1,TB,Ulysees Gilbert,LB,CUT,1997-08-09,4,00-0035223,3920867,32039,GilbUl00,50810,6057
2023,18,DEN,P.J. Locke,DB,ACT,1997-02-12,4,00-0035227,3929850,32164,,51189,6419
2023,18,ARI,Kyler Murray,QB,ACT,1997-08-07,4,00-0035228,3917315,31833,MurrKy00,38334,5849
2023,18,MIN,T.J. Hockenson,TE,RES,1997-07-03,4,00-0035229,4036133,31840,HockTJ00,40912,5844
2023,20,BUF,Ed Oliver,DL,ACT,1997-12-12,4,00-0035230,4039303,31841,OlivEd00,42200,5841
2023,19,MIA,Christian Wilkins,DL,ACT,1995-12-20,4,00-0035231,3728266,31845,WilkCh00,50293,6120
2023,18,TEN,Andre Dillard,OL,ACT,1995-10-03,4,00-0035233,,,,,
2023,20,HOU,Tytus Howard,OL,RES,1996-05-23,4,00-0035234,,,,,
2023,18,ATL,Kaleb McGary,OL,ACT,1995-02-22,4,00-0035235,,,,,
2023,18,MIN,Byron Murphy,DB,INA,1998-01-18,4,00-0035236,4038999,31865,MurpBy00,44027,5864
2023,22,KC,Jawaan Taylor,OL,ACT,1997-11-25,4,00-0035237,,,,,
2023,18,CIN,Cody Ford,OL,ACT,1996-12-28,4,00-0035238,,,,,
2023,18,TEN,Sean Murphy-Bunting,DB,ACT,1997-06-19,4,00-0035239,3932886,31871,BuntSe00,25891,6060
2023,18,NE,Jahlani Tavai,LB,ACT,1996-09-28,4,00-0035240,3124587,31875,TavaJa00,51055,6179
2023,18,MIN,Joejuan Williams,DB,ACT,1997-12-06,4,00-0035241,4035286,31877,WillJo13,29113,6127
2023,18,NO,Erik McCoy,OL,ACT,1997-08-27,4,00-0035242,,,,,
2023,18,CAR,Miles Sanders,RB,ACT,1997-05-01,4,00-0035243,4045163,31885,SandMi01,40555,6151
2023,18,NO,Lonnie Johnson,DB,INA,1995-11-04,4,00-0035244,4240780,31886,JohnLo01,55615,5883
2023,18,CIN,Max Scharping,OL,ACT,1996-08-10,4,00-0035245,,,,,
2023,1,ATL,J.J. Arcega-Whiteside,WR,CUT,1996-12-31,4,00-0035246,3931397,31889,ArceJJ00,35014,5863
2023,18,NE,Trysten Hill,DL,DEV,1998-03-25,4,00-0035247,4042141,31890,HillTr00,44519,5989
2023,18,DEN,Zach Allen,DL,ACT,1997-08-20,4,00-0035248,3915282,31897,AlleZa01,49605,5871
2023,18,MIN,Josh Oliver,TE,ACT,1997-03-21,4,00-0035249,3921690,31901,OlivJo00,47083,5973
2023,20,HOU,Devin Singletary,RB,ACT,1997-09-03,4,00-0035250,4040761,31906,SingDe00,40485,6130
2023,18,LAC,Will Grier,QB,ACT,1995-04-03,4,00-0035251,3115252,31932,GrieWi00,38265,5903
2023,18,NYG,Yodny Cajuste,OL,ACT,1996-02-21,4,00-0035252,,,,,
2023,21,DET,C.J. Gardner-Johnson,DB,ACT,1997-12-20,4,00-0035253,4034953,31937,GardCh00,49371,5893
2023,20,TB,Anthony Nelson,LB,ACT,1997-03-04,4,00-0035254,3894856,31939,NelsAn01,48405,6003
2023,18,TEN,Kendall Sheffield,DB,ACT,1996-05-30,4,00-0035255,3925358,31943,ShefKe00,34105,6140
2023,18,ARI,Hjalte Froholdt,OL,ACT,1996-08-20,4,00-0035258,,,,,
2023,18,TEN,Trevon Wesco,TE,ACT,1995-09-12,4,00-0035259,4039253,31953,WescTr00,42018,6181
2023,19,PIT,Renell Wren,DL,RES,1995-10-23,4,00-0035260,3128815,31957,WrenRe00,48953,6157
2023,19,DAL,Tony Pollard,RB,ACT,1997-04-30,4,00-0035261,3916148,31960,PollTo00,27126,5967
2023,22,KC,Drue Tranquill,LB,ACT,1995-08-15,4,00-0035262,3129310,31962,TranDr00,51276,6141
2023,1,CLE,Wes Martin,OL,CUT,1996-05-09,4,00-0035263,,,,,
2023,18,DEN,Jarrett Stidham,QB,ACT,1996-08-08,4,00-0035264,3892775,31965,StidJa00,13725,6136
2023,21,DET,John Cominsky,DL,ACT,1995-11-22,4,00-0035265,4411771,31967,ComiJo00,88313,6116
2023,20,GB,Mike Jordan,OL,DEV,1998-01-25,4,00-0035266,,,,,
2023,18,IND,Matt Gay,K,ACT,1994-03-15,4,00-0035269,4249087,31977,GayxMa00,,6083
2023,18,JAX,Amani Oruwariye,DB,DEV,1996-02-09,4,00-0035270,3116175,31978,OruwAm00,50533,5888
2023,19,MIA,Andrew Van Ginkel,LB,RES,1995-07-01,4,00-0035272,3133487,31983,VanGAn00,30267,6183
2023,14,PIT,Qadree Ollison,RB,DEV,1996-09-08,4,00-0035273,3123944,31984,OlliQa00,45934,6002
2023,14,PHI,Ross Pierschbacher,OL,CUT,1995-05-05,4,00-0035274,,,,,
2023,20,HOU,Blake Cashman,LB,ACT,1996-05-10,4,00-0035276,3728281,31989,CashBl00,35413,6217
2023,18,SEA,Michael Jackson,DB,ACT,1997-01-10,4,00-0035277,3917853,31990,JackMi01,50437,6025
2023,19,MIA,Byron Cowart,DL,DEV,1996-05-20,4,00-0035278,3916922,31991,CowaBy00,50588,6006
2023,22,KC,Charles Omenihu,DL,RES,1997-08-20,4,00-0035279,3929865,31993,OmenCh00,50612,5934
2023,19,MIA,Jake Bailey,P,ACT,1997-06-18,4,00-0035280,3931395,31995,BailJa00,,6093
2023,18,LAC,Easton Stick,QB,ACT,1995-09-15,4,00-0035282,3120590,31998,SticEa00,29466,6185
2023,19,PIT,Cole Holcomb,LB,RES,1996-07-30,4,00-0035286,3116689,32005,HolcCo00,49753,6220
2023,1,BUF,KeeSean Johnson,WR,CUT,1996-10-09,4,00-0035287,3124537,32006,JohnKe07,39587,5962
2023,18,IND,Gardner Minshew,QB,ACT,1996-05-16,4,00-0035289,4038524,32010,MinsGa00,41401,6011
2023,12,TB,Jaquan Johnson,DB,CUT,1995-11-06,4,00-0035290,3672862,32013,JohnJa11,51433,5930
2023,18,CIN,Trayveon Williams,RB,ACT,1997-10-18,4,00-0035291,4035222,32014,WillTr06,45775,6144
2023,19,MIA,David Long,LB,ACT,1996-10-12,4,00-0035292,3916074,32020,LongDa04,29367,5928
2023,1,ATL,Blessuan Austin,DB,CUT,1996-07-19,4,00-0035294,3870072,32028,AustBl00,50434,5933
2023,4,ATL,Isaiah Prince,OL,CUT,1997-07-29,4,00-0035295,,,,,
2023,18,ATL,Scott Miller,WR,ACT,1997-07-31,4,00-0035298,3914397,32040,MillSc01,47481,6290
2023,18,ARI,Dennis Daley,OL,INA,1996-08-07,4,00-0035300,,,,,
2023,19,DAL,Donovan Wilson,DB,ACT,1995-02-21,4,00-0035301,3122135,32045,WilsDo01,49408,6291
2023,1,NYJ,Jimmy Moreland,DB,RES,1995-08-26,4,00-0035307,3120508,32059,MoreJi00,28704,6070
2023,12,NYG,Tommy Sweeney,TE,RES,1995-07-01,4,00-0035308,3122818,32060,SweeTo00,47216,6137
2023,1,TEN,Alize Mack,TE,RES,1997-03-29,4,00-0035309,3932433,32063,MackAl00,39770,5975
2023,18,MIN,Myles Gaskin,RB,DEV,1997-02-15,4,00-0035311,3886818,32066,GaskMy00,45914,5980
2023,1,BUF,Cortez Broughton,DL,CUT,1996-09-02,4,00-0035315,3139036,32074,BrouCo00,38524,6300
2023,18,ATL,Kaden Elliss,LB,ACT,1995-06-10,4,00-0035316,3124890,32076,ElliKa00,51485,6302
2023,18,NYG,Joshua Miles,OL,DEV,1996-01-04,4,00-0035317,,,,,
2023,21,DET,Matt Nelson,OL,RES,1995-12-19,4,00-0035328,,,,,
2023,18,LAC,Donald Parham,TE,ACT,1997-08-16,4,00-0035329,3912092,32456,ParhDo00,91014,6074
2023,21,DET,Anthony Pittman,LB,ACT,1996-11-24,4,00-0035330,4423367,32457,PittAn01,94372,6651
2023,18,ARI,Kevin Strong,DL,CUT,1996-08-05,4,00-0035334,3124052,32461,StroKe00,48981,6536
2023,18,CIN,Trenton Irwin,WR,ACT,1995-12-10,4,00-0035341,3931391,32438,IrwiTr00,48080,6598
2023,20,TB,Patrick Laird,RB,INA,1995-08-17,4,00-0035342,3127211,32439,LairPa00,28219,6311
2023,18,ARI,Jonathan Ledbetter,DL,RES,1997-09-12,4,00-0035343,3728308,32440,LedbJo01,18645,5945
2023,1,WAS,Aaron Monteiro,OL,CUT,1997-03-25,4,00-0035344,,,,,
2023,11,NYG,Chris Myarick,TE,CUT,1995-10-06,4,00-0035345,3138744,32442,,47358,6529
2023,19,MIA,Nik Needham,DB,ACT,1996-11-04,4,00-0035346,3124702,32443,,50356,6258
2023,20,BUF,Tyrel Dodson,LB,ACT,1998-06-25,4,00-0035352,4035232,32411,,51045,6315
2023,18,JAX,Blake Hance,OL,ACT,1996-01-11,4,00-0035355,,,,,
2023,18,NYG,Tyree Jackson,TE,INA,1997-11-07,4,00-0035356,3916564,32415,,46481,6040
2023,20,BUF,Cam Lewis,DB,ACT,1997-04-13,4,00-0035357,3916577,32416,,49395,6314
2023,20,TB,Chase McLaughlin,K,ACT,1996-04-09,4,00-0035358,3150744,32417,,,6650
2023,18,DEN,David Sills,WR,DEV,1996-05-29,4,00-0035359,3871102,32418,,34579,6154
2023,18,NE,Joe Giles-Harris,LB,DEV,1997-04-01,4,00-0035363,3917797,32091,GileJo01,39382,6105
2023,18,NYJ,Tae Hayes,DB,DEV,1997-08-19,4,00-0035365,3917147,32092,,35173,6310
2023,18,JAX,Andrew Wingard,DB,ACT,1996-12-05,4,00-0035378,3918331,32105,WingAn01,49268,6416
2023,20,BUF,Ryan Bates,OL,ACT,1997-02-14,4,00-0035382,,,,,
2023,19,PIT,Nate Herbig,OL,ACT,1998-07-10,4,00-0035383,,,,,
2023,19,PHI,Iosua Opeta,OL,ACT,1996-08-15,4,00-0035384,,,,,
2023,18,CHI,T.J. Edwards,LB,ACT,1996-08-12,4,00-0035386,3121544,32403,EdwaTJ02,30737,5960
2023,1,TB,Anthony Chesley,DB,CUT,1995-05-31,4,00-0035393,3910754,32463,,,6645
2023,18,CIN,Stanley Morgan,WR,ACT,1996-09-07,4,00-0035399,3699902,32469,MorgSt02,48110,6069
2023,18,JAX,Keaton Sutherland,OL,DEV,1997-02-12,4,00-0035400,,,,,
2023,18,NO,Carl Granderson,DL,ACT,1996-12-18,4,00-0035402,3918310,32490,GranCa01,48500,5912
2023,18,ATL,Ethan Greenidge,OL,RES,1997-09-10,4,00-0035403,,,,,
2023,18,DEN,Lil'Jordan Humphrey,WR,ACT,1998-04-19,4,00-0035406,4039057,32494,HumpLi01,42247,5938
2023,1,CLE,Derrick Kelly,OL,CUT,1995-08-23,4,00-0035407,,,,,
2023,21,BAL,Nick Moore,LS,RES,1992-12-09,4,00-0035408,,,,,
2023,18,CAR,Shy Tuttle,DL,ACT,1995-10-20,4,00-0035409,3886601,32497,TuttSh00,37279,6627
2023,18,NO,Andrew Dowell,LB,RES,1996-11-16,4,00-0035412,3929818,32208,,38956,6611
2023,18,TEN,Luke Gifford,LB,RES,1995-08-28,4,00-0035413,3116097,32205,GiffLu00,50675,6612
2023,18,LAC,Jalen Guyton,WR,INA,1997-06-07,4,00-0035414,3932430,32201,GuytJa01,34164,6421
2023,1,KC,Daniel Wise,DL,CUT,1996-01-16,4,00-0035423,3133368,32198,,48922,6423
2023,1,DET,Daniel Helm,TE,CUT,1995-04-20,4,00-0035428,3115359,32543,,47307,6089
2023,1,NE,Rodney Randle,DB,CUT,1997-02-27,4,00-0035435,,,,,
2023,18,NE,Matt Sokol,TE,ACT,1995-11-09,4,00-0035436,3121378,32551,,47123,6233
2023,12,LV,Roderic Teamer,DB,INA,1997-05-12,4,00-0035437,3917058,32552,,51405,6257
2023,19,CLE,Jordan Kunaszyk,LB,ACT,1996-10-15,4,00-0035444,4035866,32151,KunaJo00,38548,6307
2023,18,ATL,Albert Huggins,DL,ACT,1997-06-27,4,00-0035455,3728248,32509,HuggAl01,36862,6026
2023,18,DAL,Tyron Johnson,WR,CUT,1996-01-08,4,00-0035457,3894912,32511,JohnTy03,34427,6063
2023,18,LAC,Zack Bailey,OL,RES,1995-11-08,4,00-0035468,,,,,
2023,18,ATL,Lukas Denis,DB,DEV,1997-04-13,4,00-0035470,,,,,
2023,18,NYJ,Malik Taylor,WR,DEV,1995-12-21,4,00-0035480,4408988,32488,TaylMa01,94375,6239
2023,1,SF,Nate Brooks,DB,CUT,1996-09-05,4,00-0035485,3914477,32472,,49572,6634
2023,20,BUF,Kyron Brown,DB,DEV,1996-05-26,4,00-0035499,3125705,32522,,49466,6328
2023,18,ARI,Greg Dortch,WR,ACT,1998-05-29,4,00-0035500,4037235,32523,DortGr01,42237,5970
2023,18,NO,Kyle Phillips,DL,INA,1997-05-05,4,00-0035507,3886528,32530,PhilKy00,36340,6235
2023,18,ARI,Jeff Smith,WR,DEV,1997-04-21,4,00-0035510,3929118,32533,SmitJe03,48055,6557
2023,1,WAS,Isaiah Mack,DL,CUT,1996-03-19,4,00-0035519,3131784,32425,MackIs00,26229,6601
2023,18,SEA,Devin Bush,LB,ACT,1998-07-18,4,00-0035525,4036261,31842,BushDe01,27375,5843
2023,20,GB,Elgton Jenkins,OL,ACT,1995-12-26,4,00-0035526,,,,,
2023,20,BUF,Andy Isabella,WR,ACT,1996-11-18,4,00-0035527,3914328,31894,IsabAn00,47448,5915
2023,1,PIT,Hakeem Butler,TE,CUT,1996-05-16,4,00-0035529,3917940,31935,ButlHa00,47928,5886
2023,22,SF,Austin Bryant,DL,DEV,1996-11-12,4,00-0035531,3728253,31949,BryaAu00,36248,5942
2023,18,NO,Ryan Connelly,LB,DEV,1995-10-23,4,00-0035533,3121538,31975,ConnRy00,49840,5979
2023,3,CIN,Marvell Tell,DB,CUT,1996-08-02,4,00-0035534,3912544,31976,TellMa00,49217,6143
2023,18,NYG,Darius Slayton,WR,ACT,1997-01-12,4,00-0035535,3916945,32003,SlayDa01,25578,6149
2023,20,BUF,Ty Johnson,RB,ACT,1997-09-17,4,00-0035537,3915411,32018,JohnTy02,45769,6039
2023,11,MIN,Michael Dogbe,DL,CUT,1996-05-05,4,00-0035541,3138765,32081,DogbMi00,48850,6304
2023,22,SF,Kemon Hall,DB,DEV,1997-06-02,4,00-0035542,4243831,32542,,56123,6254
2023,21,DET,Tom Kennedy,WR,DEV,1996-07-29,4,00-0035544,3126997,32561,KennTo01,94379,6588
2023,22,KC,Jody Fortson,TE,RES,1995-12-07,4,00-0035547,4408854,32600,FortJo01,94384,6665
2023,1,BUF,Garrett McGhin,OL,CUT,1994-10-13,4,00-0035558,,,,,
2023,18,LV,Jesper Horsted,TE,RES,1997-02-27,4,00-0035562,3940587,32576,,91465,6075
2023,21,DET,Craig Reynolds,RB,ACT,1996-06-15,4,00-0035567,4421446,32596,ReynCr00,94383,6659
2023,18,ATL,Parker Hesse,TE,DEV,1995-05-26,4,00-0035572,3144991,32588,,48369,6662
2023,18,MIN,Garrett Bradbury,OL,ACT,1995-06-20,4,00-0035588,,,,,
2023,1,CAR,Gary Jennings,WR,CUT,1997-03-07,4,00-0035589,3916071,31952,JennGa00,48331,6045
2023,18,LAC,Justin Hollins,LB,RES,1996-01-15,4,00-0035591,3122678,31988,HollJu00,48498,6076
2023,18,IND,Juwann Winfree,WR,ACT,1996-09-04,4,00-0035593,3128317,32019,WinfJu00,38275,6223
2023,18,CHI,Travis Homer,RB,ACT,1998-08-07,4,00-0035594,4037457,32036,HomeTr00,45859,6012
2023,20,HOU,Alex Bachman,WR,DEV,1996-05-29,4,00-0035602,3919510,32124,,47996,6386
2023,1,KC,Kendall Blanton,TE,CUT,1995-11-10,4,00-0035603,3122103,32125,BlanKe01,47311,6081
2023,19,LA,Marquise Copeland,DL,DEV,1997-05-09,4,00-0035607,3914150,32130,,38540,6390
2023,1,MIN,Jake Gervase,LB,CUT,1995-09-18,4,00-0035609,3144988,32603,,49103,6687
2023,1,LAC,Matt Kaskey,OL,CUT,1997-03-17,4,00-0035613,,,,,
2023,19,LA,Troy Reeder,LB,INA,1994-09-13,4,00-0035617,3116177,32135,ReedTr01,38268,6353
2023,18,CHI,Nsimba Webster,WR,DEV,1996-01-27,4,00-0035621,3119317,32137,WebsNs00,48107,6387
2023,18,JAX,Chandler Brewer,OL,DEV,1997-06-21,4,00-0035623,,,,,
2023,18,MIN,N'Keal Harry,WR,DEV,1997-12-17,4,00-0035624,4047839,31864,HarrNK00,48297,5878
2023,19,CLE,Juan Thornhill,DB,ACT,1995-10-19,4,00-0035625,3917909,31895,ThorJu00,50426,6145
2023,18,JAX,D'Ernest Johnson,RB,ACT,1996-02-27,4,00-0035628,3139602,32608,JohnDE04,45734,6694
2023,18,CIN,Jonah Williams,OL,ACT,1997-11-17,4,00-0035629,,,,,
2023,18,ATL,Chris Lindstrom,OL,ACT,1997-02-08,4,00-0035630,,,,,
2023,18,CIN,Drew Sample,TE,ACT,1996-04-16,4,00-0035631,3127310,31884,SampDr00,47259,6001
2023,18,TEN,Amani Hooker,DB,RES,1998-06-14,4,00-0035632,4036134,31948,HookAm00,51378,5908
2023,20,GB,Corey Ballentine,DB,ACT,1996-04-13,4,00-0035633,4411769,32012,BallCo00,83833,6283
2023,18,ARI,L.J. Collier,DL,RES,1995-09-12,4,00-0035636,3116449,31861,CollLJ00,48822,5861
2023,21,BAL,Rock Ya-Sin,DB,INA,1996-05-23,4,00-0035637,3910229,31866,Ya-SRo00,49564,6128
2023,18,NYG,Parris Campbell,WR,INA,1997-07-16,4,00-0035639,3121410,31891,CampPa00,47940,5880
2023,18,SEA,DK Metcalf,WR,ACT,1997-12-14,4,00-0035640,4047650,31896,MetcDK00,47864,5846
2023,18,JAX,Josh Allen,LB,ACT,1997-07-13,4,00-0035642,3915239,31839,AlleJo03,50235,5840
2023,18,TEN,Jeffery Simmons,DL,RES,1997-07-28,4,00-0035643,4035369,31851,SimmJe01,43742,6125
2023,18,SEA,Noah Fant,TE,ACT,1997-11-20,4,00-0035644,4036131,31852,FantNo00,42388,5857
2023,18,NYG,Gunner Olszewski,WR,ACT,1996-11-26,4,00-0035645,4424106,32612,OlszGu00,95015,6699
2023,19,CLE,Sione Takitaki,LB,ACT,1995-06-08,4,00-0035646,3138834,31912,TakiSi00,12666,6211
2023,18,CHI,Montez Sweat,DL,ACT,1996-09-04,4,00-0035647,3134690,31858,SweaMo00,27271,6124
2023,18,CHI,Nate Davis,OL,ACT,1996-09-23,4,00-0035649,,,,,
2023,7,MIA,Chase Winovich,DL,CUT,1995-04-19,4,00-0035654,3115974,31909,WinoCh00,48523,6133
2023,21,DET,Will Harris,DB,ACT,1995-12-19,4,00-0035655,3915297,31913,HarrWi02,51336,5920
2023,18,NO,Khalen Saunders,DL,ACT,1996-08-09,4,00-0035656,3121634,31916,SaunKh00,31534,6177
2023,20,BUF,Damien Harris,RB,RES,1997-02-11,4,00-0035657,3925347,31919,HarrDa06,35134,5890
2023,18,WAS,Terry McLaurin,WR,ACT,1995-09-15,4,00-0035659,3121422,31908,McLaTe00,48229,5927
2023,18,ARI,Marquise Brown,WR,RES,1997-06-04,4,00-0035662,4241372,31857,BrowMa04,61568,5848
2023,20,BUF,Taylor Rapp,DB,INA,1997-12-22,4,00-0035663,4039007,31893,RappTa00,51172,5882
2023,17,LA,Darrell Henderson,RB,CUT,1997-08-19,4,00-0035664,4039359,31902,HendDa00,41193,5916
2023,20,GB,David Long,DB,DEV,1998-02-06,4,00-0035665,4046536,31911,LongDa02,27377,5914
2023,1,JAX,Bobby Evans,OL,CUT,1997-03-24,4,00-0035666,,,,,
2023,20,TB,Greg Gaines,DL,ACT,1996-05-06,4,00-0035667,3127294,31966,GainGr00,48706,5981
2023,20,BUF,David Edwards,OL,ACT,1997-03-20,4,00-0035668,,,,,
2023,18,CIN,Nick Scott,DB,ACT,1995-05-17,4,00-0035669,3116179,32075,ScotNi01,49012,6301
2023,1,BUF,Jace Sternberger,TE,CUT,1996-06-26,4,00-0035671,3917962,31907,SterJa00,47081,6139
2023,18,WAS,Cody Barton,LB,ACT,1996-11-13,4,00-0035672,3926229,31920,BartCo00,50727,6065
2023,18,LV,Jerry Tillery,DL,ACT,1996-10-08,4,00-0035674,3863182,31860,TillJe00,49949,6129
2023,19,PHI,A.J. Brown,WR,INA,1997-06-30,4,00-0035676,4047646,31883,BrowAJ00,48327,5859
2023,18,SEA,Dre'Mont Jones,DL,ACT,1997-01-05,4,00-0035678,3915525,31903,JoneDr00,28075,5865
2023,20,BUF,Connor McGovern,OL,ACT,1997-11-03,4,00-0035679,,,,,
2023,18,NYJ,Quincy Williams,LB,ACT,1996-08-28,4,00-0035680,3110565,31930,WillQu01,49779,6214
2023,22,KC,Mike Edwards,DB,ACT,1996-05-18,4,00-0035681,3155647,31931,EdwaMi01,51282,5959
2023,18,NYG,Dexter Lawrence,DL,ACT,1997-11-12,4,00-0035683,4035483,31849,LawrDe03,25991,5847
2023,21,DET,David Montgomery,RB,ACT,1997-06-07,4,00-0035685,4035538,31905,MontDa01,45719,5892
2023,20,HOU,Michael Deiter,OL,ACT,1996-09-03,4,00-0035686,,,,,
2023,18,NYG,Bobby Okereke,LB,ACT,1996-07-29,4,00-0035687,3117253,31921,OkerBo00,50954,5944
2023,18,LAC,Trey Pipkins,OL,ACT,1996-09-05,4,00-0035688,,,,,
2023,20,BUF,Dawson Knox,TE,ACT,1996-11-14,4,00-0035689,3930086,31928,KnoxDa00,35883,5906
2023,22,SF,Clelin Ferrell,DL,RES,1997-05-17,4,00-0035692,3728258,31836,FerrCl00,25955,5842
2023,18,NO,Johnathan Abram,DB,ACT,1996-10-25,4,00-0035693,3728305,31859,AbraJo01,34646,5860
2023,21,BAL,Trayvon Mullen,DB,RES,1997-09-20,4,00-0035695,4035458,31872,MullTr00,41968,5853
2023,19,LA,Duke Shelley,DB,ACT,1996-10-08,4,00-0035696,3916126,32037,ShelDu00,49569,6289
2023,18,CIN,Germaine Pratt,LB,ACT,1996-05-21,4,00-0035697,3116724,31904,PratGe00,29407,5894
2023,19,DAL,Chuma Edoga,OL,ACT,1997-05-25,4,00-0035698,,,,,
2023,20,TB,Jamel Dean,DB,ACT,1996-10-15,4,00-0035699,3873935,31926,DeanJa00,34918,5946
2023,18,LV,Josh Jacobs,RB,INA,1998-02-11,4,00-0035700,4047365,31856,JacoJo01,45953,5850
2023,18,MIN,Dalton Risner,OL,ACT,1995-07-13,4,00-0035702,,,,,
2023,19,PIT,Miles Boykin,WR,ACT,1996-10-12,4,00-0035703,3932423,31925,BoykMi00,48209,5965
2023,18,SEA,Drew Lock,QB,ACT,1996-11-10,4,00-0035704,3924327,31874,LockDr00,39517,5854
2023,18,ARI,Jalen Thompson,DB,ACT,1998-07-18,4,00-0035705,4043089,32623,ThomJa04,49116,6711
2023,20,TB,Devin White,LB,ACT,1998-02-17,4,00-0035707,4035434,31837,WhitDe02,43089,6119
2023,12,NYG,Oshane Ximines,LB,DEV,1996-12-07,4,00-0035708,3123233,31927,XimiOs00,48538,6132
2023,18,NYG,Daniel Jones,QB,RES,1997-05-27,4,00-0035710,3917792,31838,JoneDa05,39395,5870
2023,18,CAR,Brian Burns,LB,ACT,1998-04-23,4,00-0035713,4035631,31848,BurnBr00,44522,5862
2023,18,WAS,Derrick Gore,RB,ACT,1994-12-13,4,00-0035715,3925346,32630,,32342,6753
2023,22,SF,Nick Bosa,DL,ACT,1997-10-23,4,00-0035717,4040605,31834,BosaNi00,42741,5816
2023,18,NYJ,Quinnen Williams,DL,ACT,1997-12-21,4,00-0035718,4040982,31835,WillQu00,44216,6118
2023,22,SF,Deebo Samuel,WR,ACT,1996-01-15,4,00-0035719,3126486,31868,SamuDe00,48274,5872
2023,1,PHI,Olive Sagapolu,DL,CUT,1997-02-16,4,00-0035720,,,,,
2023,18,LV,Jakob Johnson,RB,ACT,1994-12-15,4,00-0035726,3115349,31826,JohnJa12,32565,6202
2023,1,MIN,Jordan Ta'amu,QB,CUT,1997-12-10,4,00-0035735,4242418,32642,,60453,6730
2023,19,PHI,Brett Toth,OL,DEV,1996-09-01,4,00-0035743,,,,,
2023,18,LV,Jacob Bobenmoyer,LS,ACT,1997-05-28,3,00-0035757,,,,,
2023,18,NYJ,Jacques Patrick,RB,DEV,1997-01-07,3,00-0035760,3693033,32669,,,6108
2023,18,NO,Malcolm Roach,DL,RES,1998-06-09,3,00-0035763,4039064,33118,RoacMa01,50191,7018
2023,18,TEN,Calvin Throckmorton,OL,ACT,1996-08-16,3,00-0035764,,,,,
2023,21,BAL,Scotty Washington,TE,DEV,1997-07-26,3,00-0035769,,,,,
2023,18,CIN,Mitchell Wilcox,TE,ACT,1996-11-07,3,00-0035771,3923392,33171,,47234,6894
2023,1,KC,Juwan Green,WR,CUT,1998-07-01,3,00-0035782,,,,,
2023,18,LV,Tyler Hall,DB,INA,1998-10-31,3,00-0035783,4048718,33058,HallTy01,43958,7188
2023,1,CHI,Jared Pinkney,TE,CUT,1997-08-21,3,00-0035787,3915772,33064,,47214,6834
2023,1,NYG,Ray Wilborn,LB,CUT,1997-04-01,3,00-0035790,4361650,33067,,77573,7185
2023,19,PIT,James Pierre,DB,ACT,1996-09-16,3,00-0035795,4259252,32939,PierJa01,60649,7419
2023,18,DEN,Jonas Griffith,LB,RES,1997-01-27,3,00-0035804,3908558,33197,,35858,7421
2023,18,NE,Jamycal Hasty,RB,INA,1996-09-12,3,00-0035806,3928925,33199,HastJa02,25582,6996
2023,1,BUF,Jared Mayden,DB,CUT,1998-06-24,3,00-0035808,4040975,33201,MaydJa01,43058,7027
2023,18,NO,Niko Lalos,DL,DEV,1997-06-25,3,00-0035816,4030955,33051,LaloNi00,106295,7381
2023,5,NE,Corliss Waitman,P,CUT,1995-07-21,3,00-0035821,3125280,32942,,,7215
2023,1,LV,Doug Costin,DL,CUT,1997-10-05,3,00-0035822,4038987,33122,CostDo00,44473,7289
2023,18,MIN,Ben Ellefson,TE,RET,1996-09-01,3,00-0035823,3930900,33124,ElleBe00,27766,7288
2023,1,DEN,Josh Hammond,WR,CUT,1998-07-24,3,00-0035826,,,,,
2023,18,JAX,Ross Matiscik,LS,ACT,1996-09-13,3,00-0035827,,,,,
2023,18,LAC,Austen Pleasants,OL,ACT,1997-08-22,3,00-0035829,,,,,
2023,18,NO,James Robinson,RB,DEV,1998-08-09,3,00-0035831,4052042,33138,RobiJa00,22425,6955
2023,3,LA,Brandon Wright,P,CUT,1997-02-08,3,00-0035833,,33149,,,7296
2023,21,DET,Benito Jones,DL,ACT,1997-11-27,3,00-0035841,4035299,33239,JoneBe03,44035,6999
2023,4,NO,Kirk Merritt,WR,CUT,1997-01-05,3,00-0035844,3915145,33242,MerrKi00,35096,7351
2023,20,BUF,Kameron Cline,DL,DEV,1998-02-19,3,00-0035850,4041572,33212,,28668,7281
2023,18,ARI,Carter O'Donnell,OL,INA,1998-12-23,3,00-0035853,,,,,
2023,19,CLE,Chris Williams,DL,DEV,1998-06-16,3,00-0035857,4034530,33220,,87178,7283
2023,1,MIA,Tino Ellis,DB,CUT,,3,00-0035858,,,,,
2023,18,ARI,Blake Gillikin,P,ACT,1998-01-21,3,00-0035859,4045180,33112,,,7467
2023,18,ARI,Tony Jones,RB,DEV,1997-11-24,3,00-0035860,4046676,33114,JoneTo04,40498,6984
2023,18,LAC,Essang Bassey,DB,ACT,1998-09-12,3,00-0035862,4037216,32932,BassEs01,45258,6925
2023,1,DEN,Kendall Hinton,WR,CUT,1997-02-19,3,00-0035864,3700815,32929,HintKe00,34045,7210
2023,18,ARI,Andre Baccellia,WR,DEV,1997-01-07,3,00-0035876,3886809,32943,,47901,7233
2023,1,PIT,Lavert Hill,DB,CUT,1998-10-03,3,00-0035885,,,,,
2023,22,KC,Tommy Townsend,P,ACT,1996-11-12,3,00-0035889,3915398,32960,,33007,7307
2023,22,KC,Tershawn Wharton,DL,ACT,1998-06-25,3,00-0035890,4058925,32952,WharTe00,40292,7301
2023,18,SEA,Cody White,WR,DEV,1998-11-28,3,00-0035891,4241983,32948,,61448,7039
2023,18,JAX,Darryl Williams,OL,DEV,1997-06-10,3,00-0035892,,,,,
2023,18,CIN,Joe Bachie,LB,ACT,1998-02-26,3,00-0035895,4036507,33108,BachJo01,43250,7014
2023,22,KC,Cole Christiansen,LB,ACT,1997-07-30,3,00-0035900,4036959,32977,ChriCo00,43856,7329
2023,18,ATL,Joe Gaziano,DL,ACT,1996-09-27,3,00-0035903,3915990,32982,,27949,7325
2023,18,CIN,Nathan Gilliam,OL,DEV,1997-07-06,3,00-0035904,,,,,
2023,18,MIN,T.J. Smith,DL,ACT,1997-04-19,3,00-0035910,3916917,32991,,36851,7327
2023,1,LA,T.J. Carter,DL,CUT,,3,00-0035916,,,,,
2023,18,TEN,Jonathan Ward,RB,ACT,1997-09-30,3,00-0035924,4039274,33088,WardJo00,25859,7087
2023,19,PIT,Breiden Fehoko,DL,DEV,1996-10-15,3,00-0035927,3674831,32980,,49589,7326
2023,10,ARI,Eric Banks,DL,CUT,1998-01-30,3,00-0035928,4040703,33247,,45507,7341
2023,1,ARI,Cohl Cabral,OL,CUT,1998-02-11,3,00-0035930,,,,,
2023,19,LA,Michael Hoecht,LB,ACT,1997-10-05,3,00-0035933,4033234,33252,,108840,7342
2023,18,MIN,Trishton Jackson,WR,DEV,1998-03-09,3,00-0035934,4046715,33253,,41247,7009
2023,1,DEN,J.J. Koski,WR,CUT,1996-12-27,3,00-0035935,3910287,33254,,47918,7339
2023,19,LA,Christian Rozeboom,LB,ACT,1997-01-30,3,00-0035942,3909013,33261,,,7346
2023,19,LA,Jonah Williams,DL,ACT,1995-08-17,3,00-0035944,4032481,33263,,44597,7344
2023,18,SEA,Myles Adams,DL,ACT,1998-03-09,3,00-0035946,4039164,33131,,28430,7222
2023,1,SF,Myles Hartsfield,DB,CUT,1997-08-05,3,00-0035950,4035290,33139,HartMy00,49159,7226
2023,18,CAR,Giovanni Ricci,TE,RES,1996-10-16,3,00-0035956,3916749,33151,,13756,7216
2023,1,CAR,Sam Tecklenburg,OL,CUT,1997-01-31,3,00-0035958,,,,,
2023,18,ARI,Krys Barnes,LB,ACT,1998-04-02,3,00-0035961,4035817,33221,BarnKr00,42548,7268
2023,18,IND,Henry Black,DB,INA,1997-01-03,3,00-0035962,3928920,33222,BlacHe00,25687,7271
2023,18,DAL,Willington Previlon,DL,CUT,1997-05-19,3,00-0035969,,,,,
2023,1,ATL,Delontae Scott,DL,CUT,1997-01-21,3,00-0035971,,,,,
2023,20,GB,Patrick Taylor,RB,ACT,1998-04-29,3,00-0035973,4039358,33235,,40448,6963
2023,1,NO,Jake Bargas,RB,CUT,1996-11-28,3,00-0035975,,,,,
2023,21,BAL,Dan Chisena,WR,ACT,1997-02-25,3,00-0035976,3929637,33023,ChisDa00,34061,7357
2023,1,PIT,Nevelle Clarke,DB,CUT,1996-11-16,3,00-0035977,,,,,
2023,1,MIA,Myles Dorn,DB,CUT,1998-06-25,3,00-0035979,4037511,33029,,49299,7366
2023,18,LAC,Blake Lynch,LB,ACT,1997-02-14,3,00-0035984,3892773,33034,LyncBl00,47621,7364
2023,18,TEN,David Moa,DL,DEV,1996-06-14,3,00-0035985,3127587,33035,,50012,7362
2023,18,ARI,Trystan Colon,OL,ACT,1998-03-23,3,00-0035992,,,,,
2023,21,BAL,Tyler Huntley,QB,ACT,1998-02-03,3,00-0035993,4035671,32993,HuntTy01,46448,7083
2023,20,HOU,Grayland Arnold,DB,RES,1997-09-04,3,00-0035995,4035389,32961,ArnoGr01,43528,7051
2023,18,WAS,Julian Good-Jones,OL,ACT,1997-03-02,3,00-0035997,,,,,
2023,1,LAC,Michael Jacquet,DB,CUT,1997-01-29,3,00-0035998,3917576,32964,,47826,7405
2023,19,PIT,Elijah Riley,DB,INA,1998-06-12,3,00-0036002,4036924,32968,RileEl01,44440,7406
2023,19,PHI,Noah Togiai,TE,DEV,1997-07-06,3,00-0036005,3930298,32970,TogiNo00,47282,7404
2023,18,CAR,Raequan Williams,DL,DEV,1997-02-14,3,00-0036007,3929834,32973,WillRa03,27300,6933
2023,19,PIT,Jalen Elliott,DB,DEV,1998-07-07,3,00-0036010,4046680,33189,,51071,6902
2023,18,ARI,Bobby Price,DB,ACT,1998-04-25,3,00-0036011,4030779,33190,,91112,7259
2023,2,PHI,Arryn Siposs,P,ACT,1992-11-25,3,00-0036013,4371989,33192,,,7261
2023,1,TEN,Zack Johnson,OL,CUT,,3,00-0036015,,,,,
2023,19,MIA,Salvon Ahmed,RB,RES,1998-12-29,3,00-0036020,4243315,33265,AhmeSa01,57472,6918
2023,1,DET,Darrin Paulo,OL,CUT,,3,00-0036024,,,,,
2023,1,SF,Ladarius Hamilton,LB,CUT,1998-01-18,3,00-0036030,4039075,33104,,50192,6962
2023,19,DAL,Sean McKeon,TE,RES,1997-12-28,3,00-0036032,4036275,33101,McKeSe01,42266,6964
2023,19,DAL,Terence Steele,OL,ACT,1997-06-04,3,00-0036036,,,,,
2023,18,CAR,Sam Franklin,DB,ACT,1996-02-02,3,00-0036037,4044133,33137,,43580,7224
2023,18,NO,Juwan Johnson,TE,ACT,1996-09-13,3,00-0036040,3929645,33113,JohnJu02,28305,7002
2023,18,WAS,Jace Whittaker,DB,ACT,1995-07-16,3,00-0036043,3821572,33089,WhitJa05,50465,7169
2023,20,TB,Cam Gill,LB,ACT,1997-12-14,3,00-0036045,4034496,33272,,33560,7451
2023,2,TB,John Molchon,OL,DEV,1997-02-02,3,00-0036048,,,,,
2023,18,WAS,Benning Potoa'e,DL,ACT,1996-09-17,3,00-0036050,3886826,33277,PotoBe00,50195,7456
2023,4,CIN,Reid Sinnett,QB,DEV,1997-02-05,3,00-0036052,3926936,33279,,37397,7159
2023,1,CLE,Gavin Heslop,DB,CUT,1997-11-13,3,00-0036056,3912347,33283,,34321,7433
2023,18,SEA,Tyler Mabry,TE,DEV,1996-11-21,3,00-0036059,3916587,33286,,25705,7427
2023,1,ARI,Juju Hughes,DB,CUT,1998-07-19,3,00-0036077,4040901,33296,HughJu00,49545,7347
2023,18,SEA,Easop Winston,WR,DEV,1996-12-17,3,00-0036080,4245174,33299,,61812,7337
2023,21,BAL,Broderick Washington,DL,ACT,1996-12-04,3,00-0036081,3915837,32840,WashBr01,50049,7122
2023,18,ATL,Liam McCullough,LS,ACT,1997-06-05,3,00-0036082,,,,,
2023,19,MIA,Nick Bowers,TE,DEV,1996-05-26,3,00-0036083,3929633,33315,,36271,7308
2023,1,PIT,Madre Harper,DB,CUT,1997-10-13,3,00-0036084,4038440,33316,HarpMa00,49537,7312
2023,18,NE,Myles Bryant,DB,ACT,1998-01-02,3,00-0036087,4039010,33319,,43336,6946
2023,18,WAS,De'Jon Harris,LB,ACT,1997-11-01,3,00-0036090,4035577,33321,HarrDe10,43858,7504
2023,18,CHI,Bill Murray,OL,DEV,1997-07-03,3,00-0036093,,,,,
2023,20,HOU,J.J. Taylor,RB,DEV,1998-01-04,3,00-0036096,4039607,33028,TaylJJ01,25512,6973
2023,1,SF,Kyahva Tezino,LB,CUT,,3,00-0036097,,,,,
2023,1,LV,Isaiah Zuber,WR,RES,1997-04-15,3,00-0036100,3916129,33020,ZubeIs00,26884,7458
2023,19,PIT,Luq Barcoo,DB,DEV,1998-07-27,3,00-0036101,4361499,33115,BarcLu00,83079,7293
2023,20,TB,Nick Leverett,OL,ACT,1997-01-11,3,00-0036105,,,,,
2023,19,CLE,A.J. Green,DB,DEV,1998-06-09,3,00-0036114,4038437,33306,GreeAJ00,50394,6876
2023,1,MIN,Jameson Houston,DB,CUT,,3,00-0036116,,,,,
2023,3,ARI,Jovante Moffatt,DB,CUT,1996-12-25,3,00-0036118,3914450,33310,,34207,7251
2023,6,DAL,Alex Taylor,OL,DEV,1997-04-21,3,00-0036120,,,,,
2023,20,TB,Brandon Walton,OL,INA,1998-03-18,3,00-0036123,,,,,
2023,21,DET,Khalil Dorsey,DB,ACT,1998-03-31,3,00-0036124,4027919,33012,DorsKh00,27819,7200
2023,18,JAX,Jaylon Moore,WR,RES,1997-07-01,3,00-0036125,,,,,
2023,21,BAL,Justin Madubuike,DL,ACT,1997-11-17,3,00-0036130,4035245,32741,MaduJu00,44304,6818
2023,18,NYG,Ben Bredeson,OL,ACT,1998-02-20,3,00-0036132,,,,,
2023,19,CLE,James Proche,WR,ACT,1996-09-20,3,00-0036133,3916204,32871,ProcJa00,48037,6957
2023,19,DAL,Rico Dowdle,RB,ACT,1998-06-14,3,00-0036139,4038815,33100,DowdRi01,40693,7021
2023,18,NYG,Lawrence Cager,TE,RES,1997-08-20,3,00-0036145,3917849,33329,,34914,7106
2023,18,TEN,Shyheim Carter,DB,DEV,1997-12-15,3,00-0036147,,,,,
2023,18,CIN,Domenique Davis,DL,DEV,1996-02-28,3,00-0036148,,33332,,,7390
2023,18,NYJ,Javelin Guidry,DB,RES,1998-08-06,3,00-0036149,4243250,33333,GuidJa01,56262,7392
2023,18,NYJ,Bryce Huff,DL,ACT,1998-04-17,3,00-0036151,4039375,33335,,27128,7391
2023,18,CAR,Lamar Jackson,DB,DEV,1998-04-13,3,00-0036152,4034849,33336,JackLa02,50532,6994
2023,20,GB,Kristian Welch,LB,ACT,1998-05-24,3,00-0036157,4036153,33005,WelcKr00,51283,7197
2023,21,BAL,J.K. Dobbins,RB,RES,1998-12-17,3,00-0036158,4241985,32725,DobbJK00,57366,6806
2023,18,NE,Josh Uche,LB,ACT,1998-09-18,3,00-0036159,4046528,32730,UcheJo00,27379,6921
2023,20,BUF,Tyler Bass,K,ACT,1997-02-14,3,00-0036162,3917232,32858,BassTy00,33010,7042
2023,17,LV,Justin Herron,OL,CUT,1995-11-27,3,00-0036163,,,,,
2023,18,NYG,Isaiah Hodgins,WR,ACT,1998-10-21,3,00-0036165,4242540,32877,HodgIs00,52130,6920
2023,20,BUF,Dane Jackson,DB,ACT,1996-11-29,3,00-0036166,3895791,32909,JackDa02,32989,6969
2023,18,TEN,Tae Crowder,LB,ACT,1997-03-12,3,00-0036167,3915171,32924,CrowTa00,35774,7155
2023,18,TEN,Aaron Brewer,OL,ACT,1997-10-28,3,00-0036171,,,,,
2023,18,NO,Tommy Hudson,TE,DEV,1997-02-22,3,00-0036173,3675550,33340,,47412,7439
2023,18,TEN,Mason Kinsey,WR,ACT,1998-08-29,3,00-0036176,4057082,33351,,115664,7436
2023,1,NYG,Kobe Smith,DL,CUT,1998-06-23,3,00-0036180,4038840,33346,,28488,7444
2023,20,HOU,Teair Tart,DL,INA,1997-02-28,3,00-0036181,4374269,33347,TartTe00,82261,7443
2023,18,TEN,Nick Westbrook-Ikhine,WR,RES,1997-03-21,3,00-0036182,3929785,33348,WestNi00,47861,7496
2023,18,LV,Kristian Wilkerson,WR,DEV,1997-01-10,3,00-0036183,3910176,33349,WilkKr00,28729,7438
2023,1,LV,Isiah Brown,DB,CUT,1998-04-25,3,00-0036186,,,,,
2023,20,BUF,Reggie Gilliam,RB,ACT,1997-08-20,3,00-0036187,4039505,33357,,40951,7204
2023,1,CAR,Josh Thomas,DB,CUT,1996-11-19,3,00-0036189,3917159,33358,,36116,7208
2023,20,BUF,A.J. Epenesa,DL,ACT,1998-09-15,3,00-0036192,4240585,32724,EpenAJ00,56369,6802
2023,18,NE,Anfernee Jennings,LB,ACT,1997-09-01,3,00-0036193,3925350,32757,JennAn00,25449,6848
2023,18,TEN,Devin Asiasi,TE,DEV,1997-08-14,3,00-0036194,4046522,32761,AsiaDe00,40294,6956
2023,20,HOU,Charlie Heck,OL,ACT,1996-11-20,3,00-0036195,,,,,
2023,20,BUF,Gabe Davis,WR,INA,1999-03-01,3,00-0036196,4243537,32798,DaviGa01,55410,6943
2023,18,WAS,Jake Fromm,QB,ACT,1998-07-30,3,00-0036197,4240689,32837,FromJa00,60389,6822
2023,18,NE,Michael Onwenu,OL,ACT,1997-12-10,3,00-0036198,,,,,
2023,21,BAL,Geno Stone,DB,ACT,1999-04-19,3,00-0036199,4240575,32889,StonGe00,55967,6923
2023,20,HOU,Dieter Eiselen,OL,ACT,1996-06-10,3,00-0036202,,,,,
2023,1,CIN,Keandre Jones,LB,CUT,,3,00-0036203,4040621,33174,JoneKe03,28092,7474
2023,18,ATL,Lacale London,DL,ACT,1997-08-05,3,00-0036204,,,,,
2023,18,CAR,Badara Traore,OL,DEV,1997-03-12,3,00-0036210,,,,,
2023,19,MIA,Tua Tagovailoa,QB,ACT,1998-03-02,3,00-0036212,4241479,32675,TagoTu00,60326,6768
2023,19,MIA,Raekwon Davis,DL,ACT,1997-06-10,3,00-0036213,4040965,32726,DaviRa03,44582,6831
2023,18,NYG,Tyre Phillips,OL,RES,1997-01-29,3,00-0036214,,,,,
2023,18,IND,Danny Pinter,OL,RES,1996-06-19,3,00-0036215,,,,,
2023,19,MIA,Blake Ferguson,LS,ACT,1997-04-21,3,00-0036217,,,,,
2023,18,NO,Marquez Callaway,WR,DEV,1998-03-27,3,00-0036219,4035170,33109,CallMa01,42295,6989
2023,18,CAR,Derrick Brown,DL,ACT,1998-04-15,3,00-0036220,4035495,32677,BrowDe05,43883,6784
2023,19,MIA,Brandon Jones,DB,ACT,1998-04-02,3,00-0036221,4039059,32740,JoneBr06,43049,6911
2023,19,PHI,Isaiah Rodgers,DB,RES,1998-01-07,3,00-0036222,4044540,32881,RodgIs00,27069,7133
2023,18,IND,Jonathan Taylor,RB,ACT,1999-01-19,3,00-0036223,4242335,32711,TaylJo02,57488,6813
2023,20,HOU,Jonathan Greenard,DL,ACT,1997-05-25,3,00-0036224,3916409,32760,GreeJo04,48407,6900
2023,20,HOU,Dalton Keene,TE,DEV,1999-04-14,3,00-0036225,4240861,32771,KeenDa00,61068,7082
2023,18,NYG,Jacob Eason,QB,INA,1997-11-17,3,00-0036226,4035003,32792,EasoJa00,46444,6823
2023,2,CAR,Dezmon Patmon,WR,CUT,1998-08-06,3,00-0036228,4054085,32882,PatmDe00,48329,6985
2023,22,KC,Prince Tega Wanogho,OL,RES,1997-11-22,3,00-0036230,,,,,
2023,18,NE,Kyle Dugger,DB,ACT,1996-03-22,3,00-0036231,4401811,32710,DuggKy00,90621,6872
2023,19,CLE,Harrison Bryant,TE,ACT,1998-04-23,3,00-0036232,4040774,32785,BryaHa00,26394,6850
2023,21,DET,Donovan Peoples-Jones,WR,ACT,1999-02-19,3,00-0036233,4258195,32857,PeopDo00,61439,6824
2023,20,TB,Logan Stenberg,OL,DEV,1997-03-18,3,00-0036234,,,,,
2023,18,JAX,Shaquille Quarterman,LB,ACT,1997-10-28,3,00-0036235,4037468,32810,QuarSh00,51048,6997
2023,19,CLE,Nick Harris,OL,ACT,1998-11-13,3,00-0036236,,,,,
2023,19,LA,Larrell Murchison,DL,ACT,1997-04-24,3,00-0036237,4240123,32844,MurcLa00,57004,6887
2023,18,NO,John Penisini,DL,DEV,1997-05-31,3,00-0036238,4243257,32867,PeniJo00,57037,7128
2023,18,NYJ,Bryce Hall,DB,INA,1997-11-05,3,00-0036241,4037584,32828,HallBr02,42313,6833
2023,18,SEA,Colby Parkinson,TE,ACT,1999-01-07,3,00-0036244,4242557,32803,ParkCo02,52266,6865
2023,20,GB,Jon Runyan,OL,ACT,1997-08-08,3,00-0036246,,,,,
2023,19,MIA,Freddie Swain,WR,DEV,1998-08-04,3,00-0036247,4034950,32884,SwaiFr00,26448,7135
2023,19,MIA,Austin Jackson,OL,ACT,1999-08-11,3,00-0036248,,,,,
2023,21,DET,Julian Okwara,LB,DEV,1997-12-27,3,00-0036249,4046690,32737,OkwaJu00,44152,6851
2023,20,GB,Tyler Davis,TE,RES,1997-04-02,3,00-0036250,3914240,32876,DaviTy02,47743,7131
2023,18,IND,Zack Moss,RB,ACT,1997-12-15,3,00-0036251,4035676,32756,MossZa00,40341,6845
2023,18,IND,Michael Pittman,WR,ACT,1997-10-05,3,00-0036252,4035687,32704,PittMi01,29049,6819
2023,18,IND,Julian Blackmon,DB,RES,1998-08-24,3,00-0036253,4035661,32755,BlacJu01,49434,7044
2023,18,CHI,Collin Johnson,WR,ACT,1997-09-23,3,00-0036254,4039043,32835,JohnCo01,47808,6857
2023,19,PIT,Denzel Mims,WR,DEV,1997-10-10,3,00-0036255,4035403,32729,MimsDe00,47800,6849
2023,22,SF,Colton McKivitz,OL,ACT,1996-08-09,3,00-0036256,,,,,
2023,21,DET,Jonah Jackson,OL,INA,1997-02-05,3,00-0036258,,,,,
2023,22,SF,Jauan Jennings,WR,ACT,1997-07-10,3,00-0036259,3886598,32887,JennJa00,48027,7049
2023,22,SF,Javon Kinlaw,DL,ACT,1997-10-03,3,00-0036260,4259491,32684,KinlJa00,56834,6792
2023,22,SF,Brandon Aiyuk,WR,ACT,1998-03-17,3,00-0036261,4360438,32695,AiyuBr00,84109,6803
2023,18,JAX,Davon Hamilton,DL,ACT,1997-02-01,3,00-0036262,3915520,32743,HamiDa02,28072,6972
2023,20,GB,Jordan Love,QB,ACT,1998-11-02,3,00-0036264,4036378,32696,LoveJo03,40306,6804
2023,20,GB,AJ Dillon,RB,INA,1998-05-02,3,00-0036265,4239934,32732,DillAJ00,57165,6828
2023,19,CLE,Jordan Elliott,DL,ACT,1997-11-23,3,00-0036266,4039052,32758,ElliJo02,56734,6841
2023,19,CLE,Jedrick Wills,OL,RES,1999-05-17,3,00-0036267,,,,,
2023,18,CAR,Laviska Shenault,WR,RES,1998-10-05,3,00-0036268,4243160,32712,ShenLa00,61220,6814
2023,22,KC,La'Mical Perine,RB,INA,1998-01-30,3,00-0036269,4034952,32790,PeriLa00,26408,6908
2023,19,PHI,Quez Watkins,WR,ACT,1998-06-09,3,00-0036271,4050373,32870,WatkQu00,61664,6927
2023,22,SF,Ben Bartch,OL,ACT,1998-07-22,3,00-0036272,,,,,
2023,18,NYJ,Jake Hanson,OL,RES,1997-04-29,3,00-0036273,,,,,
2023,18,ATL,Jeff Okudah,DB,ACT,1999-02-02,3,00-0036274,4241984,32673,OkudJe00,55674,6785
2023,19,PHI,D'Andre Swift,RB,ACT,1999-01-14,3,00-0036275,4259545,32705,SwifDA00,57212,6790
2023,19,CLE,Jacob Phillips,LB,RES,1999-04-01,3,00-0036276,4242206,32767,PhilJa01,57942,7006
2023,2,IND,Jason Huntley,RB,CUT,1998-04-20,3,00-0036278,4040790,32842,HuntJa01,45693,7107
2023,21,BAL,Malik Harrison,LB,ACT,1998-03-05,3,00-0036280,4040615,32768,HarrMa06,28081,6867
2023,18,CAR,C.J. Henderson,DB,ACT,1998-09-30,3,00-0036281,4240596,32679,HendCJ00,55593,6791
2023,19,CLE,Grant Delpit,DB,RES,1998-09-20,3,00-0036282,4242208,32714,DelpGr00,60685,6799
2023,1,PIT,Kenny Robinson,DB,CUT,1999-01-08,3,00-0036283,4241889,32822,RobiKe02,60789,7119
2023,18,NYJ,Mekhi Becton,OL,ACT,1999-04-18,3,00-0036284,,,,,
2023,18,ATL,A.J. Terrell,DB,ACT,1998-09-23,3,00-0036285,4239995,32686,TerrAJ00,55586,6836
2023,18,JAX,K'Lavon Chaisson,LB,ACT,1999-07-25,3,00-0036286,4242205,32690,ChaiKL00,57945,6800
2023,19,DAL,Noah Igbinoghene,DB,ACT,1999-11-27,3,00-0036287,4242516,32700,IgbiNo00,61155,6817
2023,18,CAR,Yetur Gross-Matos,LB,ACT,1998-02-26,3,00-0036288,4259594,32707,GrosYe00,56444,6812
2023,18,TEN,Ross Blacklock,DL,ACT,1998-07-09,3,00-0036289,4038557,32709,BlacRo00,44526,6795
2023,18,CHI,Cole Kmet,TE,ACT,1999-03-10,3,00-0036290,4258595,32713,KmetCo00,60995,6826
2023,18,TEN,Marlon Davidson,DL,ACT,1998-05-11,3,00-0036291,4035494,32717,DaviMa01,48741,6838
2023,18,CHI,Jaylon Johnson,DB,INA,1999-04-19,3,00-0036292,4243253,32720,JohnJa13,56259,6839
2023,18,CAR,Jeremy Chinn,DB,ACT,1998-02-26,3,00-0036293,4043169,32734,ChinJe00,43179,7016
2023,18,CIN,Logan Wilson,LB,ACT,1996-07-08,3,00-0036294,3918330,32735,WilsLo00,29623,6880
2023,18,ATL,Matt Hennessy,OL,RES,1997-11-17,3,00-0036295,,,,,
2023,18,NO,Jabari Zuniga,DL,RET,1997-08-14,3,00-0036296,3915123,32749,ZuniJa00,26449,6897
2023,19,MIA,Darrynton Evans,RB,DEV,1998-07-09,3,00-0036297,4036431,32763,EvanDa02,40692,7064
2023,18,CIN,Akeem Davis-Gaither,LB,ACT,1997-09-21,3,00-0036298,3917142,32777,DaviAk01,34788,6860
2023,20,HOU,Troy Pride,DB,DEV,1998-01-19,3,00-0036299,4046679,32783,PridTr00,42883,6856
2023,19,PIT,Mykal Walker,LB,ACT,1997-08-28,3,00-0036300,4243009,32789,WalkMy00,57834,7012
2023,18,LAC,Jaylinn Hawkins,DB,ACT,1997-08-27,3,00-0036302,3858276,32804,HawkJa00,51423,7058
2023,19,PHI,Josiah Scott,DB,DEV,1999-04-05,3,00-0036303,4241977,32807,ScotJo00,55634,6935
2023,18,TEN,Trevis Gipson,LB,INA,1997-06-13,3,00-0036305,3917016,32825,GipsTr00,35241,7120
2023,18,JAX,Daniel Thomas,DB,RES,1998-07-01,3,00-0036306,4035505,32827,ThomDa07,42544,7053
2023,21,DET,Kindle Vildor,DB,ACT,1997-12-11,3,00-0036307,4036651,32833,VildKi00,49346,6928
2023,1,BUF,Isaiah Coulter,WR,CUT,1998-09-18,3,00-0036308,4248504,32841,CoulIs00,55307,7085
2023,18,CHI,Darnell Mooney,WR,INA,1997-10-29,3,00-0036309,4040655,32843,MoonDa00,48236,7090
2023,18,MIN,Hakeem Adeniji,OL,ACT,1997-12-08,3,00-0036310,,,,,
2023,21,BAL,Bravvion Roy,DL,DEV,1996-10-18,3,00-0036311,4035407,32854,RoyxBr00,25644,7124
2023,16,CAR,Jake Luton,QB,CUT,1996-04-11,3,00-0036312,3124900,32859,LutoJa00,17287,7084
2023,19,PHI,Braden Mann,P,ACT,1997-11-24,3,00-0036313,4035239,32861,MannBr01,,6950
2023,18,CIN,Markus Bailey,LB,ACT,1997-03-07,3,00-0036314,3917992,32885,BailMa01,49681,6891
2023,18,NYG,Stantley Thomas-Oliver,DB,DEV,1998-06-04,3,00-0036315,4046353,32891,ThomSt00,,7137
2023,18,JAX,Chris Claybrooks,DB,EXE,1997-07-17,3,00-0036316,4371737,32893,ClayCh02,76692,7138
2023,18,IND,Arlington Hambright,OL,DEV,1996-01-30,3,00-0036317,,,,,
2023,18,TEN,Lachavious Simmons,OL,DEV,1996-09-26,3,00-0036318,,,,,
2023,22,SF,Chase Young,DL,ACT,1999-04-14,3,00-0036321,4241986,32672,YounCh04,56436,6782
2023,18,MIN,Justin Jefferson,WR,ACT,1999-06-16,3,00-0036322,4262921,32692,JeffJu00,61398,6794
2023,21,BAL,Patrick Queen,LB,ACT,1999-08-13,3,00-0036323,4242207,32698,QueePa00,57941,6807
2023,19,MIA,Robert Hunt,OL,ACT,1996-08-25,3,00-0036325,,,,,
2023,19,MIA,Chase Claypool,WR,ACT,1998-07-07,3,00-0036326,4046692,32719,ClayCh01,42312,6886
2023,18,JAX,Ezra Cleveland,OL,ACT,1998-05-08,3,00-0036327,,,,,
2023,18,WAS,Antonio Gibson,RB,ACT,1998-06-23,3,00-0036328,4360294,32736,GibsAn00,78050,6945
2023,18,NYJ,Ashtyn Davis,DB,ACT,1996-10-10,3,00-0036329,3858271,32738,DaviAs00,49560,6855
2023,18,NO,Cameron Dantzler,DB,CUT,1998-09-03,3,00-0036330,4035385,32759,DantCa00,42472,6871
2023,21,BAL,Devin Duvernay,WR,ACT,1997-09-12,3,00-0036331,4039050,32762,DuveDe00,40006,6847
2023,20,GB,Josiah Deguara,TE,ACT,1997-02-14,3,00-0036332,3914151,32764,DeguJo00,47034,7050
2023,19,PIT,Alex Highsmith,LB,ACT,1997-08-07,3,00-0036333,4037333,32772,HighAl02,43507,7113
2023,18,WAS,Saahdiq Charles,OL,ACT,1999-07-26,3,00-0036334,,,,,
2023,18,MIN,D.J. Wonnum,LB,RES,1997-10-31,3,00-0036335,4038849,32787,WonnDJ00,44550,6868
2023,19,PIT,Anthony McFarland,RB,DEV,1999-03-04,3,00-0036336,4241941,32794,McFaAn00,57289,6878
2023,18,MIN,James Lynch,DL,RES,1999-01-20,3,00-0036337,4259181,32800,LyncJa00,56962,6858
2023,18,MIN,Troy Dye,LB,RES,1996-09-18,3,00-0036338,4038946,32802,DyexTr00,28251,6941
2023,19,LA,Kevin Dotson,OL,ACT,1996-09-18,3,00-0036339,,,,,
2023,18,CHI,Khalid Kareem,DL,DEV,1998-04-28,3,00-0036341,4039029,32817,KareKh00,42993,6864
2023,18,ARI,Keith Ismael,OL,ACT,1998-07-25,3,00-0036342,,,,,
2023,18,WAS,Khaleke Hudson,LB,ACT,1997-12-06,3,00-0036343,4046525,32832,HudsKh00,49073,6937
2023,18,MIN,K.J. Osborn,WR,ACT,1997-06-10,3,00-0036345,3916566,32846,OsboKJ00,23503,7066
2023,18,MIN,Blake Brandel,OL,ACT,1997-01-23,3,00-0036347,,,,,
2023,18,MIN,Josh Metellus,DB,ACT,1998-01-21,3,00-0036348,4046537,32875,MeteJo00,43395,6901
2023,18,WAS,Kamren Curl,DB,INA,1999-03-03,3,00-0036349,4242154,32886,CurlKa00,55800,7136
2023,18,WAS,James Smith-Williams,DL,ACT,1997-07-30,3,00-0036351,3686690,32899,SmitJa08,48455,7024
2023,18,ATL,Carlos Davis,DL,DEV,1996-08-22,3,00-0036352,3699462,32902,DaviCa03,48662,6995
2023,18,ATL,Kyle Hinton,OL,ACT,1998-02-27,3,00-0036354,,,,,
2023,18,LAC,Justin Herbert,QB,RES,1998-03-10,3,00-0036355,4038941,32676,HerbJu00,28237,6797
2023,18,NYG,Isaiah Simmons,LB,ACT,1998-07-26,3,00-0036356,4035462,32678,SimmIs00,42451,6781
2023,19,DAL,CeeDee Lamb,WR,ACT,1999-04-08,3,00-0036358,4241389,32687,LambCe00,61570,6786
2023,22,KC,Clyde Edwards-Helaire,RB,ACT,1999-04-11,3,00-0036360,4242214,32702,EdwaCl00,57279,6820
2023,19,DAL,Trevon Diggs,DB,RES,1998-09-20,3,00-0036361,4040966,32721,DiggTr00,41817,6809
2023,22,KC,Willie Gay Jr.,LB,ACT,1998-02-15,3,00-0036362,4259804,32733,GayJWi00,57987,7023
2023,20,HOU,Josh Jones,OL,ACT,1997-06-22,3,00-0036363,,,,,
2023,18,NO,Lynn Bowden,WR,ACT,1997-10-14,3,00-0036364,4259979,32750,BowdLy00,61361,6909
2023,19,DAL,Neville Gallimore,DL,ACT,1997-01-17,3,00-0036366,3892883,32752,GallNe00,28094,6825
2023,22,KC,Lucas Niang,OL,ACT,1998-08-19,3,00-0036367,,,,,
2023,18,LAC,Tanner Muse,LB,RES,1996-09-06,3,00-0036368,3728263,32770,MuseTa00,35997,6990
2023,21,BAL,John Simpson,OL,ACT,1997-08-19,3,00-0036369,,,,,
2023,18,LAC,Joshua Kelley,RB,ACT,1997-11-20,3,00-0036370,3910544,32782,KellJo01,13750,7045
2023,18,ARI,Leki Fotu,DL,ACT,1998-08-23,3,00-0036371,4035666,32784,FotuLe00,44614,6948
2023,20,HOU,Rashard Lawrence,DL,DEV,1998-08-27,3,00-0036373,4035452,32801,LawrRa01,44515,7004
2023,22,KC,L'Jarius Sneed,DB,ACT,1997-01-21,3,00-0036374,4040432,32808,SneeLJ00,40588,7117
2023,18,LV,Amik Robertson,DB,ACT,1998-07-06,3,00-0036375,4239694,32809,RobeAm00,55619,6896
2023,19,DAL,Tyler Biadasz,OL,ACT,1997-11-20,3,00-0036376,,,,,
2023,18,CHI,Joe Reed,WR,RES,1998-01-04,3,00-0036377,4037591,32821,ReedJo03,40221,6913
2023,22,KC,Michael Danna,DL,ACT,1997-12-01,3,00-0036378,3915487,32847,DannMi00,48415,6958
2023,18,NYJ,Bradlee Anae,DL,RES,1998-01-17,3,00-0036379,4035660,32849,AnaeBr00,43982,6827
2023,18,LAC,Alohi Gilman,DB,ACT,1997-09-17,3,00-0036380,4039413,32856,GilmAl00,41662,7069
2023,18,NO,Eno Benjamin,RB,RES,1999-04-13,3,00-0036383,4242873,32892,BenjEn00,57136,6951
2023,18,DEN,Ben DiNucci,QB,DEV,1996-11-24,3,00-0036384,3895785,32901,DiNuBe00,34311,7143
2023,3,CLE,Thakarius Keyes,DB,CUT,1997-11-09,3,00-0036385,4040652,32907,KeyeTh00,43467,7147
2023,18,NYG,Andrew Thomas,OL,ACT,1999-01-22,3,00-0036386,,,,,
2023,18,NE,Jalen Reagor,WR,ACT,1999-01-02,3,00-0036387,4241802,32691,ReagJa00,61697,6798
2023,18,NYG,Xavier McKinney,DB,ACT,1999-08-09,3,00-0036388,4241470,32706,McKiXa00,55775,6788
2023,19,PHI,Jalen Hurts,QB,ACT,1998-08-07,3,00-0036389,4040715,32723,HurtJa00,40291,6904
2023,19,LA,Michael Ojemudia,DB,DEV,1997-09-12,3,00-0036390,3894830,32747,OjemMi00,50327,6983
2023,18,DEN,Lloyd Cushenberry,OL,ACT,1997-11-22,3,00-0036391,,,,,
2023,18,NYG,Matt Peart,OL,ACT,1997-06-11,3,00-0036392,,,,,
2023,18,ARI,Davion Taylor,LB,DEV,1998-08-05,3,00-0036393,4360645,32773,TaylDa01,81991,6912
2023,18,NYG,Darnay Holmes,DB,ACT,1998-06-23,3,00-0036394,4242973,32780,HolmDa01,56247,6882
2023,18,TEN,K'Von Wallace,DB,ACT,1997-07-25,3,00-0036395,4035463,32797,WallKV00,42467,6947
2023,19,PHI,Jack Driscoll,OL,ACT,1997-04-01,3,00-0036396,,,,,
2023,18,NYG,Shane Lemieux,OL,RES,1997-05-12,3,00-0036397,,,,,
2023,1,LAC,John Hightower,WR,CUT,1996-05-31,3,00-0036398,4373673,32838,HighJo00,84142,7086
2023,18,LV,Netane Muti,OL,DEV,1999-03-27,3,00-0036399,,,,,
2023,18,NYG,Cam Brown,LB,ACT,1998-04-01,3,00-0036400,4045165,32852,BrowCa01,42516,7020
2023,19,PHI,Shaun Bradley,LB,RES,1997-04-08,3,00-0036401,4038902,32866,BradSh00,42632,7127
2023,18,NYG,Carter Coughlin,LB,ACT,1997-07-20,3,00-0036402,4034766,32888,CougCa00,43498,7011
2023,18,WAS,Casey Toohill,DL,INA,1996-08-21,3,00-0036403,3931408,32903,ToohCa00,38472,7030
2023,20,TB,Tristan Wirfs,OL,ACT,1999-01-24,3,00-0036406,,,,,
2023,18,DEN,Jerry Jeudy,WR,ACT,1999-04-24,3,00-0036407,4241463,32685,JeudJe00,61103,6783
2023,18,NO,Cesar Ruiz,OL,ACT,1999-06-14,3,00-0036408,,,,,
2023,18,SEA,Jordyn Brooks,LB,ACT,1997-10-21,3,00-0036409,4043130,32697,BrooJo01,50851,6949
2023,18,CIN,Tee Higgins,WR,INA,1999-01-18,3,00-0036410,4239993,32703,HiggTe00,61211,6801
2023,20,TB,Antoine Winfield Jr.,DB,ACT,1998-08-16,3,00-0036411,4034790,32715,WinfAn00,42475,6888
2023,20,BUF,K.J. Hamler,WR,RES,1999-07-08,3,00-0036412,4240380,32716,HamlKJ00,61590,6805
2023,18,SEA,Darrell Taylor,LB,ACT,1997-03-24,3,00-0036413,3915396,32718,TaylDa00,36001,6910
2023,18,MIN,Cam Akers,RB,RES,1999-06-22,3,00-0036414,4240021,32722,AkerCa00,57206,6938
2023,18,ATL,Van Jefferson,WR,ACT,1996-07-26,3,00-0036415,3930066,32727,JeffVa00,47447,6853
2023,18,TEN,Kristian Fulton,DB,RES,1998-09-03,3,00-0036416,4035433,32731,FultKr00,42894,6829
2023,18,SEA,Damien Lewis,OL,ACT,1997-03-21,3,00-0036417,,,,,
2023,18,NO,Zack Baun,LB,ACT,1996-12-30,3,00-0036418,3917657,32744,BaunZa00,34632,6815
2023,4,NO,Terrell Lewis,LB,DEV,1998-08-25,3,00-0036419,4040968,32754,LewiTe00,42845,6837
2023,20,HOU,McTelvin Agim,DL,DEV,1997-09-25,3,00-0036420,4035566,32765,AgimMc00,43069,7111
2023,18,WAS,Terrell Burgess,DB,ACT,1998-11-12,3,00-0036421,4035663,32774,BurgTe00,45255,7036
2023,18,DEN,Adam Trautman,TE,ACT,1997-02-05,3,00-0036422,3911853,32775,TrauAd00,109795,6869
2023,19,PHI,Albert Okwuegbunam,TE,RES,1998-04-25,3,00-0036423,4035115,32788,OkwuAl00,41933,6843
2023,19,LA,Brycen Hopkins,TE,ACT,1997-03-27,3,00-0036424,3918003,32806,HopkBr01,47338,6926
2023,18,SEA,DeeJay Dallas,RB,ACT,1998-09-16,3,00-0036425,4240631,32814,DallDe00,55632,6931
2023,19,LA,Tyler Johnson,WR,INA,1998-08-25,3,00-0036427,2310331,32831,JohnTy00,48054,6960
2023,18,DEN,Justin Strnad,LB,ACT,1996-08-21,3,00-0036428,3919548,32848,StrnJu00,42659,6977
2023,22,SF,Charlie Woerner,TE,ACT,1997-10-16,3,00-0036429,4035020,32860,WoerCh00,42257,7075
2023,20,HOU,Khalil Davis,DL,ACT,1996-08-22,3,00-0036430,3699530,32864,DaviKh00,48988,7125
2023,19,LA,Jordan Fuller,DB,INA,1998-03-04,3,00-0036431,4040613,32869,FullJo01,45326,6968
2023,18,CIN,Clay Johnston,LB,DEV,1996-08-08,3,00-0036432,3928928,32904,JohnCl00,25685,7144
2023,19,PIT,Chapelle Russell,LB,RES,1997-01-20,3,00-0036434,3923413,32911,RussCh00,38876,7000
2023,19,LA,Tremayne Anchrum,OL,ACT,1998-06-24,3,00-0036437,,,,,
2023,18,CAR,Stephen Sullivan,TE,ACT,1996-11-28,3,00-0036438,4035426,32921,SullSt00,40411,6970
2023,18,IND,Tyrie Cleveland,WR,DEV,1997-09-20,3,00-0036439,4034964,32922,ClevTy00,42134,7032
2023,18,LAC,Kenneth Murray,LB,INA,1998-11-16,3,00-0036441,4241394,32693,MurrKe00,58099,6811
2023,18,CIN,Joe Burrow,QB,RES,1996-12-10,3,00-0036442,3915511,32671,BurrJo01,28022,6770
2023,1,PIT,Rex Sunahara,LS,CUT,,3,00-0036443,,,,,
2023,19,PHI,Matt Leo,DL,RET,,3,00-0036446,,,,,
2023,18,WAS,David Bada,DL,RES,1995-04-24,3,00-0036447,4686421,33185,,117753,7410
2023,22,SF,Isaac Alarcon,OL,RES,1998-07-27,3,00-0036448,,,,,
2023,18,NE,Ke'Shawn Vaughn,RB,DEV,1997-05-04,3,00-0036450,3917612,32746,VaugKe00,45866,6885
2023,1,TB,Dominique Dafney,TE,RES,1997-06-03,3,00-0036456,4036129,33367,DafnDo00,62825,7502
2023,1,ARI,Ty'Son Williams,RB,CUT,,3,00-0036457,3895827,33006,WillTy01,38287,7098
2023,11,GB,Innis Gaines,DB,CUT,1998-08-29,3,00-0036462,,,,44443,7520
2023,18,ATL,Chris Blair,WR,DEV,1997-10-06,3,00-0036463,,33376,,,7521
2023,1,DEN,Aaron Patrick,LB,CUT,,3,00-0036465,3908943,33373,PatrAa00,48558,7519
2023,15,HOU,Matt Ammendola,K,CUT,1996-12-11,2,00-0036469,3919602,33381,,,7617
2023,13,NE,Mathew Sexton,WR,CUT,1997-10-17,2,00-0036471,,,,,
2023,18,JAX,Sammis Reyes,TE,RET,,2,00-0036474,,33386,ReyeSa00,143769,7622
2023,18,IND,Kwity Paye,DL,ACT,1998-11-19,2,00-0036479,4258194,33409,PayeKw00,56713,7633
2023,18,IND,Dayo Odeyingbo,DL,ACT,1999-09-24,2,00-0036480,4242659,33442,OdeyDa00,,7649
2023,18,CAR,Mike Strachan,WR,INA,1997-08-13,2,00-0036482,4589245,33620,StraMi03,143358,7944
2023,18,IND,Will Fries,OL,ACT,1998-04-04,2,00-0036483,,,,,
2023,20,BAL,Tarik Black,WR,DEV,1998-02-10,2,00-0036491,,33797,BlacTa00,61442,8005
2023,18,NYG,Deon Jackson,RB,DEV,1999-02-18,2,00-0036493,4240455,33798,JackDe02,57189,7551
2023,18,JAX,Tim Jones,WR,ACT,1998-05-15,2,00-0036497,4245131,33649,,,8013
2023,18,NYJ,Jamien Sherwood,LB,ACT,2000-01-12,2,00-0036500,4361331,33534,SherJa00,83175,7841
2023,18,NYJ,Michael Carter,DB,ACT,1999-03-08,2,00-0036501,4240657,33495,CartMi02,60644,7835
2023,18,NYG,Jason Pinnock,DB,RES,1999-06-30,2,00-0036502,4240706,33563,PinnJa01,56144,7816
2023,8,NYJ,Hamsah Nasirildeen,LB,CUT,1999-01-17,2,00-0036503,4240030,33574,NasiHa00,55898,7806
2023,18,NYJ,Brandin Echols,DB,ACT,1997-10-16,2,00-0036504,4567979,33588,EchoBr00,98900,7796
2023,19,PIT,Jonathan Marshall,DL,DEV,1997-09-16,2,00-0036505,4035590,33595,MarsJo00,44173,7791
2023,18,CHI,Michael Dwumfour,DL,DEV,1998-01-01,2,00-0036507,,33695,DwumMi00,27376,7876
2023,18,NYJ,Kenny Yeboah,TE,ACT,1998-10-30,2,00-0036510,,33705,YeboKe00,42196,7597
2023,18,ATL,Milo Eifler,LB,DEV,1998-02-13,2,00-0036511,,33696,EiflMi00,43421,7878
2023,1,NYJ,Grant Hermanns,OL,CUT,,2,00-0036513,,,,,
2023,18,SEA,Hamilcar Rashed,DL,DEV,1998-01-02,2,00-0036517,,33702,RashHa00,,7877
2023,22,KC,Matt Bushman,TE,DEV,1995-11-03,2,00-0036519,,33804,BushMa00,52008,7992
2023,18,LV,D.J. Turner,WR,ACT,1997-01-18,2,00-0036527,,33813,,47663,7989
2023,21,DET,Shane Zylstra,TE,RES,1996-11-16,2,00-0036534,4608362,33803,ZylsSh00,,8041
2023,18,DEN,William Sherman,OL,DEV,1999-05-27,2,00-0036535,,,,,
2023,18,NE,Tre Nixon,WR,RES,1998-01-26,2,00-0036536,4047648,33630,NixoTr01,40445,7546
2023,1,MIA,Josiah Bronson,DL,CUT,,2,00-0036537,3923400,33687,BronJo01,36668,8037
2023,5,ARI,Nolan Cooney,P,CUT,1996-09-18,2,00-0036539,4047860,,,,7909
2023,18,CAR,Spencer Brown,RB,DEV,1998-11-13,2,00-0036543,4239768,33724,BrowSp01,57441,7867
2023,1,MIA,Trill Williams,DB,CUT,,2,00-0036546,,33684,WillTr07,76643,7912
2023,1,ARI,Stevie Scott,RB,CUT,,2,00-0036548,,33692,,,7904
2023,21,BAL,Rashod Bateman,WR,ACT,1999-11-29,2,00-0036550,4360939,33415,BateRa00,,7571
2023,22,SF,Aaron Banks,OL,ACT,1997-09-03,2,00-0036551,,,,,
2023,18,NYG,Azeez Ojulari,DL,ACT,2000-06-16,2,00-0036552,4379409,33438,OjulAz00,81959,7653
2023,18,NYG,Carlos Basham,LB,ACT,1997-12-16,2,00-0036553,4037239,33449,BashCa00,44320,7646
2023,20,HOU,Nico Collins,WR,ACT,1999-03-19,2,00-0036554,4258173,33477,CollNi00,61441,7569
2023,18,CAR,Chuba Hubbard,RB,ACT,1999-06-11,2,00-0036555,4241416,33514,HubbCh01,57373,7594
2023,20,HOU,Brevin Jordan,TE,ACT,2000-07-16,2,00-0036556,4362504,33535,JordBr00,77887,7568
2023,22,SF,Jaylon Moore,OL,ACT,1998-01-09,2,00-0036557,,,,,
2023,18,NE,Shaun Wade,DB,ACT,1998-09-16,2,00-0036559,4241995,33548,WadeSh00,55673,7830
2023,20,BUF,Tommy Doyle,OL,RES,1998-05-06,2,00-0036560,,,,,
2023,22,KC,Keith Taylor,DB,DEV,1999-05-03,2,00-0036561,4243332,33554,TaylKe03,56289,7824
2023,22,SF,Deommodore Lenoir,DB,ACT,1999-10-06,2,00-0036563,4242488,33560,LenoDe00,55686,7819
2023,22,SF,Talanoa Hufanga,DB,RES,2000-02-01,2,00-0036564,4360853,33568,HufaTa00,83903,7811
2023,21,BAL,Ben Mason,TE,DEV,1999-05-25,2,00-0036565,,33572,MasoBe00,57070,7808
2023,18,CAR,Deonte Brown,OL,ACT,1998-01-15,2,00-0036566,,,,,
2023,22,SF,Elijah Mitchell,RB,ACT,1998-05-02,2,00-0036567,4241555,33582,MitcEl00,57272,7561
2023,18,ARI,Roy Lopez,DL,ACT,1997-08-07,2,00-0036568,4040805,33583,LopeRo00,48676,7799
2023,18,NYG,Gary Brightwell,RB,RES,1998-02-28,2,00-0036569,4245645,33584,BrigGa00,57133,7529
2023,1,TB,Rodarius Williams,DB,CUT,,2,00-0036570,4038430,33589,WillRo07,44160,7795
2023,1,CAR,Marquez Stevenson,WR,PUP,,2,00-0036571,4039307,33591,StevMa00,41838,7556
2023,22,KC,Shi Smith,WR,RES,1998-10-26,2,00-0036572,4259499,33592,SmitSh03,61643,7603
2023,1,WAS,Rachad Wildgoose,DB,CUT,,2,00-0036573,4372560,33601,WildRa00,83111,7786
2023,1,CAR,Larnel Coleman,OL,CUT,,2,00-0036575,,,,,
2023,18,ARI,Phil Hoskins,DL,ACT,1997-01-02,2,00-0036576,4259989,33619,HoskPh00,56672,7772
2023,18,IND,Jack Anderson,OL,INA,1998-10-11,2,00-0036577,,,,,
2023,13,HOU,Gerrid Doaks,RB,CUT,1998-06-09,2,00-0036578,,33632,DoakGe00,40903,7539
2023,9,CLE,Nate McCrary,RB,CUT,1999-04-09,2,00-0036582,4820592,33793,McCrNa00,,8058
2023,18,LAC,Foster Sarell,OL,ACT,1998-08-28,2,00-0036584,,,,,
2023,1,CHI,Barrington Wade,LB,CUT,,2,00-0036586,,33816,WadeBa00,,8059
2023,21,BAL,Ar'Darius Washington,DB,ACT,1999-11-02,2,00-0036587,,33788,WashAr00,77848,7970
2023,18,NYG,Nick McCloud,DB,ACT,1998-07-09,2,00-0036589,4036169,33818,McClNi00,49535,7974
2023,20,BUF,Quintin Morris,TE,ACT,1999-01-21,2,00-0036590,4244049,33819,,61182,7536
2023,19,MIA,Robert Jones,OL,ACT,1999-01-28,2,00-0036596,,,,,
2023,19,LA,Alaric Jackson,OL,ACT,1998-07-14,2,00-0036603,,,,,
2023,18,LV,Jordan Meredith,OL,ACT,1998-01-04,2,00-0036604,,,,,
2023,21,DET,Max Pircher,OL,DEV,1999-09-07,2,00-0036605,,,,,
2023,21,DET,Raymond Johnson III,DL,DEV,1997-12-02,2,00-0036611,,33654,JohnRa02,56356,7930
2023,19,MIA,Jaylen Waddle,WR,ACT,1998-11-25,2,00-0036613,4372016,33394,WaddJa00,84088,7526
2023,18,WAS,Jamin Davis,LB,RES,1998-12-12,2,00-0036614,4240778,33407,DaviJa11,57905,7634
2023,18,TEN,Caleb Farley,DB,RES,1998-11-02,2,00-0036615,4240859,33410,FarlCa00,61803,7632
2023,18,MIN,Christian Darrisaw,OL,ACT,1999-06-02,2,00-0036616,,,,,
2023,18,LAC,Asante Samuel,DB,ACT,1999-10-03,2,00-0036617,4363034,33435,SamuAs00,76625,7655
2023,18,WAS,Samuel Cosmi,OL,ACT,1999-02-16,2,00-0036618,,,,,
2023,18,TEN,Dillon Radunz,OL,ACT,1998-03-28,2,00-0036619,,,,,
2023,18,SEA,D'Wayne Eskridge,WR,RES,1997-03-23,2,00-0036620,4043016,33444,EskrDW00,29573,7612
2023,22,KC,Nick Bolton,LB,ACT,2000-03-10,2,00-0036621,4362759,33446,BoltNi00,81322,7648
2023,20,GB,Josh Myers,OL,ACT,1998-07-16,2,00-0036622,,,,,
2023,22,KC,Creed Humphrey,OL,ACT,1999-06-28,2,00-0036623,,,,,
2023,21,DET,Alim McNeill,DL,ACT,2000-05-11,2,00-0036624,4361662,33460,McNeAl00,76996,7679
2023,18,WAS,Benjamin St-Juste,DB,ACT,1997-09-08,2,00-0036625,4258206,33462,StJuBe00,56061,7671
2023,18,WAS,Dyami Brown,WR,ACT,1999-11-01,2,00-0036626,4361577,33470,BrowDy00,77986,7587
2023,19,PIT,Dez Fitzpatrick,WR,DEV,1997-12-17,2,00-0036627,4036026,33497,FitzDe00,42349,7729
2023,18,WAS,John Bates,TE,ACT,1997-11-06,2,00-0036628,4048228,33512,BateJo00,42275,7716
2023,18,MIN,Camryn Bynum,DB,ACT,1998-07-19,2,00-0036629,4035861,33513,BynuCa00,38408,7715
2023,21,BAL,Tylan Wallace,WR,INA,1999-05-13,2,00-0036630,4241424,33519,WallTy00,61577,7595
2023,20,GB,Royce Newman,OL,ACT,1997-08-17,2,00-0036631,,,,,
2023,1,KC,Joshua Kaindoh,DL,CUT,,2,00-0036632,4240026,33532,KainJo00,56353,7700
2023,18,DEN,Caden Sterns,DB,RES,1999-11-02,2,00-0036633,4362077,33540,SterCa00,76725,7837
2023,19,CLE,Tony Fields II,LB,ACT,1999-06-18,2,00-0036634,4245655,33541,FielTo00,,7836
2023,18,CAR,Ihmir Smith-Marsette,WR,ACT,1999-08-29,2,00-0036635,4240573,33545,SmitIh00,61324,7559
2023,18,LAC,Brenden Jaimes,OL,ACT,1999-05-28,2,00-0036636,,,,,
2023,22,KC,Noah Gray,TE,ACT,1999-04-30,2,00-0036637,4240472,33550,GrayNo00,60878,7828
2023,18,WAS,Darrick Forrest,DB,RES,1999-05-22,2,00-0036638,4239088,33551,ForrDa00,55087,7827
2023,20,BUF,Zach Davidson,TE,RES,1998-07-15,2,00-0036640,,33556,DaviZa00,143780,7943
2023,20,TB,Richard LeCounte,DB,DEV,1998-09-11,2,00-0036641,4240686,,LeCoRi00,55910,7822
2023,20,GB,Tedarrell Slaton,DL,ACT,1997-10-03,2,00-0036642,,33561,SlatTe00,56597,7818
2023,20,TB,K.J. Britt,LB,ACT,1999-06-04,2,00-0036643,4242521,33564,BritKJ00,57727,7815
2023,18,IND,Cameron McGrone,LB,ACT,2000-06-22,2,00-0036644,4372085,33565,McGrCa00,,7814
2023,18,NO,Shemar Jean-Charles,DB,ACT,1998-06-20,2,00-0036645,4036430,33566,JeanSh00,42496,7813
2023,18,LAC,Simi Fehoko,WR,DEV,1997-11-05,2,00-0036646,4360739,33567,FehoSi00,84424,7812
2023,22,KC,Cornell Powell,WR,DEV,1997-10-30,2,00-0036647,,33569,PoweCo00,40689,7541
2023,18,LAC,Nick Niemann,LB,ACT,1997-12-02,2,00-0036648,4036141,33573,NiemNi00,43500,7807
2023,18,TEN,Quinton Bohanna,DL,ACT,1999-03-16,2,00-0036649,4259978,33580,BohaQu00,56673,7801
2023,2,HOU,Larry Rountree,RB,CUT,1999-02-13,2,00-0036650,4241205,33586,RounLa00,57308,7574
2023,1,MIA,Jaylen Twyman,DL,CUT,,2,00-0036651,4240716,33587,TwymJa00,,7797
2023,19,DAL,Racey McMath,WR,DEV,1999-06-14,2,00-0036652,4242231,33593,McMaRa00,61401,7793
2023,18,SEA,Stone Forsythe,OL,ACT,1997-12-29,2,00-0036653,,,,,
2023,18,CIN,Demetric Felton,RB,DEV,1998-07-16,2,00-0036654,4035826,33599,FeltDe00,40568,7609
2023,18,JAX,Cole Van Lanen,OL,INA,1998-04-23,2,00-0036655,,,,,
2023,20,HOU,Brady Breeze,DB,DEV,1997-10-09,2,00-0036656,4038944,33603,BreeBr00,43073,7784
2023,18,JAX,Seth Williams,WR,DEV,2000-04-10,2,00-0036657,4371974,33607,WillSe00,84137,7534
2023,20,GB,Isaiah McDuffie,LB,ACT,1999-07-21,2,00-0036658,4239947,33608,McDuIs00,57754,7782
2023,16,WAS,Camaron Cheeseman,LS,CUT,1998-04-26,2,00-0036659,,,,,
2023,22,KC,Trey Smith,OL,ACT,1999-06-16,2,00-0036660,,,,,
2023,19,DAL,Israel Mukuamu,DB,ACT,1999-11-28,2,00-0036661,4362855,33615,MukuIs00,83377,7776
2023,21,DET,Matt Farniok,OL,DEV,1997-09-26,2,00-0036663,,,,,
2023,18,NE,William Bradley-King,DL,DEV,1997-12-22,2,00-0036664,,,BradWi00,44184,7764
2023,11,LAC,Mark Webb,DB,CUT,1998-09-10,2,00-0036665,4259570,,WebbMa01,61274,7763
2023,18,WAS,Shaka Toney,DL,RES,1998-01-07,2,00-0036666,4045169,33634,ToneSh00,42806,7760
2023,18,LAC,Chris Wilcox,DB,DEV,1997-10-30,2,00-0036667,,,WilcCh00,43308,7755
2023,18,NYJ,Marquiss Spencer,DL,DEV,1997-07-16,2,00-0036668,,33639,SpenMa00,50306,7754
2023,21,DET,Jermar Jefferson,RB,DEV,2000-04-15,2,00-0036670,4374033,33644,JeffJe00,83740,7599
2023,18,WAS,Dax Milne,WR,RES,1999-06-23,2,00-0036671,4373642,33645,MilnDa00,84147,7751
2023,18,IND,Grant Stuard,LB,ACT,1998-10-15,2,00-0036672,4240255,33646,StuaGr00,55933,7750
2023,18,JAX,Josh Pederson,TE,DEV,1997-09-22,2,00-0036674,,,,,
2023,19,CLE,Austin Watkins Jr.,WR,DEV,1998-02-16,2,00-0036676,,33830,,84457,7579
2023,20,GB,Zayne Anderson,DB,ACT,1997-01-03,2,00-0036677,,33877,AndeZa02,34622,8000
2023,18,CAR,Dicaprio Bootle,DB,RES,1997-09-17,2,00-0036678,,33878,,42913,8003
2023,20,BUF,Shane Buechele,QB,DEV,1998-01-08,2,00-0036679,,33879,,12659,8002
2023,22,KC,Malik Herring,DL,ACT,1997-11-09,2,00-0036682,4259547,,,,8001
2023,18,DEN,Devon Key,DB,ACT,1997-10-28,2,00-0036683,4037559,,,56307,8004
2023,7,GB,Kiondre Thomas,DB,CUT,1998-02-07,2,00-0036688,,,ThomKi00,,8031
2023,1,PHI,Marvin Wilson,DL,CUT,,2,00-0036689,,33750,WilsMa05,56977,8029
2023,19,LA,Miller Forristall,TE,DEV,1998-03-11,2,00-0036692,4040714,33836,ForrMi00,47378,7854
2023,18,ARI,Naquan Jones,DL,ACT,1998-02-05,2,00-0036695,4046716,33833,JoneNa01,44363,7853
2023,18,JAX,Caleb Johnson,LB,ACT,1998-07-28,2,00-0036704,4051069,33907,JohnCa04,12488,7846
2023,19,CLE,Sam Kamara,LB,ACT,1997-12-21,2,00-0036705,4033855,33908,,24176,7844
2023,1,NE,C.J. Marable,RB,CUT,,2,00-0036706,,,,,
2023,18,LV,Charles Snowden,LB,DEV,1998-03-27,2,00-0036711,,33914,,62775,7849
2023,18,LAC,Amen Ogbongbemiga,LB,ACT,1998-09-04,2,00-0036716,4038432,33680,OgboAm00,42449,7936
2023,18,WAS,Nolan Laufenberg,OL,DEV,1999-03-25,2,00-0036722,,,,,
2023,3,CAR,Mac McCain,DB,CUT,1998-02-06,2,00-0036724,,,McCaMa02,79072,7895
2023,18,NO,Adam Prentice,RB,ACT,1997-01-16,2,00-0036727,3929914,33901,,35639,8025
2023,22,SF,Curtis Robinson,LB,DEV,1998-06-02,2,00-0036728,,33902,RobiCu00,,8020
2023,1,CIN,Drue Chrisman,P,CUT,,2,00-0036729,4040607,,,,7984
2023,21,DET,Kayode Awosika,OL,ACT,1998-10-27,2,00-0036736,,,,,
2023,19,PHI,Jack Stoll,TE,ACT,1998-01-28,2,00-0036741,4034862,33891,StolJa00,42058,7946
2023,21,DET,Jerry Jacobs,DB,RES,1997-09-26,2,00-0036748,4373578,33768,JacoJe00,83025,7889
2023,18,NO,Tommy Kraemer,OL,ACT,1998-04-16,2,00-0036749,,,,,
2023,18,CAR,A.J. Parker,DB,DEV,1998-02-15,2,00-0036752,4046592,33772,ParkAJ00,55983,7892
2023,21,DET,Brock Wright,TE,RES,1998-11-27,2,00-0036754,4242392,33774,WrigBr01,60994,7891
2023,18,WAS,Jaret Patterson,RB,DEV,1999-12-23,2,00-0036755,4362452,33706,PattJa01,77745,7537
2023,20,GB,Tyler Coyle,DB,DEV,1998-11-15,2,00-0036764,,,CoylTy00,42631,7942
2023,1,IND,Nick Eubanks,TE,CUT,,2,00-0036766,,33714,,,7859
2023,18,SEA,Austin Faoliu,DL,ACT,1999-01-09,2,00-0036767,,33719,FaolAu00,56800,7866
2023,1,ARI,Braylon Jones,OL,CUT,,2,00-0036770,,,,,
2023,1,ARI,Brandon Smith,WR,CUT,,2,00-0036775,,,,,
2023,18,LAC,Hunter Kampmoyer,TE,DEV,1998-02-06,2,00-0036779,,,,,
2023,2,DEN,Forrest Merrill,DL,CUT,1996-08-15,2,00-0036780,,33679,MerrFo00,,7931
2023,19,PIT,Ryan McCollum,OL,DEV,1998-03-04,2,00-0036783,,,,,
2023,18,MIN,Coy Cronk,OL,DEV,1998-01-18,2,00-0036785,,,,,
2023,18,NO,Jack Heflin,DL,DEV,1998-03-08,2,00-0036788,,33755,HeflJa00,44570,7880
2023,1,LAC,Carlo Kemp,DL,CUT,,2,00-0036789,,,,,
2023,1,MIA,Bryce Thompson,DB,CUT,,2,00-0036792,,,,,7907
2023,18,SEA,Jake Curhan,OL,ACT,1998-02-09,2,00-0036795,,,,,
2023,8,SEA,Greg Eiland,OL,DEV,1998-02-01,2,00-0036796,,,,,
2023,18,SEA,Jon Rhattigan,LB,ACT,1999-02-02,2,00-0036802,,33862,RhatJo00,57718,7957
2023,2,CLE,Lorenzo Burns,DB,CUT,1997-10-10,2,00-0036807,,,,,
2023,18,SEA,Cade Johnson,WR,DEV,1998-04-10,2,00-0036810,4031033,33858,,42109,7956
2023,18,NE,Christian Elliss,LB,ACT,1999-01-02,2,00-0036813,,33778,ElliCh00,,7921
2023,19,CLE,Riley Patterson,K,ACT,1999-09-07,2,00-0036816,4243371,33781,,,7922
2023,1,MIN,Blake Proehl,WR,CUT,,2,00-0036818,,33783,,,7552
2023,18,ATL,Feleipe Franks,TE,RES,1997-12-22,2,00-0036825,,33729,,40217,7531
2023,1,CAR,Kobe Jones,LB,CUT,,2,00-0036831,,,,,
2023,18,ATL,Ryan Neuzil,OL,ACT,1997-07-31,2,00-0036833,,,,,
2023,19,MIA,Kion Smith,OL,INA,1998-10-07,2,00-0036839,,,,,
2023,19,LA,Austin Trammell,WR,ACT,1998-07-04,2,00-0036841,,33745,TramAu00,52195,7746
2023,18,MIN,Kene Nwangwu,RB,ACT,1998-02-09,2,00-0036842,4035537,33507,NwanKe00,,7720
2023,19,PIT,Isaiahh Loudermilk,DL,ACT,1997-10-10,2,00-0036843,4035798,33544,LoudIs00,44416,7833
2023,18,TEN,Garret Wallow,LB,ACT,1999-01-25,2,00-0036844,4241807,33558,WallGa00,60761,7821
2023,18,MIN,Quincy Roche,LB,DEV,1998-02-10,2,00-0036845,4044145,33604,RochQu00,43734,7783
2023,17,BUF,Tre Norwood,DB,TRC,1999-04-19,2,00-0036846,4241396,33633,NorwTr00,55675,7761
2023,19,PIT,Pressley Harvin,P,ACT,1998-09-17,2,00-0036847,4240485,,HarvPr00,,7753
2023,19,LA,Tutu Atwell,WR,ACT,1999-10-07,2,00-0036849,4360797,33445,AtweTu00,77965,7562
2023,18,CIN,Cam Sample,DL,ACT,1999-09-20,2,00-0036850,4243923,33499,SampCa00,56462,7727
2023,1,TEN,Tyler Shelvin,DL,CUT,,2,00-0036851,4242228,33510,ShelTy00,58438,7718
2023,18,CIN,D'Ante Smith,OL,INA,1998-06-08,2,00-0036852,,,,,
2023,18,KC,Tyree Gillespie,DB,CUT,1997-09-05,2,00-0036853,4241195,33531,GillTy00,60692,7701
2023,18,CIN,Evan McPherson,K,ACT,1999-07-21,2,00-0036854,4360234,33537,McPhEv00,,7839
2023,19,LA,Earnest Brown IV,DL,DEV,1999-01-08,2,00-0036855,4242292,33562,BrowEa00,56428,7817
2023,18,CIN,Trey Hill,OL,INA,2000-01-23,2,00-0036856,,,,,
2023,18,CIN,Chris Evans,RB,INA,1997-10-05,2,00-0036857,4046530,33590,EvanCh02,27303,7794
2023,18,CAR,Jalen Camp,WR,DEV,1998-07-10,2,00-0036858,,33597,CampJa03,,7789
2023,20,HOU,Jimmy Morrissey,OL,DEV,1998-06-09,2,00-0036859,,,,,
2023,21,DET,Jake Funk,RB,DEV,1998-01-11,2,00-0036860,4036224,33621,FunkJa00,45835,7771
2023,19,LA,Ben Skowronek,WR,ACT,1997-06-27,2,00-0036862,4035656,33637,SkowBe00,27948,7757
2023,18,CIN,Jackson Carman,OL,ACT,2000-01-22,2,00-0036865,,,,,
2023,19,CLE,James Hudson,OL,ACT,1999-05-13,2,00-0036866,,,,,
2023,18,LAC,Chris Rumph,DL,RES,1998-10-19,2,00-0036867,4240475,33506,RumpCh00,56345,7721
2023,22,KC,Jordan Smith,LB,RES,,2,00-0036868,4034957,33509,SmitJo03,43427,7719
2023,19,PIT,Dan Moore,OL,ACT,1998-09-28,2,00-0036869,,,,,
2023,19,DAL,Buddy Johnson,LB,ACT,1999-02-27,2,00-0036870,4240900,33528,JohnBu01,58189,7704
2023,18,LV,Nate Hobbs,DB,ACT,1999-06-24,2,00-0036871,4240542,33555,HobbNa00,55948,7823
2023,18,NE,Joshuah Bledsoe,DB,INA,1998-12-30,2,00-0036872,4241199,33576,BledJo00,,7805
2023,18,DEN,Patrick Surtain,DB,ACT,2000-04-14,2,00-0036874,4372012,33397,SurtPa01,83119,7641
2023,18,NE,Rhamondre Stevenson,RB,RES,1998-02-23,2,00-0036875,4569173,33508,StevRh00,98689,7611
2023,18,IND,Kylen Granson,TE,ACT,1998-03-27,2,00-0036876,4039160,33515,GranKy00,40630,7602
2023,19,CLE,Jaelon Darden,WR,DEV,1999-01-14,2,00-0036877,4243830,33517,DardJa00,61522,7713
2023,18,LV,Janarius Robinson,DL,ACT,1998-05-04,2,00-0036878,4035604,33522,RobiJa04,42447,7710
2023,18,IND,Sam Ehlinger,QB,ACT,1998-09-30,2,00-0036879,,33606,EhliSa00,60555,7583
2023,21,DET,Penei Sewell,OL,ACT,2000-10-09,2,00-0036880,,,,,
2023,18,CIN,Jay Tufele,DL,ACT,1999-07-25,2,00-0036881,4259647,33494,TufeJa00,56913,7731
2023,18,WAS,Jabril Cox,LB,ACT,1998-04-16,2,00-0036882,4040940,33503,CoxxJa00,30669,7724
2023,18,ATL,Tommy Togiai,DL,INA,1999-09-19,2,00-0036883,4361366,33520,TogiTo00,82501,7711
2023,18,NE,Marco Wilson,DB,ACT,1999-03-03,2,00-0036884,4240595,33524,WilsMa04,55592,7708
2023,18,SEA,Tre Brown,DB,ACT,1997-09-24,2,00-0036885,4241373,33525,BrowTr03,55677,7707
2023,19,DAL,Josh Ball,OL,RES,1998-05-15,2,00-0036886,,,,,
2023,18,JAX,Luke Farrell,TE,ACT,1997-10-14,2,00-0036887,4040612,33533,FarrLu00,42353,7842
2023,20,BUF,Damar Hamlin,DB,ACT,1998-03-24,2,00-0036888,4036060,33600,HamlDa00,43291,7787
2023,1,ATL,Michal Menet,OL,CUT,,2,00-0036890,,,,,
2023,19,CLE,Alex Leatherwood,OL,DEV,1999-01-05,2,00-0036892,,,,,
2023,19,PIT,Najee Harris,RB,ACT,1998-03-09,2,00-0036893,4241457,33412,HarrNa00,57121,7528
2023,19,PIT,Pat Freiermuth,TE,ACT,1998-10-25,2,00-0036894,4361411,33443,FreiPa00,84085,7600
2023,18,LV,Elerson Smith,LB,DEV,1998-07-17,2,00-0036895,4030924,,SmitEl00,,7723
2023,18,ARI,Victor Dimukeje,LB,ACT,1999-11-18,2,00-0036896,4240464,33598,DimuVi00,56347,7788
2023,18,TEN,Tay Gowan,DB,DEV,1998-01-07,2,00-0036897,4568981,33611,GowaTa00,42465,7780
2023,20,HOU,Davis Mills,QB,ACT,1998-10-21,2,00-0036898,4242546,33455,MillDa02,52269,7585
2023,18,NYG,Aaron Robinson,DB,RES,1997-11-10,2,00-0036899,4040979,33459,RobiAa00,,7668
2023,18,CIN,Ja'Marr Chase,WR,ACT,2000-03-01,2,00-0036900,4362628,33393,ChasJa00,84270,7564
2023,20,GB,Eric Stokes,DB,RES,1999-03-01,2,00-0036901,4259561,33417,StokEr00,55912,7628
2023,18,CIN,Joseph Ossai,DL,ACT,2000-04-13,2,00-0036902,4362094,33457,OssaJo00,77205,7678
2023,19,LA,Bobby Brown III,DL,ACT,2000-08-07,2,00-0036903,4372518,33505,BrowBo04,82429,7722
2023,20,GB,Robert Rochell,DB,ACT,1998-04-26,2,00-0036904,4032200,33518,RochRo00,33693,7712
2023,18,CHI,Larry Borom,OL,ACT,1999-03-30,2,00-0036905,,,,,
2023,18,CHI,Khalil Herbert,RB,ACT,1998-04-21,2,00-0036906,4035886,33605,HerbKh00,41668,7608
2023,13,CLE,Thomas Graham,DB,CUT,1999-06-26,2,00-0036908,4242485,33616,GrahTh00,55685,7775
2023,18,MIN,Khyiris Tonga,DL,ACT,1996-07-07,2,00-0036909,4256074,33851,TongKh00,52000,7756
2023,6,ATL,C.J. Saunders,WR,CUT,1996-09-15,2,00-0036910,,33921,SaunCJ00,,8068
2023,19,PHI,DeVonta Smith,WR,ACT,1998-11-14,2,00-0036912,4241478,33398,SmitDe07,61100,7525
2023,22,KC,Kadarius Toney,WR,INA,1999-01-27,2,00-0036913,4240600,33408,ToneKa00,61245,7606
2023,20,BUF,Greg Rousseau,DL,ACT,2000-04-05,2,00-0036914,4362506,33418,RousGr00,76889,7627
2023,19,CLE,Jeremiah Owusu-Koramoah,LB,ACT,1999-11-04,2,00-0036915,4258599,33440,OwusJe00,58089,7651
2023,19,PHI,Milton Williams,DL,ACT,1999-04-06,2,00-0036916,4239699,33461,WillMi08,56682,7696
2023,19,PHI,Zech McPhearson,DB,RES,1998-03-21,2,00-0036917,4045161,33511,McPhZe00,45464,7717
2023,18,JAX,Jacob Harris,WR,DEV,1997-04-16,2,00-0036918,3932144,33529,HarrJa03,34255,7703
2023,19,PHI,Kenneth Gainwell,RB,ACT,1999-03-14,2,00-0036919,4371733,33538,GainKe00,77737,7567
2023,19,PHI,Marlon Tuipulotu,DL,ACT,1999-05-31,2,00-0036920,4243218,33577,TuipMa00,57035,7804
2023,19,PHI,Tarron Jackson,DL,DEV,1998-06-22,2,00-0036921,4052031,33579,JackTa02,54410,7802
2023,19,PHI,Patrick Johnson,LB,ACT,1998-01-10,2,00-0036922,4243916,33622,JohnPa02,56460,7770
2023,18,ARI,Michael Carter,RB,ACT,1999-05-07,2,00-0036924,4240456,33495,CartMi03,57337,7607
2023,18,NO,Payton Turner,DL,ACT,1999-01-07,2,00-0036926,4240269,33416,TurnPa02,56624,7629
2023,18,NO,Pete Werner,LB,ACT,1999-06-05,2,00-0036927,4241993,33448,WernPe00,58093,7647
2023,20,TB,Kyle Trask,QB,ACT,1998-03-06,2,00-0036928,4034946,33452,TrasKy00,39987,7605
2023,22,KC,Ian Book,QB,RES,1998-03-30,2,00-0036929,,33521,BookIa00,40216,7589
2023,18,NO,Landon Young,OL,INA,1997-08-21,2,00-0036930,,,,,
2023,19,DAL,Micah Parsons,LB,ACT,1999-05-26,2,00-0036932,4361423,33400,ParsMi00,81360,7640
2023,18,ARI,Zaven Collins,LB,ACT,1999-05-19,2,00-0036933,4244606,33404,CollZa00,77190,7637
2023,19,MIA,Jaelan Phillips,LB,RES,1999-05-28,2,00-0036934,4242975,33406,PhilJa02,56902,7635
2023,22,KC,Kelvin Joseph,DB,RES,1999-11-11,2,00-0036935,4362629,33432,JoseKe02,83051,7658
2023,18,ARI,Rondale Moore,WR,ACT,2000-06-09,2,00-0036936,4372485,33437,MoorRo02,62890,7601
2023,18,NO,Paulson Adebo,DB,ACT,1999-07-03,2,00-0036937,4242547,33464,AdebPa00,52280,7669
2023,18,TEN,Rashad Weaver,LB,ACT,1997-11-10,2,00-0036938,4036076,33523,WeavRa00,42495,7709
2023,1,NO,Kawaan Baker,WR,CUT,,2,00-0036939,,33642,BakeKa00,61639,7752
2023,21,BAL,Odafe Oweh,LB,ACT,1998-12-15,2,00-0036940,4361422,33419,OwehJa00,82161,7626
2023,18,JAX,Andre Cisco,DB,ACT,2000-03-23,2,00-0036941,4361939,33453,CiscAn00,76641,7698
2023,19,DAL,Osa Odighizuwa,DL,ACT,1998-08-13,2,00-0036942,4035840,33463,OdigOs00,42754,7695
2023,18,DEN,Mitchell Fraboni,LS,ACT,1996-10-28,2,00-0036943,,,,,
2023,18,CAR,Jaycee Horn,DB,ACT,1999-11-26,2,00-0036944,4362847,33396,HornJa00,83375,7642
2023,18,CHI,Justin Fields,QB,ACT,1999-03-05,2,00-0036945,4362887,33399,FielJu00,82118,7591
2023,18,IND,Kellen Mond,QB,DEV,1999-06-22,2,00-0036946,4240904,33454,MondKe00,60556,7581
2023,18,NYG,Jalen Mayfield,OL,DEV,2000-05-23,2,00-0036947,,,,,
2023,18,ATL,Ta'Quon Graham,DL,ACT,1998-12-01,2,00-0036948,4262197,33536,GrahTa00,56868,7840
2023,18,ATL,Adetokunbo Ogundeji,LB,RES,1998-10-09,2,00-0036949,4046693,33570,OgunAd01,44047,7810
2023,18,ATL,Avery Williams,RB,RES,1998-07-15,2,00-0036950,4048259,33571,WillAv02,42873,7809
2023,18,ATL,Frank Darby,WR,DEV,1997-09-08,2,00-0036951,4047836,33575,DarbFr00,40988,7530
2023,18,DEN,Jonathon Cooper,LB,ACT,1998-01-08,2,00-0036952,4040608,33627,CoopJo02,43021,7765
2023,18,CHI,Teven Jenkins,OL,ACT,1998-03-03,2,00-0036953,,,,,
2023,21,DET,Levi Onwuzurike,DL,ACT,1998-03-02,2,00-0036954,4039020,33429,OnwuLe00,43679,7661
2023,18,CAR,Terrace Marshall,WR,ACT,2000-06-09,2,00-0036955,4362630,33447,MarsTe00,84271,7565
2023,18,IND,Darren Hall,DB,DEV,2000-05-02,2,00-0036956,4261606,33496,HallDa03,60742,7730
2023,18,ATL,Drew Dalman,OL,INA,1998-10-15,2,00-0036957,,,,,
2023,18,DEN,Michael Bandy,WR,INA,1997-12-05,2,00-0036959,,33928,BandMi00,,8076
2023,18,ATL,Richie Grant,DB,ACT,1997-11-09,2,00-0036961,4042119,33428,GranRi00,43196,7662
2023,18,LV,Trevon Moehrig,DB,ACT,1999-06-16,2,00-0036962,4362487,33431,MoehTr00,77847,7659
2023,21,DET,Amon-Ra St. Brown,WR,ACT,1999-10-24,2,00-0036963,4374302,33500,StxxAm00,84470,7547
2023,21,DET,Derrick Barnes,LB,ACT,1999-05-29,2,00-0036964,4260409,33501,BarnDe02,58120,7726
2023,18,NE,Tyrone Wheatley,OL,RES,1997-02-04,2,00-0036966,,,,,
2023,20,TB,Joe Tryon-Shoyinka,LB,ACT,1999-04-30,2,00-0036967,4243333,33420,TryoJo00,58272,7625
2023,18,CAR,Brady Christensen,OL,RES,1996-09-27,2,00-0036968,,,,,
2023,18,ATL,Kyle Pitts,TE,ACT,2000-10-06,2,00-0036970,4360248,33392,PittKy00,83964,7553
2023,18,JAX,Trevor Lawrence,QB,ACT,1999-10-06,2,00-0036971,4360310,33389,LawrTr00,77632,7523
2023,18,NE,Mac Jones,QB,INA,1998-09-05,2,00-0036972,4241464,33403,JoneMa05,60323,7527
2023,18,JAX,Travis Etienne,RB,ACT,1999-01-26,2,00-0036973,4239996,33413,EtieTr00,57185,7543
2023,18,JAX,Tyson Campbell,DB,ACT,2000-03-17,2,00-0036974,4379397,33421,CampTy01,83217,7667
2023,18,JAX,Walker Little,OL,ACT,1999-04-01,2,00-0036975,,,,,
2023,20,BUF,Spencer Brown,OL,ACT,1998-02-28,2,00-0036976,,,,,
2023,21,BAL,Ben Cleveland,OL,ACT,1998-08-25,2,00-0036977,,,,,
2023,18,DEN,Ronnie Perkins,DL,DEV,1999-09-29,2,00-0036978,4360274,33484,PerkRo00,76830,7688
2023,18,NYJ,Alijah Vera-Tucker,OL,RES,1999-06-17,2,00-0036979,,,,,
2023,19,CLE,Elijah Moore,WR,ACT,2000-03-27,2,00-0036980,4372414,33422,MoorEl00,84302,7596
2023,18,NE,Christian Barmore,DL,ACT,1999-07-28,2,00-0036981,4372030,33426,BarmCh00,82198,7664
2023,19,DAL,Chauncey Golston,DL,ACT,1998-02-10,2,00-0036982,4036132,33472,GolsCh00,42718,7693
2023,20,HOU,Kendrick Green,OL,RES,1998-12-22,2,00-0036983,,,,,
2023,18,IND,Trey Sermon,RB,INA,1999-01-30,2,00-0036984,4241401,33476,SermTr00,57372,7593
2023,20,TB,Robert Hainsey,OL,ACT,1998-08-12,2,00-0036985,,,,,
2023,19,DAL,Nahshon Wright,DB,ACT,1998-09-23,2,00-0036986,4570470,33487,WrigNa00,100412,7687
2023,21,BAL,Brandon Stephens,DB,ACT,1997-12-29,2,00-0036987,4035824,33492,StepBr01,45644,7685
2023,18,LAC,Josh Palmer,WR,ACT,1999-09-22,2,00-0036988,4242433,33465,PalmJo00,62979,7670
2023,18,LV,Malcolm Koonce,DL,ACT,1998-06-06,2,00-0036989,4239719,33467,KoonMa00,55015,7676
2023,18,LV,Divine Deablo,LB,ACT,1998-08-17,2,00-0036990,4037626,33468,DeabDi00,42208,7677
2023,7,IND,Amari Rodgers,WR,CUT,1999-09-23,2,00-0036991,4239992,33473,RodgAm00,61212,7540
2023,18,TEN,Elijah Molden,DB,ACT,1999-01-30,2,00-0036992,4243328,33488,MoldEl00,56290,7682
2023,21,DET,Ifeatu Melifonwu,DB,ACT,1999-05-02,2,00-0036993,4240401,33489,MeliIf00,56203,7680
2023,19,LA,Ernest Jones,LB,ACT,1999-11-22,2,00-0036994,4362851,33491,JoneEr01,81399,7672
2023,18,DEN,Baron Browning,LB,ACT,1999-02-19,2,00-0036995,4241987,33493,BrowBa01,58095,7681
2023,19,CLE,Greg Newsome II,DB,ACT,2000-05-18,2,00-0036996,4361266,33414,NewsGr00,83341,7630
2023,18,DEN,Javonte Williams,RB,ACT,2000-04-25,2,00-0036997,4361579,33423,WillJa10,77803,7588
2023,19,MIA,Jevon Holland,DB,INA,2000-03-03,2,00-0036998,4373809,33424,HollJe02,83873,7666
2023,19,MIA,Anthony Schwartz,WR,DEV,2000-09-05,2,00-0036999,4371986,33479,SchwAn00,84135,7533
2023,18,NO,Monty Rice,LB,INA,1999-01-08,2,00-0037000,4240692,33480,RiceMo00,57839,7683
2023,18,DEN,Quinn Meinerz,OL,ACT,1998-11-15,2,00-0037001,,,,,
2023,19,PHI,Landon Dickerson,OL,ACT,1998-09-30,2,00-0037002,,,,,
2023,18,NYJ,Chazz Surratt,LB,ACT,1997-02-16,2,00-0037003,4037521,33466,SurrCh00,40313,7673
2023,19,LA,Hunter Long,TE,RES,1998-08-19,2,00-0037004,4239944,33469,LongHu00,60859,7535
2023,18,CAR,Tommy Tremble,TE,ACT,2000-06-02,2,00-0037005,4372780,33471,TremTo00,84025,7694
2023,18,NYG,Wyatt Davis,OL,RES,1999-02-17,2,00-0037006,,,,,
2023,18,MIN,Patrick Jones,LB,ACT,1998-09-29,2,00-0037007,4036063,33478,JonePa00,43974,7674
2023,22,SF,Ambry Thomas,DB,ACT,1999-09-09,2,00-0037008,4258209,33490,ThomAm00,56058,7686
2023,18,LAC,Rashawn Slater,OL,ACT,1999-03-26,2,00-0037009,,,,,
2023,19,MIA,Liam Eichenberg,OL,ACT,1998-01-19,2,00-0037010,,,,,
2023,20,BUF,Tre' McKitty,TE,DEV,1999-01-12,2,00-0037011,4240023,33485,McKiTr00,60896,7554
2023,19,DAL,Trey Lance,QB,INA,2000-05-09,2,00-0037012,4383351,33391,LancTr00,91399,7610
2023,18,NYJ,Zach Wilson,QB,RES,1999-08-03,2,00-0037013,4361259,33390,WilsZa00,82096,7538
2023,1,SEA,Sal Cannella,TE,CUT,,2,00-0037015,,,,,
2023,22,SF,Alfredo Gutierrez,OL,DEV,1995-12-29,2,00-0037018,,,,,
2023,18,ARI,Bernhard Seikovits,TE,DEV,1997-07-24,2,00-0037020,,,,,
2023,18,NO,Michael Jacobson,TE,DEV,1997-04-04,2,00-0037022,,,,,
2023,19,LA,Nikola Kalinic,TE,DEV,1997-01-21,1,00-0037031,,33950,KaliNi00,,8107
2023,18,ATL,Dee Alford,DB,ACT,1997-11-05,3,00-0037034,,,,,
2023,19,PHI,Devon Allen,WR,DEV,1994-12-12,5,00-0037039,,33953,,,8411
2023,18,CHI,Roy Mbaeteka,OL,DEV,2000-02-13,2,00-0037040,,,,,
2023,18,DEN,Haggai Chisom Ndubuisi,OL,DEV,2000-10-15,2,00-0037041,,,,,
2023,18,CAR,Amare Barno,LB,RES,1999-04-26,1,00-0037043,4568439,34145,BarnAm00,,8327
2023,1,NYG,Donovan Jeter,DL,CUT,,1,00-0037046,,,,,
2023,1,SEA,Chris Steele,DB,CUT,,1,00-0037049,,,,,
2023,18,DEN,Elijah Garcia,DL,INA,1998-03-11,1,00-0037051,,,GarcEl00,,8736
2023,18,NYJ,Lance McCutcheon,WR,DEV,1999-02-28,1,00-0037055,4247812,34330,McCuLa01,,8745
2023,19,LA,Keir Thomas,LB,ACT,1998-01-25,1,00-0037057,4038843,,,,8739
2023,18,JAX,De'Shaan Dixon,LB,DEV,1998-12-16,1,00-0037061,,,,,
2023,1,SEA,Benjie Franklin,DB,CUT,,1,00-0037062,,,,,
2023,18,JAX,E.J. Perry,QB,DEV,1998-08-16,1,00-0037068,,,,,
2023,18,TEN,Josh Thompson,DB,DEV,1998-10-20,1,00-0037070,,,,,
2023,19,PHI,Jordan Davis,DL,ACT,2000-01-12,1,00-0037073,4381558,33968,DaviJo03,,8269
2023,20,GB,Quay Walker,LB,ACT,2000-05-08,1,00-0037074,4379416,33977,WalkQu00,,8266
2023,20,GB,Devonte Wyatt,DL,ACT,1998-03-31,1,00-0037075,4361791,33983,WyatDe00,,8270
2023,20,GB,Sean Rhyan,OL,ACT,2000-09-15,1,00-0037076,,,,,
2023,18,WAS,Sam Howell,QB,ACT,2000-11-16,1,00-0037077,4426875,34100,HoweSa00,,8162
2023,18,WAS,Cole Turner,TE,INA,2000-03-16,1,00-0037078,4361438,34105,TurnCo00,,8214
2023,18,SEA,Tariq Woolen,DB,ACT,1999-05-02,1,00-0037079,4245185,34109,WoolTa00,,8374
2023,18,ARI,Tyreke Smith,LB,ACT,2000-02-14,1,00-0037080,,,,,
2023,18,CHI,Braxton Jones,OL,ACT,1999-03-27,1,00-0037081,,,,,
2023,18,CHI,Dominique Robinson,DL,ACT,1998-07-02,1,00-0037082,4244300,34130,RobiDo00,,8391
2023,20,GB,Kingsley Enagbare,LB,INA,2000-01-18,1,00-0037083,4362840,34135,EnagKi00,,8382
2023,19,PIT,Kyron Johnson,LB,ACT,1998-07-24,1,00-0037084,,34137,JohnKy02,,8483
2023,18,DEN,Tyler Badie,RB,DEV,1999-02-07,1,00-0037085,4362748,34152,BadiTy00,,8208
2023,19,PHI,Grant Calcaterra,TE,ACT,1998-12-04,1,00-0037086,4241374,34154,CalcGr00,,8177
2023,1,CHI,Trestan Ebner,RB,RES,,1,00-0037087,4259169,34159,EbneTr00,,8189
2023,18,CHI,Doug Kramer,OL,ACT,1998-06-04,1,00-0037088,,,,,
2023,18,CHI,Ja'Tyre Carter,OL,INA,1999-01-15,1,00-0037089,,,,,
2023,15,PIT,Tariq Carpenter,DB,DEV,1998-12-28,1,00-0037090,,,,,
2023,20,GB,Bo Melton,WR,ACT,1999-05-18,1,00-0037091,4259305,34185,MeltBo00,,8204
2023,18,WAS,Chris Paul,OL,ACT,1998-11-19,1,00-0037092,,,,,
2023,18,SEA,Dareke Young,WR,ACT,1999-06-04,1,00-0037093,4401805,34189,YounDa02,,8527
2023,20,GB,Jonathan Ford,DL,DEV,1998-09-29,1,00-0037094,,34190,FordJo00,,8344
2023,18,WAS,Christian Holmes,DB,RES,1997-11-14,1,00-0037095,4035105,34196,HolmCh00,,8516
2023,18,CHI,Elijah Hicks,DB,ACT,1999-10-16,1,00-0037096,,34210,HickEl00,,8509
2023,18,CHI,Trenton Gill,P,ACT,1999-01-01,1,00-0037097,,,,,
2023,20,GB,Samori Toure,WR,RES,1998-03-24,1,00-0037098,4027873,34214,TourSa00,,8235
2023,1,GB,Jean Delance,OL,CUT,,1,00-0037103,,,,,
2023,18,CHI,Jaylon Jones,DB,ACT,1997-10-14,1,00-0037106,,,JoneJa12,,8702
2023,18,CHI,Jack Sanborn,LB,ACT,2000-07-29,1,00-0037109,4372576,34370,SanbJa00,,8363
2023,22,SF,Jake Tonges,TE,DEV,1999-07-08,1,00-0037112,,34374,TongJa00,,8698
2023,18,IND,Tyler Goodson,RB,ACT,2000-11-10,1,00-0037120,,34261,,,8207
2023,20,GB,Caleb Jones,OL,INA,1999-02-10,1,00-0037122,,,,,
2023,1,GB,Cole Schneider,OL,CUT,,1,00-0037126,,,,,
2023,18,CHI,Josh Blackwell,DB,ACT,1999-04-05,1,00-0037129,,,BlacJo00,,8714
2023,19,PHI,Reed Blankenship,DB,INA,1999-03-02,1,00-0037130,,34376,BlanRe00,,8406
2023,1,PHI,Kennedy Brooks,RB,CUT,,1,00-0037131,,34377,,,8152
2023,19,PHI,Britain Covey,WR,ACT,1997-03-18,1,00-0037132,3926231,34378,CoveBr00,,8414
2023,1,PIT,William Dunkle,OL,CUT,,1,00-0037133,,,,,
2023,19,PHI,Noah Elliss,DL,DEV,1999-03-31,1,00-0037134,,,,,
2023,19,PHI,Mario Goodrich,DB,DEV,2000-01-12,1,00-0037136,,,,,8298
2023,19,PHI,Josh Jobe,DB,ACT,1998-04-09,1,00-0037137,,34383,JobeJo00,,8275
2023,18,IND,Josh Sills,OL,ACT,1998-01-26,1,00-0037138,,,,,
2023,1,MIN,Jarrid Williams,OL,CUT,,1,00-0037140,,,,,
2023,18,ARI,Joey Blount,DB,ACT,1998-11-16,1,00-0037141,,34388,BlouJo00,,8683
2023,2,HOU,Scott Nelson,DB,CUT,1999-07-20,1,00-0037148,,,,,
2023,18,SEA,Joshua Onujiogu,DL,RES,1998-03-03,1,00-0037149,,,,,
2023,18,SEA,Matthew Gotel,DL,ACT,1999-01-02,1,00-0037152,,,,,
2023,19,TB,Vi Jones,LB,CUT,1998-05-05,1,00-0037153,,,JoneVi00,,8691
2023,18,NYJ,Tony Adams,DB,ACT,1999-01-24,1,00-0037155,,34355,AdamTo03,,8860
2023,18,NYJ,Irvin Charles,WR,ACT,1997-04-13,1,00-0037156,,34356,,,8861
2023,21,DET,Bam Knight,RB,RES,2001-04-11,1,00-0037157,4427728,34357,KnigZo00,,8122
2023,1,WAS,Ferrod Gardner,DB,CUT,,1,00-0037163,,,,,
2023,18,WAS,Curtis Hodges,TE,RES,1999-07-03,1,00-0037164,,34274,,,8192
2023,18,MIN,Tyrese Robinson,OL,DEV,1999-08-21,1,00-0037167,,,,,
2023,18,WAS,Armani Rogers,TE,RES,1997-12-04,1,00-0037168,,34278,RogeAr00,,8665
2023,13,WAS,Drew White,LB,RES,1998-09-15,1,00-0037171,,,,,
2023,1,WAS,Kyric McGowan,WR,RES,,1,00-0037172,,34276,,,8595
2023,1,ATL,Slade Bolden,WR,CUT,,1,00-0037173,,34442,,,8191
2023,1,BAL,Shemar Bridges,WR,CUT,,1,00-0037174,,34387,,,8731
2023,1,BAL,Anthony Brown,QB,CUT,,1,00-0037175,,34389,BrowAn06,,8241
2023,21,BAL,Jeremiah Moon,LB,CUT,1998-08-18,1,00-0037179,,,,,
2023,21,BAL,Rayshad Nichols,DL,DEV,1999-07-09,1,00-0037181,,,NichRa00,,8552
2023,21,BAL,Josh Ross,LB,ACT,1999-10-31,1,00-0037184,,,RossJo01,,8285
2023,20,TB,Raleigh Webb,WR,DEV,1997-12-28,1,00-0037185,,34407,WebbRa02,,8732
2023,18,NYJ,Ahmad Gardner,DB,ACT,2000-08-31,1,00-0037190,,33959,GardSa00,,8290
2023,22,KC,Trent McDuffie,DB,ACT,2000-09-13,1,00-0037191,4426405,33976,McDuTr00,,8364
2023,22,KC,George Karlaftis,DL,ACT,2001-04-03,1,00-0037192,4426659,33985,KarlGe00,,8385
2023,22,KC,Bryan Cook,DB,RES,1999-09-07,1,00-0037193,4247726,34018,CookBr02,,8294
2023,22,KC,Darian Kinnard,OL,DEV,1999-12-29,1,00-0037194,,,,,
2023,22,KC,Jaylen Watson,DB,ACT,1998-09-17,1,00-0037195,4697639,34199,WatsJa02,,8373
2023,20,GB,Rasheed Walker,OL,ACT,2000-02-13,1,00-0037196,,,,,
2023,22,KC,Isiah Pacheco,RB,ACT,1999-03-02,1,00-0037197,4361529,34207,PachIs00,,8205
2023,22,KC,Nazeeh Johnson,DB,RES,1998-07-17,1,00-0037198,4043625,34215,JohnNa01,,8506
2023,18,CAR,LaBryan Ray,DL,ACT,1997-12-05,1,00-0037203,,,,,
2023,18,NE,Kody Russey,OL,DEV,1998-05-14,1,00-0037204,,,,,
2023,18,NE,Brenden Schooler,DB,ACT,1997-05-30,1,00-0037205,,,SchoBr00,,8726
2023,22,KC,Mike Caliendo,OL,ACT,1997-10-21,1,00-0037207,,,,,
2023,22,KC,Jack Cochrane,LB,ACT,1999-02-09,1,00-0037208,,34432,CochJa00,,8710
2023,1,KC,Jerrion Ealy,RB,CUT,,1,00-0037210,,,,,
2023,22,KC,Justyn Ross,WR,INA,1999-12-15,1,00-0037216,4360306,34440,RossJu00,,8140
2023,8,CHI,A.J. Thomas,DB,CUT,1999-09-18,1,00-0037222,,,ThomAJ00,,8719
2023,18,LAC,Cameron Dicker,K,ACT,2000-05-06,1,00-0037224,,34344,,,8259
2023,18,NYJ,Chris Glaser,OL,ACT,1999-10-01,1,00-0037225,,,,,
2023,19,PIT,Jaylen Warren,RB,ACT,1998-11-01,1,00-0037228,4569987,34447,WarrJa01,,8228
2023,18,CAR,Ikem Ekwonu,OL,ACT,2000-10-31,1,00-0037229,,,,,
2023,1,JAX,Kevin Austin,WR,CUT,,1,00-0037231,,34242,,,8200
2023,22,KC,Gerrit Prince,TE,DEV,1997-08-25,1,00-0037233,,34252,,,8247
2023,18,JAX,Travon Walker,LB,ACT,2000-12-18,1,00-0037235,4426349,33956,WalkTr03,,8265
2023,21,DET,Aidan Hutchinson,DL,ACT,2000-08-09,1,00-0037236,4372099,33957,HutcAi00,,8289
2023,20,HOU,Derek Stingley Jr.,DB,ACT,2001-06-20,1,00-0037237,4426434,33958,StinDe00,,8308
2023,18,ATL,Drake London,WR,ACT,2001-07-24,1,00-0037238,4426502,33963,LondDr00,,8112
2023,18,NO,Chris Olave,WR,ACT,2000-06-27,1,00-0037239,4361370,33966,OlavCh00,,8144
2023,21,DET,Jameson Williams,WR,ACT,2001-03-26,1,00-0037240,4426388,33967,WillJa11,,8148
2023,18,NO,Trevor Penning,OL,ACT,1999-05-15,1,00-0037241,,,,,
2023,20,BUF,Kaiir Elam,DB,ACT,2001-05-05,1,00-0037242,4567399,33978,ElamKa00,,8296
2023,19,DAL,Tyler Smith,OL,ACT,2001-04-03,1,00-0037243,,,,,
2023,18,JAX,Devin Lloyd,LB,ACT,1998-09-30,1,00-0037244,4243256,33982,LloyDe00,,8329
2023,18,MIN,Lewis Cine,DB,ACT,1999-10-05,1,00-0037245,4426536,33987,CineLe00,,8268
2023,20,HOU,Jalen Pitre,DB,ACT,1999-06-03,1,00-0037246,4241223,33992,PitrJa00,,8314
2023,19,PIT,George Pickens,WR,ACT,2001-03-04,1,00-0037247,4426354,34007,PickGe00,,8137
2023,20,BUF,James Cook,RB,ACT,1999-09-25,1,00-0037248,4379399,34019,CookJa01,,8138
2023,18,DEN,Nik Bonitto,LB,ACT,1999-09-26,1,00-0037249,4360259,34020,BoniNi00,,8280
2023,19,CLE,Martin Emerson,DB,ACT,2000-09-27,1,00-0037250,4429568,34024,EmerMa00,,8390
2023,19,CLE,Alex Wright,DL,ACT,2000-09-05,1,00-0037251,4570119,34034,WrigAl01,,8376
2023,18,DEN,Greg Dulcich,TE,RES,2000-03-26,1,00-0037252,4367209,34036,DulcGr00,,8172
2023,18,NE,Marcus Jones,DB,RES,1998-10-22,1,00-0037253,4241720,34041,JoneMa06,,8359
2023,20,BUF,Terrel Bernard,LB,INA,1999-05-07,1,00-0037254,4259166,34045,BernTe00,,8311
2023,18,LV,Dylan Parham,OL,ACT,1999-08-24,1,00-0037255,,,,,
2023,20,TB,Rachaad White,RB,ACT,1999-01-12,1,00-0037256,4697815,34047,WhitRa01,,8136
2023,19,CLE,David Bell,WR,ACT,2000-12-14,1,00-0037257,4570409,34055,BellDa02,,8118
2023,20,HOU,Dameon Pierce,RB,ACT,2000-02-19,1,00-0037258,4360238,34063,PierDa01,,8129
2023,18,NYG,Micah McFadden,LB,ACT,2000-01-03,1,00-0037259,4371961,34102,McFaMi01,,8396
2023,18,NYG,D.J. Davidson,DL,ACT,1999-09-19,1,00-0037260,4242899,34103,DaviDJ00,,8262
2023,20,BUF,Khalil Shakir,WR,ACT,2000-02-03,1,00-0037261,4373678,34104,ShakKh00,,8134
2023,19,PHI,Thomas Booker,DL,DEV,1999-11-11,1,00-0037262,,,,,
2023,18,ATL,Tyler Allgeier,RB,ACT,2000-04-15,1,00-0037263,4373626,34107,AllgTy00,,8132
2023,18,DEN,Delarrin Turner-Yell,DB,RES,1999-12-16,1,00-0037264,4360287,34108,TurnDe02,,8282
2023,18,JAX,Snoop Conner,RB,DEV,2000-08-01,1,00-0037265,4567246,34110,ConnSn00,,8179
2023,19,DAL,Matt Waletzko,OL,INA,1999-12-15,1,00-0037266,,,,,
2023,19,CLE,Jerome Ford,RB,ACT,1999-09-12,1,00-0037267,4372019,34112,FordJe00,,8143
2023,20,TB,Zyon McCollum,DB,ACT,1999-05-03,1,00-0037268,4250392,34113,McCoZy02,,8384
2023,18,IND,Eric Johnson,DL,ACT,1998-07-16,1,00-0037269,4050971,34115,JohnEr01,,8473
2023,18,LAC,Otito Ogbonnia,DL,ACT,2000-08-25,1,00-0037270,4367210,34116,OgboOt00,,8331
2023,18,NO,D'Marco Jackson,LB,ACT,1998-07-20,1,00-0037271,,34117,JackDM00,,8367
2023,22,KC,Montrell Washington,WR,DEV,1999-03-14,1,00-0037272,4248822,34118,WashMo00,,8475
2023,18,TEN,Kyle Philips,WR,ACT,1999-06-17,1,00-0037273,4367175,34119,PhilKy01,,8171
2023,18,JAX,Esezi Otomewo,DL,DEV,1999-03-09,1,00-0037274,,,,,
2023,19,DAL,DaRon Bland,DB,ACT,1999-07-12,1,00-0037275,4248911,34123,BlanDa00,,8476
2023,18,MIN,Ty Chandler,RB,ACT,1998-05-12,1,00-0037276,4242431,34125,ChanTy01,,8230
2023,20,HOU,Teagan Quitoriano,TE,RES,2000-03-15,1,00-0037277,4374045,34126,QuitTe00,,8227
2023,18,DEN,Luke Wattenberg,OL,ACT,1997-09-10,1,00-0037278,,,,,
2023,18,NYG,Marcus McKethan,OL,ACT,2000-05-19,1,00-0037279,,,,,
2023,18,LV,Matthew Butler,DL,ACT,1999-06-10,1,00-0037280,4242457,34131,ButlMa02,,8332
2023,19,DAL,Damone Clark,LB,ACT,2000-06-28,1,00-0037281,4362636,34132,ClarDa02,,8309
2023,21,DET,James Mitchell,TE,RES,1999-08-11,1,00-0037282,4361988,34133,MitcJa00,,8170
2023,18,WAS,John Ridgeway,DL,ACT,1999-05-07,1,00-0037283,4248047,34134,RidgJo00,,8306
2023,18,NYG,Darrian Beavers,LB,ACT,1999-07-05,1,00-0037285,4239121,34138,BeavDa00,,8292
2023,18,NE,Kevin Harris,RB,ACT,2000-11-17,1,00-0037286,4570674,34139,HarrKe01,,8174
2023,18,NE,Vederian Lowe,OL,ACT,1999-04-17,1,00-0037287,,,,,
2023,20,BUF,Christian Benford,DB,INA,2000-09-21,1,00-0037288,,34141,BenfCh00,,8487
2023,21,DET,Malcolm Rodriguez,LB,ACT,1999-03-29,1,00-0037289,4241411,34144,RodrMa00,,8334
2023,18,ATL,Justin Shaffer,OL,DEV,1998-06-20,1,00-0037290,,,,,
2023,18,MIN,Jalen Nailor,WR,RES,1999-03-02,1,00-0037291,4382466,34147,NailJa00,,8180
2023,18,IND,Andrew Ogletree,TE,EXE,1998-07-28,1,00-0037292,,34148,OgleAn00,,8489
2023,18,CIN,Devin Harper,LB,ACT,1998-05-13,1,00-0037293,,34149,HarpDe00,,8498
2023,18,DEN,Jordan Jackson,DL,DEV,1998-01-30,1,00-0037294,,,,,
2023,18,LAC,Jamaree Salyer,OL,ACT,2000-07-13,1,00-0037295,,,,,
2023,18,JAX,Gregory Junior,DB,ACT,1999-06-21,1,00-0037296,,34153,JuniGr00,,8503
2023,18,CAR,Cade Mays,OL,INA,1999-04-26,1,00-0037297,,,,,
2023,18,NE,Sam Roberts,DL,INA,1998-04-14,1,00-0037298,4077786,34156,RobeSa00,,8492
2023,22,KC,Keaontay Ingram,RB,DEV,1999-10-26,1,00-0037299,4362087,34157,IngrKe01,,8221
2023,19,CLE,Mike Woods,WR,RES,2000-03-19,1,00-0037300,,,,,
2023,18,MIN,Theo Jackson,DB,INA,1998-10-02,1,00-0037301,,34164,JackTh00,,8496
2023,18,NYJ,Austin Deculus,OL,INA,1999-03-12,1,00-0037302,,,,,
2023,18,DEN,Matt Henningsen,DL,ACT,1999-07-09,1,00-0037303,,,,,
2023,19,PIT,Connor Heyward,TE,ACT,1999-01-22,1,00-0037304,4241961,34163,HeywCo00,,8181
2023,20,GB,Luke Tenuta,OL,RES,1999-09-01,1,00-0037305,,,,,
2023,18,ATL,John FitzPatrick,TE,ACT,2000-03-09,1,00-0037306,4379401,34169,FitzJo00,,8500
2023,18,LAC,Ja'Sir Taylor,DB,ACT,1999-01-08,1,00-0037307,,,,,
2023,19,PHI,Lecitus Smith,OL,DEV,1998-07-13,1,00-0037308,,,,,
2023,18,WAS,Curtis Brooks,DL,RES,1998-02-06,1,00-0037309,4037474,34172,BrooCu00,,8490
2023,21,DET,James Houston,DL,ACT,1998-11-16,1,00-0037310,4240608,34173,HousJa01,,8494
2023,20,TB,Ko Kieft,TE,ACT,1998-01-20,1,00-0037311,4034779,34174,KiefKo00,,8484
2023,18,TEN,Chance Campbell,LB,RES,1999-10-08,1,00-0037312,,34175,CampCh02,,8369
2023,18,JAX,Montaric Brown,DB,ACT,1999-08-24,1,00-0037313,,34178,BrowMo00,,8305
2023,19,CLE,Isaiah Thomas,DL,DEV,1998-12-03,1,00-0037314,4241404,34179,ThomIs01,,8281
2023,19,MIA,Cameron Goode,LB,RES,1998-04-15,1,00-0037315,,34180,GoodCa00,,8526
2023,19,PIT,Mark Robinson,LB,ACT,1999-08-14,1,00-0037316,4249342,34181,RobiMa03,,8525
2023,18,MIN,Nick Muse,TE,ACT,1998-11-25,1,00-0037317,4249624,34183,MuseNi00,,8523
2023,20,BUF,Baylon Spector,LB,INA,1998-10-20,1,00-0037318,,34187,SpecBa00,,8299
2023,18,NO,Faion Hicks,DB,DEV,1998-09-02,1,00-0037319,,34188,HickFa00,,8521
2023,18,LAC,Deane Leonard,DB,ACT,1999-11-20,1,00-0037320,,,LeonDe00,,8519
2023,21,DET,Chase Lucas,DB,ACT,1997-03-04,1,00-0037321,,34193,LucaCh01,,8264
2023,18,LV,Thayer Munford,OL,INA,1999-09-18,1,00-0037322,,,,,
2023,18,IND,Rodney Thomas,DB,ACT,1998-06-26,1,00-0037323,4248455,34195,ThomRo07,,8517
2023,22,KC,Chris Oladokun,QB,DEV,1997-09-03,1,00-0037324,,34197,OladCh00,,8413
2023,19,CLE,Kalon Barnes,DB,DEV,1998-12-16,1,00-0037325,4373017,,BarnKa00,,8312
2023,19,CLE,Dawson Deaton,OL,RES,1999-05-06,1,00-0037326,,,,,
2023,19,MIA,Skylar Thompson,QB,INA,1997-06-04,1,00-0037327,,34203,ThomSk00,,8206
2023,18,LV,Brittain Brown,RB,RES,1997-10-10,1,00-0037329,,34206,BrowBr06,,8423
2023,18,ARI,Jesse Luketa,LB,ACT,1999-01-15,1,00-0037330,,34212,LukeJe00,,8322
2023,13,LAC,Zander Horvath,RB,TRD,1998-12-10,1,00-0037331,4260406,34216,HorvZa00,,8428
2023,19,CLE,D'Anthony Bell,DB,ACT,1996-10-17,1,00-0037332,,34475,BellDA03,,8795
2023,1,CLE,Mike Harley,WR,CUT,,1,00-0037334,,,,,
2023,19,DAL,Brock Hoffman,OL,ACT,1999-07-02,1,00-0037336,,,,,
2023,19,LA,Shaun Jolly,DB,RES,1998-10-17,1,00-0037337,,,,,
2023,19,CLE,Zaire Mitchell-Paden,TE,DEV,1999-08-20,1,00-0037340,,,,,
2023,1,SEA,Roderick Perry,DL,CUT,,1,00-0037341,,,PerrRo01,,8794
2023,19,CLE,Isaiah Weston,WR,RET,,1,00-0037343,,34494,,,8229
2023,1,CIN,Owen Carney,DL,CUT,,1,00-0037346,,,,,
2023,19,MIA,Tanner Conner,WR,DEV,1998-03-20,1,00-0037348,,,,,
2023,19,PIT,Kellen Diesch,OL,DEV,1997-08-23,1,00-0037349,,,,,
2023,1,GB,Elijah Hamilton,DB,CUT,,1,00-0037350,,,,,
2023,20,GB,Deandre Johnson,LB,RES,,1,00-0037352,,,,,
2023,19,MIA,Kader Kohou,DB,ACT,1998-11-28,1,00-0037353,,34529,KohoKa00,,8857
2023,18,ARI,Verone McKinley,DB,DEV,1999-06-29,1,00-0037354,,34532,McKiVe00,,8353
2023,19,MIA,Braylon Sanders,WR,DEV,1999-01-21,1,00-0037355,,34534,SandBr00,,8178
2023,18,ARI,Ben Stille,DL,ACT,1997-11-12,1,00-0037356,,,StilBe00,,8850
2023,4,SEA,Ra'Shaun Henry,WR,CUT,1998-02-04,1,00-0037362,,,,,
2023,18,LV,Marquan McCall,DL,DEV,1999-03-26,1,00-0037363,,,,,
2023,20,GB,Arron Mosby,LB,DEV,1999-04-13,1,00-0037364,,,MosbAr00,,8569
2023,2,PHI,Charleston Rambo,WR,CUT,1999-08-10,1,00-0037366,,34229,,,8198
2023,18,CAR,Derek Wright,WR,DEV,1998-08-13,1,00-0037368,,,,,
2023,2,GB,Austin Allen,TE,CUT,1998-11-10,1,00-0037369,,34664,,,8215
2023,1,CIN,Yusuf Corker,DB,CUT,,1,00-0037370,,,,,
2023,1,NYG,Darren Evans,DB,CUT,,1,00-0037372,,,,,
2023,20,GB,Zyon Gilbert,DB,DEV,1999-02-04,1,00-0037373,,,,,8765
2023,18,LAC,Christopher Hinton,DL,ACT,2000-09-14,1,00-0037375,,,HintCh01,,8288
2023,19,PIT,Trenton Thompson,DB,RES,1997-12-18,1,00-0037377,,34675,ThomTr01,,8763
2023,1,DEN,Christopher Allen,LB,RES,,1,00-0037379,,,,,
2023,18,ARI,Kaden Davis,WR,DEV,1998-09-25,1,00-0037380,,,,,
2023,22,SF,Sebastian Gutierrez,OL,DEV,1998-07-06,1,00-0037381,,,,,
2023,18,DEN,Brandon Johnson,WR,ACT,1998-07-26,1,00-0037382,,34571,JohnBr23,,8756
2023,18,LV,Kana'i Mauga,LB,RES,2000-01-08,1,00-0037383,,,,,
2023,18,DEN,Ja'Quan McMillian,DB,ACT,2000-06-04,1,00-0037384,,,,,
2023,21,DET,Michael Niese,OL,DEV,1998-01-13,1,00-0037385,,,,,
2023,18,DEN,Jalen Virgil,WR,RES,1998-07-13,1,00-0037387,,34579,VirgJa00,,8416
2023,18,IND,Trevor Denbow,DB,ACT,1998-08-26,1,00-0037392,,,DenbTr00,,8834
2023,18,TEN,JoJo Domann,LB,ACT,1997-07-28,1,00-0037393,,34490,DomaJo00,,8340
2023,18,IND,Ethan Fernea,WR,DEV,1998-03-02,1,00-0037394,,,,,
2023,18,IND,Dallis Flowers,DB,RES,1997-06-04,1,00-0037395,,34503,FlowDa00,,8833
2023,18,IND,Wesley French,OL,ACT,1996-11-30,1,00-0037396,,,,,
2023,1,DET,Alex Mollette,OL,CUT,,1,00-0037397,,,,,
2023,1,PIT,Forrest Rhyne,LB,CUT,,1,00-0037401,,,RhynFo00,,8836
2023,20,BUF,Ryan Van Demark,OL,ACT,1998-03-22,1,00-0037404,,,,,
2023,18,NYG,Jashaun Corbin,RB,ACT,2000-08-20,1,00-0037410,,34665,,,8194
2023,18,CIN,Cal Adomitis,LS,ACT,1998-07-09,1,00-0037412,,,,,
2023,18,ARI,Ben Brown,OL,DEV,1998-05-19,1,00-0037413,,,,,
2023,18,CIN,Devin Cochran,OL,RES,1998-07-17,1,00-0037414,,,,,
2023,18,CIN,Allan George,DB,DEV,1999-07-16,1,00-0037415,,,,,8788
2023,1,DEN,Delonte Hood,DB,CUT,,1,00-0037418,,,,,
2023,18,CIN,Kwamie Lassiter,WR,DEV,1998-01-21,1,00-0037420,,34473,LassKw20,,8435
2023,18,CIN,Kendric Pryor,WR,DEV,1998-01-06,1,00-0037422,,34476,,,8783
2023,1,TEN,Justin Rigg,TE,CUT,,1,00-0037424,,,,,
2023,1,NE,Carson Wells,LB,CUT,,1,00-0037427,,,,,
2023,20,BUF,Alec Anderson,OL,INA,1999-10-03,1,00-0037428,,,,,
2023,18,CAR,Raheem Blackshear,RB,ACT,1998-06-05,1,00-0037429,4259308,34617,BlacRa00,,8255
2023,20,BUF,Kingsley Jonathan,DL,ACT,1998-04-28,1,00-0037431,,,JonaKi00,,8776
2023,5,PIT,Greg Bell,RB,CUT,1998-06-16,1,00-0037437,,,,,
2023,18,NYJ,Obinna Eze,OL,DEV,1998-06-12,1,00-0037440,,,,,
2023,20,BUF,Kevin Jarvis,OL,DEV,1998-12-22,1,00-0037441,,,,,
2023,1,NYG,Kalil Pimpleton,WR,CUT,,1,00-0037443,,,,,
2023,18,NYG,Tomon Fox,LB,DEV,1998-03-16,1,00-0037447,4037520,,FoxxTo00,,8854
2023,1,GB,Dre Miller,WR,CUT,,1,00-0037448,,,,,
2023,19,PIT,Rod Williams,TE,ACT,2000-04-10,1,00-0037451,,,,,
2023,1,DAL,Seth Green,TE,CUT,,1,00-0037455,,,,,
2023,20,HOU,Troy Hairston,RB,RES,1998-12-08,1,00-0037456,4274040,34597,HairTr00,,8820
2023,20,HOU,Jake Hansen,LB,ACT,1998-06-19,1,00-0037457,,34598,HansJa01,,8349
2023,20,HOU,Kurt Hinish,DL,ACT,1999-04-27,1,00-0037459,,,HiniKu00,,8547
2023,20,HOU,Johnny Johnson III,WR,DEV,1999-05-14,1,00-0037460,,34601,JohnJo12,,8185
2023,19,PHI,Tristin McCollum,DB,ACT,1999-05-03,1,00-0037461,,,,,
2023,8,HOU,Jacobi Francis,DB,CUT,1998-09-06,1,00-0037464,,,,,8546
2023,18,LAC,Raheem Layne,DB,RES,1999-07-02,1,00-0037468,,,LaynRa00,,8578
2023,18,ARI,Tyreek Maddox-Williams,LB,ACT,1997-10-28,1,00-0037469,,,,,
2023,9,LV,James McCourt,K,CUT,1997-11-09,1,00-0037471,,34633,,,8577
2023,18,LAC,Ty Shelby,DL,ACT,1998-10-14,1,00-0037474,,,,,
2023,18,LAC,Stone Smartt,TE,ACT,1998-10-04,1,00-0037475,4250764,34637,SmarSt00,,8583
2023,18,LAC,Andrew Trainer,OL,RES,1997-12-18,1,00-0037477,,,,,
2023,1,LAC,Isaac Weaver,OL,CUT,,1,00-0037478,,,,,
2023,19,PIT,Dylan Cook,OL,INA,1998-01-11,1,00-0037480,,,,,
2023,19,LA,Olakunle Fatukasi,LB,ACT,1999-06-11,1,00-0037481,,34502,FatuOl00,,8870
2023,12,TB,Don Gardner,DB,CUT,1997-12-09,1,00-0037482,,,,,
2023,1,TB,Kaylon Geiger,WR,CUT,,1,00-0037483,,,,,
2023,18,ARI,Kyler McMichael,DB,RES,2000-03-22,1,00-0037484,,,,,
2023,20,TB,Deven Thompkins,WR,ACT,1999-12-23,1,00-0037487,4374187,34520,ThomDe07,,8253
2023,1,TB,Nolan Turner,DB,CUT,,1,00-0037488,,34517,TurnNo00,,8871
2023,20,TB,J.J. Russell,LB,INA,1998-10-12,1,00-0037491,,34514,RussJJ00,,8869
2023,18,TEN,Mike Brown,DB,ACT,1999-04-07,1,00-0037493,,34232,BrowMi02,,8532
2023,18,SEA,Bryant Koback,RB,DEV,1998-04-06,1,00-0037495,,34234,,,8246
2023,18,IND,Zach McCloud,DL,DEV,1998-04-22,1,00-0037496,,,,,
2023,1,MIN,Josh Sokol,OL,CUT,,1,00-0037497,,,,,
2023,18,CAR,Luiji Vilain,LB,RES,1998-03-10,1,00-0037499,4258210,,,,8530
2023,18,MIN,Ryan Wright,P,ACT,2000-06-01,1,00-0037500,,,,,
2023,18,LV,Darien Butler,LB,RES,2000-02-29,1,00-0037503,4360466,34536,ButlDa00,,8263
2023,1,LV,Bryce Cosby,DB,CUT,,1,00-0037505,,,,,
2023,18,LV,Cole Fotheringham,TE,DEV,1997-10-11,1,00-0037506,,34543,,,8840
2023,1,LV,Chase Garbers,QB,CUT,,1,00-0037507,,34545,,,8431
2023,18,LV,Sincere McCormick,RB,DEV,2000-09-10,1,00-0037509,,34551,,,8220
2023,18,LV,Isaiah Pola-Mao,DB,ACT,1999-06-30,1,00-0037512,,34556,PolaIs00,,8838
2023,19,LA,Zach VanValkenburg,LB,DEV,1998-02-17,1,00-0037515,,,,,
2023,18,LV,Sam Webb,DB,DEV,1998-05-19,1,00-0037516,,,WebbSa00,,8844
2023,18,LV,Luke Masterson,LB,ACT,1998-01-07,1,00-0037517,4037212,34549,MastLu00,,8839
2023,1,NYG,Kevin Atkins,DL,CUT,,1,00-0037519,,,,,
2023,22,SF,Tayler Hawkins,DB,DEV,1997-12-27,1,00-0037521,,,,,
2023,18,ARI,Qwuantrezz Knight,DB,ACT,1997-10-10,1,00-0037522,,,,,
2023,22,SF,Tay Martin,WR,DEV,1997-12-14,1,00-0037524,,34319,MartTa00,,8250
2023,22,SF,Jordan Mason,RB,ACT,1999-05-24,1,00-0037525,4360569,34320,MasoJo00,,8408
2023,18,NYJ,Marcelino McCrary-Ball,LB,INA,1999-03-23,1,00-0037526,,,,,8618
2023,18,IND,Segun Olubi,LB,ACT,1999-11-01,1,00-0037527,,34322,OlubSe00,,8620
2023,9,NYJ,Jason Poe,OL,DEV,1998-07-27,1,00-0037529,,,,,
2023,1,WAS,DaMarcus Fields,DB,CUT,,1,00-0037535,,,,,
2023,19,CLE,Vincent Gray,DB,DEV,1999-12-28,1,00-0037536,,,,,
2023,16,IND,Lewis Kidd,OL,CUT,1997-09-15,1,00-0037537,,,,,
2023,18,DEN,Lucas Krull,TE,ACT,1998-07-11,1,00-0037539,,34654,KrulLu00,,8249
2023,1,NO,Smoke Monday,DB,CUT,,1,00-0037540,,,,,
2023,6,CHI,John Parker Romo,K,CUT,1997-08-24,1,00-0037542,,34657,,,8670
2023,18,NO,Nephi Sewell,LB,RES,1998-12-19,1,00-0037544,,34716,SeweNe00,,8328
2023,18,NO,Rashid Shaheed,WR,ACT,1998-08-31,1,00-0037545,4032473,34659,ShahRa00,,8676
2023,1,MIN,Abram Smith,RB,CUT,,1,00-0037546,4241224,34660,,,8190
2023,20,GB,Daniel Whelan,P,ACT,1999-02-10,1,00-0037547,,,,,
2023,18,IND,Darrell Baker,DB,ACT,1998-03-27,1,00-0037549,,34302,,,8666
2023,18,NYJ,Stephen Jones,DL,DEV,1999-06-06,1,00-0037551,,,,,
2023,18,NO,Jontre Kirklin,WR,CUT,1998-10-09,1,00-0037553,,,,,
2023,18,CAR,Chris Pierce,TE,DEV,1998-11-02,1,00-0037556,,,,,
2023,19,LA,Ronnie Rivers,RB,ACT,1999-01-31,1,00-0037557,,34310,RiveRo01,,8195
2023,18,CAR,Chandler Wooten,LB,RES,1999-04-25,1,00-0037560,,,WootCh00,,8635
2023,19,DAL,Markquese Bell,DB,ACT,1999-01-06,1,00-0037561,,,BellMa01,,8399
2023,19,DAL,Malik Davis,RB,DEV,1998-11-26,1,00-0037563,4240603,34610,DaviMa02,,8800
2023,1,DAL,Dontario Drummond,WR,CUT,,1,00-0037564,,34608,,,8166
2023,18,TEN,James Empey,OL,DEV,1996-10-27,1,00-0037565,,,,,
2023,1,KC,Ty Fryfogle,WR,CUT,,1,00-0037566,,34609,,,8196
2023,19,DAL,Peyton Hendershot,TE,ACT,1999-04-23,1,00-0037569,4258248,34607,HendPe01,,8197
2023,18,NYG,Dennis Houston,WR,DEV,1999-04-24,1,00-0037570,,34592,HousDe01,,8801
2023,1,DAL,Alec Lindstrom,OL,CUT,,1,00-0037572,,,,,
2023,20,TB,Quandre Mosely,DB,DEV,1999-05-18,1,00-0037573,,,,,
2023,18,IND,Isaac Taylor-Stuart,DB,DEV,1999-10-25,1,00-0037577,,,,,
2023,19,DAL,Juanyeh Thomas,DB,ACT,2000-06-24,1,00-0037578,,,,,
2023,18,ATL,Jared Bernhardt,WR,RET,,1,00-0037580,,34284,BernJa00,,8663
2023,1,PIT,Kuony Deng,LB,CUT,,1,00-0037582,,,,,
2023,18,LAC,Matt Hankins,DB,DEV,1999-02-22,1,00-0037583,,,,,
2023,1,NE,Brad Hawkins,DB,CUT,,1,00-0037584,,,,,
2023,18,NYG,Timmy Horne,DL,INA,1997-10-25,1,00-0037585,,,HornTi00,,8654
2023,18,ATL,Nate Landman,LB,ACT,1998-11-19,1,00-0037587,,34291,LandNa01,,8659
2023,18,ATL,Tyler Vrabel,OL,DEV,2000-06-24,1,00-0037590,,,,,
2023,19,CLE,Leroy Watson,OL,ACT,1998-06-10,1,00-0037591,,,,,
2023,1,ARI,David Anenih,LB,CUT,,1,00-0037592,,,,,
2023,18,TEN,Tre Avery,DB,ACT,1997-02-26,1,00-0037593,,,AverTr01,,8925
2023,18,TEN,Julius Chestnut,RB,RES,2000-10-26,1,00-0037594,4367567,34451,ChesJu00,,8254
2023,18,TEN,Jack Gibbens,LB,RES,1998-11-24,1,00-0037596,4249739,34454,GibbJa00,,8680
2023,18,ARI,Hayden Howerton,OL,DEV,1999-02-11,1,00-0037598,,,,,
2023,18,LV,Jalen McKenzie,OL,DEV,1999-07-10,1,00-0037600,,,,,
2023,18,NYJ,Xavier Newman-Johnson,OL,ACT,1999-08-04,1,00-0037601,,,,,
2023,22,SF,Sam Okuayinonu,DL,DEV,1998-05-01,1,00-0037602,,,OkuaSa00,,8540
2023,18,CAR,Jayden Peevy,DL,DEV,1999-09-03,1,00-0037603,,,,,
2023,1,TEN,Reggie Roberson,WR,CUT,,1,00-0037604,,,,,8175
2023,18,TEN,Andrew Rupcich,OL,ACT,1999-04-01,1,00-0037605,,,,,
2023,18,TEN,Ryan Stonehouse,P,RES,1999-05-11,1,00-0037607,,,,,
2023,21,BAL,Tre Swilling,DB,DEV,1999-03-26,1,00-0037608,,,,,8537
2023,1,LAC,Aaron Shampklin,RB,CUT,,1,00-0037609,,,,,
2023,18,NYG,Kayvon Thibodeaux,LB,ACT,2000-12-15,1,00-0037611,4426326,33960,ThibKa00,,8355
2023,18,NYG,Evan Neal,OL,RES,2000-09-19,1,00-0037612,,,,,
2023,20,HOU,Kenyon Green,OL,RES,2001-03-15,1,00-0037613,,,,,
2023,20,HOU,John Metchie III,WR,ACT,2000-07-18,1,00-0037614,4567096,33999,MetcJo00,,8147
2023,19,PHI,Nakobe Dean,LB,RES,2000-12-13,1,00-0037615,4426340,34039,DeanNa00,,8267
2023,18,IND,Nick Cross,DB,ACT,2001-09-10,1,00-0037616,4426403,34052,CrosNi00,,8392
2023,18,TEN,Hassan Haskins,RB,RES,1999-11-26,1,00-0037617,4372071,34087,HaskHa00,,8123
2023,19,LA,Zach Thomas,OL,DEV,1998-05-26,1,00-0037618,,,,,
2023,19,MIA,Chasen Hines,OL,DEV,2000-04-03,1,00-0037619,,,,,
2023,18,NE,Andrew Stueber,OL,ACT,1999-07-01,1,00-0037620,,,,,
2023,18,NYG,Ryder Anderson,DL,DEV,1998-10-15,1,00-0037621,,,AndeRy01,,8874
2023,18,NYJ,Vitaliy Gurman,OL,DEV,1998-08-04,1,00-0037625,,,,,
2023,20,TB,Mike Greene,DL,RES,1999-05-03,1,00-0037627,,,,,8887
2023,19,LA,Jacob Hummel,LB,ACT,1999-01-04,1,00-0037633,,34342,HummJa00,,8733
2023,1,KC,Duron Lowe,DB,CUT,,1,00-0037634,,,,,
2023,1,MIN,Jack Snyder,OL,CUT,,1,00-0037636,,,,,
2023,18,NYG,Benton Whitley,LB,INA,1999-02-12,1,00-0037638,,,,,
2023,18,MIN,William Kwenkeu,LB,RES,1997-01-08,1,00-0037639,,,KwenWi00,,8889
2023,18,ATL,Tucker Fisk,TE,ACT,1999-01-19,1,00-0037654,,,,,
2023,1,SEA,Liam Ryan,OL,CUT,,1,00-0037658,,,,,
2023,1,NO,Prince Emili,DL,CUT,,1,00-0037660,,,EmilPr00,,8899
2023,20,BUF,Ja'Marcus Ingram,DB,DEV,1997-09-02,1,00-0037661,,,,,
2023,20,TB,C.J. Brewer,DL,DEV,1997-11-22,1,00-0037662,,,BrewCJ00,,8898
2023,18,NYJ,Jermaine Johnson,LB,ACT,1999-01-08,1,00-0037663,4567962,33981,JohnJe07,,8398
2023,18,IND,Alec Pierce,WR,ACT,2000-05-02,1,00-0037664,4360078,34008,PierAl00,,8142
2023,19,DAL,Sam Williams,DL,ACT,1999-03-31,1,00-0037665,4567242,34011,WillSa00,,8368
2023,19,DAL,Jalen Tolbert,WR,ACT,1999-02-27,1,00-0037666,4249417,34044,TolbJa00,,8117
2023,21,DET,Kerby Joseph,DB,ACT,2000-11-14,1,00-0037667,4360383,34053,JoseKe03,,8348
2023,18,ATL,Arnold Tarpley,DB,DEV,,5,00-0037670,,,,,
2023,18,WAS,Tucker Addington,LS,ACT,1997-07-16,2,00-0037686,,,,,
2023,19,DAL,Brandon Aubrey,K,ACT,1995-03-14,1,00-0037692,,40819,,,11533
2023,21,DET,Maurice Alexander,WR,DEV,1997-01-10,3,00-0037708,,34712,,,8921
2023,18,NE,Jeremiah Pharms,DL,ACT,1996-10-16,3,00-0037711,,,,,
2023,18,NE,La'Michael Pettway,TE,INA,1997-03-20,3,00-0037724,,,,,
2023,18,NYJ,Garrett Wilson,WR,ACT,2000-07-22,1,00-0037740,4569618,33965,WilsGa00,,8146
2023,18,WAS,Jahan Dotson,WR,ACT,2000-03-22,1,00-0037741,4361409,33971,DotsJa00,,8119
2023,18,TEN,Treylon Burks,WR,ACT,2000-03-23,1,00-0037742,4567156,33973,BurkTr00,,8135
2023,18,CIN,Dax Hill,DB,ACT,2000-09-29,1,00-0037743,,33986,HillDa04,,8286
2023,18,ARI,Trey McBride,TE,ACT,1999-11-22,1,00-0037744,4361307,34010,McBrTr01,,8130
2023,18,CHI,Velus Jones,WR,ACT,1997-05-11,1,00-0037745,4035693,34027,JoneVe00,,8223
2023,18,WAS,Brian Robinson,RB,ACT,1999-03-22,1,00-0037746,4241474,34054,RobiBr01,,8154
2023,21,BAL,Christian Matthew,DB,DEV,1996-10-26,1,00-0037747,,,MattCh01,,8515
2023,18,ARI,Marquis Hayes,OL,DEV,1999-02-14,1,00-0037748,,,,,
2023,20,HOU,Myjai Sanders,LB,ACT,1998-07-12,1,00-0037751,4360080,34056,SandMy00,,8291
2023,18,CIN,Tycen Anderson,DB,RES,1999-06-13,1,00-0037752,,,,,
2023,18,CIN,Cam Taylor-Britt,DB,ACT,1999-10-15,1,00-0037753,4361196,34016,TaylCa01,,8341
2023,18,TEN,Nicholas Petit-Frere,OL,RES,1999-09-15,1,00-0037754,,,,,
2023,18,IND,Jelani Woods,TE,RES,1998-10-09,1,00-0037755,4241410,34029,WoodJe01,,8219
2023,21,BAL,Travis Jones,DL,ACT,1999-10-15,1,00-0037756,4362139,34032,JoneTr00,,8400
2023,18,IND,Bernhard Raimann,OL,ACT,1997-09-23,1,00-0037757,,,,,
2023,18,NYG,Cordale Flott,DB,ACT,2001-08-24,1,00-0037758,,34037,FlotCo00,,8310
2023,19,PIT,DeMarvin Leal,DL,INA,2000-07-01,1,00-0037759,,,,,
2023,18,CIN,Jeff Gunter,DL,DEV,1999-06-01,1,00-0037760,,,,,
2023,19,DAL,KaVontae Turpin,WR,ACT,1996-08-02,4,00-0037801,3676833,34709,,,8917
2023,18,CIN,Zach Carter,DL,ACT,1999-04-07,1,00-0037804,4240619,34051,CartZa00,,8295
2023,18,NYJ,Jeremy Ruckert,TE,RES,2000-08-11,1,00-0037805,4361372,34057,RuckJe00,,8145
2023,1,NE,Diego Fagot,LB,RES,,1,00-0037806,,,,,
2023,18,NYG,Joshua Ezeudu,OL,RES,1999-09-19,1,00-0037807,,,,,
2023,18,ATL,DeAngelo Malone,LB,ACT,1999-07-12,1,00-0037808,4243457,34038,MaloDe00,,8372
2023,18,TEN,Chigoziem Okonkwo,TE,ACT,1999-09-08,1,00-0037809,4360635,34099,OkonCh00,,8210
2023,18,ATL,Troy Andersen,LB,RES,1999-04-23,1,00-0037810,4247807,34015,AndeTr00,,8388
2023,18,JAX,Chad Muma,LB,ACT,1999-08-18,1,00-0037811,4361707,34026,MumaCh00,,8371
2023,18,SEA,Abraham Lucas,OL,INA,1998-10-15,1,00-0037812,,,,,
2023,19,MIA,Channing Tindall,LB,ACT,2000-03-28,1,00-0037813,4379414,34058,TindCh00,,8272
2023,18,JAX,Luke Fortner,OL,ACT,1998-05-15,1,00-0037814,,,,,
2023,18,ARI,Cameron Thomas,LB,INA,2000-07-01,1,00-0037815,4361510,34043,ThomCa03,,8383
2023,20,GB,Romeo Doubs,WR,ACT,2000-04-13,1,00-0037816,4361432,34088,DoubRo00,,8121
2023,20,GB,Zach Tom,OL,ACT,1999-03-26,1,00-0037817,,,,,
2023,18,LAC,Zion Johnson,OL,INA,1999-11-18,1,00-0037818,,,,,
2023,22,KC,Leo Chenal,LB,ACT,2000-10-26,1,00-0037819,4426901,34059,ChenLe00,,8362
2023,18,SEA,Charles Cross,OL,ACT,2000-11-25,1,00-0037821,,,,,
2023,18,MIN,Brian Asamoah,LB,ACT,2000-03-29,1,00-0037822,4360255,34022,AsamBr00,,8283
2023,20,HOU,Christian Harris,LB,ACT,2001-01-16,1,00-0037823,4567099,34031,HarrCh06,,8278
2023,21,BAL,Tyler Linderbaum,OL,ACT,2000-04-07,1,00-0037825,,,,,
2023,22,SF,Drake Jackson,DL,RES,2001-04-12,1,00-0037826,4569511,34017,JackDr01,,8351
2023,22,SF,Tyrion Davis-Price,RB,DEV,2000-10-23,1,00-0037827,4426475,34049,DaviTy03,,8211
2023,22,SF,Danny Gray,WR,RES,1999-04-01,1,00-0037828,4689546,34061,GrayDa02,,8176
2023,22,SF,Spencer Burford,OL,ACT,2000-07-19,1,00-0037829,,,,,
2023,22,SF,Samuel Womack,DB,INA,1999-07-07,1,00-0037830,4280416,34128,WomaSa00,,8478
2023,22,SF,Nick Zakelj,OL,RES,1999-06-22,1,00-0037831,,,,,
2023,22,SF,Kalia Davis,DL,RES,1998-10-02,1,00-0037832,,34176,DaviKa01,,8375
2023,18,WAS,Tariq Castro-Fields,DB,RES,1999-01-14,1,00-0037833,,34177,CastTa00,,8321
2023,22,SF,Brock Purdy,QB,ACT,1999-12-27,1,00-0037834,4361741,34218,PurdBr00,,8183
2023,20,TB,Luke Goedeke,OL,ACT,1998-11-21,1,00-0037835,,,,,
2023,19,LA,Logan Bruss,OL,DEV,1998-10-06,1,00-0037836,,,,,
2023,19,PIT,Calvin Austin,WR,ACT,1999-03-24,1,00-0037837,4243389,34094,AustCa00,,8125
2023,21,BAL,Isaiah Likely,TE,ACT,2000-04-18,1,00-0037838,4361050,34095,LikeIs00,,8131
2023,19,LA,Cobie Durant,DB,ACT,1998-02-09,1,00-0037839,,,,,
2023,19,LA,Kyren Williams,RB,ACT,2000-08-26,1,00-0037840,4430737,34120,WillKy02,,8150
2023,19,LA,Quentin Lake,DB,ACT,1999-01-29,1,00-0037841,4249128,34167,LakeQu00,,8330
2023,19,LA,Derion Kendrick,DB,ACT,2000-08-24,1,00-0037842,,34168,KendDe00,,8271
2023,18,CHI,Daniel Hardy,LB,DEV,1998-12-15,1,00-0037843,4365629,34191,HardDa01,,8520
2023,19,LA,Russ Yeast,DB,ACT,1999-05-08,1,00-0037844,,34209,YeasRu00,,8510
2023,19,LA,A.J. Arcuri,OL,DEV,1997-08-13,1,00-0037845,,,,,
2023,21,BAL,Damarion Williams,DB,RES,1998-07-15,1,00-0037984,4567480,34097,WillDa15,,8361
2023,21,BAL,Kyle Hamilton,DB,ACT,2001-03-16,1,00-0038038,4575517,33969,HamiKy00,,8339
2023,18,LV,Jack Jones,DB,ACT,1997-12-20,1,00-0038039,4035686,34077,JoneJa10,,8261
2023,18,LV,Zamir White,RB,ACT,1999-09-18,1,00-0038040,4361777,34078,WhitZa01,,8139
2023,19,DAL,Jake Ferguson,TE,ACT,1999-01-18,1,00-0038041,4242355,34085,FergJa00,,8110
2023,20,TB,Jake Camarda,P,ACT,1999-04-20,1,00-0038042,,,,,
2023,22,KC,Joshua Williams,DB,ACT,1999-10-17,1,00-0038043,4917635,34091,WillJo03,,8470
2023,1,ATL,Caeveon Patton,DL,CUT,,1,00-0038044,,,,,
2023,18,LAC,Isaiah Spiller,RB,INA,2001-08-09,1,00-0038045,4426891,34079,SpilIs00,,8153
2023,21,BAL,Charlie Kolar,TE,ACT,1999-02-10,1,00-0038046,4241263,34084,KolaCh00,,8127
2023,18,WAS,Alex Akingbulu,OL,ACT,1997-12-28,1,00-0038073,,,,,
2023,22,KC,Skyy Moore,WR,ACT,2000-09-10,1,00-0038090,4430191,34009,MoorSk01,,8168
2023,18,LAC,J.T. Woods,DB,INA,2000-06-10,1,00-0038091,4362917,34035,WoodJT00,,8313
2023,19,MIA,Erik Ezukanma,WR,RES,2000-01-25,1,00-0038092,4362186,34081,EzukEr00,,8114
2023,22,KC,Neil Farrell,DL,ACT,1998-09-09,1,00-0038093,4242234,34082,FarrNe00,,8307
2023,21,BAL,Jordan Stout,P,ACT,1998-08-04,1,00-0038094,,,,,
2023,18,CIN,Cordell Volson,OL,ACT,1998-07-20,1,00-0038095,,,,,
2023,21,DET,Joshua Paschal,DL,ACT,1999-12-17,1,00-0038096,4259994,34001,PascJo00,,8358
2023,18,NYG,Cade York,K,DEV,2001-01-27,1,00-0038097,4428963,34080,YorkCa00,,8258
2023,19,CLE,Pierre Strong,RB,INA,1998-12-10,1,00-0038098,4249836,34083,StroPi00,,8116
2023,18,WAS,Phidarian Mathis,DL,ACT,1998-04-26,1,00-0038099,4241468,34002,MathPh00,,8273
2023,18,WAS,Percy Butler,DB,RES,2000-05-05,1,00-0038100,4363097,34069,ButlPe00,,8394
2023,18,MIN,Akayleb Evans,DB,ACT,1999-06-22,1,00-0038101,4244607,34074,EvanAk00,,8389
2023,19,PIT,Kenny Pickett,QB,ACT,1998-06-06,1,00-0038102,4240703,33975,PickKe00,,8160
2023,18,NE,Cole Strange,OL,RES,1998-07-31,1,00-0038103,,,,,
2023,18,NE,Tyquan Thornton,WR,INA,2000-08-07,1,00-0038104,4362921,34005,ThorTy00,,8188
2023,18,DEN,Damarri Mathis,DB,ACT,1999-04-12,1,00-0038105,4240707,34071,MathDa00,,8386
2023,18,DEN,Eyioma Uwazurike,DL,RES,1998-05-06,1,00-0038106,,,,,
2023,18,NYJ,Micheal Clemons,DL,ACT,1997-08-21,1,00-0038107,4240896,34073,ClemMi03,,8316
2023,18,NE,Bailey Zappe,QB,ACT,1999-04-26,1,00-0038108,4250360,34093,ZappBa00,,8157
2023,18,CHI,Kyler Gordon,DB,ACT,1999-12-17,1,00-0038111,4361093,33994,GordKy00,,8365
2023,19,PHI,Cam Jurgens,OL,ACT,1999-08-21,1,00-0038112,,,,,
2023,19,PHI,Brandon Smith,LB,DEV,2001-04-12,1,00-0038113,4575416,34076,SmitBr08,,8324
2023,18,NYJ,Max Mitchell,OL,ACT,1999-10-12,1,00-0038114,,,,,
2023,18,NYG,Daniel Bellinger,TE,ACT,2000-09-22,1,00-0038115,4361516,34068,BellDa00,,8225
2023,18,ATL,Arnold Ebiketie,LB,ACT,1999-01-23,1,00-0038116,4257591,33993,EbikAr00,,8325
2023,18,NYG,Wan'Dale Robinson,WR,ACT,2001-01-05,1,00-0038117,4569587,33998,RobiWa01,,8126
2023,21,BAL,Daniel Faalele,OL,ACT,1999-11-09,1,00-0038118,,,,,
2023,21,BAL,Jalyn Armour-Davis,DB,RES,1999-09-03,1,00-0038119,4372017,34075,ArmoJa00,,8276
2023,18,NYJ,Breece Hall,RB,ACT,2001-05-31,1,00-0038120,4427366,33991,HallBr03,,8155
2023,18,NO,Alontae Taylor,DB,ACT,1998-12-03,1,00-0038121,4369835,34004,TaylAl01,,8333
2023,18,ATL,Desmond Ridder,QB,ACT,1999-08-31,1,00-0038122,4239086,34030,RiddDe00,,8159
2023,18,NYG,Dane Belton,DB,ACT,2000-12-07,1,00-0038123,4426686,34070,BeltDa00,,8395
2023,20,GB,Christian Watson,WR,ACT,1999-05-12,1,00-0038124,4248528,33989,WatsCh00,,8167
2023,18,TEN,Roger McCreary,DB,ACT,2000-02-10,1,00-0038125,4371973,33990,McCrRo01,,8303
2023,18,NYJ,Perrion Winfrey,DL,DEV,2000-08-15,1,00-0038126,4686470,34064,WinfPe00,,8279
2023,20,TB,Logan Hall,DL,ACT,2000-04-22,1,00-0038127,,,,,
2023,18,TEN,Malik Willis,QB,ACT,1999-05-25,1,00-0038128,4242512,34042,WillMa12,,8161
2023,20,TB,Cade Otton,TE,ACT,1999-04-15,1,00-0038129,4243331,34062,OttoCa00,,8111
2023,18,MIN,Andrew Booth,DB,ACT,2000-09-28,1,00-0038130,4426344,33997,BootAn00,,8300
2023,18,MIN,Ed Ingram,OL,INA,1999-02-11,1,00-0038131,,,,,
2023,3,NE,Matt Corral,QB,CUT,1999-01-31,1,00-0038132,4362874,34050,CorrMa00,,8164
2023,18,SEA,Boye Mafe,LB,ACT,1998-11-30,1,00-0038133,4240754,33995,MafeBo00,,8343
2023,18,SEA,Kenneth Walker,RB,ACT,2000-10-20,1,00-0038134,4567048,33996,WalkKe00,,8151
2023,18,CHI,Jaquan Brisker,DB,ACT,1999-04-20,1,00-0038135,4570044,34003,BrisJa01,,8323
2023,18,SEA,Coby Bryant,DB,ACT,1999-03-29,1,00-0038136,4239094,34065,BryaCo01,,8293
2023,18,CIN,Drew Plitt,QB,DEV,1998-01-09,1,00-0038137,,34707,,,8915
2023,18,JAX,Ayo Oyelola,DB,DEV,1998-10-19,2,00-0038141,,,,,
2023,21,BAL,David Ojabo,LB,RES,2000-05-17,1,00-0038142,4426507,34000,OjabDa00,,8287
2023,18,IND,Marcel Dabo,DB,DEV,2000-01-10,1,00-0038143,,,,,
2023,20,HOU,Adedayo Odeleye,DL,DEV,1997-10-17,1,00-0038144,,,,,
2023,18,TEN,Thomas Odukoya,TE,DEV,1997-05-05,1,00-0038145,,,,,
2023,15,MIN,Daylen Baldwin,WR,CUT,1999-11-24,1,00-0038147,,34713,BaldDa01,,8928
2023,18,ATL,Josh Ali,WR,RES,1999-03-03,1,00-0038149,,,,,
2023,18,NE,Nathan Rourke,QB,ACT,1998-05-24,3,00-0038150,,40016,,,8938
2023,1,GB,Tyrell Ford,DB,CUT,,1,00-0038151,,,,,
2023,18,LA,Lucas Havrisik,K,CUT,1999-09-29,1,00-0038152,,34720,,,8932
2023,1,ATL,Clint Ratkovich,RB,CUT,,1,00-0038156,,,,,
2023,18,MIN,Lucky Jackson,WR,ACT,1997-07-17,3,00-0038181,,,,,
2023,1,CAR,Antwuan Jackson,DL,CUT,,1,00-0038253,,,,,
2023,1,JAX,Willie Taylor,LB,CUT,,0,00-0038295,,,,,
2023,18,ATL,Barry Wesley,OL,DEV,1999-07-14,1,00-0038304,,,,,
2023,18,LA,Alex Matheson,LS,DEV,,2,00-0038325,,,,,
2023,19,DAL,Josh Butler,DB,DEV,1996-11-25,3,00-0038348,,,,,
2023,1,LA,Tanner Brown,K,CUT,,0,00-0038354,,40376,,,11145
2023,1,LA,Tyler Hudson,WR,CUT,,0,00-0038356,,,,,
2023,19,LA,Mike Mcallister,OL,DEV,1999-06-12,0,00-0038358,,,,,
2023,19,LA,Xavier Smith,WR,DEV,1997-09-21,0,00-0038359,,40399,,,11168
2023,19,LA,Alex Ward,LS,RES,1999-04-21,0,00-0038360,,,,,
2023,1,LA,Tyon Davis,DB,CUT,,0,00-0038361,,,,,
2023,1,LA,Braxton Burmeister,QB,CUT,,0,00-0038365,,,,,
2023,19,LA,Tanner Ingle,DB,DEV,1999-10-29,0,00-0038366,,,,,
2023,18,CHI,Quindell Johnson,DB,INA,1999-11-05,0,00-0038368,,,JohnQu01,,11150
2023,1,LA,Jordan Jones,DB,CUT,,0,00-0038369,,,,,
2023,1,LA,Ryan Smenda,LB,CUT,,0,00-0038370,,,,,
2023,1,LA,Jaiden Woodbey,LB,CUT,,0,00-0038371,,,,,
2023,18,WAS,Kyu Blu Kelly,DB,ACT,2001-05-22,0,00-0038381,,40187,BluxKy00,,10976
2023,21,BAL,Malaesala Aumavae-Laulu,OL,INA,1999-05-25,0,00-0038382,,,,,
2023,21,BAL,Andrew Vorhees,OL,RES,1999-01-21,0,00-0038383,,,,,
2023,1,LA,Sean Maginn,OL,CUT,,0,00-0038384,,,,,
2023,19,LA,Dresser Winn,QB,DEV,1998-11-11,0,00-0038385,,,,,11169
2023,19,PHI,Jalen Carter,DL,ACT,2001-04-04,0,00-0038386,,40035,CartJa05,,10888
2023,20,GB,Colby Wooden,DL,ACT,2000-12-21,0,00-0038387,,40132,WoodCo01,,10952
2023,19,PIT,Darius Rush,DB,INA,2000-02-22,0,00-0038388,,40170,RushDa00,,10990
2023,18,NYJ,Israel Abanikanda,RB,ACT,2002-10-05,0,00-0038389,,40165,AbanIs00,,9227
2023,18,CHI,Noah Sewell,LB,ACT,2002-04-26,0,00-0038390,,40172,SeweNo00,,10984
2023,20,GB,Sean Clifford,QB,ACT,1998-07-14,0,00-0038391,,40173,ClifSe00,,10983
2023,18,IND,Daniel Scott,DB,RES,1998-10-26,0,00-0038392,,,,,
2023,20,GB,Dontayvion Wicks,WR,ACT,2001-06-16,0,00-0038393,,40201,WickDo00,,9486
2023,18,IND,Will Mallory,TE,ACT,1999-06-22,0,00-0038394,,40180,MallWi00,,10220
2023,18,CHI,Terell Smith,DB,ACT,1999-09-27,0,00-0038395,,40175,SmitTe05,,10972
2023,18,NYG,Eric Gray,RB,ACT,1999-11-04,0,00-0038396,,40198,GrayEr01,,10223
2023,18,IND,Evan Hull,RB,RES,2000-10-26,0,00-0038397,,40169,HullEv00,,9220
2023,20,GB,Karl Brooks,DL,ACT,2000-05-08,0,00-0038398,,,BrooKa00,,11009
2023,18,NYJ,Zaire Barnes,LB,RES,1999-09-03,0,00-0038399,,40233,BarnZa00,,11000
2023,19,PHI,Tanner McKee,QB,INA,2000-04-27,0,00-0038400,,40220,McKeTa01,,9230
2023,18,NYJ,Jarrick Bernard-Converse,DB,ACT,2000-04-29,0,00-0038401,,40236,BernJa01,,11001
2023,20,GB,Anders Carlson,K,ACT,1998-06-16,0,00-0038402,,40214,CarlAn00,,11008
2023,18,NYG,Tre Hawkins,DB,ACT,2000-08-01,0,00-0038403,,40228,HawkTr00,,10993
2023,18,IND,Titus Leo,DL,RES,1999-08-26,0,00-0038404,,40219,LeoxTi00,,11004
2023,18,CIN,Travis Bell,DL,INA,1998-10-27,0,00-0038405,,,BellTr01,,11054
2023,18,NYJ,Zack Kuntz,TE,ACT,1999-06-09,0,00-0038406,,40255,KuntZa00,,9483
2023,18,IND,Jaylon Jones,DB,ACT,2002-04-03,0,00-0038407,,40258,JoneJa13,,11052
2023,20,GB,Carrington Valentine,DB,ACT,2001-09-09,0,00-0038408,,40274,ValeCa00,,11042
2023,19,PHI,Lew Nichols,RB,DEV,2001-08-16,0,00-0038409,,40260,NichLe00,,9510
2023,18,IND,Jake Witt,OL,RES,2000-02-07,0,00-0038410,,,,,
2023,20,GB,Anthony Johnson Jr.,DB,ACT,1999-12-02,0,00-0038411,,,,,
2023,19,PHI,Moro Ojomo,DL,INA,2001-08-15,0,00-0038412,,,OjomMo00,,11030
2023,18,NYG,Gervarrius Owens,DB,ACT,1999-10-14,0,00-0038413,,,,,
2023,20,BUF,Kendall Williamson,DB,RES,2000-08-24,0,00-0038414,,,,,
2023,18,CHI,Tyson Bagent,QB,INA,2000-06-08,0,00-0038416,,40504,BageTy00,,11256
2023,18,CHI,Micah Baskerville,LB,DEV,1999-10-19,0,00-0038417,,,,,
2023,18,CHI,Robert Burns,RB,DEV,1998-09-25,0,00-0038419,,,,,
2023,5,CHI,Macon Clark,DB,DEV,1999-07-21,0,00-0038421,,,,,
2023,1,PIT,Aron Cruickshank,WR,CUT,,0,00-0038422,,,,,
2023,18,WAS,Jalen Harris,DL,ACT,1999-02-26,0,00-0038423,,,HarrJa04,,11258
2023,1,CHI,Bobby Haskins,OL,CUT,,0,00-0038424,,,,,
2023,1,CHI,Gabe Houy,OL,RES,,0,00-0038425,,,,,
2023,20,GB,Thyrick Pitts,WR,DEV,2001-04-08,0,00-0038427,,,,,
2023,18,IND,Liam Anderson,LB,DEV,2000-04-30,0,00-0038429,,,,,
2023,1,GB,Cody Chrest,WR,CUT,,0,00-0038430,,,,,
2023,1,IND,Emil Ekiyor,OL,CUT,,0,00-0038432,,,,,
2023,1,PIT,Darius Hagans,RB,CUT,,0,00-0038433,,,,,
2023,1,PHI,Johnny King,WR,CUT,,0,00-0038434,,,,,
2023,18,ATL,Donavan Mutin,LB,DEV,2000-09-22,0,00-0038437,,,,,
2023,1,IND,Caleb Sampson,DL,CUT,,0,00-0038439,,,,,
2023,18,IND,Zavier Scott,RB,DEV,1999-07-17,0,00-0038440,,,,,
2023,18,SEA,Levi Bell,LB,DEV,1999-08-06,0,00-0038444,,,,,
2023,1,BAL,Trey Botts,DL,CUT,,0,00-0038445,,,,,
2023,1,BAL,Kai Caesar,DL,CUT,,0,00-0038446,,,,,
2023,5,BAL,Dontay Demus,WR,CUT,2000-09-26,0,00-0038447,,40642,,,11382
2023,21,BAL,Malik Hamm,DL,RES,2000-08-26,0,00-0038448,,,,,
2023,18,BAL,Jeremy Lucien,DB,DEV,2000-05-12,0,00-0038451,,,,,
2023,21,BAL,Tashawn Manning,OL,DEV,1998-05-23,0,00-0038452,,,,,
2023,1,BAL,Corey Mayfield,DB,CUT,,0,00-0038453,,,,,
2023,21,BAL,Keaton Mitchell,RB,RES,2002-01-17,0,00-0038454,,40641,MitcKe01,,9511
2023,21,BAL,Sean Ryan,WR,DEV,1999-01-21,0,00-0038455,,,,,
2023,18,ARI,Travis Vokolek,TE,ACT,1998-06-04,0,00-0038456,,40643,,,11381
2023,21,BAL,Owen Wright,RB,DEV,1999-02-28,0,00-0038458,,40639,WrigOw00,,11384
2023,21,BAL,Tykeem Doss,OL,DEV,1999-09-25,0,00-0038459,,,,,
2023,1,BAL,Jake Guidone,OL,CUT,,0,00-0038460,,,,,
2023,1,BAL,Kelle Sanders,LB,CUT,,0,00-0038461,,,,,
2023,20,GB,Keshawn Banks,DL,ACT,1999-12-21,0,00-0038462,,,,,
2023,20,GB,Brenton Cox Jr.,LB,INA,2000-01-30,0,00-0038463,,,CoxxBr02,,11193
2023,1,NO,Chuck Filiaga,OL,CUT,,0,00-0038464,,,,,
2023,20,GB,Malik Heath,WR,INA,2000-03-31,0,00-0038465,,40445,HeatMa00,,11210
2023,1,GB,Jason Lewan,DL,CUT,,0,00-0038466,,,,,
2023,1,LA,Camren McDonald,TE,CUT,,0,00-0038467,,,,,
2023,20,GB,Henry Pearson,TE,DEV,1999-11-23,0,00-0038468,,,,,
2023,1,GB,Jimmy Phillips,LB,CUT,,0,00-0038469,,,,,
2023,20,GB,Benny Sapp III,DB,INA,2000-06-27,0,00-0038470,,,,,
2023,20,GB,Kadeem Telfort,OL,DEV,1998-11-10,0,00-0038471,,,,,
2023,19,PIT,Duece Watts,WR,DEV,1999-12-23,0,00-0038472,,,,,
2023,1,NYG,Habakkuk Baldonado,DL,CUT,,0,00-0038473,,,,,
2023,18,CAR,Alex Cook,DB,ACT,1999-05-21,0,00-0038475,,,,,
2023,18,NYG,Tommy DeVito,QB,ACT,1998-08-07,0,00-0038476,,40533,DeViTo00,,11292
2023,18,NYG,Bryce Ford-Wheaton,WR,RES,2000-03-09,0,00-0038477,,40529,,,9499
2023,1,NYG,Gemon Green,DB,CUT,,0,00-0038478,,,,,
2023,18,NYG,Dyontae Johnson,LB,DEV,2000-09-28,0,00-0038479,,,,,
2023,18,NYG,Ryan Jones,TE,DEV,1999-08-20,0,00-0038480,,,,,
2023,1,NYG,Cameron Lyons,LS,CUT,,0,00-0038481,,,,,
2023,19,PHI,Mekhi Garner,DB,ACT,2000-01-11,0,00-0038482,,,,,
2023,1,PHI,Jadon Haselwood,WR,CUT,,0,00-0038483,,40515,,,9498
2023,19,PHI,Joseph Ngata,WR,DEV,2001-01-09,0,00-0038484,,40514,,,11276
2023,1,MIN,Chim Okorafor,OL,CUT,,0,00-0038485,,,,,
2023,1,ATL,Trevor Reid,OL,CUT,,0,00-0038486,,,,,
2023,19,PHI,Eli Ricks,DB,ACT,2001-09-26,0,00-0038487,,40511,RickEl00,,11278
2023,18,SEA,Brady Russell,TE,ACT,1998-08-31,0,00-0038488,,40519,RussBr00,,11280
2023,19,PHI,Ben VanSumeren,LB,ACT,2000-05-05,0,00-0038489,,,,,
2023,18,TEN,Ty Zentner,P,ACT,1998-06-07,0,00-0038490,,,,,
2023,20,GB,Deslin Alexandre,DL,RES,1998-06-11,0,00-0038491,,,,,
2023,18,NYJ,Jason Brownlee,WR,ACT,1999-01-30,0,00-0038492,,40545,BrowJa07,,11311
2023,18,CAR,Claudin Cherelus,LB,RES,1999-02-09,0,00-0038493,,,CherCl00,,11305
2023,22,KC,Trey Dean III,DB,DEV,2000-02-29,0,00-0038494,,,,,
2023,1,NYJ,Travis Dye,RB,CUT,,0,00-0038495,,,,,10865
2023,18,NYJ,Xavier Gipson,WR,ACT,2001-03-08,0,00-0038496,,40548,GipsXa00,,11306
2023,18,NYJ,Maalik Hall,LB,RES,1999-02-04,0,00-0038497,,,,,
2023,18,LV,E.J. Jenkins,TE,DEV,1998-11-03,0,00-0038498,,,,,
2023,18,ARI,Caleb Johnson,LB,TRC,1998-07-14,0,00-0038499,,,,,
2023,18,LAC,Brent Laing,OL,DEV,1999-06-03,0,00-0038500,,,,,
2023,1,NYJ,Derrick Langford,DB,CUT,,0,00-0038501,,,,,
2023,18,NE,T.J. Luther,WR,DEV,2000-05-13,0,00-0038502,,,,,
2023,1,NYJ,Marquis Waters,DB,CUT,,0,00-0038503,,,,,
2023,21,BAL,Trenton Simpson,LB,ACT,2001-06-14,0,00-0038504,,40116,SimpTr00,,10935
2023,21,BAL,Tavius Robinson,LB,ACT,1999-01-03,0,00-0038505,,,,,
2023,18,NYG,Jordon Riley,DL,ACT,1998-05-19,0,00-0038506,,,RileJo00,,11035
2023,20,GB,Grant DuBose,WR,DEV,2001-06-20,0,00-0038507,,,,,
2023,18,CHI,Jerome Carvin,OL,DEV,2000-09-20,0,00-0038509,,,,,
2023,1,KC,Anthony Cook,DB,CUT,,0,00-0038510,,,,,
2023,1,KC,Anderson Hardy,OL,CUT,,0,00-0038511,,,,,
2023,22,KC,Cam Jones,LB,RES,1999-10-21,0,00-0038513,,40557,JoneCa04,,11315
2023,22,KC,Truman Jones,DL,DEV,2000-05-13,0,00-0038514,,,,,
2023,9,KC,Isaiah Moore,LB,CUT,1999-10-06,0,00-0038516,,,,,
2023,1,KC,Isaiah Norman,DB,CUT,,0,00-0038517,,,,,
2023,22,KC,Deneric Prince,RB,DEV,2000-04-11,0,00-0038518,,40570,,,10870
2023,22,KC,Nikko Remigio,WR,RES,1999-11-04,0,00-0038519,,,,,11320
2023,1,KC,Ty Scott,WR,CUT,,0,00-0038520,,,,,
2023,18,DEN,Reese Taylor,DB,DEV,1999-08-27,0,00-0038521,,,,,
2023,19,CLE,Kahlef Hailassie,DB,INA,2000-11-09,0,00-0038523,,,HailKa00,,11489
2023,1,CHI,D'Anthony Jones,DL,CUT,,0,00-0038524,,,,,
2023,1,CHI,Josh Lugg,OL,CUT,,0,00-0038525,,,,,
2023,1,CHI,Bralen Trahan,DB,CUT,,0,00-0038526,,,,,
2023,1,GB,Broughton Hatcher,LS,RES,,0,00-0038528,,,,,
2023,18,NE,William Hooper,DB,DEV,2000-03-21,0,00-0038529,,,,,
2023,1,GB,Antonio Moultrie,DL,CUT,,0,00-0038530,,,,,
2023,1,IND,Tyler Adams,WR,CUT,,0,00-0038531,,,,,
2023,1,IND,Kody Case,WR,CUT,,0,00-0038532,,,,,
2023,1,IND,Matthew Vanderslice,OL,CUT,,0,00-0038533,,,,,
2023,1,MIA,Jamal Woods,DL,CUT,,0,00-0038534,,,,,
2023,18,CAR,D.J. Johnson,LB,ACT,1998-10-21,0,00-0038535,,,,,
2023,18,CAR,Chandler Zavala,OL,RES,1999-04-02,0,00-0038536,,,,,
2023,18,CAR,J.D. DiRenzo,OL,ACT,1998-07-27,0,00-0038537,,,,,
2023,10,CAR,Mark Milton,DB,DEV,1999-09-14,0,00-0038538,,,,,
2023,1,CAR,Bumper Pool,LB,CUT,,0,00-0038539,,,,,11335
2023,18,ARI,Paris Johnson,OL,ACT,2001-07-03,0,00-0038540,,,,,
2023,18,LV,Tyree Wilson,DL,ACT,2000-05-20,0,00-0038541,,40043,WilsTy01,,10889
2023,18,ATL,Bijan Robinson,RB,ACT,2002-01-30,0,00-0038542,,40055,RobiBi01,,9509
2023,18,SEA,Jaxon Smith-Njigba,WR,ACT,2002-02-14,0,00-0038543,,40041,SmitJa06,,9488
2023,18,LAC,Quentin Johnston,WR,ACT,2001-09-06,0,00-0038544,,40051,JohnQu02,,9754
2023,19,DAL,Mazi Smith,DL,ACT,2001-06-16,0,00-0038545,,40044,SmitMa06,,10877
2023,18,CIN,Myles Murphy,DL,ACT,2002-01-03,0,00-0038546,,40057,MurpMy00,,10875
2023,19,DAL,Luke Schoonmaker,TE,ACT,1998-09-28,0,00-0038547,,40061,SchoLu00,,10871
2023,20,BUF,O'Cyrus Torrence,OL,ACT,2000-01-20,0,00-0038548,,,,,
2023,18,CIN,D.J. Turner,DB,ACT,2000-11-09,0,00-0038549,,40076,TurnDJ01,,10894
2023,21,DET,Hendon Hooker,QB,INA,1998-01-13,0,00-0038550,,40096,HookHe00,,9998
2023,18,NO,Kendre Miller,RB,ACT,2002-06-11,0,00-0038551,,40108,MillKe01,,9757
2023,18,DEN,Riley Moss,DB,ACT,2000-03-03,0,00-0038552,,40112,MossRi00,,10930
2023,18,LAC,Daiyan Henley,LB,ACT,1999-11-18,0,00-0038553,,40113,HenlDa00,,10914
2023,22,SF,Ji'Ayir Brown,DB,ACT,2000-01-25,0,00-0038554,,40106,BrowJi01,,10936
2023,18,JAX,Tank Bigsby,RB,ACT,2001-08-30,0,00-0038555,,40095,BigsTa00,,9225
2023,19,DAL,DeMarvion Overshown,LB,RES,2000-08-13,0,00-0038556,,40099,OverDe00,,10933
2023,20,BUF,Dorian Williams,LB,ACT,2001-06-28,0,00-0038557,,40098,WillDo04,,10923
2023,19,PIT,Darnell Washington,TE,ACT,2001-08-17,0,00-0038558,,40094,WashDa03,,9479
2023,18,ARI,Michael Wilson,WR,ACT,2000-02-23,0,00-0038559,,40121,WilsMi02,,10232
2023,18,CIN,Jordan Battle,DB,ACT,2000-12-14,0,00-0038560,,40117,BattJo00,,10927
2023,19,CLE,Siaki Ika,DL,ACT,2000-11-08,0,00-0038561,,40104,IkaxSi00,,10931
2023,22,SF,Jake Moody,K,ACT,1999-11-23,0,00-0038562,,40129,MoodJa00,,10937
2023,18,LV,Tre Tucker,WR,ACT,2001-03-08,0,00-0038563,,40114,TuckTr00,,10213
2023,22,SF,Cameron Latu,TE,RES,2000-02-24,0,00-0038564,,40101,LatuCa01,,10210
2023,18,MIN,Mekhi Blackmon,DB,INA,1999-03-18,0,00-0038565,,40103,BlacMe00,,10918
2023,18,NO,Nick Saldiveri,OL,RES,2000-08-14,0,00-0038566,,,,,
2023,18,NE,Chad Ryland,K,ACT,1999-10-15,0,00-0038567,,40159,RylaCh00,,10955
2023,18,ATL,Clark Phillips,DB,ACT,2001-12-19,0,00-0038568,,,PhilCl00,,10954
2023,18,NE,Sidy Sow,OL,ACT,1998-06-10,0,00-0038569,,,,,
2023,18,JAX,Ventrell Miller,LB,RES,1999-01-15,0,00-0038570,,40155,MillVe00,,10947
2023,18,ARI,Jon Gaines,OL,RES,1999-05-24,0,00-0038571,,,,,
2023,18,SEA,Cameron Young,DL,ACT,2000-06-08,0,00-0038572,,,,,
2023,18,LAC,Derius Davis,WR,ACT,2000-09-11,0,00-0038573,,40133,DaviDe02,,10234
2023,19,CLE,Isaiah McGuire,DL,INA,2001-07-27,0,00-0038574,,40150,McGuIs00,,10943
2023,19,DAL,Viliami Fehoko Jr.,DL,INA,1999-12-16,0,00-0038575,,40140,FehoVi00,,10942
2023,18,CIN,Charlie Jones,WR,ACT,1998-10-29,0,00-0038576,,40158,JoneCh11,,10228
2023,19,PIT,Nick Herbig,LB,ACT,2001-11-21,0,00-0038577,,,,,
2023,18,MIN,Jay Ward,DB,ACT,2000-07-13,0,00-0038578,,40147,WardJa00,,10939
2023,18,LV,Aidan O'Connell,QB,ACT,1998-09-01,0,00-0038579,,40138,OConAi00,,10866
2023,18,JAX,Yasir Abdullah,LB,INA,2000-04-12,0,00-0038580,,,AbduYa00,,10992
2023,18,WAS,K.J. Henry,DL,ACT,1999-01-27,0,00-0038581,,,HenrKJ00,,10991
2023,18,ARI,Clayton Tune,QB,ACT,1999-03-23,0,00-0038582,,40188,TuneCl00,,10217
2023,19,CLE,Dorian Thompson-Robinson,QB,RES,1999-11-14,0,00-0038583,,40195,ThomDo02,,10862
2023,18,MIN,Jaquelin Roy,DL,INA,2000-10-22,0,00-0038584,,,,,
2023,19,CLE,Cameron Mitchell,DB,ACT,2001-09-08,0,00-0038585,,40184,MitcCa01,,10988
2023,18,NE,Atonio Mafi,OL,ACT,2000-10-20,0,00-0038586,,,,,
2023,18,CAR,Jammie Robinson,DB,ACT,2001-01-24,0,00-0038587,,40176,RobiJa03,,10986
2023,18,NO,Jordan Howden,DB,ACT,2000-05-14,0,00-0038588,,40199,HowdJo00,,10985
2023,18,TEN,Josh Whyle,TE,RES,1999-09-08,0,00-0038589,,40182,WhylJo01,,10212
2023,20,BUF,Justin Shorter,WR,RES,2000-04-17,0,00-0038590,,40167,ShorJu00,,9489
2023,18,SEA,Mike Morris,DL,RES,2001-04-22,0,00-0038591,,,,,
2023,21,DET,Colby Sorsdal,OL,ACT,2000-03-01,0,00-0038592,,,,,
2023,18,SEA,Olusegun Oluwatimi,OL,ACT,1999-08-05,0,00-0038593,,,,,
2023,22,SF,Darrell Luter Jr.,DB,ACT,2000-04-24,0,00-0038594,,40186,LuteDa00,,10978
2023,18,LAC,Jordan McFadden,OL,ACT,1999-11-16,0,00-0038595,,,,,
2023,18,JAX,Antonio Johnson,DB,ACT,2001-10-29,0,00-0038596,,,,,
2023,18,CIN,Chase Brown,RB,ACT,2000-03-21,0,00-0038597,,40196,BrowCh10,,9224
2023,18,MIN,Jaren Hall,QB,INA,1998-03-24,0,00-0038598,,40185,HallJa00,,9231
2023,20,HOU,Henry To'oTo'o,LB,ACT,2001-01-05,0,00-0038599,,40189,TooTHe00,,10970
2023,18,ARI,Owen Pappoe,LB,ACT,2000-09-29,0,00-0038600,,40200,PappOw00,,10969
2023,19,DAL,Asim Richards,OL,INA,2000-10-02,0,00-0038601,,,,,
2023,18,LV,Christopher Smith,DB,ACT,2000-05-01,0,00-0038602,,,,,
2023,22,SF,Robert Beal Jr.,DL,ACT,1999-08-18,0,00-0038603,,40181,BealRo00,,10966
2023,19,DAL,Eric Scott Jr.,DB,INA,1998-08-07,0,00-0038604,,,ScotEr00,,11020
2023,18,DEN,J.L. Skinner,DB,ACT,2001-04-16,0,00-0038605,,,,,
2023,18,JAX,Parker Washington,WR,ACT,2002-03-21,0,00-0038606,,40234,WashPa01,,9487
2023,18,TEN,Jaelyn Duncan,OL,INA,2000-07-08,0,00-0038607,,,,,
2023,18,NE,Kayshon Boutte,WR,ACT,2002-05-07,0,00-0038608,,40224,BoutKa00,,9504
2023,19,CLE,Luke Wypler,OL,INA,2001-05-03,0,00-0038609,,,,,
2023,18,NE,Bryce Baringer,P,ACT,1999-04-26,0,00-0038610,,,,,
2023,18,WAS,Chris Rodriguez,RB,RES,1999-09-26,0,00-0038611,,40231,RodrCh00,,10219
2023,18,NO,A.T. Perry,WR,ACT,1999-10-26,0,00-0038612,,40242,PerrAT00,,10863
2023,18,SEA,Jerrick Reed,DB,RES,2000-08-07,0,00-0038613,,40239,ReedJe00,,10997
2023,18,LAC,Scott Matlock,DL,ACT,2000-06-28,0,00-0038614,,40225,MatlSc00,,10994
2023,20,HOU,Jarrett Patterson,OL,RES,1999-09-01,0,00-0038615,,,,,
2023,18,JAX,Christian Braswell,DB,RES,1999-09-27,0,00-0038616,,40208,BrasCh00,,11018
2023,18,LV,Amari Burney,LB,ACT,2000-06-19,0,00-0038617,,40235,BurnAm00,,11003
2023,20,HOU,Xavier Hutchinson,WR,ACT,2000-06-01,0,00-0038618,,40232,HutcXa00,,10218
2023,18,CIN,Andrei Iosivas,WR,ACT,1999-10-15,0,00-0038619,,40211,IosiAn00,,10226
2023,18,JAX,Erick Hallett,DB,DEV,2000-04-24,0,00-0038620,,,,,
2023,18,NE,Demario Douglas,WR,ACT,2000-12-08,0,00-0038621,,40222,DougDe00,,9501
2023,19,DAL,Deuce Vaughn,RB,RES,2001-11-02,0,00-0038622,,40240,VaugDe00,,9505
2023,18,ARI,Dante Stills,DL,RES,1999-12-14,0,00-0038623,,,,,
2023,18,IND,Ameer Speed,DB,ACT,1999-10-13,0,00-0038624,,,,,
2023,22,SF,Dee Winters,LB,ACT,2000-10-17,0,00-0038625,,40227,WintDe00,,11017
2023,18,CIN,Brad Robbins,P,ACT,1998-10-06,0,00-0038626,,,,,
2023,21,DET,Antoine Green,WR,ACT,1999-11-15,0,00-0038627,,40281,GreeAn00,,11053
2023,18,ATL,DeMarcco Hellams,DB,INA,2000-06-05,0,00-0038628,,40278,HellDe00,,11050
2023,18,ATL,Jovaughn Gwyn,OL,ACT,1999-03-18,0,00-0038629,,,,,
2023,18,JAX,Cooper Hodges,OL,RES,2000-07-13,0,00-0038630,,,,,
2023,1,JAX,Raymond Vohasek,DL,CUT,,0,00-0038631,,,,,
2023,18,TEN,Colton Dowell,WR,RES,1999-04-19,0,00-0038632,,40263,DoweCo00,,11046
2023,20,HOU,Nick Broeker,OL,INA,2000-10-07,0,00-0038633,,,,,
2023,18,LV,Nesta Jade Silvera,DL,DEV,2000-01-23,0,00-0038634,,,JadeNe00,,11043
2023,18,WAS,Andre Jones,DL,INA,1998-10-25,0,00-0038635,,40247,JoneAn02,,11041
2023,18,SEA,Kenny McIntosh,RB,INA,2000-03-03,0,00-0038636,,40267,McInKe00,,10216
2023,18,LAC,Max Duggan,QB,DEV,2001-03-12,0,00-0038637,,40272,DuggMa00,,10233
2023,6,JAX,Derek Parish,RB,DEV,1999-01-04,0,00-0038638,,,PariDe00,,11038
2023,19,PIT,Cory Trice,DB,RES,2000-05-30,0,00-0038639,,40256,TricCo00,,11037
2023,19,DAL,Jalen Brooks,WR,INA,2000-05-07,0,00-0038640,,40257,BrooJa03,,11034
2023,18,NE,Isaiah Bolden,DB,RES,1999-12-16,0,00-0038641,,,BoldIs00,,11033
2023,18,CIN,D.J. Ivey,DB,RES,2000-02-25,0,00-0038642,,40259,IveyDJ00,,11032
2023,22,SF,Brayden Willis,TE,ACT,1999-11-11,0,00-0038643,,40261,WillBr06,,10224
2023,20,HOU,Brandon Hill,DB,DEV,2000-09-06,0,00-0038644,,,,,
2023,19,PIT,Spencer Anderson,OL,ACT,2000-06-07,0,00-0038645,,,,,
2023,18,NE,Alex Austin,DB,ACT,2001-05-22,0,00-0038646,,,AustAl00,,11027
2023,22,SF,Ronnie Bell,WR,INA,2000-01-28,0,00-0038647,,40279,BellRo01,,10221
2023,22,SF,Jalen Graham,LB,INA,2000-01-11,0,00-0038648,,40265,GrahJa02,,11025
2023,18,DEN,Alex Forsyth,OL,INA,1999-02-13,0,00-0038649,,,,,
2023,1,DET,Brad Cecil,OL,CUT,,0,00-0038650,,,,,
2023,20,HOU,Chase Cota,WR,DEV,1999-11-09,0,00-0038651,,,,,11347
2023,10,LV,Isaac Darkangelo,LB,CUT,2000-04-26,0,00-0038652,,,,,
2023,19,LA,Cory Durden,DL,DEV,1999-01-26,0,00-0038653,,,DurdCo00,,11338
2023,21,DET,Connor Galvin,OL,DEV,1999-03-11,0,00-0038654,,,,,
2023,21,DET,Steven Gilmore,DB,INA,1999-09-17,0,00-0038655,,,GilmSt01,,11487
2023,21,DET,Mohamed Ibrahim,RB,DEV,1999-09-08,0,00-0038656,,40586,IbraMo00,,10651
2023,21,DET,Brandon Joseph,DB,DEV,2001-01-05,0,00-0038657,,,,,
2023,1,DET,Adrian Martinez,QB,CUT,,0,00-0038658,,,,,
2023,18,ARI,Trevor Nowaske,LB,INA,1998-11-07,0,00-0038660,,40591,NowaTr00,,11348
2023,21,DET,Chris Smith,DL,DEV,1999-12-15,0,00-0038661,,,,,
2023,18,ATL,Ryan Swoboda,OL,DEV,1998-09-19,0,00-0038662,,,,,
2023,18,ARI,Starling Thomas,DB,ACT,2000-01-25,0,00-0038663,,40593,ThomSt01,,11343
2023,18,JAX,D.J. Coleman,DL,DEV,1998-09-22,0,00-0038666,,,,,
2023,18,JAX,Elijah Cooks,WR,ACT,1998-10-13,0,00-0038667,,40374,CookEl00,,11139
2023,18,NYG,Kaleb Hayes,DB,DEV,1999-03-19,0,00-0038668,,,,,
2023,18,JAX,Dequan Jackson,LB,DEV,1999-10-07,0,00-0038669,,,,,
2023,1,JAX,Samuel Jackson,OL,CUT,,0,00-0038670,,,,,
2023,1,JAX,Jaray Jenkins,WR,RES,,0,00-0038671,,,,,11133
2023,1,JAX,Oliver Martin,WR,CUT,,0,00-0038672,,,,,
2023,14,JAX,Leonard Taylor,TE,CUT,1999-08-26,0,00-0038673,,,,,
2023,18,ARI,Divaad Wilson,DB,INA,2000-01-26,0,00-0038674,,,WilsDi00,,11132
2023,1,BUF,D.J. Dale,DL,CUT,,0,00-0038675,,,,,
2023,20,BUF,Richard Gouraige,OL,DEV,1998-10-15,0,00-0038676,,,,,
2023,18,NO,Jordan Mims,RB,ACT,1999-06-16,0,00-0038678,,40631,MimsJo00,,11378
2023,20,BUF,Tyrell Shavers,WR,DEV,1999-08-18,0,00-0038679,,40630,,,11377
2023,20,BUF,Bryan Thompson,WR,DEV,1999-04-07,0,00-0038680,,,,,
2023,1,CLE,Jalen Wayne,WR,CUT,,0,00-0038681,,,,,
2023,21,DET,Mitchell Agude,LB,DEV,1999-03-10,0,00-0038682,,,,,
2023,1,MIA,James Blackman,QB,CUT,,0,00-0038683,,,,,
2023,19,MIA,Ethan Bonner,DB,ACT,1999-10-23,0,00-0038684,,,,,
2023,19,MIA,Chris Brooks,RB,ACT,2000-01-11,0,00-0038685,,,,,
2023,1,MIA,Randy Charlton,DL,CUT,,0,00-0038686,,,,,
2023,1,MIA,Chris Coleman,WR,CUT,,0,00-0038687,,,,,
2023,1,MIA,Daewood Davis,WR,CUT,,0,00-0038688,,,,,
2023,1,MIA,Aubrey Miller,LB,CUT,,0,00-0038691,,,,,
2023,1,WAS,Anthony Montalvo,DL,CUT,,0,00-0038692,,,,,
2023,3,CIN,Garrett Nelson,DL,CUT,2000-03-01,0,00-0038693,,,,,
2023,19,MIA,Brandon Pili,DL,DEV,1999-04-02,0,00-0038694,,,PiliBr00,,11396
2023,20,HOU,DJ Scaife,OL,RES,2000-02-17,0,00-0038695,,,,,
2023,18,DEN,Keidron Smith,DB,DEV,1999-11-06,0,00-0038696,,,,,
2023,3,MIA,James Tunstall,OL,CUT,1999-10-29,0,00-0038697,,,,,
2023,15,MIA,Alama Uluave,OL,CUT,1999-06-23,0,00-0038699,,,,,
2023,19,MIA,Zeke Vandenburgh,LB,RES,1999-01-18,0,00-0038700,,,,,
2023,16,ARI,Daniel Arias,WR,TRC,1998-09-02,0,00-0038702,,40432,,,11184
2023,1,ARI,Kendell Brooks,DB,CUT,,0,00-0038703,,,,,
2023,18,ARI,Matt Hembrough,LS,RES,1999-05-17,0,00-0038704,,,,,
2023,18,ARI,Emari Demercado,RB,ACT,1999-01-20,0,00-0038705,,40430,DemeEm00,,11199
2023,1,ARI,Joel Honigford,TE,CUT,,0,00-0038706,,,,,
2023,1,GB,Marvin Pierre,LB,CUT,,0,00-0038707,,,,,
2023,18,ARI,Jacob Slade,DL,DEV,2000-02-23,0,00-0038708,,,,,
2023,1,ARI,Kyle Soelle,LB,CUT,,0,00-0038709,,,,,
2023,18,ARI,Blake Whiteheart,TE,INA,2000-03-22,0,00-0038710,,,,,
2023,19,CLE,Mohamoud Diabate,LB,ACT,2001-05-18,0,00-0038711,,40598,DiabMo00,,11350
2023,1,CLE,Caleb Biggers,DB,CUT,,0,00-0038712,,,,,
2023,1,CLE,Thomas Greaney,TE,CUT,,0,00-0038713,,,,,
2023,22,KC,Hassan Hall,RB,RES,2000-08-28,0,00-0038714,,40507,,,11270
2023,19,CLE,Ronnie Hickman Jr.,DB,ACT,2001-10-11,0,00-0038715,,,HickRo00,,11352
2023,18,NYG,Jeremiah Martin,DL,DEV,2000-07-10,0,00-0038716,,,,,
2023,19,CLE,Tanner McCalister,DB,DEV,2000-01-27,0,00-0038717,,,,,
2023,19,CLE,Lonnie Phelps,DL,DEV,2000-08-24,0,00-0038718,,,,,
2023,19,CLE,Charlie Thomas,LB,DEV,2000-01-31,0,00-0038719,,40509,ThomCh02,,11272
2023,19,MIA,Julian Hill,TE,ACT,2000-07-09,0,00-0038720,,40629,HillJu02,,11371
2023,1,HOU,Tyler Beach,OL,CUT,,0,00-0038721,,,,,
2023,20,HOU,Ali Gaye,DL,DEV,1997-11-29,0,00-0038724,,,,,
2023,1,HOU,Darius Joiner,DB,CUT,,0,00-0038725,,,,,
2023,20,HOU,Jesse Matthews,WR,RES,1999-08-12,0,00-0038726,,,,,
2023,18,NYJ,Xazavian Valladay,RB,ACT,1998-07-03,0,00-0038727,,40721,,,10861
2023,20,HOU,Jared Wayne,WR,DEV,2000-10-07,0,00-0038728,,,,,
2023,20,HOU,Kilian Zierer,OL,RES,1998-02-24,0,00-0038729,,,,,
2023,1,DAL,Jose Barbon,WR,CUT,,0,00-0038730,,,,,
2023,19,DAL,TJ Bass,OL,ACT,1999-03-31,0,00-0038731,,,,,
2023,19,DAL,Earl Bostick Jr.,OL,DEV,1998-12-31,0,00-0038732,,,,,
2023,1,DAL,Myles Brooks,DB,CUT,,0,00-0038733,,,,,
2023,19,DAL,David Durden,WR,RES,1998-12-26,0,00-0038734,,,,,11505
2023,19,DAL,Princeton Fant,TE,DEV,1999-03-11,0,00-0038735,,,,,
2023,19,DAL,Durrell Johnson,DL,DEV,1998-06-26,0,00-0038736,,,,,
2023,18,IND,Isaiah Land,DL,ACT,2000-02-05,0,00-0038737,,40779,LandIs00,,11514
2023,19,DAL,Hunter Luepke,RB,ACT,2000-02-28,0,00-0038738,,40780,LuepHu00,,11510
2023,18,WAS,D'Angelo Mandell,DB,DEV,1998-12-27,0,00-0038739,,,,,
2023,19,DAL,Jalen Moreno-Cropper,WR,DEV,2001-05-03,0,00-0038740,,,,,
2023,19,DAL,John Stephens Jr.,WR,RES,1999-09-23,0,00-0038741,,,,,
2023,19,DAL,Tyrus Wheat,DL,INA,1999-12-08,0,00-0038742,,,WheaTy02,,11512
2023,1,PIT,Jordan Byrd,RB,CUT,,0,00-0038743,,,,,
2023,10,MIN,Tanner Morgan,QB,CUT,1999-04-17,0,00-0038744,,,,,11214
2023,1,PIT,James Nyamwaya,DL,CUT,,0,00-0038745,,,,,
2023,19,PIT,David Perales,DL,DEV,1999-04-09,0,00-0038746,,,,,
2023,19,PIT,Monte Pottebaum,LB,RET,,0,00-0038747,,,,,
2023,1,PIT,B.T. Potter,K,CUT,,0,00-0038748,,,,,
2023,7,SEA,Holton Ahlers,QB,CUT,1999-11-10,0,00-0038749,,40450,,,11216
2023,18,SEA,Jake Bobo,WR,ACT,1998-08-04,0,00-0038752,,40452,BoboJa00,,10867
2023,18,SEA,Lance Boykin,DB,DEV,2000-08-31,0,00-0038753,,,,,
2023,1,CLE,Cam Bright,LB,CUT,,0,00-0038754,,,,,
2023,1,SEA,Arquon Bush,DB,CUT,,0,00-0038755,,,,,
2023,1,PHI,Robert Cooper,DL,CUT,,0,00-0038757,,,,,
2023,8,PIT,Noah Gindorff,TE,CUT,1999-02-12,0,00-0038758,,,,,11225
2023,1,SEA,John Hall,WR,CUT,,0,00-0038759,,,,,
2023,19,PHI,Griffin Hebert,WR,DEV,1999-04-02,0,00-0038760,,,,,
2023,14,CAR,Matt Landers,WR,TRD,1999-06-16,0,00-0038762,,40458,,,10869
2023,10,SEA,Tyjon Lindsey,WR,CUT,1999-01-07,0,00-0038763,,,,,
2023,18,SEA,Patrick O'Connell,LB,INA,1998-12-31,0,00-0038764,,,,,11230
2023,18,SEA,Ty Okada,DB,ACT,1999-06-04,0,00-0038765,,,,,
2023,1,SEA,Kendall Randolph,OL,CUT,,0,00-0038767,,,,,
2023,18,SEA,Chris Stoll,LS,ACT,1998-08-03,0,00-0038769,,,,,
2023,18,SEA,Jonathan Sutherland,DB,DEV,1998-08-09,0,00-0038770,,,,,
2023,1,SEA,Jacob Sykes,DL,CUT,,0,00-0038771,,,,,
2023,20,GB,Christian Young,DB,RES,2000-07-18,0,00-0038773,,,,,
2023,18,CAR,Nash Jensen,OL,ACT,1999-05-07,0,00-0038775,,,,,
2023,18,CAR,Ricky Lee,OL,INA,1999-11-16,0,00-0038776,,,,,
2023,1,CAR,Camerun Peoples,RB,CUT,,0,00-0038777,,40587,,,10211
2023,1,DET,Colby Richardson,DB,CUT,,0,00-0038779,,,,,
2023,1,CAR,Josh Vann,WR,CUT,,0,00-0038780,,,,,
2023,6,LV,Rejzohn Wright,DB,CUT,2000-09-04,0,00-0038781,,,,,
2023,18,CAR,Eku Leota,LB,ACT,1999-05-11,0,00-0038782,,40574,LeotEk00,,11336
2023,18,DEN,Nate Adkins,TE,ACT,1999-07-09,0,00-0038783,,40702,AdkiNa00,,11433
2023,1,DEN,Seth Benson,LB,CUT,,0,00-0038784,,,,,
2023,18,MIN,Henry Byrd,OL,DEV,1999-07-01,0,00-0038785,,,,,
2023,18,DEN,Art Green,DB,INA,2000-04-29,0,00-0038788,,,,,
2023,1,DEN,Taylor Grimes,WR,CUT,,0,00-0038789,,,,,
2023,12,DEN,Marcus Haynes,DL,DEV,1998-04-07,0,00-0038790,,,,,
2023,18,DEN,Thomas Incoom,LB,INA,1999-02-19,0,00-0038791,,40698,IncoTh00,,11441
2023,18,DEN,Demontrey Jacobs,OL,DEV,1998-11-22,0,00-0038792,,,,,
2023,18,DEN,Jaleel McLaughlin,RB,ACT,2000-09-13,0,00-0038794,,40696,McLaJa00,,11439
2023,18,NO,P.J. Mustipher,DL,ACT,1999-11-10,0,00-0038795,,,,,
2023,18,DEN,Alex Palczewski,OL,ACT,1999-08-03,0,00-0038796,,,,,
2023,20,GB,Emanuel Wilson,RB,ACT,1999-05-08,0,00-0038797,,40707,WilsEm00,,11435
2023,1,MIN,Alan Ali,OL,CUT,,0,00-0038798,,,,,
2023,1,MIN,Calvin Avery,DL,CUT,,0,00-0038799,,,,,
2023,18,MIN,Abraham Beauplan,LB,DEV,2000-02-03,0,00-0038800,,,,,
2023,18,MIN,Andre Carter,LB,ACT,2000-06-02,0,00-0038801,,,,,
2023,1,HOU,Jacky Chen,OL,CUT,,0,00-0038802,,,,,
2023,9,MIN,C.J. Coldon,DB,CUT,1998-09-03,0,00-0038803,,,,,
2023,1,MIN,Wilson Huber,LB,CUT,,0,00-0038804,,,,,
2023,20,TB,Cephus Johnson III,WR,DEV,1999-09-21,0,00-0038805,,,,,
2023,18,MIN,Malik Knowles,WR,RES,2000-08-17,0,00-0038806,,,,,
2023,18,MIN,Ivan Pace,LB,ACT,2000-12-16,0,00-0038807,,40301,PaceIv00,,11086
2023,20,GB,Ben Sims,TE,ACT,2000-05-16,0,00-0038809,,40335,SimsBe00,,11082
2023,18,MIN,Thayer Thomas,WR,DEV,1998-05-20,0,00-0038810,,,,,
2023,18,MIN,NaJee Thompson,DB,ACT,2000-07-07,0,00-0038811,,,ThomNa00,,11076
2023,18,MIN,Jaylin Williams,DB,ACT,2000-02-26,0,00-0038812,,,,,
2023,1,TB,Taye Barber,WR,CUT,,0,00-0038814,,,,,
2023,18,WAS,Brandon Bouyer-Randle,LB,DEV,1997-05-02,0,00-0038815,,,,,
2023,1,TB,Ronnie Brown,RB,CUT,,0,00-0038816,,,,,
2023,16,TB,Evan Deckers,LS,CUT,1999-02-23,0,00-0038817,,,,,
2023,20,TB,Luke Haggard,OL,DEV,2000-01-03,0,00-0038818,,,,,
2023,20,TB,Keenan Isaac,DB,DEV,2000-02-17,0,00-0038819,,,,,
2023,20,TB,Christian Izien,DB,ACT,2000-06-08,0,00-0038820,,,,,
2023,20,TB,Rakim Jarrett,WR,INA,2001-01-24,0,00-0038821,,40671,JarrRa00,,9495
2023,20,TB,Kaevon Merriweather,DB,ACT,1999-12-20,0,00-0038823,,40684,MerrKa00,,11429
2023,20,TB,Ryan Miller,WR,DEV,2000-02-20,0,00-0038824,,,,,
2023,1,TB,Chris Murray,OL,CUT,,0,00-0038825,,,,,
2023,18,SEA,Raiqwon O'Neal,OL,INA,2000-01-12,0,00-0038826,,,,,
2023,20,TB,Derrek Pitts,DB,DEV,1998-08-08,0,00-0038827,,,PittDe01,,11425
2023,20,TB,Tanner Taula,TE,DEV,1998-12-06,0,00-0038828,,,,,
2023,1,TB,Kade Warner,WR,CUT,,0,00-0038829,,,,,
2023,18,WAS,Kazmeir Allen,WR,DEV,2000-02-29,0,00-0038830,,,,,
2023,1,WAS,Zion Bowens,WR,CUT,,0,00-0038831,,,,,
2023,18,WAS,Mason Brooks,OL,DEV,1999-10-11,0,00-0038832,,,,,
2023,18,WAS,Joshua Pryor,DL,ACT,1999-10-25,0,00-0038835,,,,,
2023,1,WAS,Kendall Smith,DB,CUT,,0,00-0038837,,,,,
2023,1,WAS,D.J. Stirgus,DB,CUT,,0,00-0038838,,,,,
2023,18,WAS,Mitchell Tinsley,WR,ACT,1999-09-15,0,00-0038839,,40313,TinsMi00,,11068
2023,18,WAS,Brycen Tremayne,WR,DEV,1999-11-18,0,00-0038840,,,,,
2023,18,WAS,Nick Whiteside,DB,ACT,2000-05-01,0,00-0038841,,,,,
2023,18,TEN,Shakel Brown,DL,RES,1998-12-04,0,00-0038842,,,,,
2023,22,KC,Jacob Copeland,WR,RES,1999-07-20,0,00-0038843,,40710,,,9503
2023,18,TEN,Tre'Shaun Harrison,WR,DEV,2000-06-26,0,00-0038844,,,,,
2023,18,TEN,Matthew Jackson,DB,ACT,1998-11-09,0,00-0038845,,,JackMa04,,11458
2023,1,TEN,Steven Jones,DB,CUT,,0,00-0038846,,,,,
2023,18,IND,Tyreque Jones,DB,DEV,1999-01-04,0,00-0038847,,,,,
2023,18,TEN,Anthony Kendall,DB,INA,1999-12-17,0,00-0038848,,,KendAn00,,11455
2023,18,TEN,T.K. McLendon,DL,INA,1999-02-27,0,00-0038850,,,McLeTK00,,11096
2023,18,TEN,Caleb Murphy,LB,INA,1999-12-15,0,00-0038851,,40330,MurpCa00,,11098
2023,18,TEN,John Ojukwu,OL,ACT,1999-01-09,0,00-0038852,,,,,
2023,18,TEN,Otis Reese,LB,ACT,1998-07-02,0,00-0038853,,,ReesOt00,,11454
2023,18,TEN,Thomas Rush,LB,DEV,2000-01-31,0,00-0038854,,,,,
2023,18,LAC,Brevin Allen,DL,DEV,2000-09-22,0,00-0038856,,,,,
2023,1,LAC,Tyler Baker-Williams,DB,CUT,,0,00-0038857,,,,,
2023,1,LAC,Johari Branch,OL,CUT,,0,00-0038858,,,,,
2023,1,LAC,Cameron Brown,DB,CUT,,0,00-0038859,,,,,
2023,18,LAC,Terrell Bynum,WR,DEV,1998-08-03,0,00-0038860,,,,,
2023,18,LAC,Jerrod Clark,DL,DEV,1999-11-16,0,00-0038861,,,,,11119
2023,18,LAC,Elijah Dotson,RB,DEV,1999-01-19,0,00-0038862,,40358,DotsEl00,,11114
2023,1,LAC,Nathan East,LB,CUT,,0,00-0038863,,,,,
2023,1,LAC,Michael Ezeike,TE,CUT,,0,00-0038864,,,,,
2023,18,LAC,Andrew Farmer,LB,ACT,2000-04-19,0,00-0038865,,,FarmAn00,,11122
2023,18,LAC,A.J. Finley,DB,ACT,2001-09-14,0,00-0038866,,,,,
2023,1,LAC,Tyler Hoosman,RB,CUT,,0,00-0038867,,,,,
2023,6,DAL,Mikel Jones,LB,DEV,2000-10-11,0,00-0038868,,,,,
2023,1,LAC,Terrance Lang,DL,CUT,,0,00-0038869,,,,,
2023,8,PHI,Tiawan Mullen,DB,CUT,2000-07-12,0,00-0038871,,,,,
2023,18,LAC,Amechi Uzodinma,DB,RES,2000-06-01,0,00-0038872,,,,,
2023,1,LAC,Ontaria Wilson,WR,CUT,,0,00-0038873,,,,,
2023,19,PIT,Jack Colletto,RB,DEV,1998-11-19,0,00-0038875,,,,,
2023,18,CLE,Joey Fisher,OL,CUT,1997-11-11,0,00-0038876,,,,,
2023,18,CAR,D'Shawn Jamison,DB,ACT,1999-06-04,0,00-0038877,,,JamiDS00,,11173
2023,22,SF,Corey Luciano,OL,DEV,1998-08-14,0,00-0038879,,,,,
2023,18,CAR,Ilm Manning,OL,INA,1999-07-23,0,00-0038880,,,,,
2023,22,SF,Spencer Waege,DL,DEV,1999-05-06,0,00-0038882,,,,,
2023,14,SF,Isaiah Winstead,WR,CUT,1999-08-09,0,00-0038883,,40466,,,11232
2023,1,TB,Avery Young,DB,CUT,,0,00-0038885,,,,,
2023,1,CIN,Malachi Carter,WR,CUT,,0,00-0038886,,,,,
2023,1,CIN,Mac Hippenhammer,WR,CUT,,0,00-0038887,,,,,11247
2023,2,CIN,Tautala Pesefea,DL,CUT,2000-06-25,0,00-0038888,,,,,
2023,1,CIN,Larry Brooks,DB,CUT,,0,00-0038889,,,,,
2023,18,CIN,Shaka Heyward,LB,DEV,2000-04-19,0,00-0038890,,,,,
2023,18,CIN,Shedrick Jackson,WR,DEV,1999-10-20,0,00-0038891,,40491,JackSh01,,11257
2023,18,CIN,Jaxson Kirkland,OL,DEV,1998-07-30,0,00-0038892,,,,,
2023,18,CIN,Devonnsha Maxwell,DL,RES,1999-05-05,0,00-0038893,,,,,
2023,1,CIN,Jaylen Moody,LB,CUT,,0,00-0038894,,,,,
2023,12,PIT,Tyler Murray,LB,CUT,1999-02-15,0,00-0038895,,,,,
2023,18,ATL,Jacob Saylors,RB,CUT,2000-03-08,0,00-0038896,,,,,
2023,1,CIN,Christian Trahan,TE,CUT,,0,00-0038897,,,,,
2023,1,CIN,Calvin Tyler,RB,CUT,,0,00-0038898,,,,,
2023,1,NO,Nick Anderson,LB,CUT,,0,00-0038899,,,,,
2023,1,NO,Jerron Cage,DL,CUT,,0,00-0038901,,,,,
2023,18,NO,Shaquan Davis,WR,DEV,2000-02-08,0,00-0038902,,40338,,,11105
2023,18,NO,Mark Evans,OL,DEV,1999-10-11,0,00-0038903,,,,,
2023,7,LV,Malik Flowers,WR,CUT,1999-06-23,0,00-0038904,,,,,11192
2023,18,NO,Blake Grupe,K,ACT,1998-11-05,0,00-0038905,,40296,,,11058
2023,18,NO,Lou Hedley,P,ACT,1993-06-26,0,00-0038906,,,,,
2023,20,GB,Anthony Johnson,DB,DEV,1999-06-12,0,00-0038907,,,,,
2023,18,NO,Anfernee Orji,LB,DEV,2000-10-06,0,00-0038908,,,,,11108
2023,1,NO,Alex Pihlstrom,OL,CUT,,0,00-0038909,,,,,
2023,19,DAL,SaRodorick Thompson Jr.,RB,DEV,1999-10-01,0,00-0038910,,,ThomSa00,,11104
2023,21,BAL,Malik Cunningham,QB,INA,1998-10-06,0,00-0038911,,40290,CunnMa00,,10860
2023,18,DEN,Johnny Lumpkin,TE,DEV,1997-09-03,0,00-0038913,,,,,
2023,18,SEA,McClendon Curtis,OL,ACT,1999-09-16,0,00-0038914,,,,,
2023,18,LV,Jaydon Grant,DB,INA,1998-06-15,0,00-0038915,,,,,
2023,18,NE,Azizi Hearn,DB,DEV,1999-06-05,0,00-0038916,,,,,
2023,1,LV,Jordan Perryman,DB,RES,,0,00-0038918,,,,,
2023,1,LV,Adam Plant,DL,CUT,,0,00-0038919,,,,,
2023,18,LV,John Samuel Shenker,TE,DEV,1998-09-02,0,00-0038920,,,,,
2023,1,LV,George Tarlas,DL,CUT,,0,00-0038921,,,,,
2023,18,SEA,Drake Thomas,LB,RES,2000-02-25,0,00-0038922,,,ThomDr00,,11470
2023,18,LV,Dalton Wagner,OL,RES,1998-10-05,0,00-0038923,,,,,
2023,20,TB,Silas Dzansi,OL,INA,1998-06-13,0,00-0038924,,,,,
2023,18,ATL,Ikenna Enechukwu,LB,RES,2000-01-24,0,00-0038925,,,,,
2023,8,ATL,Keilahn Harris,WR,CUT,2001-01-08,0,00-0038926,,,,,
2023,1,ATL,Mike Jones,LB,CUT,,0,00-0038927,,,,,
2023,6,ATL,Xavier Malone,WR,CUT,2000-03-06,0,00-0038928,,,,,
2023,1,SEA,Justin Marshall,WR,CUT,,0,00-0038929,,,,,
2023,18,ATL,Carlos Washington,RB,DEV,1998-12-26,0,00-0038930,,,,,
2023,18,ARI,Quavian White,DB,DEV,2000-06-12,0,00-0038931,,,,,
2023,18,CHI,Darnell Wright,OL,ACT,2001-08-10,0,00-0038932,,,,,
2023,20,BUF,Dalton Kincaid,TE,ACT,1999-10-18,0,00-0038933,,40048,KincDa00,,10236
2023,18,JAX,Anton Harrison,OL,ACT,2002-02-02,0,00-0038934,,,,,
2023,18,JAX,Brenton Strange,TE,ACT,2000-12-27,0,00-0038935,,40078,StraBr00,,9480
2023,20,HOU,Juice Scruggs,OL,ACT,2000-01-19,0,00-0038936,,,,,
2023,18,CHI,Zacch Pickens,DL,ACT,2000-03-06,0,00-0038937,,40111,PickZa00,,10924
2023,18,NYG,Jalin Hyatt,WR,ACT,2001-09-25,0,00-0038938,,40128,HyatJa00,,9497
2023,21,DET,Brodric Martin,DL,INA,1999-05-24,0,00-0038939,,40122,MartBr00,,10928
2023,18,JAX,Tyler Lacy,DL,ACT,1999-11-10,0,00-0038940,,,,,
2023,18,CHI,Tyler Scott,WR,ACT,2001-10-12,0,00-0038941,,40141,ScotTy00,,9490
2023,1,LA,Kelechi Anyalebechi,LB,CUT,,0,00-0038943,,,,,
2023,1,CAR,Collin Duncan,DB,CUT,,0,00-0038944,,,,,
2023,19,LA,Cameron McCutcheon,DB,DEV,2000-04-03,0,00-0038946,,,,,
2023,13,LA,Grant Miller,OL,CUT,1998-09-22,0,00-0038947,,,,,
2023,1,LA,Christian Sims,TE,CUT,,0,00-0038948,,,,,
2023,1,LA,DeAndre Square,LB,CUT,,0,00-0038949,,,,,11170
2023,1,LA,Rashad Torrence,DB,RES,,0,00-0038950,,,,,
2023,20,TB,Sean Tucker,RB,ACT,2001-10-25,0,00-0038951,,40742,TuckSe00,,9506
2023,18,NYG,Dylan Drummond,WR,DEV,2000-01-17,0,00-0038953,,40737,DrumDy00,,11474
2023,22,KC,Izaiah Gathings,WR,DEV,2000-09-18,0,00-0038954,,,,,
2023,1,JAX,Latavious Brini,DB,CUT,,0,00-0038955,,,,,
2023,22,KC,Ekow Boye-Doe,DB,INA,1999-11-04,0,00-0038956,,,,,
2023,19,PIT,Alfonzo Graham,RB,RES,2000-03-20,0,00-0038957,,,,,11472
2023,20,TB,Markees Watts,LB,INA,1999-12-07,0,00-0038958,,,,,
2023,1,TB,Kedrick Whitehead,DB,RES,,0,00-0038959,,,,,
2023,1,TEN,L.J. Davis,DB,CUT,,0,00-0038960,,,,,
2023,18,TEN,Eric Garror,DB,ACT,2000-03-31,0,00-0038961,,40739,GarrEr00,,11479
2023,1,TEN,Gavin Holmes,WR,CUT,,0,00-0038962,,,,,
2023,5,TEN,Armani Marsh,DB,DEV,1999-02-17,0,00-0038963,,,,,
2023,1,NO,Adrian Frye,DB,CUT,,0,00-0038964,,,,,
2023,20,GB,Ellis Merriweather,RB,DEV,1999-04-07,0,00-0038965,,40748,,,11483
2023,18,ATL,Natrone Brooks,DB,INA,1999-12-17,0,00-0038966,,,,,
2023,1,ATL,Clifford Chattman,DB,CUT,,0,00-0038967,,,,,
2023,1,LA,Timarcus Davis,DB,CUT,,0,00-0038968,,,,,
2023,18,TEN,Kearis Jackson,WR,RES,1999-12-09,0,00-0038969,,40326,JackKe02,,11099
2023,18,DEN,Marvin Mims,WR,ACT,2002-03-19,0,00-0038976,,40090,MimsMa00,,9494
2023,20,HOU,Tank Dell,WR,RES,1999-10-29,0,00-0038977,,40097,DellNa00,,9502
2023,18,LV,Byron Young,DL,INA,2000-11-10,0,00-0038978,,40125,YounBy01,,10925
2023,19,CLE,Cedric Tillman,WR,INA,2000-04-19,0,00-0038979,,40093,TillCe01,,10444
2023,18,ATL,Zach Harrison,DL,INA,2001-08-14,0,00-0038980,,40115,HarrZa00,,10934
2023,22,KC,Wanya Morris,OL,ACT,2000-10-10,0,00-0038981,,,,,
2023,22,KC,Chamarri Conner,DB,ACT,2000-07-11,0,00-0038982,,,ConnCh01,,10949
2023,22,KC,BJ Thompson,DL,INA,1999-03-23,0,00-0038983,,,,,
2023,18,ARI,Kei'Trel Clark,DB,ACT,2001-03-19,0,00-0038984,,40229,ClarKe02,,11014
2023,18,TEN,Keondre Coburn,DL,ACT,2000-05-23,0,00-0038985,,,,,
2023,22,KC,Nic Jones,DB,ACT,2001-10-15,0,00-0038986,,,JoneNi00,,11029
2023,18,CAR,Ayinde Eley,LB,DEV,1998-10-22,0,00-0038990,,,,,
2023,1,LA,Taron Vincent,DL,CUT,,0,00-0038991,,,,,
2023,18,MIN,Jordan Addison,WR,ACT,2002-01-27,0,00-0038994,,40042,AddiJo00,,9756
2023,18,NO,Bryan Bresee,DL,ACT,2001-10-06,0,00-0038995,,40045,BresBr00,,10874
2023,20,GB,Tucker Kraft,TE,ACT,2000-11-03,0,00-0038996,,40102,KrafTu00,,9484
2023,18,IND,Josh Downs,WR,ACT,2001-08-12,0,00-0038997,,40126,DownJo00,,9500
2023,18,NO,Jake Haener,QB,INA,1999-03-10,0,00-0038998,,40144,HaenJa00,,10215
2023,18,IND,Jordan Murray,TE,DEV,2000-04-20,0,00-0038999,,,,,
2023,18,NYG,Deonte Banks,DB,INA,2001-04-03,0,00-0039000,,40053,BankDe00,,10878
2023,19,PHI,Tyler Steen,OL,INA,2000-06-24,0,00-0039001,,,,,
2023,19,PHI,Sydney Brown,DB,INA,2000-03-21,0,00-0039002,,40123,BrowSy00,,10919
2023,18,DEN,Drew Sanders,LB,ACT,2000-12-31,0,00-0039003,,40109,SandDr00,,10929
2023,18,NYJ,Carter Warren,OL,ACT,1999-01-19,0,00-0039004,,,,,
2023,20,HOU,Jaylon Thomas,OL,DEV,2000-03-31,0,00-0039005,,,,,
2023,22,KC,Felix Anudike-Uzomah,DL,ACT,2002-01-24,0,00-0039006,,40034,AnudFe00,,10872
2023,18,ARI,Garrett Williams,DB,INA,2001-06-01,0,00-0039007,,40127,WillGa00,,10932
2023,18,WAS,Ricky Stromberg,OL,RES,2000-11-10,0,00-0039008,,,,,
2023,20,HOU,Dylan Horton,DL,RES,2000-08-21,0,00-0039009,,40151,HortDy00,,10958
2023,18,WAS,Braeden Daniels,OL,RES,2000-08-22,0,00-0039010,,,,,
2023,1,ARI,Brian Cobbs,WR,CUT,,0,00-0039011,,,,,
2023,1,NE,Justus Tavai,DL,CUT,,0,00-0039012,,,,,
2023,19,PHI,Nolan Smith,LB,ACT,2001-01-18,0,00-0039013,,40054,SmitNo02,,10873
2023,19,CLE,Dawand Jones,OL,RES,2001-08-06,0,00-0039014,,,,,
2023,18,SEA,LaTrell Bumphus,DL,RES,1999-09-30,0,00-0039015,,,,,
2023,1,PIT,Toby Ndukwe,DL,CUT,,0,00-0039016,,,,,
2023,21,DET,Jack Campbell,LB,ACT,2000-08-22,0,00-0039018,,40036,CampJa04,,10880
2023,18,NYG,John Michael Schmitz,OL,INA,1999-04-19,0,00-0039019,,,,,
2023,18,SEA,Anthony Bradford,OL,ACT,2001-04-28,0,00-0039020,,,,,
2023,18,CHI,Roschon Johnson,RB,ACT,2001-01-31,0,00-0039021,,40162,JohnRo07,,10235
2023,1,GB,Jadakis Bonds,WR,CUT,,0,00-0039022,,,,,
2023,20,GB,Joel Wilson,TE,DEV,2000-06-21,0,00-0039023,,,,,
2023,5,NYJ,Nehemiah Shelton,DB,CUT,1999-09-13,0,00-0039028,,,,,
2023,18,NE,Jake Andrews,OL,ACT,1999-11-11,0,00-0039030,,,,,
2023,18,IND,Adetomiwa Adebawore,DL,INA,2001-03-04,0,00-0039031,,40143,AdebAd00,,10957
2023,18,TEN,Tyjae Spears,RB,ACT,2001-06-15,0,00-0039032,,40119,SpeaTy00,,9508
2023,1,NYJ,Jerome Kapp,WR,CUT,,0,00-0039033,,,,,
2023,18,TEN,Peter Skoronski,OL,ACT,2001-07-31,0,00-0039034,,,,,
2023,1,SEA,Jordan Ferguson,DL,CUT,,0,00-0039037,,,,,
2023,1,BUF,DaShaun White,LB,CUT,,0,00-0039038,,,,,
2023,19,MIA,De'Von Achane,RB,ACT,2001-10-13,0,00-0039040,,40118,AchaDe00,,9226
2023,18,ARI,Elijah Higgins,TE,ACT,2000-10-27,0,00-0039041,,40226,HiggEl00,,10231
2023,19,MIA,Ryan Hayes,OL,DEV,2000-02-28,0,00-0039042,,,,,
2023,1,MIN,Garett Maag,WR,CUT,,0,00-0039043,,,,,11528
2023,1,DEN,Nick Williams,WR,CUT,,0,00-0039045,,,,,
2023,18,MIN,DeWayne McBride,RB,DEV,2001-07-08,0,00-0039046,,40285,McBrDe00,,9512
2023,18,SEA,Derick Hall,LB,ACT,2001-03-19,0,00-0039047,,,,,
2023,18,ATL,Matthew Bergeron,OL,ACT,2000-02-26,0,00-0039048,,,,,
2023,20,TB,SirVocea Dennis,LB,ACT,2000-03-09,0,00-0039049,,40194,DennSi00,,10980
2023,20,TB,Payne Durham,TE,ACT,2000-06-15,0,00-0039050,,40193,DurhPa00,,10227
2023,20,TB,Josh Hayes,DB,ACT,1999-04-24,0,00-0039051,,,HayeJo01,,10999
2023,20,TB,Trey Palmer,WR,ACT,2001-04-02,0,00-0039052,,40223,PalmTr00,,9492
2023,20,TB,Jose Ramirez,LB,DEV,1999-05-09,0,00-0039053,,,,,
2023,18,NE,Marte Mapu,LB,ACT,1999-11-08,0,00-0039054,,40105,MapuMa00,,10926
2023,19,LA,Steve Avila,OL,ACT,1999-10-16,0,00-0039058,,,,,
2023,19,LA,Ethan Evans,P,ACT,2001-07-19,0,00-0039059,,,,,
2023,19,LA,Jason Taylor II,DB,ACT,1999-12-30,0,00-0039060,,40287,TaylJa05,,11040
2023,19,LA,Desjuan Johnson,DL,ACT,1999-09-02,0,00-0039061,,,JohnDe08,,11021
2023,18,CAR,Jonathan Mingo,WR,RES,2001-04-20,0,00-0039062,,40073,MingJo00,,10225
2023,20,TB,Calijah Kancey,DL,ACT,2001-03-01,0,00-0039063,,40049,KancCa00,,10879
2023,21,BAL,Zay Flowers,WR,ACT,2000-09-11,0,00-0039064,,40039,FlowZa00,,9997
2023,21,DET,Sam LaPorta,TE,ACT,2001-01-12,0,00-0039065,,40064,LaPoSa01,,10859
2023,18,LV,Michael Mayer,TE,RES,2001-07-06,0,00-0039066,,40065,MayeMi00,,9482
2023,22,KC,Rashee Rice,WR,ACT,2000-04-22,0,00-0039067,,40084,RiceRa01,,10229
2023,20,TB,YaYa Diaby,LB,ACT,1999-05-30,0,00-0039068,,40107,DiabYa00,,10921
2023,18,CHI,Gervon Dexter,DL,ACT,2001-10-05,0,00-0039070,,,DextGe00,,10899
2023,18,CHI,Tyrique Stevenson,DB,ACT,2000-05-26,0,00-0039071,,40071,StevTy01,,10897
2023,18,LV,Jakorian Bennett,DB,ACT,2000-08-23,0,00-0039072,,40148,BennJa00,,10963
2023,19,LA,Davis Allen,TE,ACT,2001-02-03,0,00-0039074,,40164,AlleDa02,,10214
2023,19,LA,Puka Nacua,WR,ACT,2001-05-29,0,00-0039075,,40168,NacuPu00,,9493
2023,19,LA,Nick Hampton,LB,ACT,2000-04-05,0,00-0039076,,,HampNi00,,10973
2023,19,LA,Warren McClendon Jr.,OL,INA,2001-04-11,0,00-0039077,,,,,
2023,19,LA,Stetson Bennett,QB,RES,1997-10-28,0,00-0039107,,40153,BennSt00,,10857
2023,20,HOU,Will Anderson Jr.,DL,ACT,2001-09-02,0,00-0039108,,40031,AndeWi01,,10892
2023,19,PIT,Broderick Jones,OL,ACT,2001-05-16,0,00-0039109,,,,,
2023,19,PIT,Keeanu Benton,DL,ACT,2001-07-17,0,00-0039110,,40079,BentKe00,,10901
2023,18,LAC,Tuli Tuipulotu,DL,ACT,2002-09-03,0,00-0039111,,40077,TuipTu00,,10898
2023,20,GB,Lukas Van Ness,LB,ACT,2001-07-06,0,00-0039112,,40037,VanNLu00,,10885
2023,19,MIA,Cam Smith,DB,INA,2000-12-21,0,00-0039133,,40081,SmitCa02,,10900
2023,19,LA,Tre Tomlinson,DB,ACT,2000-01-10,0,00-0039134,,,,,
2023,19,LA,Ochaun Mathis,LB,INA,1999-01-08,0,00-0039135,,,,,
2023,19,LA,Zach Evans,RB,INA,2001-05-30,0,00-0039136,,40243,EvanZa00,,9222
2023,19,LA,Byron Young,LB,ACT,1998-03-13,0,00-0039137,,40124,YounBy01,,10917
2023,19,LA,Kobie Turner,DL,ACT,1999-04-26,0,00-0039138,,40110,TurnKo00,,10916
2023,21,DET,Jahmyr Gibbs,RB,ACT,2002-03-20,0,00-0039139,,40059,GibbJa01,,9221
2023,19,PHI,Kelee Ringo,DB,ACT,2002-06-27,0,00-0039140,,40131,RingKe00,,10962
2023,21,DET,Brian Branch,DB,ACT,2001-10-22,0,00-0039141,,40067,BranBr00,,10905
2023,18,NYJ,Will McDonald,LB,ACT,1999-06-04,0,00-0039142,,40038,McDoWi00,,10883
2023,18,NO,Isaiah Foskey,DL,ACT,2000-10-30,0,00-0039143,,40082,FoskIs00,,10909
2023,20,GB,Luke Musgrave,TE,ACT,2000-09-02,0,00-0039144,,40074,MusgLu00,,9481
2023,18,NYJ,Joe Tippmann,OL,ACT,2001-03-24,0,00-0039145,,,,,
2023,20,GB,Jayden Reed,WR,ACT,2000-04-28,0,00-0039146,,40063,ReedJa03,,10222
2023,18,NE,Christian Gonzalez,DB,RES,2002-06-28,0,00-0039147,,40052,GonzCh00,,10881
2023,18,NE,Keion White,DL,ACT,1999-01-20,0,00-0039148,,,,,
2023,18,WAS,Quan Martin,DB,ACT,2000-04-17,0,00-0039149,,,,,
2023,18,CAR,Bryce Young,QB,ACT,2001-07-25,0,00-0039150,,40029,YounBr01,,9228
2023,18,WAS,Emmanuel Forbes,DB,ACT,2001-01-13,0,00-0039151,,40033,ForbEm00,,10882
2023,18,TEN,Will Levis,QB,INA,1999-06-27,0,00-0039152,,40068,LeviWi00,,9999
2023,18,ARI,B.J. Ojulari,LB,ACT,2002-04-05,0,00-0039155,,40088,OjulBJ00,,10908
2023,18,IND,Julius Brents,DB,ACT,2000-01-18,0,00-0039156,,40062,BrenJu00,,10906
2023,20,TB,Cody Mauch,OL,ACT,1999-01-15,0,00-0039157,,,,,
2023,18,IND,Blake Freeland,OL,ACT,2001-05-03,0,00-0039158,,,,,
2023,20,HOU,C.J. Stroud,QB,ACT,2001-10-03,0,00-0039163,,40030,StroCJ00,,9758
2023,18,IND,Anthony Richardson,QB,RES,2002-05-22,0,00-0039164,,40040,RichAn03,,9229
2023,18,SEA,Zach Charbonnet,RB,ACT,2001-01-08,0,00-0039165,,40075,CharZa00,,9753
2023,18,SEA,Andrew Whitaker,DB,RES,1999-01-16,0,00-0039166,,,,,
2023,19,PIT,Joey Porter,DB,ACT,2000-07-26,0,00-0039167,,40089,PortJo02,,10913
2023,1,LAC,Milton Wright,WR,CUT,,0,00-0039168,,,,,
2023,18,SEA,Devon Witherspoon,DB,ACT,2000-12-11,0,00-0039169,,40056,WithDe00,,10891
2023,1,SEA,Wayne Taulapapa,RB,CUT,,0,00-0039170,,,,,
2023,20,GB,Kenneth Odumegwu,DL,DEV,2000-11-29,0,00-0039173,,,,,
2023,22,KC,Chukwuebuka Godrick,OL,DEV,2000-10-11,0,00-0039174,,,,,
2023,18,MIN,Junior Aho,DL,DEV,1999-02-02,0,00-0039175,,,,,
2023,18,LAC,Basil Okoye,DL,DEV,2001-10-20,0,00-0039176,,,,,
2023,18,LV,David Ebuka Agoha,DL,DEV,2001-05-18,2,00-0039177,,,,,
2023,18,IND,Austin Ajiake,LB,DEV,2000-06-30,0,00-0039178,,,,,
2023,1,DET,Avery Davis,WR,CUT,,0,00-0039186,,,,,
2023,1,CHI,Lachlan Pitts,TE,CUT,,0,00-0039188,,,,,
2023,1,NE,Micah Vanterpool,OL,CUT,,0,00-0039189,,,,,
2023,1,MIN,Aaron Dykes,RB,CUT,,0,00-0039191,,,,,
2023,1,PHI,Caleb Sanders,DL,CUT,,0,00-0039192,,,,,
2023,18,DEN,Durell Nchami,LB,DEV,,0,,,,,,
