internal_player_id,player_name,position,nfl_team,birth_date,years_of_experience,draft_probability,expected_jugg_price,price_range_low,price_range_high,projected_points,position_rank,replacement_points,points_above_replacement,production_value,expected_surplus,production_value_low,production_value_high,allocation_value_spread,espn_salary_cap_value,adp_espn,adp_yahoo,market_missing_inputs,prior_price_missing,risk_flags,modeled_roster_slot,last_season_stat_line,historical_stat_lines,projected_stat_line,production_tier,production_tier_size,production_tier_high,production_tier_low,auction_tier,auction_tier_size,auction_tier_high,auction_tier_low,surplus_rank
nfl:gsis:00-0036158,J.K. Dobbins,RB,DEN,1998-12-17,7,0.73,3.8,1.0,9.8,156.646,26,92.249,64.4,20.51,16.71,18.32,21.57,3.25,2,107.0,93.0,,False,allocation_sensitive,True,"{'season': 2025, 'games': 10, 'fantasy_points': 104.9, 'points_per_game': 10.49, 'stats': {'rushing_attempts': 153.0, 'rushing_yards': 772.0, 'rushing_tds': 4.0, 'targets': 14.0, 'receptions': 11.0, 'receiving_yards': 37.0, 'receiving_tds': 0.0, 'fumbles_lost': 0.0}, 'source': 'nflverse weekly player and team statistics'}","[{'season': 2024, 'games': 13, 'fantasy_points': 159.8, 'points_per_game': 12.29, 'stats': {'rushing_attempts': 195.0, 'rushing_yards': 905.0, 'rushing_tds': 9.0, 'targets': 38.0, 'receptions': 32.0, 'receiving_yards': 153.0, 'receiving_tds': 0.0, 'fumbles_lost': 0.0}, 'source': 'nflverse weekly player and team statistics'}, {'season': 2025, 'games': 10, 'fantasy_points': 104.9, 'points_per_game': 10.49, 'stats': {'rushing_attempts': 153.0, 'rushing_yards': 772.0, 'rushing_tds': 4.0, 'targets': 14.0, 'receptions': 11.0, 'receiving_yards': 37.0, 'receiving_tds': 0.0, 'fumbles_lost': 0.0}, 'source': 'nflverse weekly player and team statistics'}]","{'season': 2026, 'games': None, 'fantasy_points': 156.65, 'stats': {'rushing_attempts': 219.92, 'rushing_yards': 1027.8, 'rushing_tds': 6.87, 'receptions': 19.45, 'receiving_yards': 104.46, 'receiving_tds': 0.61, 'fumbles_lost': 0.7}, 'source': 'FantasyPros consensus projection'}",10,6,156.65,148.5,14,54,6.4,1.5,1
nfl:gsis:00-0036275,D'Andre Swift,RB,CHI,1999-01-14,7,0.995,13.6,7.5,19.7,188.369,20,92.249,96.12,30.12,16.52,28.07,30.72,2.65,9,55.0,45.0,,False,wide_market_price_range,True,"{'season': 2025, 'games': 16, 'fantasy_points': 194.6, 'points_per_game': 12.16, 'stats': {'rushing_attempts': 223.0, 'rushing_yards': 1087.0, 'rushing_tds': 9.0, 'targets': 48.0, 'receptions': 34.0, 'receiving_yards': 299.0, 'receiving_tds': 1.0, 'fumbles_lost': 2.0}, 'source': 'nflverse weekly player and team statistics'}","[{'season': 2024, 'games': 17, 'fantasy_points': 172.5, 'points_per_game': 10.15, 'stats': {'rushing_attempts': 253.0, 'rushing_yards': 959.0, 'rushing_tds': 6.0, 'targets': 52.0, 'receptions': 42.0, 'receiving_yards': 386.0, 'receiving_tds': 0.0, 'fumbles_lost': 0.0}, 'source': 'nflverse weekly player and team statistics'}, {'season': 2025, 'games': 16, 'fantasy_points': 194.6, 'points_per_game': 12.16, 'stats': {'rushing_attempts': 223.0, 'rushing_yards': 1087.0, 'rushing_tds': 9.0, 'targets': 48.0, 'receptions': 34.0, 'receiving_yards': 299.0, 'receiving_tds': 1.0, 'fumbles_lost': 2.0}, 'source': 'nflverse weekly player and team statistics'}]","{'season': 2026, 'games': None, 'fantasy_points': 188.37, 'stats': {'rushing_attempts': 233.44, 'rushing_yards': 1054.43, 'rushing_tds': 8.05, 'receptions': 35.14, 'receiving_yards': 303.46, 'receiving_tds': 1.04, 'fumbles_lost': 0.8}, 'source': 'FantasyPros consensus projection'}",8,6,191.33,178.05,12,4,16.5,13.6,2
nfl:gsis:00-0040719,Bhayshul Tuten,RB,JAX,2002-02-14,2,0.995,10.7,4.6,16.8,178.047,23,92.249,85.8,26.99,16.29,24.9,27.74,2.84,9,61.0,60.0,,True,wide_market_price_range,True,"{'season': 2025, 'games': 15, 'fantasy_points': 78.6, 'points_per_game': 5.24, 'stats': {'rushing_attempts': 83.0, 'rushing_yards': 307.0, 'rushing_tds': 5.0, 'targets': 14.0, 'receptions': 10.0, 'receiving_yards': 79.0, 'receiving_tds': 2.0, 'fumbles_lost': 1.0}, 'source': 'nflverse weekly player and team statistics'}","[{'season': 2025, 'games': 15, 'fantasy_points': 78.6, 'points_per_game': 5.24, 'stats': {'rushing_attempts': 83.0, 'rushing_yards': 307.0, 'rushing_tds': 5.0, 'targets': 14.0, 'receptions': 10.0, 'receiving_yards': 79.0, 'receiving_tds': 2.0, 'fumbles_lost': 1.0}, 'source': 'nflverse weekly player and team statistics'}]","{'season': 2026, 'games': None, 'fantasy_points': 178.05, 'stats': {'rushing_attempts': 239.39, 'rushing_yards': 979.58, 'rushing_tds': 8.24, 'receptions': 29.24, 'receiving_yards': 222.09, 'receiving_tds': 2.14, 'fumbles_lost': 1.66}, 'source': 'FantasyPros consensus projection'}",8,6,191.33,178.05,13,4,11.0,9.4,3
nfl:gsis:00-0035261,Tony Pollard,RB,TEN,1997-04-30,8,0.8071,5.2,1.0,11.3,155.887,28,92.249,63.64,20.28,15.08,18.09,21.35,3.26,2,94.0,80.0,,False,wide_market_price_range;allocation_sensitive,True,"{'season': 2025, 'games': 17, 'fantasy_points': 152.8, 'points_per_game': 8.99, 'stats': {'rushing_attempts': 242.0, 'rushing_yards': 1082.0, 'rushing_tds': 5.0, 'targets': 41.0, 'receptions': 33.0, 'receiving_yards': 206.0, 'receiving_tds': 0.0, 'fumbles_lost': 3.0}, 'source': 'nflverse weekly player and team statistics'}","[{'season': 2024, 'games': 16, 'fantasy_points': 159.7, 'points_per_game': 9.98, 'stats': {'rushing_attempts': 260.0, 'rushing_yards': 1079.0, 'rushing_tds': 5.0, 'targets': 57.0, 'receptions': 41.0, 'receiving_yards': 238.0, 'receiving_tds': 0.0, 'fumbles_lost': 2.0}, 'source': 'nflverse weekly player and team statistics'}, {'season': 2025, 'games': 17, 'fantasy_points': 152.8, 'points_per_game': 8.99, 'stats': {'rushing_attempts': 242.0, 'rushing_yards': 1082.0, 'rushing_tds': 5.0, 'targets': 41.0, 'receptions': 33.0, 'receiving_yards': 206.0, 'receiving_tds': 0.0, 'fumbles_lost': 3.0}, 'source': 'nflverse weekly player and team statistics'}]","{'season': 2026, 'games': None, 'fantasy_points': 155.89, 'stats': {'rushing_attempts': 236.15, 'rushing_yards': 1034.07, 'rushing_tds': 5.48, 'receptions': 31.9, 'receiving_yards': 208.2, 'receiving_tds': 0.5, 'fumbles_lost': 2.65}, 'source': 'FantasyPros consensus projection'}",10,6,156.65,148.5,14,54,6.4,1.5,4
nfl:gsis:00-0036139,Rico Dowdle,RB,PIT,1998-06-14,7,0.8526,3.7,1.0,9.7,148.503,31,92.249,56.25,18.04,14.34,15.82,19.22,3.4,7,90.0,85.0,,False,allocation_sensitive,True,"{'season': 2025, 'games': 17, 'fantasy_points': 177.3, 'points_per_game': 10.43, 'stats': {'rushing_attempts': 236.0, 'rushing_yards': 1076.0, 'rushing_tds': 6.0, 'targets': 50.0, 'receptions': 39.0, 'receiving_yards': 297.0, 'receiving_tds': 1.0, 'fumbles_lost': 1.0}, 'source': 'nflverse weekly player and team statistics'}","[{'season': 2024, 'games': 16, 'fantasy_points': 158.8, 'points_per_game': 9.93, 'stats': {'rushing_attempts': 235.0, 'rushing_yards': 1079.0, 'rushing_tds': 2.0, 'targets': 49.0, 'receptions': 39.0, 'receiving_yards': 249.0, 'receiving_tds': 3.0, 'fumbles_lost': 2.0}, 'source': 'nflverse weekly player and team statistics'}, {'season': 2025, 'games': 17, 'fantasy_points': 177.3, 'points_per_game': 10.43, 'stats': {'rushing_attempts': 236.0, 'rushing_yards': 1076.0, 'rushing_tds': 6.0, 'targets': 50.0, 'receptions': 39.0, 'receiving_yards': 297.0, 'receiving_tds': 1.0, 'fumbles_lost': 1.0}, 'source': 'nflverse weekly player and team statistics'}]","{'season': 2026, 'games': None, 'fantasy_points': 148.5, 'stats': {'rushing_attempts': 200.01, 'rushing_yards': 870.14, 'rushing_tds': 5.84, 'receptions': 31.75, 'receiving_yards': 222.29, 'receiving_tds': 1.03, 'fumbles_lost': 1.2}, 'source': 'FantasyPros consensus projection'}",10,6,156.65,148.5,14,54,6.4,1.5,5
nfl:gsis:00-0036875,Rhamondre Stevenson,RB,NE,1998-02-23,6,0.9868,6.2,1.0,12.2,153.299,29,92.249,61.05,19.49,13.29,17.29,20.61,3.32,8,71.0,75.0,,False,wide_market_price_range;allocation_sensitive,True,"{'season': 2025, 'games': 14, 'fantasy_points': 146.8, 'points_per_game': 10.49, 'stats': {'rushing_attempts': 130.0, 'rushing_yards': 603.0, 'rushing_tds': 7.0, 'targets': 37.0, 'receptions': 32.0, 'receiving_yards': 345.0, 'receiving_tds': 2.0, 'fumbles_lost': 3.0}, 'source': 'nflverse weekly player and team statistics'}","[{'season': 2024, 'games': 15, 'fantasy_points': 142.9, 'points_per_game': 9.53, 'stats': {'rushing_attempts': 207.0, 'rushing_yards': 801.0, 'rushing_tds': 7.0, 'targets': 41.0, 'receptions': 33.0, 'receiving_yards': 168.0, 'receiving_tds': 1.0, 'fumbles_lost': 3.0}, 'source': 'nflverse weekly player and team statistics'}, {'season': 2025, 'games': 14, 'fantasy_points': 146.8, 'points_per_game': 10.49, 'stats': {'rushing_attempts': 130.0, 'rushing_yards': 603.0, 'rushing_tds': 7.0, 'targets': 37.0, 'receptions': 32.0, 'receiving_yards': 345.0, 'receiving_tds': 2.0, 'fumbles_lost': 3.0}, 'source': 'nflverse weekly player and team statistics'}]","{'season': 2026, 'games': None, 'fantasy_points': 153.3, 'stats': {'rushing_attempts': 168.57, 'rushing_yards': 723.09, 'rushing_tds': 6.92, 'receptions': 39.48, 'receiving_yards': 334.7, 'receiving_tds': 1.7, 'fumbles_lost': 2.5}, 'source': 'FantasyPros consensus projection'}",10,6,156.65,148.5,14,54,6.4,1.5,6
nfl:gsis:00-0041512,Jadarian Price,RB,SEA,2003-10-09,0,0.995,9.4,3.3,15.5,163.608,25,92.249,71.36,22.62,13.22,20.46,23.58,3.12,8,63.0,63.0,,True,wide_market_price_range;allocation_sensitive,True,,[],"{'season': 2026, 'games': None, 'fantasy_points': 163.61, 'stats': {'rushing_attempts': 215.53, 'rushing_yards': 913.16, 'rushing_tds': 7.97, 'receptions': 26.35, 'receiving_yards': 220.12, 'receiving_tds': 1.08, 'fumbles_lost': 1.71}, 'source': 'FantasyPros consensus projection'}",9,2,165.08,163.61,13,4,11.0,9.4,7
nfl:gsis:00-0037228,Jaylen Warren,RB,PIT,1998-11-01,5,0.833,6.4,1.0,12.5,150.972,30,92.249,58.72,18.79,12.39,16.58,19.94,3.36,2,86.0,73.0,,False,wide_market_price_range;allocation_sensitive,True,"{'season': 2025, 'games': 16, 'fantasy_points': 177.1, 'points_per_game': 11.07, 'stats': {'rushing_attempts': 211.0, 'rushing_yards': 958.0, 'rushing_tds': 6.0, 'targets': 45.0, 'receptions': 40.0, 'receiving_yards': 333.0, 'receiving_tds': 2.0, 'fumbles_lost': 0.0}, 'source': 'nflverse weekly player and team statistics'}","[{'season': 2024, 'games': 15, 'fantasy_points': 86.1, 'points_per_game': 5.74, 'stats': {'rushing_attempts': 120.0, 'rushing_yards': 511.0, 'rushing_tds': 1.0, 'targets': 47.0, 'receptions': 38.0, 'receiving_yards': 310.0, 'receiving_tds': 0.0, 'fumbles_lost': 1.0}, 'source': 'nflverse weekly player and team statistics'}, {'season': 2025, 'games': 16, 'fantasy_points': 177.1, 'points_per_game': 11.07, 'stats': {'rushing_attempts': 211.0, 'rushing_yards': 958.0, 'rushing_tds': 6.0, 'targets': 45.0, 'receptions': 40.0, 'receiving_yards': 333.0, 'receiving_tds': 2.0, 'fumbles_lost': 0.0}, 'source': 'nflverse weekly player and team statistics'}]","{'season': 2026, 'games': None, 'fantasy_points': 150.97, 'stats': {'rushing_attempts': 188.05, 'rushing_yards': 827.46, 'rushing_tds': 4.83, 'receptions': 42.37, 'receiving_yards': 322.06, 'receiving_tds': 1.49, 'fumbles_lost': 0.5}, 'source': 'FantasyPros consensus projection'}",10,6,156.65,148.5,14,54,6.4,1.5,8
nfl:gsis:00-0040784,Quinshon Judkins,RB,CLE,2003-10-29,2,0.995,16.5,10.4,22.6,183.591,21,92.249,91.34,28.67,12.17,26.6,29.34,2.74,21,49.0,51.0,,False,wide_market_price_range,True,"{'season': 2025, 'games': 14, 'fantasy_points': 143.8, 'points_per_game': 10.27, 'stats': {'rushing_attempts': 230.0, 'rushing_yards': 827.0, 'rushing_tds': 7.0, 'targets': 36.0, 'receptions': 26.0, 'receiving_yards': 171.0, 'receiving_tds': 0.0, 'fumbles_lost': 0.0}, 'source': 'nflverse weekly player and team statistics'}","[{'season': 2025, 'games': 14, 'fantasy_points': 143.8, 'points_per_game': 10.27, 'stats': {'rushing_attempts': 230.0, 'rushing_yards': 827.0, 'rushing_tds': 7.0, 'targets': 36.0, 'receptions': 26.0, 'receiving_yards': 171.0, 'receiving_tds': 0.0, 'fumbles_lost': 0.0}, 'source': 'nflverse weekly player and team statistics'}]","{'season': 2026, 'games': None, 'fantasy_points': 183.59, 'stats': {'rushing_attempts': 289.9, 'rushing_yards': 1107.29, 'rushing_tds': 8.12, 'receptions': 33.04, 'receiving_yards': 223.62, 'receiving_tds': 0.58, 'fumbles_lost': 0.5}, 'source': 'FantasyPros consensus projection'}",8,6,191.33,178.05,12,4,16.5,13.6,9
nfl:gsis:00-0035685,David Montgomery,RB,HOU,1997-06-07,8,0.995,11.0,4.9,17.1,165.083,24,92.249,72.83,23.06,12.06,20.91,24.0,3.09,8,60.0,50.0,,False,wide_market_price_range;allocation_sensitive,True,"{'season': 2025, 'games': 17, 'fantasy_points': 143.92, 'points_per_game': 8.47, 'stats': {'rushing_attempts': 158.0, 'rushing_yards': 716.0, 'rushing_tds': 8.0, 'targets': 29.0, 'receptions': 24.0, 'receiving_yards': 192.0, 'receiving_tds': 0.0, 'fumbles_lost': 1.0}, 'source': 'nflverse weekly player and team statistics'}","[{'season': 2024, 'games': 14, 'fantasy_points': 186.72, 'points_per_game': 13.34, 'stats': {'rushing_attempts': 185.0, 'rushing_yards': 775.0, 'rushing_tds': 12.0, 'targets': 38.0, 'receptions': 36.0, 'receiving_yards': 341.0, 'receiving_tds': 0.0, 'fumbles_lost': 1.0}, 'source': 'nflverse weekly player and team statistics'}, {'season': 2025, 'games': 17, 'fantasy_points': 143.92, 'points_per_game': 8.47, 'stats': {'rushing_attempts': 158.0, 'rushing_yards': 716.0, 'rushing_tds': 8.0, 'targets': 29.0, 'receptions': 24.0, 'receiving_yards': 192.0, 'receiving_tds': 0.0, 'fumbles_lost': 1.0}, 'source': 'nflverse weekly player and team statistics'}]","{'season': 2026, 'games': None, 'fantasy_points': 165.08, 'stats': {'rushing_attempts': 231.53, 'rushing_yards': 959.67, 'rushing_tds': 7.68, 'receptions': 30.83, 'receiving_yards': 228.16, 'receiving_tds': 0.54, 'fumbles_lost': 1.35}, 'source': 'FantasyPros consensus projection'}",9,2,165.08,163.61,13,4,11.0,9.4,10
nfl:gsis:00-0039361,Bucky Irving,RB,TB,2002-08-19,3,0.995,15.8,9.7,21.9,179.969,22,92.249,87.72,27.57,11.77,25.49,28.3,2.81,19,50.0,55.0,,False,wide_market_price_range,True,"{'season': 2025, 'games': 10, 'fantasy_points': 108.5, 'points_per_game': 10.85, 'stats': {'rushing_attempts': 173.0, 'rushing_yards': 588.0, 'rushing_tds': 1.0, 'targets': 35.0, 'receptions': 30.0, 'receiving_yards': 277.0, 'receiving_tds': 3.0, 'fumbles_lost': 1.0}, 'source': 'nflverse weekly player and team statistics'}","[{'season': 2024, 'games': 17, 'fantasy_points': 197.4, 'points_per_game': 11.61, 'stats': {'rushing_attempts': 207.0, 'rushing_yards': 1122.0, 'rushing_tds': 8.0, 'targets': 52.0, 'receptions': 47.0, 'receiving_yards': 392.0, 'receiving_tds': 0.0, 'fumbles_lost': 1.0}, 'source': 'nflverse weekly player and team statistics'}, {'season': 2025, 'games': 10, 'fantasy_points': 108.5, 'points_per_game': 10.85, 'stats': {'rushing_attempts': 173.0, 'rushing_yards': 588.0, 'rushing_tds': 1.0, 'targets': 35.0, 'receptions': 30.0, 'receiving_yards': 277.0, 'receiving_tds': 3.0, 'fumbles_lost': 1.0}, 'source': 'nflverse weekly player and team statistics'}]","{'season': 2026, 'games': None, 'fantasy_points': 179.97, 'stats': {'rushing_attempts': 252.75, 'rushing_yards': 1004.74, 'rushing_tds': 5.77, 'receptions': 39.6, 'receiving_yards': 333.35, 'receiving_tds': 2.25, 'fumbles_lost': 0.95}, 'source': 'FantasyPros consensus projection'}",8,6,191.33,178.05,12,4,16.5,13.6,11
nfl:gsis:00-0037525,Jordan Mason,RB,MIN,1999-05-24,5,0.5204,1.3,1.0,7.4,130.729,36,92.249,38.48,12.66,11.36,10.36,14.1,3.74,2,135.0,119.0,,False,allocation_sensitive,True,"{'season': 2025, 'games': 16, 'fantasy_points': 114.9, 'points_per_game': 7.18, 'stats': {'rushing_attempts': 159.0, 'rushing_yards': 758.0, 'rushing_tds': 6.0, 'targets': 16.0, 'receptions': 14.0, 'receiving_yards': 51.0, 'receiving_tds': 0.0, 'fumbles_lost': 1.0}, 'source': 'nflverse weekly player and team statistics'}","[{'season': 2024, 'games': 12, 'fantasy_points': 104.0, 'points_per_game': 8.67, 'stats': {'rushing_attempts': 153.0, 'rushing_yards': 789.0, 'rushing_tds': 3.0, 'targets': 14.0, 'receptions': 11.0, 'receiving_yards': 91.0, 'receiving_tds': 0.0, 'fumbles_lost': 1.0}, 'source': 'nflverse weekly player and team statistics'}, {'season': 2025, 'games': 16, 'fantasy_points': 114.9, 'points_per_game': 7.18, 'stats': {'rushing_attempts': 159.0, 'rushing_yards': 758.0, 'rushing_tds': 6.0, 'targets': 16.0, 'receptions': 14.0, 'receiving_yards': 51.0, 'receiving_tds': 0.0, 'fumbles_lost': 1.0}, 'source': 'nflverse weekly player and team statistics'}]","{'season': 2026, 'games': None, 'fantasy_points': 130.73, 'stats': {'rushing_attempts': 192.78, 'rushing_yards': 878.7, 'rushing_tds': 6.13, 'receptions': 14.47, 'receiving_yards': 75.79, 'receiving_tds': 0.11, 'fumbles_lost': 0.75}, 'source': 'FantasyPros consensus projection'}",11,8,137.18,121.8,15,4,1.3,1.0,12
nfl:gsis:00-0040242,Jacory Croskey-Merritt,RB,WAS,2001-04-12,2,0.5799,2.6,1.0,8.7,135.002,33,92.249,42.75,13.95,11.35,11.67,15.33,3.66,2,123.0,111.0,,True,allocation_sensitive,True,"{'season': 2025, 'games': 17, 'fantasy_points': 131.3, 'points_per_game': 7.72, 'stats': {'rushing_attempts': 175.0, 'rushing_yards': 805.0, 'rushing_tds': 8.0, 'targets': 13.0, 'receptions': 9.0, 'receiving_yards': 68.0, 'receiving_tds': 0.0, 'fumbles_lost': 2.0}, 'source': 'nflverse weekly player and team statistics'}","[{'season': 2025, 'games': 17, 'fantasy_points': 131.3, 'points_per_game': 7.72, 'stats': {'rushing_attempts': 175.0, 'rushing_yards': 805.0, 'rushing_tds': 8.0, 'targets': 13.0, 'receptions': 9.0, 'receiving_yards': 68.0, 'receiving_tds': 0.0, 'fumbles_lost': 2.0}, 'source': 'nflverse weekly player and team statistics'}]","{'season': 2026, 'games': None, 'fantasy_points': 135.0, 'stats': {'rushing_attempts': 185.11, 'rushing_yards': 831.68, 'rushing_tds': 7.48, 'receptions': 12.35, 'receiving_yards': 91.34, 'receiving_tds': 0.22, 'fumbles_lost': 1.65}, 'source': 'FantasyPros consensus projection'}",11,8,137.18,121.8,14,54,6.4,1.5,13
nfl:gsis:00-0039344,Jonathon Brooks,RB,CAR,2003-07-21,3,0.763,2.6,1.0,8.7,134.527,34,92.249,42.28,13.81,11.21,11.53,15.19,3.66,3,103.0,91.0,,False,allocation_sensitive,True,,"[{'season': 2024, 'games': 3, 'fantasy_points': 4.5, 'points_per_game': 1.5, 'stats': {'rushing_attempts': 9.0, 'rushing_yards': 22.0, 'rushing_tds': 0.0, 'targets': 3.0, 'receptions': 3.0, 'receiving_yards': 23.0, 'receiving_tds': 0.0, 'fumbles_lost': 0.0}, 'source': 'nflverse weekly player and team statistics'}]","{'season': 2026, 'games': None, 'fantasy_points': 134.53, 'stats': {'rushing_attempts': 188.32, 'rushing_yards': 777.86, 'rushing_tds': 5.11, 'receptions': 29.57, 'receiving_yards': 225.21, 'receiving_tds': 1.08, 'fumbles_lost': 1.9}, 'source': 'FantasyPros consensus projection'}",11,8,137.18,121.8,14,54,6.4,1.5,14
nfl:gsis:00-0040734,TreVeyon Henderson,RB,NE,2002-10-22,2,0.995,9.4,3.3,15.4,156.182,27,92.249,63.93,20.37,10.97,18.18,21.44,3.26,2,68.0,62.0,,False,wide_market_price_range;allocation_sensitive,True,"{'season': 2025, 'games': 17, 'fantasy_points': 171.2, 'points_per_game': 10.07, 'stats': {'rushing_attempts': 180.0, 'rushing_yards': 911.0, 'rushing_tds': 9.0, 'targets': 42.0, 'receptions': 35.0, 'receiving_yards': 221.0, 'receiving_tds': 1.0, 'fumbles_lost': 1.0}, 'source': 'nflverse weekly player and team statistics'}","[{'season': 2025, 'games': 17, 'fantasy_points': 171.2, 'points_per_game': 10.07, 'stats': {'rushing_attempts': 180.0, 'rushing_yards': 911.0, 'rushing_tds': 9.0, 'targets': 42.0, 'receptions': 35.0, 'receiving_yards': 221.0, 'receiving_tds': 1.0, 'fumbles_lost': 1.0}, 'source': 'nflverse weekly player and team statistics'}]","{'season': 2026, 'games': None, 'fantasy_points': 156.18, 'stats': {'rushing_attempts': 185.75, 'rushing_yards': 852.23, 'rushing_tds': 6.89, 'receptions': 35.24, 'receiving_yards': 244.19, 'receiving_tds': 1.15, 'fumbles_lost': 0.8}, 'source': 'FantasyPros consensus projection'}",10,6,156.65,148.5,13,4,11.0,9.4,15
nfl:gsis:00-0040715,Cam Skattebo,RB,NYG,2002-02-05,2,0.995,19.9,13.9,26.0,190.548,19,92.249,98.3,30.78,10.88,28.74,31.35,2.61,20,40.0,41.0,,False,wide_market_price_range,True,"{'season': 2025, 'games': 8, 'fantasy_points': 103.7, 'points_per_game': 12.96, 'stats': {'rushing_attempts': 101.0, 'rushing_yards': 410.0, 'rushing_tds': 5.0, 'targets': 32.0, 'receptions': 24.0, 'receiving_yards': 207.0, 'receiving_tds': 2.0, 'fumbles_lost': 1.0}, 'source': 'nflverse weekly player and team statistics'}","[{'season': 2025, 'games': 8, 'fantasy_points': 103.7, 'points_per_game': 12.96, 'stats': {'rushing_attempts': 101.0, 'rushing_yards': 410.0, 'rushing_tds': 5.0, 'targets': 32.0, 'receptions': 24.0, 'receiving_yards': 207.0, 'receiving_tds': 2.0, 'fumbles_lost': 1.0}, 'source': 'nflverse weekly player and team statistics'}]","{'season': 2026, 'games': None, 'fantasy_points': 190.55, 'stats': {'rushing_attempts': 236.71, 'rushing_yards': 987.34, 'rushing_tds': 7.94, 'receptions': 43.29, 'receiving_yards': 343.34, 'receiving_tds': 2.16, 'fumbles_lost': 1.8}, 'source': 'FantasyPros consensus projection'}",8,6,191.33,178.05,11,2,20.6,19.9,16
nfl:gsis:00-0036555,Chuba Hubbard,RB,CAR,1999-06-11,6,0.7412,4.0,1.0,10.1,137.183,32,92.249,44.93,14.61,10.61,12.34,15.96,3.62,2,110.0,84.0,,False,allocation_sensitive,True,"{'season': 2025, 'games': 15, 'fantasy_points': 95.4, 'points_per_game': 6.36, 'stats': {'rushing_attempts': 134.0, 'rushing_yards': 511.0, 'rushing_tds': 1.0, 'targets': 39.0, 'receptions': 30.0, 'receiving_yards': 223.0, 'receiving_tds': 3.0, 'fumbles_lost': 1.0}, 'source': 'nflverse weekly player and team statistics'}","[{'season': 2024, 'games': 15, 'fantasy_points': 198.6, 'points_per_game': 13.24, 'stats': {'rushing_attempts': 250.0, 'rushing_yards': 1195.0, 'rushing_tds': 10.0, 'targets': 54.0, 'receptions': 43.0, 'receiving_yards': 171.0, 'receiving_tds': 1.0, 'fumbles_lost': 3.0}, 'source': 'nflverse weekly player and team statistics'}, {'season': 2025, 'games': 15, 'fantasy_points': 95.4, 'points_per_game': 6.36, 'stats': {'rushing_attempts': 134.0, 'rushing_yards': 511.0, 'rushing_tds': 1.0, 'targets': 39.0, 'receptions': 30.0, 'receiving_yards': 223.0, 'receiving_tds': 3.0, 'fumbles_lost': 1.0}, 'source': 'nflverse weekly player and team statistics'}]","{'season': 2026, 'games': None, 'fantasy_points': 137.18, 'stats': {'rushing_attempts': 178.18, 'rushing_yards': 728.88, 'rushing_tds': 4.95, 'receptions': 36.42, 'receiving_yards': 256.35, 'receiving_tds': 1.8, 'fumbles_lost': 1.25}, 'source': 'FantasyPros consensus projection'}",11,8,137.18,121.8,14,54,6.4,1.5,17
nfl:gsis:00-0040236,Kyle Monangai,RB,CHI,2002-06-06,2,0.6152,2.9,1.0,9.0,133.394,35,92.249,41.15,13.46,10.56,11.18,14.87,3.69,2,118.0,105.0,,True,allocation_sensitive,True,"{'season': 2025, 'games': 17, 'fantasy_points': 128.7, 'points_per_game': 7.57, 'stats': {'rushing_attempts': 169.0, 'rushing_yards': 783.0, 'rushing_tds': 5.0, 'targets': 30.0, 'receptions': 18.0, 'receiving_yards': 164.0, 'receiving_tds': 0.0, 'fumbles_lost': 0.0}, 'source': 'nflverse weekly player and team statistics'}","[{'season': 2025, 'games': 17, 'fantasy_points': 128.7, 'points_per_game': 7.57, 'stats': {'rushing_attempts': 169.0, 'rushing_yards': 783.0, 'rushing_tds': 5.0, 'targets': 30.0, 'receptions': 18.0, 'receiving_yards': 164.0, 'receiving_tds': 0.0, 'fumbles_lost': 0.0}, 'source': 'nflverse weekly player and team statistics'}]","{'season': 2026, 'games': None, 'fantasy_points': 133.39, 'stats': {'rushing_attempts': 191.3, 'rushing_yards': 817.95, 'rushing_tds': 5.16, 'receptions': 22.88, 'receiving_yards': 194.99, 'receiving_tds': 0.43, 'fumbles_lost': 0.5}, 'source': 'FantasyPros consensus projection'}",11,8,137.18,121.8,14,54,6.4,1.5,18
nfl:gsis:00-0036973,Travis Etienne Jr.,RB,NO,1999-01-26,6,0.995,20.6,14.5,26.6,191.33,18,92.249,99.08,31.01,10.41,28.98,31.57,2.59,22,39.0,42.0,,False,wide_market_price_range,True,"{'season': 2025, 'games': 17, 'fantasy_points': 217.9, 'points_per_game': 12.82, 'stats': {'rushing_attempts': 260.0, 'rushing_yards': 1107.0, 'rushing_tds': 7.0, 'targets': 52.0, 'receptions': 36.0, 'receiving_yards': 292.0, 'receiving_tds': 6.0, 'fumbles_lost': 0.0}, 'source': 'nflverse weekly player and team statistics'}","[{'season': 2024, 'games': 15, 'fantasy_points': 91.2, 'points_per_game': 6.08, 'stats': {'rushing_attempts': 150.0, 'rushing_yards': 558.0, 'rushing_tds': 2.0, 'targets': 52.0, 'receptions': 39.0, 'receiving_yards': 254.0, 'receiving_tds': 0.0, 'fumbles_lost': 1.0}, 'source': 'nflverse weekly player and team statistics'}, {'season': 2025, 'games': 17, 'fantasy_points': 217.9, 'points_per_game': 12.82, 'stats': {'rushing_attempts': 260.0, 'rushing_yards': 1107.0, 'rushing_tds': 7.0, 'targets': 52.0, 'receptions': 36.0, 'receiving_yards': 292.0, 'receiving_tds': 6.0, 'fumbles_lost': 0.0}, 'source': 'nflverse weekly player and team statistics'}]","{'season': 2026, 'games': None, 'fantasy_points': 191.33, 'stats': {'rushing_attempts': 253.23, 'rushing_yards': 1070.68, 'rushing_tds': 5.39, 'receptions': 45.26, 'receiving_yards': 356.82, 'receiving_tds': 3.04, 'fumbles_lost': 0.65}, 'source': 'FantasyPros consensus projection'}",8,6,191.33,178.05,11,2,20.6,19.9,19
nfl:gsis:00-0037256,Rachaad White,RB,WAS,1999-01-12,5,0.5618,1.3,1.0,7.4,125.497,38,92.249,33.25,11.07,9.77,8.75,12.59,3.84,2,126.0,132.0,,False,allocation_sensitive,True,"{'season': 2025, 'games': 17, 'fantasy_points': 103.0, 'points_per_game': 6.06, 'stats': {'rushing_attempts': 132.0, 'rushing_yards': 572.0, 'rushing_tds': 4.0, 'targets': 45.0, 'receptions': 40.0, 'receiving_yards': 218.0, 'receiving_tds': 0.0, 'fumbles_lost': 0.0}, 'source': 'nflverse weekly player and team statistics'}","[{'season': 2024, 'games': 15, 'fantasy_points': 148.6, 'points_per_game': 9.91, 'stats': {'rushing_attempts': 144.0, 'rushing_yards': 613.0, 'rushing_tds': 3.0, 'targets': 57.0, 'receptions': 51.0, 'receiving_yards': 393.0, 'receiving_tds': 6.0, 'fumbles_lost': 3.0}, 'source': 'nflverse weekly player and team statistics'}, {'season': 2025, 'games': 17, 'fantasy_points': 103.0, 'points_per_game': 6.06, 'stats': {'rushing_attempts': 132.0, 'rushing_yards': 572.0, 'rushing_tds': 4.0, 'targets': 45.0, 'receptions': 40.0, 'receiving_yards': 218.0, 'receiving_tds': 0.0, 'fumbles_lost': 0.0}, 'source': 'nflverse weekly player and team statistics'}]","{'season': 2026, 'games': None, 'fantasy_points': 125.5, 'stats': {'rushing_attempts': 136.99, 'rushing_yards': 605.64, 'rushing_tds': 5.36, 'receptions': 35.78, 'receiving_yards': 247.93, 'receiving_tds': 1.6, 'fumbles_lost': 0.7}, 'source': 'FantasyPros consensus projection'}",11,8,137.18,121.8,15,4,1.3,1.0,20
nfl:gsis:00-0039738,Blake Corum,RB,LAR,2000-11-25,3,0.6246,2.1,1.0,8.1,126.627,37,92.249,34.38,11.41,9.31,9.1,12.92,3.82,2,125.0,97.0,,False,allocation_sensitive,True,"{'season': 2025, 'games': 17, 'fantasy_points': 114.2, 'points_per_game': 6.72, 'stats': {'rushing_attempts': 145.0, 'rushing_yards': 746.0, 'rushing_tds': 6.0, 'targets': 14.0, 'receptions': 8.0, 'receiving_yards': 36.0, 'receiving_tds': 0.0, 'fumbles_lost': 0.0}, 'source': 'nflverse weekly player and team statistics'}","[{'season': 2024, 'games': 15, 'fantasy_points': 26.5, 'points_per_game': 1.77, 'stats': {'rushing_attempts': 58.0, 'rushing_yards': 207.0, 'rushing_tds': 0.0, 'targets': 8.0, 'receptions': 7.0, 'receiving_yards': 58.0, 'receiving_tds': 0.0, 'fumbles_lost': 0.0}, 'source': 'nflverse weekly player and team statistics'}, {'season': 2025, 'games': 17, 'fantasy_points': 114.2, 'points_per_game': 6.72, 'stats': {'rushing_attempts': 145.0, 'rushing_yards': 746.0, 'rushing_tds': 6.0, 'targets': 14.0, 'receptions': 8.0, 'receiving_yards': 36.0, 'receiving_tds': 0.0, 'fumbles_lost': 0.0}, 'source': 'nflverse weekly player and team statistics'}]","{'season': 2026, 'games': None, 'fantasy_points': 126.63, 'stats': {'rushing_attempts': 167.65, 'rushing_yards': 801.5, 'rushing_tds': 6.44, 'receptions': 11.89, 'receiving_yards': 80.37, 'receiving_tds': 0.2, 'fumbles_lost': 0.5}, 'source': 'FantasyPros consensus projection'}",11,8,137.18,121.8,14,54,6.4,1.5,21
nfl:gsis:00-0036997,Javonte Williams,RB,DAL,2000-04-25,6,0.995,25.6,19.5,31.7,201.262,16,92.249,109.01,34.02,8.42,32.03,34.43,2.4,25,31.0,33.0,,False,wide_market_price_range,True,"{'season': 2025, 'games': 16, 'fantasy_points': 207.8, 'points_per_game': 12.99, 'stats': {'rushing_attempts': 252.0, 'rushing_yards': 1201.0, 'rushing_tds': 11.0, 'targets': 51.0, 'receptions': 35.0, 'receiving_yards': 137.0, 'receiving_tds': 2.0, 'fumbles_lost': 2.0}, 'source': 'nflverse weekly player and team statistics'}","[{'season': 2024, 'games': 17, 'fantasy_points': 105.9, 'points_per_game': 6.23, 'stats': {'rushing_attempts': 139.0, 'rushing_yards': 513.0, 'rushing_tds': 4.0, 'targets': 70.0, 'receptions': 52.0, 'receiving_yards': 346.0, 'receiving_tds': 0.0, 'fumbles_lost': 2.0}, 'source': 'nflverse weekly player and team statistics'}, {'season': 2025, 'games': 16, 'fantasy_points': 207.8, 'points_per_game': 12.99, 'stats': {'rushing_attempts': 252.0, 'rushing_yards': 1201.0, 'rushing_tds': 11.0, 'targets': 51.0, 'receptions': 35.0, 'receiving_yards': 137.0, 'receiving_tds': 2.0, 'fumbles_lost': 2.0}, 'source': 'nflverse weekly player and team statistics'}]","{'season': 2026, 'games': None, 'fantasy_points': 201.26, 'stats': {'rushing_attempts': 256.18, 'rushing_yards': 1160.38, 'rushing_tds': 10.37, 'receptions': 32.96, 'receiving_yards': 192.04, 'receiving_tds': 1.17, 'fumbles_lost': 1.8}, 'source': 'FantasyPros consensus projection'}",7,9,214.85,198.94,10,4,28.4,25.6,22
nfl:gsis:00-0037840,Kyren Williams,RB,LAR,2000-08-26,5,0.995,27.3,21.2,33.4,206.322,12,92.249,114.07,35.55,8.25,33.58,35.89,2.31,21,36.0,26.0,,False,wide_market_price_range,True,"{'season': 2025, 'games': 17, 'fantasy_points': 227.3, 'points_per_game': 13.37, 'stats': {'rushing_attempts': 259.0, 'rushing_yards': 1252.0, 'rushing_tds': 10.0, 'targets': 50.0, 'receptions': 36.0, 'receiving_yards': 281.0, 'receiving_tds': 3.0, 'fumbles_lost': 2.0}, 'source': 'nflverse weekly player and team statistics'}","[{'season': 2024, 'games': 16, 'fantasy_points': 238.1, 'points_per_game': 14.88, 'stats': {'rushing_attempts': 316.0, 'rushing_yards': 1299.0, 'rushing_tds': 14.0, 'targets': 40.0, 'receptions': 34.0, 'receiving_yards': 182.0, 'receiving_tds': 2.0, 'fumbles_lost': 3.0}, 'source': 'nflverse weekly player and team statistics'}, {'season': 2025, 'games': 17, 'fantasy_points': 227.3, 'points_per_game': 13.37, 'stats': {'rushing_attempts': 259.0, 'rushing_yards': 1252.0, 'rushing_tds': 10.0, 'targets': 50.0, 'receptions': 36.0, 'receiving_yards': 281.0, 'receiving_tds': 3.0, 'fumbles_lost': 2.0}, 'source': 'nflverse weekly player and team statistics'}]","{'season': 2026, 'games': None, 'fantasy_points': 206.32, 'stats': {'rushing_attempts': 240.17, 'rushing_yards': 1118.4, 'rushing_tds': 10.06, 'receptions': 33.8, 'receiving_yards': 239.62, 'receiving_tds': 2.21, 'fumbles_lost': 1.95}, 'source': 'FantasyPros consensus projection'}",7,9,214.85,198.94,10,4,28.4,25.6,23
nfl:gsis:00-0035700,Josh Jacobs,RB,GB,1998-02-11,8,0.995,28.0,21.9,34.0,208.381,11,92.249,116.13,36.18,8.18,34.21,36.49,2.28,27,33.0,32.0,,False,wide_market_price_range,True,"{'season': 2025, 'games': 15, 'fantasy_points': 201.1, 'points_per_game': 13.41, 'stats': {'rushing_attempts': 234.0, 'rushing_yards': 929.0, 'rushing_tds': 13.0, 'targets': 44.0, 'receptions': 36.0, 'receiving_yards': 282.0, 'receiving_tds': 1.0, 'fumbles_lost': 2.0}, 'source': 'nflverse weekly player and team statistics'}","[{'season': 2024, 'games': 17, 'fantasy_points': 257.1, 'points_per_game': 15.12, 'stats': {'rushing_attempts': 301.0, 'rushing_yards': 1329.0, 'rushing_tds': 15.0, 'targets': 43.0, 'receptions': 36.0, 'receiving_yards': 342.0, 'receiving_tds': 1.0, 'fumbles_lost': 3.0}, 'source': 'nflverse weekly player and team statistics'}, {'season': 2025, 'games': 15, 'fantasy_points': 201.1, 'points_per_game': 13.41, 'stats': {'rushing_attempts': 234.0, 'rushing_yards': 929.0, 'rushing_tds': 13.0, 'targets': 44.0, 'receptions': 36.0, 'receiving_yards': 282.0, 'receiving_tds': 1.0, 'fumbles_lost': 2.0}, 'source': 'nflverse weekly player and team statistics'}]","{'season': 2026, 'games': None, 'fantasy_points': 208.38, 'stats': {'rushing_attempts': 274.22, 'rushing_yards': 1102.24, 'rushing_tds': 11.07, 'receptions': 34.32, 'receiving_yards': 269.97, 'receiving_tds': 1.21, 'fumbles_lost': 1.5}, 'source': 'FantasyPros consensus projection'}",7,9,214.85,198.94,10,4,28.4,25.6,24
nfl:gsis:00-0037664,Alec Pierce,WR,IND,2000-05-02,5,0.7564,1.8,1.0,9.0,135.744,29,106.489,29.25,9.86,8.06,9.39,10.32,0.93,6,91.0,89.0,,True,,True,"{'season': 2025, 'games': 15, 'fantasy_points': 136.3, 'points_per_game': 9.09, 'stats': {'rushing_attempts': 0.0, 'rushing_yards': 0.0, 'rushing_tds': 0.0, 'targets': 84.0, 'receptions': 47.0, 'receiving_yards': 1003.0, 'receiving_tds': 6.0, 'fumbles_lost': 0.0}, 'source': 'nflverse weekly player and team statistics'}","[{'season': 2024, 'games': 16, 'fantasy_points': 124.4, 'points_per_game': 7.78, 'stats': {'rushing_attempts': 0.0, 'rushing_yards': 0.0, 'rushing_tds': 0.0, 'targets': 69.0, 'receptions': 37.0, 'receiving_yards': 824.0, 'receiving_tds': 7.0, 'fumbles_lost': 0.0}, 'source': 'nflverse weekly player and team statistics'}, {'season': 2025, 'games': 15, 'fantasy_points': 136.3, 'points_per_game': 9.09, 'stats': {'rushing_attempts': 0.0, 'rushing_yards': 0.0, 'rushing_tds': 0.0, 'targets': 84.0, 'receptions': 47.0, 'receiving_yards': 1003.0, 'receiving_tds': 6.0, 'fumbles_lost': 0.0}, 'source': 'nflverse weekly player and team statistics'}]","{'season': 2026, 'games': None, 'fantasy_points': 135.74, 'stats': {'rushing_attempts': 0.0, 'rushing_yards': 0.0, 'rushing_tds': 0.0, 'receptions': 56.52, 'receiving_yards': 977.24, 'receiving_tds': 6.42, 'fumbles_lost': 0.15}, 'source': 'FantasyPros consensus projection'}",6,12,142.71,130.97,12,64,4.7,1.0,25
nfl:gsis:00-0036919,Kenny Gainwell,RB,TB,1999-03-14,6,0.6309,2.5,1.0,8.5,121.804,39,92.249,29.56,9.95,7.45,7.62,11.53,3.91,2,105.0,123.0,,True,allocation_sensitive,True,"{'season': 2025, 'games': 17, 'fantasy_points': 148.3, 'points_per_game': 8.72, 'stats': {'rushing_attempts': 114.0, 'rushing_yards': 537.0, 'rushing_tds': 5.0, 'targets': 85.0, 'receptions': 73.0, 'receiving_yards': 486.0, 'receiving_tds': 3.0, 'fumbles_lost': 1.0}, 'source': 'nflverse weekly player and team statistics'}","[{'season': 2024, 'games': 17, 'fantasy_points': 46.6, 'points_per_game': 2.74, 'stats': {'rushing_attempts': 75.0, 'rushing_yards': 290.0, 'rushing_tds': 1.0, 'targets': 22.0, 'receptions': 16.0, 'receiving_yards': 116.0, 'receiving_tds': 0.0, 'fumbles_lost': 0.0}, 'source': 'nflverse weekly player and team statistics'}, {'season': 2025, 'games': 17, 'fantasy_points': 148.3, 'points_per_game': 8.72, 'stats': {'rushing_attempts': 114.0, 'rushing_yards': 537.0, 'rushing_tds': 5.0, 'targets': 85.0, 'receptions': 73.0, 'receiving_yards': 486.0, 'receiving_tds': 3.0, 'fumbles_lost': 1.0}, 'source': 'nflverse weekly player and team statistics'}]","{'season': 2026, 'games': None, 'fantasy_points': 121.8, 'stats': {'rushing_attempts': 116.59, 'rushing_yards': 512.09, 'rushing_tds': 4.19, 'receptions': 49.7, 'receiving_yards': 351.95, 'receiving_tds': 2.01, 'fumbles_lost': 0.8}, 'source': 'FantasyPros consensus projection'}",11,8,137.18,121.8,14,54,6.4,1.5,26
nfl:gsis:00-0033293,Aaron Jones Sr.,RB,MIN,1994-12-02,10,0.5238,2.1,1.0,8.2,120.489,40,92.249,28.24,9.55,7.45,7.21,11.15,3.94,1,120.0,136.0,,False,allocation_sensitive,True,"{'season': 2025, 'games': 12, 'fantasy_points': 90.7, 'points_per_game': 7.56, 'stats': {'rushing_attempts': 132.0, 'rushing_yards': 548.0, 'rushing_tds': 2.0, 'targets': 41.0, 'receptions': 28.0, 'receiving_yards': 199.0, 'receiving_tds': 1.0, 'fumbles_lost': 1.0}, 'source': 'nflverse weekly player and team statistics'}","[{'season': 2024, 'games': 17, 'fantasy_points': 190.6, 'points_per_game': 11.21, 'stats': {'rushing_attempts': 255.0, 'rushing_yards': 1138.0, 'rushing_tds': 5.0, 'targets': 62.0, 'receptions': 51.0, 'receiving_yards': 408.0, 'receiving_tds': 2.0, 'fumbles_lost': 3.0}, 'source': 'nflverse weekly player and team statistics'}, {'season': 2025, 'games': 12, 'fantasy_points': 90.7, 'points_per_game': 7.56, 'stats': {'rushing_attempts': 132.0, 'rushing_yards': 548.0, 'rushing_tds': 2.0, 'targets': 41.0, 'receptions': 28.0, 'receiving_yards': 199.0, 'receiving_tds': 1.0, 'fumbles_lost': 1.0}, 'source': 'nflverse weekly player and team statistics'}]","{'season': 2026, 'games': None, 'fantasy_points': 120.49, 'stats': {'rushing_attempts': 149.94, 'rushing_yards': 638.75, 'rushing_tds': 3.07, 'receptions': 40.67, 'receiving_yards': 300.74, 'receiving_tds': 1.69, 'fumbles_lost': 1.35}, 'source': 'FantasyPros consensus projection'}",12,2,120.49,116.21,14,54,6.4,1.5,27
nfl:gsis:00-0037240,Jameson Williams,WR,DET,2001-03-26,5,0.995,8.1,1.0,15.2,152.861,17,106.489,46.37,15.05,6.95,14.32,15.78,1.46,14,59.0,64.0,,False,wide_market_price_range,True,"{'season': 2025, 'games': 17, 'fantasy_points': 154.9, 'points_per_game': 9.11, 'stats': {'rushing_attempts': 6.0, 'rushing_yards': 12.0, 'rushing_tds': 0.0, 'targets': 102.0, 'receptions': 65.0, 'receiving_yards': 1117.0, 'receiving_tds': 7.0, 'fumbles_lost': 0.0}, 'source': 'nflverse weekly player and team statistics'}","[{'season': 2024, 'games': 15, 'fantasy_points': 154.2, 'points_per_game': 10.28, 'stats': {'rushing_attempts': 11.0, 'rushing_yards': 61.0, 'rushing_tds': 1.0, 'targets': 91.0, 'receptions': 58.0, 'receiving_yards': 1001.0, 'receiving_tds': 7.0, 'fumbles_lost': 0.0}, 'source': 'nflverse weekly player and team statistics'}, {'season': 2025, 'games': 17, 'fantasy_points': 154.9, 'points_per_game': 9.11, 'stats': {'rushing_attempts': 6.0, 'rushing_yards': 12.0, 'rushing_tds': 0.0, 'targets': 102.0, 'receptions': 65.0, 'receiving_yards': 1117.0, 'receiving_tds': 7.0, 'fumbles_lost': 0.0}, 'source': 'nflverse weekly player and team statistics'}]","{'season': 2026, 'games': None, 'fantasy_points': 152.86, 'stats': {'rushing_attempts': 7.32, 'rushing_yards': 42.02, 'rushing_tds': 0.53, 'receptions': 64.4, 'receiving_yards': 1065.39, 'receiving_tds': 6.56, 'fumbles_lost': 0.0}, 'source': 'FantasyPros consensus projection'}",5,9,160.51,146.41,11,4,8.8,7.9,28
nfl:gsis:00-0038124,Christian Watson,WR,GB,1999-05-12,5,0.8557,3.4,1.0,10.5,136.146,26,106.489,29.66,9.98,6.58,9.51,10.45,0.94,6,85.0,67.0,,False,,True,"{'season': 2025, 'games': 10, 'fantasy_points': 97.4, 'points_per_game': 9.74, 'stats': {'rushing_attempts': 1.0, 'rushing_yards': 3.0, 'rushing_tds': 0.0, 'targets': 55.0, 'receptions': 35.0, 'receiving_yards': 611.0, 'receiving_tds': 6.0, 'fumbles_lost': 0.0}, 'source': 'nflverse weekly player and team statistics'}","[{'season': 2024, 'games': 14, 'fantasy_points': 76.3, 'points_per_game': 5.45, 'stats': {'rushing_attempts': 4.0, 'rushing_yards': 23.0, 'rushing_tds': 0.0, 'targets': 53.0, 'receptions': 29.0, 'receiving_yards': 620.0, 'receiving_tds': 2.0, 'fumbles_lost': 1.0}, 'source': 'nflverse weekly player and team statistics'}, {'season': 2025, 'games': 10, 'fantasy_points': 97.4, 'points_per_game': 9.74, 'stats': {'rushing_attempts': 1.0, 'rushing_yards': 3.0, 'rushing_tds': 0.0, 'targets': 55.0, 'receptions': 35.0, 'receiving_yards': 611.0, 'receiving_tds': 6.0, 'fumbles_lost': 0.0}, 'source': 'nflverse weekly player and team statistics'}]","{'season': 2026, 'games': None, 'fantasy_points': 136.15, 'stats': {'rushing_attempts': 1.75, 'rushing_yards': 8.7, 'rushing_tds': 0.04, 'receptions': 57.61, 'receiving_yards': 915.36, 'receiving_tds': 7.34, 'fumbles_lost': 0.35}, 'source': 'FantasyPros consensus projection'}",6,12,142.71,130.97,12,64,4.7,1.0,29
nfl:gsis:00-0034348,Courtland Sutton,WR,DEN,1995-10-10,9,0.9008,2.3,1.0,9.4,131.192,32,106.489,24.7,8.48,6.18,8.08,8.87,0.79,10,69.0,103.0,,False,,True,"{'season': 2025, 'games': 17, 'fantasy_points': 145.7, 'points_per_game': 8.57, 'stats': {'rushing_attempts': 0.0, 'rushing_yards': 0.0, 'rushing_tds': 0.0, 'targets': 124.0, 'receptions': 74.0, 'receiving_yards': 1017.0, 'receiving_tds': 7.0, 'fumbles_lost': 0.0}, 'source': 'nflverse weekly player and team statistics'}","[{'season': 2024, 'games': 16, 'fantasy_points': 160.3, 'points_per_game': 10.02, 'stats': {'rushing_attempts': 0.0, 'rushing_yards': 0.0, 'rushing_tds': 0.0, 'targets': 135.0, 'receptions': 81.0, 'receiving_yards': 1081.0, 'receiving_tds': 8.0, 'fumbles_lost': 1.0}, 'source': 'nflverse weekly player and team statistics'}, {'season': 2025, 'games': 17, 'fantasy_points': 145.7, 'points_per_game': 8.57, 'stats': {'rushing_attempts': 0.0, 'rushing_yards': 0.0, 'rushing_tds': 0.0, 'targets': 124.0, 'receptions': 74.0, 'receiving_yards': 1017.0, 'receiving_tds': 7.0, 'fumbles_lost': 0.0}, 'source': 'nflverse weekly player and team statistics'}]","{'season': 2026, 'games': None, 'fantasy_points': 131.19, 'stats': {'rushing_attempts': 0.0, 'rushing_yards': 0.0, 'rushing_tds': 0.0, 'receptions': 67.4, 'receiving_yards': 884.32, 'receiving_tds': 7.21, 'fumbles_lost': 0.2}, 'source': 'FantasyPros consensus projection'}",6,12,142.71,130.97,12,64,4.7,1.0,30
nfl:gsis:00-0035640,DK Metcalf,WR,PIT,1997-12-14,8,0.9164,2.4,1.0,9.5,130.967,33,106.489,24.48,8.41,6.01,8.01,8.8,0.79,7,74.0,83.0,,False,,True,"{'season': 2025, 'games': 15, 'fantasy_points': 128.2, 'points_per_game': 8.55, 'stats': {'rushing_attempts': 2.0, 'rushing_yards': 12.0, 'rushing_tds': 1.0, 'targets': 99.0, 'receptions': 59.0, 'receiving_yards': 850.0, 'receiving_tds': 6.0, 'fumbles_lost': 0.0}, 'source': 'nflverse weekly player and team statistics'}","[{'season': 2024, 'games': 15, 'fantasy_points': 125.2, 'points_per_game': 8.35, 'stats': {'rushing_attempts': 0.0, 'rushing_yards': 0.0, 'rushing_tds': 0.0, 'targets': 108.0, 'receptions': 66.0, 'receiving_yards': 992.0, 'receiving_tds': 5.0, 'fumbles_lost': 2.0}, 'source': 'nflverse weekly player and team statistics'}, {'season': 2025, 'games': 15, 'fantasy_points': 128.2, 'points_per_game': 8.55, 'stats': {'rushing_attempts': 2.0, 'rushing_yards': 12.0, 'rushing_tds': 1.0, 'targets': 99.0, 'receptions': 59.0, 'receiving_yards': 850.0, 'receiving_tds': 6.0, 'fumbles_lost': 0.0}, 'source': 'nflverse weekly player and team statistics'}]","{'season': 2026, 'games': None, 'fantasy_points': 130.97, 'stats': {'rushing_attempts': 0.67, 'rushing_yards': 3.33, 'rushing_tds': 0.33, 'receptions': 64.26, 'receiving_yards': 927.14, 'receiving_tds': 6.07, 'fumbles_lost': 0.0}, 'source': 'FantasyPros consensus projection'}",6,12,142.71,130.97,12,64,4.7,1.0,31
nfl:gsis:00-0040730,RJ Harvey,RB,DEN,2001-02-04,2,0.5728,2.6,1.0,8.6,116.213,41,92.249,23.96,8.26,5.66,5.9,9.91,4.01,1,130.0,104.0,,False,allocation_sensitive,True,"{'season': 2025, 'games': 17, 'fantasy_points': 159.6, 'points_per_game': 9.39, 'stats': {'rushing_attempts': 146.0, 'rushing_yards': 540.0, 'rushing_tds': 7.0, 'targets': 58.0, 'receptions': 47.0, 'receiving_yards': 356.0, 'receiving_tds': 5.0, 'fumbles_lost': 1.0}, 'source': 'nflverse weekly player and team statistics'}","[{'season': 2025, 'games': 17, 'fantasy_points': 159.6, 'points_per_game': 9.39, 'stats': {'rushing_attempts': 146.0, 'rushing_yards': 540.0, 'rushing_tds': 7.0, 'targets': 58.0, 'receptions': 47.0, 'receiving_yards': 356.0, 'receiving_tds': 5.0, 'fumbles_lost': 1.0}, 'source': 'nflverse weekly player and team statistics'}]","{'season': 2026, 'games': None, 'fantasy_points': 116.21, 'stats': {'rushing_attempts': 107.6, 'rushing_yards': 406.31, 'rushing_tds': 3.95, 'receptions': 45.91, 'receiving_yards': 341.62, 'receiving_tds': 3.19, 'fumbles_lost': 0.8}, 'source': 'FantasyPros consensus projection'}",12,2,120.49,116.21,14,54,6.4,1.5,32
nfl:gsis:00-0031408,Mike Evans,WR,SF,1993-08-21,13,0.892,4.7,1.0,11.9,135.784,28,106.489,29.29,9.87,5.17,9.4,10.34,0.94,5,81.0,66.0,,False,wide_market_price_range,True,"{'season': 2025, 'games': 8, 'fantasy_points': 54.8, 'points_per_game': 6.85, 'stats': {'rushing_attempts': 0.0, 'rushing_yards': 0.0, 'rushing_tds': 0.0, 'targets': 62.0, 'receptions': 30.0, 'receiving_yards': 368.0, 'receiving_tds': 3.0, 'fumbles_lost': 0.0}, 'source': 'nflverse weekly player and team statistics'}","[{'season': 2024, 'games': 14, 'fantasy_points': 166.4, 'points_per_game': 11.89, 'stats': {'rushing_attempts': 0.0, 'rushing_yards': 0.0, 'rushing_tds': 0.0, 'targets': 110.0, 'receptions': 74.0, 'receiving_yards': 1004.0, 'receiving_tds': 11.0, 'fumbles_lost': 0.0}, 'source': 'nflverse weekly player and team statistics'}, {'season': 2025, 'games': 8, 'fantasy_points': 54.8, 'points_per_game': 6.85, 'stats': {'rushing_attempts': 0.0, 'rushing_yards': 0.0, 'rushing_tds': 0.0, 'targets': 62.0, 'receptions': 30.0, 'receiving_yards': 368.0, 'receiving_tds': 3.0, 'fumbles_lost': 0.0}, 'source': 'nflverse weekly player and team statistics'}]","{'season': 2026, 'games': None, 'fantasy_points': 135.78, 'stats': {'rushing_attempts': 0.0, 'rushing_yards': 0.0, 'rushing_tds': 0.0, 'receptions': 67.24, 'receiving_yards': 945.64, 'receiving_tds': 6.94, 'fumbles_lost': 0.2}, 'source': 'FantasyPros consensus projection'}",6,12,142.71,130.97,12,64,4.7,1.0,33
nfl:gsis:00-0038120,Breece Hall,RB,NYJ,2001-05-31,5,0.995,28.4,22.3,34.4,198.939,17,92.249,106.69,33.32,4.92,31.31,33.76,2.45,33,30.0,35.0,,False,wide_market_price_range,True,"{'season': 2025, 'games': 16, 'fantasy_points': 172.66, 'points_per_game': 10.79, 'stats': {'rushing_attempts': 243.0, 'rushing_yards': 1065.0, 'rushing_tds': 4.0, 'targets': 48.0, 'receptions': 36.0, 'receiving_yards': 350.0, 'receiving_tds': 1.0, 'fumbles_lost': 2.0}, 'source': 'nflverse weekly player and team statistics'}","[{'season': 2024, 'games': 16, 'fantasy_points': 183.9, 'points_per_game': 11.49, 'stats': {'rushing_attempts': 209.0, 'rushing_yards': 876.0, 'rushing_tds': 5.0, 'targets': 76.0, 'receptions': 57.0, 'receiving_yards': 483.0, 'receiving_tds': 3.0, 'fumbles_lost': 2.0}, 'source': 'nflverse weekly player and team statistics'}, {'season': 2025, 'games': 16, 'fantasy_points': 172.66, 'points_per_game': 10.79, 'stats': {'rushing_attempts': 243.0, 'rushing_yards': 1065.0, 'rushing_tds': 4.0, 'targets': 48.0, 'receptions': 36.0, 'receiving_yards': 350.0, 'receiving_tds': 1.0, 'fumbles_lost': 2.0}, 'source': 'nflverse weekly player and team statistics'}]","{'season': 2026, 'games': None, 'fantasy_points': 198.94, 'stats': {'rushing_attempts': 249.04, 'rushing_yards': 1113.5, 'rushing_tds': 6.19, 'receptions': 46.38, 'receiving_yards': 404.09, 'receiving_tds': 2.24, 'fumbles_lost': 1.75}, 'source': 'FantasyPros consensus projection'}",7,9,214.85,198.94,10,4,28.4,25.6,34
nfl:gsis:00-0039849,Marvin Harrison Jr.,WR,ARI,2002-08-11,3,0.9483,3.8,1.0,10.9,131.595,31,106.489,25.11,8.61,4.81,8.19,9.0,0.81,7,73.0,74.0,,False,,True,"{'season': 2025, 'games': 12, 'fantasy_points': 86.8, 'points_per_game': 7.23, 'stats': {'rushing_attempts': 0.0, 'rushing_yards': 0.0, 'rushing_tds': 0.0, 'targets': 73.0, 'receptions': 41.0, 'receiving_yards': 608.0, 'receiving_tds': 4.0, 'fumbles_lost': 0.0}, 'source': 'nflverse weekly player and team statistics'}","[{'season': 2024, 'games': 17, 'fantasy_points': 134.5, 'points_per_game': 7.91, 'stats': {'rushing_attempts': 0.0, 'rushing_yards': 0.0, 'rushing_tds': 0.0, 'targets': 116.0, 'receptions': 62.0, 'receiving_yards': 885.0, 'receiving_tds': 8.0, 'fumbles_lost': 1.0}, 'source': 'nflverse weekly player and team statistics'}, {'season': 2025, 'games': 12, 'fantasy_points': 86.8, 'points_per_game': 7.23, 'stats': {'rushing_attempts': 0.0, 'rushing_yards': 0.0, 'rushing_tds': 0.0, 'targets': 73.0, 'receptions': 41.0, 'receiving_yards': 608.0, 'receiving_tds': 4.0, 'fumbles_lost': 0.0}, 'source': 'nflverse weekly player and team statistics'}]","{'season': 2026, 'games': None, 'fantasy_points': 131.59, 'stats': {'rushing_attempts': 0.0, 'rushing_yards': 0.0, 'rushing_tds': 0.0, 'receptions': 67.25, 'receiving_yards': 961.35, 'receiving_tds': 6.01, 'fumbles_lost': 0.2}, 'source': 'FantasyPros consensus projection'}",6,12,142.71,130.97,12,64,4.7,1.0,35
nfl:gsis:00-0031492,Jason Myers,K,SEA,1991-05-12,12,0.7823,1.7,1.0,4.2,150.42,2,132.62,17.8,6.39,4.69,6.13,6.67,0.54,1,111.0,134.0,,False,low_confidence_special_teams_projection,True,"{'season': 2025, 'games': 17, 'fantasy_points': 178.0, 'points_per_game': 10.47, 'stats': {'field_goals_made': 41.0, 'field_goals_attempted': 48.0, 'extra_points_made': 48.0}, 'source': 'nflverse weekly player and team statistics'}","[{'season': 2024, 'games': 17, 'fantasy_points': 123.5, 'points_per_game': 7.26, 'stats': {'field_goals_made': 26.0, 'field_goals_attempted': 30.0, 'extra_points_made': 37.0}, 'source': 'nflverse weekly player and team statistics'}, {'season': 2025, 'games': 17, 'fantasy_points': 178.0, 'points_per_game': 10.47, 'stats': {'field_goals_made': 41.0, 'field_goals_attempted': 48.0, 'extra_points_made': 48.0}, 'source': 'nflverse weekly player and team statistics'}]","{'season': 2026, 'games': None, 'fantasy_points': 150.42, 'stats': {'field_goals_made': 34.7, 'field_goals_attempted': 39.96, 'extra_points_made': 46.32}, 'source': 'FantasyPros consensus projection'}",1,2,153.03,150.42,1,21,5.5,1.0,36
nfl:def:DEN,Denver Broncos,DEF,DEN,,,0.8939,2.2,1.0,4.0,122.24,2,106.68,15.56,5.71,3.51,5.49,5.96,0.47,1,89.0,101.0,,False,low_confidence_special_teams_projection,True,"{'season': 2025, 'games': 17, 'fantasy_points': 141.0, 'points_per_game': 8.29, 'stats': {'sacks': 68.0, 'interceptions': 10.0, 'fumble_recoveries': 4.0, 'defensive_tds': 1.0, 'safeties': 0.0, 'special_teams_tds': 1.0}, 'source': 'nflverse weekly player and team statistics'}","[{'season': 2024, 'games': 17, 'fantasy_points': 167.0, 'points_per_game': 9.82, 'stats': {'sacks': 63.0, 'interceptions': 15.0, 'fumble_recoveries': 9.0, 'defensive_tds': 3.0, 'safeties': 2.0, 'special_teams_tds': 0.0}, 'source': 'nflverse weekly player and team statistics'}, {'season': 2025, 'games': 17, 'fantasy_points': 141.0, 'points_per_game': 8.29, 'stats': {'sacks': 68.0, 'interceptions': 10.0, 'fumble_recoveries': 4.0, 'defensive_tds': 1.0, 'safeties': 0.0, 'special_teams_tds': 1.0}, 'source': 'nflverse weekly player and team statistics'}]","{'season': 2026, 'games': None, 'fantasy_points': 122.24, 'stats': {'sacks': 59.76, 'interceptions': 13.3, 'fumble_recoveries': 8.27, 'defensive_tds': 2.39, 'safeties': 0.5, 'special_teams_tds': 1.0}, 'source': 'FantasyPros consensus projection'}",1,8,124.0,111.27,1,22,3.7,1.0,37
nfl:gsis:00-0039893,Brian Thomas Jr.,WR,JAX,2002-10-08,3,0.7727,2.6,1.0,9.7,123.047,34,106.489,16.56,6.02,3.42,5.73,6.28,0.55,4,97.0,78.0,,False,,True,"{'season': 2025, 'games': 14, 'fantasy_points': 90.8, 'points_per_game': 6.49, 'stats': {'rushing_attempts': 3.0, 'rushing_yards': 21.0, 'rushing_tds': 1.0, 'targets': 91.0, 'receptions': 48.0, 'receiving_yards': 707.0, 'receiving_tds': 2.0, 'fumbles_lost': 0.0}, 'source': 'nflverse weekly player and team statistics'}","[{'season': 2024, 'games': 17, 'fantasy_points': 197.0, 'points_per_game': 11.59, 'stats': {'rushing_attempts': 6.0, 'rushing_yards': 48.0, 'rushing_tds': 0.0, 'targets': 133.0, 'receptions': 87.0, 'receiving_yards': 1282.0, 'receiving_tds': 10.0, 'fumbles_lost': 0.0}, 'source': 'nflverse weekly player and team statistics'}, {'season': 2025, 'games': 14, 'fantasy_points': 90.8, 'points_per_game': 6.49, 'stats': {'rushing_attempts': 3.0, 'rushing_yards': 21.0, 'rushing_tds': 1.0, 'targets': 91.0, 'receptions': 48.0, 'receiving_yards': 707.0, 'receiving_tds': 2.0, 'fumbles_lost': 0.0}, 'source': 'nflverse weekly player and team statistics'}]","{'season': 2026, 'games': None, 'fantasy_points': 123.05, 'stats': {'rushing_attempts': 2.67, 'rushing_yards': 17.72, 'rushing_tds': 0.39, 'receptions': 58.03, 'receiving_yards': 871.55, 'receiving_tds': 5.35, 'fumbles_lost': 0.0}, 'source': 'FantasyPros consensus projection'}",7,11,123.05,107.94,12,64,4.7,1.0,38
nfl:gsis:00-0032726,Ka'imi Fairbairn,K,HOU,1994-01-29,11,0.7535,1.2,1.0,3.7,144.06,3,132.62,11.44,4.47,3.27,4.3,4.65,0.35,1,124.0,125.0,,False,low_confidence_special_teams_projection,True,"{'season': 2025, 'games': 15, 'fantasy_points': 169.0, 'points_per_game': 11.27, 'stats': {'field_goals_made': 44.0, 'field_goals_attempted': 48.0, 'extra_points_made': 28.0}, 'source': 'nflverse weekly player and team statistics'}","[{'season': 2024, 'games': 17, 'fantasy_points': 152.5, 'points_per_game': 8.97, 'stats': {'field_goals_made': 36.0, 'field_goals_attempted': 42.0, 'extra_points_made': 34.0}, 'source': 'nflverse weekly player and team statistics'}, {'season': 2025, 'games': 15, 'fantasy_points': 169.0, 'points_per_game': 11.27, 'stats': {'field_goals_made': 44.0, 'field_goals_attempted': 48.0, 'extra_points_made': 28.0}, 'source': 'nflverse weekly player and team statistics'}]","{'season': 2026, 'games': None, 'fantasy_points': 144.06, 'stats': {'field_goals_made': 36.3, 'field_goals_attempted': 40.46, 'extra_points_made': 35.16}, 'source': 'FantasyPros consensus projection'}",2,13,144.06,128.51,1,21,5.5,1.0,39
nfl:gsis:00-0039919,Rome Odunze,WR,CHI,2002-06-03,3,0.9458,8.8,1.7,15.9,142.707,22,106.489,36.22,11.97,3.17,11.4,12.54,1.14,17,57.0,65.0,,False,wide_market_price_range,True,"{'season': 2025, 'games': 12, 'fantasy_points': 102.1, 'points_per_game': 8.51, 'stats': {'rushing_attempts': 0.0, 'rushing_yards': 0.0, 'rushing_tds': 0.0, 'targets': 90.0, 'receptions': 44.0, 'receiving_yards': 661.0, 'receiving_tds': 6.0, 'fumbles_lost': 0.0}, 'source': 'nflverse weekly player and team statistics'}","[{'season': 2024, 'games': 17, 'fantasy_points': 90.9, 'points_per_game': 5.35, 'stats': {'rushing_attempts': 3.0, 'rushing_yards': 15.0, 'rushing_tds': 0.0, 'targets': 101.0, 'receptions': 54.0, 'receiving_yards': 734.0, 'receiving_tds': 3.0, 'fumbles_lost': 1.0}, 'source': 'nflverse weekly player and team statistics'}, {'season': 2025, 'games': 12, 'fantasy_points': 102.1, 'points_per_game': 8.51, 'stats': {'rushing_attempts': 0.0, 'rushing_yards': 0.0, 'rushing_tds': 0.0, 'targets': 90.0, 'receptions': 44.0, 'receiving_yards': 661.0, 'receiving_tds': 6.0, 'fumbles_lost': 0.0}, 'source': 'nflverse weekly player and team statistics'}]","{'season': 2026, 'games': None, 'fantasy_points': 142.71, 'stats': {'rushing_attempts': 0.33, 'rushing_yards': 1.33, 'rushing_tds': 0.0, 'receptions': 62.44, 'receiving_yards': 963.34, 'receiving_tds': 7.81, 'fumbles_lost': 0.2}, 'source': 'FantasyPros consensus projection'}",6,12,142.71,130.97,11,4,8.8,7.9,40
nfl:def:MIN,Minnesota Vikings,DEF,MIN,,,0.8844,1.0,1.0,2.8,116.77,3,106.68,10.09,4.06,3.06,3.91,4.22,0.31,,191.0,190.0,espn_salary_cap_value,False,low_confidence_special_teams_projection,True,"{'season': 2025, 'games': 17, 'fantasy_points': 127.0, 'points_per_game': 7.47, 'stats': {'sacks': 49.0, 'interceptions': 8.0, 'fumble_recoveries': 13.0, 'defensive_tds': 1.0, 'safeties': 0.0, 'special_teams_tds': 0.0}, 'source': 'nflverse weekly player and team statistics'}","[{'season': 2024, 'games': 17, 'fantasy_points': 155.0, 'points_per_game': 9.12, 'stats': {'sacks': 48.0, 'interceptions': 24.0, 'fumble_recoveries': 9.0, 'defensive_tds': 2.0, 'safeties': 0.0, 'special_teams_tds': 0.0}, 'source': 'nflverse weekly player and team statistics'}, {'season': 2025, 'games': 17, 'fantasy_points': 127.0, 'points_per_game': 7.47, 'stats': {'sacks': 49.0, 'interceptions': 8.0, 'fumble_recoveries': 13.0, 'defensive_tds': 1.0, 'safeties': 0.0, 'special_teams_tds': 0.0}, 'source': 'nflverse weekly player and team statistics'}]","{'season': 2026, 'games': None, 'fantasy_points': 116.77, 'stats': {'sacks': 49.25, 'interceptions': 12.56, 'fumble_recoveries': 12.06, 'defensive_tds': 2.38, 'safeties': 0.0, 'special_teams_tds': 1.0}, 'source': 'FantasyPros consensus projection'}",1,8,124.0,111.27,1,22,3.7,1.0,41
nfl:gsis:00-0038544,Quentin Johnston,WR,LAC,2001-09-06,4,0.4992,1.0,1.0,8.1,116.322,36,106.489,9.83,3.98,2.98,3.79,4.13,0.34,3,133.0,112.0,,True,,True,"{'season': 2025, 'games': 13, 'fantasy_points': 120.2, 'points_per_game': 9.25, 'stats': {'rushing_attempts': 2.0, 'rushing_yards': 7.0, 'rushing_tds': 0.0, 'targets': 84.0, 'receptions': 51.0, 'receiving_yards': 735.0, 'receiving_tds': 8.0, 'fumbles_lost': 1.0}, 'source': 'nflverse weekly player and team statistics'}","[{'season': 2024, 'games': 15, 'fantasy_points': 119.7, 'points_per_game': 7.98, 'stats': {'rushing_attempts': 3.0, 'rushing_yards': 6.0, 'rushing_tds': 0.0, 'targets': 91.0, 'receptions': 55.0, 'receiving_yards': 711.0, 'receiving_tds': 8.0, 'fumbles_lost': 0.0}, 'source': 'nflverse weekly player and team statistics'}, {'season': 2025, 'games': 13, 'fantasy_points': 120.2, 'points_per_game': 9.25, 'stats': {'rushing_attempts': 2.0, 'rushing_yards': 7.0, 'rushing_tds': 0.0, 'targets': 84.0, 'receptions': 51.0, 'receiving_yards': 735.0, 'receiving_tds': 8.0, 'fumbles_lost': 1.0}, 'source': 'nflverse weekly player and team statistics'}]","{'season': 2026, 'games': None, 'fantasy_points': 116.32, 'stats': {'rushing_attempts': 1.69, 'rushing_yards': 5.94, 'rushing_tds': 0.03, 'receptions': 53.6, 'receiving_yards': 757.28, 'receiving_tds': 6.88, 'fumbles_lost': 0.75}, 'source': 'FantasyPros consensus projection'}",7,11,123.05,107.94,12,64,4.7,1.0,42
nfl:gsis:00-0034827,DJ Moore,WR,BUF,1997-04-14,9,0.995,7.9,1.0,15.0,139.029,25,106.489,32.54,10.86,2.96,10.34,11.37,1.03,11,56.0,59.0,,False,wide_market_price_range,True,"{'season': 2025, 'games': 17, 'fantasy_points': 121.18, 'points_per_game': 7.13, 'stats': {'rushing_attempts': 15.0, 'rushing_yards': 79.0, 'rushing_tds': 1.0, 'targets': 85.0, 'receptions': 50.0, 'receiving_yards': 682.0, 'receiving_tds': 6.0, 'fumbles_lost': 1.0}, 'source': 'nflverse weekly player and team statistics'}","[{'season': 2024, 'games': 17, 'fantasy_points': 140.1, 'points_per_game': 8.24, 'stats': {'rushing_attempts': 14.0, 'rushing_yards': 75.0, 'rushing_tds': 0.0, 'targets': 140.0, 'receptions': 98.0, 'receiving_yards': 966.0, 'receiving_tds': 6.0, 'fumbles_lost': 1.0}, 'source': 'nflverse weekly player and team statistics'}, {'season': 2025, 'games': 17, 'fantasy_points': 121.18, 'points_per_game': 7.13, 'stats': {'rushing_attempts': 15.0, 'rushing_yards': 79.0, 'rushing_tds': 1.0, 'targets': 85.0, 'receptions': 50.0, 'receiving_yards': 682.0, 'receiving_tds': 6.0, 'fumbles_lost': 1.0}, 'source': 'nflverse weekly player and team statistics'}]","{'season': 2026, 'games': None, 'fantasy_points': 139.03, 'stats': {'rushing_attempts': 10.31, 'rushing_yards': 53.99, 'rushing_tds': 0.46, 'receptions': 69.38, 'receiving_yards': 905.1, 'receiving_tds': 6.99, 'fumbles_lost': 0.65}, 'source': 'FantasyPros consensus projection'}",6,12,142.71,130.97,11,4,8.8,7.9,43
nfl:gsis:00-0032764,Derrick Henry,RB,BAL,1994-01-04,11,0.9278,47.7,41.6,53.7,255.675,5,92.249,163.43,50.5,2.8,48.74,50.52,1.78,48,15.0,17.0,,False,wide_market_price_range,True,"{'season': 2025, 'games': 17, 'fantasy_points': 264.5, 'points_per_game': 15.56, 'stats': {'rushing_attempts': 307.0, 'rushing_yards': 1595.0, 'rushing_tds': 16.0, 'targets': 21.0, 'receptions': 15.0, 'receiving_yards': 150.0, 'receiving_tds': 0.0, 'fumbles_lost': 3.0}, 'source': 'nflverse weekly player and team statistics'}","[{'season': 2024, 'games': 17, 'fantasy_points': 317.4, 'points_per_game': 18.67, 'stats': {'rushing_attempts': 325.0, 'rushing_yards': 1921.0, 'rushing_tds': 16.0, 'targets': 22.0, 'receptions': 19.0, 'receiving_yards': 193.0, 'receiving_tds': 2.0, 'fumbles_lost': 1.0}, 'source': 'nflverse weekly player and team statistics'}, {'season': 2025, 'games': 17, 'fantasy_points': 264.5, 'points_per_game': 15.56, 'stats': {'rushing_attempts': 307.0, 'rushing_yards': 1595.0, 'rushing_tds': 16.0, 'targets': 21.0, 'receptions': 15.0, 'receiving_yards': 150.0, 'receiving_tds': 0.0, 'fumbles_lost': 3.0}, 'source': 'nflverse weekly player and team statistics'}]","{'season': 2026, 'games': None, 'fantasy_points': 255.68, 'stats': {'rushing_attempts': 314.04, 'rushing_yards': 1569.84, 'rushing_tds': 13.38, 'receptions': 18.13, 'receiving_yards': 175.11, 'receiving_tds': 0.73, 'fumbles_lost': 1.94}, 'source': 'FantasyPros consensus projection'}",4,2,256.25,255.68,6,3,49.3,47.7,44
nfl:gsis:00-0038606,Parker Washington,WR,JAX,2002-03-21,4,0.8284,2.9,1.0,10.0,121.803,35,106.489,15.31,5.64,2.74,5.37,5.88,0.51,6,83.0,77.0,,True,,True,"{'season': 2025, 'games': 16, 'fantasy_points': 126.7, 'points_per_game': 7.92, 'stats': {'rushing_attempts': 7.0, 'rushing_yards': 0.0, 'rushing_tds': 0.0, 'targets': 95.0, 'receptions': 58.0, 'receiving_yards': 847.0, 'receiving_tds': 5.0, 'fumbles_lost': 0.0}, 'source': 'nflverse weekly player and team statistics'}","[{'season': 2024, 'games': 14, 'fantasy_points': 65.0, 'points_per_game': 4.64, 'stats': {'rushing_attempts': 0.0, 'rushing_yards': 0.0, 'rushing_tds': 0.0, 'targets': 51.0, 'receptions': 32.0, 'receiving_yards': 390.0, 'receiving_tds': 3.0, 'fumbles_lost': 0.0}, 'source': 'nflverse weekly player and team statistics'}, {'season': 2025, 'games': 16, 'fantasy_points': 126.7, 'points_per_game': 7.92, 'stats': {'rushing_attempts': 7.0, 'rushing_yards': 0.0, 'rushing_tds': 0.0, 'targets': 95.0, 'receptions': 58.0, 'receiving_yards': 847.0, 'receiving_tds': 5.0, 'fumbles_lost': 0.0}, 'source': 'nflverse weekly player and team statistics'}]","{'season': 2026, 'games': None, 'fantasy_points': 121.8, 'stats': {'rushing_attempts': 5.01, 'rushing_yards': 13.65, 'rushing_tds': 0.09, 'receptions': 62.59, 'receiving_yards': 863.18, 'receiving_tds': 5.73, 'fumbles_lost': 0.15}, 'source': 'FantasyPros consensus projection'}",7,11,123.05,107.94,12,64,4.7,1.0,45
nfl:def:HOU,Houston Texans,DEF,HOU,,,0.995,3.7,1.9,5.5,124.0,1,106.68,17.32,6.25,2.55,5.99,6.52,0.53,1,78.0,88.0,,False,low_confidence_special_teams_projection,True,"{'season': 2025, 'games': 17, 'fantasy_points': 146.0, 'points_per_game': 8.59, 'stats': {'sacks': 47.0, 'interceptions': 19.0, 'fumble_recoveries': 10.0, 'defensive_tds': 1.0, 'safeties': 0.0, 'special_teams_tds': 0.0}, 'source': 'nflverse weekly player and team statistics'}","[{'season': 2024, 'games': 17, 'fantasy_points': 127.0, 'points_per_game': 7.47, 'stats': {'sacks': 49.0, 'interceptions': 19.0, 'fumble_recoveries': 9.0, 'defensive_tds': 1.0, 'safeties': 1.0, 'special_teams_tds': 0.0}, 'source': 'nflverse weekly player and team statistics'}, {'season': 2025, 'games': 17, 'fantasy_points': 146.0, 'points_per_game': 8.59, 'stats': {'sacks': 47.0, 'interceptions': 19.0, 'fumble_recoveries': 10.0, 'defensive_tds': 1.0, 'safeties': 0.0, 'special_teams_tds': 0.0}, 'source': 'nflverse weekly player and team statistics'}]","{'season': 2026, 'games': None, 'fantasy_points': 124.0, 'stats': {'sacks': 49.42, 'interceptions': 14.38, 'fumble_recoveries': 11.57, 'defensive_tds': 2.78, 'safeties': 1.0, 'special_teams_tds': 1.0}, 'source': 'FantasyPros consensus projection'}",1,8,124.0,111.27,1,22,3.7,1.0,46
nfl:gsis:00-0037224,Cameron Dicker,K,LAC,2000-05-06,5,0.8711,1.7,1.0,4.2,142.73,4,132.62,10.11,4.06,2.36,3.91,4.22,0.31,1,99.0,135.0,,False,low_confidence_special_teams_projection,True,"{'season': 2025, 'games': 17, 'fantasy_points': 151.5, 'points_per_game': 8.91, 'stats': {'field_goals_made': 38.0, 'field_goals_attempted': 41.0, 'extra_points_made': 34.0}, 'source': 'nflverse weekly player and team statistics'}","[{'season': 2024, 'games': 17, 'fantasy_points': 157.0, 'points_per_game': 9.24, 'stats': {'field_goals_made': 39.0, 'field_goals_attempted': 42.0, 'extra_points_made': 33.0}, 'source': 'nflverse weekly player and team statistics'}, {'season': 2025, 'games': 17, 'fantasy_points': 151.5, 'points_per_game': 8.91, 'stats': {'field_goals_made': 38.0, 'field_goals_attempted': 41.0, 'extra_points_made': 34.0}, 'source': 'nflverse weekly player and team statistics'}]","{'season': 2026, 'games': None, 'fantasy_points': 142.73, 'stats': {'field_goals_made': 34.32, 'field_goals_attempted': 37.6, 'extra_points_made': 39.77}, 'source': 'FantasyPros consensus projection'}",2,13,144.06,128.51,1,21,5.5,1.0,47
nfl:gsis:00-0037197,Isiah Pacheco,RB,DET,1999-03-02,5,0.3462,1.9,1.0,8.0,102.799,43,92.249,10.55,4.2,2.3,1.78,6.05,4.27,0,164.0,153.0,,False,low_draft_probability;replacement_boundary;allocation_sensitive,True,"{'season': 2025, 'games': 13, 'fantasy_points': 68.3, 'points_per_game': 5.25, 'stats': {'rushing_attempts': 118.0, 'rushing_yards': 462.0, 'rushing_tds': 1.0, 'targets': 26.0, 'receptions': 19.0, 'receiving_yards': 101.0, 'receiving_tds': 1.0, 'fumbles_lost': 0.0}, 'source': 'nflverse weekly player and team statistics'}","[{'season': 2024, 'games': 7, 'fantasy_points': 44.9, 'points_per_game': 6.41, 'stats': {'rushing_attempts': 83.0, 'rushing_yards': 310.0, 'rushing_tds': 1.0, 'targets': 16.0, 'receptions': 12.0, 'receiving_yards': 79.0, 'receiving_tds': 0.0, 'fumbles_lost': 0.0}, 'source': 'nflverse weekly player and team statistics'}, {'season': 2025, 'games': 13, 'fantasy_points': 68.3, 'points_per_game': 5.25, 'stats': {'rushing_attempts': 118.0, 'rushing_yards': 462.0, 'rushing_tds': 1.0, 'targets': 26.0, 'receptions': 19.0, 'receiving_yards': 101.0, 'receiving_tds': 1.0, 'fumbles_lost': 0.0}, 'source': 'nflverse weekly player and team statistics'}]","{'season': 2026, 'games': None, 'fantasy_points': 102.8, 'stats': {'rushing_attempts': 148.25, 'rushing_yards': 628.67, 'rushing_tds': 3.76, 'receptions': 21.59, 'receiving_yards': 135.12, 'receiving_tds': 0.9, 'fumbles_lost': 0.5}, 'source': 'FantasyPros consensus projection'}",13,3,103.29,100.26,14,54,6.4,1.5,48
nfl:def:SEA,Seattle Seahawks,DEF,SEA,,,0.7948,1.2,1.0,3.0,114.7,5,106.68,8.02,3.43,2.23,3.31,3.56,0.25,1,101.0,108.0,,False,low_confidence_special_teams_projection,True,"{'season': 2025, 'games': 17, 'fantasy_points': 156.0, 'points_per_game': 9.18, 'stats': {'sacks': 47.0, 'interceptions': 18.0, 'fumble_recoveries': 7.0, 'defensive_tds': 1.0, 'safeties': 0.0, 'special_teams_tds': 4.0}, 'source': 'nflverse weekly player and team statistics'}","[{'season': 2024, 'games': 17, 'fantasy_points': 119.0, 'points_per_game': 7.0, 'stats': {'sacks': 44.0, 'interceptions': 13.0, 'fumble_recoveries': 5.0, 'defensive_tds': 2.0, 'safeties': 1.0, 'special_teams_tds': 1.0}, 'source': 'nflverse weekly player and team statistics'}, {'season': 2025, 'games': 17, 'fantasy_points': 156.0, 'points_per_game': 9.18, 'stats': {'sacks': 47.0, 'interceptions': 18.0, 'fumble_recoveries': 7.0, 'defensive_tds': 1.0, 'safeties': 0.0, 'special_teams_tds': 4.0}, 'source': 'nflverse weekly player and team statistics'}]","{'season': 2026, 'games': None, 'fantasy_points': 114.7, 'stats': {'sacks': 46.46, 'interceptions': 13.61, 'fumble_recoveries': 8.41, 'defensive_tds': 3.2, 'safeties': 0.5, 'special_teams_tds': 1.0}, 'source': 'FantasyPros consensus projection'}",1,8,124.0,111.27,1,22,3.7,1.0,49
nfl:gsis:00-0038994,Jordan Addison,WR,MIN,2002-01-27,4,0.6112,1.0,1.0,8.1,113.737,37,106.489,7.25,3.2,2.2,3.04,3.31,0.27,4,108.0,121.0,,False,,True,"{'season': 2025, 'games': 14, 'fantasy_points': 93.1, 'points_per_game': 6.65, 'stats': {'rushing_attempts': 2.0, 'rushing_yards': 81.0, 'rushing_tds': 1.0, 'targets': 79.0, 'receptions': 42.0, 'receiving_yards': 610.0, 'receiving_tds': 3.0, 'fumbles_lost': 0.0}, 'source': 'nflverse weekly player and team statistics'}","[{'season': 2024, 'games': 15, 'fantasy_points': 149.5, 'points_per_game': 9.97, 'stats': {'rushing_attempts': 3.0, 'rushing_yards': 20.0, 'rushing_tds': 1.0, 'targets': 99.0, 'receptions': 63.0, 'receiving_yards': 875.0, 'receiving_tds': 9.0, 'fumbles_lost': 0.0}, 'source': 'nflverse weekly player and team statistics'}, {'season': 2025, 'games': 14, 'fantasy_points': 93.1, 'points_per_game': 6.65, 'stats': {'rushing_attempts': 2.0, 'rushing_yards': 81.0, 'rushing_tds': 1.0, 'targets': 79.0, 'receptions': 42.0, 'receiving_yards': 610.0, 'receiving_tds': 3.0, 'fumbles_lost': 0.0}, 'source': 'nflverse weekly player and team statistics'}]","{'season': 2026, 'games': None, 'fantasy_points': 113.74, 'stats': {'rushing_attempts': 2.67, 'rushing_yards': 37.14, 'rushing_tds': 0.37, 'receptions': 55.16, 'receiving_yards': 758.43, 'receiving_tds': 5.4, 'fumbles_lost': 0.0}, 'source': 'FantasyPros consensus projection'}",7,11,123.05,107.94,12,64,4.7,1.0,50
nfl:gsis:00-0039165,Zach Charbonnet,RB,SEA,2001-01-08,4,0.2914,2.3,1.0,8.4,103.286,42,92.249,11.04,4.34,2.04,1.93,6.19,4.26,1,152.0,180.0,,False,low_draft_probability;replacement_boundary;allocation_sensitive,True,"{'season': 2025, 'games': 16, 'fantasy_points': 161.4, 'points_per_game': 10.09, 'stats': {'rushing_attempts': 184.0, 'rushing_yards': 730.0, 'rushing_tds': 12.0, 'targets': 24.0, 'receptions': 20.0, 'receiving_yards': 144.0, 'receiving_tds': 0.0, 'fumbles_lost': 0.0}, 'source': 'nflverse weekly player and team statistics'}","[{'season': 2024, 'games': 17, 'fantasy_points': 144.9, 'points_per_game': 8.52, 'stats': {'rushing_attempts': 135.0, 'rushing_yards': 569.0, 'rushing_tds': 8.0, 'targets': 52.0, 'receptions': 42.0, 'receiving_yards': 340.0, 'receiving_tds': 1.0, 'fumbles_lost': 0.0}, 'source': 'nflverse weekly player and team statistics'}, {'season': 2025, 'games': 16, 'fantasy_points': 161.4, 'points_per_game': 10.09, 'stats': {'rushing_attempts': 184.0, 'rushing_yards': 730.0, 'rushing_tds': 12.0, 'targets': 24.0, 'receptions': 20.0, 'receiving_yards': 144.0, 'receiving_tds': 0.0, 'fumbles_lost': 0.0}, 'source': 'nflverse weekly player and team statistics'}]","{'season': 2026, 'games': None, 'fantasy_points': 103.29, 'stats': {'rushing_attempts': 130.54, 'rushing_yards': 533.05, 'rushing_tds': 5.62, 'receptions': 19.77, 'receiving_yards': 147.01, 'receiving_tds': 0.48, 'fumbles_lost': 0.5}, 'source': 'FantasyPros consensus projection'}",13,3,103.29,100.26,14,54,6.4,1.5,51
nfl:gsis:00-0039146,Jayden Reed,WR,GB,2000-04-28,4,0.5401,1.0,1.0,8.1,112.713,39,106.489,6.22,2.89,1.89,2.75,2.98,0.23,3,116.0,124.0,,False,,True,"{'season': 2025, 'games': 5, 'fantasy_points': 29.5, 'points_per_game': 5.9, 'stats': {'rushing_attempts': 3.0, 'rushing_yards': 28.0, 'rushing_tds': 0.0, 'targets': 22.0, 'receptions': 19.0, 'receiving_yards': 207.0, 'receiving_tds': 1.0, 'fumbles_lost': 0.0}, 'source': 'nflverse weekly player and team statistics'}","[{'season': 2024, 'games': 17, 'fantasy_points': 142.0, 'points_per_game': 8.35, 'stats': {'rushing_attempts': 20.0, 'rushing_yards': 163.0, 'rushing_tds': 1.0, 'targets': 75.0, 'receptions': 55.0, 'receiving_yards': 857.0, 'receiving_tds': 6.0, 'fumbles_lost': 1.0}, 'source': 'nflverse weekly player and team statistics'}, {'season': 2025, 'games': 5, 'fantasy_points': 29.5, 'points_per_game': 5.9, 'stats': {'rushing_attempts': 3.0, 'rushing_yards': 28.0, 'rushing_tds': 0.0, 'targets': 22.0, 'receptions': 19.0, 'receiving_yards': 207.0, 'receiving_tds': 1.0, 'fumbles_lost': 0.0}, 'source': 'nflverse weekly player and team statistics'}]","{'season': 2026, 'games': None, 'fantasy_points': 112.71, 'stats': {'rushing_attempts': 12.65, 'rushing_yards': 93.27, 'rushing_tds': 0.14, 'receptions': 62.78, 'receiving_yards': 746.06, 'receiving_tds': 4.79, 'fumbles_lost': 0.3}, 'source': 'FantasyPros consensus projection'}",7,11,123.05,107.94,12,64,4.7,1.0,52
nfl:gsis:00-0039894,Xavier Worthy,WR,KC,2003-04-27,3,0.4263,1.0,1.0,8.1,112.471,40,106.489,5.98,2.81,1.81,2.68,2.91,0.23,3,115.0,172.0,,False,,True,"{'season': 2025, 'games': 14, 'fantasy_points': 67.9, 'points_per_game': 4.85, 'stats': {'rushing_attempts': 11.0, 'rushing_yards': 87.0, 'rushing_tds': 0.0, 'targets': 73.0, 'receptions': 42.0, 'receiving_yards': 532.0, 'receiving_tds': 1.0, 'fumbles_lost': 0.0}, 'source': 'nflverse weekly player and team statistics'}","[{'season': 2024, 'games': 16, 'fantasy_points': 128.2, 'points_per_game': 8.01, 'stats': {'rushing_attempts': 20.0, 'rushing_yards': 104.0, 'rushing_tds': 3.0, 'targets': 98.0, 'receptions': 59.0, 'receiving_yards': 638.0, 'receiving_tds': 6.0, 'fumbles_lost': 0.0}, 'source': 'nflverse weekly player and team statistics'}, {'season': 2025, 'games': 14, 'fantasy_points': 67.9, 'points_per_game': 4.85, 'stats': {'rushing_attempts': 11.0, 'rushing_yards': 87.0, 'rushing_tds': 0.0, 'targets': 73.0, 'receptions': 42.0, 'receiving_yards': 532.0, 'receiving_tds': 1.0, 'fumbles_lost': 0.0}, 'source': 'nflverse weekly player and team statistics'}]","{'season': 2026, 'games': None, 'fantasy_points': 112.47, 'stats': {'rushing_attempts': 15.46, 'rushing_yards': 99.41, 'rushing_tds': 0.87, 'receptions': 55.22, 'receiving_yards': 723.3, 'receiving_tds': 4.22, 'fumbles_lost': 0.0}, 'source': 'FantasyPros consensus projection'}",7,11,123.05,107.94,12,64,4.7,1.0,53
nfl:gsis:00-0037692,Brandon Aubrey,K,DAL,1995-03-14,4,0.995,5.5,3.0,8.0,153.03,1,132.62,20.41,7.18,1.68,6.88,7.5,0.62,1,75.0,82.0,,False,low_confidence_special_teams_projection,True,"{'season': 2025, 'games': 17, 'fantasy_points': 165.5, 'points_per_game': 9.74, 'stats': {'field_goals_made': 36.0, 'field_goals_attempted': 42.0, 'extra_points_made': 47.0}, 'source': 'nflverse weekly player and team statistics'}","[{'season': 2024, 'games': 17, 'fantasy_points': 163.0, 'points_per_game': 9.59, 'stats': {'field_goals_made': 40.0, 'field_goals_attempted': 47.0, 'extra_points_made': 30.0}, 'source': 'nflverse weekly player and team statistics'}, {'season': 2025, 'games': 17, 'fantasy_points': 165.5, 'points_per_game': 9.74, 'stats': {'field_goals_made': 36.0, 'field_goals_attempted': 42.0, 'extra_points_made': 47.0}, 'source': 'nflverse weekly player and team statistics'}]","{'season': 2026, 'games': None, 'fantasy_points': 153.03, 'stats': {'field_goals_made': 35.16, 'field_goals_attempted': 39.55, 'extra_points_made': 47.55}, 'source': 'FantasyPros consensus projection'}",1,2,153.03,150.42,1,21,5.5,1.0,54
nfl:gsis:00-0040735,Luther Burden III,WR,CHI,2003-12-12,2,0.9396,8.1,1.0,15.2,135.33,30,106.489,28.84,9.74,1.64,9.27,10.19,0.92,11,65.0,57.0,,True,wide_market_price_range,True,"{'season': 2025, 'games': 15, 'fantasy_points': 80.9, 'points_per_game': 5.39, 'stats': {'rushing_attempts': 6.0, 'rushing_yards': 37.0, 'rushing_tds': 0.0, 'targets': 60.0, 'receptions': 47.0, 'receiving_yards': 652.0, 'receiving_tds': 2.0, 'fumbles_lost': 0.0}, 'source': 'nflverse weekly player and team statistics'}","[{'season': 2025, 'games': 15, 'fantasy_points': 80.9, 'points_per_game': 5.39, 'stats': {'rushing_attempts': 6.0, 'rushing_yards': 37.0, 'rushing_tds': 0.0, 'targets': 60.0, 'receptions': 47.0, 'receiving_yards': 652.0, 'receiving_tds': 2.0, 'fumbles_lost': 0.0}, 'source': 'nflverse weekly player and team statistics'}]","{'season': 2026, 'games': None, 'fantasy_points': 135.33, 'stats': {'rushing_attempts': 7.71, 'rushing_yards': 38.17, 'rushing_tds': 0.13, 'receptions': 72.68, 'receiving_yards': 972.73, 'receiving_tds': 5.69, 'fumbles_lost': 0.2}, 'source': 'FantasyPros consensus projection'}",6,12,142.71,130.97,11,4,8.8,7.9,55
nfl:gsis:00-0037834,Brock Purdy,QB,SF,1999-12-27,5,0.6066,2.7,1.0,7.5,335.233,8,324.973,10.26,4.11,1.41,3.96,9.46,5.5,4,95.0,95.0,,False,allocation_sensitive,True,"{'season': 2025, 'games': 9, 'fantasy_points': 207.38, 'points_per_game': 23.04, 'stats': {'passing_completions': 197.0, 'passing_attempts': 284.0, 'passing_yards': 2167.0, 'passing_tds': 20.0, 'passing_interceptions': 10.0, 'rushing_attempts': 33.0, 'rushing_yards': 147.0, 'rushing_tds': 3.0, 'fumbles_lost': 2.0}, 'source': 'nflverse weekly player and team statistics'}","[{'season': 2024, 'games': 15, 'fantasy_points': 298.86, 'points_per_game': 19.92, 'stats': {'passing_completions': 300.0, 'passing_attempts': 455.0, 'passing_yards': 3864.0, 'passing_tds': 20.0, 'passing_interceptions': 12.0, 'rushing_attempts': 66.0, 'rushing_yards': 323.0, 'rushing_tds': 5.0, 'fumbles_lost': 3.0}, 'source': 'nflverse weekly player and team statistics'}, {'season': 2025, 'games': 9, 'fantasy_points': 207.38, 'points_per_game': 23.04, 'stats': {'passing_completions': 197.0, 'passing_attempts': 284.0, 'passing_yards': 2167.0, 'passing_tds': 20.0, 'passing_interceptions': 10.0, 'rushing_attempts': 33.0, 'rushing_yards': 147.0, 'rushing_tds': 3.0, 'fumbles_lost': 2.0}, 'source': 'nflverse weekly player and team statistics'}]","{'season': 2026, 'games': None, 'fantasy_points': 335.23, 'stats': {'passing_completions': 369.64, 'passing_attempts': 547.87, 'passing_yards': 4156.5, 'passing_tds': 27.69, 'passing_interceptions': 14.3, 'rushing_attempts': 70.47, 'rushing_yards': 304.43, 'rushing_tds': 3.84, 'fumbles_lost': 4.06}, 'source': 'FantasyPros consensus projection'}",3,9,337.13,324.97,4,11,6.7,2.3,56
nfl:def:PIT,Pittsburgh Steelers,DEF,PIT,,,0.421,2.4,1.0,4.2,115.73,4,106.68,9.05,3.74,1.34,3.61,3.88,0.27,1,109.0,211.0,,False,low_confidence_special_teams_projection,True,"{'season': 2025, 'games': 17, 'fantasy_points': 117.0, 'points_per_game': 6.88, 'stats': {'sacks': 48.0, 'interceptions': 15.0, 'fumble_recoveries': 12.0, 'defensive_tds': 1.0, 'safeties': 1.0, 'special_teams_tds': 0.0}, 'source': 'nflverse weekly player and team statistics'}","[{'season': 2024, 'games': 17, 'fantasy_points': 135.0, 'points_per_game': 7.94, 'stats': {'sacks': 40.0, 'interceptions': 17.0, 'fumble_recoveries': 16.0, 'defensive_tds': 0.0, 'safeties': 0.0, 'special_teams_tds': 1.0}, 'source': 'nflverse weekly player and team statistics'}, {'season': 2025, 'games': 17, 'fantasy_points': 117.0, 'points_per_game': 6.88, 'stats': {'sacks': 48.0, 'interceptions': 15.0, 'fumble_recoveries': 12.0, 'defensive_tds': 1.0, 'safeties': 1.0, 'special_teams_tds': 0.0}, 'source': 'nflverse weekly player and team statistics'}]","{'season': 2026, 'games': None, 'fantasy_points': 115.73, 'stats': {'sacks': 45.85, 'interceptions': 13.27, 'fumble_recoveries': 12.47, 'defensive_tds': 2.4, 'safeties': 0.0, 'special_teams_tds': 1.0}, 'source': 'FantasyPros consensus projection'}",1,8,124.0,111.27,1,22,3.7,1.0,57
nfl:gsis:00-0034960,Jakobi Meyers,WR,JAX,1996-11-09,8,0.4161,1.0,1.0,8.1,110.435,41,106.489,3.95,2.2,1.2,2.09,2.26,0.17,3,106.0,178.0,,False,,True,"{'season': 2025, 'games': 16, 'fantasy_points': 100.8, 'points_per_game': 6.3, 'stats': {'rushing_attempts': 5.0, 'rushing_yards': 13.0, 'rushing_tds': 0.0, 'targets': 110.0, 'receptions': 75.0, 'receiving_yards': 835.0, 'receiving_tds': 3.0, 'fumbles_lost': 1.0}, 'source': 'nflverse weekly player and team statistics'}","[{'season': 2024, 'games': 15, 'fantasy_points': 131.0, 'points_per_game': 8.73, 'stats': {'rushing_attempts': 2.0, 'rushing_yards': 23.0, 'rushing_tds': 0.0, 'targets': 129.0, 'receptions': 87.0, 'receiving_yards': 1027.0, 'receiving_tds': 4.0, 'fumbles_lost': 0.0}, 'source': 'nflverse weekly player and team statistics'}, {'season': 2025, 'games': 16, 'fantasy_points': 100.8, 'points_per_game': 6.3, 'stats': {'rushing_attempts': 5.0, 'rushing_yards': 13.0, 'rushing_tds': 0.0, 'targets': 110.0, 'receptions': 75.0, 'receiving_yards': 835.0, 'receiving_tds': 3.0, 'fumbles_lost': 1.0}, 'source': 'nflverse weekly player and team statistics'}]","{'season': 2026, 'games': None, 'fantasy_points': 110.44, 'stats': {'rushing_attempts': 4.34, 'rushing_yards': 22.66, 'rushing_tds': 0.1, 'receptions': 68.27, 'receiving_yards': 787.69, 'receiving_tds': 5.07, 'fumbles_lost': 0.9}, 'source': 'FantasyPros consensus projection'}",7,11,123.05,107.94,12,64,4.7,1.0,58
nfl:gsis:00-0038559,Michael Wilson,WR,ARI,2000-02-23,4,0.7026,1.0,1.0,8.1,110.423,42,106.489,3.93,2.19,1.19,2.09,2.25,0.16,3,92.0,102.0,,True,,True,"{'season': 2025, 'games': 17, 'fantasy_points': 142.6, 'points_per_game': 8.39, 'stats': {'rushing_attempts': 0.0, 'rushing_yards': 0.0, 'rushing_tds': 0.0, 'targets': 126.0, 'receptions': 78.0, 'receiving_yards': 1006.0, 'receiving_tds': 7.0, 'fumbles_lost': 0.0}, 'source': 'nflverse weekly player and team statistics'}","[{'season': 2024, 'games': 16, 'fantasy_points': 77.5, 'points_per_game': 4.84, 'stats': {'rushing_attempts': 1.0, 'rushing_yards': 7.0, 'rushing_tds': 0.0, 'targets': 71.0, 'receptions': 47.0, 'receiving_yards': 548.0, 'receiving_tds': 4.0, 'fumbles_lost': 1.0}, 'source': 'nflverse weekly player and team statistics'}, {'season': 2025, 'games': 17, 'fantasy_points': 142.6, 'points_per_game': 8.39, 'stats': {'rushing_attempts': 0.0, 'rushing_yards': 0.0, 'rushing_tds': 0.0, 'targets': 126.0, 'receptions': 78.0, 'receiving_yards': 1006.0, 'receiving_tds': 7.0, 'fumbles_lost': 0.0}, 'source': 'nflverse weekly player and team statistics'}]","{'season': 2026, 'games': None, 'fantasy_points': 110.42, 'stats': {'rushing_attempts': 0.0, 'rushing_yards': 0.67, 'rushing_tds': 0.0, 'receptions': 67.53, 'receiving_yards': 839.76, 'receiving_tds': 4.47, 'fumbles_lost': 0.25}, 'source': 'FantasyPros consensus projection'}",7,11,123.05,107.94,12,64,4.7,1.0,59
nfl:gsis:00-0036252,Michael Pittman Jr.,WR,PIT,1997-10-05,7,0.7762,1.0,1.0,8.1,109.828,43,106.489,3.34,2.01,1.01,1.92,2.06,0.14,5,80.0,127.0,,False,,True,"{'season': 2025, 'games': 17, 'fantasy_points': 122.4, 'points_per_game': 7.2, 'stats': {'rushing_attempts': 0.0, 'rushing_yards': 0.0, 'rushing_tds': 0.0, 'targets': 111.0, 'receptions': 80.0, 'receiving_yards': 784.0, 'receiving_tds': 7.0, 'fumbles_lost': 0.0}, 'source': 'nflverse weekly player and team statistics'}","[{'season': 2024, 'games': 16, 'fantasy_points': 96.8, 'points_per_game': 6.05, 'stats': {'rushing_attempts': 0.0, 'rushing_yards': 0.0, 'rushing_tds': 0.0, 'targets': 111.0, 'receptions': 69.0, 'receiving_yards': 808.0, 'receiving_tds': 3.0, 'fumbles_lost': 1.0}, 'source': 'nflverse weekly player and team statistics'}, {'season': 2025, 'games': 17, 'fantasy_points': 122.4, 'points_per_game': 7.2, 'stats': {'rushing_attempts': 0.0, 'rushing_yards': 0.0, 'rushing_tds': 0.0, 'targets': 111.0, 'receptions': 80.0, 'receiving_yards': 784.0, 'receiving_tds': 7.0, 'fumbles_lost': 0.0}, 'source': 'nflverse weekly player and team statistics'}]","{'season': 2026, 'games': None, 'fantasy_points': 109.83, 'stats': {'rushing_attempts': 0.0, 'rushing_yards': 0.0, 'rushing_tds': 0.0, 'receptions': 80.48, 'receiving_yards': 806.08, 'receiving_tds': 4.98, 'fumbles_lost': 0.0}, 'source': 'FantasyPros consensus projection'}",7,11,123.05,107.94,12,64,4.7,1.0,60
nfl:def:DET,Detroit Lions,DEF,DET,,,0.2615,1.8,1.0,3.7,111.39,7,106.68,4.71,2.43,0.63,2.36,2.5,0.14,1,150.0,214.0,,False,low_confidence_special_teams_projection;low_draft_probability;replacement_boundary,True,"{'season': 2025, 'games': 17, 'fantasy_points': 93.0, 'points_per_game': 5.47, 'stats': {'sacks': 48.0, 'interceptions': 13.0, 'fumble_recoveries': 6.0, 'defensive_tds': 0.0, 'safeties': 1.0, 'special_teams_tds': 1.0}, 'source': 'nflverse weekly player and team statistics'}","[{'season': 2024, 'games': 17, 'fantasy_points': 119.0, 'points_per_game': 7.0, 'stats': {'sacks': 37.0, 'interceptions': 16.0, 'fumble_recoveries': 8.0, 'defensive_tds': 1.0, 'safeties': 0.0, 'special_teams_tds': 1.0}, 'source': 'nflverse weekly player and team statistics'}, {'season': 2025, 'games': 17, 'fantasy_points': 93.0, 'points_per_game': 5.47, 'stats': {'sacks': 48.0, 'interceptions': 13.0, 'fumble_recoveries': 6.0, 'defensive_tds': 0.0, 'safeties': 1.0, 'special_teams_tds': 1.0}, 'source': 'nflverse weekly player and team statistics'}]","{'season': 2026, 'games': None, 'fantasy_points': 111.39, 'stats': {'sacks': 47.97, 'interceptions': 13.43, 'fumble_recoveries': 9.33, 'defensive_tds': 2.15, 'safeties': 0.5, 'special_teams_tds': 1.0}, 'source': 'FantasyPros consensus projection'}",1,8,124.0,111.27,1,22,3.7,1.0,61
nfl:gsis:00-0035659,Terry McLaurin,WR,WAS,1995-09-15,8,0.995,11.1,4.0,18.3,140.845,24,106.489,34.36,11.41,0.31,10.86,11.95,1.09,17,54.0,52.0,,False,wide_market_price_range,True,"{'season': 2025, 'games': 10, 'fantasy_points': 76.2, 'points_per_game': 7.62, 'stats': {'rushing_attempts': 0.0, 'rushing_yards': 0.0, 'rushing_tds': 0.0, 'targets': 60.0, 'receptions': 38.0, 'receiving_yards': 582.0, 'receiving_tds': 3.0, 'fumbles_lost': 0.0}, 'source': 'nflverse weekly player and team statistics'}","[{'season': 2024, 'games': 17, 'fantasy_points': 185.8, 'points_per_game': 10.93, 'stats': {'rushing_attempts': 2.0, 'rushing_yards': 2.0, 'rushing_tds': 0.0, 'targets': 117.0, 'receptions': 82.0, 'receiving_yards': 1096.0, 'receiving_tds': 13.0, 'fumbles_lost': 1.0}, 'source': 'nflverse weekly player and team statistics'}, {'season': 2025, 'games': 10, 'fantasy_points': 76.2, 'points_per_game': 7.62, 'stats': {'rushing_attempts': 0.0, 'rushing_yards': 0.0, 'rushing_tds': 0.0, 'targets': 60.0, 'receptions': 38.0, 'receiving_yards': 582.0, 'receiving_tds': 3.0, 'fumbles_lost': 0.0}, 'source': 'nflverse weekly player and team statistics'}]","{'season': 2026, 'games': None, 'fantasy_points': 140.84, 'stats': {'rushing_attempts': 0.33, 'rushing_yards': 0.33, 'rushing_tds': 0.0, 'receptions': 69.01, 'receiving_yards': 972.12, 'receiving_tds': 7.37, 'fumbles_lost': 0.0}, 'source': 'FantasyPros consensus projection'}",6,12,142.71,130.97,10,3,14.0,11.1,62
nfl:gsis:00-0033873,Patrick Mahomes II,QB,KC,1995-09-17,10,0.6134,2.3,1.0,7.0,330.13,11,324.973,5.16,2.56,0.26,2.49,7.89,5.4,3,98.0,100.0,,False,allocation_sensitive,True,"{'season': 2025, 'games': 14, 'fantasy_points': 317.68, 'points_per_game': 22.69, 'stats': {'passing_completions': 315.0, 'passing_attempts': 502.0, 'passing_yards': 3587.0, 'passing_tds': 22.0, 'passing_interceptions': 11.0, 'rushing_attempts': 64.0, 'rushing_yards': 422.0, 'rushing_tds': 5.0, 'fumbles_lost': 0.0}, 'source': 'nflverse weekly player and team statistics'}","[{'season': 2024, 'games': 16, 'fantasy_points': 319.02, 'points_per_game': 19.94, 'stats': {'passing_completions': 392.0, 'passing_attempts': 581.0, 'passing_yards': 3928.0, 'passing_tds': 26.0, 'passing_interceptions': 11.0, 'rushing_attempts': 58.0, 'rushing_yards': 307.0, 'rushing_tds': 2.0, 'fumbles_lost': 0.0}, 'source': 'nflverse weekly player and team statistics'}, {'season': 2025, 'games': 14, 'fantasy_points': 317.68, 'points_per_game': 22.69, 'stats': {'passing_completions': 315.0, 'passing_attempts': 502.0, 'passing_yards': 3587.0, 'passing_tds': 22.0, 'passing_interceptions': 11.0, 'rushing_attempts': 64.0, 'rushing_yards': 422.0, 'rushing_tds': 5.0, 'fumbles_lost': 0.0}, 'source': 'nflverse weekly player and team statistics'}]","{'season': 2026, 'games': None, 'fantasy_points': 330.13, 'stats': {'passing_completions': 354.08, 'passing_attempts': 555.2, 'passing_yards': 3839.61, 'passing_tds': 27.13, 'passing_interceptions': 11.55, 'rushing_attempts': 60.35, 'rushing_yards': 359.66, 'rushing_tds': 3.42, 'fumbles_lost': 0.9}, 'source': 'FantasyPros consensus projection'}",3,9,337.13,324.97,4,11,6.7,2.3,63
nfl:gsis:00-0033921,Chris Godwin Jr.,WR,TB,1996-02-27,10,0.4618,1.2,1.0,8.3,107.942,44,106.489,1.45,1.44,0.24,1.37,1.46,0.09,1,136.0,94.0,,False,,True,"{'season': 2025, 'games': 9, 'fantasy_points': 50.0, 'points_per_game': 5.56, 'stats': {'rushing_attempts': 0.0, 'rushing_yards': 0.0, 'rushing_tds': 0.0, 'targets': 51.0, 'receptions': 33.0, 'receiving_yards': 360.0, 'receiving_tds': 2.0, 'fumbles_lost': 0.0}, 'source': 'nflverse weekly player and team statistics'}","[{'season': 2024, 'games': 7, 'fantasy_points': 87.8, 'points_per_game': 12.54, 'stats': {'rushing_attempts': 1.0, 'rushing_yards': 2.0, 'rushing_tds': 0.0, 'targets': 62.0, 'receptions': 50.0, 'receiving_yards': 576.0, 'receiving_tds': 5.0, 'fumbles_lost': 0.0}, 'source': 'nflverse weekly player and team statistics'}, {'season': 2025, 'games': 9, 'fantasy_points': 50.0, 'points_per_game': 5.56, 'stats': {'rushing_attempts': 0.0, 'rushing_yards': 0.0, 'rushing_tds': 0.0, 'targets': 51.0, 'receptions': 33.0, 'receiving_yards': 360.0, 'receiving_tds': 2.0, 'fumbles_lost': 0.0}, 'source': 'nflverse weekly player and team statistics'}]","{'season': 2026, 'games': None, 'fantasy_points': 107.94, 'stats': {'rushing_attempts': 0.33, 'rushing_yards': 0.33, 'rushing_tds': 0.0, 'receptions': 67.79, 'receiving_yards': 773.89, 'receiving_tds': 5.18, 'fumbles_lost': 0.0}, 'source': 'FantasyPros consensus projection'}",7,11,123.05,107.94,12,64,4.7,1.0,64
nfl:def:NE,New England Patriots,DEF,NE,,,0.4228,1.0,1.0,2.8,107.4,9,106.68,0.72,1.22,0.22,1.21,1.23,0.02,1,149.0,167.0,,False,low_confidence_special_teams_projection;replacement_boundary,True,"{'season': 2025, 'games': 17, 'fantasy_points': 114.0, 'points_per_game': 6.71, 'stats': {'sacks': 34.0, 'interceptions': 10.0, 'fumble_recoveries': 9.0, 'defensive_tds': 1.0, 'safeties': 1.0, 'special_teams_tds': 3.0}, 'source': 'nflverse weekly player and team statistics'}","[{'season': 2024, 'games': 17, 'fantasy_points': 55.0, 'points_per_game': 3.24, 'stats': {'sacks': 28.0, 'interceptions': 7.0, 'fumble_recoveries': 5.0, 'defensive_tds': 0.0, 'safeties': 0.0, 'special_teams_tds': 0.0}, 'source': 'nflverse weekly player and team statistics'}, {'season': 2025, 'games': 17, 'fantasy_points': 114.0, 'points_per_game': 6.71, 'stats': {'sacks': 34.0, 'interceptions': 10.0, 'fumble_recoveries': 9.0, 'defensive_tds': 1.0, 'safeties': 1.0, 'special_teams_tds': 3.0}, 'source': 'nflverse weekly player and team statistics'}]","{'season': 2026, 'games': None, 'fantasy_points': 107.4, 'stats': {'sacks': 41.12, 'interceptions': 11.93, 'fumble_recoveries': 8.94, 'defensive_tds': 2.59, 'safeties': 0.5, 'special_teams_tds': 2.0}, 'source': 'FantasyPros consensus projection'}",2,13,107.4,92.51,1,22,3.7,1.0,65
nfl:gsis:00-0037545,Rashid Shaheed,WR,SEA,1998-08-31,5,0.2221,1.0,1.0,8.2,106.903,45,106.489,0.41,1.13,0.13,1.07,1.13,0.06,1,153.0,169.0,,True,low_draft_probability;replacement_boundary,True,"{'season': 2025, 'games': 18, 'fantasy_points': 97.6, 'points_per_game': 5.42, 'stats': {'rushing_attempts': 9.0, 'rushing_yards': 69.0, 'rushing_tds': 0.0, 'targets': 92.0, 'receptions': 59.0, 'receiving_yards': 687.0, 'receiving_tds': 2.0, 'fumbles_lost': 1.0}, 'source': 'nflverse weekly player and team statistics'}","[{'season': 2024, 'games': 6, 'fantasy_points': 59.8, 'points_per_game': 9.97, 'stats': {'rushing_attempts': 6.0, 'rushing_yards': 29.0, 'rushing_tds': 0.0, 'targets': 41.0, 'receptions': 20.0, 'receiving_yards': 349.0, 'receiving_tds': 3.0, 'fumbles_lost': 1.0}, 'source': 'nflverse weekly player and team statistics'}, {'season': 2025, 'games': 18, 'fantasy_points': 97.6, 'points_per_game': 5.42, 'stats': {'rushing_attempts': 9.0, 'rushing_yards': 69.0, 'rushing_tds': 0.0, 'targets': 92.0, 'receptions': 59.0, 'receiving_yards': 687.0, 'receiving_tds': 2.0, 'fumbles_lost': 1.0}, 'source': 'nflverse weekly player and team statistics'}]","{'season': 2026, 'games': None, 'fantasy_points': 106.9, 'stats': {'rushing_attempts': 13.4, 'rushing_yards': 88.86, 'rushing_tds': 0.26, 'receptions': 49.92, 'receiving_yards': 755.77, 'receiving_tds': 3.75, 'fumbles_lost': 0.65}, 'source': 'FantasyPros consensus projection'}",8,17,106.9,91.85,12,64,4.7,1.0,66
nfl:gsis:00-0035719,Deebo Samuel Sr.,WR,SF,1996-01-15,8,0.3646,1.0,1.0,8.1,106.646,46,106.489,0.16,1.05,0.05,1.0,1.05,0.05,1,122.0,161.0,,False,low_draft_probability;replacement_boundary,True,"{'season': 2025, 'games': 16, 'fantasy_points': 116.2, 'points_per_game': 7.26, 'stats': {'rushing_attempts': 17.0, 'rushing_yards': 75.0, 'rushing_tds': 1.0, 'targets': 99.0, 'receptions': 72.0, 'receiving_yards': 727.0, 'receiving_tds': 5.0, 'fumbles_lost': 0.0}, 'source': 'nflverse weekly player and team statistics'}","[{'season': 2024, 'games': 15, 'fantasy_points': 102.6, 'points_per_game': 6.84, 'stats': {'rushing_attempts': 42.0, 'rushing_yards': 136.0, 'rushing_tds': 1.0, 'targets': 81.0, 'receptions': 51.0, 'receiving_yards': 670.0, 'receiving_tds': 3.0, 'fumbles_lost': 1.0}, 'source': 'nflverse weekly player and team statistics'}, {'season': 2025, 'games': 16, 'fantasy_points': 116.2, 'points_per_game': 7.26, 'stats': {'rushing_attempts': 17.0, 'rushing_yards': 75.0, 'rushing_tds': 1.0, 'targets': 99.0, 'receptions': 72.0, 'receiving_yards': 727.0, 'receiving_tds': 5.0, 'fumbles_lost': 0.0}, 'source': 'nflverse weekly player and team statistics'}]","{'season': 2026, 'games': None, 'fantasy_points': 106.65, 'stats': {'rushing_attempts': 29.06, 'rushing_yards': 112.18, 'rushing_tds': 1.07, 'receptions': 56.3, 'receiving_yards': 635.88, 'receiving_tds': 4.36, 'fumbles_lost': 0.0}, 'source': 'FantasyPros consensus projection'}",8,17,106.9,91.85,12,64,4.7,1.0,67
nfl:def:BUF,Buffalo Bills,DEF,BUF,,,0.8685,1.0,1.0,2.8,106.68,10,106.68,0.0,1.0,0.0,1.0,1.0,0.0,,198.0,189.0,espn_salary_cap_value,False,low_confidence_special_teams_projection;replacement_boundary,True,"{'season': 2025, 'games': 17, 'fantasy_points': 102.0, 'points_per_game': 6.0, 'stats': {'sacks': 36.0, 'interceptions': 13.0, 'fumble_recoveries': 7.0, 'defensive_tds': 1.0, 'safeties': 0.0, 'special_teams_tds': 1.0}, 'source': 'nflverse weekly player and team statistics'}","[{'season': 2024, 'games': 17, 'fantasy_points': 125.0, 'points_per_game': 7.35, 'stats': {'sacks': 37.0, 'interceptions': 16.0, 'fumble_recoveries': 16.0, 'defensive_tds': 2.0, 'safeties': 1.0, 'special_teams_tds': 0.0}, 'source': 'nflverse weekly player and team statistics'}, {'season': 2025, 'games': 17, 'fantasy_points': 102.0, 'points_per_game': 6.0, 'stats': {'sacks': 36.0, 'interceptions': 13.0, 'fumble_recoveries': 7.0, 'defensive_tds': 1.0, 'safeties': 0.0, 'special_teams_tds': 1.0}, 'source': 'nflverse weekly player and team statistics'}]","{'season': 2026, 'games': None, 'fantasy_points': 106.68, 'stats': {'sacks': 42.74, 'interceptions': 14.58, 'fumble_recoveries': 9.6, 'defensive_tds': 2.43, 'safeties': 0.5, 'special_teams_tds': 0.0}, 'source': 'FantasyPros consensus projection'}",2,13,107.4,92.51,1,22,3.7,1.0,68
nfl:gsis:00-0041035,De'Zhaun Stribling,WR,SF,2002-12-18,0,0.4749,1.0,1.0,8.1,106.489,48,106.489,0.0,1.0,0.0,0.0,1.0,1.0,4,144.0,113.0,,True,replacement_boundary,True,,[],"{'season': 2026, 'games': None, 'fantasy_points': 106.49, 'stats': {'rushing_attempts': 1.5, 'rushing_yards': 6.5, 'rushing_tds': 0.0, 'receptions': 53.97, 'receiving_yards': 798.99, 'receiving_tds': 4.74, 'fumbles_lost': 1.0}, 'source': 'FantasyPros consensus projection'}",8,17,106.9,91.85,12,64,4.7,1.0,69
nfl:def:LAR,Los Angeles Rams,DEF,LAR,,,0.8516,2.4,1.0,4.2,111.27,8,106.68,4.59,2.39,-0.01,2.32,2.46,0.14,1,100.0,86.0,,False,low_confidence_special_teams_projection;replacement_boundary,True,,[],"{'season': 2026, 'games': None, 'fantasy_points': 111.27, 'stats': {'sacks': 46.51, 'interceptions': 13.42, 'fumble_recoveries': 9.47, 'defensive_tds': 2.33, 'safeties': 0.5, 'special_teams_tds': 1.0}, 'source': 'FantasyPros consensus projection'}",1,8,124.0,111.27,1,22,3.7,1.0,70
nfl:gsis:00-0040583,Woody Marks,RB,HOU,2000-12-29,2,0.2227,3.5,1.0,9.6,100.263,44,92.249,8.01,3.43,-0.07,1.0,5.32,4.32,1,146.0,195.0,,True,low_draft_probability;replacement_boundary;allocation_sensitive,True,"{'season': 2025, 'games': 16, 'fantasy_points': 121.1, 'points_per_game': 7.57, 'stats': {'rushing_attempts': 196.0, 'rushing_yards': 703.0, 'rushing_tds': 2.0, 'targets': 36.0, 'receptions': 24.0, 'receiving_yards': 208.0, 'receiving_tds': 3.0, 'fumbles_lost': 0.0}, 'source': 'nflverse weekly player and team statistics'}","[{'season': 2025, 'games': 16, 'fantasy_points': 121.1, 'points_per_game': 7.57, 'stats': {'rushing_attempts': 196.0, 'rushing_yards': 703.0, 'rushing_tds': 2.0, 'targets': 36.0, 'receptions': 24.0, 'receiving_yards': 208.0, 'receiving_tds': 3.0, 'fumbles_lost': 0.0}, 'source': 'nflverse weekly player and team statistics'}]","{'season': 2026, 'games': None, 'fantasy_points': 100.26, 'stats': {'rushing_attempts': 142.69, 'rushing_yards': 555.84, 'rushing_tds': 2.66, 'receptions': 24.05, 'receiving_yards': 196.99, 'receiving_tds': 1.78, 'fumbles_lost': 0.95}, 'source': 'FantasyPros consensus projection'}",13,3,103.29,100.26,14,54,6.4,1.5,71
nfl:gsis:00-0034351,Dallas Goedert,TE,PHI,1995-01-03,9,0.6002,3.2,1.0,8.0,113.883,8,107.21,6.67,3.02,-0.18,2.82,4.44,1.62,2,88.0,106.0,,False,,True,"{'season': 2025, 'games': 15, 'fantasy_points': 125.1, 'points_per_game': 8.34, 'stats': {'rushing_yards': 0.0, 'rushing_tds': 0.0, 'targets': 82.0, 'receptions': 60.0, 'receiving_yards': 591.0, 'receiving_tds': 11.0, 'fumbles_lost': 0.0}, 'source': 'nflverse weekly player and team statistics'}","[{'season': 2024, 'games': 10, 'fantasy_points': 61.6, 'points_per_game': 6.16, 'stats': {'rushing_yards': 0.0, 'rushing_tds': 0.0, 'targets': 52.0, 'receptions': 42.0, 'receiving_yards': 496.0, 'receiving_tds': 2.0, 'fumbles_lost': 0.0}, 'source': 'nflverse weekly player and team statistics'}, {'season': 2025, 'games': 15, 'fantasy_points': 125.1, 'points_per_game': 8.34, 'stats': {'rushing_yards': 0.0, 'rushing_tds': 0.0, 'targets': 82.0, 'receptions': 60.0, 'receiving_yards': 591.0, 'receiving_tds': 11.0, 'fumbles_lost': 0.0}, 'source': 'nflverse weekly player and team statistics'}]","{'season': 2026, 'games': None, 'fantasy_points': 113.88, 'stats': {'rushing_yards': 3.59, 'rushing_tds': 0.46, 'receptions': 65.54, 'receiving_yards': 689.23, 'receiving_tds': 7.56, 'fumbles_lost': 0.06}, 'source': 'FantasyPros consensus projection'}",3,9,120.23,107.21,5,18,3.3,1.0,72
nfl:def:LAC,Los Angeles Chargers,DEF,LAC,,,0.1981,3.0,1.2,4.8,112.62,6,106.68,5.94,2.8,-0.2,2.71,2.89,0.18,0,169.0,219.0,,True,low_confidence_special_teams_projection;low_draft_probability,True,"{'season': 2025, 'games': 17, 'fantasy_points': 108.0, 'points_per_game': 6.35, 'stats': {'sacks': 45.0, 'interceptions': 19.0, 'fumble_recoveries': 4.0, 'defensive_tds': 0.0, 'safeties': 1.0, 'special_teams_tds': 0.0}, 'source': 'nflverse weekly player and team statistics'}","[{'season': 2024, 'games': 17, 'fantasy_points': 124.0, 'points_per_game': 7.29, 'stats': {'sacks': 45.0, 'interceptions': 15.0, 'fumble_recoveries': 6.0, 'defensive_tds': 1.0, 'safeties': 0.0, 'special_teams_tds': 0.0}, 'source': 'nflverse weekly player and team statistics'}, {'season': 2025, 'games': 17, 'fantasy_points': 108.0, 'points_per_game': 6.35, 'stats': {'sacks': 45.0, 'interceptions': 19.0, 'fumble_recoveries': 4.0, 'defensive_tds': 0.0, 'safeties': 1.0, 'special_teams_tds': 0.0}, 'source': 'nflverse weekly player and team statistics'}]","{'season': 2026, 'games': None, 'fantasy_points': 112.62, 'stats': {'sacks': 48.88, 'interceptions': 15.27, 'fumble_recoveries': 8.66, 'defensive_tds': 1.98, 'safeties': 0.0, 'special_teams_tds': 1.0}, 'source': 'FantasyPros consensus projection'}",1,8,124.0,111.27,1,22,3.7,1.0,73
nfl:gsis:00-0034753,Mark Andrews,TE,BAL,1995-09-06,9,0.4922,1.4,1.0,6.1,107.564,11,107.21,0.35,1.11,-0.29,1.0,2.42,1.42,2,113.0,116.0,,False,replacement_boundary,True,"{'season': 2025, 'games': 17, 'fantasy_points': 83.0, 'points_per_game': 4.88, 'stats': {'rushing_yards': 48.0, 'rushing_tds': 1.0, 'targets': 70.0, 'receptions': 48.0, 'receiving_yards': 422.0, 'receiving_tds': 5.0, 'fumbles_lost': 0.0}, 'source': 'nflverse weekly player and team statistics'}","[{'season': 2024, 'games': 17, 'fantasy_points': 133.8, 'points_per_game': 7.87, 'stats': {'rushing_yards': 5.0, 'rushing_tds': 0.0, 'targets': 69.0, 'receptions': 55.0, 'receiving_yards': 673.0, 'receiving_tds': 11.0, 'fumbles_lost': 0.0}, 'source': 'nflverse weekly player and team statistics'}, {'season': 2025, 'games': 17, 'fantasy_points': 83.0, 'points_per_game': 4.88, 'stats': {'rushing_yards': 48.0, 'rushing_tds': 1.0, 'targets': 70.0, 'receptions': 48.0, 'receiving_yards': 422.0, 'receiving_tds': 5.0, 'fumbles_lost': 0.0}, 'source': 'nflverse weekly player and team statistics'}]","{'season': 2026, 'games': None, 'fantasy_points': 107.56, 'stats': {'rushing_yards': 24.86, 'rushing_tds': 0.59, 'receptions': 59.65, 'receiving_yards': 618.84, 'receiving_tds': 7.7, 'fumbles_lost': 0.25}, 'source': 'FantasyPros consensus projection'}",3,9,120.23,107.21,5,18,3.3,1.0,74
nfl:gsis:00-0031381,Davante Adams,WR,LAR,1992-12-24,13,0.9841,15.7,8.5,22.8,153.435,16,106.489,46.95,15.22,-0.48,14.49,15.96,1.47,26,42.0,54.0,,False,wide_market_price_range,True,"{'season': 2025, 'games': 14, 'fantasy_points': 162.9, 'points_per_game': 11.64, 'stats': {'rushing_attempts': 0.0, 'rushing_yards': 0.0, 'rushing_tds': 0.0, 'targets': 114.0, 'receptions': 60.0, 'receiving_yards': 789.0, 'receiving_tds': 14.0, 'fumbles_lost': 0.0}, 'source': 'nflverse weekly player and team statistics'}","[{'season': 2024, 'games': 14, 'fantasy_points': 156.3, 'points_per_game': 11.16, 'stats': {'rushing_attempts': 0.0, 'rushing_yards': 0.0, 'rushing_tds': 0.0, 'targets': 141.0, 'receptions': 85.0, 'receiving_yards': 1063.0, 'receiving_tds': 8.0, 'fumbles_lost': 0.0}, 'source': 'nflverse weekly player and team statistics'}, {'season': 2025, 'games': 14, 'fantasy_points': 162.9, 'points_per_game': 11.64, 'stats': {'rushing_attempts': 0.0, 'rushing_yards': 0.0, 'rushing_tds': 0.0, 'targets': 114.0, 'receptions': 60.0, 'receiving_yards': 789.0, 'receiving_tds': 14.0, 'fumbles_lost': 0.0}, 'source': 'nflverse weekly player and team statistics'}]","{'season': 2026, 'games': None, 'fantasy_points': 153.44, 'stats': {'rushing_attempts': 0.0, 'rushing_yards': 0.0, 'rushing_tds': 0.0, 'receptions': 68.5, 'receiving_yards': 926.15, 'receiving_tds': 10.2, 'fumbles_lost': 0.0}, 'source': 'FantasyPros consensus projection'}",5,9,160.51,146.41,9,7,20.7,15.7,75
nfl:gsis:00-0041027,Jeremiyah Love,RB,ARI,2005-05-31,0,0.995,34.8,28.7,40.9,201.284,15,92.249,109.03,34.03,-0.77,32.03,34.44,2.41,38,22.0,27.0,,True,wide_market_price_range,True,,[],"{'season': 2026, 'games': None, 'fantasy_points': 201.28, 'stats': {'rushing_attempts': 237.21, 'rushing_yards': 1068.92, 'rushing_tds': 7.22, 'receptions': 54.72, 'receiving_yards': 429.12, 'receiving_tds': 2.08, 'fumbles_lost': 1.85}, 'source': 'FantasyPros consensus projection'}",7,9,214.85,198.94,9,1,34.8,34.8,76
nfl:gsis:00-0041438,Carnell Tate,WR,TEN,2005-01-19,0,0.9377,4.0,1.0,11.2,113.235,38,106.489,6.75,3.04,-0.96,2.9,3.15,0.25,7,67.0,76.0,,True,wide_market_price_range,True,,[],"{'season': 2026, 'games': None, 'fantasy_points': 113.23, 'stats': {'rushing_attempts': 0.67, 'rushing_yards': 3.0, 'rushing_tds': 0.0, 'receptions': 65.18, 'receiving_yards': 887.55, 'receiving_tds': 4.49, 'fumbles_lost': 1.2}, 'source': 'FantasyPros consensus projection'}",7,11,123.05,107.94,12,64,4.7,1.0,77
nfl:def:DAL,Dallas Cowboys,DEF,DAL,,,0.995,1.0,1.0,2.8,95.58,23,106.68,0.0,0.0,-1.0,0.0,0.0,0.0,,177.0,170.0,espn_salary_cap_value,False,low_confidence_special_teams_projection,False,"{'season': 2025, 'games': 17, 'fantasy_points': 55.0, 'points_per_game': 3.24, 'stats': {'sacks': 34.0, 'interceptions': 6.0, 'fumble_recoveries': 6.0, 'defensive_tds': 1.0, 'safeties': 1.0, 'special_teams_tds': 1.0}, 'source': 'nflverse weekly player and team statistics'}","[{'season': 2024, 'games': 17, 'fantasy_points': 104.0, 'points_per_game': 6.12, 'stats': {'sacks': 51.0, 'interceptions': 13.0, 'fumble_recoveries': 9.0, 'defensive_tds': 1.0, 'safeties': 0.0, 'special_teams_tds': 3.0}, 'source': 'nflverse weekly player and team statistics'}, {'season': 2025, 'games': 17, 'fantasy_points': 55.0, 'points_per_game': 3.24, 'stats': {'sacks': 34.0, 'interceptions': 6.0, 'fumble_recoveries': 6.0, 'defensive_tds': 1.0, 'safeties': 1.0, 'special_teams_tds': 1.0}, 'source': 'nflverse weekly player and team statistics'}]","{'season': 2026, 'games': None, 'fantasy_points': 95.58, 'stats': {'sacks': 42.06, 'interceptions': 10.73, 'fumble_recoveries': 8.42, 'defensive_tds': 1.87, 'safeties': 0.0, 'special_teams_tds': 1.0}, 'source': 'FantasyPros consensus projection'}",2,13,107.4,92.51,1,22,3.7,1.0,78
nfl:gsis:00-0033787,Jake Elliott,K,PHI,1995-01-21,10,0.995,1.0,1.0,3.5,119.81,20,132.62,0.0,0.0,-1.0,0.0,0.0,0.0,,199.0,171.0,espn_salary_cap_value,False,low_confidence_special_teams_projection,False,"{'season': 2025, 'games': 17, 'fantasy_points': 103.0, 'points_per_game': 6.06, 'stats': {'field_goals_made': 20.0, 'field_goals_attempted': 27.0, 'extra_points_made': 41.0}, 'source': 'nflverse weekly player and team statistics'}","[{'season': 2024, 'games': 17, 'fantasy_points': 130.5, 'points_per_game': 7.68, 'stats': {'field_goals_made': 28.0, 'field_goals_attempted': 36.0, 'extra_points_made': 47.0}, 'source': 'nflverse weekly player and team statistics'}, {'season': 2025, 'games': 17, 'fantasy_points': 103.0, 'points_per_game': 6.06, 'stats': {'field_goals_made': 20.0, 'field_goals_attempted': 27.0, 'extra_points_made': 41.0}, 'source': 'nflverse weekly player and team statistics'}]","{'season': 2026, 'games': None, 'fantasy_points': 119.81, 'stats': {'field_goals_made': 26.05, 'field_goals_attempted': 31.83, 'extra_points_made': 41.66}, 'source': 'FantasyPros consensus projection'}",3,6,126.36,118.33,1,21,5.5,1.0,79
nfl:gsis:00-0025565,Nick Folk,K,ATL,1984-11-05,19,0.995,1.0,1.0,3.5,121.06,19,132.62,0.0,0.0,-1.0,0.0,0.0,0.0,,,177.0,espn_salary_cap_value;adp_espn,False,missing_market_inputs;low_confidence_special_teams_projection,False,"{'season': 2025, 'games': 16, 'fantasy_points': 113.0, 'points_per_game': 7.06, 'stats': {'field_goals_made': 28.0, 'field_goals_attempted': 29.0, 'extra_points_made': 22.0}, 'source': 'nflverse weekly player and team statistics'}","[{'season': 2024, 'games': 14, 'fantasy_points': 93.5, 'points_per_game': 6.68, 'stats': {'field_goals_made': 21.0, 'field_goals_attempted': 22.0, 'extra_points_made': 25.0}, 'source': 'nflverse weekly player and team statistics'}, {'season': 2025, 'games': 16, 'fantasy_points': 113.0, 'points_per_game': 7.06, 'stats': {'field_goals_made': 28.0, 'field_goals_attempted': 29.0, 'extra_points_made': 22.0}, 'source': 'nflverse weekly player and team statistics'}]","{'season': 2026, 'games': None, 'fantasy_points': 121.06, 'stats': {'field_goals_made': 28.34, 'field_goals_attempted': 31.15, 'extra_points_made': 36.04}, 'source': 'FantasyPros consensus projection'}",3,6,126.36,118.33,1,21,5.5,1.0,80
nfl:def:SF,San Francisco 49ers,DEF,SF,,,0.9936,1.0,1.0,2.8,88.1,31,106.68,0.0,0.0,-1.0,0.0,0.0,0.0,,196.0,163.0,espn_salary_cap_value,False,low_confidence_special_teams_projection,False,"{'season': 2025, 'games': 17, 'fantasy_points': 72.0, 'points_per_game': 4.24, 'stats': {'sacks': 20.0, 'interceptions': 6.0, 'fumble_recoveries': 10.0, 'defensive_tds': 1.0, 'safeties': 0.0, 'special_teams_tds': 0.0}, 'source': 'nflverse weekly player and team statistics'}","[{'season': 2024, 'games': 17, 'fantasy_points': 81.0, 'points_per_game': 4.76, 'stats': {'sacks': 36.0, 'interceptions': 11.0, 'fumble_recoveries': 6.0, 'defensive_tds': 1.0, 'safeties': 0.0, 'special_teams_tds': 1.0}, 'source': 'nflverse weekly player and team statistics'}, {'season': 2025, 'games': 17, 'fantasy_points': 72.0, 'points_per_game': 4.24, 'stats': {'sacks': 20.0, 'interceptions': 6.0, 'fumble_recoveries': 10.0, 'defensive_tds': 1.0, 'safeties': 0.0, 'special_teams_tds': 0.0}, 'source': 'nflverse weekly player and team statistics'}]","{'season': 2026, 'games': None, 'fantasy_points': 88.1, 'stats': {'sacks': 35.96, 'interceptions': 11.08, 'fumble_recoveries': 9.29, 'defensive_tds': 1.9, 'safeties': 0.0, 'special_teams_tds': 0.0}, 'source': 'FantasyPros consensus projection'}",3,1,88.1,88.1,1,22,3.7,1.0,81
nfl:def:CHI,Chicago Bears,DEF,CHI,,,0.9017,1.0,1.0,2.8,104.94,14,106.68,0.0,0.0,-1.0,0.0,0.0,0.0,,212.0,168.0,espn_salary_cap_value,False,low_confidence_special_teams_projection,False,"{'season': 2025, 'games': 17, 'fantasy_points': 114.0, 'points_per_game': 6.71, 'stats': {'sacks': 35.0, 'interceptions': 23.0, 'fumble_recoveries': 10.0, 'defensive_tds': 2.0, 'safeties': 0.0, 'special_teams_tds': 0.0}, 'source': 'nflverse weekly player and team statistics'}","[{'season': 2024, 'games': 17, 'fantasy_points': 116.0, 'points_per_game': 6.82, 'stats': {'sacks': 40.0, 'interceptions': 11.0, 'fumble_recoveries': 13.0, 'defensive_tds': 1.0, 'safeties': 0.0, 'special_teams_tds': 2.0}, 'source': 'nflverse weekly player and team statistics'}, {'season': 2025, 'games': 17, 'fantasy_points': 114.0, 'points_per_game': 6.71, 'stats': {'sacks': 35.0, 'interceptions': 23.0, 'fumble_recoveries': 10.0, 'defensive_tds': 2.0, 'safeties': 0.0, 'special_teams_tds': 0.0}, 'source': 'nflverse weekly player and team statistics'}]","{'season': 2026, 'games': None, 'fantasy_points': 104.94, 'stats': {'sacks': 39.02, 'interceptions': 14.05, 'fumble_recoveries': 10.61, 'defensive_tds': 2.1, 'safeties': 0.0, 'special_teams_tds': 1.0}, 'source': 'FantasyPros consensus projection'}",2,13,107.4,92.51,1,22,3.7,1.0,82
nfl:def:NYG,New York Giants,DEF,NYG,,,0.8807,1.0,1.0,2.8,95.26,24,106.68,0.0,0.0,-1.0,0.0,0.0,0.0,,209.0,174.0,espn_salary_cap_value,True,low_confidence_special_teams_projection,False,"{'season': 2025, 'games': 17, 'fantasy_points': 67.0, 'points_per_game': 3.94, 'stats': {'sacks': 38.0, 'interceptions': 9.0, 'fumble_recoveries': 6.0, 'defensive_tds': 0.0, 'safeties': 0.0, 'special_teams_tds': 1.0}, 'source': 'nflverse weekly player and team statistics'}","[{'season': 2024, 'games': 17, 'fantasy_points': 85.0, 'points_per_game': 5.0, 'stats': {'sacks': 45.0, 'interceptions': 5.0, 'fumble_recoveries': 10.0, 'defensive_tds': 0.0, 'safeties': 0.0, 'special_teams_tds': 2.0}, 'source': 'nflverse weekly player and team statistics'}, {'season': 2025, 'games': 17, 'fantasy_points': 67.0, 'points_per_game': 3.94, 'stats': {'sacks': 38.0, 'interceptions': 9.0, 'fumble_recoveries': 6.0, 'defensive_tds': 0.0, 'safeties': 0.0, 'special_teams_tds': 1.0}, 'source': 'nflverse weekly player and team statistics'}]","{'season': 2026, 'games': None, 'fantasy_points': 95.26, 'stats': {'sacks': 40.86, 'interceptions': 10.47, 'fumble_recoveries': 8.79, 'defensive_tds': 1.98, 'safeties': 0.0, 'special_teams_tds': 1.0}, 'source': 'FantasyPros consensus projection'}",2,13,107.4,92.51,1,22,3.7,1.0,83
nfl:gsis:00-0040669,Isaac TeSlaa,WR,DET,2002-02-20,2,0.7201,1.0,1.0,8.1,59.716,87,106.489,0.0,0.0,-1.0,0.0,0.0,0.0,,,143.0,espn_salary_cap_value;adp_espn,True,missing_market_inputs,False,"{'season': 2025, 'games': 14, 'fantasy_points': 59.9, 'points_per_game': 4.28, 'stats': {'rushing_attempts': 0.0, 'rushing_yards': 0.0, 'rushing_tds': 0.0, 'targets': 27.0, 'receptions': 16.0, 'receiving_yards': 239.0, 'receiving_tds': 6.0, 'fumbles_lost': 0.0}, 'source': 'nflverse weekly player and team statistics'}","[{'season': 2025, 'games': 14, 'fantasy_points': 59.9, 'points_per_game': 4.28, 'stats': {'rushing_attempts': 0.0, 'rushing_yards': 0.0, 'rushing_tds': 0.0, 'targets': 27.0, 'receptions': 16.0, 'receiving_yards': 239.0, 'receiving_tds': 6.0, 'fumbles_lost': 0.0}, 'source': 'nflverse weekly player and team statistics'}]","{'season': 2026, 'games': None, 'fantasy_points': 59.72, 'stats': {'rushing_attempts': 0.0, 'rushing_yards': 0.0, 'rushing_tds': 0.0, 'receptions': 25.38, 'receiving_yards': 352.36, 'receiving_tds': 4.12, 'fumbles_lost': 0.0}, 'source': 'FantasyPros consensus projection'}",10,17,70.2,55.23,12,64,4.7,1.0,84
nfl:gsis:00-0036971,Trevor Lawrence,QB,JAX,1999-10-06,6,0.694,4.5,1.0,9.2,333.212,9,324.973,8.24,3.5,-1.0,3.38,8.84,5.46,4,84.0,79.0,,False,allocation_sensitive,True,"{'season': 2025, 'games': 17, 'fantasy_points': 379.18, 'points_per_game': 22.3, 'stats': {'passing_completions': 341.0, 'passing_attempts': 560.0, 'passing_yards': 4007.0, 'passing_tds': 29.0, 'passing_interceptions': 12.0, 'rushing_attempts': 82.0, 'rushing_yards': 359.0, 'rushing_tds': 9.0, 'fumbles_lost': 3.0}, 'source': 'nflverse weekly player and team statistics'}","[{'season': 2024, 'games': 10, 'fantasy_points': 163.2, 'points_per_game': 16.32, 'stats': {'passing_completions': 172.0, 'passing_attempts': 284.0, 'passing_yards': 2045.0, 'passing_tds': 11.0, 'passing_interceptions': 7.0, 'rushing_attempts': 26.0, 'rushing_yards': 119.0, 'rushing_tds': 3.0, 'fumbles_lost': 1.0}, 'source': 'nflverse weekly player and team statistics'}, {'season': 2025, 'games': 17, 'fantasy_points': 379.18, 'points_per_game': 22.3, 'stats': {'passing_completions': 341.0, 'passing_attempts': 560.0, 'passing_yards': 4007.0, 'passing_tds': 29.0, 'passing_interceptions': 12.0, 'rushing_attempts': 82.0, 'rushing_yards': 359.0, 'rushing_tds': 9.0, 'fumbles_lost': 3.0}, 'source': 'nflverse weekly player and team statistics'}]","{'season': 2026, 'games': None, 'fantasy_points': 333.21, 'stats': {'passing_completions': 336.07, 'passing_attempts': 545.99, 'passing_yards': 3908.45, 'passing_tds': 26.97, 'passing_interceptions': 12.99, 'rushing_attempts': 72.49, 'rushing_yards': 321.94, 'rushing_tds': 4.94, 'fumbles_lost': 2.84}, 'source': 'FantasyPros consensus projection'}",3,9,337.13,324.97,4,11,6.7,2.3,85
nfl:def:PHI,Philadelphia Eagles,DEF,PHI,,,0.5681,1.0,1.0,2.8,106.56,11,106.68,0.0,0.0,-1.0,0.0,0.0,0.0,1,134.0,137.0,,False,low_confidence_special_teams_projection;replacement_boundary,False,"{'season': 2025, 'games': 17, 'fantasy_points': 131.0, 'points_per_game': 7.71, 'stats': {'sacks': 42.0, 'interceptions': 12.0, 'fumble_recoveries': 9.0, 'defensive_tds': 1.0, 'safeties': 0.0, 'special_teams_tds': 2.0}, 'source': 'nflverse weekly player and team statistics'}","[{'season': 2024, 'games': 17, 'fantasy_points': 131.0, 'points_per_game': 7.71, 'stats': {'sacks': 41.0, 'interceptions': 13.0, 'fumble_recoveries': 13.0, 'defensive_tds': 1.0, 'safeties': 0.0, 'special_teams_tds': 0.0}, 'source': 'nflverse weekly player and team statistics'}, {'season': 2025, 'games': 17, 'fantasy_points': 131.0, 'points_per_game': 7.71, 'stats': {'sacks': 42.0, 'interceptions': 12.0, 'fumble_recoveries': 9.0, 'defensive_tds': 1.0, 'safeties': 0.0, 'special_teams_tds': 2.0}, 'source': 'nflverse weekly player and team statistics'}]","{'season': 2026, 'games': None, 'fantasy_points': 106.56, 'stats': {'sacks': 42.46, 'interceptions': 12.96, 'fumble_recoveries': 9.98, 'defensive_tds': 2.37, 'safeties': 0.0, 'special_teams_tds': 1.0}, 'source': 'FantasyPros consensus projection'}",2,13,107.4,92.51,1,22,3.7,1.0,86
nfl:gsis:00-0040667,Matthew Golden,WR,GB,2003-08-01,2,0.5491,1.0,1.0,8.1,104.762,50,106.489,0.0,0.0,-1.0,0.0,0.0,0.0,4,93.0,164.0,,False,replacement_boundary,False,"{'season': 2025, 'games': 14, 'fantasy_points': 41.0, 'points_per_game': 2.93, 'stats': {'rushing_attempts': 10.0, 'rushing_yards': 49.0, 'rushing_tds': 0.0, 'targets': 44.0, 'receptions': 29.0, 'receiving_yards': 361.0, 'receiving_tds': 0.0, 'fumbles_lost': 0.0}, 'source': 'nflverse weekly player and team statistics'}","[{'season': 2025, 'games': 14, 'fantasy_points': 41.0, 'points_per_game': 2.93, 'stats': {'rushing_attempts': 10.0, 'rushing_yards': 49.0, 'rushing_tds': 0.0, 'targets': 44.0, 'receptions': 29.0, 'receiving_yards': 361.0, 'receiving_tds': 0.0, 'fumbles_lost': 0.0}, 'source': 'nflverse weekly player and team statistics'}]","{'season': 2026, 'games': None, 'fantasy_points': 104.76, 'stats': {'rushing_attempts': 6.16, 'rushing_yards': 30.28, 'rushing_tds': 0.06, 'receptions': 55.56, 'receiving_yards': 747.34, 'receiving_tds': 4.56, 'fumbles_lost': 0.15}, 'source': 'FantasyPros consensus projection'}",8,17,106.9,91.85,12,64,4.7,1.0,87
nfl:gsis:00-0031588,Stefon Diggs,WR,WAS,1993-11-29,12,0.5333,1.0,1.0,8.1,99.201,52,106.489,0.0,0.0,-1.0,0.0,0.0,0.0,1,114.0,107.0,,False,,False,"{'season': 2025, 'games': 17, 'fantasy_points': 125.3, 'points_per_game': 7.37, 'stats': {'rushing_attempts': 0.0, 'rushing_yards': 0.0, 'rushing_tds': 0.0, 'targets': 102.0, 'receptions': 85.0, 'receiving_yards': 1013.0, 'receiving_tds': 4.0, 'fumbles_lost': 0.0}, 'source': 'nflverse weekly player and team statistics'}","[{'season': 2024, 'games': 8, 'fantasy_points': 74.92, 'points_per_game': 9.37, 'stats': {'rushing_attempts': 3.0, 'rushing_yards': 8.0, 'rushing_tds': 1.0, 'targets': 64.0, 'receptions': 47.0, 'receiving_yards': 496.0, 'receiving_tds': 3.0, 'fumbles_lost': 0.0}, 'source': 'nflverse weekly player and team statistics'}, {'season': 2025, 'games': 17, 'fantasy_points': 125.3, 'points_per_game': 7.37, 'stats': {'rushing_attempts': 0.0, 'rushing_yards': 0.0, 'rushing_tds': 0.0, 'targets': 102.0, 'receptions': 85.0, 'receiving_yards': 1013.0, 'receiving_tds': 4.0, 'fumbles_lost': 0.0}, 'source': 'nflverse weekly player and team statistics'}]","{'season': 2026, 'games': None, 'fantasy_points': 99.2, 'stats': {'rushing_attempts': 0.33, 'rushing_yards': 0.67, 'rushing_tds': 0.0, 'receptions': 67.03, 'receiving_yards': 747.14, 'receiving_tds': 4.15, 'fumbles_lost': 0.0}, 'source': 'FantasyPros consensus projection'}",8,17,106.9,91.85,12,64,4.7,1.0,88
nfl:gsis:00-0038997,Josh Downs,WR,IND,2001-08-12,4,0.4509,1.0,1.0,8.1,94.916,60,106.489,0.0,0.0,-1.0,0.0,0.0,0.0,1,131.0,109.0,,False,,False,"{'season': 2025, 'games': 16, 'fantasy_points': 78.4, 'points_per_game': 4.9, 'stats': {'rushing_attempts': 2.0, 'rushing_yards': -2.0, 'rushing_tds': 0.0, 'targets': 88.0, 'receptions': 58.0, 'receiving_yards': 566.0, 'receiving_tds': 4.0, 'fumbles_lost': 1.0}, 'source': 'nflverse weekly player and team statistics'}","[{'season': 2024, 'games': 14, 'fantasy_points': 111.5, 'points_per_game': 7.96, 'stats': {'rushing_attempts': 1.0, 'rushing_yards': 12.0, 'rushing_tds': 0.0, 'targets': 107.0, 'receptions': 72.0, 'receiving_yards': 803.0, 'receiving_tds': 5.0, 'fumbles_lost': 0.0}, 'source': 'nflverse weekly player and team statistics'}, {'season': 2025, 'games': 16, 'fantasy_points': 78.4, 'points_per_game': 4.9, 'stats': {'rushing_attempts': 2.0, 'rushing_yards': -2.0, 'rushing_tds': 0.0, 'targets': 88.0, 'receptions': 58.0, 'receiving_yards': 566.0, 'receiving_tds': 4.0, 'fumbles_lost': 1.0}, 'source': 'nflverse weekly player and team statistics'}]","{'season': 2026, 'games': None, 'fantasy_points': 94.92, 'stats': {'rushing_attempts': 1.36, 'rushing_yards': 4.23, 'rushing_tds': 0.03, 'receptions': 68.82, 'receiving_yards': 704.93, 'receiving_tds': 4.23, 'fumbles_lost': 0.5}, 'source': 'FantasyPros consensus projection'}",8,17,106.9,91.85,12,64,4.7,1.0,89
nfl:gsis:00-0040718,Travis Hunter,WR,JAX,2003-05-18,2,0.4288,1.0,1.0,8.1,70.2,72,106.489,0.0,0.0,-1.0,0.0,0.0,0.0,0,112.0,152.0,,False,,False,,[],"{'season': 2026, 'games': None, 'fantasy_points': 70.2, 'stats': {'rushing_attempts': 2.01, 'rushing_yards': 10.8, 'rushing_tds': 0.07, 'receptions': 41.59, 'receiving_yards': 496.6, 'receiving_tds': 3.32, 'fumbles_lost': 0.0}, 'source': 'FantasyPros consensus projection'}",10,17,70.2,55.23,12,64,4.7,1.0,90
nfl:gsis:00-0040867,Makai Lemon,WR,PHI,2004-06-02,0,0.4126,1.0,1.0,8.1,98.089,54,106.489,0.0,0.0,-1.0,0.0,0.0,0.0,1,137.0,115.0,,True,,False,,[],"{'season': 2026, 'games': None, 'fantasy_points': 98.09, 'stats': {'rushing_attempts': 1.5, 'rushing_yards': 6.5, 'rushing_tds': 0.0, 'receptions': 52.75, 'receiving_yards': 738.19, 'receiving_tds': 4.36, 'fumbles_lost': 1.0}, 'source': 'FantasyPros consensus projection'}",8,17,106.9,91.85,12,64,4.7,1.0,91
nfl:gsis:00-0037746,Brian Robinson Jr.,RB,ATL,1999-03-22,3,0.3585,1.0,1.0,7.1,78.824,54,92.249,0.0,0.0,-1.0,0.0,0.0,0.0,1,171.0,129.0,,False,low_draft_probability,False,"{'season': 2025, 'games': 17, 'fantasy_points': 54.5, 'points_per_game': 3.21, 'stats': {'rushing_attempts': 92.0, 'rushing_yards': 400.0, 'rushing_tds': 2.0, 'targets': 12.0, 'receptions': 8.0, 'receiving_yards': 25.0, 'receiving_tds': 0.0, 'fumbles_lost': 0.0}, 'source': 'nflverse weekly player and team statistics'}","[{'season': 2024, 'games': 14, 'fantasy_points': 139.8, 'points_per_game': 9.99, 'stats': {'rushing_attempts': 187.0, 'rushing_yards': 799.0, 'rushing_tds': 8.0, 'targets': 25.0, 'receptions': 20.0, 'receiving_yards': 159.0, 'receiving_tds': 0.0, 'fumbles_lost': 2.0}, 'source': 'nflverse weekly player and team statistics'}, {'season': 2025, 'games': 17, 'fantasy_points': 54.5, 'points_per_game': 3.21, 'stats': {'rushing_attempts': 92.0, 'rushing_yards': 400.0, 'rushing_tds': 2.0, 'targets': 12.0, 'receptions': 8.0, 'receiving_yards': 25.0, 'receiving_tds': 0.0, 'fumbles_lost': 0.0}, 'source': 'nflverse weekly player and team statistics'}]","{'season': 2026, 'games': None, 'fantasy_points': 78.82, 'stats': {'rushing_attempts': 120.19, 'rushing_yards': 517.14, 'rushing_tds': 3.89, 'receptions': 7.25, 'receiving_yards': 46.7, 'receiving_tds': 0.1, 'fumbles_lost': 0.8}, 'source': 'FantasyPros consensus projection'}",14,12,92.25,78.1,15,4,1.3,1.0,92
nfl:gsis:00-0041547,KC Concepcion,WR,CLE,2004-09-24,0,0.3339,1.0,1.0,8.1,105.575,49,106.489,0.0,0.0,-1.0,0.0,0.0,0.0,2,139.0,158.0,,True,low_draft_probability;replacement_boundary,False,,[],"{'season': 2026, 'games': None, 'fantasy_points': 105.58, 'stats': {'rushing_attempts': 4.19, 'rushing_yards': 22.48, 'rushing_tds': 0.11, 'receptions': 64.84, 'receiving_yards': 808.47, 'receiving_tds': 4.08, 'fumbles_lost': 1.3}, 'source': 'FantasyPros consensus projection'}",8,17,106.9,91.85,12,64,4.7,1.0,93
nfl:gsis:00-0037261,Khalil Shakir,WR,BUF,2000-02-03,5,0.2893,1.0,1.0,8.1,95.219,59,106.489,0.0,0.0,-1.0,0.0,0.0,0.0,2,117.0,197.0,,False,low_draft_probability,False,"{'season': 2025, 'games': 16, 'fantasy_points': 94.4, 'points_per_game': 5.9, 'stats': {'rushing_attempts': 1.0, 'rushing_yards': 5.0, 'rushing_tds': 0.0, 'targets': 95.0, 'receptions': 72.0, 'receiving_yards': 719.0, 'receiving_tds': 4.0, 'fumbles_lost': 1.0}, 'source': 'nflverse weekly player and team statistics'}","[{'season': 2024, 'games': 15, 'fantasy_points': 106.5, 'points_per_game': 7.1, 'stats': {'rushing_attempts': 2.0, 'rushing_yards': 4.0, 'rushing_tds': 0.0, 'targets': 100.0, 'receptions': 76.0, 'receiving_yards': 821.0, 'receiving_tds': 4.0, 'fumbles_lost': 0.0}, 'source': 'nflverse weekly player and team statistics'}, {'season': 2025, 'games': 16, 'fantasy_points': 94.4, 'points_per_game': 5.9, 'stats': {'rushing_attempts': 1.0, 'rushing_yards': 5.0, 'rushing_tds': 0.0, 'targets': 95.0, 'receptions': 72.0, 'receiving_yards': 719.0, 'receiving_tds': 4.0, 'fumbles_lost': 1.0}, 'source': 'nflverse weekly player and team statistics'}]","{'season': 2026, 'games': None, 'fantasy_points': 95.22, 'stats': {'rushing_attempts': 1.1, 'rushing_yards': 5.5, 'rushing_tds': 0.04, 'receptions': 69.69, 'receiving_yards': 726.29, 'receiving_tds': 3.9, 'fumbles_lost': 0.95}, 'source': 'FantasyPros consensus projection'}",8,17,106.9,91.85,12,64,4.7,1.0,94
nfl:gsis:00-0036264,Jordan Love,QB,GB,1998-11-02,7,0.2759,1.0,1.0,5.8,297.308,21,324.973,0.0,0.0,-1.0,0.0,0.0,0.0,0,158.0,138.0,,False,low_draft_probability,False,"{'season': 2025, 'games': 15, 'fantasy_points': 264.14, 'points_per_game': 17.61, 'stats': {'passing_completions': 291.0, 'passing_attempts': 439.0, 'passing_yards': 3381.0, 'passing_tds': 23.0, 'passing_interceptions': 6.0, 'rushing_attempts': 47.0, 'rushing_yards': 199.0, 'rushing_tds': 0.0, 'fumbles_lost': 2.0}, 'source': 'nflverse weekly player and team statistics'}","[{'season': 2024, 'games': 15, 'fantasy_points': 269.86, 'points_per_game': 17.99, 'stats': {'passing_completions': 268.0, 'passing_attempts': 425.0, 'passing_yards': 3389.0, 'passing_tds': 25.0, 'passing_interceptions': 11.0, 'rushing_attempts': 25.0, 'rushing_yards': 83.0, 'rushing_tds': 1.0, 'fumbles_lost': 0.0}, 'source': 'nflverse weekly player and team statistics'}, {'season': 2025, 'games': 15, 'fantasy_points': 264.14, 'points_per_game': 17.61, 'stats': {'passing_completions': 291.0, 'passing_attempts': 439.0, 'passing_yards': 3381.0, 'passing_tds': 23.0, 'passing_interceptions': 6.0, 'rushing_attempts': 47.0, 'rushing_yards': 199.0, 'rushing_tds': 0.0, 'fumbles_lost': 2.0}, 'source': 'nflverse weekly player and team statistics'}]","{'season': 2026, 'games': None, 'fantasy_points': 297.31, 'stats': {'passing_completions': 331.59, 'passing_attempts': 511.42, 'passing_yards': 3846.17, 'passing_tds': 26.67, 'passing_interceptions': 10.23, 'rushing_attempts': 48.79, 'rushing_yards': 204.21, 'rushing_tds': 0.98, 'fumbles_lost': 1.55}, 'source': 'FantasyPros consensus projection'}",5,6,307.7,293.97,5,23,1.6,1.0,95
nfl:gsis:00-0041562,Fernando Mendoza,QB,LV,2003-10-01,0,0.2621,1.0,1.0,5.8,207.535,30,324.973,0.0,0.0,-1.0,0.0,0.0,0.0,0,184.0,126.0,,True,low_draft_probability,False,,[],"{'season': 2026, 'games': None, 'fantasy_points': 207.53, 'stats': {'passing_completions': 276.2, 'passing_attempts': 431.59, 'passing_yards': 2881.96, 'passing_tds': 15.73, 'passing_interceptions': 12.17, 'rushing_attempts': 50.36, 'rushing_yards': 233.37, 'rushing_tds': 1.31, 'fumbles_lost': 1.75}, 'source': 'FantasyPros consensus projection'}",8,1,207.53,207.53,5,23,1.6,1.0,96
nfl:gsis:00-0030279,Keenan Allen,WR,IND,1992-04-27,14,0.256,1.0,1.0,8.1,83.184,66,106.489,0.0,0.0,-1.0,0.0,0.0,0.0,0,178.0,146.0,,False,low_draft_probability,False,"{'season': 2025, 'games': 17, 'fantasy_points': 101.7, 'points_per_game': 5.98, 'stats': {'rushing_attempts': 0.0, 'rushing_yards': 0.0, 'rushing_tds': 0.0, 'targets': 122.0, 'receptions': 81.0, 'receiving_yards': 777.0, 'receiving_tds': 4.0, 'fumbles_lost': 0.0}, 'source': 'nflverse weekly player and team statistics'}","[{'season': 2024, 'games': 15, 'fantasy_points': 115.4, 'points_per_game': 7.69, 'stats': {'rushing_attempts': 0.0, 'rushing_yards': 0.0, 'rushing_tds': 0.0, 'targets': 121.0, 'receptions': 70.0, 'receiving_yards': 744.0, 'receiving_tds': 7.0, 'fumbles_lost': 0.0}, 'source': 'nflverse weekly player and team statistics'}, {'season': 2025, 'games': 17, 'fantasy_points': 101.7, 'points_per_game': 5.98, 'stats': {'rushing_attempts': 0.0, 'rushing_yards': 0.0, 'rushing_tds': 0.0, 'targets': 122.0, 'receptions': 81.0, 'receiving_yards': 777.0, 'receiving_tds': 4.0, 'fumbles_lost': 0.0}, 'source': 'nflverse weekly player and team statistics'}]","{'season': 2026, 'games': None, 'fantasy_points': 83.18, 'stats': {'rushing_attempts': 0.0, 'rushing_yards': 0.0, 'rushing_tds': 0.0, 'receptions': 58.55, 'receiving_yards': 607.24, 'receiving_tds': 3.84, 'fumbles_lost': 0.0}, 'source': 'FantasyPros consensus projection'}",9,10,87.9,74.28,12,64,4.7,1.0,97
nfl:gsis:00-0033090,Hunter Henry,TE,NE,1994-12-07,11,0.2406,1.0,1.0,5.7,97.395,15,107.21,0.0,0.0,-1.0,0.0,0.0,0.0,2,140.0,166.0,,False,low_draft_probability;replacement_boundary,False,"{'season': 2025, 'games': 17, 'fantasy_points': 118.8, 'points_per_game': 6.99, 'stats': {'rushing_yards': 0.0, 'rushing_tds': 0.0, 'targets': 87.0, 'receptions': 60.0, 'receiving_yards': 768.0, 'receiving_tds': 7.0, 'fumbles_lost': 0.0}, 'source': 'nflverse weekly player and team statistics'}","[{'season': 2024, 'games': 16, 'fantasy_points': 79.4, 'points_per_game': 4.96, 'stats': {'rushing_yards': 0.0, 'rushing_tds': 0.0, 'targets': 97.0, 'receptions': 66.0, 'receiving_yards': 674.0, 'receiving_tds': 2.0, 'fumbles_lost': 0.0}, 'source': 'nflverse weekly player and team statistics'}, {'season': 2025, 'games': 17, 'fantasy_points': 118.8, 'points_per_game': 6.99, 'stats': {'rushing_yards': 0.0, 'rushing_tds': 0.0, 'targets': 87.0, 'receptions': 60.0, 'receiving_yards': 768.0, 'receiving_tds': 7.0, 'fumbles_lost': 0.0}, 'source': 'nflverse weekly player and team statistics'}]","{'season': 2026, 'games': None, 'fantasy_points': 97.39, 'stats': {'rushing_yards': 0.0, 'rushing_tds': 0.0, 'receptions': 55.54, 'receiving_yards': 650.55, 'receiving_tds': 5.43, 'fumbles_lost': 0.0}, 'source': 'FantasyPros consensus projection'}",4,6,103.1,90.05,5,18,3.3,1.0,98
nfl:gsis:00-0039163,C.J. Stroud,QB,HOU,2001-10-03,4,0.233,1.0,1.0,5.8,284.334,24,324.973,0.0,0.0,-1.0,0.0,0.0,0.0,0,173.0,144.0,,False,low_draft_probability,False,"{'season': 2025, 'games': 14, 'fantasy_points': 235.54, 'points_per_game': 16.82, 'stats': {'passing_completions': 273.0, 'passing_attempts': 423.0, 'passing_yards': 3041.0, 'passing_tds': 19.0, 'passing_interceptions': 8.0, 'rushing_attempts': 48.0, 'rushing_yards': 209.0, 'rushing_tds': 1.0, 'fumbles_lost': 0.0}, 'source': 'nflverse weekly player and team statistics'}","[{'season': 2024, 'games': 17, 'fantasy_points': 252.38, 'points_per_game': 14.85, 'stats': {'passing_completions': 336.0, 'passing_attempts': 532.0, 'passing_yards': 3727.0, 'passing_tds': 20.0, 'passing_interceptions': 12.0, 'rushing_attempts': 52.0, 'rushing_yards': 233.0, 'rushing_tds': 0.0, 'fumbles_lost': 4.0}, 'source': 'nflverse weekly player and team statistics'}, {'season': 2025, 'games': 14, 'fantasy_points': 235.54, 'points_per_game': 16.82, 'stats': {'passing_completions': 273.0, 'passing_attempts': 423.0, 'passing_yards': 3041.0, 'passing_tds': 19.0, 'passing_interceptions': 8.0, 'rushing_attempts': 48.0, 'rushing_yards': 209.0, 'rushing_tds': 1.0, 'fumbles_lost': 0.0}, 'source': 'nflverse weekly player and team statistics'}]","{'season': 2026, 'games': None, 'fantasy_points': 284.33, 'stats': {'passing_completions': 347.44, 'passing_attempts': 550.59, 'passing_yards': 3877.67, 'passing_tds': 23.5, 'passing_interceptions': 11.35, 'rushing_attempts': 54.36, 'rushing_yards': 238.77, 'rushing_tds': 1.02, 'fumbles_lost': 3.0}, 'source': 'FantasyPros consensus projection'}",6,3,287.95,278.61,5,23,1.6,1.0,99
nfl:gsis:00-0033908,Cooper Kupp,WR,SEA,1993-06-15,10,0.2256,1.0,1.0,8.1,77.754,69,106.489,0.0,0.0,-1.0,0.0,0.0,0.0,0,200.0,128.0,,False,low_draft_probability,False,"{'season': 2025, 'games': 16, 'fantasy_points': 70.3, 'points_per_game': 4.39, 'stats': {'rushing_attempts': 0.0, 'rushing_yards': 0.0, 'rushing_tds': 0.0, 'targets': 70.0, 'receptions': 47.0, 'receiving_yards': 593.0, 'receiving_tds': 2.0, 'fumbles_lost': 1.0}, 'source': 'nflverse weekly player and team statistics'}","[{'season': 2024, 'games': 12, 'fantasy_points': 108.0, 'points_per_game': 9.0, 'stats': {'rushing_attempts': 2.0, 'rushing_yards': 10.0, 'rushing_tds': 0.0, 'targets': 100.0, 'receptions': 67.0, 'receiving_yards': 710.0, 'receiving_tds': 6.0, 'fumbles_lost': 0.0}, 'source': 'nflverse weekly player and team statistics'}, {'season': 2025, 'games': 16, 'fantasy_points': 70.3, 'points_per_game': 4.39, 'stats': {'rushing_attempts': 0.0, 'rushing_yards': 0.0, 'rushing_tds': 0.0, 'targets': 70.0, 'receptions': 47.0, 'receiving_yards': 593.0, 'receiving_tds': 2.0, 'fumbles_lost': 1.0}, 'source': 'nflverse weekly player and team statistics'}]","{'season': 2026, 'games': None, 'fantasy_points': 77.75, 'stats': {'rushing_attempts': 0.5, 'rushing_yards': 1.5, 'rushing_tds': 0.0, 'receptions': 47.43, 'receiving_yards': 584.84, 'receiving_tds': 3.41, 'fumbles_lost': 1.0}, 'source': 'FantasyPros consensus projection'}",9,10,87.9,74.28,12,64,4.7,1.0,100
nfl:gsis:00-0023459,Aaron Rodgers,QB,PIT,1983-12-02,22,0.2069,1.0,1.0,5.8,245.235,29,324.973,0.0,0.0,-1.0,0.0,0.0,0.0,0,204.0,122.0,,False,low_draft_probability,False,"{'season': 2025, 'games': 16, 'fantasy_points': 257.08, 'points_per_game': 16.07, 'stats': {'passing_completions': 327.0, 'passing_attempts': 498.0, 'passing_yards': 3322.0, 'passing_tds': 24.0, 'passing_interceptions': 7.0, 'rushing_attempts': 21.0, 'rushing_yards': 61.0, 'rushing_tds': 1.0, 'fumbles_lost': 1.0}, 'source': 'nflverse weekly player and team statistics'}","[{'season': 2024, 'games': 17, 'fantasy_points': 295.58, 'points_per_game': 17.39, 'stats': {'passing_completions': 368.0, 'passing_attempts': 584.0, 'passing_yards': 3897.0, 'passing_tds': 28.0, 'passing_interceptions': 11.0, 'rushing_attempts': 22.0, 'rushing_yards': 107.0, 'rushing_tds': 0.0, 'fumbles_lost': 2.0}, 'source': 'nflverse weekly player and team statistics'}, {'season': 2025, 'games': 16, 'fantasy_points': 257.08, 'points_per_game': 16.07, 'stats': {'passing_completions': 327.0, 'passing_attempts': 498.0, 'passing_yards': 3322.0, 'passing_tds': 24.0, 'passing_interceptions': 7.0, 'rushing_attempts': 21.0, 'rushing_yards': 61.0, 'rushing_tds': 1.0, 'fumbles_lost': 1.0}, 'source': 'nflverse weekly player and team statistics'}]","{'season': 2026, 'games': None, 'fantasy_points': 245.24, 'stats': {'passing_completions': 339.26, 'passing_attempts': 527.36, 'passing_yards': 3485.43, 'passing_tds': 21.73, 'passing_interceptions': 9.37, 'rushing_attempts': 26.04, 'rushing_yards': 82.58, 'rushing_tds': 0.63, 'fumbles_lost': 2.35}, 'source': 'FantasyPros consensus projection'}",7,4,256.99,245.24,5,23,1.6,1.0,101
nfl:gsis:00-0040870,Ja'Kobi Lane,WR,BAL,2004-08-05,0,0.1923,1.0,1.0,8.1,87.901,62,106.489,0.0,0.0,-1.0,0.0,0.0,0.0,0,185.0,154.0,,True,low_draft_probability,False,,[],"{'season': 2026, 'games': None, 'fantasy_points': 87.9, 'stats': {'rushing_attempts': 1.5, 'rushing_yards': 8.5, 'rushing_tds': 0.0, 'receptions': 37.77, 'receiving_yards': 569.31, 'receiving_tds': 5.24, 'fumbles_lost': 0.5}, 'source': 'FantasyPros consensus projection'}",9,10,87.9,74.28,12,64,4.7,1.0,102
nfl:gsis:00-0040676,Cam Ward,QB,TEN,2002-05-25,2,0.1648,1.0,1.0,5.8,252.26,27,324.973,0.0,0.0,-1.0,0.0,0.0,0.0,0,201.0,140.0,,True,low_draft_probability,False,"{'season': 2025, 'games': 17, 'fantasy_points': 208.66, 'points_per_game': 12.27, 'stats': {'passing_completions': 323.0, 'passing_attempts': 540.0, 'passing_yards': 3169.0, 'passing_tds': 15.0, 'passing_interceptions': 7.0, 'rushing_attempts': 39.0, 'rushing_yards': 159.0, 'rushing_tds': 2.0, 'fumbles_lost': 7.0}, 'source': 'nflverse weekly player and team statistics'}","[{'season': 2025, 'games': 17, 'fantasy_points': 208.66, 'points_per_game': 12.27, 'stats': {'passing_completions': 323.0, 'passing_attempts': 540.0, 'passing_yards': 3169.0, 'passing_tds': 15.0, 'passing_interceptions': 7.0, 'rushing_attempts': 39.0, 'rushing_yards': 159.0, 'rushing_tds': 2.0, 'fumbles_lost': 7.0}, 'source': 'nflverse weekly player and team statistics'}]","{'season': 2026, 'games': None, 'fantasy_points': 252.26, 'stats': {'passing_completions': 345.02, 'passing_attempts': 563.56, 'passing_yards': 3587.56, 'passing_tds': 19.87, 'passing_interceptions': 10.42, 'rushing_attempts': 44.19, 'rushing_yards': 185.28, 'rushing_tds': 2.01, 'fumbles_lost': 5.6}, 'source': 'FantasyPros consensus projection'}",7,4,256.99,245.24,5,23,1.6,1.0,103
nfl:gsis:00-0038977,Tank Dell,WR,HOU,1999-10-29,4,0.1606,1.0,1.0,8.1,77.092,70,106.489,0.0,0.0,-1.0,0.0,0.0,0.0,0,155.0,,adp_yahoo,False,low_draft_probability,False,,"[{'season': 2024, 'games': 14, 'fantasy_points': 89.0, 'points_per_game': 6.36, 'stats': {'rushing_attempts': 9.0, 'rushing_yards': 43.0, 'rushing_tds': 0.0, 'targets': 81.0, 'receptions': 51.0, 'receiving_yards': 667.0, 'receiving_tds': 3.0, 'fumbles_lost': 0.0}, 'source': 'nflverse weekly player and team statistics'}]","{'season': 2026, 'games': None, 'fantasy_points': 77.09, 'stats': {'rushing_attempts': 10.21, 'rushing_yards': 48.84, 'rushing_tds': 0.1, 'receptions': 42.25, 'receiving_yards': 527.08, 'receiving_tds': 3.21, 'fumbles_lost': 0.0}, 'source': 'FantasyPros consensus projection'}",9,10,87.9,74.28,12,64,4.7,1.0,104
nfl:gsis:00-0036259,Jauan Jennings,WR,MIN,1997-07-10,6,0.1317,1.0,1.0,8.1,85.326,64,106.489,0.0,0.0,-1.0,0.0,0.0,0.0,0,,150.0,adp_espn,False,low_draft_probability,False,"{'season': 2025, 'games': 15, 'fantasy_points': 118.3, 'points_per_game': 7.89, 'stats': {'rushing_attempts': 0.0, 'rushing_yards': 0.0, 'rushing_tds': 0.0, 'targets': 90.0, 'receptions': 55.0, 'receiving_yards': 643.0, 'receiving_tds': 9.0, 'fumbles_lost': 1.0}, 'source': 'nflverse weekly player and team statistics'}","[{'season': 2024, 'games': 15, 'fantasy_points': 133.5, 'points_per_game': 8.9, 'stats': {'rushing_attempts': 0.0, 'rushing_yards': 0.0, 'rushing_tds': 0.0, 'targets': 113.0, 'receptions': 77.0, 'receiving_yards': 975.0, 'receiving_tds': 6.0, 'fumbles_lost': 0.0}, 'source': 'nflverse weekly player and team statistics'}, {'season': 2025, 'games': 15, 'fantasy_points': 118.3, 'points_per_game': 7.89, 'stats': {'rushing_attempts': 0.0, 'rushing_yards': 0.0, 'rushing_tds': 0.0, 'targets': 90.0, 'receptions': 55.0, 'receiving_yards': 643.0, 'receiving_tds': 9.0, 'fumbles_lost': 1.0}, 'source': 'nflverse weekly player and team statistics'}]","{'season': 2026, 'games': None, 'fantasy_points': 85.33, 'stats': {'rushing_attempts': 0.0, 'rushing_yards': 0.0, 'rushing_tds': 0.0, 'receptions': 48.74, 'receiving_yards': 557.66, 'receiving_tds': 5.17, 'fumbles_lost': 0.75}, 'source': 'FantasyPros consensus projection'}",9,10,87.9,74.28,12,64,4.7,1.0,105
nfl:gsis:00-0036407,Jerry Jeudy,WR,CLE,1999-04-24,7,0.1053,1.0,1.0,8.1,96.58,56,106.489,0.0,0.0,-1.0,0.0,0.0,0.0,0,174.0,,adp_yahoo,False,low_draft_probability,False,"{'season': 2025, 'games': 17, 'fantasy_points': 70.7, 'points_per_game': 4.16, 'stats': {'rushing_attempts': 1.0, 'rushing_yards': 5.0, 'rushing_tds': 0.0, 'targets': 106.0, 'receptions': 50.0, 'receiving_yards': 602.0, 'receiving_tds': 2.0, 'fumbles_lost': 1.0}, 'source': 'nflverse weekly player and team statistics'}","[{'season': 2024, 'games': 17, 'fantasy_points': 150.9, 'points_per_game': 8.88, 'stats': {'rushing_attempts': 0.0, 'rushing_yards': 0.0, 'rushing_tds': 0.0, 'targets': 145.0, 'receptions': 90.0, 'receiving_yards': 1229.0, 'receiving_tds': 4.0, 'fumbles_lost': 0.0}, 'source': 'nflverse weekly player and team statistics'}, {'season': 2025, 'games': 17, 'fantasy_points': 70.7, 'points_per_game': 4.16, 'stats': {'rushing_attempts': 1.0, 'rushing_yards': 5.0, 'rushing_tds': 0.0, 'targets': 106.0, 'receptions': 50.0, 'receiving_yards': 602.0, 'receiving_tds': 2.0, 'fumbles_lost': 1.0}, 'source': 'nflverse weekly player and team statistics'}]","{'season': 2026, 'games': None, 'fantasy_points': 96.58, 'stats': {'rushing_attempts': 0.5, 'rushing_yards': 2.0, 'rushing_tds': 0.0, 'receptions': 58.97, 'receiving_yards': 775.8, 'receiving_tds': 3.38, 'fumbles_lost': 0.6}, 'source': 'FantasyPros consensus projection'}",8,17,106.9,91.85,12,64,4.7,1.0,106
nfl:gsis:00-0034837,Calvin Ridley,WR,TEN,1994-12-20,8,0.0685,1.0,1.0,8.1,101.476,51,106.489,0.0,0.0,-1.0,0.0,0.0,0.0,0,188.0,,adp_yahoo,False,low_draft_probability;replacement_boundary,False,"{'season': 2025, 'games': 7, 'fantasy_points': 30.3, 'points_per_game': 4.33, 'stats': {'rushing_attempts': 0.0, 'rushing_yards': 0.0, 'rushing_tds': 0.0, 'targets': 36.0, 'receptions': 17.0, 'receiving_yards': 303.0, 'receiving_tds': 0.0, 'fumbles_lost': 0.0}, 'source': 'nflverse weekly player and team statistics'}","[{'season': 2024, 'games': 17, 'fantasy_points': 135.2, 'points_per_game': 7.95, 'stats': {'rushing_attempts': 8.0, 'rushing_yards': 55.0, 'rushing_tds': 1.0, 'targets': 120.0, 'receptions': 64.0, 'receiving_yards': 1017.0, 'receiving_tds': 4.0, 'fumbles_lost': 1.0}, 'source': 'nflverse weekly player and team statistics'}, {'season': 2025, 'games': 7, 'fantasy_points': 30.3, 'points_per_game': 4.33, 'stats': {'rushing_attempts': 0.0, 'rushing_yards': 0.0, 'rushing_tds': 0.0, 'targets': 36.0, 'receptions': 17.0, 'receiving_yards': 303.0, 'receiving_tds': 0.0, 'fumbles_lost': 0.0}, 'source': 'nflverse weekly player and team statistics'}]","{'season': 2026, 'games': None, 'fantasy_points': 101.48, 'stats': {'rushing_attempts': 4.55, 'rushing_yards': 27.55, 'rushing_tds': 0.63, 'receptions': 46.68, 'receiving_yards': 762.41, 'receiving_tds': 3.19, 'fumbles_lost': 0.0}, 'source': 'FantasyPros consensus projection'}",8,17,106.9,91.85,12,64,4.7,1.0,107
nfl:gsis:00-0033537,Deshaun Watson,QB,CLE,1995-09-14,10,0.044,1.0,1.0,5.8,145.988,31,324.973,0.0,0.0,-1.0,0.0,0.0,0.0,0,,,adp_espn;adp_yahoo,False,missing_market_inputs;low_draft_probability,False,,"[{'season': 2024, 'games': 7, 'fantasy_points': 84.72, 'points_per_game': 12.1, 'stats': {'passing_completions': 137.0, 'passing_attempts': 216.0, 'passing_yards': 1148.0, 'passing_tds': 5.0, 'passing_interceptions': 3.0, 'rushing_attempts': 31.0, 'rushing_yards': 148.0, 'rushing_tds': 1.0, 'fumbles_lost': 3.0}, 'source': 'nflverse weekly player and team statistics'}]","{'season': 2026, 'games': None, 'fantasy_points': 145.99, 'stats': {'passing_completions': 187.2, 'passing_attempts': 304.22, 'passing_yards': 1993.74, 'passing_tds': 10.8, 'passing_interceptions': 7.46, 'rushing_attempts': 44.3, 'rushing_yards': 191.78, 'rushing_tds': 1.2, 'fumbles_lost': 4.6}, 'source': 'FantasyPros consensus projection'}",9,1,145.99,145.99,5,23,1.6,1.0,108
nfl:gsis:00-0040668,Shedeur Sanders,QB,CLE,2002-02-07,2,0.031,1.0,1.0,5.8,114.385,34,324.973,0.0,0.0,-1.0,0.0,0.0,0.0,0,218.0,,adp_yahoo,True,low_draft_probability,False,"{'season': 2025, 'games': 8, 'fantasy_points': 101.9, 'points_per_game': 12.74, 'stats': {'passing_completions': 120.0, 'passing_attempts': 212.0, 'passing_yards': 1400.0, 'passing_tds': 7.0, 'passing_interceptions': 10.0, 'rushing_attempts': 21.0, 'rushing_yards': 169.0, 'rushing_tds': 1.0, 'fumbles_lost': 1.0}, 'source': 'nflverse weekly player and team statistics'}","[{'season': 2025, 'games': 8, 'fantasy_points': 101.9, 'points_per_game': 12.74, 'stats': {'passing_completions': 120.0, 'passing_attempts': 212.0, 'passing_yards': 1400.0, 'passing_tds': 7.0, 'passing_interceptions': 10.0, 'rushing_attempts': 21.0, 'rushing_yards': 169.0, 'rushing_tds': 1.0, 'fumbles_lost': 1.0}, 'source': 'nflverse weekly player and team statistics'}]","{'season': 2026, 'games': None, 'fantasy_points': 114.39, 'stats': {'passing_completions': 147.11, 'passing_attempts': 241.99, 'passing_yards': 1632.75, 'passing_tds': 8.1, 'passing_interceptions': 6.49, 'rushing_attempts': 24.82, 'rushing_yards': 143.05, 'rushing_tds': 0.64, 'fumbles_lost': 0.7}, 'source': 'FantasyPros consensus projection'}",11,1,114.39,114.39,5,23,1.6,1.0,109
nfl:gsis:00-0036212,Tua Tagovailoa,QB,ATL,1998-03-02,7,0.0246,1.0,1.0,5.8,132.054,32,324.973,0.0,0.0,-1.0,0.0,0.0,0.0,0,,,adp_espn;adp_yahoo,False,missing_market_inputs;low_draft_probability,False,"{'season': 2025, 'games': 14, 'fantasy_points': 195.7, 'points_per_game': 13.98, 'stats': {'passing_completions': 260.0, 'passing_attempts': 384.0, 'passing_yards': 2660.0, 'passing_tds': 20.0, 'passing_interceptions': 15.0, 'rushing_attempts': 20.0, 'rushing_yards': 43.0, 'rushing_tds': 0.0, 'fumbles_lost': 1.0}, 'source': 'nflverse weekly player and team statistics'}","[{'season': 2024, 'games': 11, 'fantasy_points': 207.58, 'points_per_game': 18.87, 'stats': {'passing_completions': 291.0, 'passing_attempts': 399.0, 'passing_yards': 2867.0, 'passing_tds': 19.0, 'passing_interceptions': 7.0, 'rushing_attempts': 17.0, 'rushing_yards': 49.0, 'rushing_tds': 0.0, 'fumbles_lost': 2.0}, 'source': 'nflverse weekly player and team statistics'}, {'season': 2025, 'games': 14, 'fantasy_points': 195.7, 'points_per_game': 13.98, 'stats': {'passing_completions': 260.0, 'passing_attempts': 384.0, 'passing_yards': 2660.0, 'passing_tds': 20.0, 'passing_interceptions': 15.0, 'rushing_attempts': 20.0, 'rushing_yards': 43.0, 'rushing_tds': 0.0, 'fumbles_lost': 1.0}, 'source': 'nflverse weekly player and team statistics'}]","{'season': 2026, 'games': None, 'fantasy_points': 132.05, 'stats': {'passing_completions': 191.71, 'passing_attempts': 293.58, 'passing_yards': 2050.25, 'passing_tds': 11.14, 'passing_interceptions': 6.32, 'rushing_attempts': 14.96, 'rushing_yards': 36.64, 'rushing_tds': 0.09, 'fumbles_lost': 1.55}, 'source': 'FantasyPros consensus projection'}",10,2,132.05,129.79,5,23,1.6,1.0,110
nfl:gsis:00-0039917,Michael Penix Jr.,QB,ATL,2000-05-08,3,0.0219,1.0,1.0,5.8,129.793,33,324.973,0.0,0.0,-1.0,0.0,0.0,0.0,0,,,adp_espn;adp_yahoo,True,missing_market_inputs;low_draft_probability,False,"{'season': 2025, 'games': 9, 'fantasy_points': 132.28, 'points_per_game': 14.7, 'stats': {'passing_completions': 166.0, 'passing_attempts': 276.0, 'passing_yards': 1982.0, 'passing_tds': 9.0, 'passing_interceptions': 3.0, 'rushing_attempts': 21.0, 'rushing_yards': 70.0, 'rushing_tds': 1.0, 'fumbles_lost': 2.0}, 'source': 'nflverse weekly player and team statistics'}","[{'season': 2024, 'games': 5, 'fantasy_points': 50.1, 'points_per_game': 10.02, 'stats': {'passing_completions': 61.0, 'passing_attempts': 105.0, 'passing_yards': 775.0, 'passing_tds': 3.0, 'passing_interceptions': 3.0, 'rushing_attempts': 7.0, 'rushing_yards': 11.0, 'rushing_tds': 1.0, 'fumbles_lost': 0.0}, 'source': 'nflverse weekly player and team statistics'}, {'season': 2025, 'games': 9, 'fantasy_points': 132.28, 'points_per_game': 14.7, 'stats': {'passing_completions': 166.0, 'passing_attempts': 276.0, 'passing_yards': 1982.0, 'passing_tds': 9.0, 'passing_interceptions': 3.0, 'rushing_attempts': 21.0, 'rushing_yards': 70.0, 'rushing_tds': 1.0, 'fumbles_lost': 2.0}, 'source': 'nflverse weekly player and team statistics'}]","{'season': 2026, 'games': None, 'fantasy_points': 129.79, 'stats': {'passing_completions': 165.44, 'passing_attempts': 266.4, 'passing_yards': 1864.78, 'passing_tds': 10.82, 'passing_interceptions': 5.03, 'rushing_attempts': 18.78, 'rushing_yards': 62.92, 'rushing_tds': 0.63, 'fumbles_lost': 0.35}, 'source': 'FantasyPros consensus projection'}",10,2,132.05,129.79,5,23,1.6,1.0,111
nfl:gsis:00-0037741,Jahan Dotson,WR,ATL,2000-03-22,5,0.0086,1.0,1.0,8.1,57.329,89,106.489,0.0,0.0,-1.0,0.0,0.0,0.0,0,,,adp_espn;adp_yahoo,False,missing_market_inputs;low_draft_probability,False,"{'season': 2025, 'games': 15, 'fantasy_points': 32.2, 'points_per_game': 2.15, 'stats': {'rushing_attempts': 0.0, 'rushing_yards': 0.0, 'rushing_tds': 0.0, 'targets': 36.0, 'receptions': 18.0, 'receiving_yards': 262.0, 'receiving_tds': 1.0, 'fumbles_lost': 0.0}, 'source': 'nflverse weekly player and team statistics'}","[{'season': 2024, 'games': 14, 'fantasy_points': 22.9, 'points_per_game': 1.64, 'stats': {'rushing_attempts': 1.0, 'rushing_yards': 13.0, 'rushing_tds': 0.0, 'targets': 33.0, 'receptions': 19.0, 'receiving_yards': 216.0, 'receiving_tds': 0.0, 'fumbles_lost': 0.0}, 'source': 'nflverse weekly player and team statistics'}, {'season': 2025, 'games': 15, 'fantasy_points': 32.2, 'points_per_game': 2.15, 'stats': {'rushing_attempts': 0.0, 'rushing_yards': 0.0, 'rushing_tds': 0.0, 'targets': 36.0, 'receptions': 18.0, 'receiving_yards': 262.0, 'receiving_tds': 1.0, 'fumbles_lost': 0.0}, 'source': 'nflverse weekly player and team statistics'}]","{'season': 2026, 'games': None, 'fantasy_points': 57.33, 'stats': {'rushing_attempts': 0.0, 'rushing_yards': 0.0, 'rushing_tds': 0.0, 'receptions': 35.15, 'receiving_yards': 443.29, 'receiving_tds': 2.25, 'fumbles_lost': 0.0}, 'source': 'FantasyPros consensus projection'}",10,17,70.2,55.23,12,64,4.7,1.0,112
nfl:gsis:00-0039890,Adonai Mitchell,WR,NYJ,2002-10-08,3,0.005,1.0,1.0,8.1,74.282,71,106.489,0.0,0.0,-1.0,0.0,0.0,0.0,0,,,adp_espn;adp_yahoo,False,missing_market_inputs;low_draft_probability,False,"{'season': 2025, 'games': 16, 'fantasy_points': 54.9, 'points_per_game': 3.43, 'stats': {'rushing_attempts': 1.0, 'rushing_yards': -4.0, 'rushing_tds': 0.0, 'targets': 74.0, 'receptions': 33.0, 'receiving_yards': 453.0, 'receiving_tds': 2.0, 'fumbles_lost': 1.0}, 'source': 'nflverse weekly player and team statistics'}","[{'season': 2024, 'games': 17, 'fantasy_points': 30.76, 'points_per_game': 1.81, 'stats': {'rushing_attempts': 4.0, 'rushing_yards': 6.0, 'rushing_tds': 0.0, 'targets': 55.0, 'receptions': 23.0, 'receiving_yards': 312.0, 'receiving_tds': 0.0, 'fumbles_lost': 1.0}, 'source': 'nflverse weekly player and team statistics'}, {'season': 2025, 'games': 16, 'fantasy_points': 54.9, 'points_per_game': 3.43, 'stats': {'rushing_attempts': 1.0, 'rushing_yards': -4.0, 'rushing_tds': 0.0, 'targets': 74.0, 'receptions': 33.0, 'receiving_yards': 453.0, 'receiving_tds': 2.0, 'fumbles_lost': 1.0}, 'source': 'nflverse weekly player and team statistics'}]","{'season': 2026, 'games': None, 'fantasy_points': 74.28, 'stats': {'rushing_attempts': 2.09, 'rushing_yards': 5.09, 'rushing_tds': 0.06, 'receptions': 39.94, 'receiving_yards': 550.53, 'receiving_tds': 3.31, 'fumbles_lost': 0.65}, 'source': 'FantasyPros consensus projection'}",9,10,87.9,74.28,12,64,4.7,1.0,113
nfl:gsis:00-0035535,Darius Slayton,WR,NYG,1997-01-12,8,0.005,1.0,1.0,8.1,64.402,84,106.489,0.0,0.0,-1.0,0.0,0.0,0.0,0,,,adp_espn;adp_yahoo,False,missing_market_inputs;low_draft_probability,False,"{'season': 2025, 'games': 14, 'fantasy_points': 61.8, 'points_per_game': 4.41, 'stats': {'rushing_attempts': 0.0, 'rushing_yards': 0.0, 'rushing_tds': 0.0, 'targets': 63.0, 'receptions': 37.0, 'receiving_yards': 538.0, 'receiving_tds': 1.0, 'fumbles_lost': 1.0}, 'source': 'nflverse weekly player and team statistics'}","[{'season': 2024, 'games': 16, 'fantasy_points': 71.0, 'points_per_game': 4.44, 'stats': {'rushing_attempts': 2.0, 'rushing_yards': 17.0, 'rushing_tds': 0.0, 'targets': 71.0, 'receptions': 39.0, 'receiving_yards': 573.0, 'receiving_tds': 2.0, 'fumbles_lost': 0.0}, 'source': 'nflverse weekly player and team statistics'}, {'season': 2025, 'games': 14, 'fantasy_points': 61.8, 'points_per_game': 4.41, 'stats': {'rushing_attempts': 0.0, 'rushing_yards': 0.0, 'rushing_tds': 0.0, 'targets': 63.0, 'receptions': 37.0, 'receiving_yards': 538.0, 'receiving_tds': 1.0, 'fumbles_lost': 1.0}, 'source': 'nflverse weekly player and team statistics'}]","{'season': 2026, 'games': None, 'fantasy_points': 64.4, 'stats': {'rushing_attempts': 1.61, 'rushing_yards': 8.62, 'rushing_tds': 0.04, 'receptions': 35.75, 'receiving_yards': 526.2, 'receiving_tds': 2.01, 'fumbles_lost': 0.8}, 'source': 'FantasyPros consensus projection'}",10,17,70.2,55.23,12,64,4.7,1.0,114
nfl:gsis:00-0039923,J.J. McCarthy,QB,MIN,2003-01-20,3,0.005,1.0,1.0,5.8,24.259,38,324.973,0.0,0.0,-1.0,0.0,0.0,0.0,0,227.0,,adp_yahoo,True,low_draft_probability,False,"{'season': 2025, 'games': 10, 'fantasy_points': 148.38, 'points_per_game': 14.84, 'stats': {'passing_completions': 140.0, 'passing_attempts': 243.0, 'passing_yards': 1632.0, 'passing_tds': 11.0, 'passing_interceptions': 12.0, 'rushing_attempts': 37.0, 'rushing_yards': 181.0, 'rushing_tds': 4.0, 'fumbles_lost': 2.0}, 'source': 'nflverse weekly player and team statistics'}","[{'season': 2025, 'games': 10, 'fantasy_points': 148.38, 'points_per_game': 14.84, 'stats': {'passing_completions': 140.0, 'passing_attempts': 243.0, 'passing_yards': 1632.0, 'passing_tds': 11.0, 'passing_interceptions': 12.0, 'rushing_attempts': 37.0, 'rushing_yards': 181.0, 'rushing_tds': 4.0, 'fumbles_lost': 2.0}, 'source': 'nflverse weekly player and team statistics'}]","{'season': 2026, 'games': None, 'fantasy_points': 24.26, 'stats': {'passing_completions': 30.17, 'passing_attempts': 48.58, 'passing_yards': 340.59, 'passing_tds': 1.78, 'passing_interceptions': 1.42, 'rushing_attempts': 5.95, 'rushing_yards': 26.95, 'rushing_tds': 0.21, 'fumbles_lost': 0.45}, 'source': 'FantasyPros consensus projection'}",13,2,25.42,24.26,5,23,1.6,1.0,115
nfl:gsis:00-0026158,Joe Flacco,QB,CIN,1985-01-16,19,0.005,1.0,1.0,5.8,11.486,55,324.973,0.0,0.0,-1.0,0.0,0.0,0.0,0,263.0,,adp_yahoo,True,low_draft_probability,False,"{'season': 2025, 'games': 13, 'fantasy_points': 171.66, 'points_per_game': 13.2, 'stats': {'passing_completions': 251.0, 'passing_attempts': 416.0, 'passing_yards': 2479.0, 'passing_tds': 15.0, 'passing_interceptions': 10.0, 'rushing_attempts': 21.0, 'rushing_yards': 35.0, 'rushing_tds': 1.0, 'fumbles_lost': 3.0}, 'source': 'nflverse weekly player and team statistics'}","[{'season': 2024, 'games': 7, 'fantasy_points': 118.04, 'points_per_game': 16.86, 'stats': {'passing_completions': 162.0, 'passing_attempts': 248.0, 'passing_yards': 1761.0, 'passing_tds': 12.0, 'passing_interceptions': 7.0, 'rushing_attempts': 9.0, 'rushing_yards': 26.0, 'rushing_tds': 0.0, 'fumbles_lost': 4.0}, 'source': 'nflverse weekly player and team statistics'}, {'season': 2025, 'games': 13, 'fantasy_points': 171.66, 'points_per_game': 13.2, 'stats': {'passing_completions': 251.0, 'passing_attempts': 416.0, 'passing_yards': 2479.0, 'passing_tds': 15.0, 'passing_interceptions': 10.0, 'rushing_attempts': 21.0, 'rushing_yards': 35.0, 'rushing_tds': 1.0, 'fumbles_lost': 3.0}, 'source': 'nflverse weekly player and team statistics'}]","{'season': 2026, 'games': None, 'fantasy_points': 11.49, 'stats': {'passing_completions': 16.15, 'passing_attempts': 24.87, 'passing_yards': 169.42, 'passing_tds': 1.16, 'passing_interceptions': 0.85, 'rushing_attempts': 2.2, 'rushing_yards': 8.59, 'rushing_tds': 0.01, 'fumbles_lost': 0.65}, 'source': 'FantasyPros consensus projection'}",14,3,13.02,11.49,5,23,1.6,1.0,116
nfl:gsis:00-0036945,Justin Fields,QB,KC,1999-03-05,6,0.005,1.0,1.0,5.8,13.021,43,324.973,0.0,0.0,-1.0,0.0,0.0,0.0,0,296.0,,adp_yahoo,False,low_draft_probability,False,"{'season': 2025, 'games': 9, 'fantasy_points': 150.66, 'points_per_game': 16.74, 'stats': {'passing_completions': 128.0, 'passing_attempts': 204.0, 'passing_yards': 1259.0, 'passing_tds': 7.0, 'passing_interceptions': 1.0, 'rushing_attempts': 71.0, 'rushing_yards': 383.0, 'rushing_tds': 4.0, 'fumbles_lost': 3.0}, 'source': 'nflverse weekly player and team statistics'}","[{'season': 2024, 'games': 10, 'fantasy_points': 125.14, 'points_per_game': 12.51, 'stats': {'passing_completions': 106.0, 'passing_attempts': 161.0, 'passing_yards': 1106.0, 'passing_tds': 5.0, 'passing_interceptions': 1.0, 'rushing_attempts': 62.0, 'rushing_yards': 289.0, 'rushing_tds': 5.0, 'fumbles_lost': 1.0}, 'source': 'nflverse weekly player and team statistics'}, {'season': 2025, 'games': 9, 'fantasy_points': 150.66, 'points_per_game': 16.74, 'stats': {'passing_completions': 128.0, 'passing_attempts': 204.0, 'passing_yards': 1259.0, 'passing_tds': 7.0, 'passing_interceptions': 1.0, 'rushing_attempts': 71.0, 'rushing_yards': 383.0, 'rushing_tds': 4.0, 'fumbles_lost': 3.0}, 'source': 'nflverse weekly player and team statistics'}]","{'season': 2026, 'games': None, 'fantasy_points': 13.02, 'stats': {'passing_completions': 16.28, 'passing_attempts': 26.19, 'passing_yards': 175.17, 'passing_tds': 0.98, 'passing_interceptions': 0.81, 'rushing_attempts': 3.59, 'rushing_yards': 18.44, 'rushing_tds': 0.05, 'fumbles_lost': 0.35}, 'source': 'FantasyPros consensus projection'}",14,3,13.02,11.49,5,23,1.6,1.0,117
nfl:gsis:00-0029604,Kirk Cousins,QB,LV,1988-08-19,15,0.005,1.0,1.0,5.8,52.051,35,324.973,0.0,0.0,-1.0,0.0,0.0,0.0,0,328.0,,adp_yahoo,False,low_draft_probability,False,"{'season': 2025, 'games': 10, 'fantasy_points': 118.54, 'points_per_game': 11.85, 'stats': {'passing_completions': 166.0, 'passing_attempts': 269.0, 'passing_yards': 1721.0, 'passing_tds': 10.0, 'passing_interceptions': 5.0, 'rushing_attempts': 14.0, 'rushing_yards': 7.0, 'rushing_tds': 1.0, 'fumbles_lost': 1.0}, 'source': 'nflverse weekly player and team statistics'}","[{'season': 2024, 'games': 14, 'fantasy_points': 210.32, 'points_per_game': 15.02, 'stats': {'passing_completions': 303.0, 'passing_attempts': 453.0, 'passing_yards': 3508.0, 'passing_tds': 18.0, 'passing_interceptions': 16.0, 'rushing_attempts': 23.0, 'rushing_yards': 0.0, 'rushing_tds': 0.0, 'fumbles_lost': 2.0}, 'source': 'nflverse weekly player and team statistics'}, {'season': 2025, 'games': 10, 'fantasy_points': 118.54, 'points_per_game': 11.85, 'stats': {'passing_completions': 166.0, 'passing_attempts': 269.0, 'passing_yards': 1721.0, 'passing_tds': 10.0, 'passing_interceptions': 5.0, 'rushing_attempts': 14.0, 'rushing_yards': 7.0, 'rushing_tds': 1.0, 'fumbles_lost': 1.0}, 'source': 'nflverse weekly player and team statistics'}]","{'season': 2026, 'games': None, 'fantasy_points': 52.05, 'stats': {'passing_completions': 74.21, 'passing_attempts': 113.91, 'passing_yards': 780.8, 'passing_tds': 5.03, 'passing_interceptions': 3.89, 'rushing_attempts': 5.23, 'rushing_yards': 8.99, 'rushing_tds': 0.09, 'fumbles_lost': 0.9}, 'source': 'FantasyPros consensus projection'}",12,1,52.05,52.05,5,23,1.6,1.0,118
nfl:gsis:00-0036972,Mac Jones,QB,SF,1998-09-05,6,0.005,1.0,1.0,5.8,11.49,54,324.973,0.0,0.0,-1.0,0.0,0.0,0.0,0,297.0,,adp_yahoo,True,low_draft_probability,False,"{'season': 2025, 'games': 11, 'fantasy_points': 149.04, 'points_per_game': 13.55, 'stats': {'passing_completions': 201.0, 'passing_attempts': 289.0, 'passing_yards': 2151.0, 'passing_tds': 13.0, 'passing_interceptions': 6.0, 'rushing_attempts': 36.0, 'rushing_yards': 60.0, 'rushing_tds': 0.0, 'fumbles_lost': 2.0}, 'source': 'nflverse weekly player and team statistics'}","[{'season': 2024, 'games': 10, 'fantasy_points': 112.08, 'points_per_game': 11.21, 'stats': {'passing_completions': 171.0, 'passing_attempts': 262.0, 'passing_yards': 1672.0, 'passing_tds': 8.0, 'passing_interceptions': 8.0, 'rushing_attempts': 28.0, 'rushing_yards': 92.0, 'rushing_tds': 1.0, 'fumbles_lost': 2.0}, 'source': 'nflverse weekly player and team statistics'}, {'season': 2025, 'games': 11, 'fantasy_points': 149.04, 'points_per_game': 13.55, 'stats': {'passing_completions': 201.0, 'passing_attempts': 289.0, 'passing_yards': 2151.0, 'passing_tds': 13.0, 'passing_interceptions': 6.0, 'rushing_attempts': 36.0, 'rushing_yards': 60.0, 'rushing_tds': 0.0, 'fumbles_lost': 2.0}, 'source': 'nflverse weekly player and team statistics'}]","{'season': 2026, 'games': None, 'fantasy_points': 11.49, 'stats': {'passing_completions': 14.92, 'passing_attempts': 22.45, 'passing_yards': 160.23, 'passing_tds': 0.98, 'passing_interceptions': 0.52, 'rushing_attempts': 2.65, 'rushing_yards': 8.41, 'rushing_tds': 0.0, 'fumbles_lost': 0.55}, 'source': 'FantasyPros consensus projection'}",14,3,13.02,11.49,5,23,1.6,1.0,119
nfl:gsis:00-0039498,Harrison Mevis,K,LAR,2002-03-27,2,0.4577,3.3,1.0,5.8,136.89,5,132.62,4.27,2.29,-1.01,2.23,2.36,0.13,1,128.0,204.0,,True,low_confidence_special_teams_projection,True,"{'season': 2025, 'games': 9, 'fantasy_points': 75.5, 'points_per_game': 8.39, 'stats': {'field_goals_made': 12.0, 'field_goals_attempted': 13.0, 'extra_points_made': 39.0}, 'source': 'nflverse weekly player and team statistics'}","[{'season': 2025, 'games': 9, 'fantasy_points': 75.5, 'points_per_game': 8.39, 'stats': {'field_goals_made': 12.0, 'field_goals_attempted': 13.0, 'extra_points_made': 39.0}, 'source': 'nflverse weekly player and team statistics'}]","{'season': 2026, 'games': None, 'fantasy_points': 136.89, 'stats': {'field_goals_made': 27.32, 'field_goals_attempted': 30.15, 'extra_points_made': 54.93}, 'source': 'FantasyPros consensus projection'}",2,13,144.06,128.51,1,21,5.5,1.0,120
nfl:gsis:00-0039855,Jalen McMillan,WR,TB,2001-12-07,3,0.1239,1.1,1.0,8.3,87.23,63,106.489,0.0,0.0,-1.1,0.0,0.0,0.0,1,186.0,176.0,,True,low_draft_probability,False,"{'season': 2025, 'games': 4, 'fantasy_points': 17.9, 'points_per_game': 4.47, 'stats': {'rushing_attempts': 1.0, 'rushing_yards': 1.0, 'rushing_tds': 0.0, 'targets': 15.0, 'receptions': 12.0, 'receiving_yards': 178.0, 'receiving_tds': 0.0, 'fumbles_lost': 0.0}, 'source': 'nflverse weekly player and team statistics'}","[{'season': 2024, 'games': 13, 'fantasy_points': 98.4, 'points_per_game': 7.57, 'stats': {'rushing_attempts': 4.0, 'rushing_yards': 43.0, 'rushing_tds': 0.0, 'targets': 58.0, 'receptions': 37.0, 'receiving_yards': 461.0, 'receiving_tds': 8.0, 'fumbles_lost': 0.0}, 'source': 'nflverse weekly player and team statistics'}, {'season': 2025, 'games': 4, 'fantasy_points': 17.9, 'points_per_game': 4.47, 'stats': {'rushing_attempts': 1.0, 'rushing_yards': 1.0, 'rushing_tds': 0.0, 'targets': 15.0, 'receptions': 12.0, 'receiving_yards': 178.0, 'receiving_tds': 0.0, 'fumbles_lost': 0.0}, 'source': 'nflverse weekly player and team statistics'}]","{'season': 2026, 'games': None, 'fantasy_points': 87.23, 'stats': {'rushing_attempts': 4.68, 'rushing_yards': 26.79, 'rushing_tds': 0.11, 'receptions': 46.64, 'receiving_yards': 607.31, 'receiving_tds': 3.93, 'fumbles_lost': 0.15}, 'source': 'FantasyPros consensus projection'}",9,10,87.9,74.28,12,64,4.7,1.0,121
nfl:gsis:00-0039172,Jake Bates,K,DET,1999-03-03,3,0.3174,3.1,1.0,5.6,135.87,6,132.62,3.25,1.98,-1.12,1.94,2.04,0.1,1,157.0,218.0,,False,low_confidence_special_teams_projection;low_draft_probability,True,"{'season': 2025, 'games': 17, 'fantasy_points': 138.0, 'points_per_game': 8.12, 'stats': {'field_goals_made': 27.0, 'field_goals_attempted': 34.0, 'extra_points_made': 54.0}, 'source': 'nflverse weekly player and team statistics'}","[{'season': 2024, 'games': 17, 'fantasy_points': 146.5, 'points_per_game': 8.62, 'stats': {'field_goals_made': 26.0, 'field_goals_attempted': 29.0, 'extra_points_made': 64.0}, 'source': 'nflverse weekly player and team statistics'}, {'season': 2025, 'games': 17, 'fantasy_points': 138.0, 'points_per_game': 8.12, 'stats': {'field_goals_made': 27.0, 'field_goals_attempted': 34.0, 'extra_points_made': 54.0}, 'source': 'nflverse weekly player and team statistics'}]","{'season': 2026, 'games': None, 'fantasy_points': 135.87, 'stats': {'field_goals_made': 28.28, 'field_goals_attempted': 33.81, 'extra_points_made': 51.03}, 'source': 'FantasyPros consensus projection'}",2,13,144.06,128.51,1,21,5.5,1.0,122
nfl:gsis:00-0037816,Romeo Doubs,WR,NE,2000-04-13,5,0.1407,2.2,1.0,9.4,106.583,47,106.489,0.09,1.03,-1.17,0.0,1.03,1.03,1,148.0,201.0,,True,low_draft_probability;replacement_boundary,True,"{'season': 2025, 'games': 16, 'fantasy_points': 110.4, 'points_per_game': 6.9, 'stats': {'rushing_attempts': 0.0, 'rushing_yards': 0.0, 'rushing_tds': 0.0, 'targets': 85.0, 'receptions': 55.0, 'receiving_yards': 724.0, 'receiving_tds': 6.0, 'fumbles_lost': 0.0}, 'source': 'nflverse weekly player and team statistics'}","[{'season': 2024, 'games': 13, 'fantasy_points': 86.1, 'points_per_game': 6.62, 'stats': {'rushing_attempts': 0.0, 'rushing_yards': 0.0, 'rushing_tds': 0.0, 'targets': 72.0, 'receptions': 46.0, 'receiving_yards': 601.0, 'receiving_tds': 4.0, 'fumbles_lost': 0.0}, 'source': 'nflverse weekly player and team statistics'}, {'season': 2025, 'games': 16, 'fantasy_points': 110.4, 'points_per_game': 6.9, 'stats': {'rushing_attempts': 0.0, 'rushing_yards': 0.0, 'rushing_tds': 0.0, 'targets': 85.0, 'receptions': 55.0, 'receiving_yards': 724.0, 'receiving_tds': 6.0, 'fumbles_lost': 0.0}, 'source': 'nflverse weekly player and team statistics'}]","{'season': 2026, 'games': None, 'fantasy_points': 106.58, 'stats': {'rushing_attempts': 0.0, 'rushing_yards': 0.0, 'rushing_tds': 0.0, 'receptions': 57.13, 'receiving_yards': 744.63, 'receiving_tds': 5.44, 'fumbles_lost': 0.0}, 'source': 'FantasyPros consensus projection'}",8,17,106.9,91.85,12,64,4.7,1.0,123
nfl:gsis:00-0040899,Trey Smack,K,GB,2003-07-12,0,0.995,1.2,1.0,3.7,126.36,17,132.62,0.0,0.0,-1.2,0.0,0.0,0.0,,182.0,186.0,espn_salary_cap_value,True,low_confidence_special_teams_projection,False,,[],"{'season': 2026, 'games': None, 'fantasy_points': 126.36, 'stats': {'field_goals_made': 28.93, 'field_goals_attempted': 34.13, 'extra_points_made': 39.57}, 'source': 'FantasyPros consensus projection'}",3,6,126.36,118.33,1,21,5.5,1.0,124
nfl:gsis:00-0038117,Wan'Dale Robinson,WR,TEN,2001-01-05,5,0.3535,1.2,1.0,8.4,99.11,53,106.489,0.0,0.0,-1.2,0.0,0.0,0.0,2,104.0,191.0,,True,low_draft_probability,False,"{'season': 2025, 'games': 16, 'fantasy_points': 125.9, 'points_per_game': 7.87, 'stats': {'rushing_attempts': 3.0, 'rushing_yards': 5.0, 'rushing_tds': 0.0, 'targets': 140.0, 'receptions': 92.0, 'receiving_yards': 1014.0, 'receiving_tds': 4.0, 'fumbles_lost': 0.0}, 'source': 'nflverse weekly player and team statistics'}","[{'season': 2024, 'games': 17, 'fantasy_points': 89.7, 'points_per_game': 5.28, 'stats': {'rushing_attempts': 3.0, 'rushing_yards': 18.0, 'rushing_tds': 0.0, 'targets': 140.0, 'receptions': 93.0, 'receiving_yards': 699.0, 'receiving_tds': 3.0, 'fumbles_lost': 0.0}, 'source': 'nflverse weekly player and team statistics'}, {'season': 2025, 'games': 16, 'fantasy_points': 125.9, 'points_per_game': 7.87, 'stats': {'rushing_attempts': 3.0, 'rushing_yards': 5.0, 'rushing_tds': 0.0, 'targets': 140.0, 'receptions': 92.0, 'receiving_yards': 1014.0, 'receiving_tds': 4.0, 'fumbles_lost': 0.0}, 'source': 'nflverse weekly player and team statistics'}]","{'season': 2026, 'games': None, 'fantasy_points': 99.11, 'stats': {'rushing_attempts': 2.02, 'rushing_yards': 9.5, 'rushing_tds': 0.05, 'receptions': 79.94, 'receiving_yards': 805.6, 'receiving_tds': 2.98, 'fumbles_lost': 0.0}, 'source': 'FantasyPros consensus projection'}",8,17,106.9,91.85,12,64,4.7,1.0,125
nfl:def:KC,Kansas City Chiefs,DEF,KC,,,0.2429,1.2,1.0,3.0,92.51,26,106.68,0.0,0.0,-1.2,0.0,0.0,0.0,0,168.0,208.0,,False,low_confidence_special_teams_projection;low_draft_probability,False,"{'season': 2025, 'games': 17, 'fantasy_points': 86.0, 'points_per_game': 5.06, 'stats': {'sacks': 33.0, 'interceptions': 10.0, 'fumble_recoveries': 4.0, 'defensive_tds': 0.0, 'safeties': 0.0, 'special_teams_tds': 0.0}, 'source': 'nflverse weekly player and team statistics'}","[{'season': 2024, 'games': 17, 'fantasy_points': 100.0, 'points_per_game': 5.88, 'stats': {'sacks': 39.0, 'interceptions': 13.0, 'fumble_recoveries': 7.0, 'defensive_tds': 0.0, 'safeties': 0.0, 'special_teams_tds': 0.0}, 'source': 'nflverse weekly player and team statistics'}, {'season': 2025, 'games': 17, 'fantasy_points': 86.0, 'points_per_game': 5.06, 'stats': {'sacks': 33.0, 'interceptions': 10.0, 'fumble_recoveries': 4.0, 'defensive_tds': 0.0, 'safeties': 0.0, 'special_teams_tds': 0.0}, 'source': 'nflverse weekly player and team statistics'}]","{'season': 2026, 'games': None, 'fantasy_points': 92.51, 'stats': {'sacks': 42.03, 'interceptions': 11.7, 'fumble_recoveries': 7.93, 'defensive_tds': 1.87, 'safeties': 0.0, 'special_teams_tds': 0.0}, 'source': 'FantasyPros consensus projection'}",2,13,107.4,92.51,1,22,3.7,1.0,126
nfl:gsis:00-0035710,Daniel Jones,QB,IND,1997-05-27,8,0.178,1.2,1.0,5.9,298.081,20,324.973,0.0,0.0,-1.2,0.0,0.0,0.0,1,159.0,159.0,,False,low_draft_probability,False,"{'season': 2025, 'games': 13, 'fantasy_points': 253.44, 'points_per_game': 19.5, 'stats': {'passing_completions': 261.0, 'passing_attempts': 384.0, 'passing_yards': 3101.0, 'passing_tds': 19.0, 'passing_interceptions': 8.0, 'rushing_attempts': 45.0, 'rushing_yards': 164.0, 'rushing_tds': 5.0, 'fumbles_lost': 3.0}, 'source': 'nflverse weekly player and team statistics'}","[{'season': 2024, 'games': 10, 'fantasy_points': 150.3, 'points_per_game': 15.03, 'stats': {'passing_completions': 216.0, 'passing_attempts': 341.0, 'passing_yards': 2070.0, 'passing_tds': 8.0, 'passing_interceptions': 7.0, 'rushing_attempts': 67.0, 'rushing_yards': 265.0, 'rushing_tds': 2.0, 'fumbles_lost': 2.0}, 'source': 'nflverse weekly player and team statistics'}, {'season': 2025, 'games': 13, 'fantasy_points': 253.44, 'points_per_game': 19.5, 'stats': {'passing_completions': 261.0, 'passing_attempts': 384.0, 'passing_yards': 3101.0, 'passing_tds': 19.0, 'passing_interceptions': 8.0, 'rushing_attempts': 45.0, 'rushing_yards': 164.0, 'rushing_tds': 5.0, 'fumbles_lost': 3.0}, 'source': 'nflverse weekly player and team statistics'}]","{'season': 2026, 'games': None, 'fantasy_points': 298.08, 'stats': {'passing_completions': 337.41, 'passing_attempts': 513.34, 'passing_yards': 3761.48, 'passing_tds': 23.53, 'passing_interceptions': 11.38, 'rushing_attempts': 65.99, 'rushing_yards': 250.72, 'rushing_tds': 3.97, 'fumbles_lost': 3.5}, 'source': 'FantasyPros consensus projection'}",5,6,307.7,293.97,5,23,1.6,1.0,127
nfl:gsis:00-0033906,Alvin Kamara,RB,NO,1995-07-25,10,0.3701,1.3,1.0,7.3,85.296,48,92.249,0.0,0.0,-1.3,0.0,1.0,1.0,0,161.0,148.0,,False,low_draft_probability;replacement_boundary,False,"{'season': 2025, 'games': 11, 'fantasy_points': 67.7, 'points_per_game': 6.15, 'stats': {'rushing_attempts': 131.0, 'rushing_yards': 471.0, 'rushing_tds': 1.0, 'targets': 39.0, 'receptions': 33.0, 'receiving_yards': 186.0, 'receiving_tds': 0.0, 'fumbles_lost': 2.0}, 'source': 'nflverse weekly player and team statistics'}","[{'season': 2024, 'games': 14, 'fantasy_points': 197.3, 'points_per_game': 14.09, 'stats': {'rushing_attempts': 228.0, 'rushing_yards': 950.0, 'rushing_tds': 6.0, 'targets': 89.0, 'receptions': 68.0, 'receiving_yards': 543.0, 'receiving_tds': 2.0, 'fumbles_lost': 0.0}, 'source': 'nflverse weekly player and team statistics'}, {'season': 2025, 'games': 11, 'fantasy_points': 67.7, 'points_per_game': 6.15, 'stats': {'rushing_attempts': 131.0, 'rushing_yards': 471.0, 'rushing_tds': 1.0, 'targets': 39.0, 'receptions': 33.0, 'receiving_yards': 186.0, 'receiving_tds': 0.0, 'fumbles_lost': 2.0}, 'source': 'nflverse weekly player and team statistics'}]","{'season': 2026, 'games': None, 'fantasy_points': 85.3, 'stats': {'rushing_attempts': 113.98, 'rushing_yards': 440.08, 'rushing_tds': 2.37, 'receptions': 32.63, 'receiving_yards': 228.28, 'receiving_tds': 0.97, 'fumbles_lost': 1.3}, 'source': 'FantasyPros consensus projection'}",14,12,92.25,78.1,15,4,1.3,1.0,128
nfl:def:CLE,Cleveland Browns,DEF,CLE,,,0.2687,1.3,1.0,3.1,100.91,17,106.68,0.0,0.0,-1.3,0.0,0.0,0.0,1,154.0,209.0,,False,low_confidence_special_teams_projection;low_draft_probability,False,"{'season': 2025, 'games': 17, 'fantasy_points': 127.0, 'points_per_game': 7.47, 'stats': {'sacks': 53.0, 'interceptions': 11.0, 'fumble_recoveries': 7.0, 'defensive_tds': 3.0, 'safeties': 0.0, 'special_teams_tds': 0.0}, 'source': 'nflverse weekly player and team statistics'}","[{'season': 2024, 'games': 17, 'fantasy_points': 67.0, 'points_per_game': 3.94, 'stats': {'sacks': 41.0, 'interceptions': 4.0, 'fumble_recoveries': 8.0, 'defensive_tds': 0.0, 'safeties': 1.0, 'special_teams_tds': 1.0}, 'source': 'nflverse weekly player and team statistics'}, {'season': 2025, 'games': 17, 'fantasy_points': 127.0, 'points_per_game': 7.47, 'stats': {'sacks': 53.0, 'interceptions': 11.0, 'fumble_recoveries': 7.0, 'defensive_tds': 3.0, 'safeties': 0.0, 'special_teams_tds': 0.0}, 'source': 'nflverse weekly player and team statistics'}]","{'season': 2026, 'games': None, 'fantasy_points': 100.91, 'stats': {'sacks': 46.35, 'interceptions': 12.12, 'fumble_recoveries': 8.53, 'defensive_tds': 2.21, 'safeties': 0.0, 'special_teams_tds': 0.0}, 'source': 'FantasyPros consensus projection'}",2,13,107.4,92.51,1,22,3.7,1.0,129
nfl:def:TB,Tampa Bay Buccaneers,DEF,TB,,,0.1789,1.3,1.0,3.1,97.28,22,106.68,0.0,0.0,-1.3,0.0,0.0,0.0,0,,,adp_espn;adp_yahoo,False,missing_market_inputs;low_confidence_special_teams_projection;low_draft_probability,False,"{'season': 2025, 'games': 17, 'fantasy_points': 98.0, 'points_per_game': 5.76, 'stats': {'sacks': 37.0, 'interceptions': 13.0, 'fumble_recoveries': 10.0, 'defensive_tds': 2.0, 'safeties': 1.0, 'special_teams_tds': 0.0}, 'source': 'nflverse weekly player and team statistics'}","[{'season': 2024, 'games': 17, 'fantasy_points': 96.0, 'points_per_game': 5.65, 'stats': {'sacks': 46.0, 'interceptions': 7.0, 'fumble_recoveries': 11.0, 'defensive_tds': 0.0, 'safeties': 1.0, 'special_teams_tds': 1.0}, 'source': 'nflverse weekly player and team statistics'}, {'season': 2025, 'games': 17, 'fantasy_points': 98.0, 'points_per_game': 5.76, 'stats': {'sacks': 37.0, 'interceptions': 13.0, 'fumble_recoveries': 10.0, 'defensive_tds': 2.0, 'safeties': 1.0, 'special_teams_tds': 0.0}, 'source': 'nflverse weekly player and team statistics'}]","{'season': 2026, 'games': None, 'fantasy_points': 97.28, 'stats': {'sacks': 41.12, 'interceptions': 11.69, 'fumble_recoveries': 10.04, 'defensive_tds': 1.95, 'safeties': 0.5, 'special_teams_tds': 0.0}, 'source': 'FantasyPros consensus projection'}",2,13,107.4,92.51,1,22,3.7,1.0,130
nfl:gsis:00-0040737,Terrance Ferguson,TE,LAR,2003-03-07,2,0.1618,1.3,1.0,6.0,83.801,19,107.21,0.0,0.0,-1.3,0.0,0.0,0.0,2,175.0,160.0,,True,low_draft_probability,False,"{'season': 2025, 'games': 11, 'fantasy_points': 41.1, 'points_per_game': 3.74, 'stats': {'rushing_yards': 0.0, 'rushing_tds': 0.0, 'targets': 25.0, 'receptions': 11.0, 'receiving_yards': 231.0, 'receiving_tds': 3.0, 'fumbles_lost': 0.0}, 'source': 'nflverse weekly player and team statistics'}","[{'season': 2025, 'games': 11, 'fantasy_points': 41.1, 'points_per_game': 3.74, 'stats': {'rushing_yards': 0.0, 'rushing_tds': 0.0, 'targets': 25.0, 'receptions': 11.0, 'receiving_yards': 231.0, 'receiving_tds': 3.0, 'fumbles_lost': 0.0}, 'source': 'nflverse weekly player and team statistics'}]","{'season': 2026, 'games': None, 'fantasy_points': 83.8, 'stats': {'rushing_yards': 0.0, 'rushing_tds': 0.0, 'receptions': 38.97, 'receiving_yards': 533.41, 'receiving_tds': 5.13, 'fumbles_lost': 0.0}, 'source': 'FantasyPros consensus projection'}",5,10,83.8,72.45,5,18,3.3,1.0,131
nfl:gsis:00-0038621,DeMario Douglas,WR,NE,2000-12-08,4,0.005,1.3,1.0,8.4,51.011,98,106.489,0.0,0.0,-1.3,0.0,0.0,0.0,0,,,adp_espn;adp_yahoo,True,missing_market_inputs;low_draft_probability,False,"{'season': 2025, 'games': 16, 'fantasy_points': 64.8, 'points_per_game': 4.05, 'stats': {'rushing_attempts': 7.0, 'rushing_yards': 21.0, 'rushing_tds': 0.0, 'targets': 46.0, 'receptions': 31.0, 'receiving_yards': 447.0, 'receiving_tds': 3.0, 'fumbles_lost': 0.0}, 'source': 'nflverse weekly player and team statistics'}","[{'season': 2024, 'games': 16, 'fantasy_points': 81.7, 'points_per_game': 5.11, 'stats': {'rushing_attempts': 3.0, 'rushing_yards': 16.0, 'rushing_tds': 0.0, 'targets': 87.0, 'receptions': 66.0, 'receiving_yards': 621.0, 'receiving_tds': 3.0, 'fumbles_lost': 0.0}, 'source': 'nflverse weekly player and team statistics'}, {'season': 2025, 'games': 16, 'fantasy_points': 64.8, 'points_per_game': 4.05, 'stats': {'rushing_attempts': 7.0, 'rushing_yards': 21.0, 'rushing_tds': 0.0, 'targets': 46.0, 'receptions': 31.0, 'receiving_yards': 447.0, 'receiving_tds': 3.0, 'fumbles_lost': 0.0}, 'source': 'nflverse weekly player and team statistics'}]","{'season': 2026, 'games': None, 'fantasy_points': 51.01, 'stats': {'rushing_attempts': 4.14, 'rushing_yards': 21.41, 'rushing_tds': 0.15, 'receptions': 30.21, 'receiving_yards': 365.3, 'receiving_tds': 2.03, 'fumbles_lost': 0.0}, 'source': 'FantasyPros consensus projection'}",11,3,51.01,48.87,12,64,4.7,1.0,132
nfl:gsis:00-0033119,Jacoby Brissett,QB,ARI,1992-12-11,11,0.005,1.3,1.0,6.0,250.094,28,324.973,0.0,0.0,-1.3,0.0,0.0,0.0,0,,,adp_espn;adp_yahoo,True,missing_market_inputs;low_draft_probability,False,"{'season': 2025, 'games': 14, 'fantasy_points': 258.44, 'points_per_game': 18.46, 'stats': {'passing_completions': 315.0, 'passing_attempts': 485.0, 'passing_yards': 3366.0, 'passing_tds': 23.0, 'passing_interceptions': 8.0, 'rushing_attempts': 38.0, 'rushing_yards': 168.0, 'rushing_tds': 1.0, 'fumbles_lost': 4.0}, 'source': 'nflverse weekly player and team statistics'}","[{'season': 2024, 'games': 7, 'fantasy_points': 48.24, 'points_per_game': 6.89, 'stats': {'passing_completions': 95.0, 'passing_attempts': 161.0, 'passing_yards': 826.0, 'passing_tds': 2.0, 'passing_interceptions': 1.0, 'rushing_attempts': 15.0, 'rushing_yards': 62.0, 'rushing_tds': 0.0, 'fumbles_lost': 1.0}, 'source': 'nflverse weekly player and team statistics'}, {'season': 2025, 'games': 14, 'fantasy_points': 258.44, 'points_per_game': 18.46, 'stats': {'passing_completions': 315.0, 'passing_attempts': 485.0, 'passing_yards': 3366.0, 'passing_tds': 23.0, 'passing_interceptions': 8.0, 'rushing_attempts': 38.0, 'rushing_yards': 168.0, 'rushing_tds': 1.0, 'fumbles_lost': 4.0}, 'source': 'nflverse weekly player and team statistics'}]","{'season': 2026, 'games': None, 'fantasy_points': 250.09, 'stats': {'passing_completions': 347.28, 'passing_attempts': 541.25, 'passing_yards': 3590.83, 'passing_tds': 19.3, 'passing_interceptions': 10.39, 'rushing_attempts': 48.73, 'rushing_yards': 214.31, 'rushing_tds': 1.43, 'fumbles_lost': 4.95}, 'source': 'FantasyPros consensus projection'}",7,4,256.99,245.24,5,23,1.6,1.0,133
nfl:gsis:00-0037666,Jalen Tolbert,WR,MIA,1999-02-27,5,0.005,1.3,1.0,8.4,50.454,100,106.489,0.0,0.0,-1.3,0.0,0.0,0.0,0,,,adp_espn;adp_yahoo,True,missing_market_inputs;low_draft_probability,False,"{'season': 2025, 'games': 12, 'fantasy_points': 28.3, 'points_per_game': 2.36, 'stats': {'rushing_attempts': 0.0, 'rushing_yards': 0.0, 'rushing_tds': 0.0, 'targets': 34.0, 'receptions': 18.0, 'receiving_yards': 203.0, 'receiving_tds': 1.0, 'fumbles_lost': 0.0}, 'source': 'nflverse weekly player and team statistics'}","[{'season': 2024, 'games': 17, 'fantasy_points': 103.0, 'points_per_game': 6.06, 'stats': {'rushing_attempts': 0.0, 'rushing_yards': 0.0, 'rushing_tds': 0.0, 'targets': 79.0, 'receptions': 49.0, 'receiving_yards': 610.0, 'receiving_tds': 7.0, 'fumbles_lost': 0.0}, 'source': 'nflverse weekly player and team statistics'}, {'season': 2025, 'games': 12, 'fantasy_points': 28.3, 'points_per_game': 2.36, 'stats': {'rushing_attempts': 0.0, 'rushing_yards': 0.0, 'rushing_tds': 0.0, 'targets': 34.0, 'receptions': 18.0, 'receiving_yards': 203.0, 'receiving_tds': 1.0, 'fumbles_lost': 0.0}, 'source': 'nflverse weekly player and team statistics'}]","{'season': 2026, 'games': None, 'fantasy_points': 50.45, 'stats': {'rushing_attempts': 0.0, 'rushing_yards': 0.0, 'rushing_tds': 0.0, 'receptions': 33.15, 'receiving_yards': 411.14, 'receiving_tds': 1.66, 'fumbles_lost': 0.4}, 'source': 'FantasyPros consensus projection'}",11,3,51.01,48.87,12,64,4.7,1.0,134
nfl:gsis:00-0036550,Rashod Bateman,WR,BAL,1999-11-29,6,0.005,1.3,1.0,8.5,95.421,58,106.489,0.0,0.0,-1.3,0.0,0.0,0.0,0,,,adp_espn;adp_yahoo,False,missing_market_inputs;low_draft_probability,False,"{'season': 2025, 'games': 13, 'fantasy_points': 36.4, 'points_per_game': 2.8, 'stats': {'rushing_attempts': 0.0, 'rushing_yards': 0.0, 'rushing_tds': 0.0, 'targets': 38.0, 'receptions': 19.0, 'receiving_yards': 224.0, 'receiving_tds': 2.0, 'fumbles_lost': 0.0}, 'source': 'nflverse weekly player and team statistics'}","[{'season': 2024, 'games': 16, 'fantasy_points': 129.6, 'points_per_game': 8.1, 'stats': {'rushing_attempts': 0.0, 'rushing_yards': 0.0, 'rushing_tds': 0.0, 'targets': 72.0, 'receptions': 45.0, 'receiving_yards': 756.0, 'receiving_tds': 9.0, 'fumbles_lost': 0.0}, 'source': 'nflverse weekly player and team statistics'}, {'season': 2025, 'games': 13, 'fantasy_points': 36.4, 'points_per_game': 2.8, 'stats': {'rushing_attempts': 0.0, 'rushing_yards': 0.0, 'rushing_tds': 0.0, 'targets': 38.0, 'receptions': 19.0, 'receiving_yards': 224.0, 'receiving_tds': 2.0, 'fumbles_lost': 0.0}, 'source': 'nflverse weekly player and team statistics'}]","{'season': 2026, 'games': None, 'fantasy_points': 95.42, 'stats': {'rushing_attempts': 0.0, 'rushing_yards': 0.0, 'rushing_tds': 0.0, 'receptions': 38.84, 'receiving_yards': 598.61, 'receiving_tds': 5.98, 'fumbles_lost': 0.0}, 'source': 'FantasyPros consensus projection'}",8,17,106.9,91.85,12,64,4.7,1.0,135
nfl:gsis:00-0039410,Ryan Flournoy,WR,DAL,1999-10-27,3,0.005,1.3,1.0,8.5,55.379,90,106.489,0.0,0.0,-1.3,0.0,0.0,0.0,0,,,adp_espn;adp_yahoo,True,missing_market_inputs;low_draft_probability,False,"{'season': 2025, 'games': 15, 'fantasy_points': 74.0, 'points_per_game': 4.93, 'stats': {'rushing_attempts': 4.0, 'rushing_yards': 25.0, 'rushing_tds': 0.0, 'targets': 56.0, 'receptions': 40.0, 'receiving_yards': 475.0, 'receiving_tds': 4.0, 'fumbles_lost': 0.0}, 'source': 'nflverse weekly player and team statistics'}","[{'season': 2024, 'games': 9, 'fantasy_points': 8.2, 'points_per_game': 0.91, 'stats': {'rushing_attempts': 0.0, 'rushing_yards': 0.0, 'rushing_tds': 0.0, 'targets': 14.0, 'receptions': 10.0, 'receiving_yards': 102.0, 'receiving_tds': 0.0, 'fumbles_lost': 1.0}, 'source': 'nflverse weekly player and team statistics'}, {'season': 2025, 'games': 15, 'fantasy_points': 74.0, 'points_per_game': 4.93, 'stats': {'rushing_attempts': 4.0, 'rushing_yards': 25.0, 'rushing_tds': 0.0, 'targets': 56.0, 'receptions': 40.0, 'receiving_yards': 475.0, 'receiving_tds': 4.0, 'fumbles_lost': 0.0}, 'source': 'nflverse weekly player and team statistics'}]","{'season': 2026, 'games': None, 'fantasy_points': 55.38, 'stats': {'rushing_attempts': 2.23, 'rushing_yards': 12.45, 'rushing_tds': 0.1, 'receptions': 33.79, 'receiving_yards': 383.14, 'receiving_tds': 2.66, 'fumbles_lost': 0.0}, 'source': 'FantasyPros consensus projection'}",10,17,70.2,55.23,12,64,4.7,1.0,136
nfl:gsis:00-0040727,Tre' Harris,WR,LAC,2002-02-28,2,0.005,1.3,1.0,8.5,55.233,91,106.489,0.0,0.0,-1.3,0.0,0.0,0.0,0,,,adp_espn;adp_yahoo,True,missing_market_inputs;low_draft_probability,False,"{'season': 2025, 'games': 16, 'fantasy_points': 39.4, 'points_per_game': 2.46, 'stats': {'rushing_attempts': 2.0, 'rushing_yards': 10.0, 'rushing_tds': 0.0, 'targets': 43.0, 'receptions': 30.0, 'receiving_yards': 324.0, 'receiving_tds': 1.0, 'fumbles_lost': 0.0}, 'source': 'nflverse weekly player and team statistics'}","[{'season': 2025, 'games': 16, 'fantasy_points': 39.4, 'points_per_game': 2.46, 'stats': {'rushing_attempts': 2.0, 'rushing_yards': 10.0, 'rushing_tds': 0.0, 'targets': 43.0, 'receptions': 30.0, 'receiving_yards': 324.0, 'receiving_tds': 1.0, 'fumbles_lost': 0.0}, 'source': 'nflverse weekly player and team statistics'}]","{'season': 2026, 'games': None, 'fantasy_points': 55.23, 'stats': {'rushing_attempts': 0.0, 'rushing_yards': 0.0, 'rushing_tds': 0.0, 'receptions': 34.52, 'receiving_yards': 410.53, 'receiving_tds': 2.48, 'fumbles_lost': 0.3}, 'source': 'FantasyPros consensus projection'}",10,17,70.2,55.23,12,64,4.7,1.0,137
nfl:gsis:00-0041044,Zachariah Branch,WR,ATL,2004-03-29,0,0.005,1.3,1.0,8.4,48.869,103,106.489,0.0,0.0,-1.3,0.0,0.0,0.0,0,,,adp_espn;adp_yahoo,True,missing_market_inputs;low_draft_probability,False,,[],"{'season': 2026, 'games': None, 'fantasy_points': 48.87, 'stats': {'rushing_attempts': 0.0, 'rushing_yards': 0.0, 'rushing_tds': 0.0, 'receptions': 31.41, 'receiving_yards': 381.69, 'receiving_tds': 1.89, 'fumbles_lost': 0.0}, 'source': 'FantasyPros consensus projection'}",11,3,51.01,48.87,12,64,4.7,1.0,138
nfl:gsis:00-0033077,Dak Prescott,QB,DAL,1993-07-29,11,0.8078,6.0,1.2,10.8,337.131,7,324.973,12.16,4.68,-1.32,4.51,10.04,5.53,4,72.0,72.0,,False,allocation_sensitive,True,"{'season': 2025, 'games': 17, 'fantasy_points': 353.78, 'points_per_game': 20.81, 'stats': {'passing_completions': 404.0, 'passing_attempts': 600.0, 'passing_yards': 4552.0, 'passing_tds': 30.0, 'passing_interceptions': 10.0, 'rushing_attempts': 53.0, 'rushing_yards': 177.0, 'rushing_tds': 2.0, 'fumbles_lost': 2.0}, 'source': 'nflverse weekly player and team statistics'}","[{'season': 2024, 'games': 8, 'fantasy_points': 135.52, 'points_per_game': 16.94, 'stats': {'passing_completions': 185.0, 'passing_attempts': 286.0, 'passing_yards': 1978.0, 'passing_tds': 11.0, 'passing_interceptions': 8.0, 'rushing_attempts': 13.0, 'rushing_yards': 54.0, 'rushing_tds': 1.0, 'fumbles_lost': 1.0}, 'source': 'nflverse weekly player and team statistics'}, {'season': 2025, 'games': 17, 'fantasy_points': 353.78, 'points_per_game': 20.81, 'stats': {'passing_completions': 404.0, 'passing_attempts': 600.0, 'passing_yards': 4552.0, 'passing_tds': 30.0, 'passing_interceptions': 10.0, 'rushing_attempts': 53.0, 'rushing_yards': 177.0, 'rushing_tds': 2.0, 'fumbles_lost': 2.0}, 'source': 'nflverse weekly player and team statistics'}]","{'season': 2026, 'games': None, 'fantasy_points': 337.13, 'stats': {'passing_completions': 384.1, 'passing_attempts': 581.39, 'passing_yards': 4291.15, 'passing_tds': 30.94, 'passing_interceptions': 11.3, 'rushing_attempts': 49.09, 'rushing_yards': 173.45, 'rushing_tds': 1.72, 'fumbles_lost': 2.17}, 'source': 'FantasyPros consensus projection'}",3,9,337.13,324.97,4,11,6.7,2.3,139
nfl:gsis:00-0039409,Cam Little,K,JAX,2003-08-17,3,0.5059,1.4,1.0,3.9,131.47,13,132.62,0.0,0.0,-1.4,0.0,0.0,0.0,1,138.0,183.0,,False,low_confidence_special_teams_projection;replacement_boundary,False,"{'season': 2025, 'games': 17, 'fantasy_points': 146.5, 'points_per_game': 8.62, 'stats': {'field_goals_made': 30.0, 'field_goals_attempted': 34.0, 'extra_points_made': 50.0}, 'source': 'nflverse weekly player and team statistics'}","[{'season': 2024, 'games': 17, 'fantasy_points': 112.5, 'points_per_game': 6.62, 'stats': {'field_goals_made': 27.0, 'field_goals_attempted': 29.0, 'extra_points_made': 27.0}, 'source': 'nflverse weekly player and team statistics'}, {'season': 2025, 'games': 17, 'fantasy_points': 146.5, 'points_per_game': 8.62, 'stats': {'field_goals_made': 30.0, 'field_goals_attempted': 34.0, 'extra_points_made': 50.0}, 'source': 'nflverse weekly player and team statistics'}]","{'season': 2026, 'games': None, 'fantasy_points': 131.47, 'stats': {'field_goals_made': 29.11, 'field_goals_attempted': 32.45, 'extra_points_made': 44.14}, 'source': 'FantasyPros consensus projection'}",2,13,144.06,128.51,1,21,5.5,1.0,140
nfl:gsis:00-0035228,Kyler Murray,QB,MIN,1997-08-07,8,0.3424,1.4,1.0,6.2,303.713,19,324.973,0.0,0.0,-1.4,0.0,0.0,0.0,1,142.0,114.0,,False,low_draft_probability,False,"{'season': 2025, 'games': 5, 'fantasy_points': 86.78, 'points_per_game': 17.36, 'stats': {'passing_completions': 110.0, 'passing_attempts': 161.0, 'passing_yards': 962.0, 'passing_tds': 6.0, 'passing_interceptions': 3.0, 'rushing_attempts': 29.0, 'rushing_yards': 173.0, 'rushing_tds': 1.0, 'fumbles_lost': 1.0}, 'source': 'nflverse weekly player and team statistics'}","[{'season': 2024, 'games': 17, 'fantasy_points': 329.24, 'points_per_game': 19.37, 'stats': {'passing_completions': 372.0, 'passing_attempts': 541.0, 'passing_yards': 3851.0, 'passing_tds': 21.0, 'passing_interceptions': 11.0, 'rushing_attempts': 78.0, 'rushing_yards': 572.0, 'rushing_tds': 5.0, 'fumbles_lost': 4.0}, 'source': 'nflverse weekly player and team statistics'}, {'season': 2025, 'games': 5, 'fantasy_points': 86.78, 'points_per_game': 17.36, 'stats': {'passing_completions': 110.0, 'passing_attempts': 161.0, 'passing_yards': 962.0, 'passing_tds': 6.0, 'passing_interceptions': 3.0, 'rushing_attempts': 29.0, 'rushing_yards': 173.0, 'rushing_tds': 1.0, 'fumbles_lost': 1.0}, 'source': 'nflverse weekly player and team statistics'}]","{'season': 2026, 'games': None, 'fantasy_points': 303.71, 'stats': {'passing_completions': 329.9, 'passing_attempts': 498.05, 'passing_yards': 3499.09, 'passing_tds': 23.49, 'passing_interceptions': 13.98, 'rushing_attempts': 79.64, 'rushing_yards': 476.59, 'rushing_tds': 3.36, 'fumbles_lost': 3.05}, 'source': 'FantasyPros consensus projection'}",5,6,307.7,293.97,5,23,1.6,1.0,141
nfl:gsis:00-0041029,Jordyn Tyson,WR,NO,2004-08-12,0,0.3377,1.4,1.0,8.5,69.0,73,106.489,0.0,0.0,-1.4,0.0,0.0,0.0,0,180.0,92.0,,True,low_draft_probability,False,,[],"{'season': 2026, 'games': None, 'fantasy_points': 69.0, 'stats': {'rushing_attempts': 1.0, 'rushing_yards': 3.5, 'rushing_tds': 0.0, 'receptions': 37.79, 'receiving_yards': 529.1, 'receiving_tds': 2.85, 'fumbles_lost': 0.5}, 'source': 'FantasyPros consensus projection'}",10,17,70.2,55.23,12,64,4.7,1.0,142
nfl:gsis:00-0034855,Baker Mayfield,QB,TB,1995-04-14,9,0.2614,1.4,1.0,6.1,307.7,17,324.973,0.0,0.0,-1.4,0.0,1.0,1.0,0,143.0,151.0,,False,low_draft_probability;replacement_boundary,False,"{'season': 2025, 'games': 17, 'fantasy_points': 308.92, 'points_per_game': 18.17, 'stats': {'passing_completions': 343.0, 'passing_attempts': 543.0, 'passing_yards': 3693.0, 'passing_tds': 26.0, 'passing_interceptions': 11.0, 'rushing_attempts': 55.0, 'rushing_yards': 382.0, 'rushing_tds': 1.0, 'fumbles_lost': 3.0}, 'source': 'nflverse weekly player and team statistics'}","[{'season': 2024, 'games': 17, 'fantasy_points': 422.8, 'points_per_game': 24.87, 'stats': {'passing_completions': 407.0, 'passing_attempts': 570.0, 'passing_yards': 4500.0, 'passing_tds': 41.0, 'passing_interceptions': 16.0, 'rushing_attempts': 60.0, 'rushing_yards': 378.0, 'rushing_tds': 3.0, 'fumbles_lost': 2.0}, 'source': 'nflverse weekly player and team statistics'}, {'season': 2025, 'games': 17, 'fantasy_points': 308.92, 'points_per_game': 18.17, 'stats': {'passing_completions': 343.0, 'passing_attempts': 543.0, 'passing_yards': 3693.0, 'passing_tds': 26.0, 'passing_interceptions': 11.0, 'rushing_attempts': 55.0, 'rushing_yards': 382.0, 'rushing_tds': 1.0, 'fumbles_lost': 3.0}, 'source': 'nflverse weekly player and team statistics'}]","{'season': 2026, 'games': None, 'fantasy_points': 307.7, 'stats': {'passing_completions': 349.16, 'passing_attempts': 541.53, 'passing_yards': 3840.73, 'passing_tds': 25.87, 'passing_interceptions': 12.86, 'rushing_attempts': 57.69, 'rushing_yards': 362.41, 'rushing_tds': 1.46, 'fumbles_lost': 3.1}, 'source': 'FantasyPros consensus projection'}",5,6,307.7,293.97,5,23,1.6,1.0,143
nfl:gsis:00-0039150,Bryce Young,QB,CAR,2001-07-25,4,0.1867,1.4,1.0,6.2,278.613,25,324.973,0.0,0.0,-1.4,0.0,0.0,0.0,0,193.0,130.0,,True,low_draft_probability,False,"{'season': 2025, 'games': 16, 'fantasy_points': 252.04, 'points_per_game': 15.75, 'stats': {'passing_completions': 304.0, 'passing_attempts': 478.0, 'passing_yards': 3011.0, 'passing_tds': 23.0, 'passing_interceptions': 11.0, 'rushing_attempts': 54.0, 'rushing_yards': 216.0, 'rushing_tds': 2.0, 'fumbles_lost': 4.0}, 'source': 'nflverse weekly player and team statistics'}","[{'season': 2024, 'games': 14, 'fantasy_points': 219.02, 'points_per_game': 15.64, 'stats': {'passing_completions': 234.0, 'passing_attempts': 384.0, 'passing_yards': 2403.0, 'passing_tds': 15.0, 'passing_interceptions': 9.0, 'rushing_attempts': 43.0, 'rushing_yards': 249.0, 'rushing_tds': 6.0, 'fumbles_lost': 2.0}, 'source': 'nflverse weekly player and team statistics'}, {'season': 2025, 'games': 16, 'fantasy_points': 252.04, 'points_per_game': 15.75, 'stats': {'passing_completions': 304.0, 'passing_attempts': 478.0, 'passing_yards': 3011.0, 'passing_tds': 23.0, 'passing_interceptions': 11.0, 'rushing_attempts': 54.0, 'rushing_yards': 216.0, 'rushing_tds': 2.0, 'fumbles_lost': 4.0}, 'source': 'nflverse weekly player and team statistics'}]","{'season': 2026, 'games': None, 'fantasy_points': 278.61, 'stats': {'passing_completions': 334.6, 'passing_attempts': 526.23, 'passing_yards': 3459.25, 'passing_tds': 22.76, 'passing_interceptions': 12.04, 'rushing_attempts': 57.93, 'rushing_yards': 261.43, 'rushing_tds': 3.05, 'fumbles_lost': 2.65}, 'source': 'FantasyPros consensus projection'}",6,3,287.95,278.61,5,23,1.6,1.0,144
nfl:gsis:00-0038563,Tre Tucker,WR,LV,2001-03-08,4,0.0538,1.4,1.0,8.5,91.849,61,106.489,0.0,0.0,-1.4,0.0,0.0,0.0,0,189.0,,adp_yahoo,True,low_draft_probability,False,"{'season': 2025, 'games': 17, 'fantasy_points': 104.7, 'points_per_game': 6.16, 'stats': {'rushing_attempts': 11.0, 'rushing_yards': 51.0, 'rushing_tds': 0.0, 'targets': 92.0, 'receptions': 57.0, 'receiving_yards': 696.0, 'receiving_tds': 5.0, 'fumbles_lost': 0.0}, 'source': 'nflverse weekly player and team statistics'}","[{'season': 2024, 'games': 17, 'fantasy_points': 82.3, 'points_per_game': 4.84, 'stats': {'rushing_attempts': 9.0, 'rushing_yards': 44.0, 'rushing_tds': 1.0, 'targets': 81.0, 'receptions': 47.0, 'receiving_yards': 539.0, 'receiving_tds': 3.0, 'fumbles_lost': 0.0}, 'source': 'nflverse weekly player and team statistics'}, {'season': 2025, 'games': 17, 'fantasy_points': 104.7, 'points_per_game': 6.16, 'stats': {'rushing_attempts': 11.0, 'rushing_yards': 51.0, 'rushing_tds': 0.0, 'targets': 92.0, 'receptions': 57.0, 'receiving_yards': 696.0, 'receiving_tds': 5.0, 'fumbles_lost': 0.0}, 'source': 'nflverse weekly player and team statistics'}]","{'season': 2026, 'games': None, 'fantasy_points': 91.85, 'stats': {'rushing_attempts': 11.2, 'rushing_yards': 54.65, 'rushing_tds': 0.16, 'receptions': 50.21, 'receiving_yards': 631.64, 'receiving_tds': 3.76, 'fumbles_lost': 0.0}, 'source': 'FantasyPros consensus projection'}",8,17,106.9,91.85,12,64,4.7,1.0,145
nfl:gsis:00-0041525,Chris Bell,WR,MIA,2004-06-07,0,0.005,1.4,1.0,8.5,62.24,86,106.489,0.0,0.0,-1.4,0.0,0.0,0.0,0,,,adp_espn;adp_yahoo,True,missing_market_inputs;low_draft_probability,False,,[],"{'season': 2026, 'games': None, 'fantasy_points': 62.24, 'stats': {'rushing_attempts': 1.0, 'rushing_yards': 5.5, 'rushing_tds': 0.0, 'receptions': 37.19, 'receiving_yards': 469.5, 'receiving_tds': 2.67, 'fumbles_lost': 1.0}, 'source': 'FantasyPros consensus projection'}",10,17,70.2,55.23,12,64,4.7,1.0,146
nfl:gsis:00-0039342,Xavier Legette,WR,CAR,2001-01-29,3,0.005,1.4,1.0,8.5,57.906,88,106.489,0.0,0.0,-1.4,0.0,0.0,0.0,0,,,adp_espn;adp_yahoo,True,missing_market_inputs;low_draft_probability,False,"{'season': 2025, 'games': 15, 'fantasy_points': 54.3, 'points_per_game': 3.62, 'stats': {'rushing_attempts': 1.0, 'rushing_yards': 0.0, 'rushing_tds': 0.0, 'targets': 64.0, 'receptions': 35.0, 'receiving_yards': 363.0, 'receiving_tds': 3.0, 'fumbles_lost': 0.0}, 'source': 'nflverse weekly player and team statistics'}","[{'season': 2024, 'games': 15, 'fantasy_points': 76.1, 'points_per_game': 5.07, 'stats': {'rushing_attempts': 6.0, 'rushing_yards': 24.0, 'rushing_tds': 0.0, 'targets': 84.0, 'receptions': 49.0, 'receiving_yards': 497.0, 'receiving_tds': 4.0, 'fumbles_lost': 0.0}, 'source': 'nflverse weekly player and team statistics'}, {'season': 2025, 'games': 15, 'fantasy_points': 54.3, 'points_per_game': 3.62, 'stats': {'rushing_attempts': 1.0, 'rushing_yards': 0.0, 'rushing_tds': 0.0, 'targets': 64.0, 'receptions': 35.0, 'receiving_yards': 363.0, 'receiving_tds': 3.0, 'fumbles_lost': 0.0}, 'source': 'nflverse weekly player and team statistics'}]","{'season': 2026, 'games': None, 'fantasy_points': 57.91, 'stats': {'rushing_attempts': 2.05, 'rushing_yards': 10.75, 'rushing_tds': 0.06, 'receptions': 35.85, 'receiving_yards': 417.51, 'receiving_tds': 2.57, 'fumbles_lost': 0.2}, 'source': 'FantasyPros consensus projection'}",10,17,70.2,55.23,12,64,4.7,1.0,147
nfl:gsis:00-0033553,James Conner,RB,ARI,1995-05-05,10,0.223,1.5,1.0,7.6,44.15,69,92.249,0.0,0.0,-1.5,0.0,0.0,0.0,0,,145.0,adp_espn,False,low_draft_probability,False,"{'season': 2025, 'games': 3, 'fantasy_points': 25.3, 'points_per_game': 8.43, 'stats': {'rushing_attempts': 32.0, 'rushing_yards': 95.0, 'rushing_tds': 1.0, 'targets': 9.0, 'receptions': 8.0, 'receiving_yards': 38.0, 'receiving_tds': 1.0, 'fumbles_lost': 0.0}, 'source': 'nflverse weekly player and team statistics'}","[{'season': 2024, 'games': 16, 'fantasy_points': 206.8, 'points_per_game': 12.93, 'stats': {'rushing_attempts': 236.0, 'rushing_yards': 1094.0, 'rushing_tds': 8.0, 'targets': 55.0, 'receptions': 47.0, 'receiving_yards': 414.0, 'receiving_tds': 1.0, 'fumbles_lost': 1.0}, 'source': 'nflverse weekly player and team statistics'}, {'season': 2025, 'games': 3, 'fantasy_points': 25.3, 'points_per_game': 8.43, 'stats': {'rushing_attempts': 32.0, 'rushing_yards': 95.0, 'rushing_tds': 1.0, 'targets': 9.0, 'receptions': 8.0, 'receiving_yards': 38.0, 'receiving_tds': 1.0, 'fumbles_lost': 0.0}, 'source': 'nflverse weekly player and team statistics'}]","{'season': 2026, 'games': None, 'fantasy_points': 44.15, 'stats': {'rushing_attempts': 42.5, 'rushing_yards': 153.5, 'rushing_tds': 1.5, 'receptions': 18.0, 'receiving_yards': 138.0, 'receiving_tds': 1.0, 'fumbles_lost': 0.2}, 'source': 'FantasyPros consensus projection'}",17,9,47.1,31.27,14,54,6.4,1.5,148
nfl:gsis:00-0038128,Malik Willis,QB,MIA,1999-05-25,5,0.1836,1.5,1.0,6.3,287.951,23,324.973,0.0,0.0,-1.5,0.0,0.0,0.0,0,179.0,142.0,,True,low_draft_probability,False,"{'season': 2025, 'games': 4, 'fantasy_points': 54.18, 'points_per_game': 13.54, 'stats': {'passing_completions': 30.0, 'passing_attempts': 35.0, 'passing_yards': 422.0, 'passing_tds': 3.0, 'passing_interceptions': 0.0, 'rushing_attempts': 22.0, 'rushing_yards': 123.0, 'rushing_tds': 2.0, 'fumbles_lost': 1.0}, 'source': 'nflverse weekly player and team statistics'}","[{'season': 2024, 'games': 6, 'fantasy_points': 54.8, 'points_per_game': 9.13, 'stats': {'passing_completions': 40.0, 'passing_attempts': 54.0, 'passing_yards': 550.0, 'passing_tds': 3.0, 'passing_interceptions': 0.0, 'rushing_attempts': 20.0, 'rushing_yards': 138.0, 'rushing_tds': 1.0, 'fumbles_lost': 1.0}, 'source': 'nflverse weekly player and team statistics'}, {'season': 2025, 'games': 4, 'fantasy_points': 54.18, 'points_per_game': 13.54, 'stats': {'passing_completions': 30.0, 'passing_attempts': 35.0, 'passing_yards': 422.0, 'passing_tds': 3.0, 'passing_interceptions': 0.0, 'rushing_attempts': 22.0, 'rushing_yards': 123.0, 'rushing_tds': 2.0, 'fumbles_lost': 1.0}, 'source': 'nflverse weekly player and team statistics'}]","{'season': 2026, 'games': None, 'fantasy_points': 287.95, 'stats': {'passing_completions': 317.87, 'passing_attempts': 493.27, 'passing_yards': 3370.36, 'passing_tds': 17.74, 'passing_interceptions': 12.46, 'rushing_attempts': 124.87, 'rushing_yards': 642.77, 'rushing_tds': 4.14, 'fumbles_lost': 3.96}, 'source': 'FantasyPros consensus projection'}",6,3,287.95,278.61,5,23,1.6,1.0,149
nfl:gsis:00-0041040,Antonio Williams,WR,WAS,2004-07-14,0,0.005,1.5,1.0,8.6,68.68,74,106.489,0.0,0.0,-1.5,0.0,0.0,0.0,0,,,adp_espn;adp_yahoo,True,missing_market_inputs;low_draft_probability,False,,[],"{'season': 2026, 'games': None, 'fantasy_points': 68.68, 'stats': {'rushing_attempts': 3.55, 'rushing_yards': 18.68, 'rushing_tds': 0.1, 'receptions': 35.47, 'receiving_yards': 496.72, 'receiving_tds': 3.14, 'fumbles_lost': 1.0}, 'source': 'FantasyPros consensus projection'}",10,17,70.2,55.23,12,64,4.7,1.0,150
nfl:gsis:00-0041561,Carson Beck,QB,ARI,2001-11-19,0,0.005,1.5,1.0,6.3,25.421,37,324.973,0.0,0.0,-1.5,0.0,0.0,0.0,0,329.0,,adp_yahoo,True,low_draft_probability,False,,[],"{'season': 2026, 'games': None, 'fantasy_points': 25.42, 'stats': {'passing_completions': 30.94, 'passing_attempts': 49.05, 'passing_yards': 338.17, 'passing_tds': 2.19, 'passing_interceptions': 1.17, 'rushing_attempts': 5.19, 'rushing_yards': 20.14, 'rushing_tds': 0.1, 'fumbles_lost': 0.0}, 'source': 'FantasyPros consensus projection'}",13,2,25.42,24.26,5,23,1.6,1.0,151
nfl:gsis:00-0038393,Dontayvion Wicks,WR,PHI,2001-06-16,4,0.005,1.5,1.0,8.6,68.414,76,106.489,0.0,0.0,-1.5,0.0,0.0,0.0,0,,,adp_espn;adp_yahoo,True,missing_market_inputs;low_draft_probability,False,"{'season': 2025, 'games': 13, 'fantasy_points': 45.8, 'points_per_game': 3.52, 'stats': {'rushing_attempts': 1.0, 'rushing_yards': 6.0, 'rushing_tds': 0.0, 'targets': 46.0, 'receptions': 30.0, 'receiving_yards': 332.0, 'receiving_tds': 2.0, 'fumbles_lost': 0.0}, 'source': 'nflverse weekly player and team statistics'}","[{'season': 2024, 'games': 17, 'fantasy_points': 71.5, 'points_per_game': 4.21, 'stats': {'rushing_attempts': 0.0, 'rushing_yards': 0.0, 'rushing_tds': 0.0, 'targets': 76.0, 'receptions': 39.0, 'receiving_yards': 415.0, 'receiving_tds': 5.0, 'fumbles_lost': 0.0}, 'source': 'nflverse weekly player and team statistics'}, {'season': 2025, 'games': 13, 'fantasy_points': 45.8, 'points_per_game': 3.52, 'stats': {'rushing_attempts': 1.0, 'rushing_yards': 6.0, 'rushing_tds': 0.0, 'targets': 46.0, 'receptions': 30.0, 'receiving_yards': 332.0, 'receiving_tds': 2.0, 'fumbles_lost': 0.0}, 'source': 'nflverse weekly player and team statistics'}]","{'season': 2026, 'games': None, 'fantasy_points': 68.41, 'stats': {'rushing_attempts': 0.0, 'rushing_yards': 0.0, 'rushing_tds': 0.0, 'receptions': 39.51, 'receiving_yards': 517.74, 'receiving_tds': 2.92, 'fumbles_lost': 0.0}, 'source': 'FantasyPros consensus projection'}",10,17,70.2,55.23,12,64,4.7,1.0,152
nfl:gsis:00-0041489,Germie Bernard,WR,PIT,2003-12-02,0,0.005,1.5,1.0,8.6,68.042,77,106.489,0.0,0.0,-1.5,0.0,0.0,0.0,0,,,adp_espn;adp_yahoo,True,missing_market_inputs;low_draft_probability,False,,[],"{'season': 2026, 'games': None, 'fantasy_points': 68.04, 'stats': {'rushing_attempts': 2.08, 'rushing_yards': 10.84, 'rushing_tds': 0.04, 'receptions': 41.22, 'receiving_yards': 508.18, 'receiving_tds': 2.89, 'fumbles_lost': 0.5}, 'source': 'FantasyPros consensus projection'}",10,17,70.2,55.23,12,64,4.7,1.0,153
nfl:gsis:00-0040138,Jaylin Noel,WR,HOU,2002-09-04,2,0.005,1.5,1.0,8.6,66.182,81,106.489,0.0,0.0,-1.5,0.0,0.0,0.0,0,,,adp_espn;adp_yahoo,True,missing_market_inputs;low_draft_probability,False,"{'season': 2025, 'games': 17, 'fantasy_points': 42.4, 'points_per_game': 2.49, 'stats': {'rushing_attempts': 6.0, 'rushing_yards': 12.0, 'rushing_tds': 0.0, 'targets': 35.0, 'receptions': 26.0, 'receiving_yards': 292.0, 'receiving_tds': 2.0, 'fumbles_lost': 0.0}, 'source': 'nflverse weekly player and team statistics'}","[{'season': 2025, 'games': 17, 'fantasy_points': 42.4, 'points_per_game': 2.49, 'stats': {'rushing_attempts': 6.0, 'rushing_yards': 12.0, 'rushing_tds': 0.0, 'targets': 35.0, 'receptions': 26.0, 'receiving_yards': 292.0, 'receiving_tds': 2.0, 'fumbles_lost': 0.0}, 'source': 'nflverse weekly player and team statistics'}]","{'season': 2026, 'games': None, 'fantasy_points': 66.18, 'stats': {'rushing_attempts': 5.11, 'rushing_yards': 17.6, 'rushing_tds': 0.07, 'receptions': 39.8, 'receiving_yards': 450.02, 'receiving_tds': 3.24, 'fumbles_lost': 0.15}, 'source': 'FantasyPros consensus projection'}",10,17,70.2,55.23,12,64,4.7,1.0,154
nfl:gsis:00-0039880,Malik Washington,WR,MIA,2000-10-20,3,0.005,1.5,1.0,8.6,66.233,80,106.489,0.0,0.0,-1.5,0.0,0.0,0.0,0,,,adp_espn;adp_yahoo,True,missing_market_inputs;low_draft_probability,False,"{'season': 2025, 'games': 17, 'fantasy_points': 70.7, 'points_per_game': 4.16, 'stats': {'rushing_attempts': 17.0, 'rushing_yards': 110.0, 'rushing_tds': 1.0, 'targets': 65.0, 'receptions': 46.0, 'receiving_yards': 317.0, 'receiving_tds': 3.0, 'fumbles_lost': 1.0}, 'source': 'nflverse weekly player and team statistics'}","[{'season': 2024, 'games': 14, 'fantasy_points': 28.8, 'points_per_game': 2.06, 'stats': {'rushing_attempts': 5.0, 'rushing_yards': 25.0, 'rushing_tds': 1.0, 'targets': 36.0, 'receptions': 26.0, 'receiving_yards': 223.0, 'receiving_tds': 0.0, 'fumbles_lost': 1.0}, 'source': 'nflverse weekly player and team statistics'}, {'season': 2025, 'games': 17, 'fantasy_points': 70.7, 'points_per_game': 4.16, 'stats': {'rushing_attempts': 17.0, 'rushing_yards': 110.0, 'rushing_tds': 1.0, 'targets': 65.0, 'receptions': 46.0, 'receiving_yards': 317.0, 'receiving_tds': 3.0, 'fumbles_lost': 1.0}, 'source': 'nflverse weekly player and team statistics'}]","{'season': 2026, 'games': None, 'fantasy_points': 66.23, 'stats': {'rushing_attempts': 13.45, 'rushing_yards': 80.84, 'rushing_tds': 0.72, 'receptions': 45.41, 'receiving_yards': 411.89, 'receiving_tds': 2.37, 'fumbles_lost': 0.85}, 'source': 'FantasyPros consensus projection'}",10,17,70.2,55.23,12,64,4.7,1.0,155
nfl:gsis:00-0041511,Omar Cooper Jr.,WR,NYJ,2003-12-14,0,0.005,1.5,1.0,8.6,64.709,83,106.489,0.0,0.0,-1.5,0.0,0.0,0.0,0,,,adp_espn;adp_yahoo,True,missing_market_inputs;low_draft_probability,False,,[],"{'season': 2026, 'games': None, 'fantasy_points': 64.71, 'stats': {'rushing_attempts': 2.09, 'rushing_yards': 12.49, 'rushing_tds': 0.06, 'receptions': 38.44, 'receiving_yards': 458.0, 'receiving_tds': 3.11, 'fumbles_lost': 0.7}, 'source': 'FantasyPros consensus projection'}",10,17,70.2,55.23,12,64,4.7,1.0,156
nfl:gsis:00-0038104,Tyquan Thornton,WR,KC,2000-08-07,5,0.005,1.5,1.0,8.6,67.554,78,106.489,0.0,0.0,-1.5,0.0,0.0,0.0,0,,,adp_espn;adp_yahoo,True,missing_market_inputs;low_draft_probability,False,"{'season': 2025, 'games': 12, 'fantasy_points': 61.8, 'points_per_game': 5.15, 'stats': {'rushing_attempts': 0.0, 'rushing_yards': 0.0, 'rushing_tds': 0.0, 'targets': 37.0, 'receptions': 19.0, 'receiving_yards': 438.0, 'receiving_tds': 3.0, 'fumbles_lost': 0.0}, 'source': 'nflverse weekly player and team statistics'}","[{'season': 2024, 'games': 4, 'fantasy_points': 4.7, 'points_per_game': 1.18, 'stats': {'rushing_attempts': 0.0, 'rushing_yards': 0.0, 'rushing_tds': 0.0, 'targets': 8.0, 'receptions': 4.0, 'receiving_yards': 47.0, 'receiving_tds': 0.0, 'fumbles_lost': 0.0}, 'source': 'nflverse weekly player and team statistics'}, {'season': 2025, 'games': 12, 'fantasy_points': 61.8, 'points_per_game': 5.15, 'stats': {'rushing_attempts': 0.0, 'rushing_yards': 0.0, 'rushing_tds': 0.0, 'targets': 37.0, 'receptions': 19.0, 'receiving_yards': 438.0, 'receiving_tds': 3.0, 'fumbles_lost': 0.0}, 'source': 'nflverse weekly player and team statistics'}]","{'season': 2026, 'games': None, 'fantasy_points': 67.55, 'stats': {'rushing_attempts': 0.0, 'rushing_yards': 0.0, 'rushing_tds': 0.0, 'receptions': 25.44, 'receiving_yards': 467.54, 'receiving_tds': 3.5, 'fumbles_lost': 0.0}, 'source': 'FantasyPros consensus projection'}",10,17,70.2,55.23,12,64,4.7,1.0,157
nfl:gsis:00-0040129,Emeka Egbuka,WR,TB,2002-10-14,2,0.947,17.3,10.1,24.4,155.046,15,106.489,48.56,15.71,-1.59,14.95,16.47,1.52,24,44.0,43.0,,False,wide_market_price_range,True,"{'season': 2025, 'games': 17, 'fantasy_points': 132.7, 'points_per_game': 7.81, 'stats': {'rushing_attempts': 2.0, 'rushing_yards': 9.0, 'rushing_tds': 0.0, 'targets': 127.0, 'receptions': 63.0, 'receiving_yards': 938.0, 'receiving_tds': 6.0, 'fumbles_lost': 0.0}, 'source': 'nflverse weekly player and team statistics'}","[{'season': 2025, 'games': 17, 'fantasy_points': 132.7, 'points_per_game': 7.81, 'stats': {'rushing_attempts': 2.0, 'rushing_yards': 9.0, 'rushing_tds': 0.0, 'targets': 127.0, 'receptions': 63.0, 'receiving_yards': 938.0, 'receiving_tds': 6.0, 'fumbles_lost': 0.0}, 'source': 'nflverse weekly player and team statistics'}]","{'season': 2026, 'games': None, 'fantasy_points': 155.05, 'stats': {'rushing_attempts': 1.39, 'rushing_yards': 7.29, 'rushing_tds': 0.03, 'receptions': 73.2, 'receiving_yards': 1097.77, 'receiving_tds': 7.49, 'fumbles_lost': 0.0}, 'source': 'FantasyPros consensus projection'}",5,9,160.51,146.41,9,7,20.7,15.7,158
nfl:gsis:00-0038041,Jake Ferguson,TE,DAL,1999-01-18,5,0.5028,1.6,1.0,6.3,93.52,16,107.21,0.0,0.0,-1.6,0.0,0.0,0.0,2,102.0,120.0,,False,,False,"{'season': 2025, 'games': 17, 'fantasy_points': 106.1, 'points_per_game': 6.24, 'stats': {'rushing_yards': 1.0, 'rushing_tds': 0.0, 'targets': 102.0, 'receptions': 82.0, 'receiving_yards': 600.0, 'receiving_tds': 8.0, 'fumbles_lost': 2.0}, 'source': 'nflverse weekly player and team statistics'}","[{'season': 2024, 'games': 14, 'fantasy_points': 45.4, 'points_per_game': 3.24, 'stats': {'rushing_yards': 0.0, 'rushing_tds': 0.0, 'targets': 86.0, 'receptions': 59.0, 'receiving_yards': 494.0, 'receiving_tds': 0.0, 'fumbles_lost': 2.0}, 'source': 'nflverse weekly player and team statistics'}, {'season': 2025, 'games': 17, 'fantasy_points': 106.1, 'points_per_game': 6.24, 'stats': {'rushing_yards': 1.0, 'rushing_tds': 0.0, 'targets': 102.0, 'receptions': 82.0, 'receiving_yards': 600.0, 'receiving_tds': 8.0, 'fumbles_lost': 2.0}, 'source': 'nflverse weekly player and team statistics'}]","{'season': 2026, 'games': None, 'fantasy_points': 93.52, 'stats': {'rushing_yards': 0.51, 'rushing_tds': 0.0, 'receptions': 73.95, 'receiving_yards': 606.4, 'receiving_tds': 5.95, 'fumbles_lost': 2.15}, 'source': 'FantasyPros consensus projection'}",4,6,103.1,90.05,5,18,3.3,1.0,159
nfl:gsis:00-0034869,Sam Darnold,QB,SEA,1997-06-05,9,0.2425,1.6,1.0,6.3,293.971,22,324.973,0.0,0.0,-1.6,0.0,0.0,0.0,0,162.0,133.0,,True,low_draft_probability,False,"{'season': 2025, 'games': 17, 'fantasy_points': 274.42, 'points_per_game': 16.14, 'stats': {'passing_completions': 323.0, 'passing_attempts': 477.0, 'passing_yards': 4048.0, 'passing_tds': 25.0, 'passing_interceptions': 14.0, 'rushing_attempts': 35.0, 'rushing_yards': 95.0, 'rushing_tds': 0.0, 'fumbles_lost': 6.0}, 'source': 'nflverse weekly player and team statistics'}","[{'season': 2024, 'games': 17, 'fantasy_points': 354.96, 'points_per_game': 20.88, 'stats': {'passing_completions': 361.0, 'passing_attempts': 545.0, 'passing_yards': 4319.0, 'passing_tds': 35.0, 'passing_interceptions': 12.0, 'rushing_attempts': 67.0, 'rushing_yards': 212.0, 'rushing_tds': 1.0, 'fumbles_lost': 4.0}, 'source': 'nflverse weekly player and team statistics'}, {'season': 2025, 'games': 17, 'fantasy_points': 274.42, 'points_per_game': 16.14, 'stats': {'passing_completions': 323.0, 'passing_attempts': 477.0, 'passing_yards': 4048.0, 'passing_tds': 25.0, 'passing_interceptions': 14.0, 'rushing_attempts': 35.0, 'rushing_yards': 95.0, 'rushing_tds': 0.0, 'fumbles_lost': 6.0}, 'source': 'nflverse weekly player and team statistics'}]","{'season': 2026, 'games': None, 'fantasy_points': 293.97, 'stats': {'passing_completions': 337.03, 'passing_attempts': 506.87, 'passing_yards': 4091.37, 'passing_tds': 27.35, 'passing_interceptions': 12.78, 'rushing_attempts': 44.02, 'rushing_yards': 131.86, 'rushing_tds': 0.62, 'fumbles_lost': 4.61}, 'source': 'FantasyPros consensus projection'}",5,6,307.7,293.97,5,23,1.6,1.0,160
nfl:gsis:00-0030565,Geno Smith,QB,NYJ,1990-10-10,14,0.005,1.6,1.0,6.3,256.987,26,324.973,0.0,0.0,-1.6,0.0,0.0,0.0,0,,,adp_espn;adp_yahoo,True,missing_market_inputs;low_draft_probability,False,"{'season': 2025, 'games': 15, 'fantasy_points': 209.9, 'points_per_game': 13.99, 'stats': {'passing_completions': 302.0, 'passing_attempts': 448.0, 'passing_yards': 3025.0, 'passing_tds': 19.0, 'passing_interceptions': 17.0, 'rushing_attempts': 41.0, 'rushing_yards': 109.0, 'rushing_tds': 0.0, 'fumbles_lost': 1.0}, 'source': 'nflverse weekly player and team statistics'}","[{'season': 2024, 'games': 17, 'fantasy_points': 302.0, 'points_per_game': 17.76, 'stats': {'passing_completions': 407.0, 'passing_attempts': 578.0, 'passing_yards': 4320.0, 'passing_tds': 21.0, 'passing_interceptions': 15.0, 'rushing_attempts': 53.0, 'rushing_yards': 272.0, 'rushing_tds': 2.0, 'fumbles_lost': 0.0}, 'source': 'nflverse weekly player and team statistics'}, {'season': 2025, 'games': 15, 'fantasy_points': 209.9, 'points_per_game': 13.99, 'stats': {'passing_completions': 302.0, 'passing_attempts': 448.0, 'passing_yards': 3025.0, 'passing_tds': 19.0, 'passing_interceptions': 17.0, 'rushing_attempts': 41.0, 'rushing_yards': 109.0, 'rushing_tds': 0.0, 'fumbles_lost': 1.0}, 'source': 'nflverse weekly player and team statistics'}]","{'season': 2026, 'games': None, 'fantasy_points': 256.99, 'stats': {'passing_completions': 340.72, 'passing_attempts': 520.84, 'passing_yards': 3459.41, 'passing_tds': 22.14, 'passing_interceptions': 14.78, 'rushing_attempts': 57.35, 'rushing_yards': 210.71, 'rushing_tds': 1.01, 'fumbles_lost': 1.3}, 'source': 'FantasyPros consensus projection'}",7,4,256.99,245.24,5,23,1.6,1.0,161
nfl:gsis:00-0033303,Harrison Butker,K,KC,1995-07-14,10,0.4691,1.7,1.0,4.2,131.95,12,132.62,0.0,0.0,-1.7,0.0,0.0,0.0,1,141.0,196.0,,False,low_confidence_special_teams_projection;replacement_boundary,False,"{'season': 2025, 'games': 17, 'fantasy_points': 132.5, 'points_per_game': 7.79, 'stats': {'field_goals_made': 33.0, 'field_goals_attempted': 38.0, 'extra_points_made': 31.0}, 'source': 'nflverse weekly player and team statistics'}","[{'season': 2024, 'games': 13, 'fantasy_points': 92.5, 'points_per_game': 7.12, 'stats': {'field_goals_made': 21.0, 'field_goals_attempted': 25.0, 'extra_points_made': 29.0}, 'source': 'nflverse weekly player and team statistics'}, {'season': 2025, 'games': 17, 'fantasy_points': 132.5, 'points_per_game': 7.79, 'stats': {'field_goals_made': 33.0, 'field_goals_attempted': 38.0, 'extra_points_made': 31.0}, 'source': 'nflverse weekly player and team statistics'}]","{'season': 2026, 'games': None, 'fantasy_points': 131.95, 'stats': {'field_goals_made': 31.28, 'field_goals_attempted': 36.56, 'extra_points_made': 38.11}, 'source': 'FantasyPros consensus projection'}",2,13,144.06,128.51,1,21,5.5,1.0,162
nfl:gsis:00-0040586,Jaydon Blue,RB,DAL,2004-01-08,2,0.1809,1.7,1.0,7.8,45.934,68,92.249,0.0,0.0,-1.7,0.0,0.0,0.0,0,,149.0,adp_espn,False,low_draft_probability,False,"{'season': 2025, 'games': 5, 'fantasy_points': 19.4, 'points_per_game': 3.88, 'stats': {'rushing_attempts': 38.0, 'rushing_yards': 129.0, 'rushing_tds': 1.0, 'targets': 1.0, 'receptions': 1.0, 'receiving_yards': 5.0, 'receiving_tds': 0.0, 'fumbles_lost': 0.0}, 'source': 'nflverse weekly player and team statistics'}","[{'season': 2025, 'games': 5, 'fantasy_points': 19.4, 'points_per_game': 3.88, 'stats': {'rushing_attempts': 38.0, 'rushing_yards': 129.0, 'rushing_tds': 1.0, 'targets': 1.0, 'receptions': 1.0, 'receiving_yards': 5.0, 'receiving_tds': 0.0, 'fumbles_lost': 0.0}, 'source': 'nflverse weekly player and team statistics'}]","{'season': 2026, 'games': None, 'fantasy_points': 45.93, 'stats': {'rushing_attempts': 62.36, 'rushing_yards': 263.0, 'rushing_tds': 1.95, 'receptions': 8.72, 'receiving_yards': 61.74, 'receiving_tds': 0.39, 'fumbles_lost': 0.0}, 'source': 'FantasyPros consensus projection'}",17,9,47.1,31.27,14,54,6.4,1.5,163
nfl:gsis:00-0041032,Kenyon Sadiq,TE,NYJ,2005-03-04,0,0.1617,1.7,1.0,6.5,76.282,24,107.21,0.0,0.0,-1.7,0.0,0.0,0.0,2,147.0,185.0,,True,low_draft_probability,False,,[],"{'season': 2026, 'games': None, 'fantasy_points': 76.28, 'stats': {'rushing_yards': 0.0, 'rushing_tds': 0.0, 'receptions': 48.99, 'receiving_yards': 537.62, 'receiving_tds': 3.99, 'fumbles_lost': 0.5}, 'source': 'FantasyPros consensus projection'}",5,10,83.8,72.45,5,18,3.3,1.0,164
nfl:gsis:00-0041523,Caleb Douglas,WR,MIA,2003-09-09,0,0.005,1.7,1.0,8.8,65.388,82,106.489,0.0,0.0,-1.7,0.0,0.0,0.0,0,217.0,,adp_yahoo,True,low_draft_probability,False,,[],"{'season': 2026, 'games': None, 'fantasy_points': 65.39, 'stats': {'rushing_attempts': 1.0, 'rushing_yards': 5.5, 'rushing_tds': 0.0, 'receptions': 39.45, 'receiving_yards': 508.78, 'receiving_tds': 2.57, 'fumbles_lost': 0.0}, 'source': 'FantasyPros consensus projection'}",10,17,70.2,55.23,12,64,4.7,1.0,165
nfl:gsis:00-0039424,Devaughn Vele,WR,NO,1997-12-12,3,0.005,1.7,1.0,8.8,78.51,68,106.489,0.0,0.0,-1.7,0.0,0.0,0.0,0,,,adp_espn;adp_yahoo,True,missing_market_inputs;low_draft_probability,False,"{'season': 2025, 'games': 9, 'fantasy_points': 41.3, 'points_per_game': 4.59, 'stats': {'rushing_attempts': 0.0, 'rushing_yards': 0.0, 'rushing_tds': 0.0, 'targets': 39.0, 'receptions': 25.0, 'receiving_yards': 293.0, 'receiving_tds': 2.0, 'fumbles_lost': 0.0}, 'source': 'nflverse weekly player and team statistics'}","[{'season': 2024, 'games': 13, 'fantasy_points': 65.5, 'points_per_game': 5.04, 'stats': {'rushing_attempts': 0.0, 'rushing_yards': 0.0, 'rushing_tds': 0.0, 'targets': 55.0, 'receptions': 41.0, 'receiving_yards': 475.0, 'receiving_tds': 3.0, 'fumbles_lost': 0.0}, 'source': 'nflverse weekly player and team statistics'}, {'season': 2025, 'games': 9, 'fantasy_points': 41.3, 'points_per_game': 4.59, 'stats': {'rushing_attempts': 0.0, 'rushing_yards': 0.0, 'rushing_tds': 0.0, 'targets': 39.0, 'receptions': 25.0, 'receiving_yards': 293.0, 'receiving_tds': 2.0, 'fumbles_lost': 0.0}, 'source': 'nflverse weekly player and team statistics'}]","{'season': 2026, 'games': None, 'fantasy_points': 78.51, 'stats': {'rushing_attempts': 0.0, 'rushing_yards': 0.0, 'rushing_tds': 0.0, 'receptions': 47.26, 'receiving_yards': 567.7, 'receiving_tds': 3.69, 'fumbles_lost': 0.2}, 'source': 'FantasyPros consensus projection'}",9,10,87.9,74.28,12,64,4.7,1.0,166
nfl:def:ATL,Atlanta Falcons,DEF,ATL,,,0.7169,1.8,1.0,3.6,105.59,12,106.68,0.0,0.0,-1.8,0.0,0.0,0.0,,,203.0,espn_salary_cap_value;adp_espn,True,missing_market_inputs;low_confidence_special_teams_projection;replacement_boundary,False,"{'season': 2025, 'games': 17, 'fantasy_points': 117.0, 'points_per_game': 6.88, 'stats': {'sacks': 57.0, 'interceptions': 16.0, 'fumble_recoveries': 7.0, 'defensive_tds': 1.0, 'safeties': 0.0, 'special_teams_tds': 0.0}, 'source': 'nflverse weekly player and team statistics'}","[{'season': 2024, 'games': 17, 'fantasy_points': 88.0, 'points_per_game': 5.18, 'stats': {'sacks': 31.0, 'interceptions': 12.0, 'fumble_recoveries': 6.0, 'defensive_tds': 3.0, 'safeties': 1.0, 'special_teams_tds': 0.0}, 'source': 'nflverse weekly player and team statistics'}, {'season': 2025, 'games': 17, 'fantasy_points': 117.0, 'points_per_game': 6.88, 'stats': {'sacks': 57.0, 'interceptions': 16.0, 'fumble_recoveries': 7.0, 'defensive_tds': 1.0, 'safeties': 0.0, 'special_teams_tds': 0.0}, 'source': 'nflverse weekly player and team statistics'}]","{'season': 2026, 'games': None, 'fantasy_points': 105.59, 'stats': {'sacks': 49.43, 'interceptions': 12.61, 'fumble_recoveries': 8.13, 'defensive_tds': 2.28, 'safeties': 0.5, 'special_teams_tds': 0.0}, 'source': 'FantasyPros consensus projection'}",2,13,107.4,92.51,1,22,3.7,1.0,167
nfl:gsis:00-0038608,Kayshon Boutte,WR,HOU,2002-05-07,4,0.005,1.8,1.0,8.9,81.826,67,106.489,0.0,0.0,-1.8,0.0,0.0,0.0,0,,,adp_espn;adp_yahoo,True,missing_market_inputs;low_draft_probability,False,"{'season': 2025, 'games': 14, 'fantasy_points': 91.1, 'points_per_game': 6.51, 'stats': {'rushing_attempts': 0.0, 'rushing_yards': 0.0, 'rushing_tds': 0.0, 'targets': 46.0, 'receptions': 33.0, 'receiving_yards': 551.0, 'receiving_tds': 6.0, 'fumbles_lost': 0.0}, 'source': 'nflverse weekly player and team statistics'}","[{'season': 2024, 'games': 15, 'fantasy_points': 78.9, 'points_per_game': 5.26, 'stats': {'rushing_attempts': 0.0, 'rushing_yards': 0.0, 'rushing_tds': 0.0, 'targets': 68.0, 'receptions': 43.0, 'receiving_yards': 589.0, 'receiving_tds': 3.0, 'fumbles_lost': 0.0}, 'source': 'nflverse weekly player and team statistics'}, {'season': 2025, 'games': 14, 'fantasy_points': 91.1, 'points_per_game': 6.51, 'stats': {'rushing_attempts': 0.0, 'rushing_yards': 0.0, 'rushing_tds': 0.0, 'targets': 46.0, 'receptions': 33.0, 'receiving_yards': 551.0, 'receiving_tds': 6.0, 'fumbles_lost': 0.0}, 'source': 'nflverse weekly player and team statistics'}]","{'season': 2026, 'games': None, 'fantasy_points': 81.83, 'stats': {'rushing_attempts': 0.0, 'rushing_yards': 0.0, 'rushing_tds': 0.0, 'receptions': 39.9, 'receiving_yards': 555.86, 'receiving_tds': 4.43, 'fumbles_lost': 0.0}, 'source': 'FantasyPros consensus projection'}",9,10,87.9,74.28,12,64,4.7,1.0,168
nfl:gsis:00-0039064,Zay Flowers,WR,BAL,2000-09-11,4,0.995,19.2,12.1,26.4,160.508,13,106.489,54.02,17.36,-1.84,16.53,18.21,1.68,22,38.0,36.0,,False,wide_market_price_range,True,"{'season': 2025, 'games': 17, 'fantasy_points': 157.3, 'points_per_game': 9.25, 'stats': {'rushing_attempts': 10.0, 'rushing_yards': 62.0, 'rushing_tds': 1.0, 'targets': 118.0, 'receptions': 86.0, 'receiving_yards': 1211.0, 'receiving_tds': 5.0, 'fumbles_lost': 3.0}, 'source': 'nflverse weekly player and team statistics'}","[{'season': 2024, 'games': 17, 'fantasy_points': 135.5, 'points_per_game': 7.97, 'stats': {'rushing_attempts': 9.0, 'rushing_yards': 56.0, 'rushing_tds': 0.0, 'targets': 116.0, 'receptions': 74.0, 'receiving_yards': 1059.0, 'receiving_tds': 4.0, 'fumbles_lost': 0.0}, 'source': 'nflverse weekly player and team statistics'}, {'season': 2025, 'games': 17, 'fantasy_points': 157.3, 'points_per_game': 9.25, 'stats': {'rushing_attempts': 10.0, 'rushing_yards': 62.0, 'rushing_tds': 1.0, 'targets': 118.0, 'receptions': 86.0, 'receiving_yards': 1211.0, 'receiving_tds': 5.0, 'fumbles_lost': 3.0}, 'source': 'nflverse weekly player and team statistics'}]","{'season': 2026, 'games': None, 'fantasy_points': 160.51, 'stats': {'rushing_attempts': 9.92, 'rushing_yards': 58.8, 'rushing_tds': 0.48, 'receptions': 81.24, 'receiving_yards': 1157.48, 'receiving_tds': 6.5, 'fumbles_lost': 1.7}, 'source': 'FantasyPros consensus projection'}",5,9,160.51,146.41,9,7,20.7,15.7,169
nfl:gsis:00-0026498,Matthew Stafford,QB,LAR,1988-02-07,18,0.7451,3.8,1.0,8.6,327.976,13,324.973,3.0,1.91,-1.89,1.87,7.23,5.36,4,70.0,99.0,,False,replacement_boundary;allocation_sensitive,True,"{'season': 2025, 'games': 17, 'fantasy_points': 404.38, 'points_per_game': 23.79, 'stats': {'passing_completions': 388.0, 'passing_attempts': 597.0, 'passing_yards': 4707.0, 'passing_tds': 46.0, 'passing_interceptions': 8.0, 'rushing_attempts': 29.0, 'rushing_yards': 1.0, 'rushing_tds': 0.0, 'fumbles_lost': 3.0}, 'source': 'nflverse weekly player and team statistics'}","[{'season': 2024, 'games': 16, 'fantasy_points': 242.58, 'points_per_game': 15.16, 'stats': {'passing_completions': 340.0, 'passing_attempts': 517.0, 'passing_yards': 3762.0, 'passing_tds': 20.0, 'passing_interceptions': 8.0, 'rushing_attempts': 30.0, 'rushing_yards': 41.0, 'rushing_tds': 0.0, 'fumbles_lost': 2.0}, 'source': 'nflverse weekly player and team statistics'}, {'season': 2025, 'games': 17, 'fantasy_points': 404.38, 'points_per_game': 23.79, 'stats': {'passing_completions': 388.0, 'passing_attempts': 597.0, 'passing_yards': 4707.0, 'passing_tds': 46.0, 'passing_interceptions': 8.0, 'rushing_attempts': 29.0, 'rushing_yards': 1.0, 'rushing_tds': 0.0, 'fumbles_lost': 3.0}, 'source': 'nflverse weekly player and team statistics'}]","{'season': 2026, 'games': None, 'fantasy_points': 327.98, 'stats': {'passing_completions': 352.68, 'passing_attempts': 546.91, 'passing_yards': 4190.54, 'passing_tds': 33.98, 'passing_interceptions': 8.56, 'rushing_attempts': 23.68, 'rushing_yards': 33.14, 'rushing_tds': 0.2, 'fumbles_lost': 1.85}, 'source': 'FantasyPros consensus projection'}",3,9,337.13,324.97,4,11,6.7,2.3,170
nfl:gsis:00-0040878,Mike Washington Jr.,RB,LV,2003-07-03,0,0.3598,1.9,1.0,8.0,83.22,49,92.249,0.0,0.0,-1.9,0.0,0.0,0.0,0,166.0,131.0,,True,low_draft_probability,False,,[],"{'season': 2026, 'games': None, 'fantasy_points': 83.22, 'stats': {'rushing_attempts': 126.0, 'rushing_yards': 487.11, 'rushing_tds': 3.12, 'receptions': 17.69, 'receiving_yards': 143.49, 'receiving_tds': 0.64, 'fumbles_lost': 1.45}, 'source': 'FantasyPros consensus projection'}",14,12,92.25,78.1,14,54,6.4,1.5,171
nfl:gsis:00-0038597,Chase Brown,RB,CIN,2000-03-21,4,0.995,40.1,34.0,46.2,214.848,9,92.249,122.6,38.14,-1.96,36.2,38.35,2.15,32,18.0,16.0,,False,wide_market_price_range,True,"{'season': 2025, 'games': 17, 'fantasy_points': 213.6, 'points_per_game': 12.56, 'stats': {'rushing_attempts': 232.0, 'rushing_yards': 1019.0, 'rushing_tds': 6.0, 'targets': 88.0, 'receptions': 69.0, 'receiving_yards': 437.0, 'receiving_tds': 5.0, 'fumbles_lost': 0.0}, 'source': 'nflverse weekly player and team statistics'}","[{'season': 2024, 'games': 16, 'fantasy_points': 201.0, 'points_per_game': 12.56, 'stats': {'rushing_attempts': 229.0, 'rushing_yards': 990.0, 'rushing_tds': 7.0, 'targets': 65.0, 'receptions': 54.0, 'receiving_yards': 360.0, 'receiving_tds': 4.0, 'fumbles_lost': 1.0}, 'source': 'nflverse weekly player and team statistics'}, {'season': 2025, 'games': 17, 'fantasy_points': 213.6, 'points_per_game': 12.56, 'stats': {'rushing_attempts': 232.0, 'rushing_yards': 1019.0, 'rushing_tds': 6.0, 'targets': 88.0, 'receptions': 69.0, 'receiving_yards': 437.0, 'receiving_tds': 5.0, 'fumbles_lost': 0.0}, 'source': 'nflverse weekly player and team statistics'}]","{'season': 2026, 'games': None, 'fantasy_points': 214.85, 'stats': {'rushing_attempts': 238.83, 'rushing_yards': 1037.45, 'rushing_tds': 7.8, 'receptions': 63.76, 'receiving_yards': 427.63, 'receiving_tds': 3.95, 'fumbles_lost': 0.86}, 'source': 'FantasyPros consensus projection'}",7,9,214.85,198.94,8,3,41.3,38.4,172
nfl:gsis:00-0038933,Dalton Kincaid,TE,BUF,1999-10-18,4,0.5173,2.0,1.0,6.7,103.099,13,107.21,0.0,0.0,-2.0,0.0,1.0,1.0,2,121.0,96.0,,False,replacement_boundary,False,"{'season': 2025, 'games': 12, 'fantasy_points': 87.1, 'points_per_game': 7.26, 'stats': {'rushing_yards': 0.0, 'rushing_tds': 0.0, 'targets': 49.0, 'receptions': 39.0, 'receiving_yards': 571.0, 'receiving_tds': 5.0, 'fumbles_lost': 0.0}, 'source': 'nflverse weekly player and team statistics'}","[{'season': 2024, 'games': 13, 'fantasy_points': 56.8, 'points_per_game': 4.37, 'stats': {'rushing_yards': 0.0, 'rushing_tds': 0.0, 'targets': 75.0, 'receptions': 44.0, 'receiving_yards': 448.0, 'receiving_tds': 2.0, 'fumbles_lost': 0.0}, 'source': 'nflverse weekly player and team statistics'}, {'season': 2025, 'games': 12, 'fantasy_points': 87.1, 'points_per_game': 7.26, 'stats': {'rushing_yards': 0.0, 'rushing_tds': 0.0, 'targets': 49.0, 'receptions': 39.0, 'receiving_yards': 571.0, 'receiving_tds': 5.0, 'fumbles_lost': 0.0}, 'source': 'nflverse weekly player and team statistics'}]","{'season': 2026, 'games': None, 'fantasy_points': 103.1, 'stats': {'rushing_yards': 0.0, 'rushing_tds': 0.0, 'receptions': 57.09, 'receiving_yards': 706.79, 'receiving_tds': 5.48, 'fumbles_lost': 0.0}, 'source': 'FantasyPros consensus projection'}",4,6,103.1,90.05,5,18,3.3,1.0,173
nfl:gsis:00-0035229,T.J. Hockenson,TE,MIN,1997-07-03,8,0.2462,2.0,1.0,6.7,76.727,23,107.21,0.0,0.0,-2.0,0.0,0.0,0.0,0,129.0,175.0,,False,low_draft_probability,False,"{'season': 2025, 'games': 15, 'fantasy_points': 61.8, 'points_per_game': 4.12, 'stats': {'rushing_yards': 0.0, 'rushing_tds': 0.0, 'targets': 66.0, 'receptions': 51.0, 'receiving_yards': 438.0, 'receiving_tds': 3.0, 'fumbles_lost': 0.0}, 'source': 'nflverse weekly player and team statistics'}","[{'season': 2024, 'games': 10, 'fantasy_points': 45.5, 'points_per_game': 4.55, 'stats': {'rushing_yards': 0.0, 'rushing_tds': 0.0, 'targets': 62.0, 'receptions': 41.0, 'receiving_yards': 455.0, 'receiving_tds': 0.0, 'fumbles_lost': 0.0}, 'source': 'nflverse weekly player and team statistics'}, {'season': 2025, 'games': 15, 'fantasy_points': 61.8, 'points_per_game': 4.12, 'stats': {'rushing_yards': 0.0, 'rushing_tds': 0.0, 'targets': 66.0, 'receptions': 51.0, 'receiving_yards': 438.0, 'receiving_tds': 3.0, 'fumbles_lost': 0.0}, 'source': 'nflverse weekly player and team statistics'}]","{'season': 2026, 'games': None, 'fantasy_points': 76.73, 'stats': {'rushing_yards': 0.0, 'rushing_tds': 0.0, 'receptions': 63.9, 'receiving_yards': 574.47, 'receiving_tds': 3.27, 'fumbles_lost': 0.0}, 'source': 'FantasyPros consensus projection'}",5,10,83.8,72.45,5,18,3.3,1.0,174
nfl:gsis:00-0039032,Tyjae Spears,RB,TEN,2001-06-15,4,0.1757,3.0,1.0,9.1,92.249,45,92.249,0.0,1.0,-2.0,0.0,3.0,3.0,1,156.0,206.0,,False,low_draft_probability;replacement_boundary;allocation_sensitive,True,"{'season': 2025, 'games': 13, 'fantasy_points': 66.7, 'points_per_game': 5.13, 'stats': {'rushing_attempts': 72.0, 'rushing_yards': 283.0, 'rushing_tds': 2.0, 'targets': 50.0, 'receptions': 45.0, 'receiving_yards': 264.0, 'receiving_tds': 0.0, 'fumbles_lost': 0.0}, 'source': 'nflverse weekly player and team statistics'}","[{'season': 2024, 'games': 12, 'fantasy_points': 83.6, 'points_per_game': 6.97, 'stats': {'rushing_attempts': 84.0, 'rushing_yards': 312.0, 'rushing_tds': 4.0, 'targets': 35.0, 'receptions': 30.0, 'receiving_yards': 224.0, 'receiving_tds': 1.0, 'fumbles_lost': 0.0}, 'source': 'nflverse weekly player and team statistics'}, {'season': 2025, 'games': 13, 'fantasy_points': 66.7, 'points_per_game': 5.13, 'stats': {'rushing_attempts': 72.0, 'rushing_yards': 283.0, 'rushing_tds': 2.0, 'targets': 50.0, 'receptions': 45.0, 'receiving_yards': 264.0, 'receiving_tds': 0.0, 'fumbles_lost': 0.0}, 'source': 'nflverse weekly player and team statistics'}]","{'season': 2026, 'games': None, 'fantasy_points': 92.25, 'stats': {'rushing_attempts': 94.84, 'rushing_yards': 379.57, 'rushing_tds': 2.99, 'receptions': 45.85, 'receiving_yards': 306.12, 'receiving_tds': 1.2, 'fumbles_lost': 0.5}, 'source': 'FantasyPros consensus projection'}",14,12,92.25,78.1,14,54,6.4,1.5,175
nfl:gsis:00-0034383,Dalton Schultz,TE,HOU,1996-07-11,9,0.1179,2.0,1.0,6.8,82.514,20,107.21,0.0,0.0,-2.0,0.0,0.0,0.0,0,190.0,165.0,,False,low_draft_probability,False,"{'season': 2025, 'games': 17, 'fantasy_points': 95.7, 'points_per_game': 5.63, 'stats': {'rushing_yards': 0.0, 'rushing_tds': 0.0, 'targets': 106.0, 'receptions': 82.0, 'receiving_yards': 777.0, 'receiving_tds': 3.0, 'fumbles_lost': 0.0}, 'source': 'nflverse weekly player and team statistics'}","[{'season': 2024, 'games': 17, 'fantasy_points': 65.2, 'points_per_game': 3.84, 'stats': {'rushing_yards': 0.0, 'rushing_tds': 0.0, 'targets': 85.0, 'receptions': 53.0, 'receiving_yards': 532.0, 'receiving_tds': 2.0, 'fumbles_lost': 0.0}, 'source': 'nflverse weekly player and team statistics'}, {'season': 2025, 'games': 17, 'fantasy_points': 95.7, 'points_per_game': 5.63, 'stats': {'rushing_yards': 0.0, 'rushing_tds': 0.0, 'targets': 106.0, 'receptions': 82.0, 'receiving_yards': 777.0, 'receiving_tds': 3.0, 'fumbles_lost': 0.0}, 'source': 'nflverse weekly player and team statistics'}]","{'season': 2026, 'games': None, 'fantasy_points': 82.51, 'stats': {'rushing_yards': 0.0, 'rushing_tds': 0.0, 'receptions': 65.84, 'receiving_yards': 627.14, 'receiving_tds': 3.36, 'fumbles_lost': 0.0}, 'source': 'FantasyPros consensus projection'}",5,10,83.8,72.45,5,18,3.3,1.0,176
nfl:gsis:00-0039732,Bo Nix,QB,DEN,2000-02-25,3,0.7574,3.1,1.0,7.8,324.973,15,324.973,0.0,1.0,-2.1,1.0,6.31,5.31,4,76.0,98.0,,False,replacement_boundary;allocation_sensitive,True,"{'season': 2025, 'games': 17, 'fantasy_points': 340.84, 'points_per_game': 20.05, 'stats': {'passing_completions': 388.0, 'passing_attempts': 612.0, 'passing_yards': 3931.0, 'passing_tds': 25.0, 'passing_interceptions': 11.0, 'rushing_attempts': 83.0, 'rushing_yards': 356.0, 'rushing_tds': 5.0, 'fumbles_lost': 2.0}, 'source': 'nflverse weekly player and team statistics'}","[{'season': 2024, 'games': 17, 'fantasy_points': 357.2, 'points_per_game': 21.01, 'stats': {'passing_completions': 376.0, 'passing_attempts': 567.0, 'passing_yards': 3775.0, 'passing_tds': 29.0, 'passing_interceptions': 12.0, 'rushing_attempts': 92.0, 'rushing_yards': 430.0, 'rushing_tds': 4.0, 'fumbles_lost': 0.0}, 'source': 'nflverse weekly player and team statistics'}, {'season': 2025, 'games': 17, 'fantasy_points': 340.84, 'points_per_game': 20.05, 'stats': {'passing_completions': 388.0, 'passing_attempts': 612.0, 'passing_yards': 3931.0, 'passing_tds': 25.0, 'passing_interceptions': 11.0, 'rushing_attempts': 83.0, 'rushing_yards': 356.0, 'rushing_tds': 5.0, 'fumbles_lost': 2.0}, 'source': 'nflverse weekly player and team statistics'}]","{'season': 2026, 'games': None, 'fantasy_points': 324.97, 'stats': {'passing_completions': 354.97, 'passing_attempts': 555.15, 'passing_yards': 3744.8, 'passing_tds': 26.84, 'passing_interceptions': 11.04, 'rushing_attempts': 79.1, 'rushing_yards': 341.41, 'rushing_tds': 3.66, 'fumbles_lost': 1.25}, 'source': 'FantasyPros consensus projection'}",3,9,337.13,324.97,4,11,6.7,2.3,177
nfl:def:BAL,Baltimore Ravens,DEF,BAL,,,0.3227,2.1,1.0,3.9,105.28,13,106.68,0.0,0.0,-2.1,0.0,0.0,0.0,1,127.0,217.0,,False,low_confidence_special_teams_projection;low_draft_probability;replacement_boundary,False,"{'season': 2025, 'games': 17, 'fantasy_points': 88.0, 'points_per_game': 5.18, 'stats': {'sacks': 30.0, 'interceptions': 11.0, 'fumble_recoveries': 9.0, 'defensive_tds': 1.0, 'safeties': 0.0, 'special_teams_tds': 0.0}, 'source': 'nflverse weekly player and team statistics'}","[{'season': 2024, 'games': 17, 'fantasy_points': 116.0, 'points_per_game': 6.82, 'stats': {'sacks': 53.0, 'interceptions': 12.0, 'fumble_recoveries': 5.0, 'defensive_tds': 2.0, 'safeties': 0.0, 'special_teams_tds': 0.0}, 'source': 'nflverse weekly player and team statistics'}, {'season': 2025, 'games': 17, 'fantasy_points': 88.0, 'points_per_game': 5.18, 'stats': {'sacks': 30.0, 'interceptions': 11.0, 'fumble_recoveries': 9.0, 'defensive_tds': 1.0, 'safeties': 0.0, 'special_teams_tds': 0.0}, 'source': 'nflverse weekly player and team statistics'}]","{'season': 2026, 'games': None, 'fantasy_points': 105.28, 'stats': {'sacks': 46.06, 'interceptions': 12.78, 'fumble_recoveries': 8.95, 'defensive_tds': 1.96, 'safeties': 0.0, 'special_teams_tds': 1.0}, 'source': 'FantasyPros consensus projection'}",2,13,107.4,92.51,1,22,3.7,1.0,178
nfl:gsis:00-0041037,Denzel Boston,WR,CLE,2003-12-06,0,0.09,2.1,1.0,9.2,95.863,57,106.489,0.0,0.0,-2.1,0.0,0.0,0.0,0,176.0,198.0,,True,low_draft_probability,False,,[],"{'season': 2026, 'games': None, 'fantasy_points': 95.86, 'stats': {'rushing_attempts': 1.0, 'rushing_yards': 5.0, 'rushing_tds': 0.0, 'receptions': 62.21, 'receiving_yards': 770.03, 'receiving_tds': 3.49, 'fumbles_lost': 1.2}, 'source': 'FantasyPros consensus projection'}",8,17,106.9,91.85,12,64,4.7,1.0,179
nfl:gsis:00-0037291,Jalen Nailor,WR,LV,1999-03-02,5,0.0407,2.1,1.0,9.2,83.529,65,106.489,0.0,0.0,-2.1,0.0,0.0,0.0,0,,184.0,adp_espn,True,low_draft_probability,False,"{'season': 2025, 'games': 17, 'fantasy_points': 71.7, 'points_per_game': 4.22, 'stats': {'rushing_attempts': 2.0, 'rushing_yards': 13.0, 'rushing_tds': 0.0, 'targets': 53.0, 'receptions': 29.0, 'receiving_yards': 444.0, 'receiving_tds': 4.0, 'fumbles_lost': 0.0}, 'source': 'nflverse weekly player and team statistics'}","[{'season': 2024, 'games': 15, 'fantasy_points': 75.0, 'points_per_game': 5.0, 'stats': {'rushing_attempts': 3.0, 'rushing_yards': -4.0, 'rushing_tds': 0.0, 'targets': 42.0, 'receptions': 28.0, 'receiving_yards': 414.0, 'receiving_tds': 6.0, 'fumbles_lost': 1.0}, 'source': 'nflverse weekly player and team statistics'}, {'season': 2025, 'games': 17, 'fantasy_points': 71.7, 'points_per_game': 4.22, 'stats': {'rushing_attempts': 2.0, 'rushing_yards': 13.0, 'rushing_tds': 0.0, 'targets': 53.0, 'receptions': 29.0, 'receiving_yards': 444.0, 'receiving_tds': 4.0, 'fumbles_lost': 0.0}, 'source': 'nflverse weekly player and team statistics'}]","{'season': 2026, 'games': None, 'fantasy_points': 83.53, 'stats': {'rushing_attempts': 2.04, 'rushing_yards': 9.0, 'rushing_tds': 0.04, 'receptions': 43.67, 'receiving_yards': 587.69, 'receiving_tds': 4.01, 'fumbles_lost': 0.0}, 'source': 'FantasyPros consensus projection'}",9,10,87.9,74.28,12,64,4.7,1.0,180
nfl:gsis:00-0037838,Isaiah Likely,TE,NYG,2000-04-18,5,0.4519,2.2,1.0,6.9,102.191,14,107.21,0.0,0.0,-2.2,0.0,0.0,0.0,2,119.0,110.0,,True,replacement_boundary,False,"{'season': 2025, 'games': 12, 'fantasy_points': 34.7, 'points_per_game': 2.89, 'stats': {'rushing_yards': 0.0, 'rushing_tds': 0.0, 'targets': 36.0, 'receptions': 27.0, 'receiving_yards': 307.0, 'receiving_tds': 1.0, 'fumbles_lost': 1.0}, 'source': 'nflverse weekly player and team statistics'}","[{'season': 2024, 'games': 15, 'fantasy_points': 81.7, 'points_per_game': 5.45, 'stats': {'rushing_yards': 0.0, 'rushing_tds': 0.0, 'targets': 58.0, 'receptions': 42.0, 'receiving_yards': 477.0, 'receiving_tds': 6.0, 'fumbles_lost': 1.0}, 'source': 'nflverse weekly player and team statistics'}, {'season': 2025, 'games': 12, 'fantasy_points': 34.7, 'points_per_game': 2.89, 'stats': {'rushing_yards': 0.0, 'rushing_tds': 0.0, 'targets': 36.0, 'receptions': 27.0, 'receiving_yards': 307.0, 'receiving_tds': 1.0, 'fumbles_lost': 1.0}, 'source': 'nflverse weekly player and team statistics'}]","{'season': 2026, 'games': None, 'fantasy_points': 102.19, 'stats': {'rushing_yards': 0.0, 'rushing_tds': 0.0, 'receptions': 63.11, 'receiving_yards': 745.31, 'receiving_tds': 5.03, 'fumbles_lost': 1.45}, 'source': 'FantasyPros consensus projection'}",4,6,103.1,90.05,5,18,3.3,1.0,181
nfl:gsis:00-0039491,Jalen Coker,WR,CAR,2001-10-30,3,0.0992,2.2,1.0,9.3,97.078,55,106.489,0.0,0.0,-2.2,0.0,0.0,0.0,1,160.0,205.0,,True,low_draft_probability,False,"{'season': 2025, 'games': 11, 'fantasy_points': 57.4, 'points_per_game': 5.22, 'stats': {'rushing_attempts': 0.0, 'rushing_yards': 0.0, 'rushing_tds': 0.0, 'targets': 43.0, 'receptions': 33.0, 'receiving_yards': 394.0, 'receiving_tds': 3.0, 'fumbles_lost': 1.0}, 'source': 'nflverse weekly player and team statistics'}","[{'season': 2025, 'games': 11, 'fantasy_points': 57.4, 'points_per_game': 5.22, 'stats': {'rushing_attempts': 0.0, 'rushing_yards': 0.0, 'rushing_tds': 0.0, 'targets': 43.0, 'receptions': 33.0, 'receiving_yards': 394.0, 'receiving_tds': 3.0, 'fumbles_lost': 1.0}, 'source': 'nflverse weekly player and team statistics'}]","{'season': 2026, 'games': None, 'fantasy_points': 97.08, 'stats': {'rushing_attempts': 0.0, 'rushing_yards': 0.0, 'rushing_tds': 0.0, 'receptions': 60.7, 'receiving_yards': 717.98, 'receiving_tds': 4.48, 'fumbles_lost': 0.85}, 'source': 'FantasyPros consensus projection'}",8,17,106.9,91.85,12,64,4.7,1.0,182
nfl:gsis:00-0033288,George Kittle,TE,SF,1993-10-09,10,0.7409,5.8,1.0,10.5,115.657,6,107.21,8.45,3.56,-2.24,3.33,5.0,1.67,2,79.0,81.0,,False,,True,"{'season': 2025, 'games': 11, 'fantasy_points': 104.5, 'points_per_game': 9.5, 'stats': {'rushing_yards': -3.0, 'rushing_tds': 0.0, 'targets': 69.0, 'receptions': 57.0, 'receiving_yards': 628.0, 'receiving_tds': 7.0, 'fumbles_lost': 0.0}, 'source': 'nflverse weekly player and team statistics'}","[{'season': 2024, 'games': 15, 'fantasy_points': 158.6, 'points_per_game': 10.57, 'stats': {'rushing_yards': 0.0, 'rushing_tds': 0.0, 'targets': 94.0, 'receptions': 78.0, 'receiving_yards': 1106.0, 'receiving_tds': 8.0, 'fumbles_lost': 0.0}, 'source': 'nflverse weekly player and team statistics'}, {'season': 2025, 'games': 11, 'fantasy_points': 104.5, 'points_per_game': 9.5, 'stats': {'rushing_yards': -3.0, 'rushing_tds': 0.0, 'targets': 69.0, 'receptions': 57.0, 'receiving_yards': 628.0, 'receiving_tds': 7.0, 'fumbles_lost': 0.0}, 'source': 'nflverse weekly player and team statistics'}]","{'season': 2026, 'games': None, 'fantasy_points': 115.66, 'stats': {'rushing_yards': -0.67, 'rushing_tds': 0.0, 'receptions': 69.43, 'receiving_yards': 787.57, 'receiving_tds': 6.21, 'fumbles_lost': 0.4}, 'source': 'FantasyPros consensus projection'}",3,9,120.23,107.21,4,13,8.4,3.4,183
nfl:gsis:00-0036162,Tyler Bass,K,BUF,1997-02-14,7,0.8346,2.3,1.0,4.8,123.58,18,132.62,0.0,0.0,-2.3,0.0,0.0,0.0,,214.0,210.0,espn_salary_cap_value,False,low_confidence_special_teams_projection,False,,"[{'season': 2024, 'games': 17, 'fantasy_points': 130.5, 'points_per_game': 7.68, 'stats': {'field_goals_made': 24.0, 'field_goals_attempted': 29.0, 'extra_points_made': 59.0}, 'source': 'nflverse weekly player and team statistics'}]","{'season': 2026, 'games': None, 'fantasy_points': 123.58, 'stats': {'field_goals_made': 25.61, 'field_goals_attempted': 30.87, 'extra_points_made': 46.75}, 'source': 'FantasyPros consensus projection'}",3,6,126.36,118.33,1,21,5.5,1.0,184
nfl:gsis:00-0033106,Jared Goff,QB,DET,1994-10-14,11,0.3428,2.3,1.0,7.1,319.467,16,324.973,0.0,0.0,-2.3,0.0,4.61,4.61,1,132.0,117.0,,False,low_draft_probability;replacement_boundary;allocation_sensitive,False,"{'season': 2025, 'games': 17, 'fantasy_points': 339.06, 'points_per_game': 19.94, 'stats': {'passing_completions': 393.0, 'passing_attempts': 578.0, 'passing_yards': 4564.0, 'passing_tds': 34.0, 'passing_interceptions': 8.0, 'rushing_attempts': 19.0, 'rushing_yards': 45.0, 'rushing_tds': 0.0, 'fumbles_lost': 5.0}, 'source': 'nflverse weekly player and team statistics'}","[{'season': 2024, 'games': 17, 'fantasy_points': 372.46, 'points_per_game': 21.91, 'stats': {'passing_completions': 390.0, 'passing_attempts': 539.0, 'passing_yards': 4629.0, 'passing_tds': 37.0, 'passing_interceptions': 12.0, 'rushing_attempts': 35.0, 'rushing_yards': 56.0, 'rushing_tds': 0.0, 'fumbles_lost': 0.0}, 'source': 'nflverse weekly player and team statistics'}, {'season': 2025, 'games': 17, 'fantasy_points': 339.06, 'points_per_game': 19.94, 'stats': {'passing_completions': 393.0, 'passing_attempts': 578.0, 'passing_yards': 4564.0, 'passing_tds': 34.0, 'passing_interceptions': 8.0, 'rushing_attempts': 19.0, 'rushing_yards': 45.0, 'rushing_tds': 0.0, 'fumbles_lost': 5.0}, 'source': 'nflverse weekly player and team statistics'}]","{'season': 2026, 'games': None, 'fantasy_points': 319.47, 'stats': {'passing_completions': 373.77, 'passing_attempts': 547.33, 'passing_yards': 4308.02, 'passing_tds': 31.68, 'passing_interceptions': 9.99, 'rushing_attempts': 23.74, 'rushing_yards': 48.16, 'rushing_tds': 0.23, 'fumbles_lost': 3.25}, 'source': 'FantasyPros consensus projection'}",4,1,319.47,319.47,4,11,6.7,2.3,185
nfl:gsis:00-0031136,Chris Boswell,K,PIT,1991-03-16,12,0.3239,2.3,1.0,4.9,118.33,23,132.62,0.0,0.0,-2.3,0.0,0.0,0.0,0,167.0,212.0,,False,low_confidence_special_teams_projection;low_draft_probability,False,"{'season': 2025, 'games': 17, 'fantasy_points': 131.0, 'points_per_game': 7.71, 'stats': {'field_goals_made': 27.0, 'field_goals_attempted': 32.0, 'extra_points_made': 42.0}, 'source': 'nflverse weekly player and team statistics'}","[{'season': 2024, 'games': 17, 'fantasy_points': 171.0, 'points_per_game': 10.06, 'stats': {'field_goals_made': 41.0, 'field_goals_attempted': 44.0, 'extra_points_made': 35.0}, 'source': 'nflverse weekly player and team statistics'}, {'season': 2025, 'games': 17, 'fantasy_points': 131.0, 'points_per_game': 7.71, 'stats': {'field_goals_made': 27.0, 'field_goals_attempted': 32.0, 'extra_points_made': 42.0}, 'source': 'nflverse weekly player and team statistics'}]","{'season': 2026, 'games': None, 'fantasy_points': 118.33, 'stats': {'field_goals_made': 28.12, 'field_goals_attempted': 32.37, 'extra_points_made': 33.97}, 'source': 'FantasyPros consensus projection'}",3,6,126.36,118.33,1,21,5.5,1.0,186
nfl:gsis:00-0033885,David Njoku,TE,LAC,1996-07-10,12,0.0965,2.4,1.0,7.1,65.138,29,107.21,0.0,0.0,-2.4,0.0,0.0,0.0,0,216.0,141.0,,False,low_draft_probability,False,"{'season': 2025, 'games': 11, 'fantasy_points': 53.3, 'points_per_game': 4.85, 'stats': {'rushing_yards': 0.0, 'rushing_tds': 0.0, 'targets': 48.0, 'receptions': 33.0, 'receiving_yards': 293.0, 'receiving_tds': 4.0, 'fumbles_lost': 0.0}, 'source': 'nflverse weekly player and team statistics'}","[{'season': 2024, 'games': 11, 'fantasy_points': 84.5, 'points_per_game': 7.68, 'stats': {'rushing_yards': 0.0, 'rushing_tds': 0.0, 'targets': 97.0, 'receptions': 64.0, 'receiving_yards': 505.0, 'receiving_tds': 5.0, 'fumbles_lost': 0.0}, 'source': 'nflverse weekly player and team statistics'}, {'season': 2025, 'games': 11, 'fantasy_points': 53.3, 'points_per_game': 4.85, 'stats': {'rushing_yards': 0.0, 'rushing_tds': 0.0, 'targets': 48.0, 'receptions': 33.0, 'receiving_yards': 293.0, 'receiving_tds': 4.0, 'fumbles_lost': 0.0}, 'source': 'nflverse weekly player and team statistics'}]","{'season': 2026, 'games': None, 'fantasy_points': 65.14, 'stats': {'rushing_yards': 0.0, 'rushing_tds': 0.0, 'receptions': 42.29, 'receiving_yards': 396.58, 'receiving_tds': 4.29, 'fumbles_lost': 0.0}, 'source': 'FantasyPros consensus projection'}",6,6,65.14,57.19,5,18,3.3,1.0,187
nfl:gsis:00-0036893,Najee Harris,RB,NYG,1998-03-09,6,0.0459,2.5,1.0,8.5,63.339,63,92.249,0.0,0.0,-2.5,0.0,0.0,0.0,0,,,adp_espn;adp_yahoo,False,missing_market_inputs;low_draft_probability,False,"{'season': 2025, 'games': 3, 'fantasy_points': 8.6, 'points_per_game': 2.87, 'stats': {'rushing_attempts': 15.0, 'rushing_yards': 61.0, 'rushing_tds': 0.0, 'targets': 3.0, 'receptions': 3.0, 'receiving_yards': 25.0, 'receiving_tds': 0.0, 'fumbles_lost': 0.0}, 'source': 'nflverse weekly player and team statistics'}","[{'season': 2024, 'games': 17, 'fantasy_points': 168.6, 'points_per_game': 9.92, 'stats': {'rushing_attempts': 263.0, 'rushing_yards': 1043.0, 'rushing_tds': 6.0, 'targets': 48.0, 'receptions': 36.0, 'receiving_yards': 283.0, 'receiving_tds': 0.0, 'fumbles_lost': 0.0}, 'source': 'nflverse weekly player and team statistics'}, {'season': 2025, 'games': 3, 'fantasy_points': 8.6, 'points_per_game': 2.87, 'stats': {'rushing_attempts': 15.0, 'rushing_yards': 61.0, 'rushing_tds': 0.0, 'targets': 3.0, 'receptions': 3.0, 'receiving_yards': 25.0, 'receiving_tds': 0.0, 'fumbles_lost': 0.0}, 'source': 'nflverse weekly player and team statistics'}]","{'season': 2026, 'games': None, 'fantasy_points': 63.34, 'stats': {'rushing_attempts': 93.37, 'rushing_yards': 390.8, 'rushing_tds': 2.63, 'receptions': 10.59, 'receiving_yards': 75.59, 'receiving_tds': 0.21, 'fumbles_lost': 0.0}, 'source': 'FantasyPros consensus projection'}",15,7,73.1,61.86,14,54,6.4,1.5,188
nfl:gsis:00-0039915,Ladd McConkey,WR,LAC,2001-11-11,3,0.995,14.0,6.8,21.1,141.052,23,106.489,34.56,11.47,-2.53,10.92,12.01,1.09,15,45.0,44.0,,False,wide_market_price_range,True,"{'season': 2025, 'games': 16, 'fantasy_points': 114.9, 'points_per_game': 7.18, 'stats': {'rushing_attempts': 0.0, 'rushing_yards': 0.0, 'rushing_tds': 0.0, 'targets': 106.0, 'receptions': 66.0, 'receiving_yards': 789.0, 'receiving_tds': 6.0, 'fumbles_lost': 0.0}, 'source': 'nflverse weekly player and team statistics'}","[{'season': 2024, 'games': 16, 'fantasy_points': 158.9, 'points_per_game': 9.93, 'stats': {'rushing_attempts': 0.0, 'rushing_yards': 0.0, 'rushing_tds': 0.0, 'targets': 112.0, 'receptions': 82.0, 'receiving_yards': 1149.0, 'receiving_tds': 7.0, 'fumbles_lost': 0.0}, 'source': 'nflverse weekly player and team statistics'}, {'season': 2025, 'games': 16, 'fantasy_points': 114.9, 'points_per_game': 7.18, 'stats': {'rushing_attempts': 0.0, 'rushing_yards': 0.0, 'rushing_tds': 0.0, 'targets': 106.0, 'receptions': 66.0, 'receiving_yards': 789.0, 'receiving_tds': 6.0, 'fumbles_lost': 0.0}, 'source': 'nflverse weekly player and team statistics'}]","{'season': 2026, 'games': None, 'fantasy_points': 141.05, 'stats': {'rushing_attempts': 0.0, 'rushing_yards': 0.0, 'rushing_tds': 0.0, 'receptions': 79.21, 'receiving_yards': 1010.12, 'receiving_tds': 6.77, 'fumbles_lost': 0.0}, 'source': 'FantasyPros consensus projection'}",6,12,142.71,130.97,10,3,14.0,11.1,189
nfl:gsis:00-0040691,Jaxson Dart,QB,NYG,2003-05-13,2,0.7956,5.7,1.0,10.4,332.041,10,324.973,7.07,3.14,-2.56,3.04,8.48,5.44,5,66.0,87.0,,True,allocation_sensitive,True,"{'season': 2025, 'games': 14, 'fantasy_points': 261.58, 'points_per_game': 18.68, 'stats': {'passing_completions': 216.0, 'passing_attempts': 339.0, 'passing_yards': 2272.0, 'passing_tds': 15.0, 'passing_interceptions': 5.0, 'rushing_attempts': 86.0, 'rushing_yards': 487.0, 'rushing_tds': 9.0, 'fumbles_lost': 2.0}, 'source': 'nflverse weekly player and team statistics'}","[{'season': 2025, 'games': 14, 'fantasy_points': 261.58, 'points_per_game': 18.68, 'stats': {'passing_completions': 216.0, 'passing_attempts': 339.0, 'passing_yards': 2272.0, 'passing_tds': 15.0, 'passing_interceptions': 5.0, 'rushing_attempts': 86.0, 'rushing_yards': 487.0, 'rushing_tds': 9.0, 'fumbles_lost': 2.0}, 'source': 'nflverse weekly player and team statistics'}]","{'season': 2026, 'games': None, 'fantasy_points': 332.04, 'stats': {'passing_completions': 324.71, 'passing_attempts': 509.98, 'passing_yards': 3591.43, 'passing_tds': 22.26, 'passing_interceptions': 11.05, 'rushing_attempts': 100.92, 'rushing_yards': 549.14, 'rushing_tds': 6.49, 'fumbles_lost': 2.58}, 'source': 'FantasyPros consensus projection'}",3,9,337.13,324.97,4,11,6.7,2.3,190
nfl:gsis:00-0036040,Juwan Johnson,TE,NO,1996-09-13,7,0.1724,2.6,1.0,7.3,90.045,18,107.21,0.0,0.0,-2.6,0.0,0.0,0.0,0,163.0,156.0,,True,low_draft_probability,False,"{'season': 2025, 'games': 17, 'fantasy_points': 102.9, 'points_per_game': 6.05, 'stats': {'rushing_yards': 0.0, 'rushing_tds': 0.0, 'targets': 102.0, 'receptions': 77.0, 'receiving_yards': 889.0, 'receiving_tds': 3.0, 'fumbles_lost': 2.0}, 'source': 'nflverse weekly player and team statistics'}","[{'season': 2024, 'games': 15, 'fantasy_points': 72.8, 'points_per_game': 4.85, 'stats': {'rushing_yards': 0.0, 'rushing_tds': 0.0, 'targets': 66.0, 'receptions': 50.0, 'receiving_yards': 548.0, 'receiving_tds': 3.0, 'fumbles_lost': 0.0}, 'source': 'nflverse weekly player and team statistics'}, {'season': 2025, 'games': 17, 'fantasy_points': 102.9, 'points_per_game': 6.05, 'stats': {'rushing_yards': 0.0, 'rushing_tds': 0.0, 'targets': 102.0, 'receptions': 77.0, 'receiving_yards': 889.0, 'receiving_tds': 3.0, 'fumbles_lost': 2.0}, 'source': 'nflverse weekly player and team statistics'}]","{'season': 2026, 'games': None, 'fantasy_points': 90.05, 'stats': {'rushing_yards': 0.0, 'rushing_tds': 0.0, 'receptions': 64.69, 'receiving_yards': 730.25, 'receiving_tds': 3.27, 'fumbles_lost': 1.65}, 'source': 'FantasyPros consensus projection'}",4,6,103.1,90.05,5,18,3.3,1.0,191
nfl:gsis:00-0041013,Emmett Johnson,RB,KC,2003-10-10,0,0.1331,2.6,1.0,8.7,29.5,83,92.249,0.0,0.0,-2.6,0.0,0.0,0.0,0,,162.0,adp_espn,True,low_draft_probability,False,,[],"{'season': 2026, 'games': None, 'fantasy_points': 29.5, 'stats': {'rushing_attempts': 39.77, 'rushing_yards': 166.15, 'rushing_tds': 1.3, 'receptions': 5.71, 'receiving_yards': 41.25, 'receiving_tds': 0.2, 'fumbles_lost': 0.0}, 'source': 'FantasyPros consensus projection'}",18,5,30.88,28.11,14,54,6.4,1.5,192
nfl:gsis:00-0033526,Samaje Perine,RB,CIN,1995-09-16,10,0.0582,2.6,1.0,8.6,78.249,56,92.249,0.0,0.0,-2.6,0.0,0.0,0.0,0,,,adp_espn;adp_yahoo,False,missing_market_inputs;low_draft_probability,False,"{'season': 2025, 'games': 15, 'fantasy_points': 60.9, 'points_per_game': 4.06, 'stats': {'rushing_attempts': 84.0, 'rushing_yards': 382.0, 'rushing_tds': 3.0, 'targets': 21.0, 'receptions': 17.0, 'receiving_yards': 87.0, 'receiving_tds': 0.0, 'fumbles_lost': 2.0}, 'source': 'nflverse weekly player and team statistics'}","[{'season': 2024, 'games': 17, 'fantasy_points': 53.4, 'points_per_game': 3.14, 'stats': {'rushing_attempts': 20.0, 'rushing_yards': 92.0, 'rushing_tds': 1.0, 'targets': 35.0, 'receptions': 28.0, 'receiving_yards': 322.0, 'receiving_tds': 1.0, 'fumbles_lost': 0.0}, 'source': 'nflverse weekly player and team statistics'}, {'season': 2025, 'games': 15, 'fantasy_points': 60.9, 'points_per_game': 4.06, 'stats': {'rushing_attempts': 84.0, 'rushing_yards': 382.0, 'rushing_tds': 3.0, 'targets': 21.0, 'receptions': 17.0, 'receiving_yards': 87.0, 'receiving_tds': 0.0, 'fumbles_lost': 2.0}, 'source': 'nflverse weekly player and team statistics'}]","{'season': 2026, 'games': None, 'fantasy_points': 78.25, 'stats': {'rushing_attempts': 98.53, 'rushing_yards': 441.81, 'rushing_tds': 3.68, 'receptions': 17.9, 'receiving_yards': 135.68, 'receiving_tds': 0.37, 'fumbles_lost': 2.25}, 'source': 'FantasyPros consensus projection'}",14,12,92.25,78.1,14,54,6.4,1.5,193
nfl:gsis:00-0040162,Dylan Sampson,RB,CLE,2004-09-14,2,0.0478,2.6,1.0,8.7,73.101,58,92.249,0.0,0.0,-2.6,0.0,0.0,0.0,0,,,adp_espn;adp_yahoo,False,missing_market_inputs;low_draft_probability,False,"{'season': 2025, 'games': 15, 'fantasy_points': 54.6, 'points_per_game': 3.64, 'stats': {'rushing_attempts': 65.0, 'rushing_yards': 175.0, 'rushing_tds': 0.0, 'targets': 40.0, 'receptions': 33.0, 'receiving_yards': 271.0, 'receiving_tds': 2.0, 'fumbles_lost': 1.0}, 'source': 'nflverse weekly player and team statistics'}","[{'season': 2025, 'games': 15, 'fantasy_points': 54.6, 'points_per_game': 3.64, 'stats': {'rushing_attempts': 65.0, 'rushing_yards': 175.0, 'rushing_tds': 0.0, 'targets': 40.0, 'receptions': 33.0, 'receiving_yards': 271.0, 'receiving_tds': 2.0, 'fumbles_lost': 1.0}, 'source': 'nflverse weekly player and team statistics'}]","{'season': 2026, 'games': None, 'fantasy_points': 73.1, 'stats': {'rushing_attempts': 74.2, 'rushing_yards': 257.2, 'rushing_tds': 1.36, 'receptions': 37.95, 'receiving_yards': 291.81, 'receiving_tds': 2.07, 'fumbles_lost': 1.6}, 'source': 'FantasyPros consensus projection'}",15,7,73.1,61.86,14,54,6.4,1.5,194
nfl:gsis:00-0030506,Travis Kelce,TE,KC,1989-10-05,14,0.67,3.7,1.0,8.5,107.21,12,107.21,0.0,1.0,-2.7,0.0,2.31,2.31,2,87.0,90.0,,False,replacement_boundary,True,"{'season': 2025, 'games': 17, 'fantasy_points': 117.2, 'points_per_game': 6.89, 'stats': {'rushing_yards': 1.0, 'rushing_tds': 0.0, 'targets': 108.0, 'receptions': 76.0, 'receiving_yards': 851.0, 'receiving_tds': 5.0, 'fumbles_lost': 0.0}, 'source': 'nflverse weekly player and team statistics'}","[{'season': 2024, 'games': 16, 'fantasy_points': 98.4, 'points_per_game': 6.15, 'stats': {'rushing_yards': 1.0, 'rushing_tds': 0.0, 'targets': 133.0, 'receptions': 97.0, 'receiving_yards': 823.0, 'receiving_tds': 3.0, 'fumbles_lost': 1.0}, 'source': 'nflverse weekly player and team statistics'}, {'season': 2025, 'games': 17, 'fantasy_points': 117.2, 'points_per_game': 6.89, 'stats': {'rushing_yards': 1.0, 'rushing_tds': 0.0, 'targets': 108.0, 'receptions': 76.0, 'receiving_yards': 851.0, 'receiving_tds': 5.0, 'fumbles_lost': 0.0}, 'source': 'nflverse weekly player and team statistics'}]","{'season': 2026, 'games': None, 'fantasy_points': 107.21, 'stats': {'rushing_yards': 0.51, 'rushing_tds': 0.0, 'receptions': 75.31, 'receiving_yards': 786.3, 'receiving_tds': 4.85, 'fumbles_lost': 0.23}, 'source': 'FantasyPros consensus projection'}",3,9,120.23,107.21,4,13,8.4,3.4,195
nfl:gsis:00-0037263,Tyler Allgeier,RB,ARI,2000-04-15,5,0.2226,2.7,1.0,8.8,81.541,52,92.249,0.0,0.0,-2.7,0.0,0.0,0.0,0,165.0,181.0,,True,low_draft_probability,False,"{'season': 2025, 'games': 17, 'fantasy_points': 109.0, 'points_per_game': 6.41, 'stats': {'rushing_attempts': 143.0, 'rushing_yards': 514.0, 'rushing_tds': 8.0, 'targets': 16.0, 'receptions': 14.0, 'receiving_yards': 96.0, 'receiving_tds': 0.0, 'fumbles_lost': 0.0}, 'source': 'nflverse weekly player and team statistics'}","[{'season': 2024, 'games': 17, 'fantasy_points': 93.2, 'points_per_game': 5.48, 'stats': {'rushing_attempts': 137.0, 'rushing_yards': 644.0, 'rushing_tds': 3.0, 'targets': 13.0, 'receptions': 13.0, 'receiving_yards': 88.0, 'receiving_tds': 0.0, 'fumbles_lost': 0.0}, 'source': 'nflverse weekly player and team statistics'}, {'season': 2025, 'games': 17, 'fantasy_points': 109.0, 'points_per_game': 6.41, 'stats': {'rushing_attempts': 143.0, 'rushing_yards': 514.0, 'rushing_tds': 8.0, 'targets': 16.0, 'receptions': 14.0, 'receiving_yards': 96.0, 'receiving_tds': 0.0, 'fumbles_lost': 0.0}, 'source': 'nflverse weekly player and team statistics'}]","{'season': 2026, 'games': None, 'fantasy_points': 81.54, 'stats': {'rushing_attempts': 111.68, 'rushing_yards': 425.33, 'rushing_tds': 4.66, 'receptions': 17.05, 'receiving_yards': 110.88, 'receiving_tds': 0.2, 'fumbles_lost': 0.5}, 'source': 'FantasyPros consensus projection'}",14,12,92.25,78.1,14,54,6.4,1.5,196
nfl:gsis:00-0037740,Garrett Wilson,WR,NYJ,2000-07-22,5,0.995,15.8,8.7,22.9,146.412,21,106.489,39.92,13.09,-2.71,12.46,13.72,1.26,19,32.0,48.0,,False,wide_market_price_range,True,"{'season': 2025, 'games': 7, 'fantasy_points': 63.5, 'points_per_game': 9.07, 'stats': {'rushing_attempts': 0.0, 'rushing_yards': 0.0, 'rushing_tds': 0.0, 'targets': 59.0, 'receptions': 36.0, 'receiving_yards': 395.0, 'receiving_tds': 4.0, 'fumbles_lost': 0.0}, 'source': 'nflverse weekly player and team statistics'}","[{'season': 2024, 'games': 17, 'fantasy_points': 150.9, 'points_per_game': 8.88, 'stats': {'rushing_attempts': 2.0, 'rushing_yards': 5.0, 'rushing_tds': 0.0, 'targets': 154.0, 'receptions': 101.0, 'receiving_yards': 1104.0, 'receiving_tds': 7.0, 'fumbles_lost': 2.0}, 'source': 'nflverse weekly player and team statistics'}, {'season': 2025, 'games': 7, 'fantasy_points': 63.5, 'points_per_game': 9.07, 'stats': {'rushing_attempts': 0.0, 'rushing_yards': 0.0, 'rushing_tds': 0.0, 'targets': 59.0, 'receptions': 36.0, 'receiving_yards': 395.0, 'receiving_tds': 4.0, 'fumbles_lost': 0.0}, 'source': 'nflverse weekly player and team statistics'}]","{'season': 2026, 'games': None, 'fantasy_points': 146.41, 'stats': {'rushing_attempts': 1.06, 'rushing_yards': 4.26, 'rushing_tds': 0.03, 'receptions': 96.35, 'receiving_yards': 1094.46, 'receiving_tds': 6.41, 'fumbles_lost': 0.85}, 'source': 'FantasyPros consensus projection'}",5,9,160.51,146.41,9,7,20.7,15.7,197
nfl:gsis:00-0036613,Jaylen Waddle,WR,DEN,1998-11-25,6,0.995,12.7,5.5,19.8,136.004,27,106.489,29.51,9.94,-2.76,9.46,10.41,0.95,12,52.0,39.0,,False,wide_market_price_range,True,"{'season': 2025, 'games': 16, 'fantasy_points': 130.12, 'points_per_game': 8.13, 'stats': {'rushing_attempts': 2.0, 'rushing_yards': 28.0, 'rushing_tds': 0.0, 'targets': 100.0, 'receptions': 64.0, 'receiving_yards': 910.0, 'receiving_tds': 6.0, 'fumbles_lost': 0.0}, 'source': 'nflverse weekly player and team statistics'}","[{'season': 2024, 'games': 15, 'fantasy_points': 91.6, 'points_per_game': 6.11, 'stats': {'rushing_attempts': 4.0, 'rushing_yards': 12.0, 'rushing_tds': 0.0, 'targets': 83.0, 'receptions': 58.0, 'receiving_yards': 744.0, 'receiving_tds': 2.0, 'fumbles_lost': 0.0}, 'source': 'nflverse weekly player and team statistics'}, {'season': 2025, 'games': 16, 'fantasy_points': 130.12, 'points_per_game': 8.13, 'stats': {'rushing_attempts': 2.0, 'rushing_yards': 28.0, 'rushing_tds': 0.0, 'targets': 100.0, 'receptions': 64.0, 'receiving_yards': 910.0, 'receiving_tds': 6.0, 'fumbles_lost': 0.0}, 'source': 'nflverse weekly player and team statistics'}]","{'season': 2026, 'games': None, 'fantasy_points': 136.0, 'stats': {'rushing_attempts': 1.68, 'rushing_yards': 12.39, 'rushing_tds': 0.03, 'receptions': 74.19, 'receiving_yards': 991.85, 'receiving_tds': 6.01, 'fumbles_lost': 0.0}, 'source': 'FantasyPros consensus projection'}",6,12,142.71,130.97,10,3,14.0,11.1,198
nfl:def:JAX,Jacksonville Jaguars,DEF,JAX,,,0.1705,2.8,1.0,4.7,103.9,15,106.68,0.0,0.0,-2.8,0.0,0.0,0.0,0,187.0,215.0,,True,low_confidence_special_teams_projection;low_draft_probability,False,"{'season': 2025, 'games': 17, 'fantasy_points': 136.0, 'points_per_game': 8.0, 'stats': {'sacks': 32.0, 'interceptions': 22.0, 'fumble_recoveries': 9.0, 'defensive_tds': 2.0, 'safeties': 1.0, 'special_teams_tds': 2.0}, 'source': 'nflverse weekly player and team statistics'}","[{'season': 2024, 'games': 17, 'fantasy_points': 63.0, 'points_per_game': 3.71, 'stats': {'sacks': 34.0, 'interceptions': 6.0, 'fumble_recoveries': 3.0, 'defensive_tds': 0.0, 'safeties': 0.0, 'special_teams_tds': 1.0}, 'source': 'nflverse weekly player and team statistics'}, {'season': 2025, 'games': 17, 'fantasy_points': 136.0, 'points_per_game': 8.0, 'stats': {'sacks': 32.0, 'interceptions': 22.0, 'fumble_recoveries': 9.0, 'defensive_tds': 2.0, 'safeties': 1.0, 'special_teams_tds': 2.0}, 'source': 'nflverse weekly player and team statistics'}]","{'season': 2026, 'games': None, 'fantasy_points': 103.9, 'stats': {'sacks': 37.16, 'interceptions': 13.86, 'fumble_recoveries': 9.59, 'defensive_tds': 2.64, 'safeties': 0.0, 'special_teams_tds': 1.0}, 'source': 'FantasyPros consensus projection'}",2,13,107.4,92.51,1,22,3.7,1.0,199
nfl:gsis:00-0031610,Darren Waller,TE,CAR,1992-09-13,9,0.005,2.8,1.0,7.6,72.447,28,107.21,0.0,0.0,-2.8,0.0,0.0,0.0,0,,,adp_espn;adp_yahoo,False,missing_market_inputs;low_draft_probability,False,"{'season': 2025, 'games': 9, 'fantasy_points': 64.7, 'points_per_game': 7.19, 'stats': {'rushing_yards': 4.0, 'rushing_tds': 0.0, 'targets': 34.0, 'receptions': 24.0, 'receiving_yards': 283.0, 'receiving_tds': 6.0, 'fumbles_lost': 0.0}, 'source': 'nflverse weekly player and team statistics'}","[{'season': 2025, 'games': 9, 'fantasy_points': 64.7, 'points_per_game': 7.19, 'stats': {'rushing_yards': 4.0, 'rushing_tds': 0.0, 'targets': 34.0, 'receptions': 24.0, 'receiving_yards': 283.0, 'receiving_tds': 6.0, 'fumbles_lost': 0.0}, 'source': 'nflverse weekly player and team statistics'}]","{'season': 2026, 'games': None, 'fantasy_points': 72.45, 'stats': {'rushing_yards': 3.0, 'rushing_tds': 0.0, 'receptions': 43.36, 'receiving_yards': 446.47, 'receiving_tds': 4.67, 'fumbles_lost': 0.0}, 'source': 'FantasyPros consensus projection'}",5,10,83.8,72.45,5,18,3.3,1.0,200
nfl:gsis:00-0033881,Evan Engram,TE,DEN,1994-09-02,10,0.005,2.8,1.0,7.6,63.692,31,107.21,0.0,0.0,-2.8,0.0,0.0,0.0,0,,,adp_espn;adp_yahoo,False,missing_market_inputs;low_draft_probability,False,"{'season': 2025, 'games': 16, 'fantasy_points': 52.8, 'points_per_game': 3.3, 'stats': {'rushing_yards': 7.0, 'rushing_tds': 0.0, 'targets': 76.0, 'receptions': 50.0, 'receiving_yards': 461.0, 'receiving_tds': 1.0, 'fumbles_lost': 0.0}, 'source': 'nflverse weekly player and team statistics'}","[{'season': 2024, 'games': 9, 'fantasy_points': 42.5, 'points_per_game': 4.72, 'stats': {'rushing_yards': 0.0, 'rushing_tds': 0.0, 'targets': 64.0, 'receptions': 47.0, 'receiving_yards': 365.0, 'receiving_tds': 1.0, 'fumbles_lost': 1.0}, 'source': 'nflverse weekly player and team statistics'}, {'season': 2025, 'games': 16, 'fantasy_points': 52.8, 'points_per_game': 3.3, 'stats': {'rushing_yards': 7.0, 'rushing_tds': 0.0, 'targets': 76.0, 'receptions': 50.0, 'receiving_yards': 461.0, 'receiving_tds': 1.0, 'fumbles_lost': 0.0}, 'source': 'nflverse weekly player and team statistics'}]","{'season': 2026, 'games': None, 'fantasy_points': 63.69, 'stats': {'rushing_yards': 2.57, 'rushing_tds': 0.0, 'receptions': 53.42, 'receiving_yards': 475.92, 'receiving_tds': 2.73, 'fumbles_lost': 0.0}, 'source': 'FantasyPros consensus projection'}",6,6,65.14,57.19,5,18,3.3,1.0,201
nfl:def:GB,Green Bay Packers,DEF,GB,,,0.1527,2.9,1.1,4.8,99.09,20,106.68,0.0,0.0,-2.9,0.0,0.0,0.0,0,194.0,216.0,,True,low_confidence_special_teams_projection;low_draft_probability,False,"{'season': 2025, 'games': 17, 'fantasy_points': 79.0, 'points_per_game': 4.65, 'stats': {'sacks': 36.0, 'interceptions': 7.0, 'fumble_recoveries': 7.0, 'defensive_tds': 0.0, 'safeties': 0.0, 'special_teams_tds': 0.0}, 'source': 'nflverse weekly player and team statistics'}","[{'season': 2024, 'games': 17, 'fantasy_points': 144.0, 'points_per_game': 8.47, 'stats': {'sacks': 45.0, 'interceptions': 17.0, 'fumble_recoveries': 14.0, 'defensive_tds': 1.0, 'safeties': 0.0, 'special_teams_tds': 0.0}, 'source': 'nflverse weekly player and team statistics'}, {'season': 2025, 'games': 17, 'fantasy_points': 79.0, 'points_per_game': 4.65, 'stats': {'sacks': 36.0, 'interceptions': 7.0, 'fumble_recoveries': 7.0, 'defensive_tds': 0.0, 'safeties': 0.0, 'special_teams_tds': 0.0}, 'source': 'nflverse weekly player and team statistics'}]","{'season': 2026, 'games': None, 'fantasy_points': 99.09, 'stats': {'sacks': 40.45, 'interceptions': 11.92, 'fumble_recoveries': 9.73, 'defensive_tds': 1.89, 'safeties': 0.0, 'special_teams_tds': 1.0}, 'source': 'FantasyPros consensus projection'}",2,13,107.4,92.51,1,22,3.7,1.0,202
nfl:gsis:00-0038555,Tank Bigsby,RB,PHI,2002-08-30,4,0.122,2.9,1.0,8.9,78.354,55,92.249,0.0,0.0,-2.9,0.0,0.0,0.0,0,202.0,188.0,,False,low_draft_probability,False,"{'season': 2025, 'games': 15, 'fantasy_points': 50.8, 'points_per_game': 3.39, 'stats': {'rushing_attempts': 63.0, 'rushing_yards': 356.0, 'rushing_tds': 2.0, 'targets': 4.0, 'receptions': 3.0, 'receiving_yards': 32.0, 'receiving_tds': 0.0, 'fumbles_lost': 0.0}, 'source': 'nflverse weekly player and team statistics'}","[{'season': 2024, 'games': 16, 'fantasy_points': 122.0, 'points_per_game': 7.62, 'stats': {'rushing_attempts': 168.0, 'rushing_yards': 766.0, 'rushing_tds': 7.0, 'targets': 12.0, 'receptions': 7.0, 'receiving_yards': 54.0, 'receiving_tds': 0.0, 'fumbles_lost': 1.0}, 'source': 'nflverse weekly player and team statistics'}, {'season': 2025, 'games': 15, 'fantasy_points': 50.8, 'points_per_game': 3.39, 'stats': {'rushing_attempts': 63.0, 'rushing_yards': 356.0, 'rushing_tds': 2.0, 'targets': 4.0, 'receptions': 3.0, 'receiving_yards': 32.0, 'receiving_tds': 0.0, 'fumbles_lost': 0.0}, 'source': 'nflverse weekly player and team statistics'}]","{'season': 2026, 'games': None, 'fantasy_points': 78.35, 'stats': {'rushing_attempts': 104.61, 'rushing_yards': 510.9, 'rushing_tds': 4.18, 'receptions': 3.82, 'receiving_yards': 31.84, 'receiving_tds': 0.07, 'fumbles_lost': 0.8}, 'source': 'FantasyPros consensus projection'}",14,12,92.25,78.1,14,54,6.4,1.5,203
nfl:gsis:00-0034173,Eddy Pineiro,K,SF,1995-09-13,9,0.3278,4.0,1.5,6.6,132.62,10,132.62,0.0,1.0,-3.0,1.0,1.0,0.0,1,145.0,224.0,,True,low_confidence_special_teams_projection;low_draft_probability;replacement_boundary,True,"{'season': 2025, 'games': 14, 'fantasy_points': 123.0, 'points_per_game': 8.79, 'stats': {'field_goals_made': 28.0, 'field_goals_attempted': 29.0, 'extra_points_made': 34.0}, 'source': 'nflverse weekly player and team statistics'}","[{'season': 2024, 'games': 17, 'fantasy_points': 97.5, 'points_per_game': 5.74, 'stats': {'field_goals_made': 22.0, 'field_goals_attempted': 26.0, 'extra_points_made': 33.0}, 'source': 'nflverse weekly player and team statistics'}, {'season': 2025, 'games': 14, 'fantasy_points': 123.0, 'points_per_game': 8.79, 'stats': {'field_goals_made': 28.0, 'field_goals_attempted': 29.0, 'extra_points_made': 34.0}, 'source': 'nflverse weekly player and team statistics'}]","{'season': 2026, 'games': None, 'fantasy_points': 132.62, 'stats': {'field_goals_made': 31.04, 'field_goals_attempted': 34.69, 'extra_points_made': 39.5}, 'source': 'FantasyPros consensus projection'}",2,13,144.06,128.51,1,21,5.5,1.0,204
nfl:gsis:00-0036894,Pat Freiermuth,TE,PIT,1998-10-25,6,0.1247,3.0,1.0,7.7,81.14,21,107.21,0.0,0.0,-3.0,0.0,0.0,0.0,0,203.0,139.0,,True,low_draft_probability,False,"{'season': 2025, 'games': 15, 'fantasy_points': 72.6, 'points_per_game': 4.84, 'stats': {'rushing_yards': 0.0, 'rushing_tds': 0.0, 'targets': 54.0, 'receptions': 41.0, 'receiving_yards': 486.0, 'receiving_tds': 4.0, 'fumbles_lost': 0.0}, 'source': 'nflverse weekly player and team statistics'}","[{'season': 2024, 'games': 17, 'fantasy_points': 103.3, 'points_per_game': 6.08, 'stats': {'rushing_yards': 0.0, 'rushing_tds': 0.0, 'targets': 78.0, 'receptions': 65.0, 'receiving_yards': 653.0, 'receiving_tds': 7.0, 'fumbles_lost': 2.0}, 'source': 'nflverse weekly player and team statistics'}, {'season': 2025, 'games': 15, 'fantasy_points': 72.6, 'points_per_game': 4.84, 'stats': {'rushing_yards': 0.0, 'rushing_tds': 0.0, 'targets': 54.0, 'receptions': 41.0, 'receiving_yards': 486.0, 'receiving_tds': 4.0, 'fumbles_lost': 0.0}, 'source': 'nflverse weekly player and team statistics'}]","{'season': 2026, 'games': None, 'fantasy_points': 81.14, 'stats': {'rushing_yards': 2.05, 'rushing_tds': 0.1, 'receptions': 52.98, 'receiving_yards': 560.0, 'receiving_tds': 4.27, 'fumbles_lost': 0.25}, 'source': 'FantasyPros consensus projection'}",5,10,83.8,72.45,5,18,3.3,1.0,205
nfl:gsis:00-0041496,Jonah Coleman,RB,DEN,2003-08-20,0,0.1172,3.0,1.0,9.0,39.222,72,92.249,0.0,0.0,-3.0,0.0,0.0,0.0,0,205.0,182.0,,True,low_draft_probability,False,,[],"{'season': 2026, 'games': None, 'fantasy_points': 39.22, 'stats': {'rushing_attempts': 48.76, 'rushing_yards': 203.2, 'rushing_tds': 1.56, 'receptions': 10.22, 'receiving_yards': 74.82, 'receiving_tds': 0.4, 'fumbles_lost': 0.3}, 'source': 'FantasyPros consensus projection'}",17,9,47.1,31.27,14,54,6.4,1.5,206
nfl:gsis:00-0039391,Kimani Vidal,RB,LAC,2001-08-28,3,0.0372,3.0,1.0,9.1,47.1,67,92.249,0.0,0.0,-3.0,0.0,0.0,0.0,0,,,adp_espn;adp_yahoo,True,missing_market_inputs;low_draft_probability,False,"{'season': 2025, 'games': 13, 'fantasy_points': 101.9, 'points_per_game': 7.84, 'stats': {'rushing_attempts': 155.0, 'rushing_yards': 643.0, 'rushing_tds': 3.0, 'targets': 22.0, 'receptions': 16.0, 'receiving_yards': 136.0, 'receiving_tds': 1.0, 'fumbles_lost': 0.0}, 'source': 'nflverse weekly player and team statistics'}","[{'season': 2024, 'games': 9, 'fantasy_points': 27.7, 'points_per_game': 3.08, 'stats': {'rushing_attempts': 43.0, 'rushing_yards': 155.0, 'rushing_tds': 0.0, 'targets': 9.0, 'receptions': 5.0, 'receiving_yards': 62.0, 'receiving_tds': 1.0, 'fumbles_lost': 0.0}, 'source': 'nflverse weekly player and team statistics'}, {'season': 2025, 'games': 13, 'fantasy_points': 101.9, 'points_per_game': 7.84, 'stats': {'rushing_attempts': 155.0, 'rushing_yards': 643.0, 'rushing_tds': 3.0, 'targets': 22.0, 'receptions': 16.0, 'receiving_yards': 136.0, 'receiving_tds': 1.0, 'fumbles_lost': 0.0}, 'source': 'nflverse weekly player and team statistics'}]","{'season': 2026, 'games': None, 'fantasy_points': 47.1, 'stats': {'rushing_attempts': 60.16, 'rushing_yards': 234.18, 'rushing_tds': 1.55, 'receptions': 11.92, 'receiving_yards': 104.02, 'receiving_tds': 0.69, 'fumbles_lost': 0.0}, 'source': 'FantasyPros consensus projection'}",17,9,47.1,31.27,14,54,6.4,1.5,207
nfl:gsis:00-0038797,Emanuel Wilson,RB,SEA,1999-05-08,4,0.0356,3.0,1.0,9.1,43.641,70,92.249,0.0,0.0,-3.0,0.0,0.0,0.0,0,,,adp_espn;adp_yahoo,True,missing_market_inputs;low_draft_probability,False,"{'season': 2025, 'games': 17, 'fantasy_points': 79.5, 'points_per_game': 4.68, 'stats': {'rushing_attempts': 125.0, 'rushing_yards': 496.0, 'rushing_tds': 3.0, 'targets': 17.0, 'receptions': 15.0, 'receiving_yards': 99.0, 'receiving_tds': 0.0, 'fumbles_lost': 0.0}, 'source': 'nflverse weekly player and team statistics'}","[{'season': 2024, 'games': 17, 'fantasy_points': 85.0, 'points_per_game': 5.0, 'stats': {'rushing_attempts': 103.0, 'rushing_yards': 502.0, 'rushing_tds': 4.0, 'targets': 14.0, 'receptions': 11.0, 'receiving_yards': 48.0, 'receiving_tds': 1.0, 'fumbles_lost': 0.0}, 'source': 'nflverse weekly player and team statistics'}, {'season': 2025, 'games': 17, 'fantasy_points': 79.5, 'points_per_game': 4.68, 'stats': {'rushing_attempts': 125.0, 'rushing_yards': 496.0, 'rushing_tds': 3.0, 'targets': 17.0, 'receptions': 15.0, 'receiving_yards': 99.0, 'receiving_tds': 0.0, 'fumbles_lost': 0.0}, 'source': 'nflverse weekly player and team statistics'}]","{'season': 2026, 'games': None, 'fantasy_points': 43.64, 'stats': {'rushing_attempts': 70.21, 'rushing_yards': 290.48, 'rushing_tds': 1.71, 'receptions': 7.68, 'receiving_yards': 52.13, 'receiving_tds': 0.03, 'fumbles_lost': 0.5}, 'source': 'FantasyPros consensus projection'}",17,9,47.1,31.27,14,54,6.4,1.5,208
nfl:gsis:00-0039874,Jaylen Wright,RB,MIA,2003-04-01,3,0.0355,3.0,1.0,9.1,43.558,71,92.249,0.0,0.0,-3.0,0.0,0.0,0.0,0,,,adp_espn;adp_yahoo,True,missing_market_inputs;low_draft_probability,False,"{'season': 2025, 'games': 9, 'fantasy_points': 43.2, 'points_per_game': 4.8, 'stats': {'rushing_attempts': 70.0, 'rushing_yards': 288.0, 'rushing_tds': 2.0, 'targets': 9.0, 'receptions': 5.0, 'receiving_yards': 44.0, 'receiving_tds': 0.0, 'fumbles_lost': 1.0}, 'source': 'nflverse weekly player and team statistics'}","[{'season': 2024, 'games': 13, 'fantasy_points': 23.7, 'points_per_game': 1.82, 'stats': {'rushing_attempts': 68.0, 'rushing_yards': 249.0, 'rushing_tds': 0.0, 'targets': 6.0, 'receptions': 3.0, 'receiving_yards': 8.0, 'receiving_tds': 0.0, 'fumbles_lost': 1.0}, 'source': 'nflverse weekly player and team statistics'}, {'season': 2025, 'games': 9, 'fantasy_points': 43.2, 'points_per_game': 4.8, 'stats': {'rushing_attempts': 70.0, 'rushing_yards': 288.0, 'rushing_tds': 2.0, 'targets': 9.0, 'receptions': 5.0, 'receiving_yards': 44.0, 'receiving_tds': 0.0, 'fumbles_lost': 1.0}, 'source': 'nflverse weekly player and team statistics'}]","{'season': 2026, 'games': None, 'fantasy_points': 43.56, 'stats': {'rushing_attempts': 79.95, 'rushing_yards': 308.92, 'rushing_tds': 1.55, 'receptions': 7.23, 'receiving_yards': 52.46, 'receiving_tds': 0.1, 'fumbles_lost': 1.6}, 'source': 'FantasyPros consensus projection'}",17,9,47.1,31.27,14,54,6.4,1.5,209
nfl:gsis:00-0039798,Isaiah Davis,RB,NYJ,2002-02-21,3,0.0295,3.0,1.0,9.0,33.426,74,92.249,0.0,0.0,-3.0,0.0,0.0,0.0,0,,,adp_espn;adp_yahoo,True,missing_market_inputs;low_draft_probability,False,"{'season': 2025, 'games': 16, 'fantasy_points': 50.2, 'points_per_game': 3.14, 'stats': {'rushing_attempts': 43.0, 'rushing_yards': 236.0, 'rushing_tds': 1.0, 'targets': 28.0, 'receptions': 21.0, 'receiving_yards': 186.0, 'receiving_tds': 0.0, 'fumbles_lost': 0.0}, 'source': 'nflverse weekly player and team statistics'}","[{'season': 2024, 'games': 13, 'fantasy_points': 36.9, 'points_per_game': 2.84, 'stats': {'rushing_attempts': 30.0, 'rushing_yards': 174.0, 'rushing_tds': 1.0, 'targets': 12.0, 'receptions': 9.0, 'receiving_yards': 75.0, 'receiving_tds': 1.0, 'fumbles_lost': 0.0}, 'source': 'nflverse weekly player and team statistics'}, {'season': 2025, 'games': 16, 'fantasy_points': 50.2, 'points_per_game': 3.14, 'stats': {'rushing_attempts': 43.0, 'rushing_yards': 236.0, 'rushing_tds': 1.0, 'targets': 28.0, 'receptions': 21.0, 'receiving_yards': 186.0, 'receiving_tds': 0.0, 'fumbles_lost': 0.0}, 'source': 'nflverse weekly player and team statistics'}]","{'season': 2026, 'games': None, 'fantasy_points': 33.43, 'stats': {'rushing_attempts': 35.06, 'rushing_yards': 174.69, 'rushing_tds': 1.16, 'receptions': 9.94, 'receiving_yards': 78.57, 'receiving_tds': 0.21, 'fumbles_lost': 0.0}, 'source': 'FantasyPros consensus projection'}",17,9,47.1,31.27,14,54,6.4,1.5,210
nfl:gsis:00-0039299,George Holani,RB,SEA,1999-12-16,3,0.0293,3.0,1.0,9.0,33.116,75,92.249,0.0,0.0,-3.0,0.0,0.0,0.0,0,,,adp_espn;adp_yahoo,True,missing_market_inputs;low_draft_probability,False,"{'season': 2025, 'games': 10, 'fantasy_points': 18.8, 'points_per_game': 1.88, 'stats': {'rushing_attempts': 22.0, 'rushing_yards': 73.0, 'rushing_tds': 1.0, 'targets': 2.0, 'receptions': 2.0, 'receiving_yards': 15.0, 'receiving_tds': 0.0, 'fumbles_lost': 1.0}, 'source': 'nflverse weekly player and team statistics'}","[{'season': 2025, 'games': 10, 'fantasy_points': 18.8, 'points_per_game': 1.88, 'stats': {'rushing_attempts': 22.0, 'rushing_yards': 73.0, 'rushing_tds': 1.0, 'targets': 2.0, 'receptions': 2.0, 'receiving_yards': 15.0, 'receiving_tds': 0.0, 'fumbles_lost': 1.0}, 'source': 'nflverse weekly player and team statistics'}]","{'season': 2026, 'games': None, 'fantasy_points': 33.12, 'stats': {'rushing_attempts': 38.85, 'rushing_yards': 164.14, 'rushing_tds': 1.53, 'receptions': 8.01, 'receiving_yards': 62.22, 'receiving_tds': 0.28, 'fumbles_lost': 0.7}, 'source': 'FantasyPros consensus projection'}",17,9,47.1,31.27,14,54,6.4,1.5,211
nfl:gsis:00-0038685,Chris Brooks,RB,GB,2000-01-11,4,0.028,3.0,1.0,9.0,31.271,78,92.249,0.0,0.0,-3.0,0.0,0.0,0.0,0,,,adp_espn;adp_yahoo,True,missing_market_inputs;low_draft_probability,False,"{'season': 2025, 'games': 17, 'fantasy_points': 19.7, 'points_per_game': 1.16, 'stats': {'rushing_attempts': 27.0, 'rushing_yards': 106.0, 'rushing_tds': 0.0, 'targets': 17.0, 'receptions': 13.0, 'receiving_yards': 91.0, 'receiving_tds': 0.0, 'fumbles_lost': 0.0}, 'source': 'nflverse weekly player and team statistics'}","[{'season': 2025, 'games': 17, 'fantasy_points': 19.7, 'points_per_game': 1.16, 'stats': {'rushing_attempts': 27.0, 'rushing_yards': 106.0, 'rushing_tds': 0.0, 'targets': 17.0, 'receptions': 13.0, 'receiving_yards': 91.0, 'receiving_tds': 0.0, 'fumbles_lost': 0.0}, 'source': 'nflverse weekly player and team statistics'}]","{'season': 2026, 'games': None, 'fantasy_points': 31.27, 'stats': {'rushing_attempts': 39.7, 'rushing_yards': 176.15, 'rushing_tds': 0.81, 'receptions': 10.9, 'receiving_yards': 75.76, 'receiving_tds': 0.22, 'fumbles_lost': 0.5}, 'source': 'FantasyPros consensus projection'}",17,9,47.1,31.27,14,54,6.4,1.5,212
nfl:gsis:00-0040198,Ollie Gordon II,RB,MIA,2004-01-15,2,0.0277,3.0,1.0,9.0,30.88,80,92.249,0.0,0.0,-3.0,0.0,0.0,0.0,0,,,adp_espn;adp_yahoo,True,missing_market_inputs;low_draft_probability,False,"{'season': 2025, 'games': 17, 'fantasy_points': 47.1, 'points_per_game': 2.77, 'stats': {'rushing_attempts': 70.0, 'rushing_yards': 199.0, 'rushing_tds': 3.0, 'targets': 9.0, 'receptions': 7.0, 'receiving_yards': 32.0, 'receiving_tds': 1.0, 'fumbles_lost': 0.0}, 'source': 'nflverse weekly player and team statistics'}","[{'season': 2025, 'games': 17, 'fantasy_points': 47.1, 'points_per_game': 2.77, 'stats': {'rushing_attempts': 70.0, 'rushing_yards': 199.0, 'rushing_tds': 3.0, 'targets': 9.0, 'receptions': 7.0, 'receiving_yards': 32.0, 'receiving_tds': 1.0, 'fumbles_lost': 0.0}, 'source': 'nflverse weekly player and team statistics'}]","{'season': 2026, 'games': None, 'fantasy_points': 30.88, 'stats': {'rushing_attempts': 49.44, 'rushing_yards': 203.47, 'rushing_tds': 1.23, 'receptions': 3.93, 'receiving_yards': 27.73, 'receiving_tds': 0.12, 'fumbles_lost': 0.6}, 'source': 'FantasyPros consensus projection'}",18,5,30.88,28.11,14,54,6.4,1.5,213
nfl:gsis:00-0038951,Sean Tucker,RB,TB,2001-10-25,4,0.0275,3.0,1.0,9.0,30.641,81,92.249,0.0,0.0,-3.0,0.0,0.0,0.0,0,,,adp_espn;adp_yahoo,True,missing_market_inputs;low_draft_probability,False,"{'season': 2025, 'games': 17, 'fantasy_points': 83.4, 'points_per_game': 4.91, 'stats': {'rushing_attempts': 86.0, 'rushing_yards': 320.0, 'rushing_tds': 7.0, 'targets': 11.0, 'receptions': 8.0, 'receiving_yards': 34.0, 'receiving_tds': 1.0, 'fumbles_lost': 0.0}, 'source': 'nflverse weekly player and team statistics'}","[{'season': 2024, 'games': 17, 'fantasy_points': 59.7, 'points_per_game': 3.51, 'stats': {'rushing_attempts': 50.0, 'rushing_yards': 308.0, 'rushing_tds': 2.0, 'targets': 12.0, 'receptions': 9.0, 'receiving_yards': 109.0, 'receiving_tds': 1.0, 'fumbles_lost': 0.0}, 'source': 'nflverse weekly player and team statistics'}, {'season': 2025, 'games': 17, 'fantasy_points': 83.4, 'points_per_game': 4.91, 'stats': {'rushing_attempts': 86.0, 'rushing_yards': 320.0, 'rushing_tds': 7.0, 'targets': 11.0, 'receptions': 8.0, 'receiving_yards': 34.0, 'receiving_tds': 1.0, 'fumbles_lost': 0.0}, 'source': 'nflverse weekly player and team statistics'}]","{'season': 2026, 'games': None, 'fantasy_points': 30.64, 'stats': {'rushing_attempts': 39.31, 'rushing_yards': 163.61, 'rushing_tds': 2.22, 'receptions': 1.49, 'receiving_yards': 10.2, 'receiving_tds': 0.04, 'fumbles_lost': 0.0}, 'source': 'FantasyPros consensus projection'}",18,5,30.88,28.11,14,54,6.4,1.5,214
nfl:gsis:00-0040238,LeQuint Allen Jr.,RB,JAX,2004-08-05,2,0.0259,3.0,1.0,9.0,28.552,84,92.249,0.0,0.0,-3.0,0.0,0.0,0.0,0,,,adp_espn;adp_yahoo,True,missing_market_inputs;low_draft_probability,False,"{'season': 2025, 'games': 16, 'fantasy_points': 14.8, 'points_per_game': 0.93, 'stats': {'rushing_attempts': 23.0, 'rushing_yards': 94.0, 'rushing_tds': 0.0, 'targets': 11.0, 'receptions': 10.0, 'receiving_yards': 54.0, 'receiving_tds': 0.0, 'fumbles_lost': 0.0}, 'source': 'nflverse weekly player and team statistics'}","[{'season': 2025, 'games': 16, 'fantasy_points': 14.8, 'points_per_game': 0.93, 'stats': {'rushing_attempts': 23.0, 'rushing_yards': 94.0, 'rushing_tds': 0.0, 'targets': 11.0, 'receptions': 10.0, 'receiving_yards': 54.0, 'receiving_tds': 0.0, 'fumbles_lost': 0.0}, 'source': 'nflverse weekly player and team statistics'}]","{'season': 2026, 'games': None, 'fantasy_points': 28.55, 'stats': {'rushing_attempts': 32.02, 'rushing_yards': 126.0, 'rushing_tds': 0.6, 'receptions': 15.34, 'receiving_yards': 99.12, 'receiving_tds': 0.43, 'fumbles_lost': 0.0}, 'source': 'FantasyPros consensus projection'}",18,5,30.88,28.11,14,54,6.4,1.5,215
nfl:gsis:00-0039875,Ray Davis,RB,BUF,1999-11-20,3,0.0255,3.0,1.0,9.0,28.108,85,92.249,0.0,0.0,-3.0,0.0,0.0,0.0,0,,,adp_espn;adp_yahoo,True,missing_market_inputs;low_draft_probability,False,"{'season': 2025, 'games': 17, 'fantasy_points': 54.1, 'points_per_game': 3.18, 'stats': {'rushing_attempts': 58.0, 'rushing_yards': 275.0, 'rushing_tds': 0.0, 'targets': 13.0, 'receptions': 10.0, 'receiving_yards': 86.0, 'receiving_tds': 2.0, 'fumbles_lost': 0.0}, 'source': 'nflverse weekly player and team statistics'}","[{'season': 2024, 'games': 17, 'fantasy_points': 99.1, 'points_per_game': 5.83, 'stats': {'rushing_attempts': 113.0, 'rushing_yards': 442.0, 'rushing_tds': 3.0, 'targets': 19.0, 'receptions': 17.0, 'receiving_yards': 189.0, 'receiving_tds': 3.0, 'fumbles_lost': 0.0}, 'source': 'nflverse weekly player and team statistics'}, {'season': 2025, 'games': 17, 'fantasy_points': 54.1, 'points_per_game': 3.18, 'stats': {'rushing_attempts': 58.0, 'rushing_yards': 275.0, 'rushing_tds': 0.0, 'targets': 13.0, 'receptions': 10.0, 'receiving_yards': 86.0, 'receiving_tds': 2.0, 'fumbles_lost': 0.0}, 'source': 'nflverse weekly player and team statistics'}]","{'season': 2026, 'games': None, 'fantasy_points': 28.11, 'stats': {'rushing_attempts': 32.31, 'rushing_yards': 137.93, 'rushing_tds': 1.06, 'receptions': 7.75, 'receiving_yards': 59.95, 'receiving_tds': 0.39, 'fumbles_lost': 0.0}, 'source': 'FantasyPros consensus projection'}",18,5,30.88,28.11,14,54,6.4,1.5,216
nfl:gsis:00-0038551,Kendre Miller,RB,NO,2002-06-11,4,0.0188,3.0,1.0,9.1,20.65,96,92.249,0.0,0.0,-3.0,0.0,0.0,0.0,0,,,adp_espn;adp_yahoo,True,missing_market_inputs;low_draft_probability,False,"{'season': 2025, 'games': 7, 'fantasy_points': 28.3, 'points_per_game': 4.04, 'stats': {'rushing_attempts': 47.0, 'rushing_yards': 193.0, 'rushing_tds': 1.0, 'targets': 5.0, 'receptions': 5.0, 'receiving_yards': 30.0, 'receiving_tds': 0.0, 'fumbles_lost': 0.0}, 'source': 'nflverse weekly player and team statistics'}","[{'season': 2024, 'games': 6, 'fantasy_points': 24.1, 'points_per_game': 4.02, 'stats': {'rushing_attempts': 39.0, 'rushing_yards': 148.0, 'rushing_tds': 1.0, 'targets': 8.0, 'receptions': 5.0, 'receiving_yards': 33.0, 'receiving_tds': 0.0, 'fumbles_lost': 0.0}, 'source': 'nflverse weekly player and team statistics'}, {'season': 2025, 'games': 7, 'fantasy_points': 28.3, 'points_per_game': 4.04, 'stats': {'rushing_attempts': 47.0, 'rushing_yards': 193.0, 'rushing_tds': 1.0, 'targets': 5.0, 'receptions': 5.0, 'receiving_yards': 30.0, 'receiving_tds': 0.0, 'fumbles_lost': 0.0}, 'source': 'nflverse weekly player and team statistics'}]","{'season': 2026, 'games': None, 'fantasy_points': 20.65, 'stats': {'rushing_attempts': 29.42, 'rushing_yards': 119.95, 'rushing_tds': 1.25, 'receptions': 1.76, 'receiving_yards': 10.95, 'receiving_tds': 0.02, 'fumbles_lost': 0.0}, 'source': 'FantasyPros consensus projection'}",19,6,20.65,15.45,14,54,6.4,1.5,217
nfl:gsis:00-0041125,Seth McGowan,RB,IND,2001-10-23,0,0.0181,3.0,1.0,9.1,19.968,98,92.249,0.0,0.0,-3.0,0.0,0.0,0.0,0,,,adp_espn;adp_yahoo,True,missing_market_inputs;low_draft_probability,False,,[],"{'season': 2026, 'games': None, 'fantasy_points': 19.97, 'stats': {'rushing_attempts': 22.25, 'rushing_yards': 96.37, 'rushing_tds': 1.2, 'receptions': 3.15, 'receiving_yards': 27.31, 'receiving_tds': 0.08, 'fumbles_lost': 0.0}, 'source': 'FantasyPros consensus projection'}",19,6,20.65,15.45,14,54,6.4,1.5,218
nfl:gsis:00-0032569,Wil Lutz,K,DEN,1994-07-07,11,0.834,3.1,1.0,5.6,128.51,16,132.62,0.0,0.0,-3.1,0.0,0.0,0.0,,226.0,213.0,espn_salary_cap_value,False,low_confidence_special_teams_projection,False,"{'season': 2025, 'games': 17, 'fantasy_points': 126.0, 'points_per_game': 7.41, 'stats': {'field_goals_made': 28.0, 'field_goals_attempted': 32.0, 'extra_points_made': 39.0}, 'source': 'nflverse weekly player and team statistics'}","[{'season': 2024, 'games': 17, 'fantasy_points': 144.0, 'points_per_game': 8.47, 'stats': {'field_goals_made': 31.0, 'field_goals_attempted': 34.0, 'extra_points_made': 46.0}, 'source': 'nflverse weekly player and team statistics'}, {'season': 2025, 'games': 17, 'fantasy_points': 126.0, 'points_per_game': 7.41, 'stats': {'field_goals_made': 28.0, 'field_goals_attempted': 32.0, 'extra_points_made': 39.0}, 'source': 'nflverse weekly player and team statistics'}]","{'season': 2026, 'games': None, 'fantasy_points': 128.51, 'stats': {'field_goals_made': 28.99, 'field_goals_attempted': 33.67, 'extra_points_made': 41.54}, 'source': 'FantasyPros consensus projection'}",2,13,144.06,128.51,1,21,5.5,1.0,219
nfl:gsis:00-0040743,Tyler Shough,QB,NO,1999-09-28,2,0.1109,3.1,1.0,7.9,307.589,18,324.973,0.0,0.0,-3.1,0.0,0.0,0.0,1,151.0,187.0,,True,low_draft_probability;replacement_boundary,False,"{'season': 2025, 'games': 11, 'fantasy_points': 173.96, 'points_per_game': 15.81, 'stats': {'passing_completions': 221.0, 'passing_attempts': 327.0, 'passing_yards': 2384.0, 'passing_tds': 10.0, 'passing_interceptions': 6.0, 'rushing_attempts': 45.0, 'rushing_yards': 186.0, 'rushing_tds': 3.0, 'fumbles_lost': 2.0}, 'source': 'nflverse weekly player and team statistics'}","[{'season': 2025, 'games': 11, 'fantasy_points': 173.96, 'points_per_game': 15.81, 'stats': {'passing_completions': 221.0, 'passing_attempts': 327.0, 'passing_yards': 2384.0, 'passing_tds': 10.0, 'passing_interceptions': 6.0, 'rushing_attempts': 45.0, 'rushing_yards': 186.0, 'rushing_tds': 3.0, 'fumbles_lost': 2.0}, 'source': 'nflverse weekly player and team statistics'}]","{'season': 2026, 'games': None, 'fantasy_points': 307.59, 'stats': {'passing_completions': 362.97, 'passing_attempts': 550.72, 'passing_yards': 3950.01, 'passing_tds': 22.18, 'passing_interceptions': 11.69, 'rushing_attempts': 78.23, 'rushing_yards': 330.19, 'rushing_tds': 4.1, 'fumbles_lost': 3.55}, 'source': 'FantasyPros consensus projection'}",5,6,307.7,293.97,4,11,6.7,2.3,220
nfl:gsis:00-0040189,Oronde Gadsden II,TE,LAC,2003-06-25,2,0.0457,3.1,1.0,7.8,63.29,32,107.21,0.0,0.0,-3.1,0.0,0.0,0.0,0,,157.0,adp_espn,True,low_draft_probability,False,"{'season': 2025, 'games': 15, 'fantasy_points': 82.4, 'points_per_game': 5.49, 'stats': {'rushing_yards': 0.0, 'rushing_tds': 0.0, 'targets': 69.0, 'receptions': 49.0, 'receiving_yards': 664.0, 'receiving_tds': 3.0, 'fumbles_lost': 1.0}, 'source': 'nflverse weekly player and team statistics'}","[{'season': 2025, 'games': 15, 'fantasy_points': 82.4, 'points_per_game': 5.49, 'stats': {'rushing_yards': 0.0, 'rushing_tds': 0.0, 'targets': 69.0, 'receptions': 49.0, 'receiving_yards': 664.0, 'receiving_tds': 3.0, 'fumbles_lost': 1.0}, 'source': 'nflverse weekly player and team statistics'}]","{'season': 2026, 'games': None, 'fantasy_points': 63.29, 'stats': {'rushing_yards': 0.51, 'rushing_tds': 0.0, 'receptions': 37.75, 'receiving_yards': 474.9, 'receiving_tds': 2.84, 'fumbles_lost': 0.95}, 'source': 'FantasyPros consensus projection'}",6,6,65.14,57.19,5,18,3.3,1.0,221
nfl:gsis:00-0040888,Adam Randall,RB,BAL,2004-07-14,0,0.0407,3.1,1.0,9.2,56.276,65,92.249,0.0,0.0,-3.1,0.0,0.0,0.0,0,,,adp_espn;adp_yahoo,True,missing_market_inputs;low_draft_probability,False,,[],"{'season': 2026, 'games': None, 'fantasy_points': 56.28, 'stats': {'rushing_attempts': 55.14, 'rushing_yards': 281.67, 'rushing_tds': 1.96, 'receptions': 10.81, 'receiving_yards': 108.89, 'receiving_tds': 1.1, 'fumbles_lost': 0.5}, 'source': 'FantasyPros consensus projection'}",16,2,56.28,54.07,14,54,6.4,1.5,222
nfl:gsis:00-0041096,Kaytron Allen,RB,WAS,2003-01-08,0,0.0165,3.1,1.0,9.1,18.497,99,92.249,0.0,0.0,-3.1,0.0,0.0,0.0,0,,,adp_espn;adp_yahoo,True,missing_market_inputs;low_draft_probability,False,,[],"{'season': 2026, 'games': None, 'fantasy_points': 18.5, 'stats': {'rushing_attempts': 23.64, 'rushing_yards': 110.88, 'rushing_tds': 0.72, 'receptions': 3.03, 'receiving_yards': 25.69, 'receiving_tds': 0.1, 'fumbles_lost': 0.0}, 'source': 'FantasyPros consensus projection'}",19,6,20.65,15.45,14,54,6.4,1.5,223
nfl:gsis:00-0041104,Demond Claiborne,RB,MIN,2003-10-09,0,0.0147,3.1,1.0,9.2,16.857,101,92.249,0.0,0.0,-3.1,0.0,0.0,0.0,0,,,adp_espn;adp_yahoo,True,missing_market_inputs;low_draft_probability,False,,[],"{'season': 2026, 'games': None, 'fantasy_points': 16.86, 'stats': {'rushing_attempts': 21.59, 'rushing_yards': 96.15, 'rushing_tds': 0.71, 'receptions': 3.25, 'receiving_yards': 25.22, 'receiving_tds': 0.09, 'fumbles_lost': 0.7}, 'source': 'FantasyPros consensus projection'}",19,6,20.65,15.45,14,54,6.4,1.5,224
nfl:gsis:00-0039746,Will Shipley,RB,PHI,2002-08-29,3,0.0141,3.1,1.0,9.2,16.282,104,92.249,0.0,0.0,-3.1,0.0,0.0,0.0,0,,,adp_espn;adp_yahoo,True,missing_market_inputs;low_draft_probability,False,"{'season': 2025, 'games': 14, 'fantasy_points': 8.5, 'points_per_game': 0.61, 'stats': {'rushing_attempts': 14.0, 'rushing_yards': 49.0, 'rushing_tds': 0.0, 'targets': 12.0, 'receptions': 9.0, 'receiving_yards': 56.0, 'receiving_tds': 0.0, 'fumbles_lost': 1.0}, 'source': 'nflverse weekly player and team statistics'}","[{'season': 2024, 'games': 13, 'fantasy_points': 11.7, 'points_per_game': 0.9, 'stats': {'rushing_attempts': 30.0, 'rushing_yards': 82.0, 'rushing_tds': 0.0, 'targets': 4.0, 'receptions': 4.0, 'receiving_yards': 35.0, 'receiving_tds': 0.0, 'fumbles_lost': 0.0}, 'source': 'nflverse weekly player and team statistics'}, {'season': 2025, 'games': 14, 'fantasy_points': 8.5, 'points_per_game': 0.61, 'stats': {'rushing_attempts': 14.0, 'rushing_yards': 49.0, 'rushing_tds': 0.0, 'targets': 12.0, 'receptions': 9.0, 'receiving_yards': 56.0, 'receiving_tds': 0.0, 'fumbles_lost': 1.0}, 'source': 'nflverse weekly player and team statistics'}]","{'season': 2026, 'games': None, 'fantasy_points': 16.28, 'stats': {'rushing_attempts': 9.25, 'rushing_yards': 39.57, 'rushing_tds': 0.3, 'receptions': 11.31, 'receiving_yards': 83.45, 'receiving_tds': 0.4, 'fumbles_lost': 0.0}, 'source': 'FantasyPros consensus projection'}",19,6,20.65,15.45,14,54,6.4,1.5,225
nfl:gsis:00-0040886,Nicholas Singleton,RB,TEN,2004-01-06,0,0.0131,3.1,1.0,9.2,15.448,105,92.249,0.0,0.0,-3.1,0.0,0.0,0.0,0,,,adp_espn;adp_yahoo,True,missing_market_inputs;low_draft_probability,False,,[],"{'season': 2026, 'games': None, 'fantasy_points': 15.45, 'stats': {'rushing_attempts': 20.29, 'rushing_yards': 83.72, 'rushing_tds': 0.55, 'receptions': 4.29, 'receiving_yards': 30.16, 'receiving_tds': 0.16, 'fumbles_lost': 0.0}, 'source': 'FantasyPros consensus projection'}",19,6,20.65,15.45,14,54,6.4,1.5,226
nfl:gsis:00-0036410,Tee Higgins,WR,CIN,1999-01-18,7,0.995,17.6,10.5,24.7,150.935,19,106.489,44.45,14.46,-3.14,13.77,15.16,1.39,15,51.0,31.0,,False,wide_market_price_range,True,"{'season': 2025, 'games': 15, 'fantasy_points': 152.6, 'points_per_game': 10.17, 'stats': {'rushing_attempts': 0.0, 'rushing_yards': 0.0, 'rushing_tds': 0.0, 'targets': 98.0, 'receptions': 59.0, 'receiving_yards': 846.0, 'receiving_tds': 11.0, 'fumbles_lost': 0.0}, 'source': 'nflverse weekly player and team statistics'}","[{'season': 2024, 'games': 12, 'fantasy_points': 149.1, 'points_per_game': 12.43, 'stats': {'rushing_attempts': 0.0, 'rushing_yards': 0.0, 'rushing_tds': 0.0, 'targets': 109.0, 'receptions': 73.0, 'receiving_yards': 911.0, 'receiving_tds': 10.0, 'fumbles_lost': 1.0}, 'source': 'nflverse weekly player and team statistics'}, {'season': 2025, 'games': 15, 'fantasy_points': 152.6, 'points_per_game': 10.17, 'stats': {'rushing_attempts': 0.0, 'rushing_yards': 0.0, 'rushing_tds': 0.0, 'targets': 98.0, 'receptions': 59.0, 'receiving_yards': 846.0, 'receiving_tds': 11.0, 'fumbles_lost': 0.0}, 'source': 'nflverse weekly player and team statistics'}]","{'season': 2026, 'games': None, 'fantasy_points': 150.94, 'stats': {'rushing_attempts': 0.0, 'rushing_yards': 0.0, 'rushing_tds': 0.0, 'receptions': 70.75, 'receiving_yards': 965.35, 'receiving_tds': 9.14, 'fumbles_lost': 0.05}, 'source': 'FantasyPros consensus projection'}",5,9,160.51,146.41,9,7,20.7,15.7,227
nfl:gsis:00-0039811,MarShawn Lloyd,RB,GB,2001-01-05,3,0.1656,3.2,1.0,9.3,89.809,47,92.249,0.0,0.0,-3.2,0.0,2.3,2.3,0,192.0,179.0,,True,low_draft_probability;replacement_boundary,False,,"[{'season': 2024, 'games': 1, 'fantasy_points': 1.8, 'points_per_game': 1.8, 'stats': {'rushing_attempts': 6.0, 'rushing_yards': 15.0, 'rushing_tds': 0.0, 'targets': 1.0, 'receptions': 1.0, 'receiving_yards': 3.0, 'receiving_tds': 0.0, 'fumbles_lost': 0.0}, 'source': 'nflverse weekly player and team statistics'}]","{'season': 2026, 'games': None, 'fantasy_points': 89.81, 'stats': {'rushing_attempts': 123.19, 'rushing_yards': 516.66, 'rushing_tds': 4.28, 'receptions': 14.68, 'receiving_yards': 114.23, 'receiving_tds': 0.58, 'fumbles_lost': 1.0}, 'source': 'FantasyPros consensus projection'}",14,12,92.25,78.1,14,54,6.4,1.5,228
nfl:gsis:00-0039793,AJ Barner,TE,SEA,2002-05-03,3,0.0904,3.2,1.0,7.9,75.809,25,107.21,0.0,0.0,-3.2,0.0,0.0,0.0,0,211.0,147.0,,True,low_draft_probability,False,"{'season': 2025, 'games': 17, 'fantasy_points': 95.3, 'points_per_game': 5.61, 'stats': {'rushing_yards': 14.0, 'rushing_tds': 1.0, 'targets': 68.0, 'receptions': 52.0, 'receiving_yards': 519.0, 'receiving_tds': 6.0, 'fumbles_lost': 0.0}, 'source': 'nflverse weekly player and team statistics'}","[{'season': 2024, 'games': 15, 'fantasy_points': 48.5, 'points_per_game': 3.23, 'stats': {'rushing_yards': 0.0, 'rushing_tds': 0.0, 'targets': 38.0, 'receptions': 30.0, 'receiving_yards': 245.0, 'receiving_tds': 4.0, 'fumbles_lost': 0.0}, 'source': 'nflverse weekly player and team statistics'}, {'season': 2025, 'games': 17, 'fantasy_points': 95.3, 'points_per_game': 5.61, 'stats': {'rushing_yards': 14.0, 'rushing_tds': 1.0, 'targets': 68.0, 'receptions': 52.0, 'receiving_yards': 519.0, 'receiving_tds': 6.0, 'fumbles_lost': 0.0}, 'source': 'nflverse weekly player and team statistics'}]","{'season': 2026, 'games': None, 'fantasy_points': 75.81, 'stats': {'rushing_yards': 12.82, 'rushing_tds': 0.2, 'receptions': 48.57, 'receiving_yards': 469.89, 'receiving_tds': 4.88, 'fumbles_lost': 0.0}, 'source': 'FantasyPros consensus projection'}",5,10,83.8,72.45,5,18,3.3,1.0,229
nfl:gsis:00-0038705,Emari Demercado,RB,KC,1999-01-20,4,0.0434,3.2,1.0,9.3,66.462,62,92.249,0.0,0.0,-3.2,0.0,0.0,0.0,0,,,adp_espn;adp_yahoo,True,missing_market_inputs;low_draft_probability,False,"{'season': 2025, 'games': 12, 'fantasy_points': 45.3, 'points_per_game': 3.77, 'stats': {'rushing_attempts': 44.0, 'rushing_yards': 312.0, 'rushing_tds': 0.0, 'targets': 20.0, 'receptions': 13.0, 'receiving_yards': 101.0, 'receiving_tds': 1.0, 'fumbles_lost': 1.0}, 'source': 'nflverse weekly player and team statistics'}","[{'season': 2024, 'games': 13, 'fantasy_points': 38.7, 'points_per_game': 2.98, 'stats': {'rushing_attempts': 24.0, 'rushing_yards': 223.0, 'rushing_tds': 1.0, 'targets': 20.0, 'receptions': 16.0, 'receiving_yards': 104.0, 'receiving_tds': 0.0, 'fumbles_lost': 0.0}, 'source': 'nflverse weekly player and team statistics'}, {'season': 2025, 'games': 12, 'fantasy_points': 45.3, 'points_per_game': 3.77, 'stats': {'rushing_attempts': 44.0, 'rushing_yards': 312.0, 'rushing_tds': 0.0, 'targets': 20.0, 'receptions': 13.0, 'receiving_yards': 101.0, 'receiving_tds': 1.0, 'fumbles_lost': 1.0}, 'source': 'nflverse weekly player and team statistics'}]","{'season': 2026, 'games': None, 'fantasy_points': 66.46, 'stats': {'rushing_attempts': 76.84, 'rushing_yards': 427.45, 'rushing_tds': 1.7, 'receptions': 16.37, 'receiving_yards': 119.77, 'receiving_tds': 0.81, 'fumbles_lost': 1.76}, 'source': 'FantasyPros consensus projection'}",15,7,73.1,61.86,14,54,6.4,1.5,230
nfl:gsis:00-0040177,Jordan James,RB,SF,2004-03-29,2,0.0423,3.2,1.0,9.2,61.857,64,92.249,0.0,0.0,-3.2,0.0,0.0,0.0,0,,,adp_espn;adp_yahoo,True,missing_market_inputs;low_draft_probability,False,,[],"{'season': 2026, 'games': None, 'fantasy_points': 61.86, 'stats': {'rushing_attempts': 80.69, 'rushing_yards': 322.58, 'rushing_tds': 2.51, 'receptions': 14.05, 'receiving_yards': 131.59, 'receiving_tds': 0.59, 'fumbles_lost': 1.0}, 'source': 'FantasyPros consensus projection'}",15,7,73.1,61.86,14,54,6.4,1.5,231
nfl:gsis:00-0038935,Brenton Strange,TE,JAX,2000-12-27,4,0.0819,3.3,1.0,8.0,91.703,17,107.21,0.0,0.0,-3.3,0.0,0.0,0.0,0,183.0,173.0,,True,low_draft_probability,False,"{'season': 2025, 'games': 12, 'fantasy_points': 72.0, 'points_per_game': 6.0, 'stats': {'rushing_yards': 0.0, 'rushing_tds': 0.0, 'targets': 60.0, 'receptions': 46.0, 'receiving_yards': 540.0, 'receiving_tds': 3.0, 'fumbles_lost': 0.0}, 'source': 'nflverse weekly player and team statistics'}","[{'season': 2024, 'games': 14, 'fantasy_points': 51.1, 'points_per_game': 3.65, 'stats': {'rushing_yards': 0.0, 'rushing_tds': 0.0, 'targets': 53.0, 'receptions': 40.0, 'receiving_yards': 411.0, 'receiving_tds': 2.0, 'fumbles_lost': 1.0}, 'source': 'nflverse weekly player and team statistics'}, {'season': 2025, 'games': 12, 'fantasy_points': 72.0, 'points_per_game': 6.0, 'stats': {'rushing_yards': 0.0, 'rushing_tds': 0.0, 'targets': 60.0, 'receptions': 46.0, 'receiving_yards': 540.0, 'receiving_tds': 3.0, 'fumbles_lost': 0.0}, 'source': 'nflverse weekly player and team statistics'}]","{'season': 2026, 'games': None, 'fantasy_points': 91.7, 'stats': {'rushing_yards': 0.0, 'rushing_tds': 0.0, 'receptions': 60.02, 'receiving_yards': 661.23, 'receiving_tds': 4.33, 'fumbles_lost': 0.1}, 'source': 'FantasyPros consensus projection'}",4,6,103.1,90.05,5,18,3.3,1.0,232
nfl:gsis:00-0039384,Tyrone Tracy Jr.,RB,NYG,1999-11-23,3,0.0677,3.3,1.0,9.3,71.302,60,92.249,0.0,0.0,-3.3,0.0,0.0,0.0,0,,194.0,adp_espn,False,low_draft_probability,False,"{'season': 2025, 'games': 15, 'fantasy_points': 124.8, 'points_per_game': 8.32, 'stats': {'rushing_attempts': 176.0, 'rushing_yards': 740.0, 'rushing_tds': 2.0, 'targets': 48.0, 'receptions': 36.0, 'receiving_yards': 288.0, 'receiving_tds': 2.0, 'fumbles_lost': 1.0}, 'source': 'nflverse weekly player and team statistics'}","[{'season': 2024, 'games': 17, 'fantasy_points': 144.3, 'points_per_game': 8.49, 'stats': {'rushing_attempts': 192.0, 'rushing_yards': 839.0, 'rushing_tds': 5.0, 'targets': 53.0, 'receptions': 38.0, 'receiving_yards': 284.0, 'receiving_tds': 1.0, 'fumbles_lost': 2.0}, 'source': 'nflverse weekly player and team statistics'}, {'season': 2025, 'games': 15, 'fantasy_points': 124.8, 'points_per_game': 8.32, 'stats': {'rushing_attempts': 176.0, 'rushing_yards': 740.0, 'rushing_tds': 2.0, 'targets': 48.0, 'receptions': 36.0, 'receiving_yards': 288.0, 'receiving_tds': 2.0, 'fumbles_lost': 1.0}, 'source': 'nflverse weekly player and team statistics'}]","{'season': 2026, 'games': None, 'fantasy_points': 71.3, 'stats': {'rushing_attempts': 86.53, 'rushing_yards': 366.05, 'rushing_tds': 1.83, 'receptions': 23.64, 'receiving_yards': 180.97, 'receiving_tds': 1.14, 'fumbles_lost': 0.55}, 'source': 'FantasyPros consensus projection'}",15,7,73.1,61.86,14,54,6.4,1.5,233
nfl:gsis:00-0035537,Ty Johnson,RB,BUF,1997-09-17,8,0.0443,3.3,1.0,9.4,71.56,59,92.249,0.0,0.0,-3.3,0.0,0.0,0.0,0,,,adp_espn;adp_yahoo,True,missing_market_inputs;low_draft_probability,False,"{'season': 2025, 'games': 17, 'fantasy_points': 76.3, 'points_per_game': 4.49, 'stats': {'rushing_attempts': 50.0, 'rushing_yards': 200.0, 'rushing_tds': 3.0, 'targets': 33.0, 'receptions': 24.0, 'receiving_yards': 263.0, 'receiving_tds': 2.0, 'fumbles_lost': 0.0}, 'source': 'nflverse weekly player and team statistics'}","[{'season': 2024, 'games': 17, 'fantasy_points': 73.7, 'points_per_game': 4.34, 'stats': {'rushing_attempts': 41.0, 'rushing_yards': 213.0, 'rushing_tds': 1.0, 'targets': 25.0, 'receptions': 18.0, 'receiving_yards': 284.0, 'receiving_tds': 3.0, 'fumbles_lost': 0.0}, 'source': 'nflverse weekly player and team statistics'}, {'season': 2025, 'games': 17, 'fantasy_points': 76.3, 'points_per_game': 4.49, 'stats': {'rushing_attempts': 50.0, 'rushing_yards': 200.0, 'rushing_tds': 3.0, 'targets': 33.0, 'receptions': 24.0, 'receiving_yards': 263.0, 'receiving_tds': 2.0, 'fumbles_lost': 0.0}, 'source': 'nflverse weekly player and team statistics'}]","{'season': 2026, 'games': None, 'fantasy_points': 71.56, 'stats': {'rushing_attempts': 51.89, 'rushing_yards': 222.22, 'rushing_tds': 2.07, 'receptions': 22.82, 'receiving_yards': 243.98, 'receiving_tds': 2.15, 'fumbles_lost': 0.0}, 'source': 'FantasyPros consensus projection'}",15,7,73.1,61.86,14,54,6.4,1.5,234
nfl:gsis:00-0034975,Justice Hill,RB,BAL,1997-11-14,8,0.0452,3.4,1.0,9.5,79.414,53,92.249,0.0,0.0,-3.4,0.0,0.0,0.0,0,,,adp_espn;adp_yahoo,True,missing_market_inputs;low_draft_probability,False,"{'season': 2025, 'games': 10, 'fantasy_points': 44.2, 'points_per_game': 4.42, 'stats': {'rushing_attempts': 18.0, 'rushing_yards': 93.0, 'rushing_tds': 2.0, 'targets': 27.0, 'receptions': 21.0, 'receiving_yards': 169.0, 'receiving_tds': 1.0, 'fumbles_lost': 0.0}, 'source': 'nflverse weekly player and team statistics'}","[{'season': 2024, 'games': 15, 'fantasy_points': 85.1, 'points_per_game': 5.67, 'stats': {'rushing_attempts': 47.0, 'rushing_yards': 228.0, 'rushing_tds': 1.0, 'targets': 51.0, 'receptions': 42.0, 'receiving_yards': 383.0, 'receiving_tds': 3.0, 'fumbles_lost': 0.0}, 'source': 'nflverse weekly player and team statistics'}, {'season': 2025, 'games': 10, 'fantasy_points': 44.2, 'points_per_game': 4.42, 'stats': {'rushing_attempts': 18.0, 'rushing_yards': 93.0, 'rushing_tds': 2.0, 'targets': 27.0, 'receptions': 21.0, 'receiving_yards': 169.0, 'receiving_tds': 1.0, 'fumbles_lost': 0.0}, 'source': 'nflverse weekly player and team statistics'}]","{'season': 2026, 'games': None, 'fantasy_points': 79.41, 'stats': {'rushing_attempts': 56.4, 'rushing_yards': 273.71, 'rushing_tds': 2.18, 'receptions': 32.72, 'receiving_yards': 283.43, 'receiving_tds': 1.84, 'fumbles_lost': 0.0}, 'source': 'FantasyPros consensus projection'}",14,12,92.25,78.1,14,54,6.4,1.5,235
nfl:gsis:00-0039066,Michael Mayer,TE,LV,2001-07-06,4,0.005,3.4,1.0,8.2,49.971,37,107.21,0.0,0.0,-3.4,0.0,0.0,0.0,0,,,adp_espn;adp_yahoo,True,missing_market_inputs;low_draft_probability,False,"{'season': 2025, 'games': 13, 'fantasy_points': 38.8, 'points_per_game': 2.98, 'stats': {'rushing_yards': 0.0, 'rushing_tds': 0.0, 'targets': 50.0, 'receptions': 35.0, 'receiving_yards': 328.0, 'receiving_tds': 1.0, 'fumbles_lost': 0.0}, 'source': 'nflverse weekly player and team statistics'}","[{'season': 2024, 'games': 11, 'fantasy_points': 15.6, 'points_per_game': 1.42, 'stats': {'rushing_yards': 0.0, 'rushing_tds': 0.0, 'targets': 32.0, 'receptions': 21.0, 'receiving_yards': 156.0, 'receiving_tds': 0.0, 'fumbles_lost': 0.0}, 'source': 'nflverse weekly player and team statistics'}, {'season': 2025, 'games': 13, 'fantasy_points': 38.8, 'points_per_game': 2.98, 'stats': {'rushing_yards': 0.0, 'rushing_tds': 0.0, 'targets': 50.0, 'receptions': 35.0, 'receiving_yards': 328.0, 'receiving_tds': 1.0, 'fumbles_lost': 0.0}, 'source': 'nflverse weekly player and team statistics'}]","{'season': 2026, 'games': None, 'fantasy_points': 49.97, 'stats': {'rushing_yards': 0.0, 'rushing_tds': 0.0, 'receptions': 40.01, 'receiving_yards': 376.31, 'receiving_tds': 2.1, 'fumbles_lost': 0.0}, 'source': 'FantasyPros consensus projection'}",7,1,49.97,49.97,4,13,8.4,3.4,236
nfl:gsis:00-0040124,Tetairoa McMillan,WR,CAR,2003-04-05,2,0.995,18.4,11.2,25.5,152.566,18,106.489,46.08,14.96,-3.44,14.24,15.68,1.44,23,37.0,40.0,,False,wide_market_price_range,True,"{'season': 2025, 'games': 17, 'fantasy_points': 141.4, 'points_per_game': 8.32, 'stats': {'rushing_attempts': 0.0, 'rushing_yards': 0.0, 'rushing_tds': 0.0, 'targets': 122.0, 'receptions': 70.0, 'receiving_yards': 1014.0, 'receiving_tds': 7.0, 'fumbles_lost': 1.0}, 'source': 'nflverse weekly player and team statistics'}","[{'season': 2025, 'games': 17, 'fantasy_points': 141.4, 'points_per_game': 8.32, 'stats': {'rushing_attempts': 0.0, 'rushing_yards': 0.0, 'rushing_tds': 0.0, 'targets': 122.0, 'receptions': 70.0, 'receiving_yards': 1014.0, 'receiving_tds': 7.0, 'fumbles_lost': 1.0}, 'source': 'nflverse weekly player and team statistics'}]","{'season': 2026, 'games': None, 'fantasy_points': 152.57, 'stats': {'rushing_attempts': 0.0, 'rushing_yards': 0.0, 'rushing_tds': 0.0, 'receptions': 81.2, 'receiving_yards': 1146.66, 'receiving_tds': 6.62, 'fumbles_lost': 1.1}, 'source': 'FantasyPros consensus projection'}",5,9,160.51,146.41,9,7,20.7,15.7,237
nfl:gsis:00-0040663,Harold Fannin Jr.,TE,CLE,2004-07-20,2,0.8641,7.2,2.4,11.9,116.234,5,107.21,9.02,3.73,-3.47,3.5,5.19,1.69,6,64.0,70.0,,True,,True,"{'season': 2025, 'games': 16, 'fantasy_points': 114.4, 'points_per_game': 7.15, 'stats': {'rushing_yards': 13.0, 'rushing_tds': 1.0, 'targets': 107.0, 'receptions': 72.0, 'receiving_yards': 731.0, 'receiving_tds': 6.0, 'fumbles_lost': 1.0}, 'source': 'nflverse weekly player and team statistics'}","[{'season': 2025, 'games': 16, 'fantasy_points': 114.4, 'points_per_game': 7.15, 'stats': {'rushing_yards': 13.0, 'rushing_tds': 1.0, 'targets': 107.0, 'receptions': 72.0, 'receiving_yards': 731.0, 'receiving_tds': 6.0, 'fumbles_lost': 1.0}, 'source': 'nflverse weekly player and team statistics'}]","{'season': 2026, 'games': None, 'fantasy_points': 116.23, 'stats': {'rushing_yards': 15.46, 'rushing_tds': 0.76, 'receptions': 82.61, 'receiving_yards': 834.34, 'receiving_tds': 5.74, 'fumbles_lost': 0.91}, 'source': 'FantasyPros consensus projection'}",3,9,120.23,107.21,4,13,8.4,3.4,238
nfl:gsis:00-0039794,Braelon Allen,RB,NYJ,2004-01-20,3,0.0454,3.5,1.0,9.6,82.664,50,92.249,0.0,0.0,-3.5,0.0,0.0,0.0,0,,,adp_espn;adp_yahoo,True,missing_market_inputs;low_draft_probability,False,"{'season': 2025, 'games': 4, 'fantasy_points': 13.3, 'points_per_game': 3.33, 'stats': {'rushing_attempts': 18.0, 'rushing_yards': 76.0, 'rushing_tds': 1.0, 'targets': 3.0, 'receptions': 2.0, 'receiving_yards': 17.0, 'receiving_tds': 0.0, 'fumbles_lost': 1.0}, 'source': 'nflverse weekly player and team statistics'}","[{'season': 2024, 'games': 17, 'fantasy_points': 66.2, 'points_per_game': 3.89, 'stats': {'rushing_attempts': 92.0, 'rushing_yards': 334.0, 'rushing_tds': 2.0, 'targets': 27.0, 'receptions': 19.0, 'receiving_yards': 148.0, 'receiving_tds': 1.0, 'fumbles_lost': 0.0}, 'source': 'nflverse weekly player and team statistics'}, {'season': 2025, 'games': 4, 'fantasy_points': 13.3, 'points_per_game': 3.33, 'stats': {'rushing_attempts': 18.0, 'rushing_yards': 76.0, 'rushing_tds': 1.0, 'targets': 3.0, 'receptions': 2.0, 'receiving_yards': 17.0, 'receiving_tds': 0.0, 'fumbles_lost': 1.0}, 'source': 'nflverse weekly player and team statistics'}]","{'season': 2026, 'games': None, 'fantasy_points': 82.66, 'stats': {'rushing_attempts': 111.79, 'rushing_yards': 449.03, 'rushing_tds': 4.46, 'receptions': 13.86, 'receiving_yards': 100.61, 'receiving_tds': 0.72, 'fumbles_lost': 1.66}, 'source': 'FantasyPros consensus projection'}",14,12,92.25,78.1,14,54,6.4,1.5,239
nfl:gsis:00-0036244,Colby Parkinson,TE,LAR,1999-01-07,7,0.005,3.5,1.0,8.2,57.191,34,107.21,0.0,0.0,-3.5,0.0,0.0,0.0,0,,,adp_espn;adp_yahoo,True,missing_market_inputs;low_draft_probability,False,"{'season': 2025, 'games': 14, 'fantasy_points': 86.8, 'points_per_game': 6.2, 'stats': {'rushing_yards': 0.0, 'rushing_tds': 0.0, 'targets': 56.0, 'receptions': 43.0, 'receiving_yards': 408.0, 'receiving_tds': 8.0, 'fumbles_lost': 1.0}, 'source': 'nflverse weekly player and team statistics'}","[{'season': 2024, 'games': 16, 'fantasy_points': 35.4, 'points_per_game': 2.21, 'stats': {'rushing_yards': 0.0, 'rushing_tds': 0.0, 'targets': 49.0, 'receptions': 30.0, 'receiving_yards': 294.0, 'receiving_tds': 1.0, 'fumbles_lost': 0.0}, 'source': 'nflverse weekly player and team statistics'}, {'season': 2025, 'games': 14, 'fantasy_points': 86.8, 'points_per_game': 6.2, 'stats': {'rushing_yards': 0.0, 'rushing_tds': 0.0, 'targets': 56.0, 'receptions': 43.0, 'receiving_yards': 408.0, 'receiving_tds': 8.0, 'fumbles_lost': 1.0}, 'source': 'nflverse weekly player and team statistics'}]","{'season': 2026, 'games': None, 'fantasy_points': 57.19, 'stats': {'rushing_yards': 0.0, 'rushing_tds': 0.0, 'receptions': 33.33, 'receiving_yards': 342.51, 'receiving_tds': 4.04, 'fumbles_lost': 0.5}, 'source': 'FantasyPros consensus projection'}",6,6,65.14,57.19,4,13,8.4,3.4,240
nfl:gsis:00-0040666,Omarion Hampton,RB,LAC,2003-03-16,2,0.995,38.4,32.3,44.5,203.938,14,92.249,111.69,34.83,-3.57,32.85,35.21,2.36,36,24.0,18.0,,False,wide_market_price_range,True,"{'season': 2025, 'games': 9, 'fantasy_points': 103.7, 'points_per_game': 11.52, 'stats': {'rushing_attempts': 124.0, 'rushing_yards': 545.0, 'rushing_tds': 4.0, 'targets': 35.0, 'receptions': 32.0, 'receiving_yards': 192.0, 'receiving_tds': 1.0, 'fumbles_lost': 0.0}, 'source': 'nflverse weekly player and team statistics'}","[{'season': 2025, 'games': 9, 'fantasy_points': 103.7, 'points_per_game': 11.52, 'stats': {'rushing_attempts': 124.0, 'rushing_yards': 545.0, 'rushing_tds': 4.0, 'targets': 35.0, 'receptions': 32.0, 'receiving_yards': 192.0, 'receiving_tds': 1.0, 'fumbles_lost': 0.0}, 'source': 'nflverse weekly player and team statistics'}]","{'season': 2026, 'games': None, 'fantasy_points': 203.94, 'stats': {'rushing_attempts': 243.66, 'rushing_yards': 1034.81, 'rushing_tds': 9.46, 'receptions': 50.21, 'receiving_yards': 342.77, 'receiving_tds': 1.92, 'fumbles_lost': 0.5}, 'source': 'FantasyPros consensus projection'}",7,9,214.85,198.94,8,3,41.3,38.4,241
nfl:gsis:00-0031203,Cairo Santos,K,CHI,1991-11-12,13,0.2001,4.8,2.3,7.3,133.31,8,132.62,0.69,1.21,-3.59,1.2,1.22,0.02,0,195.0,226.0,,True,low_confidence_special_teams_projection;low_draft_probability;replacement_boundary,True,"{'season': 2025, 'games': 15, 'fantasy_points': 117.0, 'points_per_game': 7.8, 'stats': {'field_goals_made': 25.0, 'field_goals_attempted': 30.0, 'extra_points_made': 39.0}, 'source': 'nflverse weekly player and team statistics'}","[{'season': 2024, 'games': 17, 'fantasy_points': 95.5, 'points_per_game': 5.62, 'stats': {'field_goals_made': 21.0, 'field_goals_attempted': 25.0, 'extra_points_made': 25.0}, 'source': 'nflverse weekly player and team statistics'}, {'season': 2025, 'games': 15, 'fantasy_points': 117.0, 'points_per_game': 7.8, 'stats': {'field_goals_made': 25.0, 'field_goals_attempted': 30.0, 'extra_points_made': 39.0}, 'source': 'nflverse weekly player and team statistics'}]","{'season': 2026, 'games': None, 'fantasy_points': 133.31, 'stats': {'field_goals_made': 29.99, 'field_goals_attempted': 34.49, 'extra_points_made': 43.34}, 'source': 'FantasyPros consensus projection'}",2,13,144.06,128.51,1,21,5.5,1.0,242
nfl:gsis:00-0040200,Andy Borregales,K,NE,2003-01-02,2,0.7382,3.6,1.1,6.2,119.37,22,132.62,0.0,0.0,-3.6,0.0,0.0,0.0,,,225.0,espn_salary_cap_value;adp_espn,True,missing_market_inputs;low_confidence_special_teams_projection,False,"{'season': 2025, 'games': 17, 'fantasy_points': 135.0, 'points_per_game': 7.94, 'stats': {'field_goals_made': 27.0, 'field_goals_attempted': 32.0, 'extra_points_made': 53.0}, 'source': 'nflverse weekly player and team statistics'}","[{'season': 2025, 'games': 17, 'fantasy_points': 135.0, 'points_per_game': 7.94, 'stats': {'field_goals_made': 27.0, 'field_goals_attempted': 32.0, 'extra_points_made': 53.0}, 'source': 'nflverse weekly player and team statistics'}]","{'season': 2026, 'games': None, 'fantasy_points': 119.37, 'stats': {'field_goals_made': 25.79, 'field_goals_attempted': 30.88, 'extra_points_made': 42.0}, 'source': 'FantasyPros consensus projection'}",3,6,126.36,118.33,1,21,5.5,1.0,243
nfl:gsis:00-0038611,Chris Rodriguez Jr.,RB,JAX,1999-09-26,4,0.1441,3.6,1.0,9.7,90.219,46,92.249,0.0,0.0,-3.6,0.0,2.42,2.42,1,172.0,199.0,,True,low_draft_probability;replacement_boundary,False,"{'season': 2025, 'games': 12, 'fantasy_points': 89.0, 'points_per_game': 7.42, 'stats': {'rushing_attempts': 112.0, 'rushing_yards': 500.0, 'rushing_tds': 6.0, 'targets': 4.0, 'receptions': 3.0, 'receiving_yards': 30.0, 'receiving_tds': 0.0, 'fumbles_lost': 0.0}, 'source': 'nflverse weekly player and team statistics'}","[{'season': 2024, 'games': 7, 'fantasy_points': 30.5, 'points_per_game': 4.36, 'stats': {'rushing_attempts': 35.0, 'rushing_yards': 173.0, 'rushing_tds': 2.0, 'targets': 1.0, 'receptions': 1.0, 'receiving_yards': 12.0, 'receiving_tds': 0.0, 'fumbles_lost': 0.0}, 'source': 'nflverse weekly player and team statistics'}, {'season': 2025, 'games': 12, 'fantasy_points': 89.0, 'points_per_game': 7.42, 'stats': {'rushing_attempts': 112.0, 'rushing_yards': 500.0, 'rushing_tds': 6.0, 'targets': 4.0, 'receptions': 3.0, 'receiving_yards': 30.0, 'receiving_tds': 0.0, 'fumbles_lost': 0.0}, 'source': 'nflverse weekly player and team statistics'}]","{'season': 2026, 'games': None, 'fantasy_points': 90.22, 'stats': {'rushing_attempts': 135.5, 'rushing_yards': 560.76, 'rushing_tds': 5.14, 'receptions': 5.37, 'receiving_yards': 42.83, 'receiving_tds': 0.05, 'fumbles_lost': 0.5}, 'source': 'FantasyPros consensus projection'}",14,12,92.25,78.1,14,54,6.4,1.5,244
nfl:gsis:00-0040584,Gunnar Helm,TE,TEN,2002-09-06,2,0.005,3.6,1.0,8.3,62.667,33,107.21,0.0,0.0,-3.6,0.0,0.0,0.0,0,,,adp_espn;adp_yahoo,True,missing_market_inputs;low_draft_probability,False,"{'season': 2025, 'games': 16, 'fantasy_points': 47.7, 'points_per_game': 2.98, 'stats': {'rushing_yards': 0.0, 'rushing_tds': 0.0, 'targets': 55.0, 'receptions': 44.0, 'receiving_yards': 357.0, 'receiving_tds': 2.0, 'fumbles_lost': 0.0}, 'source': 'nflverse weekly player and team statistics'}","[{'season': 2025, 'games': 16, 'fantasy_points': 47.7, 'points_per_game': 2.98, 'stats': {'rushing_yards': 0.0, 'rushing_tds': 0.0, 'targets': 55.0, 'receptions': 44.0, 'receiving_yards': 357.0, 'receiving_tds': 2.0, 'fumbles_lost': 0.0}, 'source': 'nflverse weekly player and team statistics'}]","{'season': 2026, 'games': None, 'fantasy_points': 62.67, 'stats': {'rushing_yards': 0.51, 'rushing_tds': 0.0, 'receptions': 48.91, 'receiving_yards': 444.07, 'receiving_tds': 3.11, 'fumbles_lost': 0.0}, 'source': 'FantasyPros consensus projection'}",6,6,65.14,57.19,4,13,8.4,3.4,245
nfl:gsis:00-0034829,Mike Gesicki,TE,CIN,1995-10-03,9,0.005,3.6,1.0,8.3,64.668,30,107.21,0.0,0.0,-3.6,0.0,0.0,0.0,0,,,adp_espn;adp_yahoo,True,missing_market_inputs;low_draft_probability,False,"{'season': 2025, 'games': 12, 'fantasy_points': 42.7, 'points_per_game': 3.56, 'stats': {'rushing_yards': 0.0, 'rushing_tds': 0.0, 'targets': 42.0, 'receptions': 28.0, 'receiving_yards': 307.0, 'receiving_tds': 2.0, 'fumbles_lost': 0.0}, 'source': 'nflverse weekly player and team statistics'}","[{'season': 2024, 'games': 16, 'fantasy_points': 76.5, 'points_per_game': 4.78, 'stats': {'rushing_yards': 0.0, 'rushing_tds': 0.0, 'targets': 83.0, 'receptions': 65.0, 'receiving_yards': 665.0, 'receiving_tds': 2.0, 'fumbles_lost': 1.0}, 'source': 'nflverse weekly player and team statistics'}, {'season': 2025, 'games': 12, 'fantasy_points': 42.7, 'points_per_game': 3.56, 'stats': {'rushing_yards': 0.0, 'rushing_tds': 0.0, 'targets': 42.0, 'receptions': 28.0, 'receiving_yards': 307.0, 'receiving_tds': 2.0, 'fumbles_lost': 0.0}, 'source': 'nflverse weekly player and team statistics'}]","{'season': 2026, 'games': None, 'fantasy_points': 64.67, 'stats': {'rushing_yards': 0.0, 'rushing_tds': 0.0, 'receptions': 41.39, 'receiving_yards': 434.28, 'receiving_tds': 3.57, 'fumbles_lost': 0.35}, 'source': 'FantasyPros consensus projection'}",6,6,65.14,57.19,4,13,8.4,3.4,246
nfl:gsis:00-0038129,Cade Otton,TE,TB,1999-04-15,5,0.005,3.7,1.0,8.5,74.021,26,107.21,0.0,0.0,-3.7,0.0,0.0,0.0,0,,,adp_espn;adp_yahoo,True,missing_market_inputs;low_draft_probability,False,"{'season': 2025, 'games': 15, 'fantasy_points': 63.2, 'points_per_game': 4.21, 'stats': {'rushing_yards': 0.0, 'rushing_tds': 0.0, 'targets': 81.0, 'receptions': 59.0, 'receiving_yards': 572.0, 'receiving_tds': 1.0, 'fumbles_lost': 0.0}, 'source': 'nflverse weekly player and team statistics'}","[{'season': 2024, 'games': 14, 'fantasy_points': 81.6, 'points_per_game': 5.83, 'stats': {'rushing_yards': -4.0, 'rushing_tds': 0.0, 'targets': 87.0, 'receptions': 59.0, 'receiving_yards': 600.0, 'receiving_tds': 4.0, 'fumbles_lost': 1.0}, 'source': 'nflverse weekly player and team statistics'}, {'season': 2025, 'games': 15, 'fantasy_points': 63.2, 'points_per_game': 4.21, 'stats': {'rushing_yards': 0.0, 'rushing_tds': 0.0, 'targets': 81.0, 'receptions': 59.0, 'receiving_yards': 572.0, 'receiving_tds': 1.0, 'fumbles_lost': 0.0}, 'source': 'nflverse weekly player and team statistics'}]","{'season': 2026, 'games': None, 'fantasy_points': 74.02, 'stats': {'rushing_yards': 0.0, 'rushing_tds': 0.0, 'receptions': 54.84, 'receiving_yards': 557.41, 'receiving_tds': 3.09, 'fumbles_lost': 0.0}, 'source': 'FantasyPros consensus projection'}",5,10,83.8,72.45,4,13,8.4,3.4,247
nfl:gsis:00-0036355,Justin Herbert,QB,LAC,1998-03-10,7,0.6805,5.0,1.0,9.7,325.803,14,324.973,0.83,1.25,-3.75,1.24,6.56,5.32,3,96.0,69.0,,False,replacement_boundary;allocation_sensitive,True,"{'season': 2025, 'games': 16, 'fantasy_points': 325.88, 'points_per_game': 20.37, 'stats': {'passing_completions': 340.0, 'passing_attempts': 512.0, 'passing_yards': 3727.0, 'passing_tds': 26.0, 'passing_interceptions': 13.0, 'rushing_attempts': 83.0, 'rushing_yards': 498.0, 'rushing_tds': 2.0, 'fumbles_lost': 2.0}, 'source': 'nflverse weekly player and team statistics'}","[{'season': 2024, 'games': 17, 'fantasy_points': 311.4, 'points_per_game': 18.32, 'stats': {'passing_completions': 332.0, 'passing_attempts': 504.0, 'passing_yards': 3870.0, 'passing_tds': 23.0, 'passing_interceptions': 3.0, 'rushing_attempts': 69.0, 'rushing_yards': 306.0, 'rushing_tds': 2.0, 'fumbles_lost': 2.0}, 'source': 'nflverse weekly player and team statistics'}, {'season': 2025, 'games': 16, 'fantasy_points': 325.88, 'points_per_game': 20.37, 'stats': {'passing_completions': 340.0, 'passing_attempts': 512.0, 'passing_yards': 3727.0, 'passing_tds': 26.0, 'passing_interceptions': 13.0, 'rushing_attempts': 83.0, 'rushing_yards': 498.0, 'rushing_tds': 2.0, 'fumbles_lost': 2.0}, 'source': 'nflverse weekly player and team statistics'}]","{'season': 2026, 'games': None, 'fantasy_points': 325.8, 'stats': {'passing_completions': 349.8, 'passing_attempts': 529.48, 'passing_yards': 3857.94, 'passing_tds': 26.21, 'passing_interceptions': 11.66, 'rushing_attempts': 78.44, 'rushing_yards': 450.15, 'rushing_tds': 2.12, 'fumbles_lost': 2.35}, 'source': 'FantasyPros consensus projection'}",3,9,337.13,324.97,4,11,6.7,2.3,248
nfl:gsis:00-0038454,Keaton Mitchell,RB,LAC,2002-01-17,4,0.0923,3.8,1.0,9.9,68.866,61,92.249,0.0,0.0,-3.8,0.0,0.0,0.0,0,197.0,200.0,,True,low_draft_probability,False,"{'season': 2025, 'games': 13, 'fantasy_points': 46.4, 'points_per_game': 3.57, 'stats': {'rushing_attempts': 59.0, 'rushing_yards': 341.0, 'rushing_tds': 1.0, 'targets': 12.0, 'receptions': 9.0, 'receiving_yards': 63.0, 'receiving_tds': 0.0, 'fumbles_lost': 0.0}, 'source': 'nflverse weekly player and team statistics'}","[{'season': 2024, 'games': 4, 'fantasy_points': 5.8, 'points_per_game': 1.45, 'stats': {'rushing_attempts': 15.0, 'rushing_yards': 30.0, 'rushing_tds': 0.0, 'targets': 1.0, 'receptions': 1.0, 'receiving_yards': 28.0, 'receiving_tds': 0.0, 'fumbles_lost': 0.0}, 'source': 'nflverse weekly player and team statistics'}, {'season': 2025, 'games': 13, 'fantasy_points': 46.4, 'points_per_game': 3.57, 'stats': {'rushing_attempts': 59.0, 'rushing_yards': 341.0, 'rushing_tds': 1.0, 'targets': 12.0, 'receptions': 9.0, 'receiving_yards': 63.0, 'receiving_tds': 0.0, 'fumbles_lost': 0.0}, 'source': 'nflverse weekly player and team statistics'}]","{'season': 2026, 'games': None, 'fantasy_points': 68.87, 'stats': {'rushing_attempts': 95.64, 'rushing_yards': 432.78, 'rushing_tds': 2.21, 'receptions': 15.53, 'receiving_yards': 114.48, 'receiving_tds': 0.39, 'fumbles_lost': 0.5}, 'source': 'FantasyPros consensus projection'}",15,7,73.1,61.86,14,54,6.4,1.5,249
nfl:gsis:00-0035358,Chase McLaughlin,K,TB,1996-04-09,8,0.1637,4.9,2.4,7.5,132.85,9,132.62,0.23,1.07,-3.83,1.07,1.07,0.0,0,,221.0,adp_espn,True,low_confidence_special_teams_projection;low_draft_probability;replacement_boundary,True,"{'season': 2025, 'games': 17, 'fantasy_points': 137.0, 'points_per_game': 8.06, 'stats': {'field_goals_made': 32.0, 'field_goals_attempted': 38.0, 'extra_points_made': 32.0}, 'source': 'nflverse weekly player and team statistics'}","[{'season': 2024, 'games': 17, 'fantasy_points': 151.5, 'points_per_game': 8.91, 'stats': {'field_goals_made': 30.0, 'field_goals_attempted': 32.0, 'extra_points_made': 54.0}, 'source': 'nflverse weekly player and team statistics'}, {'season': 2025, 'games': 17, 'fantasy_points': 137.0, 'points_per_game': 8.06, 'stats': {'field_goals_made': 32.0, 'field_goals_attempted': 38.0, 'extra_points_made': 32.0}, 'source': 'nflverse weekly player and team statistics'}]","{'season': 2026, 'games': None, 'fantasy_points': 132.85, 'stats': {'field_goals_made': 31.52, 'field_goals_attempted': 36.49, 'extra_points_made': 38.29}, 'source': 'FantasyPros consensus projection'}",2,13,144.06,128.51,1,21,5.5,1.0,250
nfl:gsis:00-0040074,Tyler Loop,K,BAL,2001-08-04,2,0.2726,3.9,1.3,6.4,132.06,11,132.62,0.0,0.0,-3.9,0.0,0.0,0.0,1,170.0,220.0,,True,low_confidence_special_teams_projection;low_draft_probability;replacement_boundary,False,"{'season': 2025, 'games': 17, 'fantasy_points': 133.5, 'points_per_game': 7.85, 'stats': {'field_goals_made': 30.0, 'field_goals_attempted': 34.0, 'extra_points_made': 44.0}, 'source': 'nflverse weekly player and team statistics'}","[{'season': 2025, 'games': 17, 'fantasy_points': 133.5, 'points_per_game': 7.85, 'stats': {'field_goals_made': 30.0, 'field_goals_attempted': 34.0, 'extra_points_made': 44.0}, 'source': 'nflverse weekly player and team statistics'}]","{'season': 2026, 'games': None, 'fantasy_points': 132.06, 'stats': {'field_goals_made': 28.43, 'field_goals_attempted': 32.48, 'extra_points_made': 46.77}, 'source': 'FantasyPros consensus projection'}",2,13,144.06,128.51,1,21,5.5,1.0,251
nfl:gsis:00-0038134,Kenneth Walker III,RB,KC,2000-10-20,5,0.995,41.3,35.2,47.3,212.287,10,92.249,120.04,37.36,-3.94,35.41,37.61,2.2,37,20.0,15.0,,False,wide_market_price_range,True,"{'season': 2025, 'games': 17, 'fantasy_points': 160.9, 'points_per_game': 9.46, 'stats': {'rushing_attempts': 221.0, 'rushing_yards': 1027.0, 'rushing_tds': 5.0, 'targets': 36.0, 'receptions': 31.0, 'receiving_yards': 282.0, 'receiving_tds': 0.0, 'fumbles_lost': 0.0}, 'source': 'nflverse weekly player and team statistics'}","[{'season': 2024, 'games': 11, 'fantasy_points': 135.2, 'points_per_game': 12.29, 'stats': {'rushing_attempts': 153.0, 'rushing_yards': 573.0, 'rushing_tds': 7.0, 'targets': 53.0, 'receptions': 46.0, 'receiving_yards': 299.0, 'receiving_tds': 1.0, 'fumbles_lost': 0.0}, 'source': 'nflverse weekly player and team statistics'}, {'season': 2025, 'games': 17, 'fantasy_points': 160.9, 'points_per_game': 9.46, 'stats': {'rushing_attempts': 221.0, 'rushing_yards': 1027.0, 'rushing_tds': 5.0, 'targets': 36.0, 'receptions': 31.0, 'receiving_yards': 282.0, 'receiving_tds': 0.0, 'fumbles_lost': 0.0}, 'source': 'nflverse weekly player and team statistics'}]","{'season': 2026, 'games': None, 'fantasy_points': 212.29, 'stats': {'rushing_attempts': 262.54, 'rushing_yards': 1192.05, 'rushing_tds': 8.71, 'receptions': 45.79, 'receiving_yards': 353.42, 'receiving_tds': 1.23, 'fumbles_lost': 0.7}, 'source': 'FantasyPros consensus projection'}",7,9,214.85,198.94,8,3,41.3,38.4,252
nfl:gsis:00-0036854,Evan McPherson,K,CIN,1999-07-21,6,0.1953,4.0,1.5,6.5,128.72,15,132.62,0.0,0.0,-4.0,0.0,0.0,0.0,0,206.0,222.0,,False,low_confidence_special_teams_projection;low_draft_probability,False,"{'season': 2025, 'games': 17, 'fantasy_points': 120.0, 'points_per_game': 7.06, 'stats': {'field_goals_made': 25.0, 'field_goals_attempted': 28.0, 'extra_points_made': 41.0}, 'source': 'nflverse weekly player and team statistics'}","[{'season': 2024, 'games': 12, 'fantasy_points': 86.5, 'points_per_game': 7.21, 'stats': {'field_goals_made': 16.0, 'field_goals_attempted': 22.0, 'extra_points_made': 37.0}, 'source': 'nflverse weekly player and team statistics'}, {'season': 2025, 'games': 17, 'fantasy_points': 120.0, 'points_per_game': 7.06, 'stats': {'field_goals_made': 25.0, 'field_goals_attempted': 28.0, 'extra_points_made': 41.0}, 'source': 'nflverse weekly player and team statistics'}]","{'season': 2026, 'games': None, 'fantasy_points': 128.72, 'stats': {'field_goals_made': 27.67, 'field_goals_attempted': 32.15, 'extra_points_made': 45.71}, 'source': 'FantasyPros consensus projection'}",2,13,144.06,128.51,1,21,5.5,1.0,253
nfl:gsis:00-0041052,Kaelon Black,RB,SF,2001-10-17,0,0.0709,4.0,1.0,10.1,78.104,57,92.249,0.0,0.0,-4.0,0.0,0.0,0.0,0,,192.0,adp_espn,True,low_draft_probability,False,,[],"{'season': 2026, 'games': None, 'fantasy_points': 78.1, 'stats': {'rushing_attempts': 113.59, 'rushing_yards': 452.73, 'rushing_tds': 3.6, 'receptions': 10.58, 'receiving_yards': 94.91, 'receiving_tds': 0.68, 'fumbles_lost': 1.0}, 'source': 'FantasyPros consensus projection'}",14,12,92.25,78.1,14,54,6.4,1.5,254
nfl:gsis:00-0039404,Will Reichard,K,MIN,2001-01-09,3,0.2429,4.2,1.7,6.8,130.72,14,132.62,0.0,0.0,-4.2,0.0,0.0,0.0,0,181.0,223.0,,True,low_confidence_special_teams_projection;low_draft_probability,False,"{'season': 2025, 'games': 17, 'fantasy_points': 141.0, 'points_per_game': 8.29, 'stats': {'field_goals_made': 33.0, 'field_goals_attempted': 35.0, 'extra_points_made': 31.0}, 'source': 'nflverse weekly player and team statistics'}","[{'season': 2024, 'games': 13, 'fantasy_points': 116.5, 'points_per_game': 8.96, 'stats': {'field_goals_made': 24.0, 'field_goals_attempted': 30.0, 'extra_points_made': 38.0}, 'source': 'nflverse weekly player and team statistics'}, {'season': 2025, 'games': 17, 'fantasy_points': 141.0, 'points_per_game': 8.29, 'stats': {'field_goals_made': 33.0, 'field_goals_attempted': 35.0, 'extra_points_made': 31.0}, 'source': 'nflverse weekly player and team statistics'}]","{'season': 2026, 'games': None, 'fantasy_points': 130.72, 'stats': {'field_goals_made': 30.9, 'field_goals_attempted': 34.17, 'extra_points_made': 38.02}, 'source': 'FantasyPros consensus projection'}",2,13,144.06,128.51,1,21,5.5,1.0,255
nfl:gsis:00-0037809,Chig Okonkwo,TE,WAS,1999-09-08,5,0.0254,4.3,1.0,9.0,73.367,27,107.21,0.0,0.0,-4.3,0.0,0.0,0.0,0,238.0,155.0,,True,low_draft_probability,False,"{'season': 2025, 'games': 17, 'fantasy_points': 68.0, 'points_per_game': 4.0, 'stats': {'rushing_yards': 0.0, 'rushing_tds': 0.0, 'targets': 79.0, 'receptions': 56.0, 'receiving_yards': 560.0, 'receiving_tds': 2.0, 'fumbles_lost': 0.0}, 'source': 'nflverse weekly player and team statistics'}","[{'season': 2024, 'games': 16, 'fantasy_points': 61.6, 'points_per_game': 3.85, 'stats': {'rushing_yards': 17.0, 'rushing_tds': 0.0, 'targets': 70.0, 'receptions': 52.0, 'receiving_yards': 479.0, 'receiving_tds': 2.0, 'fumbles_lost': 1.0}, 'source': 'nflverse weekly player and team statistics'}, {'season': 2025, 'games': 17, 'fantasy_points': 68.0, 'points_per_game': 4.0, 'stats': {'rushing_yards': 0.0, 'rushing_tds': 0.0, 'targets': 79.0, 'receptions': 56.0, 'receiving_yards': 560.0, 'receiving_tds': 2.0, 'fumbles_lost': 0.0}, 'source': 'nflverse weekly player and team statistics'}]","{'season': 2026, 'games': None, 'fantasy_points': 73.37, 'stats': {'rushing_yards': 0.0, 'rushing_tds': 0.0, 'receptions': 52.76, 'receiving_yards': 569.47, 'receiving_tds': 2.78, 'fumbles_lost': 0.0}, 'source': 'FantasyPros consensus projection'}",5,10,83.8,72.45,4,13,8.4,3.4,256
nfl:gsis:00-0039065,Sam LaPorta,TE,DET,2001-01-12,4,0.9421,7.5,2.8,12.3,113.705,9,107.21,6.5,2.97,-4.53,2.77,4.38,1.61,6,62.0,61.0,,False,replacement_boundary,True,"{'season': 2025, 'games': 9, 'fantasy_points': 66.9, 'points_per_game': 7.43, 'stats': {'rushing_yards': 0.0, 'rushing_tds': 0.0, 'targets': 49.0, 'receptions': 40.0, 'receiving_yards': 489.0, 'receiving_tds': 3.0, 'fumbles_lost': 0.0}, 'source': 'nflverse weekly player and team statistics'}","[{'season': 2024, 'games': 16, 'fantasy_points': 114.6, 'points_per_game': 7.16, 'stats': {'rushing_yards': 0.0, 'rushing_tds': 0.0, 'targets': 83.0, 'receptions': 60.0, 'receiving_yards': 726.0, 'receiving_tds': 7.0, 'fumbles_lost': 0.0}, 'source': 'nflverse weekly player and team statistics'}, {'season': 2025, 'games': 9, 'fantasy_points': 66.9, 'points_per_game': 7.43, 'stats': {'rushing_yards': 0.0, 'rushing_tds': 0.0, 'targets': 49.0, 'receptions': 40.0, 'receiving_yards': 489.0, 'receiving_tds': 3.0, 'fumbles_lost': 0.0}, 'source': 'nflverse weekly player and team statistics'}]","{'season': 2026, 'games': None, 'fantasy_points': 113.7, 'stats': {'rushing_yards': 0.0, 'rushing_tds': 0.0, 'receptions': 70.44, 'receiving_yards': 813.85, 'receiving_tds': 5.45, 'fumbles_lost': 0.06}, 'source': 'FantasyPros consensus projection'}",3,9,120.23,107.21,4,13,8.4,3.4,257
nfl:gsis:00-0039918,Caleb Williams,QB,CHI,2001-11-18,3,0.7028,6.7,2.0,11.5,328.821,12,324.973,3.85,2.17,-4.53,2.11,7.49,5.38,3,82.0,68.0,,True,replacement_boundary;allocation_sensitive,True,"{'season': 2025, 'games': 17, 'fantasy_points': 350.68, 'points_per_game': 20.63, 'stats': {'passing_completions': 330.0, 'passing_attempts': 568.0, 'passing_yards': 3942.0, 'passing_tds': 27.0, 'passing_interceptions': 7.0, 'rushing_attempts': 77.0, 'rushing_yards': 388.0, 'rushing_tds': 3.0, 'fumbles_lost': 1.0}, 'source': 'nflverse weekly player and team statistics'}","[{'season': 2024, 'games': 17, 'fantasy_points': 280.54, 'points_per_game': 16.5, 'stats': {'passing_completions': 351.0, 'passing_attempts': 562.0, 'passing_yards': 3541.0, 'passing_tds': 20.0, 'passing_interceptions': 6.0, 'rushing_attempts': 81.0, 'rushing_yards': 489.0, 'rushing_tds': 0.0, 'fumbles_lost': 5.0}, 'source': 'nflverse weekly player and team statistics'}, {'season': 2025, 'games': 17, 'fantasy_points': 350.68, 'points_per_game': 20.63, 'stats': {'passing_completions': 330.0, 'passing_attempts': 568.0, 'passing_yards': 3942.0, 'passing_tds': 27.0, 'passing_interceptions': 7.0, 'rushing_attempts': 77.0, 'rushing_yards': 388.0, 'rushing_tds': 3.0, 'fumbles_lost': 1.0}, 'source': 'nflverse weekly player and team statistics'}]","{'season': 2026, 'games': None, 'fantasy_points': 328.82, 'stats': {'passing_completions': 329.52, 'passing_attempts': 548.81, 'passing_yards': 3866.29, 'passing_tds': 27.42, 'passing_interceptions': 9.31, 'rushing_attempts': 79.37, 'rushing_yards': 398.59, 'rushing_tds': 2.09, 'fumbles_lost': 2.2}, 'source': 'FantasyPros consensus projection'}",3,9,337.13,324.97,4,11,6.7,2.3,258
nfl:gsis:00-0036970,Kyle Pitts Sr.,TE,ATL,2000-10-06,6,0.9419,6.6,1.8,11.3,110.578,10,107.21,3.37,2.02,-4.58,1.87,3.38,1.51,6,58.0,71.0,,False,replacement_boundary,True,"{'season': 2025, 'games': 17, 'fantasy_points': 122.8, 'points_per_game': 7.22, 'stats': {'rushing_yards': 0.0, 'rushing_tds': 0.0, 'targets': 118.0, 'receptions': 88.0, 'receiving_yards': 928.0, 'receiving_tds': 5.0, 'fumbles_lost': 0.0}, 'source': 'nflverse weekly player and team statistics'}","[{'season': 2024, 'games': 17, 'fantasy_points': 84.2, 'points_per_game': 4.95, 'stats': {'rushing_yards': 0.0, 'rushing_tds': 0.0, 'targets': 74.0, 'receptions': 47.0, 'receiving_yards': 602.0, 'receiving_tds': 4.0, 'fumbles_lost': 0.0}, 'source': 'nflverse weekly player and team statistics'}, {'season': 2025, 'games': 17, 'fantasy_points': 122.8, 'points_per_game': 7.22, 'stats': {'rushing_yards': 0.0, 'rushing_tds': 0.0, 'targets': 118.0, 'receptions': 88.0, 'receiving_yards': 928.0, 'receiving_tds': 5.0, 'fumbles_lost': 0.0}, 'source': 'nflverse weekly player and team statistics'}]","{'season': 2026, 'games': None, 'fantasy_points': 110.58, 'stats': {'rushing_yards': 0.0, 'rushing_tds': 0.0, 'receptions': 77.16, 'receiving_yards': 845.18, 'receiving_tds': 4.39, 'fumbles_lost': 0.03}, 'source': 'FantasyPros consensus projection'}",3,9,120.23,107.21,4,13,8.4,3.4,259
nfl:gsis:00-0038996,Tucker Kraft,TE,GB,2000-11-03,4,0.7347,8.4,3.6,13.1,115.639,7,107.21,8.43,3.55,-4.85,3.33,5.0,1.67,2,77.0,58.0,,False,,True,"{'season': 2025, 'games': 8, 'fantasy_points': 85.2, 'points_per_game': 10.65, 'stats': {'rushing_yards': 3.0, 'rushing_tds': 0.0, 'targets': 44.0, 'receptions': 32.0, 'receiving_yards': 489.0, 'receiving_tds': 6.0, 'fumbles_lost': 0.0}, 'source': 'nflverse weekly player and team statistics'}","[{'season': 2024, 'games': 17, 'fantasy_points': 113.3, 'points_per_game': 6.66, 'stats': {'rushing_yards': 6.0, 'rushing_tds': 0.0, 'targets': 70.0, 'receptions': 50.0, 'receiving_yards': 707.0, 'receiving_tds': 7.0, 'fumbles_lost': 1.0}, 'source': 'nflverse weekly player and team statistics'}, {'season': 2025, 'games': 8, 'fantasy_points': 85.2, 'points_per_game': 10.65, 'stats': {'rushing_yards': 3.0, 'rushing_tds': 0.0, 'targets': 44.0, 'receptions': 32.0, 'receiving_yards': 489.0, 'receiving_tds': 6.0, 'fumbles_lost': 0.0}, 'source': 'nflverse weekly player and team statistics'}]","{'season': 2026, 'games': None, 'fantasy_points': 115.64, 'stats': {'rushing_yards': 6.87, 'rushing_tds': 0.0, 'receptions': 60.79, 'receiving_yards': 772.79, 'receiving_tds': 6.47, 'fumbles_lost': 0.06}, 'source': 'FantasyPros consensus projection'}",3,9,120.23,107.21,4,13,8.4,3.4,260
nfl:gsis:00-0037252,Greg Dulcich,TE,MIA,2000-03-26,5,0.005,4.9,1.0,9.6,78.939,22,107.21,0.0,0.0,-4.9,0.0,0.0,0.0,0,,202.0,adp_espn,True,low_draft_probability,False,"{'season': 2025, 'games': 9, 'fantasy_points': 36.8, 'points_per_game': 4.09, 'stats': {'rushing_yards': -7.0, 'rushing_tds': 0.0, 'targets': 33.0, 'receptions': 26.0, 'receiving_yards': 335.0, 'receiving_tds': 1.0, 'fumbles_lost': 1.0}, 'source': 'nflverse weekly player and team statistics'}","[{'season': 2024, 'games': 4, 'fantasy_points': 2.8, 'points_per_game': 0.7, 'stats': {'rushing_yards': 0.0, 'rushing_tds': 0.0, 'targets': 12.0, 'receptions': 5.0, 'receiving_yards': 28.0, 'receiving_tds': 0.0, 'fumbles_lost': 0.0}, 'source': 'nflverse weekly player and team statistics'}, {'season': 2025, 'games': 9, 'fantasy_points': 36.8, 'points_per_game': 4.09, 'stats': {'rushing_yards': -7.0, 'rushing_tds': 0.0, 'targets': 33.0, 'receptions': 26.0, 'receiving_yards': 335.0, 'receiving_tds': 1.0, 'fumbles_lost': 1.0}, 'source': 'nflverse weekly player and team statistics'}]","{'season': 2026, 'games': None, 'fantasy_points': 78.94, 'stats': {'rushing_yards': -5.18, 'rushing_tds': 0.0, 'receptions': 54.57, 'receiving_yards': 619.99, 'receiving_tds': 3.22, 'fumbles_lost': 1.8}, 'source': 'FantasyPros consensus projection'}",5,10,83.8,72.45,4,13,8.4,3.4,261
nfl:gsis:00-0036389,Jalen Hurts,QB,PHI,1998-08-07,7,0.995,12.0,7.2,16.7,344.608,5,324.973,19.63,6.95,-5.05,6.66,12.34,5.68,9,48.0,56.0,,False,allocation_sensitive,True,"{'season': 2025, 'games': 16, 'fantasy_points': 330.06, 'points_per_game': 20.63, 'stats': {'passing_completions': 294.0, 'passing_attempts': 454.0, 'passing_yards': 3224.0, 'passing_tds': 25.0, 'passing_interceptions': 6.0, 'rushing_attempts': 105.0, 'rushing_yards': 421.0, 'rushing_tds': 8.0, 'fumbles_lost': 4.0}, 'source': 'nflverse weekly player and team statistics'}","[{'season': 2024, 'games': 15, 'fantasy_points': 338.12, 'points_per_game': 22.54, 'stats': {'passing_completions': 248.0, 'passing_attempts': 361.0, 'passing_yards': 2903.0, 'passing_tds': 18.0, 'passing_interceptions': 5.0, 'rushing_attempts': 150.0, 'rushing_yards': 630.0, 'rushing_tds': 14.0, 'fumbles_lost': 5.0}, 'source': 'nflverse weekly player and team statistics'}, {'season': 2025, 'games': 16, 'fantasy_points': 330.06, 'points_per_game': 20.63, 'stats': {'passing_completions': 294.0, 'passing_attempts': 454.0, 'passing_yards': 3224.0, 'passing_tds': 25.0, 'passing_interceptions': 6.0, 'rushing_attempts': 105.0, 'rushing_yards': 421.0, 'rushing_tds': 8.0, 'fumbles_lost': 4.0}, 'source': 'nflverse weekly player and team statistics'}]","{'season': 2026, 'games': None, 'fantasy_points': 344.61, 'stats': {'passing_completions': 317.18, 'passing_attempts': 488.02, 'passing_yards': 3570.53, 'passing_tds': 24.17, 'passing_interceptions': 7.39, 'rushing_attempts': 111.76, 'rushing_yards': 461.27, 'rushing_tds': 8.38, 'fumbles_lost': 3.65}, 'source': 'FantasyPros consensus projection'}",2,5,353.31,344.21,3,4,14.1,12.0,262
nfl:gsis:00-0039910,Jayden Daniels,QB,WAS,2000-12-18,3,0.995,12.7,8.0,17.5,346.311,4,324.973,21.34,7.46,-5.24,7.15,12.86,5.71,10,47.0,53.0,,False,allocation_sensitive,True,"{'season': 2025, 'games': 7, 'fantasy_points': 125.28, 'points_per_game': 17.9, 'stats': {'passing_completions': 114.0, 'passing_attempts': 188.0, 'passing_yards': 1262.0, 'passing_tds': 8.0, 'passing_interceptions': 3.0, 'rushing_attempts': 58.0, 'rushing_yards': 278.0, 'rushing_tds': 2.0, 'fumbles_lost': 2.0}, 'source': 'nflverse weekly player and team statistics'}","[{'season': 2024, 'games': 17, 'fantasy_points': 389.82, 'points_per_game': 22.93, 'stats': {'passing_completions': 331.0, 'passing_attempts': 480.0, 'passing_yards': 3568.0, 'passing_tds': 25.0, 'passing_interceptions': 9.0, 'rushing_attempts': 148.0, 'rushing_yards': 891.0, 'rushing_tds': 6.0, 'fumbles_lost': 0.0}, 'source': 'nflverse weekly player and team statistics'}, {'season': 2025, 'games': 7, 'fantasy_points': 125.28, 'points_per_game': 17.9, 'stats': {'passing_completions': 114.0, 'passing_attempts': 188.0, 'passing_yards': 1262.0, 'passing_tds': 8.0, 'passing_interceptions': 3.0, 'rushing_attempts': 58.0, 'rushing_yards': 278.0, 'rushing_tds': 2.0, 'fumbles_lost': 2.0}, 'source': 'nflverse weekly player and team statistics'}]","{'season': 2026, 'games': None, 'fantasy_points': 346.31, 'stats': {'passing_completions': 321.93, 'passing_attempts': 492.77, 'passing_yards': 3679.55, 'passing_tds': 23.79, 'passing_interceptions': 10.96, 'rushing_attempts': 130.0, 'rushing_yards': 685.99, 'rushing_tds': 4.7, 'fumbles_lost': 2.38}, 'source': 'FantasyPros consensus projection'}",2,5,353.31,344.21,3,4,14.1,12.0,263
nfl:gsis:00-0036442,Joe Burrow,QB,CIN,1996-12-10,7,0.9686,12.3,7.6,17.1,344.213,6,324.973,19.24,6.83,-5.47,6.55,12.22,5.67,5,53.0,49.0,,False,allocation_sensitive,True,"{'season': 2025, 'games': 8, 'fantasy_points': 156.46, 'points_per_game': 19.56, 'stats': {'passing_completions': 173.0, 'passing_attempts': 259.0, 'passing_yards': 1809.0, 'passing_tds': 17.0, 'passing_interceptions': 5.0, 'rushing_attempts': 14.0, 'rushing_yards': 41.0, 'rushing_tds': 0.0, 'fumbles_lost': 0.0}, 'source': 'nflverse weekly player and team statistics'}","[{'season': 2024, 'games': 17, 'fantasy_points': 424.82, 'points_per_game': 24.99, 'stats': {'passing_completions': 460.0, 'passing_attempts': 652.0, 'passing_yards': 4918.0, 'passing_tds': 43.0, 'passing_interceptions': 9.0, 'rushing_attempts': 42.0, 'rushing_yards': 201.0, 'rushing_tds': 2.0, 'fumbles_lost': 5.0}, 'source': 'nflverse weekly player and team statistics'}, {'season': 2025, 'games': 8, 'fantasy_points': 156.46, 'points_per_game': 19.56, 'stats': {'passing_completions': 173.0, 'passing_attempts': 259.0, 'passing_yards': 1809.0, 'passing_tds': 17.0, 'passing_interceptions': 5.0, 'rushing_attempts': 14.0, 'rushing_yards': 41.0, 'rushing_tds': 0.0, 'fumbles_lost': 0.0}, 'source': 'nflverse weekly player and team statistics'}]","{'season': 2026, 'games': None, 'fantasy_points': 344.21, 'stats': {'passing_completions': 395.37, 'passing_attempts': 591.28, 'passing_yards': 4174.57, 'passing_tds': 33.34, 'passing_interceptions': 11.63, 'rushing_attempts': 48.22, 'rushing_yards': 178.6, 'rushing_tds': 1.36, 'fumbles_lost': 1.65}, 'source': 'FantasyPros consensus projection'}",2,5,353.31,344.21,3,4,14.1,12.0,264
nfl:gsis:00-0036223,Jonathan Taylor,RB,IND,1999-01-19,7,0.9728,60.1,54.0,66.1,267.245,3,92.249,175.0,54.01,-6.09,52.3,54.21,1.91,52,7.0,6.0,,False,wide_market_price_range,True,"{'season': 2025, 'games': 17, 'fantasy_points': 316.3, 'points_per_game': 18.61, 'stats': {'rushing_attempts': 323.0, 'rushing_yards': 1585.0, 'rushing_tds': 18.0, 'targets': 55.0, 'receptions': 46.0, 'receiving_yards': 378.0, 'receiving_tds': 2.0, 'fumbles_lost': 1.0}, 'source': 'nflverse weekly player and team statistics'}","[{'season': 2024, 'games': 14, 'fantasy_points': 226.7, 'points_per_game': 16.19, 'stats': {'rushing_attempts': 303.0, 'rushing_yards': 1431.0, 'rushing_tds': 11.0, 'targets': 31.0, 'receptions': 18.0, 'receiving_yards': 136.0, 'receiving_tds': 1.0, 'fumbles_lost': 1.0}, 'source': 'nflverse weekly player and team statistics'}, {'season': 2025, 'games': 17, 'fantasy_points': 316.3, 'points_per_game': 18.61, 'stats': {'rushing_attempts': 323.0, 'rushing_yards': 1585.0, 'rushing_tds': 18.0, 'targets': 55.0, 'receptions': 46.0, 'receiving_yards': 378.0, 'receiving_tds': 2.0, 'fumbles_lost': 1.0}, 'source': 'nflverse weekly player and team statistics'}]","{'season': 2026, 'games': None, 'fantasy_points': 267.25, 'stats': {'rushing_attempts': 326.62, 'rushing_yards': 1504.59, 'rushing_tds': 12.86, 'receptions': 42.89, 'receiving_yards': 341.46, 'receiving_tds': 1.49, 'fumbles_lost': 1.67}, 'source': 'FantasyPros consensus projection'}",3,1,267.25,267.25,4,1,60.1,60.1,265
nfl:gsis:00-0037239,Chris Olave,WR,NO,2000-06-27,5,0.995,25.2,18.1,32.3,166.209,11,106.489,59.72,19.09,-6.11,18.17,20.03,1.86,28,28.0,30.0,,False,wide_market_price_range,True,"{'season': 2025, 'games': 16, 'fantasy_points': 169.0, 'points_per_game': 10.56, 'stats': {'rushing_attempts': 1.0, 'rushing_yards': -3.0, 'rushing_tds': 0.0, 'targets': 156.0, 'receptions': 100.0, 'receiving_yards': 1163.0, 'receiving_tds': 9.0, 'fumbles_lost': 0.0}, 'source': 'nflverse weekly player and team statistics'}","[{'season': 2024, 'games': 8, 'fantasy_points': 44.7, 'points_per_game': 5.59, 'stats': {'rushing_attempts': 1.0, 'rushing_yards': 7.0, 'rushing_tds': 0.0, 'targets': 44.0, 'receptions': 32.0, 'receiving_yards': 400.0, 'receiving_tds': 1.0, 'fumbles_lost': 1.0}, 'source': 'nflverse weekly player and team statistics'}, {'season': 2025, 'games': 16, 'fantasy_points': 169.0, 'points_per_game': 10.56, 'stats': {'rushing_attempts': 1.0, 'rushing_yards': -3.0, 'rushing_tds': 0.0, 'targets': 156.0, 'receptions': 100.0, 'receiving_yards': 1163.0, 'receiving_tds': 9.0, 'fumbles_lost': 0.0}, 'source': 'nflverse weekly player and team statistics'}]","{'season': 2026, 'games': None, 'fantasy_points': 166.21, 'stats': {'rushing_attempts': 0.33, 'rushing_yards': 0.0, 'rushing_tds': 0.0, 'receptions': 95.77, 'receiving_yards': 1195.49, 'receiving_tds': 7.88, 'fumbles_lost': 0.09}, 'source': 'FantasyPros consensus projection'}",4,8,177.93,165.4,8,1,25.2,25.2,266
nfl:gsis:00-0039851,Drake Maye,QB,NE,2002-08-30,3,0.9918,14.1,9.3,18.8,348.051,3,324.973,23.08,7.99,-6.11,7.65,13.4,5.75,10,43.0,47.0,,False,allocation_sensitive,True,"{'season': 2025, 'games': 17, 'fantasy_points': 389.96, 'points_per_game': 22.94, 'stats': {'passing_completions': 354.0, 'passing_attempts': 492.0, 'passing_yards': 4394.0, 'passing_tds': 31.0, 'passing_interceptions': 8.0, 'rushing_attempts': 103.0, 'rushing_yards': 450.0, 'rushing_tds': 4.0, 'fumbles_lost': 3.0}, 'source': 'nflverse weekly player and team statistics'}","[{'season': 2024, 'games': 13, 'fantasy_points': 202.14, 'points_per_game': 15.55, 'stats': {'passing_completions': 225.0, 'passing_attempts': 338.0, 'passing_yards': 2276.0, 'passing_tds': 15.0, 'passing_interceptions': 10.0, 'rushing_attempts': 54.0, 'rushing_yards': 421.0, 'rushing_tds': 2.0, 'fumbles_lost': 6.0}, 'source': 'nflverse weekly player and team statistics'}, {'season': 2025, 'games': 17, 'fantasy_points': 389.96, 'points_per_game': 22.94, 'stats': {'passing_completions': 354.0, 'passing_attempts': 492.0, 'passing_yards': 4394.0, 'passing_tds': 31.0, 'passing_interceptions': 8.0, 'rushing_attempts': 103.0, 'rushing_yards': 450.0, 'rushing_tds': 4.0, 'fumbles_lost': 3.0}, 'source': 'nflverse weekly player and team statistics'}]","{'season': 2026, 'games': None, 'fantasy_points': 348.05, 'stats': {'passing_completions': 340.67, 'passing_attempts': 495.86, 'passing_yards': 3996.35, 'passing_tds': 27.67, 'passing_interceptions': 10.39, 'rushing_attempts': 99.35, 'rushing_yards': 492.97, 'rushing_tds': 3.68, 'fumbles_lost': 6.09}, 'source': 'FantasyPros consensus projection'}",2,5,353.31,344.21,3,4,14.1,12.0,267
nfl:gsis:00-0039067,Rashee Rice,WR,KC,2000-04-22,4,0.995,26.8,19.7,33.9,171.399,8,106.489,64.91,20.66,-6.14,19.67,21.68,2.01,32,21.0,34.0,,False,wide_market_price_range,True,"{'season': 2025, 'games': 8, 'fantasy_points': 97.1, 'points_per_game': 12.14, 'stats': {'rushing_attempts': 5.0, 'rushing_yards': 20.0, 'rushing_tds': 1.0, 'targets': 78.0, 'receptions': 53.0, 'receiving_yards': 571.0, 'receiving_tds': 5.0, 'fumbles_lost': 0.0}, 'source': 'nflverse weekly player and team statistics'}","[{'season': 2024, 'games': 4, 'fantasy_points': 40.9, 'points_per_game': 10.22, 'stats': {'rushing_attempts': 1.0, 'rushing_yards': 1.0, 'rushing_tds': 0.0, 'targets': 29.0, 'receptions': 24.0, 'receiving_yards': 288.0, 'receiving_tds': 2.0, 'fumbles_lost': 0.0}, 'source': 'nflverse weekly player and team statistics'}, {'season': 2025, 'games': 8, 'fantasy_points': 97.1, 'points_per_game': 12.14, 'stats': {'rushing_attempts': 5.0, 'rushing_yards': 20.0, 'rushing_tds': 1.0, 'targets': 78.0, 'receptions': 53.0, 'receiving_yards': 571.0, 'receiving_tds': 5.0, 'fumbles_lost': 0.0}, 'source': 'nflverse weekly player and team statistics'}]","{'season': 2026, 'games': None, 'fantasy_points': 171.4, 'stats': {'rushing_attempts': 5.42, 'rushing_yards': 25.61, 'rushing_tds': 0.87, 'receptions': 96.88, 'receiving_yards': 1071.38, 'receiving_tds': 9.6, 'fumbles_lost': 0.18}, 'source': 'FantasyPros consensus projection'}",4,8,177.93,165.4,7,5,31.2,26.8,268
nfl:gsis:00-0039040,De'Von Achane,RB,MIA,2001-10-13,4,0.995,48.1,42.0,54.2,227.067,7,92.249,134.82,41.84,-6.26,39.95,41.87,1.92,45,10.0,14.0,,False,wide_market_price_range,True,"{'season': 2025, 'games': 16, 'fantasy_points': 255.8, 'points_per_game': 15.99, 'stats': {'rushing_attempts': 238.0, 'rushing_yards': 1350.0, 'rushing_tds': 8.0, 'targets': 85.0, 'receptions': 67.0, 'receiving_yards': 488.0, 'receiving_tds': 4.0, 'fumbles_lost': 0.0}, 'source': 'nflverse weekly player and team statistics'}","[{'season': 2024, 'games': 17, 'fantasy_points': 221.9, 'points_per_game': 13.05, 'stats': {'rushing_attempts': 203.0, 'rushing_yards': 907.0, 'rushing_tds': 6.0, 'targets': 87.0, 'receptions': 78.0, 'receiving_yards': 592.0, 'receiving_tds': 6.0, 'fumbles_lost': 0.0}, 'source': 'nflverse weekly player and team statistics'}, {'season': 2025, 'games': 16, 'fantasy_points': 255.8, 'points_per_game': 15.99, 'stats': {'rushing_attempts': 238.0, 'rushing_yards': 1350.0, 'rushing_tds': 8.0, 'targets': 85.0, 'receptions': 67.0, 'receiving_yards': 488.0, 'receiving_tds': 4.0, 'fumbles_lost': 0.0}, 'source': 'nflverse weekly player and team statistics'}]","{'season': 2026, 'games': None, 'fantasy_points': 227.07, 'stats': {'rushing_attempts': 238.32, 'rushing_yards': 1200.16, 'rushing_tds': 6.01, 'receptions': 65.24, 'receiving_yards': 490.71, 'receiving_tds': 3.98, 'fumbles_lost': 0.72}, 'source': 'FantasyPros consensus projection'}",6,2,227.07,222.91,6,3,49.3,47.7,269
nfl:gsis:00-0036912,DeVonta Smith,WR,PHI,1998-11-14,6,0.995,20.7,13.5,27.8,149.034,20,106.489,42.54,13.89,-6.81,13.22,14.56,1.34,18,35.0,28.0,,False,wide_market_price_range,True,"{'season': 2025, 'games': 17, 'fantasy_points': 124.8, 'points_per_game': 7.34, 'stats': {'rushing_attempts': 0.0, 'rushing_yards': 0.0, 'rushing_tds': 0.0, 'targets': 113.0, 'receptions': 77.0, 'receiving_yards': 1008.0, 'receiving_tds': 4.0, 'fumbles_lost': 0.0}, 'source': 'nflverse weekly player and team statistics'}","[{'season': 2024, 'games': 13, 'fantasy_points': 131.4, 'points_per_game': 10.11, 'stats': {'rushing_attempts': 1.0, 'rushing_yards': 1.0, 'rushing_tds': 0.0, 'targets': 89.0, 'receptions': 68.0, 'receiving_yards': 833.0, 'receiving_tds': 8.0, 'fumbles_lost': 0.0}, 'source': 'nflverse weekly player and team statistics'}, {'season': 2025, 'games': 17, 'fantasy_points': 124.8, 'points_per_game': 7.34, 'stats': {'rushing_attempts': 0.0, 'rushing_yards': 0.0, 'rushing_tds': 0.0, 'targets': 113.0, 'receptions': 77.0, 'receiving_yards': 1008.0, 'receiving_tds': 4.0, 'fumbles_lost': 0.0}, 'source': 'nflverse weekly player and team statistics'}]","{'season': 2026, 'games': None, 'fantasy_points': 149.03, 'stats': {'rushing_attempts': 0.0, 'rushing_yards': 0.0, 'rushing_tds': 0.0, 'receptions': 87.84, 'receiving_yards': 1134.94, 'receiving_tds': 6.02, 'fumbles_lost': 0.0}, 'source': 'FantasyPros consensus projection'}",5,9,160.51,146.41,9,7,20.7,15.7,270
nfl:gsis:00-0037248,James Cook III,RB,BUF,1999-09-25,5,0.995,52.4,46.4,58.5,237.275,6,92.249,145.03,44.93,-7.47,43.09,44.93,1.84,46,11.0,9.0,,False,wide_market_price_range,True,"{'season': 2025, 'games': 17, 'fantasy_points': 269.2, 'points_per_game': 15.84, 'stats': {'rushing_attempts': 309.0, 'rushing_yards': 1621.0, 'rushing_tds': 12.0, 'targets': 40.0, 'receptions': 33.0, 'receiving_yards': 291.0, 'receiving_tds': 2.0, 'fumbles_lost': 3.0}, 'source': 'nflverse weekly player and team statistics'}","[{'season': 2024, 'games': 16, 'fantasy_points': 234.7, 'points_per_game': 14.67, 'stats': {'rushing_attempts': 207.0, 'rushing_yards': 1009.0, 'rushing_tds': 16.0, 'targets': 38.0, 'receptions': 32.0, 'receiving_yards': 258.0, 'receiving_tds': 2.0, 'fumbles_lost': 0.0}, 'source': 'nflverse weekly player and team statistics'}, {'season': 2025, 'games': 17, 'fantasy_points': 269.2, 'points_per_game': 15.84, 'stats': {'rushing_attempts': 309.0, 'rushing_yards': 1621.0, 'rushing_tds': 12.0, 'targets': 40.0, 'receptions': 33.0, 'receiving_yards': 291.0, 'receiving_tds': 2.0, 'fumbles_lost': 3.0}, 'source': 'nflverse weekly player and team statistics'}]","{'season': 2026, 'games': None, 'fantasy_points': 237.28, 'stats': {'rushing_attempts': 287.68, 'rushing_yards': 1405.06, 'rushing_tds': 10.33, 'receptions': 33.31, 'receiving_yards': 283.69, 'receiving_tds': 1.87, 'fumbles_lost': 2.75}, 'source': 'FantasyPros consensus projection'}",5,1,237.28,237.28,5,1,52.4,52.4,271
nfl:gsis:00-0037247,George Pickens,WR,DAL,2001-03-04,5,0.995,28.6,21.5,35.7,169.501,9,106.489,63.01,20.09,-8.51,19.12,21.08,1.96,29,27.0,23.0,,False,wide_market_price_range,True,"{'season': 2025, 'games': 17, 'fantasy_points': 198.9, 'points_per_game': 11.7, 'stats': {'rushing_attempts': 0.0, 'rushing_yards': 0.0, 'rushing_tds': 0.0, 'targets': 137.0, 'receptions': 93.0, 'receiving_yards': 1429.0, 'receiving_tds': 9.0, 'fumbles_lost': 0.0}, 'source': 'nflverse weekly player and team statistics'}","[{'season': 2024, 'games': 14, 'fantasy_points': 105.4, 'points_per_game': 7.53, 'stats': {'rushing_attempts': 2.0, 'rushing_yards': -6.0, 'rushing_tds': 0.0, 'targets': 103.0, 'receptions': 59.0, 'receiving_yards': 900.0, 'receiving_tds': 3.0, 'fumbles_lost': 1.0}, 'source': 'nflverse weekly player and team statistics'}, {'season': 2025, 'games': 17, 'fantasy_points': 198.9, 'points_per_game': 11.7, 'stats': {'rushing_attempts': 0.0, 'rushing_yards': 0.0, 'rushing_tds': 0.0, 'targets': 137.0, 'receptions': 93.0, 'receiving_yards': 1429.0, 'receiving_tds': 9.0, 'fumbles_lost': 0.0}, 'source': 'nflverse weekly player and team statistics'}]","{'season': 2026, 'games': None, 'fantasy_points': 169.5, 'stats': {'rushing_attempts': 0.33, 'rushing_yards': 0.0, 'rushing_tds': 0.0, 'receptions': 82.52, 'receiving_yards': 1200.61, 'receiving_tds': 8.39, 'fumbles_lost': 0.0}, 'source': 'FantasyPros consensus projection'}",4,8,177.93,165.4,7,5,31.2,26.8,272
nfl:gsis:00-0034844,Saquon Barkley,RB,PHI,1997-02-09,9,0.995,49.3,43.2,55.4,222.912,8,92.249,130.66,40.58,-8.72,38.68,40.68,2.0,42,13.0,11.0,,False,wide_market_price_range,True,"{'season': 2025, 'games': 16, 'fantasy_points': 195.3, 'points_per_game': 12.21, 'stats': {'rushing_attempts': 280.0, 'rushing_yards': 1140.0, 'rushing_tds': 7.0, 'targets': 50.0, 'receptions': 37.0, 'receiving_yards': 273.0, 'receiving_tds': 2.0, 'fumbles_lost': 1.0}, 'source': 'nflverse weekly player and team statistics'}","[{'season': 2024, 'games': 16, 'fantasy_points': 322.3, 'points_per_game': 20.14, 'stats': {'rushing_attempts': 345.0, 'rushing_yards': 2005.0, 'rushing_tds': 13.0, 'targets': 43.0, 'receptions': 33.0, 'receiving_yards': 278.0, 'receiving_tds': 2.0, 'fumbles_lost': 1.0}, 'source': 'nflverse weekly player and team statistics'}, {'season': 2025, 'games': 16, 'fantasy_points': 195.3, 'points_per_game': 12.21, 'stats': {'rushing_attempts': 280.0, 'rushing_yards': 1140.0, 'rushing_tds': 7.0, 'targets': 50.0, 'receptions': 37.0, 'receiving_yards': 273.0, 'receiving_tds': 2.0, 'fumbles_lost': 1.0}, 'source': 'nflverse weekly player and team statistics'}]","{'season': 2026, 'games': None, 'fantasy_points': 222.91, 'stats': {'rushing_attempts': 295.82, 'rushing_yards': 1299.14, 'rushing_tds': 8.23, 'receptions': 41.74, 'receiving_yards': 330.38, 'receiving_tds': 2.1, 'fumbles_lost': 1.0}, 'source': 'FantasyPros consensus projection'}",6,2,227.07,222.91,6,3,49.3,47.7,273
nfl:gsis:00-0040128,Tyler Warren,TE,IND,2002-05-24,2,0.9803,13.7,9.0,18.5,120.226,4,107.21,13.02,4.94,-8.76,4.65,6.46,1.81,13,46.0,46.0,,False,,True,"{'season': 2025, 'games': 17, 'fantasy_points': 112.5, 'points_per_game': 6.62, 'stats': {'rushing_yards': 8.0, 'rushing_tds': 1.0, 'targets': 112.0, 'receptions': 76.0, 'receiving_yards': 817.0, 'receiving_tds': 4.0, 'fumbles_lost': 0.0}, 'source': 'nflverse weekly player and team statistics'}","[{'season': 2025, 'games': 17, 'fantasy_points': 112.5, 'points_per_game': 6.62, 'stats': {'rushing_yards': 8.0, 'rushing_tds': 1.0, 'targets': 112.0, 'receptions': 76.0, 'receiving_yards': 817.0, 'receiving_tds': 4.0, 'fumbles_lost': 0.0}, 'source': 'nflverse weekly player and team statistics'}]","{'season': 2026, 'games': None, 'fantasy_points': 120.23, 'stats': {'rushing_yards': 10.08, 'rushing_tds': 0.3, 'receptions': 78.98, 'receiving_yards': 878.46, 'receiving_tds': 5.5, 'fumbles_lost': 0.09}, 'source': 'FantasyPros consensus projection'}",3,9,120.23,107.21,3,1,13.7,13.7,274
nfl:gsis:00-0040126,Colston Loveland,TE,CHI,2004-04-09,2,0.995,17.5,12.7,22.2,132.293,3,107.21,25.08,8.6,-8.9,8.13,10.3,2.17,13,41.0,38.0,,True,,True,"{'season': 2025, 'games': 16, 'fantasy_points': 107.1, 'points_per_game': 6.69, 'stats': {'rushing_yards': -2.0, 'rushing_tds': 0.0, 'targets': 82.0, 'receptions': 58.0, 'receiving_yards': 713.0, 'receiving_tds': 6.0, 'fumbles_lost': 0.0}, 'source': 'nflverse weekly player and team statistics'}","[{'season': 2025, 'games': 16, 'fantasy_points': 107.1, 'points_per_game': 6.69, 'stats': {'rushing_yards': -2.0, 'rushing_tds': 0.0, 'targets': 82.0, 'receptions': 58.0, 'receiving_yards': 713.0, 'receiving_tds': 6.0, 'fumbles_lost': 0.0}, 'source': 'nflverse weekly player and team statistics'}]","{'season': 2026, 'games': None, 'fantasy_points': 132.29, 'stats': {'rushing_yards': -1.03, 'rushing_tds': 0.0, 'receptions': 79.06, 'receiving_yards': 927.13, 'receiving_tds': 6.67, 'fumbles_lost': 0.06}, 'source': 'FantasyPros consensus projection'}",2,1,132.29,132.29,2,1,17.5,17.5,275
nfl:gsis:00-0034796,Lamar Jackson,QB,BAL,1997-01-07,9,0.995,19.1,14.3,23.9,353.315,2,324.973,28.34,9.59,-9.51,9.17,15.01,5.84,10,34.0,37.0,,False,allocation_sensitive,True,"{'season': 2025, 'games': 13, 'fantasy_points': 242.86, 'points_per_game': 18.68, 'stats': {'passing_completions': 192.0, 'passing_attempts': 302.0, 'passing_yards': 2549.0, 'passing_tds': 21.0, 'passing_interceptions': 7.0, 'rushing_attempts': 67.0, 'rushing_yards': 349.0, 'rushing_tds': 2.0, 'fumbles_lost': 3.0}, 'source': 'nflverse weekly player and team statistics'}","[{'season': 2024, 'games': 17, 'fantasy_points': 475.38, 'points_per_game': 27.96, 'stats': {'passing_completions': 316.0, 'passing_attempts': 474.0, 'passing_yards': 4172.0, 'passing_tds': 41.0, 'passing_interceptions': 4.0, 'rushing_attempts': 139.0, 'rushing_yards': 915.0, 'rushing_tds': 4.0, 'fumbles_lost': 5.0}, 'source': 'nflverse weekly player and team statistics'}, {'season': 2025, 'games': 13, 'fantasy_points': 242.86, 'points_per_game': 18.68, 'stats': {'passing_completions': 192.0, 'passing_attempts': 302.0, 'passing_yards': 2549.0, 'passing_tds': 21.0, 'passing_interceptions': 7.0, 'rushing_attempts': 67.0, 'rushing_yards': 349.0, 'rushing_tds': 2.0, 'fumbles_lost': 3.0}, 'source': 'nflverse weekly player and team statistics'}]","{'season': 2026, 'games': None, 'fantasy_points': 353.31, 'stats': {'passing_completions': 291.94, 'passing_attempts': 449.2, 'passing_yards': 3652.11, 'passing_tds': 28.34, 'passing_interceptions': 9.57, 'rushing_attempts': 118.72, 'rushing_yards': 640.41, 'rushing_tds': 3.23, 'fumbles_lost': 3.78}, 'source': 'FantasyPros consensus projection'}",2,5,353.31,344.21,2,1,19.1,19.1,276
nfl:gsis:00-0039139,Jahmyr Gibbs,RB,DET,2002-03-20,4,0.9625,74.2,68.1,80.3,301.79,1,92.249,209.54,64.47,-9.73,62.91,65.22,2.31,57,1.0,1.0,,False,wide_market_price_range,True,"{'season': 2025, 'games': 17, 'fantasy_points': 289.9, 'points_per_game': 17.05, 'stats': {'rushing_attempts': 243.0, 'rushing_yards': 1223.0, 'rushing_tds': 13.0, 'targets': 94.0, 'receptions': 77.0, 'receiving_yards': 616.0, 'receiving_tds': 5.0, 'fumbles_lost': 1.0}, 'source': 'nflverse weekly player and team statistics'}","[{'season': 2024, 'games': 17, 'fantasy_points': 310.9, 'points_per_game': 18.29, 'stats': {'rushing_attempts': 250.0, 'rushing_yards': 1412.0, 'rushing_tds': 16.0, 'targets': 63.0, 'receptions': 52.0, 'receiving_yards': 517.0, 'receiving_tds': 4.0, 'fumbles_lost': 1.0}, 'source': 'nflverse weekly player and team statistics'}, {'season': 2025, 'games': 17, 'fantasy_points': 289.9, 'points_per_game': 17.05, 'stats': {'rushing_attempts': 243.0, 'rushing_yards': 1223.0, 'rushing_tds': 13.0, 'targets': 94.0, 'receptions': 77.0, 'receiving_yards': 616.0, 'receiving_tds': 5.0, 'fumbles_lost': 1.0}, 'source': 'nflverse weekly player and team statistics'}]","{'season': 2026, 'games': None, 'fantasy_points': 301.79, 'stats': {'rushing_attempts': 274.69, 'rushing_yards': 1382.53, 'rushing_tds': 13.82, 'receptions': 71.26, 'receiving_yards': 580.97, 'receiving_tds': 4.13, 'fumbles_lost': 1.0}, 'source': 'FantasyPros consensus projection'}",1,1,301.79,301.79,1,1,74.2,74.2,277
nfl:gsis:00-0039337,Malik Nabers,WR,NYG,2003-07-28,3,0.995,27.0,19.9,34.2,159.198,14,106.489,52.71,16.97,-10.03,16.15,17.8,1.65,30,29.0,29.0,,False,wide_market_price_range,True,"{'season': 2025, 'games': 4, 'fantasy_points': 39.1, 'points_per_game': 9.78, 'stats': {'rushing_attempts': 0.0, 'rushing_yards': 0.0, 'rushing_tds': 0.0, 'targets': 35.0, 'receptions': 18.0, 'receiving_yards': 271.0, 'receiving_tds': 2.0, 'fumbles_lost': 0.0}, 'source': 'nflverse weekly player and team statistics'}","[{'season': 2024, 'games': 15, 'fantasy_points': 164.6, 'points_per_game': 10.97, 'stats': {'rushing_attempts': 5.0, 'rushing_yards': 2.0, 'rushing_tds': 0.0, 'targets': 170.0, 'receptions': 109.0, 'receiving_yards': 1204.0, 'receiving_tds': 7.0, 'fumbles_lost': 0.0}, 'source': 'nflverse weekly player and team statistics'}, {'season': 2025, 'games': 4, 'fantasy_points': 39.1, 'points_per_game': 9.78, 'stats': {'rushing_attempts': 0.0, 'rushing_yards': 0.0, 'rushing_tds': 0.0, 'targets': 35.0, 'receptions': 18.0, 'receiving_yards': 271.0, 'receiving_tds': 2.0, 'fumbles_lost': 0.0}, 'source': 'nflverse weekly player and team statistics'}]","{'season': 2026, 'games': None, 'fantasy_points': 159.2, 'stats': {'rushing_attempts': 2.82, 'rushing_yards': 8.31, 'rushing_tds': 0.05, 'receptions': 81.37, 'receiving_yards': 1083.07, 'receiving_tds': 8.42, 'fumbles_lost': 0.0}, 'source': 'FantasyPros consensus projection'}",5,9,160.51,146.41,7,5,31.2,26.8,278
nfl:gsis:00-0035676,A.J. Brown,WR,NE,1997-06-30,8,0.995,30.0,22.9,37.1,168.638,10,106.489,62.15,19.83,-10.17,18.87,20.8,1.93,30,25.0,24.0,,False,wide_market_price_range,True,"{'season': 2025, 'games': 15, 'fantasy_points': 142.3, 'points_per_game': 9.49, 'stats': {'rushing_attempts': 0.0, 'rushing_yards': 0.0, 'rushing_tds': 0.0, 'targets': 121.0, 'receptions': 78.0, 'receiving_yards': 1003.0, 'receiving_tds': 7.0, 'fumbles_lost': 0.0}, 'source': 'nflverse weekly player and team statistics'}","[{'season': 2024, 'games': 13, 'fantasy_points': 149.9, 'points_per_game': 11.53, 'stats': {'rushing_attempts': 0.0, 'rushing_yards': 0.0, 'rushing_tds': 0.0, 'targets': 97.0, 'receptions': 67.0, 'receiving_yards': 1079.0, 'receiving_tds': 7.0, 'fumbles_lost': 0.0}, 'source': 'nflverse weekly player and team statistics'}, {'season': 2025, 'games': 15, 'fantasy_points': 142.3, 'points_per_game': 9.49, 'stats': {'rushing_attempts': 0.0, 'rushing_yards': 0.0, 'rushing_tds': 0.0, 'targets': 121.0, 'receptions': 78.0, 'receiving_yards': 1003.0, 'receiving_tds': 7.0, 'fumbles_lost': 0.0}, 'source': 'nflverse weekly player and team statistics'}]","{'season': 2026, 'games': None, 'fantasy_points': 168.64, 'stats': {'rushing_attempts': 0.0, 'rushing_yards': 0.0, 'rushing_tds': 0.0, 'receptions': 87.58, 'receiving_yards': 1231.98, 'receiving_tds': 7.67, 'fumbles_lost': 0.09}, 'source': 'FantasyPros consensus projection'}",4,8,177.93,165.4,7,5,31.2,26.8,279
nfl:gsis:00-0034857,Josh Allen,QB,BUF,1996-05-21,9,0.995,34.3,29.5,39.0,399.898,1,324.973,74.93,23.7,-10.6,22.6,29.32,6.72,22,19.0,20.0,,False,allocation_sensitive,True,"{'season': 2025, 'games': 16, 'fantasy_points': 399.62, 'points_per_game': 24.98, 'stats': {'passing_completions': 319.0, 'passing_attempts': 460.0, 'passing_yards': 3668.0, 'passing_tds': 25.0, 'passing_interceptions': 10.0, 'rushing_attempts': 112.0, 'rushing_yards': 579.0, 'rushing_tds': 14.0, 'fumbles_lost': 3.0}, 'source': 'nflverse weekly player and team statistics'}","[{'season': 2024, 'games': 16, 'fantasy_points': 413.04, 'points_per_game': 25.82, 'stats': {'passing_completions': 307.0, 'passing_attempts': 483.0, 'passing_yards': 3731.0, 'passing_tds': 28.0, 'passing_interceptions': 6.0, 'rushing_attempts': 102.0, 'rushing_yards': 531.0, 'rushing_tds': 12.0, 'fumbles_lost': 2.0}, 'source': 'nflverse weekly player and team statistics'}, {'season': 2025, 'games': 16, 'fantasy_points': 399.62, 'points_per_game': 24.98, 'stats': {'passing_completions': 319.0, 'passing_attempts': 460.0, 'passing_yards': 3668.0, 'passing_tds': 25.0, 'passing_interceptions': 10.0, 'rushing_attempts': 112.0, 'rushing_yards': 579.0, 'rushing_tds': 14.0, 'fumbles_lost': 3.0}, 'source': 'nflverse weekly player and team statistics'}]","{'season': 2026, 'games': None, 'fantasy_points': 399.9, 'stats': {'passing_completions': 333.36, 'passing_attempts': 491.88, 'passing_yards': 3816.77, 'passing_tds': 27.42, 'passing_interceptions': 11.19, 'rushing_attempts': 118.13, 'rushing_yards': 585.97, 'rushing_tds': 11.82, 'fumbles_lost': 3.68}, 'source': 'FantasyPros consensus projection'}",1,1,399.9,399.9,1,1,34.3,34.3,280
nfl:gsis:00-0040122,Ashton Jeanty,RB,LV,2003-12-02,2,0.995,45.5,39.5,51.6,204.084,13,92.249,111.84,34.88,-10.62,32.89,35.25,2.36,40,14.0,13.0,,False,wide_market_price_range,True,"{'season': 2025, 'games': 17, 'fantasy_points': 190.1, 'points_per_game': 11.18, 'stats': {'rushing_attempts': 266.0, 'rushing_yards': 975.0, 'rushing_tds': 5.0, 'targets': 73.0, 'receptions': 55.0, 'receiving_yards': 346.0, 'receiving_tds': 5.0, 'fumbles_lost': 1.0}, 'source': 'nflverse weekly player and team statistics'}","[{'season': 2025, 'games': 17, 'fantasy_points': 190.1, 'points_per_game': 11.18, 'stats': {'rushing_attempts': 266.0, 'rushing_yards': 975.0, 'rushing_tds': 5.0, 'targets': 73.0, 'receptions': 55.0, 'receiving_yards': 346.0, 'receiving_tds': 5.0, 'fumbles_lost': 1.0}, 'source': 'nflverse weekly player and team statistics'}]","{'season': 2026, 'games': None, 'fantasy_points': 204.08, 'stats': {'rushing_attempts': 258.03, 'rushing_yards': 1040.24, 'rushing_tds': 7.36, 'receptions': 56.74, 'receiving_yards': 400.6, 'receiving_tds': 3.01, 'fumbles_lost': 0.75}, 'source': 'FantasyPros consensus projection'}",7,9,214.85,198.94,7,1,45.5,45.5,281
nfl:gsis:00-0033280,Christian McCaffrey,RB,SF,1996-06-07,10,0.9648,62.4,56.3,68.5,256.249,4,92.249,164.0,50.68,-11.72,48.92,50.71,1.79,53,6.0,5.0,,False,wide_market_price_range,True,"{'season': 2025, 'games': 17, 'fantasy_points': 314.6, 'points_per_game': 18.51, 'stats': {'rushing_attempts': 311.0, 'rushing_yards': 1202.0, 'rushing_tds': 10.0, 'targets': 129.0, 'receptions': 102.0, 'receiving_yards': 924.0, 'receiving_tds': 7.0, 'fumbles_lost': 0.0}, 'source': 'nflverse weekly player and team statistics'}","[{'season': 2024, 'games': 4, 'fantasy_points': 32.8, 'points_per_game': 8.2, 'stats': {'rushing_attempts': 50.0, 'rushing_yards': 202.0, 'rushing_tds': 0.0, 'targets': 19.0, 'receptions': 15.0, 'receiving_yards': 146.0, 'receiving_tds': 0.0, 'fumbles_lost': 1.0}, 'source': 'nflverse weekly player and team statistics'}, {'season': 2025, 'games': 17, 'fantasy_points': 314.6, 'points_per_game': 18.51, 'stats': {'rushing_attempts': 311.0, 'rushing_yards': 1202.0, 'rushing_tds': 10.0, 'targets': 129.0, 'receptions': 102.0, 'receiving_yards': 924.0, 'receiving_tds': 7.0, 'fumbles_lost': 0.0}, 'source': 'nflverse weekly player and team statistics'}]","{'season': 2026, 'games': None, 'fantasy_points': 256.25, 'stats': {'rushing_attempts': 269.73, 'rushing_yards': 1094.64, 'rushing_tds': 8.72, 'receptions': 78.36, 'receiving_yards': 691.85, 'receiving_tds': 4.58, 'fumbles_lost': 0.93}, 'source': 'FantasyPros consensus projection'}",4,2,256.25,255.68,3,1,62.4,62.4,282
nfl:gsis:00-0036554,Nico Collins,WR,HOU,1999-03-19,6,0.995,31.2,24.1,38.3,165.402,12,106.489,58.91,18.85,-12.35,17.94,19.77,1.83,31,26.0,22.0,,False,wide_market_price_range,True,"{'season': 2025, 'games': 15, 'fantasy_points': 155.2, 'points_per_game': 10.35, 'stats': {'rushing_attempts': 2.0, 'rushing_yards': 15.0, 'rushing_tds': 1.0, 'targets': 120.0, 'receptions': 71.0, 'receiving_yards': 1117.0, 'receiving_tds': 6.0, 'fumbles_lost': 1.0}, 'source': 'nflverse weekly player and team statistics'}","[{'season': 2024, 'games': 12, 'fantasy_points': 142.6, 'points_per_game': 11.88, 'stats': {'rushing_attempts': 0.0, 'rushing_yards': 0.0, 'rushing_tds': 0.0, 'targets': 99.0, 'receptions': 68.0, 'receiving_yards': 1006.0, 'receiving_tds': 7.0, 'fumbles_lost': 0.0}, 'source': 'nflverse weekly player and team statistics'}, {'season': 2025, 'games': 15, 'fantasy_points': 155.2, 'points_per_game': 10.35, 'stats': {'rushing_attempts': 2.0, 'rushing_yards': 15.0, 'rushing_tds': 1.0, 'targets': 120.0, 'receptions': 71.0, 'receiving_yards': 1117.0, 'receiving_tds': 6.0, 'fumbles_lost': 1.0}, 'source': 'nflverse weekly player and team statistics'}]","{'season': 2026, 'games': None, 'fantasy_points': 165.4, 'stats': {'rushing_attempts': 1.37, 'rushing_yards': 8.27, 'rushing_tds': 0.36, 'receptions': 82.51, 'receiving_yards': 1207.15, 'receiving_tds': 7.23, 'fumbles_lost': 0.7}, 'source': 'FantasyPros consensus projection'}",4,8,177.93,165.4,7,5,31.2,26.8,283
nfl:gsis:00-0038542,Bijan Robinson,RB,ATL,2002-01-30,4,0.9683,70.2,64.1,76.3,279.753,2,92.249,187.5,57.8,-12.4,56.14,58.2,2.06,56,2.0,2.0,,False,wide_market_price_range,True,"{'season': 2025, 'games': 17, 'fantasy_points': 291.8, 'points_per_game': 17.16, 'stats': {'rushing_attempts': 287.0, 'rushing_yards': 1478.0, 'rushing_tds': 7.0, 'targets': 103.0, 'receptions': 79.0, 'receiving_yards': 820.0, 'receiving_tds': 4.0, 'fumbles_lost': 3.0}, 'source': 'nflverse weekly player and team statistics'}","[{'season': 2024, 'games': 17, 'fantasy_points': 280.7, 'points_per_game': 16.51, 'stats': {'rushing_attempts': 304.0, 'rushing_yards': 1456.0, 'rushing_tds': 14.0, 'targets': 72.0, 'receptions': 61.0, 'receiving_yards': 431.0, 'receiving_tds': 1.0, 'fumbles_lost': 0.0}, 'source': 'nflverse weekly player and team statistics'}, {'season': 2025, 'games': 17, 'fantasy_points': 291.8, 'points_per_game': 17.16, 'stats': {'rushing_attempts': 287.0, 'rushing_yards': 1478.0, 'rushing_tds': 7.0, 'targets': 103.0, 'receptions': 79.0, 'receiving_yards': 820.0, 'receiving_tds': 4.0, 'fumbles_lost': 3.0}, 'source': 'nflverse weekly player and team statistics'}]","{'season': 2026, 'games': None, 'fantasy_points': 279.75, 'stats': {'rushing_attempts': 285.17, 'rushing_yards': 1392.12, 'rushing_tds': 8.81, 'receptions': 77.26, 'receiving_yards': 705.21, 'receiving_tds': 3.46, 'fumbles_lost': 1.87}, 'source': 'FantasyPros consensus projection'}",2,1,279.75,279.75,2,1,70.2,70.2,284
nfl:gsis:00-0037563,Malik Davis,RB,DAL,1998-11-26,3,0.005,14.9,8.8,21.0,54.066,66,92.249,0.0,0.0,-14.9,0.0,0.0,0.0,0,396.0,,adp_yahoo,True,wide_market_price_range;low_draft_probability,False,,[],"{'season': 2026, 'games': None, 'fantasy_points': 54.07, 'stats': {'rushing_attempts': 73.59, 'rushing_yards': 344.8, 'rushing_tds': 2.5, 'receptions': 6.57, 'receiving_yards': 52.26, 'receiving_tds': 0.08, 'fumbles_lost': 0.75}, 'source': 'FantasyPros consensus projection'}",16,2,56.28,54.07,12,4,16.5,13.6,285
nfl:gsis:00-0037238,Drake London,WR,ATL,2001-07-24,5,0.9752,39.2,32.1,46.3,177.928,5,106.489,71.44,22.64,-16.56,21.55,23.76,2.21,43,16.0,19.0,,False,wide_market_price_range,True,"{'season': 2025, 'games': 12, 'fantasy_points': 133.9, 'points_per_game': 11.16, 'stats': {'rushing_attempts': 0.0, 'rushing_yards': 0.0, 'rushing_tds': 0.0, 'targets': 112.0, 'receptions': 68.0, 'receiving_yards': 919.0, 'receiving_tds': 7.0, 'fumbles_lost': 1.0}, 'source': 'nflverse weekly player and team statistics'}","[{'season': 2024, 'games': 17, 'fantasy_points': 180.8, 'points_per_game': 10.64, 'stats': {'rushing_attempts': 1.0, 'rushing_yards': -3.0, 'rushing_tds': 0.0, 'targets': 158.0, 'receptions': 100.0, 'receiving_yards': 1271.0, 'receiving_tds': 9.0, 'fumbles_lost': 0.0}, 'source': 'nflverse weekly player and team statistics'}, {'season': 2025, 'games': 12, 'fantasy_points': 133.9, 'points_per_game': 11.16, 'stats': {'rushing_attempts': 0.0, 'rushing_yards': 0.0, 'rushing_tds': 0.0, 'targets': 112.0, 'receptions': 68.0, 'receiving_yards': 919.0, 'receiving_tds': 7.0, 'fumbles_lost': 1.0}, 'source': 'nflverse weekly player and team statistics'}]","{'season': 2026, 'games': None, 'fantasy_points': 177.93, 'stats': {'rushing_attempts': 0.0, 'rushing_yards': 0.0, 'rushing_tds': 0.0, 'receptions': 98.37, 'receiving_yards': 1272.88, 'receiving_tds': 8.76, 'fumbles_lost': 0.79}, 'source': 'FantasyPros consensus projection'}",4,8,177.93,165.4,6,1,39.2,39.2,286
nfl:gsis:00-0037744,Trey McBride,TE,ARI,1999-11-22,5,0.995,33.9,29.2,38.7,147.108,1,107.21,39.9,13.09,-20.81,12.4,15.02,2.62,35,17.0,25.0,,False,,True,"{'season': 2025, 'games': 17, 'fantasy_points': 189.9, 'points_per_game': 11.17, 'stats': {'rushing_yards': 0.0, 'rushing_tds': 0.0, 'targets': 169.0, 'receptions': 126.0, 'receiving_yards': 1239.0, 'receiving_tds': 11.0, 'fumbles_lost': 0.0}, 'source': 'nflverse weekly player and team statistics'}","[{'season': 2024, 'games': 16, 'fantasy_points': 132.8, 'points_per_game': 8.3, 'stats': {'rushing_yards': 2.0, 'rushing_tds': 1.0, 'targets': 147.0, 'receptions': 111.0, 'receiving_yards': 1146.0, 'receiving_tds': 2.0, 'fumbles_lost': 0.0}, 'source': 'nflverse weekly player and team statistics'}, {'season': 2025, 'games': 17, 'fantasy_points': 189.9, 'points_per_game': 11.17, 'stats': {'rushing_yards': 0.0, 'rushing_tds': 0.0, 'targets': 169.0, 'receptions': 126.0, 'receiving_yards': 1239.0, 'receiving_tds': 11.0, 'fumbles_lost': 0.0}, 'source': 'nflverse weekly player and team statistics'}]","{'season': 2026, 'games': None, 'fantasy_points': 147.11, 'stats': {'rushing_yards': 0.51, 'rushing_tds': 0.26, 'receptions': 108.94, 'receiving_yards': 1069.08, 'receiving_tds': 6.78, 'fumbles_lost': 0.06}, 'source': 'FantasyPros consensus projection'}",1,2,147.11,147.04,1,2,34.8,33.9,287
nfl:gsis:00-0038543,Jaxon Smith-Njigba,WR,SEA,2002-02-14,4,0.9407,54.9,47.8,62.0,215.301,2,106.489,108.81,33.96,-20.94,32.33,35.67,3.34,54,5.0,7.0,,False,wide_market_price_range;allocation_sensitive,True,"{'season': 2025, 'games': 17, 'fantasy_points': 240.9, 'points_per_game': 14.17, 'stats': {'rushing_attempts': 7.0, 'rushing_yards': 36.0, 'rushing_tds': 0.0, 'targets': 163.0, 'receptions': 119.0, 'receiving_yards': 1793.0, 'receiving_tds': 10.0, 'fumbles_lost': 1.0}, 'source': 'nflverse weekly player and team statistics'}","[{'season': 2024, 'games': 17, 'fantasy_points': 153.0, 'points_per_game': 9.0, 'stats': {'rushing_attempts': 5.0, 'rushing_yards': 26.0, 'rushing_tds': 0.0, 'targets': 137.0, 'receptions': 100.0, 'receiving_yards': 1130.0, 'receiving_tds': 6.0, 'fumbles_lost': 0.0}, 'source': 'nflverse weekly player and team statistics'}, {'season': 2025, 'games': 17, 'fantasy_points': 240.9, 'points_per_game': 14.17, 'stats': {'rushing_attempts': 7.0, 'rushing_yards': 36.0, 'rushing_tds': 0.0, 'targets': 163.0, 'receptions': 119.0, 'receiving_yards': 1793.0, 'receiving_tds': 10.0, 'fumbles_lost': 1.0}, 'source': 'nflverse weekly player and team statistics'}]","{'season': 2026, 'games': None, 'fantasy_points': 215.3, 'stats': {'rushing_attempts': 5.53, 'rushing_yards': 30.39, 'rushing_tds': 0.06, 'receptions': 110.91, 'receiving_yards': 1570.02, 'receiving_tds': 9.51, 'fumbles_lost': 0.89}, 'source': 'FantasyPros consensus projection'}",2,2,215.3,214.78,3,2,54.9,53.4,288
nfl:gsis:00-0039338,Brock Bowers,TE,LV,2002-12-13,3,0.9275,34.8,30.0,39.5,147.045,2,107.21,39.83,13.07,-21.73,12.38,15.0,2.62,34,23.0,21.0,,False,,True,"{'season': 2025, 'games': 12, 'fantasy_points': 112.2, 'points_per_game': 9.35, 'stats': {'rushing_yards': 2.0, 'rushing_tds': 0.0, 'targets': 86.0, 'receptions': 64.0, 'receiving_yards': 680.0, 'receiving_tds': 7.0, 'fumbles_lost': 0.0}, 'source': 'nflverse weekly player and team statistics'}","[{'season': 2024, 'games': 17, 'fantasy_points': 150.7, 'points_per_game': 8.86, 'stats': {'rushing_yards': 13.0, 'rushing_tds': 0.0, 'targets': 153.0, 'receptions': 112.0, 'receiving_yards': 1194.0, 'receiving_tds': 5.0, 'fumbles_lost': 0.0}, 'source': 'nflverse weekly player and team statistics'}, {'season': 2025, 'games': 12, 'fantasy_points': 112.2, 'points_per_game': 9.35, 'stats': {'rushing_yards': 2.0, 'rushing_tds': 0.0, 'targets': 86.0, 'receptions': 64.0, 'receiving_yards': 680.0, 'receiving_tds': 7.0, 'fumbles_lost': 0.0}, 'source': 'nflverse weekly player and team statistics'}]","{'season': 2026, 'games': None, 'fantasy_points': 147.04, 'stats': {'rushing_yards': 10.44, 'rushing_tds': 0.0, 'receptions': 96.62, 'receiving_yards': 1022.85, 'receiving_tds': 7.52, 'fumbles_lost': 0.06}, 'source': 'FantasyPros consensus projection'}",1,2,147.11,147.04,1,2,34.8,33.9,289
nfl:gsis:00-0036963,Amon-Ra St. Brown,WR,DET,1999-10-24,6,0.9176,53.4,46.3,60.6,202.449,4,106.489,95.96,30.07,-23.33,28.62,31.58,2.96,52,8.0,8.0,,False,wide_market_price_range,True,"{'season': 2025, 'games': 17, 'fantasy_points': 207.0, 'points_per_game': 12.18, 'stats': {'rushing_attempts': 3.0, 'rushing_yards': 9.0, 'rushing_tds': 0.0, 'targets': 172.0, 'receptions': 117.0, 'receiving_yards': 1401.0, 'receiving_tds': 11.0, 'fumbles_lost': 0.0}, 'source': 'nflverse weekly player and team statistics'}","[{'season': 2024, 'games': 17, 'fantasy_points': 202.18, 'points_per_game': 11.89, 'stats': {'rushing_attempts': 2.0, 'rushing_yards': 6.0, 'rushing_tds': 0.0, 'targets': 141.0, 'receptions': 115.0, 'receiving_yards': 1263.0, 'receiving_tds': 12.0, 'fumbles_lost': 1.0}, 'source': 'nflverse weekly player and team statistics'}, {'season': 2025, 'games': 17, 'fantasy_points': 207.0, 'points_per_game': 12.18, 'stats': {'rushing_attempts': 3.0, 'rushing_yards': 9.0, 'rushing_tds': 0.0, 'targets': 172.0, 'receptions': 117.0, 'receiving_yards': 1401.0, 'receiving_tds': 11.0, 'fumbles_lost': 0.0}, 'source': 'nflverse weekly player and team statistics'}]","{'season': 2026, 'games': None, 'fantasy_points': 202.45, 'stats': {'rushing_attempts': 3.11, 'rushing_yards': 11.81, 'rushing_tds': 0.04, 'receptions': 117.37, 'receiving_yards': 1390.88, 'receiving_tds': 10.46, 'fumbles_lost': 0.29}, 'source': 'FantasyPros consensus projection'}",3,1,202.45,202.45,3,2,54.9,53.4,290
nfl:gsis:00-0039075,Puka Nacua,WR,LAR,2001-05-29,4,0.9298,60.8,53.6,67.9,222.78,1,106.489,116.29,36.23,-24.57,34.48,38.06,3.58,55,4.0,4.0,,False,wide_market_price_range;allocation_sensitive,True,"{'season': 2025, 'games': 16, 'fantasy_points': 246.0, 'points_per_game': 15.38, 'stats': {'rushing_attempts': 10.0, 'rushing_yards': 105.0, 'rushing_tds': 1.0, 'targets': 166.0, 'receptions': 129.0, 'receiving_yards': 1715.0, 'receiving_tds': 10.0, 'fumbles_lost': 1.0}, 'source': 'nflverse weekly player and team statistics'}","[{'season': 2024, 'games': 11, 'fantasy_points': 127.6, 'points_per_game': 11.6, 'stats': {'rushing_attempts': 11.0, 'rushing_yards': 46.0, 'rushing_tds': 1.0, 'targets': 106.0, 'receptions': 79.0, 'receiving_yards': 990.0, 'receiving_tds': 3.0, 'fumbles_lost': 0.0}, 'source': 'nflverse weekly player and team statistics'}, {'season': 2025, 'games': 16, 'fantasy_points': 246.0, 'points_per_game': 15.38, 'stats': {'rushing_attempts': 10.0, 'rushing_yards': 105.0, 'rushing_tds': 1.0, 'targets': 166.0, 'receptions': 129.0, 'receiving_yards': 1715.0, 'receiving_tds': 10.0, 'fumbles_lost': 1.0}, 'source': 'nflverse weekly player and team statistics'}]","{'season': 2026, 'games': None, 'fantasy_points': 222.78, 'stats': {'rushing_attempts': 13.64, 'rushing_yards': 85.0, 'rushing_tds': 1.39, 'receptions': 117.0, 'receiving_yards': 1539.0, 'receiving_tds': 9.0, 'fumbles_lost': 0.86}, 'source': 'FantasyPros consensus projection'}",1,1,222.78,222.78,2,1,60.8,60.8,291
nfl:gsis:00-0036322,Justin Jefferson,WR,MIN,1999-06-16,7,0.9152,47.3,40.2,54.5,173.862,7,106.489,67.37,21.41,-25.89,20.38,22.47,2.09,50,12.0,12.0,,False,wide_market_price_range,True,"{'season': 2025, 'games': 17, 'fantasy_points': 117.5, 'points_per_game': 6.91, 'stats': {'rushing_attempts': 2.0, 'rushing_yards': 7.0, 'rushing_tds': 0.0, 'targets': 141.0, 'receptions': 84.0, 'receiving_yards': 1048.0, 'receiving_tds': 2.0, 'fumbles_lost': 0.0}, 'source': 'nflverse weekly player and team statistics'}","[{'season': 2024, 'games': 17, 'fantasy_points': 214.48, 'points_per_game': 12.62, 'stats': {'rushing_attempts': 1.0, 'rushing_yards': 3.0, 'rushing_tds': 0.0, 'targets': 154.0, 'receptions': 103.0, 'receiving_yards': 1533.0, 'receiving_tds': 10.0, 'fumbles_lost': 0.0}, 'source': 'nflverse weekly player and team statistics'}, {'season': 2025, 'games': 17, 'fantasy_points': 117.5, 'points_per_game': 6.91, 'stats': {'rushing_attempts': 2.0, 'rushing_yards': 7.0, 'rushing_tds': 0.0, 'targets': 141.0, 'receptions': 84.0, 'receiving_yards': 1048.0, 'receiving_tds': 2.0, 'fumbles_lost': 0.0}, 'source': 'nflverse weekly player and team statistics'}]","{'season': 2026, 'games': None, 'fantasy_points': 173.86, 'stats': {'rushing_attempts': 1.34, 'rushing_yards': 5.54, 'rushing_tds': 0.03, 'receptions': 98.91, 'receiving_yards': 1310.88, 'receiving_tds': 7.12, 'fumbles_lost': 0.09}, 'source': 'FantasyPros consensus projection'}",4,8,177.93,165.4,5,1,47.3,47.3,292
nfl:gsis:00-0036358,CeeDee Lamb,WR,DAL,1999-04-08,7,0.9305,50.2,43.1,57.3,175.577,6,106.489,69.09,21.93,-28.27,20.87,23.02,2.15,51,9.0,10.0,,False,wide_market_price_range,True,"{'season': 2025, 'games': 13, 'fantasy_points': 125.9, 'points_per_game': 9.68, 'stats': {'rushing_attempts': 1.0, 'rushing_yards': 2.0, 'rushing_tds': 0.0, 'targets': 117.0, 'receptions': 75.0, 'receiving_yards': 1077.0, 'receiving_tds': 3.0, 'fumbles_lost': 0.0}, 'source': 'nflverse weekly player and team statistics'}","[{'season': 2024, 'games': 15, 'fantasy_points': 162.4, 'points_per_game': 10.83, 'stats': {'rushing_attempts': 14.0, 'rushing_yards': 70.0, 'rushing_tds': 0.0, 'targets': 152.0, 'receptions': 101.0, 'receiving_yards': 1194.0, 'receiving_tds': 6.0, 'fumbles_lost': 1.0}, 'source': 'nflverse weekly player and team statistics'}, {'season': 2025, 'games': 13, 'fantasy_points': 125.9, 'points_per_game': 9.68, 'stats': {'rushing_attempts': 1.0, 'rushing_yards': 2.0, 'rushing_tds': 0.0, 'targets': 117.0, 'receptions': 75.0, 'receiving_yards': 1077.0, 'receiving_tds': 3.0, 'fumbles_lost': 0.0}, 'source': 'nflverse weekly player and team statistics'}]","{'season': 2026, 'games': None, 'fantasy_points': 175.58, 'stats': {'rushing_attempts': 2.41, 'rushing_yards': 12.56, 'rushing_tds': 0.04, 'receptions': 97.47, 'receiving_yards': 1295.61, 'receiving_tds': 7.53, 'fumbles_lost': 0.26}, 'source': 'FantasyPros consensus projection'}",4,8,177.93,165.4,4,1,50.2,50.2,293
nfl:gsis:00-0036900,Ja'Marr Chase,WR,CIN,2000-03-01,6,0.9199,63.6,56.4,70.7,214.78,3,106.489,108.29,33.8,-29.8,32.18,35.51,3.33,56,3.0,3.0,,False,wide_market_price_range;allocation_sensitive,True,"{'season': 2025, 'games': 16, 'fantasy_points': 188.6, 'points_per_game': 11.79, 'stats': {'rushing_attempts': 3.0, 'rushing_yards': 14.0, 'rushing_tds': 0.0, 'targets': 185.0, 'receptions': 125.0, 'receiving_yards': 1412.0, 'receiving_tds': 8.0, 'fumbles_lost': 1.0}, 'source': 'nflverse weekly player and team statistics'}","[{'season': 2024, 'games': 17, 'fantasy_points': 276.0, 'points_per_game': 16.24, 'stats': {'rushing_attempts': 3.0, 'rushing_yards': 32.0, 'rushing_tds': 0.0, 'targets': 175.0, 'receptions': 127.0, 'receiving_yards': 1708.0, 'receiving_tds': 17.0, 'fumbles_lost': 0.0}, 'source': 'nflverse weekly player and team statistics'}, {'season': 2025, 'games': 16, 'fantasy_points': 188.6, 'points_per_game': 11.79, 'stats': {'rushing_attempts': 3.0, 'rushing_yards': 14.0, 'rushing_tds': 0.0, 'targets': 185.0, 'receptions': 125.0, 'receiving_yards': 1412.0, 'receiving_tds': 8.0, 'fumbles_lost': 1.0}, 'source': 'nflverse weekly player and team statistics'}]","{'season': 2026, 'games': None, 'fantasy_points': 214.78, 'stats': {'rushing_attempts': 3.01, 'rushing_yards': 16.97, 'rushing_tds': 0.05, 'receptions': 121.23, 'receiving_yards': 1511.23, 'receiving_tds': 10.6, 'fumbles_lost': 0.79}, 'source': 'FantasyPros consensus projection'}",2,2,215.3,214.78,1,1,63.6,63.6,294
