"player","team","position","id","avg_type","pass_yds","pass_yds_sd","pass_tds","pass_tds_sd","pass_int","pass_int_sd","rush_yds","rush_yds_sd","rush_tds","rush_tds_sd","fumbles_lost","fumbles_lost_sd","two_pts","two_pts_sd","return_tds","return_tds_sd","rec","rec_sd","rec_yds","rec_yds_sd","rec_tds","rec_tds_sd","fg_0019","fg_0019_sd","fg_2029","fg_2029_sd","fg_3039","fg_3039_sd","fg_4049","fg_4049_sd","fg_50","fg_50_sd","xp","xp_sd","dst_int","dst_int_sd","dst_sacks","dst_sacks_sd","dst_safety","dst_safety_sd","dst_td","dst_td_sd","dst_blk","dst_blk_sd","idp_solo","idp_solo_sd","idp_sack","idp_sack_sd","idp_int","idp_int_sd","idp_pd","idp_pd_sd","idp_td","idp_td_sd","draft_year","birthdate","injury_status","injury_details","season_year","week"
"Tom Brady","TB","QB","5848","weighted",4850.71221885649,285.55363622811,37.0973835668308,2.50825162800975,11.8416092389247,1.08728260644334,49.6854184021204,18.2402245633,1.63976524043923,0.509112854438706,2.25187618326392,0.678332416980099,NA,NA,NA,NA,NA,NA,NA,NA,NA,NA,NA,NA,NA,NA,NA,NA,NA,NA,NA,NA,NA,NA,NA,NA,NA,NA,NA,NA,NA,NA,NA,NA,NA,NA,NA,NA,NA,NA,NA,NA,NA,NA,2000,1977-08-03,NA,NA,NA,NA
"Patrick Mahomes","KC","QB","13116","weighted",4835.28389246498,240.466275138246,37.2839833396441,2.85955406145758,11.6236842105263,1.52901182500517,359.477334343052,41.4252500531822,2.71448693676638,0.657302756734729,2.36469897765998,0.462381833723758,1.69,0,NA,NA,NA,NA,NA,NA,NA,NA,NA,NA,NA,NA,NA,NA,NA,NA,NA,NA,NA,NA,NA,NA,NA,NA,NA,NA,NA,NA,NA,NA,NA,NA,NA,NA,NA,NA,NA,NA,NA,NA,2017,1995-09-17,NA,NA,NA,NA
"Derek Carr","LVR","QB","11644","weighted",4593.2403824309,309.19124316816,28.5385800833018,2.42481418795075,12.3363915183643,2.185940768715,134.367686482393,28.9448548884636,1.39227186671715,0.444102008251306,4.5290193108671,1.79957219463048,1.06,0,NA,NA,NA,NA,NA,NA,NA,NA,NA,NA,NA,NA,NA,NA,NA,NA,NA,NA,NA,NA,NA,NA,NA,NA,NA,NA,NA,NA,NA,NA,NA,NA,NA,NA,NA,NA,NA,NA,NA,NA,2014,1991-03-28,NA,NA,NA,NA
"Justin Herbert","LAC","QB","14779","weighted",4738.77716395305,237.967109577879,34.9844907232109,2.45530208599509,13.0885687239682,1.89944197411906,289.627553956835,26.3309997422203,3.03276410450587,0.429675051518365,0.874669632714881,0.181610593276454,3.72,4.74948766434189e-16,NA,NA,NA,NA,NA,NA,NA,NA,NA,NA,NA,NA,NA,NA,NA,NA,NA,NA,NA,NA,NA,NA,NA,NA,NA,NA,NA,NA,NA,NA,NA,NA,NA,NA,NA,NA,NA,NA,NA,NA,2020,1998-03-10,NA,NA,NA,NA
"Aaron Rodgers","GB","QB","7836","weighted",4309.7374062855,280.071494863698,34.6918288527073,2.66711578622136,6.48510412722454,2.0420093705352,128.107845513063,30.5918722742486,2.3644907232109,0.89513841438587,0.99810867095797,0.112348750377893,NA,NA,NA,NA,NA,NA,NA,NA,NA,NA,NA,NA,NA,NA,NA,NA,NA,NA,NA,NA,NA,NA,NA,NA,NA,NA,NA,NA,NA,NA,NA,NA,NA,NA,NA,NA,NA,NA,NA,NA,NA,NA,2005,1983-12-02,NA,NA,NA,NA
"Dak Prescott","DAL","QB","12620","weighted",4503.82271109428,187.960263745525,33.4442446043165,2.05836310080303,11.975229079894,1.80338453865429,212.770446800454,43.4629224770144,2.48929193487315,0.533616416351141,4.80051590306702,1.66884857510892,5.03,0,NA,NA,NA,NA,NA,NA,NA,NA,NA,NA,NA,NA,NA,NA,NA,NA,NA,NA,NA,NA,NA,NA,NA,NA,NA,NA,NA,NA,NA,NA,NA,NA,NA,NA,NA,NA,NA,NA,NA,NA,2016,1993-07-29,NA,NA,NA,NA
"Matthew Stafford","LAR","QB","9431","weighted",4559.70804619462,228.462373764708,34.1713479742522,3.19440130604024,14.8991026126467,2.48632350874424,86.2510299129118,43.8414750531837,1.02917076864824,0.919021072418385,1.5585895494131,0.239355815785073,2,0,NA,NA,NA,NA,NA,NA,NA,NA,NA,NA,NA,NA,NA,NA,NA,NA,NA,NA,NA,NA,NA,NA,NA,NA,NA,NA,NA,NA,NA,NA,NA,NA,NA,NA,NA,NA,NA,NA,NA,NA,2009,1988-02-07,NA,NA,NA,NA
"Matthew Stafford","LAR","QB","9431","weighted",4559.70804619462,228.462373764708,34.1713479742522,3.19440130604024,14.8991026126467,2.48632350874424,86.2510299129118,43.8414750531837,1.02917076864824,0.919021072418385,1.5585895494131,0.239355815785073,2,0,NA,NA,NA,NA,NA,NA,NA,NA,NA,NA,NA,NA,NA,NA,NA,NA,NA,NA,NA,NA,NA,NA,NA,NA,NA,NA,NA,NA,NA,NA,NA,NA,NA,NA,NA,NA,NA,NA,NA,NA,2009,2003-05-23,NA,NA,NA,NA
"Joe Burrow","CIN","QB","14777","weighted",4563.28804998107,196.893865007544,31.7602234002272,3.41591356302476,12.2950965543355,2.89297386991623,170.426652783037,58.3111849611392,2.24884892086331,0.367097092013308,1.46750378644453,0.463417614386901,1.15,0,NA,NA,NA,NA,NA,NA,NA,NA,NA,NA,NA,NA,NA,NA,NA,NA,NA,NA,NA,NA,NA,NA,NA,NA,NA,NA,NA,NA,NA,NA,NA,NA,NA,NA,NA,NA,NA,NA,NA,NA,2020,1996-12-10,NA,NA,NA,NA
"Josh Allen","BUF","QB","13589","weighted",4436.2558841348,196.958406799463,35.7331957591821,2.02600008588619,13.8974971601666,2.20508793251847,688.230071942446,73.154488284896,6.70775842483908,0.841209030801671,2.86992900416509,0.201355412019415,1.5,0,NA,NA,NA,NA,NA,NA,NA,NA,NA,NA,NA,NA,NA,NA,NA,NA,NA,NA,NA,NA,NA,NA,NA,NA,NA,NA,NA,NA,NA,NA,NA,NA,NA,NA,NA,NA,NA,NA,NA,NA,2018,1996-05-21,NA,NA,NA,NA
"Russell Wilson","DEN","QB","10703","weighted",4207.20360090875,212.417620855546,30.6113631200303,2.97685164054173,8.80843241196516,1.98694809949639,278.252942067399,50.0375922349965,2.1604240817872,0.325516266986396,1.42035403256342,0.378923432477163,1.06,0,NA,NA,NA,NA,NA,NA,NA,NA,NA,NA,NA,NA,NA,NA,NA,NA,NA,NA,NA,NA,NA,NA,NA,NA,NA,NA,NA,NA,NA,NA,NA,NA,NA,NA,NA,NA,NA,NA,NA,NA,2012,1988-11-29,NA,NA,NA,NA
"Kirk Cousins","MIN","QB","10700","weighted",4369.18011359334,164.571227379503,32.7154411207876,2.27434021861569,11.1775880348353,1.37081088779237,117.796626277925,17.4193239683805,1.11036349867474,0.38681065125298,2.60597784929951,0.815539382199411,2.66,0,NA,NA,NA,NA,NA,NA,NA,NA,NA,NA,NA,NA,NA,NA,NA,NA,NA,NA,NA,NA,NA,NA,NA,NA,NA,NA,NA,NA,NA,NA,NA,NA,NA,NA,NA,NA,NA,NA,NA,NA,2012,1988-08-19,NA,NA,NA,NA
"Kyler Murray","ARI","QB","14056","weighted",4162.43611510791,184.192931573216,27.304505868989,2.00250669068328,12.3005641802348,1.60478542849596,524.58084437713,85.2312901533676,5.5023438091632,0.996922706938721,1.40287201817493,0.295216544296841,0.53,0,NA,NA,NA,NA,NA,NA,NA,NA,NA,NA,NA,NA,NA,NA,NA,NA,NA,NA,NA,NA,NA,NA,NA,NA,NA,NA,NA,NA,NA,NA,NA,NA,NA,NA,NA,NA,NA,NA,NA,NA,2019,1997-08-07,NA,NA,NA,NA
"Trevor Lawrence","JAC","QB","15237","weighted",3994.21772434684,203.379533229688,22.2175425975009,3.93566732210123,14.0257743279061,1.56072906133778,330.184619462325,44.2238526761209,2.2536690647482,0.507207272778835,3.17786255206361,1.12512053295508,1.75,2.37474383217094e-16,NA,NA,NA,NA,NA,NA,NA,NA,NA,NA,NA,NA,NA,NA,NA,NA,NA,NA,NA,NA,NA,NA,NA,NA,NA,NA,NA,NA,NA,NA,NA,NA,NA,NA,NA,NA,NA,NA,NA,NA,2021,1999-10-06,NA,NA,NA,NA
"Jared Goff","DET","QB","12611","weighted",3889.71926542976,262.104525637895,24.5619538053768,2.36461342770522,12.0109693297993,1.15073158932625,89.5041613025369,24.4937267627103,0.912934494509655,0.226314460111141,3.95721696327149,1.40620093061898,3.19,0,NA,NA,NA,NA,NA,NA,NA,NA,NA,NA,NA,NA,NA,NA,NA,NA,NA,NA,NA,NA,NA,NA,NA,NA,NA,NA,NA,NA,NA,NA,NA,NA,NA,NA,NA,NA,NA,NA,NA,NA,2016,1994-10-14,NA,NA,NA,NA
"Matt Ryan","IND","QB","9099","weighted",4040.65798010381,204.931110131381,26.0013062283737,1.64988120093086,10.8056228373702,1.59442216113248,116.956825259516,42.5869127163899,1.18576124567474,0.524468698536038,3.68813148788927,0.941246032835845,1.27,0,NA,NA,NA,NA,NA,NA,NA,NA,NA,NA,NA,NA,NA,NA,NA,NA,NA,NA,NA,NA,NA,NA,NA,NA,NA,NA,NA,NA,NA,NA,NA,NA,NA,NA,NA,NA,NA,NA,NA,NA,2008,1985-05-17,NA,NA,NA,NA
"Jameis Winston","NO","QB","12140","weighted",3513.33788716395,519.816113987088,24.7897803862173,3.77802706907123,11.5294433926543,1.62104079775653,282.332135554714,89.2029192378158,2.05953426732298,1.36215477420769,2.21588508140856,0.457161063141213,2.1,0,NA,NA,NA,NA,NA,NA,NA,NA,NA,NA,NA,NA,NA,NA,NA,NA,NA,NA,NA,NA,NA,NA,NA,NA,NA,NA,NA,NA,NA,NA,NA,NA,NA,NA,NA,NA,NA,NA,NA,NA,2015,1994-01-06,NA,NA,NA,NA
"Tua Tagovailoa","MIA","QB","14778","weighted",3982.55358576297,114.977851259476,25.4396592199924,2.37164584737834,13.4281294964029,1.7158483550063,197.140405149565,48.7672424740111,3.38512305944718,0.975353789835332,1.79590969329799,0.366201378281754,1.57,0,NA,NA,NA,NA,NA,NA,NA,NA,NA,NA,NA,NA,NA,NA,NA,NA,NA,NA,NA,NA,NA,NA,NA,NA,NA,NA,NA,NA,NA,NA,NA,NA,NA,NA,NA,NA,NA,NA,NA,NA,2020,1998-03-02,NA,NA,NA,NA
"Mac Jones","NE","QB","15241","weighted",3921.40970465733,135.356854738007,24.4294547519879,1.71759949355257,13.7338432411965,2.96438319652974,163.154687618326,47.2989296892045,0.808508140855737,0.970293508036213,2.50457970465733,0.349013839519549,1.7,0,NA,NA,NA,NA,NA,NA,NA,NA,NA,NA,NA,NA,NA,NA,NA,NA,NA,NA,NA,NA,NA,NA,NA,NA,NA,NA,NA,NA,NA,NA,NA,NA,NA,NA,NA,NA,NA,NA,NA,NA,2021,1998-09-05,NA,NA,NA,NA
"Trey Lance","SF","QB","15240","weighted",3613.36317682696,235.628380530796,22.9162097690269,2.4523519878238,13.4201703900038,1.45412903553132,601.769522907989,218.937650315068,4.70873911397198,2.12330375158896,2.1684011737978,0.210064723199131,1.37,0,NA,NA,NA,NA,NA,NA,NA,NA,NA,NA,NA,NA,NA,NA,NA,NA,NA,NA,NA,NA,NA,NA,NA,NA,NA,NA,NA,NA,NA,NA,NA,NA,NA,NA,NA,NA,NA,NA,NA,NA,2021,2000-05-09,NA,NA,NA,NA
"Baker Mayfield","CAR","QB","13590","weighted",3622.29697841727,255.815609670989,21.2834570238546,3.24825301672891,13.9271639530481,3.04079198412022,172.052722453616,47.3791256058421,1.78764861794775,1.05860966080224,2.41523381294964,0.851159745415463,1.42,0,NA,NA,NA,NA,NA,NA,NA,NA,NA,NA,NA,NA,NA,NA,NA,NA,NA,NA,NA,NA,NA,NA,NA,NA,NA,NA,NA,NA,NA,NA,NA,NA,NA,NA,NA,NA,NA,NA,NA,NA,2018,1995-04-14,NA,NA,NA,NA
"Jalen Hurts","PHI","QB","14783","weighted",3632.24536160545,238.128411884699,23.535766755017,3.33835542182283,12.4358273381295,1.93880802125678,775.506804240818,42.8934547007499,7.73137447936388,1.09294807149597,2.47471601666036,0.422958236284625,3.2,0,NA,NA,NA,NA,NA,NA,NA,NA,NA,NA,NA,NA,NA,NA,NA,NA,NA,NA,NA,NA,NA,NA,NA,NA,NA,NA,NA,NA,NA,NA,NA,NA,NA,NA,NA,NA,NA,NA,NA,NA,2020,1998-08-07,NA,NA,NA,NA
"Mitchell Trubisky","PIT","QB","13115","weighted",2846.24017796289,811.137737764043,16.6959825823552,5.97018609431441,10.1580424081787,3.65201172250697,174.977247254828,123.573642523377,1.73897008708822,0.873442622392638,1.77225482771677,0.898580419216125,2.38,0,NA,NA,NA,NA,NA,NA,NA,NA,NA,NA,NA,NA,NA,NA,NA,NA,NA,NA,NA,NA,NA,NA,NA,NA,NA,NA,NA,NA,NA,NA,NA,NA,NA,NA,NA,NA,NA,NA,NA,NA,2017,1994-08-20,NA,NA,NA,NA
"Ryan Tannehill","TEN","QB","10697","weighted",3748.01731541083,123.111781822427,24.6618402120409,1.85540676091228,12.7690268837562,2.44918704987919,256.938091631958,25.401326858969,4.50104127224536,1.29601390943341,2.08753502461189,0.615553782078916,2.24,0,NA,NA,NA,NA,NA,NA,NA,NA,NA,NA,NA,NA,NA,NA,NA,NA,NA,NA,NA,NA,NA,NA,NA,NA,NA,NA,NA,NA,NA,NA,NA,NA,NA,NA,NA,NA,NA,NA,NA,NA,2012,1988-07-27,NA,NA,NA,NA
"Jimmy Garoppolo","SF","QB","11760","weighted",1721.30942028986,1887.3432018987,9.92398550724638,10.6416124154127,5.19652173913043,5.69021965918728,21.7260869565217,27.0449380248661,0.999565217391304,1.21412861291266,0.180410628019324,0.161904776974641,NA,NA,NA,NA,NA,NA,NA,NA,NA,NA,NA,NA,NA,NA,NA,NA,NA,NA,NA,NA,NA,NA,NA,NA,NA,NA,NA,NA,NA,NA,NA,NA,NA,NA,NA,NA,NA,NA,NA,NA,NA,NA,2014,1991-11-02,NA,NA,NA,NA
"Davis Mills","HOU","QB","15252","weighted",3727.39981067777,215.26574998724,21.657357061719,2.45293518965072,13.4184059068535,3.12308865504095,112.303888678531,53.3357159072993,0.983953048087845,0.661983648362221,1.33801306323362,0.232089849939174,2.14,0,NA,NA,NA,NA,NA,NA,NA,NA,NA,NA,NA,NA,NA,NA,NA,NA,NA,NA,NA,NA,NA,NA,NA,NA,NA,NA,NA,NA,NA,NA,NA,NA,NA,NA,NA,NA,NA,NA,NA,NA,2021,1998-10-21,NA,NA,NA,NA
"Geno Smith","SEA","QB","11150","weighted",2578.6956380159,1068.4157582652,15.5028776978417,7.31855499711261,8.60482771677395,5.04220459545127,146.075528209012,72.567817063726,1.4000530102234,0.832483004853879,2.03515240439228,0.419965674072611,NA,NA,NA,NA,NA,NA,NA,NA,NA,NA,NA,NA,NA,NA,NA,NA,NA,NA,NA,NA,NA,NA,NA,NA,NA,NA,NA,NA,NA,NA,NA,NA,NA,NA,NA,NA,NA,NA,NA,NA,NA,NA,2013,1990-10-10,NA,NA,NA,NA
"Lamar Jackson","BAL","QB","13593","weighted",3613.08278682317,200.716805902055,24.125694812571,2.62756875645727,13.8259068534646,1.77810775134249,966.343964407421,97.7044005719238,5.18093146535403,1.19754744577652,3.13902877697842,0.61358412962963,1.59,2.37474383217094e-16,NA,NA,NA,NA,NA,NA,NA,NA,NA,NA,NA,NA,NA,NA,NA,NA,NA,NA,NA,NA,NA,NA,NA,NA,NA,NA,NA,NA,NA,NA,NA,NA,NA,NA,NA,NA,NA,NA,NA,NA,2018,1997-01-07,NA,NA,NA,NA
"Daniel Jones","NYG","QB","14059","weighted",3580.7206550549,205.994081595918,19.7203256342295,2.83127520147391,13.5595910639909,2.64334372342734,433.537966679288,67.6598141146471,2.55531995456267,1.02576407035865,4.80958254449072,0.886038334411459,2.69,4.74948766434189e-16,NA,NA,NA,NA,NA,NA,NA,NA,NA,NA,NA,NA,NA,NA,NA,NA,NA,NA,NA,NA,NA,NA,NA,NA,NA,NA,NA,NA,NA,NA,NA,NA,NA,NA,NA,NA,NA,NA,NA,NA,2019,1997-05-27,NA,NA,NA,NA
"Marcus Mariota","ATL","QB","12141","weighted",3003.39417644832,647.234595856858,16.2815524422567,4.36918584534171,10.1321734191594,4.47370305302987,305.757894736842,122.968535612377,2.26449829609996,1.61755749941763,1.93034267322984,0.774917150664518,0.5,0,NA,NA,NA,NA,NA,NA,NA,NA,NA,NA,NA,NA,NA,NA,NA,NA,NA,NA,NA,NA,NA,NA,NA,NA,NA,NA,NA,NA,NA,NA,NA,NA,NA,NA,NA,NA,NA,NA,NA,NA,2015,1993-10-30,NA,NA,NA,NA
"Carson Wentz","WAS","QB","12610","weighted",3635.28646193772,137.576903164736,22.7489965397924,2.6986868416318,10.9512024221453,1.79280176824554,240.867192906574,32.3426248002988,1.76847750865052,0.587125097247446,3.06729238754325,1.10645876078859,3.72,4.79936859683329e-16,NA,NA,NA,NA,NA,NA,NA,NA,NA,NA,NA,NA,NA,NA,NA,NA,NA,NA,NA,NA,NA,NA,NA,NA,NA,NA,NA,NA,NA,NA,NA,NA,NA,NA,NA,NA,NA,NA,NA,NA,2016,1992-12-30,NA,NA,NA,NA
"Jacoby Brissett","CLE","QB","12616","weighted",2369.77691525424,1046.95377005852,13.6862372881356,6.17757404305826,7.95720338983051,4.21655418061937,131.631177966102,69.508062153946,1.45894491525424,1.11774524301336,1.97966101694915,0.618696137975363,1.06,2.39893753262136e-16,NA,NA,NA,NA,NA,NA,NA,NA,NA,NA,NA,NA,NA,NA,NA,NA,NA,NA,NA,NA,NA,NA,NA,NA,NA,NA,NA,NA,NA,NA,NA,NA,NA,NA,NA,NA,NA,NA,NA,NA,2016,1992-12-11,NA,NA,NA,NA
"Justin Fields","CHI","QB","15238","weighted",3452.87139719803,203.377932008291,19.0809390382431,2.33970835806349,15.1410223400227,2.70331880302452,580.527008708822,86.0316651926444,3.49836425596365,1.45203775997637,4.76193392654298,1.45988757450536,1.01,0,NA,NA,NA,NA,NA,NA,NA,NA,NA,NA,NA,NA,NA,NA,NA,NA,NA,NA,NA,NA,NA,NA,NA,NA,NA,NA,NA,NA,NA,NA,NA,NA,NA,NA,NA,NA,NA,NA,NA,NA,2021,1999-03-05,NA,NA,NA,NA
"Zach Wilson","NYJ","QB","15239","weighted",2824.2419727376,761.812601165462,16.8832979931844,5.55112460730877,12.1214161302537,3.76199602389738,188.849352517986,55.7532359085104,2.47787959106399,0.796810286428971,1.37757856872397,0.552256253727067,1.39,0,NA,NA,NA,NA,NA,NA,NA,NA,NA,NA,NA,NA,NA,NA,NA,NA,NA,NA,NA,NA,NA,NA,NA,NA,NA,NA,NA,NA,NA,NA,NA,NA,NA,NA,NA,NA,NA,NA,NA,NA,2021,1999-08-03,"O","Knee - Meniscus",2022,0
"Drew Lock","SEA","QB","14057","weighted",1783.4956114687,989.559204129589,11.5292568753657,7.45383477273563,5.75640725570509,3.54120640425596,98.2393212404915,70.8615242310008,1.19098888238736,1.3724935665746,1.52001170275015,1.2374021599222,NA,NA,NA,NA,NA,NA,NA,NA,NA,NA,NA,NA,NA,NA,NA,NA,NA,NA,NA,NA,NA,NA,NA,NA,NA,NA,NA,NA,NA,NA,NA,NA,NA,NA,NA,NA,NA,NA,NA,NA,NA,NA,2019,1996-11-10,NA,NA,NA,NA
"Gardner Minshew","PHI","QB","14067","weighted",849.898771211235,1041.52718187374,4.15705090696314,6.02263642024042,1.65757753071972,1.84669682606032,34.499122293739,16.5819038278659,0.193095377413692,0.441498975392881,0.316149795201872,0.246244558122859,NA,NA,NA,NA,NA,NA,NA,NA,NA,NA,NA,NA,NA,NA,NA,NA,NA,NA,NA,NA,NA,NA,NA,NA,NA,NA,NA,NA,NA,NA,NA,NA,NA,NA,NA,NA,NA,NA,NA,NA,NA,NA,2019,1996-05-16,NA,NA,NA,NA
"Joe Flacco","NYJ","QB","9064","weighted",1030.55962711864,720.276925047881,5.72960593220339,3.51861858486784,3.26158050847458,2.44608495557766,19.0156313559322,17.3998587910363,0.150271186440678,0.212205690886322,0.605694915254237,0.218548591109223,0.55,0,NA,NA,NA,NA,NA,NA,NA,NA,NA,NA,NA,NA,NA,NA,NA,NA,NA,NA,NA,NA,NA,NA,NA,NA,NA,NA,NA,NA,NA,NA,NA,NA,NA,NA,NA,NA,NA,NA,NA,NA,2008,1985-01-16,NA,NA,NA,NA
"Kenny Pickett","PIT","QB","15692","weighted",1484.84194480379,641.764663190011,8.20156101768004,4.83372754435498,5.27417852522639,3.39774488548864,85.5371108236309,63.4790967430334,0.765981026304442,0.546974188127918,0.295590771884433,0.211507805586343,0.92,0,NA,NA,NA,NA,NA,NA,NA,NA,NA,NA,NA,NA,NA,NA,NA,NA,NA,NA,NA,NA,NA,NA,NA,NA,NA,NA,NA,NA,NA,NA,NA,NA,NA,NA,NA,NA,NA,NA,NA,NA,2022,1998-06-06,NA,NA,NA,NA
"Desmond Ridder","ATL","QB","15697","weighted",946.516507115136,734.989728953737,4.80903406640793,3.6576582478195,3.78570504527814,2.74774979057374,86.1950150927124,68.5714211635618,0.686683915480811,0.728749445550716,0.221701164294955,0.155985298542852,0.8,0,NA,NA,NA,NA,NA,NA,NA,NA,NA,NA,NA,NA,NA,NA,NA,NA,NA,NA,NA,NA,NA,NA,NA,NA,NA,NA,NA,NA,NA,NA,NA,NA,NA,NA,NA,NA,NA,NA,NA,NA,2022,1999-08-31,NA,NA,NA,NA
"Deshaun Watson","CLE","QB","13113","weighted",1485.27386934673,214.925902491294,10.488743718593,2.01887838720571,4.46165829145729,1.2218337750996,157.127135678392,60.2621983193775,1.3808040201005,0.687724237897199,1.50649916247906,0.386703560811796,NA,NA,NA,NA,NA,NA,NA,NA,NA,NA,NA,NA,NA,NA,NA,NA,NA,NA,NA,NA,NA,NA,NA,NA,NA,NA,NA,NA,NA,NA,NA,NA,NA,NA,NA,NA,NA,NA,NA,NA,NA,NA,2017,1995-09-14,"S","Suspension",2022,0
"Taylor Heinicke","WAS","QB","12476","weighted",802.86231884058,711.906393050516,4.58130434782609,3.09133298389194,2.62746376811594,2.03411108099856,69.2036231884058,56.6920234253185,0,0,0.751908212560387,0.738412458160881,NA,NA,NA,NA,NA,NA,NA,NA,NA,NA,NA,NA,NA,NA,NA,NA,NA,NA,NA,NA,NA,NA,NA,NA,NA,NA,NA,NA,NA,NA,NA,NA,NA,NA,NA,NA,NA,NA,NA,NA,NA,NA,NA,NA,NA,NA,NA,NA
"Sam Darnold","CAR","QB","13592","weighted",764.368548858982,662.911140725604,3.30290813341135,2.14948922305158,3.74798712697484,5.41881017283584,59.88400234055,64.4910192106439,0.90163838502048,1.31753941436067,1.55526623756583,1.97831805031855,0.36,0,NA,NA,NA,NA,NA,NA,NA,NA,NA,NA,NA,NA,NA,NA,NA,NA,NA,NA,NA,NA,NA,NA,NA,NA,NA,NA,NA,NA,NA,NA,NA,NA,NA,NA,NA,NA,NA,NA,NA,NA,2018,1997-06-05,"IR","Ankle",2022,0
"Andy Dalton","NO","QB","10313","weighted",825.443267909715,588.247446954159,5.32046614327772,3.88987177763047,2.75906280667321,1.97378188664356,71.6768842001963,126.712169718838,1.35919038272816,3.32557668654476,0.143564769381747,0.0957031428583639,0.62,1.21654824180875e-16,NA,NA,NA,NA,NA,NA,NA,NA,NA,NA,NA,NA,NA,NA,NA,NA,NA,NA,NA,NA,NA,NA,NA,NA,NA,NA,NA,NA,NA,NA,NA,NA,NA,NA,NA,NA,NA,NA,NA,NA,2011,1987-10-29,NA,NA,NA,NA
"Tyler Huntley","BAL","QB","14789","weighted",580.278631010795,483.13694751827,2.30706575073602,0.903111271992284,1.54080471050049,0.917118210701587,123.85510794897,152.544485872581,0.400843964671246,0.489889077649302,1.37535083415113,1.59718105573485,0.49,6.08274120904374e-17,NA,NA,NA,NA,NA,NA,NA,NA,NA,NA,NA,NA,NA,NA,NA,NA,NA,NA,NA,NA,NA,NA,NA,NA,NA,NA,NA,NA,NA,NA,NA,NA,NA,NA,NA,NA,NA,NA,NA,NA,2020,1998-02-03,NA,NA,NA,NA
"Teddy Bridgewater","MIA","QB","11640","weighted",519.230434782609,278.001339076948,3.10789855072464,1.96804227677051,1.405,0.505229709955982,21.9123188405797,11.1473229917069,0.118478260869565,0.245644966638,0.098768115942029,0.080553204920815,NA,NA,NA,NA,NA,NA,NA,NA,NA,NA,NA,NA,NA,NA,NA,NA,NA,NA,NA,NA,NA,NA,NA,NA,NA,NA,NA,NA,NA,NA,NA,NA,NA,NA,NA,NA,NA,NA,NA,NA,NA,NA,2014,1992-11-10,NA,NA,NA,NA
"Tyrod Taylor","NYG","QB","10413","weighted",528.523112931539,228.082956619935,2.47361029842013,1.15416068929077,3.13809245172616,3.21878652801789,52.2463428905793,23.8904670774892,0.557811585722645,0.535752984662207,0.0607372732592159,0.054619853863437,NA,NA,NA,NA,NA,NA,NA,NA,NA,NA,NA,NA,NA,NA,NA,NA,NA,NA,NA,NA,NA,NA,NA,NA,NA,NA,NA,NA,NA,NA,NA,NA,NA,NA,NA,NA,NA,NA,NA,NA,NA,NA,2011,1989-08-03,NA,NA,NA,NA
"Brian Hoyer","NE","QB","9714","weighted",288.838161838162,247.580014869859,1.39200799200799,0.689366472467354,1.09500499500499,1.14429289584005,1.74595404595405,3.96385721668729,0,0,0.534865134865135,0.607817019798851,NA,NA,NA,NA,NA,NA,NA,NA,NA,NA,NA,NA,NA,NA,NA,NA,NA,NA,NA,NA,NA,NA,NA,NA,NA,NA,NA,NA,NA,NA,NA,NA,NA,NA,NA,NA,NA,NA,NA,NA,NA,NA,2009,1985-10-31,NA,NA,NA,NA
"Case Keenum","BUF","QB","10948","weighted",284.588411588412,201.719417714336,1.33266733266733,1.51743146226851,1.03266733266733,0.0574472060389462,10.7002997002997,9.43096700952026,0.228671328671329,0.402130442272623,0.010989010989011,0.0191938484859146,NA,NA,NA,NA,NA,NA,NA,NA,NA,NA,NA,NA,NA,NA,NA,NA,NA,NA,NA,NA,NA,NA,NA,NA,NA,NA,NA,NA,NA,NA,NA,NA,NA,NA,NA,NA,NA,NA,NA,NA,NA,NA,2012,1988-02-17,NA,NA,NA,NA
"Kyle Allen","HOU","QB","13879","weighted",306.178195488722,146.499750862195,1.74135338345865,0.505667490704536,1.29654135338346,0.475099048783538,18.5834586466165,13.577082362952,0,0,0.913082706766917,0.77911006964481,NA,NA,NA,NA,NA,NA,NA,NA,NA,NA,NA,NA,NA,NA,NA,NA,NA,NA,NA,NA,NA,NA,NA,NA,NA,NA,NA,NA,NA,NA,NA,NA,NA,NA,NA,NA,NA,NA,NA,NA,NA,NA,2018,1996-03-08,NA,NA,NA,NA
"Trevor Siemian","CHI","QB","12381","weighted",379.397911530094,160.253523753466,1.73102248005801,0.557594221524738,1.46941986947063,0.735891923168369,20.2825308194344,19.584953923018,0.197005076142132,0.329672834306884,0.459626540971719,0.63064682907344,0.53,0,NA,NA,NA,NA,NA,NA,NA,NA,NA,NA,NA,NA,NA,NA,NA,NA,NA,NA,NA,NA,NA,NA,NA,NA,NA,NA,NA,NA,NA,NA,NA,NA,NA,NA,NA,NA,NA,NA,NA,NA,NA,1991-12-26,NA,NA,NA,NA
"Phillip Walker","CAR","QB","13416","weighted",372.631509146342,85.1144432514247,0.881158536585366,0.537401153701776,4.94602134146341,4.16485894118876,16.7771646341463,5.95383909759073,0.100304878048781,0.14142135623731,0.458963414634146,0.480832611206852,0.44,0,NA,NA,NA,NA,NA,NA,NA,NA,NA,NA,NA,NA,NA,NA,NA,NA,NA,NA,NA,NA,NA,NA,NA,NA,NA,NA,NA,NA,NA,NA,NA,NA,NA,NA,NA,NA,NA,NA,NA,NA,2017,1995-02-26,NA,NA,NA,NA
"Joshua Dobbs","CLE","QB","13119","weighted",179.57914,215.667330940219,0.73551,0.635206590874174,0.80276,1.40427095520101,27.70464,30.1324804919571,0.1645,0.28776044163955,0.06251,0.109348967823029,0.49,0,NA,NA,NA,NA,NA,NA,NA,NA,NA,NA,NA,NA,NA,NA,NA,NA,NA,NA,NA,NA,NA,NA,NA,NA,NA,NA,NA,NA,NA,NA,NA,NA,NA,NA,NA,NA,NA,NA,NA,NA,2017,1995-01-26,NA,NA,NA,NA
"Colt McCoy","ARI","QB","9899","weighted",329.297826086957,131.238068692125,1.65811594202899,1.05638096213837,0.869202898550725,0.623704087044667,15.9891304347826,4.6306420383139,0,0,0.61231884057971,0.618603420682328,NA,NA,NA,NA,NA,NA,NA,NA,NA,NA,NA,NA,NA,NA,NA,NA,NA,NA,NA,NA,NA,NA,NA,NA,NA,NA,NA,NA,NA,NA,NA,NA,NA,NA,NA,NA,NA,NA,NA,NA,NA,NA,2010,1986-09-05,"IR","Calf",2022,0
"Malik Willis","TEN","QB","15694","weighted",301.083481308411,133.952067284068,1.83819314641745,0.82553004682435,1.70417445482866,0.936572879967072,34.0058411214953,37.411091125646,0.810007788161994,0.839957108193494,0.0822377985462098,0.0671006099245064,0.6,0,NA,NA,NA,NA,NA,NA,NA,NA,NA,NA,NA,NA,NA,NA,NA,NA,NA,NA,NA,NA,NA,NA,NA,NA,NA,NA,NA,NA,NA,NA,NA,NA,NA,NA,NA,NA,NA,NA,NA,NA,2022,1999-05-25,NA,NA,NA,NA
"Mike White","NYJ","QB","13598","weighted",377,NA,2.9,NA,2.3,NA,-0.2,NA,0,NA,0,NA,NA,NA,NA,NA,NA,NA,NA,NA,NA,NA,NA,NA,NA,NA,NA,NA,NA,NA,NA,NA,NA,NA,NA,NA,NA,NA,NA,NA,NA,NA,NA,NA,NA,NA,NA,NA,NA,NA,NA,NA,NA,NA,2018,1995-03-25,NA,NA,NA,NA
"Jordan Love","GB","QB","14782","weighted",254.973315789474,95.0946812897267,1.15463909774436,0.432986933820741,1.56597744360902,1.56436700798403,13.7396165413534,10.9408167603308,0.0667894736842105,0.134532157455674,0.283458646616541,0.355900253679489,1.83,2.56412516794766e-16,NA,NA,NA,NA,NA,NA,NA,NA,NA,NA,NA,NA,NA,NA,NA,NA,NA,NA,NA,NA,NA,NA,NA,NA,NA,NA,NA,NA,NA,NA,NA,NA,NA,NA,NA,NA,NA,NA,NA,NA,2020,1998-11-02,NA,NA,NA,NA
"Brandon Allen","CIN","QB","12621","weighted",331,NA,3.8,NA,1.5,NA,10,NA,0,NA,0,NA,NA,NA,NA,NA,NA,NA,NA,NA,NA,NA,NA,NA,NA,NA,NA,NA,NA,NA,NA,NA,NA,NA,NA,NA,NA,NA,NA,NA,NA,NA,NA,NA,NA,NA,NA,NA,NA,NA,NA,NA,NA,NA,2016,1992-09-05,NA,NA,NA,NA
"Brandon Allen","CIN","QB","12621","weighted",331,NA,3.8,NA,1.5,NA,10,NA,0,NA,0,NA,NA,NA,NA,NA,NA,NA,NA,NA,NA,NA,NA,NA,NA,NA,NA,NA,NA,NA,NA,NA,NA,NA,NA,NA,NA,NA,NA,NA,NA,NA,NA,NA,NA,NA,NA,NA,NA,NA,NA,NA,NA,NA,2016,1992-09-05,NA,NA,NA,NA
"Cooper Rush","FA","QB","13124","weighted",323,NA,2,NA,0,NA,3,NA,0,NA,0.1,NA,NA,NA,NA,NA,NA,NA,NA,NA,NA,NA,NA,NA,NA,NA,NA,NA,NA,NA,NA,NA,NA,NA,NA,NA,NA,NA,NA,NA,NA,NA,NA,NA,NA,NA,NA,NA,NA,NA,NA,NA,NA,NA,2017,NA,NA,NA,NA,NA
"Trace McSorley","FA","QB","14061","weighted",193.660472560976,160.251609820307,0.496509146341463,0.700035713374682,0.77234756097561,1.08894444302728,7.22286585365854,10.6066017177982,0.235716463414634,0.332340187157677,0.0852591463414634,0.120208152801713,0.54,1.57009975578838e-16,NA,NA,NA,NA,NA,NA,NA,NA,NA,NA,NA,NA,NA,NA,NA,NA,NA,NA,NA,NA,NA,NA,NA,NA,NA,NA,NA,NA,NA,NA,NA,NA,NA,NA,NA,NA,NA,NA,NA,NA,2019,1970-01-01,NA,NA,NA,NA
"Chad Henne","KC","QB","9073","weighted",228.271236959762,68.5893577750951,0.512667660208644,0.707106781186547,1.14619970193741,0.212132034355964,11.4366616989568,3.53553390593274,0.243666169895678,0.353553390593274,0,0,NA,NA,NA,NA,NA,NA,NA,NA,NA,NA,NA,NA,NA,NA,NA,NA,NA,NA,NA,NA,NA,NA,NA,NA,NA,NA,NA,NA,NA,NA,NA,NA,NA,NA,NA,NA,NA,NA,NA,NA,NA,NA,2008,1985-07-02,NA,NA,NA,NA
"Josh Johnson","FA","QB","9207","weighted",260.72,NA,1.55,NA,2.11,NA,0.31,NA,0.16,NA,0.15,NA,2.77,NA,NA,NA,NA,NA,NA,NA,NA,NA,NA,NA,NA,NA,NA,NA,NA,NA,NA,NA,NA,NA,NA,NA,NA,NA,NA,NA,NA,NA,NA,NA,NA,NA,NA,NA,NA,NA,NA,NA,NA,NA,2008,1986-05-15,NA,NA,NA,NA
"Brett Rypien","DEN","QB","14065","weighted",181.471671388102,95.4594154601839,1.07365439093484,1.4142135623731,1.27790368271955,0.424264068711929,4.75779036827196,4.94974746830583,0,0,0.0805240793201133,0.106066017177982,NA,NA,NA,NA,NA,NA,NA,NA,NA,NA,NA,NA,NA,NA,NA,NA,NA,NA,NA,NA,NA,NA,NA,NA,NA,NA,NA,NA,NA,NA,NA,NA,NA,NA,NA,NA,NA,NA,NA,NA,NA,NA,2019,NA,NA,NA,NA,NA
"C.J. Beathard","JAC","QB","13125","weighted",150.914285714286,94.3005976667475,1.04952380952381,1.00340345097536,0.392095238095238,0.562224737665742,7.73333333333333,8.13158522132393,0,0,0.53215873015873,0.490875612291154,NA,NA,NA,NA,NA,NA,NA,NA,NA,NA,NA,NA,NA,NA,NA,NA,NA,NA,NA,NA,NA,NA,NA,NA,NA,NA,NA,NA,NA,NA,NA,NA,NA,NA,NA,NA,NA,NA,NA,NA,NA,NA,2017,1993-11-16,NA,NA,NA,NA
"Nick Foles","IND","QB","10699","weighted",189.4739195231,57.2756492761103,1.04873323397914,0.0707106781186548,1.24366616989568,0.353553390593274,15.7660208643815,14.8492424049175,0.341132637853949,0.494974746830583,0,0,NA,NA,NA,NA,NA,NA,NA,NA,NA,NA,NA,NA,NA,NA,NA,NA,NA,NA,NA,NA,NA,NA,NA,NA,NA,NA,NA,NA,NA,NA,NA,NA,NA,NA,NA,NA,NA,NA,NA,NA,NA,NA,2012,1989-01-20,NA,NA,NA,NA
"Tim Boyle","FA","QB","13873","weighted",223,NA,2,NA,1,NA,8,NA,0,NA,0,NA,NA,NA,NA,NA,NA,NA,NA,NA,NA,NA,NA,NA,NA,NA,NA,NA,NA,NA,NA,NA,NA,NA,NA,NA,NA,NA,NA,NA,NA,NA,NA,NA,NA,NA,NA,NA,NA,NA,NA,NA,NA,NA,2018,1970-01-01,NA,NA,NA,NA
"Sam Howell","WAS","QB","15693","weighted",221,NA,1,NA,1,NA,11,NA,0,NA,0.1,NA,NA,NA,NA,NA,NA,NA,NA,NA,NA,NA,NA,NA,NA,NA,NA,NA,NA,NA,NA,NA,NA,NA,NA,NA,NA,NA,NA,NA,NA,NA,NA,NA,NA,NA,NA,NA,NA,NA,NA,NA,NA,NA,2022,2000-09-16,NA,NA,NA,NA
"Jarrett Stidham","LVR","QB","14063","weighted",197.58867362146,4.94974746830583,0.512667660208644,0.707106781186547,0.951266766020864,0.0707106781186547,32.3666169895678,35.3553390593274,0.536065573770492,0.777817459305202,0,0,NA,NA,NA,NA,NA,NA,NA,NA,NA,NA,NA,NA,NA,NA,NA,NA,NA,NA,NA,NA,NA,NA,NA,NA,NA,NA,NA,NA,NA,NA,NA,NA,NA,NA,NA,NA,NA,NA,NA,NA,NA,NA,2019,1996-08-08,NA,NA,NA,NA
"Mason Rudolph","PIT","QB","13595","weighted",111.849315068493,108.187337521542,0.552054794520548,0.636396103067893,0.552054794520548,0.636396103067893,11.0365296803653,11.3137084989848,0,0,0,0,NA,NA,NA,NA,NA,NA,NA,NA,NA,NA,NA,NA,NA,NA,NA,NA,NA,NA,NA,NA,NA,NA,NA,NA,NA,NA,NA,NA,NA,NA,NA,NA,NA,NA,NA,NA,NA,NA,NA,NA,NA,NA,2018,1995-07-17,NA,NA,NA,NA
"Chase Daniel","LAC","QB","9706","weighted",103.615499254843,118.086832458153,0.512667660208644,0.707106781186547,0.561400894187779,0.636396103067893,2.61788375558867,12.1622366364086,0,0,0,0,NA,NA,NA,NA,NA,NA,NA,NA,NA,NA,NA,NA,NA,NA,NA,NA,NA,NA,NA,NA,NA,NA,NA,NA,NA,NA,NA,NA,NA,NA,NA,NA,NA,NA,NA,NA,NA,NA,NA,NA,NA,NA,2009,1986-10-07,NA,NA,NA,NA
"Nick Mullens","MIN","QB","13968","weighted",98.5648286140089,115.258405333407,0.512667660208644,0.707106781186547,0.561400894187779,0.636396103067893,6.15201192250373,8.48528137423857,0,0,0.512667660208644,0.707106781186547,NA,NA,NA,NA,NA,NA,NA,NA,NA,NA,NA,NA,NA,NA,NA,NA,NA,NA,NA,NA,NA,NA,NA,NA,NA,NA,NA,NA,NA,NA,NA,NA,NA,NA,NA,NA,NA,NA,NA,NA,NA,NA,2017,1995-03-21,NA,NA,NA,NA
"Blaine Gabbert","TB","QB","10262","weighted",166,NA,0.8,NA,0,NA,-8.3,NA,0,NA,0,NA,NA,NA,NA,NA,NA,NA,NA,NA,NA,NA,NA,NA,NA,NA,NA,NA,NA,NA,NA,NA,NA,NA,NA,NA,NA,NA,NA,NA,NA,NA,NA,NA,NA,NA,NA,NA,NA,NA,NA,NA,NA,NA,2011,1989-10-15,NA,NA,NA,NA
"John Wolford","LAR","QB","15035","weighted",100.108792846498,89.8025612106915,0.512667660208644,0.707106781186547,1.19493293591654,0.282842712474619,7.59254843517138,10.7480230740355,0,0,0,0,NA,NA,NA,NA,NA,NA,NA,NA,NA,NA,NA,NA,NA,NA,NA,NA,NA,NA,NA,NA,NA,NA,NA,NA,NA,NA,NA,NA,NA,NA,NA,NA,NA,NA,NA,NA,NA,NA,NA,NA,NA,NA,2018,1970-01-01,NA,NA,NA,NA
"Nate Sudfeld","SF","QB","12815","weighted",74.1594634873323,92.6309883354377,0.512667660208644,0.707106781186547,0.512667660208644,0.707106781186547,9.74068554396423,13.4350288425444,0,0,0,0,NA,NA,NA,NA,NA,NA,NA,NA,NA,NA,NA,NA,NA,NA,NA,NA,NA,NA,NA,NA,NA,NA,NA,NA,NA,NA,NA,NA,NA,NA,NA,NA,NA,NA,NA,NA,NA,NA,NA,NA,NA,NA,2016,1993-10-07,NA,NA,NA,NA
"Kyle Trask","TB","QB","15242","weighted",136,NA,1,NA,0,NA,3,NA,0,NA,0,NA,NA,NA,NA,NA,NA,NA,NA,NA,NA,NA,NA,NA,NA,NA,NA,NA,NA,NA,NA,NA,NA,NA,NA,NA,NA,NA,NA,NA,NA,NA,NA,NA,NA,NA,NA,NA,NA,NA,NA,NA,NA,NA,2021,1970-01-01,NA,NA,NA,NA
"Taysom Hill","NO","QB","13424","weighted",77.81,NA,0.34,NA,0.34,NA,99.7,NA,0.92,NA,0,NA,NA,NA,NA,NA,NA,NA,NA,NA,NA,NA,NA,NA,NA,NA,NA,NA,NA,NA,NA,NA,NA,NA,NA,NA,NA,NA,NA,NA,NA,NA,NA,NA,NA,NA,NA,NA,NA,NA,NA,NA,NA,NA,2017,1990-08-23,NA,NA,NA,NA
"Derrick Henry","TEN","RB","12626","weighted",NA,NA,NA,NA,NA,NA,1632.55848163574,219.334366892655,13.3108902623232,2.22615336005432,1.78127697841727,0.989586580779989,1.06,0,NA,NA,25.1640855736463,3.60696335183524,193.965683453237,25.7414701865497,1.03038198303836,0.726914302252972,NA,NA,NA,NA,NA,NA,NA,NA,NA,NA,NA,NA,NA,NA,NA,NA,NA,NA,NA,NA,NA,NA,NA,NA,NA,NA,NA,NA,NA,NA,NA,NA,2016,1994-01-04,NA,NA,NA,NA
"Jonathan Taylor","IND","RB","14802","weighted",NA,NA,NA,NA,NA,NA,1654.04174933737,142.036340479526,15.125397431043,1.58221092432894,2.38324024990534,0.707998154967382,0.01,0,NA,NA,42.5882885270731,7.53123888687535,355.432355168497,71.9151855390025,1.96041476130836,0.459591886552312,NA,NA,NA,NA,NA,NA,NA,NA,NA,NA,NA,NA,NA,NA,NA,NA,NA,NA,NA,NA,NA,NA,NA,NA,NA,NA,NA,NA,NA,NA,NA,NA,2020,1999-01-19,NA,NA,NA,NA
"Dalvin Cook","MIN","RB","13128","weighted",NA,NA,NA,NA,NA,NA,1317.50898523287,166.57385287892,10.2756047722036,1.21401840281765,2.86965732677016,0.521129780705311,2.13,0,NA,NA,46.7807421431276,7.38784069409766,352.861594093147,66.6392572518939,1.18066936638022,0.974677031558665,NA,NA,NA,NA,NA,NA,NA,NA,NA,NA,NA,NA,NA,NA,NA,NA,NA,NA,NA,NA,NA,NA,NA,NA,NA,NA,NA,NA,NA,NA,NA,NA,2017,1995-08-10,NA,NA,NA,NA
"Nick Chubb","CLE","RB","13610","weighted",NA,NA,NA,NA,NA,NA,1290.11266944339,176.806671909996,9.82659578708225,2.87324407009039,1.37408652025748,0.737490704024664,NA,NA,NA,NA,25.6880689132904,4.10450670839244,211.094104505869,44.2121187514132,1.1147218956137,0.253134350778453,NA,NA,NA,NA,NA,NA,NA,NA,NA,NA,NA,NA,NA,NA,NA,NA,NA,NA,NA,NA,NA,NA,NA,NA,NA,NA,NA,NA,NA,NA,NA,NA,2018,1995-12-27,NA,NA,NA,NA
"Joe Mixon","CIN","RB","13131","weighted",NA,NA,NA,NA,NA,NA,1236.54553956835,112.476328487979,10.1850915057428,1.3362163477739,1.50254354411208,0.662970158873173,NA,NA,NA,NA,46.3952631578947,7.31079691840355,333.536338508141,74.6914973903251,2.18823299255333,0.306023783206914,NA,NA,NA,NA,NA,NA,NA,NA,NA,NA,NA,NA,NA,NA,NA,NA,NA,NA,NA,NA,NA,NA,NA,NA,NA,NA,NA,NA,NA,NA,NA,NA,2017,1996-07-24,NA,NA,NA,NA
"Christian McCaffrey","CAR","RB","13130","weighted",NA,NA,NA,NA,NA,NA,1047.81782658084,182.329864830644,7.61706488020593,1.75495172484476,1.55898018427363,0.635944048154077,0.53,0,NA,NA,86.8331427489587,7.32960444923655,738.152730026505,80.4343681467205,4.19906915993039,1.62323129782912,NA,NA,NA,NA,NA,NA,NA,NA,NA,NA,NA,NA,NA,NA,NA,NA,NA,NA,NA,NA,NA,NA,NA,NA,NA,NA,NA,NA,NA,NA,NA,NA,2017,1996-06-07,NA,NA,NA,NA
"Najee Harris","PIT","RB","15254","weighted",NA,NA,NA,NA,NA,NA,1200.3135971223,88.5951294446808,8.28527750048765,1.9584518795642,1.8385207623375,0.968759833437518,0.08,0,NA,NA,62.4796554335479,9.92794786056653,403.067122302158,53.605641838793,2.43381375282549,0.735916214511809,NA,NA,NA,NA,NA,NA,NA,NA,NA,NA,NA,NA,NA,NA,NA,NA,NA,NA,NA,NA,NA,NA,NA,NA,NA,NA,NA,NA,NA,NA,NA,NA,2021,1970-01-01,NA,NA,NA,NA
"Cam Akers","LAR","RB","14799","weighted",NA,NA,NA,NA,NA,NA,963.635297235896,207.254532241568,6.52211243747384,1.92441683387178,3.28998012116622,0.341176973533629,0.11,0,NA,NA,31.6936917834154,7.30095710542199,274.72377887164,84.5604852878786,1.18695609717212,0.470174553573152,NA,NA,NA,NA,NA,NA,NA,NA,NA,NA,NA,NA,NA,NA,NA,NA,NA,NA,NA,NA,NA,NA,NA,NA,NA,NA,NA,NA,NA,NA,NA,NA,2020,1970-01-01,NA,NA,NA,NA
"Rashaad Penny","SEA","RB","13608","weighted",NA,NA,NA,NA,NA,NA,996.761677394926,160.238747153486,7.61700161930926,2.08709451724228,1.05639246497539,0.487339880207149,0.14,0,NA,NA,18.4840590685346,5.7930176541808,137.971510791367,54.2098053254973,0.535864719198885,0.408030887302782,NA,NA,NA,NA,NA,NA,NA,NA,NA,NA,NA,NA,NA,NA,NA,NA,NA,NA,NA,NA,NA,NA,NA,NA,NA,NA,NA,NA,NA,NA,NA,NA,2018,1996-02-02,NA,NA,NA,NA
"Saquon Barkley","NYG","RB","13604","weighted",NA,NA,NA,NA,NA,NA,1051.09404013631,144.998222295111,7.10120779956748,1.74795692748283,1.4532686482393,0.696366912019602,NA,NA,NA,NA,58.5435251798561,5.77059664131263,432.365706171905,37.0918987181313,2.54828860331022,0.861238999207082,NA,NA,NA,NA,NA,NA,NA,NA,NA,NA,NA,NA,NA,NA,NA,NA,NA,NA,NA,NA,NA,NA,NA,NA,NA,NA,NA,NA,NA,NA,NA,NA,2018,1997-02-09,NA,NA,NA,NA
"Elijah Mitchell","SF","RB","15263","weighted",NA,NA,NA,NA,NA,NA,1124.3189284362,99.7002965721036,7.66422680237585,1.08694449872437,1.28577559005427,0.785408870831412,0.11,0,NA,NA,27.4135327527452,3.98624302583194,203.985656948126,41.8392795706586,1.28335744601491,0.447819817820255,NA,NA,NA,NA,NA,NA,NA,NA,NA,NA,NA,NA,NA,NA,NA,NA,NA,NA,NA,NA,NA,NA,NA,NA,NA,NA,NA,NA,NA,NA,NA,NA,2021,1998-05-02,NA,NA,NA,NA
"D'Andre Swift","DET","RB","14797","weighted",NA,NA,NA,NA,NA,NA,942.257943960621,149.311628222057,7.4551540191995,1.92560208367486,1.92788432411965,0.481666734309058,0.13,0,NA,NA,64.4592010602045,6.1051696571787,470.22971601666,52.5856747733444,2.47217653740784,0.707702970853094,NA,NA,NA,NA,NA,NA,NA,NA,NA,NA,NA,NA,NA,NA,NA,NA,NA,NA,NA,NA,NA,NA,NA,NA,NA,NA,NA,NA,NA,NA,NA,NA,2020,1999-01-14,NA,NA,NA,NA
"Austin Ekeler","LAC","RB","13404","weighted",NA,NA,NA,NA,NA,NA,931.092552063612,112.067289438016,9.02729030072341,1.26313696269819,2.35362867600656,0.346823814629888,0.53,0,NA,NA,74.1692805755396,6.7855310028681,661.801450208254,55.9667380639773,5.3753867155583,1.39166223102933,NA,NA,NA,NA,NA,NA,NA,NA,NA,NA,NA,NA,NA,NA,NA,NA,NA,NA,NA,NA,NA,NA,NA,NA,NA,NA,NA,NA,NA,NA,NA,NA,NA,NA,NA,NA,NA,NA
"Javonte Williams","DEN","RB","15256","weighted",NA,NA,NA,NA,NA,NA,1066.74458159788,87.7828098063591,7.45167066064563,1.18713502507784,1.73476997349489,0.557428495706334,0.17,0,NA,NA,48.0785422188565,4.90087840579512,361.590579326013,45.830581456429,2.5614720883131,0.70857574629355,NA,NA,NA,NA,NA,NA,NA,NA,NA,NA,NA,NA,NA,NA,NA,NA,NA,NA,NA,NA,NA,NA,NA,NA,NA,NA,NA,NA,NA,NA,NA,NA,2021,2000-04-25,NA,NA,NA,NA
"Ezekiel Elliott","DAL","RB","12625","weighted",NA,NA,NA,NA,NA,NA,1033.945683391,99.9519808355457,8.26176529125582,1.11727053063846,2.33911764705882,0.336943336936033,1.59,2.39968429841664e-16,NA,NA,44.4545112456747,7.69478698824387,289.856691176471,54.8526464380761,1.98269405130473,0.490915214502034,NA,NA,NA,NA,NA,NA,NA,NA,NA,NA,NA,NA,NA,NA,NA,NA,NA,NA,NA,NA,NA,NA,NA,NA,NA,NA,NA,NA,NA,NA,NA,NA,2016,1995-07-22,NA,NA,NA,NA
"Miles Sanders","PHI","RB","14079","weighted",NA,NA,NA,NA,NA,NA,1017.56227565316,100.728341248763,5.33585404252775,0.997028105243372,1.66940079515335,0.202434014748636,1.59,2.37474383217094e-16,NA,NA,31.0348504354411,4.14273861968088,212.737826580841,25.961143237022,0.838288327786524,0.507603167274528,NA,NA,NA,NA,NA,NA,NA,NA,NA,NA,NA,NA,NA,NA,NA,NA,NA,NA,NA,NA,NA,NA,NA,NA,NA,NA,NA,NA,NA,NA,NA,NA,2019,1970-01-01,NA,NA,NA,NA
"Breece Hall","NYJ","RB","15708","weighted",NA,NA,NA,NA,NA,NA,928.895020825445,166.045098737725,6.246005584121,1.60319166905828,1.72261548655812,0.576425347647493,0.17,0,NA,NA,37.8955168496782,6.69582074376013,299.704327906096,68.7719344651805,1.41936359422054,0.4249063309835,NA,NA,NA,NA,NA,NA,NA,NA,NA,NA,NA,NA,NA,NA,NA,NA,NA,NA,NA,NA,NA,NA,NA,NA,NA,NA,NA,NA,NA,NA,NA,NA,2022,2001-05-31,NA,NA,NA,NA
"Alvin Kamara","NO","RB","13132","weighted",NA,NA,NA,NA,NA,NA,965.347739492616,134.654071049067,7.33260753256588,0.932179016593584,1.32302158273381,0.761653186551545,NA,NA,NA,NA,61.273510034078,6.12488061453053,550.112737599394,68.2954655180029,4.07892219102367,1.03818906728593,NA,NA,NA,NA,NA,NA,NA,NA,NA,NA,NA,NA,NA,NA,NA,NA,NA,NA,NA,NA,NA,NA,NA,NA,NA,NA,NA,NA,NA,NA,NA,NA,2017,1995-07-25,NA,NA,NA,NA
"Leonard Fournette","TB","RB","13129","weighted",NA,NA,NA,NA,NA,NA,976.440865051903,97.5964848628059,9.14048642986606,1.55740263563971,1.2507785467128,0.895317811315185,NA,NA,NA,NA,65.5404584775086,11.4840768736775,450.075164359862,90.6675000360398,2.3597255078502,0.494258913215064,NA,NA,NA,NA,NA,NA,NA,NA,NA,NA,NA,NA,NA,NA,NA,NA,NA,NA,NA,NA,NA,NA,NA,NA,NA,NA,NA,NA,NA,NA,NA,NA,2017,1996-07-06,NA,NA,NA,NA
"J.K. Dobbins","BAL","RB","14800","weighted",NA,NA,NA,NA,NA,NA,924.778648239303,123.363701931,8.05280575539568,1.30284614944151,0.660051117001136,0.620020547211461,0.15,0,NA,NA,29.4057137447936,7.19800983234951,210.847054146157,52.2028339253222,0.858936009087467,0.576262477446061,NA,NA,NA,NA,NA,NA,NA,NA,NA,NA,NA,NA,NA,NA,NA,NA,NA,NA,NA,NA,NA,NA,NA,NA,NA,NA,NA,NA,NA,NA,NA,NA,2020,1998-12-17,"Q","Knee - ACL",2022,0
"David Montgomery","CHI","RB","14071","weighted",NA,NA,NA,NA,NA,NA,991.738599015525,82.051876977539,7.52559685638392,1.51000452227968,1.49628928436198,0.697289782548025,0.53,0,NA,NA,47.5034608102991,6.83285035759574,368.439288148429,45.4098460727474,1.70374430226811,0.629301369350555,NA,NA,NA,NA,NA,NA,NA,NA,NA,NA,NA,NA,NA,NA,NA,NA,NA,NA,NA,NA,NA,NA,NA,NA,NA,NA,NA,NA,NA,NA,NA,NA,2019,1997-06-07,NA,NA,NA,NA
"Dameon Pierce","HOU","RB","15717","weighted",NA,NA,NA,NA,NA,NA,934.156656569481,136.178453033569,6.08998864066641,0.966528728263669,1.96851571374479,0.891969133989296,0.17,0,NA,NA,34.8411018553578,10.4414819299668,281.621200302916,101.755370698699,1.34959485043544,0.497193331906255,NA,NA,NA,NA,NA,NA,NA,NA,NA,NA,NA,NA,NA,NA,NA,NA,NA,NA,NA,NA,NA,NA,NA,NA,NA,NA,NA,NA,NA,NA,NA,NA,2022,2000-02-19,NA,NA,NA,NA
"Josh Jacobs","LVR","RB","14073","weighted",NA,NA,NA,NA,NA,NA,956.788822415752,113.778506658332,8.08199700025366,1.37380615822471,2.17831787201817,0.350255400255762,NA,NA,NA,NA,38.5604202953427,7.93666183250435,273.637319197274,50.9773943912257,0.842293041397235,0.795363278046365,NA,NA,NA,NA,NA,NA,NA,NA,NA,NA,NA,NA,NA,NA,NA,NA,NA,NA,NA,NA,NA,NA,NA,NA,NA,NA,NA,NA,NA,NA,NA,NA,2019,1998-02-11,NA,NA,NA,NA
"Aaron Jones","GB","RB","13319","weighted",NA,NA,NA,NA,NA,NA,925.047985611511,126.821041838342,5.94010708705089,1.41414131419441,1.40855831124574,0.717680888438228,NA,NA,NA,NA,65.0239227565316,6.62952049937904,533.088027262401,96.0999807400646,3.92909397315357,1.04035196282357,NA,NA,NA,NA,NA,NA,NA,NA,NA,NA,NA,NA,NA,NA,NA,NA,NA,NA,NA,NA,NA,NA,NA,NA,NA,NA,NA,NA,NA,NA,NA,NA,2017,1994-12-02,NA,NA,NA,NA
"Damien Harris","NE","RB","14075","weighted",NA,NA,NA,NA,NA,NA,968.614384702764,93.0263574083114,9.54253381983409,1.78195421925695,1.48453237410072,0.247808463628168,0.03,0,NA,NA,18.442843619841,4.03716899761542,140.237160166604,42.563575720082,0.404622560324946,0.41919448879928,NA,NA,NA,NA,NA,NA,NA,NA,NA,NA,NA,NA,NA,NA,NA,NA,NA,NA,NA,NA,NA,NA,NA,NA,NA,NA,NA,NA,NA,NA,NA,NA,2019,1970-01-01,NA,NA,NA,NA
"Antonio Gibson","WAS","RB","14852","weighted",NA,NA,NA,NA,NA,NA,898.260571753124,104.867523611271,6.43077363040316,1.57243736062313,2.46173513820523,0.457554625260685,0.04,0,NA,NA,36.4434645967437,9.00862838433128,263.087959106399,68.0213839464676,1.56853345024811,0.477759241317396,NA,NA,NA,NA,NA,NA,NA,NA,NA,NA,NA,NA,NA,NA,NA,NA,NA,NA,NA,NA,NA,NA,NA,NA,NA,NA,NA,NA,NA,NA,NA,NA,2020,1970-01-01,NA,NA,NA,NA
"James Conner","ARI","RB","13146","weighted",NA,NA,NA,NA,NA,NA,902.141048845134,110.010293079766,10.1647292692162,2.76054662344904,1.12940268837562,0.868748108011683,NA,NA,NA,NA,45.1692010602045,5.6286147953649,372.660265051117,59.3947246388785,2.16148049981068,0.370724249923321,NA,NA,NA,NA,NA,NA,NA,NA,NA,NA,NA,NA,NA,NA,NA,NA,NA,NA,NA,NA,NA,NA,NA,NA,NA,NA,NA,NA,NA,NA,NA,NA,2017,1995-05-05,NA,NA,NA,NA
"Chase Edmonds","MIA","RB","13726","weighted",NA,NA,NA,NA,NA,NA,744.957012495267,140.594272336758,4.14595490087235,1.2484241309677,1.5837435314906,0.605303922562294,0.09,1.48421489510684e-17,NA,NA,51.2498674744415,8.05153787682415,367.920022718667,55.8046346242312,1.53881601923367,0.491035209598282,NA,NA,NA,NA,NA,NA,NA,NA,NA,NA,NA,NA,NA,NA,NA,NA,NA,NA,NA,NA,NA,NA,NA,NA,NA,NA,NA,NA,NA,NA,NA,NA,2018,1996-04-13,NA,NA,NA,NA
"Travis Etienne","JAC","RB","15253","weighted",NA,NA,NA,NA,NA,NA,833.607595607724,126.97882375898,5.67741303969627,1.50804277554748,2.14525747822794,0.514305253062858,0.17,0,NA,NA,53.0515562287013,9.10277834033581,423.967516092389,82.736145387028,2.32601369260211,0.819542782241713,NA,NA,NA,NA,NA,NA,NA,NA,NA,NA,NA,NA,NA,NA,NA,NA,NA,NA,NA,NA,NA,NA,NA,NA,NA,NA,NA,NA,NA,NA,NA,NA,2021,1999-01-26,NA,NA,NA,NA
"Devin Singletary","BUF","RB","14080","weighted",NA,NA,NA,NA,NA,NA,864.51739113972,83.1983967469689,6.58893942001684,2.19262742370542,0.908467436577054,0.551290260905586,0.01,0,NA,NA,35.180995834911,6.0146424809275,237.632101476713,46.2547174669594,1.20595645275863,0.630854723049763,NA,NA,NA,NA,NA,NA,NA,NA,NA,NA,NA,NA,NA,NA,NA,NA,NA,NA,NA,NA,NA,NA,NA,NA,NA,NA,NA,NA,NA,NA,NA,NA,2019,1997-09-03,NA,NA,NA,NA
"Kenneth Walker III","SEA","RB","15711","weighted",NA,NA,NA,NA,NA,NA,664.873059447179,187.619073993958,4.31624868526232,1.10713976833813,1.35068439984854,0.743806174539529,0.05,0,NA,NA,22.32060204468,11.1736423536678,161.956800454373,84.1606260529749,0.800411670663469,0.598727880610701,NA,NA,NA,NA,NA,NA,NA,NA,NA,NA,NA,NA,NA,NA,NA,NA,NA,NA,NA,NA,NA,NA,NA,NA,NA,NA,NA,NA,NA,NA,NA,NA,2022,2000-10-20,"Q","Abdomen",2022,0
"AJ Dillon","GB","RB","14805","weighted",NA,NA,NA,NA,NA,NA,821.6274744415,63.996636976462,6.4180255384909,1.07891027990756,1.07848258235517,0.416438331304006,0.01,0,NA,NA,34.3081862930708,5.91207342759618,296.719719803105,63.7344567310176,1.69389797532962,0.650931732826433,NA,NA,NA,NA,NA,NA,NA,NA,NA,NA,NA,NA,NA,NA,NA,NA,NA,NA,NA,NA,NA,NA,NA,NA,NA,NA,NA,NA,NA,NA,NA,NA,2020,1998-05-02,NA,NA,NA,NA
"Melvin Gordon","DEN","RB","12151","weighted",NA,NA,NA,NA,NA,NA,763.205350346021,72.232740155249,5.78830292544825,1.11005771099205,2.53714965397924,0.329984159636597,0.04,0,NA,NA,26.1400865051903,3.87202841548161,202.553797577855,38.2983664091463,1.57479396036489,0.54500260869344,NA,NA,NA,NA,NA,NA,NA,NA,NA,NA,NA,NA,NA,NA,NA,NA,NA,NA,NA,NA,NA,NA,NA,NA,NA,NA,NA,NA,NA,NA,NA,NA,2015,1993-04-13,NA,NA,NA,NA
"Clyde Edwards-Helaire","KC","RB","14803","weighted",NA,NA,NA,NA,NA,NA,814.273309352518,57.5041405305788,5.85726764337518,0.768400187590671,1.40300454373343,0.255626827299112,0.04,0,NA,NA,35.3753540325634,5.88010397001,264.016993563044,54.0728804660936,2.03727609005913,0.730629977624391,NA,NA,NA,NA,NA,NA,NA,NA,NA,NA,NA,NA,NA,NA,NA,NA,NA,NA,NA,NA,NA,NA,NA,NA,NA,NA,NA,NA,NA,NA,NA,NA,2020,1970-01-01,NA,NA,NA,NA
"Tony Pollard","DAL","RB","14085","weighted",NA,NA,NA,NA,NA,NA,746.173634986748,88.2305146308357,3.66476314254429,0.79783876990546,0.857251041272245,0.549024668805023,NA,NA,0.18,2.96842979021368e-17,45.3266527830367,5.83984976371262,368.028492995078,49.7675634313915,1.78628948903466,0.826706844803061,NA,NA,NA,NA,NA,NA,NA,NA,NA,NA,NA,NA,NA,NA,NA,NA,NA,NA,NA,NA,NA,NA,NA,NA,NA,NA,NA,NA,NA,NA,NA,NA,2019,1997-04-30,NA,NA,NA,NA
"Rhamondre Stevenson","NE","RB","15259","weighted",NA,NA,NA,NA,NA,NA,750.834683831882,86.3016902526558,5.63719887248096,0.603137001028741,0.757793449450966,0.569213532839473,0.03,0,NA,NA,32.9554373343431,6.9765872864018,263.243085952291,65.448984037273,1.29294879885565,0.98491366960738,NA,NA,NA,NA,NA,NA,NA,NA,NA,NA,NA,NA,NA,NA,NA,NA,NA,NA,NA,NA,NA,NA,NA,NA,NA,NA,NA,NA,NA,NA,NA,NA,2021,1998-02-23,NA,NA,NA,NA
"Cordarrelle Patterson","ATL","RB","11225","weighted",NA,NA,NA,NA,NA,NA,628.049909125331,110.889693695558,4.6728604656554,1.07602611340968,0.981370692919349,0.456184570453577,NA,NA,1.59,2.37474383217094e-16,45.4059447179099,4.67354863180358,412.865395683453,56.0933304589123,2.54560981075505,1.17635547135464,NA,NA,NA,NA,NA,NA,NA,NA,NA,NA,NA,NA,NA,NA,NA,NA,NA,NA,NA,NA,NA,NA,NA,NA,NA,NA,NA,NA,NA,NA,NA,NA,2013,1991-03-17,NA,NA,NA,NA
"Michael Carter","NYJ","RB","15258","weighted",NA,NA,NA,NA,NA,NA,584.475539568345,149.705231350293,3.46257968238412,1.1643672830699,0.880223400227187,0.539412806152498,0.05,0,NA,NA,32.7510488451344,8.02763971266404,277.678580083302,71.6673552075768,1.15254337706306,0.788035820650631,NA,NA,NA,NA,NA,NA,NA,NA,NA,NA,NA,NA,NA,NA,NA,NA,NA,NA,NA,NA,NA,NA,NA,NA,NA,NA,NA,NA,NA,NA,NA,NA,2021,1999-05-07,NA,NA,NA,NA
"Raheem Mostert","MIA","RB","12447","weighted",NA,NA,NA,NA,NA,NA,665.937417644831,77.9317627857226,4.10962653699755,1.83743091657864,1.22504638394548,0.574685042588483,NA,NA,NA,NA,17.8677129875047,5.38868390638404,142.887243468383,41.7794366071837,0.845352637557544,0.379359862043722,NA,NA,NA,NA,NA,NA,NA,NA,NA,NA,NA,NA,NA,NA,NA,NA,NA,NA,NA,NA,NA,NA,NA,NA,NA,NA,NA,NA,NA,NA,NA,NA,NA,NA,NA,NA,NA,NA
"Darrell Henderson","LAR","RB","14087","weighted",NA,NA,NA,NA,NA,NA,598.497266435986,151.136790834922,4.10412531456433,1.56453457364343,0.794420415224913,0.603505153402195,0.03,0,NA,NA,26.3439749134948,2.43800737357809,181.298546712803,25.134021523833,1.38381153664674,0.503675021236447,NA,NA,NA,NA,NA,NA,NA,NA,NA,NA,NA,NA,NA,NA,NA,NA,NA,NA,NA,NA,NA,NA,NA,NA,NA,NA,NA,NA,NA,NA,NA,NA,2019,1970-01-01,NA,NA,NA,NA
"James Robinson","JAC","RB","14813","weighted",NA,NA,NA,NA,NA,NA,651.99309352518,124.829960258956,5.42783983339644,1.37749110319517,1.60025369178342,0.652122434779499,0.05,0,NA,NA,25.4747822794396,4.62443631311971,187.952900416509,27.3433195252812,0.852773570617191,0.403165503735255,NA,NA,NA,NA,NA,NA,NA,NA,NA,NA,NA,NA,NA,NA,NA,NA,NA,NA,NA,NA,NA,NA,NA,NA,NA,NA,NA,NA,NA,NA,NA,NA,2020,1970-01-01,NA,NA,NA,NA
"Kareem Hunt","CLE","RB","13138","weighted",NA,NA,NA,NA,NA,NA,630.954929950776,121.100576448586,5.15243539825538,1.12264544975823,0.807522403130127,0.55579168901251,0.54,0,NA,NA,39.4761416130254,5.38900487627488,305.060280196895,47.9889060273,1.82746615418688,0.505715901554004,NA,NA,NA,NA,NA,NA,NA,NA,NA,NA,NA,NA,NA,NA,NA,NA,NA,NA,NA,NA,NA,NA,NA,NA,NA,NA,NA,NA,NA,NA,NA,NA,2017,1995-08-06,NA,NA,NA,NA
"Jamaal Williams","DET","RB","13139","weighted",NA,NA,NA,NA,NA,NA,582.037357061719,80.917003096236,3.30805158097392,0.645056331057477,1.25447431528461,0.309432277615969,0.53,0,NA,NA,24.8473608481636,3.33047970462655,163.39485800833,28.3550713296282,0.704678445531196,0.376529338262593,NA,NA,NA,NA,NA,NA,NA,NA,NA,NA,NA,NA,NA,NA,NA,NA,NA,NA,NA,NA,NA,NA,NA,NA,NA,NA,NA,NA,NA,NA,NA,NA,2017,NA,NA,NA,NA,NA
"DOnta Foreman","CAR","RB","13134","weighted",NA,NA,NA,NA,NA,NA,436.361298750473,133.410170350514,2.83564675385198,0.803811617362398,0.967898523286634,0.144609201267733,0.02,0,NA,NA,10.3305414615676,7.19600923380257,91.1541196516471,59.7240880890804,0.265852678181342,0.356815480582912,NA,NA,NA,NA,NA,NA,NA,NA,NA,NA,NA,NA,NA,NA,NA,NA,NA,NA,NA,NA,NA,NA,NA,NA,NA,NA,NA,NA,NA,NA,NA,NA,2017,1996-04-24,NA,NA,NA,NA
"Brian Robinson","WAS","RB","15716","weighted",NA,NA,NA,NA,NA,NA,493.622453616054,171.93535548266,3.53643100557148,1.60067720355477,1.1562779250284,0.367442967363067,0.16,0,NA,NA,14.9115145778114,5.1687932729156,108.660821658463,54.8538242716062,0.440763239032834,0.491456012244106,NA,NA,NA,NA,NA,NA,NA,NA,NA,NA,NA,NA,NA,NA,NA,NA,NA,NA,NA,NA,NA,NA,NA,NA,NA,NA,NA,NA,NA,NA,NA,NA,2022,1999-03-22,NA,"Knee",2022,0
"Rex Burkhead","HOU","RB","11182","weighted",NA,NA,NA,NA,NA,NA,407.880140098448,124.302855773826,2.75886888575264,0.764246477390501,0.919260381168749,0.484379916718759,NA,NA,NA,NA,29.6245626656569,6.63369029269899,231.650639909125,51.9733753748404,1.11699253037761,0.40001525342428,NA,NA,NA,NA,NA,NA,NA,NA,NA,NA,NA,NA,NA,NA,NA,NA,NA,NA,NA,NA,NA,NA,NA,NA,NA,NA,NA,NA,NA,NA,NA,NA,2013,1990-07-02,NA,NA,NA,NA
"Mark Ingram","NO","RB","10276","weighted",NA,NA,NA,NA,NA,NA,458.470265051117,129.446548382779,2.46141005433108,1.04344427608957,1.04675880348353,0.450902358036522,0.53,0,NA,NA,21.9095304808785,6.53656810238592,153.916679288148,34.7865816821358,0.309460827910499,0.386720128798875,NA,NA,NA,NA,NA,NA,NA,NA,NA,NA,NA,NA,NA,NA,NA,NA,NA,NA,NA,NA,NA,NA,NA,NA,NA,NA,NA,NA,NA,NA,NA,NA,2011,1989-12-21,NA,NA,NA,NA
"Damien Williams","ATL","RB","11886","weighted",NA,NA,NA,NA,NA,NA,285.707198424421,166.826447870606,2.15399803052683,1.96126121894636,0.90151157065485,0.586080425508475,NA,NA,NA,NA,21.4738601674052,5.38415636889114,150.514160512063,55.2885272929197,0.730635155096012,0.752594121874153,NA,NA,NA,NA,NA,NA,NA,NA,NA,NA,NA,NA,NA,NA,NA,NA,NA,NA,NA,NA,NA,NA,NA,NA,NA,NA,NA,NA,NA,NA,NA,NA,2014,1992-04-03,NA,NA,NA,NA
"Alexander Mattison","MIN","RB","14223","weighted",NA,NA,NA,NA,NA,NA,471.781347974252,65.6642811905359,2.98597290588582,0.852144017649533,0.893185346459674,0.492440634158701,NA,NA,NA,NA,26.2265732677016,3.63124825471354,197.601942446043,28.6670371778304,1.01192940384534,0.127258629875077,NA,NA,NA,NA,NA,NA,NA,NA,NA,NA,NA,NA,NA,NA,NA,NA,NA,NA,NA,NA,NA,NA,NA,NA,NA,NA,NA,NA,NA,NA,NA,NA,2019,NA,NA,NA,NA,NA
"Khalil Herbert","CHI","RB","15271","weighted",NA,NA,NA,NA,NA,NA,406.939572131768,122.357357092841,2.39368762453368,0.658218009841136,0.696010980689133,0.586596117143188,0.03,0,NA,NA,17.3184475577433,3.83287204949798,125.67823551685,22.9773900447999,0.487542969938113,0.465095385632119,NA,NA,NA,NA,NA,NA,NA,NA,NA,NA,NA,NA,NA,NA,NA,NA,NA,NA,NA,NA,NA,NA,NA,NA,NA,NA,NA,NA,NA,NA,NA,NA,2021,1970-01-01,NA,NA,NA,NA
"Isiah Pacheco","KC","RB","15749","weighted",NA,NA,NA,NA,NA,NA,320.694089360091,148.065772544291,2.53866314543302,1.03297518109845,0.69056418023476,0.592640351274214,0.05,0,NA,NA,16.9921772056039,10.0508742612137,133.791457781143,97.4579627621007,0.814381155967964,0.696330277480286,NA,NA,NA,NA,NA,NA,NA,NA,NA,NA,NA,NA,NA,NA,NA,NA,NA,NA,NA,NA,NA,NA,NA,NA,NA,NA,NA,NA,NA,NA,NA,NA,2022,1999-03-02,NA,NA,NA,NA
"Ronald Jones","KC","RB","13606","weighted",NA,NA,NA,NA,NA,NA,272.839765240439,149.843128301398,2.01158165197166,1.00440917939769,0.734940363498675,0.132613732936985,NA,NA,NA,NA,7.58302536917834,3.39238025929099,49.8533775085195,27.1891910830464,0.132935576350949,0.245431582393505,NA,NA,NA,NA,NA,NA,NA,NA,NA,NA,NA,NA,NA,NA,NA,NA,NA,NA,NA,NA,NA,NA,NA,NA,NA,NA,NA,NA,NA,NA,NA,NA,2018,1997-08-03,NA,NA,NA,NA
"Tyler Allgeier","ATL","RB","15712","weighted",NA,NA,NA,NA,NA,NA,362.68409693298,146.870555504783,2.16008016817036,1.09016813269084,0.86806891329042,0.502201867481336,0.05,0,NA,NA,14.3795948504354,5.55641334944812,101.286497538811,41.9148733875016,0.624009191920511,0.471930232035283,NA,NA,NA,NA,NA,NA,NA,NA,NA,NA,NA,NA,NA,NA,NA,NA,NA,NA,NA,NA,NA,NA,NA,NA,NA,NA,NA,NA,NA,NA,NA,NA,2022,2000-04-15,NA,NA,NA,NA
"Hassan Haskins","TEN","RB","15720","weighted",NA,NA,NA,NA,NA,NA,253.787355250245,146.718719228468,1.63376840039254,1.35895912503857,0.692791952894995,0.691952502574963,0.05,7.60342651130467e-18,NA,NA,8.76472522080471,4.51491103472012,66.5669430814524,39.139201546721,0.225294406280667,0.406781186286596,NA,NA,NA,NA,NA,NA,NA,NA,NA,NA,NA,NA,NA,NA,NA,NA,NA,NA,NA,NA,NA,NA,NA,NA,NA,NA,NA,NA,NA,NA,NA,NA,2022,1999-11-26,NA,NA,NA,NA
"James Cook","BUF","RB","15715","weighted",NA,NA,NA,NA,NA,NA,386.615425975009,79.5273339145633,2.22942298279477,0.823881685158424,2.71916035592579,2.3527209305619,0.06,0,NA,NA,31.3434759560772,14.4142522900316,244.677618326392,120.715410776234,1.54321238259713,0.955770959567179,NA,NA,NA,NA,NA,NA,NA,NA,NA,NA,NA,NA,NA,NA,NA,NA,NA,NA,NA,NA,NA,NA,NA,NA,NA,NA,NA,NA,NA,NA,NA,NA,2022,1999-09-25,NA,NA,NA,NA
"Gus Edwards","BAL","RB","13850","weighted",NA,NA,NA,NA,NA,NA,422.170499810678,77.9641584120596,2.85547658972714,0.736486196992428,0.528410639909125,0.27063380255725,0.41,5.93685958042736e-17,NA,NA,8.10782279439606,3.42758802295678,77.8914312760318,47.5438759613193,0.122652906675734,0.150497673234271,NA,NA,NA,NA,NA,NA,NA,NA,NA,NA,NA,NA,NA,NA,NA,NA,NA,NA,NA,NA,NA,NA,NA,NA,NA,NA,NA,NA,NA,NA,NA,NA,2018,1995-04-13,NA,"Knee - ACL",2022,0
"Sony Michel","FA","RB","13607","weighted",NA,NA,NA,NA,NA,NA,332.532200886263,120.735549204918,1.81135401280158,0.664101061882009,0.612662481536189,0.266538301229603,0.01,0,NA,NA,10.2785819793205,1.84627813401929,72.1810487444609,14.5675846359739,0.211614967996061,0.26464709876003,NA,NA,NA,NA,NA,NA,NA,NA,NA,NA,NA,NA,NA,NA,NA,NA,NA,NA,NA,NA,NA,NA,NA,NA,NA,NA,NA,NA,NA,NA,NA,NA,2018,1995-02-17,NA,NA,NA,NA
"Tyrion Davis-Price","SF","RB","15746","weighted",NA,NA,NA,NA,NA,NA,238.020787580462,153.037536611428,1.6287704873695,1.32716131932349,0.115041650889814,0.0937605156527586,0.05,0,NA,NA,8.44731541082923,5.66983439352865,61.9453805376751,46.6865924374449,0.155867907178017,0.245658643922806,NA,NA,NA,NA,NA,NA,NA,NA,NA,NA,NA,NA,NA,NA,NA,NA,NA,NA,NA,NA,NA,NA,NA,NA,NA,NA,NA,NA,NA,NA,NA,NA,2022,2000-10-23,NA,NA,NA,NA
"Kenneth Gainwell","PHI","RB","15255","weighted",NA,NA,NA,NA,NA,NA,365.877576675502,85.1679263517941,3.28489124489882,1.40515556736173,1.15494131010981,0.390957237021643,0.73,0,NA,NA,31.9806739871261,9.14062446803268,256.673263915184,74.0603234309718,1.32934578652867,0.518195281492288,NA,NA,NA,NA,NA,NA,NA,NA,NA,NA,NA,NA,NA,NA,NA,NA,NA,NA,NA,NA,NA,NA,NA,NA,NA,NA,NA,NA,NA,NA,NA,NA,2021,1999-03-14,NA,NA,NA,NA
"Darrel Williams","ARI","RB","13623","weighted",NA,NA,NA,NA,NA,NA,291.064928606598,163.93768088677,2.62690300344658,1.83405471059206,0.807483998030527,0.651594561352896,NA,NA,NA,NA,19.4084244214673,12.2679708915354,170.804908911866,111.619058344364,0.649502708025603,0.459987733143076,NA,NA,NA,NA,NA,NA,NA,NA,NA,NA,NA,NA,NA,NA,NA,NA,NA,NA,NA,NA,NA,NA,NA,NA,NA,NA,NA,NA,NA,NA,NA,NA,2018,NA,NA,NA,NA,NA
"Rachaad White","TB","RB","15721","weighted",NA,NA,NA,NA,NA,NA,354.46911397198,70.5786504100558,2.94899624797769,1.02723982234956,1.08867001135933,0.438168498585488,0.05,0,NA,NA,22.5072737599394,7.90479661027416,171.739257856872,69.2117887721289,1.12909917042443,0.465547468203401,NA,NA,NA,NA,NA,NA,NA,NA,NA,NA,NA,NA,NA,NA,NA,NA,NA,NA,NA,NA,NA,NA,NA,NA,NA,NA,NA,NA,NA,NA,NA,NA,2022,1999-01-12,NA,NA,NA,NA
"Isaiah Spiller","LAC","RB","15709","weighted",NA,NA,NA,NA,NA,NA,264.855508130081,128.761798651161,1.85764663182346,1.29090611939526,0.0833841463414634,0.0408056578277624,NA,NA,NA,NA,12.1569410569106,4.70624439390309,84.4242987804878,41.0636775762344,0.371845238095238,0.443894173265731,NA,NA,NA,NA,NA,NA,NA,NA,NA,NA,NA,NA,NA,NA,NA,NA,NA,NA,NA,NA,NA,NA,NA,NA,NA,NA,NA,NA,NA,NA,NA,NA,2022,2001-08-09,NA,NA,NA,NA
"Jeffery Wilson","SF","RB","14017","weighted",NA,NA,NA,NA,NA,NA,351.493984962406,124.344757323085,3.12142857142857,1.02367067409816,0.719974937343358,0.191637762156586,NA,NA,NA,NA,13.3492481203008,4.16343834023044,97.7601503759399,25.0874388759313,0.67812030075188,0.471401198899426,NA,NA,NA,NA,NA,NA,NA,NA,NA,NA,NA,NA,NA,NA,NA,NA,NA,NA,NA,NA,NA,NA,NA,NA,NA,NA,NA,NA,NA,NA,NA,NA,2018,1970-01-01,NA,NA,NA,NA
"Zamir White","LVR","RB","15714","weighted",NA,NA,NA,NA,NA,NA,408.14374567474,52.6254555855209,3.40442329873126,1.02676480791901,0.841738754325259,0.595693976940331,NA,NA,NA,NA,16.790562283737,6.79496789014535,132.319480968858,66.0647444033544,0.656147635524798,0.474601724303905,NA,NA,NA,NA,NA,NA,NA,NA,NA,NA,NA,NA,NA,NA,NA,NA,NA,NA,NA,NA,NA,NA,NA,NA,NA,NA,NA,NA,NA,NA,NA,NA,2022,1999-09-18,NA,NA,NA,NA
"Zack Moss","BUF","RB","14798","weighted",NA,NA,NA,NA,NA,NA,263.241411016949,116.01575535336,2.29354661016949,1.14518842039884,1.13190677966102,0.389162125819801,0.01,1.87416994736044e-18,NA,NA,11.0945254237288,5.92901928683602,80.2106016949153,47.619748097859,0.204241525423729,0.272399150721951,NA,NA,NA,NA,NA,NA,NA,NA,NA,NA,NA,NA,NA,NA,NA,NA,NA,NA,NA,NA,NA,NA,NA,NA,NA,NA,NA,NA,NA,NA,NA,NA,2020,1970-01-01,NA,NA,NA,NA
"Myles Gaskin","MIA","RB","14081","weighted",NA,NA,NA,NA,NA,NA,237.988355932203,139.525734931137,1.31858050847458,0.636890059522696,0.442792372881356,0.22061399372789,0.03,3.74833989472087e-18,NA,NA,16.4369957627119,11.7446612235097,95.5460593220339,65.2457671026173,0.617190677966102,0.875159795687353,NA,NA,NA,NA,NA,NA,NA,NA,NA,NA,NA,NA,NA,NA,NA,NA,NA,NA,NA,NA,NA,NA,NA,NA,NA,NA,NA,NA,NA,NA,NA,NA,2019,1970-01-01,NA,NA,NA,NA
"Jerick McKinnon","KC","RB","11761","weighted",NA,NA,NA,NA,NA,NA,290.11558500568,111.040197355389,2.02209011737978,0.599226625082715,0.390975956077244,0.285840477782073,0.62,0,NA,NA,31.5826732298372,8.45844573314162,270.007273759939,95.5340390208607,1.48248012116623,0.65636926515895,NA,NA,NA,NA,NA,NA,NA,NA,NA,NA,NA,NA,NA,NA,NA,NA,NA,NA,NA,NA,NA,NA,NA,NA,NA,NA,NA,NA,NA,NA,NA,NA,2014,1992-05-03,NA,NA,NA,NA
"Boston Scott","PHI","RB","13814","weighted",NA,NA,NA,NA,NA,NA,319.427519878834,94.7605678759746,3.51693995496124,1.83712161905301,0.296883756152972,0.139145664583048,NA,NA,NA,NA,12.0904354411208,5.5514896733757,83.0829534267323,35.233315321946,0.19402937483808,0.313450059924178,NA,NA,NA,NA,NA,NA,NA,NA,NA,NA,NA,NA,NA,NA,NA,NA,NA,NA,NA,NA,NA,NA,NA,NA,NA,NA,NA,NA,NA,NA,NA,NA,2018,1995-04-27,NA,NA,NA,NA
"Mike Davis","BAL","RB","12164","weighted",NA,NA,NA,NA,NA,NA,324.541989619377,128.805715315645,2.08185042466184,0.98953516700463,0.690795847750865,0.152403085242607,0.52,1.19984214920832e-16,NA,NA,17.8706358131488,11.6560795631844,121.962214532872,81.3776833713945,0.535956668763762,0.499787318522872,NA,NA,NA,NA,NA,NA,NA,NA,NA,NA,NA,NA,NA,NA,NA,NA,NA,NA,NA,NA,NA,NA,NA,NA,NA,NA,NA,NA,NA,NA,NA,NA,2015,1993-02-19,NA,NA,NA,NA
"Nyheim Hines","IND","RB","13622","weighted",NA,NA,NA,NA,NA,NA,293.428156001515,92.1656564962679,1.86617569102613,0.624274105893392,1.57136185788212,0.619812844628641,NA,NA,0.5,0,46.5381749337372,7.91785948325755,362.717008708822,53.1319859352546,1.63559636501325,0.527633710553553,NA,NA,NA,NA,NA,NA,NA,NA,NA,NA,NA,NA,NA,NA,NA,NA,NA,NA,NA,NA,NA,NA,NA,NA,NA,NA,NA,NA,NA,NA,NA,NA,2018,1996-11-12,NA,NA,NA,NA
"Kenyan Drake","FA","RB","12630","weighted",NA,NA,NA,NA,NA,NA,229.82180699163,116.110774766022,1.50596750369276,0.82746452524754,0.355196947316593,0.342561211401482,0.57,0,NA,NA,19.0820285573609,7.67386824795229,142.242885278188,60.670833004105,0.631260462826194,0.508517383298573,NA,NA,NA,NA,NA,NA,NA,NA,NA,NA,NA,NA,NA,NA,NA,NA,NA,NA,NA,NA,NA,NA,NA,NA,NA,NA,NA,NA,NA,NA,NA,NA,2016,NA,NA,NA,NA,NA
"Dontrell Hilliard","TEN","RB","13871","weighted",NA,NA,NA,NA,NA,NA,292.20425596365,105.542161650654,1.63008054800179,0.585140992545409,0.847441310109807,0.524343600618128,NA,NA,0.09,1.48421489510684e-17,28.1421052631579,6.89318221570419,184.284835289663,44.6420681257494,0.656689614815325,0.456773117578014,NA,NA,NA,NA,NA,NA,NA,NA,NA,NA,NA,NA,NA,NA,NA,NA,NA,NA,NA,NA,NA,NA,NA,NA,NA,NA,NA,NA,NA,NA,NA,NA,2018,1970-01-01,NA,NA,NA,NA
"Samaje Perine","CIN","RB","13133","weighted",NA,NA,NA,NA,NA,NA,248.707504237288,104.468698264315,1.50274152542373,0.853444780459085,0.364,0.312103273183284,NA,NA,NA,NA,20.1955593220339,6.82142709072922,147.90356779661,49.4058675947371,0.811292372881356,0.579102896023633,NA,NA,NA,NA,NA,NA,NA,NA,NA,NA,NA,NA,NA,NA,NA,NA,NA,NA,NA,NA,NA,NA,NA,NA,NA,NA,NA,NA,NA,NA,NA,NA,2017,1995-09-16,NA,NA,NA,NA
"Chuba Hubbard","CAR","RB","15261","weighted",NA,NA,NA,NA,NA,NA,270.299541840212,116.487571762198,2.05494086982556,1.19269612471502,0.617175312381674,0.190714044558183,0.04,0,NA,NA,15.9855092767891,4.18692719516747,115.420632336236,31.8347125803756,0.624415434604581,0.396200168668751,NA,NA,NA,NA,NA,NA,NA,NA,NA,NA,NA,NA,NA,NA,NA,NA,NA,NA,NA,NA,NA,NA,NA,NA,NA,NA,NA,NA,NA,NA,NA,NA,2021,1999-06-11,NA,NA,NA,NA
"Ke'Shawn Vaughn","TB","RB","14810","weighted",NA,NA,NA,NA,NA,NA,236.256021664205,126.015696326542,2.14223535204333,1.08338173540381,0.750812407680945,0.123304835286223,NA,NA,NA,NA,8.48322993599212,6.20380914168312,53.6471393402265,42.0028490654325,0.25834564254062,0.386646175769231,NA,NA,NA,NA,NA,NA,NA,NA,NA,NA,NA,NA,NA,NA,NA,NA,NA,NA,NA,NA,NA,NA,NA,NA,NA,NA,NA,NA,NA,NA,NA,NA,2020,1970-01-01,NA,NA,NA,NA
"Matt Breida","NYG","RB","13378","weighted",NA,NA,NA,NA,NA,NA,311.347261083744,108.012301317818,1.44285714285714,0.662933691609763,1.83053940886699,1.12871617112938,NA,NA,NA,NA,15.5465369458128,7.5275273817391,116.279743842365,43.7164963179005,0.763443349753694,0.723217087195959,NA,NA,NA,NA,NA,NA,NA,NA,NA,NA,NA,NA,NA,NA,NA,NA,NA,NA,NA,NA,NA,NA,NA,NA,NA,NA,NA,NA,NA,NA,NA,NA,2017,1995-02-28,NA,NA,NA,NA
"Eno Benjamin","ARI","RB","14801","weighted",NA,NA,NA,NA,NA,NA,300.594623421855,79.5389406677559,1.87422289943404,1.01458527130824,0.284745319982586,0.0120084319757182,0.04,0,NA,NA,18.4913452329125,7.75583069978298,144.890274270788,57.9862033807609,0.484109708315194,0.502143064047367,NA,NA,NA,NA,NA,NA,NA,NA,NA,NA,NA,NA,NA,NA,NA,NA,NA,NA,NA,NA,NA,NA,NA,NA,NA,NA,NA,NA,NA,NA,NA,NA,2020,1970-01-01,NA,NA,NA,NA
"D'Ernest Johnson","CLE","RB","14331","weighted",NA,NA,NA,NA,NA,NA,275.777114729269,127.152921481973,1.66350035760865,0.613189036129893,0.029529534267323,0.0189279378192068,NA,NA,NA,NA,11.6159825823552,6.21515447202052,88.9492957213177,51.3265932606069,0.212656401194834,0.331428341518535,NA,NA,NA,NA,NA,NA,NA,NA,NA,NA,NA,NA,NA,NA,NA,NA,NA,NA,NA,NA,NA,NA,NA,NA,NA,NA,NA,NA,NA,NA,NA,NA,2019,NA,NA,NA,NA,NA
"Joshua Kelley","LAC","RB","14807","weighted",NA,NA,NA,NA,NA,NA,244.945593303791,110.888930519638,1.49818808468735,0.921747917491485,0.91908747743312,0.634938110555343,NA,NA,NA,NA,9.69902511078286,7.41182622884689,64.9451107828656,46.3623196314061,0.0301230920728705,0.0760456993566785,NA,NA,NA,NA,NA,NA,NA,NA,NA,NA,NA,NA,NA,NA,NA,NA,NA,NA,NA,NA,NA,NA,NA,NA,NA,NA,NA,NA,NA,NA,NA,NA,2020,1970-01-01,NA,NA,NA,NA
"Marlon Mack","FA","RB","13234","weighted",NA,NA,NA,NA,NA,NA,357.855973813421,28.9913780286485,2.24528096017458,0.377123616632825,NA,NA,NA,NA,NA,NA,9.83960720130933,2.82842712474619,64.0589198036007,7.77817459305202,0.214620840152755,0.329983164553722,NA,NA,NA,NA,NA,NA,NA,NA,NA,NA,NA,NA,NA,NA,NA,NA,NA,NA,NA,NA,NA,NA,NA,NA,NA,NA,NA,NA,NA,NA,NA,NA,2017,NA,NA,NA,NA,NA
"Craig Reynolds","DET","RB","14727","weighted",NA,NA,NA,NA,NA,NA,209.208975369458,114.40912273536,0.828709359605911,0.617237939876574,0.480283251231527,0.269600171340403,0.05,7.60367469638381e-18,NA,NA,10.7318522167488,6.79141892833067,80.280315270936,52.607340232574,0.270975369458128,0.402487864486712,NA,NA,NA,NA,NA,NA,NA,NA,NA,NA,NA,NA,NA,NA,NA,NA,NA,NA,NA,NA,NA,NA,NA,NA,NA,NA,NA,NA,NA,NA,NA,NA,2019,1970-01-01,NA,NA,NA,NA
"J.D. McKissic","WAS","RB","13108","weighted",NA,NA,NA,NA,NA,NA,261.489658304498,49.1946008212896,1.96502175166742,0.869584530524365,0.327556228373702,0.333595067769758,NA,NA,NA,NA,48.454312283737,7.08393284863394,395.610233564014,62.5029136347237,2.04416077428414,0.448729448952591,NA,NA,NA,NA,NA,NA,NA,NA,NA,NA,NA,NA,NA,NA,NA,NA,NA,NA,NA,NA,NA,NA,NA,NA,NA,NA,NA,NA,NA,NA,NA,NA,2016,1993-10-15,NA,NA,NA,NA
"Phillip Lindsay","FA","RB","13614","weighted",NA,NA,NA,NA,NA,NA,317.39033383915,41.6273762084521,1.29455235204856,0.417193000900063,0.277511380880121,0.0106066017177982,0.02,0,NA,NA,7.91468892261002,4.36991990773286,57.3413960546282,29.2600786054993,0.094855842185129,0.134350288425444,NA,NA,NA,NA,NA,NA,NA,NA,NA,NA,NA,NA,NA,NA,NA,NA,NA,NA,NA,NA,NA,NA,NA,NA,NA,NA,NA,NA,NA,NA,NA,NA,2018,1994-07-24,NA,NA,NA,NA
"Keaontay Ingram","ARI","RB","15734","weighted",NA,NA,NA,NA,NA,NA,254.965445026178,108.003002231377,1.39932685115931,0.758811672258406,0.0319895287958115,0.0294506686819803,NA,NA,NA,NA,16.8335078534031,12.9823555778344,124.902617801047,94.8077286447506,0.828945400149589,0.825394629713749,NA,NA,NA,NA,NA,NA,NA,NA,NA,NA,NA,NA,NA,NA,NA,NA,NA,NA,NA,NA,NA,NA,NA,NA,NA,NA,NA,NA,NA,NA,NA,NA,2022,1999-10-26,NA,NA,NA,NA
"Ty Johnson","NYJ","RB","14095","weighted",NA,NA,NA,NA,NA,NA,182.724050091631,120.240528985897,1.22914477703115,0.774969168997392,0.411960904092853,0.0495171185327604,NA,NA,0.01,1.93949844402667e-18,17.419242516799,10.6770039017505,157.006780696396,108.880670707095,0.723139890042761,0.536991522217022,NA,NA,NA,NA,NA,NA,NA,NA,NA,NA,NA,NA,NA,NA,NA,NA,NA,NA,NA,NA,NA,NA,NA,NA,NA,NA,NA,NA,NA,NA,NA,NA,2019,1997-09-17,NA,NA,NA,NA
"Duke Johnson","FA","RB","12157","weighted",NA,NA,NA,NA,NA,NA,309,NA,2,NA,0,NA,NA,NA,NA,NA,14,NA,115,NA,1,NA,NA,NA,NA,NA,NA,NA,NA,NA,NA,NA,NA,NA,NA,NA,NA,NA,NA,NA,NA,NA,NA,NA,NA,NA,NA,NA,NA,NA,NA,NA,NA,NA,2015,1993-09-23,NA,NA,NA,NA
"Jaylen Warren","PIT","RB","15742","weighted",NA,NA,NA,NA,NA,NA,173.446928104575,84.9741747595119,1.37850015510842,0.898602761391233,0.406140020110608,0.330535690466205,0.05,0,NA,NA,9.50521870286576,8.11610309126628,65.9255153343389,56.907876030591,0.2705647016035,0.547028678116001,NA,NA,NA,NA,NA,NA,NA,NA,NA,NA,NA,NA,NA,NA,NA,NA,NA,NA,NA,NA,NA,NA,NA,NA,NA,NA,NA,NA,NA,NA,NA,NA,2022,1998-11-01,NA,NA,NA,NA
"Antonio Williams","NYG","RB","15220","weighted",NA,NA,NA,NA,NA,NA,174.92273,102.305764205848,1.10399,1.14957241733018,0.10857,0.189921891482103,0.05,0,NA,NA,5.60548,4.47280749755562,40.06311,40.1945593845276,0.40307,0.401885362034564,NA,NA,NA,NA,NA,NA,NA,NA,NA,NA,NA,NA,NA,NA,NA,NA,NA,NA,NA,NA,NA,NA,NA,NA,NA,NA,NA,NA,NA,NA,NA,NA,2020,1970-01-01,NA,NA,NA,NA
"Brandon Bolden","LVR","RB","10932","weighted",NA,NA,NA,NA,NA,NA,128.031650246305,89.8666758446064,0.624605911330049,0.453921208283714,0.346549261083744,0.346658256188382,0.74,1.21658795142141e-16,NA,NA,19.0271625615764,12.8010752507556,166.148556650246,121.359335699701,0.435891625615764,0.488649664135976,NA,NA,NA,NA,NA,NA,NA,NA,NA,NA,NA,NA,NA,NA,NA,NA,NA,NA,NA,NA,NA,NA,NA,NA,NA,NA,NA,NA,NA,NA,NA,NA,2012,1990-01-26,NA,NA,NA,NA
"Justin Jackson","DET","RB","13620","weighted",NA,NA,NA,NA,NA,NA,193.10254841998,104.54346649839,1.20172273190622,0.851428435900221,0.3,0,NA,NA,NA,NA,13.8737818552497,4.98278590454659,111.329347604485,41.8066392336522,0.359847094801223,0.377307764536418,NA,NA,NA,NA,NA,NA,NA,NA,NA,NA,NA,NA,NA,NA,NA,NA,NA,NA,NA,NA,NA,NA,NA,NA,NA,NA,NA,NA,NA,NA,NA,NA,2018,1995-04-22,NA,NA,NA,NA
"Qadree Ollison","FA","RB","14097","weighted",NA,NA,NA,NA,NA,NA,157.865913978495,161.234488246157,1.45688172043011,1.56270598642227,0.63010752688172,0.014142135623731,0.03,4.90682260574464e-18,NA,NA,8.82827956989247,1.74655374953077,56.7312903225806,6.74579869251967,0.340215053763441,0.0282842712474619,NA,NA,NA,NA,NA,NA,NA,NA,NA,NA,NA,NA,NA,NA,NA,NA,NA,NA,NA,NA,NA,NA,NA,NA,NA,NA,NA,NA,NA,NA,NA,NA,2019,1970-01-01,NA,NA,NA,NA
"Dare Ogunbowale","HOU","RB","13148","weighted",NA,NA,NA,NA,NA,NA,170.61856924254,98.314787841956,1.30081101759755,0.781069850775102,0.229043611323642,0.122250479067859,NA,NA,NA,NA,13.6994873756695,6.05289847953002,107.889693955624,54.5547553050369,0.345371078806427,0.300882936843407,NA,NA,NA,NA,NA,NA,NA,NA,NA,NA,NA,NA,NA,NA,NA,NA,NA,NA,NA,NA,NA,NA,NA,NA,NA,NA,NA,NA,NA,NA,NA,NA,2017,NA,NA,NA,NA,NA
"Ameer Abdullah","LVR","RB","12155","weighted",NA,NA,NA,NA,NA,NA,180.16893220339,60.434076121144,0.784283898305085,0.548435056690788,0.616745762711864,0.661364147415658,NA,NA,NA,NA,34.2878389830508,7.1979028138864,258.374995762712,58.7343784541151,1.30321186440678,0.571147531952553,NA,NA,NA,NA,NA,NA,NA,NA,NA,NA,NA,NA,NA,NA,NA,NA,NA,NA,NA,NA,NA,NA,NA,NA,NA,NA,NA,NA,NA,NA,NA,NA,2015,1993-06-13,NA,NA,NA,NA
"Benny Snell","PIT","RB","14072","weighted",NA,NA,NA,NA,NA,NA,190.031684729064,58.2840440048681,1.26510837438424,0.447792815239879,0.41701724137931,0.324029123278371,NA,NA,NA,NA,5.52911330049261,2.67240954265434,38.3183399014778,19.2592102212067,0.0976896551724138,0.157308564986495,NA,NA,NA,NA,NA,NA,NA,NA,NA,NA,NA,NA,NA,NA,NA,NA,NA,NA,NA,NA,NA,NA,NA,NA,NA,NA,NA,NA,NA,NA,NA,NA,2019,1970-01-01,NA,NA,NA,NA
"Giovani Bernard","TB","RB","11193","weighted",NA,NA,NA,NA,NA,NA,116.956092389246,56.7667702738715,0.920801852445169,0.490065537212593,0.117840780007573,0.0967638387353448,NA,NA,NA,NA,16.3722340022719,8.60694374675027,109.029042029534,53.8151585297094,1.21173885183351,0.974576293611855,NA,NA,NA,NA,NA,NA,NA,NA,NA,NA,NA,NA,NA,NA,NA,NA,NA,NA,NA,NA,NA,NA,NA,NA,NA,NA,NA,NA,NA,NA,NA,NA,2013,1991-11-22,NA,NA,NA,NA
"Jonathan Williams","WAS","RB","12635","weighted",NA,NA,NA,NA,NA,NA,144.401809815951,119.002274069548,0.851503067484663,0.671514722233154,0.642972051806408,0.26265449159372,0.02,0,NA,NA,7.17346625766871,5.40608100445829,48.3771267893661,36.297600776086,0.117453987730061,0.169086867810474,NA,NA,NA,NA,NA,NA,NA,NA,NA,NA,NA,NA,NA,NA,NA,NA,NA,NA,NA,NA,NA,NA,NA,NA,NA,NA,NA,NA,NA,NA,NA,NA,2016,1994-02-02,NA,NA,NA,NA
"J.J. Taylor","FA","RB","14827","weighted",NA,NA,NA,NA,NA,NA,235.9,NA,1.96,NA,0.22,NA,0.03,NA,0.26,NA,7.77,NA,57.23,NA,0.28,NA,NA,NA,NA,NA,NA,NA,NA,NA,NA,NA,NA,NA,NA,NA,NA,NA,NA,NA,NA,NA,NA,NA,NA,NA,NA,NA,NA,NA,NA,NA,NA,NA,2020,1970-01-01,NA,NA,NA,NA
"Kyren Williams","LAR","RB","15710","weighted",NA,NA,NA,NA,NA,NA,119.959449275362,95.3143049699462,1.02736231884058,1.01560344404284,0.165191626409018,0.156381640406625,0.05,8.50872277929834e-18,NA,NA,6.46311111111111,4.16937014003245,51.283806763285,34.3724342428113,0.133507246376812,0.239818878223632,NA,NA,NA,NA,NA,NA,NA,NA,NA,NA,NA,NA,NA,NA,NA,NA,NA,NA,NA,NA,NA,NA,NA,NA,NA,NA,NA,NA,NA,NA,NA,NA,2022,2000-08-26,NA,NA,NA,NA
"Travis Homer","SEA","RB","14083","weighted",NA,NA,NA,NA,NA,NA,131.034684729064,75.444263981457,0.673881773399015,0.437639841295272,0.0329088669950739,0.0274523996019898,0.01,0,NA,NA,11.0801477832512,4.85388019022096,102.84560591133,56.0509451471939,0.318940886699507,0.431457268431808,NA,NA,NA,NA,NA,NA,NA,NA,NA,NA,NA,NA,NA,NA,NA,NA,NA,NA,NA,NA,NA,NA,NA,NA,NA,NA,NA,NA,NA,NA,NA,NA,2019,1998-08-07,NA,NA,NA,NA
"Patrick Taylor","FA","RB","14817","weighted",NA,NA,NA,NA,NA,NA,225.58,NA,1.93,NA,0.25,NA,0.05,NA,NA,NA,6.03,NA,40.78,NA,0.28,NA,NA,NA,NA,NA,NA,NA,NA,NA,NA,NA,NA,NA,NA,NA,NA,NA,NA,NA,NA,NA,NA,NA,NA,NA,NA,NA,NA,NA,NA,NA,NA,NA,2020,1998-04-29,NA,NA,NA,NA
"Snoop Conner","JAC","RB","15725","weighted",NA,NA,NA,NA,NA,NA,117.045329912023,84.0248747831994,0.994230205278592,0.789342118150803,0.154728739002933,0.116651306349108,0.05,0,NA,NA,5.74537390029325,3.85808443233472,40.4293988269795,26.0892445532774,0.0771847507331378,0.158187929711044,NA,NA,NA,NA,NA,NA,NA,NA,NA,NA,NA,NA,NA,NA,NA,NA,NA,NA,NA,NA,NA,NA,NA,NA,NA,NA,NA,NA,NA,NA,NA,NA,2022,1999-12-16,NA,NA,NA,NA
"Deon Jackson","IND","RB","15277","weighted",NA,NA,NA,NA,NA,NA,121.256111951588,73.6114094479507,1.17692889561271,0.660884052112626,0.197428139183056,0.16452000269427,NA,NA,NA,NA,4.32279878971256,2.58362778357701,31.6961724659607,19.713007118583,0.085249621785174,0.173491603791223,NA,NA,NA,NA,NA,NA,NA,NA,NA,NA,NA,NA,NA,NA,NA,NA,NA,NA,NA,NA,NA,NA,NA,NA,NA,NA,NA,NA,NA,NA,NA,NA,2021,1970-01-01,NA,NA,NA,NA
"Trey Sermon","SF","RB","15257","weighted",NA,NA,NA,NA,NA,NA,154.045156092649,60.9525075367095,0.830372608257805,0.162532072154299,0.142027526015441,0.151178408877197,NA,NA,NA,NA,5.4231218529708,3.95867375705261,46.4788318227593,34.8838244626645,0.116737160120846,0.206431497527657,NA,NA,NA,NA,NA,NA,NA,NA,NA,NA,NA,NA,NA,NA,NA,NA,NA,NA,NA,NA,NA,NA,NA,NA,NA,NA,NA,NA,NA,NA,NA,NA,2021,1970-01-01,NA,NA,NA,NA
"Salvon Ahmed","MIA","RB","14811","weighted",NA,NA,NA,NA,NA,NA,189,NA,0.3,NA,0,NA,NA,NA,NA,NA,16.8,NA,152,NA,0,NA,NA,NA,NA,NA,NA,NA,NA,NA,NA,NA,NA,NA,NA,NA,NA,NA,NA,NA,NA,NA,NA,NA,NA,NA,NA,NA,NA,NA,NA,NA,NA,NA,2020,1998-12-29,"Q","Heel",2022,0
"Julius Chestnut",NA,"RB","15965","weighted",NA,NA,NA,NA,NA,NA,96.3561847988077,131.521861300698,0.512667660208644,0.707106781186547,0,0,NA,NA,NA,NA,2.87913561847988,1.62634559672906,18.4053651266766,22.6274169979695,0,0,NA,NA,NA,NA,NA,NA,NA,NA,NA,NA,NA,NA,NA,NA,NA,NA,NA,NA,NA,NA,NA,NA,NA,NA,NA,NA,NA,NA,NA,NA,NA,NA,2022,2000-10-26,NA,NA,NA,NA
"Anthony McFarland","PIT","RB","14804","weighted",NA,NA,NA,NA,NA,NA,182.66,NA,1.03,NA,0.18,NA,0.03,NA,NA,NA,10.27,NA,72.33,NA,0.46,NA,NA,NA,NA,NA,NA,NA,NA,NA,NA,NA,NA,NA,NA,NA,NA,NA,NA,NA,NA,NA,NA,NA,NA,NA,NA,NA,NA,NA,NA,NA,NA,NA,2020,1970-01-01,NA,NA,NA,NA
"Chris Evans","CIN","RB","15275","weighted",NA,NA,NA,NA,NA,NA,101.851653823355,54.5138305078963,0.455530527563723,0.506692094079085,0.159691760521636,0.0221087047308769,NA,NA,NA,NA,15.4427504445762,5.87159831882348,117.817723770006,45.4804672000852,0.751404860699466,0.367742783379495,NA,NA,NA,NA,NA,NA,NA,NA,NA,NA,NA,NA,NA,NA,NA,NA,NA,NA,NA,NA,NA,NA,NA,NA,NA,NA,NA,NA,NA,NA,NA,NA,2021,1970-01-01,NA,NA,NA,NA
"Jerome Ford","CLE","RB","15713","weighted",NA,NA,NA,NA,NA,NA,90.3368107302533,102.530483272049,0.512667660208644,0.707106781186547,0,0,NA,NA,NA,NA,2.29433681073025,2.47487373415292,18.9433681073025,24.7487373415292,0,0,NA,NA,NA,NA,NA,NA,NA,NA,NA,NA,NA,NA,NA,NA,NA,NA,NA,NA,NA,NA,NA,NA,NA,NA,NA,NA,NA,NA,NA,NA,NA,NA,2022,1999-09-12,NA,NA,NA,NA
"Tony Jones","NO","RB","14828","weighted",NA,NA,NA,NA,NA,NA,119.114435797665,46.9735430726147,0.497101167315175,0.511930943687727,0.0340953307392996,0.0285608055453149,NA,NA,NA,NA,5.40682879377432,1.86174572738362,37.9507392996109,9.34967666003731,0.212295719844358,0.255821060314493,NA,NA,NA,NA,NA,NA,NA,NA,NA,NA,NA,NA,NA,NA,NA,NA,NA,NA,NA,NA,NA,NA,NA,NA,NA,NA,NA,NA,NA,NA,NA,NA,2020,NA,NA,NA,NA,NA
"Jordan Mason",NA,"RB","15972","weighted",NA,NA,NA,NA,NA,NA,103.931445603577,79.9030662740799,0.512667660208644,0.707106781186547,0.243666169895678,0.353553390593274,NA,NA,NA,NA,3.58479880774963,0.848528137423857,25.6900149031297,10.6066017177982,0,0,NA,NA,NA,NA,NA,NA,NA,NA,NA,NA,NA,NA,NA,NA,NA,NA,NA,NA,NA,NA,NA,NA,NA,NA,NA,NA,NA,NA,NA,NA,NA,NA,2022,1999-05-24,NA,NA,NA,NA
"DeeJay Dallas","SEA","RB","14815","weighted",NA,NA,NA,NA,NA,NA,106.852241905925,43.38784533241,1.20618814905315,0.627393474895976,0.0720097739767868,0.0406379469958151,0.02,3.87899688805333e-18,0.12,0,15.8753940134392,8.04373515418043,106.175076359194,51.6631064549646,0.115839951130116,0.180452812349043,NA,NA,NA,NA,NA,NA,NA,NA,NA,NA,NA,NA,NA,NA,NA,NA,NA,NA,NA,NA,NA,NA,NA,NA,NA,NA,NA,NA,NA,NA,NA,NA,2020,1998-09-16,NA,NA,NA,NA
"Trestan Ebner","CHI","RB","15748","weighted",NA,NA,NA,NA,NA,NA,79.3876676829268,89.3712260741677,0.526600609756098,0.742462120245875,0.0702134146341463,0.0989949493661167,0.05,0,NA,NA,7.87407012195122,8.84590583264371,57.7132621951219,75.7311362650792,0.240731707317073,0.339411254969543,NA,NA,NA,NA,NA,NA,NA,NA,NA,NA,NA,NA,NA,NA,NA,NA,NA,NA,NA,NA,NA,NA,NA,NA,NA,NA,NA,NA,NA,NA,NA,NA,2022,1999-01-02,NA,NA,NA,NA
"Rico Dowdle","DAL","RB","14823","weighted",NA,NA,NA,NA,NA,NA,104.359,51.4823041370389,0.8038,0.344774023244095,0.0109666666666667,0.0191840294426367,NA,NA,NA,NA,4.1238,4.38090871413008,33.032,31.7980556501946,0,0,NA,NA,NA,NA,NA,NA,NA,NA,NA,NA,NA,NA,NA,NA,NA,NA,NA,NA,NA,NA,NA,NA,NA,NA,NA,NA,NA,NA,NA,NA,NA,NA,2020,1998-06-14,NA,NA,NA,NA
"Ty Chandler","MIN","RB","15723","weighted",NA,NA,NA,NA,NA,NA,74.6214605067064,90.5096679918781,0.512667660208644,0.707106781186547,0,0,NA,NA,NA,NA,2.4892697466468,2.1920310216783,22.4560357675112,25.4558441227157,0,0,NA,NA,NA,NA,NA,NA,NA,NA,NA,NA,NA,NA,NA,NA,NA,NA,NA,NA,NA,NA,NA,NA,NA,NA,NA,NA,NA,NA,NA,NA,NA,NA,2022,1998-05-12,NA,NA,NA,NA
"Gary Brightwell","NYG","RB","15462","weighted",NA,NA,NA,NA,NA,NA,72.4144878408254,63.5041583768406,0.56207811348563,0.532908833631963,0.0379513633014001,0.0247108453962253,NA,NA,NA,NA,5.1236109064112,2.42506646763108,37.5793809874724,16.6949991727597,0.0403389830508475,0.0835741835605839,NA,NA,NA,NA,NA,NA,NA,NA,NA,NA,NA,NA,NA,NA,NA,NA,NA,NA,NA,NA,NA,NA,NA,NA,NA,NA,NA,NA,NA,NA,NA,NA,2021,1998-02-28,NA,NA,NA,NA
"Michael Burton","KC","RB","12325","weighted",NA,NA,NA,NA,NA,NA,73.1260400616333,78.2060099992322,0.840123266563945,0.940452018978108,0,0,NA,NA,NA,NA,6.9297688751926,0.0424264068711926,64.8548228043143,20.1596143316285,0.198459167950693,0.282842712474619,NA,NA,NA,NA,NA,NA,NA,NA,NA,NA,NA,NA,NA,NA,NA,NA,NA,NA,NA,NA,NA,NA,NA,NA,NA,NA,NA,NA,NA,NA,NA,NA,2015,1992-02-01,NA,NA,NA,NA
"Dwayne Washington","NO","RB","12845","weighted",NA,NA,NA,NA,NA,NA,53.6192024539877,62.2626972246536,0.392372188139059,0.536611373700646,0.0332822085889571,0.0288901637809316,NA,NA,NA,NA,3.86149284253579,2.10792753835874,27.0588139059305,15.4522502156971,0.0559713701431493,0.0978462995840866,NA,NA,NA,NA,NA,NA,NA,NA,NA,NA,NA,NA,NA,NA,NA,NA,NA,NA,NA,NA,NA,NA,NA,NA,NA,NA,NA,NA,NA,NA,NA,NA,2016,NA,"O","Hamstring",2022,0
"Ty Montgomery","NE","RB","12261","weighted",NA,NA,NA,NA,NA,NA,99.6492753623188,18.0497757897887,0.349468599033816,0.5468869235398,0.0684057971014493,0.05700648750532,NA,NA,NA,NA,15.1023188405797,9.20178114709111,113.525603864734,73.8614505555256,0.317874396135266,0.570997329103885,NA,NA,NA,NA,NA,NA,NA,NA,NA,NA,NA,NA,NA,NA,NA,NA,NA,NA,NA,NA,NA,NA,NA,NA,NA,NA,NA,NA,NA,NA,NA,NA,2015,1993-01-22,"Q","Knee",2022,0
"Jermar Jefferson","DET","RB","15262","weighted",NA,NA,NA,NA,NA,NA,18.07,NA,0.17,NA,0,NA,NA,NA,NA,NA,4.07,NA,29.92,NA,0.17,NA,NA,NA,NA,NA,NA,NA,NA,NA,NA,NA,NA,NA,NA,NA,NA,NA,NA,NA,NA,NA,NA,NA,NA,NA,NA,NA,NA,NA,NA,NA,NA,NA,2021,1970-01-01,NA,NA,NA,NA
"Darrynton Evans","FA","RB","14808","weighted",NA,NA,NA,NA,NA,NA,19.63,NA,0.17,NA,0,NA,NA,NA,NA,NA,3.57,NA,28.14,NA,0.17,NA,NA,NA,NA,NA,NA,NA,NA,NA,NA,NA,NA,NA,NA,NA,NA,NA,NA,NA,NA,NA,NA,NA,NA,NA,NA,NA,NA,NA,NA,NA,NA,NA,2020,1970-01-01,NA,NA,NA,NA
"Kene Nwangwu","MIN","RB","15414","weighted",NA,NA,NA,NA,NA,NA,64.3653578732106,24.7632090241242,0.398957055214724,0.53262672113227,0.0332822085889571,0.0288901637809316,NA,NA,NA,NA,8.30507157464213,7.20165736282591,50.8755010224949,35.706282546772,0.0592638036809816,0.103601964265503,NA,NA,NA,NA,NA,NA,NA,NA,NA,NA,NA,NA,NA,NA,NA,NA,NA,NA,NA,NA,NA,NA,NA,NA,NA,NA,NA,NA,NA,NA,NA,NA,2021,1998-02-09,NA,NA,NA,NA
"Trayveon Williams","CIN","RB","14076","weighted",NA,NA,NA,NA,NA,NA,51.0212942989214,21.3475537240219,0.0843451463790447,0.120208152801713,0.124036979969183,0.176776695296637,NA,NA,NA,NA,3.77553158705701,0.820243866176395,26.8280431432974,4.03050865276332,0.0843451463790447,0.120208152801713,NA,NA,NA,NA,NA,NA,NA,NA,NA,NA,NA,NA,NA,NA,NA,NA,NA,NA,NA,NA,NA,NA,NA,NA,NA,NA,NA,NA,NA,NA,NA,NA,2019,1970-01-01,NA,NA,NA,NA
"Trayveon Williams","CIN","RB","14076","weighted",NA,NA,NA,NA,NA,NA,51.0212942989214,21.3475537240219,0.0843451463790447,0.120208152801713,0.124036979969183,0.176776695296637,NA,NA,NA,NA,3.77553158705701,0.820243866176395,26.8280431432974,4.03050865276332,0.0843451463790447,0.120208152801713,NA,NA,NA,NA,NA,NA,NA,NA,NA,NA,NA,NA,NA,NA,NA,NA,NA,NA,NA,NA,NA,NA,NA,NA,NA,NA,NA,NA,NA,NA,NA,NA,2019,1970-01-01,NA,NA,NA,NA
"Zander Horvath","LAC","RB","15960","weighted",NA,NA,NA,NA,NA,NA,71,NA,1,NA,0,NA,NA,NA,NA,NA,13,NA,99,NA,1,NA,NA,NA,NA,NA,NA,NA,NA,NA,NA,NA,NA,NA,NA,NA,NA,NA,NA,NA,NA,NA,NA,NA,NA,NA,NA,NA,NA,NA,NA,NA,NA,NA,2022,1998-12-10,NA,NA,NA,NA
"Kyle Juszczyk","SF","RB","11367","weighted",NA,NA,NA,NA,NA,NA,40.1274347612014,12.69733327657,0.744224519940916,0.404474374496822,0.0446413917610373,0.0343606638080256,NA,NA,NA,NA,24.9112456917774,8.85285538402047,213.862018709995,66.5124482307032,1.15231905465288,0.71683593157077,NA,NA,NA,NA,NA,NA,NA,NA,NA,NA,NA,NA,NA,NA,NA,NA,NA,NA,NA,NA,NA,NA,NA,NA,NA,NA,NA,NA,NA,NA,NA,NA,2013,1991-04-23,NA,NA,NA,NA
"Mike Boone","DEN","RB","13868","weighted",NA,NA,NA,NA,NA,NA,39.3723882896764,27.9731442637398,0.336271186440678,0.233345237791561,0.0248073959938367,0.0353553390593274,NA,NA,NA,NA,3.05448382126348,1.93040151263927,25.2713097072419,8.93782971419796,0.0843451463790447,0.120208152801713,NA,NA,NA,NA,NA,NA,NA,NA,NA,NA,NA,NA,NA,NA,NA,NA,NA,NA,NA,NA,NA,NA,NA,NA,NA,NA,NA,NA,NA,NA,NA,NA,2018,1970-01-01,NA,NA,NA,NA
"Demetric Felton","CLE","RB","15270","weighted",NA,NA,NA,NA,NA,NA,33.99119,17.9700693399998,0.1968,0.174563834702059,0.35716,0.570551499528768,0.03,0,0.1,0,16.02105,2.30668857599077,145.78229,28.3185917027415,1.23543,0.697658430047842,NA,NA,NA,NA,NA,NA,NA,NA,NA,NA,NA,NA,NA,NA,NA,NA,NA,NA,NA,NA,NA,NA,NA,NA,NA,NA,NA,NA,NA,NA,NA,NA,2021,1970-01-01,NA,NA,NA,NA
"Kylin Hill","GB","RB","15265","weighted",NA,NA,NA,NA,NA,NA,36,NA,0,NA,0,NA,NA,NA,NA,NA,1.4,NA,7,NA,0,NA,NA,NA,NA,NA,NA,NA,NA,NA,NA,NA,NA,NA,NA,NA,NA,NA,NA,NA,NA,NA,NA,NA,NA,NA,NA,NA,NA,NA,NA,NA,NA,NA,2021,1970-01-01,NA,"Knee - ACL",2022,0
"Justice Hill","BAL","RB","14086","weighted",NA,NA,NA,NA,NA,NA,16.8104160246533,5.43058007951268,0.0843451463790447,0.120208152801713,0,0,NA,NA,NA,NA,3.1442218798151,1.06066017177982,21.2261325115562,11.723830432073,0.0843451463790447,0.120208152801713,NA,NA,NA,NA,NA,NA,NA,NA,NA,NA,NA,NA,NA,NA,NA,NA,NA,NA,NA,NA,NA,NA,NA,NA,NA,NA,NA,NA,NA,NA,NA,NA,2019,1997-11-14,NA,NA,NA,NA
"Trenton Cannon","FA","RB","13816","weighted",NA,NA,NA,NA,NA,NA,41.14,NA,0.24,NA,0,NA,NA,NA,NA,NA,7.66,NA,57.42,NA,0.34,NA,NA,NA,NA,NA,NA,NA,NA,NA,NA,NA,NA,NA,NA,NA,NA,NA,NA,NA,NA,NA,NA,NA,NA,NA,NA,NA,NA,NA,NA,NA,NA,NA,2018,NA,NA,NA,NA,NA
"Jake Funk","LAR","RB","15480","weighted",NA,NA,NA,NA,NA,NA,34.71,NA,0.26,NA,0.1,NA,NA,NA,NA,NA,4.35,NA,31.57,NA,0.22,NA,NA,NA,NA,NA,NA,NA,NA,NA,NA,NA,NA,NA,NA,NA,NA,NA,NA,NA,NA,NA,NA,NA,NA,NA,NA,NA,NA,NA,NA,NA,NA,NA,2021,1970-01-01,NA,NA,NA,NA
"C.J. Ham","MIN","RB","12923","weighted",NA,NA,NA,NA,NA,NA,37.0749460708783,2.74357431100381,0.0942681047765794,0.134350288425444,0,0,NA,NA,NA,NA,8.577781201849,6.01747870789752,74.695685670262,58.8666395337801,0.089306625577812,0.127279220613579,NA,NA,NA,NA,NA,NA,NA,NA,NA,NA,NA,NA,NA,NA,NA,NA,NA,NA,NA,NA,NA,NA,NA,NA,NA,NA,NA,NA,NA,NA,NA,NA,2016,1993-07-22,NA,NA,NA,NA
"Giovanni Ricci","CAR","RB","15054","weighted",NA,NA,NA,NA,NA,NA,36.3,NA,0.17,NA,0,NA,NA,NA,NA,NA,3.87,NA,29.94,NA,0.17,NA,NA,NA,NA,NA,NA,NA,NA,NA,NA,NA,NA,NA,NA,NA,NA,NA,NA,NA,NA,NA,NA,NA,NA,NA,NA,NA,NA,NA,NA,NA,NA,NA,2020,1970-01-01,NA,NA,NA,NA
"Jonathan Ward","ARI","RB","15042","weighted",NA,NA,NA,NA,NA,NA,27.277719568567,12.4309372132595,0.0843451463790447,0.120208152801713,0,0,NA,NA,NA,NA,3.53771956856703,1.33643181644257,36.271186440678,3.88908729652601,0.235500770416025,0.0919238815542512,NA,NA,NA,NA,NA,NA,NA,NA,NA,NA,NA,NA,NA,NA,NA,NA,NA,NA,NA,NA,NA,NA,NA,NA,NA,NA,NA,NA,NA,NA,NA,NA,2020,1970-01-01,NA,NA,NA,NA
"Keith Smith","ATL","RB","12040","weighted",NA,NA,NA,NA,NA,NA,28.6363394683027,7.56098620833547,0.0790184049079755,0.138135952354005,0.0332822085889571,0.0288901637809316,NA,NA,NA,NA,6.44044989775051,2.38598121550488,44.0420040899796,16.8807219911787,0.105357873210634,0.184181269805339,NA,NA,NA,NA,NA,NA,NA,NA,NA,NA,NA,NA,NA,NA,NA,NA,NA,NA,NA,NA,NA,NA,NA,NA,NA,NA,NA,NA,NA,NA,NA,NA,2014,1992-04-08,NA,NA,NA,NA
"Adam Prentice","NO","RB","15650","weighted",NA,NA,NA,NA,NA,NA,25,NA,0,NA,0,NA,NA,NA,NA,NA,3.4,NA,16,NA,0,NA,NA,NA,NA,NA,NA,NA,NA,NA,NA,NA,NA,NA,NA,NA,NA,NA,NA,NA,NA,NA,NA,NA,NA,NA,NA,NA,NA,NA,NA,NA,NA,NA,2021,1997-01-16,NA,NA,NA,NA
"JaMycal Hasty","FA","RB","14821","weighted",NA,NA,NA,NA,NA,NA,17.4316486902928,0.615182899632297,0.537812018489985,0.51618795026618,0.0248073959938367,0.0353553390593274,NA,NA,NA,NA,13.0223728813559,12.3672976029527,90.8938983050847,84.2376308427534,0.0843451463790447,0.120208152801713,NA,NA,NA,NA,NA,NA,NA,NA,NA,NA,NA,NA,NA,NA,NA,NA,NA,NA,NA,NA,NA,NA,NA,NA,NA,NA,NA,NA,NA,NA,NA,NA,2020,1970-01-01,NA,NA,NA,NA
"Patrick Ricard","BAL","RB","13455","weighted",NA,NA,NA,NA,NA,NA,9.3592749244713,9.57490933529823,0.0551258811681772,0.0974815404991715,0.454514937898624,0.513725113210082,NA,NA,NA,NA,10.288136958711,9.57810406866331,73.2628801611279,65.1735143211404,0.813836858006042,1.05798040535827,NA,NA,NA,NA,NA,NA,NA,NA,NA,NA,NA,NA,NA,NA,NA,NA,NA,NA,NA,NA,NA,NA,NA,NA,NA,NA,NA,NA,NA,NA,NA,NA,2017,1994-05-27,NA,NA,NA,NA
"Khari Blasingame","CHI","RB","14552","weighted",NA,NA,NA,NA,NA,NA,19.61,NA,0.17,NA,0,NA,NA,NA,NA,NA,3.59,NA,28.72,NA,0.17,NA,NA,NA,NA,NA,NA,NA,NA,NA,NA,NA,NA,NA,NA,NA,NA,NA,NA,NA,NA,NA,NA,NA,NA,NA,NA,NA,NA,NA,NA,NA,NA,NA,2019,1970-01-01,NA,NA,NA,NA
"Andrew Beck","DEN","RB","14319","weighted",NA,NA,NA,NA,NA,NA,18.82,NA,0.17,NA,0,NA,NA,NA,NA,NA,4.43,NA,33.01,NA,0.17,NA,NA,NA,NA,NA,NA,NA,NA,NA,NA,NA,NA,NA,NA,NA,NA,NA,NA,NA,NA,NA,NA,NA,NA,NA,NA,NA,NA,NA,NA,NA,NA,NA,2019,1996-05-15,NA,NA,NA,NA
"Jason Cabinda","DET","RB","13906","weighted",NA,NA,NA,NA,NA,NA,18.05,NA,0.17,NA,0,NA,NA,NA,NA,NA,4.05,NA,29.26,NA,0.17,NA,NA,NA,NA,NA,NA,NA,NA,NA,NA,NA,NA,NA,NA,NA,NA,NA,NA,NA,NA,NA,NA,NA,NA,NA,NA,NA,NA,NA,NA,NA,NA,NA,2018,1970-01-01,NA,"Ankle",2022,0
"Alec Ingold","MIA","RB","14420","weighted",NA,NA,NA,NA,NA,NA,9.45436055469954,12.0490995514188,0.0843451463790447,0.120208152801713,0,0,NA,NA,NA,NA,5.9308782742681,0.756604255869605,55.191155624037,13.979501064058,0.158767334360555,0.226274169979695,NA,NA,NA,NA,NA,NA,NA,NA,NA,NA,NA,NA,NA,NA,NA,NA,NA,NA,NA,NA,NA,NA,NA,NA,NA,NA,NA,NA,NA,NA,NA,NA,2019,1996-07-09,NA,NA,NA,NA
"Mekhi Sargent","JAC","RB","15269","weighted",NA,NA,NA,NA,NA,NA,17.83,NA,0.17,NA,0,NA,NA,NA,NA,NA,4.13,NA,31.74,NA,0.17,NA,NA,NA,NA,NA,NA,NA,NA,NA,NA,NA,NA,NA,NA,NA,NA,NA,NA,NA,NA,NA,NA,NA,NA,NA,NA,NA,NA,NA,NA,NA,NA,NA,2021,1970-01-01,NA,NA,NA,NA
"Derek Watt","PIT","RB","12823","weighted",NA,NA,NA,NA,NA,NA,13.6566101694915,5.21137697734486,0.0843451463790447,0.120208152801713,0,0,NA,NA,NA,NA,3.06440677966102,1.94454364826301,22.4808628659476,16.3624509166567,0.0843451463790447,0.120208152801713,NA,NA,NA,NA,NA,NA,NA,NA,NA,NA,NA,NA,NA,NA,NA,NA,NA,NA,NA,NA,NA,NA,NA,NA,NA,NA,NA,NA,NA,NA,NA,NA,2016,1992-11-07,NA,NA,NA,NA
"Cooper Kupp","LAR","WR","13164","weighted",NA,NA,NA,NA,NA,NA,27.3418714502083,13.1151068219643,0.13865306809072,0.274148600594826,0.613316925407043,0.27213091441538,NA,NA,0.11,0,123.655736463461,9.76140500667648,1592.14114729269,166.129923770288,12.3590723210905,1.45599121461814,NA,NA,NA,NA,NA,NA,NA,NA,NA,NA,NA,NA,NA,NA,NA,NA,NA,NA,NA,NA,NA,NA,NA,NA,NA,NA,NA,NA,NA,NA,NA,NA,2017,1993-06-15,NA,NA,NA,NA
"Justin Jefferson","MIN","WR","14836","weighted",NA,NA,NA,NA,NA,NA,19.9836345134419,12.0425637089311,0.0344684778492995,0.0875526362476411,0.387193297993184,0.309278791977118,NA,NA,NA,NA,103.574733055661,8.22871370772213,1522.51095039758,128.992549557313,9.63901931086709,1.23214143104414,NA,NA,NA,NA,NA,NA,NA,NA,NA,NA,NA,NA,NA,NA,NA,NA,NA,NA,NA,NA,NA,NA,NA,NA,NA,NA,NA,NA,NA,NA,NA,NA,2020,1999-06-16,NA,NA,NA,NA
"Ja'Marr Chase","CIN","WR","15281","weighted",NA,NA,NA,NA,NA,NA,48.3988314085574,21.3541351785183,0.204320266283461,0.34060669976062,0.616116054524801,0.269108439813518,NA,NA,NA,NA,89.5528246876183,6.84441849549078,1419.70647482014,123.377899526031,10.7796137826581,1.99946792104582,NA,NA,NA,NA,NA,NA,NA,NA,NA,NA,NA,NA,NA,NA,NA,NA,NA,NA,NA,NA,NA,NA,NA,NA,NA,NA,NA,NA,NA,NA,NA,NA,2021,2000-03-01,NA,NA,NA,NA
"Davante Adams","LVR","WR","11675","weighted",NA,NA,NA,NA,NA,NA,0.29705035971223,0.415714926397859,0,0,0.726694433926543,0.118363103577224,NA,NA,NA,NA,110.72928057554,14.2280492845784,1352.27002650511,168.536560685098,9.99447179098826,2.13604055774146,NA,NA,NA,NA,NA,NA,NA,NA,NA,NA,NA,NA,NA,NA,NA,NA,NA,NA,NA,NA,NA,NA,NA,NA,NA,NA,NA,NA,NA,NA,NA,NA,2014,1992-12-24,NA,NA,NA,NA
"Stefon Diggs","BUF","WR","12186","weighted",NA,NA,NA,NA,NA,NA,0.423676637637259,0.791971772367007,0.00157570184453941,0.0034566093818886,0.5032184778493,0.269518257986578,NA,NA,NA,NA,104.606558121924,8.89630216175771,1293.58881862931,92.5873076600399,9.52412722453616,1.42752533232581,NA,NA,NA,NA,NA,NA,NA,NA,NA,NA,NA,NA,NA,NA,NA,NA,NA,NA,NA,NA,NA,NA,NA,NA,NA,NA,NA,NA,NA,NA,NA,NA,2015,1993-11-29,NA,NA,NA,NA
"A.J. Brown","PHI","WR","14104","weighted",NA,NA,NA,NA,NA,NA,7.23763834045546,7.06772063040705,0.00945421106723644,0.0207396562913316,0.477723400227187,0.26956680314063,NA,NA,NA,NA,80.4830632336236,5.54957469327531,1195.37263157895,112.322409773009,8.46686482393033,1.82110886538895,NA,NA,NA,NA,NA,NA,NA,NA,NA,NA,NA,NA,NA,NA,NA,NA,NA,NA,NA,NA,NA,NA,NA,NA,NA,NA,NA,NA,NA,NA,NA,NA,2019,1997-06-30,NA,NA,NA,NA
"CeeDee Lamb","DAL","WR","14832","weighted",NA,NA,NA,NA,NA,NA,51.743688943582,25.5647794849534,0.159354884513442,0.268652911446292,0.371659409314654,0.308382802353498,1.06,0,NA,NA,89.1718629307081,10.6620668595902,1217.13561529724,134.810172289853,8.67467625899281,2.48733538832252,NA,NA,NA,NA,NA,NA,NA,NA,NA,NA,NA,NA,NA,NA,NA,NA,NA,NA,NA,NA,NA,NA,NA,NA,NA,NA,NA,NA,NA,NA,NA,NA,2020,1999-04-08,NA,NA,NA,NA
"Chris Godwin","TB","WR","13163","weighted",NA,NA,NA,NA,NA,NA,15.3928242143128,10.9731695620145,0.294387069291935,0.423522865461996,1.07949072321091,0.541756277717392,NA,NA,NA,NA,86.7482998864067,17.248221499603,1023.95998106778,175.563040831138,6.74934873154108,0.828724448776851,NA,NA,NA,NA,NA,NA,NA,NA,NA,NA,NA,NA,NA,NA,NA,NA,NA,NA,NA,NA,NA,NA,NA,NA,NA,NA,NA,NA,NA,NA,NA,NA,2017,1996-02-27,"Q","Knee - ACL + MCL",2022,0
"Tyreek Hill","MIA","WR","12801","weighted",NA,NA,NA,NA,NA,NA,64.6843387921242,25.133424816684,0.259978917007103,0.356880348865696,0.53635365391897,0.265744108550547,NA,NA,NA,NA,95.6226580840591,11.5766872896621,1189.05854979175,71.0607935678614,8.33887163953048,1.40911193764255,NA,NA,NA,NA,NA,NA,NA,NA,NA,NA,NA,NA,NA,NA,NA,NA,NA,NA,NA,NA,NA,NA,NA,NA,NA,NA,NA,NA,NA,NA,NA,NA,2016,1994-03-01,NA,NA,NA,NA
"Michael Pittman","IND","WR","14842","weighted",NA,NA,NA,NA,NA,NA,34.0894391329042,7.35867302482617,0.0686792107114394,0.111707642289504,0.384394168875426,0.310819657737507,NA,NA,NA,NA,90.0231351760697,4.05122828062511,1133.93338886785,69.2318441181706,6.88256720939038,1.12338765920844,NA,NA,NA,NA,NA,NA,NA,NA,NA,NA,NA,NA,NA,NA,NA,NA,NA,NA,NA,NA,NA,NA,NA,NA,NA,NA,NA,NA,NA,NA,NA,NA,2020,1997-10-05,NA,NA,NA,NA
"Mike Evans","TB","WR","11671","weighted",NA,NA,NA,NA,NA,NA,1.93122139882079,2.51111538445803,0,0,0.5032184778493,0.269518257986578,NA,NA,NA,NA,81.6578038621734,6.97750098398008,1138.12274517228,91.0673172620155,10.9434002271867,1.76434830476326,NA,NA,NA,NA,NA,NA,NA,NA,NA,NA,NA,NA,NA,NA,NA,NA,NA,NA,NA,NA,NA,NA,NA,NA,NA,NA,NA,NA,NA,NA,NA,NA,2014,1993-08-21,NA,NA,NA,NA
"Deebo Samuel","SF","WR","14136","weighted",NA,NA,NA,NA,NA,NA,359.197372207497,30.7562817643365,4.48847426883937,1.46044264740746,1.00658746686861,0.523775715771188,NA,NA,NA,NA,71.6621431276032,7.64933587387742,1080.0068534646,131.084994700969,6.23424839076108,1.54074252388847,NA,NA,NA,NA,NA,NA,NA,NA,NA,NA,NA,NA,NA,NA,NA,NA,NA,NA,NA,NA,NA,NA,NA,NA,NA,NA,NA,NA,NA,NA,NA,NA,2019,1970-01-01,NA,NA,NA,NA
"Tee Higgins","CIN","WR","14835","weighted",NA,NA,NA,NA,NA,NA,3.60404500459783,4.10347060950321,0.00157570184453941,0.0034566093818886,0.689448441247002,0.141046886398434,NA,NA,NA,NA,83.7734797425218,3.84001445373779,1175.10478606588,69.9396616009225,7.75029912911776,0.875164812730915,NA,NA,NA,NA,NA,NA,NA,NA,NA,NA,NA,NA,NA,NA,NA,NA,NA,NA,NA,NA,NA,NA,NA,NA,NA,NA,NA,NA,NA,NA,NA,NA,2020,1999-01-18,NA,NA,NA,NA
"D.J. Moore","CAR","WR","13635","weighted",NA,NA,NA,NA,NA,NA,33.2851973684211,17.744061550926,0.0380523475956077,0.0674569519575188,0.529570238546005,0.259359589701619,NA,NA,NA,NA,84.833180613404,5.09574287832064,1144.17167360848,116.552839668474,5.22859522907989,0.799238256525663,NA,NA,NA,NA,NA,NA,NA,NA,NA,NA,NA,NA,NA,NA,NA,NA,NA,NA,NA,NA,NA,NA,NA,NA,NA,NA,NA,NA,NA,NA,NA,NA,2018,1997-04-14,NA,NA,NA,NA
"Keenan Allen","LAC","WR","11222","weighted",NA,NA,NA,NA,NA,NA,0.354049331963001,0.653842936881463,0,0,0.726694433926543,0.118363103577224,NA,NA,NA,NA,103.020488451344,9.17845187714605,1117.70659598637,81.3014365064126,7.1498674744415,0.789252952044432,NA,NA,NA,NA,NA,NA,NA,NA,NA,NA,NA,NA,NA,NA,NA,NA,NA,NA,NA,NA,NA,NA,NA,NA,NA,NA,NA,NA,NA,NA,NA,NA,2013,1992-04-27,NA,NA,NA,NA
"Terry McLaurin","WAS","WR","14109","weighted",NA,NA,NA,NA,NA,NA,7.3976745821388,6.15899874577676,0.00157570184453941,0.0034566093818886,0.490105073835668,0.267779120076472,NA,NA,NA,NA,81.3778985232866,9.32004261536034,1110.36838318819,105.19933354895,6.13074971601666,1.67285734003416,NA,NA,NA,NA,NA,NA,NA,NA,NA,NA,NA,NA,NA,NA,NA,NA,NA,NA,NA,NA,NA,NA,NA,NA,NA,NA,NA,NA,NA,NA,NA,NA,2019,1995-09-15,NA,NA,NA,NA
"Mike Williams","LAC","WR","13154","weighted",NA,NA,NA,NA,NA,NA,0.525823551684968,0.803233071157653,0,0,0.478354158778241,0.270303564971411,NA,NA,NA,NA,74.9491366906475,5.69427250567758,1114.3243279061,83.8882671214908,8.19421431276032,1.01032349092312,NA,NA,NA,NA,NA,NA,NA,NA,NA,NA,NA,NA,NA,NA,NA,NA,NA,NA,NA,NA,NA,NA,NA,NA,NA,NA,NA,NA,NA,NA,NA,NA,2017,1994-10-04,NA,NA,NA,NA
"Tyler Lockett","SEA","WR","12187","weighted",NA,NA,NA,NA,NA,NA,11.1777470655055,7.87429846450436,0.0392190458159788,0.0932519509230914,0.366061151079137,0.311462884095388,NA,NA,NA,NA,73.2827300265051,4.56267555659007,996.437383566831,104.512544388489,6.08277167739493,1.69393189746498,NA,NA,NA,NA,NA,NA,NA,NA,NA,NA,NA,NA,NA,NA,NA,NA,NA,NA,NA,NA,NA,NA,NA,NA,NA,NA,NA,NA,NA,NA,NA,NA,2015,1992-09-28,NA,NA,NA,NA
"Gabriel Davis","BUF","WR","14845","weighted",NA,NA,NA,NA,NA,NA,1.80260291015308,2.06326601539085,0,0,0.403761201565064,0.277895844506255,NA,NA,NA,NA,66.0199697084438,6.41197265677311,1031.79932222643,121.952886453,9.57400984475577,1.92643937700234,NA,NA,NA,NA,NA,NA,NA,NA,NA,NA,NA,NA,NA,NA,NA,NA,NA,NA,NA,NA,NA,NA,NA,NA,NA,NA,NA,NA,NA,NA,NA,NA,2020,1970-01-01,NA,NA,NA,NA
"Courtland Sutton","DEN","WR","13630","weighted",NA,NA,NA,NA,NA,NA,0.338089468275004,0.698340098616801,0,0,0.577710463208381,0.216510902559487,NA,NA,NA,NA,73.8553729647861,11.0344249969175,1045.32635365392,155.304736470727,6.88693297993184,1.95181057697602,NA,NA,NA,NA,NA,NA,NA,NA,NA,NA,NA,NA,NA,NA,NA,NA,NA,NA,NA,NA,NA,NA,NA,NA,NA,NA,NA,NA,NA,NA,NA,NA,2018,1995-10-10,NA,NA,NA,NA
"Brandin Cooks","HOU","WR","11674","weighted",NA,NA,NA,NA,NA,NA,14.9006261832639,8.95561161529897,0.0380788527073078,0.0653786816333096,0.366061151079137,0.311462884095388,NA,NA,NA,NA,91.1195834911019,5.24020101981779,1121.18695948504,62.0687356548166,6.55479742521772,1.38764319355944,NA,NA,NA,NA,NA,NA,NA,NA,NA,NA,NA,NA,NA,NA,NA,NA,NA,NA,NA,NA,NA,NA,NA,NA,NA,NA,NA,NA,NA,NA,NA,NA,2014,1993-09-25,NA,NA,NA,NA
"Michael Thomas","NO","WR","12652","weighted",NA,NA,NA,NA,NA,NA,3.3346600313734,3.70608548493823,0.0110299129117758,0.0241962656732202,0.366061151079137,0.311462884095388,NA,NA,NA,NA,81.6905452480121,9.12357162813282,978.545547141234,133.572165548795,6.3955887921242,1.82310689425509,NA,NA,NA,NA,NA,NA,NA,NA,NA,NA,NA,NA,NA,NA,NA,NA,NA,NA,NA,NA,NA,NA,NA,NA,NA,NA,NA,NA,NA,NA,NA,NA,2016,1994-08-16,"Q","Hamstring",2022,0
"Jerry Jeudy","DEN","WR","14833","weighted",NA,NA,NA,NA,NA,NA,7.06885128739114,7.85256465546188,0.00137873911397198,0.00350210544990565,0.528082796920358,0.269625449730146,NA,NA,NA,NA,74.9044642180992,5.581251400377,1051.5811056418,92.2922235432342,5.66166224914805,1.84302040718366,NA,NA,NA,NA,NA,NA,NA,NA,NA,NA,NA,NA,NA,NA,NA,NA,NA,NA,NA,NA,NA,NA,NA,NA,NA,NA,NA,NA,NA,NA,NA,NA,2020,1999-04-24,NA,NA,NA,NA
"Darnell Mooney","CHI","WR","14974","weighted",NA,NA,NA,NA,NA,NA,25.2320754449072,10.6372532808014,0.302632525558501,0.44615630158787,0.368860280196895,0.30991097356067,NA,NA,NA,NA,80.5319954562666,6.2091233931923,1058.07798182507,69.243226237017,5.68521772056039,1.48059978372615,NA,NA,NA,NA,NA,NA,NA,NA,NA,NA,NA,NA,NA,NA,NA,NA,NA,NA,NA,NA,NA,NA,NA,NA,NA,NA,NA,NA,NA,NA,NA,NA,2020,1997-10-29,NA,NA,NA,NA
"Diontae Johnson","PIT","WR","14208","weighted",NA,NA,NA,NA,NA,NA,30.2685658841348,8.82589690776363,0.0828882180124827,0.10168463664289,1.28763441878076,0.617204973597169,NA,NA,0.38,5.93685958042736e-17,97.1214085573646,5.55239712438222,1062.59980310488,47.1332843851966,6.55870503597122,1.45576404950003,NA,NA,NA,NA,NA,NA,NA,NA,NA,NA,NA,NA,NA,NA,NA,NA,NA,NA,NA,NA,NA,NA,NA,NA,NA,NA,NA,NA,NA,NA,NA,NA,2019,NA,NA,NA,NA,NA
"Marquise Brown","ARI","WR","14105","weighted",NA,NA,NA,NA,NA,NA,11.2487504733056,8.98567077772905,0.0467301346892411,0.088119820353943,0.751558752997602,0.112837509118747,NA,NA,NA,NA,81.7279856115108,9.97213900521083,992.271510791367,82.4751183398682,5.9690723210905,1.12293751088981,NA,NA,NA,NA,NA,NA,NA,NA,NA,NA,NA,NA,NA,NA,NA,NA,NA,NA,NA,NA,NA,NA,NA,NA,NA,NA,NA,NA,NA,NA,NA,NA,2019,1997-06-04,NA,NA,NA,NA
"DK Metcalf","SEA","WR","14102","weighted",NA,NA,NA,NA,NA,NA,4.00488289067994,2.86303487273326,0,0,0.381595039757668,0.312384068087772,NA,NA,NA,NA,80.0260166603559,4.68170085215513,1060.1665051117,32.0188261981261,7.7770465732677,1.98808155669791,NA,NA,NA,NA,NA,NA,NA,NA,NA,NA,NA,NA,NA,NA,NA,NA,NA,NA,NA,NA,NA,NA,NA,NA,NA,NA,NA,NA,NA,NA,NA,NA,2019,1997-12-14,NA,NA,NA,NA
"Amari Cooper","CLE","WR","12175","weighted",NA,NA,NA,NA,NA,NA,5.69404608643912,5.32605889551535,0.164767133661492,0.304650922409606,0.838432411965165,0.0754067092989944,2.83,4.74948766434189e-16,NA,NA,76.5112268080273,6.53613986652793,985.154623248769,91.1494629019113,6.30536539189701,1.21734237725391,NA,NA,NA,NA,NA,NA,NA,NA,NA,NA,NA,NA,NA,NA,NA,NA,NA,NA,NA,NA,NA,NA,NA,NA,NA,NA,NA,NA,NA,NA,NA,NA,2015,1994-06-18,NA,NA,NA,NA
"Jaylen Waddle","MIA","WR","15284","weighted",NA,NA,NA,NA,NA,NA,17.1295337940174,16.3167151538898,0.490874668686104,0.747433453201613,0.577003975766755,0.273146708770303,NA,NA,0.04,0,91.9223930329421,11.1492072291101,1002.71477470655,67.4042956397255,6.29993184399849,1.0921147815251,NA,NA,NA,NA,NA,NA,NA,NA,NA,NA,NA,NA,NA,NA,NA,NA,NA,NA,NA,NA,NA,NA,NA,NA,NA,NA,NA,NA,NA,NA,NA,NA,2021,1998-11-25,NA,NA,NA,NA
"Hunter Renfrow","LVR","WR","14123","weighted",NA,NA,NA,NA,NA,NA,7.58357866338508,8.07278598536536,0,0,0.651168118137069,0.289261282571189,NA,NA,0.08,0,87.8987504733056,8.77474389952368,904.882839833396,89.4576810241895,6.01008708822416,0.68014375541987,NA,NA,NA,NA,NA,NA,NA,NA,NA,NA,NA,NA,NA,NA,NA,NA,NA,NA,NA,NA,NA,NA,NA,NA,NA,NA,NA,NA,NA,NA,NA,NA,2019,1970-01-01,NA,NA,NA,NA
"Allen Robinson","LAR","WR","11678","weighted",NA,NA,NA,NA,NA,NA,1.27259317358144,2.37008311318215,0,0,0.5032184778493,0.269518257986578,NA,NA,NA,NA,77.5125369178342,11.522318871725,955.935687239682,130.719185203377,6.31881484286255,1.82124426920898,NA,NA,NA,NA,NA,NA,NA,NA,NA,NA,NA,NA,NA,NA,NA,NA,NA,NA,NA,NA,NA,NA,NA,NA,NA,NA,NA,NA,NA,NA,NA,NA,2014,1993-08-24,NA,NA,NA,NA
"DeVonta Smith","PHI","WR","15282","weighted",NA,NA,NA,NA,NA,NA,1.81318115432466,3.76046564721787,0,0,0.763940426606084,0.0983887642862797,NA,NA,0.04,0,65.3278076486179,7.67210273158095,908.58273381295,113.580812822285,5.70395304808785,1.67012315648299,NA,NA,NA,NA,NA,NA,NA,NA,NA,NA,NA,NA,NA,NA,NA,NA,NA,NA,NA,NA,NA,NA,NA,NA,NA,NA,NA,NA,NA,NA,NA,NA,2021,1998-11-14,NA,NA,NA,NA
"Amon-Ra St. Brown","DET","WR","15287","weighted",NA,NA,NA,NA,NA,NA,56.3054661016949,20.9503006398439,0.351258474576271,0.45073711448269,0.370368644067797,0.329521664471825,NA,NA,NA,NA,88.5730466101695,7.47668958920429,955.93970338983,81.0683797440462,6.13903389830508,1.1184283977228,NA,NA,NA,NA,NA,NA,NA,NA,NA,NA,NA,NA,NA,NA,NA,NA,NA,NA,NA,NA,NA,NA,NA,NA,NA,NA,NA,NA,NA,NA,NA,NA,2021,1999-10-24,NA,NA,NA,NA
"Robert Woods","TEN","WR","11228","weighted",NA,NA,NA,NA,NA,NA,61.0954059565002,50.5866124639694,0.734825135936728,0.666769730115003,0.534502595155709,0.260451567023139,NA,NA,NA,NA,73.2681185121107,8.16736036967895,886.499316608996,124.926296064888,5.20016868512111,0.66213304765974,NA,NA,NA,NA,NA,NA,NA,NA,NA,NA,NA,NA,NA,NA,NA,NA,NA,NA,NA,NA,NA,NA,NA,NA,NA,NA,NA,NA,NA,NA,NA,NA,2013,1992-04-10,NA,NA,NA,NA
"Christian Kirk","JAC","WR","13633","weighted",NA,NA,NA,NA,NA,NA,11.1462546654406,11.9136223029067,0,0,0.652202448567462,0.16532860781051,NA,NA,NA,NA,77.3556607345702,7.20886352388848,965.171658462704,75.0931985454306,5.21451344187808,1.3278671201416,NA,NA,NA,NA,NA,NA,NA,NA,NA,NA,NA,NA,NA,NA,NA,NA,NA,NA,NA,NA,NA,NA,NA,NA,NA,NA,NA,NA,NA,NA,NA,NA,2018,1996-11-18,NA,NA,NA,NA
"Brandon Aiyuk","SF","WR","14840","weighted",NA,NA,NA,NA,NA,NA,17.1891210715638,9.4101811271044,0.0165448693676638,0.0420252653988677,0.505638962514199,0.267256282445097,NA,NA,0.04,0,64.6164710336994,7.00545422580457,899.336084816357,116.527639851788,5.60392654297615,0.686448663292095,NA,NA,NA,NA,NA,NA,NA,NA,NA,NA,NA,NA,NA,NA,NA,NA,NA,NA,NA,NA,NA,NA,NA,NA,NA,NA,NA,NA,NA,NA,NA,NA,2020,1970-01-01,NA,NA,NA,NA
"Mecole Hardman","KC","WR","14113","weighted",NA,NA,NA,NA,NA,NA,79.547034267323,49.2141674777904,0.57760286346788,0.46168153014098,1.40792124195381,0.533099855727241,NA,NA,0.78,1.18737191608547e-16,57.9210147671337,14.1403560827642,718.333332071185,159.679988432773,4.24747822794396,0.886761992177133,NA,NA,NA,NA,NA,NA,NA,NA,NA,NA,NA,NA,NA,NA,NA,NA,NA,NA,NA,NA,NA,NA,NA,NA,NA,NA,NA,NA,NA,NA,NA,NA,2019,1998-03-12,NA,NA,NA,NA
"George Pickens","PIT","WR","15762","weighted",NA,NA,NA,NA,NA,NA,7.92684697354898,9.41689736659776,0.0126056147563152,0.0276528750551088,0.949495456266566,0.53932625251847,NA,NA,NA,NA,59.8318061340401,8.71955413904915,751.69485800833,166.413497103396,4.10660355925786,1.90899834057804,NA,NA,NA,NA,NA,NA,NA,NA,NA,NA,NA,NA,NA,NA,NA,NA,NA,NA,NA,NA,NA,NA,NA,NA,NA,NA,NA,NA,NA,NA,NA,NA,2022,2001-03-04,NA,NA,NA,NA
"Chase Claypool","PIT","WR","14841","weighted",NA,NA,NA,NA,NA,NA,59.0177555850057,28.0812048116952,0.444021677394926,0.430665519526862,0.458205225293449,0.268702350394455,NA,NA,NA,NA,64.9443279060962,6.15779303934023,867.801919727376,88.3181293469027,4.8138280954184,1.29814846435042,NA,NA,NA,NA,NA,NA,NA,NA,NA,NA,NA,NA,NA,NA,NA,NA,NA,NA,NA,NA,NA,NA,NA,NA,NA,NA,NA,NA,NA,NA,NA,NA,2020,1970-01-01,NA,NA,NA,NA
"Rashod Bateman","BAL","WR","15293","weighted",NA,NA,NA,NA,NA,NA,0.9723784280846,1.33977976998793,0,0,0.5032184778493,0.269518257986578,NA,NA,NA,NA,75.8680992048466,7.67871193160332,930.840397576676,99.8016209378927,5.56887542597501,1.39908898814657,NA,NA,NA,NA,NA,NA,NA,NA,NA,NA,NA,NA,NA,NA,NA,NA,NA,NA,NA,NA,NA,NA,NA,NA,NA,NA,NA,NA,NA,NA,NA,NA,2021,1999-11-29,NA,NA,NA,NA
"Chris Olave","NO","WR","15754","weighted",NA,NA,NA,NA,NA,NA,13.8766787472278,11.5197342494408,0.0236355276680911,0.051849140728329,0.564269216205983,0.270492102240868,NA,NA,NA,NA,54.6834002271867,8.62298077617377,759.061438848921,137.474679509154,4.74920106020447,1.44972046785061,NA,NA,NA,NA,NA,NA,NA,NA,NA,NA,NA,NA,NA,NA,NA,NA,NA,NA,NA,NA,NA,NA,NA,NA,NA,NA,NA,NA,NA,NA,NA,NA,2022,2000-06-27,NA,NA,NA,NA
"Elijah Moore","NYJ","WR","15288","weighted",NA,NA,NA,NA,NA,NA,47.2569017417645,27.4881469705548,0.644363298538528,0.722650596922749,0.458205225293449,0.268702350394455,NA,NA,NA,NA,69.9700227186672,7.23384964735677,881.91646346081,108.342424114003,5.56321469140477,1.26398234421706,NA,NA,NA,NA,NA,NA,NA,NA,NA,NA,NA,NA,NA,NA,NA,NA,NA,NA,NA,NA,NA,NA,NA,NA,NA,NA,NA,NA,NA,NA,NA,NA,2021,2000-03-27,NA,NA,NA,NA
"Drake London","ATL","WR","15751","weighted",NA,NA,NA,NA,NA,NA,31.7836620327798,52.3532761143618,0.0973148699085844,0.169404667832699,1.11698882998864,0.559158455823106,NA,NA,NA,NA,68.1712987504733,8.00278085889193,886.588125709958,86.7784578546606,4.9766224914805,1.06059230879555,NA,NA,NA,NA,NA,NA,NA,NA,NA,NA,NA,NA,NA,NA,NA,NA,NA,NA,NA,NA,NA,NA,NA,NA,NA,NA,NA,NA,NA,NA,NA,NA,2022,2001-07-24,"Q","Knee",2022,0
"Adam Thielen","MIN","WR","11938","weighted",NA,NA,NA,NA,NA,NA,5.10903361344538,5.24233353519955,0.00478991596638655,0.0111978627853363,0.579282006920415,0.233784341522777,NA,NA,NA,NA,76.6032266435986,5.16963797552847,907.027426470588,89.4601622397004,8.54371972318339,1.65271677744648,NA,NA,NA,NA,NA,NA,NA,NA,NA,NA,NA,NA,NA,NA,NA,NA,NA,NA,NA,NA,NA,NA,NA,NA,NA,NA,NA,NA,NA,NA,NA,NA,2014,1990-08-22,NA,NA,NA,NA
"JuJu Smith-Schuster","KC","WR","13156","weighted",NA,NA,NA,NA,NA,NA,23.7352431438308,17.1840640782168,0.532313517606967,0.685556709780246,0.37725766755017,0.305399097845511,NA,NA,NA,NA,78.719011737978,7.40287761857683,863.950170390004,94.9341915923323,6.78162059825824,1.35390352783502,NA,NA,NA,NA,NA,NA,NA,NA,NA,NA,NA,NA,NA,NA,NA,NA,NA,NA,NA,NA,NA,NA,NA,NA,NA,NA,NA,NA,NA,NA,NA,NA,2017,1996-11-22,NA,NA,NA,NA
"Allen Lazard","GB","WR","13632","weighted",NA,NA,NA,NA,NA,NA,15.1464028776978,12.1232811255908,0.0206810867095797,0.0525315817485847,0.350527262400606,0.311080108640885,NA,NA,NA,NA,58.5124574024991,8.18292457313015,775.125725104127,103.949246272664,7.0498674744415,2.01436043653249,NA,NA,NA,NA,NA,NA,NA,NA,NA,NA,NA,NA,NA,NA,NA,NA,NA,NA,NA,NA,NA,NA,NA,NA,NA,NA,NA,NA,NA,NA,NA,NA,2018,1995-12-11,"D","Ankle",2022,0
"DeVante Parker","NE","WR","12176","weighted",NA,NA,NA,NA,NA,NA,1.24107913669065,2.37340717791433,0,0,0.478354158778241,0.270303564971411,NA,NA,NA,NA,61.9431578947368,9.8719469566515,821.050265051117,126.073612462358,5.13248769405528,0.795411195798243,NA,NA,NA,NA,NA,NA,NA,NA,NA,NA,NA,NA,NA,NA,NA,NA,NA,NA,NA,NA,NA,NA,NA,NA,NA,NA,NA,NA,NA,NA,NA,NA,2015,1993-01-20,NA,NA,NA,NA
"Treylon Burks","TEN","WR","15752","weighted",NA,NA,NA,NA,NA,NA,13.6138934115865,14.1530348273252,0.0150198788337751,0.0304708804280924,0.952294585384324,0.536774648055596,NA,NA,NA,NA,58.341518364256,7.41469053983059,793.7685119273,112.060291186919,4.7439341158652,0.905810370870974,NA,NA,NA,NA,NA,NA,NA,NA,NA,NA,NA,NA,NA,NA,NA,NA,NA,NA,NA,NA,NA,NA,NA,NA,NA,NA,NA,NA,NA,NA,NA,NA,2022,2000-03-23,NA,NA,NA,NA
"Corey Davis","NYJ","WR","13153","weighted",NA,NA,NA,NA,NA,NA,3.6097868772651,7.14012609937804,0.183074592957213,0.338501024899562,1.39712230215827,0.41711235906982,NA,NA,NA,NA,52.8241120787581,9.40640972653773,742.102764104506,141.914924234148,4.43887542597501,1.13800743982087,NA,NA,NA,NA,NA,NA,NA,NA,NA,NA,NA,NA,NA,NA,NA,NA,NA,NA,NA,NA,NA,NA,NA,NA,NA,NA,NA,NA,NA,NA,NA,NA,2017,1995-01-11,NA,NA,NA,NA
"Marvin Jones","JAC","WR","10738","weighted",NA,NA,NA,NA,NA,NA,1.99829555904149,3.39565894041552,0.00157570184453941,0.0034566093818886,0.478354158778241,0.270303564971411,NA,NA,NA,NA,63.1212949640288,11.8125305216646,768.037285119273,132.390779636083,4.99786823173041,1.26592865782284,NA,NA,NA,NA,NA,NA,NA,NA,NA,NA,NA,NA,NA,NA,NA,NA,NA,NA,NA,NA,NA,NA,NA,NA,NA,NA,NA,NA,NA,NA,NA,NA,2012,1990-03-12,NA,NA,NA,NA
"D.J. Chark","DET","WR","13668","weighted",NA,NA,NA,NA,NA,NA,5.81856872396819,11.9640394814583,0.054922377887164,0.101550307469869,0.0248643190710589,0.0155196263195692,NA,NA,NA,NA,52.393510034078,14.9821014676679,736.257516092389,176.001304328384,5.56020825444907,2.01636522982852,NA,NA,NA,NA,NA,NA,NA,NA,NA,NA,NA,NA,NA,NA,NA,NA,NA,NA,NA,NA,NA,NA,NA,NA,NA,NA,NA,NA,NA,NA,NA,NA,2018,1996-09-23,NA,NA,NA,NA
"Kadarius Toney","NYG","WR","15289","weighted",NA,NA,NA,NA,NA,NA,36.308183926543,36.101942414883,0.0701956509300711,0.157668956943893,0.368860280196895,0.30991097356067,NA,NA,0.04,0,68.1372283226051,10.1490407096457,798.77060204468,149.991864940445,4.06101098068913,1.73673985011723,NA,NA,NA,NA,NA,NA,NA,NA,NA,NA,NA,NA,NA,NA,NA,NA,NA,NA,NA,NA,NA,NA,NA,NA,NA,NA,NA,NA,NA,NA,NA,NA,2021,1970-01-01,NA,NA,NA,NA
"Marquez Valdes-Scantling","KC","WR","13793","weighted",NA,NA,NA,NA,NA,NA,5.40381389625142,4.75876084926341,0.00137873911397198,0.00350210544990565,0.925205099078632,0.199902062390891,NA,NA,NA,NA,49.9444604316547,6.87683703034855,791.153718288527,123.750611513874,5.00517606967058,1.09431821499558,NA,NA,NA,NA,NA,NA,NA,NA,NA,NA,NA,NA,NA,NA,NA,NA,NA,NA,NA,NA,NA,NA,NA,NA,NA,NA,NA,NA,NA,NA,NA,NA,2018,1994-10-10,NA,NA,NA,NA
"Skyy Moore","KC","WR","15766","weighted",NA,NA,NA,NA,NA,NA,14.301691458863,7.8923012157693,0.00157570184453941,0.0034566093818886,0.698255395683453,0.623714595490214,NA,NA,NA,NA,46.0269973494888,12.1522189778018,620.99385460053,188.93096849119,3.99887163953048,2.16211658400835,NA,NA,NA,NA,NA,NA,NA,NA,NA,NA,NA,NA,NA,NA,NA,NA,NA,NA,NA,NA,NA,NA,NA,NA,NA,NA,NA,NA,NA,NA,NA,NA,2022,2000-09-10,NA,NA,NA,NA
"Russell Gage","TB","WR","13809","weighted",NA,NA,NA,NA,NA,NA,1.30852653215773,1.9836268004417,0,0,1.57750851950019,0.178300361414243,NA,NA,NA,NA,63.7410185535782,9.21118828089994,749.878038621734,104.95788052292,5.32569859901552,1.53206262403539,NA,NA,NA,NA,NA,NA,NA,NA,NA,NA,NA,NA,NA,NA,NA,NA,NA,NA,NA,NA,NA,NA,NA,NA,NA,NA,NA,NA,NA,NA,NA,NA,2018,1996-01-22,"Q","Hamstring",2022,0
"Jakobi Meyers","NE","WR","14127","weighted",NA,NA,NA,NA,NA,NA,5.46590955806783,4.38993877574245,0.00157570184453941,0.0034566093818886,0.784794585384324,0.406965331214098,NA,NA,NA,NA,76.4124536160545,9.90983563393975,843.032529344945,72.9328442999006,3.81469140477092,1.16677394195106,NA,NA,NA,NA,NA,NA,NA,NA,NA,NA,NA,NA,NA,NA,NA,NA,NA,NA,NA,NA,NA,NA,NA,NA,NA,NA,NA,NA,NA,NA,NA,NA,2019,1996-11-09,"Q","Knee",2022,0
"Nico Collins","HOU","WR","15290","weighted",NA,NA,NA,NA,NA,NA,0.170175799210256,0.373313813243969,0,0,0.614956455887921,0.190598524343811,NA,NA,NA,NA,54.8976296857251,9.5865028028281,725.817417644831,135.77063400372,3.83341537296479,0.903656209999237,NA,NA,NA,NA,NA,NA,NA,NA,NA,NA,NA,NA,NA,NA,NA,NA,NA,NA,NA,NA,NA,NA,NA,NA,NA,NA,NA,NA,NA,NA,NA,NA,2021,1999-03-19,NA,NA,NA,NA
"DeAndre Hopkins","ARI","WR","11232","weighted",NA,NA,NA,NA,NA,NA,0.0175893886966551,0.0317526145133476,0,0,0.777811418685121,0.117919084746359,NA,NA,NA,NA,61.9817474048443,6.13694367832682,769.252993079585,92.4469609773927,5.87634083044983,0.919105758565791,NA,NA,NA,NA,NA,NA,NA,NA,NA,NA,NA,NA,NA,NA,NA,NA,NA,NA,NA,NA,NA,NA,NA,NA,NA,NA,NA,NA,NA,NA,NA,NA,2013,1992-06-06,"S","Suspension",2022,0
"Michael Gallup","DAL","WR","13646","weighted",NA,NA,NA,NA,NA,NA,2.83882890679937,4.83192455031578,0.054922377887164,0.101550307469869,0.478354158778241,0.270303564971411,NA,NA,NA,NA,54.6697046573268,8.74662838098002,769.07357819008,124.484710443019,5.13515335100341,1.0788393599587,NA,NA,NA,NA,NA,NA,NA,NA,NA,NA,NA,NA,NA,NA,NA,NA,NA,NA,NA,NA,NA,NA,NA,NA,NA,NA,NA,NA,NA,NA,NA,NA,2018,1996-03-04,"O","Knee - ACL",2022,0
"Sterling Shepard","NYG","WR","12658","weighted",NA,NA,NA,NA,NA,NA,10.3001384756856,13.7723417721166,0.0691794233785904,0.0971701742435138,0.368860280196895,0.30991097356067,NA,NA,NA,NA,57.9643619840969,16.9195259195902,619.94104505869,164.402040053507,3.23049223778872,0.945191264914748,NA,NA,NA,NA,NA,NA,NA,NA,NA,NA,NA,NA,NA,NA,NA,NA,NA,NA,NA,NA,NA,NA,NA,NA,NA,NA,NA,NA,NA,NA,NA,NA,2016,NA,NA,NA,NA,NA
"Kenny Golladay","NYG","WR","13277","weighted",NA,NA,NA,NA,NA,NA,0.452580326248146,0.715554806923238,0,0,0.480017301038062,0.29188603228033,NA,NA,NA,NA,53.0005406574394,5.49635877666838,729.763858131488,99.2922326742592,3.43126730103806,1.47796089066712,NA,NA,NA,NA,NA,NA,NA,NA,NA,NA,NA,NA,NA,NA,NA,NA,NA,NA,NA,NA,NA,NA,NA,NA,NA,NA,NA,NA,NA,NA,NA,NA,2017,1993-01-01,NA,NA,NA,NA
"Tyler Boyd","CIN","WR","12650","weighted",NA,NA,NA,NA,NA,NA,19.0075648428626,9.23404688885945,0.0220598258235517,0.0560336871984903,0.421892275653162,0.28453715764166,NA,NA,NA,NA,65.6765278303673,5.87890683498047,759.878833775085,80.3318042120475,4.6894964028777,0.860076522662436,NA,NA,NA,NA,NA,NA,NA,NA,NA,NA,NA,NA,NA,NA,NA,NA,NA,NA,NA,NA,NA,NA,NA,NA,NA,NA,NA,NA,NA,NA,NA,NA,2016,1994-11-15,NA,NA,NA,NA
"Jarvis Landry","NO","WR","11680","weighted",NA,NA,NA,NA,NA,NA,25.9213744793639,20.4748809559442,0.37373674744415,0.385951988621471,1.0915193108671,0.556443085024536,NA,NA,NA,NA,60.1765694812571,11.0638388301937,709.30541840212,93.5055105726741,3.98586141613025,0.677831777397567,NA,NA,NA,NA,NA,NA,NA,NA,NA,NA,NA,NA,NA,NA,NA,NA,NA,NA,NA,NA,NA,NA,NA,NA,NA,NA,NA,NA,NA,NA,NA,NA,2014,1992-11-28,NA,NA,NA,NA
"Donovan Peoples-Jones","CLE","WR","14857","weighted",NA,NA,NA,NA,NA,NA,3.4537923946557,7.18150118043481,0,0,0.614956455887921,0.190598524343811,NA,NA,NA,NA,43.5221772056039,6.04642938854101,673.571628171147,148.19250435224,3.34443014009845,1.04331978366213,NA,NA,NA,NA,NA,NA,NA,NA,NA,NA,NA,NA,NA,NA,NA,NA,NA,NA,NA,NA,NA,NA,NA,NA,NA,NA,NA,NA,NA,NA,NA,NA,2020,1970-01-01,NA,NA,NA,NA
"Romeo Doubs","GB","WR","15779","weighted",NA,NA,NA,NA,NA,NA,4.30712324876941,6.03141988339983,0.00413621734191594,0.0105063163497169,0.682721507004922,0.623728509869328,NA,NA,NA,NA,34.7065884134797,18.3704393740999,474.369386595986,267.370583614617,3.19864066641424,1.92673134555362,NA,NA,NA,NA,NA,NA,NA,NA,NA,NA,NA,NA,NA,NA,NA,NA,NA,NA,NA,NA,NA,NA,NA,NA,NA,NA,NA,NA,NA,NA,NA,NA,2022,2000-04-13,NA,NA,NA,NA
"Odell Beckham","FA","WR","11679","weighted",NA,NA,NA,NA,NA,NA,15,2.52026550340573e-15,0,0,NA,NA,NA,NA,NA,NA,51.8821603927987,15.556349186104,747.46317512275,166.877200360025,5.54009819967267,0.707106781186548,NA,NA,NA,NA,NA,NA,NA,NA,NA,NA,NA,NA,NA,NA,NA,NA,NA,NA,NA,NA,NA,NA,NA,NA,NA,NA,NA,NA,NA,NA,NA,NA,2014,1992-11-05,"Q","Knee - ACL",2022,0
"Robby Anderson","CAR","WR","12930","weighted",NA,NA,NA,NA,NA,NA,25.3596484181908,5.41611958650999,0.0328532243906848,0.0697526639420753,0.350246539792388,0.335968412896143,NA,NA,NA,NA,59.8173788927336,6.97082684580958,672.141206747405,110.675663338979,4.42621107266436,0.9361329190477,NA,NA,NA,NA,NA,NA,NA,NA,NA,NA,NA,NA,NA,NA,NA,NA,NA,NA,NA,NA,NA,NA,NA,NA,NA,NA,NA,NA,NA,NA,NA,NA,2016,1993-05-09,NA,NA,NA,NA
"David Bell","CLE","WR","15758","weighted",NA,NA,NA,NA,NA,NA,4.89440579866934,5.73842696700414,0.00157570184453941,0.0034566093818886,0.490105073835668,0.267779120076472,NA,NA,NA,NA,35.2424271109428,13.1333787368887,467.517754638395,218.358306179452,2.41992805755396,1.6698218973943,NA,NA,NA,NA,NA,NA,NA,NA,NA,NA,NA,NA,NA,NA,NA,NA,NA,NA,NA,NA,NA,NA,NA,NA,NA,NA,NA,NA,NA,NA,NA,NA,2022,2000-12-14,NA,NA,NA,NA
"Garrett Wilson","NYJ","WR","15753","weighted",NA,NA,NA,NA,NA,NA,7.09920437334343,4.70548548588526,0.00551495645588792,0.0140084217996226,0.412662817114729,0.315820063634873,NA,NA,NA,NA,54.6039492616433,10.2923124964144,700.301041272245,155.775301305054,3.92615675880348,1.74313001620102,NA,NA,NA,NA,NA,NA,NA,NA,NA,NA,NA,NA,NA,NA,NA,NA,NA,NA,NA,NA,NA,NA,NA,NA,NA,NA,NA,NA,NA,NA,NA,NA,2022,2000-07-22,NA,NA,NA,NA
"Jahan Dotson","WAS","WR","15755","weighted",NA,NA,NA,NA,NA,NA,14.8241153242819,14.6957223497384,0.0126056147563152,0.0276528750551088,0.840632336236274,0.5592191904883,NA,NA,NA,NA,55.2084513441878,4.89753081648591,713.446395304809,112.258842839212,3.79039000378644,1.5124202549164,NA,NA,NA,NA,NA,NA,NA,NA,NA,NA,NA,NA,NA,NA,NA,NA,NA,NA,NA,NA,NA,NA,NA,NA,NA,NA,NA,NA,NA,NA,NA,NA,2022,2000-03-22,NA,NA,NA,NA
"Kendrick Bourne","NE","WR","13418","weighted",NA,NA,NA,NA,NA,NA,59.4553227943961,40.8781379865016,0.18470229079894,0.350532955638966,0.547550170390004,0.254557095851354,NA,NA,NA,NA,44.8208557364635,13.9776949118356,600.050624763347,207.934390755278,3.78455509276789,1.64409229474483,NA,NA,NA,NA,NA,NA,NA,NA,NA,NA,NA,NA,NA,NA,NA,NA,NA,NA,NA,NA,NA,NA,NA,NA,NA,NA,NA,NA,NA,NA,NA,NA,2017,1995-08-04,NA,NA,NA,NA
"Jameson Williams","DET","WR","15756","weighted",NA,NA,NA,NA,NA,NA,7.01900406504065,9.33726254983251,0,0,0.25015243902439,0.122416973483287,NA,NA,NA,NA,36.7153658536585,13.1709393992475,502.857367886179,223.853882476194,2.8344918699187,1.96618502458348,NA,NA,NA,NA,NA,NA,NA,NA,NA,NA,NA,NA,NA,NA,NA,NA,NA,NA,NA,NA,NA,NA,NA,NA,NA,NA,NA,NA,NA,NA,NA,NA,2022,2001-03-26,NA,"Knee - ACL",2022,0
"Jalen Tolbert","DAL","WR","15788","weighted",NA,NA,NA,NA,NA,NA,6.1211499972954,7.14463105442992,0.0173327202899335,0.0380227032007746,0.698255395683453,0.623714595490214,NA,NA,NA,NA,41.034240817872,20.6576307234484,533.259700870882,266.600814846782,3.37924649753881,2.17526066006734,NA,NA,NA,NA,NA,NA,NA,NA,NA,NA,NA,NA,NA,NA,NA,NA,NA,NA,NA,NA,NA,NA,NA,NA,NA,NA,NA,NA,NA,NA,NA,NA,2022,1999-02-27,NA,NA,NA,NA
"Julio Jones","TB","WR","10271","weighted",NA,NA,NA,NA,NA,NA,1.84829826364472,4.05460280495533,0.00787850922269703,0.017283046909443,0.350527262400606,0.311080108640885,NA,NA,NA,NA,47.23265051117,13.8115835056125,635.708894358198,192.213624831446,3.46991291177584,1.76054367356272,NA,NA,NA,NA,NA,NA,NA,NA,NA,NA,NA,NA,NA,NA,NA,NA,NA,NA,NA,NA,NA,NA,NA,NA,NA,NA,NA,NA,NA,NA,NA,NA,2011,1989-02-03,NA,NA,NA,NA
"Parris Campbell","IND","WR","14112","weighted",NA,NA,NA,NA,NA,NA,8.62844755774328,7.60306724770639,0.0283626332017093,0.0622189688739948,0.0211321469140477,0.0136326137422635,NA,NA,NA,NA,46.2019538053768,11.0168202479382,580.989973494888,136.807083724088,3.90018932222643,1.13411556646349,NA,NA,NA,NA,NA,NA,NA,NA,NA,NA,NA,NA,NA,NA,NA,NA,NA,NA,NA,NA,NA,NA,NA,NA,NA,NA,NA,NA,NA,NA,NA,NA,2019,1997-07-16,NA,NA,NA,NA
"Alec Pierce","IND","WR","15768","weighted",NA,NA,NA,NA,NA,NA,6.54411911072646,8.05595896086023,0.0283626332017093,0.0622189688739948,0.322258614161303,0.310436739319701,NA,NA,NA,NA,44.4286406664142,12.761622468958,581.457213176827,175.751407482377,3.73171525937145,1.40516207767757,NA,NA,NA,NA,NA,NA,NA,NA,NA,NA,NA,NA,NA,NA,NA,NA,NA,NA,NA,NA,NA,NA,NA,NA,NA,NA,NA,NA,NA,NA,NA,NA,2022,2000-05-02,NA,NA,NA,NA
"Randall Cobb","GB","WR","10308","weighted",NA,NA,NA,NA,NA,NA,5.00152709359606,6.52710381066135,0,0,0.773152709359606,0.113052641979821,NA,NA,NA,NA,41.674921182266,9.12539490389905,532.43124137931,138.265795115132,4.35213300492611,1.23279592083071,NA,NA,NA,NA,NA,NA,NA,NA,NA,NA,NA,NA,NA,NA,NA,NA,NA,NA,NA,NA,NA,NA,NA,NA,NA,NA,NA,NA,NA,NA,NA,NA,2011,1990-08-22,NA,NA,NA,NA
"A.J. Green","ARI","WR","10261","weighted",NA,NA,NA,NA,NA,NA,3.49708351363046,5.69248592844677,0.00372710226453195,0.00732874738024191,0.0992643877109477,0.0582284157771334,NA,NA,NA,NA,41.196832540026,7.06657176953746,598.89085677196,131.231194702389,2.68873647771527,0.801023458393051,NA,NA,NA,NA,NA,NA,NA,NA,NA,NA,NA,NA,NA,NA,NA,NA,NA,NA,NA,NA,NA,NA,NA,NA,NA,NA,NA,NA,NA,NA,NA,NA,2011,1988-07-31,NA,NA,NA,NA
"Zay Jones","JAC","WR","13176","weighted",NA,NA,NA,NA,NA,NA,5.24364406779661,6.08100724698617,0.0031864406779661,0.00738681262901216,0.57639406779661,0.301995995824083,NA,NA,NA,NA,50.6826822033898,10.3092943049505,589.139072033898,111.192696935533,2.85696186440678,1.09346599438592,NA,NA,NA,NA,NA,NA,NA,NA,NA,NA,NA,NA,NA,NA,NA,NA,NA,NA,NA,NA,NA,NA,NA,NA,NA,NA,NA,NA,NA,NA,NA,NA,2017,1995-03-30,NA,NA,NA,NA
"Marquez Callaway","NO","WR","15034","weighted",NA,NA,NA,NA,NA,NA,1.2028813559322,2.78852176745209,0.00796610169491526,0.0184670315725304,0.292665254237288,0.336249183986492,NA,NA,0.1,0,27.7514491525424,20.877860769718,396.056733050847,295.658666302307,2.82510593220339,2.28413379874802,NA,NA,NA,NA,NA,NA,NA,NA,NA,NA,NA,NA,NA,NA,NA,NA,NA,NA,NA,NA,NA,NA,NA,NA,NA,NA,NA,NA,NA,NA,NA,NA,2020,1970-01-01,NA,NA,NA,NA
"Van Jefferson","LAR","WR","14858","weighted",NA,NA,NA,NA,NA,NA,15.5108571563802,8.29140616765613,0.0206810867095797,0.0525315817485847,0.0211321469140477,0.0136326137422635,NA,NA,NA,NA,42.0965391897009,5.82187401144709,592.496050738357,81.7762163625241,3.91771298750473,1.0211351964621,NA,NA,NA,NA,NA,NA,NA,NA,NA,NA,NA,NA,NA,NA,NA,NA,NA,NA,NA,NA,NA,NA,NA,NA,NA,NA,NA,NA,NA,NA,NA,NA,2020,1996-07-26,"O","Knee",2022,0
"K.J. Osborn","MIN","WR","14977","weighted",NA,NA,NA,NA,NA,NA,4.48615189051766,3.4054035959434,0.00315140368907881,0.0069132187637772,0.350527262400606,0.311080108640885,NA,NA,0.09,1.48421489510684e-17,44.5214653540326,6.32318539745214,574.76060204468,99.0920576378215,4.41984475577433,1.23098450466934,NA,NA,NA,NA,NA,NA,NA,NA,NA,NA,NA,NA,NA,NA,NA,NA,NA,NA,NA,NA,NA,NA,NA,NA,NA,NA,NA,NA,NA,NA,NA,NA,2020,1997-06-10,NA,NA,NA,NA
"Wan'Dale Robinson","NYG","WR","15757","weighted",NA,NA,NA,NA,NA,NA,24.8623223350254,24.8893102000512,0.200786802030457,0.398454061552214,0.0891345177664975,0.0388442035346117,NA,NA,NA,NA,43.931461928934,15.1695310684489,538.91861928934,198.631791514836,3.23454822335025,1.23234379550153,NA,NA,NA,NA,NA,NA,NA,NA,NA,NA,NA,NA,NA,NA,NA,NA,NA,NA,NA,NA,NA,NA,NA,NA,NA,NA,NA,NA,NA,NA,NA,NA,2022,2001-01-05,NA,NA,NA,NA
"Quez Watkins","PHI","WR","14992","weighted",NA,NA,NA,NA,NA,NA,0.634922288359788,0.918936429771254,0,0,0.041889880952381,0.0201977851075133,NA,NA,NA,NA,34.2635565476191,9.66081649642158,482.545639880952,167.341489093458,2.46020833333333,0.851784143529792,NA,NA,NA,NA,NA,NA,NA,NA,NA,NA,NA,NA,NA,NA,NA,NA,NA,NA,NA,NA,NA,NA,NA,NA,NA,NA,NA,NA,NA,NA,NA,NA,2020,1998-06-09,NA,NA,NA,NA
"Josh Reynolds","DET","WR","13168","weighted",NA,NA,NA,NA,NA,NA,1.2862249589491,1.18448502250034,0.00189080459770115,0.00396341418075166,0.0223152709359606,0.0171825247080365,NA,NA,NA,NA,30.7850689655172,16.4844548334546,412.363354679803,223.8267485141,2.1600197044335,1.05883787535784,NA,NA,NA,NA,NA,NA,NA,NA,NA,NA,NA,NA,NA,NA,NA,NA,NA,NA,NA,NA,NA,NA,NA,NA,NA,NA,NA,NA,NA,NA,NA,NA,2017,1995-02-16,NA,NA,NA,NA
"Christian Watson","GB","WR","15789","weighted",NA,NA,NA,NA,NA,NA,8.82598542218857,8.03531403067177,0.00827243468383188,0.0210126326994339,0.63611984096933,0.625385983299137,NA,NA,NA,NA,33.7709390382431,13.2276107197162,458.865403256342,215.870897915068,3.27579704657327,1.71079668890744,NA,NA,NA,NA,NA,NA,NA,NA,NA,NA,NA,NA,NA,NA,NA,NA,NA,NA,NA,NA,NA,NA,NA,NA,NA,NA,NA,NA,NA,NA,NA,NA,2022,1999-05-12,NA,NA,NA,NA
"Will Fuller","FA","WR","12647","weighted",NA,NA,NA,NA,NA,NA,0,0,0,0,NA,NA,NA,NA,NA,NA,47.4599018003273,0.707106781186548,699.738134206219,13.4350288425444,4,0,NA,NA,NA,NA,NA,NA,NA,NA,NA,NA,NA,NA,NA,NA,NA,NA,NA,NA,NA,NA,NA,NA,NA,NA,NA,NA,NA,NA,NA,NA,NA,NA,2016,1994-04-16,"Q","Finger",2022,0
"Curtis Samuel","WAS","WR","13157","weighted",NA,NA,NA,NA,NA,NA,117.076933926543,84.4968281114589,0.808056775555088,0.364544383258786,0.486196516471034,0.247628184610054,NA,NA,NA,NA,47.8023627413858,6.65648756017006,539.18534267323,103.679370307428,3.16831124574025,1.06639567102784,NA,NA,NA,NA,NA,NA,NA,NA,NA,NA,NA,NA,NA,NA,NA,NA,NA,NA,NA,NA,NA,NA,NA,NA,NA,NA,NA,NA,NA,NA,NA,NA,2017,1996-08-11,NA,NA,NA,NA
"Bryan Edwards","ATL","WR","14844","weighted",NA,NA,NA,NA,NA,NA,30.6346678424456,67.8889910862533,0.546008230452675,1.23007607458867,0.256633352929649,0.213151881926789,NA,NA,NA,NA,37.1203527336861,11.2144250130868,520.55874191652,153.464698333431,3.01257495590829,1.19809855083351,NA,NA,NA,NA,NA,NA,NA,NA,NA,NA,NA,NA,NA,NA,NA,NA,NA,NA,NA,NA,NA,NA,NA,NA,NA,NA,NA,NA,NA,NA,NA,NA,2020,1970-01-01,NA,NA,NA,NA
"Laviska Shenault","CAR","WR","14838","weighted",NA,NA,NA,NA,NA,NA,39.2708439038243,15.6833945103141,0.0507856889783874,0.081537998304876,0.498502461188944,0.25991203270743,NA,NA,NA,NA,37.7158046194623,19.6904326132565,386.610397576675,203.127336700605,1.88778492995078,1.40023619418541,NA,NA,NA,NA,NA,NA,NA,NA,NA,NA,NA,NA,NA,NA,NA,NA,NA,NA,NA,NA,NA,NA,NA,NA,NA,NA,NA,NA,NA,NA,NA,NA,2020,1970-01-01,NA,NA,NA,NA
"Sammy Watkins","GB","WR","11670","weighted",NA,NA,NA,NA,NA,NA,2.32903012928003,3.33219460111414,0.00157570184453941,0.0034566093818886,0.888060078253187,0.103844555368801,NA,NA,NA,NA,40.0700113593336,6.4586211737044,534.960053010223,106.086045171717,3.57214312760318,1.01506040677354,NA,NA,NA,NA,NA,NA,NA,NA,NA,NA,NA,NA,NA,NA,NA,NA,NA,NA,NA,NA,NA,NA,NA,NA,NA,NA,NA,NA,NA,NA,NA,NA,2014,1993-06-14,NA,NA,NA,NA
"Braxton Berrios","NYJ","WR","13638","weighted",NA,NA,NA,NA,NA,NA,43.4368974820144,25.4476008630654,0.878568250662628,1.4249528654537,0.569867474441499,0.264644905725814,NA,NA,0.06,0,44.603847027641,14.2658429617473,444.061090496024,142.199988330205,2.57067398712609,1.29143036311753,NA,NA,NA,NA,NA,NA,NA,NA,NA,NA,NA,NA,NA,NA,NA,NA,NA,NA,NA,NA,NA,NA,NA,NA,NA,NA,NA,NA,NA,NA,NA,NA,2018,1995-10-06,NA,NA,NA,NA
"Cedrick Wilson","MIA","WR","13652","weighted",NA,NA,NA,NA,NA,NA,3.66101694915254,3.12145063360419,0,0,0.503601694915254,0.288014494007017,NA,NA,NA,NA,42.454313559322,7.48158847606498,509.880766949153,94.071268193634,3.44037288135593,0.595084832762945,NA,NA,NA,NA,NA,NA,NA,NA,NA,NA,NA,NA,NA,NA,NA,NA,NA,NA,NA,NA,NA,NA,NA,NA,NA,NA,NA,NA,NA,NA,NA,NA,2018,1995-11-20,NA,NA,NA,NA
"Olamide Zaccheaus","ATL","WR","14592","weighted",NA,NA,NA,NA,NA,NA,3.35532203389831,3.34990350516725,0.00477966101694915,0.0110802189435182,0.0238559322033898,0.0162450682758638,NA,NA,NA,NA,36.3796949152542,10.7325225748241,458.711427966102,134.888292743396,2.29600847457627,0.987580312471816,NA,NA,NA,NA,NA,NA,NA,NA,NA,NA,NA,NA,NA,NA,NA,NA,NA,NA,NA,NA,NA,NA,NA,NA,NA,NA,NA,NA,NA,NA,NA,NA,2019,1997-07-23,NA,NA,NA,NA
"Rondale Moore","ARI","WR","15283","weighted",NA,NA,NA,NA,NA,NA,76.3658278114351,31.9782754093945,0.433828495082721,0.443505432493229,0.398389814464218,0.30335786818141,NA,NA,NA,NA,53.4871071563802,8.35566443861896,519.131117001136,70.8627231108385,2.689734948883,1.10036965501621,NA,NA,NA,NA,NA,NA,NA,NA,NA,NA,NA,NA,NA,NA,NA,NA,NA,NA,NA,NA,NA,NA,NA,NA,NA,NA,NA,NA,NA,NA,NA,NA,2021,1970-01-01,"O","Hamstring",2022,0
"Josh Palmer","LAC","WR","15319","weighted",NA,NA,NA,NA,NA,NA,4.99298215063126,4.3608258652012,0,0,0.0514410100130605,0.0318533557484567,NA,NA,NA,NA,45.6724510230736,8.31557827589472,539.633317370483,88.9579599712393,3.91827165868524,0.987138711537947,NA,NA,NA,NA,NA,NA,NA,NA,NA,NA,NA,NA,NA,NA,NA,NA,NA,NA,NA,NA,NA,NA,NA,NA,NA,NA,NA,NA,NA,NA,NA,NA,2021,1999-09-22,NA,NA,NA,NA
"KJ Hamler","DEN","WR","14837","weighted",NA,NA,NA,NA,NA,NA,22.4145254237288,20.4221117373552,0.0685084745762712,0.158816471523761,0.315576271186441,0.329836212814055,NA,NA,NA,NA,43.956313559322,3.38100233690118,563.124775423729,43.4575435006171,3.50672457627119,0.718304899710089,NA,NA,NA,NA,NA,NA,NA,NA,NA,NA,NA,NA,NA,NA,NA,NA,NA,NA,NA,NA,NA,NA,NA,NA,NA,NA,NA,NA,NA,NA,NA,NA,2020,1970-01-01,"Q","Knee - ACL",2022,0
"Darius Slayton","NYG","WR","14122","weighted",NA,NA,NA,NA,NA,NA,-8.0257804632427,6.87062854255535,0,0,0.814736488754616,0.166049045863428,NA,NA,NA,NA,31.9282779456193,15.1385298258177,425.639456193354,215.304759142956,2.08567975830816,1.71212788333868,NA,NA,NA,NA,NA,NA,NA,NA,NA,NA,NA,NA,NA,NA,NA,NA,NA,NA,NA,NA,NA,NA,NA,NA,NA,NA,NA,NA,NA,NA,NA,NA,2019,1997-01-12,NA,NA,NA,NA
"James Washington","DAL","WR","13631","weighted",NA,NA,NA,NA,NA,NA,2.39789371980676,3.10641238690278,0,0,0,0,NA,NA,NA,NA,26.5010917874396,10.7664109648829,380.036917874396,195.502232273378,2.41695652173913,1.7231270364195,NA,NA,NA,NA,NA,NA,NA,NA,NA,NA,NA,NA,NA,NA,NA,NA,NA,NA,NA,NA,NA,NA,NA,NA,NA,NA,NA,NA,NA,NA,NA,NA,2018,1996-04-02,"IR","Foot",2022,0
"Isaiah McKenzie","BUF","WR","13313","weighted",NA,NA,NA,NA,NA,NA,88.2181733136386,62.6711724027518,1.06348596750369,0.850598538146692,0.366133677991137,0.347141475777049,NA,NA,0.16,0,47.9030083702609,9.60186482528911,504.657129492861,86.6870541162291,4.2862776957164,1.30138284628729,NA,NA,NA,NA,NA,NA,NA,NA,NA,NA,NA,NA,NA,NA,NA,NA,NA,NA,NA,NA,NA,NA,NA,NA,NA,NA,NA,NA,NA,NA,NA,NA,2017,1995-04-09,NA,NA,NA,NA
"Byron Pringle","CHI","WR","13863","weighted",NA,NA,NA,NA,NA,NA,0.683604701784937,1.06717940495369,0,0,0.885415759686548,0.226570715231408,NA,NA,NA,NA,35.4754941227688,6.11225373563313,472.350814105355,98.240855140459,2.61688289072704,0.535591025806728,NA,NA,NA,NA,NA,NA,NA,NA,NA,NA,NA,NA,NA,NA,NA,NA,NA,NA,NA,NA,NA,NA,NA,NA,NA,NA,NA,NA,NA,NA,NA,NA,2018,1970-01-01,NA,NA,NA,NA
"Deonte Harris","NO","WR","14558","weighted",NA,NA,NA,NA,NA,NA,34.1547805456702,20.704658674259,0.0722004744958482,0.16402075789339,0.390156188216686,0.31052723111484,NA,NA,NA,NA,16.2402253855279,15.2026048336505,227.866482799526,223.165753895875,1.33269276393832,0.831984835906013,NA,NA,NA,NA,NA,NA,NA,NA,NA,NA,NA,NA,NA,NA,NA,NA,NA,NA,NA,NA,NA,NA,NA,NA,NA,NA,NA,NA,NA,NA,NA,NA,2019,1970-01-01,NA,NA,NA,NA
"Velus Jones","CHI","WR","15767","weighted",NA,NA,NA,NA,NA,NA,10.8723788792835,8.94923968014896,0.0112494558119286,0.0261947791084739,0.241689159773618,0.141755488426501,NA,NA,0.11,0,29.9103308663474,10.7764772709116,402.294967348716,174.101695609838,2.13715280801045,1.1356929465667,NA,NA,NA,NA,NA,NA,NA,NA,NA,NA,NA,NA,NA,NA,NA,NA,NA,NA,NA,NA,NA,NA,NA,NA,NA,NA,NA,NA,NA,NA,NA,NA,2022,1997-05-11,"D","Hamstring",2022,0
"Noah Brown","DAL","WR","13172","weighted",NA,NA,NA,NA,NA,NA,1.75613523131673,2.45006326688304,0,0,0.0403024911032029,0.0221137719445578,NA,NA,NA,NA,24.3517734282325,13.5335974554817,304.850871886121,170.533125048745,1.79372479240807,1.44758061357973,NA,NA,NA,NA,NA,NA,NA,NA,NA,NA,NA,NA,NA,NA,NA,NA,NA,NA,NA,NA,NA,NA,NA,NA,NA,NA,NA,NA,NA,NA,NA,NA,2017,NA,NA,NA,NA,NA
"Quintez Cephus","DET","WR","14850","weighted",NA,NA,NA,NA,NA,NA,0.113516949152542,0.254521495449884,0,0,0,0,NA,NA,NA,NA,27.66950968523,9.21341782077371,383.651592009685,121.353636868089,2.57621065375303,1.01087002036329,NA,NA,NA,NA,NA,NA,NA,NA,NA,NA,NA,NA,NA,NA,NA,NA,NA,NA,NA,NA,NA,NA,NA,NA,NA,NA,NA,NA,NA,NA,NA,NA,2020,1970-01-01,NA,NA,NA,NA
"D'Wayne Eskridge","SEA","WR","15302","weighted",NA,NA,NA,NA,NA,NA,38.4979893238434,9.32441988331085,0.0847390272835113,0.124466847818012,0.0526907868722815,0.035197356232449,NA,NA,NA,NA,29.6282325029656,11.1341762241851,348.535735468565,163.828868262224,2.00171411625148,0.878028478671376,NA,NA,NA,NA,NA,NA,NA,NA,NA,NA,NA,NA,NA,NA,NA,NA,NA,NA,NA,NA,NA,NA,NA,NA,NA,NA,NA,NA,NA,NA,NA,NA,2021,1970-01-01,NA,NA,NA,NA
"Tre'Quan Smith","NO","WR","13645","weighted",NA,NA,NA,NA,NA,NA,0.66802860061287,1.15531845142933,0,0,0,0,NA,NA,NA,NA,28.4150970377937,19.1327902939099,386.621736465781,256.958558119019,3.13577119509704,2.24472846015174,NA,NA,NA,NA,NA,NA,NA,NA,NA,NA,NA,NA,NA,NA,NA,NA,NA,NA,NA,NA,NA,NA,NA,NA,NA,NA,NA,NA,NA,NA,NA,NA,2018,NA,"O","Shoulder",2022,0
"Nelson Agholor","NE","WR","12181","weighted",NA,NA,NA,NA,NA,NA,10.4652118226601,10.0396061631429,0.00162068965517241,0.00403819558038848,0.0155738916256158,0.0137467351846525,NA,NA,NA,NA,31.4548275862069,4.93762224555852,428.022886699507,58.376947480809,2.26945320197044,0.976338229831144,NA,NA,NA,NA,NA,NA,NA,NA,NA,NA,NA,NA,NA,NA,NA,NA,NA,NA,NA,NA,NA,NA,NA,NA,NA,NA,NA,NA,NA,NA,NA,NA,2015,1993-05-24,NA,NA,NA,NA
"Nick Westbrook-Ikhine","TEN","WR","15109","weighted",NA,NA,NA,NA,NA,NA,0.500983579638752,0.771591023210833,0,0,0.866108374384236,0.103095148248219,NA,NA,NA,NA,37.1774433497537,3.96807941870439,464.746497536946,50.9000164957479,3.34558128078818,0.868082881534014,NA,NA,NA,NA,NA,NA,NA,NA,NA,NA,NA,NA,NA,NA,NA,NA,NA,NA,NA,NA,NA,NA,NA,NA,NA,NA,NA,NA,NA,NA,NA,NA,2020,1997-03-21,NA,NA,NA,NA
"Mack Hollins","LVR","WR","13289","weighted",NA,NA,NA,NA,NA,NA,1.34034154351396,2.30744911277087,0,0,0.414926108374384,0.323771679365787,NA,NA,NA,NA,23.2232955665025,5.93853355224691,323.827502463054,111.142752480568,2.82390147783251,2.14226264181115,NA,NA,NA,NA,NA,NA,NA,NA,NA,NA,NA,NA,NA,NA,NA,NA,NA,NA,NA,NA,NA,NA,NA,NA,NA,NA,NA,NA,NA,NA,NA,NA,2017,1993-09-16,NA,NA,NA,NA
"Kyle Philips","TEN","WR","15901","weighted",NA,NA,NA,NA,NA,NA,2.40975678866588,2.73326855840897,0.00699173553719008,0.0128946732806761,0.0244096812278631,0.0175932114113344,NA,NA,NA,NA,20.8856080283353,13.4893445939895,252.565779220779,169.957103101781,1.38302243211334,1.1296984925207,NA,NA,NA,NA,NA,NA,NA,NA,NA,NA,NA,NA,NA,NA,NA,NA,NA,NA,NA,NA,NA,NA,NA,NA,NA,NA,NA,NA,NA,NA,NA,NA,2022,1999-06-17,NA,NA,NA,NA
"Devin Duvernay","BAL","WR","14847","weighted",NA,NA,NA,NA,NA,NA,21.3315836298932,26.509056396964,0.00390272835112693,0.00886598691315621,0.0487030446816924,0.0352205893864654,NA,NA,0.97,1.24187252104902e-16,40.686103202847,8.78858319120235,433.887069988138,65.5322671129951,2.54523724792408,0.771471033099075,NA,NA,NA,NA,NA,NA,NA,NA,NA,NA,NA,NA,NA,NA,NA,NA,NA,NA,NA,NA,NA,NA,NA,NA,NA,NA,NA,NA,NA,NA,NA,NA,2020,1997-09-12,NA,NA,NA,NA
"Jalen Guyton","LAC","WR","14337","weighted",NA,NA,NA,NA,NA,NA,25.1100886699507,16.0363573148993,0.00270114942528736,0.00673032596731413,0.314768472906404,0.363805735560253,NA,NA,0.1,1.52073493927676e-17,23.3077487684729,8.23111577999539,328.124251231527,114.121236910637,2.14271428571429,0.577935392362786,NA,NA,NA,NA,NA,NA,NA,NA,NA,NA,NA,NA,NA,NA,NA,NA,NA,NA,NA,NA,NA,NA,NA,NA,NA,NA,NA,NA,NA,NA,NA,NA,2019,NA,NA,NA,NA,NA
"Kalif Raymond","DET","WR","13066","weighted",NA,NA,NA,NA,NA,NA,11.9763694581281,10.02341375937,0.0307931034482759,0.0767257160273811,0.314768472906404,0.363805735560253,NA,NA,0.09,1.52073493927676e-17,20.3142216748768,13.7915221633125,241.40281773399,168.901668424928,1.58920197044335,1.02238544767058,NA,NA,NA,NA,NA,NA,NA,NA,NA,NA,NA,NA,NA,NA,NA,NA,NA,NA,NA,NA,NA,NA,NA,NA,NA,NA,NA,NA,NA,NA,NA,NA,2016,1994-08-08,NA,NA,NA,NA
"Phillip Dorsett","HOU","WR","12188","weighted",NA,NA,NA,NA,NA,NA,4.10020640569395,7.53778947460209,0.0421494661921708,0.0774872704413693,0.0243515223408462,0.0176102946932327,NA,NA,NA,NA,23.1893772241993,9.22707709690217,293.117930011862,115.746810298807,1.49020166073547,0.834088683071624,NA,NA,NA,NA,NA,NA,NA,NA,NA,NA,NA,NA,NA,NA,NA,NA,NA,NA,NA,NA,NA,NA,NA,NA,NA,NA,NA,NA,NA,NA,NA,NA,2015,1993-01-05,NA,NA,NA,NA
"Jamison Crowder","BUF","WR","12184","weighted",NA,NA,NA,NA,NA,NA,4.50818505338078,6.80623058166834,0.0195136417556346,0.0272827865902565,0.459697508896797,0.0221137719445577,NA,NA,NA,NA,34.5467378410439,9.98006092873744,348.60349940688,96.5366815055399,2.07896797153025,1.21083964614095,NA,NA,NA,NA,NA,NA,NA,NA,NA,NA,NA,NA,NA,NA,NA,NA,NA,NA,NA,NA,NA,NA,NA,NA,NA,NA,NA,NA,NA,NA,NA,NA,2015,1993-06-17,NA,NA,NA,NA
"Keelan Cole","FA","WR","13412","weighted",NA,NA,NA,NA,NA,NA,3.93,NA,0,NA,0,NA,NA,NA,NA,NA,24.17,NA,314.82,NA,1.96,NA,NA,NA,NA,NA,NA,NA,NA,NA,NA,NA,NA,NA,NA,NA,NA,NA,NA,NA,NA,NA,NA,NA,NA,NA,NA,NA,NA,NA,NA,NA,NA,NA,2017,1993-04-20,NA,NA,NA,NA
"Jauan Jennings","SF","WR","14860","weighted",NA,NA,NA,NA,NA,NA,0.175622775800712,0.322863626839039,0,0,0.338790035587189,0.088455087778231,NA,NA,NA,NA,29.0727817319098,5.96635462625312,333.923131672598,67.5758236388702,2.49556939501779,1.32041368001262,NA,NA,NA,NA,NA,NA,NA,NA,NA,NA,NA,NA,NA,NA,NA,NA,NA,NA,NA,NA,NA,NA,NA,NA,NA,NA,NA,NA,NA,NA,NA,NA,2020,1997-07-10,NA,NA,NA,NA
"Freddie Swain","FA","WR","14865","weighted",NA,NA,NA,NA,NA,NA,8.47,NA,0.02,NA,0.01,NA,NA,NA,0.1,NA,29.01,NA,394.56,NA,2.76,NA,NA,NA,NA,NA,NA,NA,NA,NA,NA,NA,NA,NA,NA,NA,NA,NA,NA,NA,NA,NA,NA,NA,NA,NA,NA,NA,NA,NA,NA,NA,NA,NA,2020,1970-01-01,NA,NA,NA,NA
"Demarcus Robinson","BAL","WR","12785","weighted",NA,NA,NA,NA,NA,NA,0.213963274674828,0.322267965019947,0,0,0,0,NA,NA,NA,NA,15.3044529456771,10.449433489723,180.860558530987,143.518018948145,1.34820964039786,0.663389269641825,NA,NA,NA,NA,NA,NA,NA,NA,NA,NA,NA,NA,NA,NA,NA,NA,NA,NA,NA,NA,NA,NA,NA,NA,NA,NA,NA,NA,NA,NA,NA,NA,2016,1994-09-21,NA,NA,NA,NA
"Miles Boykin","PIT","WR","14125","weighted",NA,NA,NA,NA,NA,NA,2.07830687830688,3.85515621383297,0,0,0.157632765040172,0.144441627777826,NA,NA,NA,NA,16.612733686067,12.0632323905893,168.301540270429,129.676685637271,1.1301822457378,1.67126635346446,NA,NA,NA,NA,NA,NA,NA,NA,NA,NA,NA,NA,NA,NA,NA,NA,NA,NA,NA,NA,NA,NA,NA,NA,NA,NA,NA,NA,NA,NA,NA,NA,2019,1970-01-01,NA,NA,NA,NA
"Laquon Treadwell","FA","WR","12645","weighted",NA,NA,NA,NA,NA,NA,1.25,NA,0,NA,0,NA,NA,NA,NA,NA,25.43,NA,372.3,NA,2.22,NA,NA,NA,NA,NA,NA,NA,NA,NA,NA,NA,NA,NA,NA,NA,NA,NA,NA,NA,NA,NA,NA,NA,NA,NA,NA,NA,NA,NA,NA,NA,NA,NA,2016,1995-06-14,NA,NA,NA,NA
"Equanimeous St. Brown","CHI","WR","13637","weighted",NA,NA,NA,NA,NA,NA,12.960590747331,14.1936495214439,0.0327829181494662,0.0602678770099539,0.0323270067220245,0.0186419568103139,NA,NA,NA,NA,18.6096619217082,4.90169549810362,258.050735468565,79.5139232575193,1.06849940688019,0.741175143294959,NA,NA,NA,NA,NA,NA,NA,NA,NA,NA,NA,NA,NA,NA,NA,NA,NA,NA,NA,NA,NA,NA,NA,NA,NA,NA,NA,NA,NA,NA,NA,NA,2018,1996-09-30,NA,NA,NA,NA
"Tyler Johnson","FA","WR","14864","weighted",NA,NA,NA,NA,NA,NA,0.208405693950178,0.383131503848993,0,0,0.0403024911032029,0.0221137719445578,NA,NA,NA,NA,23.7152075919336,7.12535224943001,255.184258600237,66.8147941368743,1.20779359430605,0.78505811131946,NA,NA,NA,NA,NA,NA,NA,NA,NA,NA,NA,NA,NA,NA,NA,NA,NA,NA,NA,NA,NA,NA,NA,NA,NA,NA,NA,NA,NA,NA,NA,NA,2020,1998-08-25,NA,NA,NA,NA
"Anthony Schwartz","CLE","WR","15296","weighted",NA,NA,NA,NA,NA,NA,12.8898695136418,16.5664973876118,0.00390272835112693,0.00886598691315621,0.0363147489126137,0.0201310381375716,NA,NA,NA,NA,11.7401364175563,10.4722721522817,157.36953143535,147.113551075512,0.881725978647687,0.750036050562797,NA,NA,NA,NA,NA,NA,NA,NA,NA,NA,NA,NA,NA,NA,NA,NA,NA,NA,NA,NA,NA,NA,NA,NA,NA,NA,NA,NA,NA,NA,NA,NA,2021,1970-01-01,NA,NA,NA,NA
"Chris Moore","HOU","WR","12773","weighted",NA,NA,NA,NA,NA,NA,0.668678270849273,0.51103299559617,0,0,0.287528691660291,0.0750200768660741,NA,NA,NA,NA,22.7603519510329,10.3365983719239,245.101522570773,109.963468946691,1.19276970160673,0.603316088634413,NA,NA,NA,NA,NA,NA,NA,NA,NA,NA,NA,NA,NA,NA,NA,NA,NA,NA,NA,NA,NA,NA,NA,NA,NA,NA,NA,NA,NA,NA,NA,NA,2016,1993-06-16,NA,NA,NA,NA
"Cam Sims","WAS","WR","13895","weighted",NA,NA,NA,NA,NA,NA,2.92246421267894,3.64344892139506,0,0,0,0,NA,NA,NA,NA,18.4340695296524,7.30152808865825,250.281809815951,87.4326369077337,1.41108384458078,0.511810534332894,NA,NA,NA,NA,NA,NA,NA,NA,NA,NA,NA,NA,NA,NA,NA,NA,NA,NA,NA,NA,NA,NA,NA,NA,NA,NA,NA,NA,NA,NA,NA,NA,2018,1970-01-01,NA,NA,NA,NA
"Richie James","NYG","WR","13724","weighted",NA,NA,NA,NA,NA,NA,0.71258064516129,0.997020561473032,0,0,0,0,NA,NA,NA,NA,12.2331182795699,12.247089450151,198.360322580645,213.107841714002,1.03924731182796,1.21622366364086,NA,NA,NA,NA,NA,NA,NA,NA,NA,NA,NA,NA,NA,NA,NA,NA,NA,NA,NA,NA,NA,NA,NA,NA,NA,NA,NA,NA,NA,NA,NA,NA,2018,1995-04-05,NA,NA,NA,NA
"Rashard Higgins","CAR","WR","12656","weighted",NA,NA,NA,NA,NA,NA,0.302760736196319,0.520808946258203,0,0,0.0665644171779141,0.0577803275618633,NA,NA,NA,NA,19.5760531697342,2.81176361745888,245.015439672802,68.7175970318938,0.909284253578732,0.871585444942839,NA,NA,NA,NA,NA,NA,NA,NA,NA,NA,NA,NA,NA,NA,NA,NA,NA,NA,NA,NA,NA,NA,NA,NA,NA,NA,NA,NA,NA,NA,NA,NA,2016,1994-10-07,NA,NA,NA,NA
"Jamal Agnew","JAC","WR","13308","weighted",NA,NA,NA,NA,NA,NA,59.8376205049732,15.1942549171145,0.384284621270084,0.328567270337479,0.0374904361132364,0.0250066922886914,NA,NA,1.16,0,21.0519816373374,9.2773596751323,219.34,66.3883407536295,0.719449120122418,0.426040591508202,NA,NA,NA,NA,NA,NA,NA,NA,NA,NA,NA,NA,NA,NA,NA,NA,NA,NA,NA,NA,NA,NA,NA,NA,NA,NA,NA,NA,NA,NA,NA,NA,2017,NA,NA,NA,NA,NA
"James Proche","BAL","WR","14848","weighted",NA,NA,NA,NA,NA,NA,7.95520284697509,14.0281469526493,0,0,0.458185053380783,0.132682631667347,NA,NA,NA,NA,23.1084934756821,4.29715420179166,271.085966785291,26.0281428651675,1.45711150652432,0.498642550603609,NA,NA,NA,NA,NA,NA,NA,NA,NA,NA,NA,NA,NA,NA,NA,NA,NA,NA,NA,NA,NA,NA,NA,NA,NA,NA,NA,NA,NA,NA,NA,NA,2020,1970-01-01,NA,NA,NA,NA
"Lynn Bowden","FA","WR","14843","weighted",NA,NA,NA,NA,NA,NA,36.8,NA,0.03,NA,0.03,NA,NA,NA,NA,NA,28.65,NA,302.12,NA,1.47,NA,NA,NA,NA,NA,NA,NA,NA,NA,NA,NA,NA,NA,NA,NA,NA,NA,NA,NA,NA,NA,NA,NA,NA,NA,NA,NA,NA,NA,NA,NA,NA,NA,2020,1970-01-01,NA,NA,NA,NA
"Chris Conley","FA","WR","12257","weighted",NA,NA,NA,NA,NA,NA,5.18,NA,0.02,NA,0,NA,NA,NA,NA,NA,12.9,NA,169.39,NA,1.03,NA,NA,NA,NA,NA,NA,NA,NA,NA,NA,NA,NA,NA,NA,NA,NA,NA,NA,NA,NA,NA,NA,NA,NA,NA,NA,NA,NA,NA,NA,NA,NA,NA,2015,1992-10-25,NA,NA,NA,NA
"Chris Conley","FA","WR","12257","weighted",NA,NA,NA,NA,NA,NA,5.18,NA,0.02,NA,0,NA,NA,NA,NA,NA,12.9,NA,169.39,NA,1.03,NA,NA,NA,NA,NA,NA,NA,NA,NA,NA,NA,NA,NA,NA,NA,NA,NA,NA,NA,NA,NA,NA,NA,NA,NA,NA,NA,NA,NA,NA,NA,NA,NA,2015,1992-10-25,NA,NA,NA,NA
"Ray-Ray McCloud","SF","WR","13641","weighted",NA,NA,NA,NA,NA,NA,4.75133382461312,6.11133804680127,0.0193957258658806,0.0396195559588385,0.210729550478998,0.202771751342698,NA,NA,0.12,0,15.3472291820192,5.00845652234806,157.889683124539,90.2582579563466,0.683610906411201,0.480489143906841,NA,NA,NA,NA,NA,NA,NA,NA,NA,NA,NA,NA,NA,NA,NA,NA,NA,NA,NA,NA,NA,NA,NA,NA,NA,NA,NA,NA,NA,NA,NA,NA,2018,NA,NA,NA,NA,NA
"Simi Fehoko","DAL","WR","15303","weighted",NA,NA,NA,NA,NA,NA,-0.241267501842299,0.375719578981379,0,0,0.0379513633014001,0.0247108453962253,NA,NA,NA,NA,10.8025792188651,9.67702149211523,126.253854089904,121.334101446121,0.797406042741341,0.90835303744685,NA,NA,NA,NA,NA,NA,NA,NA,NA,NA,NA,NA,NA,NA,NA,NA,NA,NA,NA,NA,NA,NA,NA,NA,NA,NA,NA,NA,NA,NA,NA,NA,2021,1997-11-05,NA,NA,NA,NA
"Amari Rodgers","GB","WR","15297","weighted",NA,NA,NA,NA,NA,NA,1.17291820191599,1.44214419160473,0,0,0.3379513633014,0.0247108453962253,NA,NA,NA,NA,8.87982313927782,3.59965084564635,102.779557848195,46.5274514622905,0.742417096536478,0.484504382762198,NA,NA,NA,NA,NA,NA,NA,NA,NA,NA,NA,NA,NA,NA,NA,NA,NA,NA,NA,NA,NA,NA,NA,NA,NA,NA,NA,NA,NA,NA,NA,NA,2021,1970-01-01,NA,NA,NA,NA
"Breshad Perriman","TB","WR","12197","weighted",NA,NA,NA,NA,NA,NA,0.301584377302874,0.469649473726723,0,0,0,0,NA,NA,NA,NA,11.6024465733235,9.20032387617375,150.875033161385,93.7946862327813,0.669594694178335,0.408365449261538,NA,NA,NA,NA,NA,NA,NA,NA,NA,NA,NA,NA,NA,NA,NA,NA,NA,NA,NA,NA,NA,NA,NA,NA,NA,NA,NA,NA,NA,NA,NA,NA,2015,1993-09-10,NA,NA,NA,NA
"Tylan Wallace","BAL","WR","15285","weighted",NA,NA,NA,NA,NA,NA,0,0,0,0,0,0,NA,NA,NA,NA,12.6748443579767,8.23894898752607,159.999649805447,97.2377203191162,0.957548638132296,0.916876269657341,NA,NA,NA,NA,NA,NA,NA,NA,NA,NA,NA,NA,NA,NA,NA,NA,NA,NA,NA,NA,NA,NA,NA,NA,NA,NA,NA,NA,NA,NA,NA,NA,2021,1999-05-13,NA,NA,NA,NA
"Ben Skowronek","LAR","WR","15491","weighted",NA,NA,NA,NA,NA,NA,1.5290581257414,1.8696368685319,0.00468327402135231,0.0086096967157077,0,0,NA,NA,NA,NA,18.7817022538553,3.33519803612901,224.526304863582,41.0900215985068,1.52130486358244,0.865707960263721,NA,NA,NA,NA,NA,NA,NA,NA,NA,NA,NA,NA,NA,NA,NA,NA,NA,NA,NA,NA,NA,NA,NA,NA,NA,NA,NA,NA,NA,NA,NA,NA,2021,1997-06-27,NA,NA,NA,NA
"Shi Smith","CAR","WR","15298","weighted",NA,NA,NA,NA,NA,NA,0,0,0,0,0.1,0,NA,NA,NA,NA,14.2888172043011,11.0237947186983,175.336344086022,131.041028689491,0.737849462365591,0.37476659402887,NA,NA,NA,NA,NA,NA,NA,NA,NA,NA,NA,NA,NA,NA,NA,NA,NA,NA,NA,NA,NA,NA,NA,NA,NA,NA,NA,NA,NA,NA,NA,NA,2021,1970-01-01,NA,NA,NA,NA
"Zach Pascal","PHI","WR","13488","weighted",NA,NA,NA,NA,NA,NA,5.917162514828,6.52426397661276,0.0140498220640569,0.0258290901471231,0.00398774219058917,0.00360721986721059,NA,NA,NA,NA,15.5982206405694,6.36933708673918,185.864869513642,69.0556773454756,1.08348161328588,0.569689610702153,NA,NA,NA,NA,NA,NA,NA,NA,NA,NA,NA,NA,NA,NA,NA,NA,NA,NA,NA,NA,NA,NA,NA,NA,NA,NA,NA,NA,NA,NA,NA,NA,2017,1994-12-18,NA,NA,NA,NA
"Damiere Byrd","ATL","WR","12464","weighted",NA,NA,NA,NA,NA,NA,0.269120654396728,0.462941285562847,0,0,0.533742331288344,0.231121310247453,NA,NA,NA,NA,19.3317382413088,2.43763865877632,222.385705521472,23.7506767337991,0.852024539877301,0.73958819279185,NA,NA,NA,NA,NA,NA,NA,NA,NA,NA,NA,NA,NA,NA,NA,NA,NA,NA,NA,NA,NA,NA,NA,NA,NA,NA,NA,NA,NA,NA,NA,NA,NA,NA,NA,NA,NA,NA
"Jalen Reagor","PHI","WR","14839","weighted",NA,NA,NA,NA,NA,NA,12.130290628707,12.9996925600942,0.0117081850533808,0.0265979607394686,0.0283392645314354,0.0177710574046582,NA,NA,NA,NA,16.7263107947805,3.54370285890306,178.661429418743,34.4113868232885,1.0020521945433,0.344306737756728,NA,NA,NA,NA,NA,NA,NA,NA,NA,NA,NA,NA,NA,NA,NA,NA,NA,NA,NA,NA,NA,NA,NA,NA,NA,NA,NA,NA,NA,NA,NA,NA,2020,1999-01-02,NA,NA,NA,NA
"Denzel Mims","NYJ","WR","14846","weighted",NA,NA,NA,NA,NA,NA,0,0,0,0,0,0,NA,NA,NA,NA,12.4321725731895,2.23445742854949,175.836825885978,57.240293937051,0.347303543913713,0.494974746830583,NA,NA,NA,NA,NA,NA,NA,NA,NA,NA,NA,NA,NA,NA,NA,NA,NA,NA,NA,NA,NA,NA,NA,NA,NA,NA,NA,NA,NA,NA,NA,NA,2020,1970-01-01,NA,NA,NA,NA
"Antoine Wesley","ARI","WR","14130","weighted",NA,NA,NA,NA,NA,NA,0.636186770428016,1.1424322218126,0,0,0.131809338521401,0.0571216110906299,NA,NA,NA,NA,11.7118677042802,4.1355263126711,141.732276264591,65.0866950480701,1.15108949416342,0.796853440033825,NA,NA,NA,NA,NA,NA,NA,NA,NA,NA,NA,NA,NA,NA,NA,NA,NA,NA,NA,NA,NA,NA,NA,NA,NA,NA,NA,NA,NA,NA,NA,NA,2019,1970-01-01,"IR","Hip",2022,0
"Tyrie Cleveland","DEN","WR","15027","weighted",NA,NA,NA,NA,NA,NA,0,0,0,0,0.1,0,NA,NA,NA,NA,10.4264516129032,9.39744912196922,126.89247311828,117.379725676967,1.1789247311828,1.17379725676967,NA,NA,NA,NA,NA,NA,NA,NA,NA,NA,NA,NA,NA,NA,NA,NA,NA,NA,NA,NA,NA,NA,NA,NA,NA,NA,NA,NA,NA,NA,NA,NA,2020,1970-01-01,NA,NA,NA,NA
"Dez Fitzpatrick","FA","WR","15407","weighted",NA,NA,NA,NA,NA,NA,2.36,NA,0,NA,0,NA,NA,NA,NA,NA,10.76,NA,139.62,NA,0.83,NA,NA,NA,NA,NA,NA,NA,NA,NA,NA,NA,NA,NA,NA,NA,NA,NA,NA,NA,NA,NA,NA,NA,NA,NA,NA,NA,NA,NA,NA,NA,NA,NA,2021,1970-01-01,NA,NA,NA,NA
"Marquise Goodwin","SEA","WR","11239","weighted",NA,NA,NA,NA,NA,NA,6.19841043890866,8.36297354153317,0,0,0.0403024911032029,0.0221137719445578,NA,NA,NA,NA,15.0047034400949,2.1904213377419,182.69628113879,18.5613860959332,0.839056939501779,0.463436053862503,NA,NA,NA,NA,NA,NA,NA,NA,NA,NA,NA,NA,NA,NA,NA,NA,NA,NA,NA,NA,NA,NA,NA,NA,NA,NA,NA,NA,NA,NA,NA,NA,2013,1990-11-19,NA,NA,NA,NA
"Tutu Atwell","LAR","WR","15301","weighted",NA,NA,NA,NA,NA,NA,0,0,0,0,0.2,0,NA,NA,NA,NA,12.0352427184466,6.29485660094386,151.227708737864,79.0232815620327,1.13497087378641,0.7853158562168,NA,NA,NA,NA,NA,NA,NA,NA,NA,NA,NA,NA,NA,NA,NA,NA,NA,NA,NA,NA,NA,NA,NA,NA,NA,NA,NA,NA,NA,NA,NA,NA,2021,1999-10-07,NA,NA,NA,NA
"Trent Sherfield","MIA","WR","13893","weighted",NA,NA,NA,NA,NA,NA,0,0,0,0,0.0379513633014001,0.0247108453962253,NA,NA,NA,NA,12.4684745762712,4.50637071301827,142.713456153279,70.4174764931194,0.822564480471629,0.238028673070434,NA,NA,NA,NA,NA,NA,NA,NA,NA,NA,NA,NA,NA,NA,NA,NA,NA,NA,NA,NA,NA,NA,NA,NA,NA,NA,NA,NA,NA,NA,NA,NA,2018,1996-02-26,NA,NA,NA,NA
"Tyquan Thornton","NE","WR","15787","weighted",NA,NA,NA,NA,NA,NA,0.749237804878049,0.353553390593274,0,0,0.0250762195121951,0.0353553390593274,NA,NA,NA,NA,8.02439024390244,11.3137084989848,98.797256097561,137.885822331377,0.501524390243902,0.707106781186548,NA,NA,NA,NA,NA,NA,NA,NA,NA,NA,NA,NA,NA,NA,NA,NA,NA,NA,NA,NA,NA,NA,NA,NA,NA,NA,NA,NA,NA,NA,NA,NA,2022,2000-08-07,"IR","Collarbone",2022,0
"Ty Montgomery","NE","WR","12261","weighted",NA,NA,NA,NA,NA,NA,170.45,NA,1.39,NA,0,NA,NA,NA,NA,NA,22.35,NA,188.08,NA,1.33,NA,NA,NA,NA,NA,NA,NA,NA,NA,NA,NA,NA,NA,NA,NA,NA,NA,NA,NA,NA,NA,NA,NA,NA,NA,NA,NA,NA,NA,NA,NA,NA,NA,2015,1993-01-22,"Q","Knee",2022,0
"Khalil Shakir","BUF","WR","15761","weighted",NA,NA,NA,NA,NA,NA,8.86183574879227,10.1258185734067,0,0,0,0,NA,NA,NA,NA,10.9995169082126,6.27101804963113,114.171980676328,60.6938876465584,1.0631884057971,0.11401297501064,NA,NA,NA,NA,NA,NA,NA,NA,NA,NA,NA,NA,NA,NA,NA,NA,NA,NA,NA,NA,NA,NA,NA,NA,NA,NA,NA,NA,NA,NA,NA,NA,2022,2000-02-03,"O","Coach's Decision",2022,0
"Jeff Smith","NYJ","WR","14561","weighted",NA,NA,NA,NA,NA,NA,-0.15115562403698,0.212132034355964,0,0,0,0,NA,NA,NA,NA,10.3060092449923,5.69220958855171,128.478828967643,80.5536045127715,0.339691833590139,0.0565685424949238,NA,NA,NA,NA,NA,NA,NA,NA,NA,NA,NA,NA,NA,NA,NA,NA,NA,NA,NA,NA,NA,NA,NA,NA,NA,NA,NA,NA,NA,NA,NA,NA,2019,1970-01-01,NA,NA,NA,NA
"Keke Coutee","IND","WR","13662","weighted",NA,NA,NA,NA,NA,NA,1.34,NA,0,NA,0,NA,NA,NA,NA,NA,12.34,NA,184.26,NA,1.08,NA,NA,NA,NA,NA,NA,NA,NA,NA,NA,NA,NA,NA,NA,NA,NA,NA,NA,NA,NA,NA,NA,NA,NA,NA,NA,NA,NA,NA,NA,NA,NA,NA,2018,1997-01-14,NA,NA,NA,NA
"Montrell Washington","DEN","WR","15900","weighted",NA,NA,NA,NA,NA,NA,6.66520473773266,4.71617368707274,0.0311742808798646,0.0356370752212729,0.403438240270728,0.453168429405385,NA,NA,0.1,1.6996784480707e-17,10.9353401015228,2.28850766764341,131.108598984772,59.8306048685956,0.694741116751269,0.601168072906399,NA,NA,NA,NA,NA,NA,NA,NA,NA,NA,NA,NA,NA,NA,NA,NA,NA,NA,NA,NA,NA,NA,NA,NA,NA,NA,NA,NA,NA,NA,NA,NA,2022,1998-03-14,NA,NA,NA,NA
"Tyron Johnson","LVR","WR","14117","weighted",NA,NA,NA,NA,NA,NA,0,0,0,0,0.500306748466258,0.17334098268559,NA,NA,NA,NA,8.96108384458078,5.21492955319751,128.977648261759,70.6809205092546,0.448343558282209,0.510083046198462,NA,NA,NA,NA,NA,NA,NA,NA,NA,NA,NA,NA,NA,NA,NA,NA,NA,NA,NA,NA,NA,NA,NA,NA,NA,NA,NA,NA,NA,NA,NA,NA,2019,1970-01-01,NA,NA,NA,NA
"DJ Turner","LVR","WR","15995","weighted",NA,NA,NA,NA,NA,NA,2.9170219966159,3.33461203856197,0.00445346869712352,0.00509101074589613,0.00445346869712352,0.00509101074589613,NA,NA,NA,NA,9.24215228426396,6.90694161861016,106.45152284264,89.6870576576797,0.70810152284264,0.614311514482711,NA,NA,NA,NA,NA,NA,NA,NA,NA,NA,NA,NA,NA,NA,NA,NA,NA,NA,NA,NA,NA,NA,NA,NA,NA,NA,NA,NA,NA,NA,NA,NA,2021,1997-01-18,NA,NA,NA,NA
"Dyami Brown","WAS","WR","15292","weighted",NA,NA,NA,NA,NA,NA,-1.38411724608044,1.57637931265092,0,0,0,0,NA,NA,NA,NA,11.5829856850716,1.50067139949024,152.646605316973,32.4557750971481,0.675521472392638,0.586568646854594,NA,NA,NA,NA,NA,NA,NA,NA,NA,NA,NA,NA,NA,NA,NA,NA,NA,NA,NA,NA,NA,NA,NA,NA,NA,NA,NA,NA,NA,NA,NA,NA,2021,1999-11-01,NA,NA,NA,NA
"Danny Gray","SF","WR","15782","weighted",NA,NA,NA,NA,NA,NA,5.25103214890017,4.06210574249185,0.0267208121827411,0.0305460644753768,0.00445346869712352,0.00509101074589613,NA,NA,NA,NA,8.92624365482233,4.67305211540008,105.806091370558,68.9683312997983,0.661340101522843,0.571082746684339,NA,NA,NA,NA,NA,NA,NA,NA,NA,NA,NA,NA,NA,NA,NA,NA,NA,NA,NA,NA,NA,NA,NA,NA,NA,NA,NA,NA,NA,NA,NA,NA,2022,1999-04-01,NA,NA,NA,NA
"Anthony Miller","PIT","WR","13639","weighted",NA,NA,NA,NA,NA,NA,9.3,NA,0.06,NA,0.01,NA,NA,NA,NA,NA,13.88,NA,171.71,NA,0.8,NA,NA,NA,NA,NA,NA,NA,NA,NA,NA,NA,NA,NA,NA,NA,NA,NA,NA,NA,NA,NA,NA,NA,NA,NA,NA,NA,NA,NA,NA,NA,NA,NA,2018,1994-10-09,"IR","Shoulder",2022,0
"Cody Hollister","FA","WR","13851","weighted",NA,NA,NA,NA,NA,NA,0,NA,0,NA,0,NA,NA,NA,NA,NA,14.53,NA,171.23,NA,1.18,NA,NA,NA,NA,NA,NA,NA,NA,NA,NA,NA,NA,NA,NA,NA,NA,NA,NA,NA,NA,NA,NA,NA,NA,NA,NA,NA,NA,NA,NA,NA,NA,NA,2017,1993-11-18,NA,NA,NA,NA
"Calvin Austin III","PIT","WR","15777","weighted",NA,NA,NA,NA,NA,NA,4.38,2.06475180106472,0.0225,0.0106066017177982,0.0325,0.0318198051533946,NA,NA,NA,NA,13.79,1.71119841047145,158.095,18.2504260224248,0.965,0.0494974746830583,NA,NA,NA,NA,NA,NA,NA,NA,NA,NA,NA,NA,NA,NA,NA,NA,NA,NA,NA,NA,NA,NA,NA,NA,NA,NA,NA,NA,NA,NA,NA,NA,2022,1999-03-24,"IR","Foot",2022,0
"KhaDarel Hodge","ATL","WR","13963","weighted",NA,NA,NA,NA,NA,NA,0.217109793420046,0.327007199799652,0,0,0,0,NA,NA,NA,NA,6.53960214231063,3.9695045673279,91.973817903596,63.8845950827473,0.58469013006886,0.496730377857921,NA,NA,NA,NA,NA,NA,NA,NA,NA,NA,NA,NA,NA,NA,NA,NA,NA,NA,NA,NA,NA,NA,NA,NA,NA,NA,NA,NA,NA,NA,NA,NA,2018,1970-01-01,NA,NA,NA,NA
"Penny Hart","SEA","WR","14316","weighted",NA,NA,NA,NA,NA,NA,0,0,0,0,0,0,NA,NA,NA,NA,10.4518952234206,7.91252488147747,109.167858243451,85.7508393544926,0.466379044684129,0.664680374315355,NA,NA,NA,NA,NA,NA,NA,NA,NA,NA,NA,NA,NA,NA,NA,NA,NA,NA,NA,NA,NA,NA,NA,NA,NA,NA,NA,NA,NA,NA,NA,NA,2019,1970-01-01,NA,NA,NA,NA
"Andy Isabella","ARI","WR","14121","weighted",NA,NA,NA,NA,NA,NA,4.03081664098613,5.65685424949238,0,0,0.0751926040061633,0.0353553390593274,NA,NA,NA,NA,11.4786440677966,8.01151983084358,118.461325115562,66.3266160752981,0.661848998459168,0.339411254969543,NA,NA,NA,NA,NA,NA,NA,NA,NA,NA,NA,NA,NA,NA,NA,NA,NA,NA,NA,NA,NA,NA,NA,NA,NA,NA,NA,NA,NA,NA,NA,NA,2019,NA,NA,NA,NA,NA
"DeAndre Carter","LAC","WR","12394","weighted",NA,NA,NA,NA,NA,NA,20.5385139740968,23.3914349619168,0,0,0.0332822085889571,0.0288901637809316,NA,NA,NA,NA,10.0512065439673,4.49394474534848,112.899427402863,44.9544979566472,0.948343558282209,0.282961022737455,NA,NA,NA,NA,NA,NA,NA,NA,NA,NA,NA,NA,NA,NA,NA,NA,NA,NA,NA,NA,NA,NA,NA,NA,NA,NA,NA,NA,NA,NA,NA,NA,2015,1993-04-10,NA,NA,NA,NA
"Ashton Dulin","IND","WR","14315","weighted",NA,NA,NA,NA,NA,NA,7.27192336035372,14.2122770030361,0,0,0.0379513633014001,0.0247108453962253,NA,NA,NA,NA,10.6950036845984,1.83842291355861,125.438703021371,41.042322247359,0.721061164333088,0.475397645192585,NA,NA,NA,NA,NA,NA,NA,NA,NA,NA,NA,NA,NA,NA,NA,NA,NA,NA,NA,NA,NA,NA,NA,NA,NA,NA,NA,NA,NA,NA,NA,NA,2019,1997-05-15,NA,NA,NA,NA
"Dareke Young","SEA","WR","15941","weighted",NA,NA,NA,NA,NA,NA,2.05750253807107,2.35204696460401,0,0,0.00445346869712352,0.00509101074589613,NA,NA,NA,NA,8.63739086294416,6.28895479317835,99.7037969543147,79.5959750742227,0.577837563451777,0.516878100231064,NA,NA,NA,NA,NA,NA,NA,NA,NA,NA,NA,NA,NA,NA,NA,NA,NA,NA,NA,NA,NA,NA,NA,NA,NA,NA,NA,NA,NA,NA,NA,NA,2022,1999-06-04,NA,NA,NA,NA
"Bo Melton","FA","WR","15785","weighted",NA,NA,NA,NA,NA,NA,5.14,NA,0,NA,0.01,NA,NA,NA,NA,NA,12.2,NA,155.53,NA,0.91,NA,NA,NA,NA,NA,NA,NA,NA,NA,NA,NA,NA,NA,NA,NA,NA,NA,NA,NA,NA,NA,NA,NA,NA,NA,NA,NA,NA,NA,NA,NA,NA,NA,2022,1999-05-18,NA,NA,NA,NA
"Erik Ezukanma","MIA","WR","15780","weighted",NA,NA,NA,NA,NA,NA,7.85,NA,0.01,NA,0.01,NA,NA,NA,NA,NA,10.87,NA,142.08,NA,0.83,NA,NA,NA,NA,NA,NA,NA,NA,NA,NA,NA,NA,NA,NA,NA,NA,NA,NA,NA,NA,NA,NA,NA,NA,NA,NA,NA,NA,NA,NA,NA,NA,NA,2022,2000-01-25,NA,NA,NA,NA
"Justin Watson","KC","WR","13776","weighted",NA,NA,NA,NA,NA,NA,0,0,0,0,0.0250762195121951,0.0353553390593274,NA,NA,NA,NA,6.31737804878049,8.06101730552664,70.2012195121951,93.3380951166243,1.0030487804878,1.4142135623731,NA,NA,NA,NA,NA,NA,NA,NA,NA,NA,NA,NA,NA,NA,NA,NA,NA,NA,NA,NA,NA,NA,NA,NA,NA,NA,NA,NA,NA,NA,NA,NA,2018,1996-04-04,NA,NA,NA,NA
"Kendall Hinton","FA","WR","15183","weighted",NA,NA,NA,NA,NA,NA,0,NA,0,NA,0,NA,NA,NA,NA,NA,11.17,NA,131.17,NA,0.98,NA,NA,NA,NA,NA,NA,NA,NA,NA,NA,NA,NA,NA,NA,NA,NA,NA,NA,NA,NA,NA,NA,NA,NA,NA,NA,NA,NA,NA,NA,NA,NA,NA,2020,1997-02-19,NA,NA,NA,NA
"Dax Milne","WAS","WR","15326","weighted",NA,NA,NA,NA,NA,NA,13.1001540832049,18.3847763108502,0,0,0.526348228043143,0.247487373415292,NA,NA,NA,NA,7.66862865947612,6.17304219975856,85.5528505392912,64.7709811566878,0.461848998459168,0.339411254969543,NA,NA,NA,NA,NA,NA,NA,NA,NA,NA,NA,NA,NA,NA,NA,NA,NA,NA,NA,NA,NA,NA,NA,NA,NA,NA,NA,NA,NA,NA,NA,NA,2021,1970-01-01,NA,NA,NA,NA
"KaVontae Turpin",NA,"WR","15981","weighted",NA,NA,NA,NA,NA,NA,9.66,NA,0.05,NA,0.01,NA,NA,NA,0.1,NA,9.89,NA,129.79,NA,0.78,NA,NA,NA,NA,NA,NA,NA,NA,NA,NA,NA,NA,NA,NA,NA,NA,NA,NA,NA,NA,NA,NA,NA,NA,NA,NA,NA,NA,NA,NA,NA,NA,NA,2022,1996-08-02,NA,NA,NA,NA
"Jalen Nailor","MIN","WR","15786","weighted",NA,NA,NA,NA,NA,NA,5.0625,2.3864853865046,0.015,0.00707106781186548,0.0075,0.00353553390593274,NA,NA,NA,NA,10.8,0.282842712474619,125.36,0.509116882454314,0.905,0.134350288425444,NA,NA,NA,NA,NA,NA,NA,NA,NA,NA,NA,NA,NA,NA,NA,NA,NA,NA,NA,NA,NA,NA,NA,NA,NA,NA,NA,NA,NA,NA,NA,NA,2022,1999-03-02,NA,NA,NA,NA
"David Moore","FA","WR","13348","weighted",NA,NA,NA,NA,NA,NA,22.94,NA,0.16,NA,0.02,NA,NA,NA,NA,NA,9.73,NA,117.95,NA,0.64,NA,NA,NA,NA,NA,NA,NA,NA,NA,NA,NA,NA,NA,NA,NA,NA,NA,NA,NA,NA,NA,NA,NA,NA,NA,NA,NA,NA,NA,NA,NA,NA,NA,2017,1995-01-15,"IR","Lower Leg",2022,0
"Kristian Wilkerson","NE","WR","15528","weighted",NA,NA,NA,NA,NA,NA,0,NA,0,NA,0,NA,NA,NA,NA,NA,10.23,NA,117.18,NA,0.76,NA,NA,NA,NA,NA,NA,NA,NA,NA,NA,NA,NA,NA,NA,NA,NA,NA,NA,NA,NA,NA,NA,NA,NA,NA,NA,NA,NA,NA,NA,NA,NA,NA,2020,1997-01-10,"IR","Concussion",2022,0
"Ihmir Smith-Marsette","MIN","WR","15434","weighted",NA,NA,NA,NA,NA,NA,0,NA,0,NA,0,NA,NA,NA,NA,NA,7.03,NA,93.41,NA,0.52,NA,NA,NA,NA,NA,NA,NA,NA,NA,NA,NA,NA,NA,NA,NA,NA,NA,NA,NA,NA,NA,NA,NA,NA,NA,NA,NA,NA,NA,NA,NA,NA,NA,2021,1999-08-29,NA,NA,NA,NA
"Demetric Felton","CLE","WR","15270","weighted",NA,NA,NA,NA,NA,NA,24,NA,0,NA,0.1,NA,NA,NA,NA,NA,10,NA,109,NA,1,NA,NA,NA,NA,NA,NA,NA,NA,NA,NA,NA,NA,NA,NA,NA,NA,NA,NA,NA,NA,NA,NA,NA,NA,NA,NA,NA,NA,NA,NA,NA,NA,NA,2021,1970-01-01,NA,NA,NA,NA
"David Sills","NYG","WR","14110","weighted",NA,NA,NA,NA,NA,NA,0,0,0,0,0.0332822085889571,0.0288901637809316,NA,NA,NA,NA,4.99609406952965,3.52286227490802,53.8519631901841,46.9007972409611,0.0559713701431493,0.0978462995840866,NA,NA,NA,NA,NA,NA,NA,NA,NA,NA,NA,NA,NA,NA,NA,NA,NA,NA,NA,NA,NA,NA,NA,NA,NA,NA,NA,NA,NA,NA,NA,NA,2019,1995-05-29,NA,NA,NA,NA
"Mike Strachan","IND","WR","15478","weighted",NA,NA,NA,NA,NA,NA,-0.100770416024653,0.14142135623731,0,0,0,0,NA,NA,NA,NA,5.55781201848999,4.07293505963451,61.8930354391371,55.4301005772135,0.327457627118644,0.466690475583121,NA,NA,NA,NA,NA,NA,NA,NA,NA,NA,NA,NA,NA,NA,NA,NA,NA,NA,NA,NA,NA,NA,NA,NA,NA,NA,NA,NA,NA,NA,NA,NA,2021,NA,NA,NA,NA,NA
"Dezmon Patmon","IND","WR","14998","weighted",NA,NA,NA,NA,NA,NA,8.06163328197226,11.3137084989848,0,0,0,0,NA,NA,NA,NA,9.67451463790447,1.74655374953077,95.3484745762712,7.62261110119098,0.433189522342065,0.332340187157677,NA,NA,NA,NA,NA,NA,NA,NA,NA,NA,NA,NA,NA,NA,NA,NA,NA,NA,NA,NA,NA,NA,NA,NA,NA,NA,NA,NA,NA,NA,NA,NA,2020,1970-01-01,NA,NA,NA,NA
"Jason Moore","FA","WR","14545","weighted",NA,NA,NA,NA,NA,NA,0,NA,0,NA,0,NA,NA,NA,NA,NA,7.72,NA,95.25,NA,0.65,NA,NA,NA,NA,NA,NA,NA,NA,NA,NA,NA,NA,NA,NA,NA,NA,NA,NA,NA,NA,NA,NA,NA,NA,NA,NA,NA,NA,NA,NA,NA,NA,NA,2019,NA,NA,NA,NA,NA
"Tim Jones",NA,"WR","16005","weighted",NA,NA,NA,NA,NA,NA,0,NA,0,NA,0,NA,NA,NA,NA,NA,4.6,NA,29,NA,0,NA,NA,NA,NA,NA,NA,NA,NA,NA,NA,NA,NA,NA,NA,NA,NA,NA,NA,NA,NA,NA,NA,NA,NA,NA,NA,NA,NA,NA,NA,NA,NA,NA,2021,1998-05-15,NA,NA,NA,NA
"Seth Williams","FA","WR","15286","weighted",NA,NA,NA,NA,NA,NA,0,NA,0,NA,0,NA,NA,NA,NA,NA,7.37,NA,88.02,NA,0.62,NA,NA,NA,NA,NA,NA,NA,NA,NA,NA,NA,NA,NA,NA,NA,NA,NA,NA,NA,NA,NA,NA,NA,NA,NA,NA,NA,NA,NA,NA,NA,NA,NA,2021,1970-01-01,NA,NA,NA,NA
"Scott Miller","TB","WR","14280","weighted",NA,NA,NA,NA,NA,NA,15,NA,0.2,NA,0,NA,NA,NA,NA,NA,9.5,NA,79,NA,0,NA,NA,NA,NA,NA,NA,NA,NA,NA,NA,NA,NA,NA,NA,NA,NA,NA,NA,NA,NA,NA,NA,NA,NA,NA,NA,NA,NA,NA,NA,NA,NA,NA,2019,1997-07-31,NA,NA,NA,NA
"Samori Toure","GB","WR","15841","weighted",NA,NA,NA,NA,NA,NA,0,NA,0,NA,0,NA,NA,NA,NA,NA,7,NA,84,NA,1,NA,NA,NA,NA,NA,NA,NA,NA,NA,NA,NA,NA,NA,NA,NA,NA,NA,NA,NA,NA,NA,NA,NA,NA,NA,NA,NA,NA,NA,NA,NA,NA,NA,2022,1998-03-24,NA,NA,NA,NA
"Dante Pettis","CHI","WR","13634","weighted",NA,NA,NA,NA,NA,NA,0,0,0,0,0,0,NA,NA,NA,NA,4.76921417565485,2.60922402257836,59.893343605547,27.2306821434939,0.593158705701079,0.579827560572969,NA,NA,NA,NA,NA,NA,NA,NA,NA,NA,NA,NA,NA,NA,NA,NA,NA,NA,NA,NA,NA,NA,NA,NA,NA,NA,NA,NA,NA,NA,NA,NA,2018,1995-10-23,NA,NA,NA,NA
"Mike Thomas","CIN","WR","12675","weighted",NA,NA,NA,NA,NA,NA,0,NA,0,NA,0,NA,NA,NA,NA,NA,7.09,NA,78.36,NA,0.55,NA,NA,NA,NA,NA,NA,NA,NA,NA,NA,NA,NA,NA,NA,NA,NA,NA,NA,NA,NA,NA,NA,NA,NA,NA,NA,NA,NA,NA,NA,NA,NA,NA,2016,1994-08-16,NA,NA,NA,NA
"Mason Kinsey","FA","WR","15535","weighted",NA,NA,NA,NA,NA,NA,0,NA,0,NA,0,NA,NA,NA,NA,NA,6.42,NA,77.15,NA,0.52,NA,NA,NA,NA,NA,NA,NA,NA,NA,NA,NA,NA,NA,NA,NA,NA,NA,NA,NA,NA,NA,NA,NA,NA,NA,NA,NA,NA,NA,NA,NA,NA,NA,2020,1998-08-29,NA,NA,NA,NA
"Stanley Morgan","CIN","WR","14131","weighted",NA,NA,NA,NA,NA,NA,0.503852080123267,0.707106781186547,0,0,0,0,NA,NA,NA,NA,4.06696456086287,4.22849855149555,41.6112788906009,49.3277690555736,0.267919876733436,0.381837661840736,NA,NA,NA,NA,NA,NA,NA,NA,NA,NA,NA,NA,NA,NA,NA,NA,NA,NA,NA,NA,NA,NA,NA,NA,NA,NA,NA,NA,NA,NA,NA,NA,2019,1970-01-01,NA,NA,NA,NA
"Nsimba Webster","FA","WR","14549","weighted",NA,NA,NA,NA,NA,NA,0,NA,0,NA,0,NA,NA,NA,NA,NA,5.92,NA,76.36,NA,0.4,NA,NA,NA,NA,NA,NA,NA,NA,NA,NA,NA,NA,NA,NA,NA,NA,NA,NA,NA,NA,NA,NA,NA,NA,NA,NA,NA,NA,NA,NA,NA,NA,NA,2019,1970-01-01,NA,NA,NA,NA
"Racey McMath","TEN","WR","15313","weighted",NA,NA,NA,NA,NA,NA,1.00770416024653,1.41421356237309,0,0,0.175192604006163,0.0353553390593274,NA,NA,NA,NA,6.18853620955316,0.268700576850888,61.2692141756549,20.3363910269251,0.257996918335901,0.367695526217005,NA,NA,NA,NA,NA,NA,NA,NA,NA,NA,NA,NA,NA,NA,NA,NA,NA,NA,NA,NA,NA,NA,NA,NA,NA,NA,NA,NA,NA,NA,NA,NA,2021,1970-01-01,"IR","Undisclosed",2022,0
"Trent Taylor","CIN","WR","13316","weighted",NA,NA,NA,NA,NA,NA,0,0,0,0,0,0,NA,NA,NA,NA,5.69759630200308,2.27688383542068,63.228875192604,10.302545801888,0.257996918335901,0.367695526217005,NA,NA,NA,NA,NA,NA,NA,NA,NA,NA,NA,NA,NA,NA,NA,NA,NA,NA,NA,NA,NA,NA,NA,NA,NA,NA,NA,NA,NA,NA,NA,NA,2017,1994-04-30,"Q","Hamstring",2022,0
"Andre Roberts","CAR","WR","9921","weighted",NA,NA,NA,NA,NA,NA,3.52696456086287,4.94974746830583,0,0,0,0,NA,NA,NA,NA,3.15439137134052,3.78302127934803,38.6586748844376,47.9701240356954,0.208382126348228,0.29698484809835,NA,NA,NA,NA,NA,NA,NA,NA,NA,NA,NA,NA,NA,NA,NA,NA,NA,NA,NA,NA,NA,NA,NA,NA,NA,NA,NA,NA,NA,NA,NA,NA,2010,1988-01-09,NA,NA,NA,NA
"Greg Dortch","ARI","WR","14108","weighted",NA,NA,NA,NA,NA,NA,3.52696456086287,4.94974746830583,0,0,0,0,NA,NA,NA,NA,5.49614791987673,0.707106781186547,65.6786748844376,6.66801694658915,0.409922958397535,0.0141421356237309,NA,NA,NA,NA,NA,NA,NA,NA,NA,NA,NA,NA,NA,NA,NA,NA,NA,NA,NA,NA,NA,NA,NA,NA,NA,NA,NA,NA,NA,NA,NA,NA,2019,1998-05-29,NA,NA,NA,NA
"N'Keal Harry","CHI","WR","14101","weighted",NA,NA,NA,NA,NA,NA,0,0,0,0,0.150385208012327,0.0707106781186548,NA,NA,NA,NA,4.34970724191063,1.7819090885901,50.693312788906,18.9646038714232,0.114114021571649,0.162634559672906,NA,NA,NA,NA,NA,NA,NA,NA,NA,NA,NA,NA,NA,NA,NA,NA,NA,NA,NA,NA,NA,NA,NA,NA,NA,NA,NA,NA,NA,NA,NA,NA,2019,1970-01-01,"IR","Ankle",2022,0
"Frank Darby","FA","WR","15304","weighted",NA,NA,NA,NA,NA,NA,0,NA,0,NA,0,NA,NA,NA,NA,NA,4.7,NA,53.73,NA,0.34,NA,NA,NA,NA,NA,NA,NA,NA,NA,NA,NA,NA,NA,NA,NA,NA,NA,NA,NA,NA,NA,NA,NA,NA,NA,NA,NA,NA,NA,NA,NA,NA,NA,2021,NA,NA,NA,NA,NA
"Cameron Batson","FA","WR","13912","weighted",NA,NA,NA,NA,NA,NA,0,NA,0,NA,0,NA,NA,NA,NA,NA,4.81,NA,52.51,NA,0.34,NA,NA,NA,NA,NA,NA,NA,NA,NA,NA,NA,NA,NA,NA,NA,NA,NA,NA,NA,NA,NA,NA,NA,NA,NA,NA,NA,NA,NA,NA,NA,NA,NA,2018,1970-01-01,NA,NA,NA,NA
"Cody Thompson","SEA","WR","14321","weighted",NA,NA,NA,NA,NA,NA,0,NA,0,NA,0,NA,NA,NA,NA,NA,4.82,NA,52.27,NA,0.32,NA,NA,NA,NA,NA,NA,NA,NA,NA,NA,NA,NA,NA,NA,NA,NA,NA,NA,NA,NA,NA,NA,NA,NA,NA,NA,NA,NA,NA,NA,NA,NA,NA,2019,1970-01-01,"IR","Shoulder",2022,0
"Travis Fulgham","FA","WR","14265","weighted",NA,NA,NA,NA,NA,NA,0,NA,0,NA,0,NA,NA,NA,NA,NA,3.49,NA,44.13,NA,0.33,NA,NA,NA,NA,NA,NA,NA,NA,NA,NA,NA,NA,NA,NA,NA,NA,NA,NA,NA,NA,NA,NA,NA,NA,NA,NA,NA,NA,NA,NA,NA,NA,NA,2019,NA,NA,NA,NA,NA
"Jaelon Darden","TB","WR","15321","weighted",NA,NA,NA,NA,NA,NA,0,NA,0,NA,0,NA,NA,NA,NA,NA,3.83,NA,43.04,NA,0.35,NA,NA,NA,NA,NA,NA,NA,NA,NA,NA,NA,NA,NA,NA,NA,NA,NA,NA,NA,NA,NA,NA,NA,NA,NA,NA,NA,NA,NA,NA,NA,NA,NA,2021,NA,NA,NA,NA,NA
"Jake Kumerow","BUF","WR","12443","weighted",NA,NA,NA,NA,NA,NA,3.0231124807396,4.24264068711928,0,0,0,0,NA,NA,NA,NA,3.77673343605547,0.318198051533946,39.9818489984592,4.24971175493115,0.168690292758089,0.240416305603426,NA,NA,NA,NA,NA,NA,NA,NA,NA,NA,NA,NA,NA,NA,NA,NA,NA,NA,NA,NA,NA,NA,NA,NA,NA,NA,NA,NA,NA,NA,NA,NA,NA,NA,NA,NA,NA,NA
"Marquez Stevenson","BUF","WR","15317","weighted",NA,NA,NA,NA,NA,NA,2,NA,0,NA,0,NA,NA,NA,NA,NA,0.8,NA,7,NA,0,NA,NA,NA,NA,NA,NA,NA,NA,NA,NA,NA,NA,NA,NA,NA,NA,NA,NA,NA,NA,NA,NA,NA,NA,NA,NA,NA,NA,NA,NA,NA,NA,NA,2021,1970-01-01,"IR","Foot",2022,0
"Trenton Irwin","FA","WR","14551","weighted",NA,NA,NA,NA,NA,NA,0,NA,0,NA,0,NA,NA,NA,NA,NA,3.54,NA,39.73,NA,0.31,NA,NA,NA,NA,NA,NA,NA,NA,NA,NA,NA,NA,NA,NA,NA,NA,NA,NA,NA,NA,NA,NA,NA,NA,NA,NA,NA,NA,NA,NA,NA,NA,NA,2019,1995-12-10,NA,NA,NA,NA
"River Cracraft","FA","WR","13862","weighted",NA,NA,NA,NA,NA,NA,0,NA,0,NA,0,NA,NA,NA,NA,NA,3.54,NA,38.81,NA,0.21,NA,NA,NA,NA,NA,NA,NA,NA,NA,NA,NA,NA,NA,NA,NA,NA,NA,NA,NA,NA,NA,NA,NA,NA,NA,NA,NA,NA,NA,NA,NA,NA,NA,2017,NA,NA,NA,NA,NA
"Isaiah Coulter","FA","WR","14972","weighted",NA,NA,NA,NA,NA,NA,0,NA,0,NA,0,NA,NA,NA,NA,NA,2.99,NA,38.47,NA,0.17,NA,NA,NA,NA,NA,NA,NA,NA,NA,NA,NA,NA,NA,NA,NA,NA,NA,NA,NA,NA,NA,NA,NA,NA,NA,NA,NA,NA,NA,NA,NA,NA,NA,2020,NA,NA,NA,NA,NA
"Steven Sims","PIT","WR","14613","weighted",NA,NA,NA,NA,NA,NA,0,NA,0,NA,0,NA,NA,NA,NA,NA,3.73,NA,38.4,NA,0.22,NA,NA,NA,NA,NA,NA,NA,NA,NA,NA,NA,NA,NA,NA,NA,NA,NA,NA,NA,NA,NA,NA,NA,NA,NA,NA,NA,NA,NA,NA,NA,NA,NA,2019,1970-01-01,NA,NA,NA,NA
"Gunner Olszewski","PIT","WR","14555","weighted",NA,NA,NA,NA,NA,NA,0.1,NA,0,NA,0,NA,NA,NA,NA,NA,1.5,NA,14,NA,0,NA,NA,NA,NA,NA,NA,NA,NA,NA,NA,NA,NA,NA,NA,NA,NA,NA,NA,NA,NA,NA,NA,NA,NA,NA,NA,NA,NA,NA,NA,NA,NA,NA,2019,1996-11-26,NA,NA,NA,NA
"Malik Turner","SF","WR","13669","weighted",NA,NA,NA,NA,NA,NA,0,NA,0,NA,0,NA,NA,NA,NA,NA,3.12,NA,35.21,NA,0.32,NA,NA,NA,NA,NA,NA,NA,NA,NA,NA,NA,NA,NA,NA,NA,NA,NA,NA,NA,NA,NA,NA,NA,NA,NA,NA,NA,NA,NA,NA,NA,NA,NA,2018,1996-01-30,NA,NA,NA,NA
"Brandon Powell","LAR","WR","13910","weighted",NA,NA,NA,NA,NA,NA,1.00770416024653,1.41421356237309,0,0,0,0,NA,NA,NA,NA,1.36228043143297,1.33643181644257,8.74801232665639,6.05990511476871,0.014884437596302,0.0212132034355964,NA,NA,NA,NA,NA,NA,NA,NA,NA,NA,NA,NA,NA,NA,NA,NA,NA,NA,NA,NA,NA,NA,NA,NA,NA,NA,NA,NA,NA,NA,NA,NA,2018,1970-01-01,NA,NA,NA,NA
"Travis Kelce","KC","TE","11244","weighted",NA,NA,NA,NA,NA,NA,5.9368610374858,3.15013103901407,0.873351458152364,0.555743916388754,0.477723400227187,0.26956680314063,NA,NA,NA,NA,99.4642976145399,12.8844216496308,1197.30151836426,161.333760191322,9.48124195380538,1.46051422456152,NA,NA,NA,NA,NA,NA,NA,NA,NA,NA,NA,NA,NA,NA,NA,NA,NA,NA,NA,NA,NA,NA,NA,NA,NA,NA,NA,NA,NA,NA,NA,NA,2013,1989-10-05,NA,NA,NA,NA
"Mark Andrews","BAL","TE","13671","weighted",NA,NA,NA,NA,NA,NA,2.64047425217721,3.43880458789207,0,0,0.366061151079137,0.311462884095388,NA,NA,NA,NA,92.5540363498675,7.1286816919442,1152.48476334722,93.4959030702031,8.64605452480121,0.909962050521557,NA,NA,NA,NA,NA,NA,NA,NA,NA,NA,NA,NA,NA,NA,NA,NA,NA,NA,NA,NA,NA,NA,NA,NA,NA,NA,NA,NA,NA,NA,NA,NA,2018,1995-09-06,NA,NA,NA,NA
"Darren Waller","LVR","TE","12263","weighted",NA,NA,NA,NA,NA,NA,6.3217020068156,7.47686270998431,0.0762892843619841,0.0703641720938521,0.912924397324246,0.0889476968294213,NA,NA,NA,NA,83.7042370314275,10.4691969366358,986.997216963272,97.6529469123765,5.45446421809921,1.35470336212797,NA,NA,NA,NA,NA,NA,NA,NA,NA,NA,NA,NA,NA,NA,NA,NA,NA,NA,NA,NA,NA,NA,NA,NA,NA,NA,NA,NA,NA,NA,NA,NA,2015,1992-09-13,NA,NA,NA,NA
"George Kittle","SF","TE","13299","weighted",NA,NA,NA,NA,NA,NA,14.8254024990534,4.56649672486057,0.0857832433500373,0.120776779784079,0.533554524801212,0.268558615573974,NA,NA,NA,NA,71.651525937145,7.69825273486462,911.43293449451,135.683850191178,5.92903067020068,0.722568454027576,NA,NA,NA,NA,NA,NA,NA,NA,NA,NA,NA,NA,NA,NA,NA,NA,NA,NA,NA,NA,NA,NA,NA,NA,NA,NA,NA,NA,NA,NA,NA,NA,2017,1993-10-09,"Q","Groin",2022,0
"Kyle Pitts","ATL","TE","15329","weighted",NA,NA,NA,NA,NA,NA,0.265802726240061,0.346166463738423,0,0,0.5032184778493,0.269518257986578,NA,NA,NA,NA,76.1024195380538,4.7482914079007,1039.13822037107,82.1706986798178,5.09951912154487,2.10437863350996,NA,NA,NA,NA,NA,NA,NA,NA,NA,NA,NA,NA,NA,NA,NA,NA,NA,NA,NA,NA,NA,NA,NA,NA,NA,NA,NA,NA,NA,NA,NA,NA,2021,2000-10-06,NA,NA,NA,NA
"Dallas Goedert","PHI","TE","13674","weighted",NA,NA,NA,NA,NA,NA,0.228189132904203,0.29718064339808,0,0,0.5032184778493,0.269518257986578,NA,NA,NA,NA,66.2468761832639,5.30753823651308,838.129488829989,122.523423978382,5.3492843619841,1.01962428632606,NA,NA,NA,NA,NA,NA,NA,NA,NA,NA,NA,NA,NA,NA,NA,NA,NA,NA,NA,NA,NA,NA,NA,NA,NA,NA,NA,NA,NA,NA,NA,NA,2018,1995-01-03,NA,NA,NA,NA
"Dalton Schultz","DAL","TE","13772","weighted",NA,NA,NA,NA,NA,NA,0.260787580461946,0.339635021026377,0,0,0.478354158778241,0.270303564971411,NA,NA,NA,NA,77.1106209769027,3.75586151888339,794.69497538811,71.4347955284699,6.47312381673609,0.897362871004545,NA,NA,NA,NA,NA,NA,NA,NA,NA,NA,NA,NA,NA,NA,NA,NA,NA,NA,NA,NA,NA,NA,NA,NA,NA,NA,NA,NA,NA,NA,NA,NA,2018,1996-07-11,NA,NA,NA,NA
"T.J. Hockenson","DET","TE","14138","weighted",NA,NA,NA,NA,NA,NA,0.782362741385839,1.01890506307913,0.00250757288905718,0.00326572135602286,0.350527262400606,0.311080108640885,NA,NA,NA,NA,70.0142597500947,6.51468056844692,717.64928057554,83.4691923188214,5.38171904581598,0.871743426393358,NA,NA,NA,NA,NA,NA,NA,NA,NA,NA,NA,NA,NA,NA,NA,NA,NA,NA,NA,NA,NA,NA,NA,NA,NA,NA,NA,NA,NA,NA,NA,NA,2019,1997-07-03,NA,NA,NA,NA
"Zach Ertz","ARI","TE","11247","weighted",NA,NA,NA,NA,NA,NA,2.09155149564559,1.69264625302039,0.00752271866717153,0.00979716406806858,0.406358386974631,0.284482534138077,NA,NA,NA,NA,66.4544225672094,6.10644181155507,681.18128739114,66.6772212878172,4.87202953426732,1.26447362046119,NA,NA,NA,NA,NA,NA,NA,NA,NA,NA,NA,NA,NA,NA,NA,NA,NA,NA,NA,NA,NA,NA,NA,NA,NA,NA,NA,NA,NA,NA,NA,NA,2013,1990-11-10,"Q","Calf",2022,0
"Tyler Higbee","LAR","TE","12678","weighted",NA,NA,NA,NA,NA,NA,0.265802726240061,0.346166463738423,0,0,0.478354158778241,0.270303564971411,NA,NA,NA,NA,59.1421961378266,6.6667945319632,598.865403256342,80.3700393174637,4.75485043544112,0.778238706885145,NA,NA,NA,NA,NA,NA,NA,NA,NA,NA,NA,NA,NA,NA,NA,NA,NA,NA,NA,NA,NA,NA,NA,NA,NA,NA,NA,NA,NA,NA,NA,NA,2016,1993-01-01,NA,NA,NA,NA
"Mike Gesicki","MIA","TE","13672","weighted",NA,NA,NA,NA,NA,NA,0.283355736463461,0.369026513230583,0,0,0.478354158778241,0.270303564971411,NA,NA,NA,NA,61.072256720939,5.30270789057873,663.244191594093,74.1306858929702,4.05368799697084,0.979523230507852,NA,NA,NA,NA,NA,NA,NA,NA,NA,NA,NA,NA,NA,NA,NA,NA,NA,NA,NA,NA,NA,NA,NA,NA,NA,NA,NA,NA,NA,NA,NA,NA,2018,1995-10-03,NA,NA,NA,NA
"Irv Smith Jr.","MIN","TE","14141","weighted",NA,NA,NA,NA,NA,NA,0.215728813559322,0.300128880660921,0,0,0.521313559322034,0.222265454541436,NA,NA,NA,NA,53.3220466101695,5.79259792490592,599.353309322034,75.5307229212989,5.47318644067797,1.18505835415619,NA,NA,NA,NA,NA,NA,NA,NA,NA,NA,NA,NA,NA,NA,NA,NA,NA,NA,NA,NA,NA,NA,NA,NA,NA,NA,NA,NA,NA,NA,NA,NA,2019,1970-01-01,NA,NA,NA,NA
"Noah Fant","SEA","TE","14137","weighted",NA,NA,NA,NA,NA,NA,2.0308481635744,2.18628774181232,0,0,0.478354158778241,0.270303564971411,NA,NA,NA,NA,62.6541575160924,6.72364424491446,647.799288148429,64.6754243875222,4.04300265051117,0.876434042814707,NA,NA,NA,NA,NA,NA,NA,NA,NA,NA,NA,NA,NA,NA,NA,NA,NA,NA,NA,NA,NA,NA,NA,NA,NA,NA,NA,NA,NA,NA,NA,NA,2019,1997-11-20,NA,NA,NA,NA
"Gerald Everett","LAC","TE","13236","weighted",NA,NA,NA,NA,NA,NA,8.1139341158652,6.21073040382992,0.0125378644452859,0.0163286067801143,0.716588413479742,0.622408011273598,NA,NA,NA,NA,54.287084437713,10.1523207122677,560.238065126846,117.672655765611,4.51484286255206,0.922236798980652,NA,NA,NA,NA,NA,NA,NA,NA,NA,NA,NA,NA,NA,NA,NA,NA,NA,NA,NA,NA,NA,NA,NA,NA,NA,NA,NA,NA,NA,NA,NA,NA,2017,1994-06-25,NA,NA,NA,NA
"Dawson Knox","BUF","TE","14143","weighted",NA,NA,NA,NA,NA,NA,1.32096932979932,1.2285901730075,0,0,0.589991164962767,0.170091960704583,NA,NA,NA,NA,53.5986595986369,5.91973526164735,632.310272624006,47.8521807392216,7.04198031048845,1.55312538674754,NA,NA,NA,NA,NA,NA,NA,NA,NA,NA,NA,NA,NA,NA,NA,NA,NA,NA,NA,NA,NA,NA,NA,NA,NA,NA,NA,NA,NA,NA,NA,NA,2019,1996-11-14,NA,NA,NA,NA
"Cole Kmet","CHI","TE","14867","weighted",NA,NA,NA,NA,NA,NA,0.57058216584627,1.62256435803562,0.00501514577811435,0.00653144271204572,0.726694433926543,0.118363103577224,NA,NA,NA,NA,63.2650889814464,7.59457524929604,653.254869367664,65.9550638281195,3.74866338508141,1.33863670875643,NA,NA,NA,NA,NA,NA,NA,NA,NA,NA,NA,NA,NA,NA,NA,NA,NA,NA,NA,NA,NA,NA,NA,NA,NA,NA,NA,NA,NA,NA,NA,NA,2020,1999-03-10,NA,NA,NA,NA
"Hunter Henry","NE","TE","12676","weighted",NA,NA,NA,NA,NA,NA,2.73821942446043,3.16877285322967,0,0,0.0248643190710589,0.0155196263195692,NA,NA,NA,NA,52.4099015524422,4.50593000331748,599.392801968951,67.3960364304974,6.32739492616433,1.29434195864909,NA,NA,NA,NA,NA,NA,NA,NA,NA,NA,NA,NA,NA,NA,NA,NA,NA,NA,NA,NA,NA,NA,NA,NA,NA,NA,NA,NA,NA,NA,NA,NA,2016,1994-12-07,NA,NA,NA,NA
"David Njoku","CLE","TE","13192","weighted",NA,NA,NA,NA,NA,NA,0.57674176448315,0.751115911885258,0,0,0.478354158778241,0.270303564971411,NA,NA,NA,NA,53.4235554714123,5.52372276052185,595.004986747444,65.3347979667696,4.96218099204847,1.78356079845439,NA,NA,NA,NA,NA,NA,NA,NA,NA,NA,NA,NA,NA,NA,NA,NA,NA,NA,NA,NA,NA,NA,NA,NA,NA,NA,NA,NA,NA,NA,NA,NA,2017,1996-07-10,NA,NA,NA,NA
"Cameron Brate","TB","TE","12110","weighted",NA,NA,NA,NA,NA,NA,0.190657439446367,0.268052681266845,0,0,0.023659169550173,0.0163500976392675,NA,NA,NA,NA,40.496526816609,13.1349321509474,414.727711937716,166.459886603847,4.06387975778547,1.40546878466714,NA,NA,NA,NA,NA,NA,NA,NA,NA,NA,NA,NA,NA,NA,NA,NA,NA,NA,NA,NA,NA,NA,NA,NA,NA,NA,NA,NA,NA,NA,NA,NA,2014,1991-07-03,NA,NA,NA,NA
"Robert Tonyan","GB","TE","13427","weighted",NA,NA,NA,NA,NA,NA,0.295893600908747,0.385355120010697,0,0,0.0248643190710589,0.0155196263195692,NA,NA,NA,NA,47.8372661870504,6.73142166451312,542.083566830746,87.2971815247902,5.1187807648618,1.06960059201026,NA,NA,NA,NA,NA,NA,NA,NA,NA,NA,NA,NA,NA,NA,NA,NA,NA,NA,NA,NA,NA,NA,NA,NA,NA,NA,NA,NA,NA,NA,NA,NA,2017,1994-04-30,NA,NA,NA,NA
"Albert Okwuegbunam","DEN","TE","14873","weighted",NA,NA,NA,NA,NA,NA,0.21314369556986,0.277586315261943,0,0,0.913025369178342,0.0359971286828457,NA,NA,NA,NA,54.369469897766,6.49306786482638,569.681556228701,67.1249873908132,4.98485800833018,0.89717873823872,NA,NA,NA,NA,NA,NA,NA,NA,NA,NA,NA,NA,NA,NA,NA,NA,NA,NA,NA,NA,NA,NA,NA,NA,NA,NA,NA,NA,NA,NA,NA,NA,2020,1998-04-25,NA,NA,NA,NA
"Evan Engram","JAC","TE","13189","weighted",NA,NA,NA,NA,NA,NA,0.202044680045437,1.23547584341568,0,0,0.850814085573646,0.0931177579174153,NA,NA,NA,NA,55.3733964407421,6.39088128373277,564.641703900038,69.231528166737,3.86541461567588,1.06102350328834,NA,NA,NA,NA,NA,NA,NA,NA,NA,NA,NA,NA,NA,NA,NA,NA,NA,NA,NA,NA,NA,NA,NA,NA,NA,NA,NA,NA,NA,NA,NA,NA,2017,1994-09-02,NA,NA,NA,NA
"Pat Freiermuth","PIT","TE","15331","weighted",NA,NA,NA,NA,NA,NA,0.190575539568345,0.248194823057737,0.0667171525937145,0.0614227067900345,0.838432411965165,0.0754067092989944,NA,NA,NA,NA,65.6521620598258,4.1982182625346,586.565088981446,41.5095332146237,5.7934305187429,2.13988592848214,NA,NA,NA,NA,NA,NA,NA,NA,NA,NA,NA,NA,NA,NA,NA,NA,NA,NA,NA,NA,NA,NA,NA,NA,NA,NA,NA,NA,NA,NA,NA,NA,2021,1998-10-25,NA,NA,NA,NA
"Logan Thomas","WAS","TE","11647","weighted",NA,NA,NA,NA,NA,NA,3.08956550549034,2.8715033765092,0.00752271866717153,0.00979716406806858,0.545936198409693,0.274311207944083,NA,NA,NA,NA,53.8846914047709,7.33379943173446,561.016758803484,74.7705750760682,5.0073381294964,1.22547783581433,NA,NA,NA,NA,NA,NA,NA,NA,NA,NA,NA,NA,NA,NA,NA,NA,NA,NA,NA,NA,NA,NA,NA,NA,NA,NA,NA,NA,NA,NA,NA,NA,2014,1991-07-01,"Q","Knee - ACL",2022,0
"Brevin Jordan","HOU","TE","15330","weighted",NA,NA,NA,NA,NA,NA,0.616105641802348,0.479096968807306,0,0,0.0248643190710589,0.0155196263195692,NA,NA,NA,NA,43.1322037107156,6.68818463971324,428.634320333207,81.3727450921067,3.73663385081409,1.23566958025402,NA,NA,NA,NA,NA,NA,NA,NA,NA,NA,NA,NA,NA,NA,NA,NA,NA,NA,NA,NA,NA,NA,NA,NA,NA,NA,NA,NA,NA,NA,NA,NA,2021,2000-07-16,NA,NA,NA,NA
"Austin Hooper","TEN","TE","12677","weighted",NA,NA,NA,NA,NA,NA,0.210636122680803,0.27432059390592,0,0,0.776322100214565,0.0954470572099343,NA,NA,NA,NA,50.4625293449451,5.73680413436598,489.093123816736,49.0420155660956,4.20792502839833,1.03431639887332,NA,NA,NA,NA,NA,NA,NA,NA,NA,NA,NA,NA,NA,NA,NA,NA,NA,NA,NA,NA,NA,NA,NA,NA,NA,NA,NA,NA,NA,NA,NA,NA,2016,1994-10-29,NA,NA,NA,NA
"Hayden Hurst","CIN","TE","13680","weighted",NA,NA,NA,NA,NA,NA,0.325984475577433,0.424543776282972,0,0,0.801186419285624,0.0831011318258534,NA,NA,NA,NA,47.7929609996214,8.41609837355905,478.164244604317,70.961590614267,4.55864445285877,1.27862770390171,NA,NA,NA,NA,NA,NA,NA,NA,NA,NA,NA,NA,NA,NA,NA,NA,NA,NA,NA,NA,NA,NA,NA,NA,NA,NA,NA,NA,NA,NA,NA,NA,2018,1993-08-24,NA,NA,NA,NA
"C.J. Uzomah","NYJ","TE","12317","weighted",NA,NA,NA,NA,NA,NA,0.208128549791746,0.271054872549897,0,0,0,0,NA,NA,NA,NA,40.9233244982961,9.64604757784507,402.072711094282,101.127725777907,3.00386217341916,1.02155008741701,NA,NA,NA,NA,NA,NA,NA,NA,NA,NA,NA,NA,NA,NA,NA,NA,NA,NA,NA,NA,NA,NA,NA,NA,NA,NA,NA,NA,NA,NA,NA,NA,2015,1993-01-14,NA,NA,NA,NA
"Adam Trautman","NO","TE","14870","weighted",NA,NA,NA,NA,NA,NA,3.263295153351,3.80987377042522,0,0,0.888060078253187,0.103844555368801,NA,NA,NA,NA,34.880071942446,9.0493465277989,368.211813706929,119.193093175622,2.91605452480121,0.984300072906264,NA,NA,NA,NA,NA,NA,NA,NA,NA,NA,NA,NA,NA,NA,NA,NA,NA,NA,NA,NA,NA,NA,NA,NA,NA,NA,NA,NA,NA,NA,NA,NA,2020,1997-02-05,NA,NA,NA,NA
"Isaiah Likely","BAL","TE","15798","weighted",NA,NA,NA,NA,NA,NA,0,0,0,0,0.669319899244332,0.165981018820457,NA,NA,NA,NA,34.2213702770781,8.52229082015801,392.851697732997,118.893858386735,3.58184382871536,1.28307928059676,NA,NA,NA,NA,NA,NA,NA,NA,NA,NA,NA,NA,NA,NA,NA,NA,NA,NA,NA,NA,NA,NA,NA,NA,NA,NA,NA,NA,NA,NA,NA,NA,2022,2000-04-18,NA,NA,NA,NA
"Daniel Bellinger","NYG","TE","15873","weighted",NA,NA,NA,NA,NA,NA,2.75151457781143,2.78348147588555,0.133434305187429,0.122845413580069,0.540363498674744,0.202602311686207,NA,NA,NA,NA,37.188939795532,9.12606601968449,361.566497538811,76.6403306839009,2.74627413858387,0.846387774332088,NA,NA,NA,NA,NA,NA,NA,NA,NA,NA,NA,NA,NA,NA,NA,NA,NA,NA,NA,NA,NA,NA,NA,NA,NA,NA,NA,NA,NA,NA,NA,NA,2022,2000-09-22,NA,NA,NA,NA
"Mo Alie-Cox","IND","TE","13246","weighted",NA,NA,NA,NA,NA,NA,0.238305084745763,0.331537717009157,0,0,0.0238559322033898,0.0162450682758638,NA,NA,NA,NA,35.0158728813559,4.11024789175694,427.614936440678,46.7941191051949,3.53547457627119,0.852651830475805,NA,NA,NA,NA,NA,NA,NA,NA,NA,NA,NA,NA,NA,NA,NA,NA,NA,NA,NA,NA,NA,NA,NA,NA,NA,NA,NA,NA,NA,NA,NA,NA,2016,1993-09-19,NA,NA,NA,NA
"Kyle Rudolph","TB","TE","10312","weighted",NA,NA,NA,NA,NA,NA,0.223173987126089,0.290649200686035,0,0,0.0248643190710589,0.0155196263195692,NA,NA,NA,NA,32.753638773192,8.40870667510755,334.014369556986,87.4466590819187,2.93175312381674,1.55863252040258,NA,NA,NA,NA,NA,NA,NA,NA,NA,NA,NA,NA,NA,NA,NA,NA,NA,NA,NA,NA,NA,NA,NA,NA,NA,NA,NA,NA,NA,NA,NA,NA,2011,1989-11-09,NA,NA,NA,NA
"Tyler Conklin","NYJ","TE","13675","weighted",NA,NA,NA,NA,NA,NA,0.148,0.205902371616213,0,0,0.0238559322033898,0.0162450682758638,NA,NA,NA,NA,35.7942923728814,7.92485056478175,351.991711864407,83.1283848481674,2.01277542372881,0.655413985967944,NA,NA,NA,NA,NA,NA,NA,NA,NA,NA,NA,NA,NA,NA,NA,NA,NA,NA,NA,NA,NA,NA,NA,NA,NA,NA,NA,NA,NA,NA,NA,NA,2018,1995-07-30,NA,NA,NA,NA
"Donald Parham","LAC","TE","14341","weighted",NA,NA,NA,NA,NA,NA,0.194086254146834,0.192663005395163,0,0,0.0236549834126641,0.0163521982742857,NA,NA,NA,NA,22.832353959325,8.08678361840659,242.826750324535,94.3664195764764,2.51006490696668,1.21721714797484,NA,NA,NA,NA,NA,NA,NA,NA,NA,NA,NA,NA,NA,NA,NA,NA,NA,NA,NA,NA,NA,NA,NA,NA,NA,NA,NA,NA,NA,NA,NA,NA,2019,NA,"D","Hamstring",2022,0
"Foster Moreau","LVR","TE","14239","weighted",NA,NA,NA,NA,NA,NA,0.225762711864407,0.31408836348236,0,0,0,0,NA,NA,NA,NA,26.0748940677966,7.63168712679166,308.213504237288,91.1664902402445,2.44584322033898,0.741295386004101,NA,NA,NA,NA,NA,NA,NA,NA,NA,NA,NA,NA,NA,NA,NA,NA,NA,NA,NA,NA,NA,NA,NA,NA,NA,NA,NA,NA,NA,NA,NA,NA,2019,1997-05-06,NA,NA,NA,NA
"Jonnu Smith","NE","TE","13193","weighted",NA,NA,NA,NA,NA,NA,34.2894827716774,5.99511288577344,0.233468646733187,0.324195570230405,0.0267304051495646,0.0167730751336262,NA,NA,NA,NA,31.931919727376,7.89788499275369,335.995123059447,83.2249816746014,2.59296857251041,0.812214663454628,NA,NA,NA,NA,NA,NA,NA,NA,NA,NA,NA,NA,NA,NA,NA,NA,NA,NA,NA,NA,NA,NA,NA,NA,NA,NA,NA,NA,NA,NA,NA,NA,2017,1995-08-22,NA,NA,NA,NA
"John Bates","WAS","TE","15344","weighted",NA,NA,NA,NA,NA,NA,0.173084745762712,0.240801078669809,0,0,0,0,NA,NA,NA,NA,18.0125550847458,7.44316591058696,209.736762711864,104.027950132005,1.22783474576271,0.565639271545667,NA,NA,NA,NA,NA,NA,NA,NA,NA,NA,NA,NA,NA,NA,NA,NA,NA,NA,NA,NA,NA,NA,NA,NA,NA,NA,NA,NA,NA,NA,NA,NA,2021,1997-11-06,NA,NA,NA,NA
"Dan Arnold","JAC","TE","13880","weighted",NA,NA,NA,NA,NA,NA,0.127886217341916,0.166551789157166,0,0,0.999798056291809,0.162639365904836,NA,NA,NA,NA,27.2454751987883,4.10028433359293,323.789954562666,40.0501808243549,1.54831503218478,0.807929280364588,NA,NA,NA,NA,NA,NA,NA,NA,NA,NA,NA,NA,NA,NA,NA,NA,NA,NA,NA,NA,NA,NA,NA,NA,NA,NA,NA,NA,NA,NA,NA,NA,2017,1970-01-01,NA,NA,NA,NA
"Durham Smythe","MIA","TE","13676","weighted",NA,NA,NA,NA,NA,NA,5.55031297324583,7.54809065672556,0.0150605754669359,0.0231741577360307,0.00579757698132257,0.0073650296247291,NA,NA,NA,NA,26.7027460878344,11.2563997803291,266.278536092882,124.647153956801,1.15621403331651,0.719951314592329,NA,NA,NA,NA,NA,NA,NA,NA,NA,NA,NA,NA,NA,NA,NA,NA,NA,NA,NA,NA,NA,NA,NA,NA,NA,NA,NA,NA,NA,NA,NA,NA,2018,1995-08-09,NA,NA,NA,NA
"Jelani Woods","IND","TE","15840","weighted",NA,NA,NA,NA,NA,NA,0.576963917525773,0.637294627768926,0.00333505154639175,0.00368378397554292,0.719484536082474,0.163724376586481,NA,NA,NA,NA,22.6893711340206,12.1435407965429,246.424417525773,146.056981260916,2.16340206185567,1.7400418854818,NA,NA,NA,NA,NA,NA,NA,NA,NA,NA,NA,NA,NA,NA,NA,NA,NA,NA,NA,NA,NA,NA,NA,NA,NA,NA,NA,NA,NA,NA,NA,NA,2022,1998-10-09,NA,NA,NA,NA
"Tommy Tremble","CAR","TE","15332","weighted",NA,NA,NA,NA,NA,NA,7.44029152542373,8.54381953553926,0.0239966101694915,0.0348745275035898,0.0200762711864407,0.0141423282692085,NA,NA,NA,NA,27.6679957627119,8.02116892683998,269.568483050847,88.3509847862608,1.95104661016949,0.831991628463657,NA,NA,NA,NA,NA,NA,NA,NA,NA,NA,NA,NA,NA,NA,NA,NA,NA,NA,NA,NA,NA,NA,NA,NA,NA,NA,NA,NA,NA,NA,NA,NA,2021,2000-06-02,NA,NA,NA,NA
"Harrison Bryant","CLE","TE","14875","weighted",NA,NA,NA,NA,NA,NA,0.157977092010602,0.20574044542944,0,0,0.478354158778241,0.270303564971411,NA,NA,NA,NA,27.8443544112079,6.06006842500129,293.499988640666,69.6221542423426,2.83758803483529,1.22479385759848,NA,NA,NA,NA,NA,NA,NA,NA,NA,NA,NA,NA,NA,NA,NA,NA,NA,NA,NA,NA,NA,NA,NA,NA,NA,NA,NA,NA,NA,NA,NA,NA,2020,1998-04-23,NA,NA,NA,NA
"Greg Dulcich","DEN","TE","15797","weighted",NA,NA,NA,NA,NA,NA,0,0,0,0,0.176197654941374,0.12811572963115,NA,NA,NA,NA,20.6289949748744,8.79664547321137,220.753266331658,113.623311695512,1.86356783919598,1.3063406998787,NA,NA,NA,NA,NA,NA,NA,NA,NA,NA,NA,NA,NA,NA,NA,NA,NA,NA,NA,NA,NA,NA,NA,NA,NA,NA,NA,NA,NA,NA,NA,NA,2022,2000-03-26,"IR","Hamstring",2022,0
"Rob Gronkowski","FA","TE","9902","weighted",NA,NA,NA,NA,NA,NA,0,0,0,0,NA,NA,NA,NA,NA,NA,23.759410801964,4.24264068711929,315.171849427169,58.6898628384835,3.379705400982,2.12132034355964,NA,NA,NA,NA,NA,NA,NA,NA,NA,NA,NA,NA,NA,NA,NA,NA,NA,NA,NA,NA,NA,NA,NA,NA,NA,NA,NA,NA,NA,NA,NA,NA,2010,1989-05-14,NA,NA,NA,NA
"Trey McBride","ARI","TE","15794","weighted",NA,NA,NA,NA,NA,NA,0.531605452480121,0.692332927476846,0.00250757288905718,0.00326572135602286,0.5032184778493,0.269518257986578,NA,NA,NA,NA,20.5011586520257,8.70556475664703,226.523063233624,98.4372215758831,1.70782658084059,0.992630503938589,NA,NA,NA,NA,NA,NA,NA,NA,NA,NA,NA,NA,NA,NA,NA,NA,NA,NA,NA,NA,NA,NA,NA,NA,NA,NA,NA,NA,NA,NA,NA,NA,2022,1999-11-22,NA,NA,NA,NA
"Cade Otton","TB","TE","15802","weighted",NA,NA,NA,NA,NA,NA,0,0,0,0,0.505276225946617,0.360928696306888,NA,NA,NA,NA,19.6186219739292,13.3672629253431,209.052141527002,134.323333319605,1.77777777777778,1.30202645679398,NA,NA,NA,NA,NA,NA,NA,NA,NA,NA,NA,NA,NA,NA,NA,NA,NA,NA,NA,NA,NA,NA,NA,NA,NA,NA,NA,NA,NA,NA,NA,NA,2022,1999-04-15,NA,NA,NA,NA
"Ryan Griffin","CHI","TE","11399","weighted",NA,NA,NA,NA,NA,NA,0.165583554376658,0.235273829943254,0,0,0.0234453286177424,0.0164502279908539,NA,NA,NA,NA,19.5681078691424,7.89106346551424,207.25075596817,88.1729782760367,1.71654730327144,0.823384311031912,NA,NA,NA,NA,NA,NA,NA,NA,NA,NA,NA,NA,NA,NA,NA,NA,NA,NA,NA,NA,NA,NA,NA,NA,NA,NA,NA,NA,NA,NA,NA,NA,2013,1990-01-11,NA,NA,NA,NA
"Anthony Firkser","ATL","TE","13919","weighted",NA,NA,NA,NA,NA,NA,0.36461170212766,0.374796866901192,0,0,0.5,0,NA,NA,NA,NA,26.9247446808511,2.67848198892392,264.342053191489,47.127176995142,1.65593617021277,0.591750246248214,NA,NA,NA,NA,NA,NA,NA,NA,NA,NA,NA,NA,NA,NA,NA,NA,NA,NA,NA,NA,NA,NA,NA,NA,NA,NA,NA,NA,NA,NA,NA,NA,2018,1995-02-19,NA,NA,NA,NA
"Juwan Johnson","NO","TE","14861","weighted",NA,NA,NA,NA,NA,NA,0,0,0,0,0,0,NA,NA,NA,NA,11.845306122449,9.7973969805027,141.927588813303,115.7254874043,1.97369614512472,1.51516812449222,NA,NA,NA,NA,NA,NA,NA,NA,NA,NA,NA,NA,NA,NA,NA,NA,NA,NA,NA,NA,NA,NA,NA,NA,NA,NA,NA,NA,NA,NA,NA,NA,2020,1996-09-13,NA,NA,NA,NA
"Taysom Hill","NO","TE","13424","weighted",NA,NA,NA,NA,NA,NA,314.918080748976,107.575328657834,5.01471000446565,3.14025396748771,2.1225277940316,0.495969009043847,NA,NA,NA,NA,17.4248683440609,9.76021180604474,193.098303101229,112.112341128515,1.79596255119953,1.080922829674,NA,NA,NA,NA,NA,NA,NA,NA,NA,NA,NA,NA,NA,NA,NA,NA,NA,NA,NA,NA,NA,NA,NA,NA,NA,NA,NA,NA,NA,NA,NA,NA,2017,1990-08-23,NA,NA,NA,NA
"Andrew Beck","DEN","TE","14319","weighted",NA,NA,NA,NA,NA,NA,1.59484756097561,2.24859956417322,0.00501524390243902,0.00707106781186548,0,0,NA,NA,NA,NA,14.0212347560976,16.8079281888042,146.911829268293,181.75472703619,1.19362804878049,1.68291413922398,NA,NA,NA,NA,NA,NA,NA,NA,NA,NA,NA,NA,NA,NA,NA,NA,NA,NA,NA,NA,NA,NA,NA,NA,NA,NA,NA,NA,NA,NA,NA,NA,2019,1996-05-15,NA,NA,NA,NA
"Geoff Swaim","TEN","TE","12378","weighted",NA,NA,NA,NA,NA,NA,0.223254237288136,0.310598492777,0,0,0,0,NA,NA,NA,NA,28.2227669491525,6.89917800538221,238.697059322034,45.8081361133993,2.55632627118644,0.784935399324808,NA,NA,NA,NA,NA,NA,NA,NA,NA,NA,NA,NA,NA,NA,NA,NA,NA,NA,NA,NA,NA,NA,NA,NA,NA,NA,NA,NA,NA,NA,NA,NA,NA,NA,NA,NA,NA,NA
"O.J. Howard","HOU","TE","13188","weighted",NA,NA,NA,NA,NA,NA,0,0,0,0,0.0370188679245283,0.0253150760038483,NA,NA,NA,NA,18.7550641509434,8.25083338301094,207.535018867925,76.9145119461646,1.4430641509434,0.663479067524319,NA,NA,NA,NA,NA,NA,NA,NA,NA,NA,NA,NA,NA,NA,NA,NA,NA,NA,NA,NA,NA,NA,NA,NA,NA,NA,NA,NA,NA,NA,NA,NA,2017,1994-11-19,NA,NA,NA,NA
"Zach Gentry","PIT","TE","14240","weighted",NA,NA,NA,NA,NA,NA,0.155750605326876,0.267642103780259,0.100121065375303,0.121788008385482,0,0,NA,NA,NA,NA,19.2695036319613,9.48817730825719,169.21436440678,77.2050157963462,1.00914648910412,0.235516817638494,NA,NA,NA,NA,NA,NA,NA,NA,NA,NA,NA,NA,NA,NA,NA,NA,NA,NA,NA,NA,NA,NA,NA,NA,NA,NA,NA,NA,NA,NA,NA,NA,2019,1970-01-01,NA,NA,NA,NA
"Jake Ferguson","DAL","TE","15799","weighted",NA,NA,NA,NA,NA,NA,0.498829953198128,0.413686713868481,0,0,0,0,NA,NA,NA,NA,16.9706708268331,5.80494051291448,180.651326053042,78.3213857020489,1.55312012480499,0.508549282369108,NA,NA,NA,NA,NA,NA,NA,NA,NA,NA,NA,NA,NA,NA,NA,NA,NA,NA,NA,NA,NA,NA,NA,NA,NA,NA,NA,NA,NA,NA,NA,NA,2022,1999-01-18,NA,NA,NA,NA
"Josiah Deguara","GB","TE","14876","weighted",NA,NA,NA,NA,NA,NA,0.363963907117617,0.56004214528741,0,0,0,0,NA,NA,NA,NA,17.2589853609288,5.54546320468143,173.92454316002,61.7212417881849,1.36038869257951,0.432439262210407,NA,NA,NA,NA,NA,NA,NA,NA,NA,NA,NA,NA,NA,NA,NA,NA,NA,NA,NA,NA,NA,NA,NA,NA,NA,NA,NA,NA,NA,NA,NA,NA,2020,1970-01-01,NA,NA,NA,NA
"Eric Saubert","DEN","TE","13315","weighted",NA,NA,NA,NA,NA,NA,0,0,0,0,0.131218529707956,0.15330459215547,NA,NA,NA,NA,16.5198791540786,11.1198913166556,150.01419939577,106.112592308686,1.30477341389728,0.641205093315552,NA,NA,NA,NA,NA,NA,NA,NA,NA,NA,NA,NA,NA,NA,NA,NA,NA,NA,NA,NA,NA,NA,NA,NA,NA,NA,NA,NA,NA,NA,NA,NA,2017,1994-05-09,NA,NA,NA,NA
"Will Dissly","SEA","TE","13763","weighted",NA,NA,NA,NA,NA,NA,0.153016949152542,0.212882113026933,0,0,0.0238559322033898,0.0162450682758638,NA,NA,NA,NA,19.5986271186441,4.93190113517674,206.101881355932,55.6255566404645,1.18751271186441,0.428320160142047,NA,NA,NA,NA,NA,NA,NA,NA,NA,NA,NA,NA,NA,NA,NA,NA,NA,NA,NA,NA,NA,NA,NA,NA,NA,NA,NA,NA,NA,NA,NA,NA,2018,NA,NA,NA,NA,NA
"Jordan Akins","FA","TE","13753","weighted",NA,NA,NA,NA,NA,NA,0,NA,0,NA,0.5,NA,NA,NA,NA,NA,22,NA,244,NA,1,NA,NA,NA,NA,NA,NA,NA,NA,NA,NA,NA,NA,NA,NA,NA,NA,NA,NA,NA,NA,NA,NA,NA,NA,NA,NA,NA,NA,NA,NA,NA,NA,NA,2018,1992-04-19,NA,NA,NA,NA
"Pharaoh Brown","HOU","TE","13994","weighted",NA,NA,NA,NA,NA,NA,0.263389830508475,0.366436424062753,0,0,0.93228813559322,0.126366490257207,NA,NA,NA,NA,23.9627838983051,5.82114731053659,216.806902542373,42.6234359377368,1.27682627118644,0.571588426829464,NA,NA,NA,NA,NA,NA,NA,NA,NA,NA,NA,NA,NA,NA,NA,NA,NA,NA,NA,NA,NA,NA,NA,NA,NA,NA,NA,NA,NA,NA,NA,NA,2017,1970-01-01,NA,NA,NA,NA
"Maxx Williams","ARI","TE","12206","weighted",NA,NA,NA,NA,NA,NA,0.276331719128329,0.474848893803686,0,0,0,0,NA,NA,NA,NA,14.0238680387409,6.12409370272729,160.659194915254,82.8785450603149,0.954636803874092,0.359761376865629,NA,NA,NA,NA,NA,NA,NA,NA,NA,NA,NA,NA,NA,NA,NA,NA,NA,NA,NA,NA,NA,NA,NA,NA,NA,NA,NA,NA,NA,NA,NA,NA,2015,1994-04-12,NA,NA,NA,NA
"Brock Wright","DET","TE","15626","weighted",NA,NA,NA,NA,NA,NA,0.173335351089588,0.297859760658676,0,0,0,0,NA,NA,NA,NA,15.051803874092,7.57118821950761,135.638631961259,70.4979124974282,1.38606537530266,0.973963021744335,NA,NA,NA,NA,NA,NA,NA,NA,NA,NA,NA,NA,NA,NA,NA,NA,NA,NA,NA,NA,NA,NA,NA,NA,NA,NA,NA,NA,NA,NA,NA,NA,2021,1998-11-27,NA,NA,NA,NA
"Marcedes Lewis","GB","TE","8269","weighted",NA,NA,NA,NA,NA,NA,0.550151331719128,0.945380979481883,0,0,0.485351089588378,0.357073830039264,NA,NA,NA,NA,17.4504176755448,8.7063421223415,168.784110169491,69.5214365519643,0.848771186440678,0.782194939663341,NA,NA,NA,NA,NA,NA,NA,NA,NA,NA,NA,NA,NA,NA,NA,NA,NA,NA,NA,NA,NA,NA,NA,NA,NA,NA,NA,NA,NA,NA,NA,NA,2006,1984-05-19,NA,NA,NA,NA
"Devin Asiasi","FA","TE","14936","weighted",NA,NA,NA,NA,NA,NA,0,0,0,0,0,0,NA,NA,NA,NA,13.7220745216516,11.1799081445071,146.222658610272,102.523374550672,1.23119838872105,0.834310626735652,NA,NA,NA,NA,NA,NA,NA,NA,NA,NA,NA,NA,NA,NA,NA,NA,NA,NA,NA,NA,NA,NA,NA,NA,NA,NA,NA,NA,NA,NA,NA,NA,2020,1970-01-01,"O","Quadriceps",2022,0
"Jeremy Ruckert","NYJ","TE","15796","weighted",NA,NA,NA,NA,NA,NA,0,0,0,0,0,0,NA,NA,NA,NA,10.3596403596404,10.4244395379225,115.131868131868,121.312907359864,1.002997002997,0.992343064517006,NA,NA,NA,NA,NA,NA,NA,NA,NA,NA,NA,NA,NA,NA,NA,NA,NA,NA,NA,NA,NA,NA,NA,NA,NA,NA,NA,NA,NA,NA,NA,NA,2022,2000-08-11,NA,NA,NA,NA
"Kylen Granson","IND","TE","15419","weighted",NA,NA,NA,NA,NA,NA,0,0,0,0,0.0223206958805186,0.0171803319040128,NA,NA,NA,NA,16.7761890694239,5.86467439399348,178.108705071393,65.8352427033148,1.13175775480059,0.75479726972474,NA,NA,NA,NA,NA,NA,NA,NA,NA,NA,NA,NA,NA,NA,NA,NA,NA,NA,NA,NA,NA,NA,NA,NA,NA,NA,NA,NA,NA,NA,NA,NA,2021,1998-03-27,NA,NA,NA,NA
"Nick Boyle","BAL","TE","12328","weighted",NA,NA,NA,NA,NA,NA,0,0,0,0,0,0,NA,NA,NA,NA,12.8958276643991,4.69423786558902,143.438669690098,68.7968344274251,0.660347694633409,0.471848490307727,NA,NA,NA,NA,NA,NA,NA,NA,NA,NA,NA,NA,NA,NA,NA,NA,NA,NA,NA,NA,NA,NA,NA,NA,NA,NA,NA,NA,NA,NA,NA,NA,2015,1993-02-17,NA,NA,NA,NA
"Charlie Woerner","SF","TE","14984","weighted",NA,NA,NA,NA,NA,NA,0,0,0,0,0,0,NA,NA,NA,NA,11.8931368102797,7.44354563208033,125.272819349962,77.0670581990861,0.604368858654573,0.49158570968435,NA,NA,NA,NA,NA,NA,NA,NA,NA,NA,NA,NA,NA,NA,NA,NA,NA,NA,NA,NA,NA,NA,NA,NA,NA,NA,NA,NA,NA,NA,NA,NA,2020,1997-10-16,NA,NA,NA,NA
"Parker Hesse","ATL","TE","15564","weighted",NA,NA,NA,NA,NA,NA,0.237956793862306,0.288683117989581,0,0,0.0395719765798506,0.0366115351809673,NA,NA,NA,NA,16.2322592368262,8.74197465170513,145.627970926711,70.7987107252229,0.962804360993337,0.453822763474966,NA,NA,NA,NA,NA,NA,NA,NA,NA,NA,NA,NA,NA,NA,NA,NA,NA,NA,NA,NA,NA,NA,NA,NA,NA,NA,NA,NA,NA,NA,NA,NA,2019,1995-05-26,NA,NA,NA,NA
"Tyler Kroft","FA","TE","12212","weighted",NA,NA,NA,NA,NA,NA,0,0,0,0,0,0,NA,NA,NA,NA,15.899000999001,0.848225530498973,181.623376623377,26.3812297453669,1.11498501498501,0.857868576112759,NA,NA,NA,NA,NA,NA,NA,NA,NA,NA,NA,NA,NA,NA,NA,NA,NA,NA,NA,NA,NA,NA,NA,NA,NA,NA,NA,NA,NA,NA,NA,NA,2015,1992-10-15,NA,NA,NA,NA
"Ian Thomas","CAR","TE","13678","weighted",NA,NA,NA,NA,NA,NA,0.938257193336699,1.09400729617653,0,0,0.022042739357227,0.0172822301616977,NA,NA,NA,NA,18.1530237253912,3.45677044219214,170.194740030288,35.4246081566139,0.900646138313983,0.208525097836395,NA,NA,NA,NA,NA,NA,NA,NA,NA,NA,NA,NA,NA,NA,NA,NA,NA,NA,NA,NA,NA,NA,NA,NA,NA,NA,NA,NA,NA,NA,NA,NA,2018,1996-06-06,NA,NA,NA,NA
"Chris Myarick","NYG","TE","15620","weighted",NA,NA,NA,NA,NA,NA,0.730178571428572,0.723694868428627,0,0,0.1,0,NA,NA,NA,NA,16.8740714285714,2.5552606900754,162.981,21.2220156149832,1.0765,0.068269988771835,NA,NA,NA,NA,NA,NA,NA,NA,NA,NA,NA,NA,NA,NA,NA,NA,NA,NA,NA,NA,NA,NA,NA,NA,NA,NA,NA,NA,NA,NA,NA,NA,2019,1995-10-06,NA,NA,NA,NA
"Charlie Kolar","BAL","TE","15795","weighted",NA,NA,NA,NA,NA,NA,0,NA,0,NA,0,NA,NA,NA,NA,NA,16,NA,181,NA,2,NA,NA,NA,NA,NA,NA,NA,NA,NA,NA,NA,NA,NA,NA,NA,NA,NA,NA,NA,NA,NA,NA,NA,NA,NA,NA,NA,NA,NA,NA,NA,NA,NA,2022,1999-02-10,"IR","Sports Hernia",2022,0
"Jack Stoll","PHI","TE","15541","weighted",NA,NA,NA,NA,NA,NA,0,0,0,0,0,0,NA,NA,NA,NA,10.0424572004028,6.42223035928357,96.0301711983887,69.6824139383776,0.654259818731118,0.334143604244485,NA,NA,NA,NA,NA,NA,NA,NA,NA,NA,NA,NA,NA,NA,NA,NA,NA,NA,NA,NA,NA,NA,NA,NA,NA,NA,NA,NA,NA,NA,NA,NA,2021,1998-01-28,NA,NA,NA,NA
"Drew Sample","CIN","TE","14146","weighted",NA,NA,NA,NA,NA,NA,0,0,0,0,0.205719324766944,0.210292204890124,NA,NA,NA,NA,12.9692517006803,3.98541633220462,110.451670445956,38.9786429702553,0.766515495086924,0.292785374947674,NA,NA,NA,NA,NA,NA,NA,NA,NA,NA,NA,NA,NA,NA,NA,NA,NA,NA,NA,NA,NA,NA,NA,NA,NA,NA,NA,NA,NA,NA,NA,NA,2019,1996-04-16,NA,NA,NA,NA
"Brycen Hopkins","LAR","TE","14868","weighted",NA,NA,NA,NA,NA,NA,0,0,0,0,0.0197941888619855,0.0183040101777394,NA,NA,NA,NA,11.4343462469734,2.901926133811,117.144515738499,34.2517874271351,0.772820823244552,0.434073279068417,NA,NA,NA,NA,NA,NA,NA,NA,NA,NA,NA,NA,NA,NA,NA,NA,NA,NA,NA,NA,NA,NA,NA,NA,NA,NA,NA,NA,NA,NA,NA,NA,2020,1970-01-01,NA,NA,NA,NA
"Tre' McKitty","LAC","TE","15333","weighted",NA,NA,NA,NA,NA,NA,0,0,0,0,0,0,NA,NA,NA,NA,11.0902191987906,4.36859254535014,105.280377928949,46.6261865639125,0.606802721088435,0.490193295821223,NA,NA,NA,NA,NA,NA,NA,NA,NA,NA,NA,NA,NA,NA,NA,NA,NA,NA,NA,NA,NA,NA,NA,NA,NA,NA,NA,NA,NA,NA,NA,NA,2021,NA,NA,NA,NA,NA
"Tanner Hudson","NYG","TE","14370","weighted",NA,NA,NA,NA,NA,NA,0,0,0,0,0.0250762195121951,0.0353553390593274,NA,NA,NA,NA,13.8911585365854,4.10121933088198,139.951219512195,22.6274169979695,0.501524390243902,0.707106781186548,NA,NA,NA,NA,NA,NA,NA,NA,NA,NA,NA,NA,NA,NA,NA,NA,NA,NA,NA,NA,NA,NA,NA,NA,NA,NA,NA,NA,NA,NA,NA,NA,2018,1994-11-12,NA,NA,NA,NA
"Cole Turner","WAS","TE","15803","weighted",NA,NA,NA,NA,NA,NA,0,0,0,0,0,0,NA,NA,NA,NA,11.9792284866469,1.4142135623731,124.439169139466,38.1837661840736,1,0,NA,NA,NA,NA,NA,NA,NA,NA,NA,NA,NA,NA,NA,NA,NA,NA,NA,NA,NA,NA,NA,NA,NA,NA,NA,NA,NA,NA,NA,NA,NA,NA,2022,2000-03-16,"Q","Hamstring",2022,0
"Jesper Horsted","LVR","TE","14752","weighted",NA,NA,NA,NA,NA,NA,0,0,0,0,0,0,NA,NA,NA,NA,6.98821752265861,6.14171654679916,75.7152265861027,70.490705171086,0.784974823766365,0.23097493145817,NA,NA,NA,NA,NA,NA,NA,NA,NA,NA,NA,NA,NA,NA,NA,NA,NA,NA,NA,NA,NA,NA,NA,NA,NA,NA,NA,NA,NA,NA,NA,NA,2019,1970-01-01,NA,NA,NA,NA
"Jody Fortson","KC","TE","15070","weighted",NA,NA,NA,NA,NA,NA,0,0,0,0,0,0,NA,NA,NA,NA,8.66481049562682,4.71947667678119,88.1660495626822,47.4812183146337,1.30820699708455,0.561931548553006,NA,NA,NA,NA,NA,NA,NA,NA,NA,NA,NA,NA,NA,NA,NA,NA,NA,NA,NA,NA,NA,NA,NA,NA,NA,NA,NA,NA,NA,NA,NA,NA,2019,1970-01-01,NA,NA,NA,NA
"Ko Kieft","TB","TE","15929","weighted",NA,NA,NA,NA,NA,NA,NA,NA,NA,NA,0,NA,NA,NA,NA,NA,14,NA,138,NA,1,NA,NA,NA,NA,NA,NA,NA,NA,NA,NA,NA,NA,NA,NA,NA,NA,NA,NA,NA,NA,NA,NA,NA,NA,NA,NA,NA,NA,NA,NA,NA,NA,NA,2022,1998-01-20,NA,NA,NA,NA
"Chris Manhertz","JAC","TE","12955","weighted",NA,NA,NA,NA,NA,NA,0,0,0,0,0,0,NA,NA,NA,NA,9.7057804632427,2.13481196245734,102.134038267875,26.8900991158381,1.12441087613293,0.781895644354656,NA,NA,NA,NA,NA,NA,NA,NA,NA,NA,NA,NA,NA,NA,NA,NA,NA,NA,NA,NA,NA,NA,NA,NA,NA,NA,NA,NA,NA,NA,NA,NA,NA,1992-04-10,NA,NA,NA,NA
"Jacob Harris","FA","TE","15425","weighted",NA,NA,NA,NA,NA,NA,0,NA,0,NA,0,NA,NA,NA,NA,NA,9,NA,88,NA,1,NA,NA,NA,NA,NA,NA,NA,NA,NA,NA,NA,NA,NA,NA,NA,NA,NA,NA,NA,NA,NA,NA,NA,NA,NA,NA,NA,NA,NA,NA,NA,NA,NA,2021,1970-01-01,NA,NA,NA,NA
"Grant Calcaterra","PHI","TE","15804","weighted",NA,NA,NA,NA,NA,NA,0,0,0,0,0,0,NA,NA,NA,NA,10.4896142433234,0.707106781186548,115.219584569733,19.0918830920368,1,0,NA,NA,NA,NA,NA,NA,NA,NA,NA,NA,NA,NA,NA,NA,NA,NA,NA,NA,NA,NA,NA,NA,NA,NA,NA,NA,NA,NA,NA,NA,NA,NA,2022,1998-12-04,NA,NA,NA,NA
"Stephen Anderson","FA","TE","12859","weighted",NA,NA,NA,NA,NA,NA,0,0,0,0,0,0,NA,NA,NA,NA,7.59726993865031,4.87196572237531,86.5597852760736,59.3333300093632,0.167914110429448,0.240416305603426,NA,NA,NA,NA,NA,NA,NA,NA,NA,NA,NA,NA,NA,NA,NA,NA,NA,NA,NA,NA,NA,NA,NA,NA,NA,NA,NA,NA,NA,NA,NA,NA,2016,1993-01-30,NA,NA,NA,NA
"Chris Herndon","FA","TE","13679","weighted",NA,NA,NA,NA,NA,NA,0,0,0,0,NA,NA,NA,NA,NA,NA,7.82684049079754,5.97505230102633,85.6141104294479,59.2555482634327,0.67898773006135,0.459619407771256,NA,NA,NA,NA,NA,NA,NA,NA,NA,NA,NA,NA,NA,NA,NA,NA,NA,NA,NA,NA,NA,NA,NA,NA,NA,NA,NA,NA,NA,NA,NA,NA,2018,NA,NA,NA,NA,NA
"Johnny Mundt","MIN","TE","13940","weighted",NA,NA,NA,NA,NA,NA,0,0,0,0,0,0,NA,NA,NA,NA,6.01957703927492,4.49327720345504,65.9667875125881,52.7762911862086,0.456676737160121,0.512973563384207,NA,NA,NA,NA,NA,NA,NA,NA,NA,NA,NA,NA,NA,NA,NA,NA,NA,NA,NA,NA,NA,NA,NA,NA,NA,NA,NA,NA,NA,NA,NA,NA,2017,1994-11-23,NA,NA,NA,NA
"Quintin Morris","BUF","TE","15341","weighted",NA,NA,NA,NA,NA,NA,NA,NA,NA,NA,0,NA,NA,NA,NA,NA,12,NA,124,NA,1,NA,NA,NA,NA,NA,NA,NA,NA,NA,NA,NA,NA,NA,NA,NA,NA,NA,NA,NA,NA,NA,NA,NA,NA,NA,NA,NA,NA,NA,NA,NA,NA,NA,2021,1999-01-21,"O","Hamstring",2022,0
"Nick Vannett","NO","TE","12680","weighted",NA,NA,NA,NA,NA,NA,0.163286924939467,0.280592528156723,0,0,0,0,NA,NA,NA,NA,9.7894612590799,3.91898246102325,103.381095641646,35.2286472880636,0.851319612590799,0.301566158370684,NA,NA,NA,NA,NA,NA,NA,NA,NA,NA,NA,NA,NA,NA,NA,NA,NA,NA,NA,NA,NA,NA,NA,NA,NA,NA,NA,NA,NA,NA,NA,NA,2016,NA,NA,NA,NA,NA
"Ross Dwelley","SF","TE","13988","weighted",NA,NA,NA,NA,NA,NA,0,0,0,0,0,0,NA,NA,NA,NA,7.83328798185941,3.03759764247231,87.9645956160242,34.9904431012863,0.792910052910053,0.332690253030927,NA,NA,NA,NA,NA,NA,NA,NA,NA,NA,NA,NA,NA,NA,NA,NA,NA,NA,NA,NA,NA,NA,NA,NA,NA,NA,NA,NA,NA,NA,NA,NA,2018,1970-01-01,NA,NA,NA,NA
"Chigoziem Okonkwo","TEN","TE","15889","weighted",NA,NA,NA,NA,NA,NA,0,0,0,0,0,0,NA,NA,NA,NA,9.2983016983017,2.18993110619255,93.2737262737263,35.5312193559297,0.673326673326673,0.574472060389462,NA,NA,NA,NA,NA,NA,NA,NA,NA,NA,NA,NA,NA,NA,NA,NA,NA,NA,NA,NA,NA,NA,NA,NA,NA,NA,NA,NA,NA,NA,NA,NA,2022,1999-09-08,NA,NA,NA,NA
"Adam Shaheen","HOU","TE","13254","weighted",NA,NA,NA,NA,NA,NA,0,NA,0,NA,0,NA,NA,NA,NA,NA,11,NA,106,NA,1,NA,NA,NA,NA,NA,NA,NA,NA,NA,NA,NA,NA,NA,NA,NA,NA,NA,NA,NA,NA,NA,NA,NA,NA,NA,NA,NA,NA,NA,NA,NA,NA,NA,2017,1994-01-01,"IR","Knee",2022,0
"Josh Oliver","BAL","TE","14209","weighted",NA,NA,NA,NA,NA,NA,0,0,0,0,0,0,NA,NA,NA,NA,8.43201814058957,4.34060640907893,71.7484504913076,40.9400750069318,0.342766439909297,0.477069415018729,NA,NA,NA,NA,NA,NA,NA,NA,NA,NA,NA,NA,NA,NA,NA,NA,NA,NA,NA,NA,NA,NA,NA,NA,NA,NA,NA,NA,NA,NA,NA,NA,2019,1997-03-21,NA,NA,NA,NA
"Blake Bell","KC","TE","12213","weighted",NA,NA,NA,NA,NA,NA,2.49250749250749,2.48085766129252,0,0,0,0,NA,NA,NA,NA,9.52827172827173,3.83116155503761,91.5284715284715,36.4464893383403,0.343656343656344,0.581737409921062,NA,NA,NA,NA,NA,NA,NA,NA,NA,NA,NA,NA,NA,NA,NA,NA,NA,NA,NA,NA,NA,NA,NA,NA,NA,NA,NA,NA,NA,NA,NA,NA,2015,1991-08-07,"IR","Hip",2022,0
"Connor Heyward","PIT","TE","15800","weighted",NA,NA,NA,NA,NA,NA,0,NA,0,NA,0,NA,NA,NA,NA,NA,0.6,NA,6,NA,0,NA,NA,NA,NA,NA,NA,NA,NA,NA,NA,NA,NA,NA,NA,NA,NA,NA,NA,NA,NA,NA,NA,NA,NA,NA,NA,NA,NA,NA,NA,NA,NA,NA,2022,1999-01-22,NA,NA,NA,NA
"Shane Zylstra","DET","TE","15604","weighted",NA,NA,NA,NA,NA,NA,0,0,0,0,0,0,NA,NA,NA,NA,8.24754098360656,5.44472221513642,77.9627421758569,53.7401153701776,0.512667660208644,0.707106781186547,NA,NA,NA,NA,NA,NA,NA,NA,NA,NA,NA,NA,NA,NA,NA,NA,NA,NA,NA,NA,NA,NA,NA,NA,NA,NA,NA,NA,NA,NA,NA,NA,2021,1996-11-16,NA,NA,NA,NA
"Noah Gray","KC","TE","15337","weighted",NA,NA,NA,NA,NA,NA,0.333736884584342,0.405960027951605,0,0,0,0,NA,NA,NA,NA,11.3553147699758,2.0567550356108,92.4124576271186,20.4265217291831,0.916924939467312,0.176246512907657,NA,NA,NA,NA,NA,NA,NA,NA,NA,NA,NA,NA,NA,NA,NA,NA,NA,NA,NA,NA,NA,NA,NA,NA,NA,NA,NA,NA,NA,NA,NA,NA,2021,1999-04-30,NA,NA,NA,NA
"Hunter Long","MIA","TE","15334","weighted",NA,NA,NA,NA,NA,NA,0,0,0,0,0,0,NA,NA,NA,NA,10.0696303696304,2.58298270095697,95.9450549450549,16.5420630123746,0.343656343656344,0.581737409921062,NA,NA,NA,NA,NA,NA,NA,NA,NA,NA,NA,NA,NA,NA,NA,NA,NA,NA,NA,NA,NA,NA,NA,NA,NA,NA,NA,NA,NA,NA,NA,NA,2021,1998-08-19,NA,NA,NA,NA
"Luke Farrell","JAC","TE","15335","weighted",NA,NA,NA,NA,NA,NA,0,0,0,0,0,0,NA,NA,NA,NA,9.73696303696304,2.05490580396961,84.3576423576424,20.074745106328,0.343656343656344,0.581737409921062,NA,NA,NA,NA,NA,NA,NA,NA,NA,NA,NA,NA,NA,NA,NA,NA,NA,NA,NA,NA,NA,NA,NA,NA,NA,NA,NA,NA,NA,NA,NA,NA,2021,1997-10-14,NA,NA,NA,NA
"Tyler Davis","GB","TE","14996","weighted",NA,NA,NA,NA,NA,NA,0,0,0,0,0,0,NA,NA,NA,NA,6.81597883597884,3.83726734417069,64.8589266817838,35.3643450760102,0.594633408919123,0.497610134115845,NA,NA,NA,NA,NA,NA,NA,NA,NA,NA,NA,NA,NA,NA,NA,NA,NA,NA,NA,NA,NA,NA,NA,NA,NA,NA,NA,NA,NA,NA,NA,NA,2020,1970-01-01,NA,NA,NA,NA
"James Mitchell","DET","TE","15909","weighted",NA,NA,NA,NA,NA,NA,NA,NA,NA,NA,0,NA,NA,NA,NA,NA,12,NA,106,NA,1,NA,NA,NA,NA,NA,NA,NA,NA,NA,NA,NA,NA,NA,NA,NA,NA,NA,NA,NA,NA,NA,NA,NA,NA,NA,NA,NA,NA,NA,NA,NA,NA,NA,2022,1999-08-11,NA,NA,NA,NA
"Mitchell Wilcox","CIN","TE","15563","weighted",NA,NA,NA,NA,NA,NA,0,0,0,0,0,0,NA,NA,NA,NA,6.20074515648286,8.41457069611991,54.3174366616989,73.5391052434009,0.512667660208644,0.707106781186547,NA,NA,NA,NA,NA,NA,NA,NA,NA,NA,NA,NA,NA,NA,NA,NA,NA,NA,NA,NA,NA,NA,NA,NA,NA,NA,NA,NA,NA,NA,NA,NA,2020,1996-11-07,"Q","Ankle",2022,0
"Tommy Sweeney","BUF","TE","14294","weighted",NA,NA,NA,NA,NA,NA,0,0,0,0,0,0,NA,NA,NA,NA,10.9766020864382,1.48492424049175,76.6840536512668,38.1837661840736,0.853800298062593,0.212132034355964,NA,NA,NA,NA,NA,NA,NA,NA,NA,NA,NA,NA,NA,NA,NA,NA,NA,NA,NA,NA,NA,NA,NA,NA,NA,NA,NA,NA,NA,NA,NA,NA,2019,1970-01-01,NA,NA,NA,NA
"Jesse James","FA","TE","12211","weighted",NA,NA,NA,NA,NA,NA,0,0,0,0,0,0,NA,NA,NA,NA,7.44220883534137,5.46091090119666,70.0460040160642,51.5133849025722,1.02208835341365,1.00132721683115,NA,NA,NA,NA,NA,NA,NA,NA,NA,NA,NA,NA,NA,NA,NA,NA,NA,NA,NA,NA,NA,NA,NA,NA,NA,NA,NA,NA,NA,NA,NA,NA,2015,1994-06-04,NA,NA,NA,NA
"John FitzPatrick","ATL","TE","15925","weighted",NA,NA,NA,NA,NA,NA,0,NA,0,NA,0,NA,NA,NA,NA,NA,1.2,NA,10,NA,0,NA,NA,NA,NA,NA,NA,NA,NA,NA,NA,NA,NA,NA,NA,NA,NA,NA,NA,NA,NA,NA,NA,NA,NA,NA,NA,NA,NA,NA,NA,NA,NA,NA,2022,2000-03-09,"IR","Undisclosed",2022,0
"Stephen Sullivan","CAR","TE","15026","weighted",NA,NA,NA,NA,NA,NA,0,0,0,0,0,0,NA,NA,NA,NA,6.94921921921922,4.46184378928712,67.634024024024,41.4859548522147,0.666396396396396,0.487903679018718,NA,NA,NA,NA,NA,NA,NA,NA,NA,NA,NA,NA,NA,NA,NA,NA,NA,NA,NA,NA,NA,NA,NA,NA,NA,NA,NA,NA,NA,NA,NA,NA,2020,1970-01-01,NA,NA,NA,NA
"MyCole Pruitt","FA","TE","12309","weighted",NA,NA,NA,NA,NA,NA,0,0,0,0,0,0,NA,NA,NA,NA,8.11104294478528,1.27279220613579,80.7349386503067,16.1291056788652,0.762944785276074,0.339411254969543,NA,NA,NA,NA,NA,NA,NA,NA,NA,NA,NA,NA,NA,NA,NA,NA,NA,NA,NA,NA,NA,NA,NA,NA,NA,NA,NA,NA,NA,NA,NA,NA,2015,1992-03-24,NA,NA,NA,NA
"Ben Ellefson","MIN","TE","15088","weighted",NA,NA,NA,NA,NA,NA,0,0,0,0,0,0,NA,NA,NA,NA,6.08057057057057,2.80721392131059,63.8886786786787,35.2634151777731,0.680900900900901,0.466690475583121,NA,NA,NA,NA,NA,NA,NA,NA,NA,NA,NA,NA,NA,NA,NA,NA,NA,NA,NA,NA,NA,NA,NA,NA,NA,NA,NA,NA,NA,NA,NA,NA,2020,1970-01-01,NA,NA,NA,NA
"Teagan Quitoriano","HOU","TE","15905","weighted",NA,NA,NA,NA,NA,NA,0.497716894977169,0.707106781186548,0,0,0.6,0,NA,NA,NA,NA,5.51598173515982,4.94974746830583,48.6529680365297,47.3761543394987,0.502283105022831,0.707106781186548,NA,NA,NA,NA,NA,NA,NA,NA,NA,NA,NA,NA,NA,NA,NA,NA,NA,NA,NA,NA,NA,NA,NA,NA,NA,NA,NA,NA,NA,NA,NA,NA,2022,2000-03-15,"IR","Knee",2022,0
"Tyree Jackson","PHI","TE","14060","weighted",NA,NA,NA,NA,NA,NA,0,0,0,0,0.0248073959938367,0.0353553390593274,NA,NA,NA,NA,3.53830508474576,4.90024999362277,31.9298613251156,44.0810367391694,0.312573189522342,0.445477272147525,NA,NA,NA,NA,NA,NA,NA,NA,NA,NA,NA,NA,NA,NA,NA,NA,NA,NA,NA,NA,NA,NA,NA,NA,NA,NA,NA,NA,NA,NA,NA,NA,2019,1970-01-01,NA,"Knee - ACL",2022,0
"Kevin Rader","FA","TE","14363","weighted",NA,NA,NA,NA,NA,NA,0,NA,0,NA,0,NA,NA,NA,NA,NA,4.21,NA,39.42,NA,0.33,NA,NA,NA,NA,NA,NA,NA,NA,NA,NA,NA,NA,NA,NA,NA,NA,NA,NA,NA,NA,NA,NA,NA,NA,NA,NA,NA,NA,NA,NA,NA,NA,NA,2018,1970-01-01,NA,NA,NA,NA
"Eric Tomlinson","FA","TE","13065","weighted",NA,NA,NA,NA,NA,NA,0,NA,0,NA,0,NA,NA,NA,NA,NA,0.1,NA,1,NA,0,NA,NA,NA,NA,NA,NA,NA,NA,NA,NA,NA,NA,NA,NA,NA,NA,NA,NA,NA,NA,NA,NA,NA,NA,NA,NA,NA,NA,NA,NA,NA,NA,NA,NA,NA,NA,NA,NA,NA
"Colby Parkinson","SEA","TE","14871","weighted",NA,NA,NA,NA,NA,NA,0,0,0,0,0.0248073959938367,0.0353553390593274,NA,NA,NA,NA,4.99016949152542,1.86676190233249,42.6255469953775,14.7856027946107,0.104191063174114,0.148492424049175,NA,NA,NA,NA,NA,NA,NA,NA,NA,NA,NA,NA,NA,NA,NA,NA,NA,NA,NA,NA,NA,NA,NA,NA,NA,NA,NA,NA,NA,NA,NA,NA,2020,1999-01-07,NA,NA,NA,NA
"Reggie Gilliam","BUF","TE","15103","weighted",NA,NA,NA,NA,NA,NA,0,NA,0,NA,0,NA,NA,NA,NA,NA,4.06,NA,37.9,NA,0.39,NA,NA,NA,NA,NA,NA,NA,NA,NA,NA,NA,NA,NA,NA,NA,NA,NA,NA,NA,NA,NA,NA,NA,NA,NA,NA,NA,NA,NA,NA,NA,NA,NA,2020,1997-08-20,NA,NA,NA,NA
"Colin Thompson","FA","TE","15123","weighted",NA,NA,NA,NA,NA,NA,0,NA,0,NA,0,NA,NA,NA,NA,NA,3.69,NA,37.2,NA,0.32,NA,NA,NA,NA,NA,NA,NA,NA,NA,NA,NA,NA,NA,NA,NA,NA,NA,NA,NA,NA,NA,NA,NA,NA,NA,NA,NA,NA,NA,NA,NA,NA,NA,2017,1970-01-01,"Q","Calf",2022,0
"Cethan Carter","MIA","TE","13369","weighted",NA,NA,NA,NA,NA,NA,0,NA,0,NA,0,NA,NA,NA,NA,NA,1.1,NA,8,NA,0,NA,NA,NA,NA,NA,NA,NA,NA,NA,NA,NA,NA,NA,NA,NA,NA,NA,NA,NA,NA,NA,NA,NA,NA,NA,NA,NA,NA,NA,NA,NA,NA,NA,2017,1993-09-05,NA,NA,NA,NA
"Tyler Bass","BUF","K","14983","weighted",NA,NA,NA,NA,NA,NA,NA,NA,NA,NA,NA,NA,NA,NA,NA,NA,NA,NA,NA,NA,NA,NA,0.343930710255653,0.201334739330491,9.74979672003009,1.98059105226689,8.07786454028534,1.25456774281349,7.16439026688304,0.790835279789791,2.9831959995078,0.702208147362861,48.0494206739871,5.22130323486528,NA,NA,NA,NA,NA,NA,NA,NA,NA,NA,NA,NA,NA,NA,NA,NA,NA,NA,NA,NA,2020,1997-02-14,NA,NA,NA,NA
"Ryan Succop","TB","K","9686","weighted",NA,NA,NA,NA,NA,NA,NA,NA,NA,NA,NA,NA,NA,NA,NA,NA,NA,NA,NA,NA,NA,NA,0.250639981848593,0.0707399120309115,8.90507899084114,0.558516318315445,9.38494662579193,0.495996728354994,7.3925514018259,0.322984186482402,1.54933784878171,0.780318117013605,48.4164142370314,3.90458266713154,NA,NA,NA,NA,NA,NA,NA,NA,NA,NA,NA,NA,NA,NA,NA,NA,NA,NA,NA,NA,2009,1986-09-19,NA,NA,NA,NA
"Harrison Butker","KC","K","13354","weighted",NA,NA,NA,NA,NA,NA,NA,NA,NA,NA,NA,NA,NA,NA,NA,NA,NA,NA,NA,NA,NA,NA,0.290365732120122,0.140312697267671,6.68441287301582,1.23819807294846,9.79202346601331,0.95636124797939,7.65523184664485,1.23125983114648,4.5338443350768,0.716364350298969,47.1504846648997,4.9483857779616,NA,NA,NA,NA,NA,NA,NA,NA,NA,NA,NA,NA,NA,NA,NA,NA,NA,NA,NA,NA,2017,1995-07-14,NA,NA,NA,NA
"Brett Maher","DAL","K","13909","weighted",NA,NA,NA,NA,NA,NA,NA,NA,NA,NA,NA,NA,NA,NA,NA,NA,NA,NA,NA,NA,NA,NA,0.312434136211854,0.125572839200779,6.47586675138129,2.37404183259204,9.66477295319319,3.70396491942382,6.37271577983474,2.49628399407136,1.91427641429741,0.880569435687074,36.6214186851211,12.1598944880731,NA,NA,NA,NA,NA,NA,NA,NA,NA,NA,NA,NA,NA,NA,NA,NA,NA,NA,NA,NA,2017,1970-01-01,NA,NA,NA,NA
"Brett Maher","DAL","K","13909","weighted",NA,NA,NA,NA,NA,NA,NA,NA,NA,NA,NA,NA,NA,NA,NA,NA,NA,NA,NA,NA,NA,NA,0.312434136211854,0.125572839200779,6.47586675138129,2.37404183259204,9.66477295319319,3.70396491942382,6.37271577983474,2.49628399407136,1.91427641429741,0.880569435687074,36.6214186851211,12.1598944880731,NA,NA,NA,NA,NA,NA,NA,NA,NA,NA,NA,NA,NA,NA,NA,NA,NA,NA,NA,NA,2017,1970-01-01,NA,NA,NA,NA
"Justin Tucker","BAL","K","10976","weighted",NA,NA,NA,NA,NA,NA,NA,NA,NA,NA,NA,NA,NA,NA,NA,NA,NA,NA,NA,NA,NA,NA,0.152299652812384,0.0823618162805242,7.52792801307007,0.797340539083381,8.68563256689267,0.692801821936225,10.6438324768719,1.72944406565889,4.71622857818638,0.896860516462401,40.0444755774328,4.38760283057387,NA,NA,NA,NA,NA,NA,NA,NA,NA,NA,NA,NA,NA,NA,NA,NA,NA,NA,NA,NA,2012,1989-11-21,NA,NA,NA,NA
"Brandon McManus","DEN","K","11947","weighted",NA,NA,NA,NA,NA,NA,NA,NA,NA,NA,NA,NA,NA,NA,NA,NA,NA,NA,NA,NA,NA,NA,0.17782478305453,0.075692229911956,7.76349241870031,0.932666154891498,7.9231220489705,1.50509287682233,7.96055995334274,0.719146390156068,4.74709032975422,1.56187846549912,38.770594471791,6.54468503504105,NA,NA,NA,NA,NA,NA,NA,NA,NA,NA,NA,NA,NA,NA,NA,NA,NA,NA,NA,NA,2014,1991-07-25,NA,NA,NA,NA
"Mason Crosby","GB","K","8742","weighted",NA,NA,NA,NA,NA,NA,NA,NA,NA,NA,NA,NA,NA,NA,NA,NA,NA,NA,NA,NA,NA,NA,0.514916933987848,0.154334185861505,8.16095653317241,0.886049805864323,9.06350645097964,1.06482757424271,6.41583109141196,2.00490632201159,2.75839049683003,0.878617086702128,44.8284778492995,4.50100733010746,NA,NA,NA,NA,NA,NA,NA,NA,NA,NA,NA,NA,NA,NA,NA,NA,NA,NA,NA,NA,2007,1984-09-03,NA,NA,NA,NA
"Matt Gay","LAR","K","14244","weighted",NA,NA,NA,NA,NA,NA,NA,NA,NA,NA,NA,NA,NA,NA,NA,NA,NA,NA,NA,NA,NA,NA,0.356334810708726,0.245525047306679,6.8977744150971,1.02645090837178,11.1296979605749,1.8835867297165,8.60944518404845,1.48776531572912,3.46110668660631,0.521778400157229,41.8522794396062,4.1224456899896,NA,NA,NA,NA,NA,NA,NA,NA,NA,NA,NA,NA,NA,NA,NA,NA,NA,NA,NA,NA,2019,1994-03-15,NA,NA,NA,NA
"Evan McPherson","CIN","K","15368","weighted",NA,NA,NA,NA,NA,NA,NA,NA,NA,NA,NA,NA,NA,NA,NA,NA,NA,NA,NA,NA,NA,NA,0.183239021168077,0.131605554581562,7.3996581337293,1.04015699899595,10.8041898417282,1.72502271591363,7.81154441742581,0.964185246262591,5.19497568114595,1.59413236149271,39.671984096933,6.06998870482141,NA,NA,NA,NA,NA,NA,NA,NA,NA,NA,NA,NA,NA,NA,NA,NA,NA,NA,NA,NA,2021,1999-07-21,NA,NA,NA,NA
"Matt Prater","ARI","K","8930","weighted",NA,NA,NA,NA,NA,NA,NA,NA,NA,NA,NA,NA,NA,NA,NA,NA,NA,NA,NA,NA,NA,NA,0.465758987351489,0.28045129649043,8.7774068304524,0.588174823749928,8.6909640088334,0.657333318819657,6.41545703543045,1.72569031531598,4.34567066405226,1.49581545609964,43.7049602423325,1.98456860439031,NA,NA,NA,NA,NA,NA,NA,NA,NA,NA,NA,NA,NA,NA,NA,NA,NA,NA,NA,NA,2006,1984-08-10,NA,NA,NA,NA
"Dustin Hopkins","LAC","K","11387","weighted",NA,NA,NA,NA,NA,NA,NA,NA,NA,NA,NA,NA,NA,NA,NA,NA,NA,NA,NA,NA,NA,NA,0.783753027275149,0.225536838984739,7.97675366192256,0.643055990335446,7.3987693704791,1.08971334262894,8.70243020653968,1.72571743014318,2.29343434781274,0.364567972470933,41.8273608481636,6.64588226661554,NA,NA,NA,NA,NA,NA,NA,NA,NA,NA,NA,NA,NA,NA,NA,NA,NA,NA,NA,NA,2013,1990-10-01,NA,NA,NA,NA
"Jake Elliott","PHI","K","13303","weighted",NA,NA,NA,NA,NA,NA,NA,NA,NA,NA,NA,NA,NA,NA,NA,NA,NA,NA,NA,NA,NA,NA,0.223798430896215,0.132075563189861,6.51717801506696,1.21764004732647,9.17678824625134,0.935521068450212,8.40218099795995,0.774858435010484,2.55453810479744,0.606689968325161,39.9953633217993,3.95311497272208,NA,NA,NA,NA,NA,NA,NA,NA,NA,NA,NA,NA,NA,NA,NA,NA,NA,NA,NA,NA,2017,1995-01-21,NA,NA,NA,NA
"Cade York","CLE","K","15882","weighted",NA,NA,NA,NA,NA,NA,NA,NA,NA,NA,NA,NA,NA,NA,NA,NA,NA,NA,NA,NA,NA,NA,0.208957626763486,0.0938920596468107,6.7373087581458,1.66523512503562,7.38092743218058,1.54432553492988,7.20801951338055,1.02618842032382,2.57342515121778,0.875038886641907,34.786425596365,6.81680125978719,NA,NA,NA,NA,NA,NA,NA,NA,NA,NA,NA,NA,NA,NA,NA,NA,NA,NA,NA,NA,2022,2001-01-27,NA,NA,NA,NA
"Randy Bullock","TEN","K","10862","weighted",NA,NA,NA,NA,NA,NA,NA,NA,NA,NA,NA,NA,NA,NA,NA,NA,NA,NA,NA,NA,NA,NA,0.234254811525864,0.139341404879484,6.51340533141465,1.12026974942791,9.71692110849587,0.977756084694259,7.79248565591967,0.793718966703885,1.64532577249472,0.228613976415497,40.5432698961938,3.31380799259502,NA,NA,NA,NA,NA,NA,NA,NA,NA,NA,NA,NA,NA,NA,NA,NA,NA,NA,NA,NA,2012,1989-12-16,NA,NA,NA,NA
"Rodrigo Blankenship","IND","K","14912","weighted",NA,NA,NA,NA,NA,NA,NA,NA,NA,NA,NA,NA,NA,NA,NA,NA,NA,NA,NA,NA,NA,NA,0.161409199792864,0.103940868923808,8.08479402819724,0.720389962056893,9.2098349996356,0.88783701456337,9.86021795902452,1.47147080555767,1.48626171098023,0.790438285735465,38.8237240484429,5.97197900731889,NA,NA,NA,NA,NA,NA,NA,NA,NA,NA,NA,NA,NA,NA,NA,NA,NA,NA,NA,NA,2020,1970-01-01,NA,NA,NA,NA
"Wil Lutz","NO","K","12956","weighted",NA,NA,NA,NA,NA,NA,NA,NA,NA,NA,NA,NA,NA,NA,NA,NA,NA,NA,NA,NA,NA,NA,0.266018779531163,0.238962401112082,7.23412089043611,0.885214084669685,10.3098025788822,1.2436608386514,8.0372611269932,0.887927596724623,2.38875330526112,1.12911428746537,37.8528549791746,4.89895202927235,NA,NA,NA,NA,NA,NA,NA,NA,NA,NA,NA,NA,NA,NA,NA,NA,NA,NA,NA,NA,2016,1994-07-07,NA,NA,NA,NA
"Nick Folk","NE","K","8851","weighted",NA,NA,NA,NA,NA,NA,NA,NA,NA,NA,NA,NA,NA,NA,NA,NA,NA,NA,NA,NA,NA,NA,0.189030905415201,0.0956093693303878,8.28212801624355,1.49173525047989,9.09027986792253,0.834167324163833,9.16734115867565,1.48132662953904,3.36114040611494,0.50933576741297,37.1440590685347,6.31677937707995,NA,NA,NA,NA,NA,NA,NA,NA,NA,NA,NA,NA,NA,NA,NA,NA,NA,NA,NA,NA,2007,1984-11-05,NA,NA,NA,NA
"Robbie Gould","SF","K","8153","weighted",NA,NA,NA,NA,NA,NA,NA,NA,NA,NA,NA,NA,NA,NA,NA,NA,NA,NA,NA,NA,NA,NA,0.385463762444376,0.265720960972851,6.95140209889613,1.03025204735305,7.5332699024722,1.00234062695358,8.91384936538835,1.06797065882134,3.15274913355674,0.733307198923177,39.766755017039,3.5343582784766,NA,NA,NA,NA,NA,NA,NA,NA,NA,NA,NA,NA,NA,NA,NA,NA,NA,NA,NA,NA,2005,1982-12-06,NA,NA,NA,NA
"Chris Boswell","PIT","K","11936","weighted",NA,NA,NA,NA,NA,NA,NA,NA,NA,NA,NA,NA,NA,NA,NA,NA,NA,NA,NA,NA,NA,NA,0.245410736477079,0.167825369785106,8.19565687494629,0.749768366217281,8.67807882117734,0.942637731916109,9.13936125983071,1.1181576003671,4.39827437590683,0.606854744279537,30.3885497917456,6.00945370872136,NA,NA,NA,NA,NA,NA,NA,NA,NA,NA,NA,NA,NA,NA,NA,NA,NA,NA,NA,NA,2014,1991-03-16,NA,NA,NA,NA
"Cairo Santos","CHI","K","11945","weighted",NA,NA,NA,NA,NA,NA,NA,NA,NA,NA,NA,NA,NA,NA,NA,NA,NA,NA,NA,NA,NA,NA,0.177735708596416,0.0800277738914198,8.76660775550503,0.575812330939532,7.66155167873861,0.575107172769947,8.50197002509498,1.28660764145723,2.21549475733032,1.10473740674049,31.960594471791,5.06432293106007,NA,NA,NA,NA,NA,NA,NA,NA,NA,NA,NA,NA,NA,NA,NA,NA,NA,NA,NA,NA,2014,1991-11-12,NA,NA,NA,NA
"Jason Sanders","MIA","K","13832","weighted",NA,NA,NA,NA,NA,NA,NA,NA,NA,NA,NA,NA,NA,NA,NA,NA,NA,NA,NA,NA,NA,NA,0.374855174906846,0.109279726942563,7.01130408238413,0.828392816812732,8.31240519774887,1.14498085737664,8.38171273149775,1.36438026466852,3.5914097875675,0.560450679945169,36.7628663385081,5.29114478275261,NA,NA,NA,NA,NA,NA,NA,NA,NA,NA,NA,NA,NA,NA,NA,NA,NA,NA,NA,NA,2018,1995-11-16,NA,NA,NA,NA
"Jason Myers","SEA","K","12437","weighted",NA,NA,NA,NA,NA,NA,NA,NA,NA,NA,NA,NA,NA,NA,NA,NA,NA,NA,NA,NA,NA,NA,0.221670429572578,0.194163229146647,5.10378092905618,2.65287024166662,7.28226537578036,2.63569804387441,6.39069995224535,2.35888638665683,2.56508370575313,0.939263799599169,32.6185990155244,7.99491359284825,NA,NA,NA,NA,NA,NA,NA,NA,NA,NA,NA,NA,NA,NA,NA,NA,NA,NA,NA,NA,NA,1991-05-12,NA,NA,NA,NA
"Daniel Carlson","LVR","K","13718","weighted",NA,NA,NA,NA,NA,NA,NA,NA,NA,NA,NA,NA,NA,NA,NA,NA,NA,NA,NA,NA,NA,NA,0.230859047305953,0.207286731966284,10.1256321188648,1.96612335466259,10.0727574751958,0.892587556940424,8.88692235546177,1.07970724322616,4.0696558216115,0.500413276118781,36.9027224536161,4.25189320755735,NA,NA,NA,NA,NA,NA,NA,NA,NA,NA,NA,NA,NA,NA,NA,NA,NA,NA,NA,NA,2018,1995-01-23,NA,NA,NA,NA
"Greg Joseph","MIN","K","13898","weighted",NA,NA,NA,NA,NA,NA,NA,NA,NA,NA,NA,NA,NA,NA,NA,NA,NA,NA,NA,NA,NA,NA,0.131568572520349,0.0759309881861441,7.96905197571626,0.509819502773722,10.2934074336582,1.0271108489728,7.94386863781497,1.11118127054346,4.19504705412918,0.71791893656191,36.7104165088981,4.82205769276713,NA,NA,NA,NA,NA,NA,NA,NA,NA,NA,NA,NA,NA,NA,NA,NA,NA,NA,NA,NA,2018,1970-01-01,NA,NA,NA,NA
"Younghoe Koo","ATL","K","13403","weighted",NA,NA,NA,NA,NA,NA,NA,NA,NA,NA,NA,NA,NA,NA,NA,NA,NA,NA,NA,NA,NA,NA,0.0907122699315225,0.0669290190247462,8.75370026313765,0.737086834047974,8.92562599628917,0.820407042463836,7.72936927896218,1.07602510801436,4.26108354911211,0.976180086344039,32.2670238546005,5.3730208049512,NA,NA,NA,NA,NA,NA,NA,NA,NA,NA,NA,NA,NA,NA,NA,NA,NA,NA,NA,NA,2017,1994-08-03,NA,NA,NA,NA
"Austin Seibert","DET","K","14258","weighted",NA,NA,NA,NA,NA,NA,NA,NA,NA,NA,NA,NA,NA,NA,NA,NA,NA,NA,NA,NA,NA,NA,0.0861197772316808,0.0769392323989565,4.94319247591459,2.84203493058579,8.14125570414314,3.81682286625345,6.53044430581025,3.15128779374304,2.03265940097817,1.11595192275269,28.4960167405219,12.3550437839112,NA,NA,NA,NA,NA,NA,NA,NA,NA,NA,NA,NA,NA,NA,NA,NA,NA,NA,NA,NA,2019,NA,NA,NA,NA,NA
"Kaimi Fairbairn","HOU","K","12860","weighted",NA,NA,NA,NA,NA,NA,NA,NA,NA,NA,NA,NA,NA,NA,NA,NA,NA,NA,NA,NA,NA,NA,0.413006299159465,0.278622432433429,7.10618745569562,0.803115864334704,7.72063343722352,0.720695486415309,6.32786434708123,1.55093133660146,3.88401730077368,0.693127814128721,29.788093220339,3.9102710410346,NA,NA,NA,NA,NA,NA,NA,NA,NA,NA,NA,NA,NA,NA,NA,NA,NA,NA,NA,NA,2016,1994-01-29,NA,NA,NA,NA
"Riley Patterson","FA","K","15369","weighted",NA,NA,NA,NA,NA,NA,NA,NA,NA,NA,NA,NA,NA,NA,NA,NA,NA,NA,NA,NA,NA,NA,0.11636480318258,0.071558233659529,6.99398031825796,1.26212706237863,8.32141541038526,1.70018233611363,6.91080772221332,1.38388646117386,2.31179278940934,1.02477216753724,31.43608040201,6.63518783690027,NA,NA,NA,NA,NA,NA,NA,NA,NA,NA,NA,NA,NA,NA,NA,NA,NA,NA,NA,NA,2021,1999-09-07,NA,NA,NA,NA
"Joey Slye","WAS","K","14600","weighted",NA,NA,NA,NA,NA,NA,NA,NA,NA,NA,NA,NA,NA,NA,NA,NA,NA,NA,NA,NA,NA,NA,0.173308223063894,0.0941357226319972,9.37490412145527,1.10771556399658,8.07636959530343,1.16249612838454,7.28911151142738,0.840000862982274,3.02768905402892,0.577165947475481,30.8015600151458,4.22210400033072,NA,NA,NA,NA,NA,NA,NA,NA,NA,NA,NA,NA,NA,NA,NA,NA,NA,NA,NA,NA,2019,1996-04-10,NA,NA,NA,NA
"Greg Zuerlein","NYJ","K","10868","weighted",NA,NA,NA,NA,NA,NA,NA,NA,NA,NA,NA,NA,NA,NA,NA,NA,NA,NA,NA,NA,NA,NA,0.267739420799365,0.153451335884515,7.0148788923257,1.04500690742631,8.91432287227749,1.21723251121872,6.3073345101573,0.85960113328112,2.46929307604246,0.432785686041938,30.9554979174555,2.70756277192051,NA,NA,NA,NA,NA,NA,NA,NA,NA,NA,NA,NA,NA,NA,NA,NA,NA,NA,NA,NA,2012,1987-12-27,NA,NA,NA,NA
"Graham Gano","NYG","K","9694","weighted",NA,NA,NA,NA,NA,NA,NA,NA,NA,NA,NA,NA,NA,NA,NA,NA,NA,NA,NA,NA,NA,NA,0.293187940998826,0.145870344830207,6.88944922600025,1.76900804387905,10.4767229621021,1.33835192129738,7.08668944670976,0.630427325607861,4.41687259505019,0.65353974261184,27.3470655054903,5.66615821673312,NA,NA,NA,NA,NA,NA,NA,NA,NA,NA,NA,NA,NA,NA,NA,NA,NA,NA,NA,NA,2009,1987-04-09,NA,NA,NA,NA
"Eddy Pineiro","FA","K","13719","weighted",NA,NA,NA,NA,NA,NA,NA,NA,NA,NA,NA,NA,NA,NA,NA,NA,NA,NA,NA,NA,NA,NA,0.170369265216912,0.0862978385332106,7.4028187678572,0.834406479248983,7.74469113361662,1.81687199268305,7.4627734767353,0.71660115056418,3.24408893419677,0.532215633404424,29.4838855932203,3.31974042371964,NA,NA,NA,NA,NA,NA,NA,NA,NA,NA,NA,NA,NA,NA,NA,NA,NA,NA,NA,NA,2018,1995-09-13,NA,NA,NA,NA
"Zane Gonzalez","CAR","K","13347","weighted",NA,NA,NA,NA,NA,NA,NA,NA,NA,NA,NA,NA,NA,NA,NA,NA,NA,NA,NA,NA,NA,NA,0.525622071101535,0.0509330666160725,8.1673583355777,0.791421496649741,9.10741319350929,0.882513327328486,8.27670563179897,0.775356551297386,3.33304162812211,0.322973559545396,30.2831276595745,1.04227682775328,NA,NA,NA,NA,NA,NA,NA,NA,NA,NA,NA,NA,NA,NA,NA,NA,NA,NA,NA,NA,2017,1995-05-07,"IR","Groin",2022,0
"Mike Badgley","JAC","K","13980","weighted",NA,NA,NA,NA,NA,NA,NA,NA,NA,NA,NA,NA,NA,NA,NA,NA,NA,NA,NA,NA,NA,NA,0.106936159873656,0.102075414551484,3.99822419972059,3.8164863329527,5.52503492680556,5.27389641849333,4.28932819048776,4.09435829478729,1.17035686083946,1.11715870370235,22.1089570552147,5.88312841947208,NA,NA,NA,NA,NA,NA,NA,NA,NA,NA,NA,NA,NA,NA,NA,NA,NA,NA,NA,NA,2018,1970-01-01,NA,NA,NA,NA
"Ryan Santoso","FA","K","14387","weighted",NA,NA,NA,NA,NA,NA,NA,NA,NA,NA,NA,NA,NA,NA,NA,NA,NA,NA,NA,NA,NA,NA,NA,NA,NA,NA,NA,NA,2.89443535188216,4.06586399182265,1.92962356792144,2.71057599454843,12.657937806874,14.8492424049175,NA,NA,NA,NA,NA,NA,NA,NA,NA,NA,NA,NA,NA,NA,NA,NA,NA,NA,NA,NA,2018,1995-08-26,NA,NA,NA,NA
"James McCourt",NA,"K","16002","weighted",NA,NA,NA,NA,NA,NA,NA,NA,NA,NA,NA,NA,NA,NA,NA,NA,NA,NA,NA,NA,NA,NA,0.49,NA,8.18,NA,7.3,NA,7.54,NA,NA,NA,19.73,NA,NA,NA,NA,NA,NA,NA,NA,NA,NA,NA,NA,NA,NA,NA,NA,NA,NA,NA,NA,NA,2022,1997-11-09,NA,NA,NA,NA
"Jets","NYJ","DST","0505","weighted",NA,NA,NA,NA,NA,NA,NA,NA,NA,NA,NA,NA,NA,NA,NA,NA,NA,NA,NA,NA,NA,NA,NA,NA,NA,NA,NA,NA,NA,NA,NA,NA,NA,NA,11.3996271186441,2.4256428742372,34.3202761299435,4.29045772802837,0.155728813559322,0.225308698456313,2.28394491525424,0.707278076076621,NA,NA,NA,NA,NA,NA,NA,NA,NA,NA,NA,NA,NA,NA,NA,NA,NA,NA
"Lions","DET","DST","0522","weighted",NA,NA,NA,NA,NA,NA,NA,NA,NA,NA,NA,NA,NA,NA,NA,NA,NA,NA,NA,NA,NA,NA,NA,NA,NA,NA,NA,NA,NA,NA,NA,NA,NA,NA,12.7863940677966,2.664470356744,34.1480275423729,4.28082979999014,0.403208686440678,0.35397592401024,2.11636440677966,1.28880141757652,NA,NA,NA,NA,NA,NA,NA,NA,NA,NA,NA,NA,NA,NA,NA,NA,NA,NA
"Jaguars","JAC","DST","0509","weighted",NA,NA,NA,NA,NA,NA,NA,NA,NA,NA,NA,NA,NA,NA,NA,NA,NA,NA,NA,NA,NA,NA,NA,NA,NA,NA,NA,NA,NA,NA,NA,NA,NA,NA,11.1910084745763,2.2515839088274,37.3291278248588,3.48175141903731,0.417808262711864,0.3589513703582,2.14026694915254,1.20019104453435,NA,NA,NA,NA,NA,NA,NA,NA,NA,NA,NA,NA,NA,NA,NA,NA,NA,NA
"Texans","HOU","DST","0532","weighted",NA,NA,NA,NA,NA,NA,NA,NA,NA,NA,NA,NA,NA,NA,NA,NA,NA,NA,NA,NA,NA,NA,NA,NA,NA,NA,NA,NA,NA,NA,NA,NA,NA,NA,12.9608601694915,1.36288454758473,34.1170105932203,3.24317399548165,0.390907838983051,0.350028326844467,2.69996186440678,0.935756460070825,NA,NA,NA,NA,NA,NA,NA,NA,NA,NA,NA,NA,NA,NA,NA,NA,NA,NA
"Raiders","LVR","DST","0513","weighted",NA,NA,NA,NA,NA,NA,NA,NA,NA,NA,NA,NA,NA,NA,NA,NA,NA,NA,NA,NA,NA,NA,NA,NA,NA,NA,NA,NA,NA,NA,NA,NA,NA,NA,10.8669533898305,3.67446829936701,35.5818495762712,2.65034091276759,0.602058262711864,0.312610909860691,2.10126271186441,1.28081750717867,NA,NA,NA,NA,NA,NA,NA,NA,NA,NA,NA,NA,NA,NA,NA,NA,NA,NA
"Falcons","ATL","DST","0526","weighted",NA,NA,NA,NA,NA,NA,NA,NA,NA,NA,NA,NA,NA,NA,NA,NA,NA,NA,NA,NA,NA,NA,NA,NA,NA,NA,NA,NA,NA,NA,NA,NA,NA,NA,13.2568728813559,1.14635959278388,26.2110063559322,7.51170761207715,0.410289194915254,0.37743689583943,2.66912711864407,1.20010184785966,NA,NA,NA,NA,NA,NA,NA,NA,NA,NA,NA,NA,NA,NA,NA,NA,NA,NA
"Giants","NYG","DST","0517","weighted",NA,NA,NA,NA,NA,NA,NA,NA,NA,NA,NA,NA,NA,NA,NA,NA,NA,NA,NA,NA,NA,NA,NA,NA,NA,NA,NA,NA,NA,NA,NA,NA,NA,NA,13.6940169491525,1.80470643907685,37.3453538135593,2.9421480361964,0.529314618644068,0.299929601873147,2.24229661016949,1.15263869684461,NA,NA,NA,NA,NA,NA,NA,NA,NA,NA,NA,NA,NA,NA,NA,NA,NA,NA
"Cardinals","ARI","DST","0519","weighted",NA,NA,NA,NA,NA,NA,NA,NA,NA,NA,NA,NA,NA,NA,NA,NA,NA,NA,NA,NA,NA,NA,NA,NA,NA,NA,NA,NA,NA,NA,NA,NA,NA,NA,13.5698559322034,1.61186912126382,38.487206920904,3.17940770414644,0.434841101694915,0.366213353195724,2.57587711864407,0.983063578723707,NA,NA,NA,NA,NA,NA,NA,NA,NA,NA,NA,NA,NA,NA,NA,NA,NA,NA
"Vikings","MIN","DST","0524","weighted",NA,NA,NA,NA,NA,NA,NA,NA,NA,NA,NA,NA,NA,NA,NA,NA,NA,NA,NA,NA,NA,NA,NA,NA,NA,NA,NA,NA,NA,NA,NA,NA,NA,NA,14.6206398305085,2.08501476184313,44.8560889830509,4.56960911993542,0.167895127118644,0.242910940523212,2.67095338983051,0.878046496839619,NA,NA,NA,NA,NA,NA,NA,NA,NA,NA,NA,NA,NA,NA,NA,NA,NA,NA
"Steelers","PIT","DST","0510","weighted",NA,NA,NA,NA,NA,NA,NA,NA,NA,NA,NA,NA,NA,NA,NA,NA,NA,NA,NA,NA,NA,NA,NA,NA,NA,NA,NA,NA,NA,NA,NA,NA,NA,NA,14.2217881355932,3.06436796005101,52.8975911016949,4.13170608290143,0.163028601694915,0.235870043696453,2.6100593220339,0.742399731876234,NA,NA,NA,NA,NA,NA,NA,NA,NA,NA,NA,NA,NA,NA,NA,NA,NA,NA
"Seahawks","SEA","DST","0515","weighted",NA,NA,NA,NA,NA,NA,NA,NA,NA,NA,NA,NA,NA,NA,NA,NA,NA,NA,NA,NA,NA,NA,NA,NA,NA,NA,NA,NA,NA,NA,NA,NA,NA,NA,12.9784533898305,0.9118422266351,34.8399435028249,6.46926501726319,0.740330508474576,0.396988441733105,2.32525,1.43464176600128,NA,NA,NA,NA,NA,NA,NA,NA,NA,NA,NA,NA,NA,NA,NA,NA,NA,NA
"Chiefs","KC","DST","0512","weighted",NA,NA,NA,NA,NA,NA,NA,NA,NA,NA,NA,NA,NA,NA,NA,NA,NA,NA,NA,NA,NA,NA,NA,NA,NA,NA,NA,NA,NA,NA,NA,NA,NA,NA,14.2703474576271,1.69611478689576,34.120384180791,4.85253222929432,0.400775423728814,0.353262680019087,3.19820762711864,0.513041629614007,NA,NA,NA,NA,NA,NA,NA,NA,NA,NA,NA,NA,NA,NA,NA,NA,NA,NA
"Chargers","LAC","DST","0514","weighted",NA,NA,NA,NA,NA,NA,NA,NA,NA,NA,NA,NA,NA,NA,NA,NA,NA,NA,NA,NA,NA,NA,NA,NA,NA,NA,NA,NA,NA,NA,NA,NA,NA,NA,14.3322838983051,2.77195035070312,41.281261299435,2.02574890091968,0.422674788135593,0.360869450580454,2.76801271186441,0.625013516481712,NA,NA,NA,NA,NA,NA,NA,NA,NA,NA,NA,NA,NA,NA,NA,NA,NA,NA
"Bears","CHI","DST","0521","weighted",NA,NA,NA,NA,NA,NA,NA,NA,NA,NA,NA,NA,NA,NA,NA,NA,NA,NA,NA,NA,NA,NA,NA,NA,NA,NA,NA,NA,NA,NA,NA,NA,NA,NA,11.9446016949153,3.22742181021746,44.2617535310735,3.83917836312026,0.80577436440678,0.473904786012155,2.6420593220339,0.919183635559684,NA,NA,NA,NA,NA,NA,NA,NA,NA,NA,NA,NA,NA,NA,NA,NA,NA,NA
"Commanders","WAS","DST","0520","weighted",NA,NA,NA,NA,NA,NA,NA,NA,NA,NA,NA,NA,NA,NA,NA,NA,NA,NA,NA,NA,NA,NA,NA,NA,NA,NA,NA,NA,NA,NA,NA,NA,NA,NA,13.39225,1.72171106212209,38.748790960452,1.12262516448976,0.163028601694915,0.235870043696453,3.11961016949153,0.95855412498285,NA,NA,NA,NA,NA,NA,NA,NA,NA,NA,NA,NA,NA,NA,NA,NA,NA,NA
"Panthers","CAR","DST","0527","weighted",NA,NA,NA,NA,NA,NA,NA,NA,NA,NA,NA,NA,NA,NA,NA,NA,NA,NA,NA,NA,NA,NA,NA,NA,NA,NA,NA,NA,NA,NA,NA,NA,NA,NA,12.4196694915254,2.9233971201142,39.6408884180791,3.3607387256426,0.415240466101695,0.362174748768904,2.30450847457627,0.611468901579605,NA,NA,NA,NA,NA,NA,NA,NA,NA,NA,NA,NA,NA,NA,NA,NA,NA,NA
"Rams","LAR","DST","0528","weighted",NA,NA,NA,NA,NA,NA,NA,NA,NA,NA,NA,NA,NA,NA,NA,NA,NA,NA,NA,NA,NA,NA,NA,NA,NA,NA,NA,NA,NA,NA,NA,NA,NA,NA,15.5872881355932,2.3510437886027,44.9933834745763,3.42627972937487,0.408075211864407,0.355502719385327,3.07934322033898,0.894171203209347,NA,NA,NA,NA,NA,NA,NA,NA,NA,NA,NA,NA,NA,NA,NA,NA,NA,NA
"Eagles","PHI","DST","0518","weighted",NA,NA,NA,NA,NA,NA,NA,NA,NA,NA,NA,NA,NA,NA,NA,NA,NA,NA,NA,NA,NA,NA,NA,NA,NA,NA,NA,NA,NA,NA,NA,NA,NA,NA,12.7255169491525,1.49588800625723,37.6379279661017,6.63677790674882,0.415375,0.358040402626602,3.37443644067797,0.970578009630235,NA,NA,NA,NA,NA,NA,NA,NA,NA,NA,NA,NA,NA,NA,NA,NA,NA,NA
"Patriots","NE","DST","0504","weighted",NA,NA,NA,NA,NA,NA,NA,NA,NA,NA,NA,NA,NA,NA,NA,NA,NA,NA,NA,NA,NA,NA,NA,NA,NA,NA,NA,NA,NA,NA,NA,NA,NA,NA,16.1605677966102,2.52527463806735,38.6268086158192,4.68621690728035,0.415375,0.358040402626602,2.79047457627119,0.633772525759435,NA,NA,NA,NA,NA,NA,NA,NA,NA,NA,NA,NA,NA,NA,NA,NA,NA,NA
"Broncos","DEN","DST","0511","weighted",NA,NA,NA,NA,NA,NA,NA,NA,NA,NA,NA,NA,NA,NA,NA,NA,NA,NA,NA,NA,NA,NA,NA,NA,NA,NA,NA,NA,NA,NA,NA,NA,NA,NA,14.670313559322,2.9805148710673,39.6780070621469,3.454026325716,0.145995762711864,0.211226904802793,2.82025423728814,1.11426755985669,NA,NA,NA,NA,NA,NA,NA,NA,NA,NA,NA,NA,NA,NA,NA,NA,NA,NA
"Cowboys","DAL","DST","0516","weighted",NA,NA,NA,NA,NA,NA,NA,NA,NA,NA,NA,NA,NA,NA,NA,NA,NA,NA,NA,NA,NA,NA,NA,NA,NA,NA,NA,NA,NA,NA,NA,NA,NA,NA,18.61825,4.66788505104762,38.238718220339,3.1278025537964,0.187361228813559,0.271074527830252,2.83333474576271,0.703364207541079,NA,NA,NA,NA,NA,NA,NA,NA,NA,NA,NA,NA,NA,NA,NA,NA,NA,NA
"Saints","NO","DST","0529","weighted",NA,NA,NA,NA,NA,NA,NA,NA,NA,NA,NA,NA,NA,NA,NA,NA,NA,NA,NA,NA,NA,NA,NA,NA,NA,NA,NA,NA,NA,NA,NA,NA,NA,NA,15.9329237288136,2.40489603376308,44.5028891242938,0.966872274707872,0.155728813559322,0.225308698456313,2.86137711864407,1.05300969557786,NA,NA,NA,NA,NA,NA,NA,NA,NA,NA,NA,NA,NA,NA,NA,NA,NA,NA
"Titans","TEN","DST","0508","weighted",NA,NA,NA,NA,NA,NA,NA,NA,NA,NA,NA,NA,NA,NA,NA,NA,NA,NA,NA,NA,NA,NA,NA,NA,NA,NA,NA,NA,NA,NA,NA,NA,NA,NA,14.044063559322,1.522220095902,41.3087457627119,3.28942506321768,0.145995762711864,0.211226904802793,2.5113093220339,0.36579535888842,NA,NA,NA,NA,NA,NA,NA,NA,NA,NA,NA,NA,NA,NA,NA,NA,NA,NA
"Browns","CLE","DST","0507","weighted",NA,NA,NA,NA,NA,NA,NA,NA,NA,NA,NA,NA,NA,NA,NA,NA,NA,NA,NA,NA,NA,NA,NA,NA,NA,NA,NA,NA,NA,NA,NA,NA,NA,NA,14.9385084745763,2.24098394882223,41.7200240112994,2.60105380814251,0.412941737288136,0.357161812989674,2.68216525423729,0.706800370525782,NA,NA,NA,NA,NA,NA,NA,NA,NA,NA,NA,NA,NA,NA,NA,NA,NA,NA
"Dolphins","MIA","DST","0503","weighted",NA,NA,NA,NA,NA,NA,NA,NA,NA,NA,NA,NA,NA,NA,NA,NA,NA,NA,NA,NA,NA,NA,NA,NA,NA,NA,NA,NA,NA,NA,NA,NA,NA,NA,14.8932161016949,2.308476901064,45.435165960452,2.30652418431055,0.442140889830509,0.369784993267138,2.7525593220339,0.721630107195018,NA,NA,NA,NA,NA,NA,NA,NA,NA,NA,NA,NA,NA,NA,NA,NA,NA,NA
"49ers","SF","DST","0530","weighted",NA,NA,NA,NA,NA,NA,NA,NA,NA,NA,NA,NA,NA,NA,NA,NA,NA,NA,NA,NA,NA,NA,NA,NA,NA,NA,NA,NA,NA,NA,NA,NA,NA,NA,13.3349406779661,1.92138961804347,48.1002323446328,5.79263874237569,0.158162076271186,0.228829146869693,2.89275423728814,1.02911314018253,NA,NA,NA,NA,NA,NA,NA,NA,NA,NA,NA,NA,NA,NA,NA,NA,NA,NA
"Buccaneers","TB","DST","0525","weighted",NA,NA,NA,NA,NA,NA,NA,NA,NA,NA,NA,NA,NA,NA,NA,NA,NA,NA,NA,NA,NA,NA,NA,NA,NA,NA,NA,NA,NA,NA,NA,NA,NA,NA,14.7571694915254,1.44537972190115,44.3783827683616,4.39946128381055,0.442140889830509,0.369784993267138,2.68071186440678,1.24277833181001,NA,NA,NA,NA,NA,NA,NA,NA,NA,NA,NA,NA,NA,NA,NA,NA,NA,NA
"Colts","IND","DST","0502","weighted",NA,NA,NA,NA,NA,NA,NA,NA,NA,NA,NA,NA,NA,NA,NA,NA,NA,NA,NA,NA,NA,NA,NA,NA,NA,NA,NA,NA,NA,NA,NA,NA,NA,NA,16.1559449152542,2.33580115573931,33.3586151129944,4.0922763716321,0.844756355932203,0.620409296267148,2.5741186440678,0.600139008705175,NA,NA,NA,NA,NA,NA,NA,NA,NA,NA,NA,NA,NA,NA,NA,NA,NA,NA
"Bengals","CIN","DST","0506","weighted",NA,NA,NA,NA,NA,NA,NA,NA,NA,NA,NA,NA,NA,NA,NA,NA,NA,NA,NA,NA,NA,NA,NA,NA,NA,NA,NA,NA,NA,NA,NA,NA,NA,NA,14.9360720338983,2.06463132923481,39.1903785310734,2.5459203019407,0.425108050847458,0.36187605346781,2.42476694915254,1.04794447331869,NA,NA,NA,NA,NA,NA,NA,NA,NA,NA,NA,NA,NA,NA,NA,NA,NA,NA
"Packers","GB","DST","0523","weighted",NA,NA,NA,NA,NA,NA,NA,NA,NA,NA,NA,NA,NA,NA,NA,NA,NA,NA,NA,NA,NA,NA,NA,NA,NA,NA,NA,NA,NA,NA,NA,NA,NA,NA,17.1457838983051,3.22362932274416,41.9291942090396,1.83447875840059,0.150862288135593,0.218267801629553,2.64505084745763,0.517683161092789,NA,NA,NA,NA,NA,NA,NA,NA,NA,NA,NA,NA,NA,NA,NA,NA,NA,NA
"Ravens","BAL","DST","0531","weighted",NA,NA,NA,NA,NA,NA,NA,NA,NA,NA,NA,NA,NA,NA,NA,NA,NA,NA,NA,NA,NA,NA,NA,NA,NA,NA,NA,NA,NA,NA,NA,NA,NA,NA,14.0351991525424,2.99007639205261,37.500613700565,3.19556354064458,0.439707627118644,0.368564666966247,2.76301694915254,0.708681200270207,NA,NA,NA,NA,NA,NA,NA,NA,NA,NA,NA,NA,NA,NA,NA,NA,NA,NA
"Bills","BUF","DST","0501","weighted",NA,NA,NA,NA,NA,NA,NA,NA,NA,NA,NA,NA,NA,NA,NA,NA,NA,NA,NA,NA,NA,NA,NA,NA,NA,NA,NA,NA,NA,NA,NA,NA,NA,NA,17.5757076271186,3.46889229944192,45.7994759887006,4.58551881270253,0.425108050847458,0.36187605346781,2.41736016949153,1.05755251716416,NA,NA,NA,NA,NA,NA,NA,NA,NA,NA,NA,NA,NA,NA,NA,NA,NA,NA
"Javon Hargrave","PHI","DL","12764","weighted",NA,NA,NA,NA,NA,NA,NA,NA,NA,NA,NA,NA,NA,NA,NA,NA,NA,NA,NA,NA,NA,NA,NA,NA,NA,NA,NA,NA,NA,NA,NA,NA,NA,NA,NA,NA,NA,NA,NA,NA,NA,NA,NA,NA,43.5854085603113,30.3425172673611,7.45996108949416,1.35106047282701,0,0,2.46891050583658,0.521614403814522,0.00995136186770428,0.00974492119535444,2016,1993-02-07,NA,NA,NA,NA
"Leonard Williams","NYG","DL","12225","weighted",NA,NA,NA,NA,NA,NA,NA,NA,NA,NA,NA,NA,NA,NA,NA,NA,NA,NA,NA,NA,NA,NA,NA,NA,NA,NA,NA,NA,NA,NA,NA,NA,NA,NA,NA,NA,NA,NA,NA,NA,NA,NA,NA,NA,45.1900972762646,25.3238350521563,9.08431906614786,0.58295356468809,0.0532490272373541,0.0967045192986381,2.03661478599222,0.255678700875182,0.0447811284046693,0.043852145379095,2015,1994-06-20,NA,NA,NA,NA
"Aaron Donald","LAR","DL","11757","weighted",NA,NA,NA,NA,NA,NA,NA,NA,NA,NA,NA,NA,NA,NA,NA,NA,NA,NA,NA,NA,NA,NA,NA,NA,NA,NA,NA,NA,NA,NA,NA,NA,NA,NA,NA,NA,NA,NA,NA,NA,NA,NA,NA,NA,47.3326459143969,20.5809971072043,13.3785408560311,0.322826670962924,0,0,2.55570038910506,0.892440059749177,0.0845865758754864,0.0828318301605128,2014,1991-05-23,NA,NA,NA,NA
"Cameron Heyward","PIT","DL","10266","weighted",NA,NA,NA,NA,NA,NA,NA,NA,NA,NA,NA,NA,NA,NA,NA,NA,NA,NA,NA,NA,NA,NA,NA,NA,NA,NA,NA,NA,NA,NA,NA,NA,NA,NA,NA,NA,NA,NA,NA,NA,NA,NA,NA,NA,53.4232101167315,14.3659779596634,8.02344357976654,1.97781994252533,0.612782101167315,0.419056473742231,4.69984435797665,1.86313147752325,0,0,2011,1989-05-06,NA,NA,NA,NA
"DeForest Buckner","IND","DL","12688","weighted",NA,NA,NA,NA,NA,NA,NA,NA,NA,NA,NA,NA,NA,NA,NA,NA,NA,NA,NA,NA,NA,NA,NA,NA,NA,NA,NA,NA,NA,NA,NA,NA,NA,NA,NA,NA,NA,NA,NA,NA,NA,NA,NA,NA,49.9350389105058,15.393936147523,8.85612840466926,1.61593460838955,0,0,2.80774319066148,0.714961713324223,0.0298540856031128,0.0292347635860633,2016,1994-03-17,NA,NA,NA,NA
"Danielle Hunter","MIN","DL","12221","weighted",NA,NA,NA,NA,NA,NA,NA,NA,NA,NA,NA,NA,NA,NA,NA,NA,NA,NA,NA,NA,NA,NA,NA,NA,NA,NA,NA,NA,NA,NA,NA,NA,NA,NA,NA,NA,NA,NA,NA,NA,NA,NA,NA,NA,48.0140941512126,26.1912351751497,10.3484165477889,0.233345237791561,0.0597146932952924,0.0919238815542512,1.40881597717546,0.629325035256027,0.17,3.93827209104145e-17,2015,1994-10-29,NA,NA,NA,NA
"Christian Wilkins","MIA","DL","14162","weighted",NA,NA,NA,NA,NA,NA,NA,NA,NA,NA,NA,NA,NA,NA,NA,NA,NA,NA,NA,NA,NA,NA,NA,NA,NA,NA,NA,NA,NA,NA,NA,NA,NA,NA,NA,NA,NA,NA,NA,NA,NA,NA,NA,NA,51.5589883268482,13.0610987760638,4.50025291828794,0.954203260786472,0.0469844357976654,0.0853275170282101,3.54169260700389,1.36684116239341,0,0,2019,1970-01-01,NA,NA,NA,NA
"Charles Harris","DET","DL","13204","weighted",NA,NA,NA,NA,NA,NA,NA,NA,NA,NA,NA,NA,NA,NA,NA,NA,NA,NA,NA,NA,NA,NA,NA,NA,NA,NA,NA,NA,NA,NA,NA,NA,NA,NA,NA,NA,NA,NA,NA,NA,NA,NA,NA,NA,37.0950778210117,24.9932940867589,7.1291439688716,2.46499323786188,0.0156614785992218,0.02844250567607,1.00453307392996,0.989107803711558,0.0248784046692607,0.0243623029883861,2017,NA,NA,NA,NA,NA
"Jeffery Simmons","TEN","DL","14163","weighted",NA,NA,NA,NA,NA,NA,NA,NA,NA,NA,NA,NA,NA,NA,NA,NA,NA,NA,NA,NA,NA,NA,NA,NA,NA,NA,NA,NA,NA,NA,NA,NA,NA,NA,NA,NA,NA,NA,NA,NA,NA,NA,NA,NA,47.0548638132296,15.3341178376037,9.84394941634241,2.09483413668265,0.374941634241245,0.585920346960908,3.97066147859922,1.54624548540472,0.00497568093385214,0.00487246059767722,2019,1997-07-28,NA,NA,NA,NA
"Lawrence Guy","NE","DL","10457","weighted",NA,NA,NA,NA,NA,NA,NA,NA,NA,NA,NA,NA,NA,NA,NA,NA,NA,NA,NA,NA,NA,NA,NA,NA,NA,NA,NA,NA,NA,NA,NA,NA,NA,NA,NA,NA,NA,NA,NA,NA,NA,NA,NA,NA,44.9675680933852,15.8898096329452,2.39416342412451,1.37992718051687,0.107470817120623,0.104884231579761,1.65394941634241,0.807821425543872,0,0,2011,1990-03-17,NA,NA,NA,NA
"Nick Bosa","SF","DL","14147","weighted",NA,NA,NA,NA,NA,NA,NA,NA,NA,NA,NA,NA,NA,NA,NA,NA,NA,NA,NA,NA,NA,NA,NA,NA,NA,NA,NA,NA,NA,NA,NA,NA,NA,NA,NA,NA,NA,NA,NA,NA,NA,NA,NA,NA,46.7399027237354,14.0562863051138,15.422859922179,1.88021858854231,0.431322957198444,0.541830655461162,1.43396887159533,0.566881338599067,0.0845865758754864,0.0828318301605128,2019,1997-10-23,NA,NA,NA,NA
"Sam Hubbard","CIN","DL","13684","weighted",NA,NA,NA,NA,NA,NA,NA,NA,NA,NA,NA,NA,NA,NA,NA,NA,NA,NA,NA,NA,NA,NA,NA,NA,NA,NA,NA,NA,NA,NA,NA,NA,NA,NA,NA,NA,NA,NA,NA,NA,NA,NA,NA,NA,45.1196887159533,14.1990031433012,7.86704280155642,1.19538048390562,0.00626459143968872,0.011377002270428,2.71760700389105,0.43171777817198,0.00497568093385214,0.00487246059767722,2018,NA,NA,NA,NA,NA
"Cameron Jordan","NO","DL","10292","weighted",NA,NA,NA,NA,NA,NA,NA,NA,NA,NA,NA,NA,NA,NA,NA,NA,NA,NA,NA,NA,NA,NA,NA,NA,NA,NA,NA,NA,NA,NA,NA,NA,NA,NA,NA,NA,NA,NA,NA,NA,NA,NA,NA,NA,45.5563618677043,13.1040732273202,11.7048638132296,0.989567792831064,0.425058365758755,0.545957560576415,4.21622568093385,1.86130800416554,0.0746352140077821,0.0730869089651583,2011,1989-07-10,NA,NA,NA,NA
"Shelby Harris","SEA","DL","11872","weighted",NA,NA,NA,NA,NA,NA,NA,NA,NA,NA,NA,NA,NA,NA,NA,NA,NA,NA,NA,NA,NA,NA,NA,NA,NA,NA,NA,NA,NA,NA,NA,NA,NA,NA,NA,NA,NA,NA,NA,NA,NA,NA,NA,NA,36.326673151751,20.0811905079743,6.3245719844358,0.324191986058359,0.0595136186770428,0.108081521569066,2.29686770428016,0.279772446989388,0.00995136186770428,0.00974492119535444,2014,1991-08-11,NA,NA,NA,NA
"B.J. Hill","CIN","DL","13742","weighted",NA,NA,NA,NA,NA,NA,NA,NA,NA,NA,NA,NA,NA,NA,NA,NA,NA,NA,NA,NA,NA,NA,NA,NA,NA,NA,NA,NA,NA,NA,NA,NA,NA,NA,NA,NA,NA,NA,NA,NA,NA,NA,NA,NA,36.8151945525292,19.9362628794822,4.12791828793774,0.900925328985648,0.0850583657587549,0.0867109013213109,0.802354085603113,1.37395878160473,0,0,2018,1995-04-20,NA,NA,NA,NA
"Arik Armstead","SF","DL","12218","weighted",NA,NA,NA,NA,NA,NA,NA,NA,NA,NA,NA,NA,NA,NA,NA,NA,NA,NA,NA,NA,NA,NA,NA,NA,NA,NA,NA,NA,NA,NA,NA,NA,NA,NA,NA,NA,NA,NA,NA,NA,NA,NA,NA,NA,38.4253501945525,18.0041112363905,7.07953307392996,0.899147862935524,0,0,1.2011673151751,0.82576048295816,0.00497568093385214,0.00487246059767722,2015,1993-11-15,NA,NA,NA,NA
"Calais Campbell","BAL","DL","9051","weighted",NA,NA,NA,NA,NA,NA,NA,NA,NA,NA,NA,NA,NA,NA,NA,NA,NA,NA,NA,NA,NA,NA,NA,NA,NA,NA,NA,NA,NA,NA,NA,NA,NA,NA,NA,NA,NA,NA,NA,NA,NA,NA,NA,NA,41.3385019455253,13.4991831481265,4.29782101167315,0.716230288842276,0.0532490272373541,0.0967045192986381,2.46795719844358,0.465484737232201,0,0,2008,1986-09-01,NA,NA,NA,NA
"Michael Pierce","BAL","DL","12952","weighted",NA,NA,NA,NA,NA,NA,NA,NA,NA,NA,NA,NA,NA,NA,NA,NA,NA,NA,NA,NA,NA,NA,NA,NA,NA,NA,NA,NA,NA,NA,NA,NA,NA,NA,NA,NA,NA,NA,NA,NA,NA,NA,NA,NA,29.628093385214,23.400293299479,4.15750972762646,2.93900383028683,0,0,1.34093385214008,0.705103078796818,0,0,2016,1992-11-06,NA,NA,NA,NA
"Dexter Lawrence","NYG","DL","14159","weighted",NA,NA,NA,NA,NA,NA,NA,NA,NA,NA,NA,NA,NA,NA,NA,NA,NA,NA,NA,NA,NA,NA,NA,NA,NA,NA,NA,NA,NA,NA,NA,NA,NA,NA,NA,NA,NA,NA,NA,NA,NA,NA,NA,NA,36.3111673151751,16.834870710076,2.96719844357977,0.766032521191856,0.00626459143968872,0.011377002270428,1.37854085603113,1.30456135679823,0,0,2019,1997-11-12,NA,NA,NA,NA
"Chandler Jones","LVR","DL","10753","weighted",NA,NA,NA,NA,NA,NA,NA,NA,NA,NA,NA,NA,NA,NA,NA,NA,NA,NA,NA,NA,NA,NA,NA,NA,NA,NA,NA,NA,NA,NA,NA,NA,NA,NA,NA,NA,NA,NA,NA,NA,NA,NA,NA,NA,48.8372573189522,10.5995306499863,10.573312788906,0.60811183182043,0.0843451463790447,0.120208152801713,3.86579352850539,2.89913780286484,0.0843451463790447,0.120208152801713,2012,1990-02-27,NA,NA,NA,NA
"Maxx Crosby","LVR","DL","14225","weighted",NA,NA,NA,NA,NA,NA,NA,NA,NA,NA,NA,NA,NA,NA,NA,NA,NA,NA,NA,NA,NA,NA,NA,NA,NA,NA,NA,NA,NA,NA,NA,NA,NA,NA,NA,NA,NA,NA,NA,NA,NA,NA,NA,NA,41.8255447470817,11.8122562120179,8.59951361867704,0.861042261900202,0.00626459143968872,0.011377002270428,4.00031128404669,1.73214089563494,0.034829766536965,0.0341072241837405,2019,1997-08-22,NA,NA,NA,NA
"David Onyemata","NO","DL","12782","weighted",NA,NA,NA,NA,NA,NA,NA,NA,NA,NA,NA,NA,NA,NA,NA,NA,NA,NA,NA,NA,NA,NA,NA,NA,NA,NA,NA,NA,NA,NA,NA,NA,NA,NA,NA,NA,NA,NA,NA,NA,NA,NA,NA,NA,30.3000972762646,21.3372452133342,3.49583657587549,1.9426773847247,0.0501167315175097,0.0910160181634241,0.803326848249027,1.21610095230543,0,0,2016,1992-11-13,NA,NA,NA,NA
"Grady Jarrett","ATL","DL","12305","weighted",NA,NA,NA,NA,NA,NA,NA,NA,NA,NA,NA,NA,NA,NA,NA,NA,NA,NA,NA,NA,NA,NA,NA,NA,NA,NA,NA,NA,NA,NA,NA,NA,NA,NA,NA,NA,NA,NA,NA,NA,NA,NA,NA,NA,41.2666926070039,11.866558543312,3.36715953307393,1.67728996712233,0,0,1.25490272373541,0.824693459039265,0,0,2015,1993-04-28,NA,NA,NA,NA
"Quinton Jefferson","SEA","DL","12796","weighted",NA,NA,NA,NA,NA,NA,NA,NA,NA,NA,NA,NA,NA,NA,NA,NA,NA,NA,NA,NA,NA,NA,NA,NA,NA,NA,NA,NA,NA,NA,NA,NA,NA,NA,NA,NA,NA,NA,NA,NA,NA,NA,NA,NA,39.2168567026194,21.6869649789914,4.39195685670262,0.558614357137373,0.00496147919876733,0.00707106781186548,1.33275808936826,1.32936074863071,0,0,2016,NA,NA,NA,NA,NA
"Derek Barnett","PHI","DL","13201","weighted",NA,NA,NA,NA,NA,NA,NA,NA,NA,NA,NA,NA,NA,NA,NA,NA,NA,NA,NA,NA,NA,NA,NA,NA,NA,NA,NA,NA,NA,NA,NA,NA,NA,NA,NA,NA,NA,NA,NA,NA,NA,NA,NA,NA,31.6479377431907,18.6920572926595,3.79873540856031,1.45056778947957,0.00626459143968872,0.011377002270428,0.670311284046693,1.2173392429358,0,0,2017,1996-06-25,NA,NA,NA,NA
"Fletcher Cox","PHI","DL","10762","weighted",NA,NA,NA,NA,NA,NA,NA,NA,NA,NA,NA,NA,NA,NA,NA,NA,NA,NA,NA,NA,NA,NA,NA,NA,NA,NA,NA,NA,NA,NA,NA,NA,NA,NA,NA,NA,NA,NA,NA,NA,NA,NA,NA,NA,33.8685408560311,16.1913489634883,5.11996108949416,0.951121186118161,0,0,1.38260700389105,1.15857114513721,0.00497568093385214,0.00487246059767722,2012,1990-12-13,NA,NA,NA,NA
"Myles Garrett","CLE","DL","13198","weighted",NA,NA,NA,NA,NA,NA,NA,NA,NA,NA,NA,NA,NA,NA,NA,NA,NA,NA,NA,NA,NA,NA,NA,NA,NA,NA,NA,NA,NA,NA,NA,NA,NA,NA,NA,NA,NA,NA,NA,NA,NA,NA,NA,NA,41.8339299610895,8.58758085049854,14.4797859922179,0.7728370500233,0,0,2.93885214007782,1.52771434114422,0.185072957198444,0.0146173817930317,2017,1995-12-29,NA,NA,NA,NA
"Sebastian Joseph","LAC","DL","13810","weighted",NA,NA,NA,NA,NA,NA,NA,NA,NA,NA,NA,NA,NA,NA,NA,NA,NA,NA,NA,NA,NA,NA,NA,NA,NA,NA,NA,NA,NA,NA,NA,NA,NA,NA,NA,NA,NA,NA,NA,NA,NA,NA,NA,NA,38.23611898017,15.6270598642227,6.25169971671388,5.72756492761104,0,0,0,0,0,0,2018,1995-03-21,NA,NA,NA,NA
"Robert Quinn","CHI","DL","10269","weighted",NA,NA,NA,NA,NA,NA,NA,NA,NA,NA,NA,NA,NA,NA,NA,NA,NA,NA,NA,NA,NA,NA,NA,NA,NA,NA,NA,NA,NA,NA,NA,NA,NA,NA,NA,NA,NA,NA,NA,NA,NA,NA,NA,NA,42.2128197226502,3.153696244092,9.53627118644068,0.233345237791561,0.352696456086287,0.494974746830583,1.44465331278891,0.0636396103067893,0.07442218798151,0.106066017177982,2011,1990-05-18,NA,NA,NA,NA
"Chris Jones","KC","DL","12741","weighted",NA,NA,NA,NA,NA,NA,NA,NA,NA,NA,NA,NA,NA,NA,NA,NA,NA,NA,NA,NA,NA,NA,NA,NA,NA,NA,NA,NA,NA,NA,NA,NA,NA,NA,NA,NA,NA,NA,NA,NA,NA,NA,NA,NA,29.1456809338521,13.0319865876518,7.27367704280156,1.48990836566102,0.0563813229571984,0.102393020433852,3.54560311284047,1.36424016037479,0.0298540856031128,0.0292347635860633,2016,1994-07-03,NA,NA,NA,NA
"Harrison Phillips","MIN","DL","13693","weighted",NA,NA,NA,NA,NA,NA,NA,NA,NA,NA,NA,NA,NA,NA,NA,NA,NA,NA,NA,NA,NA,NA,NA,NA,NA,NA,NA,NA,NA,NA,NA,NA,NA,NA,NA,NA,NA,NA,NA,NA,NA,NA,NA,NA,32.7349858356941,11.8086832458153,3.9643059490085,4.5254833995939,0,0,1.92634560906516,1.4142135623731,0,0,2018,1996-01-25,NA,NA,NA,NA
"Quinnen Williams","NYJ","DL","14157","weighted",NA,NA,NA,NA,NA,NA,NA,NA,NA,NA,NA,NA,NA,NA,NA,NA,NA,NA,NA,NA,NA,NA,NA,NA,NA,NA,NA,NA,NA,NA,NA,NA,NA,NA,NA,NA,NA,NA,NA,NA,NA,NA,NA,NA,39.4821529745043,2.26274169979695,8.01784702549575,2.26274169979695,0,0,3.09263456090652,0.14142135623731,0,0,2019,1997-12-21,NA,NA,NA,NA
"AShawn Robinson","LAR","DL","12697","weighted",NA,NA,NA,NA,NA,NA,NA,NA,NA,NA,NA,NA,NA,NA,NA,NA,NA,NA,NA,NA,NA,NA,NA,NA,NA,NA,NA,NA,NA,NA,NA,NA,NA,NA,NA,NA,NA,NA,NA,NA,NA,NA,NA,NA,36.3348441926346,5.09116882454314,3.32422096317281,0.494974746830583,0,0,0.536827195467422,0.707106781186548,0,0,2016,1995-03-21,NA,NA,NA,NA
"Brian Burns","CAR","DL","14171","weighted",NA,NA,NA,NA,NA,NA,NA,NA,NA,NA,NA,NA,NA,NA,NA,NA,NA,NA,NA,NA,NA,NA,NA,NA,NA,NA,NA,NA,NA,NA,NA,NA,NA,NA,NA,NA,NA,NA,NA,NA,NA,NA,NA,NA,36.242209631728,4.94974746830583,10.0094900849858,0.777817459305202,0.536827195467422,0.707106781186548,4.30524079320113,1.06066017177982,0,0,2019,1998-04-23,NA,NA,NA,NA
"Jonathan Allen","WAS","DL","13208","weighted",NA,NA,NA,NA,NA,NA,NA,NA,NA,NA,NA,NA,NA,NA,NA,NA,NA,NA,NA,NA,NA,NA,NA,NA,NA,NA,NA,NA,NA,NA,NA,NA,NA,NA,NA,NA,NA,NA,NA,NA,NA,NA,NA,NA,33.7388101983003,6.50538238691624,6.6199716713881,1.34350288425444,0,0,1.07365439093484,1.4142135623731,0,0,2017,1995-01-16,NA,NA,NA,NA
"Demarcus Lawrence","DAL","DL","11769","weighted",NA,NA,NA,NA,NA,NA,NA,NA,NA,NA,NA,NA,NA,NA,NA,NA,NA,NA,NA,NA,NA,NA,NA,NA,NA,NA,NA,NA,NA,NA,NA,NA,NA,NA,NA,NA,NA,NA,NA,NA,NA,NA,NA,NA,29.4844192634561,9.89949493661167,8.76841359773371,0.353553390593274,1.09263456090652,0.14142135623731,6.13895184135977,0.212132034355964,0.1,0,2014,1992-04-28,NA,NA,NA,NA
"D.J. Jones","DEN","DL","13332","weighted",NA,NA,NA,NA,NA,NA,NA,NA,NA,NA,NA,NA,NA,NA,NA,NA,NA,NA,NA,NA,NA,NA,NA,NA,NA,NA,NA,NA,NA,NA,NA,NA,NA,NA,NA,NA,NA,NA,NA,NA,NA,NA,NA,NA,33.2422096317281,4.94974746830583,2.1757790368272,0.494974746830583,0,0,1.58314447592068,0.636396103067893,0,0,2017,1995-01-19,NA,NA,NA,NA
"Trey Hendrickson","CIN","DL","13284","weighted",NA,NA,NA,NA,NA,NA,NA,NA,NA,NA,NA,NA,NA,NA,NA,NA,NA,NA,NA,NA,NA,NA,NA,NA,NA,NA,NA,NA,NA,NA,NA,NA,NA,NA,NA,NA,NA,NA,NA,NA,NA,NA,NA,NA,32.0040661478599,6.56525128865795,13.1325486381323,1.17207076796986,0,0,1.3436186770428,0.616430552958666,0.0845865758754864,0.0828318301605128,2017,1994-12-05,NA,NA,NA,NA
"Dre'Mont Jones","DEN","DL","14164","weighted",NA,NA,NA,NA,NA,NA,NA,NA,NA,NA,NA,NA,NA,NA,NA,NA,NA,NA,NA,NA,NA,NA,NA,NA,NA,NA,NA,NA,NA,NA,NA,NA,NA,NA,NA,NA,NA,NA,NA,NA,NA,NA,NA,NA,27.4570821529745,11.3844191771034,8.9643059490085,4.5254833995939,0,0,3.38951841359773,2.12132034355964,0,0,2019,1997-01-05,NA,NA,NA,NA
"Kenny Clark","GB","DL","12739","weighted",NA,NA,NA,NA,NA,NA,NA,NA,NA,NA,NA,NA,NA,NA,NA,NA,NA,NA,NA,NA,NA,NA,NA,NA,NA,NA,NA,NA,NA,NA,NA,NA,NA,NA,NA,NA,NA,NA,NA,NA,NA,NA,NA,NA,32.686402266289,4.10121933088197,4.99050991501417,0.777817459305202,0,0,0.536827195467422,0.707106781186548,0,0,2016,1995-10-04,NA,NA,NA,NA
"Zach Allen","ARI","DL","14153","weighted",NA,NA,NA,NA,NA,NA,NA,NA,NA,NA,NA,NA,NA,NA,NA,NA,NA,NA,NA,NA,NA,NA,NA,NA,NA,NA,NA,NA,NA,NA,NA,NA,NA,NA,NA,NA,NA,NA,NA,NA,NA,NA,NA,NA,32.7137393767705,2.61629509039023,3.35155807365439,0.989949493661167,0.463172804532578,0.707106781186548,4.78739376770538,1.20208152801713,1.3,3.14873743439133e-16,2019,1997-08-20,NA,NA,NA,NA
"Vita Vea","TB","DL","13692","weighted",NA,NA,NA,NA,NA,NA,NA,NA,NA,NA,NA,NA,NA,NA,NA,NA,NA,NA,NA,NA,NA,NA,NA,NA,NA,NA,NA,NA,NA,NA,NA,NA,NA,NA,NA,NA,NA,NA,NA,NA,NA,NA,NA,NA,26.4844192634561,9.89949493661167,6.99164305949008,3.04055915910216,0.231586402266289,0.353553390593274,2.69475920679887,1.06066017177982,0,0,2018,1995-02-05,NA,NA,NA,NA
"D.J. Reader","CIN","DL","12802","weighted",NA,NA,NA,NA,NA,NA,NA,NA,NA,NA,NA,NA,NA,NA,NA,NA,NA,NA,NA,NA,NA,NA,NA,NA,NA,NA,NA,NA,NA,NA,NA,NA,NA,NA,NA,NA,NA,NA,NA,NA,NA,NA,NA,NA,26.928611898017,9.05096679918781,4.63059490084986,3.25269119345812,0,0,0,0,0,0,2016,1994-07-01,NA,NA,NA,NA
"Deatrich Wise","NE","DL","13296","weighted",NA,NA,NA,NA,NA,NA,NA,NA,NA,NA,NA,NA,NA,NA,NA,NA,NA,NA,NA,NA,NA,NA,NA,NA,NA,NA,NA,NA,NA,NA,NA,NA,NA,NA,NA,NA,NA,NA,NA,NA,NA,NA,NA,NA,27.3728045325779,8.20243866176395,3.27790368271955,0.424264068711929,0,0,2.01898016997167,1.55563491861041,0,0,2017,1994-07-26,NA,NA,NA,NA
"Davon Godchaux","NE","DL","13317","weighted",NA,NA,NA,NA,NA,NA,NA,NA,NA,NA,NA,NA,NA,NA,NA,NA,NA,NA,NA,NA,NA,NA,NA,NA,NA,NA,NA,NA,NA,NA,NA,NA,NA,NA,NA,NA,NA,NA,NA,NA,NA,NA,NA,NA,30.3135977337111,4.10121933088198,1.22209631728045,0.424264068711929,0,0,0.907365439093485,0.14142135623731,0,0,2017,1994-11-11,NA,NA,NA,NA
"Chris Wormley","PIT","DL","13212","weighted",NA,NA,NA,NA,NA,NA,NA,NA,NA,NA,NA,NA,NA,NA,NA,NA,NA,NA,NA,NA,NA,NA,NA,NA,NA,NA,NA,NA,NA,NA,NA,NA,NA,NA,NA,NA,NA,NA,NA,NA,NA,NA,NA,NA,27.4464589235128,6.78822509939086,5.71260623229462,1.20208152801713,0,0,2.72209631728045,0.424264068711929,0,0,2017,1993-10-25,NA,NA,NA,NA
"Zach Sieler","MIA","DL","13839","weighted",NA,NA,NA,NA,NA,NA,NA,NA,NA,NA,NA,NA,NA,NA,NA,NA,NA,NA,NA,NA,NA,NA,NA,NA,NA,NA,NA,NA,NA,NA,NA,NA,NA,NA,NA,NA,NA,NA,NA,NA,NA,NA,NA,NA,31.1662889518414,1.27279220613579,2.58314447592068,0.636396103067893,0,0,2.13895184135977,0.212132034355964,0,0,2018,1995-09-07,NA,NA,NA,NA
"Austin Johnson","LAC","DL","12700","weighted",NA,NA,NA,NA,NA,NA,NA,NA,NA,NA,NA,NA,NA,NA,NA,NA,NA,NA,NA,NA,NA,NA,NA,NA,NA,NA,NA,NA,NA,NA,NA,NA,NA,NA,NA,NA,NA,NA,NA,NA,NA,NA,NA,NA,30.8337110481586,1.27279220613579,1.89787535410765,0.919238815542512,0,0,0.953682719546742,0.0707106781186548,0,0,2016,1994-05-08,NA,NA,NA,NA
"Brandon Graham","PHI","DL","9826","weighted",NA,NA,NA,NA,NA,NA,NA,NA,NA,NA,NA,NA,NA,NA,NA,NA,NA,NA,NA,NA,NA,NA,NA,NA,NA,NA,NA,NA,NA,NA,NA,NA,NA,NA,NA,NA,NA,NA,NA,NA,NA,NA,NA,NA,30.4168555240793,0.636396103067892,8.25056657223796,1.90918830920368,0,0,1.60212464589235,0.919238815542512,0,0,2010,1988-04-03,NA,NA,NA,NA
"Foley Fatukasi","JAC","DL","13798","weighted",NA,NA,NA,NA,NA,NA,NA,NA,NA,NA,NA,NA,NA,NA,NA,NA,NA,NA,NA,NA,NA,NA,NA,NA,NA,NA,NA,NA,NA,NA,NA,NA,NA,NA,NA,NA,NA,NA,NA,NA,NA,NA,NA,NA,27.1495750708215,4.80832611206852,1.12946175637394,0.565685424949238,0,0,0.138951841359773,0.212132034355964,0,0,2018,1995-03-04,"Q","Calf",2022,0
"Montez Sweat","WAS","DL","14148","weighted",NA,NA,NA,NA,NA,NA,NA,NA,NA,NA,NA,NA,NA,NA,NA,NA,NA,NA,NA,NA,NA,NA,NA,NA,NA,NA,NA,NA,NA,NA,NA,NA,NA,NA,NA,NA,NA,NA,NA,NA,NA,NA,NA,NA,28.9263456090652,1.4142135623731,8.75056657223796,1.90918830920368,0.324220963172805,0.494974746830583,3.2042492917847,1.83847763108502,0.2,0,2019,1996-09-04,NA,NA,NA,NA
"Carl Lawson","NYJ","DL","13202","weighted",NA,NA,NA,NA,NA,NA,NA,NA,NA,NA,NA,NA,NA,NA,NA,NA,NA,NA,NA,NA,NA,NA,NA,NA,NA,NA,NA,NA,NA,NA,NA,NA,NA,NA,NA,NA,NA,NA,NA,NA,NA,NA,NA,NA,22.4381019830028,9.82878425849301,5.03682719546742,0.707106781186548,0,0,1.29688385269122,1.97989898732233,0,0,2017,1995-06-29,NA,NA,NA,NA
"Da'Ron Payne","WAS","DL","13723","weighted",NA,NA,NA,NA,NA,NA,NA,NA,NA,NA,NA,NA,NA,NA,NA,NA,NA,NA,NA,NA,NA,NA,NA,NA,NA,NA,NA,NA,NA,NA,NA,NA,NA,NA,NA,NA,NA,NA,NA,NA,NA,NA,NA,NA,28.4631728045326,0.707106781186548,4.51898016997167,1.55563491861041,0.277903682719547,0.424264068711929,2,0,0,0,2018,1997-05-27,NA,NA,NA,NA
"Ed Oliver","BUF","DL","14158","weighted",NA,NA,NA,NA,NA,NA,NA,NA,NA,NA,NA,NA,NA,NA,NA,NA,NA,NA,NA,NA,NA,NA,NA,NA,NA,NA,NA,NA,NA,NA,NA,NA,NA,NA,NA,NA,NA,NA,NA,NA,NA,NA,NA,NA,28.8610481586402,0.212132034355965,5.1757790368272,0.494974746830583,0,0,2.90736543909348,0.14142135623731,0,0,2019,1997-12-12,NA,NA,NA,NA
"Matt Ioannidis","CAR","DL","12797","weighted",NA,NA,NA,NA,NA,NA,NA,NA,NA,NA,NA,NA,NA,NA,NA,NA,NA,NA,NA,NA,NA,NA,NA,NA,NA,NA,NA,NA,NA,NA,NA,NA,NA,NA,NA,NA,NA,NA,NA,NA,NA,NA,NA,NA,26.8063739376771,2.75771644662753,4.6757790368272,0.494974746830584,0,0,1.27790368271955,0.424264068711929,0,0,2016,1994-01-11,NA,NA,NA,NA
"J.J. Watt","ARI","DL","10272","weighted",NA,NA,NA,NA,NA,NA,NA,NA,NA,NA,NA,NA,NA,NA,NA,NA,NA,NA,NA,NA,NA,NA,NA,NA,NA,NA,NA,NA,NA,NA,NA,NA,NA,NA,NA,NA,NA,NA,NA,NA,NA,NA,NA,NA,26.7600566572238,2.68700576850888,6.76728045325779,4.17193000900063,0.463172804532578,0.707106781186548,5.37053824362606,0.565685424949238,0.9,0,2011,1989-03-22,"Q","Calf",2022,0
"Marcus Davenport","NO","DL","13688","weighted",NA,NA,NA,NA,NA,NA,NA,NA,NA,NA,NA,NA,NA,NA,NA,NA,NA,NA,NA,NA,NA,NA,NA,NA,NA,NA,NA,NA,NA,NA,NA,NA,NA,NA,NA,NA,NA,NA,NA,NA,NA,NA,NA,NA,28.2779036827196,0.42426406871193,8.00949008498584,0.777817459305202,0.0926345609065156,0.14142135623731,2.56416430594901,2.1920310216783,0,0,2018,1996-09-04,NA,NA,NA,NA
"Dorance Armstrong","DAL","DL","13759","weighted",NA,NA,NA,NA,NA,NA,NA,NA,NA,NA,NA,NA,NA,NA,NA,NA,NA,NA,NA,NA,NA,NA,NA,NA,NA,NA,NA,NA,NA,NA,NA,NA,NA,NA,NA,NA,NA,NA,NA,NA,NA,NA,NA,NA,25.056940509915,4.66690475583122,5.36104815864023,0.212132034355964,0,0,2.43583569405099,2.1920310216783,0.2,0,2018,1997-06-10,NA,NA,NA,NA
"Denico Autry","TEN","DL","12083","weighted",NA,NA,NA,NA,NA,NA,NA,NA,NA,NA,NA,NA,NA,NA,NA,NA,NA,NA,NA,NA,NA,NA,NA,NA,NA,NA,NA,NA,NA,NA,NA,NA,NA,NA,NA,NA,NA,NA,NA,NA,NA,NA,NA,NA,28.0463172804533,0.0707106781186558,8.63059490084986,3.25269119345812,0,0,4.99164305949009,3.04055915910216,0,0,NA,NA,NA,NA,NA,NA
"William Gholston","TB","DL","11265","weighted",NA,NA,NA,NA,NA,NA,NA,NA,NA,NA,NA,NA,NA,NA,NA,NA,NA,NA,NA,NA,NA,NA,NA,NA,NA,NA,NA,NA,NA,NA,NA,NA,NA,NA,NA,NA,NA,NA,NA,NA,NA,NA,NA,NA,24.8504249291785,4.80832611206852,3.36104815864023,0.212132034355964,0,0,1.44419263456091,0.848528137423857,0,0,2013,1991-07-31,NA,NA,NA,NA
"Romeo Okwara","DET","DL","12948","weighted",NA,NA,NA,NA,NA,NA,NA,NA,NA,NA,NA,NA,NA,NA,NA,NA,NA,NA,NA,NA,NA,NA,NA,NA,NA,NA,NA,NA,NA,NA,NA,NA,NA,NA,NA,NA,NA,NA,NA,NA,NA,NA,NA,NA,21.9050991501416,7.77817459305202,6.5,1.25949497375653e-15,0.0926345609065156,0.14142135623731,1.30524079320113,1.06066017177982,0,0,2016,1995-06-17,NA,"Achilles",2022,0
"Michael Brockers","DET","DL","10763","weighted",NA,NA,NA,NA,NA,NA,NA,NA,NA,NA,NA,NA,NA,NA,NA,NA,NA,NA,NA,NA,NA,NA,NA,NA,NA,NA,NA,NA,NA,NA,NA,NA,NA,NA,NA,NA,NA,NA,NA,NA,NA,NA,NA,NA,25.378895184136,2.47487373415292,2.21260623229462,1.20208152801713,0,0,0.185269121813031,0.282842712474619,0,0,2012,1990-12-21,NA,NA,NA,NA
"Dean Lowry","GB","DL","12791","weighted",NA,NA,NA,NA,NA,NA,NA,NA,NA,NA,NA,NA,NA,NA,NA,NA,NA,NA,NA,NA,NA,NA,NA,NA,NA,NA,NA,NA,NA,NA,NA,NA,NA,NA,NA,NA,NA,NA,NA,NA,NA,NA,NA,NA,23.4525495750708,3.88908729652601,4.13895184135977,0.212132034355964,0,0,3.64844192634561,0.989949493661167,0,0,2016,NA,NA,NA,NA,NA
"Greg Gaines","LAR","DL","14237","weighted",NA,NA,NA,NA,NA,NA,NA,NA,NA,NA,NA,NA,NA,NA,NA,NA,NA,NA,NA,NA,NA,NA,NA,NA,NA,NA,NA,NA,NA,NA,NA,NA,NA,NA,NA,NA,NA,NA,NA,NA,NA,NA,NA,NA,24.9347025495751,1.62634559672906,4.39787535410765,0.919238815542512,0,0,1.15793201133144,1.76776695296637,0,0,2019,NA,NA,NA,NA,NA
"Emmanuel Ogbah","MIA","DL","12691","weighted",NA,NA,NA,NA,NA,NA,NA,NA,NA,NA,NA,NA,NA,NA,NA,NA,NA,NA,NA,NA,NA,NA,NA,NA,NA,NA,NA,NA,NA,NA,NA,NA,NA,NA,NA,NA,NA,NA,NA,NA,NA,NA,NA,NA,25.4168555240793,0.636396103067892,8.54631728045326,0.0707106781186545,0,0,7.31586402266289,3.53553390593274,0.2,0,2016,1993-11-06,NA,NA,NA,NA
"Samson Ebukam","SF","DL","13294","weighted",NA,NA,NA,NA,NA,NA,NA,NA,NA,NA,NA,NA,NA,NA,NA,NA,NA,NA,NA,NA,NA,NA,NA,NA,NA,NA,NA,NA,NA,NA,NA,NA,NA,NA,NA,NA,NA,NA,NA,NA,NA,NA,NA,NA,23.1936260623229,2.75771644662753,5.33371104815864,1.27279220613579,0,0,1.53682719546742,0.707106781186548,0,0,2017,1995-05-09,NA,NA,NA,NA
"Poona Ford","SEA","DL","13933","weighted",NA,NA,NA,NA,NA,NA,NA,NA,NA,NA,NA,NA,NA,NA,NA,NA,NA,NA,NA,NA,NA,NA,NA,NA,NA,NA,NA,NA,NA,NA,NA,NA,NA,NA,NA,NA,NA,NA,NA,NA,NA,NA,NA,NA,24.8610481586402,0.212132034355965,2.26841359773371,0.353553390593274,0,0,0.953682719546742,0.0707106781186548,0,0,2018,1995-11-19,NA,NA,NA,NA
"Johnathan Hankins","LVR","DL","11281","weighted",NA,NA,NA,NA,NA,NA,NA,NA,NA,NA,NA,NA,NA,NA,NA,NA,NA,NA,NA,NA,NA,NA,NA,NA,NA,NA,NA,NA,NA,NA,NA,NA,NA,NA,NA,NA,NA,NA,NA,NA,NA,NA,NA,NA,24.2589235127479,1.13137084989848,2.05580736543909,0.848528137423857,0,0,1,0,0,0,2013,1992-01-01,NA,NA,NA,NA
"Dalvin Tomlinson","MIN","DL","13260","weighted",NA,NA,NA,NA,NA,NA,NA,NA,NA,NA,NA,NA,NA,NA,NA,NA,NA,NA,NA,NA,NA,NA,NA,NA,NA,NA,NA,NA,NA,NA,NA,NA,NA,NA,NA,NA,NA,NA,NA,NA,NA,NA,NA,NA,22.0379603399433,3.11126983722081,3.68526912181303,0.282842712474619,0,0,1.76841359773371,0.353553390593274,0,0,2017,1994-02-18,NA,NA,NA,NA
"Grover Stewart","IND","DL","13298","weighted",NA,NA,NA,NA,NA,NA,NA,NA,NA,NA,NA,NA,NA,NA,NA,NA,NA,NA,NA,NA,NA,NA,NA,NA,NA,NA,NA,NA,NA,NA,NA,NA,NA,NA,NA,NA,NA,NA,NA,NA,NA,NA,NA,NA,23.0189801699717,1.5556349186104,1.12946175637394,0.565685424949238,0,0,1.69475920679887,1.06066017177982,0,0,2017,1993-10-20,NA,NA,NA,NA
"Al-Quadin Muhammad","CHI","DL","13330","weighted",NA,NA,NA,NA,NA,NA,NA,NA,NA,NA,NA,NA,NA,NA,NA,NA,NA,NA,NA,NA,NA,NA,NA,NA,NA,NA,NA,NA,NA,NA,NA,NA,NA,NA,NA,NA,NA,NA,NA,NA,NA,NA,NA,NA,18.7053824362606,5.65685424949238,3.35155807365439,0.989949493661167,0,0,1.61048158640227,2.12132034355964,0,0,2017,1995-03-28,NA,NA,NA,NA
"Dante Fowler","DAL","DL","12217","weighted",NA,NA,NA,NA,NA,NA,NA,NA,NA,NA,NA,NA,NA,NA,NA,NA,NA,NA,NA,NA,NA,NA,NA,NA,NA,NA,NA,NA,NA,NA,NA,NA,NA,NA,NA,NA,NA,NA,NA,NA,NA,NA,NA,NA,13.7828611898017,14.0714249456123,4.30410764872521,4.87903679018718,0,0,1.07365439093484,1.4142135623731,0,0,NA,1994-08-03,NA,NA,NA,NA
"Jerry Tillery","LAC","DL","14161","weighted",NA,NA,NA,NA,NA,NA,NA,NA,NA,NA,NA,NA,NA,NA,NA,NA,NA,NA,NA,NA,NA,NA,NA,NA,NA,NA,NA,NA,NA,NA,NA,NA,NA,NA,NA,NA,NA,NA,NA,NA,NA,NA,NA,NA,22.0926345609065,0.141421356237309,4.03682719546742,0.707106781186548,0,0,0.536827195467422,0.707106781186548,0,0,2019,1996-10-08,NA,NA,NA,NA
"Al Woods","SEA","DL","9940","weighted",NA,NA,NA,NA,NA,NA,NA,NA,NA,NA,NA,NA,NA,NA,NA,NA,NA,NA,NA,NA,NA,NA,NA,NA,NA,NA,NA,NA,NA,NA,NA,NA,NA,NA,NA,NA,NA,NA,NA,NA,NA,NA,NA,NA,21.0189801699717,1.5556349186104,0.861048158640227,0.212132034355964,0.536827195467422,0.707106781186548,1.48215297450425,2.26274169979695,0,0,2010,1987-03-25,NA,NA,NA,NA
"Yannick Ngakoue","IND","DL","12756","weighted",NA,NA,NA,NA,NA,NA,NA,NA,NA,NA,NA,NA,NA,NA,NA,NA,NA,NA,NA,NA,NA,NA,NA,NA,NA,NA,NA,NA,NA,NA,NA,NA,NA,NA,NA,NA,NA,NA,NA,NA,NA,NA,NA,NA,21.1662889518414,1.27279220613579,9.00949008498583,0.777817459305202,0.536827195467422,0.707106781186548,2.21260623229462,1.20208152801713,0,0,2016,1995-03-31,NA,NA,NA,NA
"Bilal Nichols","LVR","DL","13777","weighted",NA,NA,NA,NA,NA,NA,NA,NA,NA,NA,NA,NA,NA,NA,NA,NA,NA,NA,NA,NA,NA,NA,NA,NA,NA,NA,NA,NA,NA,NA,NA,NA,NA,NA,NA,NA,NA,NA,NA,NA,NA,NA,NA,NA,21.5368271954674,0.707106781186548,3.43470254957507,1.62634559672906,0,0,1.72209631728045,0.424264068711929,0,0,2018,1996-09-14,NA,NA,NA,NA
"Akiem Hicks","TB","DL","10823","weighted",NA,NA,NA,NA,NA,NA,NA,NA,NA,NA,NA,NA,NA,NA,NA,NA,NA,NA,NA,NA,NA,NA,NA,NA,NA,NA,NA,NA,NA,NA,NA,NA,NA,NA,NA,NA,NA,NA,NA,NA,NA,NA,NA,NA,19.8230878186969,3.32340187157677,3.7399433427762,2.68700576850888,0,0,1.7957507082153,1.83847763108502,0,0,2012,1989-11-16,NA,NA,NA,NA
"DaQuan Jones","BUF","DL","11793","weighted",NA,NA,NA,NA,NA,NA,NA,NA,NA,NA,NA,NA,NA,NA,NA,NA,NA,NA,NA,NA,NA,NA,NA,NA,NA,NA,NA,NA,NA,NA,NA,NA,NA,NA,NA,NA,NA,NA,NA,NA,NA,NA,NA,NA,20.378895184136,2.47487373415292,1.81473087818697,0.282842712474619,0,0,0.536827195467422,0.707106781186548,0,0,2014,1991-12-17,NA,NA,NA,NA
"Derrick Nnadi","KC","DL","13745","weighted",NA,NA,NA,NA,NA,NA,NA,NA,NA,NA,NA,NA,NA,NA,NA,NA,NA,NA,NA,NA,NA,NA,NA,NA,NA,NA,NA,NA,NA,NA,NA,NA,NA,NA,NA,NA,NA,NA,NA,NA,NA,NA,NA,NA,19.8230878186969,3.32340187157677,2.12946175637394,0.565685424949238,0,0,0.231586402266289,0.353553390593274,0,0,2018,1996-05-09,NA,NA,NA,NA
"Frank Clark","KC","DL","12280","weighted",NA,NA,NA,NA,NA,NA,NA,NA,NA,NA,NA,NA,NA,NA,NA,NA,NA,NA,NA,NA,NA,NA,NA,NA,NA,NA,NA,NA,NA,NA,NA,NA,NA,NA,NA,NA,NA,NA,NA,NA,NA,NA,NA,NA,20.0736543909348,1.4142135623731,5.89787535410765,0.919238815542512,0.536827195467422,0.707106781186548,1.30524079320113,1.06066017177982,0,0,2015,1993-06-14,NA,NA,NA,NA
"Kerry Hyder","SF","DL","12987","weighted",NA,NA,NA,NA,NA,NA,NA,NA,NA,NA,NA,NA,NA,NA,NA,NA,NA,NA,NA,NA,NA,NA,NA,NA,NA,NA,NA,NA,NA,NA,NA,NA,NA,NA,NA,NA,NA,NA,NA,NA,NA,NA,NA,NA,12.8481586402266,12.4450793488832,1.65679886685552,2.05060966544099,0,0,0,0,0,0,NA,NA,NA,NA,NA,NA
"Maliek Collins","HOU","DL","12754","weighted",NA,NA,NA,NA,NA,NA,NA,NA,NA,NA,NA,NA,NA,NA,NA,NA,NA,NA,NA,NA,NA,NA,NA,NA,NA,NA,NA,NA,NA,NA,NA,NA,NA,NA,NA,NA,NA,NA,NA,NA,NA,NA,NA,NA,19.4631728045326,0.707106781186548,3.1199716713881,1.34350288425444,0.0463172804532578,0.0707106781186548,1.25892351274788,1.13137084989848,0,0,2016,1995-04-08,NA,NA,NA,NA
"Jarran Reed","GB","DL","12698","weighted",NA,NA,NA,NA,NA,NA,NA,NA,NA,NA,NA,NA,NA,NA,NA,NA,NA,NA,NA,NA,NA,NA,NA,NA,NA,NA,NA,NA,NA,NA,NA,NA,NA,NA,NA,NA,NA,NA,NA,NA,NA,NA,NA,NA,18.1936260623229,2.75771644662753,4.19362606232295,2.75771644662754,0,0,0.861048158640227,0.212132034355964,0,0,2016,1992-12-16,NA,NA,NA,NA
"Josh Sweat","PHI","DL","13690","weighted",NA,NA,NA,NA,NA,NA,NA,NA,NA,NA,NA,NA,NA,NA,NA,NA,NA,NA,NA,NA,NA,NA,NA,NA,NA,NA,NA,NA,NA,NA,NA,NA,NA,NA,NA,NA,NA,NA,NA,NA,NA,NA,NA,NA,19.2126062322946,1.20208152801713,6.59263456090652,0.14142135623731,0,0,2.72209631728045,0.424264068711929,0,0,2018,1997-03-29,NA,NA,NA,NA
"Stephen Weatherly","CLE","DL","12841","weighted",NA,NA,NA,NA,NA,NA,NA,NA,NA,NA,NA,NA,NA,NA,NA,NA,NA,NA,NA,NA,NA,NA,NA,NA,NA,NA,NA,NA,NA,NA,NA,NA,NA,NA,NA,NA,NA,NA,NA,NA,NA,NA,NA,NA,16.0167138810198,6.08111831820431,2.10212464589235,0.919238815542512,0,0,1.76841359773371,0.353553390593274,0,0,2016,1994-03-19,"IR","Knee",2022,0
"Tyson Alualu","PIT","DL","9875","weighted",NA,NA,NA,NA,NA,NA,NA,NA,NA,NA,NA,NA,NA,NA,NA,NA,NA,NA,NA,NA,NA,NA,NA,NA,NA,NA,NA,NA,NA,NA,NA,NA,NA,NA,NA,NA,NA,NA,NA,NA,NA,NA,NA,NA,18.1936260623229,2.75771644662753,0.897875354107649,0.919238815542512,0,0,1.38951841359773,2.12132034355964,0,0,2010,1987-05-12,NA,NA,NA,NA
"Justin Jones","CHI","DL","13748","weighted",NA,NA,NA,NA,NA,NA,NA,NA,NA,NA,NA,NA,NA,NA,NA,NA,NA,NA,NA,NA,NA,NA,NA,NA,NA,NA,NA,NA,NA,NA,NA,NA,NA,NA,NA,NA,NA,NA,NA,NA,NA,NA,NA,NA,19.2315864022663,0.353553390593274,2.26841359773371,0.353553390593274,0,0,1.37053824362606,0.565685424949238,0,0,2018,1995-08-17,NA,NA,NA,NA
"Sheldon Rankins","NYJ","DL","12735","weighted",NA,NA,NA,NA,NA,NA,NA,NA,NA,NA,NA,NA,NA,NA,NA,NA,NA,NA,NA,NA,NA,NA,NA,NA,NA,NA,NA,NA,NA,NA,NA,NA,NA,NA,NA,NA,NA,NA,NA,NA,NA,NA,NA,NA,15.3895184135977,2.12132034355964,2.45368271954674,0.0707106781186548,0,0,0.185269121813031,0.282842712474619,0,0,2016,1994-04-02,NA,NA,NA,NA
"Clelin Ferrell","LVR","DL","14151","weighted",NA,NA,NA,NA,NA,NA,NA,NA,NA,NA,NA,NA,NA,NA,NA,NA,NA,NA,NA,NA,NA,NA,NA,NA,NA,NA,NA,NA,NA,NA,NA,NA,NA,NA,NA,NA,NA,NA,NA,NA,NA,NA,NA,NA,10.7661473087819,7.99030662740799,1.71260623229462,1.20208152801713,0,0,1.58314447592068,0.636396103067893,0,0,2019,1970-01-01,NA,NA,NA,NA
"T.J. Edwards","PHI","LB","14322","weighted",NA,NA,NA,NA,NA,NA,NA,NA,NA,NA,NA,NA,NA,NA,NA,NA,NA,NA,NA,NA,NA,NA,NA,NA,NA,NA,NA,NA,NA,NA,NA,NA,NA,NA,NA,NA,NA,NA,NA,NA,NA,NA,NA,NA,106.147295719844,63.1131621784191,1.44453307392996,0.995329661060315,1.16120622568093,0.157326347369641,5.70163424124514,1.27422425428794,0.0845865758754864,0.0828318301605128,2019,1996-08-12,NA,NA,NA,NA
"Foyesade Oluokun","JAC","LB","13813","weighted",NA,NA,NA,NA,NA,NA,NA,NA,NA,NA,NA,NA,NA,NA,NA,NA,NA,NA,NA,NA,NA,NA,NA,NA,NA,NA,NA,NA,NA,NA,NA,NA,NA,NA,NA,NA,NA,NA,NA,NA,NA,NA,NA,NA,109.961809338521,54.097306753162,2.26647859922179,0.656362605326542,1.65036964980545,0.360828393052591,5.18955252918288,1.87456964891274,0.0845865758754864,0.0828318301605128,2018,1995-08-02,NA,NA,NA,NA
"Roquan Smith","CHI","LB","13696","weighted",NA,NA,NA,NA,NA,NA,NA,NA,NA,NA,NA,NA,NA,NA,NA,NA,NA,NA,NA,NA,NA,NA,NA,NA,NA,NA,NA,NA,NA,NA,NA,NA,NA,NA,NA,NA,NA,NA,NA,NA,NA,NA,NA,NA,120.13780155642,39.8756512442395,3.88336575875486,0.618136871372206,1.23324902723735,0.22900905464884,5.59270428015564,1.51827562573208,0.185072957198444,0.0146173817930317,2018,1997-04-08,NA,NA,NA,NA
"C.J. Mosley","NYJ","LB","11728","weighted",NA,NA,NA,NA,NA,NA,NA,NA,NA,NA,NA,NA,NA,NA,NA,NA,NA,NA,NA,NA,NA,NA,NA,NA,NA,NA,NA,NA,NA,NA,NA,NA,NA,NA,NA,NA,NA,NA,NA,NA,NA,NA,NA,NA,115.193249027237,39.0619945272929,2.03445525291829,0.062573512487354,1.07441634241245,0.904089726165508,4.39068093385214,3.67858103125166,0.0845865758754864,0.0828318301605128,2014,1992-06-19,NA,NA,NA,NA
"Ja'Whaun Bentley","NE","LB","13775","weighted",NA,NA,NA,NA,NA,NA,NA,NA,NA,NA,NA,NA,NA,NA,NA,NA,NA,NA,NA,NA,NA,NA,NA,NA,NA,NA,NA,NA,NA,NA,NA,NA,NA,NA,NA,NA,NA,NA,NA,NA,NA,NA,NA,NA,95.5262062256809,52.7869805235753,2.31614785992218,0.311923891402808,0.321439688715953,0.319772715463491,2.99099221789883,2.14578340444711,0.185072957198444,0.0146173817930317,2018,1996-08-24,NA,NA,NA,NA
"DeVondre Campbell","GB","LB","12779","weighted",NA,NA,NA,NA,NA,NA,NA,NA,NA,NA,NA,NA,NA,NA,NA,NA,NA,NA,NA,NA,NA,NA,NA,NA,NA,NA,NA,NA,NA,NA,NA,NA,NA,NA,NA,NA,NA,NA,NA,NA,NA,NA,NA,NA,110.577178988327,35.2926302467158,2.19589494163424,0.356651172218994,0.898793774319066,0.102552708699368,4.944046692607,1.0926784335602,0.0845865758754864,0.0828318301605128,2016,1993-07-01,NA,NA,NA,NA
"Denzel Perryman","LVR","LB","12238","weighted",NA,NA,NA,NA,NA,NA,NA,NA,NA,NA,NA,NA,NA,NA,NA,NA,NA,NA,NA,NA,NA,NA,NA,NA,NA,NA,NA,NA,NA,NA,NA,NA,NA,NA,NA,NA,NA,NA,NA,NA,NA,NA,NA,NA,111.156459143969,34.5505973486631,0.795642023346304,0.505447307468505,0.250583657587549,0.45508009081712,3.32593385214008,2.24206330537005,0.0845865758754864,0.0828318301605128,NA,1992-12-05,NA,NA,NA,NA
"Kyzir White","PHI","LB","13762","weighted",NA,NA,NA,NA,NA,NA,NA,NA,NA,NA,NA,NA,NA,NA,NA,NA,NA,NA,NA,NA,NA,NA,NA,NA,NA,NA,NA,NA,NA,NA,NA,NA,NA,NA,NA,NA,NA,NA,NA,NA,NA,NA,NA,NA,103.617840466926,39.9960460145376,0.928657587548638,0.385885184883758,1.28071984435798,0.266735506205292,4.9215953307393,2.10954673729582,0.0845865758754864,0.0828318301605128,2018,1996-03-24,NA,NA,NA,NA
"Cole Holcomb","WAS","LB","14260","weighted",NA,NA,NA,NA,NA,NA,NA,NA,NA,NA,NA,NA,NA,NA,NA,NA,NA,NA,NA,NA,NA,NA,NA,NA,NA,NA,NA,NA,NA,NA,NA,NA,NA,NA,NA,NA,NA,NA,NA,NA,NA,NA,NA,NA,102.151225680934,38.1465596694386,1.81033073929961,0.709636247546491,1.65760700389105,0.464769659974262,6.63373540856031,0.343836260995654,0.185072957198444,0.0146173817930317,2019,1996-07-30,NA,NA,NA,NA
"Eric Kendricks","MIN","LB","12239","weighted",NA,NA,NA,NA,NA,NA,NA,NA,NA,NA,NA,NA,NA,NA,NA,NA,NA,NA,NA,NA,NA,NA,NA,NA,NA,NA,NA,NA,NA,NA,NA,NA,NA,NA,NA,NA,NA,NA,NA,NA,NA,NA,NA,NA,97.003579766537,40.6130431068831,4.40249027237354,2.02229529101483,1.84268482490272,0.750362353169201,5.84984435797665,1.38051547137511,0.0845865758754864,0.0828318301605128,2015,1992-02-29,NA,NA,NA,NA
"Fred Warner","SF","LB","13743","weighted",NA,NA,NA,NA,NA,NA,NA,NA,NA,NA,NA,NA,NA,NA,NA,NA,NA,NA,NA,NA,NA,NA,NA,NA,NA,NA,NA,NA,NA,NA,NA,NA,NA,NA,NA,NA,NA,NA,NA,NA,NA,NA,NA,NA,102.066089494163,34.1978934315604,1.54675097276265,0.893490904923836,1.19083657587549,0.788112237588239,5.61729571984436,1.82594804298368,0.0845865758754864,0.0828318301605128,2018,1996-11-19,NA,NA,NA,NA
"Tremaine Edmunds","BUF","LB","13697","weighted",NA,NA,NA,NA,NA,NA,NA,NA,NA,NA,NA,NA,NA,NA,NA,NA,NA,NA,NA,NA,NA,NA,NA,NA,NA,NA,NA,NA,NA,NA,NA,NA,NA,NA,NA,NA,NA,NA,NA,NA,NA,NA,NA,NA,95.46,32.3224734081971,1.12287937743191,0.461812343581658,0.740719844357977,0.258353572735342,5.15396887159533,0.201966529363417,0.0845865758754864,0.0828318301605128,2018,1998-05-02,NA,NA,NA,NA
"Bobby Okereke","IND","LB","14218","weighted",NA,NA,NA,NA,NA,NA,NA,NA,NA,NA,NA,NA,NA,NA,NA,NA,NA,NA,NA,NA,NA,NA,NA,NA,NA,NA,NA,NA,NA,NA,NA,NA,NA,NA,NA,NA,NA,NA,NA,NA,NA,NA,NA,NA,92.1555836575875,34.0204513423422,0.876867704280156,0.115509214117801,1.04892996108949,0.320009559057544,4.99081712062257,0.575008475577442,0.0845865758754864,0.0828318301605128,2019,1970-01-01,NA,NA,NA,NA
"Leighton Vander Esch","DAL","LB","13727","weighted",NA,NA,NA,NA,NA,NA,NA,NA,NA,NA,NA,NA,NA,NA,NA,NA,NA,NA,NA,NA,NA,NA,NA,NA,NA,NA,NA,NA,NA,NA,NA,NA,NA,NA,NA,NA,NA,NA,NA,NA,NA,NA,NA,NA,76.5932684824903,46.0163551953801,2.2443579766537,0.865134557461307,0.832529182879377,0.160625763771181,3.91342412451362,1.53695178908079,0.0845865758754864,0.0828318301605128,2018,1997-02-09,NA,NA,NA,NA
"Chris Kirksey","HOU","LB","11772","weighted",NA,NA,NA,NA,NA,NA,NA,NA,NA,NA,NA,NA,NA,NA,NA,NA,NA,NA,NA,NA,NA,NA,NA,NA,NA,NA,NA,NA,NA,NA,NA,NA,NA,NA,NA,NA,NA,NA,NA,NA,NA,NA,NA,NA,89.8701556420233,34.6665401263902,1.78431906614786,0.812225289909878,1.0281906614786,0.0511965102169261,7.42052529182879,1.05237271001459,0.0845865758754864,0.0828318301605128,2014,1992-08-31,NA,NA,NA,NA
"Darius Leonard","IND","LB","13733","weighted",NA,NA,NA,NA,NA,NA,NA,NA,NA,NA,NA,NA,NA,NA,NA,NA,NA,NA,NA,NA,NA,NA,NA,NA,NA,NA,NA,NA,NA,NA,NA,NA,NA,NA,NA,NA,NA,NA,NA,NA,NA,NA,NA,NA,100.649941634241,25.2404431674767,2.35902723735409,1.10734810569937,2.49834630350195,0.82847927286678,7.13087548638132,1.32445685488702,0.0845865758754864,0.0828318301605128,2018,NA,"O","Back",2022,0
"Quincy Williams","NYJ","LB","14221","weighted",NA,NA,NA,NA,NA,NA,NA,NA,NA,NA,NA,NA,NA,NA,NA,NA,NA,NA,NA,NA,NA,NA,NA,NA,NA,NA,NA,NA,NA,NA,NA,NA,NA,NA,NA,NA,NA,NA,NA,NA,NA,NA,NA,NA,86.6563424124514,34.8989967142507,2.37756809338521,0.510060960608285,0.468910505836576,0.521614403814522,4.25301556420233,0.25638177174842,0.0746352140077821,0.0730869089651583,2019,1996-08-28,NA,NA,NA,NA
"Shaq Green-Thompson","CAR","LB","12231","weighted",NA,NA,NA,NA,NA,NA,NA,NA,NA,NA,NA,NA,NA,NA,NA,NA,NA,NA,NA,NA,NA,NA,NA,NA,NA,NA,NA,NA,NA,NA,NA,NA,NA,NA,NA,NA,NA,NA,NA,NA,NA,NA,NA,NA,86.6471984435798,31.8853297995543,1.76698443579767,0.700437521039705,0.906517509727626,0.258896918635771,5.13663424124514,0.221133913128722,0.0845865758754864,0.0828318301605128,NA,NA,NA,NA,NA,NA
"Devin White","TB","LB","14168","weighted",NA,NA,NA,NA,NA,NA,NA,NA,NA,NA,NA,NA,NA,NA,NA,NA,NA,NA,NA,NA,NA,NA,NA,NA,NA,NA,NA,NA,NA,NA,NA,NA,NA,NA,NA,NA,NA,NA,NA,NA,NA,NA,NA,NA,104.674727626459,16.6029001099329,5.55249027237354,1.67896211686677,0.953015564202335,0.0853275170282101,4.98700389105058,1.01961192292695,0.0845865758754864,0.0828318301605128,2019,1970-01-01,NA,NA,NA,NA
"Zach Cunningham","TEN","LB","13216","weighted",NA,NA,NA,NA,NA,NA,NA,NA,NA,NA,NA,NA,NA,NA,NA,NA,NA,NA,NA,NA,NA,NA,NA,NA,NA,NA,NA,NA,NA,NA,NA,NA,NA,NA,NA,NA,NA,NA,NA,NA,NA,NA,NA,NA,85.2911284046693,32.3962437604916,2.14433852140078,0.803171312700394,0.387003891050584,0.525360040861082,3.05778210116732,1.07329679426011,0.0398054474708171,0.0389796847814178,2017,1994-12-12,NA,NA,NA,NA
"Jordan Hicks","MIN","LB","12287","weighted",NA,NA,NA,NA,NA,NA,NA,NA,NA,NA,NA,NA,NA,NA,NA,NA,NA,NA,NA,NA,NA,NA,NA,NA,NA,NA,NA,NA,NA,NA,NA,NA,NA,NA,NA,NA,NA,NA,NA,NA,NA,NA,NA,NA,85.0125875486381,32.3653372010615,3.23807392996109,0.245926402803598,1.1838326848249,0.512216610963615,5.13173151750973,1.88980412941647,0.185072957198444,0.0146173817930317,2015,1992-06-27,NA,NA,NA,NA
"Kamu Grugier-Hill","HOU","LB","12828","weighted",NA,NA,NA,NA,NA,NA,NA,NA,NA,NA,NA,NA,NA,NA,NA,NA,NA,NA,NA,NA,NA,NA,NA,NA,NA,NA,NA,NA,NA,NA,NA,NA,NA,NA,NA,NA,NA,NA,NA,NA,NA,NA,NA,NA,85.2663424124514,32.7400483523887,3.00817120622568,1.022154821087,0.597354085603113,0.579890173700046,3.85803501945525,1.09657294206626,0.0845865758754864,0.0828318301605128,2016,1994-05-16,NA,NA,NA,NA
"Lavonte David","TB","LB","10768","weighted",NA,NA,NA,NA,NA,NA,NA,NA,NA,NA,NA,NA,NA,NA,NA,NA,NA,NA,NA,NA,NA,NA,NA,NA,NA,NA,NA,NA,NA,NA,NA,NA,NA,NA,NA,NA,NA,NA,NA,NA,NA,NA,NA,NA,92.5246498054475,23.3459546789809,2.53640077821012,0.337922738430409,0.885505836575875,0.811077429903173,5.95970817120623,1.11642014399156,0.0845865758754864,0.0828318301605128,2012,1990-01-23,NA,NA,NA,NA
"Bobby Wagner","LAR","LB","10775","weighted",NA,NA,NA,NA,NA,NA,NA,NA,NA,NA,NA,NA,NA,NA,NA,NA,NA,NA,NA,NA,NA,NA,NA,NA,NA,NA,NA,NA,NA,NA,NA,NA,NA,NA,NA,NA,NA,NA,NA,NA,NA,NA,NA,NA,95.156906614786,20.3875474312015,2.82437743190661,0.877983896550839,1.60750972762646,1.08269852937205,6.49739299610895,1.09786441676406,0.0845865758754864,0.0828318301605128,2012,1990-06-27,NA,NA,NA,NA
"Germaine Pratt","CIN","LB","14210","weighted",NA,NA,NA,NA,NA,NA,NA,NA,NA,NA,NA,NA,NA,NA,NA,NA,NA,NA,NA,NA,NA,NA,NA,NA,NA,NA,NA,NA,NA,NA,NA,NA,NA,NA,NA,NA,NA,NA,NA,NA,NA,NA,NA,NA,79.5190077821012,32.2963421689459,0.563365758754864,0.457551686897864,0.832548638132296,0.912281606541709,3.49416342412451,1.74887206086106,0.0845865758754864,0.0828318301605128,2019,1970-01-01,NA,NA,NA,NA
"Anthony Walker","CLE","LB","13306","weighted",NA,NA,NA,NA,NA,NA,NA,NA,NA,NA,NA,NA,NA,NA,NA,NA,NA,NA,NA,NA,NA,NA,NA,NA,NA,NA,NA,NA,NA,NA,NA,NA,NA,NA,NA,NA,NA,NA,NA,NA,NA,NA,NA,NA,80.745719844358,30.2947754178699,1.16,0.790244105380822,0.566011673151751,0.509585555526456,3.89657587548638,1.11998401632856,0.0845865758754864,0.0828318301605128,2017,1995-08-08,NA,NA,NA,NA
"Demario Davis","NO","LB","10816","weighted",NA,NA,NA,NA,NA,NA,NA,NA,NA,NA,NA,NA,NA,NA,NA,NA,NA,NA,NA,NA,NA,NA,NA,NA,NA,NA,NA,NA,NA,NA,NA,NA,NA,NA,NA,NA,NA,NA,NA,NA,NA,NA,NA,NA,87.1865758754864,23.1997805495043,3.51562256809339,1.02234129403655,0.531556420233463,0.50691214257315,5.52437743190661,0.949238762379886,0.0796108949416342,0.0779593695628355,2012,1989-01-11,NA,NA,NA,NA
"Myles Jack","PIT","LB","12702","weighted",NA,NA,NA,NA,NA,NA,NA,NA,NA,NA,NA,NA,NA,NA,NA,NA,NA,NA,NA,NA,NA,NA,NA,NA,NA,NA,NA,NA,NA,NA,NA,NA,NA,NA,NA,NA,NA,NA,NA,NA,NA,NA,NA,NA,75.3693968871595,28.5731699856934,2.54317120622568,1.95849816153918,0.562879377431907,0.509025344013795,3.35003891050584,1.93527576304995,0.0746352140077821,0.0730869089651583,2016,1995-09-03,NA,NA,NA,NA
"Jerome Baker","MIA","LB","13706","weighted",NA,NA,NA,NA,NA,NA,NA,NA,NA,NA,NA,NA,NA,NA,NA,NA,NA,NA,NA,NA,NA,NA,NA,NA,NA,NA,NA,NA,NA,NA,NA,NA,NA,NA,NA,NA,NA,NA,NA,NA,NA,NA,NA,NA,82.644280155642,22.8630494008688,5.84169260700389,1.74833601924981,0.775661478599222,0.214786591765588,3.96937743190661,0.4443170242492,0.0845865758754864,0.0828318301605128,2018,1996-12-25,NA,NA,NA,NA
"Damien Wilson","CAR","LB","12302","weighted",NA,NA,NA,NA,NA,NA,NA,NA,NA,NA,NA,NA,NA,NA,NA,NA,NA,NA,NA,NA,NA,NA,NA,NA,NA,NA,NA,NA,NA,NA,NA,NA,NA,NA,NA,NA,NA,NA,NA,NA,NA,NA,NA,NA,67.5346108949416,34.8370553693575,1.78986381322957,0.410843003568516,0.487704280155642,0.514613375923409,3.88118677042802,0.419461522904122,0.0199027237354086,0.0194898423907089,2015,1993-05-28,NA,NA,NA,NA
"Matt Milano","BUF","LB","13307","weighted",NA,NA,NA,NA,NA,NA,NA,NA,NA,NA,NA,NA,NA,NA,NA,NA,NA,NA,NA,NA,NA,NA,NA,NA,NA,NA,NA,NA,NA,NA,NA,NA,NA,NA,NA,NA,NA,NA,NA,NA,NA,NA,NA,NA,77.9725486381323,25.5545295362195,3.70768482490272,0.837663178653054,0.634922178988327,0.537219825972058,5.48389105058366,0.935808050320438,0.0796108949416342,0.0779593695628355,2017,NA,NA,NA,NA,NA
"Josh Bynes","BAL","LB","10653","weighted",NA,NA,NA,NA,NA,NA,NA,NA,NA,NA,NA,NA,NA,NA,NA,NA,NA,NA,NA,NA,NA,NA,NA,NA,NA,NA,NA,NA,NA,NA,NA,NA,NA,NA,NA,NA,NA,NA,NA,NA,NA,NA,NA,NA,69.2399027237354,31.9553872309797,2.7831906614786,1.52353523349596,0.609863813229572,0.52389098448604,4.34817120622568,0.550528911310442,0.0746352140077821,0.0730869089651583,2011,1989-08-24,NA,NA,NA,NA
"Jayon Brown","LVR","LB","13304","weighted",NA,NA,NA,NA,NA,NA,NA,NA,NA,NA,NA,NA,NA,NA,NA,NA,NA,NA,NA,NA,NA,NA,NA,NA,NA,NA,NA,NA,NA,NA,NA,NA,NA,NA,NA,NA,NA,NA,NA,NA,NA,NA,NA,NA,59.5374902723735,40.5264514318503,1.04118677042802,1.01535703469484,0.937354085603113,0.11377002270428,4.28620622568093,1.50200383958926,0.0845865758754864,0.0828318301605128,2017,1995-02-26,NA,NA,NA,NA
"Jermaine Carter","FA","LB","13787","weighted",NA,NA,NA,NA,NA,NA,NA,NA,NA,NA,NA,NA,NA,NA,NA,NA,NA,NA,NA,NA,NA,NA,NA,NA,NA,NA,NA,NA,NA,NA,NA,NA,NA,NA,NA,NA,NA,NA,NA,NA,NA,NA,NA,NA,65.6083309557774,54.8149176775812,0.358288159771755,0.551543289325507,0.146990014265335,0.226274169979695,2.44693295292439,2.22738636073762,0,0,2018,NA,NA,NA,NA,NA
"Mack Wilson","NE","LB","14169","weighted",NA,NA,NA,NA,NA,NA,NA,NA,NA,NA,NA,NA,NA,NA,NA,NA,NA,NA,NA,NA,NA,NA,NA,NA,NA,NA,NA,NA,NA,NA,NA,NA,NA,NA,NA,NA,NA,NA,NA,NA,NA,NA,NA,NA,52.3275680933852,45.6563585264317,0.828443579766537,0.826291491285625,0.140953307392996,0.25598255108463,2.47173151750973,1.67697290902043,0.034829766536965,0.0341072241837405,2019,1998-02-14,NA,NA,NA,NA
"Josey Jewell","DEN","LB","13702","weighted",NA,NA,NA,NA,NA,NA,NA,NA,NA,NA,NA,NA,NA,NA,NA,NA,NA,NA,NA,NA,NA,NA,NA,NA,NA,NA,NA,NA,NA,NA,NA,NA,NA,NA,NA,NA,NA,NA,NA,NA,NA,NA,NA,NA,75.0705836575875,23.8214017543498,2.19036964980545,0.264234812534306,0.0595136186770428,0.108081521569066,5.30824902723735,1.34134919418489,0,0,2018,1994-12-25,"D","Calf",2022,0
"Cody Barton","SEA","LB","14217","weighted",NA,NA,NA,NA,NA,NA,NA,NA,NA,NA,NA,NA,NA,NA,NA,NA,NA,NA,NA,NA,NA,NA,NA,NA,NA,NA,NA,NA,NA,NA,NA,NA,NA,NA,NA,NA,NA,NA,NA,NA,NA,NA,NA,NA,70.5047859922179,27.1876414385631,0.750603112840467,0.233799346205417,0.166011673151751,0.301490560166342,3.6481906614786,1.54726317448044,0.0398054474708171,0.0389796847814178,2019,1996-11-13,NA,NA,NA,NA
"Nicholas Morrow","CHI","LB","13426","weighted",NA,NA,NA,NA,NA,NA,NA,NA,NA,NA,NA,NA,NA,NA,NA,NA,NA,NA,NA,NA,NA,NA,NA,NA,NA,NA,NA,NA,NA,NA,NA,NA,NA,NA,NA,NA,NA,NA,NA,NA,NA,NA,NA,NA,64.6181517509728,29.9948919187328,4.27645914396887,2.41846251303085,0.581673151750973,0.513323871956478,3.97463035019455,2.52270716410181,0.0746352140077821,0.0730869089651583,2017,1995-07-10,NA,NA,NA,NA
"Alex Anzalone","DET","LB","13268","weighted",NA,NA,NA,NA,NA,NA,NA,NA,NA,NA,NA,NA,NA,NA,NA,NA,NA,NA,NA,NA,NA,NA,NA,NA,NA,NA,NA,NA,NA,NA,NA,NA,NA,NA,NA,NA,NA,NA,NA,NA,NA,NA,NA,NA,66.3403891050584,26.6292826619928,1.01951361867704,0.470549832526386,0.800719844357977,0.204319317490141,5.76655642023346,1.36830412922564,0.0746352140077821,0.0730869089651583,2017,1994-09-22,NA,NA,NA,NA
"Elandon Roberts","MIA","LB","12831","weighted",NA,NA,NA,NA,NA,NA,NA,NA,NA,NA,NA,NA,NA,NA,NA,NA,NA,NA,NA,NA,NA,NA,NA,NA,NA,NA,NA,NA,NA,NA,NA,NA,NA,NA,NA,NA,NA,NA,NA,NA,NA,NA,NA,NA,58.0976459143969,28.6490667276951,1.52770428015564,0.143665824205823,0.256147859922179,0.257306687961704,3.09828793774319,0.553430433273728,0.100486381322957,0.0974492119535444,2016,1994-04-22,NA,NA,NA,NA
"Rashaan Evans","ATL","LB","13699","weighted",NA,NA,NA,NA,NA,NA,NA,NA,NA,NA,NA,NA,NA,NA,NA,NA,NA,NA,NA,NA,NA,NA,NA,NA,NA,NA,NA,NA,NA,NA,NA,NA,NA,NA,NA,NA,NA,NA,NA,NA,NA,NA,NA,NA,70.9948054474708,16.5067225565058,0.413735408560311,0.390247339052586,1.10147859922179,0.732192421695435,3.36120622568093,1.28359875019344,0.00497568093385214,0.00487246059767722,2018,1996-11-08,NA,NA,NA,NA
"Lorenzo Carter","ATL","LB","13703","weighted",NA,NA,NA,NA,NA,NA,NA,NA,NA,NA,NA,NA,NA,NA,NA,NA,NA,NA,NA,NA,NA,NA,NA,NA,NA,NA,NA,NA,NA,NA,NA,NA,NA,NA,NA,NA,NA,NA,NA,NA,NA,NA,NA,NA,45.8958949416342,33.9629566881517,5.14951361867704,2.74809854123884,0.306264591439689,0.287420062824777,2.9672373540856,0.943958084217845,0.034829766536965,0.0341072241837405,2018,1995-12-10,NA,NA,NA,NA
"Dre Greenlaw","SF","LB","14247","weighted",NA,NA,NA,NA,NA,NA,NA,NA,NA,NA,NA,NA,NA,NA,NA,NA,NA,NA,NA,NA,NA,NA,NA,NA,NA,NA,NA,NA,NA,NA,NA,NA,NA,NA,NA,NA,NA,NA,NA,NA,NA,NA,NA,NA,68.2953891050584,16.478224359411,1.37496108949416,0.608687679767481,0.79807392996109,0.190257167283997,3.25968871595331,1.74227575602822,0.13034046692607,0.0682144483674811,2019,1997-05-25,NA,NA,NA,NA
"Matt Judon","NE","LB","12795","weighted",NA,NA,NA,NA,NA,NA,NA,NA,NA,NA,NA,NA,NA,NA,NA,NA,NA,NA,NA,NA,NA,NA,NA,NA,NA,NA,NA,NA,NA,NA,NA,NA,NA,NA,NA,NA,NA,NA,NA,NA,NA,NA,NA,NA,51.3340272373541,27.5609360864859,10.8846887159533,3.03467604256702,0.0501167315175097,0.0910160181634241,1.82577821011673,0.203719033912295,0.0845865758754864,0.0828318301605128,2016,NA,NA,NA,NA,NA
"Haason Reddick","PHI","LB","13245","weighted",NA,NA,NA,NA,NA,NA,NA,NA,NA,NA,NA,NA,NA,NA,NA,NA,NA,NA,NA,NA,NA,NA,NA,NA,NA,NA,NA,NA,NA,NA,NA,NA,NA,NA,NA,NA,NA,NA,NA,NA,NA,NA,NA,NA,48.2971011673152,29.0524540009961,9.72134241245136,2.43602713842658,0.0501167315175097,0.0910160181634241,1.53177042801556,0.950323594523915,0.0845865758754864,0.0828318301605128,2017,1994-09-22,NA,NA,NA,NA
"Drue Tranquill","LAC","LB","14235","weighted",NA,NA,NA,NA,NA,NA,NA,NA,NA,NA,NA,NA,NA,NA,NA,NA,NA,NA,NA,NA,NA,NA,NA,NA,NA,NA,NA,NA,NA,NA,NA,NA,NA,NA,NA,NA,NA,NA,NA,NA,NA,NA,NA,NA,72.1650194552529,8.34865288979197,2.12003891050584,1.07248833161135,0.285311284046693,0.361744024316336,2.8243579766537,1.81187450019221,0,0,2019,1995-08-15,"Q","Back",2022,0
"Andrew Van Ginkel","MIA","LB","14249","weighted",NA,NA,NA,NA,NA,NA,NA,NA,NA,NA,NA,NA,NA,NA,NA,NA,NA,NA,NA,NA,NA,NA,NA,NA,NA,NA,NA,NA,NA,NA,NA,NA,NA,NA,NA,NA,NA,NA,NA,NA,NA,NA,NA,NA,51.7453696498054,25.2898964900348,4.74669260700389,1.19201686968494,0.0908365758754864,0.164966532921206,4.26871595330739,1.08641522105479,0.00497568093385214,0.00487246059767722,2019,1995-07-01,"Q","Appendix",2022,0
"Deion Jones","ATL","LB","12745","weighted",NA,NA,NA,NA,NA,NA,NA,NA,NA,NA,NA,NA,NA,NA,NA,NA,NA,NA,NA,NA,NA,NA,NA,NA,NA,NA,NA,NA,NA,NA,NA,NA,NA,NA,NA,NA,NA,NA,NA,NA,NA,NA,NA,NA,62.9658640226629,21.4253354699524,2.08314447592068,0.636396103067893,1.30524079320113,1.06066017177982,4.39787535410765,0.919238815542512,0.1,0,2016,1994-11-04,"IR","Shoulder",2022,0
"David Long","TEN","LB","14268","weighted",NA,NA,NA,NA,NA,NA,NA,NA,NA,NA,NA,NA,NA,NA,NA,NA,NA,NA,NA,NA,NA,NA,NA,NA,NA,NA,NA,NA,NA,NA,NA,NA,NA,NA,NA,NA,NA,NA,NA,NA,NA,NA,NA,NA,66.9475920679887,10.6066017177982,0.880028328611898,1.34350288425444,1.78739376770538,1.20208152801713,6.29688385269122,1.97989898732233,0,0,2019,1970-01-01,NA,NA,NA,NA
"Josh Allen","JAC","LB","14167","weighted",NA,NA,NA,NA,NA,NA,NA,NA,NA,NA,NA,NA,NA,NA,NA,NA,NA,NA,NA,NA,NA,NA,NA,NA,NA,NA,NA,NA,NA,NA,NA,NA,NA,NA,NA,NA,NA,NA,NA,NA,NA,NA,NA,NA,43.207140077821,28.2297500722269,5.59863813229572,4.27107615886313,0.47204280155642,0.520298646077139,2.57178988326848,0.576714515818613,0.0248784046692607,0.0243623029883861,2019,1997-07-13,NA,NA,NA,NA
"Anthony Barr","DAL","LB","11720","weighted",NA,NA,NA,NA,NA,NA,NA,NA,NA,NA,NA,NA,NA,NA,NA,NA,NA,NA,NA,NA,NA,NA,NA,NA,NA,NA,NA,NA,NA,NA,NA,NA,NA,NA,NA,NA,NA,NA,NA,NA,NA,NA,NA,NA,54.4063908701854,23.7163614409968,2.37597717546362,0.190918830920368,0.802482168330956,0.304055915910215,3.43637660485021,0.67175144212722,0,0,2014,1992-03-18,NA,NA,NA,NA
"Devin Bush","PIT","LB","14170","weighted",NA,NA,NA,NA,NA,NA,NA,NA,NA,NA,NA,NA,NA,NA,NA,NA,NA,NA,NA,NA,NA,NA,NA,NA,NA,NA,NA,NA,NA,NA,NA,NA,NA,NA,NA,NA,NA,NA,NA,NA,NA,NA,NA,NA,60.9778793774319,9.65982449245038,2.6424513618677,1.13722933212934,1.02651750972763,0.254581262366139,4.31352140077821,1.41942255172293,0.00995136186770428,0.00974492119535444,2019,1998-07-18,NA,NA,NA,NA
"Frankie Luvu","CAR","LB","13952","weighted",NA,NA,NA,NA,NA,NA,NA,NA,NA,NA,NA,NA,NA,NA,NA,NA,NA,NA,NA,NA,NA,NA,NA,NA,NA,NA,NA,NA,NA,NA,NA,NA,NA,NA,NA,NA,NA,NA,NA,NA,NA,NA,NA,NA,45.06,36.7129840792055,2.84036979969183,1.76776695296637,0.0992295839753467,0.14142135623731,1.902218798151,1.42835569799683,0,0,2018,1996-09-19,NA,NA,NA,NA
"T.J. Watt","PIT","LB","13214","weighted",NA,NA,NA,NA,NA,NA,NA,NA,NA,NA,NA,NA,NA,NA,NA,NA,NA,NA,NA,NA,NA,NA,NA,NA,NA,NA,NA,NA,NA,NA,NA,NA,NA,NA,NA,NA,NA,NA,NA,NA,NA,NA,NA,NA,60.5536186770428,10.0340719687974,19.5150778210117,4.31772428983159,0.903365758754864,1.05977054213703,6.22282101167315,3.73575335191501,0.185072957198444,0.0146173817930317,2017,1994-10-11,NA,NA,NA,NA
"Khalil Mack","LAC","LB","11721","weighted",NA,NA,NA,NA,NA,NA,NA,NA,NA,NA,NA,NA,NA,NA,NA,NA,NA,NA,NA,NA,NA,NA,NA,NA,NA,NA,NA,NA,NA,NA,NA,NA,NA,NA,NA,NA,NA,NA,NA,NA,NA,NA,NA,NA,41.2565369649805,17.7065575989208,9.05661478599222,1.86793941090317,0.478307392996109,0.517844595478745,2.27344357976654,2.04018778670051,0.0298540856031128,0.0292347635860633,2014,1991-02-22,NA,NA,NA,NA
"Justin Hollins","LAR","LB","14250","weighted",NA,NA,NA,NA,NA,NA,NA,NA,NA,NA,NA,NA,NA,NA,NA,NA,NA,NA,NA,NA,NA,NA,NA,NA,NA,NA,NA,NA,NA,NA,NA,NA,NA,NA,NA,NA,NA,NA,NA,NA,NA,NA,NA,NA,41.482280431433,26.1983062429616,2.64302003081664,2.19910208949016,0.0942681047765794,0.134350288425444,2.33738058551618,0.480832611206852,0,0,2019,NA,NA,NA,NA,NA
"Leonard Floyd","LAR","LB","12734","weighted",NA,NA,NA,NA,NA,NA,NA,NA,NA,NA,NA,NA,NA,NA,NA,NA,NA,NA,NA,NA,NA,NA,NA,NA,NA,NA,NA,NA,NA,NA,NA,NA,NA,NA,NA,NA,NA,NA,NA,NA,NA,NA,NA,NA,42.162859922179,12.5903011050996,8.93955252918288,1.19726351544363,0.100719844357977,0.111040583774904,1.9156420233463,0.464780621069039,0.0199027237354086,0.0194898423907089,2016,1992-09-08,NA,NA,NA,NA
"Joey Bosa","LAC","LB","12686","weighted",NA,NA,NA,NA,NA,NA,NA,NA,NA,NA,NA,NA,NA,NA,NA,NA,NA,NA,NA,NA,NA,NA,NA,NA,NA,NA,NA,NA,NA,NA,NA,NA,NA,NA,NA,NA,NA,NA,NA,NA,NA,NA,NA,NA,46.7051556420233,10.2969329231097,7.24924124513619,4.78031401746087,0.619552529182879,0.991725326760635,2.22052529182879,1.5511303603461,0.0547324902723735,0.0535970665744494,2016,1995-07-11,NA,NA,NA,NA
"Kwon Alexander","NYJ","LB","12233","weighted",NA,NA,NA,NA,NA,NA,NA,NA,NA,NA,NA,NA,NA,NA,NA,NA,NA,NA,NA,NA,NA,NA,NA,NA,NA,NA,NA,NA,NA,NA,NA,NA,NA,NA,NA,NA,NA,NA,NA,NA,NA,NA,NA,NA,43.1078988326848,8.8670309180234,3.65373540856031,0.795318147913424,0.574455252918288,0.538499445838003,2.73031128404669,1.24322166768959,0.00995136186770428,0.00974492119535444,2015,1994-08-03,NA,NA,NA,NA
"Cory Littleton","CAR","LB","12985","weighted",NA,NA,NA,NA,NA,NA,NA,NA,NA,NA,NA,NA,NA,NA,NA,NA,NA,NA,NA,NA,NA,NA,NA,NA,NA,NA,NA,NA,NA,NA,NA,NA,NA,NA,NA,NA,NA,NA,NA,NA,NA,NA,NA,NA,40.6059490084986,17.3948268171891,0.805240793201133,1.06066017177982,0.536827195467422,0.707106781186548,4.68413597733711,3.53553390593274,0,0,2016,1993-11-18,NA,NA,NA,NA
"Uchenna Nwosu","SEA","LB","13704","weighted",NA,NA,NA,NA,NA,NA,NA,NA,NA,NA,NA,NA,NA,NA,NA,NA,NA,NA,NA,NA,NA,NA,NA,NA,NA,NA,NA,NA,NA,NA,NA,NA,NA,NA,NA,NA,NA,NA,NA,NA,NA,NA,NA,NA,36.8098054474708,21.1268954153965,4.32737354085603,2.46133315320481,0.398560311284047,0.408638634980282,2.68865758754864,0.494754139812436,0.00497568093385214,0.00487246059767722,2018,1996-12-28,NA,NA,NA,NA
"Shaquil Barrett","TB","LB","12075","weighted",NA,NA,NA,NA,NA,NA,NA,NA,NA,NA,NA,NA,NA,NA,NA,NA,NA,NA,NA,NA,NA,NA,NA,NA,NA,NA,NA,NA,NA,NA,NA,NA,NA,NA,NA,NA,NA,NA,NA,NA,NA,NA,NA,NA,40.9997276264591,5.95036073160088,9.41928015564202,0.544631617955567,0.586284046692607,0.71847379153861,3.6104280155642,1.61061536249342,0.0398054474708171,0.0389796847814178,2014,1992-11-17,NA,NA,NA,NA
"Von Miller","BUF","LB","10267","weighted",NA,NA,NA,NA,NA,NA,NA,NA,NA,NA,NA,NA,NA,NA,NA,NA,NA,NA,NA,NA,NA,NA,NA,NA,NA,NA,NA,NA,NA,NA,NA,NA,NA,NA,NA,NA,NA,NA,NA,NA,NA,NA,NA,NA,40.5396861626248,8.52770778110976,9.64239657631954,0.21920310216783,0.13320970042796,0.205060966544099,2.52687589158345,0.728319984622144,0.12,0,2011,1989-03-26,NA,NA,NA,NA
"Markus Golden","ARI","LB","12278","weighted",NA,NA,NA,NA,NA,NA,NA,NA,NA,NA,NA,NA,NA,NA,NA,NA,NA,NA,NA,NA,NA,NA,NA,NA,NA,NA,NA,NA,NA,NA,NA,NA,NA,NA,NA,NA,NA,NA,NA,NA,NA,NA,NA,NA,33.4525495750708,3.88908729652601,9.54631728045326,0.0707106781186545,0,0,1.72209631728045,0.424264068711929,0,0,NA,NA,NA,NA,NA,NA
"Preston Smith","GB","LB","12270","weighted",NA,NA,NA,NA,NA,NA,NA,NA,NA,NA,NA,NA,NA,NA,NA,NA,NA,NA,NA,NA,NA,NA,NA,NA,NA,NA,NA,NA,NA,NA,NA,NA,NA,NA,NA,NA,NA,NA,NA,NA,NA,NA,NA,NA,32.4631728045326,0.707106781186548,6.97266288951841,1.48492424049175,0.536827195467422,0.707106781186548,3.55580736543909,0.848528137423857,0.2,0,2015,1992-11-17,NA,NA,NA,NA
"Bradley Chubb","DEN","LB","13681","weighted",NA,NA,NA,NA,NA,NA,NA,NA,NA,NA,NA,NA,NA,NA,NA,NA,NA,NA,NA,NA,NA,NA,NA,NA,NA,NA,NA,NA,NA,NA,NA,NA,NA,NA,NA,NA,NA,NA,NA,NA,NA,NA,NA,NA,30.4988668555241,3.81837661840736,6.66515580736544,5.09116882454314,0.0463172804532578,0.0707106781186548,1.60212464589235,0.919238815542512,0,0,2018,1996-06-24,NA,NA,NA,NA
"Rashan Gary","GB","LB","14149","weighted",NA,NA,NA,NA,NA,NA,NA,NA,NA,NA,NA,NA,NA,NA,NA,NA,NA,NA,NA,NA,NA,NA,NA,NA,NA,NA,NA,NA,NA,NA,NA,NA,NA,NA,NA,NA,NA,NA,NA,NA,NA,NA,NA,NA,30.6021246458924,0.919238815542513,9.05580736543909,0.848528137423857,0,0,1.07365439093484,1.4142135623731,0,0,2019,1997-12-03,NA,NA,NA,NA
"Bud Dupree","TEN","LB","12234","weighted",NA,NA,NA,NA,NA,NA,NA,NA,NA,NA,NA,NA,NA,NA,NA,NA,NA,NA,NA,NA,NA,NA,NA,NA,NA,NA,NA,NA,NA,NA,NA,NA,NA,NA,NA,NA,NA,NA,NA,NA,NA,NA,NA,NA,26.2946175637394,5.65685424949238,6.51784702549575,2.26274169979695,0,0,1.39787535410765,0.919238815542512,0,0,2015,1993-02-12,NA,NA,NA,NA
"David Mayo","WAS","LB","12326","weighted",NA,NA,NA,NA,NA,NA,NA,NA,NA,NA,NA,NA,NA,NA,NA,NA,NA,NA,NA,NA,NA,NA,NA,NA,NA,NA,NA,NA,NA,NA,NA,NA,NA,NA,NA,NA,NA,NA,NA,NA,NA,NA,NA,NA,22.8504249291785,4.80832611206852,0.370538243626062,0.565685424949238,0,0,0.536827195467422,0.707106781186548,0,0,2015,1993-08-18,NA,NA,NA,NA
"Sione Takitaki","CLE","LB","14212","weighted",NA,NA,NA,NA,NA,NA,NA,NA,NA,NA,NA,NA,NA,NA,NA,NA,NA,NA,NA,NA,NA,NA,NA,NA,NA,NA,NA,NA,NA,NA,NA,NA,NA,NA,NA,NA,NA,NA,NA,NA,NA,NA,NA,NA,25.3705382436261,0.565685424949239,0.768413597733711,0.353553390593274,0.277903682719547,0.424264068711929,0.907365439093485,0.14142135623731,0.2,0,2019,NA,NA,NA,NA,NA
"Tyus Bowser","BAL","LB","13256","weighted",NA,NA,NA,NA,NA,NA,NA,NA,NA,NA,NA,NA,NA,NA,NA,NA,NA,NA,NA,NA,NA,NA,NA,NA,NA,NA,NA,NA,NA,NA,NA,NA,NA,NA,NA,NA,NA,NA,NA,NA,NA,NA,NA,NA,23.9263456090652,1.4142135623731,5.24943342776204,1.90918830920368,0.536827195467422,0.707106781186548,2.86104815864023,0.212132034355964,0,0,2017,1995-05-23,NA,"Achilles",2022,0
"Randy Gregory","DEN","LB","12215","weighted",NA,NA,NA,NA,NA,NA,NA,NA,NA,NA,NA,NA,NA,NA,NA,NA,NA,NA,NA,NA,NA,NA,NA,NA,NA,NA,NA,NA,NA,NA,NA,NA,NA,NA,NA,NA,NA,NA,NA,NA,NA,NA,NA,NA,20.3872521246459,5.51543289325507,4.20311614730878,1.97989898732233,0,0,2.47152974504249,2.33345237791561,0,0,2015,1992-11-23,"Q","Shoulder",2022,0
"Zaire Franklin","IND","LB","13837","weighted",NA,NA,NA,NA,NA,NA,NA,NA,NA,NA,NA,NA,NA,NA,NA,NA,NA,NA,NA,NA,NA,NA,NA,NA,NA,NA,NA,NA,NA,NA,NA,NA,NA,NA,NA,NA,NA,NA,NA,NA,NA,NA,NA,NA,20.4168555240793,0.636396103067892,0,0,0.463172804532578,0.707106781186548,1.50949008498584,0.777817459305203,0,0,2018,1996-07-02,NA,NA,NA,NA
"Derwin James","LAC","DB","13714","weighted",NA,NA,NA,NA,NA,NA,NA,NA,NA,NA,NA,NA,NA,NA,NA,NA,NA,NA,NA,NA,NA,NA,NA,NA,NA,NA,NA,NA,NA,NA,NA,NA,NA,NA,NA,NA,NA,NA,NA,NA,NA,NA,NA,NA,91.2182879377432,25.3747751031502,2.00721789883268,0.984492389349052,2.1197859922179,0.609731386665322,9.61620622568093,2.51500030097126,0.235316147859922,0.0633419877698038,2018,1996-08-03,NA,NA,NA,NA
"Tracy Walker","DET","DB","13747","weighted",NA,NA,NA,NA,NA,NA,NA,NA,NA,NA,NA,NA,NA,NA,NA,NA,NA,NA,NA,NA,NA,NA,NA,NA,NA,NA,NA,NA,NA,NA,NA,NA,NA,NA,NA,NA,NA,NA,NA,NA,NA,NA,NA,NA,86.0407392996109,25.0812766648232,1.08505836575875,0.0867109013213108,1.2045719844358,0.227157405364543,6.3845719844358,0.376043717708462,0.0845865758754864,0.0828318301605128,2018,1995-02-01,NA,NA,NA,NA
"Harrison Smith","MIN","DB","10783","weighted",NA,NA,NA,NA,NA,NA,NA,NA,NA,NA,NA,NA,NA,NA,NA,NA,NA,NA,NA,NA,NA,NA,NA,NA,NA,NA,NA,NA,NA,NA,NA,NA,NA,NA,NA,NA,NA,NA,NA,NA,NA,NA,NA,NA,87.4260116731517,21.3200318919061,2.25303501945525,0.535030103897297,2.89447470817121,0.373877254819149,9.64966926070039,0.722125481592611,0.0845865758754864,0.0828318301605128,2012,1989-02-02,NA,NA,NA,NA
"Minkah Fitzpatrick","PIT","DB","13713","weighted",NA,NA,NA,NA,NA,NA,NA,NA,NA,NA,NA,NA,NA,NA,NA,NA,NA,NA,NA,NA,NA,NA,NA,NA,NA,NA,NA,NA,NA,NA,NA,NA,NA,NA,NA,NA,NA,NA,NA,NA,NA,NA,NA,NA,89.9665953307393,17.653772088075,0.12,0.112892015054403,2.63470817120623,0.384689349409292,9.42533073929961,0.805773242109907,0.0845865758754864,0.0828318301605128,2018,1996-11-17,NA,NA,NA,NA
"Adrian Phillips","NE","DB","12088","weighted",NA,NA,NA,NA,NA,NA,NA,NA,NA,NA,NA,NA,NA,NA,NA,NA,NA,NA,NA,NA,NA,NA,NA,NA,NA,NA,NA,NA,NA,NA,NA,NA,NA,NA,NA,NA,NA,NA,NA,NA,NA,NA,NA,NA,73.2601167315175,29.2808531157736,0.481906614785992,0.4631892285611,2.88918287937743,0.57466329682329,7.47708171206226,0.70550675117438,0.185072957198444,0.0146173817930317,2014,1992-03-28,NA,NA,NA,NA
"Eric Murray","HOU","DB","12772","weighted",NA,NA,NA,NA,NA,NA,NA,NA,NA,NA,NA,NA,NA,NA,NA,NA,NA,NA,NA,NA,NA,NA,NA,NA,NA,NA,NA,NA,NA,NA,NA,NA,NA,NA,NA,NA,NA,NA,NA,NA,NA,NA,NA,NA,77.8902529182879,26.565477066476,1.01420233463035,0.316986086102215,1.06099221789883,1.21984152147265,6.19743190661479,2.85907884198578,0.185072957198444,0.0146173817930317,2016,1994-01-07,NA,NA,NA,NA
"Kareem Jackson","DEN","DB","9861","weighted",NA,NA,NA,NA,NA,NA,NA,NA,NA,NA,NA,NA,NA,NA,NA,NA,NA,NA,NA,NA,NA,NA,NA,NA,NA,NA,NA,NA,NA,NA,NA,NA,NA,NA,NA,NA,NA,NA,NA,NA,NA,NA,NA,NA,75.9212062256809,23.3818895101263,0.848190661478599,0.153829063049052,1.29130350194553,0.529030605574902,5.27050583657588,2.10558240525336,0.0845865758754864,0.0828318301605128,2010,1988-04-10,NA,NA,NA,NA
"Jayron Kearse","DAL","DB","12720","weighted",NA,NA,NA,NA,NA,NA,NA,NA,NA,NA,NA,NA,NA,NA,NA,NA,NA,NA,NA,NA,NA,NA,NA,NA,NA,NA,NA,NA,NA,NA,NA,NA,NA,NA,NA,NA,NA,NA,NA,NA,NA,NA,NA,NA,79.206420233463,20.7187073950302,0.968677042801556,0.05688501135214,1.76869649805447,0.506722660869059,8.79554474708171,2.68180664515242,0.0845865758754864,0.0828318301605128,2016,1994-02-11,"Q","Neck",2022,0
"George Odum","SF","DB","13939","weighted",NA,NA,NA,NA,NA,NA,NA,NA,NA,NA,NA,NA,NA,NA,NA,NA,NA,NA,NA,NA,NA,NA,NA,NA,NA,NA,NA,NA,NA,NA,NA,NA,NA,NA,NA,NA,NA,NA,NA,NA,NA,NA,NA,NA,58.4546108949416,36.4157932347765,0.250583657587549,0.45508009081712,0.79852140077821,0.993182748907341,4.00906614785992,3.31098820567167,0.0845865758754864,0.0828318301605128,2018,1970-01-01,NA,NA,NA,NA
"Vonn Bell","CIN","DB","12718","weighted",NA,NA,NA,NA,NA,NA,NA,NA,NA,NA,NA,NA,NA,NA,NA,NA,NA,NA,NA,NA,NA,NA,NA,NA,NA,NA,NA,NA,NA,NA,NA,NA,NA,NA,NA,NA,NA,NA,NA,NA,NA,NA,NA,NA,79.7146887159533,18.6537463380613,1.06433852140078,0.408442321894683,1.83741245136187,1.64624804037008,6.45284046692607,1.61120465697916,0.0845865758754864,0.0828318301605128,2016,1994-12-12,NA,NA,NA,NA
"Marcus Maye","NO","DB","13252","weighted",NA,NA,NA,NA,NA,NA,NA,NA,NA,NA,NA,NA,NA,NA,NA,NA,NA,NA,NA,NA,NA,NA,NA,NA,NA,NA,NA,NA,NA,NA,NA,NA,NA,NA,NA,NA,NA,NA,NA,NA,NA,NA,NA,NA,74.843579766537,22.6900082584771,2.16725680933852,0.643067936625536,2.51813229571984,1.43895045552254,8.57307392996109,1.82215685561122,0.185072957198444,0.0146173817930317,2017,1994-01-01,NA,NA,NA,NA
"Andrew Wingard","JAC","DB","14328","weighted",NA,NA,NA,NA,NA,NA,NA,NA,NA,NA,NA,NA,NA,NA,NA,NA,NA,NA,NA,NA,NA,NA,NA,NA,NA,NA,NA,NA,NA,NA,NA,NA,NA,NA,NA,NA,NA,NA,NA,NA,NA,NA,NA,NA,72.0394747081712,24.2721398737275,0.926984435797665,0.107443965194412,1.16601167315175,0.301490560166342,4.75289883268483,2.83014834439123,0.0845865758754864,0.0828318301605128,2019,1996-12-05,NA,NA,NA,NA
"Nasir Adderley","LAC","DB","14185","weighted",NA,NA,NA,NA,NA,NA,NA,NA,NA,NA,NA,NA,NA,NA,NA,NA,NA,NA,NA,NA,NA,NA,NA,NA,NA,NA,NA,NA,NA,NA,NA,NA,NA,NA,NA,NA,NA,NA,NA,NA,NA,NA,NA,NA,75.030233463035,20.9300235529118,0.544824902723735,0.133467294003445,0.821186770428015,0.442266394034942,7.73642023346304,2.19807750696623,0.0845865758754864,0.0828318301605128,2019,1970-01-01,NA,NA,NA,NA
"Jamal Adams","SEA","DB","13230","weighted",NA,NA,NA,NA,NA,NA,NA,NA,NA,NA,NA,NA,NA,NA,NA,NA,NA,NA,NA,NA,NA,NA,NA,NA,NA,NA,NA,NA,NA,NA,NA,NA,NA,NA,NA,NA,NA,NA,NA,NA,NA,NA,NA,NA,83.5049805447471,13.6296487199728,4.07614785992218,0.105693925013722,1.86099221789883,0.622830152244782,8.07575875486381,2.20426850842606,0.0845865758754864,0.0828318301605128,2017,1995-10-17,NA,NA,NA,NA
"Eddie Jackson","CHI","DB","13229","weighted",NA,NA,NA,NA,NA,NA,NA,NA,NA,NA,NA,NA,NA,NA,NA,NA,NA,NA,NA,NA,NA,NA,NA,NA,NA,NA,NA,NA,NA,NA,NA,NA,NA,NA,NA,NA,NA,NA,NA,NA,NA,NA,NA,NA,73.3341245136187,21.9462685701009,0.428190661478599,0.543868274059855,1.00453307392996,0.989107803711558,6.32863813229572,1.42457216434364,0.185072957198444,0.0146173817930317,2017,NA,NA,NA,NA,NA
"Amani Hooker","TEN","DB","14182","weighted",NA,NA,NA,NA,NA,NA,NA,NA,NA,NA,NA,NA,NA,NA,NA,NA,NA,NA,NA,NA,NA,NA,NA,NA,NA,NA,NA,NA,NA,NA,NA,NA,NA,NA,NA,NA,NA,NA,NA,NA,NA,NA,NA,NA,62.7250194552529,31.2525399216668,0.162879377431907,0.295802059031128,2.4515953307393,0.794518991875873,7.51182879377432,1.53660482335505,0.0845865758754864,0.0828318301605128,2019,1998-06-14,NA,NA,NA,NA
"Budda Baker","ARI","DB","13251","weighted",NA,NA,NA,NA,NA,NA,NA,NA,NA,NA,NA,NA,NA,NA,NA,NA,NA,NA,NA,NA,NA,NA,NA,NA,NA,NA,NA,NA,NA,NA,NA,NA,NA,NA,NA,NA,NA,NA,NA,NA,NA,NA,NA,NA,86.5955447470817,9.57604161908259,2.29929961089494,0.587739880071394,2.07642023346303,0.768313825649806,6.81402723735409,1.41262184253802,0.0845865758754864,0.0828318301605128,2017,1996-01-10,NA,NA,NA,NA
"Jordan Poyer","BUF","DB","11317","weighted",NA,NA,NA,NA,NA,NA,NA,NA,NA,NA,NA,NA,NA,NA,NA,NA,NA,NA,NA,NA,NA,NA,NA,NA,NA,NA,NA,NA,NA,NA,NA,NA,NA,NA,NA,NA,NA,NA,NA,NA,NA,NA,NA,NA,83.3544941634241,11.9805664929422,2.39375486381323,0.595808820224179,2.57834630350195,0.94153132205471,7.54675097276265,0.52906226798659,0.0845865758754864,0.0828318301605128,2013,1991-04-25,NA,NA,NA,NA
"Adrian Amos","GB","DB","12308","weighted",NA,NA,NA,NA,NA,NA,NA,NA,NA,NA,NA,NA,NA,NA,NA,NA,NA,NA,NA,NA,NA,NA,NA,NA,NA,NA,NA,NA,NA,NA,NA,NA,NA,NA,NA,NA,NA,NA,NA,NA,NA,NA,NA,NA,78.5974319066148,15.1650986983702,1.13686770428016,0.341218492942962,2.24869649805447,0.548932208382029,8.48317120622568,0.938602687310311,0.0845865758754864,0.0828318301605128,2015,1993-04-29,NA,NA,NA,NA
"Johnathan Abram","LVR","DB","14184","weighted",NA,NA,NA,NA,NA,NA,NA,NA,NA,NA,NA,NA,NA,NA,NA,NA,NA,NA,NA,NA,NA,NA,NA,NA,NA,NA,NA,NA,NA,NA,NA,NA,NA,NA,NA,NA,NA,NA,NA,NA,NA,NA,NA,NA,79.5231906614786,15.080227810407,0.478307392996109,0.517844595478745,1.15445525291829,0.151260002462587,7.14048638132296,1.74366302630177,0.0845865758754864,0.0828318301605128,2019,1970-01-01,NA,NA,NA,NA
"Xavier Woods","CAR","DB","13325","weighted",NA,NA,NA,NA,NA,NA,NA,NA,NA,NA,NA,NA,NA,NA,NA,NA,NA,NA,NA,NA,NA,NA,NA,NA,NA,NA,NA,NA,NA,NA,NA,NA,NA,NA,NA,NA,NA,NA,NA,NA,NA,NA,NA,NA,73.9430350194553,18.0964552790958,0.566011673151751,0.509585555526456,2.38579766536965,0.634983547159113,7.96943579766537,0.833673961746207,0.0845865758754864,0.0828318301605128,2017,1995-07-26,NA,NA,NA,NA
"Jessie Bates","CIN","DB","13737","weighted",NA,NA,NA,NA,NA,NA,NA,NA,NA,NA,NA,NA,NA,NA,NA,NA,NA,NA,NA,NA,NA,NA,NA,NA,NA,NA,NA,NA,NA,NA,NA,NA,NA,NA,NA,NA,NA,NA,NA,NA,NA,NA,NA,NA,75.956906614786,15.5107304667346,0.218560311284047,0.254512672006897,2.61544747081712,0.842399164992848,9.43208171206226,0.869084978738574,0.0845865758754864,0.0828318301605128,2018,1997-02-26,NA,NA,NA,NA
"Justin Reid","KC","DB","13717","weighted",NA,NA,NA,NA,NA,NA,NA,NA,NA,NA,NA,NA,NA,NA,NA,NA,NA,NA,NA,NA,NA,NA,NA,NA,NA,NA,NA,NA,NA,NA,NA,NA,NA,NA,NA,NA,NA,NA,NA,NA,NA,NA,NA,NA,74.4717315175097,15.5725594033992,0.410330739299611,0.745193648713035,2.10001945525292,0.443661164261093,8.56175097276265,1.42943295869575,0.185072957198444,0.0146173817930317,2018,1997-02-15,NA,NA,NA,NA
"Taylor Rapp","LAR","DB","14186","weighted",NA,NA,NA,NA,NA,NA,NA,NA,NA,NA,NA,NA,NA,NA,NA,NA,NA,NA,NA,NA,NA,NA,NA,NA,NA,NA,NA,NA,NA,NA,NA,NA,NA,NA,NA,NA,NA,NA,NA,NA,NA,NA,NA,NA,79.3861633281972,17.2251211897043,1.03969183359014,0.0565685424949239,2.45004622496148,0.926309883354377,7.15115562403698,0.212132034355964,0.235500770416025,0.0919238815542512,2019,1970-01-01,NA,NA,NA,NA
"Sidney Jones","SEA","DB","13225","weighted",NA,NA,NA,NA,NA,NA,NA,NA,NA,NA,NA,NA,NA,NA,NA,NA,NA,NA,NA,NA,NA,NA,NA,NA,NA,NA,NA,NA,NA,NA,NA,NA,NA,NA,NA,NA,NA,NA,NA,NA,NA,NA,NA,NA,62.5551556420234,23.7329971429752,0.0783073929961089,0.14221252838035,1.45464980544747,1.22728324479474,8.77758754863813,1.15694021627247,0.0845865758754864,0.0828318301605128,2017,NA,NA,NA,NA,NA
"Malik Hooker","DAL","DB","13228","weighted",NA,NA,NA,NA,NA,NA,NA,NA,NA,NA,NA,NA,NA,NA,NA,NA,NA,NA,NA,NA,NA,NA,NA,NA,NA,NA,NA,NA,NA,NA,NA,NA,NA,NA,NA,NA,NA,NA,NA,NA,NA,NA,NA,NA,67.7554083204931,29.2954339445587,0.188536209553159,0.268700576850888,2.4557781201849,1.06066017177982,7.54012326656394,0.940452018978108,0.185115562403698,0.0212132034355964,2017,1996-04-02,NA,NA,NA,NA
"Kevin Byard","TEN","DB","12752","weighted",NA,NA,NA,NA,NA,NA,NA,NA,NA,NA,NA,NA,NA,NA,NA,NA,NA,NA,NA,NA,NA,NA,NA,NA,NA,NA,NA,NA,NA,NA,NA,NA,NA,NA,NA,NA,NA,NA,NA,NA,NA,NA,NA,NA,75.1646887159533,11.3257053151392,0.820972762645914,0.24628327045225,3.38990272373541,0.732628401162845,9.38266536964981,0.639709253756029,0.134829766536965,0.0341072241837405,2016,1993-08-17,NA,NA,NA,NA
"Rashad Fenton","KC","DB","14276","weighted",NA,NA,NA,NA,NA,NA,NA,NA,NA,NA,NA,NA,NA,NA,NA,NA,NA,NA,NA,NA,NA,NA,NA,NA,NA,NA,NA,NA,NA,NA,NA,NA,NA,NA,NA,NA,NA,NA,NA,NA,NA,NA,NA,NA,55.3770622568093,27.4008668730585,0.0720428015564202,0.130835526109922,0.954416342412451,0.912141269221267,6.45464980544747,1.22728324479474,0.0845865758754864,0.0828318301605128,2019,1970-01-01,NA,NA,NA,NA
"Jordan Whitehead","NYJ","DB","13760","weighted",NA,NA,NA,NA,NA,NA,NA,NA,NA,NA,NA,NA,NA,NA,NA,NA,NA,NA,NA,NA,NA,NA,NA,NA,NA,NA,NA,NA,NA,NA,NA,NA,NA,NA,NA,NA,NA,NA,NA,NA,NA,NA,NA,NA,75.8017509727627,15.0337265997511,0.993735408560311,0.011377002270428,1.67591439688716,0.368999408775944,6.98655642023346,1.10123613208257,0.0796108949416342,0.0779593695628355,2018,1997-03-18,NA,NA,NA,NA
"Donte Jackson","CAR","DB","13738","weighted",NA,NA,NA,NA,NA,NA,NA,NA,NA,NA,NA,NA,NA,NA,NA,NA,NA,NA,NA,NA,NA,NA,NA,NA,NA,NA,NA,NA,NA,NA,NA,NA,NA,NA,NA,NA,NA,NA,NA,NA,NA,NA,NA,NA,66.1454474708171,17.9705819360003,0.695194552529183,0.398429136886145,2.61153696498054,0.764638557310377,9.9118093385214,0.0913870362508612,0.0895622568093385,0.0877042907581899,2018,1995-11-08,NA,NA,NA,NA
"Quandre Diggs","SEA","DB","12349","weighted",NA,NA,NA,NA,NA,NA,NA,NA,NA,NA,NA,NA,NA,NA,NA,NA,NA,NA,NA,NA,NA,NA,NA,NA,NA,NA,NA,NA,NA,NA,NA,NA,NA,NA,NA,NA,NA,NA,NA,NA,NA,NA,NA,NA,68.8065953307393,14.2008509688456,0.0563813229571984,0.102393020433852,3.87568093385214,0.406835184924415,8.53486381322957,1.69353544951447,0.0945379377431907,0.0925767513558672,2015,1991-11-07,NA,NA,NA,NA
"Charvarius Ward","SF","DB","13920","weighted",NA,NA,NA,NA,NA,NA,NA,NA,NA,NA,NA,NA,NA,NA,NA,NA,NA,NA,NA,NA,NA,NA,NA,NA,NA,NA,NA,NA,NA,NA,NA,NA,NA,NA,NA,NA,NA,NA,NA,NA,NA,NA,NA,NA,64.2321206225681,17.508910365032,0.579027237354086,0.456200862958364,1.66554474708171,0.314830241005149,8.17040856031129,1.92828356063468,0.0845865758754864,0.0828318301605128,2018,1996-05-16,NA,NA,NA,NA
"Dean Marlowe","ATL","DB","12486","weighted",NA,NA,NA,NA,NA,NA,NA,NA,NA,NA,NA,NA,NA,NA,NA,NA,NA,NA,NA,NA,NA,NA,NA,NA,NA,NA,NA,NA,NA,NA,NA,NA,NA,NA,NA,NA,NA,NA,NA,NA,NA,NA,NA,NA,58.7488910505837,22.9918418466916,0.807198443579766,0.705666320036055,1.64315175097276,0.76598806627619,4.41852140077821,2.32595341520634,0.0845865758754864,0.0828318301605128,NA,NA,NA,NA,NA,NA
"Tyrann Mathieu","NO","DB","11313","weighted",NA,NA,NA,NA,NA,NA,NA,NA,NA,NA,NA,NA,NA,NA,NA,NA,NA,NA,NA,NA,NA,NA,NA,NA,NA,NA,NA,NA,NA,NA,NA,NA,NA,NA,NA,NA,NA,NA,NA,NA,NA,NA,NA,NA,71.848560311284,11.5680093182538,1.27784046692607,0.691439592201404,3.55807392996109,0.414197579017561,9.52867704280156,1.44345795963842,0.0945379377431907,0.0925767513558672,2013,1992-05-13,"Q","Illness",2022,0
"Terrell Edmunds","PIT","DB","13716","weighted",NA,NA,NA,NA,NA,NA,NA,NA,NA,NA,NA,NA,NA,NA,NA,NA,NA,NA,NA,NA,NA,NA,NA,NA,NA,NA,NA,NA,NA,NA,NA,NA,NA,NA,NA,NA,NA,NA,NA,NA,NA,NA,NA,NA,72.5090272373541,9.72360686262637,0.840953307392996,0.285608055453149,1.88966926070039,0.670667424893317,6.8831906614786,1.2666935352349,0.0746352140077821,0.0730869089651583,2018,1997-01-20,NA,NA,NA,NA
"Juan Thornhill","KC","DB","14207","weighted",NA,NA,NA,NA,NA,NA,NA,NA,NA,NA,NA,NA,NA,NA,NA,NA,NA,NA,NA,NA,NA,NA,NA,NA,NA,NA,NA,NA,NA,NA,NA,NA,NA,NA,NA,NA,NA,NA,NA,NA,NA,NA,NA,NA,61.3389494163424,20.3789641256562,0.158073929961089,0.155961945701404,1.43204280155642,0.413319315632792,5.66554474708171,2.51315204310241,0.185072957198444,0.0146173817930317,2019,1970-01-01,NA,NA,NA,NA
"Erik Harris","ATL","DB","12910","weighted",NA,NA,NA,NA,NA,NA,NA,NA,NA,NA,NA,NA,NA,NA,NA,NA,NA,NA,NA,NA,NA,NA,NA,NA,NA,NA,NA,NA,NA,NA,NA,NA,NA,NA,NA,NA,NA,NA,NA,NA,NA,NA,NA,NA,65.9027626459144,14.3419533133664,0.489396887159533,0.459336362233626,0.855155642023346,0.576537854510946,7.03038910505837,1.05013135360341,0.0845865758754864,0.0828318301605128,2015,1990-04-02,NA,NA,NA,NA
"DeShon Elliott","DET","DB","13806","weighted",NA,NA,NA,NA,NA,NA,NA,NA,NA,NA,NA,NA,NA,NA,NA,NA,NA,NA,NA,NA,NA,NA,NA,NA,NA,NA,NA,NA,NA,NA,NA,NA,NA,NA,NA,NA,NA,NA,NA,NA,NA,NA,NA,NA,65.9908171206226,21.0068311598087,1.80937743190661,0.816075114680204,0.637101167315175,0.606671550773551,4.14647859922179,1.1880314712612,0.0746352140077821,0.0730869089651583,2018,1997-04-21,NA,NA,NA,NA
"D.J. Reed","NYJ","DB","13774","weighted",NA,NA,NA,NA,NA,NA,NA,NA,NA,NA,NA,NA,NA,NA,NA,NA,NA,NA,NA,NA,NA,NA,NA,NA,NA,NA,NA,NA,NA,NA,NA,NA,NA,NA,NA,NA,NA,NA,NA,NA,NA,NA,NA,NA,64.6725680933852,15.4625528667935,0.0657782101167315,0.119458523839494,2.00410505836576,0.190062830905915,9.54998054474708,2.21364790125525,0.0845865758754864,0.0828318301605128,2018,1996-11-11,"Q","Knee",2022,0
"Justin Simmons","DEN","DB","12767","weighted",NA,NA,NA,NA,NA,NA,NA,NA,NA,NA,NA,NA,NA,NA,NA,NA,NA,NA,NA,NA,NA,NA,NA,NA,NA,NA,NA,NA,NA,NA,NA,NA,NA,NA,NA,NA,NA,NA,NA,NA,NA,NA,NA,NA,74.4623929961089,6.72947882519202,1.13447470817121,0.400401882010335,3.40029182879377,1.20491400467927,10.4624708171206,1.88376544392692,0.0845865758754864,0.0828318301605128,2016,1993-11-19,NA,NA,NA,NA
"Ronald Darby","DEN","DB","12276","weighted",NA,NA,NA,NA,NA,NA,NA,NA,NA,NA,NA,NA,NA,NA,NA,NA,NA,NA,NA,NA,NA,NA,NA,NA,NA,NA,NA,NA,NA,NA,NA,NA,NA,NA,NA,NA,NA,NA,NA,NA,NA,NA,NA,NA,61.4353891050584,17.1000518078774,0.253501945525292,0.307305143322412,0.658054474708171,0.702443584837555,8.8102140077821,2.24543508473747,0.0845865758754864,0.0828318301605128,2015,1994-01-02,NA,NA,NA,NA
"Kendall Fuller","WAS","DB","12714","weighted",NA,NA,NA,NA,NA,NA,NA,NA,NA,NA,NA,NA,NA,NA,NA,NA,NA,NA,NA,NA,NA,NA,NA,NA,NA,NA,NA,NA,NA,NA,NA,NA,NA,NA,NA,NA,NA,NA,NA,NA,NA,NA,NA,NA,67.9713035019455,11.3241260726687,0.833501945525292,0.224065212429852,1.45249027237354,1.04995645023639,11.7830739299611,3.9762133798931,0.0845865758754864,0.0828318301605128,2016,1995-02-13,NA,NA,NA,NA
"Marlon Humphrey","BAL","DB","13223","weighted",NA,NA,NA,NA,NA,NA,NA,NA,NA,NA,NA,NA,NA,NA,NA,NA,NA,NA,NA,NA,NA,NA,NA,NA,NA,NA,NA,NA,NA,NA,NA,NA,NA,NA,NA,NA,NA,NA,NA,NA,NA,NA,NA,NA,62.6990661478599,15.4156683264151,0.741420233463035,0.62842916349279,1.53371595330739,0.629541980155767,9.86900778210117,2.71684734108406,0.0845865758754864,0.0828318301605128,2017,1996-07-08,NA,NA,NA,NA
"Rasul Douglas","GB","DB","13281","weighted",NA,NA,NA,NA,NA,NA,NA,NA,NA,NA,NA,NA,NA,NA,NA,NA,NA,NA,NA,NA,NA,NA,NA,NA,NA,NA,NA,NA,NA,NA,NA,NA,NA,NA,NA,NA,NA,NA,NA,NA,NA,NA,NA,NA,62.632626459144,14.5591241451752,0.0595136186770428,0.108081521569066,3.11038910505837,0.62258042629089,11.2437159533074,2.27188517921105,0.235316147859922,0.0633419877698038,2017,1993-08-29,NA,NA,NA,NA
"Logan Ryan","FA","DB","11316","weighted",NA,NA,NA,NA,NA,NA,NA,NA,NA,NA,NA,NA,NA,NA,NA,NA,NA,NA,NA,NA,NA,NA,NA,NA,NA,NA,NA,NA,NA,NA,NA,NA,NA,NA,NA,NA,NA,NA,NA,NA,NA,NA,NA,NA,66.3750708215298,15.8391918985787,1.87889518413598,2.47487373415292,1.98101983002833,1.5556349186104,10.2779036827195,0.424264068711928,0,0,2013,1991-02-09,NA,NA,NA,NA
"Jalen Ramsey","LAR","DB","12711","weighted",NA,NA,NA,NA,NA,NA,NA,NA,NA,NA,NA,NA,NA,NA,NA,NA,NA,NA,NA,NA,NA,NA,NA,NA,NA,NA,NA,NA,NA,NA,NA,NA,NA,NA,NA,NA,NA,NA,NA,NA,NA,NA,NA,NA,61.9225875486381,13.0802069261551,0.0532490272373541,0.0967045192986381,3.12001945525292,1.78302292078761,12.4570622568093,4.70256864620105,0.0845865758754864,0.0828318301605128,2016,1994-10-24,NA,NA,NA,NA
"Micah Hyde","BUF","DB","11382","weighted",NA,NA,NA,NA,NA,NA,NA,NA,NA,NA,NA,NA,NA,NA,NA,NA,NA,NA,NA,NA,NA,NA,NA,NA,NA,NA,NA,NA,NA,NA,NA,NA,NA,NA,NA,NA,NA,NA,NA,NA,NA,NA,NA,NA,61.2107587548638,13.6034130231418,0.712529182879377,0.272978780288208,3.53377431906615,0.932198046408708,9.16918287937743,0.929048086884181,0.185072957198444,0.0146173817930317,2013,1990-12-31,NA,NA,NA,NA
"Kenny Moore","IND","DB","13470","weighted",NA,NA,NA,NA,NA,NA,NA,NA,NA,NA,NA,NA,NA,NA,NA,NA,NA,NA,NA,NA,NA,NA,NA,NA,NA,NA,NA,NA,NA,NA,NA,NA,NA,NA,NA,NA,NA,NA,NA,NA,NA,NA,NA,NA,70.806653696498,8.35980257491581,1.68001945525292,0.499572046938879,3.07354085603113,1.28713706329542,9.95122568093385,3.16289738992927,0.0845865758754864,0.0828318301605128,2017,1995-08-23,NA,NA,NA,NA
"John Johnson","CLE","DB","13274","weighted",NA,NA,NA,NA,NA,NA,NA,NA,NA,NA,NA,NA,NA,NA,NA,NA,NA,NA,NA,NA,NA,NA,NA,NA,NA,NA,NA,NA,NA,NA,NA,NA,NA,NA,NA,NA,NA,NA,NA,NA,NA,NA,NA,NA,65.6492023346303,9.65067347272811,0.850136186770428,0.359867460106052,2.55544747081712,0.801226143187256,8.04217898832685,0.23239031053452,0.0845865758754864,0.0828318301605128,2017,1994-01-01,NA,NA,NA,NA
"Chauncey Gardner-Johnson","PHI","DB","14224","weighted",NA,NA,NA,NA,NA,NA,NA,NA,NA,NA,NA,NA,NA,NA,NA,NA,NA,NA,NA,NA,NA,NA,NA,NA,NA,NA,NA,NA,NA,NA,NA,NA,NA,NA,NA,NA,NA,NA,NA,NA,NA,NA,NA,NA,59.1069844357977,14.2394619937585,1.78387159533074,0.392506578329766,3.30780155642023,2.42314809026005,9.42011673151751,2.61703991330804,0.0845865758754864,0.0828318301605128,2019,1997-12-20,NA,NA,NA,NA
"Devin McCourty","NE","DB","9846","weighted",NA,NA,NA,NA,NA,NA,NA,NA,NA,NA,NA,NA,NA,NA,NA,NA,NA,NA,NA,NA,NA,NA,NA,NA,NA,NA,NA,NA,NA,NA,NA,NA,NA,NA,NA,NA,NA,NA,NA,NA,NA,NA,NA,NA,56.108326848249,15.8691394358054,0.0720428015564202,0.130835526109922,2.8043579766537,0.91383530630397,9.76443579766537,3.51664779566959,0.0845865758754864,0.0828318301605128,2010,1987-08-13,NA,NA,NA,NA
"Marshon Lattimore","NO","DB","13224","weighted",NA,NA,NA,NA,NA,NA,NA,NA,NA,NA,NA,NA,NA,NA,NA,NA,NA,NA,NA,NA,NA,NA,NA,NA,NA,NA,NA,NA,NA,NA,NA,NA,NA,NA,NA,NA,NA,NA,NA,NA,NA,NA,NA,NA,60.8270233463035,11.7127661757671,0.0595136186770428,0.108081521569066,2.66192607003891,0.323130616909835,15.0446108949416,5.97286094753553,0.0845865758754864,0.0828318301605128,2017,1996-05-19,NA,NA,NA,NA
"Chidobe Awuzie","CIN","DB","13263","weighted",NA,NA,NA,NA,NA,NA,NA,NA,NA,NA,NA,NA,NA,NA,NA,NA,NA,NA,NA,NA,NA,NA,NA,NA,NA,NA,NA,NA,NA,NA,NA,NA,NA,NA,NA,NA,NA,NA,NA,NA,NA,NA,NA,NA,63.5411478599222,9.89876915610228,0.0563813229571984,0.102393020433852,2.24750972762646,0.921333441164942,11.0989494163424,4.15199675650557,0.0845865758754864,0.0828318301605128,2017,1995-05-24,NA,NA,NA,NA
"Mike Hughes","DET","DB","13731","weighted",NA,NA,NA,NA,NA,NA,NA,NA,NA,NA,NA,NA,NA,NA,NA,NA,NA,NA,NA,NA,NA,NA,NA,NA,NA,NA,NA,NA,NA,NA,NA,NA,NA,NA,NA,NA,NA,NA,NA,NA,NA,NA,NA,NA,43.0750389105058,25.8154015394601,0.0689105058365759,0.125147024974708,1.0956420233463,0.452359779212271,5.61583657587549,2.04332875977832,0.175121595330739,0.0243623029883861,2018,1997-02-11,NA,NA,NA,NA
"Byron Murphy","ARI","DB","14180","weighted",NA,NA,NA,NA,NA,NA,NA,NA,NA,NA,NA,NA,NA,NA,NA,NA,NA,NA,NA,NA,NA,NA,NA,NA,NA,NA,NA,NA,NA,NA,NA,NA,NA,NA,NA,NA,NA,NA,NA,NA,NA,NA,NA,NA,55.4493190661479,15.6039874763901,1.21107003891051,0.431695593237364,2.03013618677043,0.34709208478492,9.11019455252918,2.29959919097995,0.185072957198444,0.0146173817930317,2019,1998-01-18,"Q","Illness",2022,0
"Bobby McCain","WAS","DB","12311","weighted",NA,NA,NA,NA,NA,NA,NA,NA,NA,NA,NA,NA,NA,NA,NA,NA,NA,NA,NA,NA,NA,NA,NA,NA,NA,NA,NA,NA,NA,NA,NA,NA,NA,NA,NA,NA,NA,NA,NA,NA,NA,NA,NA,NA,57.1694552529183,14.8242157041758,0.313988326848249,0.418261681298532,2.83908560311284,1.3930996369381,9.26492217898833,2.63512884629075,0.436288910505837,0.258240411676893,2015,1993-08-18,NA,NA,NA,NA
"Darnell Savage","GB","DB","14197","weighted",NA,NA,NA,NA,NA,NA,NA,NA,NA,NA,NA,NA,NA,NA,NA,NA,NA,NA,NA,NA,NA,NA,NA,NA,NA,NA,NA,NA,NA,NA,NA,NA,NA,NA,NA,NA,NA,NA,NA,NA,NA,NA,NA,NA,54.409513618677,13.7991084011021,0.738073929961089,0.245926402803598,2.66603112840467,0.337677827485242,9.46268482490273,1.57004156704696,0.0845865758754864,0.0828318301605128,2019,1997-07-30,NA,NA,NA,NA
"Amani Oruwariye","DET","DB","14245","weighted",NA,NA,NA,NA,NA,NA,NA,NA,NA,NA,NA,NA,NA,NA,NA,NA,NA,NA,NA,NA,NA,NA,NA,NA,NA,NA,NA,NA,NA,NA,NA,NA,NA,NA,NA,NA,NA,NA,NA,NA,NA,NA,NA,NA,55.7602723735409,11.7462361574868,0.0595136186770428,0.108081521569066,3.04217898832685,0.232390310534519,9.55536964980545,3.52612505121651,0.0845865758754864,0.0828318301605128,2019,1996-02-09,NA,NA,NA,NA
"Lamarcus Joyner","NYJ","DB","11742","weighted",NA,NA,NA,NA,NA,NA,NA,NA,NA,NA,NA,NA,NA,NA,NA,NA,NA,NA,NA,NA,NA,NA,NA,NA,NA,NA,NA,NA,NA,NA,NA,NA,NA,NA,NA,NA,NA,NA,NA,NA,NA,NA,NA,NA,60.5342996108949,10.2267271807234,1.00027237354086,0.687009474559454,0.838326848249027,0.866547953869195,6.84280155642023,4.42467122908129,0.150243190661479,0.0487246059767722,2014,1990-11-27,NA,NA,NA,NA
"Rayshawn Jenkins","JAC","DB","13288","weighted",NA,NA,NA,NA,NA,NA,NA,NA,NA,NA,NA,NA,NA,NA,NA,NA,NA,NA,NA,NA,NA,NA,NA,NA,NA,NA,NA,NA,NA,NA,NA,NA,NA,NA,NA,NA,NA,NA,NA,NA,NA,NA,NA,NA,65.4835992217899,5.14075440108536,0.534688715953307,0.506836637327689,0.874922178988327,0.411707777548837,4.800953307393,0.768759395713547,0.0845865758754864,0.0828318301605128,2017,1994-01-25,NA,NA,NA,NA
"Marcus Peters","BAL","DB","12245","weighted",NA,NA,NA,NA,NA,NA,NA,NA,NA,NA,NA,NA,NA,NA,NA,NA,NA,NA,NA,NA,NA,NA,NA,NA,NA,NA,NA,NA,NA,NA,NA,NA,NA,NA,NA,NA,NA,NA,NA,NA,NA,NA,NA,NA,53.3280350194553,13.1748828891066,0.571809338521401,0.543868274059855,3.96575875486381,0.53692477634197,11.0907392996109,3.01886666687081,0.13931906614786,0.136428896734962,2015,1993-01-09,"Q","Knee - ACL",2022,0
"Carlton Davis","TB","DB","13710","weighted",NA,NA,NA,NA,NA,NA,NA,NA,NA,NA,NA,NA,NA,NA,NA,NA,NA,NA,NA,NA,NA,NA,NA,NA,NA,NA,NA,NA,NA,NA,NA,NA,NA,NA,NA,NA,NA,NA,NA,NA,NA,NA,NA,NA,54.816673151751,10.5635466080924,0.0532490272373541,0.0967045192986381,1.87422178988327,0.152948753776072,12.3782490272374,4.92728100688321,0.0796108949416342,0.0779593695628355,2018,1996-12-31,NA,NA,NA,NA
"Anthony Brown","DAL","DB","12817","weighted",NA,NA,NA,NA,NA,NA,NA,NA,NA,NA,NA,NA,NA,NA,NA,NA,NA,NA,NA,NA,NA,NA,NA,NA,NA,NA,NA,NA,NA,NA,NA,NA,NA,NA,NA,NA,NA,NA,NA,NA,NA,NA,NA,NA,57.4833657587549,9.26217289822307,0.54408560311284,0.506993151263642,2.4195719844358,1.27536978946015,11.7105447470817,4.84849318519209,0.180097276264591,0.0194898423907089,2016,1993-12-15,NA,NA,NA,NA
"Adoree Jackson","NYG","DB","13226","weighted",NA,NA,NA,NA,NA,NA,NA,NA,NA,NA,NA,NA,NA,NA,NA,NA,NA,NA,NA,NA,NA,NA,NA,NA,NA,NA,NA,NA,NA,NA,NA,NA,NA,NA,NA,NA,NA,NA,NA,NA,NA,NA,NA,NA,61.3896692607004,4.94139535547983,0.158073929961089,0.155961945701404,1.11157587548638,0.242920075883096,8.41817120622568,3.11015492223002,0.0497568093385214,0.0487246059767722,2017,1995-09-18,NA,NA,NA,NA
"Rock Ya-Sin","LVR","DB","14198","weighted",NA,NA,NA,NA,NA,NA,NA,NA,NA,NA,NA,NA,NA,NA,NA,NA,NA,NA,NA,NA,NA,NA,NA,NA,NA,NA,NA,NA,NA,NA,NA,NA,NA,NA,NA,NA,NA,NA,NA,NA,NA,NA,NA,NA,45.0391050583658,17.4615412223832,0.0783073929961089,0.14221252838035,0.797801556420234,0.693900077806094,6.74509727626459,0.824693459039265,0.0845865758754864,0.0828318301605128,2019,1996-05-23,NA,NA,NA,NA
"Marcus Williams","BAL","DB","13253","weighted",NA,NA,NA,NA,NA,NA,NA,NA,NA,NA,NA,NA,NA,NA,NA,NA,NA,NA,NA,NA,NA,NA,NA,NA,NA,NA,NA,NA,NA,NA,NA,NA,NA,NA,NA,NA,NA,NA,NA,NA,NA,NA,NA,NA,50.4403682719547,17.4655374953077,0.185269121813031,0.282842712474619,1.98101983002833,1.5556349186104,8.0842776203966,3.18198051533946,0,0,2017,1996-09-08,NA,NA,NA,NA
"Stephon Gilmore","IND","DB","10789","weighted",NA,NA,NA,NA,NA,NA,NA,NA,NA,NA,NA,NA,NA,NA,NA,NA,NA,NA,NA,NA,NA,NA,NA,NA,NA,NA,NA,NA,NA,NA,NA,NA,NA,NA,NA,NA,NA,NA,NA,NA,NA,NA,NA,NA,40.345,18.9558554721,0.0720428015564202,0.130835526109922,2.06696498054475,0.500932989721204,7.39628404669261,3.44480243054099,0.0845865758754864,0.0828318301605128,2012,1990-09-19,NA,NA,NA,NA
"Taron Johnson","BUF","DB","13764","weighted",NA,NA,NA,NA,NA,NA,NA,NA,NA,NA,NA,NA,NA,NA,NA,NA,NA,NA,NA,NA,NA,NA,NA,NA,NA,NA,NA,NA,NA,NA,NA,NA,NA,NA,NA,NA,NA,NA,NA,NA,NA,NA,NA,NA,49.671954674221,17.819090885901,2.29688385269122,1.97989898732233,1.3242209631728,0.494974746830583,8.3242209631728,0.494974746830583,0.2,0,2018,1996-07-27,NA,NA,NA,NA
"Jalen Mills","NE","DB","12716","weighted",NA,NA,NA,NA,NA,NA,NA,NA,NA,NA,NA,NA,NA,NA,NA,NA,NA,NA,NA,NA,NA,NA,NA,NA,NA,NA,NA,NA,NA,NA,NA,NA,NA,NA,NA,NA,NA,NA,NA,NA,NA,NA,NA,NA,50.255953307393,10.6960750771618,0.393482490272373,0.42904884874409,1.00264591439689,0.102350600647301,9.02836575875486,3.7859538080762,0.06965953307393,0.0682144483674811,2016,1994-04-06,NA,NA,NA,NA
"Julian Love","NYG","DB","14179","weighted",NA,NA,NA,NA,NA,NA,NA,NA,NA,NA,NA,NA,NA,NA,NA,NA,NA,NA,NA,NA,NA,NA,NA,NA,NA,NA,NA,NA,NA,NA,NA,NA,NA,NA,NA,NA,NA,NA,NA,NA,NA,NA,NA,NA,53.7055447470817,12.8987116886607,0.825097276264592,1.16928261812967,0.983852140077821,0.0746367037913969,6.41212062256809,1.66311610461511,0.0597081712062257,0.0584695271721266,2019,1998-03-19,NA,NA,NA,NA
"Eli Apple","CIN","DB","12715","weighted",NA,NA,NA,NA,NA,NA,NA,NA,NA,NA,NA,NA,NA,NA,NA,NA,NA,NA,NA,NA,NA,NA,NA,NA,NA,NA,NA,NA,NA,NA,NA,NA,NA,NA,NA,NA,NA,NA,NA,NA,NA,NA,NA,NA,49.3678015564202,11.7415541410516,0.129396887159533,0.121375762750397,1.06577821011673,0.119458523839494,7.83169260700389,2.93623066032885,0.0746352140077821,0.0730869089651583,2016,1995-08-09,NA,NA,NA,NA
"Steven Nelson","HOU","DB","12291","weighted",NA,NA,NA,NA,NA,NA,NA,NA,NA,NA,NA,NA,NA,NA,NA,NA,NA,NA,NA,NA,NA,NA,NA,NA,NA,NA,NA,NA,NA,NA,NA,NA,NA,NA,NA,NA,NA,NA,NA,NA,NA,NA,NA,NA,46.1414785992218,15.0537152773168,0.0563813229571984,0.102393020433852,1.15394941634241,1.02407875634156,7.12,2.70940836130567,0.0845865758754864,0.0828318301605128,2015,1993-01-22,NA,NA,NA,NA
"Patrick Peterson","MIN","DB","10260","weighted",NA,NA,NA,NA,NA,NA,NA,NA,NA,NA,NA,NA,NA,NA,NA,NA,NA,NA,NA,NA,NA,NA,NA,NA,NA,NA,NA,NA,NA,NA,NA,NA,NA,NA,NA,NA,NA,NA,NA,NA,NA,NA,NA,NA,47.0346303501945,12.8583593955697,0.0532490272373541,0.0967045192986381,1.24091439688716,1.08591961071555,6.51752918287938,1.38385428933823,0.235316147859922,0.0633419877698038,2011,1990-07-11,NA,NA,NA,NA
"Denzel Ward","CLE","DB","13707","weighted",NA,NA,NA,NA,NA,NA,NA,NA,NA,NA,NA,NA,NA,NA,NA,NA,NA,NA,NA,NA,NA,NA,NA,NA,NA,NA,NA,NA,NA,NA,NA,NA,NA,NA,NA,NA,NA,NA,NA,NA,NA,NA,NA,NA,49.7613035019455,10.6305824733161,0.443132295719844,0.0541830655461162,2.60918287937743,0.845551400109778,11.1516342412451,3.79323100526413,0.185072957198444,0.0146173817930317,2018,1997-04-28,NA,NA,NA,NA
"Jonathan Jones","NE","DB","12988","weighted",NA,NA,NA,NA,NA,NA,NA,NA,NA,NA,NA,NA,NA,NA,NA,NA,NA,NA,NA,NA,NA,NA,NA,NA,NA,NA,NA,NA,NA,NA,NA,NA,NA,NA,NA,NA,NA,NA,NA,NA,NA,NA,NA,NA,51.7562403697997,12.6218560441799,0.0992295839753467,0.14142135623731,1.81796610169492,0.544472221513642,5.97596302003082,0.176776695296637,0.07442218798151,0.106066017177982,2016,1993-09-20,NA,NA,NA,NA
"Xavien Howard","MIA","DB","12742","weighted",NA,NA,NA,NA,NA,NA,NA,NA,NA,NA,NA,NA,NA,NA,NA,NA,NA,NA,NA,NA,NA,NA,NA,NA,NA,NA,NA,NA,NA,NA,NA,NA,NA,NA,NA,NA,NA,NA,NA,NA,NA,NA,NA,NA,47.4212840466926,10.7566316998014,0.728677042801556,0.255973790702813,4.79784046692607,1.13136689252733,14.275953307393,3.57744955351692,0.400972762645914,0.194898423907089,2016,1993-07-04,NA,NA,NA,NA
"Levi Wallace","PIT","DB","13711","weighted",NA,NA,NA,NA,NA,NA,NA,NA,NA,NA,NA,NA,NA,NA,NA,NA,NA,NA,NA,NA,NA,NA,NA,NA,NA,NA,NA,NA,NA,NA,NA,NA,NA,NA,NA,NA,NA,NA,NA,NA,NA,NA,NA,NA,54.3251361867704,4.05566954916293,0.14408560311284,0.261671052219844,1.58842412451362,0.456240345822735,7.90752918287938,1.58383941203184,0.0746352140077821,0.0730869089651583,2018,NA,NA,NA,NA,NA
"Jamel Dean","TB","DB","14219","weighted",NA,NA,NA,NA,NA,NA,NA,NA,NA,NA,NA,NA,NA,NA,NA,NA,NA,NA,NA,NA,NA,NA,NA,NA,NA,NA,NA,NA,NA,NA,NA,NA,NA,NA,NA,NA,NA,NA,NA,NA,NA,NA,NA,NA,54.4486381322957,4.19250641563285,0.0532490272373541,0.0967045192986381,1.15348249027237,0.278736555625486,9.20540856031128,2.7711623740421,0.06965953307393,0.0682144483674811,2019,1996-10-15,NA,NA,NA,NA
"Cameron Sutton","PIT","DB","13276","weighted",NA,NA,NA,NA,NA,NA,NA,NA,NA,NA,NA,NA,NA,NA,NA,NA,NA,NA,NA,NA,NA,NA,NA,NA,NA,NA,NA,NA,NA,NA,NA,NA,NA,NA,NA,NA,NA,NA,NA,NA,NA,NA,NA,NA,47.0915369649805,8.52304617495295,0.547217898832685,0.507172933464611,1.38505836575875,0.361029556916945,6.79110894941634,0.55689745378391,0.175121595330739,0.0243623029883861,2017,1995-02-27,NA,NA,NA,NA
"Mike Edwards","TB","DB","14222","weighted",NA,NA,NA,NA,NA,NA,NA,NA,NA,NA,NA,NA,NA,NA,NA,NA,NA,NA,NA,NA,NA,NA,NA,NA,NA,NA,NA,NA,NA,NA,NA,NA,NA,NA,NA,NA,NA,NA,NA,NA,NA,NA,NA,NA,43.9308781869688,16.6877200360025,0.268413597733711,0.353553390593274,2.46317280453258,0.707106781186548,8.13059490084986,3.25269119345812,0.3,0,2019,NA,NA,NA,NA,NA
"Shaq Griffin","JAC","DB","13273","weighted",NA,NA,NA,NA,NA,NA,NA,NA,NA,NA,NA,NA,NA,NA,NA,NA,NA,NA,NA,NA,NA,NA,NA,NA,NA,NA,NA,NA,NA,NA,NA,NA,NA,NA,NA,NA,NA,NA,NA,NA,NA,NA,NA,NA,50.0274268104776,8.73276874765386,0.0843451463790447,0.120208152801713,0.506070878274268,0.721248916810278,5.43935285053929,0.799030662740799,0.0347303543913713,0.0494974746830583,2017,1994-01-01,NA,NA,NA,NA
"Nick Scott","LAR","DB","14302","weighted",NA,NA,NA,NA,NA,NA,NA,NA,NA,NA,NA,NA,NA,NA,NA,NA,NA,NA,NA,NA,NA,NA,NA,NA,NA,NA,NA,NA,NA,NA,NA,NA,NA,NA,NA,NA,NA,NA,NA,NA,NA,NA,NA,NA,45.4046533127889,13.8310086400089,0.183574730354391,0.261629509039023,1.23704160246533,0.37476659402887,5.09812018489985,0.572756492761103,0.0248073959938367,0.0353553390593274,2019,1995-05-17,NA,NA,NA,NA
"Darius Slay","PHI","DB","11348","weighted",NA,NA,NA,NA,NA,NA,NA,NA,NA,NA,NA,NA,NA,NA,NA,NA,NA,NA,NA,NA,NA,NA,NA,NA,NA,NA,NA,NA,NA,NA,NA,NA,NA,NA,NA,NA,NA,NA,NA,NA,NA,NA,NA,NA,50.6332879377432,4.11313798730369,0.0850583657587549,0.0867109013213109,2.7327626459144,1.22201917224319,10.3928210116732,3.47399664894695,0.180097276264591,0.0194898423907089,2013,1991-01-01,NA,NA,NA,NA
"TreDavious White","BUF","DB","13249","weighted",NA,NA,NA,NA,NA,NA,NA,NA,NA,NA,NA,NA,NA,NA,NA,NA,NA,NA,NA,NA,NA,NA,NA,NA,NA,NA,NA,NA,NA,NA,NA,NA,NA,NA,NA,NA,NA,NA,NA,NA,NA,NA,NA,NA,44.203560311284,9.62413242462741,1.32507782101167,0.404972609443386,2.15157587548638,0.807646499971758,8.29163424124514,2.83698367856906,0.0646838521400778,0.0633419877698039,2017,1995-01-16,NA,"Knee - ACL",2022,0
"Mike Hilton","CIN","DB","13414","weighted",NA,NA,NA,NA,NA,NA,NA,NA,NA,NA,NA,NA,NA,NA,NA,NA,NA,NA,NA,NA,NA,NA,NA,NA,NA,NA,NA,NA,NA,NA,NA,NA,NA,NA,NA,NA,NA,NA,NA,NA,NA,NA,NA,NA,47.5366342412451,5.84477834834875,1.05371595330739,1.01429006055105,2.24075875486381,0.835015044505092,7.61597276264591,1.52431597355119,0.180097276264591,0.0194898423907089,2016,1994-03-09,NA,NA,NA,NA
"Casey Hayward","ATL","DB","10793","weighted",NA,NA,NA,NA,NA,NA,NA,NA,NA,NA,NA,NA,NA,NA,NA,NA,NA,NA,NA,NA,NA,NA,NA,NA,NA,NA,NA,NA,NA,NA,NA,NA,NA,NA,NA,NA,NA,NA,NA,NA,NA,NA,NA,NA,48.4114980544747,7.92510292412788,0.135661478599222,0.127986895351407,1.70622568093385,1.04137456805403,11.1625291828794,2.91996522021245,0.0845865758754864,0.0828318301605128,2012,1989-09-09,NA,NA,NA,NA
"James Bradberry","PHI","DB","12750","weighted",NA,NA,NA,NA,NA,NA,NA,NA,NA,NA,NA,NA,NA,NA,NA,NA,NA,NA,NA,NA,NA,NA,NA,NA,NA,NA,NA,NA,NA,NA,NA,NA,NA,NA,NA,NA,NA,NA,NA,NA,NA,NA,NA,NA,44.6889299610895,7.66748000599238,0.0532490272373541,0.0967045192986381,2.67953307392996,0.425997244223518,12.8071595330739,4.59997298340458,0.185072957198444,0.0146173817930317,2016,1993-08-04,NA,NA,NA,NA
"Eric Rowe","MIA","DB","12275","weighted",NA,NA,NA,NA,NA,NA,NA,NA,NA,NA,NA,NA,NA,NA,NA,NA,NA,NA,NA,NA,NA,NA,NA,NA,NA,NA,NA,NA,NA,NA,NA,NA,NA,NA,NA,NA,NA,NA,NA,NA,NA,NA,NA,NA,45.4966005665722,11.4551298552221,0,0,0.536827195467422,0.707106781186548,6.54518413597734,3.7476659402887,0,0,2015,1992-10-03,"Q","Pectoral",2022,0
"Trayvon Mullen","ARI","DB","14181","weighted",NA,NA,NA,NA,NA,NA,NA,NA,NA,NA,NA,NA,NA,NA,NA,NA,NA,NA,NA,NA,NA,NA,NA,NA,NA,NA,NA,NA,NA,NA,NA,NA,NA,NA,NA,NA,NA,NA,NA,NA,NA,NA,NA,NA,42.0228045325779,16.7584307141212,0,0,1.25892351274788,1.13137084989848,8.22932011331445,7.28319984622144,0,0,2019,1970-01-01,"O","Toe",2022,0
"Chuck Clark","BAL","DB","13322","weighted",NA,NA,NA,NA,NA,NA,NA,NA,NA,NA,NA,NA,NA,NA,NA,NA,NA,NA,NA,NA,NA,NA,NA,NA,NA,NA,NA,NA,NA,NA,NA,NA,NA,NA,NA,NA,NA,NA,NA,NA,NA,NA,NA,NA,51.1662889518414,1.27279220613578,1.75892351274788,1.13137084989848,1.27790368271955,0.424264068711929,9.53682719546742,0.707106781186548,0.1,0,2017,1995-04-19,NA,NA,NA,NA
"Sean Bunting","TB","DB","14199","weighted",NA,NA,NA,NA,NA,NA,NA,NA,NA,NA,NA,NA,NA,NA,NA,NA,NA,NA,NA,NA,NA,NA,NA,NA,NA,NA,NA,NA,NA,NA,NA,NA,NA,NA,NA,NA,NA,NA,NA,NA,NA,NA,NA,NA,45.6191828793774,7.28530231198054,0.0532490272373541,0.0967045192986381,0.527198443579767,0.795685922512475,4.33538910505837,1.38979700872086,0.06965953307393,0.0682144483674811,2019,1997-06-19,NA,NA,NA,NA
"Duron Harmon","LVR","DB","11359","weighted",NA,NA,NA,NA,NA,NA,NA,NA,NA,NA,NA,NA,NA,NA,NA,NA,NA,NA,NA,NA,NA,NA,NA,NA,NA,NA,NA,NA,NA,NA,NA,NA,NA,NA,NA,NA,NA,NA,NA,NA,NA,NA,NA,NA,43.4105701078582,9.99141881816592,0.114114021571649,0.162634559672906,2.05645608628659,0.650538238691624,5.79870570107858,2.9910616844191,0.0843451463790447,0.120208152801713,2013,1991-01-24,NA,NA,NA,NA
"Jimmie Ward","SF","DB","11768","weighted",NA,NA,NA,NA,NA,NA,NA,NA,NA,NA,NA,NA,NA,NA,NA,NA,NA,NA,NA,NA,NA,NA,NA,NA,NA,NA,NA,NA,NA,NA,NA,NA,NA,NA,NA,NA,NA,NA,NA,NA,NA,NA,NA,NA,42.7008498583569,9.61665222413705,0,0,1.78739376770538,1.20208152801713,4.86104815864023,0.212132034355964,0.1,0,2014,1991-07-18,"IR","Hamstring",2022,0
"Avonte Maddox","PHI","DB","13767","weighted",NA,NA,NA,NA,NA,NA,NA,NA,NA,NA,NA,NA,NA,NA,NA,NA,NA,NA,NA,NA,NA,NA,NA,NA,NA,NA,NA,NA,NA,NA,NA,NA,NA,NA,NA,NA,NA,NA,NA,NA,NA,NA,NA,NA,43.492776203966,6.85893577750951,0.675779036827196,0.494974746830583,0.277903682719547,0.424264068711929,7.02733711048159,1.48492424049175,0,0,2018,1996-03-31,NA,NA,NA,NA
"Jason Verrett","SF","DB","11765","weighted",NA,NA,NA,NA,NA,NA,NA,NA,NA,NA,NA,NA,NA,NA,NA,NA,NA,NA,NA,NA,NA,NA,NA,NA,NA,NA,NA,NA,NA,NA,NA,NA,NA,NA,NA,NA,NA,NA,NA,NA,NA,NA,NA,NA,46.6983667180277,2.13546247918337,0.129768875192604,0.0424264068711928,1.5159938366718,0.735391052434009,5.64345146379045,1.20208152801713,0.0644992295839753,0.0919238815542512,2014,1991-05-13,NA,"Knee - ACL",2022,0
"J.C. Jackson","LAC","DB","13917","weighted",NA,NA,NA,NA,NA,NA,NA,NA,NA,NA,NA,NA,NA,NA,NA,NA,NA,NA,NA,NA,NA,NA,NA,NA,NA,NA,NA,NA,NA,NA,NA,NA,NA,NA,NA,NA,NA,NA,NA,NA,NA,NA,NA,NA,44.7767705382436,3.39411254969543,0,0,3.81473087818697,0.282842712474619,12.6757790368272,0.494974746830583,0.2,0,2018,1970-01-01,"D","Ankle",2022,0
"William Jackson","WAS","DB","12737","weighted",NA,NA,NA,NA,NA,NA,NA,NA,NA,NA,NA,NA,NA,NA,NA,NA,NA,NA,NA,NA,NA,NA,NA,NA,NA,NA,NA,NA,NA,NA,NA,NA,NA,NA,NA,NA,NA,NA,NA,NA,NA,NA,NA,NA,41.4001416430595,6.7175144212722,0,0,1.13895184135977,0.212132034355964,8.69475920679887,1.06066017177982,0,0,2016,1993-01-01,NA,NA,NA,NA
"Jourdan Lewis","DAL","DB","13227","weighted",NA,NA,NA,NA,NA,NA,NA,NA,NA,NA,NA,NA,NA,NA,NA,NA,NA,NA,NA,NA,NA,NA,NA,NA,NA,NA,NA,NA,NA,NA,NA,NA,NA,NA,NA,NA,NA,NA,NA,NA,NA,NA,NA,NA,45.3515580736544,0.989949493661166,2.35155807365439,0.989949493661167,2.04631728045326,0.0707106781186548,10.5178470254958,2.26274169979695,0,0,2017,1995-08-31,NA,NA,NA,NA
"Jaire Alexander","GB","DB","13730","weighted",NA,NA,NA,NA,NA,NA,NA,NA,NA,NA,NA,NA,NA,NA,NA,NA,NA,NA,NA,NA,NA,NA,NA,NA,NA,NA,NA,NA,NA,NA,NA,NA,NA,NA,NA,NA,NA,NA,NA,NA,NA,NA,NA,NA,44.1662889518414,1.27279220613578,0.536827195467422,0.707106781186548,2.50949008498584,0.777817459305203,13.6294617563739,0.565685424949239,0,0,2018,1997-02-09,NA,NA,NA,NA
"Ronnie Harrison","CLE","DB","13715","weighted",NA,NA,NA,NA,NA,NA,NA,NA,NA,NA,NA,NA,NA,NA,NA,NA,NA,NA,NA,NA,NA,NA,NA,NA,NA,NA,NA,NA,NA,NA,NA,NA,NA,NA,NA,NA,NA,NA,NA,NA,NA,NA,NA,NA,38.7790368271955,4.24264068711929,1.09263456090652,0.14142135623731,0.675779036827196,0.494974746830583,4.42521246458924,2.40416305603426,0,0,2018,1997-04-18,NA,NA,NA,NA
"Troy Hill","LAR","DB","12589","weighted",NA,NA,NA,NA,NA,NA,NA,NA,NA,NA,NA,NA,NA,NA,NA,NA,NA,NA,NA,NA,NA,NA,NA,NA,NA,NA,NA,NA,NA,NA,NA,NA,NA,NA,NA,NA,NA,NA,NA,NA,NA,NA,NA,NA,40.3432011331445,2.05060966544099,0.536827195467422,0.707106781186548,1.25892351274788,1.13137084989848,5.68413597733711,3.53553390593274,0,0,NA,NA,NA,NA,NA,NA
"KWaun Williams","DEN","DB","12015","weighted",NA,NA,NA,NA,NA,NA,NA,NA,NA,NA,NA,NA,NA,NA,NA,NA,NA,NA,NA,NA,NA,NA,NA,NA,NA,NA,NA,NA,NA,NA,NA,NA,NA,NA,NA,NA,NA,NA,NA,NA,NA,NA,NA,NA,37.5284702549575,2.33345237791561,0.907365439093485,0.14142135623731,0.536827195467422,0.707106781186548,4.23158640226629,0.353553390593274,0,0,NA,NA,NA,NA,NA,NA
"Marcus Epps","PHI","DB","14270","weighted",NA,NA,NA,NA,NA,NA,NA,NA,NA,NA,NA,NA,NA,NA,NA,NA,NA,NA,NA,NA,NA,NA,NA,NA,NA,NA,NA,NA,NA,NA,NA,NA,NA,NA,NA,NA,NA,NA,NA,NA,NA,NA,NA,NA,34.0167138810198,6.08111831820431,0,0,1,0,4.09263456090652,0.14142135623731,0,0,2019,1996-01-27,NA,NA,NA,NA
"Byron Jones","MIA","DB","12268","weighted",NA,NA,NA,NA,NA,NA,NA,NA,NA,NA,NA,NA,NA,NA,NA,NA,NA,NA,NA,NA,NA,NA,NA,NA,NA,NA,NA,NA,NA,NA,NA,NA,NA,NA,NA,NA,NA,NA,NA,NA,NA,NA,NA,NA,34.8230878186969,3.32340187157678,0,0,0.768413597733711,0.353553390593274,5.95368271954674,0.0707106781186545,0,0,2015,1992-08-26,NA,"Ankle",2022,0
