"player","team","position","id","avg_type","pass_yds","pass_yds_sd","pass_tds","pass_tds_sd","pass_int","pass_int_sd","rush_yds","rush_yds_sd","rush_tds","rush_tds_sd","fumbles_lost","fumbles_lost_sd","two_pts","two_pts_sd","return_tds","return_tds_sd","rec","rec_sd","rec_yds","rec_yds_sd","rec_tds","rec_tds_sd","fg_0019","fg_0019_sd","fg_2029","fg_2029_sd","fg_3039","fg_3039_sd","fg_4049","fg_4049_sd","fg_50","fg_50_sd","xp","xp_sd","dst_int","dst_int_sd","dst_sacks","dst_sacks_sd","dst_safety","dst_safety_sd","dst_td","dst_td_sd","dst_blk","dst_blk_sd","idp_solo","idp_solo_sd","idp_sack","idp_sack_sd","idp_int","idp_int_sd","idp_pd","idp_pd_sd","idp_td","idp_td_sd","draft_year","birthdate","injury_status","injury_details","season_year","week"
"Tom Brady","TB","QB","5848","weighted",4692.4871150519,342.438932212461,36.9371410034602,1.74010848469088,12.1000581521363,2.37884852381891,37.3720328719723,24.9380807099109,2.17452422145329,0.688026947441379,1.23883477508651,0.242797230366599,0.53,0,NA,NA,NA,NA,NA,NA,NA,NA,NA,NA,NA,NA,NA,NA,NA,NA,NA,NA,NA,NA,NA,NA,NA,NA,NA,NA,NA,NA,NA,NA,NA,NA,NA,NA,NA,NA,NA,NA,NA,NA,2000,1977-08-03,NA,NA,NA,NA
"Patrick Mahomes","KC","QB","13116","weighted",5025.33065743945,176.653741913052,39.7406617647059,4.25676360863379,8.24526866777781,3.00322222351635,291.156228373702,78.1918703187177,2.80429930795848,0.665981702065937,1.31333131487889,0.540057783170334,2.13,4.79936859683329e-16,NA,NA,NA,NA,NA,NA,NA,NA,NA,NA,NA,NA,NA,NA,NA,NA,NA,NA,NA,NA,NA,NA,NA,NA,NA,NA,NA,NA,NA,NA,NA,NA,NA,NA,NA,NA,NA,NA,NA,NA,2017,1995-09-17,NA,NA,NA,NA
"Aaron Rodgers","GB","QB","7836","weighted",4521.7267733564,398.072932692297,37.6796107266436,1.66645461222025,6.8088827446504,2.0111021311229,164.446306228374,32.9101007048515,1.9475562283737,0.536957228078944,2.44088494809689,0.457297019095967,1.65,2.39968429841664e-16,NA,NA,NA,NA,NA,NA,NA,NA,NA,NA,NA,NA,NA,NA,NA,NA,NA,NA,NA,NA,NA,NA,NA,NA,NA,NA,NA,NA,NA,NA,NA,NA,NA,NA,NA,NA,NA,NA,NA,NA,2005,1983-12-02,NA,NA,NA,NA
"Dak Prescott","DAL","QB","12620","weighted",4774.37987456747,295.134504649772,31.1154022491349,1.57284876208999,12.8169481821378,2.59750530930889,299.037820069204,30.5890741554523,3.55932958477509,0.797487737889481,2.90850692041522,1.0796385964537,3.22,4.79936859683329e-16,NA,NA,NA,NA,NA,NA,NA,NA,NA,NA,NA,NA,NA,NA,NA,NA,NA,NA,NA,NA,NA,NA,NA,NA,NA,NA,NA,NA,NA,NA,NA,NA,NA,NA,NA,NA,NA,NA,NA,NA,2016,1993-07-29,"Q","Shoulder",2021,0
"Matt Ryan","ATL","QB","9099","weighted",4604.47388408304,263.802007092352,28.3935164359862,2.33771987240468,13.2685833104152,2.81933445365152,103.212759515571,35.0891809191815,1.36242647058824,0.49787014992849,3.35173702422145,1.26097620732316,2.13,4.79936859683329e-16,NA,NA,NA,NA,NA,NA,NA,NA,NA,NA,NA,NA,NA,NA,NA,NA,NA,NA,NA,NA,NA,NA,NA,NA,NA,NA,NA,NA,NA,NA,NA,NA,NA,NA,NA,NA,NA,NA,NA,NA,2008,1985-05-17,NA,NA,NA,NA
"Josh Allen","BUF","QB","13589","weighted",4600.7008434256,298.654195551442,34.6569723183391,2.28825840891177,10.9338028757846,2.48000987015471,508.771531141868,71.0715663308267,6.800973183391,1.73456518054696,3.91663667820069,0.665086506604588,1.08,2.39968429841664e-16,NA,NA,NA,NA,NA,NA,NA,NA,NA,NA,NA,NA,NA,NA,NA,NA,NA,NA,NA,NA,NA,NA,NA,NA,NA,NA,NA,NA,NA,NA,NA,NA,NA,NA,NA,NA,NA,NA,NA,NA,2018,1996-05-21,NA,NA,NA,NA
"Ben Roethlisberger","PIT","QB","7401","weighted",4290.86578719723,369.523293507477,31.8041522491349,2.77408490169485,13.5091543011669,2.8823781491097,30.9542906574394,20.8164926912246,0.212240484429066,0.372271358923318,1.01112889273356,0.189067200726416,3.19,4.79936859683329e-16,NA,NA,NA,NA,NA,NA,NA,NA,NA,NA,NA,NA,NA,NA,NA,NA,NA,NA,NA,NA,NA,NA,NA,NA,NA,NA,NA,NA,NA,NA,NA,NA,NA,NA,NA,NA,NA,NA,NA,NA,2004,1982-03-02,NA,NA,NA,NA
"Ryan Fitzpatrick","WAS","QB","8062","weighted",4053.13885380623,542.928009773954,24.7088105536332,3.89931793447117,14.8578869325994,3.82159600727862,236.170346020761,54.2678967997265,2.51563581314879,1.65936492132465,1.05926470588235,0.23650010669697,2.69,0,NA,NA,NA,NA,NA,NA,NA,NA,NA,NA,NA,NA,NA,NA,NA,NA,NA,NA,NA,NA,NA,NA,NA,NA,NA,NA,NA,NA,NA,NA,NA,NA,NA,NA,NA,NA,NA,NA,NA,NA,2005,1982-11-24,NA,NA,NA,NA
"Justin Herbert","LAC","QB","14779","weighted",4647.33408304498,207.185804058675,32.517508650519,2.98974452137172,12.4590288342173,2.86774335377414,254.322802768166,38.6313842699681,3.90748702422145,1.47856468571756,1.14722750865052,0.241224794513851,1.84,2.39968429841664e-16,NA,NA,NA,NA,NA,NA,NA,NA,NA,NA,NA,NA,NA,NA,NA,NA,NA,NA,NA,NA,NA,NA,NA,NA,NA,NA,NA,NA,NA,NA,NA,NA,NA,NA,NA,NA,NA,NA,NA,NA,2020,1998-03-10,NA,NA,NA,NA
"Derek Carr","LVR","QB","11644","weighted",4309.06528979239,286.747826727865,27.3664662629758,2.7373037206216,10.3640557453333,2.00745163609497,116.267902249135,18.8085410564477,2.0120285467128,0.95777267011278,4.62776384083045,1.36443756366716,0.53,0,NA,NA,NA,NA,NA,NA,NA,NA,NA,NA,NA,NA,NA,NA,NA,NA,NA,NA,NA,NA,NA,NA,NA,NA,NA,NA,NA,NA,NA,NA,NA,NA,NA,NA,NA,NA,NA,NA,NA,NA,2014,1991-03-28,NA,NA,NA,NA
"Matthew Stafford","LAR","QB","9431","weighted",4545.9041133218,183.322306215707,30.0373313148789,3.83709565116266,11.0721621253518,2.29305249446176,115.902711937716,25.6413138613657,0.738767301038062,0.721180373431841,2.21939878892734,0.484872228230497,1.59,2.39968429841664e-16,NA,NA,NA,NA,NA,NA,NA,NA,NA,NA,NA,NA,NA,NA,NA,NA,NA,NA,NA,NA,NA,NA,NA,NA,NA,NA,NA,NA,NA,NA,NA,NA,NA,NA,NA,NA,NA,NA,NA,NA,2009,1988-02-07,NA,NA,NA,NA
"Matthew Stafford","LAR","QB","9431","weighted",4545.9041133218,183.322306215707,30.0373313148789,3.83709565116266,11.0721621253518,2.29305249446176,115.902711937716,25.6413138613657,0.738767301038062,0.721180373431841,2.21939878892734,0.484872228230497,1.59,2.39968429841664e-16,NA,NA,NA,NA,NA,NA,NA,NA,NA,NA,NA,NA,NA,NA,NA,NA,NA,NA,NA,NA,NA,NA,NA,NA,NA,NA,NA,NA,NA,NA,NA,NA,NA,NA,NA,NA,NA,NA,NA,NA,2009,2003-05-23,NA,NA,NA,NA
"Russell Wilson","SEA","QB","10703","weighted",4351.09994377163,218.223236730658,34.8960423875433,1.89949730516465,11.2598290924684,2.23772096893757,458.707573529412,40.5348411533727,2.38104238754325,0.555634018975803,2.55029498269896,0.42517925296245,1.06,0,NA,NA,NA,NA,NA,NA,NA,NA,NA,NA,NA,NA,NA,NA,NA,NA,NA,NA,NA,NA,NA,NA,NA,NA,NA,NA,NA,NA,NA,NA,NA,NA,NA,NA,NA,NA,NA,NA,NA,NA,2012,1988-11-29,NA,NA,NA,NA
"Jameis Winston","NO","QB","12140","weighted",3971.31314878893,622.936030203361,27.0928460207612,4.90249140432797,15.1133965648125,3.33227846287222,203.126916089965,56.7354464716811,1.75332612456747,0.846349261731838,3.37061851211073,0.988964343306763,2.69,0,NA,NA,NA,NA,NA,NA,NA,NA,NA,NA,NA,NA,NA,NA,NA,NA,NA,NA,NA,NA,NA,NA,NA,NA,NA,NA,NA,NA,NA,NA,NA,NA,NA,NA,NA,NA,NA,NA,NA,NA,2015,1994-01-06,NA,NA,NA,NA
"Kirk Cousins","MIN","QB","10700","weighted",4361.07052768166,203.085889225614,31.9631747404844,1.80211277214537,12.5810139952523,2.8249861309293,128.885735294118,38.0656127376992,1.07301038062284,0.408909723003763,3.42270328719723,0.91574832557644,4.25,0,NA,NA,NA,NA,NA,NA,NA,NA,NA,NA,NA,NA,NA,NA,NA,NA,NA,NA,NA,NA,NA,NA,NA,NA,NA,NA,NA,NA,NA,NA,NA,NA,NA,NA,NA,NA,NA,NA,NA,NA,2012,1988-08-19,NA,NA,NA,NA
"Deshaun Watson","HOU","QB","13113","weighted",2311.56647747221,1635.2608456216,12.8056348741954,13.321658569677,4.22159157401989,3.43955163707338,165.851772966647,167.571967700267,1.37120538326507,2.10464122384364,0.419136337039204,0.269823413227662,1.25,0,NA,NA,NA,NA,NA,NA,NA,NA,NA,NA,NA,NA,NA,NA,NA,NA,NA,NA,NA,NA,NA,NA,NA,NA,NA,NA,NA,NA,NA,NA,NA,NA,NA,NA,NA,NA,NA,NA,NA,NA,2017,1995-09-14,NA,NA,NA,NA
"Joe Burrow","CIN","QB","14777","weighted",4255.30617214533,230.201537529756,26.2238148788927,3.00285217168467,11.6049436104348,2.76988243426994,220.214022491349,32.0210212396479,3.16524653979239,0.651758939125756,3.46305363321799,1.5360954121082,1.01,2.39968429841664e-16,NA,NA,NA,NA,NA,NA,NA,NA,NA,NA,NA,NA,NA,NA,NA,NA,NA,NA,NA,NA,NA,NA,NA,NA,NA,NA,NA,NA,NA,NA,NA,NA,NA,NA,NA,NA,NA,NA,NA,NA,2020,1996-12-10,NA,NA,NA,NA
"Baker Mayfield","CLE","QB","13590","weighted",4031.60005190311,276.144463349001,28.781937716263,2.52533651923912,12.1300196908039,3.21826753708506,177.892564878893,51.2323548841785,1.83673010380623,0.438905203101651,2.40335034602076,0.779112698535299,1.06,0,NA,NA,NA,NA,NA,NA,NA,NA,NA,NA,NA,NA,NA,NA,NA,NA,NA,NA,NA,NA,NA,NA,NA,NA,NA,NA,NA,NA,NA,NA,NA,NA,NA,NA,NA,NA,NA,NA,NA,NA,2018,1995-04-14,NA,NA,NA,NA
"Trevor Lawrence","JAC","QB","15237","weighted",4151.16049740484,280.972663450992,26.1979714532872,2.63858493496275,12.9824445336862,3.23900460559095,290.645294117647,100.027731367738,2.58505190311419,1.42855475622177,2.98592993079585,2.32000510129442,1.47,2.39968429841664e-16,NA,NA,NA,NA,NA,NA,NA,NA,NA,NA,NA,NA,NA,NA,NA,NA,NA,NA,NA,NA,NA,NA,NA,NA,NA,NA,NA,NA,NA,NA,NA,NA,NA,NA,NA,NA,NA,NA,NA,NA,2021,1999-10-06,NA,NA,NA,NA
"Kyler Murray","ARI","QB","14056","weighted",4248.12560121107,216.034831482264,28.4900951557093,3.64311990214805,12.4687284347416,2.00127544962437,711.134788062284,55.0345846180134,6.99118079584775,0.967348435213928,2.67741435986159,0.768345512279334,1.59,2.39968429841664e-16,NA,NA,NA,NA,NA,NA,NA,NA,NA,NA,NA,NA,NA,NA,NA,NA,NA,NA,NA,NA,NA,NA,NA,NA,NA,NA,NA,NA,NA,NA,NA,NA,NA,NA,NA,NA,NA,NA,NA,NA,2019,1997-08-07,NA,NA,NA,NA
"Ryan Tannehill","TEN","QB","10697","weighted",4076.25534602076,333.558843435338,31.1646626297578,2.65416308913813,9.93587658558759,2.15940396173391,254.716128892734,45.8569322916431,3.94347750865052,1.40407214788849,1.6927223183391,0.523968300986449,2.23,4.79936859683329e-16,NA,NA,NA,NA,NA,NA,NA,NA,NA,NA,NA,NA,NA,NA,NA,NA,NA,NA,NA,NA,NA,NA,NA,NA,NA,NA,NA,NA,NA,NA,NA,NA,NA,NA,NA,NA,NA,NA,NA,NA,2012,1988-07-27,NA,"Undisclosed",2021,0
"Jared Goff","DET","QB","12611","weighted",4001.8252032872,468.237403401075,22.6931401384083,3.46709400101041,12.9239144900196,2.92823851257536,104.793416955017,47.9157583428943,1.85916522491349,0.617169422416747,2.60678200692041,0.777326690487965,1.06,0,NA,NA,NA,NA,NA,NA,NA,NA,NA,NA,NA,NA,NA,NA,NA,NA,NA,NA,NA,NA,NA,NA,NA,NA,NA,NA,NA,NA,NA,NA,NA,NA,NA,NA,NA,NA,NA,NA,NA,NA,2016,1994-10-14,NA,NA,NA,NA
"Zach Wilson","NYJ","QB","15239","weighted",3822.58360294118,346.35914276953,22.5275216262976,3.80663862610754,14.2377685083082,2.64174373690054,302.863049307958,135.203500989516,2.88850778546713,1.74346153329976,2.06742214532872,0.452140703578001,1.47,2.39968429841664e-16,NA,NA,NA,NA,NA,NA,NA,NA,NA,NA,NA,NA,NA,NA,NA,NA,NA,NA,NA,NA,NA,NA,NA,NA,NA,NA,NA,NA,NA,NA,NA,NA,NA,NA,NA,NA,NA,NA,NA,NA,2021,1999-08-03,NA,NA,NA,NA
"Mac Jones","NE","QB","15241","weighted",3746.5021799308,395.943234405707,22.6208650519031,4.01131317606409,11.9834089437633,3.68833688187709,172.354593425606,115.979767560225,2.33725346020761,2.51427809713529,1.32937716262976,0.231787139320277,1.47,2.39968429841664e-16,NA,NA,NA,NA,NA,NA,NA,NA,NA,NA,NA,NA,NA,NA,NA,NA,NA,NA,NA,NA,NA,NA,NA,NA,NA,NA,NA,NA,NA,NA,NA,NA,NA,NA,NA,NA,NA,NA,NA,NA,2021,1998-09-05,NA,NA,NA,NA
"Andy Dalton","CHI","QB","10313","weighted",1642.30857213195,1722.90721423188,10.014913835549,10.6188978728881,5.87607142177531,6.01585670429733,91.4128754308223,103.319330140487,0.608921713441654,0.96080885206519,0.799996307237814,0.45989521107906,1.19,0,NA,NA,NA,NA,NA,NA,NA,NA,NA,NA,NA,NA,NA,NA,NA,NA,NA,NA,NA,NA,NA,NA,NA,NA,NA,NA,NA,NA,NA,NA,NA,NA,NA,NA,NA,NA,NA,NA,NA,NA,2011,1987-10-29,NA,NA,NA,NA
"Jalen Hurts","PHI","QB","14783","weighted",3522.57004757785,330.158549410935,22.1288278546713,1.99197741082959,14.3657447516783,2.31843229128404,768.923866782007,143.765688713537,6.149723183391,0.37952272738385,4.70041089965398,1.61399897411135,1.28,0,NA,NA,NA,NA,NA,NA,NA,NA,NA,NA,NA,NA,NA,NA,NA,NA,NA,NA,NA,NA,NA,NA,NA,NA,NA,NA,NA,NA,NA,NA,NA,NA,NA,NA,NA,NA,NA,NA,NA,NA,2020,1998-08-07,NA,NA,NA,NA
"Trey Lance","SF","QB","15240","weighted",2504.19299740484,1247.94135031546,14.9194204152249,8.53945650412305,8.76546709668557,5.18593921365169,344.861833910035,224.288827571941,3.08640570934256,2.31634172102298,1.7690008650519,0.789406513962671,0.6,0,NA,NA,NA,NA,NA,NA,NA,NA,NA,NA,NA,NA,NA,NA,NA,NA,NA,NA,NA,NA,NA,NA,NA,NA,NA,NA,NA,NA,NA,NA,NA,NA,NA,NA,NA,NA,NA,NA,NA,NA,2021,2000-05-09,"Q","Finger",2021,0
"Tua Tagovailoa","MIA","QB","14778","weighted",3824.75746972318,325.150688612056,25.2350778546713,2.92953670465649,11.5629596453284,3.08294779500704,222.344325259516,59.1628757796158,3.23973183391003,1.02676969034147,1.34334775086505,0.157228418348442,1.58,2.39968429841664e-16,NA,NA,NA,NA,NA,NA,NA,NA,NA,NA,NA,NA,NA,NA,NA,NA,NA,NA,NA,NA,NA,NA,NA,NA,NA,NA,NA,NA,NA,NA,NA,NA,NA,NA,NA,NA,NA,NA,NA,NA,2020,1998-03-02,NA,NA,NA,NA
"Tyrod Taylor","HOU","QB","10413","weighted",2572.01325692042,1327.54839424353,14.4209126297578,8.07036462854968,6.54568143111742,3.99616423565403,234.280830449827,197.683441300725,1.69514705882353,1.63292212028605,0.959502595155709,0.516756249552426,0.7,1.19984214920832e-16,NA,NA,NA,NA,NA,NA,NA,NA,NA,NA,NA,NA,NA,NA,NA,NA,NA,NA,NA,NA,NA,NA,NA,NA,NA,NA,NA,NA,NA,NA,NA,NA,NA,NA,NA,NA,NA,NA,NA,NA,2011,1989-08-03,NA,NA,NA,NA
"Jimmy Garoppolo","SF","QB","11760","weighted",2094.20583477509,1505.37659561369,12.6711634948097,10.0725772485287,7.27540839084663,5.47031388134735,50.5915700692042,41.1787244989561,0.566583044982699,0.562708795270473,2.56131920415225,1.66407722508418,2.13,4.79936859683329e-16,NA,NA,NA,NA,NA,NA,NA,NA,NA,NA,NA,NA,NA,NA,NA,NA,NA,NA,NA,NA,NA,NA,NA,NA,NA,NA,NA,NA,NA,NA,NA,NA,NA,NA,NA,NA,NA,NA,NA,NA,2014,1991-11-02,NA,NA,NA,NA
"Teddy Bridgewater","DEN","QB","11640","weighted",3296.41022491349,1144.97808368853,18.6908780276817,7.56044768401255,11.1730984518489,4.91676922173489,203.822698961938,91.9038992381334,2.48715830449827,1.19447524382706,2.05330017301038,0.407116213548692,1.08,2.39968429841664e-16,NA,NA,NA,NA,NA,NA,NA,NA,NA,NA,NA,NA,NA,NA,NA,NA,NA,NA,NA,NA,NA,NA,NA,NA,NA,NA,NA,NA,NA,NA,NA,NA,NA,NA,NA,NA,NA,NA,NA,NA,2014,1992-11-10,NA,NA,NA,NA
"Sam Darnold","CAR","QB","13592","weighted",3806.67951989619,364.554058800399,21.979857266436,5.07258511997013,13.5247730035348,3.18369615435433,224.681825259516,39.077309664321,2.84859861591695,1.5042025635389,2.64845588235294,0.955130163105213,2.13,4.79936859683329e-16,NA,NA,NA,NA,NA,NA,NA,NA,NA,NA,NA,NA,NA,NA,NA,NA,NA,NA,NA,NA,NA,NA,NA,NA,NA,NA,NA,NA,NA,NA,NA,NA,NA,NA,NA,NA,NA,NA,NA,NA,2018,1997-06-05,NA,NA,NA,NA
"Carson Wentz","IND","QB","12610","weighted",3772.58169550173,259.447360762497,24.827214532872,2.71489685518243,12.3589938365517,3.44300048399333,248.924364186851,61.9708009349722,2.61730103806228,0.975985452834116,4.55753287197232,1.45017421055766,4.25,0,NA,NA,NA,NA,NA,NA,NA,NA,NA,NA,NA,NA,NA,NA,NA,NA,NA,NA,NA,NA,NA,NA,NA,NA,NA,NA,NA,NA,NA,NA,NA,NA,NA,NA,NA,NA,NA,NA,NA,NA,2016,1992-12-30,NA,"Undisclosed",2021,0
"Justin Fields","CHI","QB","15238","weighted",3329.52033282905,761.073638799933,21.2627937468482,5.0111689460665,10.9329639256376,3.62975907066596,356.566999495714,179.830103906224,3.19569339384771,1.74727657415622,2.01970079004875,0.704947681170202,NA,NA,NA,NA,NA,NA,NA,NA,NA,NA,NA,NA,NA,NA,NA,NA,NA,NA,NA,NA,NA,NA,NA,NA,NA,NA,NA,NA,NA,NA,NA,NA,NA,NA,NA,NA,NA,NA,NA,NA,NA,NA,2021,1999-03-05,NA,NA,NA,NA
"Daniel Jones","NYG","QB","14059","weighted",3736.3505449827,165.397039393773,22.7139576124567,1.9883541215652,13.1468901562666,2.53271334113181,425.763092560554,39.4479603122457,2.66382785467128,0.80441180233202,5.57329584775086,1.8315803439342,1.87,0,NA,NA,NA,NA,NA,NA,NA,NA,NA,NA,NA,NA,NA,NA,NA,NA,NA,NA,NA,NA,NA,NA,NA,NA,NA,NA,NA,NA,NA,NA,NA,NA,NA,NA,NA,NA,NA,NA,NA,NA,2019,1997-05-27,NA,NA,NA,NA
"Cam Newton","NE","QB","10273","weighted",951.112929623568,1245.21504166951,5.94108019639935,7.77817459305202,2.70049099836334,3.53553390593274,69.1325695581015,90.5096679918781,1.620294599018,2.12132034355964,2,0,NA,NA,NA,NA,NA,NA,NA,NA,NA,NA,NA,NA,NA,NA,NA,NA,NA,NA,NA,NA,NA,NA,NA,NA,NA,NA,NA,NA,NA,NA,NA,NA,NA,NA,NA,NA,NA,NA,NA,NA,NA,NA,2011,1989-05-11,NA,NA,NA,NA
"Lamar Jackson","BAL","QB","13593","weighted",3322.52105536332,172.655451804655,28.6494074394464,2.96144536170231,11.0181037664917,2.42780768427018,1034.56298875433,177.44279202645,7.22203719723183,0.801291636844149,3.31792993079585,0.648955053047006,0.53,0,NA,NA,NA,NA,NA,NA,NA,NA,NA,NA,NA,NA,NA,NA,NA,NA,NA,NA,NA,NA,NA,NA,NA,NA,NA,NA,NA,NA,NA,NA,NA,NA,NA,NA,NA,NA,NA,NA,NA,NA,2018,1997-01-07,NA,NA,NA,NA
"Drew Lock","DEN","QB","14057","weighted",1466.73405797101,1348.59407547482,9.11717391304348,9.37938317729937,6.23369565217391,5.10551535886198,85.9782608695652,75.0716787928682,0.954347826086957,1.40481009634943,0.534661835748792,0.442972355630302,NA,NA,NA,NA,NA,NA,NA,NA,NA,NA,NA,NA,NA,NA,NA,NA,NA,NA,NA,NA,NA,NA,NA,NA,NA,NA,NA,NA,NA,NA,NA,NA,NA,NA,NA,NA,NA,NA,NA,NA,NA,NA,2019,1996-11-10,NA,NA,NA,NA
"Taysom Hill","NO","QB","13424","weighted",776.867517301038,676.63303610829,2.90646626297578,2.51651120995799,2.31259083044983,2.6171218329962,378.083581314879,269.448936628795,5.0930276816609,4.31413499430929,2.47778114186851,1.18957251462693,NA,NA,NA,NA,NA,NA,NA,NA,NA,NA,NA,NA,NA,NA,NA,NA,NA,NA,NA,NA,NA,NA,NA,NA,NA,NA,NA,NA,NA,NA,NA,NA,NA,NA,NA,NA,NA,NA,NA,NA,NA,NA,2017,1990-08-23,NA,NA,NA,NA
"Nick Mullens","FA","QB","13968","weighted",1246,NA,6,NA,4,NA,3,NA,0,NA,0,NA,NA,NA,NA,NA,NA,NA,NA,NA,NA,NA,NA,NA,NA,NA,NA,NA,NA,NA,NA,NA,NA,NA,NA,NA,NA,NA,NA,NA,NA,NA,NA,NA,NA,NA,NA,NA,NA,NA,NA,NA,NA,NA,2017,1995-03-21,NA,NA,NA,NA
"Jacob Eason","IND","QB","14780","weighted",440.970696313634,402.106127597068,2.33238736102984,2.23901404246509,2.03452896430661,1.51322229070863,14.6760152135752,17.3130131418593,0.274002340550029,0.471107261385974,0.307263019309538,0.247270339880671,0.6,1.24177493524754e-16,NA,NA,NA,NA,NA,NA,NA,NA,NA,NA,NA,NA,NA,NA,NA,NA,NA,NA,NA,NA,NA,NA,NA,NA,NA,NA,NA,NA,NA,NA,NA,NA,NA,NA,NA,NA,NA,NA,NA,NA,2020,1970-01-01,NA,NA,NA,NA
"Brandon Allen","CIN","QB","12621","weighted",328.941304347826,439.816038235368,1.52884057971015,2.53701660037173,1.38666666666667,2.24809151009227,19.3905797101449,30.3267783436607,0,0,0.037536231884058,0.0249907279485877,NA,NA,NA,NA,NA,NA,NA,NA,NA,NA,NA,NA,NA,NA,NA,NA,NA,NA,NA,NA,NA,NA,NA,NA,NA,NA,NA,NA,NA,NA,NA,NA,NA,NA,NA,NA,NA,NA,NA,NA,NA,NA,2016,1992-09-05,NA,NA,NA,NA
"Nick Foles","CHI","QB","10699","weighted",771.269406392694,71.4177848998413,2.90502283105023,1.5556349186104,1.60182648401826,0.565685424949238,6.35506849315068,10.8611601590254,0.0995433789954338,0.14142135623731,0,0,NA,NA,NA,NA,NA,NA,NA,NA,NA,NA,NA,NA,NA,NA,NA,NA,NA,NA,NA,NA,NA,NA,NA,NA,NA,NA,NA,NA,NA,NA,NA,NA,NA,NA,NA,NA,NA,NA,NA,NA,NA,NA,2012,1989-01-20,NA,NA,NA,NA
"Davis Mills","HOU","QB","15252","weighted",197.890410958904,275.771644662754,1.50684931506849,2.12132034355964,1.00456621004566,1.4142135623731,10.0456621004566,14.1421356237309,0,0,0.351598173515982,0.494974746830583,NA,NA,NA,NA,NA,NA,NA,NA,NA,NA,NA,NA,NA,NA,NA,NA,NA,NA,NA,NA,NA,NA,NA,NA,NA,NA,NA,NA,NA,NA,NA,NA,NA,NA,NA,NA,NA,NA,NA,NA,NA,NA,2021,1998-10-21,NA,NA,NA,NA
"Taylor Heinicke","WAS","QB","12476","weighted",407.163768115942,244.085850682593,2.04159420289855,2.05628991144106,2.00166666666667,0.838179921372885,34.2412536231884,42.6304813037578,0,0,0.0342512077294686,0.0384984214103759,NA,NA,NA,NA,NA,NA,NA,NA,NA,NA,NA,NA,NA,NA,NA,NA,NA,NA,NA,NA,NA,NA,NA,NA,NA,NA,NA,NA,NA,NA,NA,NA,NA,NA,NA,NA,NA,NA,NA,NA,NA,NA,NA,NA,NA,NA,NA,NA
"David Blough","DET","QB","14070","weighted",238.091908091908,279.487289235027,1.09500499500499,1.14429289584005,3.12037962037962,4.6172294788825,25.7352647352647,32.6747772840495,0,0,0.010989010989011,0.0191938484859146,NA,NA,NA,NA,NA,NA,NA,NA,NA,NA,NA,NA,NA,NA,NA,NA,NA,NA,NA,NA,NA,NA,NA,NA,NA,NA,NA,NA,NA,NA,NA,NA,NA,NA,NA,NA,NA,NA,NA,NA,NA,NA,2019,1970-01-01,NA,NA,NA,NA
"Joe Flacco","PHI","QB","9064","weighted",282.308695652174,200.206787007384,1.38347826086957,1.06357419359835,1.35760869565217,0.477059691727627,16.8202898550725,17.7511235679707,0,0,1.12246376811594,0.123720684136466,NA,NA,NA,NA,NA,NA,NA,NA,NA,NA,NA,NA,NA,NA,NA,NA,NA,NA,NA,NA,NA,NA,NA,NA,NA,NA,NA,NA,NA,NA,NA,NA,NA,NA,NA,NA,NA,NA,NA,NA,NA,NA,2008,1985-01-16,NA,NA,NA,NA
"Tyler Huntley","BAL","QB","14789","weighted",192.87122293739,192.165117645679,0.447700409596255,0.629006427546859,0.997870099473376,1.08601317626423,66.1132592159157,80.4983549772158,0.14245757753072,0.326332109907218,0.37812317144529,0.320399928313467,0.54,0,NA,NA,NA,NA,NA,NA,NA,NA,NA,NA,NA,NA,NA,NA,NA,NA,NA,NA,NA,NA,NA,NA,NA,NA,NA,NA,NA,NA,NA,NA,NA,NA,NA,NA,NA,NA,NA,NA,NA,NA,2020,1998-02-03,NA,NA,NA,NA
"Mason Rudolph","PIT","QB","13595","weighted",315.044927536232,137.481295575076,1.6063768115942,0.704105808738302,1.23478260869565,1.22919331686199,4.58528985507246,7.29702185559312,0,0,0.0342512077294686,0.0384984214103759,NA,NA,NA,NA,NA,NA,NA,NA,NA,NA,NA,NA,NA,NA,NA,NA,NA,NA,NA,NA,NA,NA,NA,NA,NA,NA,NA,NA,NA,NA,NA,NA,NA,NA,NA,NA,NA,NA,NA,NA,NA,NA,2018,1995-07-17,NA,NA,NA,NA
"C.J. Beathard","JAC","QB","13125","weighted",315.103857566766,231.223917448001,1.97922848664688,1.4142135623731,0.979228486646884,1.4142135623731,24.8338278931751,11.3137084989848,0,0,0.853115727002967,0.212132034355964,NA,NA,NA,NA,NA,NA,NA,NA,NA,NA,NA,NA,NA,NA,NA,NA,NA,NA,NA,NA,NA,NA,NA,NA,NA,NA,NA,NA,NA,NA,NA,NA,NA,NA,NA,NA,NA,NA,NA,NA,NA,NA,2017,1993-11-16,NA,NA,NA,NA
"Mitchell Trubisky","BUF","QB","13115","weighted",247.654347826087,146.535017090625,1.5945652173913,0.747685856531115,1.21326086956522,0.4421609399484,22.3195652173913,14.1878671629815,0.023695652173913,0.0491289933276,0.098768115942029,0.080553204920815,NA,NA,NA,NA,NA,NA,NA,NA,NA,NA,NA,NA,NA,NA,NA,NA,NA,NA,NA,NA,NA,NA,NA,NA,NA,NA,NA,NA,NA,NA,NA,NA,NA,NA,NA,NA,NA,NA,NA,NA,NA,NA,2017,1994-08-20,NA,NA,NA,NA
"Gardner Minshew","PHI","QB","14067","weighted",261.259203007519,153.353972242603,1.90297744360902,1.46164783392431,1.22181203007519,0.680070079021164,15.0279473684211,11.1004208299031,0.0740902255639098,0.103652645823557,0.465868421052632,0.387883834992302,1.01,0,NA,NA,NA,NA,NA,NA,NA,NA,NA,NA,NA,NA,NA,NA,NA,NA,NA,NA,NA,NA,NA,NA,NA,NA,NA,NA,NA,NA,NA,NA,NA,NA,NA,NA,NA,NA,NA,NA,NA,NA,2019,1996-05-16,NA,NA,NA,NA
"Phillip Walker","CAR","QB","13416","weighted",239.631884057971,187.694083242786,0.595,0.505229709955982,3.17782608695652,5.18629681268068,3.11600724637681,3.98258364661279,0,0,0.0546618357487923,0.0395594247940376,NA,NA,NA,NA,NA,NA,NA,NA,NA,NA,NA,NA,NA,NA,NA,NA,NA,NA,NA,NA,NA,NA,NA,NA,NA,NA,NA,NA,NA,NA,NA,NA,NA,NA,NA,NA,NA,NA,NA,NA,NA,NA,2017,1995-02-26,NA,NA,NA,NA
"Colt McCoy","ARI","QB","9899","weighted",181.56043956044,187.882283534596,0.343656343656344,0.581737409921062,0.343656343656344,0.581737409921062,23.7922077922078,28.6309920728882,0,0,0.0873126873126873,0.10181109426238,NA,NA,NA,NA,NA,NA,NA,NA,NA,NA,NA,NA,NA,NA,NA,NA,NA,NA,NA,NA,NA,NA,NA,NA,NA,NA,NA,NA,NA,NA,NA,NA,NA,NA,NA,NA,NA,NA,NA,NA,NA,NA,2010,1986-09-05,NA,NA,NA,NA
"Jordan Love","GB","QB","14782","weighted",167.143856143856,190.246280331171,2.3036963036963,3.19340460964726,1.63336663336663,2.87236030194731,7.90809190809191,10.5105710563084,0,0,0.447552447552448,0.506065062378081,NA,NA,NA,NA,NA,NA,NA,NA,NA,NA,NA,NA,NA,NA,NA,NA,NA,NA,NA,NA,NA,NA,NA,NA,NA,NA,NA,NA,NA,NA,NA,NA,NA,NA,NA,NA,NA,NA,NA,NA,NA,NA,2020,1998-11-02,NA,NA,NA,NA
"Kyle Allen","WAS","QB","13879","weighted",251.986301369863,150.613744392735,1.80547945205479,1.69705627484771,0.751141552511416,0.353553390593274,13.5205479452055,6.36396103067893,0.248858447488584,0.353553390593274,0.149771689497717,0.0707106781186548,NA,NA,NA,NA,NA,NA,NA,NA,NA,NA,NA,NA,NA,NA,NA,NA,NA,NA,NA,NA,NA,NA,NA,NA,NA,NA,NA,NA,NA,NA,NA,NA,NA,NA,NA,NA,NA,NA,NA,NA,NA,NA,2018,1996-03-08,NA,NA,NA,NA
"Tim Boyle","DET","QB","13873","weighted",156.117760617761,190.411469918546,0.737972972972973,1.17539580783426,0.933976833976834,0.880977434234173,8.87355212355212,9.91943934909012,0,0,0,0,NA,NA,NA,NA,NA,NA,NA,NA,NA,NA,NA,NA,NA,NA,NA,NA,NA,NA,NA,NA,NA,NA,NA,NA,NA,NA,NA,NA,NA,NA,NA,NA,NA,NA,NA,NA,NA,NA,NA,NA,NA,NA,2018,1970-01-01,"O","Thumb",2021,0
"Bryce Perkins","LAR","QB","14792","weighted",343.47,NA,1.07,NA,1.6,NA,21.94,NA,0.48,NA,0.2,NA,0.56,NA,NA,NA,NA,NA,NA,NA,NA,NA,NA,NA,NA,NA,NA,NA,NA,NA,NA,NA,NA,NA,NA,NA,NA,NA,NA,NA,NA,NA,NA,NA,NA,NA,NA,NA,NA,NA,NA,NA,NA,NA,2020,NA,NA,NA,NA,NA
"Mike Glennon","NYG","QB","11152","weighted",200.595652173913,91.9190961521742,1.10666666666667,0.885736969080605,0.869710144927536,0.844863021440341,7.82536231884058,8.3133296198464,0,0,0.873550724637681,0.096188418802516,NA,NA,NA,NA,NA,NA,NA,NA,NA,NA,NA,NA,NA,NA,NA,NA,NA,NA,NA,NA,NA,NA,NA,NA,NA,NA,NA,NA,NA,NA,NA,NA,NA,NA,NA,NA,NA,NA,NA,NA,NA,NA,2013,1989-12-12,NA,NA,NA,NA
"Kyle Trask","TB","QB","15242","weighted",229.807121661721,115.258405333407,1.48961424332344,0.707106781186548,0.489614243323442,0.707106781186548,6.4272997032641,4.94974746830583,0,0,0,0,NA,NA,NA,NA,NA,NA,NA,NA,NA,NA,NA,NA,NA,NA,NA,NA,NA,NA,NA,NA,NA,NA,NA,NA,NA,NA,NA,NA,NA,NA,NA,NA,NA,NA,NA,NA,NA,NA,NA,NA,NA,NA,2021,1970-01-01,NA,NA,NA,NA
"Jacoby Brissett","MIA","QB","12616","weighted",256.669565217391,60.3401979217459,1.2154347826087,0.510321664949487,0.630579710144928,0.484822908609324,20.1782608695652,12.7094562043164,0.881086956521739,1.07458289025776,0.197536231884058,0.16110640984163,NA,NA,NA,NA,NA,NA,NA,NA,NA,NA,NA,NA,NA,NA,NA,NA,NA,NA,NA,NA,NA,NA,NA,NA,NA,NA,NA,NA,NA,NA,NA,NA,NA,NA,NA,NA,NA,NA,NA,NA,NA,NA,2016,1992-12-11,NA,NA,NA,NA
"Kellen Mond","MIN","QB","15243","weighted",179.785523429711,107.902023779335,1.15088733798604,0.264530635093324,0.860398803589232,0.821279097707952,10.1954835493519,6.70470335230042,0.157447657028913,0.276031967053903,0.105094715852443,0.0976585569759958,0.6,0,NA,NA,NA,NA,NA,NA,NA,NA,NA,NA,NA,NA,NA,NA,NA,NA,NA,NA,NA,NA,NA,NA,NA,NA,NA,NA,NA,NA,NA,NA,NA,NA,NA,NA,NA,NA,NA,NA,NA,NA,2021,1970-01-01,NA,NA,NA,NA
"Blaine Gabbert","TB","QB","10262","weighted",158.073913043478,121.613596389802,1.24449275362319,1.96090821301858,0,0,13.2297101449275,18.2390840084013,0,0,0.0342512077294686,0.0384984214103759,NA,NA,NA,NA,NA,NA,NA,NA,NA,NA,NA,NA,NA,NA,NA,NA,NA,NA,NA,NA,NA,NA,NA,NA,NA,NA,NA,NA,NA,NA,NA,NA,NA,NA,NA,NA,NA,NA,NA,NA,NA,NA,2011,1989-10-15,NA,NA,NA,NA
"Chad Henne","KC","QB","9073","weighted",220.912380952381,61.9145847733297,0.343190476190476,0.562612101630044,1.09,1.98693282251402,18.0590476190476,19.0646655685319,0.965428571428571,1.75985478565528,0.012031746031746,0.0196259968606113,NA,NA,NA,NA,NA,NA,NA,NA,NA,NA,NA,NA,NA,NA,NA,NA,NA,NA,NA,NA,NA,NA,NA,NA,NA,NA,NA,NA,NA,NA,NA,NA,NA,NA,NA,NA,NA,NA,NA,NA,NA,NA,2008,1985-07-02,NA,NA,NA,NA
"Brian Hoyer","NE","QB","9714","weighted",0,NA,0,NA,0,NA,0,NA,0,NA,0.2,NA,NA,NA,NA,NA,NA,NA,NA,NA,NA,NA,NA,NA,NA,NA,NA,NA,NA,NA,NA,NA,NA,NA,NA,NA,NA,NA,NA,NA,NA,NA,NA,NA,NA,NA,NA,NA,NA,NA,NA,NA,NA,NA,2009,1985-10-31,NA,NA,NA,NA
"Mike White","NYJ","QB","13598","weighted",4,NA,0,NA,0,NA,0,NA,0,NA,0,NA,NA,NA,NA,NA,NA,NA,NA,NA,NA,NA,NA,NA,NA,NA,NA,NA,NA,NA,NA,NA,NA,NA,NA,NA,NA,NA,NA,NA,NA,NA,NA,NA,NA,NA,NA,NA,NA,NA,NA,NA,NA,NA,2018,1995-03-25,"Q","Ribs",2021,0
"Logan Woodside","TEN","QB","13846","weighted",113.56043956044,127.893351085864,0.866333666333666,0.802662989148462,0.424675324675325,0.7468136785063,15.5914085914086,16.4342443994765,0.130669330669331,0.229788824155785,0.0502797202797203,0.0464871456430548,NA,NA,NA,NA,NA,NA,NA,NA,NA,NA,NA,NA,NA,NA,NA,NA,NA,NA,NA,NA,NA,NA,NA,NA,NA,NA,NA,NA,NA,NA,NA,NA,NA,NA,NA,NA,NA,NA,NA,NA,NA,NA,2018,1995-01-27,NA,NA,NA,NA
"Marcus Mariota","LVR","QB","12141","weighted",143.494202898551,100.101264294721,0.618695652173913,0.488884287599171,0.642391304347826,0.477059691727627,25.7471014492754,19.5000512336709,0.0947826086956522,0.1965159733104,0.0171256038647343,0.0192492107051879,NA,NA,NA,NA,NA,NA,NA,NA,NA,NA,NA,NA,NA,NA,NA,NA,NA,NA,NA,NA,NA,NA,NA,NA,NA,NA,NA,NA,NA,NA,NA,NA,NA,NA,NA,NA,NA,NA,NA,NA,NA,NA,2015,1993-10-30,"Q","Quadriceps",2021,0
"Feleipe Franks","ATL","QB","15244","weighted",145,NA,1,NA,1,NA,3,NA,0,NA,0,NA,NA,NA,NA,NA,NA,NA,NA,NA,NA,NA,NA,NA,NA,NA,NA,NA,NA,NA,NA,NA,NA,NA,NA,NA,NA,NA,NA,NA,NA,NA,NA,NA,NA,NA,NA,NA,NA,NA,NA,NA,NA,NA,2021,1997-12-22,NA,NA,NA,NA
"John Wolford","LAR","QB","15035","weighted",119.504347826087,91.5028980927569,0.249275362318841,0.499814558971754,0.249275362318841,0.499814558971754,9.71594202898551,7.69791400039238,0,0,0.0171256038647343,0.0192492107051879,NA,NA,NA,NA,NA,NA,NA,NA,NA,NA,NA,NA,NA,NA,NA,NA,NA,NA,NA,NA,NA,NA,NA,NA,NA,NA,NA,NA,NA,NA,NA,NA,NA,NA,NA,NA,NA,NA,NA,NA,NA,NA,2018,1970-01-01,"Q","Appendix",2021,0
"Chase Daniel","LAC","QB","9706","weighted",84.7695652173913,84.3564885955086,0.249275362318841,0.499814558971754,0.296666666666667,0.47741902687373,4.9731884057971,9.35029976438658,0,0,0.0171256038647343,0.0192492107051879,NA,NA,NA,NA,NA,NA,NA,NA,NA,NA,NA,NA,NA,NA,NA,NA,NA,NA,NA,NA,NA,NA,NA,NA,NA,NA,NA,NA,NA,NA,NA,NA,NA,NA,NA,NA,NA,NA,NA,NA,NA,NA,2009,1986-10-07,"Q","Arm",2021,0
"Josh Rosen","ATL","QB","13591","weighted",117.426573426573,101.113654402751,0.474325674325674,0.506430713911332,0.702997002997003,0.605953741131755,2.09391608391608,12.347721699966,0,0,0.349250749250749,0.407244377049521,NA,NA,NA,NA,NA,NA,NA,NA,NA,NA,NA,NA,NA,NA,NA,NA,NA,NA,NA,NA,NA,NA,NA,NA,NA,NA,NA,NA,NA,NA,NA,NA,NA,NA,NA,NA,NA,NA,NA,NA,NA,NA,2018,1997-02-10,NA,NA,NA,NA
"Geno Smith","SEA","QB","11150","weighted",67.8781218781219,90.8550379290737,0.343656343656344,0.581737409921062,0,0,0.691878121878122,3.11006530796228,0,0,0.021978021978022,0.0383876969718292,NA,NA,NA,NA,NA,NA,NA,NA,NA,NA,NA,NA,NA,NA,NA,NA,NA,NA,NA,NA,NA,NA,NA,NA,NA,NA,NA,NA,NA,NA,NA,NA,NA,NA,NA,NA,NA,NA,NA,NA,NA,NA,2013,1990-10-10,NA,NA,NA,NA
"Dwayne Haskins","PIT","QB","14058","weighted",82.5444555444555,84.0415209459939,0.474325674325674,0.506430713911332,0.441658341658342,0.516776653956938,3.06088911088911,6.17675734858703,0.00653346653346653,0.0114894412077892,0.0873126873126873,0.10181109426238,NA,NA,NA,NA,NA,NA,NA,NA,NA,NA,NA,NA,NA,NA,NA,NA,NA,NA,NA,NA,NA,NA,NA,NA,NA,NA,NA,NA,NA,NA,NA,NA,NA,NA,NA,NA,NA,NA,NA,NA,NA,NA,2019,1970-01-01,NA,NA,NA,NA
"Case Keenum","CLE","QB","10948","weighted",79.6326086956522,67.7042978195907,0.270601449275362,0.487418221029967,0.249275362318841,0.499814558971754,2.73586231884058,6.90510485354929,0.0213260869565217,0.04421609399484,0.523285024154589,0.402876378302431,NA,NA,NA,NA,NA,NA,NA,NA,NA,NA,NA,NA,NA,NA,NA,NA,NA,NA,NA,NA,NA,NA,NA,NA,NA,NA,NA,NA,NA,NA,NA,NA,NA,NA,NA,NA,NA,NA,NA,NA,NA,NA,2012,1988-02-17,NA,NA,NA,NA
"Cooper Rush","DAL","QB","13124","weighted",108.600952380952,68.7813374027459,0.327619047619048,0.575378575250165,0,0,1.31047619047619,2.30151430100066,0,0,0.0983809523809524,0.0979803382068892,NA,NA,NA,NA,NA,NA,NA,NA,NA,NA,NA,NA,NA,NA,NA,NA,NA,NA,NA,NA,NA,NA,NA,NA,NA,NA,NA,NA,NA,NA,NA,NA,NA,NA,NA,NA,NA,NA,NA,NA,NA,NA,2017,NA,NA,NA,NA,NA
"Trace McSorley","BAL","QB","14061","weighted",0,NA,0,NA,0,NA,0,NA,0,NA,0,NA,NA,NA,NA,NA,NA,NA,NA,NA,NA,NA,NA,NA,NA,NA,NA,NA,NA,NA,NA,NA,NA,NA,NA,NA,NA,NA,NA,NA,NA,NA,NA,NA,NA,NA,NA,NA,NA,NA,NA,NA,NA,NA,2019,1970-01-01,NA,NA,NA,NA
"Ian Book","NO","QB","15246","weighted",92.5608308605341,38.1837661840736,0.510385756676558,0.707106781186548,0.510385756676558,0.707106781186548,16.2403560830861,17.6776695296637,0,0,0,0,NA,NA,NA,NA,NA,NA,NA,NA,NA,NA,NA,NA,NA,NA,NA,NA,NA,NA,NA,NA,NA,NA,NA,NA,NA,NA,NA,NA,NA,NA,NA,NA,NA,NA,NA,NA,NA,NA,NA,NA,NA,NA,2021,1970-01-01,NA,NA,NA,NA
"Jarrett Stidham","NE","QB","14063","weighted",65.6033966033966,58.1983079092657,0.604995004995005,0.529274531125022,0.392007992007992,0.689366472467354,2.71528471528472,3.07581826606478,0,0,0,0,NA,NA,NA,NA,NA,NA,NA,NA,NA,NA,NA,NA,NA,NA,NA,NA,NA,NA,NA,NA,NA,NA,NA,NA,NA,NA,NA,NA,NA,NA,NA,NA,NA,NA,NA,NA,NA,NA,NA,NA,NA,NA,2019,1996-08-08,NA,"Back",2021,0
"Chris Streveler","ARI","QB","15060","weighted",0,NA,0,NA,0,NA,0,NA,0,NA,0.2,NA,NA,NA,NA,NA,NA,NA,NA,NA,NA,NA,NA,NA,NA,NA,NA,NA,NA,NA,NA,NA,NA,NA,NA,NA,NA,NA,NA,NA,NA,NA,NA,NA,NA,NA,NA,NA,NA,NA,NA,NA,NA,NA,2019,1970-01-01,NA,NA,NA,NA
"Ryan Griffin","TB","QB","11441","weighted",0,NA,0,NA,0,NA,0,NA,0,NA,0,NA,NA,NA,NA,NA,NA,NA,NA,NA,NA,NA,NA,NA,NA,NA,NA,NA,NA,NA,NA,NA,NA,NA,NA,NA,NA,NA,NA,NA,NA,NA,NA,NA,NA,NA,NA,NA,NA,NA,NA,NA,NA,NA,2013,1989-11-17,NA,NA,NA,NA
"Joshua Dobbs","PIT","QB","13119","weighted",0,NA,0,NA,0,NA,0,NA,0,NA,0,NA,NA,NA,NA,NA,NA,NA,NA,NA,NA,NA,NA,NA,NA,NA,NA,NA,NA,NA,NA,NA,NA,NA,NA,NA,NA,NA,NA,NA,NA,NA,NA,NA,NA,NA,NA,NA,NA,NA,NA,NA,NA,NA,2017,1995-01-26,"IR","Toe",2021,0
"Nathan Peterman","LVR","QB","13127","weighted",0,NA,0,NA,0,NA,0,NA,0,NA,0,NA,NA,NA,NA,NA,NA,NA,NA,NA,NA,NA,NA,NA,NA,NA,NA,NA,NA,NA,NA,NA,NA,NA,NA,NA,NA,NA,NA,NA,NA,NA,NA,NA,NA,NA,NA,NA,NA,NA,NA,NA,NA,NA,2017,1994-05-04,NA,NA,NA,NA
"Easton Stick","LAC","QB","14069","weighted",0,NA,0,NA,0,NA,0,NA,0,NA,0,NA,NA,NA,NA,NA,NA,NA,NA,NA,NA,NA,NA,NA,NA,NA,NA,NA,NA,NA,NA,NA,NA,NA,NA,NA,NA,NA,NA,NA,NA,NA,NA,NA,NA,NA,NA,NA,NA,NA,NA,NA,NA,NA,2019,1995-09-09,NA,NA,NA,NA
"Ben DiNucci","DAL","QB","15008","weighted",0,NA,0,NA,0,NA,0,NA,0,NA,0,NA,NA,NA,NA,NA,NA,NA,NA,NA,NA,NA,NA,NA,NA,NA,NA,NA,NA,NA,NA,NA,NA,NA,NA,NA,NA,NA,NA,NA,NA,NA,NA,NA,NA,NA,NA,NA,NA,NA,NA,NA,NA,NA,2020,1970-01-01,NA,NA,NA,NA
"Derrick Henry","TEN","RB","12626","weighted",NA,NA,NA,NA,NA,NA,1789.50531574394,153.616345013992,15.0136819636678,1.5771361866171,3.02144982698962,0.466857074204859,0.53,0,NA,NA,23.5472361591696,2.50837212051816,163.444511245675,30.1283516420988,1.00376613321799,0.370902956103558,NA,NA,NA,NA,NA,NA,NA,NA,NA,NA,NA,NA,NA,NA,NA,NA,NA,NA,NA,NA,NA,NA,NA,NA,NA,NA,NA,NA,NA,NA,NA,NA,2016,1994-01-04,NA,NA,NA,NA
"Nick Chubb","CLE","RB","13610","weighted",NA,NA,NA,NA,NA,NA,1406.80679065744,209.933365920942,11.539169550173,2.10763276654028,2.091223183391,0.470375932878406,NA,NA,NA,NA,29.0595631487889,9.42443933632777,235.715034602076,65.5826774902888,1.05144896193772,0.531846413874311,NA,NA,NA,NA,NA,NA,NA,NA,NA,NA,NA,NA,NA,NA,NA,NA,NA,NA,NA,NA,NA,NA,NA,NA,NA,NA,NA,NA,NA,NA,NA,NA,2018,1995-12-27,NA,NA,NA,NA
"Dalvin Cook","MIN","RB","13128","weighted",NA,NA,NA,NA,NA,NA,1525.67664359862,69.1946335299332,13.5618960640138,1.88828453857654,2.98402508650519,0.589256771011787,1.59,2.39968429841664e-16,NA,NA,56.5219031141868,7.29270743601825,500.68884083045,69.9613284524975,2.17701397058823,1.21766658596291,NA,NA,NA,NA,NA,NA,NA,NA,NA,NA,NA,NA,NA,NA,NA,NA,NA,NA,NA,NA,NA,NA,NA,NA,NA,NA,NA,NA,NA,NA,NA,NA,2017,1995-08-10,NA,NA,NA,NA
"Christian McCaffrey","CAR","RB","13130","weighted",NA,NA,NA,NA,NA,NA,1291.28444204152,168.334227675945,12.0229813581315,2.08095449487699,2.05713667820069,1.08106810611001,0.53,0,NA,NA,97.1401859861592,11.6596982661101,820.39499567474,136.79299980433,4.93466570069204,0.984917452245398,NA,NA,NA,NA,NA,NA,NA,NA,NA,NA,NA,NA,NA,NA,NA,NA,NA,NA,NA,NA,NA,NA,NA,NA,NA,NA,NA,NA,NA,NA,NA,NA,2017,1996-06-07,NA,NA,NA,NA
"Damien Harris","NE","RB","14075","weighted",NA,NA,NA,NA,NA,NA,1105.40971020761,180.306225653675,7.83198196366782,1.71820069489542,1.24065743944637,0.887009292079894,0.12,0,NA,NA,15.0559948096886,8.38733859787348,128.89428633218,95.9400374105725,0.446439316608996,0.576584618578444,NA,NA,NA,NA,NA,NA,NA,NA,NA,NA,NA,NA,NA,NA,NA,NA,NA,NA,NA,NA,NA,NA,NA,NA,NA,NA,NA,NA,NA,NA,NA,NA,2019,1970-01-01,NA,NA,NA,NA
"Gus Edwards","BAL","RB","13850","weighted",NA,NA,NA,NA,NA,NA,1032.72116782007,227.635469134446,8.26933974913495,2.50741643003581,1.9811937716263,0.502830912903204,0.09,1.4998026865104e-17,NA,NA,15.7709515570934,5.2044520724558,143.489783737024,56.1458956653987,0.519600562283737,0.409214969809072,NA,NA,NA,NA,NA,NA,NA,NA,NA,NA,NA,NA,NA,NA,NA,NA,NA,NA,NA,NA,NA,NA,NA,NA,NA,NA,NA,NA,NA,NA,NA,NA,2018,1995-04-13,NA,NA,NA,NA
"Ezekiel Elliott","DAL","RB","12625","weighted",NA,NA,NA,NA,NA,NA,1248.49079584775,118.391006904565,9.4770847750865,1.86030092361791,3.23923875432526,0.420620181704369,NA,NA,NA,NA,54.8632006920415,8.45172124307969,422.161942041522,83.8988025266889,2.32545415224913,0.723080493066695,NA,NA,NA,NA,NA,NA,NA,NA,NA,NA,NA,NA,NA,NA,NA,NA,NA,NA,NA,NA,NA,NA,NA,NA,NA,NA,NA,NA,NA,NA,NA,NA,2016,1995-07-22,NA,NA,NA,NA
"Jonathan Taylor","IND","RB","14802","weighted",NA,NA,NA,NA,NA,NA,1214.80163062284,119.87190258574,10.7684560553633,2.61305819722833,1.57851643598616,0.72806233906826,0.1,1.4998026865104e-17,NA,NA,42.3547534602076,10.0139125487241,335.854961072664,93.314286398792,1.71189429065744,0.55939117598796,NA,NA,NA,NA,NA,NA,NA,NA,NA,NA,NA,NA,NA,NA,NA,NA,NA,NA,NA,NA,NA,NA,NA,NA,NA,NA,NA,NA,NA,NA,NA,NA,2020,1999-01-19,NA,NA,NA,NA
"Najee Harris","PIT","RB","15254","weighted",NA,NA,NA,NA,NA,NA,1124.06601211073,128.862383998348,8.39081855536332,1.62979994807176,2.4324178200692,1.3020380759371,0.17,0,NA,NA,50.635151384083,8.43616546755901,381.077781141868,64.1079662518892,2.22263732698962,0.672789365641012,NA,NA,NA,NA,NA,NA,NA,NA,NA,NA,NA,NA,NA,NA,NA,NA,NA,NA,NA,NA,NA,NA,NA,NA,NA,NA,NA,NA,NA,NA,NA,NA,2021,1970-01-01,NA,NA,NA,NA
"Antonio Gibson","WAS","RB","14852","weighted",NA,NA,NA,NA,NA,NA,1091.4046150519,164.043171556643,9.47440095155709,1.57114867425463,2.3568339100346,0.291656816609239,0.11,1.4998026865104e-17,NA,NA,47.5396583044983,6.60859270241138,347.032028546713,56.8278353592137,1.69666738754325,0.823657330513283,NA,NA,NA,NA,NA,NA,NA,NA,NA,NA,NA,NA,NA,NA,NA,NA,NA,NA,NA,NA,NA,NA,NA,NA,NA,NA,NA,NA,NA,NA,NA,NA,2020,1970-01-01,NA,NA,NA,NA
"Alvin Kamara","NO","RB","13132","weighted",NA,NA,NA,NA,NA,NA,1018.81329584775,175.01712579297,11.370921150519,1.78781515012384,1.48804757785467,0.816106896090877,0.53,0,NA,NA,84.887071799308,3.94607581247253,716.64865916955,73.3651663978127,4.21593438581315,1.93960953692419,NA,NA,NA,NA,NA,NA,NA,NA,NA,NA,NA,NA,NA,NA,NA,NA,NA,NA,NA,NA,NA,NA,NA,NA,NA,NA,NA,NA,NA,NA,NA,NA,2017,1995-07-25,NA,NA,NA,NA
"Aaron Jones","GB","RB","13319","weighted",NA,NA,NA,NA,NA,NA,1201.55077422145,87.2344990088254,10.4875505190311,1.52264810755757,1.85877162629758,0.702286911958512,NA,NA,NA,NA,51.9356185121107,4.40159844244793,408.595108131488,45.0016947276162,2.49445207612457,0.619780444123664,NA,NA,NA,NA,NA,NA,NA,NA,NA,NA,NA,NA,NA,NA,NA,NA,NA,NA,NA,NA,NA,NA,NA,NA,NA,NA,NA,NA,NA,NA,NA,NA,2017,1994-12-02,NA,NA,NA,NA
"Saquon Barkley","NYG","RB","13604","weighted",NA,NA,NA,NA,NA,NA,1176.40204152249,97.0955489903232,9.18125341695502,2.15654620582419,1.73784602076125,0.701353024568332,0.54,1.19984214920832e-16,NA,NA,57.7921150519031,7.82365589727094,468.767210207612,58.5560669741253,2.61401042387543,0.992725402269487,NA,NA,NA,NA,NA,NA,NA,NA,NA,NA,NA,NA,NA,NA,NA,NA,NA,NA,NA,NA,NA,NA,NA,NA,NA,NA,NA,NA,NA,NA,NA,NA,2018,1997-02-09,"Q","Knee - ACL + MCL",2021,0
"Joe Mixon","CIN","RB","13131","weighted",NA,NA,NA,NA,NA,NA,1189.27229238754,61.1016884681456,8.37006474913495,1.7542706141916,1.61789792387543,0.754207453695482,NA,NA,NA,NA,48.2417603806228,5.62290629330792,366.404697231834,45.2205592915548,2.6876990916955,1.17541090442537,NA,NA,NA,NA,NA,NA,NA,NA,NA,NA,NA,NA,NA,NA,NA,NA,NA,NA,NA,NA,NA,NA,NA,NA,NA,NA,NA,NA,NA,NA,NA,NA,2017,1996-07-24,NA,NA,NA,NA
"Chris Carson","SEA","RB","13364","weighted",NA,NA,NA,NA,NA,NA,1073.3933650519,118.727091250903,7.33032720588235,0.838603484442038,1.59515916955017,0.77308181421119,0.53,0,NA,NA,43.9523486159169,3.61591726110308,328.97884083045,25.985369070884,2.49713819204152,0.450830978927306,NA,NA,NA,NA,NA,NA,NA,NA,NA,NA,NA,NA,NA,NA,NA,NA,NA,NA,NA,NA,NA,NA,NA,NA,NA,NA,NA,NA,NA,NA,NA,NA,2017,1994-09-16,NA,NA,NA,NA
"Josh Jacobs","LVR","RB","14073","weighted",NA,NA,NA,NA,NA,NA,1107.70226211073,156.160687434376,9.16145142733564,1.83723397207988,1.94959083044983,0.559553470342346,0.02,0,NA,NA,31.0744333910035,5.25914574896164,233.521492214533,50.4473393256482,0.750049437716263,0.538766817741678,NA,NA,NA,NA,NA,NA,NA,NA,NA,NA,NA,NA,NA,NA,NA,NA,NA,NA,NA,NA,NA,NA,NA,NA,NA,NA,NA,NA,NA,NA,NA,NA,2019,1998-02-11,NA,NA,NA,NA
"David Montgomery","CHI","RB","14071","weighted",NA,NA,NA,NA,NA,NA,1070.15805363322,109.306773747143,8.17800925605536,1.56965766194158,1.6890830449827,0.663153474967411,0.58,1.19984214920832e-16,NA,NA,42.7718339100346,4.92480783364152,344.590916955017,60.7671883927228,1.61647171280277,0.479004790853813,NA,NA,NA,NA,NA,NA,NA,NA,NA,NA,NA,NA,NA,NA,NA,NA,NA,NA,NA,NA,NA,NA,NA,NA,NA,NA,NA,NA,NA,NA,NA,NA,2019,1997-06-07,NA,NA,NA,NA
"Miles Sanders","PHI","RB","14079","weighted",NA,NA,NA,NA,NA,NA,1077.09452422145,93.3259154345268,7.13352210207612,1.82339185059091,1.80635034602076,0.149562486994219,1.11,2.39968429841664e-16,NA,NA,41.8805017301038,5.78623097246913,342.882789792387,61.7979325348982,1.48552201557093,0.569196270877986,NA,NA,NA,NA,NA,NA,NA,NA,NA,NA,NA,NA,NA,NA,NA,NA,NA,NA,NA,NA,NA,NA,NA,NA,NA,NA,NA,NA,NA,NA,NA,NA,2019,1970-01-01,NA,NA,NA,NA
"Melvin Gordon","DEN","RB","12151","weighted",NA,NA,NA,NA,NA,NA,845.856859861592,224.640178720958,6.9770357266436,2.18026310378855,3.03635813148789,0.366187288623505,NA,NA,NA,NA,27.2297015570934,7.02715498916105,187.14928633218,52.9192750181922,0.98477223183391,0.185143319023624,NA,NA,NA,NA,NA,NA,NA,NA,NA,NA,NA,NA,NA,NA,NA,NA,NA,NA,NA,NA,NA,NA,NA,NA,NA,NA,NA,NA,NA,NA,NA,NA,2015,1993-04-13,NA,NA,NA,NA
"J.K. Dobbins","BAL","RB","14800","weighted",NA,NA,NA,NA,NA,NA,0,NA,0,NA,2,NA,NA,NA,NA,NA,0,NA,0,NA,0,NA,NA,NA,NA,NA,NA,NA,NA,NA,NA,NA,NA,NA,NA,NA,NA,NA,NA,NA,NA,NA,NA,NA,NA,NA,NA,NA,NA,NA,NA,NA,NA,NA,2020,1998-12-17,"IR","Knee - ACL",2021,0
"Clyde Edwards-Helaire","KC","RB","14803","weighted",NA,NA,NA,NA,NA,NA,1022.60582179931,79.7674379838006,7.39345635813149,1.17650694115795,1.7059580449827,0.729410488050408,0.09,1.4998026865104e-17,NA,NA,49.5220674740484,6.17833624518373,386.772932525951,40.6003030011933,2.11453672145329,0.815622458579221,NA,NA,NA,NA,NA,NA,NA,NA,NA,NA,NA,NA,NA,NA,NA,NA,NA,NA,NA,NA,NA,NA,NA,NA,NA,NA,NA,NA,NA,NA,NA,NA,2020,1970-01-01,"Q","Ankle",2021,0
"James Robinson","JAC","RB","14813","weighted",NA,NA,NA,NA,NA,NA,1039.71916522491,95.4037440767072,7.14545601211073,1.2025119154545,1.68101211072664,0.683189236531655,0.63,0,NA,NA,47.4703157439446,5.82210254669265,339.839623702422,32.6232758149253,2.11356647923875,0.651997478579999,NA,NA,NA,NA,NA,NA,NA,NA,NA,NA,NA,NA,NA,NA,NA,NA,NA,NA,NA,NA,NA,NA,NA,NA,NA,NA,NA,NA,NA,NA,NA,NA,2020,1970-01-01,NA,NA,NA,NA
"Mike Davis","ATL","RB","12164","weighted",NA,NA,NA,NA,NA,NA,918.007482698962,154.247275810839,7.14544779411765,1.71564093201342,1.55018598615917,0.746407224716421,0.05,7.49901343255201e-18,NA,NA,51.5899221453287,12.9637575371881,332.9975,90.3635816790321,1.60016639273356,0.889440881318045,NA,NA,NA,NA,NA,NA,NA,NA,NA,NA,NA,NA,NA,NA,NA,NA,NA,NA,NA,NA,NA,NA,NA,NA,NA,NA,NA,NA,NA,NA,NA,NA,2015,1993-02-19,NA,NA,NA,NA
"D'Andre Swift","DET","RB","14797","weighted",NA,NA,NA,NA,NA,NA,907.170938581315,157.519971689875,8.62068654844291,2.04687054962417,2.94318771626298,0.0817683681928382,0.15,0,NA,NA,56.8615224913495,7.92151449211032,440.279896193772,85.9038946717537,2.19444753460208,0.291997994214198,NA,NA,NA,NA,NA,NA,NA,NA,NA,NA,NA,NA,NA,NA,NA,NA,NA,NA,NA,NA,NA,NA,NA,NA,NA,NA,NA,NA,NA,NA,NA,NA,2020,1999-01-14,"Q","Groin",2021,0
"Raheem Mostert","SF","RB","12447","weighted",NA,NA,NA,NA,NA,NA,888.857906574394,121.832659503735,7.16332106401384,1.49991257103237,1.82424740484429,0.135180104198399,0.13,2.99960537302081e-17,NA,NA,24.5963365051903,3.55024977969821,212.299221453287,25.3327995220855,1.46434762110727,0.693226835255275,NA,NA,NA,NA,NA,NA,NA,NA,NA,NA,NA,NA,NA,NA,NA,NA,NA,NA,NA,NA,NA,NA,NA,NA,NA,NA,NA,NA,NA,NA,NA,NA,NA,NA,NA,NA,NA,NA
"Javonte Williams","DEN","RB","15256","weighted",NA,NA,NA,NA,NA,NA,764.148256920415,229.165849654673,5.13764770761246,1.9150480337641,1.20980968858131,0.947427481832021,0.05,7.49901343255201e-18,NA,NA,30.3127076124567,9.57435544798255,227.066038062284,73.8112782657588,1.30381855536332,0.568693563911097,NA,NA,NA,NA,NA,NA,NA,NA,NA,NA,NA,NA,NA,NA,NA,NA,NA,NA,NA,NA,NA,NA,NA,NA,NA,NA,NA,NA,NA,NA,NA,NA,2021,2000-04-25,NA,NA,NA,NA
"Ronald Jones","TB","RB","13606","weighted",NA,NA,NA,NA,NA,NA,778.111059688581,126.395484057403,6.04454364186851,1.35521221318405,1.59331314878893,0.653919785138857,0.05,7.49901343255201e-18,NA,NA,22.5935164359862,8.7180650795916,158.023594290657,68.1741998827297,0.702796323529412,0.682773506102616,NA,NA,NA,NA,NA,NA,NA,NA,NA,NA,NA,NA,NA,NA,NA,NA,NA,NA,NA,NA,NA,NA,NA,NA,NA,NA,NA,NA,NA,NA,NA,NA,2018,1997-08-03,NA,NA,NA,NA
"Darrell Henderson","LAR","RB","14087","weighted",NA,NA,NA,NA,NA,NA,881.472616782007,109.873656074765,6.67904844290657,1.53461121470246,1.48464532871972,0.248437360412544,0.11,1.4998026865104e-17,NA,NA,29.0200605536332,5.20462553945453,243.111453287197,28.7043973073271,1.35304065743945,0.446897518641466,NA,NA,NA,NA,NA,NA,NA,NA,NA,NA,NA,NA,NA,NA,NA,NA,NA,NA,NA,NA,NA,NA,NA,NA,NA,NA,NA,NA,NA,NA,NA,NA,2019,1970-01-01,"Q","Thumb",2021,0
"Austin Ekeler","LAC","RB","13404","weighted",NA,NA,NA,NA,NA,NA,847.694489619377,123.060318931674,4.20045899653979,2.10208071621372,0.972336505190311,0.591791437039754,0.06,0,NA,NA,87.9660121107266,12.3995373953403,770.088793252595,132.117941695443,5.06652197231834,1.36631750841167,NA,NA,NA,NA,NA,NA,NA,NA,NA,NA,NA,NA,NA,NA,NA,NA,NA,NA,NA,NA,NA,NA,NA,NA,NA,NA,NA,NA,NA,NA,NA,NA,NA,NA,NA,NA,NA,NA
"Myles Gaskin","MIA","RB","14081","weighted",NA,NA,NA,NA,NA,NA,851.252487024221,113.32899086434,5.7848919982699,1.63252167078726,2.59717128027682,0.190982811823159,0.14,2.99960537302081e-17,NA,NA,49.3874783737024,6.41120860487556,420.467374567474,95.7401325904061,2.04037184256055,0.421504511685509,NA,NA,NA,NA,NA,NA,NA,NA,NA,NA,NA,NA,NA,NA,NA,NA,NA,NA,NA,NA,NA,NA,NA,NA,NA,NA,NA,NA,NA,NA,NA,NA,2019,1970-01-01,NA,NA,NA,NA
"Kenyan Drake","LVR","RB","12630","weighted",NA,NA,NA,NA,NA,NA,527.033274221453,96.2489506669353,4.35940432525951,1.41768346593544,1.16246020761246,0.497704929959312,0.59,1.19984214920832e-16,NA,NA,31.5993814878893,7.16619152007428,211.099381487889,46.5276733173024,0.567645847750865,0.552708080610486,NA,NA,NA,NA,NA,NA,NA,NA,NA,NA,NA,NA,NA,NA,NA,NA,NA,NA,NA,NA,NA,NA,NA,NA,NA,NA,NA,NA,NA,NA,NA,NA,2016,NA,NA,NA,NA,NA
"Ty'Son Williams","BAL","RB","15040","weighted",NA,NA,NA,NA,NA,NA,720.371848739496,164.058917666023,3.77966228991597,1.2393881715743,1.42839635854342,1.55847773211899,NA,NA,NA,NA,15.3281512605042,10.5552730382057,128.701680672269,75.6444348764147,0.7573125,0.692970885977564,NA,NA,NA,NA,NA,NA,NA,NA,NA,NA,NA,NA,NA,NA,NA,NA,NA,NA,NA,NA,NA,NA,NA,NA,NA,NA,NA,NA,NA,NA,NA,NA,2020,1970-01-01,NA,NA,NA,NA
"Trey Sermon","SF","RB","15257","weighted",NA,NA,NA,NA,NA,NA,656.335657439446,194.831295281401,5.70612889273356,2.16603996904166,1.44769031141868,0.801143644864323,0.05,7.49901343255201e-18,NA,NA,19.3226557093426,5.05491391471856,153.837214532872,52.2924613894112,1.36088667820069,1.22538155014989,NA,NA,NA,NA,NA,NA,NA,NA,NA,NA,NA,NA,NA,NA,NA,NA,NA,NA,NA,NA,NA,NA,NA,NA,NA,NA,NA,NA,NA,NA,NA,NA,2021,1970-01-01,NA,NA,NA,NA
"Chase Edmonds","ARI","RB","13726","weighted",NA,NA,NA,NA,NA,NA,735.299178200692,87.8914729668897,4.49914939446367,1.94291705676189,1.00735294117647,0.582157870976745,0.15,0,NA,NA,55.8733607266436,6.92860675600259,434.479584775086,76.3606282028539,3.14362742214533,0.710408766784884,NA,NA,NA,NA,NA,NA,NA,NA,NA,NA,NA,NA,NA,NA,NA,NA,NA,NA,NA,NA,NA,NA,NA,NA,NA,NA,NA,NA,NA,NA,NA,NA,2018,1996-04-13,NA,NA,NA,NA
"Sony Michel","LAR","RB","13607","weighted",NA,NA,NA,NA,NA,NA,688.478135813149,133.956320971912,4.34388897058824,1.08762541388275,0.910389273356401,0.534653216220895,0.03,0,NA,NA,14.3813624567474,4.28535638362241,121.684251730104,41.9156786547262,0.496413797577855,0.418755038864097,NA,NA,NA,NA,NA,NA,NA,NA,NA,NA,NA,NA,NA,NA,NA,NA,NA,NA,NA,NA,NA,NA,NA,NA,NA,NA,NA,NA,NA,NA,NA,NA,2018,1995-02-17,NA,NA,NA,NA
"Kareem Hunt","CLE","RB","13138","weighted",NA,NA,NA,NA,NA,NA,717.464718858131,106.676741986264,5.87574368512111,1.55096267084816,0.983693771626298,0.582736200486963,0.02,0,NA,NA,39.0088019031142,6.51044483822659,312.469779411765,46.9969406579074,2.4965097750865,0.783726217662479,NA,NA,NA,NA,NA,NA,NA,NA,NA,NA,NA,NA,NA,NA,NA,NA,NA,NA,NA,NA,NA,NA,NA,NA,NA,NA,NA,NA,NA,NA,NA,NA,2017,1995-08-06,NA,NA,NA,NA
"David Johnson","HOU","RB","12171","weighted",NA,NA,NA,NA,NA,NA,477.185826124567,170.590409689239,3.94766033737024,1.70043732075851,0.867560553633218,0.0647543312504305,0.03,0,NA,NA,31.7893295847751,6.66758330132483,285.551384083045,60.4156847718174,1.78397893598616,0.706670171311395,NA,NA,NA,NA,NA,NA,NA,NA,NA,NA,NA,NA,NA,NA,NA,NA,NA,NA,NA,NA,NA,NA,NA,NA,NA,NA,NA,NA,NA,NA,NA,NA,2015,1991-12-16,NA,NA,NA,NA
"Zack Moss","BUF","RB","14798","weighted",NA,NA,NA,NA,NA,NA,654.763365051903,109.476004246253,5.32725185986159,1.42906877940664,0.836634948096886,0.591793566721356,0.03,0,NA,NA,21.5265224913495,7.84461222838001,151.053685121107,59.0979953580064,0.923816479238754,0.171344338368882,NA,NA,NA,NA,NA,NA,NA,NA,NA,NA,NA,NA,NA,NA,NA,NA,NA,NA,NA,NA,NA,NA,NA,NA,NA,NA,NA,NA,NA,NA,NA,NA,2020,1970-01-01,NA,NA,NA,NA
"Phillip Lindsay","HOU","RB","13614","weighted",NA,NA,NA,NA,NA,NA,576.029736159169,168.926702966744,3.12151578719723,1.45247980166614,1.0182223183391,0.493006584738883,0.01,0,NA,NA,21.8894506920415,8.43847296828509,133.710285467128,52.9105162992238,0.465681444636678,0.366459176638325,NA,NA,NA,NA,NA,NA,NA,NA,NA,NA,NA,NA,NA,NA,NA,NA,NA,NA,NA,NA,NA,NA,NA,NA,NA,NA,NA,NA,NA,NA,NA,NA,2018,1994-07-24,NA,NA,NA,NA
"Leonard Fournette","TB","RB","13129","weighted",NA,NA,NA,NA,NA,NA,676.598771626298,73.9198712382712,5.9353071799308,1.41681656850243,1.14904844290657,0.444320226517624,0.04,0,NA,NA,30.9902595155709,15.5551124237864,225.814078719723,120.581625891581,1.07292811418685,0.619957915018925,NA,NA,NA,NA,NA,NA,NA,NA,NA,NA,NA,NA,NA,NA,NA,NA,NA,NA,NA,NA,NA,NA,NA,NA,NA,NA,NA,NA,NA,NA,NA,NA,2017,1996-07-06,NA,NA,NA,NA
"Devin Singletary","BUF","RB","14080","weighted",NA,NA,NA,NA,NA,NA,612.267171280277,128.899468550174,2.95419987024221,0.611107525345262,1.26473615916955,0.438818617256112,0.03,0,NA,NA,35.0820458477509,6.09417444351806,253.075281141868,48.6210168611108,1.01926898788927,0.516223096142312,NA,NA,NA,NA,NA,NA,NA,NA,NA,NA,NA,NA,NA,NA,NA,NA,NA,NA,NA,NA,NA,NA,NA,NA,NA,NA,NA,NA,NA,NA,NA,NA,2019,1997-09-03,NA,NA,NA,NA
"Michael Carter","NYJ","RB","15258","weighted",NA,NA,NA,NA,NA,NA,524.691888153939,181.809611688036,3.38535009019844,1.19504615977864,1.20724594107035,0.587426161503343,0.05,0,NA,NA,26.83832230908,9.86515506574692,209.22651232712,85.8261836045219,1.08373589897775,0.582170899282183,NA,NA,NA,NA,NA,NA,NA,NA,NA,NA,NA,NA,NA,NA,NA,NA,NA,NA,NA,NA,NA,NA,NA,NA,NA,NA,NA,NA,NA,NA,NA,NA,2021,1999-05-07,"Q","Undisclosed",2021,0
"AJ Dillon","GB","RB","14805","weighted",NA,NA,NA,NA,NA,NA,578.034762110727,133.557484099545,3.957198183391,1.80060944357579,0.924662629757785,0.564408155872857,0.03,0,NA,NA,11.3416868512111,6.5017814714497,84.8470415224913,53.8320610513872,0.365989532871972,0.473282502342898,NA,NA,NA,NA,NA,NA,NA,NA,NA,NA,NA,NA,NA,NA,NA,NA,NA,NA,NA,NA,NA,NA,NA,NA,NA,NA,NA,NA,NA,NA,NA,NA,2020,1998-05-02,NA,NA,NA,NA
"James Conner","ARI","RB","13146","weighted",NA,NA,NA,NA,NA,NA,599.218347750865,119.558162151845,4.72713053633218,1.033682678092,1.03824394463668,0.501810232758338,0.03,0,NA,NA,26.2763321799308,10.5574238771342,181.348386678201,73.8939346753083,0.966649740484429,0.628542658998127,NA,NA,NA,NA,NA,NA,NA,NA,NA,NA,NA,NA,NA,NA,NA,NA,NA,NA,NA,NA,NA,NA,NA,NA,NA,NA,NA,NA,NA,NA,NA,NA,2017,1995-05-05,NA,NA,NA,NA
"JaMycal Hasty","SF","RB","14821","weighted",NA,NA,NA,NA,NA,NA,341.202173123487,247.69115461103,1.91523607748184,1.40350526439139,1.01260290556901,0.624014377684469,0.04,7.75839755095069e-18,NA,NA,11.9260895883777,4.33153964708766,78.2766646489104,34.1516161017098,0.309037530266344,0.419446913929683,NA,NA,NA,NA,NA,NA,NA,NA,NA,NA,NA,NA,NA,NA,NA,NA,NA,NA,NA,NA,NA,NA,NA,NA,NA,NA,NA,NA,NA,NA,NA,NA,2020,1970-01-01,NA,NA,NA,NA
"Tevin Coleman","NYJ","RB","12152","weighted",NA,NA,NA,NA,NA,NA,524.657439684884,94.9085614132064,3.54606105366814,0.941784229077397,0.963728869194157,0.63143255398863,NA,NA,NA,NA,21.8301378631216,4.58528652577043,159.608340718858,37.6491776959602,0.71575086164451,0.404032311862665,NA,NA,NA,NA,NA,NA,NA,NA,NA,NA,NA,NA,NA,NA,NA,NA,NA,NA,NA,NA,NA,NA,NA,NA,NA,NA,NA,NA,NA,NA,NA,NA,2015,1993-04-16,NA,NA,NA,NA
"Justin Jackson","LAC","RB","13620","weighted",NA,NA,NA,NA,NA,NA,446.011797144264,123.197855390875,2.07738552437223,0.727247244994067,0.922672328902019,0.617649386022235,0.02,0,NA,NA,22.1349384539636,8.4906792810249,170.857351058592,64.2483621578018,0.383604135893648,0.439370364487438,NA,NA,NA,NA,NA,NA,NA,NA,NA,NA,NA,NA,NA,NA,NA,NA,NA,NA,NA,NA,NA,NA,NA,NA,NA,NA,NA,NA,NA,NA,NA,NA,2018,1995-04-22,NA,NA,NA,NA
"Alexander Mattison","MIN","RB","14223","weighted",NA,NA,NA,NA,NA,NA,513.059329584775,108.470909543479,2.76001081314879,0.701305862999265,0.950086505190311,0.513576480734966,0.01,0,NA,NA,17.6294333910035,3.85250065089061,145.144489619377,31.9999493854537,0.698194204152249,0.564570382039495,NA,NA,NA,NA,NA,NA,NA,NA,NA,NA,NA,NA,NA,NA,NA,NA,NA,NA,NA,NA,NA,NA,NA,NA,NA,NA,NA,NA,NA,NA,NA,NA,2019,NA,"Q","Undisclosed",2021,0
"Jeffery Wilson","SF","RB","14017","weighted",NA,NA,NA,NA,NA,NA,503.889716840536,201.525432638166,5.60819672131147,2.33345237791561,0.805067064083458,0.282842712474619,NA,NA,NA,NA,10.4327868852459,9.33380951166243,102.119225037258,77.0746391493337,2.07213114754098,1.5556349186104,NA,NA,NA,NA,NA,NA,NA,NA,NA,NA,NA,NA,NA,NA,NA,NA,NA,NA,NA,NA,NA,NA,NA,NA,NA,NA,NA,NA,NA,NA,NA,NA,2018,1970-01-01,NA,"Knee - Meniscus",2021,0
"Latavius Murray","NO","RB","11390","weighted",NA,NA,NA,NA,NA,NA,511.80888030888,155.575900846149,3.17364864864865,1.10281654281432,0,0,NA,NA,NA,NA,23.067471042471,3.98825852876177,164.444980694981,31.0408084504828,1.25250965250965,0.455922263094035,NA,NA,NA,NA,NA,NA,NA,NA,NA,NA,NA,NA,NA,NA,NA,NA,NA,NA,NA,NA,NA,NA,NA,NA,NA,NA,NA,NA,NA,NA,NA,NA,2013,1990-01-18,NA,NA,NA,NA
"Marlon Mack","IND","RB","13234","weighted",NA,NA,NA,NA,NA,NA,441.84607266436,129.028819241009,3.51495173010381,1.12492095966926,0.444000865051903,0.300393796081383,0.89,1.19984214920832e-16,NA,NA,12.3168598615917,3.86023732368238,85.51,27.5899982186354,0.1962723183391,0.264088436475109,NA,NA,NA,NA,NA,NA,NA,NA,NA,NA,NA,NA,NA,NA,NA,NA,NA,NA,NA,NA,NA,NA,NA,NA,NA,NA,NA,NA,NA,NA,NA,NA,2017,NA,NA,NA,NA,NA
"Mark Ingram","HOU","RB","10276","weighted",NA,NA,NA,NA,NA,NA,435.727882816347,101.831056576729,3.21794190054161,1.24523464196671,1.0207717872969,0.366688374023194,0.69,0,NA,NA,15.6134268833087,9.2192455938091,142.100182176268,105.779129904105,0.704687346134909,0.754511843485449,NA,NA,NA,NA,NA,NA,NA,NA,NA,NA,NA,NA,NA,NA,NA,NA,NA,NA,NA,NA,NA,NA,NA,NA,NA,NA,NA,NA,NA,NA,NA,NA,2011,1989-12-21,NA,NA,NA,NA
"Darrel Williams","KC","RB","13623","weighted",NA,NA,NA,NA,NA,NA,367.198667820069,136.40266627873,2.97572288062284,1.50822499697484,0.57185553633218,0.296978051320196,0.01,0,NA,NA,20.1165743944637,5.2044853640044,142.235475778547,33.8318301791207,0.531011548442907,0.429897221492329,NA,NA,NA,NA,NA,NA,NA,NA,NA,NA,NA,NA,NA,NA,NA,NA,NA,NA,NA,NA,NA,NA,NA,NA,NA,NA,NA,NA,NA,NA,NA,NA,2018,NA,"Q","Head",2021,0
"Ty Johnson","NYJ","RB","14095","weighted",NA,NA,NA,NA,NA,NA,431.955134083045,140.237395621382,2.33268261245675,1.07835810783726,0.655155709342561,0.654802624844802,0.01,0,NA,NA,22.2291089965398,5.9621044991332,142.303538062284,48.7907993194053,0.704298356401384,0.587695801870004,NA,NA,NA,NA,NA,NA,NA,NA,NA,NA,NA,NA,NA,NA,NA,NA,NA,NA,NA,NA,NA,NA,NA,NA,NA,NA,NA,NA,NA,NA,NA,NA,2019,1997-09-17,NA,NA,NA,NA
"Rhamondre Stevenson","NE","RB","15259","weighted",NA,NA,NA,NA,NA,NA,440.391336359052,131.537655377063,2.94067856782653,1.78901617155343,0.964464615901832,0.639294181956384,NA,NA,NA,NA,11.9533938477055,4.84824919683363,88.6247503782148,43.047727621553,0.370294704992436,0.381824408761916,NA,NA,NA,NA,NA,NA,NA,NA,NA,NA,NA,NA,NA,NA,NA,NA,NA,NA,NA,NA,NA,NA,NA,NA,NA,NA,NA,NA,NA,NA,NA,NA,2021,1998-02-23,NA,NA,NA,NA
"Jordan Wilkins","IND","RB","13789","weighted",NA,NA,NA,NA,NA,NA,258.850037792895,242.805244192698,1.24288737717309,1.10131780312516,0.123431594860166,0.126175322934074,NA,NA,NA,NA,12.007649281935,15.4838822246293,94.9782766439909,126.820116809361,0.0413756613756614,0.0842456623006893,NA,NA,NA,NA,NA,NA,NA,NA,NA,NA,NA,NA,NA,NA,NA,NA,NA,NA,NA,NA,NA,NA,NA,NA,NA,NA,NA,NA,NA,NA,NA,NA,2018,1994-07-18,NA,NA,NA,NA
"Kenneth Gainwell","PHI","RB","15255","weighted",NA,NA,NA,NA,NA,NA,229.262841695502,191.561229693384,1.40053079584775,1.30504131838094,0.879087370242214,0.574990038198385,0.05,7.49901343255201e-18,NA,NA,16.945428200692,11.604715111412,127.301358131488,95.1247910847436,0.627172491349481,0.658180276603905,NA,NA,NA,NA,NA,NA,NA,NA,NA,NA,NA,NA,NA,NA,NA,NA,NA,NA,NA,NA,NA,NA,NA,NA,NA,NA,NA,NA,NA,NA,NA,NA,2021,1999-03-14,NA,NA,NA,NA
"Jamaal Williams","DET","RB","13139","weighted",NA,NA,NA,NA,NA,NA,542.250942906574,43.1550395889256,3.56586219723183,0.825128766737844,1.14904844290657,0.444320226517624,0.53,0,NA,NA,31.7249826989619,9.40522044976891,231.328728373702,57.2230102618045,1.04853226643599,0.448173740833702,NA,NA,NA,NA,NA,NA,NA,NA,NA,NA,NA,NA,NA,NA,NA,NA,NA,NA,NA,NA,NA,NA,NA,NA,NA,NA,NA,NA,NA,NA,NA,NA,2017,NA,NA,NA,NA,NA
"Tony Pollard","DAL","RB","14085","weighted",NA,NA,NA,NA,NA,NA,489.327019896194,82.5835706671379,3.21303711072664,0.664988669377192,0.879459342560554,0.600467502669469,0.56,1.19984214920832e-16,NA,NA,29.6644290657439,8.18084647452151,220.578295847751,76.7144982903021,1.20041444636678,0.43197980452747,NA,NA,NA,NA,NA,NA,NA,NA,NA,NA,NA,NA,NA,NA,NA,NA,NA,NA,NA,NA,NA,NA,NA,NA,NA,NA,NA,NA,NA,NA,NA,NA,2019,1997-04-30,NA,NA,NA,NA
"Wayne Gallman","SF","RB","13135","weighted",NA,NA,NA,NA,NA,NA,405.978020679468,110.549419114388,2.96940423436731,1.22648054256822,0.667843426883309,0.194453384296966,NA,NA,NA,NA,16.409827671098,6.08990676151599,112.751482028557,46.0922883761291,0.355420974889217,0.426589716978109,NA,NA,NA,NA,NA,NA,NA,NA,NA,NA,NA,NA,NA,NA,NA,NA,NA,NA,NA,NA,NA,NA,NA,NA,NA,NA,NA,NA,NA,NA,NA,NA,2017,1994-10-01,NA,NA,NA,NA
"Tony Jones","NO","RB","14828","weighted",NA,NA,NA,NA,NA,NA,356.358867469879,155.089233818652,2.08184030120482,1.72830904921239,0.818168674698795,0.712963259520557,0.05,7.76671093784888e-18,NA,NA,19.3005180722892,4.96747754021647,141.725253012048,38.9455566255994,0.822207891566265,0.562175425623472,NA,NA,NA,NA,NA,NA,NA,NA,NA,NA,NA,NA,NA,NA,NA,NA,NA,NA,NA,NA,NA,NA,NA,NA,NA,NA,NA,NA,NA,NA,NA,NA,2020,NA,NA,NA,NA,NA
"Malcolm Brown","MIA","RB","12386","weighted",NA,NA,NA,NA,NA,NA,396.077128027682,115.540397329151,3.95045099480969,1.42536605825866,0.843901384083045,0.0796997321479109,NA,NA,NA,NA,16.1141825259516,6.37754841090189,108.232841695502,51.4866205473748,0.182204714532872,0.263112958175545,NA,NA,NA,NA,NA,NA,NA,NA,NA,NA,NA,NA,NA,NA,NA,NA,NA,NA,NA,NA,NA,NA,NA,NA,NA,NA,NA,NA,NA,NA,NA,NA,2015,1993-05-15,NA,NA,NA,NA
"LeVeon Bell","FA","RB","11192","weighted",NA,NA,NA,NA,NA,NA,346.647378580324,159.748754947214,2.12817278953923,0.917432585870471,0,0,0.04,0,NA,NA,16.8936861768369,8.95426328978625,126.742353673724,69.4284528492711,0.542898194271482,0.546389468181144,NA,NA,NA,NA,NA,NA,NA,NA,NA,NA,NA,NA,NA,NA,NA,NA,NA,NA,NA,NA,NA,NA,NA,NA,NA,NA,NA,NA,NA,NA,NA,NA,2013,1992-08-18,NA,NA,NA,NA
"Rashaad Penny","SEA","RB","13608","weighted",NA,NA,NA,NA,NA,NA,433.455103806228,72.7775746143376,3.33738096885813,0.631917889918951,0.591699826989619,0.287163363782939,0.01,0,NA,NA,14.8867128027682,4.48388732806475,124.613330449827,52.7345997291843,0.695841349480969,0.401380340277186,NA,NA,NA,NA,NA,NA,NA,NA,NA,NA,NA,NA,NA,NA,NA,NA,NA,NA,NA,NA,NA,NA,NA,NA,NA,NA,NA,NA,NA,NA,NA,NA,2018,1996-02-02,NA,NA,NA,NA
"Damien Williams","CHI","RB","11886","weighted",NA,NA,NA,NA,NA,NA,353.878737024221,146.018720124778,2.66482660034602,1.38402860041193,0.812772491349481,0.0918330993323937,NA,NA,NA,NA,23.3586505190311,7.55440709216311,175.12508650519,71.2446191582194,1.09740955882353,0.612146616924845,NA,NA,NA,NA,NA,NA,NA,NA,NA,NA,NA,NA,NA,NA,NA,NA,NA,NA,NA,NA,NA,NA,NA,NA,NA,NA,NA,NA,NA,NA,NA,NA,2014,1992-04-03,NA,NA,NA,NA
"Boston Scott","PHI","RB","13814","weighted",NA,NA,NA,NA,NA,NA,299.462863321799,103.225821521614,1.79447980103806,0.603009249270194,0.36443339100346,0.336345986909866,0.02,0,NA,NA,24.8307006920415,7.08077169421183,201.490021626298,55.8820558940828,0.850005493079585,0.517950435732128,NA,NA,NA,NA,NA,NA,NA,NA,NA,NA,NA,NA,NA,NA,NA,NA,NA,NA,NA,NA,NA,NA,NA,NA,NA,NA,NA,NA,NA,NA,NA,NA,2018,1995-04-27,NA,NA,NA,NA
"Ke'Shawn Vaughn","TB","RB","14810","weighted",NA,NA,NA,NA,NA,NA,208.017201225741,226.541412590186,1.46014300306435,2.22466778690133,1.00051072522983,0.433244419285997,NA,NA,NA,NA,11.557568947906,12.9890402727674,76.7737282941777,89.4212726929843,0.370480081716037,0.552051208130611,NA,NA,NA,NA,NA,NA,NA,NA,NA,NA,NA,NA,NA,NA,NA,NA,NA,NA,NA,NA,NA,NA,NA,NA,NA,NA,NA,NA,NA,NA,NA,NA,2020,1970-01-01,NA,NA,NA,NA
"Joshua Kelley","LAC","RB","14807","weighted",NA,NA,NA,NA,NA,NA,347.839522402757,86.9413295449968,2.03276710979813,0.889869932180918,1.33467872968981,0.385758876585847,0.03,3.80182625005295e-18,NA,NA,11.9218069916297,8.66518960653667,78.0943525356967,52.9339431082878,0.274702117183653,0.389497975025358,NA,NA,NA,NA,NA,NA,NA,NA,NA,NA,NA,NA,NA,NA,NA,NA,NA,NA,NA,NA,NA,NA,NA,NA,NA,NA,NA,NA,NA,NA,NA,NA,2020,1970-01-01,NA,NA,NA,NA
"Lamical Perine","NYJ","RB","14806","weighted",NA,NA,NA,NA,NA,NA,192.425411942555,190.277224430755,1.25094482237339,1.24863267896835,0.26329050138574,0.248993782820783,NA,NA,NA,NA,9.82489795918367,9.45296905409809,68.2278911564626,68.1196168530399,0,0,NA,NA,NA,NA,NA,NA,NA,NA,NA,NA,NA,NA,NA,NA,NA,NA,NA,NA,NA,NA,NA,NA,NA,NA,NA,NA,NA,NA,NA,NA,NA,NA,2020,1970-01-01,"Q","Foot",2021,0
"Benny Snell","PIT","RB","14072","weighted",NA,NA,NA,NA,NA,NA,342.923520433284,100.58594683986,2.19138847858198,0.978497473667505,0.817872968980798,0.132023035219548,0.02,0,NA,NA,8.41512063023141,3.15475734632277,57.0891235844412,22.1780511881614,0.0867159034958149,0.141784661882174,NA,NA,NA,NA,NA,NA,NA,NA,NA,NA,NA,NA,NA,NA,NA,NA,NA,NA,NA,NA,NA,NA,NA,NA,NA,NA,NA,NA,NA,NA,NA,NA,2019,1970-01-01,NA,NA,NA,NA
"Darrynton Evans","TEN","RB","14808","weighted",NA,NA,NA,NA,NA,NA,297.724169550173,106.425344959759,1.73306189446367,0.952387634966763,0.704593425605536,0.266151742941356,0.04,0,NA,NA,15.186241349481,5.72340212010284,126.380938581315,41.7801708835249,0.778192430795848,0.753620374589864,NA,NA,NA,NA,NA,NA,NA,NA,NA,NA,NA,NA,NA,NA,NA,NA,NA,NA,NA,NA,NA,NA,NA,NA,NA,NA,NA,NA,NA,NA,NA,NA,2020,1970-01-01,"Q","Knee",2021,0
"Devontae Booker","NYG","RB","12629","weighted",NA,NA,NA,NA,NA,NA,346.121349089119,62.9644555726162,1.87606105366814,0.397735068965678,0.734711964549483,0.137079708965184,NA,NA,NA,NA,12.928552437223,5.05314895377374,87.5554505169867,36.0874563234275,0.144810438207779,0.180102444012346,NA,NA,NA,NA,NA,NA,NA,NA,NA,NA,NA,NA,NA,NA,NA,NA,NA,NA,NA,NA,NA,NA,NA,NA,NA,NA,NA,NA,NA,NA,NA,NA,2016,1992-05-27,NA,NA,NA,NA
"Chuba Hubbard","CAR","RB","15261","weighted",NA,NA,NA,NA,NA,NA,266.526358131488,117.919629516512,1.84607482698962,1.10058265042241,0.731751730103806,0.654333724209354,0.05,7.49901343255201e-18,NA,NA,11.208615916955,5.6718658462189,87.2305103806228,52.7250784992946,0.457813581314879,0.403471543805583,NA,NA,NA,NA,NA,NA,NA,NA,NA,NA,NA,NA,NA,NA,NA,NA,NA,NA,NA,NA,NA,NA,NA,NA,NA,NA,NA,NA,NA,NA,NA,NA,2021,1999-06-11,NA,NA,NA,NA
"Jordan Howard","PHI","RB","12634","weighted",NA,NA,NA,NA,NA,NA,436,NA,2,NA,0,NA,NA,NA,NA,NA,11,NA,83,NA,0,NA,NA,NA,NA,NA,NA,NA,NA,NA,NA,NA,NA,NA,NA,NA,NA,NA,NA,NA,NA,NA,NA,NA,NA,NA,NA,NA,NA,NA,NA,NA,NA,NA,2016,1994-11-02,NA,NA,NA,NA
"Samaje Perine","CIN","RB","13133","weighted",NA,NA,NA,NA,NA,NA,327.689793205318,85.3148288056188,2.46254554406696,1.93787822502666,0.640290497291974,0.230287153319612,0.02,0,NA,NA,10.4445396356475,4.23750912987611,68.8347808961103,28.0948844477061,0.118941408173314,0.19964686032712,NA,NA,NA,NA,NA,NA,NA,NA,NA,NA,NA,NA,NA,NA,NA,NA,NA,NA,NA,NA,NA,NA,NA,NA,NA,NA,NA,NA,NA,NA,NA,NA,2017,1995-09-16,NA,NA,NA,NA
"Salvon Ahmed","MIA","RB","14811","weighted",NA,NA,NA,NA,NA,NA,292.098179065744,96.8390345788443,1.99406310553633,1.09234688363509,0.127811418685121,0.103881482142465,0.05,7.49901343255201e-18,NA,NA,10.384714532872,5.29818265000498,68.0797188581315,38.0615442612273,0.175980147058824,0.242766394847462,NA,NA,NA,NA,NA,NA,NA,NA,NA,NA,NA,NA,NA,NA,NA,NA,NA,NA,NA,NA,NA,NA,NA,NA,NA,NA,NA,NA,NA,NA,NA,NA,2020,1998-12-29,NA,NA,NA,NA
"Matt Breida","BUF","RB","13378","weighted",NA,NA,NA,NA,NA,NA,224.724470704087,122.373177016669,1.14924175283112,0.767456427914171,1.12901772525849,0.471979163000709,NA,NA,NA,NA,10.5817232890202,7.25024457868471,84.4176809453471,59.3429750558835,0.322678483505662,0.419822287739581,NA,NA,NA,NA,NA,NA,NA,NA,NA,NA,NA,NA,NA,NA,NA,NA,NA,NA,NA,NA,NA,NA,NA,NA,NA,NA,NA,NA,NA,NA,NA,NA,2017,1995-02-28,NA,NA,NA,NA
"Jake Funk","LAR","RB","15480","weighted",NA,NA,NA,NA,NA,NA,220.108145896657,129.134591018812,1.48239992401216,1.38788235862698,0.200334346504559,0.148777941722347,0.05,8.02721513649726e-18,NA,NA,8.95283434650456,4.01482999484839,62.9423024316109,23.0420045489288,0.249697340425532,0.313518907850572,NA,NA,NA,NA,NA,NA,NA,NA,NA,NA,NA,NA,NA,NA,NA,NA,NA,NA,NA,NA,NA,NA,NA,NA,NA,NA,NA,NA,NA,NA,NA,NA,2021,1970-01-01,NA,NA,NA,NA
"Nyheim Hines","IND","RB","13622","weighted",NA,NA,NA,NA,NA,NA,296.988948961938,78.0354948886191,2.10221055363322,0.606320545494499,0.700493079584775,0.671936825792286,NA,NA,NA,NA,50.6306617647059,7.04412331749558,391.388382352941,48.360385997263,2.32255155709343,0.659207976319663,NA,NA,NA,NA,NA,NA,NA,NA,NA,NA,NA,NA,NA,NA,NA,NA,NA,NA,NA,NA,NA,NA,NA,NA,NA,NA,NA,NA,NA,NA,NA,NA,2018,1996-11-12,NA,NA,NA,NA
"Carlos Hyde","JAC","RB","11657","weighted",NA,NA,NA,NA,NA,NA,334.998525086505,54.8658335201921,2.1180294982699,0.269358275791173,0.611596020761246,0.30104065459491,NA,NA,NA,NA,15.7195847750865,5.77730040977805,93.8185034602076,39.0004344187553,0.259422923875433,0.338744267564668,NA,NA,NA,NA,NA,NA,NA,NA,NA,NA,NA,NA,NA,NA,NA,NA,NA,NA,NA,NA,NA,NA,NA,NA,NA,NA,NA,NA,NA,NA,NA,NA,2014,1991-09-20,NA,NA,NA,NA
"J.D. McKissic","WAS","RB","13108","weighted",NA,NA,NA,NA,NA,NA,306.515281141868,54.9126443077453,1.60969762110727,0.635528053401781,0.92719723183391,0.577541327419977,NA,NA,NA,NA,62.073205017301,8.22182489530832,459.490250865052,54.3271408194256,1.90085601211073,0.371338726963215,NA,NA,NA,NA,NA,NA,NA,NA,NA,NA,NA,NA,NA,NA,NA,NA,NA,NA,NA,NA,NA,NA,NA,NA,NA,NA,NA,NA,NA,NA,NA,NA,2016,1993-10-15,NA,NA,NA,NA
"Jerick McKinnon","KC","RB","11761","weighted",NA,NA,NA,NA,NA,NA,200.52398340249,100.73078780638,1.63685240071132,1.14686106072176,0.136439438846078,0.084922316592666,0.57,0,NA,NA,17.8589330171903,9.2064778620596,130.80437462952,71.7584970600307,0.564078245406046,0.429675056573208,NA,NA,NA,NA,NA,NA,NA,NA,NA,NA,NA,NA,NA,NA,NA,NA,NA,NA,NA,NA,NA,NA,NA,NA,NA,NA,NA,NA,NA,NA,NA,NA,2014,1992-05-03,NA,NA,NA,NA
"DeeJay Dallas","SEA","RB","14815","weighted",NA,NA,NA,NA,NA,NA,162.897191539365,111.243969341515,1.5362749706228,0.985076706817717,0.525186055620838,0.351229834760445,NA,NA,NA,NA,17.3951468860165,9.90992370640156,127.966815511163,76.0477399635141,0.69545240893067,0.835250545034446,NA,NA,NA,NA,NA,NA,NA,NA,NA,NA,NA,NA,NA,NA,NA,NA,NA,NA,NA,NA,NA,NA,NA,NA,NA,NA,NA,NA,NA,NA,NA,NA,2020,1998-09-16,NA,NA,NA,NA
"Keith Smith","ATL","RB","12040","weighted",NA,NA,NA,NA,NA,NA,126.398496932515,187.376041412236,0.544458077709612,0.655856811177586,0.00892297205180641,0.0102159266726255,0.11,1.6997095970065e-17,NA,NA,15.5689468302658,12.0821604178796,120.870766871166,99.0476481565024,0.271267893660532,0.332539419758426,NA,NA,NA,NA,NA,NA,NA,NA,NA,NA,NA,NA,NA,NA,NA,NA,NA,NA,NA,NA,NA,NA,NA,NA,NA,NA,NA,NA,NA,NA,NA,NA,2014,1992-04-08,NA,NA,NA,NA
"Giovani Bernard","TB","RB","11193","weighted",NA,NA,NA,NA,NA,NA,246.577621107266,70.3082298713798,1.50213940311419,0.963435283844137,0.769844290657439,0.242332194558801,NA,NA,NA,NA,36.7752897923875,10.2272197579209,280.921855536332,81.1443968773722,1.81953447231834,0.848904963058374,NA,NA,NA,NA,NA,NA,NA,NA,NA,NA,NA,NA,NA,NA,NA,NA,NA,NA,NA,NA,NA,NA,NA,NA,NA,NA,NA,NA,NA,NA,NA,NA,2013,1991-11-22,NA,NA,NA,NA
"J.J. Taylor","NE","RB","14827","weighted",NA,NA,NA,NA,NA,NA,176.766906202723,92.9241863109353,1.02655824508321,0.867762212890711,0.129780635400908,0.171447421571328,0.04,0,NA,NA,3.93630862329803,2.13812441276661,21.5672617246596,13.9047522310631,0.10357034795764,0.123837889919569,NA,NA,NA,NA,NA,NA,NA,NA,NA,NA,NA,NA,NA,NA,NA,NA,NA,NA,NA,NA,NA,NA,NA,NA,NA,NA,NA,NA,NA,NA,NA,NA,2020,1970-01-01,NA,NA,NA,NA
"Royce Freeman","DEN","RB","13617","weighted",NA,NA,NA,NA,NA,NA,156.085288035451,84.9039814019034,0.883879862136878,0.675586445613162,0.0618032988675529,0.0617427307794478,NA,NA,NA,NA,8.1827917282127,4.1769561077296,48.2209354997538,28.2803237460321,0.0658296405711472,0.107248241737834,NA,NA,NA,NA,NA,NA,NA,NA,NA,NA,NA,NA,NA,NA,NA,NA,NA,NA,NA,NA,NA,NA,NA,NA,NA,NA,NA,NA,NA,NA,NA,NA,2018,1996-02-24,NA,NA,NA,NA
"Mike Boone","DEN","RB","13868","weighted",NA,NA,NA,NA,NA,NA,166.281647230321,120.257522118589,1.24747813411079,0.921941474840226,0.523226433430515,0.40409235390313,NA,NA,NA,NA,5.77118075801749,4.62434284222407,38.9460932944606,35.186808678822,0.0727551020408163,0.151812121815764,NA,NA,NA,NA,NA,NA,NA,NA,NA,NA,NA,NA,NA,NA,NA,NA,NA,NA,NA,NA,NA,NA,NA,NA,NA,NA,NA,NA,NA,NA,NA,NA,2018,1970-01-01,"O","Quadriceps",2021,0
"Travis Etienne","JAC","RB","15253","weighted",NA,NA,NA,NA,NA,NA,0,NA,0,NA,3,NA,NA,NA,NA,NA,0,NA,0,NA,0,NA,NA,NA,NA,NA,NA,NA,NA,NA,NA,NA,NA,NA,NA,NA,NA,NA,NA,NA,NA,NA,NA,NA,NA,NA,NA,NA,NA,NA,NA,NA,NA,NA,2021,1999-01-26,"IR","Foot",2021,0
"Rex Burkhead","HOU","RB","11182","weighted",NA,NA,NA,NA,NA,NA,165.634588057445,117.470024997486,0.959138321995465,0.787955438563792,0.489997480473671,0.411936160303088,NA,NA,NA,NA,12.6430234315949,8.38976769039811,111.37387755102,79.5592341506943,0.860347694633409,0.581771373165725,NA,NA,NA,NA,NA,NA,NA,NA,NA,NA,NA,NA,NA,NA,NA,NA,NA,NA,NA,NA,NA,NA,NA,NA,NA,NA,NA,NA,NA,NA,NA,NA,2013,1990-07-02,NA,NA,NA,NA
"Peyton Barber","WAS","RB","12637","weighted",NA,NA,NA,NA,NA,NA,162.277078651685,141.793158962238,1.1417773237998,1.02422868509378,0.133197139938713,0.115531845142933,NA,NA,NA,NA,6.34668028600613,5.14231589416946,40.3497854954035,34.6434826617116,0,0,NA,NA,NA,NA,NA,NA,NA,NA,NA,NA,NA,NA,NA,NA,NA,NA,NA,NA,NA,NA,NA,NA,NA,NA,NA,NA,NA,NA,NA,NA,NA,NA,2016,1994-06-27,NA,NA,NA,NA
"Anthony McFarland","PIT","RB","14804","weighted",NA,NA,NA,NA,NA,NA,202.347848251334,64.014334452893,1.14841138114997,0.301839130083349,0.213503260225252,0.117420108855577,0.03,0,NA,NA,9.71547125074096,2.14362987701334,73.2487492590397,18.9343340370015,0.152821576763485,0.225521083985434,NA,NA,NA,NA,NA,NA,NA,NA,NA,NA,NA,NA,NA,NA,NA,NA,NA,NA,NA,NA,NA,NA,NA,NA,NA,NA,NA,NA,NA,NA,NA,NA,2020,1970-01-01,"Q","Undisclosed",2021,0
"James White","NE","RB","11747","weighted",NA,NA,NA,NA,NA,NA,207.501410034602,45.881507297796,1.3526348183391,0.514398933709539,1.01781141868512,0.573045866512138,0.61,0,NA,NA,53.6748875432526,6.93575749515688,447.113758650519,73.2242218756456,2.49921206747405,0.840456981035602,NA,NA,NA,NA,NA,NA,NA,NA,NA,NA,NA,NA,NA,NA,NA,NA,NA,NA,NA,NA,NA,NA,NA,NA,NA,NA,NA,NA,NA,NA,NA,NA,2014,1992-02-03,NA,NA,NA,NA
"Jeremy McNichols","TEN","RB","13143","weighted",NA,NA,NA,NA,NA,NA,141.745033272837,80.0857571536951,0.639889836660617,0.891854247707017,0.0198023795119984,0.0183223871247234,NA,NA,NA,NA,6.98203266787659,4.41178623512215,40.5890986085904,26.6819806191403,0.164211796733212,0.325598310379606,NA,NA,NA,NA,NA,NA,NA,NA,NA,NA,NA,NA,NA,NA,NA,NA,NA,NA,NA,NA,NA,NA,NA,NA,NA,NA,NA,NA,NA,NA,NA,NA,2017,1995-12-26,NA,"Undisclosed",2021,0
"Kylin Hill","GB","RB","15265","weighted",NA,NA,NA,NA,NA,NA,148.382545322698,66.8651764815964,0.68605511240029,0.878229325481979,0.124365482233503,0.166794219845488,0.05,8.01722738342222e-18,NA,NA,5.25239303843365,3.7508901473117,42.691022480058,30.6700843758644,0.0978172588832487,0.201904567208242,NA,NA,NA,NA,NA,NA,NA,NA,NA,NA,NA,NA,NA,NA,NA,NA,NA,NA,NA,NA,NA,NA,NA,NA,NA,NA,NA,NA,NA,NA,NA,NA,2021,1970-01-01,NA,NA,NA,NA
"Justice Hill","BAL","RB","14086","weighted",NA,NA,NA,NA,NA,NA,239,NA,1.6,NA,0,NA,NA,NA,NA,NA,11,NA,88,NA,0.2,NA,NA,NA,NA,NA,NA,NA,NA,NA,NA,NA,NA,NA,NA,NA,NA,NA,NA,NA,NA,NA,NA,NA,NA,NA,NA,NA,NA,NA,NA,NA,NA,NA,2019,1997-11-14,"Q","Ankle",2021,0
"Khari Blasingame","TEN","RB","14552","weighted",NA,NA,NA,NA,NA,NA,112.667272727273,147.269129317722,0.014884437596302,0.0212132034355964,0.827118644067797,0.388908729652601,NA,NA,NA,NA,7.51149460708783,8.53477884892163,67.2902927580894,80.8223050896224,0.327118644067797,0.388908729652601,NA,NA,NA,NA,NA,NA,NA,NA,NA,NA,NA,NA,NA,NA,NA,NA,NA,NA,NA,NA,NA,NA,NA,NA,NA,NA,NA,NA,NA,NA,NA,NA,2019,1970-01-01,NA,NA,NA,NA
"Tarik Cohen","CHI","RB","13290","weighted",NA,NA,NA,NA,NA,NA,166.776177508825,59.0219316031735,0.632551840645487,0.382828509276608,0.774298201378383,0.240782961856205,NA,NA,NA,NA,36.9040342914776,13.2332618914191,250.334089762985,92.0702089410763,1.12324241048916,0.706568869556864,NA,NA,NA,NA,NA,NA,NA,NA,NA,NA,NA,NA,NA,NA,NA,NA,NA,NA,NA,NA,NA,NA,NA,NA,NA,NA,NA,NA,NA,NA,NA,NA,2017,1995-07-26,NA,"Knee - ACL",2021,0
"Jalen Richard","LVR","RB","12912","weighted",NA,NA,NA,NA,NA,NA,120.1421386604,56.0181960062897,0.675746180963572,0.535063276809045,0.0807677242459851,0.0728826878097161,NA,NA,NA,NA,17.2398119858989,9.06905803511496,138.317884841363,68.4094387986595,0.287003525264395,0.45045475578236,NA,NA,NA,NA,NA,NA,NA,NA,NA,NA,NA,NA,NA,NA,NA,NA,NA,NA,NA,NA,NA,NA,NA,NA,NA,NA,NA,NA,NA,NA,NA,NA,2016,1993-10-15,"Q","Foot",2021,0
"Trayveon Williams","CIN","RB","14076","weighted",NA,NA,NA,NA,NA,NA,126.27,NA,0.65,NA,3,NA,NA,NA,NA,NA,7.64,NA,55.29,NA,0.37,NA,NA,NA,NA,NA,NA,NA,NA,NA,NA,NA,NA,NA,NA,NA,NA,NA,NA,NA,NA,NA,NA,NA,NA,NA,NA,NA,NA,NA,NA,NA,NA,NA,2019,1970-01-01,NA,NA,NA,NA
"Dare Ogunbowale","JAC","RB","13148","weighted",NA,NA,NA,NA,NA,NA,91.903936605317,92.9413818900554,0.450777096114519,0.775426653317769,0.355334014996592,0.228118590086538,0.02,0,NA,NA,10.6798057259714,5.40808231211893,91.5178118609407,55.8731943110521,0.210715746421268,0.233338488826357,NA,NA,NA,NA,NA,NA,NA,NA,NA,NA,NA,NA,NA,NA,NA,NA,NA,NA,NA,NA,NA,NA,NA,NA,NA,NA,NA,NA,NA,NA,NA,NA,2017,NA,NA,NA,NA,NA
"Travis Homer","SEA","RB","14083","weighted",NA,NA,NA,NA,NA,NA,108.698172439204,81.3130134094258,0.353382461311717,0.498500761957842,0.0711225743060673,0.0526432361775201,0.03,0,NA,NA,11.9453942520265,9.31888886111132,95.0132424465733,77.7701787655702,0.47997052321297,0.508654294586803,NA,NA,NA,NA,NA,NA,NA,NA,NA,NA,NA,NA,NA,NA,NA,NA,NA,NA,NA,NA,NA,NA,NA,NA,NA,NA,NA,NA,NA,NA,NA,NA,2019,1998-08-07,NA,NA,NA,NA
"D'Ernest Johnson","CLE","RB","14331","weighted",NA,NA,NA,NA,NA,NA,85.4477988338192,76.3196868071266,0,0,0.0170310981535471,0.0192540096611268,NA,NA,NA,NA,2.90320699708455,1.48970101647791,21.5296501457726,13.7839079009311,0,0,NA,NA,NA,NA,NA,NA,NA,NA,NA,NA,NA,NA,NA,NA,NA,NA,NA,NA,NA,NA,NA,NA,NA,NA,NA,NA,NA,NA,NA,NA,NA,NA,2019,NA,NA,NA,NA,NA
"Kalen Ballage","PIT","RB","13621","weighted",NA,NA,NA,NA,NA,NA,102.569460708783,114.629080298151,1.19855161787365,1.56977705423414,0.0248073959938367,0.0353553390593274,NA,NA,NA,NA,7.17214175654853,7.73574818618083,33.331001540832,32.3077088324134,0.014884437596302,0.0212132034355964,NA,NA,NA,NA,NA,NA,NA,NA,NA,NA,NA,NA,NA,NA,NA,NA,NA,NA,NA,NA,NA,NA,NA,NA,NA,NA,NA,NA,NA,NA,NA,NA,2018,NA,NA,NA,NA,NA
"Jermar Jefferson","DET","RB","15262","weighted",NA,NA,NA,NA,NA,NA,146.503178743961,20.2537702424044,0.744454106280193,0.627796510162165,0.476,0.284946032698403,0.05,8.50872277929834e-18,NA,NA,11.6037101449275,1.71926763852818,80.3010821256039,13.8295553108961,0.130328502415459,0.234108904932593,NA,NA,NA,NA,NA,NA,NA,NA,NA,NA,NA,NA,NA,NA,NA,NA,NA,NA,NA,NA,NA,NA,NA,NA,NA,NA,NA,NA,NA,NA,NA,NA,2021,1970-01-01,NA,NA,NA,NA
"Cordarrelle Patterson","ATL","RB","11225","weighted",NA,NA,NA,NA,NA,NA,119.14,NA,0.78,NA,0.2,NA,NA,NA,NA,NA,12.77,NA,110.5,NA,0.68,NA,NA,NA,NA,NA,NA,NA,NA,NA,NA,NA,NA,NA,NA,NA,NA,NA,NA,NA,NA,NA,NA,NA,NA,NA,NA,NA,NA,NA,NA,NA,NA,NA,2013,1991-03-17,NA,NA,NA,NA
"Chris Evans","CIN","RB","15275","weighted",NA,NA,NA,NA,NA,NA,97.7927556200145,53.2109789724963,0.533364757070341,0.635818258827506,0.267920594633793,0.243538204205801,0.05,8.01722738342222e-18,NA,NA,3.86350978970268,4.68435060946477,26.9464974619289,33.2730943596256,0.0906598984771574,0.187131062290566,NA,NA,NA,NA,NA,NA,NA,NA,NA,NA,NA,NA,NA,NA,NA,NA,NA,NA,NA,NA,NA,NA,NA,NA,NA,NA,NA,NA,NA,NA,NA,NA,2021,1970-01-01,NA,NA,NA,NA
"Eno Benjamin","ARI","RB","14801","weighted",NA,NA,NA,NA,NA,NA,83.7298564593302,74.4553253093527,0.329186602870813,0.576183841130212,0.664593301435407,0.288091920565106,NA,NA,NA,NA,2.32866985645933,1.53218371133756,19.273014354067,16.3961505447042,0,0,NA,NA,NA,NA,NA,NA,NA,NA,NA,NA,NA,NA,NA,NA,NA,NA,NA,NA,NA,NA,NA,NA,NA,NA,NA,NA,NA,NA,NA,NA,NA,NA,2020,1970-01-01,NA,NA,NA,NA
"Alex Collins","SEA","RB","12628","weighted",NA,NA,NA,NA,NA,NA,52.6880490296221,87.8959501562229,0.400817160367722,0.693191070857596,0.366700715015322,0.0288829612857332,NA,NA,NA,NA,2.25025536261491,3.19406598011852,18.7662512768131,27.2725268966147,0,0,NA,NA,NA,NA,NA,NA,NA,NA,NA,NA,NA,NA,NA,NA,NA,NA,NA,NA,NA,NA,NA,NA,NA,NA,NA,NA,NA,NA,NA,NA,NA,NA,2016,1994-08-26,NA,NA,NA,NA
"Gary Brightwell","NYG","RB","15462","weighted",NA,NA,NA,NA,NA,NA,120.461904761905,30.9183031168236,0.327619047619048,0.575378575250165,0.314253968253968,0.345683151124517,NA,NA,NA,NA,2.86047619047619,1.23134074775333,19.3590476190476,14.4123846433619,0,0,NA,NA,NA,NA,NA,NA,NA,NA,NA,NA,NA,NA,NA,NA,NA,NA,NA,NA,NA,NA,NA,NA,NA,NA,NA,NA,NA,NA,NA,NA,NA,NA,2021,1998-02-28,NA,NA,NA,NA
"Ty Montgomery","NO","RB","12261","weighted",NA,NA,NA,NA,NA,NA,84.0734266764923,34.8354712423311,0.277059690493736,0.382809540308613,0.00829280275116679,0.0082661019556839,NA,NA,NA,NA,12.4895062638172,4.55600789233127,98.7361974944731,28.0567567074857,0.254775239498895,0.316875354099882,NA,NA,NA,NA,NA,NA,NA,NA,NA,NA,NA,NA,NA,NA,NA,NA,NA,NA,NA,NA,NA,NA,NA,NA,NA,NA,NA,NA,NA,NA,NA,NA,2015,1993-01-22,NA,NA,NA,NA
"Kene Nwangwu","MIN","RB","15414","weighted",NA,NA,NA,NA,NA,NA,98.5809908536585,44.5265140113169,0.456387195121951,0.643467170879758,0.234801829268293,0.0919238815542512,0.04,0,NA,NA,8.16594512195122,1.88090403795622,91.0720731707317,40.7859191388401,0.150457317073171,0.212132034355964,NA,NA,NA,NA,NA,NA,NA,NA,NA,NA,NA,NA,NA,NA,NA,NA,NA,NA,NA,NA,NA,NA,NA,NA,NA,NA,NA,NA,NA,NA,NA,NA,2021,1998-02-09,"Q","Knee",2021,0
"Brandon Bolden","NE","RB","10932","weighted",NA,NA,NA,NA,NA,NA,64.589667673716,56.1307607995345,1.36181268882175,1.4737193843888,0,0,NA,NA,NA,NA,3.18755287009063,3.02640056429907,33.0823162134945,36.2144613182454,0.401550855991944,0.540322183882333,NA,NA,NA,NA,NA,NA,NA,NA,NA,NA,NA,NA,NA,NA,NA,NA,NA,NA,NA,NA,NA,NA,NA,NA,NA,NA,NA,NA,NA,NA,NA,NA,2012,1990-01-26,NA,NA,NA,NA
"Corey Clement","NYG","RB","13136","weighted",NA,NA,NA,NA,NA,NA,57.0064048338369,52.9608423698215,0.715901309164149,1.14574403976491,0.467636790869419,0.499492791726053,NA,NA,NA,NA,2.52898288016113,1.42239959541604,14.74527693857,7.3887589621918,0,0,NA,NA,NA,NA,NA,NA,NA,NA,NA,NA,NA,NA,NA,NA,NA,NA,NA,NA,NA,NA,NA,NA,NA,NA,NA,NA,NA,NA,NA,NA,NA,NA,2017,NA,NA,NA,NA,NA
"C.J. Ham","MIN","RB","12923","weighted",NA,NA,NA,NA,NA,NA,44.5989523449319,36.28556677844,0.0637745839636914,0.0756416763753143,0.324201966717095,0.477065941075128,0.08,0,NA,NA,13.3782072617247,5.0281263204509,126.764697428139,52.3022894344939,0.740196671709531,0.309751208672738,NA,NA,NA,NA,NA,NA,NA,NA,NA,NA,NA,NA,NA,NA,NA,NA,NA,NA,NA,NA,NA,NA,NA,NA,NA,NA,NA,NA,NA,NA,NA,NA,2016,1993-07-22,NA,NA,NA,NA
"Jonathan Williams","WAS","RB","12635","weighted",NA,NA,NA,NA,NA,NA,93.24,NA,0.55,NA,0,NA,NA,NA,NA,NA,5.43,NA,42.08,NA,0.27,NA,NA,NA,NA,NA,NA,NA,NA,NA,NA,NA,NA,NA,NA,NA,NA,NA,NA,NA,NA,NA,NA,NA,NA,NA,NA,NA,NA,NA,NA,NA,NA,NA,2016,1994-02-02,NA,NA,NA,NA
"Jonathan Ward","ARI","RB","15042","weighted",NA,NA,NA,NA,NA,NA,33.0740886203424,53.5029808303639,0.346424974823766,0.582888968445826,0,0,NA,NA,NA,NA,1.40670694864048,1.46622653928222,13.2142396777442,15.1478650790734,0.412286002014099,0.533424115948342,NA,NA,NA,NA,NA,NA,NA,NA,NA,NA,NA,NA,NA,NA,NA,NA,NA,NA,NA,NA,NA,NA,NA,NA,NA,NA,NA,NA,NA,NA,NA,NA,2020,1970-01-01,NA,NA,NA,NA
"Khalil Herbert","CHI","RB","15271","weighted",NA,NA,NA,NA,NA,NA,25,NA,0,NA,0,NA,NA,NA,NA,NA,1.9,NA,15,NA,0,NA,NA,NA,NA,NA,NA,NA,NA,NA,NA,NA,NA,NA,NA,NA,NA,NA,NA,NA,NA,NA,NA,NA,NA,NA,NA,NA,NA,NA,NA,NA,NA,NA,2021,1970-01-01,NA,NA,NA,NA
"Nate McCrary","BAL","RB","15503","weighted",NA,NA,NA,NA,NA,NA,47,NA,0,NA,0,NA,NA,NA,NA,NA,5.2,NA,42,NA,0,NA,NA,NA,NA,NA,NA,NA,NA,NA,NA,NA,NA,NA,NA,NA,NA,NA,NA,NA,NA,NA,NA,NA,NA,NA,NA,NA,NA,NA,NA,NA,NA,NA,2021,NA,NA,NA,NA,NA
"Ameer Abdullah","MIN","RB","12155","weighted",NA,NA,NA,NA,NA,NA,9.78,NA,0,NA,0,NA,NA,NA,NA,NA,0.84,NA,5.87,NA,0,NA,NA,NA,NA,NA,NA,NA,NA,NA,NA,NA,NA,NA,NA,NA,NA,NA,NA,NA,NA,NA,NA,NA,NA,NA,NA,NA,NA,NA,NA,NA,NA,NA,2015,1993-06-13,NA,NA,NA,NA
"Kyle Juszczyk","SF","RB","11367","weighted",NA,NA,NA,NA,NA,NA,47.4896009389671,14.4466509755294,0.94549882629108,0.664095100346538,0.148212050078247,0.0912528012108387,NA,NA,NA,NA,23.0362617370892,7.82276725113789,231.447987089202,94.2452635071326,1.96509389671361,1.78550979409859,NA,NA,NA,NA,NA,NA,NA,NA,NA,NA,NA,NA,NA,NA,NA,NA,NA,NA,NA,NA,NA,NA,NA,NA,NA,NA,NA,NA,NA,NA,NA,NA,2013,1991-04-23,NA,NA,NA,NA
"Derek Watt","PIT","RB","12823","weighted",NA,NA,NA,NA,NA,NA,16.2547303543914,4.63862048458375,0.0843451463790447,0.120208152801713,0.0248073959938367,0.0353553390593274,NA,NA,NA,NA,1.50795069337442,1.29400540957138,11.737688751926,9.60251008851331,0.0843451463790447,0.120208152801713,NA,NA,NA,NA,NA,NA,NA,NA,NA,NA,NA,NA,NA,NA,NA,NA,NA,NA,NA,NA,NA,NA,NA,NA,NA,NA,NA,NA,NA,NA,NA,NA,2016,1992-11-07,NA,NA,NA,NA
"Dwayne Washington","NO","RB","12845","weighted",NA,NA,NA,NA,NA,NA,17.1801848998459,8.2943625433182,0,0,0.0248073959938367,0.0353553390593274,NA,NA,NA,NA,2.24274268104777,3.16783837971573,18.0548228043143,25.7316157673785,0.14884437596302,0.212132034355964,NA,NA,NA,NA,NA,NA,NA,NA,NA,NA,NA,NA,NA,NA,NA,NA,NA,NA,NA,NA,NA,NA,NA,NA,NA,NA,NA,NA,NA,NA,NA,NA,2016,NA,NA,NA,NA,NA
"Trey Edmunds","PIT","RB","13452","weighted",NA,NA,NA,NA,NA,NA,15.33,NA,0.13,NA,0,NA,NA,NA,NA,NA,2.18,NA,15.38,NA,0.14,NA,NA,NA,NA,NA,NA,NA,NA,NA,NA,NA,NA,NA,NA,NA,NA,NA,NA,NA,NA,NA,NA,NA,NA,NA,NA,NA,NA,NA,NA,NA,NA,NA,NA,NA,NA,NA,NA,NA
"Elijhaa Penny","NYG","RB","13239","weighted",NA,NA,NA,NA,NA,NA,15.9187981510015,17.2180501218924,0,0,0,0,NA,NA,NA,NA,1.73174114021572,1.23743686707646,15.1713097072419,14.0077853353055,0,0,NA,NA,NA,NA,NA,NA,NA,NA,NA,NA,NA,NA,NA,NA,NA,NA,NA,NA,NA,NA,NA,NA,NA,NA,NA,NA,NA,NA,NA,NA,NA,NA,2016,1993-08-17,NA,NA,NA,NA
"Patrick Ricard","BAL","RB","13455","weighted",NA,NA,NA,NA,NA,NA,10.6773997730711,12.0142827326384,0.0418381240544629,0.0351595297896427,0.363986384266263,0.462894750253784,0.11,1.60263336315656e-17,NA,NA,12.1446066565809,7.48805152995216,76.7065355521936,47.437364427923,0.77804084720121,0.867382562946519,NA,NA,NA,NA,NA,NA,NA,NA,NA,NA,NA,NA,NA,NA,NA,NA,NA,NA,NA,NA,NA,NA,NA,NA,NA,NA,NA,NA,NA,NA,NA,NA,2017,1994-05-27,NA,NA,NA,NA
"Gabe Nabers","LAC","RB","15096","weighted",NA,NA,NA,NA,NA,NA,11.9135593220339,11.2783531599254,0.0843451463790447,0.120208152801713,0,0,NA,NA,NA,NA,0.928104776579353,1.26572113832392,6.31100154083205,8.99439825669288,0.0843451463790447,0.120208152801713,NA,NA,NA,NA,NA,NA,NA,NA,NA,NA,NA,NA,NA,NA,NA,NA,NA,NA,NA,NA,NA,NA,NA,NA,NA,NA,NA,NA,NA,NA,NA,NA,2020,1970-01-01,"Q","Undisclosed",2021,0
"Alec Ingold","LVR","RB","14420","weighted",NA,NA,NA,NA,NA,NA,13.1125423728814,8.71155554421827,0.0843451463790447,0.120208152801713,0.0248073959938367,0.0353553390593274,NA,NA,NA,NA,8.48650231124807,4.86489465456345,77.27343605547,56.6180399696069,0.270231124807396,0.0424264068711928,NA,NA,NA,NA,NA,NA,NA,NA,NA,NA,NA,NA,NA,NA,NA,NA,NA,NA,NA,NA,NA,NA,NA,NA,NA,NA,NA,NA,NA,NA,NA,NA,2019,1996-07-09,NA,NA,NA,NA
"Michael Burton","KC","RB","12325","weighted",NA,NA,NA,NA,NA,NA,10.5005855161787,3.5638181771802,0.0198459167950693,0.0282842712474619,0.0150385208012327,0.00707106781186548,NA,NA,NA,NA,1.8988906009245,0.714177848998413,15.3637596302003,8.03273303427918,0.0496147919876733,0.0707106781186548,NA,NA,NA,NA,NA,NA,NA,NA,NA,NA,NA,NA,NA,NA,NA,NA,NA,NA,NA,NA,NA,NA,NA,NA,NA,NA,NA,NA,NA,NA,NA,NA,2015,1992-02-01,NA,NA,NA,NA
"Scottie Phillips","HOU","RB","14824","weighted",NA,NA,NA,NA,NA,NA,1.7166718027735,2.44658946290545,0,0,0,0,NA,NA,NA,NA,0.41211093990755,0.530330085889911,2.63454545454545,3.75473700810057,0,0,NA,NA,NA,NA,NA,NA,NA,NA,NA,NA,NA,NA,NA,NA,NA,NA,NA,NA,NA,NA,NA,NA,NA,NA,NA,NA,NA,NA,NA,NA,NA,NA,2020,NA,NA,NA,NA,NA
"Andy Janovich","CLE","RB","12806","weighted",NA,NA,NA,NA,NA,NA,6.73651771956857,2.47487373415292,0,0,0,0,NA,NA,NA,NA,2.22009244992296,2.73650324319194,17.1402157164869,20.1525432638166,0.104191063174114,0.148492424049175,NA,NA,NA,NA,NA,NA,NA,NA,NA,NA,NA,NA,NA,NA,NA,NA,NA,NA,NA,NA,NA,NA,NA,NA,NA,NA,NA,NA,NA,NA,NA,NA,2016,1993-05-23,NA,NA,NA,NA
"Nick Bellore","SEA","RB","10514","weighted",NA,NA,NA,NA,NA,NA,3.29442218798151,4.69518902707868,0,0,0,0,NA,NA,NA,NA,1.55813559322034,2.17788888605457,11.2782126348228,15.9311157801329,0.10442218798151,0.106066017177982,NA,NA,NA,NA,NA,NA,NA,NA,NA,NA,NA,NA,NA,NA,NA,NA,NA,NA,NA,NA,NA,NA,NA,NA,NA,NA,NA,NA,NA,NA,NA,NA,2011,1989-05-12,NA,NA,NA,NA
"Trenton Cannon","CAR","RB","13816","weighted",NA,NA,NA,NA,NA,NA,6.45,NA,0,NA,0,NA,NA,NA,NA,NA,1.85,NA,12.79,NA,0.17,NA,NA,NA,NA,NA,NA,NA,NA,NA,NA,NA,NA,NA,NA,NA,NA,NA,NA,NA,NA,NA,NA,NA,NA,NA,NA,NA,NA,NA,NA,NA,NA,NA,2018,NA,NA,NA,NA,NA
"Taiwan Jones","BUF","RB","10368","weighted",NA,NA,NA,NA,NA,NA,2.83574730354391,2.61629509039023,0,0,0,0,NA,NA,NA,NA,0.431725731895223,0.601040764008565,3.4779969183359,4.9568185361177,0,0,NA,NA,NA,NA,NA,NA,NA,NA,NA,NA,NA,NA,NA,NA,NA,NA,NA,NA,NA,NA,NA,NA,NA,NA,NA,NA,NA,NA,NA,NA,NA,NA,2011,1988-07-26,NA,NA,NA,NA
"Devine Ozigbo","JAC","RB","14096","weighted",NA,NA,NA,NA,NA,NA,5.31,NA,0,NA,0,NA,NA,NA,NA,NA,0.87,NA,6.28,NA,0,NA,NA,NA,NA,NA,NA,NA,NA,NA,NA,NA,NA,NA,NA,NA,NA,NA,NA,NA,NA,NA,NA,NA,NA,NA,NA,NA,NA,NA,NA,NA,NA,NA,2019,1970-01-01,NA,NA,NA,NA
"Antonio Williams","BUF","RB","15220","weighted",NA,NA,NA,NA,NA,NA,4.91,NA,0,NA,0,NA,NA,NA,NA,NA,0.86,NA,6.29,NA,0,NA,NA,NA,NA,NA,NA,NA,NA,NA,NA,NA,NA,NA,NA,NA,NA,NA,NA,NA,NA,NA,NA,NA,NA,NA,NA,NA,NA,NA,NA,NA,NA,NA,2020,1970-01-01,"Q","Neck",2021,0
"LaVante Bellamy","DEN","RB","14830","weighted",NA,NA,NA,NA,NA,NA,4.37,NA,0,NA,0,NA,NA,NA,NA,NA,0.86,NA,5.8,NA,0,NA,NA,NA,NA,NA,NA,NA,NA,NA,NA,NA,NA,NA,NA,NA,NA,NA,NA,NA,NA,NA,NA,NA,NA,NA,NA,NA,NA,NA,NA,NA,NA,NA,2020,1970-01-01,"IR","Ankle",2021,0
"Damarea Crockett","DEN","RB","14098","weighted",NA,NA,NA,NA,NA,NA,4.17,NA,0,NA,0,NA,NA,NA,NA,NA,0.86,NA,5.8,NA,0,NA,NA,NA,NA,NA,NA,NA,NA,NA,NA,NA,NA,NA,NA,NA,NA,NA,NA,NA,NA,NA,NA,NA,NA,NA,NA,NA,NA,NA,NA,NA,NA,NA,2019,NA,NA,NA,NA,NA
"Taquan Mizzell","FA","RB","13384","weighted",NA,NA,NA,NA,NA,NA,3.67,NA,0,NA,0,NA,NA,NA,NA,NA,0.85,NA,5.31,NA,0,NA,NA,NA,NA,NA,NA,NA,NA,NA,NA,NA,NA,NA,NA,NA,NA,NA,NA,NA,NA,NA,NA,NA,NA,NA,NA,NA,NA,NA,NA,NA,NA,NA,2017,1993-10-21,"Q","Undisclosed",2021,0
"Cullen Gillaspia","NYG","RB","14287","weighted",NA,NA,NA,NA,NA,NA,3.67,NA,0,NA,0,NA,NA,NA,NA,NA,0.85,NA,5.19,NA,0,NA,NA,NA,NA,NA,NA,NA,NA,NA,NA,NA,NA,NA,NA,NA,NA,NA,NA,NA,NA,NA,NA,NA,NA,NA,NA,NA,NA,NA,NA,NA,NA,NA,2019,1970-01-01,NA,NA,NA,NA
"Alfred Morris","FA","RB","10870","weighted",NA,NA,NA,NA,NA,NA,3.48,NA,0,NA,0,NA,NA,NA,NA,NA,0.85,NA,5.22,NA,0,NA,NA,NA,NA,NA,NA,NA,NA,NA,NA,NA,NA,NA,NA,NA,NA,NA,NA,NA,NA,NA,NA,NA,NA,NA,NA,NA,NA,NA,NA,NA,NA,NA,2012,1988-12-12,NA,NA,NA,NA
"Dontrell Hilliard","FA","RB","13871","weighted",NA,NA,NA,NA,NA,NA,3.46,NA,0,NA,0,NA,NA,NA,NA,NA,0.81,NA,5.63,NA,0,NA,NA,NA,NA,NA,NA,NA,NA,NA,NA,NA,NA,NA,NA,NA,NA,NA,NA,NA,NA,NA,NA,NA,NA,NA,NA,NA,NA,NA,NA,NA,NA,NA,2018,1970-01-01,"Q","Undisclosed",2021,0
"Jason Cabinda","DET","RB","13906","weighted",NA,NA,NA,NA,NA,NA,3.45,NA,0,NA,0,NA,NA,NA,NA,NA,0.91,NA,6.07,NA,0,NA,NA,NA,NA,NA,NA,NA,NA,NA,NA,NA,NA,NA,NA,NA,NA,NA,NA,NA,NA,NA,NA,NA,NA,NA,NA,NA,NA,NA,NA,NA,NA,NA,2018,1970-01-01,NA,NA,NA,NA
"Jakob Johnson","NE","RB","14359","weighted",NA,NA,NA,NA,NA,NA,0,NA,0,NA,0,NA,NA,NA,NA,NA,0.68,NA,4.82,NA,0,NA,NA,NA,NA,NA,NA,NA,NA,NA,NA,NA,NA,NA,NA,NA,NA,NA,NA,NA,NA,NA,NA,NA,NA,NA,NA,NA,NA,NA,NA,NA,NA,NA,2019,1970-01-01,NA,NA,NA,NA
"Stefon Diggs","BUF","WR","12186","weighted",NA,NA,NA,NA,NA,NA,11.3240280523974,10.8242272962281,0.0366493656286044,0.0726652952387047,0.960034602076124,0.58377206456066,NA,NA,NA,NA,117.67607266436,11.9417098481139,1529.26975778547,156.770819404164,9.85221453287197,1.64560781380211,NA,NA,NA,NA,NA,NA,NA,NA,NA,NA,NA,NA,NA,NA,NA,NA,NA,NA,NA,NA,NA,NA,NA,NA,NA,NA,NA,NA,NA,NA,NA,NA,2015,1993-11-29,"Q","Knee",2021,0
"Davante Adams","GB","WR","11675","weighted",NA,NA,NA,NA,NA,NA,0.0868982482698962,0.366831185161008,0,0,0.943166089965398,0.0785441416542456,NA,NA,NA,NA,122.46919550173,9.25628908088856,1470.54255622837,100.213114516693,13.3234688581315,1.83569240817498,NA,NA,NA,NA,NA,NA,NA,NA,NA,NA,NA,NA,NA,NA,NA,NA,NA,NA,NA,NA,NA,NA,NA,NA,NA,NA,NA,NA,NA,NA,NA,NA,2014,1992-12-24,NA,NA,NA,NA
"Calvin Ridley","ATL","WR","13629","weighted",NA,NA,NA,NA,NA,NA,24.5302357266436,10.0661375684242,0.0662713907786156,0.127370122781535,0.437641868512111,0.344244955846529,NA,NA,NA,NA,100.764083044983,7.19710116279713,1479.09960640138,92.8316107793227,10.2086807958477,1.05993669640831,NA,NA,NA,NA,NA,NA,NA,NA,NA,NA,NA,NA,NA,NA,NA,NA,NA,NA,NA,NA,NA,NA,NA,NA,NA,NA,NA,NA,NA,NA,NA,NA,2018,1994-12-20,NA,NA,NA,NA
"DeAndre Hopkins","ARI","WR","11232","weighted",NA,NA,NA,NA,NA,NA,4.91335045415225,4.2316601412666,0.00629974048442907,0.0149371783344438,1.36594896193772,0.746153537090186,NA,NA,NA,NA,117.090138408304,11.5082847986378,1449.93726643599,94.3809655140938,8.7483607266436,2.02243825948519,NA,NA,NA,NA,NA,NA,NA,NA,NA,NA,NA,NA,NA,NA,NA,NA,NA,NA,NA,NA,NA,NA,NA,NA,NA,NA,NA,NA,NA,NA,NA,NA,2013,1992-06-06,"Q","Undisclosed",2021,0
"Tyreek Hill","KC","WR","12801","weighted",NA,NA,NA,NA,NA,NA,83.4940078935986,14.1942480511515,0.641217629588704,0.454795864283348,0.570223183391003,0.283873844495447,NA,NA,NA,NA,100.264766435986,9.47919864520284,1434.46001730104,117.988684920465,12.839160899654,1.64159746739034,NA,NA,NA,NA,NA,NA,NA,NA,NA,NA,NA,NA,NA,NA,NA,NA,NA,NA,NA,NA,NA,NA,NA,NA,NA,NA,NA,NA,NA,NA,NA,NA,2016,1994-03-01,NA,NA,NA,NA
"Justin Jefferson","MIN","WR","14836","weighted",NA,NA,NA,NA,NA,NA,3.72036641127039,3.22436448443276,0,0,0.579282006920415,0.233784341522777,NA,NA,NA,NA,94.3283347750865,3.89100305924744,1433.13763408304,100.509670971964,8.37645328719723,1.90215240799854,NA,NA,NA,NA,NA,NA,NA,NA,NA,NA,NA,NA,NA,NA,NA,NA,NA,NA,NA,NA,NA,NA,NA,NA,NA,NA,NA,NA,NA,NA,NA,NA,2020,1999-06-16,"Q","Shoulder - AC Joint",2021,0
"Michael Thomas","NO","WR","12652","weighted",NA,NA,NA,NA,NA,NA,0.172667675239536,1.98949698861333,0,0,0.620070600100857,0.329689780025776,NA,NA,NA,NA,81.6016036308623,14.8802513424949,948.488129097327,167.68382420069,5.67014624306606,0.77878184319309,NA,NA,NA,NA,NA,NA,NA,NA,NA,NA,NA,NA,NA,NA,NA,NA,NA,NA,NA,NA,NA,NA,NA,NA,NA,NA,NA,NA,NA,NA,NA,NA,2016,1994-08-16,NA,"Ankle",2021,0
"A.J. Brown","TEN","WR","14104","weighted",NA,NA,NA,NA,NA,NA,7.74555417387543,13.5658026035958,0.00157493512110727,0.00373429458361096,1.24790224913495,0.334762868253831,NA,NA,NA,NA,82.643624567474,11.8611157821229,1255.3137932526,129.996251350184,10.7456271626298,1.27406333367648,NA,NA,NA,NA,NA,NA,NA,NA,NA,NA,NA,NA,NA,NA,NA,NA,NA,NA,NA,NA,NA,NA,NA,NA,NA,NA,NA,NA,NA,NA,NA,NA,2019,1997-06-30,"Q","Knee",2021,0
"Keenan Allen","LAC","WR","11222","weighted",NA,NA,NA,NA,NA,NA,13.3792535837865,13.6582485545869,0.0629152249134948,0.131542603366803,0.718585640138408,0.368330585570955,NA,NA,NA,NA,108.956634948097,11.6049661220402,1207.82583477509,139.459478491302,8.32499567474048,1.40580425822026,NA,NA,NA,NA,NA,NA,NA,NA,NA,NA,NA,NA,NA,NA,NA,NA,NA,NA,NA,NA,NA,NA,NA,NA,NA,NA,NA,NA,NA,NA,NA,NA,2013,1992-04-27,NA,NA,NA,NA
"DK Metcalf","SEA","WR","14102","weighted",NA,NA,NA,NA,NA,NA,1.90121107266436,2.33826932983784,0,0,1.25551470588235,0.436618403232558,NA,NA,NA,NA,88.7320588235294,5.71399867242117,1329.68844290657,93.7362097458759,10.6548788927336,1.56749028448487,NA,NA,NA,NA,NA,NA,NA,NA,NA,NA,NA,NA,NA,NA,NA,NA,NA,NA,NA,NA,NA,NA,NA,NA,NA,NA,NA,NA,NA,NA,NA,NA,2019,1997-12-14,NA,NA,NA,NA
"Julio Jones","TEN","WR","10271","weighted",NA,NA,NA,NA,NA,NA,0.640319528546713,2.46085937921974,0.00157493512110727,0.00373429458361096,0.574653979238754,0.294148478719299,NA,NA,NA,NA,81.2070155709342,7.97122070326049,1190.2494982699,129.604573870187,7.22174307958477,0.966389626113843,NA,NA,NA,NA,NA,NA,NA,NA,NA,NA,NA,NA,NA,NA,NA,NA,NA,NA,NA,NA,NA,NA,NA,NA,NA,NA,NA,NA,NA,NA,NA,NA,2011,1989-02-03,"Q","Undisclosed",2021,0
"Brandin Cooks","HOU","WR","11674","weighted",NA,NA,NA,NA,NA,NA,7.74658428077113,10.1105438239356,0.00159663865546219,0.00373262092844544,0.480017301038062,0.29188603228033,NA,NA,NA,NA,77.7558823529412,7.61640131603262,1078.45482266436,144.953881116031,5.83225778546713,1.40109726035236,NA,NA,NA,NA,NA,NA,NA,NA,NA,NA,NA,NA,NA,NA,NA,NA,NA,NA,NA,NA,NA,NA,NA,NA,NA,NA,NA,NA,NA,NA,NA,NA,2014,1993-09-25,NA,NA,NA,NA
"Terry McLaurin","WAS","WR","14109","weighted",NA,NA,NA,NA,NA,NA,15.0954714532872,11.6931272922918,0.0377928818586258,0.0808512378571155,0.562746539792387,0.295272723082558,NA,NA,NA,NA,91.8839057093425,8.62024495197272,1236.00977076125,126.906787321462,6.99110726643599,1.67373599240417,NA,NA,NA,NA,NA,NA,NA,NA,NA,NA,NA,NA,NA,NA,NA,NA,NA,NA,NA,NA,NA,NA,NA,NA,NA,NA,NA,NA,NA,NA,NA,NA,2019,1995-09-15,NA,NA,NA,NA
"D.J. Moore","CAR","WR","13635","weighted",NA,NA,NA,NA,NA,NA,21.1815997281265,13.1419813444242,0.039540904597133,0.0634368618366102,0.37011678200692,0.333022899449405,NA,NA,NA,NA,79.3016522491349,5.39808493821232,1183.77826989619,88.0982805619836,5.43539359861592,1.07320731815716,NA,NA,NA,NA,NA,NA,NA,NA,NA,NA,NA,NA,NA,NA,NA,NA,NA,NA,NA,NA,NA,NA,NA,NA,NA,NA,NA,NA,NA,NA,NA,NA,2018,1997-04-14,NA,NA,NA,NA
"Amari Cooper","DAL","WR","12175","weighted",NA,NA,NA,NA,NA,NA,10.8348286115917,6.12919749443706,0.0094496107266436,0.0224057675016657,0.437641868512111,0.344244955846529,2.83,0,NA,NA,88.0040224913495,5.91368299328168,1168.6669766436,79.1017689669068,7.34093858131488,0.67880081515659,NA,NA,NA,NA,NA,NA,NA,NA,NA,NA,NA,NA,NA,NA,NA,NA,NA,NA,NA,NA,NA,NA,NA,NA,NA,NA,NA,NA,NA,NA,NA,NA,2015,1994-06-18,NA,NA,NA,NA
"Robert Woods","LAR","WR","11228","weighted",NA,NA,NA,NA,NA,NA,103.522459991349,24.7717601346333,0.861399031555363,0.439209839199509,0.49243339100346,0.317172887651734,NA,NA,NA,NA,95.7906185121107,5.88840211707074,1114.77442041522,105.197637371359,6.04583044982699,1.04344224117777,NA,NA,NA,NA,NA,NA,NA,NA,NA,NA,NA,NA,NA,NA,NA,NA,NA,NA,NA,NA,NA,NA,NA,NA,NA,NA,NA,NA,NA,NA,NA,NA,2013,1992-04-10,NA,NA,NA,NA
"Allen Robinson","CHI","WR","11678","weighted",NA,NA,NA,NA,NA,NA,0.989781033737024,1.14440395820929,0,0,0.592398356401384,0.296182842608876,NA,NA,NA,NA,100.763680795848,5.09752139528993,1228.46429065744,48.5513390176915,7.24714965397924,1.166465824454,NA,NA,NA,NA,NA,NA,NA,NA,NA,NA,NA,NA,NA,NA,NA,NA,NA,NA,NA,NA,NA,NA,NA,NA,NA,NA,NA,NA,NA,NA,NA,NA,2014,1993-08-24,NA,NA,NA,NA
"CeeDee Lamb","DAL","WR","14832","weighted",NA,NA,NA,NA,NA,NA,59.6534169550173,28.2638335232046,0.64897305981216,0.534430075456659,0.596760380622837,0.29766099692256,1.06,0,NA,NA,84.4343901384083,9.10151210911459,1128.17817041522,148.594545994379,7.55876297577855,2.63273303491984,NA,NA,NA,NA,NA,NA,NA,NA,NA,NA,NA,NA,NA,NA,NA,NA,NA,NA,NA,NA,NA,NA,NA,NA,NA,NA,NA,NA,NA,NA,NA,NA,2020,1999-04-08,NA,"Undisclosed",2021,0
"Chris Godwin","TB","WR","13163","weighted",NA,NA,NA,NA,NA,NA,4.17729725346021,4.32456558424102,0.00157493512110727,0.00373429458361096,0.435083910034602,0.346018136299155,NA,NA,NA,NA,84.1652422145329,9.15409216401333,1153.76251297578,124.166045613093,8.45540657439446,1.19392099704604,NA,NA,NA,NA,NA,NA,NA,NA,NA,NA,NA,NA,NA,NA,NA,NA,NA,NA,NA,NA,NA,NA,NA,NA,NA,NA,NA,NA,NA,NA,NA,NA,2017,1996-02-27,NA,NA,NA,NA
"Kenny Golladay","NYG","WR","13277","weighted",NA,NA,NA,NA,NA,NA,3.36510272491349,7.36737186253575,0.0537382600098863,0.109819854815289,0.592398356401384,0.296182842608876,NA,NA,NA,NA,72.5190008650519,8.27444342633621,1075.0100216263,126.996966594899,7.08850346020761,1.78476897597349,NA,NA,NA,NA,NA,NA,NA,NA,NA,NA,NA,NA,NA,NA,NA,NA,NA,NA,NA,NA,NA,NA,NA,NA,NA,NA,NA,NA,NA,NA,NA,NA,2017,1993-01-01,"Q","Hamstring",2021,0
"Jerry Jeudy","DEN","WR","14833","weighted",NA,NA,NA,NA,NA,NA,3.22221453287197,4.83733237619304,0,0,0.527335640138408,0.291189094774103,NA,NA,NA,NA,72.0016262975778,11.0793932312541,1039.95702854671,166.963343554999,5.24370674740484,1.6508135349181,NA,NA,NA,NA,NA,NA,NA,NA,NA,NA,NA,NA,NA,NA,NA,NA,NA,NA,NA,NA,NA,NA,NA,NA,NA,NA,NA,NA,NA,NA,NA,NA,2020,1999-04-24,NA,NA,NA,NA
"Diontae Johnson","PIT","WR","14208","weighted",NA,NA,NA,NA,NA,NA,23.0374938210578,9.42181401856986,0.0525954969826149,0.0759006820976658,1.15666522491349,0.595337118525778,NA,NA,NA,NA,97.3527595155709,8.13378083900081,1066.69837802768,105.328301533174,7.44778546712803,0.862505269974505,NA,NA,NA,NA,NA,NA,NA,NA,NA,NA,NA,NA,NA,NA,NA,NA,NA,NA,NA,NA,NA,NA,NA,NA,NA,NA,NA,NA,NA,NA,NA,NA,2019,NA,NA,NA,NA,NA
"Marvin Jones","JAC","WR","10738","weighted",NA,NA,NA,NA,NA,NA,1.54747404844291,2.609684496734,0.00159663865546219,0.00373262092844544,0.480017301038062,0.29188603228033,NA,NA,NA,NA,73.842928200692,9.52552436847528,952.401146193772,160.507844805961,6.60954152249135,1.24930916204775,NA,NA,NA,NA,NA,NA,NA,NA,NA,NA,NA,NA,NA,NA,NA,NA,NA,NA,NA,NA,NA,NA,NA,NA,NA,NA,NA,NA,NA,NA,NA,NA,2012,1990-03-12,"Q","Shoulder - AC Joint",2021,0
"Courtland Sutton","DEN","WR","13630","weighted",NA,NA,NA,NA,NA,NA,11.8254974048443,10.9044998636229,0.00798319327731092,0.0186631046422272,0.511769031141868,0.282903435203226,NA,NA,NA,NA,69.5325302768166,5.886171505745,1032.38503027682,111.438159938554,6.35253027681661,1.21740226049287,NA,NA,NA,NA,NA,NA,NA,NA,NA,NA,NA,NA,NA,NA,NA,NA,NA,NA,NA,NA,NA,NA,NA,NA,NA,NA,NA,NA,NA,NA,NA,NA,2018,1995-10-10,NA,NA,NA,NA
"Mike Evans","TB","WR","11671","weighted",NA,NA,NA,NA,NA,NA,0.185285467128028,0.404174491399564,0,0,0.574653979238754,0.294148478719299,NA,NA,NA,NA,75.8094247404844,6.43675990142135,1136.43187716263,71.446487389065,10.1763321799308,1.9821014884459,NA,NA,NA,NA,NA,NA,NA,NA,NA,NA,NA,NA,NA,NA,NA,NA,NA,NA,NA,NA,NA,NA,NA,NA,NA,NA,NA,NA,NA,NA,NA,NA,2014,1993-08-21,NA,NA,NA,NA
"Tee Higgins","CIN","WR","14835","weighted",NA,NA,NA,NA,NA,NA,16.8105369500741,12.789496923759,0.0303361344537815,0.0709197976404633,0.593918685121107,0.300906281921432,NA,NA,NA,NA,80.5468166089965,7.67694512381151,1069.85025519031,97.7753179198587,6.63110726643599,0.968699761966345,NA,NA,NA,NA,NA,NA,NA,NA,NA,NA,NA,NA,NA,NA,NA,NA,NA,NA,NA,NA,NA,NA,NA,NA,NA,NA,NA,NA,NA,NA,NA,NA,2020,1999-01-18,NA,NA,NA,NA
"Chase Claypool","PIT","WR","14841","weighted",NA,NA,NA,NA,NA,NA,38.6376977261493,46.1861833785139,0.613923628274839,0.731057549589669,0.554286332179931,0.283831140205596,NA,NA,NA,NA,70.0444766435986,12.4393693523344,944.911345155709,159.822797994197,7.4395285467128,1.06772668390037,NA,NA,NA,NA,NA,NA,NA,NA,NA,NA,NA,NA,NA,NA,NA,NA,NA,NA,NA,NA,NA,NA,NA,NA,NA,NA,NA,NA,NA,NA,NA,NA,2020,1970-01-01,NA,NA,NA,NA
"Odell Beckham","CLE","WR","11679","weighted",NA,NA,NA,NA,NA,NA,41.5059174956747,57.9829755350999,0.317521626297578,0.419942284034831,0.437641868512111,0.344244955846529,NA,NA,NA,NA,76.4028849480969,7.33953208541615,1043.48532871972,96.7488318973721,6.63806228373702,1.08957601329605,NA,NA,NA,NA,NA,NA,NA,NA,NA,NA,NA,NA,NA,NA,NA,NA,NA,NA,NA,NA,NA,NA,NA,NA,NA,NA,NA,NA,NA,NA,NA,NA,2014,1992-11-05,"Q","Knee - ACL",2021,0
"Corey Davis","NYJ","WR","13153","weighted",NA,NA,NA,NA,NA,NA,2.37246910528917,3.69308654288441,0,0,0.507456747404844,0.288186756013591,NA,NA,NA,NA,73.7058866782007,12.4339412655281,996.690311418685,130.114433568138,5.64124134948097,1.54504034662799,NA,NA,NA,NA,NA,NA,NA,NA,NA,NA,NA,NA,NA,NA,NA,NA,NA,NA,NA,NA,NA,NA,NA,NA,NA,NA,NA,NA,NA,NA,NA,NA,2017,1995-01-11,NA,NA,NA,NA
"Cooper Kupp","LAR","WR","13164","weighted",NA,NA,NA,NA,NA,NA,16.5117301038062,5.6946211629063,0.0248775340928755,0.0474867086627266,0.588042387543252,0.29293917468918,NA,NA,NA,NA,95.4662067474048,8.26666690330355,1083.20633217993,64.5456879555468,7.22740051903114,1.0655533979147,NA,NA,NA,NA,NA,NA,NA,NA,NA,NA,NA,NA,NA,NA,NA,NA,NA,NA,NA,NA,NA,NA,NA,NA,NA,NA,NA,NA,NA,NA,NA,NA,2017,1993-06-15,NA,NA,NA,NA
"Tyler Lockett","SEA","WR","12187","weighted",NA,NA,NA,NA,NA,NA,2.19968487394958,4.51126973358452,0,0,0.579282006920415,0.233784341522777,NA,NA,NA,NA,90.8665657439446,7.65363165322699,1070.13307958478,55.5178081826984,8.38983996539792,0.863217127600541,NA,NA,NA,NA,NA,NA,NA,NA,NA,NA,NA,NA,NA,NA,NA,NA,NA,NA,NA,NA,NA,NA,NA,NA,NA,NA,NA,NA,NA,NA,NA,NA,2015,1992-09-28,"Q","Groin",2021,0
"Marquez Callaway","NO","WR","15034","weighted",NA,NA,NA,NA,NA,NA,5.70603346787756,5.22006020517741,0.0075849310460814,0.0160509021119662,0.351094853683148,0.353510919562099,NA,NA,NA,NA,63.1221695257316,16.1973184101185,801.611816347124,220.25973427928,4.58895055499495,2.35433921145369,NA,NA,NA,NA,NA,NA,NA,NA,NA,NA,NA,NA,NA,NA,NA,NA,NA,NA,NA,NA,NA,NA,NA,NA,NA,NA,NA,NA,NA,NA,NA,NA,2020,1970-01-01,NA,NA,NA,NA
"D.J. Chark","JAC","WR","13668","weighted",NA,NA,NA,NA,NA,NA,3.81516806722689,4.72132504676542,0,0,0.480017301038062,0.29188603228033,NA,NA,NA,NA,67.7871280276816,8.34126311096312,919.014541522491,121.389221712989,6.14017301038062,1.53139175867378,NA,NA,NA,NA,NA,NA,NA,NA,NA,NA,NA,NA,NA,NA,NA,NA,NA,NA,NA,NA,NA,NA,NA,NA,NA,NA,NA,NA,NA,NA,NA,NA,2018,1996-09-23,"Q","Finger",2021,0
"Adam Thielen","MIN","WR","11938","weighted",NA,NA,NA,NA,NA,NA,11.2857575383094,5.21552080997637,0.176010874938211,0.377248750013911,0.619407439446367,0.316371677352077,NA,NA,NA,NA,79.6898053633218,4.64703938341212,1027.19585207612,51.2046590042497,9.29949826989619,1.72913969756132,NA,NA,NA,NA,NA,NA,NA,NA,NA,NA,NA,NA,NA,NA,NA,NA,NA,NA,NA,NA,NA,NA,NA,NA,NA,NA,NA,NA,NA,NA,NA,NA,2014,1990-08-22,"Q","Thigh",2021,0
"Ja'Marr Chase","CIN","WR","15281","weighted",NA,NA,NA,NA,NA,NA,8.21192165101335,6.80780660593245,0.0127731092436975,0.0298609674275635,1.09711937716263,0.592299636259896,NA,NA,NA,NA,70.1212024221453,8.04179878617834,988.266855536332,110.021778608904,5.83628460207612,0.956345024191635,NA,NA,NA,NA,NA,NA,NA,NA,NA,NA,NA,NA,NA,NA,NA,NA,NA,NA,NA,NA,NA,NA,NA,NA,NA,NA,NA,NA,NA,NA,NA,NA,2021,2000-03-01,NA,NA,NA,NA
"Deebo Samuel","SF","WR","14136","weighted",NA,NA,NA,NA,NA,NA,96.4526927829955,60.6438353513186,0.653443736577098,0.800253419024859,0.375800173010381,0.329803772951164,NA,NA,NA,NA,74.8025519031142,8.75584698480074,980.011591695502,93.0618906666118,5.60477508650519,1.47762559364815,NA,NA,NA,NA,NA,NA,NA,NA,NA,NA,NA,NA,NA,NA,NA,NA,NA,NA,NA,NA,NA,NA,NA,NA,NA,NA,NA,NA,NA,NA,NA,NA,2019,1970-01-01,NA,NA,NA,NA
"Brandon Aiyuk","SF","WR","14840","weighted",NA,NA,NA,NA,NA,NA,72.3736251853683,48.7563108278205,0.812383300968807,0.467225551855346,0.455108131487889,0.292591693776455,NA,NA,NA,NA,75.0925259515571,5.30196427509514,975.290077854671,79.3588326370072,6.87537197231834,0.797931419297685,NA,NA,NA,NA,NA,NA,NA,NA,NA,NA,NA,NA,NA,NA,NA,NA,NA,NA,NA,NA,NA,NA,NA,NA,NA,NA,NA,NA,NA,NA,NA,NA,2020,1970-01-01,"Q","Hamstring",2021,0
"Michael Gallup","DAL","WR","13646","weighted",NA,NA,NA,NA,NA,NA,0.853203163618388,1.28273480115328,0.00185409457900807,0.00365514454692516,0.483797577854671,0.289044661309638,NA,NA,NA,NA,67.0752984429066,4.31884814251401,1004.3614100346,71.1271627516611,5.89210640138408,0.440708406681456,NA,NA,NA,NA,NA,NA,NA,NA,NA,NA,NA,NA,NA,NA,NA,NA,NA,NA,NA,NA,NA,NA,NA,NA,NA,NA,NA,NA,NA,NA,NA,NA,2018,1996-03-04,NA,NA,NA,NA
"Gabriel Davis","BUF","WR","14845","weighted",NA,NA,NA,NA,NA,NA,1.44202404978137,2.58647620793777,0.00189623276152035,0.00401272552799155,0.0152850655903128,0.0137652496444328,NA,NA,NA,NA,41.3863824419778,16.257049752779,635.762255297679,243.424712525646,5.04893541876892,2.17143028755508,NA,NA,NA,NA,NA,NA,NA,NA,NA,NA,NA,NA,NA,NA,NA,NA,NA,NA,NA,NA,NA,NA,NA,NA,NA,NA,NA,NA,NA,NA,NA,NA,2020,1970-01-01,NA,NA,NA,NA
"Robby Anderson","CAR","WR","12930","weighted",NA,NA,NA,NA,NA,NA,13.7298214285714,10.9695891359973,0.0192993079584775,0.0412768516557562,0.537257785467128,0.286992843686745,NA,NA,NA,NA,80.9472448096886,4.45838419506733,999.326747404844,50.3886940399177,5.35910034602076,0.924918589156701,NA,NA,NA,NA,NA,NA,NA,NA,NA,NA,NA,NA,NA,NA,NA,NA,NA,NA,NA,NA,NA,NA,NA,NA,NA,NA,NA,NA,NA,NA,NA,NA,2016,1993-05-09,NA,NA,NA,NA
"Laviska Shenault","JAC","WR","14838","weighted",NA,NA,NA,NA,NA,NA,109.727414112704,39.6778527831634,0.6252047281275,0.465733690633553,0.375800173010381,0.329803772951164,NA,NA,NA,NA,70.0424740484429,12.1022181772287,793.651639273356,171.606177344983,5.05674307958477,1.13714543345007,NA,NA,NA,NA,NA,NA,NA,NA,NA,NA,NA,NA,NA,NA,NA,NA,NA,NA,NA,NA,NA,NA,NA,NA,NA,NA,NA,NA,NA,NA,NA,NA,2020,1970-01-01,NA,NA,NA,NA
"DeVante Parker","MIA","WR","12176","weighted",NA,NA,NA,NA,NA,NA,0.164453781512605,0.38445995562988,0,0,0.503676470588235,0.291078935488372,NA,NA,NA,NA,68.959026816609,4.90232642987459,924.216237024221,96.2778813962098,5.81487024221453,0.630170841878864,NA,NA,NA,NA,NA,NA,NA,NA,NA,NA,NA,NA,NA,NA,NA,NA,NA,NA,NA,NA,NA,NA,NA,NA,NA,NA,NA,NA,NA,NA,NA,NA,2015,1993-01-20,NA,NA,NA,NA
"Sterling Shepard","NYG","WR","12658","weighted",NA,NA,NA,NA,NA,NA,30.6779658922392,27.6823661580163,0.355739001482946,0.413184828005236,0.466410034602076,0.288814870733793,NA,NA,NA,NA,71.5601643598616,13.7383573084704,770.977988754325,156.005826366304,4.49118944636678,1.01268023674616,NA,NA,NA,NA,NA,NA,NA,NA,NA,NA,NA,NA,NA,NA,NA,NA,NA,NA,NA,NA,NA,NA,NA,NA,NA,NA,NA,NA,NA,NA,NA,NA,2016,NA,NA,NA,NA,NA
"Jakobi Meyers","NE","WR","14127","weighted",NA,NA,NA,NA,NA,NA,6.38504877228389,6.11635117953072,0.00568869828456105,0.0120381765839747,0.873912714429869,0.605407520675204,NA,NA,NA,NA,68.4144096871847,11.6539545784151,878.667669021191,151.991634883967,4.01027245206862,1.86891677809684,NA,NA,NA,NA,NA,NA,NA,NA,NA,NA,NA,NA,NA,NA,NA,NA,NA,NA,NA,NA,NA,NA,NA,NA,NA,NA,NA,NA,NA,NA,NA,NA,2019,1996-11-09,NA,NA,NA,NA
"Jarvis Landry","CLE","WR","11680","weighted",NA,NA,NA,NA,NA,NA,7.02309688581315,5.77305058048843,0.258743203163618,0.383686372724491,0.421094290657439,0.307293155791795,NA,NA,NA,NA,78.7674394463668,6.90833258907863,953.716358131488,77.7174772994335,5.37953719723183,1.08204289240678,NA,NA,NA,NA,NA,NA,NA,NA,NA,NA,NA,NA,NA,NA,NA,NA,NA,NA,NA,NA,NA,NA,NA,NA,NA,NA,NA,NA,NA,NA,NA,NA,2014,1992-11-28,NA,NA,NA,NA
"DeVonta Smith","PHI","WR","15282","weighted",NA,NA,NA,NA,NA,NA,11.404611962432,10.2475879945145,0.0286962432031636,0.0485166814692046,0.700493079584775,0.671936825792286,NA,NA,NA,NA,63.6586894463668,10.0010923866807,884.45767733564,117.882194718516,5.07846453287197,1.2968972493252,NA,NA,NA,NA,NA,NA,NA,NA,NA,NA,NA,NA,NA,NA,NA,NA,NA,NA,NA,NA,NA,NA,NA,NA,NA,NA,NA,NA,NA,NA,NA,NA,2021,1998-11-14,NA,NA,NA,NA
"JuJu Smith-Schuster","PIT","WR","13156","weighted",NA,NA,NA,NA,NA,NA,0.365123578843302,0.511649116513442,0,0,1.05657439446367,0.150639955194182,NA,NA,NA,NA,91.4697794117647,7.55573194315118,949.074325259515,75.170273428481,7.36407006920415,0.800031861070892,NA,NA,NA,NA,NA,NA,NA,NA,NA,NA,NA,NA,NA,NA,NA,NA,NA,NA,NA,NA,NA,NA,NA,NA,NA,NA,NA,NA,NA,NA,NA,NA,2017,1996-11-22,NA,NA,NA,NA
"Emmanuel Sanders","BUF","WR","9918","weighted",NA,NA,NA,NA,NA,NA,6.83999134948097,7.92283709331467,0.0377137913989125,0.0726511686943274,0.350246539792388,0.335968412896143,NA,NA,NA,NA,62.8517474048443,13.9836558807702,787.814593425605,168.445520167158,5.3446669550173,0.518944832875038,NA,NA,NA,NA,NA,NA,NA,NA,NA,NA,NA,NA,NA,NA,NA,NA,NA,NA,NA,NA,NA,NA,NA,NA,NA,NA,NA,NA,NA,NA,NA,NA,2010,1987-03-17,NA,NA,NA,NA
"Mike Williams","LAC","WR","13154","weighted",NA,NA,NA,NA,NA,NA,1.61015715109573,1.48375001229624,0,0,0.503676470588235,0.291078935488372,NA,NA,NA,NA,56.0806920415225,5.15688705533469,915.734243079585,106.572725792107,5.17964965397924,1.17226186121552,NA,NA,NA,NA,NA,NA,NA,NA,NA,NA,NA,NA,NA,NA,NA,NA,NA,NA,NA,NA,NA,NA,NA,NA,NA,NA,NA,NA,NA,NA,NA,NA,2017,1994-10-04,NA,NA,NA,NA
"Will Fuller","MIA","WR","12647","weighted",NA,NA,NA,NA,NA,NA,1.32719784837788,1.97679406707523,0,0,0.526340561438897,0.318935414374211,NA,NA,NA,NA,64.3235804336863,12.5383431657672,872.645113464448,147.404752290144,6.18249117498739,1.71006936956571,NA,NA,NA,NA,NA,NA,NA,NA,NA,NA,NA,NA,NA,NA,NA,NA,NA,NA,NA,NA,NA,NA,NA,NA,NA,NA,NA,NA,NA,NA,NA,NA,2016,1994-04-16,"S","Foot",2021,0
"Nelson Agholor","NE","WR","12181","weighted",NA,NA,NA,NA,NA,NA,6.00347750865052,7.45891229740395,0.00159663865546219,0.00373262092844544,0.706833910034602,0.134753909385287,NA,NA,NA,NA,55.183196366782,6.98056743442738,820.953819204152,129.492271412119,5.22610294117647,1.12076001466673,NA,NA,NA,NA,NA,NA,NA,NA,NA,NA,NA,NA,NA,NA,NA,NA,NA,NA,NA,NA,NA,NA,NA,NA,NA,NA,NA,NA,NA,NA,NA,NA,2015,1993-05-24,NA,NA,NA,NA
"Russell Gage","ATL","WR","13809","weighted",NA,NA,NA,NA,NA,NA,8.59949703410776,8.25389193325021,0.00319327731092437,0.00746524185689087,0.412590830449827,0.302941273689246,NA,NA,NA,NA,72.33598183391,14.0558213093828,816.196457612457,168.940991135845,4.59218425605536,1.12390099441532,NA,NA,NA,NA,NA,NA,NA,NA,NA,NA,NA,NA,NA,NA,NA,NA,NA,NA,NA,NA,NA,NA,NA,NA,NA,NA,NA,NA,NA,NA,NA,NA,2018,1996-01-22,NA,NA,NA,NA
"Tyler Boyd","CIN","WR","12650","weighted",NA,NA,NA,NA,NA,NA,22.345590706871,16.1382485532879,0.0542857142857143,0.126909111567145,0.650579584775086,0.328259308169804,NA,NA,NA,NA,83.4134515570934,6.60623578857619,932.476812283737,93.3377506022156,5.59721885813149,0.609553687175472,NA,NA,NA,NA,NA,NA,NA,NA,NA,NA,NA,NA,NA,NA,NA,NA,NA,NA,NA,NA,NA,NA,NA,NA,NA,NA,NA,NA,NA,NA,NA,NA,2016,1994-11-15,NA,NA,NA,NA
"Antonio Brown","TB","WR","9988","weighted",NA,NA,NA,NA,NA,NA,16.3476878398418,14.9066615772298,0.0159663865546218,0.0373262092844544,0.350246539792388,0.335968412896143,NA,NA,NA,NA,71.9032006920415,15.8766568049781,816.665406574394,161.591388593559,6.68108131487889,1.62070350473139,NA,NA,NA,NA,NA,NA,NA,NA,NA,NA,NA,NA,NA,NA,NA,NA,NA,NA,NA,NA,NA,NA,NA,NA,NA,NA,NA,NA,NA,NA,NA,NA,2010,1988-07-10,NA,NA,NA,NA
"Henry Ruggs","LVR","WR","14834","weighted",NA,NA,NA,NA,NA,NA,51.0562209589718,20.5506527659219,0.0776890515320521,0.112329306699415,1.84574826989619,1.14738156358538,NA,NA,NA,NA,54.0982439446367,8.12603654892624,858.216237024221,135.710711327663,5.21465397923875,1.59846843154522,NA,NA,NA,NA,NA,NA,NA,NA,NA,NA,NA,NA,NA,NA,NA,NA,NA,NA,NA,NA,NA,NA,NA,NA,NA,NA,NA,NA,NA,NA,NA,NA,2020,1970-01-01,NA,NA,NA,NA
"Jaylen Waddle","MIA","WR","15284","weighted",NA,NA,NA,NA,NA,NA,13.8138544241226,15.993082534898,0.0175457241720217,0.0329819072004733,0.842145328719723,0.603944341921344,NA,NA,NA,NA,55.5663624567474,11.9634547811597,760.742331314879,204.639696534527,4.58071366782007,1.95837869986217,NA,NA,NA,NA,NA,NA,NA,NA,NA,NA,NA,NA,NA,NA,NA,NA,NA,NA,NA,NA,NA,NA,NA,NA,NA,NA,NA,NA,NA,NA,NA,NA,2021,1998-11-25,NA,NA,NA,NA
"Marquise Brown","BAL","WR","14105","weighted",NA,NA,NA,NA,NA,NA,10.0766312407316,11.119580924916,0.0750420168067227,0.175433183636935,0.355929930795848,0.332675593084466,NA,NA,NA,NA,64.4891955017301,6.61315590588378,872.781937716263,81.3087783593215,7.20624134948097,0.638010922322539,NA,NA,NA,NA,NA,NA,NA,NA,NA,NA,NA,NA,NA,NA,NA,NA,NA,NA,NA,NA,NA,NA,NA,NA,NA,NA,NA,NA,NA,NA,NA,NA,2019,1997-06-04,NA,NA,NA,NA
"Cole Beasley","BUF","WR","10973","weighted",NA,NA,NA,NA,NA,NA,0.233109243697479,0.544962655553034,0,0,0.480017301038062,0.29188603228033,NA,NA,NA,NA,74.7902595155709,13.2928315615823,858.835069204152,146.49185295372,4.66387543252595,0.756400389847668,NA,NA,NA,NA,NA,NA,NA,NA,NA,NA,NA,NA,NA,NA,NA,NA,NA,NA,NA,NA,NA,NA,NA,NA,NA,NA,NA,NA,NA,NA,NA,NA,2012,1989-04-26,NA,NA,NA,NA
"Curtis Samuel","WAS","WR","13157","weighted",NA,NA,NA,NA,NA,NA,133.471691176471,51.0657912655096,0.801453867658701,0.383220058343777,0.792318339100346,0.380190838113602,NA,NA,NA,NA,70.8204714532872,10.7881531738906,830.552932525952,127.00352697902,4.72900951557093,1.5087245096029,NA,NA,NA,NA,NA,NA,NA,NA,NA,NA,NA,NA,NA,NA,NA,NA,NA,NA,NA,NA,NA,NA,NA,NA,NA,NA,NA,NA,NA,NA,NA,NA,2017,1996-08-11,"Q","Groin",2021,0
"Tyrell Williams","DET","WR","12391","weighted",NA,NA,NA,NA,NA,NA,0.552382600098863,0.813962305019345,0,0,0.503676470588235,0.291078935488372,NA,NA,NA,NA,58.7874653979239,10.3088377567786,861.558715397924,108.413455070584,5.60746972318339,1.20928410271127,NA,NA,NA,NA,NA,NA,NA,NA,NA,NA,NA,NA,NA,NA,NA,NA,NA,NA,NA,NA,NA,NA,NA,NA,NA,NA,NA,NA,NA,NA,NA,NA,NA,NA,"Q","Groin",2021,0
"Michael Pittman","IND","WR","14842","weighted",NA,NA,NA,NA,NA,NA,25.0496379139891,11.4708242108566,0.014500107751278,0.0335888676696133,0.37011678200692,0.333022899449405,NA,NA,NA,NA,64.2128243944637,7.0478769379009,847.983914359862,89.2976980392106,4.65669982698962,1.64644646935507,NA,NA,NA,NA,NA,NA,NA,NA,NA,NA,NA,NA,NA,NA,NA,NA,NA,NA,NA,NA,NA,NA,NA,NA,NA,NA,NA,NA,NA,NA,NA,NA,2020,1997-10-05,NA,NA,NA,NA
"Elijah Moore","NYJ","WR","15288","weighted",NA,NA,NA,NA,NA,NA,15.1526490344249,17.3508717526409,0.0170403022670025,0.0360943935856333,0.842883291351805,0.646814914401298,NA,NA,NA,NA,57.0029924433249,8.67247520013358,760.695138539043,151.345153861089,4.12049874055416,0.810547032915901,NA,NA,NA,NA,NA,NA,NA,NA,NA,NA,NA,NA,NA,NA,NA,NA,NA,NA,NA,NA,NA,NA,NA,NA,NA,NA,NA,NA,NA,NA,NA,NA,2021,2000-03-27,NA,NA,NA,NA
"KJ Hamler","DEN","WR","14837","weighted",NA,NA,NA,NA,NA,NA,42.746429807217,23.3575531083004,0.11686789421651,0.182240834236543,0.364455017301038,0.327933575177933,NA,NA,NA,NA,39.9079887543253,12.259943931765,523.35473615917,198.699466652731,3.29960207612457,1.61227519490506,NA,NA,NA,NA,NA,NA,NA,NA,NA,NA,NA,NA,NA,NA,NA,NA,NA,NA,NA,NA,NA,NA,NA,NA,NA,NA,NA,NA,NA,NA,NA,NA,2020,1970-01-01,"Q","Illness",2021,0
"Darnell Mooney","CHI","WR","14974","weighted",NA,NA,NA,NA,NA,NA,23.4010868759268,10.4566153460205,0.0238790459753647,0.0374294555398544,0.423935986159169,0.305114978600758,NA,NA,NA,NA,69.2382482698962,9.40746210368091,788.776639273356,99.1002387209638,4.98704152249135,0.806577111469627,NA,NA,NA,NA,NA,NA,NA,NA,NA,NA,NA,NA,NA,NA,NA,NA,NA,NA,NA,NA,NA,NA,NA,NA,NA,NA,NA,NA,NA,NA,NA,NA,2020,1997-10-29,NA,NA,NA,NA
"Jamison Crowder","NYJ","WR","12184","weighted",NA,NA,NA,NA,NA,NA,5.55451062778052,5.52619159841671,0.0143697478991597,0.0335935883560089,0.350246539792388,0.335968412896143,NA,NA,NA,NA,59.586401384083,16.6983072035838,683.584307958477,180.653560304751,4.90782439446367,1.9058278826337,NA,NA,NA,NA,NA,NA,NA,NA,NA,NA,NA,NA,NA,NA,NA,NA,NA,NA,NA,NA,NA,NA,NA,NA,NA,NA,NA,NA,NA,NA,NA,NA,2015,1993-06-17,NA,NA,NA,NA
"DeSean Jackson","LAR","WR","9075","weighted",NA,NA,NA,NA,NA,NA,14.2777425044092,12.8181163480617,0.051522633744856,0.0770938919506497,0.35240152851264,0.403394503440408,NA,NA,NA,NA,36.1860199882422,18.135873445663,562.260446796002,275.833923664626,3.53142857142857,2.00964408588514,NA,NA,NA,NA,NA,NA,NA,NA,NA,NA,NA,NA,NA,NA,NA,NA,NA,NA,NA,NA,NA,NA,NA,NA,NA,NA,NA,NA,NA,NA,NA,NA,2008,1986-12-01,NA,NA,NA,NA
"Amon-Ra St. Brown","DET","WR","15287","weighted",NA,NA,NA,NA,NA,NA,4.20612703905091,3.84664738044193,0,0,0.612530276816609,0.677675090192266,NA,NA,NA,NA,46.6831271626298,16.145751174844,623.792400519031,232.601727366182,3.06531574394464,1.64534727370571,NA,NA,NA,NA,NA,NA,NA,NA,NA,NA,NA,NA,NA,NA,NA,NA,NA,NA,NA,NA,NA,NA,NA,NA,NA,NA,NA,NA,NA,NA,NA,NA,2021,1999-10-24,NA,NA,NA,NA
"Randall Cobb","GB","WR","10308","weighted",NA,NA,NA,NA,NA,NA,2.57445501730104,3.10745106201265,0,0,0.503676470588235,0.291078935488372,NA,NA,NA,NA,53.083347750865,16.2605235828423,629.287266435986,201.805985582471,3.94202422145329,1.30998587596206,NA,NA,NA,NA,NA,NA,NA,NA,NA,NA,NA,NA,NA,NA,NA,NA,NA,NA,NA,NA,NA,NA,NA,NA,NA,NA,NA,NA,NA,NA,NA,NA,2011,1990-08-22,NA,NA,NA,NA
"Denzel Mims","NYJ","WR","14846","weighted",NA,NA,NA,NA,NA,NA,3.26422643746295,3.10001994234436,0.00390041493775934,0.00886396013822154,0.00398735427781071,0.00360618014761517,NA,NA,NA,NA,33.5351807943094,17.1077177164934,462.112323651452,266.657575925699,2.05557794902193,1.88756634613432,NA,NA,NA,NA,NA,NA,NA,NA,NA,NA,NA,NA,NA,NA,NA,NA,NA,NA,NA,NA,NA,NA,NA,NA,NA,NA,NA,NA,NA,NA,NA,NA,2020,1970-01-01,"Q","Hip",2021,0
"Tre'Quan Smith","NO","WR","13645","weighted",NA,NA,NA,NA,NA,NA,2.11211566979733,2.90852207697877,0.00319327731092437,0.00746524185689087,0.158680795847751,0.165286664169315,NA,NA,NA,NA,48.9444247404844,11.8503381185891,686.172936851211,198.817961523042,5.48540657439446,1.60769766088968,NA,NA,NA,NA,NA,NA,NA,NA,NA,NA,NA,NA,NA,NA,NA,NA,NA,NA,NA,NA,NA,NA,NA,NA,NA,NA,NA,NA,NA,NA,NA,NA,2018,NA,"Q","Undisclosed",2021,0
"Deonte Harris","NO","WR","14558","weighted",NA,NA,NA,NA,NA,NA,55.7389093588799,30.5785952388075,0.195865880619013,0.339332909915788,0.409801031687546,0.348863370863255,NA,NA,NA,NA,39.3242667649226,27.9147275883918,429.484797347089,308.277960507067,2.08869565217391,1.63797633141036,NA,NA,NA,NA,NA,NA,NA,NA,NA,NA,NA,NA,NA,NA,NA,NA,NA,NA,NA,NA,NA,NA,NA,NA,NA,NA,NA,NA,NA,NA,NA,NA,2019,1970-01-01,NA,NA,NA,NA
"Demarcus Robinson","KC","WR","12785","weighted",NA,NA,NA,NA,NA,NA,0.966834846955937,1.55675731175016,0,0,0.790615539858729,0.108495541102525,NA,NA,NA,NA,41.5914530776993,13.5585899407975,505.734212916246,184.062532222752,3.37664984863774,1.30168175268765,NA,NA,NA,NA,NA,NA,NA,NA,NA,NA,NA,NA,NA,NA,NA,NA,NA,NA,NA,NA,NA,NA,NA,NA,NA,NA,NA,NA,NA,NA,NA,NA,2016,1994-09-21,NA,NA,NA,NA
"Mecole Hardman","KC","WR","14113","weighted",NA,NA,NA,NA,NA,NA,46.4617826248146,13.3111219602276,0.102397532814316,0.154213563699174,1.80431660899654,0.950905431907881,NA,NA,NA,NA,56.0191868512111,6.63997473051968,757.088637543253,101.128227258234,5.33897491349481,1.13712288664519,NA,NA,NA,NA,NA,NA,NA,NA,NA,NA,NA,NA,NA,NA,NA,NA,NA,NA,NA,NA,NA,NA,NA,NA,NA,NA,NA,NA,NA,NA,NA,NA,2019,1998-03-12,NA,NA,NA,NA
"T.Y. Hilton","IND","WR","10729","weighted",NA,NA,NA,NA,NA,NA,0.218739495798319,0.511369067197025,0,0,0.480017301038062,0.29188603228033,NA,NA,NA,NA,53.379589100346,5.75577473670259,722.476306228374,94.114152648543,4.77264273356401,0.678789834054932,NA,NA,NA,NA,NA,NA,NA,NA,NA,NA,NA,NA,NA,NA,NA,NA,NA,NA,NA,NA,NA,NA,NA,NA,NA,NA,NA,NA,NA,NA,NA,NA,2012,1989-11-14,"O","Neck",2021,0
"Marquez Valdes-Scantling","GB","WR","13793","weighted",NA,NA,NA,NA,NA,NA,15.1285405338606,8.95035313465653,0.00638655462184874,0.0149304837137817,0.610903979238754,0.311022563945824,NA,NA,NA,NA,34.9957612456747,9.83016353930385,629.891111591695,207.553585143677,4.65564878892734,1.87568237779817,NA,NA,NA,NA,NA,NA,NA,NA,NA,NA,NA,NA,NA,NA,NA,NA,NA,NA,NA,NA,NA,NA,NA,NA,NA,NA,NA,NA,NA,NA,NA,NA,2018,1994-10-10,NA,NA,NA,NA
"Christian Kirk","ARI","WR","13633","weighted",NA,NA,NA,NA,NA,NA,25.3153868017795,17.5042690950245,0.00693133417258122,0.0149856336915961,0.350246539792388,0.335968412896143,NA,NA,NA,NA,56.1875821799308,13.2258684912989,679.976470588235,148.03686039575,4.46407439446367,1.13622516976695,NA,NA,NA,NA,NA,NA,NA,NA,NA,NA,NA,NA,NA,NA,NA,NA,NA,NA,NA,NA,NA,NA,NA,NA,NA,NA,NA,NA,NA,NA,NA,NA,2018,1996-11-18,NA,NA,NA,NA
"Rondale Moore","ARI","WR","15283","weighted",NA,NA,NA,NA,NA,NA,33.0516754850088,60.9112808922617,0.00193415637860082,0.00441801881378952,1.01298206937096,1.21304145074441,NA,NA,NA,NA,39.4849911816578,26.2099921044275,482.889747207525,345.327027579501,2.71271604938272,1.88610063306749,NA,NA,NA,NA,NA,NA,NA,NA,NA,NA,NA,NA,NA,NA,NA,NA,NA,NA,NA,NA,NA,NA,NA,NA,NA,NA,NA,NA,NA,NA,NA,NA,2021,1970-01-01,NA,NA,NA,NA
"Kendrick Bourne","NE","WR","13418","weighted",NA,NA,NA,NA,NA,NA,1.76715471250741,3.45183256793352,0,0,0.040308239478364,0.0221087047308769,NA,NA,NA,NA,39.8360284528749,17.7553448376359,509.645554238293,245.2901017828,2.40238885595732,1.65492959889867,NA,NA,NA,NA,NA,NA,NA,NA,NA,NA,NA,NA,NA,NA,NA,NA,NA,NA,NA,NA,NA,NA,NA,NA,NA,NA,NA,NA,NA,NA,NA,NA,2017,1995-08-04,NA,NA,NA,NA
"Jalen Reagor","PHI","WR","14839","weighted",NA,NA,NA,NA,NA,NA,14.4094908551656,18.7542900847484,0.0319327731092437,0.0746524185689087,0.372958477508651,0.33140014944064,NA,NA,NA,NA,53.9777076124567,7.07325527674529,720.957015570934,110.503281454904,4.33521193771626,1.05402018039295,NA,NA,NA,NA,NA,NA,NA,NA,NA,NA,NA,NA,NA,NA,NA,NA,NA,NA,NA,NA,NA,NA,NA,NA,NA,NA,NA,NA,NA,NA,NA,NA,2020,1999-01-02,NA,NA,NA,NA
"Tim Patrick","DEN","WR","13377","weighted",NA,NA,NA,NA,NA,NA,0.781073362875431,1.29072002004195,0,0,0.481864434597079,0.315716276994315,NA,NA,NA,NA,33.249596258001,15.816682213521,470.490295420975,240.282079241222,3.02486952240276,1.89875035543511,NA,NA,NA,NA,NA,NA,NA,NA,NA,NA,NA,NA,NA,NA,NA,NA,NA,NA,NA,NA,NA,NA,NA,NA,NA,NA,NA,NA,NA,NA,NA,NA,2017,1993-11-23,NA,NA,NA,NA
"Parris Campbell","IND","WR","14112","weighted",NA,NA,NA,NA,NA,NA,25.6172035907859,21.5199361347584,0.0272061314363144,0.0525168499070632,0.26199864498645,0.13989084860366,NA,NA,NA,NA,44.1057012195122,14.7148145457248,533.020050813008,205.08063086744,2.9135162601626,1.61701451808638,NA,NA,NA,NA,NA,NA,NA,NA,NA,NA,NA,NA,NA,NA,NA,NA,NA,NA,NA,NA,NA,NA,NA,NA,NA,NA,NA,NA,NA,NA,NA,NA,2019,1997-07-16,NA,NA,NA,NA
"Nico Collins","HOU","WR","15290","weighted",NA,NA,NA,NA,NA,NA,2.44354368932039,4.3744250870602,0,0,0.0746553398058252,0.0543229259177411,NA,NA,NA,NA,36.2992621359223,22.0612584065078,469.917582524272,308.938478540248,3.05029126213592,1.85302080717618,NA,NA,NA,NA,NA,NA,NA,NA,NA,NA,NA,NA,NA,NA,NA,NA,NA,NA,NA,NA,NA,NA,NA,NA,NA,NA,NA,NA,NA,NA,NA,NA,2021,1999-03-19,NA,NA,NA,NA
"Quez Watkins","PHI","WR","14992","weighted",NA,NA,NA,NA,NA,NA,1.3616043956044,2.53009748055983,0.0117582417582418,0.0218488556179605,0.023990638990639,0.0177169348722985,NA,NA,NA,NA,32.1189377289377,18.4202330585267,425.306562881563,280.573735714106,2.33025641025641,1.7695287247526,NA,NA,NA,NA,NA,NA,NA,NA,NA,NA,NA,NA,NA,NA,NA,NA,NA,NA,NA,NA,NA,NA,NA,NA,NA,NA,NA,NA,NA,NA,NA,NA,2020,1998-06-09,NA,NA,NA,NA
"Adam Humphries","WAS","WR","12505","weighted",NA,NA,NA,NA,NA,NA,5.44743680188125,7.3020944339384,0.0116049382716049,0.0265081128827371,0.466162551440329,0.353311182699268,NA,NA,NA,NA,45.4604585537919,22.1174599809074,448.572727807172,220.906868230311,2.39937095825985,1.47582030591653,NA,NA,NA,NA,NA,NA,NA,NA,NA,NA,NA,NA,NA,NA,NA,NA,NA,NA,NA,NA,NA,NA,NA,NA,NA,NA,NA,NA,NA,NA,NA,NA,NA,NA,NA,NA,NA,NA
"Bryan Edwards","LVR","WR","14844","weighted",NA,NA,NA,NA,NA,NA,3.77924712059621,4.7418315040191,0.00381944444444445,0.00804606943277903,0.0483384146341463,0.033732013470724,NA,NA,NA,NA,39.4572306910569,12.6937659195614,547.722276422764,158.394918672023,2.43492886178862,1.66264505033068,NA,NA,NA,NA,NA,NA,NA,NA,NA,NA,NA,NA,NA,NA,NA,NA,NA,NA,NA,NA,NA,NA,NA,NA,NA,NA,NA,NA,NA,NA,NA,NA,2020,1970-01-01,NA,NA,NA,NA
"Chris Conley","HOU","WR","12257","weighted",NA,NA,NA,NA,NA,NA,0.139259259259259,0.318097354592846,0,0,0.721262002743484,0.159542752653616,NA,NA,NA,NA,39.2667548500882,12.4406188217239,545.082522045855,203.144394099391,2.93225161669606,1.09103428952829,NA,NA,NA,NA,NA,NA,NA,NA,NA,NA,NA,NA,NA,NA,NA,NA,NA,NA,NA,NA,NA,NA,NA,NA,NA,NA,NA,NA,NA,NA,NA,NA,2015,1992-10-25,NA,NA,NA,NA
"Darius Slayton","NYG","WR","14122","weighted",NA,NA,NA,NA,NA,NA,1.23300049431537,2.55587302484851,0.00478991596638655,0.0111978627853363,0.257902249134948,0.233053680132946,NA,NA,NA,NA,44.6039965397924,6.02647566324698,646.56410467128,70.1273572946963,3.74410899653979,0.673505585496388,NA,NA,NA,NA,NA,NA,NA,NA,NA,NA,NA,NA,NA,NA,NA,NA,NA,NA,NA,NA,NA,NA,NA,NA,NA,NA,NA,NA,NA,NA,NA,NA,2019,1997-01-12,"Q","Ankle",2021,0
"Josh Reynolds","TEN","WR","13168","weighted",NA,NA,NA,NA,NA,NA,4.94682418699187,4.68613344259633,0.00763888888888889,0.0160921388655581,0.286973238482385,0.157128161723552,NA,NA,NA,NA,42.5483333333333,11.5582370329649,515.538074186992,162.678613228619,3.20551829268293,1.30613676017768,NA,NA,NA,NA,NA,NA,NA,NA,NA,NA,NA,NA,NA,NA,NA,NA,NA,NA,NA,NA,NA,NA,NA,NA,NA,NA,NA,NA,NA,NA,NA,NA,2017,1995-02-16,NA,NA,NA,NA
"Allen Lazard","GB","WR","13632","weighted",NA,NA,NA,NA,NA,NA,10.0903633217993,9.38329361759171,0.00319327731092437,0.00746524185689087,0.435237889273356,0.297561386835295,NA,NA,NA,NA,42.8392041522491,11.2704436163324,584.574649653979,139.550610825247,3.70080017301038,0.846734551803166,NA,NA,NA,NA,NA,NA,NA,NA,NA,NA,NA,NA,NA,NA,NA,NA,NA,NA,NA,NA,NA,NA,NA,NA,NA,NA,NA,NA,NA,NA,NA,NA,2018,1995-12-11,NA,NA,NA,NA
"Byron Pringle","KC","WR","13863","weighted",NA,NA,NA,NA,NA,NA,0.275142857142857,0.511263221460276,0,0,0.21996336996337,0.0447411620611562,NA,NA,NA,NA,28.4366727716728,15.0682903535854,359.026984126984,196.801385104092,2.15172771672772,1.49760359931119,NA,NA,NA,NA,NA,NA,NA,NA,NA,NA,NA,NA,NA,NA,NA,NA,NA,NA,NA,NA,NA,NA,NA,NA,NA,NA,NA,NA,NA,NA,NA,NA,2018,1970-01-01,NA,NA,NA,NA
"Hunter Renfrow","LVR","WR","14123","weighted",NA,NA,NA,NA,NA,NA,0.983994068215521,1.82901009663923,0,0,1.04705882352941,0.199079100513925,NA,NA,NA,NA,52.4779411764706,10.3154564362063,619.760103806228,119.954301621248,3.08664792387543,0.426015541334589,NA,NA,NA,NA,NA,NA,NA,NA,NA,NA,NA,NA,NA,NA,NA,NA,NA,NA,NA,NA,NA,NA,NA,NA,NA,NA,NA,NA,NA,NA,NA,NA,2019,1970-01-01,NA,NA,NA,NA
"A.J. Green","ARI","WR","10261","weighted",NA,NA,NA,NA,NA,NA,0.0444805514524865,1.57718490773397,0.00161989167897587,0.00403738176274587,0.481864434597079,0.315716276994315,NA,NA,NA,NA,54.7751206302314,5.99233592033279,647.532259970458,49.0046137463637,3.81136386016741,0.490634364262202,NA,NA,NA,NA,NA,NA,NA,NA,NA,NA,NA,NA,NA,NA,NA,NA,NA,NA,NA,NA,NA,NA,NA,NA,NA,NA,NA,NA,NA,NA,NA,NA,2011,1988-07-31,NA,NA,NA,NA
"Josh Palmer","LAC","WR","15319","weighted",NA,NA,NA,NA,NA,NA,5.45639644092931,5.69525894564186,0,0,0.350246539792388,0.335968412896143,NA,NA,NA,NA,28.4408910034602,16.6189141531211,385.081003460208,230.794420115972,2.62103373702422,1.62210908670164,NA,NA,NA,NA,NA,NA,NA,NA,NA,NA,NA,NA,NA,NA,NA,NA,NA,NA,NA,NA,NA,NA,NA,NA,NA,NA,NA,NA,NA,NA,NA,NA,2021,1999-09-22,NA,NA,NA,NA
"Kadarius Toney","NYG","WR","15289","weighted",NA,NA,NA,NA,NA,NA,29.5415972222222,19.1540244232039,0.0717905107306521,0.102099278717053,0.030010162601626,0.0167311954240388,NA,NA,NA,NA,25.6369156504065,15.6595985485602,326.000091463415,218.3012784054,1.94942073170732,1.68618883657216,NA,NA,NA,NA,NA,NA,NA,NA,NA,NA,NA,NA,NA,NA,NA,NA,NA,NA,NA,NA,NA,NA,NA,NA,NA,NA,NA,NA,NA,NA,NA,NA,2021,1970-01-01,"Q","Undisclosed",2021,0
"Quintez Cephus","DET","WR","14850","weighted",NA,NA,NA,NA,NA,NA,0.488268238761975,0.583326521933375,0,0,0.0379513633014001,0.0247108453962253,NA,NA,NA,NA,35.642888725129,15.4650773921605,468.475519528371,178.871452198821,2.36623434045689,1.06818088793015,NA,NA,NA,NA,NA,NA,NA,NA,NA,NA,NA,NA,NA,NA,NA,NA,NA,NA,NA,NA,NA,NA,NA,NA,NA,NA,NA,NA,NA,NA,NA,NA,2020,1970-01-01,NA,NA,NA,NA
"Anthony Miller","HOU","WR","13639","weighted",NA,NA,NA,NA,NA,NA,9.18903003446578,14.4325675295151,0.00485967503692762,0.0121121452882376,0.549817823732152,0.297374881537171,NA,NA,NA,NA,47.2641260462826,9.64640644925163,534.674923682915,139.944455233645,2.61119153126539,0.830681771235782,NA,NA,NA,NA,NA,NA,NA,NA,NA,NA,NA,NA,NA,NA,NA,NA,NA,NA,NA,NA,NA,NA,NA,NA,NA,NA,NA,NA,NA,NA,NA,NA,2018,1994-10-09,"Q","Shoulder",2021,0
"Travis Fulgham","PHI","WR","14265","weighted",NA,NA,NA,NA,NA,NA,0,0,0,0,0,0,NA,NA,NA,NA,23.3432368703108,24.8000372510817,324.370203644159,351.550935550284,2.20334405144695,2.61145460763799,NA,NA,NA,NA,NA,NA,NA,NA,NA,NA,NA,NA,NA,NA,NA,NA,NA,NA,NA,NA,NA,NA,NA,NA,NA,NA,NA,NA,NA,NA,NA,NA,2019,NA,NA,NA,NA,NA
"Dyami Brown","WAS","WR","15292","weighted",NA,NA,NA,NA,NA,NA,2.01065934065934,3.73615431067125,0.0047032967032967,0.00873954224718421,0.023990638990639,0.0177169348722985,NA,NA,NA,NA,22.1609951159951,15.3590700651931,304.05695970696,243.929829805232,1.63138583638584,1.09340003379866,NA,NA,NA,NA,NA,NA,NA,NA,NA,NA,NA,NA,NA,NA,NA,NA,NA,NA,NA,NA,NA,NA,NA,NA,NA,NA,NA,NA,NA,NA,NA,NA,2021,1999-11-01,NA,NA,NA,NA
"Zach Pascal","IND","WR","13488","weighted",NA,NA,NA,NA,NA,NA,3.10011757789536,3.67795924631565,0,0,0,0,NA,NA,NA,NA,38.3174250440917,11.0824977395428,533.645749559083,168.142932259276,4.18154027042916,1.6458319911358,NA,NA,NA,NA,NA,NA,NA,NA,NA,NA,NA,NA,NA,NA,NA,NA,NA,NA,NA,NA,NA,NA,NA,NA,NA,NA,NA,NA,NA,NA,NA,NA,2017,1994-12-18,NA,"Undisclosed",2021,0
"James Washington","PIT","WR","13631","weighted",NA,NA,NA,NA,NA,NA,0.593165928114229,1.18635304429223,0.0376005251928442,0.0790677443635482,0.481864434597079,0.315716276994315,NA,NA,NA,NA,34.4953225012309,9.98264241437771,468.657744953225,149.494039936225,3.14587887740029,0.99947481730563,NA,NA,NA,NA,NA,NA,NA,NA,NA,NA,NA,NA,NA,NA,NA,NA,NA,NA,NA,NA,NA,NA,NA,NA,NA,NA,NA,NA,NA,NA,NA,NA,2018,1996-04-02,NA,NA,NA,NA
"Van Jefferson","LAR","WR","14858","weighted",NA,NA,NA,NA,NA,NA,5.96911453077699,10.0738639795165,0,0,0.368970736629667,0.292102595428365,NA,NA,NA,NA,38.6105045408678,12.6647016754544,457.080847628658,152.429389173186,2.98991927346115,1.79592979257077,NA,NA,NA,NA,NA,NA,NA,NA,NA,NA,NA,NA,NA,NA,NA,NA,NA,NA,NA,NA,NA,NA,NA,NA,NA,NA,NA,NA,NA,NA,NA,NA,2020,1996-07-26,"Q","Arm",2021,0
"Sammy Watkins","BAL","WR","11670","weighted",NA,NA,NA,NA,NA,NA,9.64898418190806,12.9609060539777,0.0335294117647059,0.0783850394973542,0.576890138408304,0.305186626007993,NA,NA,NA,NA,43.3142906574394,6.20570100666436,556.959117647059,98.3060448112038,3.88796712802768,0.514348970895423,NA,NA,NA,NA,NA,NA,NA,NA,NA,NA,NA,NA,NA,NA,NA,NA,NA,NA,NA,NA,NA,NA,NA,NA,NA,NA,NA,NA,NA,NA,NA,NA,2014,1993-06-14,"Q","Undisclosed",2021,0
"Albert Wilson","MIA","WR","11890","weighted",NA,NA,NA,NA,NA,NA,21.3881288343558,5.90672721482744,0.240378323108384,0.0653902125627451,0.197539195637355,0.191713425828418,NA,NA,NA,NA,35.099345603272,20.373777486572,364.995889570552,265.79975662627,2.10550102249489,2.79048938480272,NA,NA,NA,NA,NA,NA,NA,NA,NA,NA,NA,NA,NA,NA,NA,NA,NA,NA,NA,NA,NA,NA,NA,NA,NA,NA,NA,NA,NA,NA,NA,NA,2014,1992-07-12,"Q","Undisclosed",2021,0
"Dez Fitzpatrick","TEN","WR","15407","weighted",NA,NA,NA,NA,NA,NA,7,NA,0,NA,0,NA,NA,NA,NA,NA,43,NA,651,NA,4,NA,NA,NA,NA,NA,NA,NA,NA,NA,NA,NA,NA,NA,NA,NA,NA,NA,NA,NA,NA,NA,NA,NA,NA,NA,NA,NA,NA,NA,NA,NA,NA,NA,2021,1970-01-01,NA,NA,NA,NA
"Damiere Byrd","CHI","WR","12464","weighted",NA,NA,NA,NA,NA,NA,9.34360964138742,11.7969169220085,0.00386831275720165,0.00883603762757904,0.349437095825985,0.405395658001646,NA,NA,NA,NA,35.8832804232804,19.8479319876882,401.438077601411,233.093181254496,1.64265138154027,1.34158056642936,NA,NA,NA,NA,NA,NA,NA,NA,NA,NA,NA,NA,NA,NA,NA,NA,NA,NA,NA,NA,NA,NA,NA,NA,NA,NA,NA,NA,NA,NA,NA,NA,NA,NA,NA,NA,NA,NA
"Rashod Bateman","BAL","WR","15293","weighted",NA,NA,NA,NA,NA,NA,6.29431837283577,7.11508842697774,0,0,0.526340561438897,0.318935414374211,NA,NA,NA,NA,36.3697932425618,12.80558690552,471.442360060514,180.004169515931,3.64112960161372,1.15313968588377,NA,NA,NA,NA,NA,NA,NA,NA,NA,NA,NA,NA,NA,NA,NA,NA,NA,NA,NA,NA,NA,NA,NA,NA,NA,NA,NA,NA,NA,NA,NA,NA,2021,1999-11-29,"Q","Groin",2021,0
"Cam Sims","WAS","WR","13895","weighted",NA,NA,NA,NA,NA,NA,2.78312169312169,3.51884538383408,0,0,0,0,NA,NA,NA,NA,21.3685714285714,13.6714074893578,303.4229218107,210.167337534134,1.0961316872428,0.556003677294376,NA,NA,NA,NA,NA,NA,NA,NA,NA,NA,NA,NA,NA,NA,NA,NA,NA,NA,NA,NA,NA,NA,NA,NA,NA,NA,NA,NA,NA,NA,NA,NA,2018,1970-01-01,NA,NA,NA,NA
"Jalen Guyton","LAC","WR","14337","weighted",NA,NA,NA,NA,NA,NA,8.30101920236337,8.54441453533091,0.0943533563105203,0.124350939174786,0.0155797636632201,0.0137463679320424,NA,NA,NA,NA,31.2185327424914,6.36531688055957,490.247124569178,95.9788279959518,2.37167405219104,0.579350362836526,NA,NA,NA,NA,NA,NA,NA,NA,NA,NA,NA,NA,NA,NA,NA,NA,NA,NA,NA,NA,NA,NA,NA,NA,NA,NA,NA,NA,NA,NA,NA,NA,2019,NA,"Q","Upper Leg",2021,0
"Keelan Cole","NYJ","WR","13412","weighted",NA,NA,NA,NA,NA,NA,5.45844903988183,7.80979624685608,0.00161989167897587,0.00403738176274587,0.0282705563761694,0.0272000537081412,NA,NA,NA,NA,37.3166814377154,10.4862416974154,465.410487444609,112.276637569757,2.89271787296898,0.951935139510491,NA,NA,NA,NA,NA,NA,NA,NA,NA,NA,NA,NA,NA,NA,NA,NA,NA,NA,NA,NA,NA,NA,NA,NA,NA,NA,NA,NA,NA,NA,NA,NA,2017,1993-04-20,NA,NA,NA,NA
"Kalif Raymond","DET","WR","13066","weighted",NA,NA,NA,NA,NA,NA,-0.180493827160494,2.05034696208079,0,0,0.424260239075054,0.360109799884643,NA,NA,NA,NA,26.2989476778366,6.79718264474784,394.206360964139,139.681408539567,1.94939447383892,0.699707112007092,NA,NA,NA,NA,NA,NA,NA,NA,NA,NA,NA,NA,NA,NA,NA,NA,NA,NA,NA,NA,NA,NA,NA,NA,NA,NA,NA,NA,NA,NA,NA,NA,2016,1994-08-08,NA,NA,NA,NA
"Amari Rodgers","GB","WR","15297","weighted",NA,NA,NA,NA,NA,NA,2.33722120658135,3.80561821219734,0.0057720901889092,0.00933859947555332,0.0459780621572212,0.0201657000279817,NA,NA,NA,NA,22.8090737355271,12.5928312323479,306.510103595369,180.421937421442,1.80353443022547,1.03879254663161,NA,NA,NA,NA,NA,NA,NA,NA,NA,NA,NA,NA,NA,NA,NA,NA,NA,NA,NA,NA,NA,NA,NA,NA,NA,NA,NA,NA,NA,NA,NA,NA,2021,1970-01-01,NA,NA,NA,NA
"Olamide Zaccheaus","ATL","WR","14592","weighted",NA,NA,NA,NA,NA,NA,2.91444444444444,4.14016997059015,0.00683950617283951,0.012780645060197,0.101847442680776,0.118786848626726,NA,NA,NA,NA,23.6741563786008,7.93672286878638,343.893615520282,136.514431759418,1.81557319223986,0.931757105620368,NA,NA,NA,NA,NA,NA,NA,NA,NA,NA,NA,NA,NA,NA,NA,NA,NA,NA,NA,NA,NA,NA,NA,NA,NA,NA,NA,NA,NA,NA,NA,NA,2019,1997-07-23,NA,NA,NA,NA
"Rashard Higgins","CLE","WR","12656","weighted",NA,NA,NA,NA,NA,NA,0.339235743680188,0.486121776220758,0,0,0.721262002743484,0.159542752653616,NA,NA,NA,NA,27.16,4.92438007962734,433.409941211052,96.9559788745192,2.71071722516167,0.803863117320746,NA,NA,NA,NA,NA,NA,NA,NA,NA,NA,NA,NA,NA,NA,NA,NA,NA,NA,NA,NA,NA,NA,NA,NA,NA,NA,NA,NA,NA,NA,NA,NA,2016,1994-10-07,"Q","Leg",2021,0
"Preston Williams","MIA","WR","14126","weighted",NA,NA,NA,NA,NA,NA,0.566707818930041,1.29447951244033,0.00193415637860082,0.00441801881378952,0.484812855183226,0.35205246109277,NA,NA,NA,NA,23.7221693121693,10.4332346057508,318.291599059377,138.495699709572,3.34574955908289,2.09296894132462,NA,NA,NA,NA,NA,NA,NA,NA,NA,NA,NA,NA,NA,NA,NA,NA,NA,NA,NA,NA,NA,NA,NA,NA,NA,NA,NA,NA,NA,NA,NA,NA,2019,1970-01-01,NA,NA,NA,NA
"Tutu Atwell","LAR","WR","15301","weighted",NA,NA,NA,NA,NA,NA,5.95750589821368,7.30220999354162,0,0,0.0466936299292214,0.0231677834379361,NA,NA,NA,NA,22.6825581395349,11.9966723071038,298.858179979778,187.845705983559,1.74788675429727,1.00933584070123,NA,NA,NA,NA,NA,NA,NA,NA,NA,NA,NA,NA,NA,NA,NA,NA,NA,NA,NA,NA,NA,NA,NA,NA,NA,NA,NA,NA,NA,NA,NA,NA,2021,1999-10-07,NA,NA,NA,NA
"Breshad Perriman","FA","WR","12197","weighted",NA,NA,NA,NA,NA,NA,4.2620654396728,3.89986765470686,0.0033640081799591,0.00578676606953559,0.0177845944103613,0.0107333926788395,NA,NA,NA,NA,23.7280674846626,9.46384995611597,384.833282208589,139.24354497435,2.03191206543967,1.3712379162597,NA,NA,NA,NA,NA,NA,NA,NA,NA,NA,NA,NA,NA,NA,NA,NA,NA,NA,NA,NA,NA,NA,NA,NA,NA,NA,NA,NA,NA,NA,NA,NA,2015,1993-09-10,NA,NA,NA,NA
"D'Wayne Eskridge","SEA","WR","15302","weighted",NA,NA,NA,NA,NA,NA,6.00646764905149,4.46016255457564,0.0157926829268293,0.027143924644389,0.220306571815718,0.157284406564405,NA,NA,NA,NA,30.6340447154472,10.6148189654534,380.858079268293,130.789886360076,2.46021849593496,1.19354512894759,NA,NA,NA,NA,NA,NA,NA,NA,NA,NA,NA,NA,NA,NA,NA,NA,NA,NA,NA,NA,NA,NA,NA,NA,NA,NA,NA,NA,NA,NA,NA,NA,2021,1970-01-01,NA,NA,NA,NA
"Mohamed Sanu","SF","WR","10723","weighted",NA,NA,NA,NA,NA,NA,7.74129349470499,7.7917609256163,0.0124432677760968,0.0249646257079503,0.687628593040847,0.49348415069729,NA,NA,NA,NA,38.1352496217852,11.4890097380888,403.948025718608,104.018058076705,1.83385779122542,1.14038617664537,NA,NA,NA,NA,NA,NA,NA,NA,NA,NA,NA,NA,NA,NA,NA,NA,NA,NA,NA,NA,NA,NA,NA,NA,NA,NA,NA,NA,NA,NA,NA,NA,2012,1989-08-22,NA,NA,NA,NA
"Scott Miller","TB","WR","14280","weighted",NA,NA,NA,NA,NA,NA,16.6145436105477,4.44807183319909,0.016683569979716,0.0288749284124001,0.0245131845841785,0.0221768656865614,NA,NA,NA,NA,24.1694929006085,12.5209027223425,365.096967545639,174.947914648822,2.52203853955375,1.18873124952438,NA,NA,NA,NA,NA,NA,NA,NA,NA,NA,NA,NA,NA,NA,NA,NA,NA,NA,NA,NA,NA,NA,NA,NA,NA,NA,NA,NA,NA,NA,NA,NA,2019,1997-07-31,"Q","Elbow",2021,0
"Greg Ward","PHI","WR","13864","weighted",NA,NA,NA,NA,NA,NA,2.56636698599853,4.25920913402163,0.00242446573323508,0.00495244449485481,0.0379513633014001,0.0247108453962253,NA,NA,NA,NA,29.1630140014738,20.4256387826776,287.743588798821,187.638688333628,1.49229918938836,1.37284000751742,NA,NA,NA,NA,NA,NA,NA,NA,NA,NA,NA,NA,NA,NA,NA,NA,NA,NA,NA,NA,NA,NA,NA,NA,NA,NA,NA,NA,NA,NA,NA,NA,2017,1970-01-01,NA,NA,NA,NA
"Danny Amendola","FA","WR","9308","weighted",NA,NA,NA,NA,NA,NA,4.50795698924731,6.307392488184,0.0101075268817204,0.014142135623731,0.01,0,NA,NA,NA,NA,29.8896774193548,24.9467272402614,318.686666666667,254.056395412515,1.85784946236559,1.68998520703585,NA,NA,NA,NA,NA,NA,NA,NA,NA,NA,NA,NA,NA,NA,NA,NA,NA,NA,NA,NA,NA,NA,NA,NA,NA,NA,NA,NA,NA,NA,NA,NA,2008,1985-11-02,NA,NA,NA,NA
"Donovan Peoples-Jones","CLE","WR","14857","weighted",NA,NA,NA,NA,NA,NA,2.64509211495947,5.4031169438866,0.0121223286661754,0.0247622224742741,0.0213657577990666,0.0187142983083597,NA,NA,NA,NA,25.2642815033161,7.16342116675242,355.970132645542,89.2441273703454,2.21094325718497,0.770838603848286,NA,NA,NA,NA,NA,NA,NA,NA,NA,NA,NA,NA,NA,NA,NA,NA,NA,NA,NA,NA,NA,NA,NA,NA,NA,NA,NA,NA,NA,NA,NA,NA,2020,1970-01-01,NA,NA,NA,NA
"Jakeem Grant","MIA","WR","12814","weighted",NA,NA,NA,NA,NA,NA,17.7424335378323,7.39618728421456,0.0930470347648262,0.0832037181330545,0.0044614860259032,0.00510796333631276,NA,NA,NA,NA,23.8730265848671,17.1670369057248,258.056267893661,181.143601927831,0.648854805725971,0.485661252894854,NA,NA,NA,NA,NA,NA,NA,NA,NA,NA,NA,NA,NA,NA,NA,NA,NA,NA,NA,NA,NA,NA,NA,NA,NA,NA,NA,NA,NA,NA,NA,NA,2016,1992-10-30,NA,NA,NA,NA
"Freddie Swain","SEA","WR","14865","weighted",NA,NA,NA,NA,NA,NA,4.32990420044215,5.23943993212374,0,0,0.0041464013755834,0.00413305097784195,NA,NA,NA,NA,21.7436845983788,8.05711929051261,284.58868091378,112.610201462128,1.33809137803979,0.842690150354941,NA,NA,NA,NA,NA,NA,NA,NA,NA,NA,NA,NA,NA,NA,NA,NA,NA,NA,NA,NA,NA,NA,NA,NA,NA,NA,NA,NA,NA,NA,NA,NA,2020,1970-01-01,NA,NA,NA,NA
"Braxton Berrios","NYJ","WR","13638","weighted",NA,NA,NA,NA,NA,NA,15.5224539877301,15.1135208320906,0.0302760736196319,0.0520808946258203,0.0178459441036128,0.020431853345251,NA,NA,NA,NA,23.3734662576687,15.8160822726544,250.597648261759,165.691844083586,1.47224948875256,0.99216982059712,NA,NA,NA,NA,NA,NA,NA,NA,NA,NA,NA,NA,NA,NA,NA,NA,NA,NA,NA,NA,NA,NA,NA,NA,NA,NA,NA,NA,NA,NA,NA,NA,2018,1995-10-06,NA,NA,NA,NA
"Tyron Johnson","LAC","WR","14117","weighted",NA,NA,NA,NA,NA,NA,9.6248773006135,12.5476399562564,0.0033640081799591,0.00578676606953559,0.133435582822086,0.0577803275618633,NA,NA,NA,NA,14.0830265848671,9.70882725333992,217.227505112474,144.250830654694,1.15571574642127,1.44799347579303,NA,NA,NA,NA,NA,NA,NA,NA,NA,NA,NA,NA,NA,NA,NA,NA,NA,NA,NA,NA,NA,NA,NA,NA,NA,NA,NA,NA,NA,NA,NA,NA,2019,1970-01-01,NA,NA,NA,NA
"Juwan Johnson","NO","WR","14861","weighted",NA,NA,NA,NA,NA,NA,0,NA,0,NA,0,NA,NA,NA,NA,NA,28.35,NA,380.64,NA,2.32,NA,NA,NA,NA,NA,NA,NA,NA,NA,NA,NA,NA,NA,NA,NA,NA,NA,NA,NA,NA,NA,NA,NA,NA,NA,NA,NA,NA,NA,NA,NA,NA,NA,2020,1996-09-13,NA,NA,NA,NA
"Willie Snead","LVR","WR","11951","weighted",NA,NA,NA,NA,NA,NA,0.380132924335378,0.653904565857522,0,0,0.0332822085889571,0.0288901637809316,NA,NA,NA,NA,25.1773517382413,6.28876103760333,307.02645194274,52.6152766758073,1.48394683026585,0.815014983694743,NA,NA,NA,NA,NA,NA,NA,NA,NA,NA,NA,NA,NA,NA,NA,NA,NA,NA,NA,NA,NA,NA,NA,NA,NA,NA,NA,NA,NA,NA,NA,NA,2014,1992-10-17,NA,NA,NA,NA
"Auden Tate","CIN","WR","13642","weighted",NA,NA,NA,NA,NA,NA,0.637111274871039,0.936876273001371,0,0,0.1620486366986,0.0247108453962253,NA,NA,NA,NA,21.7344657332351,4.30439015442063,280.788393515107,41.8951834603901,1.02148857774503,0.748081530844803,NA,NA,NA,NA,NA,NA,NA,NA,NA,NA,NA,NA,NA,NA,NA,NA,NA,NA,NA,NA,NA,NA,NA,NA,NA,NA,NA,NA,NA,NA,NA,NA,2018,1997-02-03,NA,NA,NA,NA
"Devin Duvernay","BAL","WR","14847","weighted",NA,NA,NA,NA,NA,NA,25.2695210022108,17.2987859573724,0.128496683861459,0.262479558227305,0.0338049619258168,0.0222323934672891,NA,NA,NA,NA,17.8553942520265,10.6770532734237,194.204428887251,108.884177737601,0.995055268975682,0.882451426287181,NA,NA,NA,NA,NA,NA,NA,NA,NA,NA,NA,NA,NA,NA,NA,NA,NA,NA,NA,NA,NA,NA,NA,NA,NA,NA,NA,NA,NA,NA,NA,NA,2020,1997-09-12,NA,NA,NA,NA
"K.J. Osborn","MIN","WR","14977","weighted",NA,NA,NA,NA,NA,NA,4.5346687211094,6.36396103067893,0,0,0,0,NA,NA,NA,NA,14.8037288135593,13.5340237919105,189.991093990755,181.012264915944,0.440462249614792,0.0848528137423857,NA,NA,NA,NA,NA,NA,NA,NA,NA,NA,NA,NA,NA,NA,NA,NA,NA,NA,NA,NA,NA,NA,NA,NA,NA,NA,NA,NA,NA,NA,NA,NA,2020,1997-06-10,NA,NA,NA,NA
"John Ross","NYG","WR","13155","weighted",NA,NA,NA,NA,NA,NA,0,0,0,0,0,0,NA,NA,NA,NA,9.92628404669261,11.8600964746485,126.364105058366,146.490530179192,0.368677042801556,0.591710827167944,NA,NA,NA,NA,NA,NA,NA,NA,NA,NA,NA,NA,NA,NA,NA,NA,NA,NA,NA,NA,NA,NA,NA,NA,NA,NA,NA,NA,NA,NA,NA,NA,2017,NA,"Q","Hamstring",2021,0
"N'Keal Harry","NE","WR","14101","weighted",NA,NA,NA,NA,NA,NA,10.6456816507001,15.461407037696,0.00969786293294031,0.0198097779794192,0.210729550478998,0.202771751342698,NA,NA,NA,NA,17.322918201916,9.59571010285882,205.714325718497,98.2589733483863,1.37784082535004,0.783868608895311,NA,NA,NA,NA,NA,NA,NA,NA,NA,NA,NA,NA,NA,NA,NA,NA,NA,NA,NA,NA,NA,NA,NA,NA,NA,NA,NA,NA,NA,NA,NA,NA,2019,1970-01-01,"Q","Shoulder",2021,0
"Cordarrelle Patterson","ATL","WR","11225","weighted",NA,NA,NA,NA,NA,NA,158.244956521739,71.0852101248109,1.01690821256039,0.97792902959664,0.017597423510467,0.0199250748002378,NA,NA,NA,NA,17.8688115942029,13.4002314644101,174.448937198068,98.5096510044829,0.93863768115942,0.583668036966285,NA,NA,NA,NA,NA,NA,NA,NA,NA,NA,NA,NA,NA,NA,NA,NA,NA,NA,NA,NA,NA,NA,NA,NA,NA,NA,NA,NA,NA,NA,NA,NA,2013,1991-03-17,NA,NA,NA,NA
"Isaiah McKenzie","BUF","WR","13313","weighted",NA,NA,NA,NA,NA,NA,21.1064406779661,25.1866450819438,0.0644288872512896,0.0933704398371604,0.153608450012282,0.109159554076969,NA,NA,NA,NA,18.2232498157701,4.01303991403512,195.936425939573,67.1031280293852,2.14644804716286,1.14194134929828,NA,NA,NA,NA,NA,NA,NA,NA,NA,NA,NA,NA,NA,NA,NA,NA,NA,NA,NA,NA,NA,NA,NA,NA,NA,NA,NA,NA,NA,NA,NA,NA,2017,1995-04-09,"Q","Shoulder",2021,0
"JJ Arcega-Whiteside","PHI","WR","14107","weighted",NA,NA,NA,NA,NA,NA,0.512648261758691,0.499073163369293,0,0,0,0,NA,NA,NA,NA,7.5418200408998,5.93621052174169,139.212433537832,122.761427178788,0.345071574642127,0.363509980582506,NA,NA,NA,NA,NA,NA,NA,NA,NA,NA,NA,NA,NA,NA,NA,NA,NA,NA,NA,NA,NA,NA,NA,NA,NA,NA,NA,NA,NA,NA,NA,NA,2019,NA,NA,NA,NA,NA
"Andy Isabella","ARI","WR","14121","weighted",NA,NA,NA,NA,NA,NA,0.711523517382413,1.99648148922292,0,0,0,0,NA,NA,NA,NA,14.9606441717791,6.80763399302136,179.021124744376,71.1905435484788,0.569478527607362,0.234396806703173,NA,NA,NA,NA,NA,NA,NA,NA,NA,NA,NA,NA,NA,NA,NA,NA,NA,NA,NA,NA,NA,NA,NA,NA,NA,NA,NA,NA,NA,NA,NA,NA,2019,NA,NA,NA,NA,NA
"Jamal Agnew","JAC","WR","13308","weighted",NA,NA,NA,NA,NA,NA,19.2279141104294,17.2473819922874,0.12997955010225,0.115559154128849,0.0198977505112474,0.0199539485184677,NA,NA,NA,NA,15.2626584867076,9.62997364703763,167.253077709611,80.6060038508291,0.601564417177914,0.241487138341592,NA,NA,NA,NA,NA,NA,NA,NA,NA,NA,NA,NA,NA,NA,NA,NA,NA,NA,NA,NA,NA,NA,NA,NA,NA,NA,NA,NA,NA,NA,NA,NA,2017,NA,NA,NA,NA,NA
"Dede Westbrook","MIN","WR","13158","weighted",NA,NA,NA,NA,NA,NA,5.62247311827957,2.30516810666814,0.0149462365591398,0.00707106781186548,0.1,0,NA,NA,NA,NA,15.9267741935484,6.15182899632296,180.590537634409,87.5327484430827,0.914838709677419,0.0212132034355964,NA,NA,NA,NA,NA,NA,NA,NA,NA,NA,NA,NA,NA,NA,NA,NA,NA,NA,NA,NA,NA,NA,NA,NA,NA,NA,NA,NA,NA,NA,NA,NA,2017,1993-11-21,"Q","Knee - ACL",2021,0
"Miles Boykin","BAL","WR","14125","weighted",NA,NA,NA,NA,NA,NA,0.16728813559322,0.341718670144982,0,0,0,0,NA,NA,NA,NA,14.3157553426676,6.11406487188799,185.738784082535,82.7239850163252,1.53450257921887,1.36862435422878,NA,NA,NA,NA,NA,NA,NA,NA,NA,NA,NA,NA,NA,NA,NA,NA,NA,NA,NA,NA,NA,NA,NA,NA,NA,NA,NA,NA,NA,NA,NA,NA,2019,1970-01-01,"Q","Hamstring",2021,0
"Christian Blake","ATL","WR","14342","weighted",NA,NA,NA,NA,NA,NA,0,0,0,0,0,0,NA,NA,NA,NA,13.758579766537,5.9334913250799,156.288424124514,62.9793955135226,0.162879377431907,0.295802059031128,NA,NA,NA,NA,NA,NA,NA,NA,NA,NA,NA,NA,NA,NA,NA,NA,NA,NA,NA,NA,NA,NA,NA,NA,NA,NA,NA,NA,NA,NA,NA,NA,2018,1970-01-01,NA,NA,NA,NA
"Marquise Goodwin","CHI","WR","11239","weighted",NA,NA,NA,NA,NA,NA,3.81712062256809,6.85459333087559,0,0,0.329523346303502,0.142804027726575,NA,NA,NA,NA,16.122373540856,10.4122905398555,157.474552529183,85.1562349060333,0.611809338521401,0.36412728825119,NA,NA,NA,NA,NA,NA,NA,NA,NA,NA,NA,NA,NA,NA,NA,NA,NA,NA,NA,NA,NA,NA,NA,NA,NA,NA,NA,NA,NA,NA,NA,NA,2013,1990-11-19,NA,NA,NA,NA
"Cedrick Wilson","DAL","WR","13652","weighted",NA,NA,NA,NA,NA,NA,0.318093385214008,0.571216110906299,0,0,0.0131809338521401,0.00571216110906299,NA,NA,NA,NA,11.986186770428,9.29743893017468,136.451809338521,107.250694338037,0.52772373540856,0.505256485342655,NA,NA,NA,NA,NA,NA,NA,NA,NA,NA,NA,NA,NA,NA,NA,NA,NA,NA,NA,NA,NA,NA,NA,NA,NA,NA,NA,NA,NA,NA,NA,NA,2018,1995-11-20,NA,NA,NA,NA
"Zay Jones","LVR","WR","13176","weighted",NA,NA,NA,NA,NA,NA,0.318093385214008,0.571216110906299,0,0,0,0,NA,NA,NA,NA,11.8133463035019,8.43195211084505,128.5396692607,99.1441682844305,0.771828793774319,0.501063007915755,NA,NA,NA,NA,NA,NA,NA,NA,NA,NA,NA,NA,NA,NA,NA,NA,NA,NA,NA,NA,NA,NA,NA,NA,NA,NA,NA,NA,NA,NA,NA,NA,2017,1995-03-30,NA,NA,NA,NA
"Jalen Hurd","SF","WR","14116","weighted",NA,NA,NA,NA,NA,NA,3.71956989247312,5.20430590953299,0.0151612903225806,0.0212132034355964,0.00752688172043011,0.00353553390593274,NA,NA,NA,NA,15.3609677419355,1.84554869889689,186.058709677419,29.1045151136383,1.15860215053763,0.183847763108502,NA,NA,NA,NA,NA,NA,NA,NA,NA,NA,NA,NA,NA,NA,NA,NA,NA,NA,NA,NA,NA,NA,NA,NA,NA,NA,NA,NA,NA,NA,NA,NA,2019,1970-01-01,NA,NA,NA,NA
"Ihmir Smith-Marsette","MIN","WR","15434","weighted",NA,NA,NA,NA,NA,NA,3.73610169491525,5.68513852073984,0.00929378531073446,0.014142135623731,0.00732344632768362,0.00353553390593274,NA,NA,NA,NA,12.0083757062147,1.53442171517481,164.656355932203,29.910616844191,1.05111581920904,0.0777817459305203,NA,NA,NA,NA,NA,NA,NA,NA,NA,NA,NA,NA,NA,NA,NA,NA,NA,NA,NA,NA,NA,NA,NA,NA,NA,NA,NA,NA,NA,NA,NA,NA,2021,1999-08-29,NA,NA,NA,NA
"Jeff Smith","NYJ","WR","14561","weighted",NA,NA,NA,NA,NA,NA,0,0,0,0,0,0,NA,NA,NA,NA,15.6964869029276,1.56270598642227,161.842126348228,35.4048365340104,0.555685670261941,0.791959594928933,NA,NA,NA,NA,NA,NA,NA,NA,NA,NA,NA,NA,NA,NA,NA,NA,NA,NA,NA,NA,NA,NA,NA,NA,NA,NA,NA,NA,NA,NA,NA,NA,2019,1970-01-01,NA,NA,NA,NA
"Frank Darby","ATL","WR","15304","weighted",NA,NA,NA,NA,NA,NA,5.24378048780488,1.75362481734264,0,0,0.00501524390243902,0.00707106781186548,NA,NA,NA,NA,7.96420731707317,11.2288556852424,90.4699847560976,127.554992258241,0.626905487804878,0.883883476483184,NA,NA,NA,NA,NA,NA,NA,NA,NA,NA,NA,NA,NA,NA,NA,NA,NA,NA,NA,NA,NA,NA,NA,NA,NA,NA,NA,NA,NA,NA,NA,NA,2021,NA,NA,NA,NA,NA
"Tylan Wallace","BAL","WR","15285","weighted",NA,NA,NA,NA,NA,NA,10.08,NA,0.12,NA,0.01,NA,NA,NA,NA,NA,14.59,NA,177.9,NA,1.05,NA,NA,NA,NA,NA,NA,NA,NA,NA,NA,NA,NA,NA,NA,NA,NA,NA,NA,NA,NA,NA,NA,NA,NA,NA,NA,NA,NA,NA,NA,NA,NA,NA,2021,1999-05-13,NA,NA,NA,NA
"Chester Rogers","TEN","WR","12934","weighted",NA,NA,NA,NA,NA,NA,3.01269938650307,2.63146311070003,0.0033640081799591,0.00578676606953559,0.0044614860259032,0.00510796333631276,NA,NA,NA,NA,7.14544989775051,7.30916599519295,80.1957770961145,84.6372639749414,0.372044989775051,0.487141119721645,NA,NA,NA,NA,NA,NA,NA,NA,NA,NA,NA,NA,NA,NA,NA,NA,NA,NA,NA,NA,NA,NA,NA,NA,NA,NA,NA,NA,NA,NA,NA,NA,2016,1994-01-12,NA,NA,NA,NA
"Mack Hollins","MIA","WR","13289","weighted",NA,NA,NA,NA,NA,NA,2.51926040061633,3.53553390593274,0,0,0.0526348228043143,0.0247487373415292,NA,NA,NA,NA,8.19174114021572,10.4156828868778,92.0837596302003,118.171685271896,0.45346687211094,0.636396103067893,NA,NA,NA,NA,NA,NA,NA,NA,NA,NA,NA,NA,NA,NA,NA,NA,NA,NA,NA,NA,NA,NA,NA,NA,NA,NA,NA,NA,NA,NA,NA,NA,2017,1993-09-16,NA,NA,NA,NA
"Trent Sherfield","SF","WR","13893","weighted",NA,NA,NA,NA,NA,NA,0.286086956521739,0.584388450392868,0,0,0,0,NA,NA,NA,NA,7.74858511422255,5.98601810239927,89.2603905674281,75.5658144926029,0.458548268238762,0.505638916366112,NA,NA,NA,NA,NA,NA,NA,NA,NA,NA,NA,NA,NA,NA,NA,NA,NA,NA,NA,NA,NA,NA,NA,NA,NA,NA,NA,NA,NA,NA,NA,NA,2018,1996-02-26,NA,NA,NA,NA
"Andre Roberts","HOU","WR","9921","weighted",NA,NA,NA,NA,NA,NA,-0.508949416342412,0.913945777450078,0,0,0.263618677042802,0.11424322218126,NA,NA,NA,NA,7.7726653696498,5.51570453069249,89.6144941634241,73.7171781532264,0.40636186770428,0.557754243903456,NA,NA,NA,NA,NA,NA,NA,NA,NA,NA,NA,NA,NA,NA,NA,NA,NA,NA,NA,NA,NA,NA,NA,NA,NA,NA,NA,NA,NA,NA,NA,NA,2010,1988-01-09,"Q","Knee",2021,0
"Mike Thomas","CIN","WR","12675","weighted",NA,NA,NA,NA,NA,NA,0,0,0,0,0,0,NA,NA,NA,NA,7.93343794579172,7.79938779648762,100.002853067047,100.055609537896,0.618744650499287,0.586898628384834,NA,NA,NA,NA,NA,NA,NA,NA,NA,NA,NA,NA,NA,NA,NA,NA,NA,NA,NA,NA,NA,NA,NA,NA,NA,NA,NA,NA,NA,NA,NA,NA,2016,1994-08-16,NA,NA,NA,NA
"Shi Smith","CAR","WR","15298","weighted",NA,NA,NA,NA,NA,NA,8.68,NA,0.04,NA,0.01,NA,NA,NA,NA,NA,13.35,NA,162.84,NA,0.97,NA,NA,NA,NA,NA,NA,NA,NA,NA,NA,NA,NA,NA,NA,NA,NA,NA,NA,NA,NA,NA,NA,NA,NA,NA,NA,NA,NA,NA,NA,NA,NA,NA,2021,1970-01-01,"Q","Shoulder",2021,0
"Collin Johnson","JAC","WR","14853","weighted",NA,NA,NA,NA,NA,NA,0.121104294478528,0.208323578503281,0,0,0,0,NA,NA,NA,NA,7.14985685071575,4.5148460425105,97.4343149284254,67.9541522802593,0.589345603271984,0.36266920710473,NA,NA,NA,NA,NA,NA,NA,NA,NA,NA,NA,NA,NA,NA,NA,NA,NA,NA,NA,NA,NA,NA,NA,NA,NA,NA,NA,NA,NA,NA,NA,NA,2020,1970-01-01,NA,NA,NA,NA
"Jake Kumerow","BUF","WR","12443","weighted",NA,NA,NA,NA,NA,NA,5,NA,0,NA,0.01,NA,NA,NA,NA,NA,9.3,NA,144,NA,1.2,NA,NA,NA,NA,NA,NA,NA,NA,NA,NA,NA,NA,NA,NA,NA,NA,NA,NA,NA,NA,NA,NA,NA,NA,NA,NA,NA,NA,NA,NA,NA,NA,NA,NA,NA,NA,NA,NA,NA
"Anthony Schwartz","CLE","WR","15296","weighted",NA,NA,NA,NA,NA,NA,8.86,NA,0.04,NA,0.01,NA,NA,NA,NA,NA,10.45,NA,141.23,NA,0.81,NA,NA,NA,NA,NA,NA,NA,NA,NA,NA,NA,NA,NA,NA,NA,NA,NA,NA,NA,NA,NA,NA,NA,NA,NA,NA,NA,NA,NA,NA,NA,NA,NA,2021,1970-01-01,NA,NA,NA,NA
"Noah Brown","DAL","WR","13172","weighted",NA,NA,NA,NA,NA,NA,4.26951942740286,4.97468502299941,0.0067280163599182,0.0115735321390712,0.0154362644853442,0.0188952741531048,NA,NA,NA,NA,6.4080163599182,5.18575761249877,76.0915030674847,65.0673900397902,0.275848670756646,0.474514817701918,NA,NA,NA,NA,NA,NA,NA,NA,NA,NA,NA,NA,NA,NA,NA,NA,NA,NA,NA,NA,NA,NA,NA,NA,NA,NA,NA,NA,NA,NA,NA,NA,2017,NA,NA,"Undisclosed",2021,0
"Trinity Benson","DEN","WR","14499","weighted",NA,NA,NA,NA,NA,NA,22,NA,0,NA,0.05,NA,NA,NA,NA,NA,3.9,NA,27,NA,0,NA,NA,NA,NA,NA,NA,NA,NA,NA,NA,NA,NA,NA,NA,NA,NA,NA,NA,NA,NA,NA,NA,NA,NA,NA,NA,NA,NA,NA,NA,NA,NA,NA,2019,1970-01-01,NA,NA,NA,NA
"Tyler Johnson","TB","WR","14864","weighted",NA,NA,NA,NA,NA,NA,0,0,0,0,0,0,NA,NA,NA,NA,7.00881322957198,3.95311378212645,95.2451945525292,56.6172993924855,0.908463035019455,0.639196752187955,NA,NA,NA,NA,NA,NA,NA,NA,NA,NA,NA,NA,NA,NA,NA,NA,NA,NA,NA,NA,NA,NA,NA,NA,NA,NA,NA,NA,NA,NA,NA,NA,2020,1998-08-25,NA,NA,NA,NA
"Simi Fehoko","DAL","WR","15303","weighted",NA,NA,NA,NA,NA,NA,-1.37,NA,0,NA,0,NA,NA,NA,NA,NA,3.2,NA,24,NA,0,NA,NA,NA,NA,NA,NA,NA,NA,NA,NA,NA,NA,NA,NA,NA,NA,NA,NA,NA,NA,NA,NA,NA,NA,NA,NA,NA,NA,NA,NA,NA,NA,NA,2021,1997-11-05,NA,NA,NA,NA
"KhaDarel Hodge","CLE","WR","13963","weighted",NA,NA,NA,NA,NA,NA,0.185020449897751,0.318272133824458,0,0,0,0,NA,NA,NA,NA,3.79294478527607,3.07569250239764,62.1954498977505,60.7366997812827,0.355368098159509,0.473863650483021,NA,NA,NA,NA,NA,NA,NA,NA,NA,NA,NA,NA,NA,NA,NA,NA,NA,NA,NA,NA,NA,NA,NA,NA,NA,NA,NA,NA,NA,NA,NA,NA,2018,1970-01-01,NA,NA,NA,NA
"Jaelon Darden","TB","WR","15321","weighted",NA,NA,NA,NA,NA,NA,5.89,NA,0.01,NA,0.01,NA,NA,NA,NA,NA,9.14,NA,129.99,NA,0.72,NA,NA,NA,NA,NA,NA,NA,NA,NA,NA,NA,NA,NA,NA,NA,NA,NA,NA,NA,NA,NA,NA,NA,NA,NA,NA,NA,NA,NA,NA,NA,NA,NA,2021,NA,NA,NA,NA,NA
"Cameron Batson","TEN","WR","13912","weighted",NA,NA,NA,NA,NA,NA,10.0770416024653,14.142135623731,0,0,0.0248073959938367,0.0353553390593274,NA,NA,NA,NA,9.9060092449923,5.69220958855171,92.3408012326656,45.1204837075136,0.384345146379045,0.120208152801713,NA,NA,NA,NA,NA,NA,NA,NA,NA,NA,NA,NA,NA,NA,NA,NA,NA,NA,NA,NA,NA,NA,NA,NA,NA,NA,NA,NA,NA,NA,NA,NA,2018,1970-01-01,NA,NA,NA,NA
"Justin Watson","TB","WR","13776","weighted",NA,NA,NA,NA,NA,NA,0,0,0,0,0,0,NA,NA,NA,NA,6.61969183359014,4.53255446740577,78.3307550077042,57.9615428538613,0.441232665639445,0.226274169979695,NA,NA,NA,NA,NA,NA,NA,NA,NA,NA,NA,NA,NA,NA,NA,NA,NA,NA,NA,NA,NA,NA,NA,NA,NA,NA,NA,NA,NA,NA,NA,NA,2018,1996-04-04,NA,"Knee",2021,0
"Chris Hogan","NO","WR","10983","weighted",NA,NA,NA,NA,NA,NA,-2.32,NA,0,NA,0,NA,NA,NA,NA,NA,9.2,NA,60,NA,0,NA,NA,NA,NA,NA,NA,NA,NA,NA,NA,NA,NA,NA,NA,NA,NA,NA,NA,NA,NA,NA,NA,NA,NA,NA,NA,NA,NA,NA,NA,NA,NA,NA,2011,1988-10-24,NA,NA,NA,NA
"Matthew Slater","NE","WR","9200","weighted",NA,NA,NA,NA,NA,NA,3.52696456086287,4.94974746830583,0,0,0,0,NA,NA,NA,NA,6.42902927580894,8.08223050896224,61.0957473035439,75.3987960779216,0,0,NA,NA,NA,NA,NA,NA,NA,NA,NA,NA,NA,NA,NA,NA,NA,NA,NA,NA,NA,NA,NA,NA,NA,NA,NA,NA,NA,NA,NA,NA,NA,NA,2008,1985-09-09,NA,NA,NA,NA
"Diontae Spencer","DEN","WR","14565","weighted",NA,NA,NA,NA,NA,NA,22.0670552147239,18.064938903981,0.0762269938650307,0.0799994991201797,0.155538513974097,0.129745651496639,NA,NA,NA,NA,6.29456032719836,2.71076829418487,68.7420654396728,38.8630448114772,0.358118609406953,0.220671148648542,NA,NA,NA,NA,NA,NA,NA,NA,NA,NA,NA,NA,NA,NA,NA,NA,NA,NA,NA,NA,NA,NA,NA,NA,NA,NA,NA,NA,NA,NA,NA,NA,2014,1970-01-01,NA,NA,NA,NA
"DeAndre Carter","WAS","WR","12394","weighted",NA,NA,NA,NA,NA,NA,6.48903225806452,9.07925107043527,0.0202150537634409,0.0282842712474619,0.0150537634408602,0.00707106781186548,NA,NA,NA,NA,4.78688172043011,5.50836182544321,61.8613978494624,71.8632621719888,0.328494623655914,0.459619407771256,NA,NA,NA,NA,NA,NA,NA,NA,NA,NA,NA,NA,NA,NA,NA,NA,NA,NA,NA,NA,NA,NA,NA,NA,NA,NA,NA,NA,NA,NA,NA,NA,2015,1993-04-10,NA,NA,NA,NA
"Gunner Olszewski","NE","WR","14555","weighted",NA,NA,NA,NA,NA,NA,11.2588343558282,3.80373559358597,0.013241308793456,0.0152298956023043,0.00892297205180641,0.0102159266726255,NA,NA,NA,NA,4.16419222903886,2.73285558223073,53.1482310838446,49.8183783727427,0.324539877300614,0.222824048505499,NA,NA,NA,NA,NA,NA,NA,NA,NA,NA,NA,NA,NA,NA,NA,NA,NA,NA,NA,NA,NA,NA,NA,NA,NA,NA,NA,NA,NA,NA,NA,NA,2019,1996-11-26,NA,NA,NA,NA
"Victor Bolden","FA","WR","13375","weighted",NA,NA,NA,NA,NA,NA,0,NA,0,NA,0,NA,NA,NA,NA,NA,10.01,NA,108.97,NA,0.56,NA,NA,NA,NA,NA,NA,NA,NA,NA,NA,NA,NA,NA,NA,NA,NA,NA,NA,NA,NA,NA,NA,NA,NA,NA,NA,NA,NA,NA,NA,NA,NA,NA,2017,1995-04-04,NA,NA,NA,NA
"Lil'Jordan Humphrey","NO","WR","14118","weighted",NA,NA,NA,NA,NA,NA,0.503852080123267,0.707106781186547,0,0,0,0,NA,NA,NA,NA,3.99214175654854,3.14662517628014,53.7300154083205,43.1405847201913,0.40231124807396,0.424264068711928,NA,NA,NA,NA,NA,NA,NA,NA,NA,NA,NA,NA,NA,NA,NA,NA,NA,NA,NA,NA,NA,NA,NA,NA,NA,NA,NA,NA,NA,NA,NA,NA,2019,1998-04-19,NA,NA,NA,NA
"Ray-Ray McCloud","PIT","WR","13641","weighted",NA,NA,NA,NA,NA,NA,12.3726348228043,2.31931024229188,0.00992295839753467,0.014142135623731,0.701540832049307,0.282842712474619,NA,NA,NA,NA,11.91781201849,5.10531096016687,69.1876117103236,18.7948982439384,0.262958397534669,0.37476659402887,NA,NA,NA,NA,NA,NA,NA,NA,NA,NA,NA,NA,NA,NA,NA,NA,NA,NA,NA,NA,NA,NA,NA,NA,NA,NA,NA,NA,NA,NA,NA,NA,2018,NA,NA,NA,NA,NA
"DaeSean Hamilton","FA","WR","13649","weighted",NA,NA,NA,NA,NA,NA,0,NA,0,NA,0,NA,NA,NA,NA,NA,6.93,NA,70.14,NA,0.42,NA,NA,NA,NA,NA,NA,NA,NA,NA,NA,NA,NA,NA,NA,NA,NA,NA,NA,NA,NA,NA,NA,NA,NA,NA,NA,NA,NA,NA,NA,NA,NA,NA,2018,1995-03-10,NA,"Knee - ACL",2021,0
"K.J. Hill","LAC","WR","14851","weighted",NA,NA,NA,NA,NA,NA,0,0,0,0,0.2,3.92534764114705e-17,NA,NA,NA,NA,4.49796610169491,5.13359523141433,41.9637288135593,45.6578848612154,0,0,NA,NA,NA,NA,NA,NA,NA,NA,NA,NA,NA,NA,NA,NA,NA,NA,NA,NA,NA,NA,NA,NA,NA,NA,NA,NA,NA,NA,NA,NA,NA,NA,2020,1970-01-01,NA,NA,NA,NA
"Josh Malone","FA","WR","13235","weighted",NA,NA,NA,NA,NA,NA,0,NA,0,NA,0,NA,NA,NA,NA,NA,6.34,NA,70.4,NA,0.43,NA,NA,NA,NA,NA,NA,NA,NA,NA,NA,NA,NA,NA,NA,NA,NA,NA,NA,NA,NA,NA,NA,NA,NA,NA,NA,NA,NA,NA,NA,NA,NA,NA,2017,1996-03-21,NA,NA,NA,NA
"Marcus Johnson","TEN","WR","13387","weighted",NA,NA,NA,NA,NA,NA,0,0,0,0,0,0,NA,NA,NA,NA,2.91574730354391,1.97282791951047,41.6612018489985,33.2623029870152,0.0694607087827427,0.0989949493661166,NA,NA,NA,NA,NA,NA,NA,NA,NA,NA,NA,NA,NA,NA,NA,NA,NA,NA,NA,NA,NA,NA,NA,NA,NA,NA,NA,NA,NA,NA,NA,NA,2016,1994-08-05,NA,NA,NA,NA
"Brandon Zylstra","CAR","WR","13585","weighted",NA,NA,NA,NA,NA,NA,0.503852080123267,0.707106781186547,0,0,0,0,NA,NA,NA,NA,3.76357473035439,4.32749350086167,36.4268412942989,40.7222795285333,0,0,NA,NA,NA,NA,NA,NA,NA,NA,NA,NA,NA,NA,NA,NA,NA,NA,NA,NA,NA,NA,NA,NA,NA,NA,NA,NA,NA,NA,NA,NA,NA,NA,2017,1993-03-25,NA,NA,NA,NA
"Stanley Morgan","CIN","WR","14131","weighted",NA,NA,NA,NA,NA,NA,3,NA,0,NA,0,NA,NA,NA,NA,NA,5.4,NA,60,NA,0,NA,NA,NA,NA,NA,NA,NA,NA,NA,NA,NA,NA,NA,NA,NA,NA,NA,NA,NA,NA,NA,NA,NA,NA,NA,NA,NA,NA,NA,NA,NA,NA,NA,2019,1970-01-01,NA,NA,NA,NA
"Tajae Sharpe","ATL","WR","12657","weighted",NA,NA,NA,NA,NA,NA,1.00770416024653,1.41421356237309,0,0,0,0,NA,NA,NA,NA,2.32197226502311,3.30925973595304,28.7319260400616,40.948553698513,0.168690292758089,0.240416305603426,NA,NA,NA,NA,NA,NA,NA,NA,NA,NA,NA,NA,NA,NA,NA,NA,NA,NA,NA,NA,NA,NA,NA,NA,NA,NA,NA,NA,NA,NA,NA,NA,2016,1994-12-23,NA,NA,NA,NA
"Malik Taylor","GB","WR","14533","weighted",NA,NA,NA,NA,NA,NA,3.0231124807396,4.24264068711928,0,0,0.300770416024653,0.14142135623731,NA,NA,NA,NA,2.22070878274268,1.9657568516986,30.6954083204931,30.3631651841504,0.100770416024653,0.14142135623731,NA,NA,NA,NA,NA,NA,NA,NA,NA,NA,NA,NA,NA,NA,NA,NA,NA,NA,NA,NA,NA,NA,NA,NA,NA,NA,NA,NA,NA,NA,NA,NA,2019,1970-01-01,NA,NA,NA,NA
"Malik Turner","DAL","WR","13669","weighted",NA,NA,NA,NA,NA,NA,-0.372850539291217,0.523259018078045,0,0,0,0,NA,NA,NA,NA,2.73944530046225,2.65165042944955,30.9903543913713,28.5176164852535,0,0,NA,NA,NA,NA,NA,NA,NA,NA,NA,NA,NA,NA,NA,NA,NA,NA,NA,NA,NA,NA,NA,NA,NA,NA,NA,NA,NA,NA,NA,NA,NA,NA,2018,1996-01-30,NA,NA,NA,NA
"Malcolm Perry","MIA","WR","15022","weighted",NA,NA,NA,NA,NA,NA,6.73103235747304,5.31744299452284,0.0644992295839753,0.0919238815542512,0,0,NA,NA,NA,NA,3.36767334360555,2.32638131010374,34.1277041602465,19.7707056019759,0.235500770416025,0.0919238815542512,NA,NA,NA,NA,NA,NA,NA,NA,NA,NA,NA,NA,NA,NA,NA,NA,NA,NA,NA,NA,NA,NA,NA,NA,NA,NA,NA,NA,NA,NA,NA,NA,2020,1970-01-01,NA,NA,NA,NA
"Terry Godwin","JAC","WR","14298","weighted",NA,NA,NA,NA,NA,NA,0,NA,0,NA,0,NA,NA,NA,NA,NA,4.05,NA,46.19,NA,0.25,NA,NA,NA,NA,NA,NA,NA,NA,NA,NA,NA,NA,NA,NA,NA,NA,NA,NA,NA,NA,NA,NA,NA,NA,NA,NA,NA,NA,NA,NA,NA,NA,NA,2019,1970-01-01,"IR","Undisclosed",2021,0
"James Proche","BAL","WR","14848","weighted",NA,NA,NA,NA,NA,NA,0,0,0,0,0,0,NA,NA,NA,NA,0.680154083204931,0.0282842712474618,9.52918335901387,3.52139177030901,0,0,NA,NA,NA,NA,NA,NA,NA,NA,NA,NA,NA,NA,NA,NA,NA,NA,NA,NA,NA,NA,NA,NA,NA,NA,NA,NA,NA,NA,NA,NA,NA,NA,2020,1970-01-01,NA,NA,NA,NA
"Nsimba Webster","SF","WR","14549","weighted",NA,NA,NA,NA,NA,NA,13,NA,0,NA,0.01,NA,NA,NA,NA,NA,1.8,NA,15,NA,0,NA,NA,NA,NA,NA,NA,NA,NA,NA,NA,NA,NA,NA,NA,NA,NA,NA,NA,NA,NA,NA,NA,NA,NA,NA,NA,NA,NA,NA,NA,NA,NA,NA,2019,1970-01-01,NA,NA,NA,NA
"Tavon Austin","JAC","WR","11213","weighted",NA,NA,NA,NA,NA,NA,0,NA,0,NA,1.2,NA,NA,NA,NA,NA,7.9,NA,37,NA,0,NA,NA,NA,NA,NA,NA,NA,NA,NA,NA,NA,NA,NA,NA,NA,NA,NA,NA,NA,NA,NA,NA,NA,NA,NA,NA,NA,NA,NA,NA,NA,NA,NA,2013,1991-03-15,"Q","Quadriceps",2021,0
"Ashton Dulin","IND","WR","14315","weighted",NA,NA,NA,NA,NA,NA,1.00770416024653,1.41421356237309,0,0,0,0,NA,NA,NA,NA,2.13781201848998,0.51618795026618,25.9095223420647,7.25491557497398,0.0396918335901387,0.0565685424949238,NA,NA,NA,NA,NA,NA,NA,NA,NA,NA,NA,NA,NA,NA,NA,NA,NA,NA,NA,NA,NA,NA,NA,NA,NA,NA,NA,NA,NA,NA,NA,NA,2019,1997-05-15,NA,NA,NA,NA
"Mike Strachan","IND","WR","15478","weighted",NA,NA,NA,NA,NA,NA,0,NA,0,NA,0,NA,NA,NA,NA,NA,0.4,NA,3,NA,0,NA,NA,NA,NA,NA,NA,NA,NA,NA,NA,NA,NA,NA,NA,NA,NA,NA,NA,NA,NA,NA,NA,NA,NA,NA,NA,NA,NA,NA,NA,NA,NA,NA,2021,NA,NA,NA,NA,NA
"Isaac Whitney","HOU","WR","13545","weighted",NA,NA,NA,NA,NA,NA,0,NA,0,NA,0,NA,NA,NA,NA,NA,0.85,NA,9.63,NA,0,NA,NA,NA,NA,NA,NA,NA,NA,NA,NA,NA,NA,NA,NA,NA,NA,NA,NA,NA,NA,NA,NA,NA,NA,NA,NA,NA,NA,NA,NA,NA,NA,NA,2017,1994-06-22,NA,NA,NA,NA
"Austin Mack","NYG","WR","14855","weighted",NA,NA,NA,NA,NA,NA,0,0,0,0,0,0,NA,NA,NA,NA,1.64739599383667,1.35764501987817,15.47343605547,10.7268098705999,0,0,NA,NA,NA,NA,NA,NA,NA,NA,NA,NA,NA,NA,NA,NA,NA,NA,NA,NA,NA,NA,NA,NA,NA,NA,NA,NA,NA,NA,NA,NA,NA,NA,2020,NA,"Q","Hamstring",2021,0
"Marcus Kemp","KC","WR","13503","weighted",NA,NA,NA,NA,NA,NA,0,NA,0,NA,0,NA,NA,NA,NA,NA,0.85,NA,9.59,NA,0,NA,NA,NA,NA,NA,NA,NA,NA,NA,NA,NA,NA,NA,NA,NA,NA,NA,NA,NA,NA,NA,NA,NA,NA,NA,NA,NA,NA,NA,NA,NA,NA,NA,2017,1995-08-14,NA,NA,NA,NA
"Brandon Powell","FA","WR","13910","weighted",NA,NA,NA,NA,NA,NA,0,NA,0,NA,0,NA,NA,NA,NA,NA,0.84,NA,8.73,NA,0,NA,NA,NA,NA,NA,NA,NA,NA,NA,NA,NA,NA,NA,NA,NA,NA,NA,NA,NA,NA,NA,NA,NA,NA,NA,NA,NA,NA,NA,NA,NA,NA,NA,2018,1970-01-01,NA,NA,NA,NA
"Kelvin Harmon","FA","WR","14114","weighted",NA,NA,NA,NA,NA,NA,0,NA,0,NA,0,NA,NA,NA,NA,NA,0.84,NA,10.63,NA,0,NA,NA,NA,NA,NA,NA,NA,NA,NA,NA,NA,NA,NA,NA,NA,NA,NA,NA,NA,NA,NA,NA,NA,NA,NA,NA,NA,NA,NA,NA,NA,NA,NA,2019,1970-01-01,NA,NA,NA,NA
"Jake Lampman","FA","WR","13027","weighted",NA,NA,NA,NA,NA,NA,0,NA,0,NA,0,NA,NA,NA,NA,NA,0.76,NA,10.3,NA,0,NA,NA,NA,NA,NA,NA,NA,NA,NA,NA,NA,NA,NA,NA,NA,NA,NA,NA,NA,NA,NA,NA,NA,NA,NA,NA,NA,NA,NA,NA,NA,NA,NA,2016,1993-06-11,NA,NA,NA,NA
"Dan Chisena","MIN","WR","15057","weighted",NA,NA,NA,NA,NA,NA,0,0,0,0,0.00751926040061633,0.00353553390593274,NA,NA,NA,NA,0.896579352850539,0.289913780286485,9.33516178736518,0.947523086789974,0.00503852080123267,0.00707106781186548,NA,NA,NA,NA,NA,NA,NA,NA,NA,NA,NA,NA,NA,NA,NA,NA,NA,NA,NA,NA,NA,NA,NA,NA,NA,NA,NA,NA,NA,NA,NA,NA,2020,1970-01-01,NA,NA,NA,NA
"Gehrig Dieter","KC","WR","13179","weighted",NA,NA,NA,NA,NA,NA,0,NA,0,NA,0,NA,NA,NA,NA,NA,0.85,NA,9.65,NA,0,NA,NA,NA,NA,NA,NA,NA,NA,NA,NA,NA,NA,NA,NA,NA,NA,NA,NA,NA,NA,NA,NA,NA,NA,NA,NA,NA,NA,NA,NA,NA,NA,NA,2017,NA,NA,NA,NA,NA
"Keelan Doss","LVR","WR","14317","weighted",NA,NA,NA,NA,NA,NA,0,NA,0,NA,0,NA,NA,NA,NA,NA,0.78,NA,9.13,NA,0,NA,NA,NA,NA,NA,NA,NA,NA,NA,NA,NA,NA,NA,NA,NA,NA,NA,NA,NA,NA,NA,NA,NA,NA,NA,NA,NA,NA,NA,NA,NA,NA,NA,2019,1970-01-01,NA,NA,NA,NA
"Chad Hansen","FA","WR","13183","weighted",NA,NA,NA,NA,NA,NA,0,NA,0,NA,0,NA,NA,NA,NA,NA,0.85,NA,9.12,NA,0,NA,NA,NA,NA,NA,NA,NA,NA,NA,NA,NA,NA,NA,NA,NA,NA,NA,NA,NA,NA,NA,NA,NA,NA,NA,NA,NA,NA,NA,NA,NA,NA,NA,2017,1995-01-18,"Q","Undisclosed",2021,0
"Tanner Gentry","FA","WR","13372","weighted",NA,NA,NA,NA,NA,NA,0,NA,0,NA,0,NA,NA,NA,NA,NA,0.84,NA,9.12,NA,0,NA,NA,NA,NA,NA,NA,NA,NA,NA,NA,NA,NA,NA,NA,NA,NA,NA,NA,NA,NA,NA,NA,NA,NA,NA,NA,NA,NA,NA,NA,NA,NA,NA,2017,NA,NA,NA,NA,NA
"Marcell Ateman","FA","WR","13647","weighted",NA,NA,NA,NA,NA,NA,0,NA,0,NA,0,NA,NA,NA,NA,NA,0.69,NA,9,NA,0,NA,NA,NA,NA,NA,NA,NA,NA,NA,NA,NA,NA,NA,NA,NA,NA,NA,NA,NA,NA,NA,NA,NA,NA,NA,NA,NA,NA,NA,NA,NA,NA,NA,2018,1994-09-16,NA,NA,NA,NA
"Darvin Kidsy","WAS","WR","14046","weighted",NA,NA,NA,NA,NA,NA,0,NA,0,NA,0,NA,NA,NA,NA,NA,0.81,NA,8.95,NA,0,NA,NA,NA,NA,NA,NA,NA,NA,NA,NA,NA,NA,NA,NA,NA,NA,NA,NA,NA,NA,NA,NA,NA,NA,NA,NA,NA,NA,NA,NA,NA,NA,NA,2018,1970-01-01,NA,NA,NA,NA
"Derrick Willies","FA","WR","13911","weighted",NA,NA,NA,NA,NA,NA,0,NA,0,NA,0,NA,NA,NA,NA,NA,0.7,NA,8.57,NA,0,NA,NA,NA,NA,NA,NA,NA,NA,NA,NA,NA,NA,NA,NA,NA,NA,NA,NA,NA,NA,NA,NA,NA,NA,NA,NA,NA,NA,NA,NA,NA,NA,NA,2018,1970-01-01,NA,"Undisclosed",2021,0
"Tyrie Cleveland","FA","WR","15027","weighted",NA,NA,NA,NA,NA,NA,0,NA,0,NA,0,NA,NA,NA,NA,NA,0.83,NA,8.48,NA,0,NA,NA,NA,NA,NA,NA,NA,NA,NA,NA,NA,NA,NA,NA,NA,NA,NA,NA,NA,NA,NA,NA,NA,NA,NA,NA,NA,NA,NA,NA,NA,NA,NA,2020,1970-01-01,NA,NA,NA,NA
"Dante Pettis","NYG","WR","13634","weighted",NA,NA,NA,NA,NA,NA,0,NA,0,NA,0,NA,NA,NA,NA,NA,0.68,NA,8.38,NA,0,NA,NA,NA,NA,NA,NA,NA,NA,NA,NA,NA,NA,NA,NA,NA,NA,NA,NA,NA,NA,NA,NA,NA,NA,NA,NA,NA,NA,NA,NA,NA,NA,NA,2018,1995-10-23,NA,NA,NA,NA
"Justin Hardy","FA","WR","12185","weighted",NA,NA,NA,NA,NA,NA,0,NA,0,NA,0,NA,NA,NA,NA,NA,0.74,NA,7.88,NA,0,NA,NA,NA,NA,NA,NA,NA,NA,NA,NA,NA,NA,NA,NA,NA,NA,NA,NA,NA,NA,NA,NA,NA,NA,NA,NA,NA,NA,NA,NA,NA,NA,NA,2015,1991-12-18,NA,NA,NA,NA
"Cody Hollister","FA","WR","13851","weighted",NA,NA,NA,NA,NA,NA,0,NA,0,NA,0,NA,NA,NA,NA,NA,0.72,NA,7.95,NA,0,NA,NA,NA,NA,NA,NA,NA,NA,NA,NA,NA,NA,NA,NA,NA,NA,NA,NA,NA,NA,NA,NA,NA,NA,NA,NA,NA,NA,NA,NA,NA,NA,NA,2017,1993-11-18,"Q","Ankle",2021,0
"Ryan Switzer","CLE","WR","13165","weighted",NA,NA,NA,NA,NA,NA,0,NA,0,NA,0,NA,NA,NA,NA,NA,0.75,NA,7.12,NA,0,NA,NA,NA,NA,NA,NA,NA,NA,NA,NA,NA,NA,NA,NA,NA,NA,NA,NA,NA,NA,NA,NA,NA,NA,NA,NA,NA,NA,NA,NA,NA,NA,NA,2017,1994-11-04,"IR","Foot",2021,0
"Travis Kelce","KC","TE","11244","weighted",NA,NA,NA,NA,NA,NA,1.13468858131488,0.93345727853108,0.136852652825836,0.130995881894465,0.879390138408304,0.0575687045270391,NA,NA,NA,NA,109.770138408304,11.1021351454711,1381.81192041522,125.637492457795,10.076535467128,1.08173871788494,NA,NA,NA,NA,NA,NA,NA,NA,NA,NA,NA,NA,NA,NA,NA,NA,NA,NA,NA,NA,NA,NA,NA,NA,NA,NA,NA,NA,NA,NA,NA,NA,2013,1989-10-05,NA,NA,NA,NA
"Darren Waller","LVR","TE","12263","weighted",NA,NA,NA,NA,NA,NA,0.841176470588235,0.706842545410913,0.00334630911188005,0.00332105540150984,1.51035899653979,0.277198490548085,NA,NA,NA,NA,106.231890138408,4.41166902951507,1264.66339965398,102.87423907566,8.28868944636678,1.23621577907138,NA,NA,NA,NA,NA,NA,NA,NA,NA,NA,NA,NA,NA,NA,NA,NA,NA,NA,NA,NA,NA,NA,NA,NA,NA,NA,NA,NA,NA,NA,NA,NA,2015,1992-09-13,NA,NA,NA,NA
"George Kittle","SF","TE","13299","weighted",NA,NA,NA,NA,NA,NA,10.2432525951557,5.4945369621369,0.0167315455594002,0.0166052770075492,0.423734429065744,0.343611955395942,NA,NA,NA,NA,92.441124567474,9.91531841443851,1175.25516868512,135.073806949253,6.60173875432526,1.16882465412642,NA,NA,NA,NA,NA,NA,NA,NA,NA,NA,NA,NA,NA,NA,NA,NA,NA,NA,NA,NA,NA,NA,NA,NA,NA,NA,NA,NA,NA,NA,NA,NA,2017,1993-10-09,NA,NA,NA,NA
"Mark Andrews","BAL","TE","13671","weighted",NA,NA,NA,NA,NA,NA,0.303546712802768,0.42676808464853,0.00334630911188005,0.00332105540150984,0.59213884083045,0.184519667612979,NA,NA,NA,NA,70.0575692041522,5.57746031812788,841.314208477508,53.6141401429021,7.74990051903114,1.15334650641076,NA,NA,NA,NA,NA,NA,NA,NA,NA,NA,NA,NA,NA,NA,NA,NA,NA,NA,NA,NA,NA,NA,NA,NA,NA,NA,NA,NA,NA,NA,NA,NA,2018,1995-09-06,NA,NA,NA,NA
"T.J. Hockenson","DET","TE","14138","weighted",NA,NA,NA,NA,NA,NA,2.3606401384083,3.31891543515923,0,0,0.70822952710496,0.344779463352442,NA,NA,NA,NA,74.9935769896194,3.86900968433978,830.166669550173,71.9405181680513,5.93554498269896,1.08342984499381,NA,NA,NA,NA,NA,NA,NA,NA,NA,NA,NA,NA,NA,NA,NA,NA,NA,NA,NA,NA,NA,NA,NA,NA,NA,NA,NA,NA,NA,NA,NA,NA,2019,1997-07-03,"Q","Shoulder - AC Joint",2021,0
"Kyle Pitts","ATL","TE","15329","weighted",NA,NA,NA,NA,NA,NA,0.622145328719723,0.874698223081285,0,0,0.960034602076124,0.58377206456066,NA,NA,NA,NA,63.5289705882353,17.9936092761438,741.475648788927,242.540935590323,6.41784169550173,2.34163504973971,NA,NA,NA,NA,NA,NA,NA,NA,NA,NA,NA,NA,NA,NA,NA,NA,NA,NA,NA,NA,NA,NA,NA,NA,NA,NA,NA,NA,NA,NA,NA,NA,2021,2000-10-06,NA,NA,NA,NA
"Zach Ertz","PHI","TE","11247","weighted",NA,NA,NA,NA,NA,NA,0.193166089965398,0.271579690230883,0,0,0.702205882352941,0.174647361293023,NA,NA,NA,NA,52.5639532871972,15.2113333739169,563.596790657439,137.16800252883,3.87332612456747,1.12710407717911,NA,NA,NA,NA,NA,NA,NA,NA,NA,NA,NA,NA,NA,NA,NA,NA,NA,NA,NA,NA,NA,NA,NA,NA,NA,NA,NA,NA,NA,NA,NA,NA,2013,1990-11-10,NA,NA,NA,NA
"Logan Thomas","WAS","TE","11647","weighted",NA,NA,NA,NA,NA,NA,9.03243944636678,3.10809328870591,0.0654734144022861,0.0629050869691295,0.353088235294118,0.334309110394931,NA,NA,NA,NA,71.5862110726644,3.9828995838237,713.095566608996,58.4422701048346,5.89444204152249,1.10231785308426,NA,NA,NA,NA,NA,NA,NA,NA,NA,NA,NA,NA,NA,NA,NA,NA,NA,NA,NA,NA,NA,NA,NA,NA,NA,NA,NA,NA,NA,NA,NA,NA,2014,1991-07-01,NA,NA,NA,NA
"Mike Gesicki","MIA","TE","13672","weighted",NA,NA,NA,NA,NA,NA,0.24083044982699,0.338592860547594,0,0,0.702205882352941,0.174647361293023,NA,NA,NA,NA,58.2683650519031,4.98122277035078,673.404697231834,75.0982838666115,5.73567474048443,0.430511540692241,NA,NA,NA,NA,NA,NA,NA,NA,NA,NA,NA,NA,NA,NA,NA,NA,NA,NA,NA,NA,NA,NA,NA,NA,NA,NA,NA,NA,NA,NA,NA,NA,2018,1995-10-03,NA,NA,NA,NA
"Noah Fant","DEN","TE","14137","weighted",NA,NA,NA,NA,NA,NA,-1.06337370242215,2.46366853038616,0,0,0.734093858131488,0.146315758453779,NA,NA,NA,NA,66.2247448096886,5.28765026786276,758.523728373702,55.0685404366997,4.60465397923875,0.882461412062003,NA,NA,NA,NA,NA,NA,NA,NA,NA,NA,NA,NA,NA,NA,NA,NA,NA,NA,NA,NA,NA,NA,NA,NA,NA,NA,NA,NA,NA,NA,NA,NA,2019,1997-11-20,"Q","Leg",2021,0
"Dallas Goedert","PHI","TE","13674","weighted",NA,NA,NA,NA,NA,NA,0.210726643598616,0.296268752979145,0,0,0.881704152249135,0.0817504881963377,NA,NA,NA,NA,62.1601297577855,5.97876882002755,692.797314013841,53.2954444017648,5.1826384083045,0.968471252177079,NA,NA,NA,NA,NA,NA,NA,NA,NA,NA,NA,NA,NA,NA,NA,NA,NA,NA,NA,NA,NA,NA,NA,NA,NA,NA,NA,NA,NA,NA,NA,NA,2018,1995-01-03,NA,NA,NA,NA
"Tyler Higbee","LAR","TE","12678","weighted",NA,NA,NA,NA,NA,NA,1.2409169550173,1.31778737490623,0,0,0.423734429065744,0.343611955395942,NA,NA,NA,NA,62.0078546712803,4.64608576762514,702.117292387543,48.0569004363407,5.22743944636678,1.11688294086654,NA,NA,NA,NA,NA,NA,NA,NA,NA,NA,NA,NA,NA,NA,NA,NA,NA,NA,NA,NA,NA,NA,NA,NA,NA,NA,NA,NA,NA,NA,NA,NA,2016,1993-01-01,NA,NA,NA,NA
"Albert Okwuegbunam","DEN","TE","14873","weighted",NA,NA,NA,NA,NA,NA,0.494204152249135,0.694820765915376,0,0,0.023659169550173,0.0163500976392675,NA,NA,NA,NA,28.0673832179931,18.0505324785755,319.818598615917,229.684390489349,2.4376384083045,1.51258170456186,NA,NA,NA,NA,NA,NA,NA,NA,NA,NA,NA,NA,NA,NA,NA,NA,NA,NA,NA,NA,NA,NA,NA,NA,NA,NA,NA,NA,NA,NA,NA,NA,2020,1998-04-25,NA,NA,NA,NA
"Jared Cook","LAC","TE","9474","weighted",NA,NA,NA,NA,NA,NA,0.293512110726644,0.41266004879238,0,0,0.588538062283737,0.189581520862381,NA,NA,NA,NA,49.8377724913495,7.36970059822822,621.352396193772,70.9486019559478,5.88362889273356,0.974069812970819,NA,NA,NA,NA,NA,NA,NA,NA,NA,NA,NA,NA,NA,NA,NA,NA,NA,NA,NA,NA,NA,NA,NA,NA,NA,NA,NA,NA,NA,NA,NA,NA,2009,1987-04-07,NA,NA,NA,NA
"Hunter Henry","NE","TE","12676","weighted",NA,NA,NA,NA,NA,NA,0.306055363321799,0.430295093612568,0,0,0.574653979238754,0.294148478719299,NA,NA,NA,NA,54.1760294117647,14.7509231963035,582.93276384083,159.850541270102,4.20075259515571,1.70967772738052,NA,NA,NA,NA,NA,NA,NA,NA,NA,NA,NA,NA,NA,NA,NA,NA,NA,NA,NA,NA,NA,NA,NA,NA,NA,NA,NA,NA,NA,NA,NA,NA,2016,1994-12-07,"Q","Shoulder",2021,0
"Evan Engram","NYG","TE","13189","weighted",NA,NA,NA,NA,NA,NA,12.0043598615917,6.75483554589712,0.180219275992465,0.161403484821093,0.655730103806228,0.31252122885724,NA,NA,NA,NA,60.9509256055363,4.91403777509928,633.149653979239,66.8806732875087,3.81842993079585,0.944630823756287,NA,NA,NA,NA,NA,NA,NA,NA,NA,NA,NA,NA,NA,NA,NA,NA,NA,NA,NA,NA,NA,NA,NA,NA,NA,NA,NA,NA,NA,NA,NA,NA,2017,1994-09-02,"Q","Calf",2021,0
"Eric Ebron","PIT","TE","11695","weighted",NA,NA,NA,NA,NA,NA,0.85795847750865,1.2062370657008,0,0,0.548559688581315,0.296149818129948,NA,NA,NA,NA,53.1143728373702,11.5096539380307,532.351293252595,118.795078231938,4.25266003460208,0.623178336648793,NA,NA,NA,NA,NA,NA,NA,NA,NA,NA,NA,NA,NA,NA,NA,NA,NA,NA,NA,NA,NA,NA,NA,NA,NA,NA,NA,NA,NA,NA,NA,NA,2014,1993-04-10,NA,NA,NA,NA
"Austin Hooper","CLE","TE","12677","weighted",NA,NA,NA,NA,NA,NA,0.250865051903114,0.352700896403744,0,0,0.765981833910034,0.119497716948632,NA,NA,NA,NA,54.9159472318339,5.0768967320455,558.483053633218,79.9925064801884,4.91176903114187,0.741984067233803,NA,NA,NA,NA,NA,NA,NA,NA,NA,NA,NA,NA,NA,NA,NA,NA,NA,NA,NA,NA,NA,NA,NA,NA,NA,NA,NA,NA,NA,NA,NA,NA,2016,1994-10-29,NA,NA,NA,NA
"Robert Tonyan","GB","TE","13427","weighted",NA,NA,NA,NA,NA,NA,0.235813148788927,0.331538842619519,0,0,0.023659169550173,0.0163500976392675,NA,NA,NA,NA,55.4170847750865,5.49628191727223,603.643096885813,70.4416915877753,7.31894031141868,1.50726249576311,NA,NA,NA,NA,NA,NA,NA,NA,NA,NA,NA,NA,NA,NA,NA,NA,NA,NA,NA,NA,NA,NA,NA,NA,NA,NA,NA,NA,NA,NA,NA,NA,2017,1994-04-30,NA,NA,NA,NA
"Cole Kmet","CHI","TE","14867","weighted",NA,NA,NA,NA,NA,NA,0.581003460207613,3.36672163579403,0.00669261822376009,0.00664211080301968,1.12260813148789,0.603651349783951,NA,NA,NA,NA,50.5735034602076,9.56983508250735,488.831107266436,90.9649247153307,4.26019031141868,1.669825277494,NA,NA,NA,NA,NA,NA,NA,NA,NA,NA,NA,NA,NA,NA,NA,NA,NA,NA,NA,NA,NA,NA,NA,NA,NA,NA,NA,NA,NA,NA,NA,NA,2020,1999-03-10,NA,NA,NA,NA
"Rob Gronkowski","TB","TE","9902","weighted",NA,NA,NA,NA,NA,NA,0.348702422145329,0.490254246001204,0,0,0.195188148788927,0.134888305523957,NA,NA,NA,NA,43.9014576124567,4.51467837181653,577.902378892734,70.4002865725263,5.76660899653979,0.716486740382331,NA,NA,NA,NA,NA,NA,NA,NA,NA,NA,NA,NA,NA,NA,NA,NA,NA,NA,NA,NA,NA,NA,NA,NA,NA,NA,NA,NA,NA,NA,NA,NA,2010,1989-05-14,NA,NA,NA,NA
"Jonnu Smith","NE","TE","13193","weighted",NA,NA,NA,NA,NA,NA,7.85395328719723,8.14257004276924,0.415523439642575,0.360540681135525,0.452266435986159,0.295002337166624,NA,NA,NA,NA,53.70598183391,4.03901999065415,571.531916089965,54.7434294860594,5.23069204152249,1.17739312274071,NA,NA,NA,NA,NA,NA,NA,NA,NA,NA,NA,NA,NA,NA,NA,NA,NA,NA,NA,NA,NA,NA,NA,NA,NA,NA,NA,NA,NA,NA,NA,NA,2017,1995-08-22,NA,NA,NA,NA
"Hayden Hurst","ATL","TE","13680","weighted",NA,NA,NA,NA,NA,NA,0.301038062283737,0.423241075684493,0,0,0.177443771626298,0.122625732294507,NA,NA,NA,NA,40.3536851211073,10.4628246375514,418.037984429066,102.897230141196,3.36454152249135,0.850013361421887,NA,NA,NA,NA,NA,NA,NA,NA,NA,NA,NA,NA,NA,NA,NA,NA,NA,NA,NA,NA,NA,NA,NA,NA,NA,NA,NA,NA,NA,NA,NA,NA,2018,1993-08-24,NA,NA,NA,NA
"Anthony Firkser","TEN","TE","13919","weighted",NA,NA,NA,NA,NA,NA,1.85873702422145,2.00038642516375,0.300648788927336,0.1717749989848,0.023659169550173,0.0163500976392675,NA,NA,NA,NA,51.9529887543253,4.28458342490737,560.389480968858,49.0345331026544,4.65193771626298,1.17988958698484,NA,NA,NA,NA,NA,NA,NA,NA,NA,NA,NA,NA,NA,NA,NA,NA,NA,NA,NA,NA,NA,NA,NA,NA,NA,NA,NA,NA,NA,NA,NA,NA,2018,1995-02-19,NA,NA,NA,NA
"Blake Jarwin","DAL","TE","13722","weighted",NA,NA,NA,NA,NA,NA,0.243339100346021,0.342119869511632,0,0,0.10219723183391,0.0641542116812552,NA,NA,NA,NA,43.3740441176471,11.0535046698249,481.101444636678,108.525303751832,3.59016435986159,1.23269843662555,NA,NA,NA,NA,NA,NA,NA,NA,NA,NA,NA,NA,NA,NA,NA,NA,NA,NA,NA,NA,NA,NA,NA,NA,NA,NA,NA,NA,NA,NA,NA,NA,2017,1994-07-16,NA,NA,NA,NA
"Gerald Everett","SEA","TE","13236","weighted",NA,NA,NA,NA,NA,NA,0.781833910034602,0.711908485274517,0.300648788927336,0.1717749989848,0.744636678200692,0.115382269675626,NA,NA,NA,NA,43.116124567474,9.44926874600645,448.54839532872,105.269036354612,3.50166089965398,1.36477901098465,NA,NA,NA,NA,NA,NA,NA,NA,NA,NA,NA,NA,NA,NA,NA,NA,NA,NA,NA,NA,NA,NA,NA,NA,NA,NA,NA,NA,NA,NA,NA,NA,2017,1994-06-25,NA,NA,NA,NA
"Adam Trautman","NO","TE","14870","weighted",NA,NA,NA,NA,NA,NA,0.256004431314623,0.389191732796461,0,0,0.627178729689808,0.442789419864627,NA,NA,NA,NA,38.3313638601674,9.17824137103859,435.790260955195,122.299596573453,3.7030231413097,2.05663628758311,NA,NA,NA,NA,NA,NA,NA,NA,NA,NA,NA,NA,NA,NA,NA,NA,NA,NA,NA,NA,NA,NA,NA,NA,NA,NA,NA,NA,NA,NA,NA,NA,2020,1997-02-05,"Q","Ankle",2021,0
"Dawson Knox","BUF","TE","14143","weighted",NA,NA,NA,NA,NA,NA,0.358737024221453,0.504362281857354,0,0,0.971453287197232,0.14901453832362,NA,NA,NA,NA,40.0219420415225,8.60204654266689,462.052616782007,73.3278436414397,3.98315743944637,0.941476740728235,NA,NA,NA,NA,NA,NA,NA,NA,NA,NA,NA,NA,NA,NA,NA,NA,NA,NA,NA,NA,NA,NA,NA,NA,NA,NA,NA,NA,NA,NA,NA,NA,2019,1996-11-14,NA,NA,NA,NA
"Jack Doyle","IND","TE","11516","weighted",NA,NA,NA,NA,NA,NA,0.450692041522491,0.370172333364315,0.200432525951557,0.114516665989867,0.288278546712803,0.20695752800125,NA,NA,NA,NA,41.4595328719723,10.9373112526243,444.093706747405,124.378525528233,3.88948529411765,1.05284365150938,NA,NA,NA,NA,NA,NA,NA,NA,NA,NA,NA,NA,NA,NA,NA,NA,NA,NA,NA,NA,NA,NA,NA,NA,NA,NA,NA,NA,NA,NA,NA,NA,2013,1990-05-05,NA,NA,NA,NA
"Chris Herndon","NYJ","TE","13679","weighted",NA,NA,NA,NA,NA,NA,0.19818339100346,0.278633708158958,0,0,1.46087802768166,0.707458024272758,NA,NA,NA,NA,34.6428027681661,11.4425315305864,374.400073529412,129.74776172553,3.63643598615917,2.10948382881862,NA,NA,NA,NA,NA,NA,NA,NA,NA,NA,NA,NA,NA,NA,NA,NA,NA,NA,NA,NA,NA,NA,NA,NA,NA,NA,NA,NA,NA,NA,NA,NA,2018,NA,NA,NA,NA,NA
"Dalton Schultz","DAL","TE","13772","weighted",NA,NA,NA,NA,NA,NA,0.410553633217993,0.348801408504045,0,0,0.137067474048443,0.0875315891863213,NA,NA,NA,NA,37.875428200692,13.7583983492264,383.211812283737,127.850894671237,2.91070069204152,1.06113544384304,NA,NA,NA,NA,NA,NA,NA,NA,NA,NA,NA,NA,NA,NA,NA,NA,NA,NA,NA,NA,NA,NA,NA,NA,NA,NA,NA,NA,NA,NA,NA,NA,2018,1996-07-11,NA,NA,NA,NA
"Juwan Johnson","NO","TE","14861","weighted",NA,NA,NA,NA,NA,NA,NA,NA,NA,NA,0.2,0,NA,NA,NA,NA,42.2378787878788,12.0208152801713,451.706060606061,145.663996924429,3.27727272727273,2.12132034355964,NA,NA,NA,NA,NA,NA,NA,NA,NA,NA,NA,NA,NA,NA,NA,NA,NA,NA,NA,NA,NA,NA,NA,NA,NA,NA,NA,NA,NA,NA,NA,NA,2020,1996-09-13,NA,NA,NA,NA
"Jordan Akins","HOU","TE","13753","weighted",NA,NA,NA,NA,NA,NA,3.72941176470588,3.61818673868386,0,0,0.0170285467128028,0.0133857300931033,NA,NA,NA,NA,46.1403676470588,6.2245228831044,487.82446366782,52.7725396134469,2.63090397923875,0.800032621967647,NA,NA,NA,NA,NA,NA,NA,NA,NA,NA,NA,NA,NA,NA,NA,NA,NA,NA,NA,NA,NA,NA,NA,NA,NA,NA,NA,NA,NA,NA,NA,NA,2018,1992-04-19,NA,NA,NA,NA
"Dan Arnold","CAR","TE","13880","weighted",NA,NA,NA,NA,NA,NA,0.245847750865052,0.345646878475669,0,0,0.820242214532872,0.0951084779545661,NA,NA,NA,NA,30.7075951557093,6.62369292684669,399.910423875432,118.645090093543,2.63227508650519,1.16256051145177,NA,NA,NA,NA,NA,NA,NA,NA,NA,NA,NA,NA,NA,NA,NA,NA,NA,NA,NA,NA,NA,NA,NA,NA,NA,NA,NA,NA,NA,NA,NA,NA,2017,1970-01-01,NA,NA,NA,NA
"O.J. Howard","TB","TE","13188","weighted",NA,NA,NA,NA,NA,NA,0.311072664359862,0.437349111540642,0,0,0.503676470588235,0.291078935488372,NA,NA,NA,NA,31.4899653979239,8.6102044831948,408.934563148789,119.177852856636,2.74185121107266,0.742452409885188,NA,NA,NA,NA,NA,NA,NA,NA,NA,NA,NA,NA,NA,NA,NA,NA,NA,NA,NA,NA,NA,NA,NA,NA,NA,NA,NA,NA,NA,NA,NA,NA,2017,1994-11-19,NA,NA,NA,NA
"Mo Alie-Cox","IND","TE","13246","weighted",NA,NA,NA,NA,NA,NA,0.155610536681438,0.236567523856672,0,0,0.558706712621041,0.25495146601597,NA,NA,NA,NA,33.1790841949778,5.01185969299691,377.238079763663,79.088998570113,2.68307730182176,0.508555454907579,NA,NA,NA,NA,NA,NA,NA,NA,NA,NA,NA,NA,NA,NA,NA,NA,NA,NA,NA,NA,NA,NA,NA,NA,NA,NA,NA,NA,NA,NA,NA,NA,2016,1993-09-19,NA,NA,NA,NA
"Tyler Kroft","NYJ","TE","12212","weighted",NA,NA,NA,NA,NA,NA,0.195674740484429,0.27510669919492,0,0,0,0,NA,NA,NA,NA,21.6825692041522,14.2390437833789,231.215869377163,154.598597104976,2.10110294117647,1.74880919939977,NA,NA,NA,NA,NA,NA,NA,NA,NA,NA,NA,NA,NA,NA,NA,NA,NA,NA,NA,NA,NA,NA,NA,NA,NA,NA,NA,NA,NA,NA,NA,NA,2015,1992-10-15,NA,NA,NA,NA
"C.J. Uzomah","CIN","TE","12317","weighted",NA,NA,NA,NA,NA,NA,0.233415805022157,0.354851285785008,0,0,0.297488921713442,0.188935476288877,NA,NA,NA,NA,39.9486262924668,9.18974382317847,392.352949286066,80.5798172738938,3.52144263909404,1.02950491199335,NA,NA,NA,NA,NA,NA,NA,NA,NA,NA,NA,NA,NA,NA,NA,NA,NA,NA,NA,NA,NA,NA,NA,NA,NA,NA,NA,NA,NA,NA,NA,NA,2015,1993-01-14,NA,NA,NA,NA
"Cameron Brate","TB","TE","12110","weighted",NA,NA,NA,NA,NA,NA,0.145571147218119,0.221305102962693,0,0,0,0,NA,NA,NA,NA,24.2322058099458,11.4612163905958,254.673111767602,141.596700981262,2.20099458394879,1.03987610832241,NA,NA,NA,NA,NA,NA,NA,NA,NA,NA,NA,NA,NA,NA,NA,NA,NA,NA,NA,NA,NA,NA,NA,NA,NA,NA,NA,NA,NA,NA,NA,NA,2014,1991-07-03,NA,NA,NA,NA
"Tommy Sweeney","BUF","TE","14294","weighted",NA,NA,NA,NA,NA,NA,0,0,0,0,0.630007558578987,0.253276108287252,NA,NA,NA,NA,15.0309901738473,16.3097900119034,178.074210128496,186.02814436931,0.914950869236584,0.829639432516381,NA,NA,NA,NA,NA,NA,NA,NA,NA,NA,NA,NA,NA,NA,NA,NA,NA,NA,NA,NA,NA,NA,NA,NA,NA,NA,NA,NA,NA,NA,NA,NA,2019,1970-01-01,"Q","Foot",2021,0
"Pat Freiermuth","PIT","TE","15331","weighted",NA,NA,NA,NA,NA,NA,0,0,0,0,0.929220524872699,0.707433045987611,NA,NA,NA,NA,22.5871797884841,20.1688311903191,228.941621621622,190.742360014784,1.68470035252644,1.72946151975378,NA,NA,NA,NA,NA,NA,NA,NA,NA,NA,NA,NA,NA,NA,NA,NA,NA,NA,NA,NA,NA,NA,NA,NA,NA,NA,NA,NA,NA,NA,NA,NA,2021,1998-10-25,NA,NA,NA,NA
"Donald Parham","LAC","TE","14341","weighted",NA,NA,NA,NA,NA,NA,0,0,0,0,0,0,NA,NA,NA,NA,21.5873333333333,9.34911012895493,301.986666666667,114.966058757616,2.18685714285714,0.340617055288118,NA,NA,NA,NA,NA,NA,NA,NA,NA,NA,NA,NA,NA,NA,NA,NA,NA,NA,NA,NA,NA,NA,NA,NA,NA,NA,NA,NA,NA,NA,NA,NA,2019,NA,NA,NA,NA,NA
"Tre' McKitty","LAC","TE","15333","weighted",NA,NA,NA,NA,NA,NA,0,0,NA,NA,0,0,NA,NA,NA,NA,16.3875562218891,11.9454873631515,201.131184407796,149.963694688977,1.5952023988006,1.66562737546936,NA,NA,NA,NA,NA,NA,NA,NA,NA,NA,NA,NA,NA,NA,NA,NA,NA,NA,NA,NA,NA,NA,NA,NA,NA,NA,NA,NA,NA,NA,NA,NA,2021,NA,NA,NA,NA,NA
"Jimmy Graham","CHI","TE","9925","weighted",NA,NA,NA,NA,NA,NA,0.180622837370242,0.253944645410696,0,0,0.023659169550173,0.0163500976392675,NA,NA,NA,NA,30.6765397923875,9.53932223433026,314.57812283737,90.4318658387602,3.62538494809689,1.55937399978801,NA,NA,NA,NA,NA,NA,NA,NA,NA,NA,NA,NA,NA,NA,NA,NA,NA,NA,NA,NA,NA,NA,NA,NA,NA,NA,NA,NA,NA,NA,NA,NA,2010,1986-11-24,NA,NA,NA,NA
"Ryan Izzo","FA","TE","13847","weighted",NA,NA,NA,NA,NA,NA,0,NA,NA,NA,1,NA,NA,NA,NA,NA,26,NA,339,NA,2,NA,NA,NA,NA,NA,NA,NA,NA,NA,NA,NA,NA,NA,NA,NA,NA,NA,NA,NA,NA,NA,NA,NA,NA,NA,NA,NA,NA,NA,NA,NA,NA,NA,2018,1995-12-21,NA,NA,NA,NA
"Tyler Conklin","MIN","TE","13675","weighted",NA,NA,NA,NA,NA,NA,0.203297636632201,0.309064023103072,0,0,0.0415312653865091,0.0205508058810372,NA,NA,NA,NA,33.357454455933,5.61644697429038,335.786957163959,60.481116381081,2.24519448547514,1.08621895998556,NA,NA,NA,NA,NA,NA,NA,NA,NA,NA,NA,NA,NA,NA,NA,NA,NA,NA,NA,NA,NA,NA,NA,NA,NA,NA,NA,NA,NA,NA,NA,NA,2018,1995-07-30,"Q","Hamstring",2021,0
"Drew Sample","CIN","TE","14146","weighted",NA,NA,NA,NA,NA,NA,0.158044982698962,0.222201564734359,0,0,0.744636678200692,0.115382269675626,NA,NA,NA,NA,30.7232482698962,11.6609223218825,282.436366782007,88.2151166894276,1.66965830449827,0.708414339913301,NA,NA,NA,NA,NA,NA,NA,NA,NA,NA,NA,NA,NA,NA,NA,NA,NA,NA,NA,NA,NA,NA,NA,NA,NA,NA,NA,NA,NA,NA,NA,NA,2019,1996-04-16,NA,NA,NA,NA
"Harrison Bryant","CLE","TE","14875","weighted",NA,NA,NA,NA,NA,NA,0,0,0,0,1.87860144562111,0.183052112123853,NA,NA,NA,NA,21.8931417044881,9.34532436715041,225.03799293999,95.9026212312122,2.00252143217347,1.62987217034172,NA,NA,NA,NA,NA,NA,NA,NA,NA,NA,NA,NA,NA,NA,NA,NA,NA,NA,NA,NA,NA,NA,NA,NA,NA,NA,NA,NA,NA,NA,NA,NA,2020,1998-04-23,NA,NA,NA,NA
"Will Dissly","SEA","TE","13763","weighted",NA,NA,NA,NA,NA,NA,0.964965397923875,0.947353218429562,0,0,0.023659169550173,0.0163500976392675,NA,NA,NA,NA,29.3778676470588,8.48789319087047,308.3573183391,87.3050213913263,2.63463235294118,0.872237831233636,NA,NA,NA,NA,NA,NA,NA,NA,NA,NA,NA,NA,NA,NA,NA,NA,NA,NA,NA,NA,NA,NA,NA,NA,NA,NA,NA,NA,NA,NA,NA,NA,2018,NA,NA,NA,NA,NA
"Jacob Hollister","BUF","TE","13391","weighted",NA,NA,NA,NA,NA,NA,0.160774818401937,0.276275720031235,0,0,0.0989709443099274,0.0915200508886971,NA,NA,NA,NA,20.1628268765133,11.7963485628513,192.129098062954,126.583614060256,1.59619249394673,0.930450707301413,NA,NA,NA,NA,NA,NA,NA,NA,NA,NA,NA,NA,NA,NA,NA,NA,NA,NA,NA,NA,NA,NA,NA,NA,NA,NA,NA,NA,NA,NA,NA,NA,2017,1993-11-18,NA,NA,NA,NA
"Nick Vannett","NO","TE","12680","weighted",NA,NA,NA,NA,NA,NA,0,0,0,0,0,0,NA,NA,NA,NA,16.6232989690722,16.1494388773832,174.251870397644,160.090228905081,2.09789396170839,1.79012370766808,NA,NA,NA,NA,NA,NA,NA,NA,NA,NA,NA,NA,NA,NA,NA,NA,NA,NA,NA,NA,NA,NA,NA,NA,NA,NA,NA,NA,NA,NA,NA,NA,2016,NA,"Q","Knee",2021,0
"Tyler Eifert","FA","TE","11250","weighted",NA,NA,NA,NA,NA,NA,0,0,0,0,NA,NA,NA,NA,NA,NA,30.1338036809816,8.78226622233692,307.401779141104,79.3232387135069,2.54819018404908,0.784888527117068,NA,NA,NA,NA,NA,NA,NA,NA,NA,NA,NA,NA,NA,NA,NA,NA,NA,NA,NA,NA,NA,NA,NA,NA,NA,NA,NA,NA,NA,NA,NA,NA,2013,1990-09-08,NA,NA,NA,NA
"Kyle Rudolph","NYG","TE","10312","weighted",NA,NA,NA,NA,NA,NA,0.168079584775086,0.236309600590508,0,0,0.26461937716263,0.210459364556492,NA,NA,NA,NA,24.6057482698962,9.76452295637776,249.426881487889,94.548276289106,1.94616349480969,1.35257954522638,NA,NA,NA,NA,NA,NA,NA,NA,NA,NA,NA,NA,NA,NA,NA,NA,NA,NA,NA,NA,NA,NA,NA,NA,NA,NA,NA,NA,NA,NA,NA,NA,2011,1989-11-09,"Q","Foot",2021,0
"David Njoku","CLE","TE","13192","weighted",NA,NA,NA,NA,NA,NA,0.220774647887324,0.264452406943389,0,0,0,0,NA,NA,NA,NA,26.5520129107981,3.77187420242033,288.095522300469,41.5629381563203,2.59335093896714,0.644193565438437,NA,NA,NA,NA,NA,NA,NA,NA,NA,NA,NA,NA,NA,NA,NA,NA,NA,NA,NA,NA,NA,NA,NA,NA,NA,NA,NA,NA,NA,NA,NA,NA,2017,1996-07-10,NA,NA,NA,NA
"Hunter Long","MIA","TE","15334","weighted",NA,NA,NA,NA,NA,NA,0,0,NA,NA,0.877596439169139,0.176776695296637,NA,NA,NA,NA,29.0623145400594,4.24264068711928,321.741839762611,51.618795026618,2,0,NA,NA,NA,NA,NA,NA,NA,NA,NA,NA,NA,NA,NA,NA,NA,NA,NA,NA,NA,NA,NA,NA,NA,NA,NA,NA,NA,NA,NA,NA,NA,NA,2021,1998-08-19,NA,NA,NA,NA
"James OShaughnessy","JAC","TE","12330","weighted",NA,NA,NA,NA,NA,NA,0.235925652387986,0.358666891008503,0,0,0,0,NA,NA,NA,NA,27.590059084195,6.7082796630857,278.055750861644,65.3856904850877,1.46547021171837,1.05360442738035,NA,NA,NA,NA,NA,NA,NA,NA,NA,NA,NA,NA,NA,NA,NA,NA,NA,NA,NA,NA,NA,NA,NA,NA,NA,NA,NA,NA,NA,NA,NA,NA,NA,NA,NA,NA,NA,NA
"Devin Asiasi","NE","TE","14936","weighted",NA,NA,NA,NA,NA,NA,0,0,0,0,0.508559919436052,0.503379992482352,NA,NA,NA,NA,15.3394360523666,15.3009797389628,189.918811681772,171.050084980147,1.91258811681772,2.02321465361978,NA,NA,NA,NA,NA,NA,NA,NA,NA,NA,NA,NA,NA,NA,NA,NA,NA,NA,NA,NA,NA,NA,NA,NA,NA,NA,NA,NA,NA,NA,NA,NA,2020,1970-01-01,NA,NA,NA,NA
"Johnny Mundt","LAR","TE","13940","weighted",NA,NA,NA,NA,NA,NA,0.503852080123267,0.707106781186547,0,0,0,0,NA,NA,NA,NA,19.2586748844376,20.866721112815,196.410878274268,210.343054199562,0.434730354391371,0.0494974746830583,NA,NA,NA,NA,NA,NA,NA,NA,NA,NA,NA,NA,NA,NA,NA,NA,NA,NA,NA,NA,NA,NA,NA,NA,NA,NA,NA,NA,NA,NA,NA,NA,2017,1994-11-23,NA,NA,NA,NA
"Ryan Griffin","NYJ","TE","11399","weighted",NA,NA,NA,NA,NA,NA,0,0,0,0,0.200102145045965,0.0866488838571995,NA,NA,NA,NA,19.7659856996936,13.628698485688,193.767946884576,121.296770330687,1.43524004085802,0.928938083775686,NA,NA,NA,NA,NA,NA,NA,NA,NA,NA,NA,NA,NA,NA,NA,NA,NA,NA,NA,NA,NA,NA,NA,NA,NA,NA,NA,NA,NA,NA,NA,NA,2013,1990-01-11,NA,NA,NA,NA
"Pharaoh Brown","HOU","TE","13994","weighted",NA,NA,NA,NA,NA,NA,0.312110438729198,0.436449911056947,0,0,0,0,NA,NA,NA,NA,25.8950378214826,0.9559296526461,269.278388804841,31.7846643856113,2.12991679273828,0.688721625472891,NA,NA,NA,NA,NA,NA,NA,NA,NA,NA,NA,NA,NA,NA,NA,NA,NA,NA,NA,NA,NA,NA,NA,NA,NA,NA,NA,NA,NA,NA,NA,NA,2017,1970-01-01,NA,NA,NA,NA
"Geoff Swaim","TEN","TE","12378","weighted",NA,NA,NA,NA,NA,NA,0.939271017048795,0.695430590296582,0,0,0,0,NA,NA,NA,NA,24.3127160493827,5.32814885567907,228.222863021752,55.9184771579239,1.78587889476778,0.267520270192021,NA,NA,NA,NA,NA,NA,NA,NA,NA,NA,NA,NA,NA,NA,NA,NA,NA,NA,NA,NA,NA,NA,NA,NA,NA,NA,NA,NA,NA,NA,NA,NA,NA,NA,NA,"Undisclosed",2021,0
"Brevin Jordan","HOU","TE","15330","weighted",NA,NA,NA,NA,NA,NA,0,0,0,0,0.523285024154589,0.402876378302431,NA,NA,NA,NA,17.6803623188406,11.2852295355357,193.221739130435,110.275893287194,1.03768115942029,0.825255053750025,NA,NA,NA,NA,NA,NA,NA,NA,NA,NA,NA,NA,NA,NA,NA,NA,NA,NA,NA,NA,NA,NA,NA,NA,NA,NA,NA,NA,NA,NA,NA,NA,2021,2000-07-16,NA,NA,NA,NA
"Ian Thomas","CAR","TE","13678","weighted",NA,NA,NA,NA,NA,NA,0.268553668143772,0.408269758913934,0,0,0,0,NA,NA,NA,NA,21.4435992122107,10.7927186418292,190.40157065485,96.0508879961554,1.29429345150172,1.08659959242876,NA,NA,NA,NA,NA,NA,NA,NA,NA,NA,NA,NA,NA,NA,NA,NA,NA,NA,NA,NA,NA,NA,NA,NA,NA,NA,NA,NA,NA,NA,NA,NA,2018,1996-06-06,NA,NA,NA,NA
"Maxx Williams","ARI","TE","12206","weighted",NA,NA,NA,NA,NA,NA,0.522048252092565,0.7936458864869,0,0,0.368110946988347,0.288489966863564,NA,NA,NA,NA,18.6162973904481,2.805698050054,228.206331856228,35.8694383255643,1.67500738552437,0.401239244760379,NA,NA,NA,NA,NA,NA,NA,NA,NA,NA,NA,NA,NA,NA,NA,NA,NA,NA,NA,NA,NA,NA,NA,NA,NA,NA,NA,NA,NA,NA,NA,NA,2015,1994-04-12,"Q","Illness",2021,0
"John Bates","WAS","TE","15344","weighted",NA,NA,NA,NA,NA,NA,0,0,0,0,0.508491508491509,0.501325664316454,NA,NA,NA,NA,15.7824175824176,13.8565749350514,154.461538461538,122.032871746862,1.01698301698302,1.00265132863291,NA,NA,NA,NA,NA,NA,NA,NA,NA,NA,NA,NA,NA,NA,NA,NA,NA,NA,NA,NA,NA,NA,NA,NA,NA,NA,NA,NA,NA,NA,NA,NA,2021,1997-11-06,NA,NA,NA,NA
"Josh Oliver","BAL","TE","14209","weighted",NA,NA,NA,NA,NA,NA,0,0,0,0,0.0164273116654069,0.0192449796467903,NA,NA,NA,NA,8.37117157974301,9.84804358201056,94.4549659863946,125.950282626047,0.812426303854875,0.901565166519812,NA,NA,NA,NA,NA,NA,NA,NA,NA,NA,NA,NA,NA,NA,NA,NA,NA,NA,NA,NA,NA,NA,NA,NA,NA,NA,NA,NA,NA,NA,NA,NA,2019,1997-03-21,NA,NA,NA,NA
"Nick Boyle","BAL","TE","12328","weighted",NA,NA,NA,NA,NA,NA,0,0,0,0,0,0,NA,NA,NA,NA,22.5639365452409,3.82154445424827,219.757391304348,31.0596003465132,2.05734430082256,0.0887016243720735,NA,NA,NA,NA,NA,NA,NA,NA,NA,NA,NA,NA,NA,NA,NA,NA,NA,NA,NA,NA,NA,NA,NA,NA,NA,NA,NA,NA,NA,NA,NA,NA,2015,1993-02-17,"Q","Knee - MCL",2021,0
"Chris Manhertz","JAC","TE","12955","weighted",NA,NA,NA,NA,NA,NA,0,0,0,0,0,0,NA,NA,NA,NA,17.9166618075802,10.6421868956931,180.756297376093,100.545361750933,0.943134110787172,0.827457974960923,NA,NA,NA,NA,NA,NA,NA,NA,NA,NA,NA,NA,NA,NA,NA,NA,NA,NA,NA,NA,NA,NA,NA,NA,NA,NA,NA,NA,NA,NA,NA,NA,NA,1992-04-10,NA,NA,NA,NA
"Tommy Tremble","CAR","TE","15332","weighted",NA,NA,NA,NA,NA,NA,0,0,NA,NA,0.831671415004748,0.143725615014629,NA,NA,NA,NA,13.8679962013295,10.0378597403172,154.868945868946,115.574242774622,0.95346628679962,1.00422183020287,NA,NA,NA,NA,NA,NA,NA,NA,NA,NA,NA,NA,NA,NA,NA,NA,NA,NA,NA,NA,NA,NA,NA,NA,NA,NA,NA,NA,NA,NA,NA,NA,2021,2000-06-02,NA,NA,NA,NA
"Darren Fells","DET","TE","11337","weighted",NA,NA,NA,NA,NA,NA,0,0,0,0,0,0,NA,NA,NA,NA,18.4502895752896,5.17433677321133,209.882239382239,32.4718308658927,1.85511583011583,0.866625956048223,NA,NA,NA,NA,NA,NA,NA,NA,NA,NA,NA,NA,NA,NA,NA,NA,NA,NA,NA,NA,NA,NA,NA,NA,NA,NA,NA,NA,NA,NA,NA,NA,2012,1986-04-22,NA,NA,NA,NA
"Noah Gray","KC","TE","15337","weighted",NA,NA,NA,NA,NA,NA,0,0,NA,NA,0.831671415004748,0.143725615014629,NA,NA,NA,NA,15.4529914529915,6.88180866908821,174.980056980057,57.1454079631435,1.32668566001899,0.574902460058515,NA,NA,NA,NA,NA,NA,NA,NA,NA,NA,NA,NA,NA,NA,NA,NA,NA,NA,NA,NA,NA,NA,NA,NA,NA,NA,NA,NA,NA,NA,NA,NA,2021,1999-04-30,NA,NA,NA,NA
"Adam Shaheen","MIA","TE","13254","weighted",NA,NA,NA,NA,NA,NA,0,0,0,0,0.605953779866823,0.360999845652354,NA,NA,NA,NA,15.8561104582844,2.9601158069638,164.364618096357,42.0502230375028,1.74532314923619,0.706076868230512,NA,NA,NA,NA,NA,NA,NA,NA,NA,NA,NA,NA,NA,NA,NA,NA,NA,NA,NA,NA,NA,NA,NA,NA,NA,NA,NA,NA,NA,NA,NA,NA,2017,1994-01-01,"Q","Knee",2021,0
"Foster Moreau","LVR","TE","14239","weighted",NA,NA,NA,NA,NA,NA,0,0,0,0,0.0201919310614963,0.018220671952429,NA,NA,NA,NA,14.8490599294947,3.33566845206834,163.410998824912,31.1983915571611,2.83901292596945,1.61611667115242,NA,NA,NA,NA,NA,NA,NA,NA,NA,NA,NA,NA,NA,NA,NA,NA,NA,NA,NA,NA,NA,NA,NA,NA,NA,NA,NA,NA,NA,NA,NA,NA,2019,1997-05-06,NA,NA,NA,NA
"Durham Smythe","MIA","TE","13676","weighted",NA,NA,NA,NA,NA,NA,0,0,0,0,0,0,NA,NA,NA,NA,19.2642479213908,12.1514458851296,155.84917611489,97.265472627448,1.44394557823129,0.943295933141561,NA,NA,NA,NA,NA,NA,NA,NA,NA,NA,NA,NA,NA,NA,NA,NA,NA,NA,NA,NA,NA,NA,NA,NA,NA,NA,NA,NA,NA,NA,NA,NA,2018,1995-08-09,NA,NA,NA,NA
"Charlie Woerner","SF","TE","14984","weighted",NA,NA,NA,NA,NA,NA,0,0,0,0,0,0,NA,NA,NA,NA,9.53743008314437,7.36694415585233,108.37164021164,85.1055147645034,0.260015117157974,0.506552216574503,NA,NA,NA,NA,NA,NA,NA,NA,NA,NA,NA,NA,NA,NA,NA,NA,NA,NA,NA,NA,NA,NA,NA,NA,NA,NA,NA,NA,NA,NA,NA,NA,2020,1997-10-16,NA,NA,NA,NA
"Kylen Granson","IND","TE","15419","weighted",NA,NA,NA,NA,NA,NA,0,0,0,0,0.560472972972973,0.19946599010364,NA,NA,NA,NA,13.3328185328185,5.04312664843408,157.830115830116,60.7815289717888,0.684362934362934,0.569902828867543,NA,NA,NA,NA,NA,NA,NA,NA,NA,NA,NA,NA,NA,NA,NA,NA,NA,NA,NA,NA,NA,NA,NA,NA,NA,NA,NA,NA,NA,NA,NA,NA,2021,1998-03-27,NA,NA,NA,NA
"Luke Farrell","JAC","TE","15335","weighted",NA,NA,NA,NA,NA,NA,0,0,0,0,0.508491508491509,0.501325664316454,NA,NA,NA,NA,10.5618381618382,9.43627478212596,99.6663336663337,96.9149367192766,0.673326673326673,0.574472060389462,NA,NA,NA,NA,NA,NA,NA,NA,NA,NA,NA,NA,NA,NA,NA,NA,NA,NA,NA,NA,NA,NA,NA,NA,NA,NA,NA,NA,NA,NA,NA,NA,2021,1997-10-14,NA,NA,NA,NA
"Hunter Bryant","DET","TE","14874","weighted",NA,NA,NA,NA,NA,NA,0,0,0,0,0,0,NA,NA,NA,NA,14.4572881355932,6.9225753878163,151.631771956857,59.3333300093632,0.961417565485362,0.657609306503489,NA,NA,NA,NA,NA,NA,NA,NA,NA,NA,NA,NA,NA,NA,NA,NA,NA,NA,NA,NA,NA,NA,NA,NA,NA,NA,NA,NA,NA,NA,NA,NA,2020,NA,NA,"Undisclosed",2021,0
"Marcedes Lewis","GB","TE","8269","weighted",NA,NA,NA,NA,NA,NA,0,0,0,0,0,0,NA,NA,NA,NA,12.8528437132785,5.94515383717232,134.918472385429,53.6161213572273,1.53558166862515,0.993209553975718,NA,NA,NA,NA,NA,NA,NA,NA,NA,NA,NA,NA,NA,NA,NA,NA,NA,NA,NA,NA,NA,NA,NA,NA,NA,NA,NA,NA,NA,NA,NA,NA,2006,1984-05-19,NA,NA,NA,NA
"Ross Dwelley","SF","TE","13988","weighted",NA,NA,NA,NA,NA,NA,0,0,0,0,0,0,NA,NA,NA,NA,14.9272620446533,3.75424770088064,155.114782608696,42.5057205474004,0.977297297297297,0.0525707019756667,NA,NA,NA,NA,NA,NA,NA,NA,NA,NA,NA,NA,NA,NA,NA,NA,NA,NA,NA,NA,NA,NA,NA,NA,NA,NA,NA,NA,NA,NA,NA,NA,2018,1970-01-01,NA,NA,NA,NA
"Jace Sternberger","GB","TE","14140","weighted",NA,NA,NA,NA,NA,NA,0,0,0,0,0,0,NA,NA,NA,NA,12.7051586368978,7.4016492638994,121.059882491187,68.2134298725844,1.32600470035253,0.978770421539595,NA,NA,NA,NA,NA,NA,NA,NA,NA,NA,NA,NA,NA,NA,NA,NA,NA,NA,NA,NA,NA,NA,NA,NA,NA,NA,NA,NA,NA,NA,NA,NA,2019,NA,"S","Suspension",2021,0
"Richard Rodgers","PHI","TE","11785","weighted",NA,NA,NA,NA,NA,NA,0,0,0,0,NA,NA,NA,NA,NA,NA,6.06986066452304,9.02675246265456,66.0369131832797,98.1438496695603,0.408917470525188,0.541921103300174,NA,NA,NA,NA,NA,NA,NA,NA,NA,NA,NA,NA,NA,NA,NA,NA,NA,NA,NA,NA,NA,NA,NA,NA,NA,NA,NA,NA,NA,NA,NA,NA,2014,1992-01-22,NA,NA,NA,NA
"Darrell Daniels","ARI","TE","13396","weighted",NA,NA,NA,NA,NA,NA,0,0,0,0,0.0201919310614963,0.018220671952429,NA,NA,NA,NA,10.361598119859,3.90024253440722,110.071950646298,44.6723010551542,0.647614571092832,0.416046434879499,NA,NA,NA,NA,NA,NA,NA,NA,NA,NA,NA,NA,NA,NA,NA,NA,NA,NA,NA,NA,NA,NA,NA,NA,NA,NA,NA,NA,NA,NA,NA,NA,2016,1994-11-22,NA,NA,NA,NA
"Kahale Warring","IND","TE","14195","weighted",NA,NA,NA,NA,NA,NA,0,NA,NA,NA,0,NA,NA,NA,NA,NA,14,NA,163,NA,1,NA,NA,NA,NA,NA,NA,NA,NA,NA,NA,NA,NA,NA,NA,NA,NA,NA,NA,NA,NA,NA,NA,NA,NA,NA,NA,NA,NA,NA,NA,NA,NA,NA,2019,1970-01-01,NA,NA,NA,NA
"Jesse James","CHI","TE","12211","weighted",NA,NA,NA,NA,NA,NA,0,0,0,0,0,0,NA,NA,NA,NA,9.23522297808012,6.85624601893371,82.9669992441421,62.387921778959,0.694633408919123,0.445245160816516,NA,NA,NA,NA,NA,NA,NA,NA,NA,NA,NA,NA,NA,NA,NA,NA,NA,NA,NA,NA,NA,NA,NA,NA,NA,NA,NA,NA,NA,NA,NA,NA,2015,1994-06-04,NA,NA,NA,NA
"Stephen Anderson","LAC","TE","12859","weighted",NA,NA,NA,NA,NA,NA,0,0,0,0,0,0,NA,NA,NA,NA,7.1687679516251,5.86139112974578,90.5856084656085,70.3482898740048,0.528919123204837,0.555334681573054,NA,NA,NA,NA,NA,NA,NA,NA,NA,NA,NA,NA,NA,NA,NA,NA,NA,NA,NA,NA,NA,NA,NA,NA,NA,NA,NA,NA,NA,NA,NA,NA,2016,1993-01-30,NA,NA,NA,NA
"Brycen Hopkins","LAR","TE","14868","weighted",NA,NA,NA,NA,NA,NA,0,0,NA,NA,0.0336657169990503,0.0287451230029258,NA,NA,NA,NA,10.5735992402659,2.56079359765398,112.410256410256,27.9573960594987,0.640075973409307,0.588357618512038,NA,NA,NA,NA,NA,NA,NA,NA,NA,NA,NA,NA,NA,NA,NA,NA,NA,NA,NA,NA,NA,NA,NA,NA,NA,NA,NA,NA,NA,NA,NA,NA,2020,1970-01-01,NA,NA,NA,NA
"Colby Parkinson","SEA","TE","14871","weighted",NA,NA,NA,NA,NA,NA,0,0,0,0,0,0,NA,NA,NA,NA,12.8123876123876,4.11550380515749,112.651348651349,31.9009314100521,0.803996003996004,0.344683236233677,NA,NA,NA,NA,NA,NA,NA,NA,NA,NA,NA,NA,NA,NA,NA,NA,NA,NA,NA,NA,NA,NA,NA,NA,NA,NA,NA,NA,NA,NA,NA,NA,2020,1999-01-07,"Q","Foot",2021,0
"Blake Bell","KC","TE","12213","weighted",NA,NA,NA,NA,NA,NA,0.667674477198287,0.93706564655448,0,0,0.123431594860166,0.126175322934074,NA,NA,NA,NA,8.90839002267574,6.27925929310565,80.7649433106576,55.1943529076942,0.277052154195011,0.495966801854718,NA,NA,NA,NA,NA,NA,NA,NA,NA,NA,NA,NA,NA,NA,NA,NA,NA,NA,NA,NA,NA,NA,NA,NA,NA,NA,NA,NA,NA,NA,NA,NA,2015,1991-08-07,NA,NA,NA,NA
"Jesper Horsted","CHI","TE","14752","weighted",NA,NA,NA,NA,NA,NA,0,0,0,0,1.57904468412943,0.742462120245875,NA,NA,NA,NA,6.66453004622496,8.17415439051649,73.1457627118644,91.0046427387087,0.251926040061633,0.353553390593274,NA,NA,NA,NA,NA,NA,NA,NA,NA,NA,NA,NA,NA,NA,NA,NA,NA,NA,NA,NA,NA,NA,NA,NA,NA,NA,NA,NA,NA,NA,NA,NA,2019,1970-01-01,NA,NA,NA,NA
"J.P. Holtz","CHI","TE","14372","weighted",NA,NA,NA,NA,NA,NA,0,0,0,0,0,0,NA,NA,NA,NA,4.11599194360524,6.15040664963437,49.0976032225579,74.0032950838521,0.346424974823766,0.582888968445826,NA,NA,NA,NA,NA,NA,NA,NA,NA,NA,NA,NA,NA,NA,NA,NA,NA,NA,NA,NA,NA,NA,NA,NA,NA,NA,NA,NA,NA,NA,NA,NA,2016,1970-01-01,NA,NA,NA,NA
"Jordan Thomas","IND","TE","13819","weighted",NA,NA,NA,NA,NA,NA,0,0,0,0,0.6,0,NA,NA,NA,NA,6.94053115423902,4.4269129178379,73.6445148110317,43.107301392498,0.568335035750766,0.405586389422527,NA,NA,NA,NA,NA,NA,NA,NA,NA,NA,NA,NA,NA,NA,NA,NA,NA,NA,NA,NA,NA,NA,NA,NA,NA,NA,NA,NA,NA,NA,NA,NA,2018,1996-08-02,"Q","Undisclosed",2021,0
"Matt LaCosse","NE","TE","12596","weighted",NA,NA,NA,NA,NA,NA,0,NA,NA,NA,0,NA,NA,NA,NA,NA,11,NA,118,NA,1,NA,NA,NA,NA,NA,NA,NA,NA,NA,NA,NA,NA,NA,NA,NA,NA,NA,NA,NA,NA,NA,NA,NA,NA,NA,NA,NA,NA,NA,NA,NA,NA,NA,NA,NA,NA,NA,NA,NA
"Colin Thompson","CAR","TE","15123","weighted",NA,NA,NA,NA,NA,NA,0,0,0,0,0,0,NA,NA,NA,NA,4.39406847935549,6.79049665943171,42.01472306143,65.1764441135512,0.362890231621349,0.568743585874953,NA,NA,NA,NA,NA,NA,NA,NA,NA,NA,NA,NA,NA,NA,NA,NA,NA,NA,NA,NA,NA,NA,NA,NA,NA,NA,NA,NA,NA,NA,NA,NA,2017,1970-01-01,NA,NA,NA,NA
"Jason Croom","PHI","TE","13890","weighted",NA,NA,NA,NA,NA,NA,0,0,0,0,0,0,NA,NA,NA,NA,5.46631901840491,6.49124025129251,61.8824233128834,74.6209786186164,0.506134969325153,0.707106781186548,NA,NA,NA,NA,NA,NA,NA,NA,NA,NA,NA,NA,NA,NA,NA,NA,NA,NA,NA,NA,NA,NA,NA,NA,NA,NA,NA,NA,NA,NA,NA,NA,2017,1970-01-01,"IR","Knee",2021,0
"Kaden Smith","NYG","TE","14142","weighted",NA,NA,NA,NA,NA,NA,0,0,0,0,0,0,NA,NA,NA,NA,9.48394557823129,6.4742251950558,68.8695691609977,46.3974218032798,0.249433106575964,0.499672268552113,NA,NA,NA,NA,NA,NA,NA,NA,NA,NA,NA,NA,NA,NA,NA,NA,NA,NA,NA,NA,NA,NA,NA,NA,NA,NA,NA,NA,NA,NA,NA,NA,2019,NA,NA,NA,NA,NA
"Josiah Deguara","GB","TE","14876","weighted",NA,NA,NA,NA,NA,NA,0,0,0,0,0.0164273116654069,0.0192449796467903,NA,NA,NA,NA,5.5912925170068,3.38613935684816,60.9196523053666,42.0193202992154,0.519183673469388,0.566079842342812,NA,NA,NA,NA,NA,NA,NA,NA,NA,NA,NA,NA,NA,NA,NA,NA,NA,NA,NA,NA,NA,NA,NA,NA,NA,NA,NA,NA,NA,NA,NA,NA,2020,1970-01-01,NA,NA,NA,NA
"Eric Saubert","DEN","TE","13315","weighted",NA,NA,NA,NA,NA,NA,0.0351762336354481,0.0346609817439696,0,0,0,0,NA,NA,NA,NA,5.20594159113797,5.31943791348449,50.1826586102719,54.3718325506073,0.346424974823766,0.582888968445826,NA,NA,NA,NA,NA,NA,NA,NA,NA,NA,NA,NA,NA,NA,NA,NA,NA,NA,NA,NA,NA,NA,NA,NA,NA,NA,NA,NA,NA,NA,NA,NA,2017,1994-05-09,NA,NA,NA,NA
"Zach Gentry","PIT","TE","14240","weighted",NA,NA,NA,NA,NA,NA,0,0,0,0,0,0,NA,NA,NA,NA,7.14018018018018,8.57013418798096,60.2753453453453,69.7985103709241,0.535855855855856,0.678822509939086,NA,NA,NA,NA,NA,NA,NA,NA,NA,NA,NA,NA,NA,NA,NA,NA,NA,NA,NA,NA,NA,NA,NA,NA,NA,NA,NA,NA,NA,NA,NA,NA,2019,1970-01-01,NA,NA,NA,NA
"Andrew Beck","DEN","TE","14319","weighted",NA,NA,NA,NA,NA,NA,1,0,0,0,0,0,NA,NA,NA,NA,6.87913561847988,1.62634559672906,78.2786885245902,15.556349186104,0.658867362146051,0.494974746830583,NA,NA,NA,NA,NA,NA,NA,NA,NA,NA,NA,NA,NA,NA,NA,NA,NA,NA,NA,NA,NA,NA,NA,NA,NA,NA,NA,NA,NA,NA,NA,NA,2019,1996-05-15,NA,NA,NA,NA
"Trevon Wesco","NYJ","TE","14231","weighted",NA,NA,NA,NA,NA,NA,0.502517623363545,0.495156882056708,0,0,0,0,NA,NA,NA,NA,2.58469284994965,3.04683706881048,37.5624773413897,45.9058315825158,0.00648539778449144,0.0114684165293143,NA,NA,NA,NA,NA,NA,NA,NA,NA,NA,NA,NA,NA,NA,NA,NA,NA,NA,NA,NA,NA,NA,NA,NA,NA,NA,NA,NA,NA,NA,NA,NA,2019,NA,NA,NA,NA,NA
"Derek Carrier","LVR","TE","10940","weighted",NA,NA,NA,NA,NA,NA,0,0,0,0,0,0,NA,NA,NA,NA,0.521263482280431,0.685893577750951,5.40083204930662,6.27203714912468,0.0347303543913713,0.0494974746830583,NA,NA,NA,NA,NA,NA,NA,NA,NA,NA,NA,NA,NA,NA,NA,NA,NA,NA,NA,NA,NA,NA,NA,NA,NA,NA,NA,NA,NA,NA,NA,NA,2012,1990-07-25,NA,NA,NA,NA
"Demetrius Harris","ARI","TE","11448","weighted",NA,NA,NA,NA,NA,NA,0,0,0,0,0,0,NA,NA,NA,NA,5.38098059244127,3.2070752795435,50.9133401430031,30.7291672070914,0.452196118488253,0.509260161622192,NA,NA,NA,NA,NA,NA,NA,NA,NA,NA,NA,NA,NA,NA,NA,NA,NA,NA,NA,NA,NA,NA,NA,NA,NA,NA,NA,NA,NA,NA,NA,NA,2013,1991-07-29,NA,NA,NA,NA
"Reggie Gilliam","BUF","TE","15103","weighted",NA,NA,NA,NA,NA,NA,0,NA,0,NA,0,NA,NA,NA,NA,NA,0.03,NA,1,NA,0,NA,NA,NA,NA,NA,NA,NA,NA,NA,NA,NA,NA,NA,NA,NA,NA,NA,NA,NA,NA,NA,NA,NA,NA,NA,NA,NA,NA,NA,NA,NA,NA,NA,2020,1997-08-20,NA,NA,NA,NA
"Nick OLeary","LVR","TE","12207","weighted",NA,NA,NA,NA,NA,NA,1.49315068493151,2.12132034355964,0,0,0,0,NA,NA,NA,NA,5.80547945205479,1.69705627484771,60.5707762557078,21.920310216783,0,0,NA,NA,NA,NA,NA,NA,NA,NA,NA,NA,NA,NA,NA,NA,NA,NA,NA,NA,NA,NA,NA,NA,NA,NA,NA,NA,NA,NA,NA,NA,NA,NA,2015,1992-08-31,NA,NA,NA,NA
"Jeremy Sprinkle","DAL","TE","13194","weighted",NA,NA,NA,NA,NA,NA,0,0,0,0,0,0,NA,NA,NA,NA,3.96273006134969,4.34870670429727,37.2991104294479,39.6616193567535,0.506134969325153,0.707106781186548,NA,NA,NA,NA,NA,NA,NA,NA,NA,NA,NA,NA,NA,NA,NA,NA,NA,NA,NA,NA,NA,NA,NA,NA,NA,NA,NA,NA,NA,NA,NA,NA,2017,1994-08-10,NA,NA,NA,NA
"Lee Smith","ATL","TE","10398","weighted",NA,NA,NA,NA,NA,NA,0,0,0,0,0,0,NA,NA,NA,NA,4.41168177240685,3.23654209620801,40.3935347432024,30.6261519461019,0.622839879154078,0.504735033724386,NA,NA,NA,NA,NA,NA,NA,NA,NA,NA,NA,NA,NA,NA,NA,NA,NA,NA,NA,NA,NA,NA,NA,NA,NA,NA,NA,NA,NA,NA,NA,NA,2011,1987-11-21,NA,NA,NA,NA
"Daniel Brown","NYJ","TE","12585","weighted",NA,NA,NA,NA,NA,NA,0,0,0,0,0,0,NA,NA,NA,NA,2.58828967642527,2.43951839509359,33.7460708782743,35.9917351623953,0.0603081664098613,0.0565685424949238,NA,NA,NA,NA,NA,NA,NA,NA,NA,NA,NA,NA,NA,NA,NA,NA,NA,NA,NA,NA,NA,NA,NA,NA,NA,NA,NA,NA,NA,NA,NA,NA,NA,NA,"Q","Hamstring",2021,0
"Ricky Seals-Jones","WAS","TE","13382","weighted",NA,NA,NA,NA,NA,NA,0,NA,0,NA,0,NA,NA,NA,NA,NA,1.19,NA,14.51,NA,0.16,NA,NA,NA,NA,NA,NA,NA,NA,NA,NA,NA,NA,NA,NA,NA,NA,NA,NA,NA,NA,NA,NA,NA,NA,NA,NA,NA,NA,NA,NA,NA,NA,NA,2017,1995-03-15,NA,NA,NA,NA
"Brandon Dillon","MIN","TE","14665","weighted",NA,NA,NA,NA,NA,NA,0,0,0,0,0,0,NA,NA,NA,NA,3.48348228043143,2.11424927574778,31.5702927580894,29.3166471479943,0.248073959938367,0.353553390593274,NA,NA,NA,NA,NA,NA,NA,NA,NA,NA,NA,NA,NA,NA,NA,NA,NA,NA,NA,NA,NA,NA,NA,NA,NA,NA,NA,NA,NA,NA,NA,NA,2019,1970-01-01,NA,NA,NA,NA
"Cethan Carter","MIA","TE","13369","weighted",NA,NA,NA,NA,NA,NA,0,0,0,0,0,0,NA,NA,NA,NA,3.04380664652568,1.95910321462906,33.5846525679758,21.3281701314908,0.356153071500504,0.574405101135091,NA,NA,NA,NA,NA,NA,NA,NA,NA,NA,NA,NA,NA,NA,NA,NA,NA,NA,NA,NA,NA,NA,NA,NA,NA,NA,NA,NA,NA,NA,NA,NA,2017,1993-09-05,"Q","Leg",2021,0
"Garrett Griffin","NO","TE","13546","weighted",NA,NA,NA,NA,NA,NA,0,0,0,0,0.0751926040061633,0.0353553390593274,NA,NA,NA,NA,2.6386748844376,2.51022907321224,24.413251155624,20.7889393668845,0.0900770416024653,0.014142135623731,NA,NA,NA,NA,NA,NA,NA,NA,NA,NA,NA,NA,NA,NA,NA,NA,NA,NA,NA,NA,NA,NA,NA,NA,NA,NA,NA,NA,NA,NA,NA,NA,NA,NA,NA,NA,NA,NA
"Mason Schreck","CIN","TE","13366","weighted",NA,NA,NA,NA,NA,NA,0,NA,0,NA,0,NA,NA,NA,NA,NA,2.93,NA,31.06,NA,0.24,NA,NA,NA,NA,NA,NA,NA,NA,NA,NA,NA,NA,NA,NA,NA,NA,NA,NA,NA,NA,NA,NA,NA,NA,NA,NA,NA,NA,NA,NA,NA,NA,NA,2017,NA,NA,NA,NA,NA
"Sean McKeon","DAL","TE","15097","weighted",NA,NA,NA,NA,NA,NA,0,NA,0,NA,0,NA,NA,NA,NA,NA,0.85,NA,9.5,NA,0,NA,NA,NA,NA,NA,NA,NA,NA,NA,NA,NA,NA,NA,NA,NA,NA,NA,NA,NA,NA,NA,NA,NA,NA,NA,NA,NA,NA,NA,NA,NA,NA,NA,2020,1997-12-28,"Q","Ankle",2021,0
"Dominique Dafney","GB","TE","15214","weighted",NA,NA,NA,NA,NA,NA,0,0,0,0,0,0,NA,NA,NA,NA,0.567919876733436,0.381837661840736,6.18305084745763,3.11126983722081,0.180924499229584,0.169705627484771,NA,NA,NA,NA,NA,NA,NA,NA,NA,NA,NA,NA,NA,NA,NA,NA,NA,NA,NA,NA,NA,NA,NA,NA,NA,NA,NA,NA,NA,NA,NA,NA,2020,1970-01-01,NA,NA,NA,NA
"Luke Willson","FA","TE","11381","weighted",NA,NA,NA,NA,NA,NA,0,NA,0,NA,0,NA,NA,NA,NA,NA,1.82,NA,20.29,NA,0.18,NA,NA,NA,NA,NA,NA,NA,NA,NA,NA,NA,NA,NA,NA,NA,NA,NA,NA,NA,NA,NA,NA,NA,NA,NA,NA,NA,NA,NA,NA,NA,NA,NA,2013,1990-01-15,NA,NA,NA,NA
"Tyrone Swoopes","WAS","TE","13411","weighted",NA,NA,NA,NA,NA,NA,0,NA,0,NA,0,NA,NA,NA,NA,NA,0.85,NA,9.65,NA,0,NA,NA,NA,NA,NA,NA,NA,NA,NA,NA,NA,NA,NA,NA,NA,NA,NA,NA,NA,NA,NA,NA,NA,NA,NA,NA,NA,NA,NA,NA,NA,NA,NA,2017,1994-11-14,NA,"Undisclosed",2021,0
"Kevin Rader","PIT","TE","14363","weighted",NA,NA,NA,NA,NA,NA,0,NA,0,NA,0,NA,NA,NA,NA,NA,0.88,NA,9.29,NA,0.04,NA,NA,NA,NA,NA,NA,NA,NA,NA,NA,NA,NA,NA,NA,NA,NA,NA,NA,NA,NA,NA,NA,NA,NA,NA,NA,NA,NA,NA,NA,NA,NA,NA,2018,1970-01-01,NA,NA,NA,NA
"Hakeem Butler","FA","TE","14106","weighted",NA,NA,NA,NA,NA,NA,0,NA,0,NA,0,NA,NA,NA,NA,NA,0.84,NA,8.36,NA,0,NA,NA,NA,NA,NA,NA,NA,NA,NA,NA,NA,NA,NA,NA,NA,NA,NA,NA,NA,NA,NA,NA,NA,NA,NA,NA,NA,NA,NA,NA,NA,NA,NA,2019,1970-01-01,NA,NA,NA,NA
"Isaac Nauta","FA","TE","14144","weighted",NA,NA,NA,NA,NA,NA,0,NA,0,NA,0,NA,NA,NA,NA,NA,0.84,NA,8.23,NA,0.04,NA,NA,NA,NA,NA,NA,NA,NA,NA,NA,NA,NA,NA,NA,NA,NA,NA,NA,NA,NA,NA,NA,NA,NA,NA,NA,NA,NA,NA,NA,NA,NA,NA,2019,1970-01-01,"Q","Undisclosed",2021,0
"Deon Yelder","FA","TE","13857","weighted",NA,NA,NA,NA,NA,NA,0,NA,0,NA,0,NA,NA,NA,NA,NA,0.81,NA,7.28,NA,0.02,NA,NA,NA,NA,NA,NA,NA,NA,NA,NA,NA,NA,NA,NA,NA,NA,NA,NA,NA,NA,NA,NA,NA,NA,NA,NA,NA,NA,NA,NA,NA,NA,NA,2018,NA,NA,NA,NA,NA
"Justin Tucker","BAL","K","10976","weighted",NA,NA,NA,NA,NA,NA,NA,NA,NA,NA,NA,NA,NA,NA,NA,NA,NA,NA,NA,NA,NA,NA,0.201823664687773,0.126629419100859,8.84182105199655,0.56875852047371,8.6863940169343,0.687341164781387,9.68100284846399,0.785967144578796,3.30663454911773,0.779801854115638,51.1398875432526,4.77515468160438,NA,NA,NA,NA,NA,NA,NA,NA,NA,NA,NA,NA,NA,NA,NA,NA,NA,NA,NA,NA,2012,1989-11-21,NA,NA,NA,NA
"Harrison Butker","KC","K","13354","weighted",NA,NA,NA,NA,NA,NA,NA,NA,NA,NA,NA,NA,NA,NA,NA,NA,NA,NA,NA,NA,NA,NA,0.516890464336833,0.298060313197605,8.5677032619774,0.531523848950796,9.19867893641299,0.851931125073715,8.0622705507459,0.742609149941424,3.73348117631439,0.533361624513125,47.4600173010381,7.03170490623883,NA,NA,NA,NA,NA,NA,NA,NA,NA,NA,NA,NA,NA,NA,NA,NA,NA,NA,NA,NA,2017,1995-07-14,NA,NA,NA,NA
"Ryan Succop","TB","K","9686","weighted",NA,NA,NA,NA,NA,NA,NA,NA,NA,NA,NA,NA,NA,NA,NA,NA,NA,NA,NA,NA,NA,NA,0.537308912317749,0.216808098663359,8.84977905903599,1.05748241822807,9.9948893961526,1.22328248007019,6.57037781198301,0.993601156960189,1.67137126052988,0.342586022240457,49.6835207612457,4.29651656616396,NA,NA,NA,NA,NA,NA,NA,NA,NA,NA,NA,NA,NA,NA,NA,NA,NA,NA,NA,NA,2009,1986-09-19,NA,"Illness",2021,0
"Tyler Bass","BUF","K","14983","weighted",NA,NA,NA,NA,NA,NA,NA,NA,NA,NA,NA,NA,NA,NA,NA,NA,NA,NA,NA,NA,NA,NA,0.441892534475111,0.103114674330135,9.49893141429714,1.12912013937415,6.98975273981175,1.00464271790122,7.23608140635987,0.374728512960454,4.51061874884152,0.592145644997112,48.772686746988,7.98493474366496,NA,NA,NA,NA,NA,NA,NA,NA,NA,NA,NA,NA,NA,NA,NA,NA,NA,NA,NA,NA,2020,1997-02-14,NA,NA,NA,NA
"Mason Crosby","GB","K","8742","weighted",NA,NA,NA,NA,NA,NA,NA,NA,NA,NA,NA,NA,NA,NA,NA,NA,NA,NA,NA,NA,NA,NA,0.585614983039711,0.2160700507779,6.02948106381706,1.5231549095271,7.75499055581497,1.12819317597548,6.49670416744511,1.57380702632533,3.10289063638381,0.485700204219863,49.0654714532872,5.31543895038128,NA,NA,NA,NA,NA,NA,NA,NA,NA,NA,NA,NA,NA,NA,NA,NA,NA,NA,NA,NA,2007,1984-09-03,NA,NA,NA,NA
"Wil Lutz","NO","K","12956","weighted",NA,NA,NA,NA,NA,NA,NA,NA,NA,NA,NA,NA,NA,NA,NA,NA,NA,NA,NA,NA,NA,NA,0.290818561169334,0.0922411476571837,6.23282257029466,1.35584304583135,6.82894527212025,1.85469785989592,6.81661646048823,1.36565026110043,1.74950509614813,1.06568096836626,38.3599798994975,8.93692342724902,NA,NA,NA,NA,NA,NA,NA,NA,NA,NA,NA,NA,NA,NA,NA,NA,NA,NA,NA,NA,2016,1994-07-07,"O","Abdomen",2021,0
"Younghoe Koo","ATL","K","13403","weighted",NA,NA,NA,NA,NA,NA,NA,NA,NA,NA,NA,NA,NA,NA,NA,NA,NA,NA,NA,NA,NA,NA,0.16788724415497,0.117999753769157,9.36136387820151,0.90123374677776,10.7009469412665,1.1439869377576,8.20386775214839,0.767444053311648,4.14834876064969,1.40552038377794,37.5617128027682,6.45075826079157,NA,NA,NA,NA,NA,NA,NA,NA,NA,NA,NA,NA,NA,NA,NA,NA,NA,NA,NA,NA,2017,1994-08-03,NA,NA,NA,NA
"Jason Myers","SEA","K","12437","weighted",NA,NA,NA,NA,NA,NA,NA,NA,NA,NA,NA,NA,NA,NA,NA,NA,NA,NA,NA,NA,NA,NA,0.353191278766351,0.226926143876792,5.843632259436,1.59374189711099,8.68448721079205,0.450874416989174,9.02817370702094,0.863672582378894,3.06400243133375,0.316633751654407,44.0831055363322,3.09681539985959,NA,NA,NA,NA,NA,NA,NA,NA,NA,NA,NA,NA,NA,NA,NA,NA,NA,NA,NA,NA,NA,1991-05-12,NA,NA,NA,NA
"Robbie Gould","SF","K","8153","weighted",NA,NA,NA,NA,NA,NA,NA,NA,NA,NA,NA,NA,NA,NA,NA,NA,NA,NA,NA,NA,NA,NA,0.169440080115635,0.0844822548384667,7.8440192311833,0.871760159496639,8.27826514354883,0.776835581402463,8.70596970238537,1.25358354742386,1.50309088487512,0.257726797342568,41.7198226643599,4.32752230104427,NA,NA,NA,NA,NA,NA,NA,NA,NA,NA,NA,NA,NA,NA,NA,NA,NA,NA,NA,NA,2005,1982-12-06,NA,NA,NA,NA
"Greg Joseph","MIN","K","13898","weighted",NA,NA,NA,NA,NA,NA,NA,NA,NA,NA,NA,NA,NA,NA,NA,NA,NA,NA,NA,NA,NA,NA,0.182653105821897,0.166799065883078,6.07572023291709,2.81012655532388,6.57770546639282,3.4296431895529,4.37682669833146,2.2151793938351,1.77005462150218,0.917996550356605,36.4317457114026,17.0345942948172,NA,NA,NA,NA,NA,NA,NA,NA,NA,NA,NA,NA,NA,NA,NA,NA,NA,NA,NA,NA,2018,1970-01-01,NA,NA,NA,NA
"Daniel Carlson","LVR","K","13718","weighted",NA,NA,NA,NA,NA,NA,NA,NA,NA,NA,NA,NA,NA,NA,NA,NA,NA,NA,NA,NA,NA,NA,0.204514297678709,0.149571551363279,11.0334958720463,3.68322003486869,9.19073287641829,0.621909471051409,6.48299747025638,1.59296764527251,2.56951838533457,0.360141457420412,41.398339100346,4.42340722131785,NA,NA,NA,NA,NA,NA,NA,NA,NA,NA,NA,NA,NA,NA,NA,NA,NA,NA,NA,NA,2018,1995-01-23,NA,NA,NA,NA
"Greg Zuerlein","DAL","K","10868","weighted",NA,NA,NA,NA,NA,NA,NA,NA,NA,NA,NA,NA,NA,NA,NA,NA,NA,NA,NA,NA,NA,NA,0.612181354706148,0.115871180166113,8.19827464923568,1.36835579601891,10.5760292225253,1.97116765916853,8.47270982379355,2.00145163351369,3.52592990557494,1.19225943597394,41.6130190311419,5.86632003586164,NA,NA,NA,NA,NA,NA,NA,NA,NA,NA,NA,NA,NA,NA,NA,NA,NA,NA,NA,NA,2012,1987-12-27,"Q","Back",2021,0
"Cairo Santos","CHI","K","11945","weighted",NA,NA,NA,NA,NA,NA,NA,NA,NA,NA,NA,NA,NA,NA,NA,NA,NA,NA,NA,NA,NA,NA,0.318382446385065,0.152095706969719,8.3849372189558,0.813033724974407,9.00833083172909,0.786957954758091,7.54328165166882,0.652589877131463,1.89896989802895,0.293456634821285,36.9408001730104,5.43117136869359,NA,NA,NA,NA,NA,NA,NA,NA,NA,NA,NA,NA,NA,NA,NA,NA,NA,NA,NA,NA,2014,1991-11-12,NA,NA,NA,NA
"Sam Ficken","TEN","K","13564","weighted",NA,NA,NA,NA,NA,NA,NA,NA,NA,NA,NA,NA,NA,NA,NA,NA,NA,NA,NA,NA,NA,NA,0.418158939792456,0.381327103464456,6.76546351982166,1.41211868763544,8.32069078598553,0.781145625694445,6.23064195472481,1.503071067725,2.57941305475886,0.45251308725352,38.3168598615917,6.57188854019205,NA,NA,NA,NA,NA,NA,NA,NA,NA,NA,NA,NA,NA,NA,NA,NA,NA,NA,NA,NA,2015,1992-12-14,NA,NA,NA,NA
"Matt Prater","ARI","K","8930","weighted",NA,NA,NA,NA,NA,NA,NA,NA,NA,NA,NA,NA,NA,NA,NA,NA,NA,NA,NA,NA,NA,NA,0.219541452788804,0.178010473958782,7.79636504997593,1.9886769032967,7.94089134127639,0.868694093183039,6.35634143580983,0.799304352631357,4.07133819655993,0.94579505706059,40.0557525951557,3.95291427148149,NA,NA,NA,NA,NA,NA,NA,NA,NA,NA,NA,NA,NA,NA,NA,NA,NA,NA,NA,NA,2006,1984-08-10,NA,NA,NA,NA
"Cody Parkey","FA","K","11966","weighted",NA,NA,NA,NA,NA,NA,NA,NA,NA,NA,NA,NA,NA,NA,NA,NA,NA,NA,NA,NA,NA,NA,NA,NA,NA,NA,NA,NA,7,0,1,0,43.0801963993453,1.4142135623731,NA,NA,NA,NA,NA,NA,NA,NA,NA,NA,NA,NA,NA,NA,NA,NA,NA,NA,NA,NA,2014,1992-02-19,"Q","Quadriceps",2021,0
"Jason Sanders","MIA","K","13832","weighted",NA,NA,NA,NA,NA,NA,NA,NA,NA,NA,NA,NA,NA,NA,NA,NA,NA,NA,NA,NA,NA,NA,0.571097264619136,0.127569548640549,8.08861727185373,0.689818359301899,8.59892875222357,0.685157717796205,8.4512681115125,0.759214509946918,4.2484905330501,1.26953196113842,36.1437629757785,4.38257534550562,NA,NA,NA,NA,NA,NA,NA,NA,NA,NA,NA,NA,NA,NA,NA,NA,NA,NA,NA,NA,2018,1995-11-16,NA,NA,NA,NA
"Rodrigo Blankenship","IND","K","14912","weighted",NA,NA,NA,NA,NA,NA,NA,NA,NA,NA,NA,NA,NA,NA,NA,NA,NA,NA,NA,NA,NA,NA,0.162709074366084,0.0888707749317372,9.14179875103713,0.757745629722866,10.482923114536,1.2374978730526,7.71820452771272,0.834029207296102,1.61734599312821,0.375512029157535,38.2515846994536,9.49961374427023,NA,NA,NA,NA,NA,NA,NA,NA,NA,NA,NA,NA,NA,NA,NA,NA,NA,NA,NA,NA,2020,1970-01-01,NA,NA,NA,NA
"Aldrick Rosas","NO","K","13241","weighted",NA,NA,NA,NA,NA,NA,NA,NA,NA,NA,NA,NA,NA,NA,NA,NA,NA,NA,NA,NA,NA,NA,0.0992620438748072,0.0382946739104605,3.02674532858534,2.7864784602455,3.1977461705943,2.67433129101723,2.13403710419401,1.50962750244211,0.922670089518995,0.531521212859733,15.9990962441315,14.3540725755074,NA,NA,NA,NA,NA,NA,NA,NA,NA,NA,NA,NA,NA,NA,NA,NA,NA,NA,NA,NA,2016,1994-12-30,NA,NA,NA,NA
"Matt Gay","LAR","K","14244","weighted",NA,NA,NA,NA,NA,NA,NA,NA,NA,NA,NA,NA,NA,NA,NA,NA,NA,NA,NA,NA,NA,NA,0.288079691788139,0.243145526510231,6.83485951445894,1.55584355540443,9.33434434139525,1.2966380071804,8.32773328486754,0.997452998359815,3.0407187069425,0.607828798743969,38.5431231079717,3.09499994895269,NA,NA,NA,NA,NA,NA,NA,NA,NA,NA,NA,NA,NA,NA,NA,NA,NA,NA,NA,NA,2019,1994-03-15,NA,NA,NA,NA
"Chris Boswell","PIT","K","11936","weighted",NA,NA,NA,NA,NA,NA,NA,NA,NA,NA,NA,NA,NA,NA,NA,NA,NA,NA,NA,NA,NA,NA,0.145824872353488,0.133497585618993,8.11693002917503,0.775916886137607,8.03589316129229,1.11500327426097,8.58638175803726,1.03963248702683,1.25121785496206,0.35114824646907,37.1624351211073,3.77169666125522,NA,NA,NA,NA,NA,NA,NA,NA,NA,NA,NA,NA,NA,NA,NA,NA,NA,NA,NA,NA,2014,1991-03-16,NA,NA,NA,NA
"Mike Badgley","LAC","K","13980","weighted",NA,NA,NA,NA,NA,NA,NA,NA,NA,NA,NA,NA,NA,NA,NA,NA,NA,NA,NA,NA,NA,NA,NA,NA,NA,NA,NA,NA,3.21931260229133,4.94974746830583,1.83960720130933,2.82842712474619,18.3960720130933,28.2842712474619,NA,NA,NA,NA,NA,NA,NA,NA,NA,NA,NA,NA,NA,NA,NA,NA,NA,NA,NA,NA,2018,1970-01-01,NA,NA,NA,NA
"Brandon McManus","DEN","K","11947","weighted",NA,NA,NA,NA,NA,NA,NA,NA,NA,NA,NA,NA,NA,NA,NA,NA,NA,NA,NA,NA,NA,NA,0.178656132540901,0.0983587768847829,7.06913025394259,0.720819813648226,7.95480576537782,0.650077565733277,8.12222316329923,1.22366912346849,4.80875873135557,1.52390548411967,31.8393512110727,5.18720584922728,NA,NA,NA,NA,NA,NA,NA,NA,NA,NA,NA,NA,NA,NA,NA,NA,NA,NA,NA,NA,2014,1991-07-25,NA,NA,NA,NA
"Kaimi Fairbairn","HOU","K","12860","weighted",NA,NA,NA,NA,NA,NA,NA,NA,NA,NA,NA,NA,NA,NA,NA,NA,NA,NA,NA,NA,NA,NA,0.333686885718793,0.31613584584762,6.9037092914277,1.11234191748462,8.08832699068772,0.934819605807351,5.74974588489318,1.10572431155959,3.33979333398349,0.47124161292297,33.4873785839672,6.06746466249955,NA,NA,NA,NA,NA,NA,NA,NA,NA,NA,NA,NA,NA,NA,NA,NA,NA,NA,NA,NA,2016,1994-01-29,"Q","Leg",2021,0
"Austin Seibert","CIN","K","14258","weighted",NA,NA,NA,NA,NA,NA,NA,NA,NA,NA,NA,NA,NA,NA,NA,NA,NA,NA,NA,NA,NA,NA,0.0834954851888562,0.0631260727260794,5.41232572875236,2.14388940158872,9.37111056309641,1.51987290692217,6.59427818312475,2.18336988520014,2.02989814257701,0.791972118013082,33.496927346115,3.95908446337423,NA,NA,NA,NA,NA,NA,NA,NA,NA,NA,NA,NA,NA,NA,NA,NA,NA,NA,NA,NA,2019,NA,NA,NA,NA,NA
"Dustin Hopkins","WAS","K","11387","weighted",NA,NA,NA,NA,NA,NA,NA,NA,NA,NA,NA,NA,NA,NA,NA,NA,NA,NA,NA,NA,NA,NA,0.399448779358066,0.338333719787212,6.78818765319767,0.68634497832908,8.66088990228915,0.471776256231836,8.99910496838922,1.2326265022168,2.1491977285554,0.137648625520326,32.6465614186851,3.86417336526207,NA,NA,NA,NA,NA,NA,NA,NA,NA,NA,NA,NA,NA,NA,NA,NA,NA,NA,NA,NA,2013,1990-10-01,NA,NA,NA,NA
"Dan Bailey","FA","K","10506","weighted",NA,NA,NA,NA,NA,NA,NA,NA,NA,NA,NA,NA,NA,NA,NA,NA,NA,NA,NA,NA,NA,NA,NA,NA,NA,NA,NA,NA,NA,NA,NA,NA,27,NA,NA,NA,NA,NA,NA,NA,NA,NA,NA,NA,NA,NA,NA,NA,NA,NA,NA,NA,NA,NA,2011,1988-01-26,NA,NA,NA,NA
"Jake Elliott","PHI","K","13303","weighted",NA,NA,NA,NA,NA,NA,NA,NA,NA,NA,NA,NA,NA,NA,NA,NA,NA,NA,NA,NA,NA,NA,0.177674840230376,0.113318293450428,5.38880662294057,1.8814944080931,7.56846448102436,1.66663587229961,6.22097701632742,1.44239932613391,2.30417791530685,0.688986096418836,29.6840224913495,8.86038033223972,NA,NA,NA,NA,NA,NA,NA,NA,NA,NA,NA,NA,NA,NA,NA,NA,NA,NA,NA,NA,2017,1995-01-21,"Q","Ankle",2021,0
"Josh Lambo","JAC","K","12417","weighted",NA,NA,NA,NA,NA,NA,NA,NA,NA,NA,NA,NA,NA,NA,NA,NA,NA,NA,NA,NA,NA,NA,0.0991356183875738,0.0789818031626444,7.0705000565771,1.43623024549408,7.79558458709445,1.17523314810059,6.43802114963576,1.246714406491,4.29131410080231,0.717281349251938,30.2883477508651,4.58865532467122,NA,NA,NA,NA,NA,NA,NA,NA,NA,NA,NA,NA,NA,NA,NA,NA,NA,NA,NA,NA,2015,1990-11-19,NA,NA,NA,NA
"Randy Bullock","DET","K","10862","weighted",NA,NA,NA,NA,NA,NA,NA,NA,NA,NA,NA,NA,NA,NA,NA,NA,NA,NA,NA,NA,NA,NA,NA,NA,NA,NA,NA,NA,6,1.26013275170286e-15,2,0,34,0,NA,NA,NA,NA,NA,NA,NA,NA,NA,NA,NA,NA,NA,NA,NA,NA,NA,NA,NA,NA,2012,1989-12-16,NA,NA,NA,NA
"Graham Gano","NYG","K","9694","weighted",NA,NA,NA,NA,NA,NA,NA,NA,NA,NA,NA,NA,NA,NA,NA,NA,NA,NA,NA,NA,NA,NA,0.166266038635848,0.140485517268755,6.48946026351121,1.63852328287074,10.0614709807923,1.35401914798568,8.03385360882637,1.3353249250595,3.44046186368809,0.495164723273997,29.2666825259516,3.86846238759103,NA,NA,NA,NA,NA,NA,NA,NA,NA,NA,NA,NA,NA,NA,NA,NA,NA,NA,NA,NA,2009,1987-04-09,NA,NA,NA,NA
"Nick Folk","NE","K","8851","weighted",NA,NA,NA,NA,NA,NA,NA,NA,NA,NA,NA,NA,NA,NA,NA,NA,NA,NA,NA,NA,NA,NA,NA,NA,NA,NA,NA,NA,NA,NA,NA,NA,32,NA,NA,NA,NA,NA,NA,NA,NA,NA,NA,NA,NA,NA,NA,NA,NA,NA,NA,NA,NA,NA,2007,1984-11-05,NA,NA,NA,NA
"Texans","HOU","DST","0532","weighted",NA,NA,NA,NA,NA,NA,NA,NA,NA,NA,NA,NA,NA,NA,NA,NA,NA,NA,NA,NA,NA,NA,NA,NA,NA,NA,NA,NA,NA,NA,NA,NA,NA,NA,9.52561138014528,3.82450603181378,34.8875605326877,5.3630679424088,0.525992736077482,0.357031600769212,2.10812348668281,0.42518415918862,NA,NA,NA,NA,NA,NA,NA,NA,NA,NA,NA,NA,NA,NA,NA,NA,NA,NA
"Lions","DET","DST","0522","weighted",NA,NA,NA,NA,NA,NA,NA,NA,NA,NA,NA,NA,NA,NA,NA,NA,NA,NA,NA,NA,NA,NA,NA,NA,NA,NA,NA,NA,NA,NA,NA,NA,NA,NA,10.8784564164649,3.35023315223893,32.3167736077482,4.72508321419842,0.213135593220339,0.229176484026924,2.29180387409201,0.334437986994411,NA,NA,NA,NA,NA,NA,NA,NA,NA,NA,NA,NA,NA,NA,NA,NA,NA,NA
"Jaguars","JAC","DST","0509","weighted",NA,NA,NA,NA,NA,NA,NA,NA,NA,NA,NA,NA,NA,NA,NA,NA,NA,NA,NA,NA,NA,NA,NA,NA,NA,NA,NA,NA,NA,NA,NA,NA,NA,NA,13.1234261501211,0.761799919042055,29.5662590799032,8.34081029692747,0.236961259079903,0.260761133308728,2.56969128329298,0.128986825602154,NA,NA,NA,NA,NA,NA,NA,NA,NA,NA,NA,NA,NA,NA,NA,NA,NA,NA
"Raiders","LVR","DST","0513","weighted",NA,NA,NA,NA,NA,NA,NA,NA,NA,NA,NA,NA,NA,NA,NA,NA,NA,NA,NA,NA,NA,NA,NA,NA,NA,NA,NA,NA,NA,NA,NA,NA,NA,NA,14.1291278195489,1.54405333224074,27.6314962406015,7.35786031812414,0.542699248120301,0.412551008400151,1.84924812030075,1.31061778447894,NA,NA,NA,NA,NA,NA,NA,NA,NA,NA,NA,NA,NA,NA,NA,NA,NA,NA
"Bengals","CIN","DST","0506","weighted",NA,NA,NA,NA,NA,NA,NA,NA,NA,NA,NA,NA,NA,NA,NA,NA,NA,NA,NA,NA,NA,NA,NA,NA,NA,NA,NA,NA,NA,NA,NA,NA,NA,NA,13.2051331719128,1.89820185033033,24.1021731234867,7.51294193716656,0.198244552058111,0.209638493810075,2.18917675544794,0.830578585621925,NA,NA,NA,NA,NA,NA,NA,NA,NA,NA,NA,NA,NA,NA,NA,NA,NA,NA
"Vikings","MIN","DST","0524","weighted",NA,NA,NA,NA,NA,NA,NA,NA,NA,NA,NA,NA,NA,NA,NA,NA,NA,NA,NA,NA,NA,NA,NA,NA,NA,NA,NA,NA,NA,NA,NA,NA,NA,NA,15.8380750605327,3.01846340827443,29.9813438256659,6.49862805162737,0.447506053268765,0.324998296669486,2.09371065375303,1.24172600921691,NA,NA,NA,NA,NA,NA,NA,NA,NA,NA,NA,NA,NA,NA,NA,NA,NA,NA
"Cowboys","DAL","DST","0516","weighted",NA,NA,NA,NA,NA,NA,NA,NA,NA,NA,NA,NA,NA,NA,NA,NA,NA,NA,NA,NA,NA,NA,NA,NA,NA,NA,NA,NA,NA,NA,NA,NA,NA,NA,14.4105024213075,2.182984292239,39.0457445520581,5.16281415698899,0.180556900726392,0.220750372104243,3.05918280871671,0.522319147903428,NA,NA,NA,NA,NA,NA,NA,NA,NA,NA,NA,NA,NA,NA,NA,NA,NA,NA
"Jets","NYJ","DST","0505","weighted",NA,NA,NA,NA,NA,NA,NA,NA,NA,NA,NA,NA,NA,NA,NA,NA,NA,NA,NA,NA,NA,NA,NA,NA,NA,NA,NA,NA,NA,NA,NA,NA,NA,NA,12.8699394673123,1.57969285155754,36.6901937046005,2.21465297165717,0.610823244552058,0.467119551061844,2.16423728813559,0.72886783869677,NA,NA,NA,NA,NA,NA,NA,NA,NA,NA,NA,NA,NA,NA,NA,NA,NA,NA
"Chargers","LAC","DST","0514","weighted",NA,NA,NA,NA,NA,NA,NA,NA,NA,NA,NA,NA,NA,NA,NA,NA,NA,NA,NA,NA,NA,NA,NA,NA,NA,NA,NA,NA,NA,NA,NA,NA,NA,NA,14.6508837772397,1.65260304265819,34.5349757869249,4.41700156001791,0.738220338983051,0.612205445197226,2.52362590799031,0.556914385844352,NA,NA,NA,NA,NA,NA,NA,NA,NA,NA,NA,NA,NA,NA,NA,NA,NA,NA
"Eagles","PHI","DST","0518","weighted",NA,NA,NA,NA,NA,NA,NA,NA,NA,NA,NA,NA,NA,NA,NA,NA,NA,NA,NA,NA,NA,NA,NA,NA,NA,NA,NA,NA,NA,NA,NA,NA,NA,NA,12.7555629539952,1.94235723682471,45.6112469733656,8.61319650295189,0.909600484261501,0.174825864285311,2.81285714285714,0.23971598235119,NA,NA,NA,NA,NA,NA,NA,NA,NA,NA,NA,NA,NA,NA,NA,NA,NA,NA
"Panthers","CAR","DST","0527","weighted",NA,NA,NA,NA,NA,NA,NA,NA,NA,NA,NA,NA,NA,NA,NA,NA,NA,NA,NA,NA,NA,NA,NA,NA,NA,NA,NA,NA,NA,NA,NA,NA,NA,NA,14.2229358353511,3.67783645286967,36.7024273607748,2.79631418222559,0.252784503631961,0.271089215282826,2.98829297820823,0.452370047495597,NA,NA,NA,NA,NA,NA,NA,NA,NA,NA,NA,NA,NA,NA,NA,NA,NA,NA
"Titans","TEN","DST","0508","weighted",NA,NA,NA,NA,NA,NA,NA,NA,NA,NA,NA,NA,NA,NA,NA,NA,NA,NA,NA,NA,NA,NA,NA,NA,NA,NA,NA,NA,NA,NA,NA,NA,NA,NA,15.2356295399516,1.61460177896966,31.875308716707,7.67303180072661,0.204382566585956,0.253412894993344,2.62705811138015,0.217839926816469,NA,NA,NA,NA,NA,NA,NA,NA,NA,NA,NA,NA,NA,NA,NA,NA,NA,NA
"Cardinals","ARI","DST","0519","weighted",NA,NA,NA,NA,NA,NA,NA,NA,NA,NA,NA,NA,NA,NA,NA,NA,NA,NA,NA,NA,NA,NA,NA,NA,NA,NA,NA,NA,NA,NA,NA,NA,NA,NA,12.765720338983,1.3833232754972,48.8563075060533,3.35382163411007,1.04909200968523,0.285600008963528,2.10384987893462,1.20971225487733,NA,NA,NA,NA,NA,NA,NA,NA,NA,NA,NA,NA,NA,NA,NA,NA,NA,NA
"Colts","IND","DST","0502","weighted",NA,NA,NA,NA,NA,NA,NA,NA,NA,NA,NA,NA,NA,NA,NA,NA,NA,NA,NA,NA,NA,NA,NA,NA,NA,NA,NA,NA,NA,NA,NA,NA,NA,NA,13.4148002421307,2.41897046048659,43.2550242130751,2.84752090352114,0.87274818401937,0.681084036143324,3.33906779661017,0.944069543116682,NA,NA,NA,NA,NA,NA,NA,NA,NA,NA,NA,NA,NA,NA,NA,NA,NA,NA
"Bears","CHI","DST","0521","weighted",NA,NA,NA,NA,NA,NA,NA,NA,NA,NA,NA,NA,NA,NA,NA,NA,NA,NA,NA,NA,NA,NA,NA,NA,NA,NA,NA,NA,NA,NA,NA,NA,NA,NA,12.9470823244552,1.94833710857869,37.9551573849879,2.19389036872656,0.693668280871671,0.576782134278527,2.47966707021792,0.466011086223749,NA,NA,NA,NA,NA,NA,NA,NA,NA,NA,NA,NA,NA,NA,NA,NA,NA,NA
"Seahawks","SEA","DST","0515","weighted",NA,NA,NA,NA,NA,NA,NA,NA,NA,NA,NA,NA,NA,NA,NA,NA,NA,NA,NA,NA,NA,NA,NA,NA,NA,NA,NA,NA,NA,NA,NA,NA,NA,NA,14.1149757869249,0.859294902061582,43.0803208232445,5.31574706694084,1.40782082324455,0.784481857042513,2.02689467312349,1.1541991971505,NA,NA,NA,NA,NA,NA,NA,NA,NA,NA,NA,NA,NA,NA,NA,NA,NA,NA
"Falcons","ATL","DST","0526","weighted",NA,NA,NA,NA,NA,NA,NA,NA,NA,NA,NA,NA,NA,NA,NA,NA,NA,NA,NA,NA,NA,NA,NA,NA,NA,NA,NA,NA,NA,NA,NA,NA,NA,NA,14.5256113801453,1.30331461889626,33.8358414043584,3.63026988969716,0.219273607748184,0.273853437702233,2.41924939467312,0.555442518779096,NA,NA,NA,NA,NA,NA,NA,NA,NA,NA,NA,NA,NA,NA,NA,NA,NA,NA
"Packers","GB","DST","0523","weighted",NA,NA,NA,NA,NA,NA,NA,NA,NA,NA,NA,NA,NA,NA,NA,NA,NA,NA,NA,NA,NA,NA,NA,NA,NA,NA,NA,NA,NA,NA,NA,NA,NA,NA,16.8318946731235,2.83811371989528,42.8960169491525,2.36686462956368,0.5468401937046,0.360120182252763,2.3086985472155,0.939666082156492,NA,NA,NA,NA,NA,NA,NA,NA,NA,NA,NA,NA,NA,NA,NA,NA,NA,NA
"Broncos","DEN","DST","0511","weighted",NA,NA,NA,NA,NA,NA,NA,NA,NA,NA,NA,NA,NA,NA,NA,NA,NA,NA,NA,NA,NA,NA,NA,NA,NA,NA,NA,NA,NA,NA,NA,NA,NA,NA,13.4155205811138,1.70240441221115,43.7040012106538,6.07464960261677,0.543680387409201,0.357969496821933,2.54128329297821,0.468653227802951,NA,NA,NA,NA,NA,NA,NA,NA,NA,NA,NA,NA,NA,NA,NA,NA,NA,NA
"Browns","CLE","DST","0507","weighted",NA,NA,NA,NA,NA,NA,NA,NA,NA,NA,NA,NA,NA,NA,NA,NA,NA,NA,NA,NA,NA,NA,NA,NA,NA,NA,NA,NA,NA,NA,NA,NA,NA,NA,15.7966646489104,2.36136989265284,37.678686440678,1.60027165366366,1.02824455205811,0.308186772968734,2.85941283292978,0.393830490651441,NA,NA,NA,NA,NA,NA,NA,NA,NA,NA,NA,NA,NA,NA,NA,NA,NA,NA
"Steelers","PIT","DST","0510","weighted",NA,NA,NA,NA,NA,NA,NA,NA,NA,NA,NA,NA,NA,NA,NA,NA,NA,NA,NA,NA,NA,NA,NA,NA,NA,NA,NA,NA,NA,NA,NA,NA,NA,NA,16.0775847457627,3.16818618076223,48.5449818401937,6.01456874614445,0.853256658595642,0.13225590125233,2.65831113801453,0.415005387941515,NA,NA,NA,NA,NA,NA,NA,NA,NA,NA,NA,NA,NA,NA,NA,NA,NA,NA
"Saints","NO","DST","0529","weighted",NA,NA,NA,NA,NA,NA,NA,NA,NA,NA,NA,NA,NA,NA,NA,NA,NA,NA,NA,NA,NA,NA,NA,NA,NA,NA,NA,NA,NA,NA,NA,NA,NA,NA,17.0084200968523,3.20039211835153,43.2669249394673,4.34794811610795,0.382348668280872,0.253396495445915,2.21323849878935,1.29204296239195,NA,NA,NA,NA,NA,NA,NA,NA,NA,NA,NA,NA,NA,NA,NA,NA,NA,NA
"Giants","NYG","DST","0517","weighted",NA,NA,NA,NA,NA,NA,NA,NA,NA,NA,NA,NA,NA,NA,NA,NA,NA,NA,NA,NA,NA,NA,NA,NA,NA,NA,NA,NA,NA,NA,NA,NA,NA,NA,12.9947094430993,1.16505935829185,41.7529418886199,3.29052816270109,0.210157384987893,0.225254475573453,2.35921307506053,0.621983725296626,NA,NA,NA,NA,NA,NA,NA,NA,NA,NA,NA,NA,NA,NA,NA,NA,NA,NA
"Ravens","BAL","DST","0531","weighted",NA,NA,NA,NA,NA,NA,NA,NA,NA,NA,NA,NA,NA,NA,NA,NA,NA,NA,NA,NA,NA,NA,NA,NA,NA,NA,NA,NA,NA,NA,NA,NA,NA,NA,13.1456113801453,1.81958091313064,38.1887590799031,3.27578655083347,1.54725181598063,1.0374366599174,2.6772397094431,0.506036421161461,NA,NA,NA,NA,NA,NA,NA,NA,NA,NA,NA,NA,NA,NA,NA,NA,NA,NA
"Commanders","WAS","DST","0520","weighted",NA,NA,NA,NA,NA,NA,NA,NA,NA,NA,NA,NA,NA,NA,NA,NA,NA,NA,NA,NA,NA,NA,NA,NA,NA,NA,NA,NA,NA,NA,NA,NA,NA,NA,15.3738740920097,2.51650405225804,48.0140012106538,7.17300441955354,0.367397094430993,0.223652363020181,3.09635593220339,0.718015362008528,NA,NA,NA,NA,NA,NA,NA,NA,NA,NA,NA,NA,NA,NA,NA,NA,NA,NA
"Buccaneers","TB","DST","0525","weighted",NA,NA,NA,NA,NA,NA,NA,NA,NA,NA,NA,NA,NA,NA,NA,NA,NA,NA,NA,NA,NA,NA,NA,NA,NA,NA,NA,NA,NA,NA,NA,NA,NA,NA,17.5534987893462,1.93154036045123,46.1375121065375,1.25043614306558,0.291501210653753,0.322447040888964,2.38124092009685,1.21531853196936,NA,NA,NA,NA,NA,NA,NA,NA,NA,NA,NA,NA,NA,NA,NA,NA,NA,NA
"Patriots","NE","DST","0504","weighted",NA,NA,NA,NA,NA,NA,NA,NA,NA,NA,NA,NA,NA,NA,NA,NA,NA,NA,NA,NA,NA,NA,NA,NA,NA,NA,NA,NA,NA,NA,NA,NA,NA,NA,17.8786924939467,3.45423941037363,36.1804479418886,4.99616884682828,0.216113801452784,0.233104971320115,3.25690072639225,0.71159260666107,NA,NA,NA,NA,NA,NA,NA,NA,NA,NA,NA,NA,NA,NA,NA,NA,NA,NA
"Chiefs","KC","DST","0512","weighted",NA,NA,NA,NA,NA,NA,NA,NA,NA,NA,NA,NA,NA,NA,NA,NA,NA,NA,NA,NA,NA,NA,NA,NA,NA,NA,NA,NA,NA,NA,NA,NA,NA,NA,15.4606476997579,1.94942599478216,36.7828571428571,3.91490037295645,0.58681598062954,0.465853696481279,3.16194309927361,0.511775982233347,NA,NA,NA,NA,NA,NA,NA,NA,NA,NA,NA,NA,NA,NA,NA,NA,NA,NA
"Dolphins","MIA","DST","0503","weighted",NA,NA,NA,NA,NA,NA,NA,NA,NA,NA,NA,NA,NA,NA,NA,NA,NA,NA,NA,NA,NA,NA,NA,NA,NA,NA,NA,NA,NA,NA,NA,NA,NA,NA,16.1130629539952,1.60100093204206,43.6209806295399,3.09293812538998,0.56546004842615,0.360028045185202,2.71194309927361,0.588246672942646,NA,NA,NA,NA,NA,NA,NA,NA,NA,NA,NA,NA,NA,NA,NA,NA,NA,NA
"Rams","LAR","DST","0528","weighted",NA,NA,NA,NA,NA,NA,NA,NA,NA,NA,NA,NA,NA,NA,NA,NA,NA,NA,NA,NA,NA,NA,NA,NA,NA,NA,NA,NA,NA,NA,NA,NA,NA,NA,14.7575544794189,1.82101468961846,51.4899636803874,7.78766481072197,1.04301452784504,0.361783980497516,3.69404963680387,1.70967890532835,NA,NA,NA,NA,NA,NA,NA,NA,NA,NA,NA,NA,NA,NA,NA,NA,NA,NA
"49ers","SF","DST","0530","weighted",NA,NA,NA,NA,NA,NA,NA,NA,NA,NA,NA,NA,NA,NA,NA,NA,NA,NA,NA,NA,NA,NA,NA,NA,NA,NA,NA,NA,NA,NA,NA,NA,NA,NA,14.5592857142857,1.83212603055728,42.9587046004843,3.55102196418247,0.204382566585956,0.253412894993344,2.54051452784504,0.51976866775538,NA,NA,NA,NA,NA,NA,NA,NA,NA,NA,NA,NA,NA,NA,NA,NA,NA,NA
"Bills","BUF","DST","0501","weighted",NA,NA,NA,NA,NA,NA,NA,NA,NA,NA,NA,NA,NA,NA,NA,NA,NA,NA,NA,NA,NA,NA,NA,NA,NA,NA,NA,NA,NA,NA,NA,NA,NA,NA,15.9414769975787,1.22729057858105,39.5545823244552,1.78113737383669,0.234164648910412,0.29430924940814,3.98591404358354,1.89069557280054,NA,NA,NA,NA,NA,NA,NA,NA,NA,NA,NA,NA,NA,NA,NA,NA,NA,NA
"Sheldon Richardson","MIN","DL","11283","weighted",NA,NA,NA,NA,NA,NA,NA,NA,NA,NA,NA,NA,NA,NA,NA,NA,NA,NA,NA,NA,NA,NA,NA,NA,NA,NA,NA,NA,NA,NA,NA,NA,NA,NA,NA,NA,NA,NA,NA,NA,NA,NA,NA,NA,40.6082490272374,17.4460175731727,4.41780155642023,0.662271269213449,0.131556420233463,0.238917047678988,2.9931906614786,1.36428896734962,NA,NA,2013,1990-11-30,NA,NA,NA,NA
"Sam Hubbard","CIN","DL","13684","weighted",NA,NA,NA,NA,NA,NA,NA,NA,NA,NA,NA,NA,NA,NA,NA,NA,NA,NA,NA,NA,NA,NA,NA,NA,NA,NA,NA,NA,NA,NA,NA,NA,NA,NA,NA,NA,NA,NA,NA,NA,NA,NA,NA,NA,47.7641828793774,9.80368075031568,6.01834630350194,2.38365585431393,0.156614785992218,0.2844250567607,3.17784046692607,0.271558813417918,NA,NA,2018,NA,NA,NA,NA,NA
"Demarcus Lawrence","DAL","DL","11769","weighted",NA,NA,NA,NA,NA,NA,NA,NA,NA,NA,NA,NA,NA,NA,NA,NA,NA,NA,NA,NA,NA,NA,NA,NA,NA,NA,NA,NA,NA,NA,NA,NA,NA,NA,NA,NA,NA,NA,NA,NA,NA,NA,NA,NA,42.2000194552529,11.6776727423554,8.28963035019455,2.5715359905547,0.0187937743190661,0.034131006811284,2.43712062256809,0.509025344013795,NA,NA,2014,1992-04-28,NA,NA,NA,NA
"DeForest Buckner","IND","DL","12688","weighted",NA,NA,NA,NA,NA,NA,NA,NA,NA,NA,NA,NA,NA,NA,NA,NA,NA,NA,NA,NA,NA,NA,NA,NA,NA,NA,NA,NA,NA,NA,NA,NA,NA,NA,NA,NA,NA,NA,NA,NA,NA,NA,NA,NA,45.8536575875486,7.02969609443034,10.441906614786,0.728274794325207,0,0,3.01928015564202,0.0705666320036056,NA,NA,2016,1994-03-17,NA,NA,NA,NA
"Cameron Heyward","PIT","DL","10266","weighted",NA,NA,NA,NA,NA,NA,NA,NA,NA,NA,NA,NA,NA,NA,NA,NA,NA,NA,NA,NA,NA,NA,NA,NA,NA,NA,NA,NA,NA,NA,NA,NA,NA,NA,NA,NA,NA,NA,NA,NA,NA,NA,NA,NA,44.0550583657588,8.21366565046616,7.33017509727626,2.27439152223968,0.159046692607004,0.285608055453149,4.1479766536965,0.572507703717147,NA,NA,2011,1989-05-06,NA,NA,NA,NA
"Joey Bosa","LAC","DL","12686","weighted",NA,NA,NA,NA,NA,NA,NA,NA,NA,NA,NA,NA,NA,NA,NA,NA,NA,NA,NA,NA,NA,NA,NA,NA,NA,NA,NA,NA,NA,NA,NA,NA,NA,NA,NA,NA,NA,NA,NA,NA,NA,NA,NA,NA,47.6691439688716,5.58265297036984,10.6130155642023,0.831345197394651,0.0187937743190661,0.034131006811284,1.78023346303502,1.17311889369139,NA,NA,2016,1995-07-11,NA,NA,NA,NA
"Cameron Jordan","NO","DL","10292","weighted",NA,NA,NA,NA,NA,NA,NA,NA,NA,NA,NA,NA,NA,NA,NA,NA,NA,NA,NA,NA,NA,NA,NA,NA,NA,NA,NA,NA,NA,NA,NA,NA,NA,NA,NA,NA,NA,NA,NA,NA,NA,NA,NA,NA,43.8962840466926,7.74622865818173,10.763326848249,1.02888327118851,0.418793774319066,0.550288768797757,3.85060311284047,1.08009549268868,NA,NA,2011,1989-07-10,NA,NA,NA,NA
"Arik Armstead","SF","DL","12218","weighted",NA,NA,NA,NA,NA,NA,NA,NA,NA,NA,NA,NA,NA,NA,NA,NA,NA,NA,NA,NA,NA,NA,NA,NA,NA,NA,NA,NA,NA,NA,NA,NA,NA,NA,NA,NA,NA,NA,NA,NA,NA,NA,NA,NA,39.1764396887159,10.1681106136061,6.30165369649805,2.24895767258299,0.0751750972762646,0.136524027245136,3.10217898832685,0.252723653734253,NA,NA,2015,1993-11-15,"Q","Groin",2021,0
"Jason Pierre-Paul","TB","DL","9833","weighted",NA,NA,NA,NA,NA,NA,NA,NA,NA,NA,NA,NA,NA,NA,NA,NA,NA,NA,NA,NA,NA,NA,NA,NA,NA,NA,NA,NA,NA,NA,NA,NA,NA,NA,NA,NA,NA,NA,NA,NA,NA,NA,NA,NA,42.7189883268482,6.60665944205135,11.3606809338521,1.17025297532114,0.882431906614786,0.490045381681923,4.66151750972763,1.7369390920131,NA,NA,2010,1989-02-28,NA,NA,NA,NA
"Trey Hendrickson","CIN","DL","13284","weighted",NA,NA,NA,NA,NA,NA,NA,NA,NA,NA,NA,NA,NA,NA,NA,NA,NA,NA,NA,NA,NA,NA,NA,NA,NA,NA,NA,NA,NA,NA,NA,NA,NA,NA,NA,NA,NA,NA,NA,NA,NA,NA,NA,NA,31.2008365758755,16.2584906433645,10.5615758754864,2.54160145604463,0.0751750972762646,0.136524027245136,1.62071984435798,0.368597136764026,NA,NA,2017,1994-12-05,NA,NA,NA,NA
"Brian Burns","CAR","DL","14171","weighted",NA,NA,NA,NA,NA,NA,NA,NA,NA,NA,NA,NA,NA,NA,NA,NA,NA,NA,NA,NA,NA,NA,NA,NA,NA,NA,NA,NA,NA,NA,NA,NA,NA,NA,NA,NA,NA,NA,NA,NA,NA,NA,NA,NA,42.6016342412451,6.6691956106164,11.7853112840467,0.361744024316336,0.0563813229571984,0.102393020433852,4.49011673151751,1.42986598047959,NA,NA,2019,1998-04-23,NA,NA,NA,NA
"Danielle Hunter","MIN","DL","12221","weighted",NA,NA,NA,NA,NA,NA,NA,NA,NA,NA,NA,NA,NA,NA,NA,NA,NA,NA,NA,NA,NA,NA,NA,NA,NA,NA,NA,NA,NA,NA,NA,NA,NA,NA,NA,NA,NA,NA,NA,NA,NA,NA,NA,NA,45.2293201133145,7.28319984622144,13.5736543909348,1.4142135623731,0,0,1.04631728045326,0.0707106781186548,NA,NA,2015,1994-10-29,NA,NA,NA,NA
"Calais Campbell","BAL","DL","9051","weighted",NA,NA,NA,NA,NA,NA,NA,NA,NA,NA,NA,NA,NA,NA,NA,NA,NA,NA,NA,NA,NA,NA,NA,NA,NA,NA,NA,NA,NA,NA,NA,NA,NA,NA,NA,NA,NA,NA,NA,NA,NA,NA,NA,NA,36.5193385214008,9.50249589901619,6.56359922178988,0.968388131307948,0.54408560311284,0.506993151263642,4.97066147859922,2.34940321155041,NA,NA,2008,1986-09-01,NA,NA,NA,NA
"J.J. Watt","ARI","DL","10272","weighted",NA,NA,NA,NA,NA,NA,NA,NA,NA,NA,NA,NA,NA,NA,NA,NA,NA,NA,NA,NA,NA,NA,NA,NA,NA,NA,NA,NA,NA,NA,NA,NA,NA,NA,NA,NA,NA,NA,NA,NA,NA,NA,NA,NA,42.5787743190661,5.99195425196312,7.43951361867704,2.8892425037712,0.628443579766537,0.394403890330294,5.91712062256809,0.924769706086319,NA,NA,2011,1989-03-22,NA,NA,NA,NA
"Jarran Reed","KC","DL","12698","weighted",NA,NA,NA,NA,NA,NA,NA,NA,NA,NA,NA,NA,NA,NA,NA,NA,NA,NA,NA,NA,NA,NA,NA,NA,NA,NA,NA,NA,NA,NA,NA,NA,NA,NA,NA,NA,NA,NA,NA,NA,NA,NA,NA,NA,34.1849614791988,18.3635631074146,6.91898305084746,2.02232539419353,0.00992295839753467,0.014142135623731,1.59084745762712,0.15556349186104,NA,NA,2016,1992-12-16,NA,NA,NA,NA
"Chris Jones","KC","DL","12741","weighted",NA,NA,NA,NA,NA,NA,NA,NA,NA,NA,NA,NA,NA,NA,NA,NA,NA,NA,NA,NA,NA,NA,NA,NA,NA,NA,NA,NA,NA,NA,NA,NA,NA,NA,NA,NA,NA,NA,NA,NA,NA,NA,NA,NA,33.2980350194552,11.7207763431343,10.1090661478599,2.01214747592639,0.412529182879377,0.554819495458365,4.59035019455253,1.36951687556737,NA,NA,2016,1994-07-03,NA,NA,NA,NA
"Haason Reddick","CAR","DL","13245","weighted",NA,NA,NA,NA,NA,NA,NA,NA,NA,NA,NA,NA,NA,NA,NA,NA,NA,NA,NA,NA,NA,NA,NA,NA,NA,NA,NA,NA,NA,NA,NA,NA,NA,NA,NA,NA,NA,NA,NA,NA,NA,NA,NA,NA,41.8124645892351,7.91959594928934,8.90736543909349,0.141421356237309,0,0,4.44419263456091,0.848528137423857,NA,NA,2017,1994-09-22,NA,NA,NA,NA
"Yannick Ngakoue","LVR","DL","12756","weighted",NA,NA,NA,NA,NA,NA,NA,NA,NA,NA,NA,NA,NA,NA,NA,NA,NA,NA,NA,NA,NA,NA,NA,NA,NA,NA,NA,NA,NA,NA,NA,NA,NA,NA,NA,NA,NA,NA,NA,NA,NA,NA,NA,NA,34.891439688716,9.88214525935068,9.27274319066148,0.663649918714718,0.0375875486381323,0.068262013622568,1.64194552529183,0.4925665409045,NA,NA,2016,1995-03-31,NA,NA,NA,NA
"Aaron Donald","LAR","DL","11757","weighted",NA,NA,NA,NA,NA,NA,NA,NA,NA,NA,NA,NA,NA,NA,NA,NA,NA,NA,NA,NA,NA,NA,NA,NA,NA,NA,NA,NA,NA,NA,NA,NA,NA,NA,NA,NA,NA,NA,NA,NA,NA,NA,NA,NA,37.5225680933852,7.26553953519276,14.9681712062257,0.616919152403153,0.0939688715953307,0.17065503405642,2.32336575875486,0.672620012093337,NA,NA,2014,1991-05-23,NA,NA,NA,NA
"Jonathan Allen","WAS","DL","13208","weighted",NA,NA,NA,NA,NA,NA,NA,NA,NA,NA,NA,NA,NA,NA,NA,NA,NA,NA,NA,NA,NA,NA,NA,NA,NA,NA,NA,NA,NA,NA,NA,NA,NA,NA,NA,NA,NA,NA,NA,NA,NA,NA,NA,NA,42.686402266289,4.10121933088197,5.49886685552408,3.81837661840736,0,0,1.16628895184136,1.27279220613579,NA,NA,2017,1995-01-16,NA,NA,NA,NA
"Frank Clark","KC","DL","12280","weighted",NA,NA,NA,NA,NA,NA,NA,NA,NA,NA,NA,NA,NA,NA,NA,NA,NA,NA,NA,NA,NA,NA,NA,NA,NA,NA,NA,NA,NA,NA,NA,NA,NA,NA,NA,NA,NA,NA,NA,NA,NA,NA,NA,NA,26.5100778210117,17.0571282314685,7.69328793774319,3.16299811224439,0.0751750972762646,0.136524027245136,1.87519455252918,0.314878263886442,NA,NA,2015,1993-06-14,"Q","Hamstring",2021,0
"Denico Autry","TEN","DL","12083","weighted",NA,NA,NA,NA,NA,NA,NA,NA,NA,NA,NA,NA,NA,NA,NA,NA,NA,NA,NA,NA,NA,NA,NA,NA,NA,NA,NA,NA,NA,NA,NA,NA,NA,NA,NA,NA,NA,NA,NA,NA,NA,NA,NA,NA,33.4266536964981,10.3095779409785,8.18285992217899,0.698613389620125,0.043852140077821,0.0796390158929961,1.99712062256809,0.958016039329658,NA,NA,NA,NA,NA,NA,NA,NA
"Stephon Tuitt","PIT","DL","11707","weighted",NA,NA,NA,NA,NA,NA,NA,NA,NA,NA,NA,NA,NA,NA,NA,NA,NA,NA,NA,NA,NA,NA,NA,NA,NA,NA,NA,NA,NA,NA,NA,NA,NA,NA,NA,NA,NA,NA,NA,NA,NA,NA,NA,NA,37.9379457917261,7.60139789775539,9.06039942938659,0.862670273047588,0.0551212553495007,0.0848528137423857,2.9435092724679,1.62634559672906,NA,NA,2014,1993-05-23,NA,NA,NA,NA
"Romeo Okwara","DET","DL","12948","weighted",NA,NA,NA,NA,NA,NA,NA,NA,NA,NA,NA,NA,NA,NA,NA,NA,NA,NA,NA,NA,NA,NA,NA,NA,NA,NA,NA,NA,NA,NA,NA,NA,NA,NA,NA,NA,NA,NA,NA,NA,NA,NA,NA,NA,38.8906515580737,5.939696961967,11.2137393767705,2.61629509039023,0,0,1.16628895184136,1.27279220613579,NA,NA,2016,1995-06-17,NA,NA,NA,NA
"Leonard Williams","NYG","DL","12225","weighted",NA,NA,NA,NA,NA,NA,NA,NA,NA,NA,NA,NA,NA,NA,NA,NA,NA,NA,NA,NA,NA,NA,NA,NA,NA,NA,NA,NA,NA,NA,NA,NA,NA,NA,NA,NA,NA,NA,NA,NA,NA,NA,NA,NA,36.1811673151751,6.07826408094316,9.79204280155642,0.686329675767813,0,0,2.61396887159533,0.406432480381593,NA,NA,2015,1994-06-20,NA,NA,NA,NA
"Myles Garrett","CLE","DL","13198","weighted",NA,NA,NA,NA,NA,NA,NA,NA,NA,NA,NA,NA,NA,NA,NA,NA,NA,NA,NA,NA,NA,NA,NA,NA,NA,NA,NA,NA,NA,NA,NA,NA,NA,NA,NA,NA,NA,NA,NA,NA,NA,NA,NA,NA,38.2946175637394,5.65685424949238,12.2957507082153,1.83847763108502,0.536827195467422,0.707106781186548,3.74943342776204,1.90918830920368,NA,NA,2017,1995-12-29,"Q","Hamstring",2021,0
"Dre'Mont Jones","DEN","DL","14164","weighted",NA,NA,NA,NA,NA,NA,NA,NA,NA,NA,NA,NA,NA,NA,NA,NA,NA,NA,NA,NA,NA,NA,NA,NA,NA,NA,NA,NA,NA,NA,NA,NA,NA,NA,NA,NA,NA,NA,NA,NA,NA,NA,NA,NA,36.7114730878187,5.02045814642449,8.42946175637394,0.565685424949239,0.463172804532578,0.707106781186548,3.62946175637394,0.565685424949238,NA,NA,2019,1997-01-05,NA,NA,NA,NA
"Kenny Clark","GB","DL","12739","weighted",NA,NA,NA,NA,NA,NA,NA,NA,NA,NA,NA,NA,NA,NA,NA,NA,NA,NA,NA,NA,NA,NA,NA,NA,NA,NA,NA,NA,NA,NA,NA,NA,NA,NA,NA,NA,NA,NA,NA,NA,NA,NA,NA,NA,38.8800283286119,1.34350288425444,6.80524079320113,1.06066017177982,0,0,1.88838526912181,1.69705627484771,NA,NA,2016,1995-10-04,NA,NA,NA,NA
"Nick Bosa","SF","DL","14147","weighted",NA,NA,NA,NA,NA,NA,NA,NA,NA,NA,NA,NA,NA,NA,NA,NA,NA,NA,NA,NA,NA,NA,NA,NA,NA,NA,NA,NA,NA,NA,NA,NA,NA,NA,NA,NA,NA,NA,NA,NA,NA,NA,NA,NA,37.9347025495751,1.62634559672906,10.7126062322946,1.20208152801713,0.536827195467422,0.707106781186548,3.81473087818697,0.282842712474619,NA,NA,2019,1997-10-23,"Q","Knee - ACL",2021,0
"Whitney Mercilus","HOU","DL","10754","weighted",NA,NA,NA,NA,NA,NA,NA,NA,NA,NA,NA,NA,NA,NA,NA,NA,NA,NA,NA,NA,NA,NA,NA,NA,NA,NA,NA,NA,NA,NA,NA,NA,NA,NA,NA,NA,NA,NA,NA,NA,NA,NA,NA,NA,33.0022662889518,7.63675323681471,6.65793201133144,1.76776695296637,0.41685552407932,0.636396103067893,4.03796033994334,3.11126983722081,NA,NA,2012,1990-07-21,NA,NA,NA,NA
"Deatrich Wise","NE","DL","13296","weighted",NA,NA,NA,NA,NA,NA,NA,NA,NA,NA,NA,NA,NA,NA,NA,NA,NA,NA,NA,NA,NA,NA,NA,NA,NA,NA,NA,NA,NA,NA,NA,NA,NA,NA,NA,NA,NA,NA,NA,NA,NA,NA,NA,NA,33.0022662889518,7.63675323681471,4.09263456090652,0.14142135623731,0,0,0.536827195467422,0.707106781186548,NA,NA,2017,1994-07-26,NA,NA,NA,NA
"Trey Flowers","DET","DL","12222","weighted",NA,NA,NA,NA,NA,NA,NA,NA,NA,NA,NA,NA,NA,NA,NA,NA,NA,NA,NA,NA,NA,NA,NA,NA,NA,NA,NA,NA,NA,NA,NA,NA,NA,NA,NA,NA,NA,NA,NA,NA,NA,NA,NA,NA,38.0926345609065,0.141421356237312,6.89787535410765,0.919238815542512,0,0,2,0,NA,NA,2015,1993-08-16,NA,NA,NA,NA
"Akiem Hicks","CHI","DL","10823","weighted",NA,NA,NA,NA,NA,NA,NA,NA,NA,NA,NA,NA,NA,NA,NA,NA,NA,NA,NA,NA,NA,NA,NA,NA,NA,NA,NA,NA,NA,NA,NA,NA,NA,NA,NA,NA,NA,NA,NA,NA,NA,NA,NA,NA,34.3409348441926,5.58614357137373,5.13781869688385,3.60624458405139,0,0,1.93470254957507,1.62634559672906,NA,NA,2012,1989-11-16,NA,NA,NA,NA
"Davon Godchaux","NE","DL","13317","weighted",NA,NA,NA,NA,NA,NA,NA,NA,NA,NA,NA,NA,NA,NA,NA,NA,NA,NA,NA,NA,NA,NA,NA,NA,NA,NA,NA,NA,NA,NA,NA,NA,NA,NA,NA,NA,NA,NA,NA,NA,NA,NA,NA,NA,32.256657223796,8.76812408671319,2.23158640226629,0.353553390593274,0,0,0.546090651558074,0.692964645562817,NA,NA,2017,1994-11-11,NA,NA,NA,NA
"Brandon Graham","PHI","DL","9826","weighted",NA,NA,NA,NA,NA,NA,NA,NA,NA,NA,NA,NA,NA,NA,NA,NA,NA,NA,NA,NA,NA,NA,NA,NA,NA,NA,NA,NA,NA,NA,NA,NA,NA,NA,NA,NA,NA,NA,NA,NA,NA,NA,NA,NA,34.9620396600567,3.11126983722081,9.23158640226629,0.353553390593274,0,0,1.07365439093484,1.4142135623731,NA,NA,2010,1988-04-03,NA,NA,NA,NA
"Jadeveon Clowney","CLE","DL","11706","weighted",NA,NA,NA,NA,NA,NA,NA,NA,NA,NA,NA,NA,NA,NA,NA,NA,NA,NA,NA,NA,NA,NA,NA,NA,NA,NA,NA,NA,NA,NA,NA,NA,NA,NA,NA,NA,NA,NA,NA,NA,NA,NA,NA,NA,34.621104815864,2.47487373415292,8.15679886685552,2.05060966544099,0,0,4.23158640226629,0.353553390593274,NA,NA,2014,1993-02-14,NA,NA,NA,NA
"AShawn Robinson","LAR","DL","12697","weighted",NA,NA,NA,NA,NA,NA,NA,NA,NA,NA,NA,NA,NA,NA,NA,NA,NA,NA,NA,NA,NA,NA,NA,NA,NA,NA,NA,NA,NA,NA,NA,NA,NA,NA,NA,NA,NA,NA,NA,NA,NA,NA,NA,NA,26.9681303116147,13.7885822331377,1.22209631728045,0.424264068711929,0,0,1.98101983002833,1.5556349186104,NA,NA,2016,1995-03-21,"Q","Knee",2021,0
"Henry Anderson","NE","DL","12288","weighted",NA,NA,NA,NA,NA,NA,NA,NA,NA,NA,NA,NA,NA,NA,NA,NA,NA,NA,NA,NA,NA,NA,NA,NA,NA,NA,NA,NA,NA,NA,NA,NA,NA,NA,NA,NA,NA,NA,NA,NA,NA,NA,NA,NA,29.4654390934844,8.34386001800126,3.94419263456091,0.848528137423857,0,0,2.39787535410765,0.919238815542512,NA,NA,2015,1991-08-03,NA,NA,NA,NA
"Randy Gregory","DAL","DL","12215","weighted",NA,NA,NA,NA,NA,NA,NA,NA,NA,NA,NA,NA,NA,NA,NA,NA,NA,NA,NA,NA,NA,NA,NA,NA,NA,NA,NA,NA,NA,NA,NA,NA,NA,NA,NA,NA,NA,NA,NA,NA,NA,NA,NA,NA,28.3454674220963,9.68736290225571,5.85155807365439,0.989949493661167,0,0,1.69475920679887,1.06066017177982,NA,NA,2015,1992-11-23,"Q","Foot",2021,0
"Linval Joseph","LAC","DL","9904","weighted",NA,NA,NA,NA,NA,NA,NA,NA,NA,NA,NA,NA,NA,NA,NA,NA,NA,NA,NA,NA,NA,NA,NA,NA,NA,NA,NA,NA,NA,NA,NA,NA,NA,NA,NA,NA,NA,NA,NA,NA,NA,NA,NA,NA,32.9620396600567,3.11126983722081,1.52733711048159,1.48492424049175,0,0,0.277903682719547,0.424264068711929,NA,NA,2010,1988-10-10,NA,NA,NA,NA
"Grady Jarrett","ATL","DL","12305","weighted",NA,NA,NA,NA,NA,NA,NA,NA,NA,NA,NA,NA,NA,NA,NA,NA,NA,NA,NA,NA,NA,NA,NA,NA,NA,NA,NA,NA,NA,NA,NA,NA,NA,NA,NA,NA,NA,NA,NA,NA,NA,NA,NA,NA,32.7304532577904,3.46482322781408,5.38838526912181,1.69705627484771,0,0,0.138951841359773,0.212132034355964,NA,NA,2015,1993-04-28,NA,NA,NA,NA
"Josh Allen","JAC","DL","14167","weighted",NA,NA,NA,NA,NA,NA,NA,NA,NA,NA,NA,NA,NA,NA,NA,NA,NA,NA,NA,NA,NA,NA,NA,NA,NA,NA,NA,NA,NA,NA,NA,NA,NA,NA,NA,NA,NA,NA,NA,NA,NA,NA,NA,NA,33.2862606232295,2.61629509039023,9.99050991501417,0.777817459305202,0,0,1.72209631728045,0.424264068711929,NA,NA,2019,1997-07-13,NA,NA,NA,NA
"Jeffery Simmons","TEN","DL","14163","weighted",NA,NA,NA,NA,NA,NA,NA,NA,NA,NA,NA,NA,NA,NA,NA,NA,NA,NA,NA,NA,NA,NA,NA,NA,NA,NA,NA,NA,NA,NA,NA,NA,NA,NA,NA,NA,NA,NA,NA,NA,NA,NA,NA,NA,32.2672804532578,4.17193000900063,4.76728045325779,4.17193000900063,0,0,4.50949008498584,0.777817459305202,NA,NA,2019,1997-07-28,NA,NA,NA,NA
"Lawrence Guy","NE","DL","10457","weighted",NA,NA,NA,NA,NA,NA,NA,NA,NA,NA,NA,NA,NA,NA,NA,NA,NA,NA,NA,NA,NA,NA,NA,NA,NA,NA,NA,NA,NA,NA,NA,NA,NA,NA,NA,NA,NA,NA,NA,NA,NA,NA,NA,NA,32.1305949008499,3.25269119345812,3.60212464589235,0.919238815542512,0,0,0.675779036827196,0.494974746830583,NA,NA,2011,1990-03-17,NA,NA,NA,NA
"Quinnen Williams","NYJ","DL","14157","weighted",NA,NA,NA,NA,NA,NA,NA,NA,NA,NA,NA,NA,NA,NA,NA,NA,NA,NA,NA,NA,NA,NA,NA,NA,NA,NA,NA,NA,NA,NA,NA,NA,NA,NA,NA,NA,NA,NA,NA,NA,NA,NA,NA,NA,32.0842776203966,3.18198051533946,7.71260623229462,1.20208152801713,0,0,3.21260623229462,1.20208152801713,NA,NA,2019,1997-12-21,"Q","Foot",2021,0
"Dante Fowler","ATL","DL","12217","weighted",NA,NA,NA,NA,NA,NA,NA,NA,NA,NA,NA,NA,NA,NA,NA,NA,NA,NA,NA,NA,NA,NA,NA,NA,NA,NA,NA,NA,NA,NA,NA,NA,NA,NA,NA,NA,NA,NA,NA,NA,NA,NA,NA,NA,29.2611898016997,6.50538238691624,6.45368271954674,0.0707106781186545,0,0,2.27790368271955,0.424264068711929,NA,NA,NA,1994-08-03,NA,NA,NA,NA
"Da'Ron Payne","WAS","DL","13723","weighted",NA,NA,NA,NA,NA,NA,NA,NA,NA,NA,NA,NA,NA,NA,NA,NA,NA,NA,NA,NA,NA,NA,NA,NA,NA,NA,NA,NA,NA,NA,NA,NA,NA,NA,NA,NA,NA,NA,NA,NA,NA,NA,NA,NA,31.3895184135977,2.12132034355964,6.93583569405099,2.1920310216783,0.555807365439094,0.848528137423857,2.83371104815864,1.27279220613579,NA,NA,2018,1997-05-27,NA,NA,NA,NA
"Dexter Lawrence","NYG","DL","14159","weighted",NA,NA,NA,NA,NA,NA,NA,NA,NA,NA,NA,NA,NA,NA,NA,NA,NA,NA,NA,NA,NA,NA,NA,NA,NA,NA,NA,NA,NA,NA,NA,NA,NA,NA,NA,NA,NA,NA,NA,NA,NA,NA,NA,NA,30.8230878186969,3.32340187157677,4.43470254957507,1.62634559672906,0,0,1.95368271954674,0.0707106781186548,NA,NA,2019,1997-11-12,NA,NA,NA,NA
"Maxx Crosby","LVR","DL","14225","weighted",NA,NA,NA,NA,NA,NA,NA,NA,NA,NA,NA,NA,NA,NA,NA,NA,NA,NA,NA,NA,NA,NA,NA,NA,NA,NA,NA,NA,NA,NA,NA,NA,NA,NA,NA,NA,NA,NA,NA,NA,NA,NA,NA,NA,29.2946175637394,5.65685424949238,8.02733711048159,1.48492424049175,0,0,2.07365439093484,1.4142135623731,NA,NA,2019,1997-08-22,NA,NA,NA,NA
"Montez Sweat","WAS","DL","14148","weighted",NA,NA,NA,NA,NA,NA,NA,NA,NA,NA,NA,NA,NA,NA,NA,NA,NA,NA,NA,NA,NA,NA,NA,NA,NA,NA,NA,NA,NA,NA,NA,NA,NA,NA,NA,NA,NA,NA,NA,NA,NA,NA,NA,NA,32.3052407932011,1.06066017177982,9.77790368271955,0.424264068711928,0.277903682719547,0.424264068711929,6.04631728045326,0.0707106781186545,NA,NA,2019,1996-09-04,"Q","Illness",2021,0
"Christian Wilkins","MIA","DL","14162","weighted",NA,NA,NA,NA,NA,NA,NA,NA,NA,NA,NA,NA,NA,NA,NA,NA,NA,NA,NA,NA,NA,NA,NA,NA,NA,NA,NA,NA,NA,NA,NA,NA,NA,NA,NA,NA,NA,NA,NA,NA,NA,NA,NA,NA,32.3052407932011,1.06066017177982,2.36104815864023,0.212132034355964,0.907365439093485,0.14142135623731,3.6757790368272,0.494974746830583,NA,NA,2019,1970-01-01,NA,NA,NA,NA
"Shelby Harris","DEN","DL","11872","weighted",NA,NA,NA,NA,NA,NA,NA,NA,NA,NA,NA,NA,NA,NA,NA,NA,NA,NA,NA,NA,NA,NA,NA,NA,NA,NA,NA,NA,NA,NA,NA,NA,NA,NA,NA,NA,NA,NA,NA,NA,NA,NA,NA,NA,31.2042492917847,1.83847763108503,7.49164305949009,3.04055915910216,0.536827195467422,0.707106781186548,8.74107648725213,1.13137084989848,NA,NA,2014,1991-08-11,NA,NA,NA,NA
"Derek Barnett","PHI","DL","13201","weighted",NA,NA,NA,NA,NA,NA,NA,NA,NA,NA,NA,NA,NA,NA,NA,NA,NA,NA,NA,NA,NA,NA,NA,NA,NA,NA,NA,NA,NA,NA,NA,NA,NA,NA,NA,NA,NA,NA,NA,NA,NA,NA,NA,NA,29.0106232294618,4.59619407771256,6.73158640226629,0.353553390593274,0,0,0.138951841359773,0.212132034355964,NA,NA,2017,1996-06-25,"Q","Shoulder",2021,0
"Larry Ogunjobi","CIN","DL","13265","weighted",NA,NA,NA,NA,NA,NA,NA,NA,NA,NA,NA,NA,NA,NA,NA,NA,NA,NA,NA,NA,NA,NA,NA,NA,NA,NA,NA,NA,NA,NA,NA,NA,NA,NA,NA,NA,NA,NA,NA,NA,NA,NA,NA,NA,27.9240793201133,6.22253967444162,4.64730878186969,2.82842712474619,0,0,1.39787535410765,0.919238815542512,NA,NA,2017,1994-06-03,NA,NA,NA,NA
"Ndamukong Suh","TB","DL","9815","weighted",NA,NA,NA,NA,NA,NA,NA,NA,NA,NA,NA,NA,NA,NA,NA,NA,NA,NA,NA,NA,NA,NA,NA,NA,NA,NA,NA,NA,NA,NA,NA,NA,NA,NA,NA,NA,NA,NA,NA,NA,NA,NA,NA,NA,28.1009915014164,2.89913780286485,4.93470254957507,1.62634559672906,0,0,2.72209631728045,0.424264068711929,NA,NA,2010,1987-01-06,NA,"Illness",2021,0
"Malik Jackson","CLE","DL","10846","weighted",NA,NA,NA,NA,NA,NA,NA,NA,NA,NA,NA,NA,NA,NA,NA,NA,NA,NA,NA,NA,NA,NA,NA,NA,NA,NA,NA,NA,NA,NA,NA,NA,NA,NA,NA,NA,NA,NA,NA,NA,NA,NA,NA,NA,26.1556657223796,5.86898628384835,3.80524079320113,1.06066017177982,0,0,3.18526912181303,0.282842712474619,NA,NA,2012,1990-01-11,NA,NA,NA,NA
"Michael Brockers","DET","DL","10763","weighted",NA,NA,NA,NA,NA,NA,NA,NA,NA,NA,NA,NA,NA,NA,NA,NA,NA,NA,NA,NA,NA,NA,NA,NA,NA,NA,NA,NA,NA,NA,NA,NA,NA,NA,NA,NA,NA,NA,NA,NA,NA,NA,NA,NA,26.2946175637394,5.65685424949238,3.85155807365439,0.989949493661167,0,0,1.81473087818697,0.282842712474619,NA,NA,2012,1990-12-21,"Q","Undisclosed",2021,0
"Fletcher Cox","PHI","DL","10762","weighted",NA,NA,NA,NA,NA,NA,NA,NA,NA,NA,NA,NA,NA,NA,NA,NA,NA,NA,NA,NA,NA,NA,NA,NA,NA,NA,NA,NA,NA,NA,NA,NA,NA,NA,NA,NA,NA,NA,NA,NA,NA,NA,NA,NA,29.5368271954674,0.707106781186548,6.38838526912181,1.69705627484771,0,0,1.53682719546742,0.707106781186548,NA,NA,2012,1990-12-13,"Q","Groin",2021,0
"Johnathan Hankins","LVR","DL","11281","weighted",NA,NA,NA,NA,NA,NA,NA,NA,NA,NA,NA,NA,NA,NA,NA,NA,NA,NA,NA,NA,NA,NA,NA,NA,NA,NA,NA,NA,NA,NA,NA,NA,NA,NA,NA,NA,NA,NA,NA,NA,NA,NA,NA,NA,27.313597733711,4.10121933088198,1.71260623229462,1.20208152801713,0,0,1.21260623229462,1.20208152801713,NA,NA,2013,1992-01-01,NA,NA,NA,NA
"Zach Allen","ARI","DL","14153","weighted",NA,NA,NA,NA,NA,NA,NA,NA,NA,NA,NA,NA,NA,NA,NA,NA,NA,NA,NA,NA,NA,NA,NA,NA,NA,NA,NA,NA,NA,NA,NA,NA,NA,NA,NA,NA,NA,NA,NA,NA,NA,NA,NA,NA,24.8124645892351,7.91959594928933,2.43470254957507,1.62634559672906,0,0,2.58314447592068,0.636396103067893,NA,NA,2019,1997-08-20,NA,NA,NA,NA
"Ed Oliver","BUF","DL","14158","weighted",NA,NA,NA,NA,NA,NA,NA,NA,NA,NA,NA,NA,NA,NA,NA,NA,NA,NA,NA,NA,NA,NA,NA,NA,NA,NA,NA,NA,NA,NA,NA,NA,NA,NA,NA,NA,NA,NA,NA,NA,NA,NA,NA,NA,28.7873937677054,1.20208152801713,4.71260623229462,1.20208152801713,0.00926345609065156,0.014142135623731,2.76841359773371,0.353553390593274,NA,NA,2019,1997-12-12,NA,NA,NA,NA
"Zach Sieler","MIA","DL","13839","weighted",NA,NA,NA,NA,NA,NA,NA,NA,NA,NA,NA,NA,NA,NA,NA,NA,NA,NA,NA,NA,NA,NA,NA,NA,NA,NA,NA,NA,NA,NA,NA,NA,NA,NA,NA,NA,NA,NA,NA,NA,NA,NA,NA,NA,28.7410764872521,1.13137084989848,3.80524079320113,1.06066017177982,0,0,1.07365439093484,1.4142135623731,NA,NA,2018,1995-09-07,NA,NA,NA,NA
"Jerry Tillery","LAC","DL","14161","weighted",NA,NA,NA,NA,NA,NA,NA,NA,NA,NA,NA,NA,NA,NA,NA,NA,NA,NA,NA,NA,NA,NA,NA,NA,NA,NA,NA,NA,NA,NA,NA,NA,NA,NA,NA,NA,NA,NA,NA,NA,NA,NA,NA,NA,24.4001416430595,6.7175144212722,2.85155807365439,0.989949493661167,0,0,2.13895184135977,0.212132034355964,NA,NA,2019,1996-10-08,NA,NA,NA,NA
"Mario Addison","BUF","DL","10554","weighted",NA,NA,NA,NA,NA,NA,NA,NA,NA,NA,NA,NA,NA,NA,NA,NA,NA,NA,NA,NA,NA,NA,NA,NA,NA,NA,NA,NA,NA,NA,NA,NA,NA,NA,NA,NA,NA,NA,NA,NA,NA,NA,NA,NA,24.7516997167139,5.72756492761104,5.96317280453258,0.707106781186548,0,0,2.44419263456091,0.848528137423857,NA,NA,2011,1987-09-06,NA,NA,NA,NA
"Derek Wolfe","BAL","DL","10806","weighted",NA,NA,NA,NA,NA,NA,NA,NA,NA,NA,NA,NA,NA,NA,NA,NA,NA,NA,NA,NA,NA,NA,NA,NA,NA,NA,NA,NA,NA,NA,NA,NA,NA,NA,NA,NA,NA,NA,NA,NA,NA,NA,NA,NA,25.2019830028329,5.79827560572969,3.20311614730878,1.97989898732233,0,0,3.16628895184136,1.27279220613579,NA,NA,2012,1990-02-24,NA,NA,NA,NA
"Derrick Nnadi","KC","DL","13745","weighted",NA,NA,NA,NA,NA,NA,NA,NA,NA,NA,NA,NA,NA,NA,NA,NA,NA,NA,NA,NA,NA,NA,NA,NA,NA,NA,NA,NA,NA,NA,NA,NA,NA,NA,NA,NA,NA,NA,NA,NA,NA,NA,NA,NA,26.7304532577904,3.46482322781408,0.0926345609065156,0.14142135623731,0,0,0.509490084985836,0.777817459305203,NA,NA,2018,1996-05-09,"Q","Hip",2021,0
"Carlos Dunlap","SEA","DL","9825","weighted",NA,NA,NA,NA,NA,NA,NA,NA,NA,NA,NA,NA,NA,NA,NA,NA,NA,NA,NA,NA,NA,NA,NA,NA,NA,NA,NA,NA,NA,NA,NA,NA,NA,NA,NA,NA,NA,NA,NA,NA,NA,NA,NA,NA,25.2209631728045,4.24264068711929,7.48101983002833,1.55563491861041,0.536827195467422,0.707106781186548,5.92634560906516,1.4142135623731,NA,NA,2010,1989-02-28,NA,NA,NA,NA
"Kerry Hyder","SEA","DL","12987","weighted",NA,NA,NA,NA,NA,NA,NA,NA,NA,NA,NA,NA,NA,NA,NA,NA,NA,NA,NA,NA,NA,NA,NA,NA,NA,NA,NA,NA,NA,NA,NA,NA,NA,NA,NA,NA,NA,NA,NA,NA,NA,NA,NA,NA,25.7304532577904,3.46482322781408,5.7399433427762,2.68700576850888,0,0,1.35155807365439,0.989949493661167,NA,NA,NA,NA,NA,NA,NA,NA
"Danny Shelton","NYG","DL","12226","weighted",NA,NA,NA,NA,NA,NA,NA,NA,NA,NA,NA,NA,NA,NA,NA,NA,NA,NA,NA,NA,NA,NA,NA,NA,NA,NA,NA,NA,NA,NA,NA,NA,NA,NA,NA,NA,NA,NA,NA,NA,NA,NA,NA,NA,23.0903682719547,7.49533188057741,1.61048158640227,2.12132034355964,0,0,1.23158640226629,0.353553390593274,NA,NA,2015,1993-08-20,NA,NA,NA,NA
"Tyeler Davison","ATL","DL","12316","weighted",NA,NA,NA,NA,NA,NA,NA,NA,NA,NA,NA,NA,NA,NA,NA,NA,NA,NA,NA,NA,NA,NA,NA,NA,NA,NA,NA,NA,NA,NA,NA,NA,NA,NA,NA,NA,NA,NA,NA,NA,NA,NA,NA,NA,21.6545325779037,9.6873629022557,2.26841359773371,0.353553390593274,0,0,1.6757790368272,0.494974746830583,NA,NA,2015,1992-09-23,NA,NA,NA,NA
"Brandon Williams","BAL","DL","11360","weighted",NA,NA,NA,NA,NA,NA,NA,NA,NA,NA,NA,NA,NA,NA,NA,NA,NA,NA,NA,NA,NA,NA,NA,NA,NA,NA,NA,NA,NA,NA,NA,NA,NA,NA,NA,NA,NA,NA,NA,NA,NA,NA,NA,NA,25.6104815864023,2.12132034355964,0.897875354107649,0.919238815542512,0,0,2.27790368271955,0.424264068711929,NA,NA,2013,1989-02-21,NA,NA,NA,NA
"Emmanuel Ogbah","MIA","DL","12691","weighted",NA,NA,NA,NA,NA,NA,NA,NA,NA,NA,NA,NA,NA,NA,NA,NA,NA,NA,NA,NA,NA,NA,NA,NA,NA,NA,NA,NA,NA,NA,NA,NA,NA,NA,NA,NA,NA,NA,NA,NA,NA,NA,NA,NA,26.3978753541077,0.919238815542513,8.68526912181303,0.282842712474619,0,0,4.95368271954674,0.0707106781186545,NA,NA,2016,1993-11-06,NA,NA,NA,NA
"Poona Ford","SEA","DL","13933","weighted",NA,NA,NA,NA,NA,NA,NA,NA,NA,NA,NA,NA,NA,NA,NA,NA,NA,NA,NA,NA,NA,NA,NA,NA,NA,NA,NA,NA,NA,NA,NA,NA,NA,NA,NA,NA,NA,NA,NA,NA,NA,NA,NA,NA,26.1662889518414,1.27279220613579,1.85155807365439,0.989949493661167,0,0,0.138951841359773,0.212132034355964,NA,NA,2018,1995-11-19,NA,NA,NA,NA
"Dee Ford","SF","DL","11711","weighted",NA,NA,NA,NA,NA,NA,NA,NA,NA,NA,NA,NA,NA,NA,NA,NA,NA,NA,NA,NA,NA,NA,NA,NA,NA,NA,NA,NA,NA,NA,NA,NA,NA,NA,NA,NA,NA,NA,NA,NA,NA,NA,NA,NA,24.2232294617564,3.39411254969543,6.57365439093484,1.4142135623731,0,0,1.76841359773371,0.353553390593274,NA,NA,2014,1991-03-19,NA,NA,NA,NA
"Jerry Hughes","BUF","DL","9853","weighted",NA,NA,NA,NA,NA,NA,NA,NA,NA,NA,NA,NA,NA,NA,NA,NA,NA,NA,NA,NA,NA,NA,NA,NA,NA,NA,NA,NA,NA,NA,NA,NA,NA,NA,NA,NA,NA,NA,NA,NA,NA,NA,NA,NA,24.4821529745042,2.26274169979695,6.79688385269122,1.97989898732233,0.0463172804532578,0.0707106781186548,1.65679886685552,2.05060966544099,NA,NA,2010,1988-08-13,NA,NA,NA,NA
"Javon Hargrave","PHI","DL","12764","weighted",NA,NA,NA,NA,NA,NA,NA,NA,NA,NA,NA,NA,NA,NA,NA,NA,NA,NA,NA,NA,NA,NA,NA,NA,NA,NA,NA,NA,NA,NA,NA,NA,NA,NA,NA,NA,NA,NA,NA,NA,NA,NA,NA,NA,25.2589235127479,1.13137084989848,4.85155807365439,0.989949493661167,0,0,1.04631728045326,0.0707106781186548,NA,NA,2016,1993-02-07,"Q","Ankle",2021,0
"Dalvin Tomlinson","MIN","DL","13260","weighted",NA,NA,NA,NA,NA,NA,NA,NA,NA,NA,NA,NA,NA,NA,NA,NA,NA,NA,NA,NA,NA,NA,NA,NA,NA,NA,NA,NA,NA,NA,NA,NA,NA,NA,NA,NA,NA,NA,NA,NA,NA,NA,NA,NA,22.943059490085,4.66690475583122,2.80524079320113,1.06066017177982,0,0,2,0,NA,NA,2017,1994-02-18,NA,NA,NA,NA
"William Gholston","TB","DL","11265","weighted",NA,NA,NA,NA,NA,NA,NA,NA,NA,NA,NA,NA,NA,NA,NA,NA,NA,NA,NA,NA,NA,NA,NA,NA,NA,NA,NA,NA,NA,NA,NA,NA,NA,NA,NA,NA,NA,NA,NA,NA,NA,NA,NA,NA,24.7684135977337,0.353553390593274,3,6.29747486878266e-16,0,0,1.90736543909348,0.14142135623731,NA,NA,2013,1991-07-31,NA,NA,NA,NA
"Mike Purcell","DEN","DL","12126","weighted",NA,NA,NA,NA,NA,NA,NA,NA,NA,NA,NA,NA,NA,NA,NA,NA,NA,NA,NA,NA,NA,NA,NA,NA,NA,NA,NA,NA,NA,NA,NA,NA,NA,NA,NA,NA,NA,NA,NA,NA,NA,NA,NA,NA,24.9536827195467,0.0707106781186558,2.00949008498584,0.777817459305203,0,0,0.602124645892351,0.919238815542512,NA,NA,NA,NA,NA,NA,NA,NA
"Sheldon Rankins","NYJ","DL","12735","weighted",NA,NA,NA,NA,NA,NA,NA,NA,NA,NA,NA,NA,NA,NA,NA,NA,NA,NA,NA,NA,NA,NA,NA,NA,NA,NA,NA,NA,NA,NA,NA,NA,NA,NA,NA,NA,NA,NA,NA,NA,NA,NA,NA,NA,21.757790368272,4.94974746830583,3.43470254957507,1.62634559672906,0,0,1.62946175637394,0.565685424949238,NA,NA,2016,1994-04-02,NA,NA,NA,NA
"Shaq Lawson","NYJ","DL","12687","weighted",NA,NA,NA,NA,NA,NA,NA,NA,NA,NA,NA,NA,NA,NA,NA,NA,NA,NA,NA,NA,NA,NA,NA,NA,NA,NA,NA,NA,NA,NA,NA,NA,NA,NA,NA,NA,NA,NA,NA,NA,NA,NA,NA,NA,15.2270538243626,14.9199530830362,3.23045325779037,3.46482322781408,0,0,2.17973087818697,2.77892965006313,NA,NA,2016,1994-06-17,NA,NA,NA,NA
"Dean Lowry","GB","DL","12791","weighted",NA,NA,NA,NA,NA,NA,NA,NA,NA,NA,NA,NA,NA,NA,NA,NA,NA,NA,NA,NA,NA,NA,NA,NA,NA,NA,NA,NA,NA,NA,NA,NA,NA,NA,NA,NA,NA,NA,NA,NA,NA,NA,NA,NA,21.8967422096317,4.73761543394987,2.35155807365439,0.989949493661167,0.231586402266289,0.353553390593274,2.62946175637394,0.565685424949238,NA,NA,2016,NA,NA,NA,NA,NA
"D.J. Reader","CIN","DL","12802","weighted",NA,NA,NA,NA,NA,NA,NA,NA,NA,NA,NA,NA,NA,NA,NA,NA,NA,NA,NA,NA,NA,NA,NA,NA,NA,NA,NA,NA,NA,NA,NA,NA,NA,NA,NA,NA,NA,NA,NA,NA,NA,NA,NA,NA,22.4988668555241,3.81837661840736,1.48101983002833,1.5556349186104,0,0,2.2042492917847,1.83847763108502,NA,NA,2016,1994-07-01,NA,NA,NA,NA
"Josh Sweat","PHI","DL","13690","weighted",NA,NA,NA,NA,NA,NA,NA,NA,NA,NA,NA,NA,NA,NA,NA,NA,NA,NA,NA,NA,NA,NA,NA,NA,NA,NA,NA,NA,NA,NA,NA,NA,NA,NA,NA,NA,NA,NA,NA,NA,NA,NA,NA,NA,24.8610481586402,0.212132034355965,6.90736543909348,0.14142135623731,0,0,1.86104815864023,0.212132034355964,NA,NA,2018,1997-03-29,NA,NA,NA,NA
"Tyson Alualu","PIT","DL","9875","weighted",NA,NA,NA,NA,NA,NA,NA,NA,NA,NA,NA,NA,NA,NA,NA,NA,NA,NA,NA,NA,NA,NA,NA,NA,NA,NA,NA,NA,NA,NA,NA,NA,NA,NA,NA,NA,NA,NA,NA,NA,NA,NA,NA,NA,24.2315864022663,0.353553390593274,2,0,0,0,2.95368271954674,0.0707106781186548,NA,NA,2010,1987-05-12,NA,NA,NA,NA
"Al-Quadin Muhammad","IND","DL","13330","weighted",NA,NA,NA,NA,NA,NA,NA,NA,NA,NA,NA,NA,NA,NA,NA,NA,NA,NA,NA,NA,NA,NA,NA,NA,NA,NA,NA,NA,NA,NA,NA,NA,NA,NA,NA,NA,NA,NA,NA,NA,NA,NA,NA,NA,21.1746458923513,4.31335136523794,1.99050991501416,0.777817459305203,0,0,0.536827195467422,0.707106781186548,NA,NA,2017,1995-03-28,NA,NA,NA,NA
"Clelin Ferrell","LVR","DL","14151","weighted",NA,NA,NA,NA,NA,NA,NA,NA,NA,NA,NA,NA,NA,NA,NA,NA,NA,NA,NA,NA,NA,NA,NA,NA,NA,NA,NA,NA,NA,NA,NA,NA,NA,NA,NA,NA,NA,NA,NA,NA,NA,NA,NA,NA,20.943059490085,4.66690475583122,2.92521246458924,2.40416305603426,0,0,2.51784702549575,2.26274169979695,NA,NA,2019,1970-01-01,"Q","Undisclosed",2021,0
"Matt Ioannidis","WAS","DL","12797","weighted",NA,NA,NA,NA,NA,NA,NA,NA,NA,NA,NA,NA,NA,NA,NA,NA,NA,NA,NA,NA,NA,NA,NA,NA,NA,NA,NA,NA,NA,NA,NA,NA,NA,NA,NA,NA,NA,NA,NA,NA,NA,NA,NA,NA,21.5284702549575,2.33345237791561,5.54631728045326,0.0707106781186545,0,0,1.81473087818697,0.282842712474619,NA,NA,2016,1994-01-11,NA,NA,NA,NA
"David Onyemata","NO","DL","12782","weighted",NA,NA,NA,NA,NA,NA,NA,NA,NA,NA,NA,NA,NA,NA,NA,NA,NA,NA,NA,NA,NA,NA,NA,NA,NA,NA,NA,NA,NA,NA,NA,NA,NA,NA,NA,NA,NA,NA,NA,NA,NA,NA,NA,NA,21.7873937677054,1.20208152801713,4.81473087818697,0.282842712474619,0.741076487252125,1.13137084989848,2.18526912181303,0.282842712474619,NA,NA,2016,1992-11-13,"S","Suspension",2021,0
"Jordan Phillips","ARI","DL","12229","weighted",NA,NA,NA,NA,NA,NA,NA,NA,NA,NA,NA,NA,NA,NA,NA,NA,NA,NA,NA,NA,NA,NA,NA,NA,NA,NA,NA,NA,NA,NA,NA,NA,NA,NA,NA,NA,NA,NA,NA,NA,NA,NA,NA,NA,17.7516997167139,5.72756492761104,4.45368271954674,0.0707106781186545,0,0,1.37053824362606,0.565685424949238,NA,NA,2015,1992-09-21,NA,NA,NA,NA
"Dawuane Smoot","JAC","DL","13267","weighted",NA,NA,NA,NA,NA,NA,NA,NA,NA,NA,NA,NA,NA,NA,NA,NA,NA,NA,NA,NA,NA,NA,NA,NA,NA,NA,NA,NA,NA,NA,NA,NA,NA,NA,NA,NA,NA,NA,NA,NA,NA,NA,NA,NA,20.7957507082153,1.83847763108503,4.94419263456091,0.848528137423857,0,0,0,0,NA,NA,2017,1995-03-02,NA,NA,NA,NA
"Tanoh Kpassagnon","NO","DL","13262","weighted",NA,NA,NA,NA,NA,NA,NA,NA,NA,NA,NA,NA,NA,NA,NA,NA,NA,NA,NA,NA,NA,NA,NA,NA,NA,NA,NA,NA,NA,NA,NA,NA,NA,NA,NA,NA,NA,NA,NA,NA,NA,NA,NA,NA,20.8420679886686,1.76776695296637,2.25892351274788,1.13137084989848,0,0,2.23158640226629,0.353553390593274,NA,NA,2017,1994-06-14,NA,NA,NA,NA
"Justin Jones","LAC","DL","13748","weighted",NA,NA,NA,NA,NA,NA,NA,NA,NA,NA,NA,NA,NA,NA,NA,NA,NA,NA,NA,NA,NA,NA,NA,NA,NA,NA,NA,NA,NA,NA,NA,NA,NA,NA,NA,NA,NA,NA,NA,NA,NA,NA,NA,NA,20.4252124645892,2.40416305603426,1.26841359773371,0.353553390593274,0,0,0.768413597733711,0.353553390593274,NA,NA,2018,1995-08-17,NA,NA,NA,NA
"Bilal Nichols","CHI","DL","13777","weighted",NA,NA,NA,NA,NA,NA,NA,NA,NA,NA,NA,NA,NA,NA,NA,NA,NA,NA,NA,NA,NA,NA,NA,NA,NA,NA,NA,NA,NA,NA,NA,NA,NA,NA,NA,NA,NA,NA,NA,NA,NA,NA,NA,NA,19.8230878186969,3.32340187157677,5.52733711048159,1.48492424049175,0.0463172804532578,0.0707106781186548,2.81473087818697,0.282842712474619,NA,NA,2018,1996-09-14,"Q","Toe",2021,0
"Vita Vea","TB","DL","13692","weighted",NA,NA,NA,NA,NA,NA,NA,NA,NA,NA,NA,NA,NA,NA,NA,NA,NA,NA,NA,NA,NA,NA,NA,NA,NA,NA,NA,NA,NA,NA,NA,NA,NA,NA,NA,NA,NA,NA,NA,NA,NA,NA,NA,NA,20.8420679886686,1.76776695296637,2.63895184135977,0.212132034355964,0,0,1.72209631728045,0.424264068711929,NA,NA,2018,1995-02-05,NA,NA,NA,NA
"Dorance Armstrong","DAL","DL","13759","weighted",NA,NA,NA,NA,NA,NA,NA,NA,NA,NA,NA,NA,NA,NA,NA,NA,NA,NA,NA,NA,NA,NA,NA,NA,NA,NA,NA,NA,NA,NA,NA,NA,NA,NA,NA,NA,NA,NA,NA,NA,NA,NA,NA,NA,20.564164305949,2.1920310216783,0.805240793201133,1.06066017177982,0,0,2.13895184135977,0.212132034355964,NA,NA,2018,1997-06-10,NA,NA,NA,NA
"Marcus Davenport","NO","DL","13688","weighted",NA,NA,NA,NA,NA,NA,NA,NA,NA,NA,NA,NA,NA,NA,NA,NA,NA,NA,NA,NA,NA,NA,NA,NA,NA,NA,NA,NA,NA,NA,NA,NA,NA,NA,NA,NA,NA,NA,NA,NA,NA,NA,NA,NA,21.9536827195467,0.0707106781186558,6.57365439093484,1.4142135623731,0,0,2.72209631728045,0.424264068711929,NA,NA,2018,1996-09-04,NA,NA,NA,NA
"Roy Robertson-Harris","JAC","DL","13434","weighted",NA,NA,NA,NA,NA,NA,NA,NA,NA,NA,NA,NA,NA,NA,NA,NA,NA,NA,NA,NA,NA,NA,NA,NA,NA,NA,NA,NA,NA,NA,NA,NA,NA,NA,NA,NA,NA,NA,NA,NA,NA,NA,NA,NA,16.1366855524079,7.42462120245875,1.87889518413598,2.47487373415292,0,0,1.07365439093484,1.4142135623731,NA,NA,2016,1993-07-23,NA,NA,NA,NA
"Takkarist McKinley","CLE","DL","13205","weighted",NA,NA,NA,NA,NA,NA,NA,NA,NA,NA,NA,NA,NA,NA,NA,NA,NA,NA,NA,NA,NA,NA,NA,NA,NA,NA,NA,NA,NA,NA,NA,NA,NA,NA,NA,NA,NA,NA,NA,NA,NA,NA,NA,NA,10.7828611898017,14.0714249456123,3.22096317280453,4.24264068711929,0,0,0.536827195467422,0.707106781186548,NA,NA,2017,1995-11-02,NA,NA,NA,NA
"Taven Bryan","JAC","DL","13695","weighted",NA,NA,NA,NA,NA,NA,NA,NA,NA,NA,NA,NA,NA,NA,NA,NA,NA,NA,NA,NA,NA,NA,NA,NA,NA,NA,NA,NA,NA,NA,NA,NA,NA,NA,NA,NA,NA,NA,NA,NA,NA,NA,NA,NA,14.9977337110482,7.63675323681472,1.38838526912181,1.69705627484771,0,0,0,0,NA,NA,2018,NA,NA,NA,NA,NA
"Stephen Weatherly","MIN","DL","12841","weighted",NA,NA,NA,NA,NA,NA,NA,NA,NA,NA,NA,NA,NA,NA,NA,NA,NA,NA,NA,NA,NA,NA,NA,NA,NA,NA,NA,NA,NA,NA,NA,NA,NA,NA,NA,NA,NA,NA,NA,NA,NA,NA,NA,NA,16.2399433427762,2.68700576850888,2.20311614730878,1.97989898732233,0,0,0.536827195467422,0.707106781186548,NA,NA,2016,1994-03-19,NA,NA,NA,NA
"Maliek Collins","HOU","DL","12754","weighted",NA,NA,NA,NA,NA,NA,NA,NA,NA,NA,NA,NA,NA,NA,NA,NA,NA,NA,NA,NA,NA,NA,NA,NA,NA,NA,NA,NA,NA,NA,NA,NA,NA,NA,NA,NA,NA,NA,NA,NA,NA,NA,NA,NA,14.6294617563739,0.565685424949239,1.87889518413598,2.47487373415292,0,0,0,0,NA,NA,2016,1995-04-08,NA,NA,NA,NA
"Kingsley Keke","GB","DL","14248","weighted",NA,NA,NA,NA,NA,NA,NA,NA,NA,NA,NA,NA,NA,NA,NA,NA,NA,NA,NA,NA,NA,NA,NA,NA,NA,NA,NA,NA,NA,NA,NA,NA,NA,NA,NA,NA,NA,NA,NA,NA,NA,NA,NA,NA,14.5831444759207,0.636396103067893,3.42521246458924,2.40416305603426,0.138951841359773,0.212132034355964,1.6757790368272,0.494974746830583,NA,NA,2019,1970-01-01,NA,NA,NA,NA
"Charles Omenihu","HOU","DL","14254","weighted",NA,NA,NA,NA,NA,NA,NA,NA,NA,NA,NA,NA,NA,NA,NA,NA,NA,NA,NA,NA,NA,NA,NA,NA,NA,NA,NA,NA,NA,NA,NA,NA,NA,NA,NA,NA,NA,NA,NA,NA,NA,NA,NA,NA,12.7304532577904,3.46482322781408,4.98101983002833,1.55563491861041,0,0,2.72209631728045,0.424264068711929,NA,NA,2019,1997-08-20,NA,NA,NA,NA
"Zach Cunningham","HOU","LB","13216","weighted",NA,NA,NA,NA,NA,NA,NA,NA,NA,NA,NA,NA,NA,NA,NA,NA,NA,NA,NA,NA,NA,NA,NA,NA,NA,NA,NA,NA,NA,NA,NA,NA,NA,NA,NA,NA,NA,NA,NA,NA,NA,NA,NA,NA,121.085252918288,32.9326547932707,2.44431906614786,0.407763165990762,0.512762645914397,0.508702526323407,3.03229571984436,0.149273407582794,NA,NA,2017,1994-12-12,NA,NA,NA,NA
"Jaylon Smith","DAL","LB","12701","weighted",NA,NA,NA,NA,NA,NA,NA,NA,NA,NA,NA,NA,NA,NA,NA,NA,NA,NA,NA,NA,NA,NA,NA,NA,NA,NA,NA,NA,NA,NA,NA,NA,NA,NA,NA,NA,NA,NA,NA,NA,NA,NA,NA,NA,90.0503891050584,44.5764829765102,1.70527237354086,0.643363633884474,1.10552529182879,0.373877254819149,4.11369649805448,1.28552800608283,NA,NA,2016,1995-06-14,NA,NA,NA,NA
"Joe Schobert","PIT","LB","12768","weighted",NA,NA,NA,NA,NA,NA,NA,NA,NA,NA,NA,NA,NA,NA,NA,NA,NA,NA,NA,NA,NA,NA,NA,NA,NA,NA,NA,NA,NA,NA,NA,NA,NA,NA,NA,NA,NA,NA,NA,NA,NA,NA,NA,NA,105.556945525292,29.4545968790518,3.55791828793774,2.2215005818997,1.7070233463035,0.799016919421316,4.27130350194553,0.868166291546452,NA,NA,2016,NA,NA,NA,NA,NA
"Roquan Smith","CHI","LB","13696","weighted",NA,NA,NA,NA,NA,NA,NA,NA,NA,NA,NA,NA,NA,NA,NA,NA,NA,NA,NA,NA,NA,NA,NA,NA,NA,NA,NA,NA,NA,NA,NA,NA,NA,NA,NA,NA,NA,NA,NA,NA,NA,NA,NA,NA,110.131770428016,24.1856653359326,4.07902723735409,0.456200862958364,1.53929961089494,0.736715377918776,5.94793774319066,0.315628734907019,NA,NA,2018,1997-04-08,NA,NA,NA,NA
"Blake Martinez","NYG","LB","12788","weighted",NA,NA,NA,NA,NA,NA,NA,NA,NA,NA,NA,NA,NA,NA,NA,NA,NA,NA,NA,NA,NA,NA,NA,NA,NA,NA,NA,NA,NA,NA,NA,NA,NA,NA,NA,NA,NA,NA,NA,NA,NA,NA,NA,NA,105.088249027237,27.3725281517471,3.15396887159533,0.201966529363417,1.62455252918288,0.690780784152316,3.98990272373541,0.506818722452552,NA,NA,2016,1994-01-09,"Q","Illness",2021,0
"Devin White","TB","LB","14168","weighted",NA,NA,NA,NA,NA,NA,NA,NA,NA,NA,NA,NA,NA,NA,NA,NA,NA,NA,NA,NA,NA,NA,NA,NA,NA,NA,NA,NA,NA,NA,NA,NA,NA,NA,NA,NA,NA,NA,NA,NA,NA,NA,NA,NA,117.114513618677,21.2009549460772,7.59108949416342,0.852772560174293,0.902645914396887,0.846514681184968,5.35571984435798,1.34212968269756,NA,NA,2019,1970-01-01,NA,NA,NA,NA
"Darius Leonard","IND","LB","13733","weighted",NA,NA,NA,NA,NA,NA,NA,NA,NA,NA,NA,NA,NA,NA,NA,NA,NA,NA,NA,NA,NA,NA,NA,NA,NA,NA,NA,NA,NA,NA,NA,NA,NA,NA,NA,NA,NA,NA,NA,NA,NA,NA,NA,NA,110.257762645914,18.6966694094458,4.93496108949416,1.06811345766605,1.41206225680934,0.515251402521506,7.0631906614786,1.27794384373416,NA,NA,2018,NA,NA,NA,NA,NA
"Bobby Wagner","SEA","LB","10775","weighted",NA,NA,NA,NA,NA,NA,NA,NA,NA,NA,NA,NA,NA,NA,NA,NA,NA,NA,NA,NA,NA,NA,NA,NA,NA,NA,NA,NA,NA,NA,NA,NA,NA,NA,NA,NA,NA,NA,NA,NA,NA,NA,NA,NA,102.064280155642,24.9555753027059,3.15591439688716,0.288276088767377,1.32190661478599,0.818942099652841,6.98795719844358,0.117481247960414,NA,NA,2012,1990-06-27,NA,NA,NA,NA
"Demario Davis","NO","LB","10816","weighted",NA,NA,NA,NA,NA,NA,NA,NA,NA,NA,NA,NA,NA,NA,NA,NA,NA,NA,NA,NA,NA,NA,NA,NA,NA,NA,NA,NA,NA,NA,NA,NA,NA,NA,NA,NA,NA,NA,NA,NA,NA,NA,NA,NA,98.6575097276265,19.0747294198381,4.66289883268482,0.342244126035852,0.685272373540856,0.862019786957057,6.62322957198444,2.25023072697595,NA,NA,2012,1989-01-11,NA,NA,NA,NA
"Fred Warner","SF","LB","13743","weighted",NA,NA,NA,NA,NA,NA,NA,NA,NA,NA,NA,NA,NA,NA,NA,NA,NA,NA,NA,NA,NA,NA,NA,NA,NA,NA,NA,NA,NA,NA,NA,NA,NA,NA,NA,NA,NA,NA,NA,NA,NA,NA,NA,NA,102.197996108949,16.0159347868679,2.05136186770428,0.805387164512954,1.9118093385214,0.0913870362508613,7.09807392996109,0.101844554153984,NA,NA,2018,1996-11-19,NA,NA,NA,NA
"Jordan Hicks","ARI","LB","12287","weighted",NA,NA,NA,NA,NA,NA,NA,NA,NA,NA,NA,NA,NA,NA,NA,NA,NA,NA,NA,NA,NA,NA,NA,NA,NA,NA,NA,NA,NA,NA,NA,NA,NA,NA,NA,NA,NA,NA,NA,NA,NA,NA,NA,NA,71.9596303501946,37.5512516307937,1.05494163424125,0.417161795559168,1.00529182879377,0.204701201294601,3.75947470817121,1.13713044027209,NA,NA,2015,1992-06-27,NA,NA,NA,NA
"Jerome Baker","MIA","LB","13706","weighted",NA,NA,NA,NA,NA,NA,NA,NA,NA,NA,NA,NA,NA,NA,NA,NA,NA,NA,NA,NA,NA,NA,NA,NA,NA,NA,NA,NA,NA,NA,NA,NA,NA,NA,NA,NA,NA,NA,NA,NA,NA,NA,NA,NA,88.5896498054475,22.6664036363033,6.07852140077821,0.715168179443561,1.06647859922179,0.59769024195281,3.88721789883268,1.09432308819911,NA,NA,2018,1996-12-25,NA,NA,NA,NA
"Anthony Walker","CLE","LB","13306","weighted",NA,NA,NA,NA,NA,NA,NA,NA,NA,NA,NA,NA,NA,NA,NA,NA,NA,NA,NA,NA,NA,NA,NA,NA,NA,NA,NA,NA,NA,NA,NA,NA,NA,NA,NA,NA,NA,NA,NA,NA,NA,NA,NA,NA,86.6784046692607,24.7959471923817,1.53519455252918,0.931631447821461,1.07760700389105,0.37737916356719,4.45400778210117,0.829550238379699,NA,NA,2017,1995-08-08,NA,NA,NA,NA
"Tremaine Edmunds","BUF","LB","13697","weighted",NA,NA,NA,NA,NA,NA,NA,NA,NA,NA,NA,NA,NA,NA,NA,NA,NA,NA,NA,NA,NA,NA,NA,NA,NA,NA,NA,NA,NA,NA,NA,NA,NA,NA,NA,NA,NA,NA,NA,NA,NA,NA,NA,NA,93.8175680933852,17.6379222024091,2.7402140077821,0.612919692142209,0.859747081712062,0.302868923441173,7.43426070038911,2.51909960113724,NA,NA,2018,1998-05-02,NA,NA,NA,NA
"Shaq Green-Thompson","CAR","LB","12231","weighted",NA,NA,NA,NA,NA,NA,NA,NA,NA,NA,NA,NA,NA,NA,NA,NA,NA,NA,NA,NA,NA,NA,NA,NA,NA,NA,NA,NA,NA,NA,NA,NA,NA,NA,NA,NA,NA,NA,NA,NA,NA,NA,NA,NA,84.6004474708171,22.6214167852518,1.78505836575875,1.6174166968035,0.528171206225681,0.654905546705546,4.71278210116732,1.2141410839493,NA,NA,NA,NA,NA,NA,NA,NA
"Eric Kendricks","MIN","LB","12239","weighted",NA,NA,NA,NA,NA,NA,NA,NA,NA,NA,NA,NA,NA,NA,NA,NA,NA,NA,NA,NA,NA,NA,NA,NA,NA,NA,NA,NA,NA,NA,NA,NA,NA,NA,NA,NA,NA,NA,NA,NA,NA,NA,NA,NA,90.7562256809339,17.1043495155869,1.29688715953307,0.45581164098826,2.16774319066148,0.738055723202238,9.26951361867704,2.89651930915268,NA,NA,2015,1992-02-29,NA,NA,NA,NA
"Deion Jones","ATL","LB","12745","weighted",NA,NA,NA,NA,NA,NA,NA,NA,NA,NA,NA,NA,NA,NA,NA,NA,NA,NA,NA,NA,NA,NA,NA,NA,NA,NA,NA,NA,NA,NA,NA,NA,NA,NA,NA,NA,NA,NA,NA,NA,NA,NA,NA,NA,88.9336186770428,18.7172716631596,2.86215953307393,0.379866695177502,1.71663424124514,0.303153891205593,6.22603112840467,1.6626903947893,NA,NA,2016,1994-11-04,NA,NA,NA,NA
"Myles Jack","JAC","LB","12702","weighted",NA,NA,NA,NA,NA,NA,NA,NA,NA,NA,NA,NA,NA,NA,NA,NA,NA,NA,NA,NA,NA,NA,NA,NA,NA,NA,NA,NA,NA,NA,NA,NA,NA,NA,NA,NA,NA,NA,NA,NA,NA,NA,NA,NA,94.7498054474708,14.1213880041243,1.81470817120623,1.58102104148821,1.03278210116732,0.24555023883088,5.64200389105058,1.67115941085629,NA,NA,2016,1995-09-03,NA,NA,NA,NA
"Jayon Brown","TEN","LB","13304","weighted",NA,NA,NA,NA,NA,NA,NA,NA,NA,NA,NA,NA,NA,NA,NA,NA,NA,NA,NA,NA,NA,NA,NA,NA,NA,NA,NA,NA,NA,NA,NA,NA,NA,NA,NA,NA,NA,NA,NA,NA,NA,NA,NA,NA,88.1413618677043,14.9601348895912,2.10410505836576,0.847785864803491,1.58838521400778,1.15378450792688,9.48575875486381,0.750240577284357,NA,NA,2017,1995-02-26,NA,NA,NA,NA
"Tyus Bowser","BAL","LB","13256","weighted",NA,NA,NA,NA,NA,NA,NA,NA,NA,NA,NA,NA,NA,NA,NA,NA,NA,NA,NA,NA,NA,NA,NA,NA,NA,NA,NA,NA,NA,NA,NA,NA,NA,NA,NA,NA,NA,NA,NA,NA,NA,NA,NA,NA,46.7912840466926,47.9839139555363,3.48311284046693,0.676808599239936,1.42556420233463,0.65256245859928,4.97784046692607,1.88848087940671,NA,NA,2017,1995-05-23,NA,NA,NA,NA
"Rashaan Evans","TEN","LB","13699","weighted",NA,NA,NA,NA,NA,NA,NA,NA,NA,NA,NA,NA,NA,NA,NA,NA,NA,NA,NA,NA,NA,NA,NA,NA,NA,NA,NA,NA,NA,NA,NA,NA,NA,NA,NA,NA,NA,NA,NA,NA,NA,NA,NA,NA,76.9978793774319,22.1265070009345,1.38939688715953,0.106487563385696,0.332023346303502,0.602981120332685,3.59517509727626,0.410210834797472,NA,NA,2018,1996-11-08,NA,NA,NA,NA
"Micah Kiser","LAR","LB","13779","weighted",NA,NA,NA,NA,NA,NA,NA,NA,NA,NA,NA,NA,NA,NA,NA,NA,NA,NA,NA,NA,NA,NA,NA,NA,NA,NA,NA,NA,NA,NA,NA,NA,NA,NA,NA,NA,NA,NA,NA,NA,NA,NA,NA,NA,91.364437596302,16.6240804256957,2.28409861325116,2.58801081914276,0.799229583975347,0.14142135623731,4.44431432973806,0.791959594928933,NA,NA,2018,1995-01-25,NA,NA,NA,NA
"Jon Bostic","WAS","LB","11299","weighted",NA,NA,NA,NA,NA,NA,NA,NA,NA,NA,NA,NA,NA,NA,NA,NA,NA,NA,NA,NA,NA,NA,NA,NA,NA,NA,NA,NA,NA,NA,NA,NA,NA,NA,NA,NA,NA,NA,NA,NA,NA,NA,NA,NA,70.9615953307393,26.4266947237697,2.18433852140078,0.295855413583972,0.595661478599222,0.383452337309495,2.88529182879377,0.239833078378407,NA,NA,2013,1991-05-05,NA,NA,NA,NA
"C.J. Mosley","NYJ","LB","11728","weighted",NA,NA,NA,NA,NA,NA,NA,NA,NA,NA,NA,NA,NA,NA,NA,NA,NA,NA,NA,NA,NA,NA,NA,NA,NA,NA,NA,NA,NA,NA,NA,NA,NA,NA,NA,NA,NA,NA,NA,NA,NA,NA,NA,NA,89.6306031128405,11.7082471604012,2.2829766536965,1.92397608003764,1.76821011673152,0.420949084005836,5.63330739299611,1.20949065881704,NA,NA,2014,1992-06-19,NA,NA,NA,NA
"Cory Littleton","LVR","LB","12985","weighted",NA,NA,NA,NA,NA,NA,NA,NA,NA,NA,NA,NA,NA,NA,NA,NA,NA,NA,NA,NA,NA,NA,NA,NA,NA,NA,NA,NA,NA,NA,NA,NA,NA,NA,NA,NA,NA,NA,NA,NA,NA,NA,NA,NA,80.6005252918288,17.6633528883794,2.02675097276265,1.85088177777554,0.519027237354086,0.507851626553717,3.65735408560311,2.19740835855059,NA,NA,2016,1993-11-18,NA,NA,NA,NA
"Nick Kwiatkoski","LVR","LB","12778","weighted",NA,NA,NA,NA,NA,NA,NA,NA,NA,NA,NA,NA,NA,NA,NA,NA,NA,NA,NA,NA,NA,NA,NA,NA,NA,NA,NA,NA,NA,NA,NA,NA,NA,NA,NA,NA,NA,NA,NA,NA,NA,NA,NA,NA,89.1397276264591,11.5991079925543,2.2007392996109,0.419707887162213,1.0708560311284,0.290297882632228,4.53058365758755,0.62809694564951,NA,NA,2016,1993-05-26,NA,NA,NA,NA
"Josey Jewell","DEN","LB","13702","weighted",NA,NA,NA,NA,NA,NA,NA,NA,NA,NA,NA,NA,NA,NA,NA,NA,NA,NA,NA,NA,NA,NA,NA,NA,NA,NA,NA,NA,NA,NA,NA,NA,NA,NA,NA,NA,NA,NA,NA,NA,NA,NA,NA,NA,73.3571984435798,21.9484268435448,2.00070038910506,0.492113573569142,0.162879377431907,0.295802059031128,3.91136186770428,1.24383543979255,NA,NA,2018,1994-12-25,NA,NA,NA,NA
"Denzel Perryman","LVR","LB","12238","weighted",NA,NA,NA,NA,NA,NA,NA,NA,NA,NA,NA,NA,NA,NA,NA,NA,NA,NA,NA,NA,NA,NA,NA,NA,NA,NA,NA,NA,NA,NA,NA,NA,NA,NA,NA,NA,NA,NA,NA,NA,NA,NA,NA,NA,59.1584435797665,34.3866329054327,0.863852140077821,0.152131776918203,0.393735408560311,0.569560126005833,1.77398832684825,0.33025163018463,NA,NA,NA,1992-12-05,"Q","Undisclosed",2021,0
"Jamie Collins","DET","LB","11349","weighted",NA,NA,NA,NA,NA,NA,NA,NA,NA,NA,NA,NA,NA,NA,NA,NA,NA,NA,NA,NA,NA,NA,NA,NA,NA,NA,NA,NA,NA,NA,NA,NA,NA,NA,NA,NA,NA,NA,NA,NA,NA,NA,NA,NA,78.1154085603113,16.6209976353468,3.07976653696498,2.73798010696173,0.810603112840467,0.177513248150383,6.33250972762646,0.522213754769953,NA,NA,2013,1990-05-02,NA,NA,NA,NA
"Mack Wilson","CLE","LB","14169","weighted",NA,NA,NA,NA,NA,NA,NA,NA,NA,NA,NA,NA,NA,NA,NA,NA,NA,NA,NA,NA,NA,NA,NA,NA,NA,NA,NA,NA,NA,NA,NA,NA,NA,NA,NA,NA,NA,NA,NA,NA,NA,NA,NA,NA,64.6688715953307,28.0353004686416,0.565311284046693,0.447512576057135,0.64,0.338676045163209,3.78990272373541,1.205758634265,NA,NA,2019,1998-02-14,"Q","Shoulder - AC Joint",2021,0
"Anthony Hitchens","KC","LB","11795","weighted",NA,NA,NA,NA,NA,NA,NA,NA,NA,NA,NA,NA,NA,NA,NA,NA,NA,NA,NA,NA,NA,NA,NA,NA,NA,NA,NA,NA,NA,NA,NA,NA,NA,NA,NA,NA,NA,NA,NA,NA,NA,NA,NA,NA,68.0596108949416,24.4073874036625,0.880972762645914,0.216163043138132,0.087704280155642,0.159278031785992,1.21828793774319,0.573686296313534,NA,NA,2014,1992-06-10,NA,NA,NA,NA
"Leighton Vander Esch","DAL","LB","13727","weighted",NA,NA,NA,NA,NA,NA,NA,NA,NA,NA,NA,NA,NA,NA,NA,NA,NA,NA,NA,NA,NA,NA,NA,NA,NA,NA,NA,NA,NA,NA,NA,NA,NA,NA,NA,NA,NA,NA,NA,NA,NA,NA,NA,NA,61.9455642023346,31.0238874225298,1.15035019455253,0.273048054490272,0.374941634241245,0.585920346960908,1.68237354085603,1.52606060586395,NA,NA,2018,1997-02-09,"Q","Illness",2021,0
"Von Miller","DEN","LB","10267","weighted",NA,NA,NA,NA,NA,NA,NA,NA,NA,NA,NA,NA,NA,NA,NA,NA,NA,NA,NA,NA,NA,NA,NA,NA,NA,NA,NA,NA,NA,NA,NA,NA,NA,NA,NA,NA,NA,NA,NA,NA,NA,NA,NA,NA,53.461673151751,34.6146635866918,6.630953307393,4.18558710653106,0.200466926070039,0.364064072653696,2.81204280155642,1.13387113899219,NA,NA,2011,1989-03-26,NA,NA,NA,NA
"Kyzir White","LAC","LB","13762","weighted",NA,NA,NA,NA,NA,NA,NA,NA,NA,NA,NA,NA,NA,NA,NA,NA,NA,NA,NA,NA,NA,NA,NA,NA,NA,NA,NA,NA,NA,NA,NA,NA,NA,NA,NA,NA,NA,NA,NA,NA,NA,NA,NA,NA,65.6397859922179,25.7550265039315,0.835661478599222,0.158882814478813,0.537821011673152,0.50682497144232,2.93784046692607,0.203417592462207,NA,NA,2018,1996-03-24,NA,NA,NA,NA
"Dre Greenlaw","SF","LB","14247","weighted",NA,NA,NA,NA,NA,NA,NA,NA,NA,NA,NA,NA,NA,NA,NA,NA,NA,NA,NA,NA,NA,NA,NA,NA,NA,NA,NA,NA,NA,NA,NA,NA,NA,NA,NA,NA,NA,NA,NA,NA,NA,NA,NA,NA,81.8722373540856,11.5893316806281,1.29614785992218,0.65985111519797,0.702645914396887,0.3061377718599,2.58027237354086,0.762259152118677,NA,NA,2019,1997-05-25,"Q","Hip",2021,0
"Sione Takitaki","CLE","LB","14212","weighted",NA,NA,NA,NA,NA,NA,NA,NA,NA,NA,NA,NA,NA,NA,NA,NA,NA,NA,NA,NA,NA,NA,NA,NA,NA,NA,NA,NA,NA,NA,NA,NA,NA,NA,NA,NA,NA,NA,NA,NA,NA,NA,NA,NA,53.8480739299611,33.0679014187792,1.10385214007782,0.116131010860523,0.832801556420233,0.671445498675422,1.63087548638132,0.756176116045398,NA,NA,2019,NA,"Q","Hamstring",2021,0
"Lorenzo Carter","NYG","LB","13703","weighted",NA,NA,NA,NA,NA,NA,NA,NA,NA,NA,NA,NA,NA,NA,NA,NA,NA,NA,NA,NA,NA,NA,NA,NA,NA,NA,NA,NA,NA,NA,NA,NA,NA,NA,NA,NA,NA,NA,NA,NA,NA,NA,NA,NA,49.0395914396887,37.6337692690796,4.6056420233463,2.19481778627332,0.0563813229571984,0.102393020433852,3.58126459143969,1.45998261010623,NA,NA,2018,1995-12-10,NA,NA,NA,NA
"Bobby Okereke","IND","LB","14218","weighted",NA,NA,NA,NA,NA,NA,NA,NA,NA,NA,NA,NA,NA,NA,NA,NA,NA,NA,NA,NA,NA,NA,NA,NA,NA,NA,NA,NA,NA,NA,NA,NA,NA,NA,NA,NA,NA,NA,NA,NA,NA,NA,NA,NA,78.734280155642,12.378491005581,0.933988326848249,1.01613589112483,1.0563813229572,0.102393020433852,6.40001945525292,0.59189107773163,NA,NA,2019,1970-01-01,NA,NA,NA,NA
"Anthony Barr","MIN","LB","11720","weighted",NA,NA,NA,NA,NA,NA,NA,NA,NA,NA,NA,NA,NA,NA,NA,NA,NA,NA,NA,NA,NA,NA,NA,NA,NA,NA,NA,NA,NA,NA,NA,NA,NA,NA,NA,NA,NA,NA,NA,NA,NA,NA,NA,NA,68.9549416342413,19.6291252837608,1.33445525291829,1.10280586804751,0.768696498054475,0.506722660869059,3.42801556420233,1.94309303700032,NA,NA,2014,1992-03-18,"Q","Knee",2021,0
"Devin Bush","PIT","LB","14170","weighted",NA,NA,NA,NA,NA,NA,NA,NA,NA,NA,NA,NA,NA,NA,NA,NA,NA,NA,NA,NA,NA,NA,NA,NA,NA,NA,NA,NA,NA,NA,NA,NA,NA,NA,NA,NA,NA,NA,NA,NA,NA,NA,NA,NA,70.4102918287938,18.1160806994398,3.84663424124514,2.79558728939012,1.120953307393,0.877527588892106,5.83517509727626,2.99049663086465,NA,NA,2019,1998-07-18,NA,NA,NA,NA
"Genard Avery","PHI","LB","13781","weighted",NA,NA,NA,NA,NA,NA,NA,NA,NA,NA,NA,NA,NA,NA,NA,NA,NA,NA,NA,NA,NA,NA,NA,NA,NA,NA,NA,NA,NA,NA,NA,NA,NA,NA,NA,NA,NA,NA,NA,NA,NA,NA,NA,NA,53.0805546995377,53.1320035383572,1.78203389830508,0.544472221513642,0.0447303543913713,0.0494974746830583,1.20838212634823,0.29698484809835,NA,NA,2018,1995-04-26,"Q","Groin",2021,0
"Jarrad Davis","NYJ","LB","13221","weighted",NA,NA,NA,NA,NA,NA,NA,NA,NA,NA,NA,NA,NA,NA,NA,NA,NA,NA,NA,NA,NA,NA,NA,NA,NA,NA,NA,NA,NA,NA,NA,NA,NA,NA,NA,NA,NA,NA,NA,NA,NA,NA,NA,NA,60.7064007782101,28.60382176806,1.85686770428016,1.07499049514167,0.406264591439689,0.559544893978777,2.82455252918288,2.16928869211702,NA,NA,2017,NA,"O","Ankle",2021,0
"Devante Downs","NYG","LB","13829","weighted",NA,NA,NA,NA,NA,NA,NA,NA,NA,NA,NA,NA,NA,NA,NA,NA,NA,NA,NA,NA,NA,NA,NA,NA,NA,NA,NA,NA,NA,NA,NA,NA,NA,NA,NA,NA,NA,NA,NA,NA,NA,NA,NA,NA,53.5569491525424,51.9582062815875,0.391956856702619,0.558614357137373,0.138921417565485,0.197989898732233,1.43661016949153,0.622253967444162,NA,NA,2018,1995-10-18,NA,NA,NA,NA
"Ja'Whaun Bentley","NE","LB","13775","weighted",NA,NA,NA,NA,NA,NA,NA,NA,NA,NA,NA,NA,NA,NA,NA,NA,NA,NA,NA,NA,NA,NA,NA,NA,NA,NA,NA,NA,NA,NA,NA,NA,NA,NA,NA,NA,NA,NA,NA,NA,NA,NA,NA,NA,63.8991634241245,23.5365755711969,1.53468871595331,0.506836637327689,0.0125291828793774,0.022754004540856,2.27953307392996,0.4378478935689,NA,NA,2018,1996-08-24,NA,NA,NA,NA
"Kyle Van Noy","NE","LB","11723","weighted",NA,NA,NA,NA,NA,NA,NA,NA,NA,NA,NA,NA,NA,NA,NA,NA,NA,NA,NA,NA,NA,NA,NA,NA,NA,NA,NA,NA,NA,NA,NA,NA,NA,NA,NA,NA,NA,NA,NA,NA,NA,NA,NA,NA,55.8320817120623,30.830847007534,4.8063813229572,3.27532817612153,0.763346303501946,0.652762800975239,3.52622568093385,0.955668190715953,NA,NA,2014,1991-03-26,NA,NA,NA,NA
"T.J. Edwards","PHI","LB","14322","weighted",NA,NA,NA,NA,NA,NA,NA,NA,NA,NA,NA,NA,NA,NA,NA,NA,NA,NA,NA,NA,NA,NA,NA,NA,NA,NA,NA,NA,NA,NA,NA,NA,NA,NA,NA,NA,NA,NA,NA,NA,NA,NA,NA,NA,56.5230155642023,29.1641304293095,2.19445525291829,0.764764298876202,0.597607003891051,0.502009698319616,1.61445525291829,0.37184472851988,NA,NA,2019,1996-08-12,NA,NA,NA,NA
"Zaire Franklin","IND","LB","13837","weighted",NA,NA,NA,NA,NA,NA,NA,NA,NA,NA,NA,NA,NA,NA,NA,NA,NA,NA,NA,NA,NA,NA,NA,NA,NA,NA,NA,NA,NA,NA,NA,NA,NA,NA,NA,NA,NA,NA,NA,NA,NA,NA,NA,NA,62.3740215716487,38.7282384055872,0.47442218798151,0.106066017177982,0.029768875192604,0.0424264068711928,1.6159938366718,0.735391052434009,NA,NA,2018,1996-07-02,NA,NA,NA,NA
"Brennan Scarlett","MIA","LB","12964","weighted",NA,NA,NA,NA,NA,NA,NA,NA,NA,NA,NA,NA,NA,NA,NA,NA,NA,NA,NA,NA,NA,NA,NA,NA,NA,NA,NA,NA,NA,NA,NA,NA,NA,NA,NA,NA,NA,NA,NA,NA,NA,NA,NA,NA,49.133405238829,57.1978675301798,0.737380585516179,0.480832611206852,0.138921417565485,0.197989898732233,1.04191063174114,1.48492424049175,NA,NA,2016,1993-07-31,NA,NA,NA,NA
"Blake Cashman","NYJ","LB","14251","weighted",NA,NA,NA,NA,NA,NA,NA,NA,NA,NA,NA,NA,NA,NA,NA,NA,NA,NA,NA,NA,NA,NA,NA,NA,NA,NA,NA,NA,NA,NA,NA,NA,NA,NA,NA,NA,NA,NA,NA,NA,NA,NA,NA,NA,45.1482879377432,36.4586986061829,0.731322957198444,0.262210578949401,0.0814396887159533,0.147901029515564,1.28239299610895,0.43171777817198,NA,NA,2019,1996-05-10,NA,NA,NA,NA
"Preston Smith","GB","LB","12270","weighted",NA,NA,NA,NA,NA,NA,NA,NA,NA,NA,NA,NA,NA,NA,NA,NA,NA,NA,NA,NA,NA,NA,NA,NA,NA,NA,NA,NA,NA,NA,NA,NA,NA,NA,NA,NA,NA,NA,NA,NA,NA,NA,NA,NA,48.8395525291829,32.7620411952679,5.59439688715953,1.95695666640566,0.437587548638132,0.537912755756653,3.50700389105058,0.614610286644824,NA,NA,2015,1992-11-17,NA,NA,NA,NA
"Donta Hightower","NE","LB","10774","weighted",NA,NA,NA,NA,NA,NA,NA,NA,NA,NA,NA,NA,NA,NA,NA,NA,NA,NA,NA,NA,NA,NA,NA,NA,NA,NA,NA,NA,NA,NA,NA,NA,NA,NA,NA,NA,NA,NA,NA,NA,NA,NA,NA,NA,71.2500583657587,16.9919920493857,3.0268093385214,1.39753316162406,0.119027237354086,0.216163043138132,2.41544747081712,0.752936658087081,NA,NA,2012,1990-03-12,NA,NA,NA,NA
"Drue Tranquill","LAC","LB","14235","weighted",NA,NA,NA,NA,NA,NA,NA,NA,NA,NA,NA,NA,NA,NA,NA,NA,NA,NA,NA,NA,NA,NA,NA,NA,NA,NA,NA,NA,NA,NA,NA,NA,NA,NA,NA,NA,NA,NA,NA,NA,NA,NA,NA,NA,68.130953307393,19.1007047609549,0.903190661478599,1.58903798375175,0.315175097276265,0.311057929149458,1.52865758754864,0.596056134728408,NA,NA,2019,1995-08-15,NA,NA,NA,NA
"Lavonte David","TB","LB","10768","weighted",NA,NA,NA,NA,NA,NA,NA,NA,NA,NA,NA,NA,NA,NA,NA,NA,NA,NA,NA,NA,NA,NA,NA,NA,NA,NA,NA,NA,NA,NA,NA,NA,NA,NA,NA,NA,NA,NA,NA,NA,NA,NA,NA,NA,83,0,2.45368271954674,0.0707106781186548,0.814730878186969,0.282842712474619,6.04631728045326,0.0707106781186545,NA,NA,2012,1990-01-23,NA,NA,NA,NA
"Eric Wilson","PHI","LB","13447","weighted",NA,NA,NA,NA,NA,NA,NA,NA,NA,NA,NA,NA,NA,NA,NA,NA,NA,NA,NA,NA,NA,NA,NA,NA,NA,NA,NA,NA,NA,NA,NA,NA,NA,NA,NA,NA,NA,NA,NA,NA,NA,NA,NA,NA,69.3940509915014,17.3948268171891,3.31473087818697,0.282842712474619,1.72209631728045,0.424264068711929,6.30524079320113,1.06066017177982,NA,NA,2017,1994-09-26,NA,NA,NA,NA
"Cole Holcomb","WAS","LB","14260","weighted",NA,NA,NA,NA,NA,NA,NA,NA,NA,NA,NA,NA,NA,NA,NA,NA,NA,NA,NA,NA,NA,NA,NA,NA,NA,NA,NA,NA,NA,NA,NA,NA,NA,NA,NA,NA,NA,NA,NA,NA,NA,NA,NA,NA,69.6913424124514,10.4556214027355,2.61949416342412,1.01705630401831,0.692548638132296,0.47694102773798,2.94844357976654,1.92344948519103,NA,NA,2019,1996-07-30,NA,NA,NA,NA
"A.J. Klein","BUF","LB","11375","weighted",NA,NA,NA,NA,NA,NA,NA,NA,NA,NA,NA,NA,NA,NA,NA,NA,NA,NA,NA,NA,NA,NA,NA,NA,NA,NA,NA,NA,NA,NA,NA,NA,NA,NA,NA,NA,NA,NA,NA,NA,NA,NA,NA,NA,57.6087548638132,20.0230328746986,4.02334630350195,1.08705142968669,0.739747081712062,0.37331112069107,2.84575875486381,0.564533056028844,NA,NA,2013,1991-07-30,NA,NA,NA,NA
"Nicholas Morrow","LVR","LB","13426","weighted",NA,NA,NA,NA,NA,NA,NA,NA,NA,NA,NA,NA,NA,NA,NA,NA,NA,NA,NA,NA,NA,NA,NA,NA,NA,NA,NA,NA,NA,NA,NA,NA,NA,NA,NA,NA,NA,NA,NA,NA,NA,NA,NA,NA,64.4830350194553,13.5819138247182,2.83784046692607,0.637594137030038,1.07900778210117,0.618373117093534,6.39396887159533,0.388822411436823,NA,NA,2017,1995-07-10,"Q","Ankle",2021,0
"A.J. Johnson","DEN","LB","12241","weighted",NA,NA,NA,NA,NA,NA,NA,NA,NA,NA,NA,NA,NA,NA,NA,NA,NA,NA,NA,NA,NA,NA,NA,NA,NA,NA,NA,NA,NA,NA,NA,NA,NA,NA,NA,NA,NA,NA,NA,NA,NA,NA,NA,NA,77.6400849858357,4.03050865276332,1.6199716713881,1.34350288425444,0.536827195467422,0.707106781186548,2.81473087818697,0.282842712474619,NA,NA,2018,1970-01-01,NA,NA,NA,NA
"Kenny Young","LAR","LB","13765","weighted",NA,NA,NA,NA,NA,NA,NA,NA,NA,NA,NA,NA,NA,NA,NA,NA,NA,NA,NA,NA,NA,NA,NA,NA,NA,NA,NA,NA,NA,NA,NA,NA,NA,NA,NA,NA,NA,NA,NA,NA,NA,NA,NA,NA,69.3181303116147,11.1722871427475,4.21373937677054,2.61629509039023,1.27790368271955,0.424264068711929,5.29688385269122,1.97989898732233,NA,NA,2018,1995-11-15,NA,NA,NA,NA
"Harold Landry","TEN","LB","13700","weighted",NA,NA,NA,NA,NA,NA,NA,NA,NA,NA,NA,NA,NA,NA,NA,NA,NA,NA,NA,NA,NA,NA,NA,NA,NA,NA,NA,NA,NA,NA,NA,NA,NA,NA,NA,NA,NA,NA,NA,NA,NA,NA,NA,NA,62.1610311284047,14.4291500604549,6.75110894941634,0.848922246380323,0.70988326848249,0.278128642587194,4.10357976653697,0.756604828453974,NA,NA,2018,1996-06-05,NA,"Undisclosed",2021,0
"Chris Kirksey","HOU","LB","11772","weighted",NA,NA,NA,NA,NA,NA,NA,NA,NA,NA,NA,NA,NA,NA,NA,NA,NA,NA,NA,NA,NA,NA,NA,NA,NA,NA,NA,NA,NA,NA,NA,NA,NA,NA,NA,NA,NA,NA,NA,NA,NA,NA,NA,NA,68.6043909348442,8.55599205235722,3.05580736543909,0.848528137423857,1,0,2.72209631728045,0.424264068711929,NA,NA,2014,1992-08-31,NA,NA,NA,NA
"Matt Judon","NE","LB","12795","weighted",NA,NA,NA,NA,NA,NA,NA,NA,NA,NA,NA,NA,NA,NA,NA,NA,NA,NA,NA,NA,NA,NA,NA,NA,NA,NA,NA,NA,NA,NA,NA,NA,NA,NA,NA,NA,NA,NA,NA,NA,NA,NA,NA,NA,53.7518093385214,21.1688534028581,6.33535019455253,1.73344140387813,0.156614785992218,0.2844250567607,2.54651750972763,0.476036642737826,NA,NA,2016,NA,NA,NA,NA,NA
"Leonard Floyd","LAR","LB","12734","weighted",NA,NA,NA,NA,NA,NA,NA,NA,NA,NA,NA,NA,NA,NA,NA,NA,NA,NA,NA,NA,NA,NA,NA,NA,NA,NA,NA,NA,NA,NA,NA,NA,NA,NA,NA,NA,NA,NA,NA,NA,NA,NA,NA,NA,47.6920233463035,22.203118535918,8.7320233463035,1.23692088142563,0.087704280155642,0.159278031785992,2.58696498054475,0.661150217840423,NA,NA,2016,1992-09-08,"Q","Ankle",2021,0
"Foyesade Oluokun","ATL","LB","13813","weighted",NA,NA,NA,NA,NA,NA,NA,NA,NA,NA,NA,NA,NA,NA,NA,NA,NA,NA,NA,NA,NA,NA,NA,NA,NA,NA,NA,NA,NA,NA,NA,NA,NA,NA,NA,NA,NA,NA,NA,NA,NA,NA,NA,NA,73,2.01519195801045e-14,2.59263456090652,0.14142135623731,1.37053824362606,0.565685424949238,4.21260623229462,1.20208152801713,NA,NA,2018,1995-08-02,NA,NA,NA,NA
"Matt Milano","BUF","LB","13307","weighted",NA,NA,NA,NA,NA,NA,NA,NA,NA,NA,NA,NA,NA,NA,NA,NA,NA,NA,NA,NA,NA,NA,NA,NA,NA,NA,NA,NA,NA,NA,NA,NA,NA,NA,NA,NA,NA,NA,NA,NA,NA,NA,NA,NA,70.2695467422096,3.46482322781409,4.39787535410765,0.919238815542512,0.768413597733711,0.353553390593274,7.71373937677054,2.61629509039023,NA,NA,2017,NA,"Q","Mouth",2021,0
"Khalil Mack","CHI","LB","11721","weighted",NA,NA,NA,NA,NA,NA,NA,NA,NA,NA,NA,NA,NA,NA,NA,NA,NA,NA,NA,NA,NA,NA,NA,NA,NA,NA,NA,NA,NA,NA,NA,NA,NA,NA,NA,NA,NA,NA,NA,NA,NA,NA,NA,NA,49.7642023346304,19.0768680021974,10.4542217898833,1.91830785369943,0.818326848249027,0.329933065842412,4.19809338521401,0.51232167746719,NA,NA,2014,1991-02-22,NA,NA,NA,NA
"Keanu Neal","DAL","LB","12736","weighted",NA,NA,NA,NA,NA,NA,NA,NA,NA,NA,NA,NA,NA,NA,NA,NA,NA,NA,NA,NA,NA,NA,NA,NA,NA,NA,NA,NA,NA,NA,NA,NA,NA,NA,NA,NA,NA,NA,NA,NA,NA,NA,NA,NA,68.4335694050991,5.44472221513642,1.39787535410765,0.919238815542512,0.953682719546742,0.0707106781186548,4.05467422096317,2.9698484809835,NA,NA,2016,NA,NA,NA,NA,NA
"Shaquil Barrett","TB","LB","12075","weighted",NA,NA,NA,NA,NA,NA,NA,NA,NA,NA,NA,NA,NA,NA,NA,NA,NA,NA,NA,NA,NA,NA,NA,NA,NA,NA,NA,NA,NA,NA,NA,NA,NA,NA,NA,NA,NA,NA,NA,NA,NA,NA,NA,NA,54.0508949416342,14.8477484116987,11.3785214007782,1.84914942554565,0.195175097276265,0.212021969587933,3.64575875486381,1.42291879855387,NA,NA,2014,1992-11-17,NA,NA,NA,NA
"Damien Wilson","JAC","LB","12302","weighted",NA,NA,NA,NA,NA,NA,NA,NA,NA,NA,NA,NA,NA,NA,NA,NA,NA,NA,NA,NA,NA,NA,NA,NA,NA,NA,NA,NA,NA,NA,NA,NA,NA,NA,NA,NA,NA,NA,NA,NA,NA,NA,NA,NA,65.8443342776204,5.86898628384834,1.16628895184136,1.27279220613579,0,0,1.86104815864023,0.212132034355964,NA,NA,2015,1993-05-28,NA,NA,NA,NA
"T.J. Watt","PIT","LB","13214","weighted",NA,NA,NA,NA,NA,NA,NA,NA,NA,NA,NA,NA,NA,NA,NA,NA,NA,NA,NA,NA,NA,NA,NA,NA,NA,NA,NA,NA,NA,NA,NA,NA,NA,NA,NA,NA,NA,NA,NA,NA,NA,NA,NA,NA,50.410953307393,15.9057698212842,12.007626459144,2.86705668420296,0.879513618677043,0.155700760166085,6.71282101167315,1.32988497154829,NA,NA,2017,1994-10-11,NA,NA,NA,NA
"Kwon Alexander","NO","LB","12233","weighted",NA,NA,NA,NA,NA,NA,NA,NA,NA,NA,NA,NA,NA,NA,NA,NA,NA,NA,NA,NA,NA,NA,NA,NA,NA,NA,NA,NA,NA,NA,NA,NA,NA,NA,NA,NA,NA,NA,NA,NA,NA,NA,NA,NA,48.1784702549575,22.6274169979695,2.60099150141643,2.89913780286485,0.536827195467422,0.707106781186548,5.39787535410765,0.919238815542512,NA,NA,2015,1994-08-03,NA,NA,NA,NA
"DeVondre Campbell","GB","LB","12779","weighted",NA,NA,NA,NA,NA,NA,NA,NA,NA,NA,NA,NA,NA,NA,NA,NA,NA,NA,NA,NA,NA,NA,NA,NA,NA,NA,NA,NA,NA,NA,NA,NA,NA,NA,NA,NA,NA,NA,NA,NA,NA,NA,NA,NA,62.0463172804533,0.0707106781186558,2.97266288951841,1.48492424049175,0.861048158640227,0.212132034355964,2.81473087818697,0.282842712474619,NA,NA,2016,1993-07-01,NA,NA,NA,NA
"Danny Trevathan","CHI","LB","10879","weighted",NA,NA,NA,NA,NA,NA,NA,NA,NA,NA,NA,NA,NA,NA,NA,NA,NA,NA,NA,NA,NA,NA,NA,NA,NA,NA,NA,NA,NA,NA,NA,NA,NA,NA,NA,NA,NA,NA,NA,NA,NA,NA,NA,NA,54.2148725212465,6.43467170879758,1.8242209631728,0.494974746830584,0.629461756373938,0.565685424949238,4.32422096317281,0.494974746830583,NA,NA,2012,1990-03-24,NA,NA,NA,NA
"Alec Ogletree","CHI","LB","11293","weighted",NA,NA,NA,NA,NA,NA,NA,NA,NA,NA,NA,NA,NA,NA,NA,NA,NA,NA,NA,NA,NA,NA,NA,NA,NA,NA,NA,NA,NA,NA,NA,NA,NA,NA,NA,NA,NA,NA,NA,NA,NA,NA,NA,NA,52.3538243626062,6.64680374315355,2.3800283286119,1.34350288425444,0.814730878186969,0.282842712474619,5.81473087818697,0.282842712474619,NA,NA,2013,1991-09-25,NA,NA,NA,NA
"Germaine Pratt","CIN","LB","14210","weighted",NA,NA,NA,NA,NA,NA,NA,NA,NA,NA,NA,NA,NA,NA,NA,NA,NA,NA,NA,NA,NA,NA,NA,NA,NA,NA,NA,NA,NA,NA,NA,NA,NA,NA,NA,NA,NA,NA,NA,NA,NA,NA,NA,NA,55.9726628895184,1.48492424049175,0,0,0,0,1.86104815864023,0.212132034355964,NA,NA,2019,1970-01-01,NA,NA,NA,NA
"Nick Vigil","MIN","LB","12762","weighted",NA,NA,NA,NA,NA,NA,NA,NA,NA,NA,NA,NA,NA,NA,NA,NA,NA,NA,NA,NA,NA,NA,NA,NA,NA,NA,NA,NA,NA,NA,NA,NA,NA,NA,NA,NA,NA,NA,NA,NA,NA,NA,NA,NA,41.6606232294618,20.3646752981726,1.09263456090652,0.14142135623731,1,0,3.09263456090652,0.14142135623731,NA,NA,2016,1993-08-20,NA,NA,NA,NA
"Alex Anzalone","DET","LB","13268","weighted",NA,NA,NA,NA,NA,NA,NA,NA,NA,NA,NA,NA,NA,NA,NA,NA,NA,NA,NA,NA,NA,NA,NA,NA,NA,NA,NA,NA,NA,NA,NA,NA,NA,NA,NA,NA,NA,NA,NA,NA,NA,NA,NA,NA,44.4039660056657,11.5965512114594,1.07365439093484,1.4142135623731,0,0,2.33257790368272,2.54558441227157,NA,NA,2017,1994-09-22,NA,NA,NA,NA
"Chandler Jones","ARI","LB","10753","weighted",NA,NA,NA,NA,NA,NA,NA,NA,NA,NA,NA,NA,NA,NA,NA,NA,NA,NA,NA,NA,NA,NA,NA,NA,NA,NA,NA,NA,NA,NA,NA,NA,NA,NA,NA,NA,NA,NA,NA,NA,NA,NA,NA,NA,43.3978753541077,0.91923881554251,13.4810198300283,1.5556349186104,0.231586402266289,0.353553390593274,3.81473087818697,0.282842712474619,NA,NA,2012,1990-02-27,NA,NA,NA,NA
"Jermaine Carter","CAR","LB","13787","weighted",NA,NA,NA,NA,NA,NA,NA,NA,NA,NA,NA,NA,NA,NA,NA,NA,NA,NA,NA,NA,NA,NA,NA,NA,NA,NA,NA,NA,NA,NA,NA,NA,NA,NA,NA,NA,NA,NA,NA,NA,NA,NA,NA,NA,40.2695467422096,3.46482322781408,0.536827195467422,0.707106781186548,0.509490084985836,0.777817459305203,2.50949008498584,0.777817459305203,NA,NA,2018,NA,NA,NA,NA,NA
"Bradley Chubb","DEN","LB","13681","weighted",NA,NA,NA,NA,NA,NA,NA,NA,NA,NA,NA,NA,NA,NA,NA,NA,NA,NA,NA,NA,NA,NA,NA,NA,NA,NA,NA,NA,NA,NA,NA,NA,NA,NA,NA,NA,NA,NA,NA,NA,NA,NA,NA,NA,33.4229461756374,10.040916292849,9.42521246458924,2.40416305603426,0,0,0.536827195467422,0.707106781186548,NA,NA,2018,1996-06-24,NA,NA,NA,NA
"ZaDarius Smith","GB","LB","12301","weighted",NA,NA,NA,NA,NA,NA,NA,NA,NA,NA,NA,NA,NA,NA,NA,NA,NA,NA,NA,NA,NA,NA,NA,NA,NA,NA,NA,NA,NA,NA,NA,NA,NA,NA,NA,NA,NA,NA,NA,NA,NA,NA,NA,NA,35.4715297450425,2.33345237791561,10.8978753541076,0.919238815542513,0,0,2.04631728045326,0.0707106781186548,NA,NA,NA,NA,"Q","Back",2021,0
"Bud Dupree","TEN","LB","12234","weighted",NA,NA,NA,NA,NA,NA,NA,NA,NA,NA,NA,NA,NA,NA,NA,NA,NA,NA,NA,NA,NA,NA,NA,NA,NA,NA,NA,NA,NA,NA,NA,NA,NA,NA,NA,NA,NA,NA,NA,NA,NA,NA,NA,NA,33.8800283286119,1.34350288425444,7.4157223796034,3.18198051533946,0,0,2.72209631728045,0.424264068711929,NA,NA,2015,1993-02-12,NA,NA,NA,NA
"Samson Ebukam","SF","LB","13294","weighted",NA,NA,NA,NA,NA,NA,NA,NA,NA,NA,NA,NA,NA,NA,NA,NA,NA,NA,NA,NA,NA,NA,NA,NA,NA,NA,NA,NA,NA,NA,NA,NA,NA,NA,NA,NA,NA,NA,NA,NA,NA,NA,NA,NA,26.2186968838527,11.879393923934,4.1757790368272,0.494974746830584,0,0,2.07365439093484,1.4142135623731,NA,NA,2017,1995-05-09,"Q","Knee",2021,0
"Cody Barton","SEA","LB","14217","weighted",NA,NA,NA,NA,NA,NA,NA,NA,NA,NA,NA,NA,NA,NA,NA,NA,NA,NA,NA,NA,NA,NA,NA,NA,NA,NA,NA,NA,NA,NA,NA,NA,NA,NA,NA,NA,NA,NA,NA,NA,NA,NA,NA,NA,28.9832861189802,6.08111831820431,0.41685552407932,0.636396103067893,0,0,2.73271954674221,4.17193000900063,NA,NA,2019,1996-11-13,NA,NA,NA,NA
"Justin Houston","BAL","LB","10277","weighted",NA,NA,NA,NA,NA,NA,NA,NA,NA,NA,NA,NA,NA,NA,NA,NA,NA,NA,NA,NA,NA,NA,NA,NA,NA,NA,NA,NA,NA,NA,NA,NA,NA,NA,NA,NA,NA,NA,NA,NA,NA,NA,NA,NA,30.7767705382436,3.39411254969543,7.62832861189802,4.3840620433566,0.231586402266289,0.353553390593274,2.21260623229462,1.20208152801713,NA,NA,2011,1989-01-21,NA,NA,NA,NA
"Reggie Ragland","NYG","LB","12703","weighted",NA,NA,NA,NA,NA,NA,NA,NA,NA,NA,NA,NA,NA,NA,NA,NA,NA,NA,NA,NA,NA,NA,NA,NA,NA,NA,NA,NA,NA,NA,NA,NA,NA,NA,NA,NA,NA,NA,NA,NA,NA,NA,NA,NA,27.3029745042493,8.69741340859454,1.07828611898017,1.40714249456123,0,0,1.41685552407932,0.636396103067893,NA,NA,2016,1993-09-24,NA,NA,NA,NA
"Ben Niemann","KC","LB","13913","weighted",NA,NA,NA,NA,NA,NA,NA,NA,NA,NA,NA,NA,NA,NA,NA,NA,NA,NA,NA,NA,NA,NA,NA,NA,NA,NA,NA,NA,NA,NA,NA,NA,NA,NA,NA,NA,NA,NA,NA,NA,NA,NA,NA,NA,28.2756373937677,7.21248916810279,0.907365439093485,0.14142135623731,0,0,0.555354107648725,0.678822509939086,NA,NA,2018,1970-01-01,"Q","Hamstring",2021,0
"Quincy Williams","JAC","LB","14221","weighted",NA,NA,NA,NA,NA,NA,NA,NA,NA,NA,NA,NA,NA,NA,NA,NA,NA,NA,NA,NA,NA,NA,NA,NA,NA,NA,NA,NA,NA,NA,NA,NA,NA,NA,NA,NA,NA,NA,NA,NA,NA,NA,NA,NA,24.6165722379603,12.7986327394765,0,0,0,0,0.629461756373938,0.565685424949238,NA,NA,2019,1996-08-28,NA,NA,NA,NA
"Jordan Evans","CIN","LB","13327","weighted",NA,NA,NA,NA,NA,NA,NA,NA,NA,NA,NA,NA,NA,NA,NA,NA,NA,NA,NA,NA,NA,NA,NA,NA,NA,NA,NA,NA,NA,NA,NA,NA,NA,NA,NA,NA,NA,NA,NA,NA,NA,NA,NA,NA,22.1344192634561,15.0613744392735,1.90736543909348,0.14142135623731,1.09263456090652,0.14142135623731,2.16628895184136,1.27279220613579,NA,NA,2017,NA,NA,NA,NA,NA
"Andrew Van Ginkel","MIA","LB","14249","weighted",NA,NA,NA,NA,NA,NA,NA,NA,NA,NA,NA,NA,NA,NA,NA,NA,NA,NA,NA,NA,NA,NA,NA,NA,NA,NA,NA,NA,NA,NA,NA,NA,NA,NA,NA,NA,NA,NA,NA,NA,NA,NA,NA,NA,26.0630311614731,6.01040764008566,4.12946175637394,0.565685424949238,0,0,3.74943342776204,1.90918830920368,NA,NA,2019,1995-07-01,NA,NA,NA,NA
"Melvin Ingram","PIT","LB","10749","weighted",NA,NA,NA,NA,NA,NA,NA,NA,NA,NA,NA,NA,NA,NA,NA,NA,NA,NA,NA,NA,NA,NA,NA,NA,NA,NA,NA,NA,NA,NA,NA,NA,NA,NA,NA,NA,NA,NA,NA,NA,NA,NA,NA,NA,22.2376770538244,10.3237590053236,4.36940509915014,3.25269119345812,0.277903682719547,0.424264068711929,2.35155807365439,0.989949493661167,NA,NA,2012,1989-04-26,NA,NA,NA,NA
"Joe Thomas","HOU","LB","12525","weighted",NA,NA,NA,NA,NA,NA,NA,NA,NA,NA,NA,NA,NA,NA,NA,NA,NA,NA,NA,NA,NA,NA,NA,NA,NA,NA,NA,NA,NA,NA,NA,NA,NA,NA,NA,NA,NA,NA,NA,NA,NA,NA,NA,NA,20.2946175637394,5.65685424949238,0.268413597733711,0.353553390593274,0,0,1.27790368271955,0.424264068711929,NA,NA,NA,NA,NA,NA,NA,NA
"Robert Quinn","CHI","LB","10269","weighted",NA,NA,NA,NA,NA,NA,NA,NA,NA,NA,NA,NA,NA,NA,NA,NA,NA,NA,NA,NA,NA,NA,NA,NA,NA,NA,NA,NA,NA,NA,NA,NA,NA,NA,NA,NA,NA,NA,NA,NA,NA,NA,NA,NA,21.4252124645892,2.40416305603426,4.20311614730878,1.97989898732233,0,0,1.61048158640227,2.12132034355964,NA,NA,2011,1990-05-18,"Q","Ankle",2021,0
"Budda Baker","ARI","DB","13251","weighted",NA,NA,NA,NA,NA,NA,NA,NA,NA,NA,NA,NA,NA,NA,NA,NA,NA,NA,NA,NA,NA,NA,NA,NA,NA,NA,NA,NA,NA,NA,NA,NA,NA,NA,NA,NA,NA,NA,NA,NA,NA,NA,NA,NA,105.212490272374,22.2246455793321,1.85420233463035,0.709566711208158,0.992762645914397,0.18527569142444,5.91710116731518,0.18297740279401,NA,NA,2017,1996-01-10,NA,NA,NA,NA
"Jordan Poyer","BUF","DB","11317","weighted",NA,NA,NA,NA,NA,NA,NA,NA,NA,NA,NA,NA,NA,NA,NA,NA,NA,NA,NA,NA,NA,NA,NA,NA,NA,NA,NA,NA,NA,NA,NA,NA,NA,NA,NA,NA,NA,NA,NA,NA,NA,NA,NA,NA,89.9006614785992,19.2109433969033,1.60624513618677,0.595808820224179,1.54505836575875,0.433464524368929,5.1836186770428,2.64319167225449,NA,NA,2013,1991-04-25,NA,NA,NA,NA
"John Johnson","CLE","DB","13274","weighted",NA,NA,NA,NA,NA,NA,NA,NA,NA,NA,NA,NA,NA,NA,NA,NA,NA,NA,NA,NA,NA,NA,NA,NA,NA,NA,NA,NA,NA,NA,NA,NA,NA,NA,NA,NA,NA,NA,NA,NA,NA,NA,NA,NA,87.5288326848249,16.3231030970203,0.222665369649805,0.399851277634409,1.66408560311284,0.410304233471194,9.41603112840467,3.04653354337207,NA,NA,2017,1994-01-01,NA,NA,NA,NA
"Adrian Phillips","NE","DB","12088","weighted",NA,NA,NA,NA,NA,NA,NA,NA,NA,NA,NA,NA,NA,NA,NA,NA,NA,NA,NA,NA,NA,NA,NA,NA,NA,NA,NA,NA,NA,NA,NA,NA,NA,NA,NA,NA,NA,NA,NA,NA,NA,NA,NA,NA,81.1896303501945,19.3754011051494,1.20988326848249,0.278128642587194,1.77350194552529,0.263392646372044,5.69548638132296,2.48452249656293,NA,NA,2014,1992-03-28,NA,NA,NA,NA
"Kevin Byard","TEN","DB","12752","weighted",NA,NA,NA,NA,NA,NA,NA,NA,NA,NA,NA,NA,NA,NA,NA,NA,NA,NA,NA,NA,NA,NA,NA,NA,NA,NA,NA,NA,NA,NA,NA,NA,NA,NA,NA,NA,NA,NA,NA,NA,NA,NA,NA,NA,85.2567315175097,16.736032638266,0.375038910505837,0.585829186872802,2.65591439688716,1.26610511700632,7.86317120622568,2.11261351110296,NA,NA,2016,1993-08-17,NA,NA,NA,NA
"Justin Simmons","DEN","DB","12767","weighted",NA,NA,NA,NA,NA,NA,NA,NA,NA,NA,NA,NA,NA,NA,NA,NA,NA,NA,NA,NA,NA,NA,NA,NA,NA,NA,NA,NA,NA,NA,NA,NA,NA,NA,NA,NA,NA,NA,NA,NA,NA,NA,NA,NA,84.8385603112841,13.3173733889676,0.0375875486381323,0.068262013622568,4.13784046692607,1.10579141029208,10.3740272373541,1.22198431045158,NA,NA,2016,1993-11-19,NA,NA,NA,NA
"Tracy Walker","DET","DB","13747","weighted",NA,NA,NA,NA,NA,NA,NA,NA,NA,NA,NA,NA,NA,NA,NA,NA,NA,NA,NA,NA,NA,NA,NA,NA,NA,NA,NA,NA,NA,NA,NA,NA,NA,NA,NA,NA,NA,NA,NA,NA,NA,NA,NA,NA,81.466186770428,16.2132024614702,0.906770428015564,0.665694256533038,1.05249027237354,0.86868271567513,5.50412451361868,0.739299905310538,NA,NA,2018,1995-02-01,NA,NA,NA,NA
"Vonn Bell","CIN","DB","12718","weighted",NA,NA,NA,NA,NA,NA,NA,NA,NA,NA,NA,NA,NA,NA,NA,NA,NA,NA,NA,NA,NA,NA,NA,NA,NA,NA,NA,NA,NA,NA,NA,NA,NA,NA,NA,NA,NA,NA,NA,NA,NA,NA,NA,NA,79.6904474708171,15.5309486227358,1.12192607003891,0.829931073956985,1.01636186770428,0.516702790107674,4.78317120622568,0.852875235972512,NA,NA,2016,1994-12-12,NA,NA,NA,NA
"Jamal Adams","SEA","DB","13230","weighted",NA,NA,NA,NA,NA,NA,NA,NA,NA,NA,NA,NA,NA,NA,NA,NA,NA,NA,NA,NA,NA,NA,NA,NA,NA,NA,NA,NA,NA,NA,NA,NA,NA,NA,NA,NA,NA,NA,NA,NA,NA,NA,NA,NA,83.514513618677,10.268274073122,7.77498054474708,2.38871100039456,0.972782101167315,0.240106962106096,9.26003891050584,0.905574666436793,NA,NA,2017,1995-10-17,NA,NA,NA,NA
"Derwin James","LAC","DB","13714","weighted",NA,NA,NA,NA,NA,NA,NA,NA,NA,NA,NA,NA,NA,NA,NA,NA,NA,NA,NA,NA,NA,NA,NA,NA,NA,NA,NA,NA,NA,NA,NA,NA,NA,NA,NA,NA,NA,NA,NA,NA,NA,NA,NA,NA,78.3941439688716,12.4335386173475,1.62700389105058,2.22956178144134,2.81212062256809,1.57876621395201,8.99725680933852,4.11447602140216,NA,NA,2018,1996-08-03,NA,NA,NA,NA
"Adrian Amos","GB","DB","12308","weighted",NA,NA,NA,NA,NA,NA,NA,NA,NA,NA,NA,NA,NA,NA,NA,NA,NA,NA,NA,NA,NA,NA,NA,NA,NA,NA,NA,NA,NA,NA,NA,NA,NA,NA,NA,NA,NA,NA,NA,NA,NA,NA,NA,NA,76.8248054474708,12.5690979619717,1.74023346303502,0.305871757078032,2.55998054474708,0.647995630504452,9.87620622568094,1.64001684964089,NA,NA,2015,1993-04-29,NA,NA,NA,NA
"Malcolm Jenkins","NO","DB","9430","weighted",NA,NA,NA,NA,NA,NA,NA,NA,NA,NA,NA,NA,NA,NA,NA,NA,NA,NA,NA,NA,NA,NA,NA,NA,NA,NA,NA,NA,NA,NA,NA,NA,NA,NA,NA,NA,NA,NA,NA,NA,NA,NA,NA,NA,77.9535992217899,11.926550112973,2.43108949416342,0.125147024974708,2.42313229571984,0.397659073956712,9.81451361867704,1.49579352356115,NA,NA,2009,1987-12-20,NA,NA,NA,NA
"Kareem Jackson","DEN","DB","9861","weighted",NA,NA,NA,NA,NA,NA,NA,NA,NA,NA,NA,NA,NA,NA,NA,NA,NA,NA,NA,NA,NA,NA,NA,NA,NA,NA,NA,NA,NA,NA,NA,NA,NA,NA,NA,NA,NA,NA,NA,NA,NA,NA,NA,NA,76.1903501945525,12.2276037270565,0.368677042801556,0.591710827167944,2.18939688715953,0.177513248150383,8.0477626459144,2.07306068791399,NA,NA,2010,1988-04-10,NA,NA,NA,NA
"Logan Ryan","NYG","DB","11316","weighted",NA,NA,NA,NA,NA,NA,NA,NA,NA,NA,NA,NA,NA,NA,NA,NA,NA,NA,NA,NA,NA,NA,NA,NA,NA,NA,NA,NA,NA,NA,NA,NA,NA,NA,NA,NA,NA,NA,NA,NA,NA,NA,NA,NA,70.5908365758755,16.9124499674281,1.69083657587549,0.788112237588239,2.07992217898833,1.69725154625584,8.95272373540856,1.48974329630745,NA,NA,2013,1991-02-09,NA,NA,NA,NA
"Justin Reid","HOU","DB","13717","weighted",NA,NA,NA,NA,NA,NA,NA,NA,NA,NA,NA,NA,NA,NA,NA,NA,NA,NA,NA,NA,NA,NA,NA,NA,NA,NA,NA,NA,NA,NA,NA,NA,NA,NA,NA,NA,NA,NA,NA,NA,NA,NA,NA,NA,77.4516342412451,10.9617005759678,1.29060311284047,0.275144384398878,1.33735408560311,0.622976755932774,7.41453307392996,3.6232163788491,NA,NA,2018,1997-02-15,NA,NA,NA,NA
"Rayshawn Jenkins","JAC","DB","13288","weighted",NA,NA,NA,NA,NA,NA,NA,NA,NA,NA,NA,NA,NA,NA,NA,NA,NA,NA,NA,NA,NA,NA,NA,NA,NA,NA,NA,NA,NA,NA,NA,NA,NA,NA,NA,NA,NA,NA,NA,NA,NA,NA,NA,NA,71.7752124645892,22.5567063198509,0.768413597733711,0.353553390593274,2.18526912181303,0.282842712474619,7.3242209631728,0.494974746830584,NA,NA,2017,1994-01-25,NA,NA,NA,NA
"Daniel Sorensen","KC","DB","11956","weighted",NA,NA,NA,NA,NA,NA,NA,NA,NA,NA,NA,NA,NA,NA,NA,NA,NA,NA,NA,NA,NA,NA,NA,NA,NA,NA,NA,NA,NA,NA,NA,NA,NA,NA,NA,NA,NA,NA,NA,NA,NA,NA,NA,NA,71.7760505836576,16.8164769858406,0.581643968871595,0.861850442487726,2.17157587548638,0.275852450019726,5.33400778210117,0.896260849719408,NA,NA,2014,1990-03-05,NA,NA,NA,NA
"Marlon Humphrey","BAL","DB","13223","weighted",NA,NA,NA,NA,NA,NA,NA,NA,NA,NA,NA,NA,NA,NA,NA,NA,NA,NA,NA,NA,NA,NA,NA,NA,NA,NA,NA,NA,NA,NA,NA,NA,NA,NA,NA,NA,NA,NA,NA,NA,NA,NA,NA,NA,72.1533073929961,12.7774679935611,2.11326848249027,0.474981260666595,2.20764591439689,1.4166847535717,10.5568677042802,1.35721800952473,NA,NA,2017,1996-07-08,"Q","Lower Body",2021,0
"Eric Rowe","MIA","DB","12275","weighted",NA,NA,NA,NA,NA,NA,NA,NA,NA,NA,NA,NA,NA,NA,NA,NA,NA,NA,NA,NA,NA,NA,NA,NA,NA,NA,NA,NA,NA,NA,NA,NA,NA,NA,NA,NA,NA,NA,NA,NA,NA,NA,NA,NA,73.0517315175097,11.2288942213287,0,0,1.89589494163424,0.847785864803491,8.86651750972763,0.873497365399722,NA,NA,2015,1992-10-03,NA,NA,NA,NA
"Vernon Hargreaves","HOU","DB","12712","weighted",NA,NA,NA,NA,NA,NA,NA,NA,NA,NA,NA,NA,NA,NA,NA,NA,NA,NA,NA,NA,NA,NA,NA,NA,NA,NA,NA,NA,NA,NA,NA,NA,NA,NA,NA,NA,NA,NA,NA,NA,NA,NA,NA,NA,73.9752234206472,14.6441814383734,0.15115562403698,0.212132034355964,1.29460708782743,0.989949493661166,5.6702311248074,0.0424264068711932,NA,NA,2016,NA,NA,NA,NA,NA
"Karl Joseph","LVR","DB","12717","weighted",NA,NA,NA,NA,NA,NA,NA,NA,NA,NA,NA,NA,NA,NA,NA,NA,NA,NA,NA,NA,NA,NA,NA,NA,NA,NA,NA,NA,NA,NA,NA,NA,NA,NA,NA,NA,NA,NA,NA,NA,NA,NA,NA,NA,50.1272957198444,36.1167214485651,0.553015564202335,0.887566240751916,0.9084046692607,0.648861943922538,3.96857976653696,2.94083669174699,NA,NA,2016,NA,NA,NA,NA,NA
"Khari Willis","IND","DB","14226","weighted",NA,NA,NA,NA,NA,NA,NA,NA,NA,NA,NA,NA,NA,NA,NA,NA,NA,NA,NA,NA,NA,NA,NA,NA,NA,NA,NA,NA,NA,NA,NA,NA,NA,NA,NA,NA,NA,NA,NA,NA,NA,NA,NA,NA,70.8382436260623,16.5462986797652,2.54631728045326,0.0707106781186548,2.86104815864023,0.212132034355964,8.09263456090652,0.141421356237309,NA,NA,2019,1970-01-01,NA,NA,NA,NA
"Jabrill Peppers","NYG","DB","13231","weighted",NA,NA,NA,NA,NA,NA,NA,NA,NA,NA,NA,NA,NA,NA,NA,NA,NA,NA,NA,NA,NA,NA,NA,NA,NA,NA,NA,NA,NA,NA,NA,NA,NA,NA,NA,NA,NA,NA,NA,NA,NA,NA,NA,NA,72.8942607003891,9.91482997195664,2.38266536964981,0.639709253756029,1.85056420233463,0.85929016291047,10.4619455252918,0.611545584744544,NA,NA,2017,1995-10-04,NA,NA,NA,NA
"Chuck Clark","BAL","DB","13322","weighted",NA,NA,NA,NA,NA,NA,NA,NA,NA,NA,NA,NA,NA,NA,NA,NA,NA,NA,NA,NA,NA,NA,NA,NA,NA,NA,NA,NA,NA,NA,NA,NA,NA,NA,NA,NA,NA,NA,NA,NA,NA,NA,NA,NA,64.6167509727626,13.9998329855565,1.62675097276265,0.153652571661206,1.74791828793774,0.971338692362351,7.39614785992218,1.504355686068,NA,NA,2017,1995-04-19,NA,NA,NA,NA
"Johnathan Abram","LVR","DB","14184","weighted",NA,NA,NA,NA,NA,NA,NA,NA,NA,NA,NA,NA,NA,NA,NA,NA,NA,NA,NA,NA,NA,NA,NA,NA,NA,NA,NA,NA,NA,NA,NA,NA,NA,NA,NA,NA,NA,NA,NA,NA,NA,NA,NA,NA,74.6507082152975,8.62670273047588,0.536827195467422,0.707106781186548,2.18526912181303,0.282842712474619,9.95368271954674,0.0707106781186545,NA,NA,2019,1970-01-01,NA,NA,NA,NA
"Harrison Smith","MIN","DB","10783","weighted",NA,NA,NA,NA,NA,NA,NA,NA,NA,NA,NA,NA,NA,NA,NA,NA,NA,NA,NA,NA,NA,NA,NA,NA,NA,NA,NA,NA,NA,NA,NA,NA,NA,NA,NA,NA,NA,NA,NA,NA,NA,NA,NA,NA,66.7820622568093,12.8859437384497,1.40531128404669,1.03440253537205,3.77206225680934,0.812864960763186,10.0238715953307,0.356388728572749,NA,NA,2012,1989-02-02,NA,NA,NA,NA
"Jessie Bates","CIN","DB","13737","weighted",NA,NA,NA,NA,NA,NA,NA,NA,NA,NA,NA,NA,NA,NA,NA,NA,NA,NA,NA,NA,NA,NA,NA,NA,NA,NA,NA,NA,NA,NA,NA,NA,NA,NA,NA,NA,NA,NA,NA,NA,NA,NA,NA,NA,77.2695467422096,3.46482322781409,0,0,3.37053824362606,0.565685424949238,13.5558073654391,0.848528137423857,NA,NA,2018,1997-02-26,NA,NA,NA,NA
"Tre Herndon","JAC","DB","13914","weighted",NA,NA,NA,NA,NA,NA,NA,NA,NA,NA,NA,NA,NA,NA,NA,NA,NA,NA,NA,NA,NA,NA,NA,NA,NA,NA,NA,NA,NA,NA,NA,NA,NA,NA,NA,NA,NA,NA,NA,NA,NA,NA,NA,NA,67.2788906009245,17.6423141906044,0.672542372881356,0.466690475583121,1.08545454545455,0.834386001800126,5.30838212634823,0.29698484809835,NA,NA,2018,1970-01-01,"Q","Knee",2021,0
"Erik Harris","ATL","DB","12910","weighted",NA,NA,NA,NA,NA,NA,NA,NA,NA,NA,NA,NA,NA,NA,NA,NA,NA,NA,NA,NA,NA,NA,NA,NA,NA,NA,NA,NA,NA,NA,NA,NA,NA,NA,NA,NA,NA,NA,NA,NA,NA,NA,NA,NA,64.3864098613251,19.9333401616488,0.468351309707242,0.615182899632296,0.883143297380586,1.25865007051205,6.43583975346687,0.763675323681471,NA,NA,2015,1990-04-02,NA,NA,NA,NA
"Jonathan Jones","NE","DB","12988","weighted",NA,NA,NA,NA,NA,NA,NA,NA,NA,NA,NA,NA,NA,NA,NA,NA,NA,NA,NA,NA,NA,NA,NA,NA,NA,NA,NA,NA,NA,NA,NA,NA,NA,NA,NA,NA,NA,NA,NA,NA,NA,NA,NA,NA,68.0347611710324,14.7290342521158,0,0,1.78930662557781,0.127279220613579,6.68246533127889,0.45254833995939,NA,NA,2016,1993-09-20,"Q","Undisclosed",2021,0
"Terrell Edmunds","PIT","DB","13716","weighted",NA,NA,NA,NA,NA,NA,NA,NA,NA,NA,NA,NA,NA,NA,NA,NA,NA,NA,NA,NA,NA,NA,NA,NA,NA,NA,NA,NA,NA,NA,NA,NA,NA,NA,NA,NA,NA,NA,NA,NA,NA,NA,NA,NA,65.7842607003891,12.2362854915874,0.969396887159533,0.500735914950615,2.01013618677043,0.964342531918779,8.34774319066148,2.53408472183185,NA,NA,2018,1997-01-20,NA,NA,NA,NA
"Duron Harmon","ATL","DB","11359","weighted",NA,NA,NA,NA,NA,NA,NA,NA,NA,NA,NA,NA,NA,NA,NA,NA,NA,NA,NA,NA,NA,NA,NA,NA,NA,NA,NA,NA,NA,NA,NA,NA,NA,NA,NA,NA,NA,NA,NA,NA,NA,NA,NA,NA,59.7941926345609,24.1123412384613,0.185269121813031,0.282842712474619,2.50949008498584,0.777817459305203,7.50949008498584,0.777817459305202,NA,NA,2013,1991-01-24,NA,NA,NA,NA
"Marcus Maye","NYJ","DB","13252","weighted",NA,NA,NA,NA,NA,NA,NA,NA,NA,NA,NA,NA,NA,NA,NA,NA,NA,NA,NA,NA,NA,NA,NA,NA,NA,NA,NA,NA,NA,NA,NA,NA,NA,NA,NA,NA,NA,NA,NA,NA,NA,NA,NA,NA,63.5439494163424,17.741611543463,1.42941634241245,0.409785019737918,2.00433852140078,0.947405302826174,9.80778210116731,2.40396066701006,NA,NA,2017,1994-01-01,NA,NA,NA,NA
"Jimmie Ward","SF","DB","11768","weighted",NA,NA,NA,NA,NA,NA,NA,NA,NA,NA,NA,NA,NA,NA,NA,NA,NA,NA,NA,NA,NA,NA,NA,NA,NA,NA,NA,NA,NA,NA,NA,NA,NA,NA,NA,NA,NA,NA,NA,NA,NA,NA,NA,NA,60.1580350194553,15.4063506712125,0.368677042801556,0.591710827167944,0.971050583657588,0.74110276569776,6.33784046692607,0.637594137030038,NA,NA,2014,1991-07-18,NA,NA,NA,NA
"Anthony Harris","PHI","DB","12252","weighted",NA,NA,NA,NA,NA,NA,NA,NA,NA,NA,NA,NA,NA,NA,NA,NA,NA,NA,NA,NA,NA,NA,NA,NA,NA,NA,NA,NA,NA,NA,NA,NA,NA,NA,NA,NA,NA,NA,NA,NA,NA,NA,NA,NA,69.530719844358,10.0412383591512,0,0,1.90986381322957,0.360842021586233,9.09926070038911,0.362939468396528,NA,NA,2015,1992-06-04,NA,NA,NA,NA
"Donovan Wilson","DAL","DB","14283","weighted",NA,NA,NA,NA,NA,NA,NA,NA,NA,NA,NA,NA,NA,NA,NA,NA,NA,NA,NA,NA,NA,NA,NA,NA,NA,NA,NA,NA,NA,NA,NA,NA,NA,NA,NA,NA,NA,NA,NA,NA,NA,NA,NA,NA,62.7372521246459,19.4454364826301,3.78739376770538,1.20208152801713,2.15793201133144,1.76776695296637,5.97266288951841,1.48492424049175,NA,NA,2019,1970-01-01,"Q","Groin",2021,0
"Damontae Kazee","DAL","DB","13301","weighted",NA,NA,NA,NA,NA,NA,NA,NA,NA,NA,NA,NA,NA,NA,NA,NA,NA,NA,NA,NA,NA,NA,NA,NA,NA,NA,NA,NA,NA,NA,NA,NA,NA,NA,NA,NA,NA,NA,NA,NA,NA,NA,NA,NA,60.6046887159533,13.9666277966146,0.39375486381323,0.59580882022418,1.84291828793774,2.06274816906175,5.57885214007782,4.23756938136499,NA,NA,2017,1993-06-05,NA,"Illness",2021,0
"Kyle Fuller","DEN","DB","11764","weighted",NA,NA,NA,NA,NA,NA,NA,NA,NA,NA,NA,NA,NA,NA,NA,NA,NA,NA,NA,NA,NA,NA,NA,NA,NA,NA,NA,NA,NA,NA,NA,NA,NA,NA,NA,NA,NA,NA,NA,NA,NA,NA,NA,NA,67.1500778210117,8.74784678421732,0.00626459143968872,0.011377002270428,2.24817120622568,1.75293278439838,9.99033073929961,5.75072795993998,NA,NA,2014,1992-02-16,NA,NA,NA,NA
"Jourdan Lewis","DAL","DB","13227","weighted",NA,NA,NA,NA,NA,NA,NA,NA,NA,NA,NA,NA,NA,NA,NA,NA,NA,NA,NA,NA,NA,NA,NA,NA,NA,NA,NA,NA,NA,NA,NA,NA,NA,NA,NA,NA,NA,NA,NA,NA,NA,NA,NA,NA,63.9452696456086,18.3069945649197,1.95953775038521,0.0848528137423858,0.253420647149461,0.289913780286485,2.6159938366718,0.735391052434009,NA,NA,2017,1995-08-31,NA,NA,NA,NA
"Landon Collins","WAS","DB","12250","weighted",NA,NA,NA,NA,NA,NA,NA,NA,NA,NA,NA,NA,NA,NA,NA,NA,NA,NA,NA,NA,NA,NA,NA,NA,NA,NA,NA,NA,NA,NA,NA,NA,NA,NA,NA,NA,NA,NA,NA,NA,NA,NA,NA,NA,71.5376653696498,5.59530539264003,2.32217898832685,0.657781929800073,1.77398832684825,0.33025163018463,5.64249027237354,3.48218018094662,NA,NA,2015,1994-01-10,NA,NA,NA,NA
"Minkah Fitzpatrick","PIT","DB","13713","weighted",NA,NA,NA,NA,NA,NA,NA,NA,NA,NA,NA,NA,NA,NA,NA,NA,NA,NA,NA,NA,NA,NA,NA,NA,NA,NA,NA,NA,NA,NA,NA,NA,NA,NA,NA,NA,NA,NA,NA,NA,NA,NA,NA,NA,64.2735603112841,10.4016950665846,0,0,4.00480544747082,0.302122824953609,10.3935019455253,1.50633734466104,NA,NA,2018,1996-11-17,NA,NA,NA,NA
"Avonte Maddox","PHI","DB","13767","weighted",NA,NA,NA,NA,NA,NA,NA,NA,NA,NA,NA,NA,NA,NA,NA,NA,NA,NA,NA,NA,NA,NA,NA,NA,NA,NA,NA,NA,NA,NA,NA,NA,NA,NA,NA,NA,NA,NA,NA,NA,NA,NA,NA,NA,62.6119876733436,19.8272741444708,0.0198459167950693,0.0282842712474619,0.835839753466872,0.763675323681471,6.98545454545454,0.834386001800126,NA,NA,2018,1996-03-31,NA,NA,NA,NA
"Juston Burris","CAR","DB","12781","weighted",NA,NA,NA,NA,NA,NA,NA,NA,NA,NA,NA,NA,NA,NA,NA,NA,NA,NA,NA,NA,NA,NA,NA,NA,NA,NA,NA,NA,NA,NA,NA,NA,NA,NA,NA,NA,NA,NA,NA,NA,NA,NA,NA,NA,69.462157164869,8.78226622233692,0,0,1.56184899845917,0.339411254969543,6.98212634822804,1.30814754519511,NA,NA,2016,1993-08-04,"Q","Hip",2021,0
"Robert Alford","ARI","DB","11351","weighted",NA,NA,NA,NA,NA,NA,NA,NA,NA,NA,NA,NA,NA,NA,NA,NA,NA,NA,NA,NA,NA,NA,NA,NA,NA,NA,NA,NA,NA,NA,NA,NA,NA,NA,NA,NA,NA,NA,NA,NA,NA,NA,NA,NA,55.3247859922179,22.6174702580042,0,0,0.931556420233463,1.04597745580712,7.39472762645914,8.06562613697314,NA,NA,2013,1988-11-01,NA,"Undisclosed",2021,0
"Tyrann Mathieu","KC","DB","11313","weighted",NA,NA,NA,NA,NA,NA,NA,NA,NA,NA,NA,NA,NA,NA,NA,NA,NA,NA,NA,NA,NA,NA,NA,NA,NA,NA,NA,NA,NA,NA,NA,NA,NA,NA,NA,NA,NA,NA,NA,NA,NA,NA,NA,NA,65.4148443579767,7.76946370846585,1.08628404669261,0.921804371910111,3.42464980544747,1.64696397490887,11.2255642023346,0.838112947484462,NA,NA,2013,1992-05-13,NA,NA,NA,NA
"Byron Jones","MIA","DB","12268","weighted",NA,NA,NA,NA,NA,NA,NA,NA,NA,NA,NA,NA,NA,NA,NA,NA,NA,NA,NA,NA,NA,NA,NA,NA,NA,NA,NA,NA,NA,NA,NA,NA,NA,NA,NA,NA,NA,NA,NA,NA,NA,NA,NA,NA,55.8460092449923,26.4316514807532,0,0,1.95115562403698,0.212132034355964,5.02634822804314,0.247487373415292,NA,NA,2015,1992-08-26,NA,NA,NA,NA
"Patrick Peterson","MIN","DB","10260","weighted",NA,NA,NA,NA,NA,NA,NA,NA,NA,NA,NA,NA,NA,NA,NA,NA,NA,NA,NA,NA,NA,NA,NA,NA,NA,NA,NA,NA,NA,NA,NA,NA,NA,NA,NA,NA,NA,NA,NA,NA,NA,NA,NA,NA,59.5634435797665,13.5116279432788,0.465778210116732,0.522988727903561,1.64480544747082,0.469684071460701,8.07560311284047,1.2979959386654,NA,NA,2011,1990-07-11,NA,NA,NA,NA
"Tre Flowers","SEA","DB","13778","weighted",NA,NA,NA,NA,NA,NA,NA,NA,NA,NA,NA,NA,NA,NA,NA,NA,NA,NA,NA,NA,NA,NA,NA,NA,NA,NA,NA,NA,NA,NA,NA,NA,NA,NA,NA,NA,NA,NA,NA,NA,NA,NA,NA,NA,62.9888910505837,11.412588750696,0.659766536964981,0.346843605285243,1.3002140077821,0.631366224071134,6.33933852140078,1.97045843740289,NA,NA,2018,1995-06-02,NA,NA,NA,NA
"Jason Verrett","SF","DB","11765","weighted",NA,NA,NA,NA,NA,NA,NA,NA,NA,NA,NA,NA,NA,NA,NA,NA,NA,NA,NA,NA,NA,NA,NA,NA,NA,NA,NA,NA,NA,NA,NA,NA,NA,NA,NA,NA,NA,NA,NA,NA,NA,NA,NA,NA,60.0054853620955,20.1030457891335,0,0,2.49152542372881,1.5556349186104,6.46218798151002,0.51618795026618,NA,NA,2014,1991-05-13,"Q","Undisclosed",2021,0
"Micah Hyde","BUF","DB","11382","weighted",NA,NA,NA,NA,NA,NA,NA,NA,NA,NA,NA,NA,NA,NA,NA,NA,NA,NA,NA,NA,NA,NA,NA,NA,NA,NA,NA,NA,NA,NA,NA,NA,NA,NA,NA,NA,NA,NA,NA,NA,NA,NA,NA,NA,62.4704085603113,9.78478608942009,0,0,1.60332684824903,1.11617797379461,6.57974708171206,2.31417064046847,NA,NA,2013,1990-12-31,NA,NA,NA,NA
"Adoree Jackson","NYG","DB","13226","weighted",NA,NA,NA,NA,NA,NA,NA,NA,NA,NA,NA,NA,NA,NA,NA,NA,NA,NA,NA,NA,NA,NA,NA,NA,NA,NA,NA,NA,NA,NA,NA,NA,NA,NA,NA,NA,NA,NA,NA,NA,NA,NA,NA,NA,48.2724708171206,28.6217103661877,0,0,0.650583657587549,0.547309866961125,5.6120233463035,6.0806566873809,NA,NA,2017,1995-09-18,"Q","Ankle",2021,0
"Jimmy Smith","BAL","DB","10294","weighted",NA,NA,NA,NA,NA,NA,NA,NA,NA,NA,NA,NA,NA,NA,NA,NA,NA,NA,NA,NA,NA,NA,NA,NA,NA,NA,NA,NA,NA,NA,NA,NA,NA,NA,NA,NA,NA,NA,NA,NA,NA,NA,NA,NA,52.971063174114,29.175225791757,0.967919876733436,0.381837661840736,0.664838212634823,0.947523086789974,3.17775038520801,2.24859956417322,NA,NA,2011,1988-07-26,"Q","Ankle",2021,0
"Jordan Whitehead","TB","DB","13760","weighted",NA,NA,NA,NA,NA,NA,NA,NA,NA,NA,NA,NA,NA,NA,NA,NA,NA,NA,NA,NA,NA,NA,NA,NA,NA,NA,NA,NA,NA,NA,NA,NA,NA,NA,NA,NA,NA,NA,NA,NA,NA,NA,NA,NA,61.5248443579767,10.2526843239853,1.24842412451362,0.300536307190975,1.22887159533074,0.969281662321926,5.30889105058366,0.879161948917399,NA,NA,2018,1997-03-18,NA,NA,NA,NA
"Kevin King","GB","DB","13250","weighted",NA,NA,NA,NA,NA,NA,NA,NA,NA,NA,NA,NA,NA,NA,NA,NA,NA,NA,NA,NA,NA,NA,NA,NA,NA,NA,NA,NA,NA,NA,NA,NA,NA,NA,NA,NA,NA,NA,NA,NA,NA,NA,NA,NA,64.5898638132296,12.7598320729791,0.368677042801556,0.591710827167944,2.61396887159533,0.406432480381593,9.89284046692607,1.76490469700957,NA,NA,2017,1995-05-05,NA,NA,NA,NA
"Charles Washington","ARI","DB","13468","weighted",NA,NA,NA,NA,NA,NA,NA,NA,NA,NA,NA,NA,NA,NA,NA,NA,NA,NA,NA,NA,NA,NA,NA,NA,NA,NA,NA,NA,NA,NA,NA,NA,NA,NA,NA,NA,NA,NA,NA,NA,NA,NA,NA,NA,36.5195685670262,51.4773736703807,0,0,0.59537750385208,0.848528137423857,2.05559322033898,2.64457936163769,NA,NA,2016,1993-03-10,NA,NA,NA,NA
"Chidobe Awuzie","CIN","DB","13263","weighted",NA,NA,NA,NA,NA,NA,NA,NA,NA,NA,NA,NA,NA,NA,NA,NA,NA,NA,NA,NA,NA,NA,NA,NA,NA,NA,NA,NA,NA,NA,NA,NA,NA,NA,NA,NA,NA,NA,NA,NA,NA,NA,NA,NA,52.1970038910506,18.0878008481726,0,0,1.1691439688716,0.307179061301556,8.36433852140078,1.53677550505182,NA,NA,2017,1995-05-24,NA,NA,NA,NA
"Ricardo Allen","CIN","DB","11814","weighted",NA,NA,NA,NA,NA,NA,NA,NA,NA,NA,NA,NA,NA,NA,NA,NA,NA,NA,NA,NA,NA,NA,NA,NA,NA,NA,NA,NA,NA,NA,NA,NA,NA,NA,NA,NA,NA,NA,NA,NA,NA,NA,NA,NA,37.0700462249615,49.5540432255532,0.0347303543913713,0.0494974746830583,0.854915254237288,0.933380951166243,3.78107858243451,4.39113311116846,NA,NA,2014,1991-12-18,NA,NA,NA,NA
"Jaquiski Tartt","SF","DB","12274","weighted",NA,NA,NA,NA,NA,NA,NA,NA,NA,NA,NA,NA,NA,NA,NA,NA,NA,NA,NA,NA,NA,NA,NA,NA,NA,NA,NA,NA,NA,NA,NA,NA,NA,NA,NA,NA,NA,NA,NA,NA,NA,NA,NA,NA,65.366687211094,9.78635785162182,0.15115562403698,0.212132034355964,1.64508474576271,0.933380951166243,5.72567026194145,1.95868578388674,NA,NA,2015,1992-02-18,NA,NA,NA,NA
"Kendall Fuller","WAS","DB","12714","weighted",NA,NA,NA,NA,NA,NA,NA,NA,NA,NA,NA,NA,NA,NA,NA,NA,NA,NA,NA,NA,NA,NA,NA,NA,NA,NA,NA,NA,NA,NA,NA,NA,NA,NA,NA,NA,NA,NA,NA,NA,NA,NA,NA,NA,53.1939105058366,16.4839394765811,0.0954280155642023,0.17136483327189,2.45250972762646,0.589395709090744,10.5600389105058,1.03888056987091,NA,NA,2016,1995-02-13,NA,NA,NA,NA
"Kenny Moore","IND","DB","13470","weighted",NA,NA,NA,NA,NA,NA,NA,NA,NA,NA,NA,NA,NA,NA,NA,NA,NA,NA,NA,NA,NA,NA,NA,NA,NA,NA,NA,NA,NA,NA,NA,NA,NA,NA,NA,NA,NA,NA,NA,NA,NA,NA,NA,NA,65.6043909348442,8.55599205235722,2.36104815864023,0.212132034355964,2.60212464589235,0.919238815542512,10.3052407932011,1.06066017177982,NA,NA,2017,1995-08-23,NA,NA,NA,NA
"Eddie Jackson","CHI","DB","13229","weighted",NA,NA,NA,NA,NA,NA,NA,NA,NA,NA,NA,NA,NA,NA,NA,NA,NA,NA,NA,NA,NA,NA,NA,NA,NA,NA,NA,NA,NA,NA,NA,NA,NA,NA,NA,NA,NA,NA,NA,NA,NA,NA,NA,NA,66.5390934844193,6.92964645562816,0.536827195467422,0.707106781186548,1.58314447592068,0.636396103067893,8.37889518413598,2.47487373415292,NA,NA,2017,NA,NA,NA,NA,NA
"William Jackson","WAS","DB","12737","weighted",NA,NA,NA,NA,NA,NA,NA,NA,NA,NA,NA,NA,NA,NA,NA,NA,NA,NA,NA,NA,NA,NA,NA,NA,NA,NA,NA,NA,NA,NA,NA,NA,NA,NA,NA,NA,NA,NA,NA,NA,NA,NA,NA,NA,55.0385824345146,22.288005743,0,0,1.65713405238829,2.36173664916307,9.24918335901387,1.06773123959169,NA,NA,2016,1993-01-01,NA,NA,NA,NA
"Darius Slay","PHI","DB","11348","weighted",NA,NA,NA,NA,NA,NA,NA,NA,NA,NA,NA,NA,NA,NA,NA,NA,NA,NA,NA,NA,NA,NA,NA,NA,NA,NA,NA,NA,NA,NA,NA,NA,NA,NA,NA,NA,NA,NA,NA,NA,NA,NA,NA,NA,58.4414591439689,14.0600847643625,0.0698832684824903,0.109461973392225,1.73828793774319,0.62508268486408,11.0149805447471,1.99887644411687,NA,NA,2013,1991-01-01,NA,NA,NA,NA
"Greg Mabin","TEN","DB","13456","weighted",NA,NA,NA,NA,NA,NA,NA,NA,NA,NA,NA,NA,NA,NA,NA,NA,NA,NA,NA,NA,NA,NA,NA,NA,NA,NA,NA,NA,NA,NA,NA,NA,NA,NA,NA,NA,NA,NA,NA,NA,NA,NA,NA,NA,34.8746687211094,48.7055150881294,0,0,0.44653312788906,0.636396103067893,1.99605546995377,2.5597265478953,NA,NA,2017,1970-01-01,"Q","Undisclosed",2021,0
"Tashaun Gipson","CHI","DB","11010","weighted",NA,NA,NA,NA,NA,NA,NA,NA,NA,NA,NA,NA,NA,NA,NA,NA,NA,NA,NA,NA,NA,NA,NA,NA,NA,NA,NA,NA,NA,NA,NA,NA,NA,NA,NA,NA,NA,NA,NA,NA,NA,NA,NA,NA,54.3829377431907,13.0450790492963,0.132529182879377,0.124595351186555,2.29011673151751,0.278128642587194,6.66721789883268,0.411214427583892,NA,NA,2012,1990-08-07,NA,NA,NA,NA
"Marcus Williams","NO","DB","13253","weighted",NA,NA,NA,NA,NA,NA,NA,NA,NA,NA,NA,NA,NA,NA,NA,NA,NA,NA,NA,NA,NA,NA,NA,NA,NA,NA,NA,NA,NA,NA,NA,NA,NA,NA,NA,NA,NA,NA,NA,NA,NA,NA,NA,NA,53.1995914396887,14.6592892580815,0,0,2.60192607003891,0.379281458822813,9.71947470817121,1.59626438975277,NA,NA,2017,1996-09-08,NA,NA,NA,NA
"Stephon Gilmore","NE","DB","10789","weighted",NA,NA,NA,NA,NA,NA,NA,NA,NA,NA,NA,NA,NA,NA,NA,NA,NA,NA,NA,NA,NA,NA,NA,NA,NA,NA,NA,NA,NA,NA,NA,NA,NA,NA,NA,NA,NA,NA,NA,NA,NA,NA,NA,NA,51.2180155642023,15.123212493675,0.0250583657587549,0.045508009081712,2.03902723735409,0.941099665052772,9.97830739299611,4.73702651413087,NA,NA,2012,1990-09-19,NA,"Quadriceps",2021,0
"Lamarcus Joyner","NYJ","DB","11742","weighted",NA,NA,NA,NA,NA,NA,NA,NA,NA,NA,NA,NA,NA,NA,NA,NA,NA,NA,NA,NA,NA,NA,NA,NA,NA,NA,NA,NA,NA,NA,NA,NA,NA,NA,NA,NA,NA,NA,NA,NA,NA,NA,NA,NA,61.3917847025496,9.75807358037436,0.550722379603399,0.685893577750951,1.55580736543909,0.848528137423857,7.45481586402266,3.7476659402887,NA,NA,2014,1990-11-27,NA,NA,NA,NA
"Casey Hayward","LVR","DB","10793","weighted",NA,NA,NA,NA,NA,NA,NA,NA,NA,NA,NA,NA,NA,NA,NA,NA,NA,NA,NA,NA,NA,NA,NA,NA,NA,NA,NA,NA,NA,NA,NA,NA,NA,NA,NA,NA,NA,NA,NA,NA,NA,NA,NA,NA,49.1758754863813,16.7248564945094,0,0,1.38747081712062,0.574840125649554,8.78027237354086,2.141274061011,NA,NA,2012,1989-09-09,NA,NA,NA,NA
"Kendall Sheffield","ATL","DB","14228","weighted",NA,NA,NA,NA,NA,NA,NA,NA,NA,NA,NA,NA,NA,NA,NA,NA,NA,NA,NA,NA,NA,NA,NA,NA,NA,NA,NA,NA,NA,NA,NA,NA,NA,NA,NA,NA,NA,NA,NA,NA,NA,NA,NA,NA,49.4416342412451,16.9165827529736,0,0,0.509863813229572,0.565349565525567,3.88964980544747,1.05229675864295,NA,NA,2019,1970-01-01,NA,NA,NA,NA
"Darryl Roberts","WAS","DB","12379","weighted",NA,NA,NA,NA,NA,NA,NA,NA,NA,NA,NA,NA,NA,NA,NA,NA,NA,NA,NA,NA,NA,NA,NA,NA,NA,NA,NA,NA,NA,NA,NA,NA,NA,NA,NA,NA,NA,NA,NA,NA,NA,NA,NA,NA,35.2526964560863,45.3962553521763,0,0,0.983143297380585,1.25865007051205,3.76619414483821,4.36991990773286,NA,NA,NA,NA,NA,NA,NA,NA
"Marshon Lattimore","NO","DB","13224","weighted",NA,NA,NA,NA,NA,NA,NA,NA,NA,NA,NA,NA,NA,NA,NA,NA,NA,NA,NA,NA,NA,NA,NA,NA,NA,NA,NA,NA,NA,NA,NA,NA,NA,NA,NA,NA,NA,NA,NA,NA,NA,NA,NA,NA,55.6885019455253,9.71825712517249,0,0,2.23033073929961,0.687666631389188,13.0709143968872,1.56058633342394,NA,NA,2017,1996-05-19,NA,NA,NA,NA
"Charvarius Ward","KC","DB","13920","weighted",NA,NA,NA,NA,NA,NA,NA,NA,NA,NA,NA,NA,NA,NA,NA,NA,NA,NA,NA,NA,NA,NA,NA,NA,NA,NA,NA,NA,NA,NA,NA,NA,NA,NA,NA,NA,NA,NA,NA,NA,NA,NA,NA,NA,59.9118482490272,6.77182138719003,0.657821011673152,0.4087153476172,1.12961089494163,0.606719406141862,7.4284046692607,0.867362895273446,NA,NA,2018,1996-05-16,NA,NA,NA,NA
"Jalen Ramsey","LAR","DB","12711","weighted",NA,NA,NA,NA,NA,NA,NA,NA,NA,NA,NA,NA,NA,NA,NA,NA,NA,NA,NA,NA,NA,NA,NA,NA,NA,NA,NA,NA,NA,NA,NA,NA,NA,NA,NA,NA,NA,NA,NA,NA,NA,NA,NA,NA,56.6395719844358,9.35540953928727,0,0,1.83513618677043,1.19749600630807,11.0000583657588,1.27657070973889,NA,NA,2016,1994-10-24,NA,NA,NA,NA
"Michael Davis","LAC","DB","13479","weighted",NA,NA,NA,NA,NA,NA,NA,NA,NA,NA,NA,NA,NA,NA,NA,NA,NA,NA,NA,NA,NA,NA,NA,NA,NA,NA,NA,NA,NA,NA,NA,NA,NA,NA,NA,NA,NA,NA,NA,NA,NA,NA,NA,NA,59.5891833590139,10.2459772593931,0,0,3.57254237288136,0.466690475583121,14.5681047765794,3.32340187157677,NA,NA,2017,1995-01-06,NA,NA,NA,NA
"Janoris Jenkins","TEN","DB","10779","weighted",NA,NA,NA,NA,NA,NA,NA,NA,NA,NA,NA,NA,NA,NA,NA,NA,NA,NA,NA,NA,NA,NA,NA,NA,NA,NA,NA,NA,NA,NA,NA,NA,NA,NA,NA,NA,NA,NA,NA,NA,NA,NA,NA,NA,59.9183657587549,5.92512273006141,0,0,2.90651750972763,0.258896918635771,11.5315369649805,1.57226439543972,NA,NA,2012,1988-10-29,NA,NA,NA,NA
"Shaq Griffin","JAC","DB","13273","weighted",NA,NA,NA,NA,NA,NA,NA,NA,NA,NA,NA,NA,NA,NA,NA,NA,NA,NA,NA,NA,NA,NA,NA,NA,NA,NA,NA,NA,NA,NA,NA,NA,NA,NA,NA,NA,NA,NA,NA,NA,NA,NA,NA,NA,57.777140077821,8.28902828833642,0,0,2.34309338521401,0.888538665907715,11.2927431906615,0.940740607021224,NA,NA,2017,1994-01-01,NA,NA,NA,NA
"Carlton Davis","TB","DB","13710","weighted",NA,NA,NA,NA,NA,NA,NA,NA,NA,NA,NA,NA,NA,NA,NA,NA,NA,NA,NA,NA,NA,NA,NA,NA,NA,NA,NA,NA,NA,NA,NA,NA,NA,NA,NA,NA,NA,NA,NA,NA,NA,NA,NA,NA,61.9997470817121,6.56772777917048,0.114221789883268,0.158540887520583,3.25155642023346,0.305897507552144,17.7031322957198,0.279772446989389,NA,NA,2018,1996-12-31,NA,NA,NA,NA
"Dane Cruikshank","TEN","DB","13784","weighted",NA,NA,NA,NA,NA,NA,NA,NA,NA,NA,NA,NA,NA,NA,NA,NA,NA,NA,NA,NA,NA,NA,NA,NA,NA,NA,NA,NA,NA,NA,NA,NA,NA,NA,NA,NA,NA,NA,NA,NA,NA,NA,NA,NA,32.9094915254237,46.9023927961037,0,0,1.1144530046225,1.01823376490863,3.00973805855162,3.71938166904124,NA,NA,2018,1995-04-27,NA,NA,NA,NA
"Taylor Rapp","LAR","DB","14186","weighted",NA,NA,NA,NA,NA,NA,NA,NA,NA,NA,NA,NA,NA,NA,NA,NA,NA,NA,NA,NA,NA,NA,NA,NA,NA,NA,NA,NA,NA,NA,NA,NA,NA,NA,NA,NA,NA,NA,NA,NA,NA,NA,NA,NA,62.8504249291785,4.80832611206852,0,0,2.95368271954674,0.0707106781186548,9.41685552407932,0.636396103067893,NA,NA,2019,1970-01-01,NA,NA,NA,NA
"Ahkello Witherspoon","SEA","DB","13266","weighted",NA,NA,NA,NA,NA,NA,NA,NA,NA,NA,NA,NA,NA,NA,NA,NA,NA,NA,NA,NA,NA,NA,NA,NA,NA,NA,NA,NA,NA,NA,NA,NA,NA,NA,NA,NA,NA,NA,NA,NA,NA,NA,NA,NA,44.6363328197226,29.1257283170739,0,0,1.06483821263482,0.947523086789974,6.2144530046225,1.01823376490863,NA,NA,2017,1995-03-21,NA,NA,NA,NA
"Malcolm Butler","ARI","DB","11965","weighted",NA,NA,NA,NA,NA,NA,NA,NA,NA,NA,NA,NA,NA,NA,NA,NA,NA,NA,NA,NA,NA,NA,NA,NA,NA,NA,NA,NA,NA,NA,NA,NA,NA,NA,NA,NA,NA,NA,NA,NA,NA,NA,NA,NA,61.2422096317281,4.94974746830583,0.536827195467422,0.707106781186548,2.35155807365439,0.989949493661167,10.4252124645892,2.40416305603426,NA,NA,2014,1990-03-02,NA,"Undisclosed",2021,0
"Johnathan Ford","JAC","DB","13339","weighted",NA,NA,NA,NA,NA,NA,NA,NA,NA,NA,NA,NA,NA,NA,NA,NA,NA,NA,NA,NA,NA,NA,NA,NA,NA,NA,NA,NA,NA,NA,NA,NA,NA,NA,NA,NA,NA,NA,NA,NA,NA,NA,NA,NA,52.3640061633282,17.6211009871688,0.201540832049307,0.282842712474619,2.25722650231125,0.509116882454314,6.09605546995378,2.5597265478953,NA,NA,2017,1994-11-01,NA,NA,NA,NA
"Xavier Rhodes","IND","DB","11314","weighted",NA,NA,NA,NA,NA,NA,NA,NA,NA,NA,NA,NA,NA,NA,NA,NA,NA,NA,NA,NA,NA,NA,NA,NA,NA,NA,NA,NA,NA,NA,NA,NA,NA,NA,NA,NA,NA,NA,NA,NA,NA,NA,NA,NA,49.9498443579767,12.1782789615822,0,0,2.59173151750973,1.70085551959205,11.101420233463,0.558727422271913,NA,NA,2013,1990-06-19,NA,NA,NA,NA
"Bashaud Breeland","MIN","DB","11788","weighted",NA,NA,NA,NA,NA,NA,NA,NA,NA,NA,NA,NA,NA,NA,NA,NA,NA,NA,NA,NA,NA,NA,NA,NA,NA,NA,NA,NA,NA,NA,NA,NA,NA,NA,NA,NA,NA,NA,NA,NA,NA,NA,NA,NA,51.6062249614792,17.66352739404,0,0,2.53550077041602,0.0919238815542511,11.7374730354391,1.3717871555019,NA,NA,2014,1992-01-30,NA,NA,NA,NA
"James Bradberry","NYG","DB","12750","weighted",NA,NA,NA,NA,NA,NA,NA,NA,NA,NA,NA,NA,NA,NA,NA,NA,NA,NA,NA,NA,NA,NA,NA,NA,NA,NA,NA,NA,NA,NA,NA,NA,NA,NA,NA,NA,NA,NA,NA,NA,NA,NA,NA,NA,55.2456225680934,9.96968136382678,0.438560311284047,0.533471012410584,2.57346303501946,0.816007755127048,16.6434046692607,0.733474862946749,NA,NA,2016,1993-08-04,NA,NA,NA,NA
"Denzel Ward","CLE","DB","13707","weighted",NA,NA,NA,NA,NA,NA,NA,NA,NA,NA,NA,NA,NA,NA,NA,NA,NA,NA,NA,NA,NA,NA,NA,NA,NA,NA,NA,NA,NA,NA,NA,NA,NA,NA,NA,NA,NA,NA,NA,NA,NA,NA,NA,NA,55.23046692607,10.7238310628351,0,0,2.5647859922179,0.863435556343961,16.8646887159533,2.61374620771113,NA,NA,2018,1997-04-28,NA,NA,NA,NA
"Jaire Alexander","GB","DB","13730","weighted",NA,NA,NA,NA,NA,NA,NA,NA,NA,NA,NA,NA,NA,NA,NA,NA,NA,NA,NA,NA,NA,NA,NA,NA,NA,NA,NA,NA,NA,NA,NA,NA,NA,NA,NA,NA,NA,NA,NA,NA,NA,NA,NA,NA,54.6583852140078,9.00016084967694,0.671809338521401,0.308215276479333,2.73879377431907,0.693055284706804,15.2583657587549,1.19418726066235,NA,NA,2018,1997-02-09,"Q","Undisclosed",2021,0
"Nasir Adderley","LAC","DB","14185","weighted",NA,NA,NA,NA,NA,NA,NA,NA,NA,NA,NA,NA,NA,NA,NA,NA,NA,NA,NA,NA,NA,NA,NA,NA,NA,NA,NA,NA,NA,NA,NA,NA,NA,NA,NA,NA,NA,NA,NA,NA,NA,NA,NA,NA,61.7137393767705,2.61629509039023,0.0926345609065156,0.14142135623731,0.907365439093485,0.14142135623731,4.95368271954674,0.0707106781186545,NA,NA,2019,1970-01-01,NA,NA,NA,NA
"Troy Hill","CLE","DB","12589","weighted",NA,NA,NA,NA,NA,NA,NA,NA,NA,NA,NA,NA,NA,NA,NA,NA,NA,NA,NA,NA,NA,NA,NA,NA,NA,NA,NA,NA,NA,NA,NA,NA,NA,NA,NA,NA,NA,NA,NA,NA,NA,NA,NA,NA,53.0031906614786,12.5375990489591,0.0636186770428016,0.11424322218126,1.960953307393,0.236721551180264,9.0915953307393,0.648861943922538,NA,NA,NA,NA,"Q","Undisclosed",2021,0
"Terrance Mitchell","HOU","DB","11883","weighted",NA,NA,NA,NA,NA,NA,NA,NA,NA,NA,NA,NA,NA,NA,NA,NA,NA,NA,NA,NA,NA,NA,NA,NA,NA,NA,NA,NA,NA,NA,NA,NA,NA,NA,NA,NA,NA,NA,NA,NA,NA,NA,NA,NA,59.9830155642023,3.03332307289093,0,0,1.13295719844358,1.19538048390562,11.2202140077821,0.980018403573193,NA,NA,2014,1992-05-27,NA,NA,NA,NA
"Sean Bunting","TB","DB","14199","weighted",NA,NA,NA,NA,NA,NA,NA,NA,NA,NA,NA,NA,NA,NA,NA,NA,NA,NA,NA,NA,NA,NA,NA,NA,NA,NA,NA,NA,NA,NA,NA,NA,NA,NA,NA,NA,NA,NA,NA,NA,NA,NA,NA,NA,55.7160056657224,10.2530483272049,0.5,0,3.2042492917847,1.83847763108502,7.60212464589235,0.919238815542513,NA,NA,2019,1997-06-19,NA,NA,NA,NA
"Donte Jackson","CAR","DB","13738","weighted",NA,NA,NA,NA,NA,NA,NA,NA,NA,NA,NA,NA,NA,NA,NA,NA,NA,NA,NA,NA,NA,NA,NA,NA,NA,NA,NA,NA,NA,NA,NA,NA,NA,NA,NA,NA,NA,NA,NA,NA,NA,NA,NA,NA,49.9728793774319,11.8983622644357,0.279766536964981,0.252929767574398,2.81011673151751,0.202901813204325,10.483560311284,1.23144991412896,NA,NA,2018,1995-11-08,NA,NA,NA,NA
"Darius Phillips","CIN","DB","13790","weighted",NA,NA,NA,NA,NA,NA,NA,NA,NA,NA,NA,NA,NA,NA,NA,NA,NA,NA,NA,NA,NA,NA,NA,NA,NA,NA,NA,NA,NA,NA,NA,NA,NA,NA,NA,NA,NA,NA,NA,NA,NA,NA,NA,NA,45.4003389830509,23.8012142547392,0,0,3.7115562403698,2.12132034355964,15.653405238829,7.04985460842988,NA,NA,2018,1995-06-26,NA,NA,NA,NA
"TreDavious White","BUF","DB","13249","weighted",NA,NA,NA,NA,NA,NA,NA,NA,NA,NA,NA,NA,NA,NA,NA,NA,NA,NA,NA,NA,NA,NA,NA,NA,NA,NA,NA,NA,NA,NA,NA,NA,NA,NA,NA,NA,NA,NA,NA,NA,NA,NA,NA,NA,52.9317898832685,8.2513404435572,1.32459143968872,0.318556063571984,3.18986381322957,0.862586361280021,12.8599221789883,2.74629661101184,NA,NA,2017,1995-01-16,NA,NA,NA,NA
"Bradley Roby","HOU","DB","11735","weighted",NA,NA,NA,NA,NA,NA,NA,NA,NA,NA,NA,NA,NA,NA,NA,NA,NA,NA,NA,NA,NA,NA,NA,NA,NA,NA,NA,NA,NA,NA,NA,NA,NA,NA,NA,NA,NA,NA,NA,NA,NA,NA,NA,NA,52.9092607003891,11.3445610976588,0.559533073929961,0.505859535148795,2.43225680933852,0.785013156659533,9.76097276264592,0.284528980812317,NA,NA,2014,1992-05-01,"S","Undisclosed",2021,0
"Ronald Darby","DEN","DB","12276","weighted",NA,NA,NA,NA,NA,NA,NA,NA,NA,NA,NA,NA,NA,NA,NA,NA,NA,NA,NA,NA,NA,NA,NA,NA,NA,NA,NA,NA,NA,NA,NA,NA,NA,NA,NA,NA,NA,NA,NA,NA,NA,NA,NA,NA,47.2423346303502,12.2992447847618,0.368677042801556,0.591710827167944,1.2895719844358,1.45797142002467,11.3798249027237,3.93616419332167,NA,NA,2015,1994-01-02,NA,NA,NA,NA
"Marcus Peters","BAL","DB","12245","weighted",NA,NA,NA,NA,NA,NA,NA,NA,NA,NA,NA,NA,NA,NA,NA,NA,NA,NA,NA,NA,NA,NA,NA,NA,NA,NA,NA,NA,NA,NA,NA,NA,NA,NA,NA,NA,NA,NA,NA,NA,NA,NA,NA,NA,56.0877237354086,6.6981284122513,1.05735408560311,0.119916539189204,3.22363813229572,0.575493666108722,11.019280155642,2.79919683654025,NA,NA,2015,1993-01-09,NA,NA,NA,NA
"Rodney McLeod","PHI","DB","11017","weighted",NA,NA,NA,NA,NA,NA,NA,NA,NA,NA,NA,NA,NA,NA,NA,NA,NA,NA,NA,NA,NA,NA,NA,NA,NA,NA,NA,NA,NA,NA,NA,NA,NA,NA,NA,NA,NA,NA,NA,NA,NA,NA,NA,NA,57.5474504249292,3.88908729652601,1,0,2.09263456090652,0.14142135623731,6.74107648725212,1.13137084989848,NA,NA,2012,1990-06-23,NA,NA,NA,NA
"Joe Haden","PIT","DB","9820","weighted",NA,NA,NA,NA,NA,NA,NA,NA,NA,NA,NA,NA,NA,NA,NA,NA,NA,NA,NA,NA,NA,NA,NA,NA,NA,NA,NA,NA,NA,NA,NA,NA,NA,NA,NA,NA,NA,NA,NA,NA,NA,NA,NA,NA,54.4875875486381,5.61430948269715,0,0,2.31274319066148,0.654049348517973,12.0460116731518,0.271430112042859,NA,NA,2010,1989-04-14,NA,NA,NA,NA
"Darnell Savage","GB","DB","14197","weighted",NA,NA,NA,NA,NA,NA,NA,NA,NA,NA,NA,NA,NA,NA,NA,NA,NA,NA,NA,NA,NA,NA,NA,NA,NA,NA,NA,NA,NA,NA,NA,NA,NA,NA,NA,NA,NA,NA,NA,NA,NA,NA,NA,NA,59.3515580736544,0.989949493661166,1.26841359773371,0.353553390593274,3.23158640226629,0.353553390593274,11.378895184136,2.47487373415292,NA,NA,2019,1997-07-30,NA,NA,NA,NA
"J.C. Jackson","NE","DB","13917","weighted",NA,NA,NA,NA,NA,NA,NA,NA,NA,NA,NA,NA,NA,NA,NA,NA,NA,NA,NA,NA,NA,NA,NA,NA,NA,NA,NA,NA,NA,NA,NA,NA,NA,NA,NA,NA,NA,NA,NA,NA,NA,NA,NA,NA,47.2141050583658,11.0962432571641,0.0125291828793774,0.022754004540856,5.51624513618677,2.29293978820484,12.3782879377432,2.25803555773994,NA,NA,2018,1970-01-01,NA,NA,NA,NA
"Trayvon Mullen","LVR","DB","14181","weighted",NA,NA,NA,NA,NA,NA,NA,NA,NA,NA,NA,NA,NA,NA,NA,NA,NA,NA,NA,NA,NA,NA,NA,NA,NA,NA,NA,NA,NA,NA,NA,NA,NA,NA,NA,NA,NA,NA,NA,NA,NA,NA,NA,NA,52.6043909348442,8.55599205235723,0,0,2.09263456090652,0.14142135623731,13.2315864022663,0.353553390593274,NA,NA,2019,1970-01-01,NA,NA,NA,NA
"Rock Ya-Sin","IND","DB","14198","weighted",NA,NA,NA,NA,NA,NA,NA,NA,NA,NA,NA,NA,NA,NA,NA,NA,NA,NA,NA,NA,NA,NA,NA,NA,NA,NA,NA,NA,NA,NA,NA,NA,NA,NA,NA,NA,NA,NA,NA,NA,NA,NA,NA,NA,53.6271954674221,8.20243866176395,0.0926345609065156,0.14142135623731,1.23158640226629,0.353553390593274,8.10099150141643,2.89913780286484,NA,NA,2019,1996-05-23,NA,NA,NA,NA
"Xavien Howard","MIA","DB","12742","weighted",NA,NA,NA,NA,NA,NA,NA,NA,NA,NA,NA,NA,NA,NA,NA,NA,NA,NA,NA,NA,NA,NA,NA,NA,NA,NA,NA,NA,NA,NA,NA,NA,NA,NA,NA,NA,NA,NA,NA,NA,NA,NA,NA,NA,45.0400583657588,10.9130823930264,0.0125291828793774,0.022754004540856,6.17645914396887,2.03076685183684,16.6624124513619,2.51076794426243,NA,NA,2016,1993-07-04,NA,NA,NA,NA
"Trae Waynes","CIN","DB","12248","weighted",NA,NA,NA,NA,NA,NA,NA,NA,NA,NA,NA,NA,NA,NA,NA,NA,NA,NA,NA,NA,NA,NA,NA,NA,NA,NA,NA,NA,NA,NA,NA,NA,NA,NA,NA,NA,NA,NA,NA,NA,NA,NA,NA,NA,55.7957507082153,1.83847763108503,0,0,0.536827195467422,0.707106781186548,10.8990084985836,2.89913780286484,NA,NA,2015,1992-07-25,"Q","Hamstring",2021,0
"Levi Wallace","BUF","DB","13711","weighted",NA,NA,NA,NA,NA,NA,NA,NA,NA,NA,NA,NA,NA,NA,NA,NA,NA,NA,NA,NA,NA,NA,NA,NA,NA,NA,NA,NA,NA,NA,NA,NA,NA,NA,NA,NA,NA,NA,NA,NA,NA,NA,NA,NA,53.056940509915,4.66690475583122,0.83371104815864,1.27279220613579,2.50949008498584,0.777817459305203,9.01898016997167,1.5556349186104,NA,NA,2018,NA,"Q","Hip",2021,0
"Quinton Dunbar","FA","DB","12448","weighted",NA,NA,NA,NA,NA,NA,NA,NA,NA,NA,NA,NA,NA,NA,NA,NA,NA,NA,NA,NA,NA,NA,NA,NA,NA,NA,NA,NA,NA,NA,NA,NA,NA,NA,NA,NA,NA,NA,NA,NA,NA,NA,NA,NA,52.2422096317281,4.94974746830583,0,0,0.722096317280453,0.424264068711929,5.93470254957507,1.62634559672906,NA,NA,NA,NA,NA,NA,NA,NA
"Ronnie Harrison","CLE","DB","13715","weighted",NA,NA,NA,NA,NA,NA,NA,NA,NA,NA,NA,NA,NA,NA,NA,NA,NA,NA,NA,NA,NA,NA,NA,NA,NA,NA,NA,NA,NA,NA,NA,NA,NA,NA,NA,NA,NA,NA,NA,NA,NA,NA,NA,NA,51.3348441926346,5.09116882454315,0.990509915014164,0.777817459305202,1.50949008498584,0.777817459305203,10.0379603399433,3.11126983722081,NA,NA,2018,1997-04-18,"Q","Hamstring",2021,0
"Josh Jones","JAC","DB","13264","weighted",NA,NA,NA,NA,NA,NA,NA,NA,NA,NA,NA,NA,NA,NA,NA,NA,NA,NA,NA,NA,NA,NA,NA,NA,NA,NA,NA,NA,NA,NA,NA,NA,NA,NA,NA,NA,NA,NA,NA,NA,NA,NA,NA,NA,41.7532577903683,20.2232539419353,0.805240793201133,1.06066017177982,0.768413597733711,0.353553390593274,1.84206798866856,1.76776695296637,NA,NA,2017,1995-01-01,"IR","Undisclosed",2021,0
"DeShon Elliott","BAL","DB","13806","weighted",NA,NA,NA,NA,NA,NA,NA,NA,NA,NA,NA,NA,NA,NA,NA,NA,NA,NA,NA,NA,NA,NA,NA,NA,NA,NA,NA,NA,NA,NA,NA,NA,NA,NA,NA,NA,NA,NA,NA,NA,NA,NA,NA,NA,53.1116147308782,1.69705627484771,1.58314447592068,0.636396103067893,0.277903682719547,0.424264068711929,5.92634560906516,1.4142135623731,NA,NA,2018,1997-04-21,NA,NA,NA,NA
"Chauncey Gardner-Johnson","NO","DB","14224","weighted",NA,NA,NA,NA,NA,NA,NA,NA,NA,NA,NA,NA,NA,NA,NA,NA,NA,NA,NA,NA,NA,NA,NA,NA,NA,NA,NA,NA,NA,NA,NA,NA,NA,NA,NA,NA,NA,NA,NA,NA,NA,NA,NA,NA,51.4548158640227,3.7476659402887,0.861048158640227,0.212132034355964,1.72209631728045,0.424264068711929,12.9536827195467,0.0707106781186545,NA,NA,2019,1997-12-20,NA,NA,NA,NA
"Steven Nelson","PHI","DB","12291","weighted",NA,NA,NA,NA,NA,NA,NA,NA,NA,NA,NA,NA,NA,NA,NA,NA,NA,NA,NA,NA,NA,NA,NA,NA,NA,NA,NA,NA,NA,NA,NA,NA,NA,NA,NA,NA,NA,NA,NA,NA,NA,NA,NA,NA,45.3728045325779,8.20243866176395,0.277903682719547,0.424264068711929,1.07365439093484,1.4142135623731,10.3978753541077,0.919238815542513,NA,NA,2015,1993-01-22,NA,NA,NA,NA
"Jason McCourty","MIA","DB","9633","weighted",NA,NA,NA,NA,NA,NA,NA,NA,NA,NA,NA,NA,NA,NA,NA,NA,NA,NA,NA,NA,NA,NA,NA,NA,NA,NA,NA,NA,NA,NA,NA,NA,NA,NA,NA,NA,NA,NA,NA,NA,NA,NA,NA,NA,45.0903682719547,7.49533188057741,0.185269121813031,0.282842712474619,2.25056657223796,1.90918830920368,9.58314447592068,0.636396103067893,NA,NA,2009,1987-08-13,NA,NA,NA,NA
"Eric Murray","HOU","DB","12772","weighted",NA,NA,NA,NA,NA,NA,NA,NA,NA,NA,NA,NA,NA,NA,NA,NA,NA,NA,NA,NA,NA,NA,NA,NA,NA,NA,NA,NA,NA,NA,NA,NA,NA,NA,NA,NA,NA,NA,NA,NA,NA,NA,NA,NA,49.7220963172805,0.42426406871193,1.40736543909348,0.14142135623731,0.185269121813031,0.282842712474619,3.86104815864023,0.212132034355964,NA,NA,2016,1994-01-07,"Q","Leg",2021,0
"Xavier Woods","MIN","DB","13325","weighted",NA,NA,NA,NA,NA,NA,NA,NA,NA,NA,NA,NA,NA,NA,NA,NA,NA,NA,NA,NA,NA,NA,NA,NA,NA,NA,NA,NA,NA,NA,NA,NA,NA,NA,NA,NA,NA,NA,NA,NA,NA,NA,NA,NA,46.2946175637394,5.65685424949238,0,0,1.44419263456091,0.848528137423857,5.98101983002833,1.55563491861041,NA,NA,2017,1995-07-26,NA,NA,NA,NA
"Devin McCourty","NE","DB","9846","weighted",NA,NA,NA,NA,NA,NA,NA,NA,NA,NA,NA,NA,NA,NA,NA,NA,NA,NA,NA,NA,NA,NA,NA,NA,NA,NA,NA,NA,NA,NA,NA,NA,NA,NA,NA,NA,NA,NA,NA,NA,NA,NA,NA,NA,46.3135977337111,4.10121933088197,0,0,1.1199716713881,1.34350288425444,5.00835694050992,3.04055915910216,NA,NA,2010,1987-08-13,NA,NA,NA,NA
"Blessuan Austin","NYJ","DB","14272","weighted",NA,NA,NA,NA,NA,NA,NA,NA,NA,NA,NA,NA,NA,NA,NA,NA,NA,NA,NA,NA,NA,NA,NA,NA,NA,NA,NA,NA,NA,NA,NA,NA,NA,NA,NA,NA,NA,NA,NA,NA,NA,NA,NA,NA,48.814730878187,0.282842712474618,0,0,0.722096317280453,0.424264068711929,5.25892351274788,1.13137084989848,NA,NA,2019,NA,NA,NA,NA,NA
"Desmond Trufant","CHI","DB","11312","weighted",NA,NA,NA,NA,NA,NA,NA,NA,NA,NA,NA,NA,NA,NA,NA,NA,NA,NA,NA,NA,NA,NA,NA,NA,NA,NA,NA,NA,NA,NA,NA,NA,NA,NA,NA,NA,NA,NA,NA,NA,NA,NA,NA,NA,39.5239376770538,12.9400540957138,0.814730878186969,0.282842712474619,1.07365439093484,1.4142135623731,9.08201133144476,4.45477272147525,NA,NA,2013,1990-09-10,"Q","Groin",2021,0
"Chris Harris","LAC","DB","10592","weighted",NA,NA,NA,NA,NA,NA,NA,NA,NA,NA,NA,NA,NA,NA,NA,NA,NA,NA,NA,NA,NA,NA,NA,NA,NA,NA,NA,NA,NA,NA,NA,NA,NA,NA,NA,NA,NA,NA,NA,NA,NA,NA,NA,NA,46.5094900849858,0.777817459305203,0.953682719546742,0.0707106781186548,1.6757790368272,0.494974746830583,7.73045325779037,3.46482322781408,NA,NA,2011,1989-06-18,NA,NA,NA,NA
"Byron Murphy","ARI","DB","14180","weighted",NA,NA,NA,NA,NA,NA,NA,NA,NA,NA,NA,NA,NA,NA,NA,NA,NA,NA,NA,NA,NA,NA,NA,NA,NA,NA,NA,NA,NA,NA,NA,NA,NA,NA,NA,NA,NA,NA,NA,NA,NA,NA,NA,NA,45.3432011331445,2.05060966544099,1.71260623229462,1.20208152801713,0.231586402266289,0.353553390593274,7.56416430594901,2.1920310216783,NA,NA,2019,1998-01-18,NA,NA,NA,NA
"Quandre Diggs","SEA","DB","12349","weighted",NA,NA,NA,NA,NA,NA,NA,NA,NA,NA,NA,NA,NA,NA,NA,NA,NA,NA,NA,NA,NA,NA,NA,NA,NA,NA,NA,NA,NA,NA,NA,NA,NA,NA,NA,NA,NA,NA,NA,NA,NA,NA,NA,NA,45.814730878187,0.282842712474618,0,0,3.97266288951841,1.48492424049175,8.69475920679887,1.06066017177982,NA,NA,2015,1991-11-07,"Q","Contract Dispute",2021,0
