"player","team","position","id","avg_type","pass_yds","pass_yds_sd","pass_tds","pass_tds_sd","pass_int","pass_int_sd","rush_yds","rush_yds_sd","rush_tds","rush_tds_sd","fumbles_lost","fumbles_lost_sd","two_pts","two_pts_sd","return_tds","return_tds_sd","rec","rec_sd","rec_yds","rec_yds_sd","rec_tds","rec_tds_sd","fg_0019","fg_0019_sd","fg_2029","fg_2029_sd","fg_3039","fg_3039_sd","fg_4049","fg_4049_sd","fg_50","fg_50_sd","xp","xp_sd","dst_int","dst_int_sd","dst_sacks","dst_sacks_sd","dst_safety","dst_safety_sd","dst_td","dst_td_sd","dst_blk","dst_blk_sd","idp_solo","idp_solo_sd","idp_sack","idp_sack_sd","idp_int","idp_int_sd","idp_pd","idp_pd_sd","idp_td","idp_td_sd","draft_year","birthdate","injury_status","injury_details","season_year","week"
"Joe Burrow","CIN","QB","14777","weighted",4631.10321885522,146.041676631637,37.4673602693603,3.43310015472676,10.5256498316498,1.42767364560983,187.846404040404,19.8414023125972,2.03363636363636,0.643708664043199,3.77301346801347,0.340084587742676,NA,NA,NA,NA,NA,NA,NA,NA,NA,NA,NA,NA,NA,NA,NA,NA,NA,NA,NA,NA,NA,NA,NA,NA,NA,NA,NA,NA,NA,NA,NA,NA,NA,NA,NA,NA,NA,NA,NA,NA,NA,NA,2020,1996-12-10,NA,NA,NA,NA
"Tua Tagovailoa","MIA","QB","14778","weighted",4116.78393265993,381.194937794352,26.7829427609428,2.6849042904079,11.4231986531987,1.16577347838761,90.4375757575758,26.7447283411093,0.693178451178451,0.434498633903626,3.6240404040404,0.261170911421685,NA,NA,NA,NA,NA,NA,NA,NA,NA,NA,NA,NA,NA,NA,NA,NA,NA,NA,NA,NA,NA,NA,NA,NA,NA,NA,NA,NA,NA,NA,NA,NA,NA,NA,NA,NA,NA,NA,NA,NA,NA,NA,2020,1998-03-02,NA,NA,NA,NA
"Brock Purdy","SF","QB","15698","weighted",4239.34756902357,265.580396718913,27.4886464646465,2.40000598900363,12.3403367003367,0.899593812522367,276.386235690236,25.0832065097363,3.3346936026936,0.738773143800745,2.6240404040404,0.261170911421685,NA,NA,NA,NA,NA,NA,NA,NA,NA,NA,NA,NA,NA,NA,NA,NA,NA,NA,NA,NA,NA,NA,NA,NA,NA,NA,NA,NA,NA,NA,NA,NA,NA,NA,NA,NA,NA,NA,NA,NA,NA,NA,2022,1999-12-27,NA,NA,NA,NA
"Jared Goff","DET","QB","12611","weighted",4339.25455218855,121.097206175971,30.9073737373737,4.30231928466936,11.7210909090909,1.01689260213882,73.0768619528619,46.3943104602697,0.626949494949495,0.495252764911711,2.28215488215488,0.536586116773694,NA,NA,NA,NA,NA,NA,NA,NA,NA,NA,NA,NA,NA,NA,NA,NA,NA,NA,NA,NA,NA,NA,NA,NA,NA,NA,NA,NA,NA,NA,NA,NA,NA,NA,NA,NA,NA,NA,NA,NA,NA,NA,2016,1994-10-14,NA,NA,NA,NA
"C.J. Stroud","HOU","QB","16150","weighted",4101.05096296296,232.829585911803,25.4084175084175,2.76253771030693,10.7843434343434,0.494229685612904,249.430249158249,54.6938879884087,1.84157575757576,1.12283635921141,3.53569023569024,0.253387298009798,NA,NA,NA,NA,NA,NA,NA,NA,NA,NA,NA,NA,NA,NA,NA,NA,NA,NA,NA,NA,NA,NA,NA,NA,NA,NA,NA,NA,NA,NA,NA,NA,NA,NA,NA,NA,NA,NA,NA,NA,NA,NA,2023,2001-10-03,NA,NA,NA,NA
"Matthew Stafford","LAR","QB","9431","weighted",4059.48175757576,262.06976603431,26.7081683501684,2.62600057960018,10.2267205387205,1.93248940266768,72.5894410774411,55.7690042577382,0.641939393939394,0.63904121536449,2.00013468013468,0.114112505234663,NA,NA,NA,NA,NA,NA,NA,NA,NA,NA,NA,NA,NA,NA,NA,NA,NA,NA,NA,NA,NA,NA,NA,NA,NA,NA,NA,NA,NA,NA,NA,NA,NA,NA,NA,NA,NA,NA,NA,NA,NA,NA,2009,1988-02-07,NA,NA,NA,NA
"Matthew Stafford","LAR","QB","9431","weighted",4059.48175757576,262.06976603431,26.7081683501684,2.62600057960018,10.2267205387205,1.93248940266768,72.5894410774411,55.7690042577382,0.641939393939394,0.63904121536449,2.00013468013468,0.114112505234663,NA,NA,NA,NA,NA,NA,NA,NA,NA,NA,NA,NA,NA,NA,NA,NA,NA,NA,NA,NA,NA,NA,NA,NA,NA,NA,NA,NA,NA,NA,NA,NA,NA,NA,NA,NA,NA,NA,NA,NA,NA,NA,2009,2003-05-23,NA,NA,NA,NA
"Baker Mayfield","TB","QB","13590","weighted",4188.50977104377,125.701958712331,33.407771043771,2.89319258891528,14.4776902356902,1.56286467785177,288.826228956229,36.9061498918581,2.30916498316498,0.449324681036075,3.6189898989899,0.26380294375733,NA,NA,NA,NA,NA,NA,NA,NA,NA,NA,NA,NA,NA,NA,NA,NA,NA,NA,NA,NA,NA,NA,NA,NA,NA,NA,NA,NA,NA,NA,NA,NA,NA,NA,NA,NA,NA,NA,NA,NA,NA,NA,2018,1995-04-14,NA,NA,NA,NA
"Dak Prescott","DAL","QB","12620","weighted",4191.60210774411,174.337011911383,28.1705252525253,2.55351526976098,12.1752929292929,1.59388311889667,170.966417508417,28.8402874344222,1.78773063973064,0.392760358634762,2.48659932659933,0.292006723678225,NA,NA,NA,NA,NA,NA,NA,NA,NA,NA,NA,NA,NA,NA,NA,NA,NA,NA,NA,NA,NA,NA,NA,NA,NA,NA,NA,NA,NA,NA,NA,NA,NA,NA,NA,NA,NA,NA,NA,NA,NA,NA,2016,1993-07-29,NA,NA,NA,NA
"Patrick Mahomes","KC","QB","13116","weighted",4167.23657912458,234.991239431746,31.3195824915825,2.66534483726644,11.6957508417508,0.65478861278721,362.741178451178,45.470748147872,2.68121212121212,0.833134249844306,2.05531986531987,0.0725350873596486,NA,NA,NA,NA,NA,NA,NA,NA,NA,NA,NA,NA,NA,NA,NA,NA,NA,NA,NA,NA,NA,NA,NA,NA,NA,NA,NA,NA,NA,NA,NA,NA,NA,NA,NA,NA,NA,NA,NA,NA,NA,NA,2017,1995-09-17,NA,NA,NA,NA
"Trevor Lawrence","JAC","QB","15237","weighted",4020.9274006734,274.556943179186,24.6327676767677,2.39177365330279,12.9152053872054,1.03544544650315,255.591521885522,18.1223692516701,3.31497643097643,0.754832275270883,3.90621212121212,0.11886581231992,NA,NA,NA,NA,NA,NA,NA,NA,NA,NA,NA,NA,NA,NA,NA,NA,NA,NA,NA,NA,NA,NA,NA,NA,NA,NA,NA,NA,NA,NA,NA,NA,NA,NA,NA,NA,NA,NA,NA,NA,NA,NA,2021,1999-10-06,NA,NA,NA,NA
"Geno Smith","LVR","QB","11150","weighted",3973.1435016835,317.848256709264,23.0502491582492,3.35364501360897,12.8883097643098,1.68774725759615,239.656006734007,34.2555778413281,1.73084848484848,0.443070058716994,2.01723905723906,0.531086373768404,NA,NA,NA,NA,NA,NA,NA,NA,NA,NA,NA,NA,NA,NA,NA,NA,NA,NA,NA,NA,NA,NA,NA,NA,NA,NA,NA,NA,NA,NA,NA,NA,NA,NA,NA,NA,NA,NA,NA,NA,NA,NA,2013,1990-10-10,NA,NA,NA,NA
"Joe Flacco","CLE","QB","9064","weighted",2412.54935353535,1003.77740476501,14.1770976430976,8.10192010543118,10.8476026936027,6.02167446612258,48.8365858585859,46.2460921062946,0.483286195286195,0.481202219325824,4.28112794612795,0.772219410580374,NA,NA,NA,NA,NA,NA,NA,NA,NA,NA,NA,NA,NA,NA,NA,NA,NA,NA,NA,NA,NA,NA,NA,NA,NA,NA,NA,NA,NA,NA,NA,NA,NA,NA,NA,NA,NA,NA,NA,NA,NA,NA,2008,1985-01-16,NA,NA,NA,NA
"Josh Allen","BUF","QB","13589","weighted",3900.51439057239,171.393819295071,29.300101010101,2.29705504557659,10.257265993266,1.75998313659811,569.169818181818,45.0844236931185,11.4285050505051,1.13740996056866,2.31560606060606,0.456262633662856,NA,NA,NA,NA,NA,NA,NA,NA,NA,NA,NA,NA,NA,NA,NA,NA,NA,NA,NA,NA,NA,NA,NA,NA,NA,NA,NA,NA,NA,NA,NA,NA,NA,NA,NA,NA,NA,NA,NA,NA,NA,NA,2018,1996-05-21,NA,NA,NA,NA
"Caleb Williams","CHI","QB","16579","weighted",3798.63843771044,238.793839778423,25.8544646464646,4.2398844489766,10.0246734006734,1.32484100731643,474.8192996633,54.2178122490346,2.16773737373737,1.13823264379379,4.77845117845118,0.38353775134106,NA,NA,NA,NA,NA,NA,NA,NA,NA,NA,NA,NA,NA,NA,NA,NA,NA,NA,NA,NA,NA,NA,NA,NA,NA,NA,NA,NA,NA,NA,NA,NA,NA,NA,NA,NA,NA,NA,NA,NA,NA,NA,2024,2001-11-18,NA,NA,NA,NA
"Justin Herbert","LAC","QB","14779","weighted",3952.51334006734,215.450633153986,26.3057777777778,2.26591712641189,8.01492255892256,1.83641070647201,282.349023569024,27.0153080283473,2.7467138047138,0.556299471469152,1.82885521885522,0.325761582068931,NA,NA,NA,NA,NA,NA,NA,NA,NA,NA,NA,NA,NA,NA,NA,NA,NA,NA,NA,NA,NA,NA,NA,NA,NA,NA,NA,NA,NA,NA,NA,NA,NA,NA,NA,NA,NA,NA,NA,NA,NA,NA,2020,1998-03-10,NA,NA,NA,NA
"Lamar Jackson","BAL","QB","13593","weighted",3817.81950841751,180.375734837806,33.5035353535353,3.15490794401896,8.08159595959596,1.59492408367358,844.749555555556,60.3229526533017,3.98207407407407,0.579868021110107,4.6956734006734,0.322909236786425,NA,NA,NA,NA,NA,NA,NA,NA,NA,NA,NA,NA,NA,NA,NA,NA,NA,NA,NA,NA,NA,NA,NA,NA,NA,NA,NA,NA,NA,NA,NA,NA,NA,NA,NA,NA,NA,NA,NA,NA,NA,NA,2018,1997-01-07,NA,NA,NA,NA
"Michael Penix Jr.","ATL","QB","16583","weighted",3899.74023569024,197.333401444597,24.0678720538721,2.43843729155622,13.4939191919192,2.03391391724579,178.287898989899,69.6675969031048,2.32872053872054,0.746168579507309,2.61355218855219,0.268560270147266,NA,NA,NA,NA,NA,NA,NA,NA,NA,NA,NA,NA,NA,NA,NA,NA,NA,NA,NA,NA,NA,NA,NA,NA,NA,NA,NA,NA,NA,NA,NA,NA,NA,NA,NA,NA,NA,NA,NA,NA,NA,NA,2024,2000-05-08,NA,NA,NA,NA
"J.J. McCarthy","MIN","QB","16584","weighted",3977.81136026936,172.931281405497,28.2969090909091,1.83396717463002,13.8796296296296,1.73001201896326,264.636848484848,52.8004299380361,2.0729494949495,0.876737618776469,3.74542087542088,0.32151059258412,NA,NA,NA,NA,NA,NA,NA,NA,NA,NA,NA,NA,NA,NA,NA,NA,NA,NA,NA,NA,NA,NA,NA,NA,NA,NA,NA,NA,NA,NA,NA,NA,NA,NA,NA,NA,NA,NA,NA,NA,NA,NA,2024,2003-01-20,NA,NA,NA,NA
"Jayden Daniels","WAS","QB","16581","weighted",3827.79971043771,181.74599223526,27.6787811447811,2.64902701844434,10.4853333333333,1.35705286302322,798.243939393939,104.856104691302,6.16841077441077,1.21936282604768,1.58119528619529,0.733544292412305,NA,NA,NA,NA,NA,NA,NA,NA,NA,NA,NA,NA,NA,NA,NA,NA,NA,NA,NA,NA,NA,NA,NA,NA,NA,NA,NA,NA,NA,NA,NA,NA,NA,NA,NA,NA,NA,NA,NA,NA,NA,NA,2024,2000-12-18,NA,NA,NA,NA
"Kyler Murray","ARI","QB","14056","weighted",3816.45772390572,165.502307349173,24.9130437710438,3.94449663820762,11.1997104377104,0.854320672685018,552.886336700337,32.4469412722775,4.89846464646465,0.754401502733072,3.10506734006734,0.108073594244764,NA,NA,NA,NA,NA,NA,NA,NA,NA,NA,NA,NA,NA,NA,NA,NA,NA,NA,NA,NA,NA,NA,NA,NA,NA,NA,NA,NA,NA,NA,NA,NA,NA,NA,NA,NA,NA,NA,NA,NA,NA,NA,2019,1997-08-07,NA,NA,NA,NA
"Jordan Love","GB","QB","14782","weighted",3853.11617508417,200.819630839413,27.994936026936,2.06061937572203,12.084303030303,1.27324775987018,165.917084175084,32.4951757915312,2.02117845117845,0.20288468664428,1.9123063973064,0.539924758684342,NA,NA,NA,NA,NA,NA,NA,NA,NA,NA,NA,NA,NA,NA,NA,NA,NA,NA,NA,NA,NA,NA,NA,NA,NA,NA,NA,NA,NA,NA,NA,NA,NA,NA,NA,NA,NA,NA,NA,NA,NA,NA,2020,1998-11-02,NA,NA,NA,NA
"Sam Darnold","SEA","QB","13592","weighted",3765.03063973064,231.253862833967,23.531595959596,2.63735339677633,13.3846599326599,2.65646937009502,206.650336700337,34.6609030859627,1.71853198653199,0.849649239705482,2.58080808080808,0.604287055258579,NA,NA,NA,NA,NA,NA,NA,NA,NA,NA,NA,NA,NA,NA,NA,NA,NA,NA,NA,NA,NA,NA,NA,NA,NA,NA,NA,NA,NA,NA,NA,NA,NA,NA,NA,NA,NA,NA,NA,NA,NA,NA,2018,1997-06-05,NA,NA,NA,NA
"Bo Nix","DEN","QB","16582","weighted",3804.9530976431,154.022179154151,28.3732592592593,3.12997854434011,12.1274343434343,0.909474739663005,438.798127946128,32.4562622751388,3.32478787878788,0.751793033853137,1.40978114478114,0.780944704771282,NA,NA,NA,NA,NA,NA,NA,NA,NA,NA,NA,NA,NA,NA,NA,NA,NA,NA,NA,NA,NA,NA,NA,NA,NA,NA,NA,NA,NA,NA,NA,NA,NA,NA,NA,NA,NA,NA,NA,NA,NA,NA,2024,2000-02-25,NA,NA,NA,NA
"Aaron Rodgers","PIT","QB","7836","weighted",3763.62771043771,155.222185439512,24.8706801346801,4.38419919716797,10.3848754208754,1.66478291499431,99.1286195286195,58.3862296326733,0.952962962962963,0.851811466425444,2.82819865319865,0.38122007829544,NA,NA,NA,NA,NA,NA,NA,NA,NA,NA,NA,NA,NA,NA,NA,NA,NA,NA,NA,NA,NA,NA,NA,NA,NA,NA,NA,NA,NA,NA,NA,NA,NA,NA,NA,NA,NA,NA,NA,NA,NA,NA,2005,1983-12-02,NA,NA,NA,NA
"Bryce Young","CAR","QB","16148","weighted",3596.6732996633,299.715187666215,22.9905791245791,4.32836838607524,11.6597441077441,1.14385232541384,300.276531986532,16.7156441301264,3.97309090909091,0.70200836363447,3.38138047138047,0.60066148108266,NA,NA,NA,NA,NA,NA,NA,NA,NA,NA,NA,NA,NA,NA,NA,NA,NA,NA,NA,NA,NA,NA,NA,NA,NA,NA,NA,NA,NA,NA,NA,NA,NA,NA,NA,NA,NA,NA,NA,NA,NA,NA,2023,2001-07-25,NA,NA,NA,NA
"Cam Ward","TEN","QB","17030","weighted",3562.12927946128,329.316852714615,22.0856094276094,1.62092512867896,13.0665454545455,1.79450194259448,316.44228956229,111.533501603883,2.51891582491582,1.25468258516138,3.9889898989899,0.0332110676536529,NA,NA,NA,NA,NA,NA,NA,NA,NA,NA,NA,NA,NA,NA,NA,NA,NA,NA,NA,NA,NA,NA,NA,NA,NA,NA,NA,NA,NA,NA,NA,NA,NA,NA,NA,NA,NA,NA,NA,NA,NA,NA,2025,2002-05-25,NA,NA,NA,NA
"Kirk Cousins","ATL","QB","10700","weighted",1172.91091954023,1681.10700892599,7.170433244916,9.90197115889029,4.11155614500442,5.45352006322982,16.0610079575597,18.9608497732469,0,0,0.707721780135573,0.136039758862079,NA,NA,NA,NA,NA,NA,NA,NA,NA,NA,NA,NA,NA,NA,NA,NA,NA,NA,NA,NA,NA,NA,NA,NA,NA,NA,NA,NA,NA,NA,NA,NA,NA,NA,NA,NA,NA,NA,NA,NA,NA,NA,2012,1988-08-19,NA,NA,NA,NA
"Russell Wilson","NYG","QB","10703","weighted",2782.72572390572,652.026235767173,17.0135420875421,6.76642657883878,7.75045117845118,2.39653769422989,201.497333333333,90.0443502544166,1.77984511784512,0.685690201165218,3.49057239057239,0.77422005742352,NA,NA,NA,NA,NA,NA,NA,NA,NA,NA,NA,NA,NA,NA,NA,NA,NA,NA,NA,NA,NA,NA,NA,NA,NA,NA,NA,NA,NA,NA,NA,NA,NA,NA,NA,NA,NA,NA,NA,NA,NA,NA,2012,1988-11-29,NA,NA,NA,NA
"Drake Maye","NE","QB","16580","weighted",3554.21004713805,167.072740010524,23.9477306397306,3.34664756872004,12.6734545454545,0.996655955449717,527.291393939394,100.736306780577,3.19832996632997,0.748336600739779,5.10412457912458,0.628944077744537,NA,NA,NA,NA,NA,NA,NA,NA,NA,NA,NA,NA,NA,NA,NA,NA,NA,NA,NA,NA,NA,NA,NA,NA,NA,NA,NA,NA,NA,NA,NA,NA,NA,NA,NA,NA,NA,NA,NA,NA,NA,NA,2024,2002-08-30,NA,NA,NA,NA
"Jalen Hurts","PHI","QB","14783","weighted",3427.49659259259,237.99535517566,22.9826531986532,1.64098651295184,8.2110101010101,1.52792917714864,647.628936026936,65.3119172273774,13.0818249158249,1.14301752713195,3.76200336700337,0.322020425665408,NA,NA,NA,NA,NA,NA,NA,NA,NA,NA,NA,NA,NA,NA,NA,NA,NA,NA,NA,NA,NA,NA,NA,NA,NA,NA,NA,NA,NA,NA,NA,NA,NA,NA,NA,NA,NA,NA,NA,NA,NA,NA,2020,1998-08-07,NA,NA,NA,NA
"Daniel Jones","IND","QB","14059","weighted",2565.28218855219,819.303857406099,15.7802693602694,7.05524259026562,9.10248484848485,3.46767437906235,353.203144781145,134.239223224047,3.20286868686869,1.19168074068758,3.45329966329966,0.25381761327249,NA,NA,NA,NA,NA,NA,NA,NA,NA,NA,NA,NA,NA,NA,NA,NA,NA,NA,NA,NA,NA,NA,NA,NA,NA,NA,NA,NA,NA,NA,NA,NA,NA,NA,NA,NA,NA,NA,NA,NA,NA,NA,2019,1997-05-27,NA,NA,NA,NA
"Spencer Rattler","NO","QB","16586","weighted",2512.12928969877,947.229825880274,14.7083153588695,8.78771009650783,8.56379323168464,3.16830192090049,203.997515805132,93.950043155925,1.05404983265154,0.562098135851465,4.01190033469691,0.92940109772903,NA,NA,NA,NA,NA,NA,NA,NA,NA,NA,NA,NA,NA,NA,NA,NA,NA,NA,NA,NA,NA,NA,NA,NA,NA,NA,NA,NA,NA,NA,NA,NA,NA,NA,NA,NA,NA,NA,NA,NA,NA,NA,2024,2000-09-28,NA,NA,NA,NA
"Justin Fields","NYJ","QB","15238","weighted",3260.79069360269,248.187483311009,20.5737912457912,5.72614212194501,10.918303030303,1.39839920553883,698.685333333333,191.86921839005,6.06294949494949,1.97924259688349,2.40447811447811,0.845883043344394,NA,NA,NA,NA,NA,NA,NA,NA,NA,NA,NA,NA,NA,NA,NA,NA,NA,NA,NA,NA,NA,NA,NA,NA,NA,NA,NA,NA,NA,NA,NA,NA,NA,NA,NA,NA,NA,NA,NA,NA,NA,NA,2021,1999-03-05,NA,NA,NA,NA
"Anthony Richardson","IND","QB","16152","weighted",1218.76041750842,977.40058620983,7.91636363636364,7.171113002171,5.0286936026936,3.50999221446254,274.235589225589,226.854121744944,2.69156228956229,2.27531715611992,0.890151515151515,0.526014851239453,NA,NA,NA,NA,NA,NA,NA,NA,NA,NA,NA,NA,NA,NA,NA,NA,NA,NA,NA,NA,NA,NA,NA,NA,NA,NA,NA,NA,NA,NA,NA,NA,NA,NA,NA,NA,NA,NA,NA,NA,NA,NA,2023,2002-05-22,NA,NA,NA,NA
"Tyler Shough","NO","QB","17039","weighted",1277.44326599327,831.522652379383,6.73102356902357,4.83975268212131,5.02946127946128,4.61716032827469,90.9212121212121,56.72755622768,0.597575757575758,0.583200293323098,0.768771043771044,0.58456100802173,NA,NA,NA,NA,NA,NA,NA,NA,NA,NA,NA,NA,NA,NA,NA,NA,NA,NA,NA,NA,NA,NA,NA,NA,NA,NA,NA,NA,NA,NA,NA,NA,NA,NA,NA,NA,NA,NA,NA,NA,NA,NA,2025,1999-09-28,NA,NA,NA,NA
"Jaxson Dart","NYG","QB","17032","weighted",927.730330978059,731.732328272689,5.19333581256973,3.90537008277698,3.58435105987356,2.91450125186724,78.2253625883228,70.965495614013,0.734473782075121,0.884585518343375,0.452110449981406,0.322675769882725,NA,NA,NA,NA,NA,NA,NA,NA,NA,NA,NA,NA,NA,NA,NA,NA,NA,NA,NA,NA,NA,NA,NA,NA,NA,NA,NA,NA,NA,NA,NA,NA,NA,NA,NA,NA,NA,NA,NA,NA,NA,NA,2025,2003-05-13,NA,NA,NA,NA
"Shedeur Sanders","CLE","QB","17031","weighted",835.243884234577,446.528498655186,4.39683929931455,2.57121802891883,3.16450114242193,1.8400031987374,40.7559025133283,24.519845502004,0.547453351104341,0.497560446010925,0.625412541254125,0.277986855365471,NA,NA,NA,NA,NA,NA,NA,NA,NA,NA,NA,NA,NA,NA,NA,NA,NA,NA,NA,NA,NA,NA,NA,NA,NA,NA,NA,NA,NA,NA,NA,NA,NA,NA,NA,NA,NA,NA,NA,NA,NA,NA,2025,2002-02-07,NA,NA,NA,NA
"Dillon Gabriel","CLE","QB","17037","weighted",779.668779045205,446.53966310972,4.31250528094635,2.23211210833697,2.77925644275454,1.7126624427808,46.2581326573722,29.860251242466,0.46757884499628,0.513288433150641,0.62490494296578,0.307302623109416,NA,NA,NA,NA,NA,NA,NA,NA,NA,NA,NA,NA,NA,NA,NA,NA,NA,NA,NA,NA,NA,NA,NA,NA,NA,NA,NA,NA,NA,NA,NA,NA,NA,NA,NA,NA,NA,NA,NA,NA,NA,NA,2025,2000-12-28,NA,NA,NA,NA
"Deshaun Watson","CLE","QB","13113","weighted",963.65296803653,262.336615820209,7.82785388127854,6.85893577750951,6.57899543378995,6.50538238691624,72.310502283105,58.6898628384834,0.248858447488584,0.353553390593274,2.32146118721461,1.09601551083915,NA,NA,NA,NA,NA,NA,NA,NA,NA,NA,NA,NA,NA,NA,NA,NA,NA,NA,NA,NA,NA,NA,NA,NA,NA,NA,NA,NA,NA,NA,NA,NA,NA,NA,NA,NA,NA,NA,NA,NA,NA,NA,2017,1995-09-14,NA,"Achilles",2025,0
"Aidan O'Connell","LVR","QB","16159","weighted",341.939617083947,414.80919865452,2.28107511045655,2.57167724422947,1.10441826215022,1.30990084848932,5.06553755522828,3.67081037953662,0,0,0,0,NA,NA,NA,NA,NA,NA,NA,NA,NA,NA,NA,NA,NA,NA,NA,NA,NA,NA,NA,NA,NA,NA,NA,NA,NA,NA,NA,NA,NA,NA,NA,NA,NA,NA,NA,NA,NA,NA,NA,NA,NA,NA,2023,1998-09-01,"IR","Wrist",2025,0
"Jameis Winston","NYG","QB","12140","weighted",314.282687651332,375.146890466437,1.92324455205811,2.0516324987373,1.2567191283293,1.74338309263998,14.5199757869249,13.8800457856826,0.0237772397094431,0.0432132354505789,0.0395883777239709,0.0366080203554789,NA,NA,NA,NA,NA,NA,NA,NA,NA,NA,NA,NA,NA,NA,NA,NA,NA,NA,NA,NA,NA,NA,NA,NA,NA,NA,NA,NA,NA,NA,NA,NA,NA,NA,NA,NA,NA,NA,NA,NA,NA,NA,2015,1994-01-06,NA,NA,NA,NA
"Mason Rudolph","PIT","QB","13595","weighted",301.152,321.861087275743,2.04518644067797,2.76322159600046,0.815177966101695,1.0018444194601,61.5011949152542,102.577276574212,0.373118644067797,0.890201773329139,0.377118644067797,0.297568475575665,NA,NA,NA,NA,NA,NA,NA,NA,NA,NA,NA,NA,NA,NA,NA,NA,NA,NA,NA,NA,NA,NA,NA,NA,NA,NA,NA,NA,NA,NA,NA,NA,NA,NA,NA,NA,NA,NA,NA,NA,NA,NA,2018,1995-07-17,NA,NA,NA,NA
"Gardner Minshew","KC","QB","14067","weighted",307.447485311398,216.28495004511,2.39977673325499,2.38009501093456,1.51475910693302,1.80452515239659,13.3031727379553,10.2070910430046,0,0,1.56989815902859,0.592734227284754,NA,NA,NA,NA,NA,NA,NA,NA,NA,NA,NA,NA,NA,NA,NA,NA,NA,NA,NA,NA,NA,NA,NA,NA,NA,NA,NA,NA,NA,NA,NA,NA,NA,NA,NA,NA,NA,NA,NA,NA,NA,NA,2019,1996-05-16,NA,NA,NA,NA
"Jake Browning","CIN","QB","14358","weighted",295.680317460317,212.38978105396,2.75186696900983,2.08259765201051,0.875948601662887,0.970709284018761,17.2955404383976,17.7763932921897,0.222448979591837,0.448331968868381,0,0,NA,NA,NA,NA,NA,NA,NA,NA,NA,NA,NA,NA,NA,NA,NA,NA,NA,NA,NA,NA,NA,NA,NA,NA,NA,NA,NA,NA,NA,NA,NA,NA,NA,NA,NA,NA,NA,NA,NA,NA,NA,NA,2019,1996-04-11,NA,NA,NA,NA
"Kenny Pickett","LVR","QB","15692","weighted",248.156659108088,213.430693855392,2.07275888133031,2.61753750883786,0.824459561602419,0.947073643747783,13.6054421768707,10.1612526044902,0.123582766439909,0.249073316037989,0.65830183925422,0.672935055648397,NA,NA,NA,NA,NA,NA,NA,NA,NA,NA,NA,NA,NA,NA,NA,NA,NA,NA,NA,NA,NA,NA,NA,NA,NA,NA,NA,NA,NA,NA,NA,NA,NA,NA,NA,NA,NA,NA,NA,NA,NA,NA,2022,1998-06-06,NA,NA,NA,NA
"Cooper Rush","BAL","QB","13124","weighted",226.286167800454,192.187392438102,1.9686470143613,2.35298151833602,0.76042328042328,0.872243792038793,15.7513227513228,14.6586423984121,0,0,0.613429075333837,0.292637670708116,NA,NA,NA,NA,NA,NA,NA,NA,NA,NA,NA,NA,NA,NA,NA,NA,NA,NA,NA,NA,NA,NA,NA,NA,NA,NA,NA,NA,NA,NA,NA,NA,NA,NA,NA,NA,NA,NA,NA,NA,NA,NA,2017,NA,NA,NA,NA,NA
"Marcus Mariota","WAS","QB","12141","weighted",268.745593419506,191.655096623201,2.51639247943596,2.53350091153585,0.424441833137485,0.6027732570417,57.6727379553466,54.0463803998875,0.386016451233843,0.544547641110021,0,0,NA,NA,NA,NA,NA,NA,NA,NA,NA,NA,NA,NA,NA,NA,NA,NA,NA,NA,NA,NA,NA,NA,NA,NA,NA,NA,NA,NA,NA,NA,NA,NA,NA,NA,NA,NA,NA,NA,NA,NA,NA,NA,2015,1993-10-30,NA,NA,NA,NA
"Tyrod Taylor","NYJ","QB","10413","weighted",201.739925622908,164.326030056062,1.67897359613239,2.67443070154231,0.919315730754927,1.12697294636062,30.7999256229081,33.3899136224024,0,0,0.481507995537375,0.267568608537209,NA,NA,NA,NA,NA,NA,NA,NA,NA,NA,NA,NA,NA,NA,NA,NA,NA,NA,NA,NA,NA,NA,NA,NA,NA,NA,NA,NA,NA,NA,NA,NA,NA,NA,NA,NA,NA,NA,NA,NA,NA,NA,2011,1989-08-03,NA,NA,NA,NA
"Andy Dalton","CAR","QB","10313","weighted",209.175287896592,143.080503542252,1.99794359576968,1.34754926112796,1.10745005875441,0.583834794599675,8.18507638072855,6.51558566073695,0,0,0,0,NA,NA,NA,NA,NA,NA,NA,NA,NA,NA,NA,NA,NA,NA,NA,NA,NA,NA,NA,NA,NA,NA,NA,NA,NA,NA,NA,NA,NA,NA,NA,NA,NA,NA,NA,NA,NA,NA,NA,NA,NA,NA,2011,1987-10-29,NA,NA,NA,NA
"Will Levis","TEN","QB","16149","weighted",259.27397260274,239.70919882224,1.95479452054795,1.48492424049175,1.50228310502283,0.707106781186547,21.0547945205479,16.9705627484771,0,0,0.6,0,NA,NA,NA,NA,NA,NA,NA,NA,NA,NA,NA,NA,NA,NA,NA,NA,NA,NA,NA,NA,NA,NA,NA,NA,NA,NA,NA,NA,NA,NA,NA,NA,NA,NA,NA,NA,NA,NA,NA,NA,NA,NA,2023,1999-06-27,"IR","Shoulder",2025,0
"Drew Lock","SEA","QB","14057","weighted",215.101647770219,145.129850814858,1.78778533635677,1.41390049898244,1.33596371882086,0.808163022568577,14.8314436885865,10.2645606209992,0.0247165532879819,0.0498146632075979,0,0,NA,NA,NA,NA,NA,NA,NA,NA,NA,NA,NA,NA,NA,NA,NA,NA,NA,NA,NA,NA,NA,NA,NA,NA,NA,NA,NA,NA,NA,NA,NA,NA,NA,NA,NA,NA,NA,NA,NA,NA,NA,NA,2019,1996-11-10,NA,NA,NA,NA
"Malik Willis","GB","QB","15694","weighted",253.400117508813,139.472719043331,1.95048178613396,1.26498062692551,0.418178613396005,0.520588446799252,35.8660399529965,29.5154423786534,0.222679200940071,0.465365922791456,0.866901684292989,0.79419966043518,NA,NA,NA,NA,NA,NA,NA,NA,NA,NA,NA,NA,NA,NA,NA,NA,NA,NA,NA,NA,NA,NA,NA,NA,NA,NA,NA,NA,NA,NA,NA,NA,NA,NA,NA,NA,NA,NA,NA,NA,NA,NA,2022,1999-05-25,NA,NA,NA,NA
"Jimmy Garoppolo","LAR","QB","11760","weighted",159.637456303459,140.258651552758,1.10807735217553,1.11826062640987,0.43889178133135,0.488178130322282,2.50602454444031,3.50267230669005,0,0,0,0,NA,NA,NA,NA,NA,NA,NA,NA,NA,NA,NA,NA,NA,NA,NA,NA,NA,NA,NA,NA,NA,NA,NA,NA,NA,NA,NA,NA,NA,NA,NA,NA,NA,NA,NA,NA,NA,NA,NA,NA,NA,NA,2014,1991-11-02,NA,NA,NA,NA
"Joshua Dobbs","NE","QB","13119","weighted",246.389964747356,137.517090157156,1.75280846063455,1.14010162497308,1.37264394829612,0.890881136336693,18.9353701527615,12.625116836145,0.115276145710928,0.26440613441841,0.197023110066588,0.180499922826177,NA,NA,NA,NA,NA,NA,NA,NA,NA,NA,NA,NA,NA,NA,NA,NA,NA,NA,NA,NA,NA,NA,NA,NA,NA,NA,NA,NA,NA,NA,NA,NA,NA,NA,NA,NA,NA,NA,NA,NA,NA,NA,2017,1995-01-26,NA,NA,NA,NA
"Davis Mills","HOU","QB","15252","weighted",209.646807653575,171.931427592752,2.08598187311178,2.34359780951016,0.604209466263847,0.787578953196365,13.4803625377643,11.6151795894618,0,0,0,0,NA,NA,NA,NA,NA,NA,NA,NA,NA,NA,NA,NA,NA,NA,NA,NA,NA,NA,NA,NA,NA,NA,NA,NA,NA,NA,NA,NA,NA,NA,NA,NA,NA,NA,NA,NA,NA,NA,NA,NA,NA,NA,2021,1998-10-21,NA,NA,NA,NA
"Jacoby Brissett","ARI","QB","12616","weighted",223.160282021152,114.206486533845,1.59327849588719,1.65497556656802,0.717708578143361,0.595567125092684,16.7508813160987,12.5320049873043,0,0,0.118213866039953,0.108299953695706,NA,NA,NA,NA,NA,NA,NA,NA,NA,NA,NA,NA,NA,NA,NA,NA,NA,NA,NA,NA,NA,NA,NA,NA,NA,NA,NA,NA,NA,NA,NA,NA,NA,NA,NA,NA,NA,NA,NA,NA,NA,NA,2016,1992-12-11,NA,NA,NA,NA
"Mac Jones","SF","QB","15241","weighted",219.966498237368,113.636198215415,1.4472972972973,0.724373177758582,1.04981198589894,0.587360582371118,11.4435957696827,8.21979787672703,0.0384253819036428,0.08813537813947,0.0788092440266353,0.0721999691304709,NA,NA,NA,NA,NA,NA,NA,NA,NA,NA,NA,NA,NA,NA,NA,NA,NA,NA,NA,NA,NA,NA,NA,NA,NA,NA,NA,NA,NA,NA,NA,NA,NA,NA,NA,NA,NA,NA,NA,NA,NA,NA,2021,1998-09-05,NA,NA,NA,NA
"Mitchell Trubisky","BUF","QB","13115","weighted",167.886908541194,91.288351994115,1.66961451247166,1.76308133061801,0.329916855631141,0.471154159727422,16.6787603930461,13.4010631495769,0,0,0.205719324766944,0.210292204890124,NA,NA,NA,NA,NA,NA,NA,NA,NA,NA,NA,NA,NA,NA,NA,NA,NA,NA,NA,NA,NA,NA,NA,NA,NA,NA,NA,NA,NA,NA,NA,NA,NA,NA,NA,NA,NA,NA,NA,NA,NA,NA,2017,1994-08-20,NA,NA,NA,NA
"Zach Wilson","MIA","QB","15239","weighted",163.688921282799,98.2085310193013,1.16196793002915,0.704085099013385,0.568192419825073,0.479238044638878,10.234693877551,11.3323788636153,0,0,0.543634596695821,0.311309575068847,NA,NA,NA,NA,NA,NA,NA,NA,NA,NA,NA,NA,NA,NA,NA,NA,NA,NA,NA,NA,NA,NA,NA,NA,NA,NA,NA,NA,NA,NA,NA,NA,NA,NA,NA,NA,NA,NA,NA,NA,NA,NA,2021,1999-08-03,NA,NA,NA,NA
"Joe Milton","DAL","QB","16585","weighted",166.498594104308,88.7786769318221,1.28409674981104,0.762673207035766,0.478216175359033,0.759189341371877,8.89644746787604,7.37764306626545,0,0,0.0411438649533888,0.0420584409780248,NA,NA,NA,NA,NA,NA,NA,NA,NA,NA,NA,NA,NA,NA,NA,NA,NA,NA,NA,NA,NA,NA,NA,NA,NA,NA,NA,NA,NA,NA,NA,NA,NA,NA,NA,NA,NA,NA,NA,NA,NA,NA,2024,2000-03-06,NA,NA,NA,NA
"Nick Mullens","JAC","QB","13968","weighted",174.866485397785,101.717157252883,1.25623363544814,0.934499596558034,1.04942598187311,0.724264278276724,10.5166163141994,9.2723973168333,0,0,0,0,NA,NA,NA,NA,NA,NA,NA,NA,NA,NA,NA,NA,NA,NA,NA,NA,NA,NA,NA,NA,NA,NA,NA,NA,NA,NA,NA,NA,NA,NA,NA,NA,NA,NA,NA,NA,NA,NA,NA,NA,NA,NA,2017,1995-03-21,NA,NA,NA,NA
"Case Keenum","CHI","QB","10948","weighted",139.693251533742,195.161471607487,1.01226993865031,1.4142135623731,0.506134969325153,0.707106781186548,3.54294478527607,4.94974746830583,0,0,NA,NA,NA,NA,NA,NA,NA,NA,NA,NA,NA,NA,NA,NA,NA,NA,NA,NA,NA,NA,NA,NA,NA,NA,NA,NA,NA,NA,NA,NA,NA,NA,NA,NA,NA,NA,NA,NA,NA,NA,NA,NA,NA,NA,2012,1988-02-17,NA,NA,NA,NA
"Carson Wentz","MIN","QB","12610","weighted",146.0689224572,117.141663788628,1.04719033232628,0.926889838212068,0.586666666666667,0.495930797856278,11.2437059415911,11.0313766473205,0,0,0.262437059415911,0.30660918431094,NA,NA,NA,NA,NA,NA,NA,NA,NA,NA,NA,NA,NA,NA,NA,NA,NA,NA,NA,NA,NA,NA,NA,NA,NA,NA,NA,NA,NA,NA,NA,NA,NA,NA,NA,NA,NA,NA,NA,NA,NA,NA,2016,1992-12-30,NA,NA,NA,NA
"Sam Howell","MIN","QB","15693","weighted",98.6351533742331,99.420698869179,0.918486707566462,0.943583944218544,0.575501022494888,0.372319643298063,5.37832310838446,7.58424562132104,0.0446489434219496,0.0508509455693844,0,0,NA,NA,NA,NA,NA,NA,NA,NA,NA,NA,NA,NA,NA,NA,NA,NA,NA,NA,NA,NA,NA,NA,NA,NA,NA,NA,NA,NA,NA,NA,NA,NA,NA,NA,NA,NA,NA,NA,NA,NA,NA,NA,2022,2000-09-16,NA,NA,NA,NA
"Jalen Milroe","SEA","QB","17033","weighted",125.786274509804,70.2309236604479,0.677450980392157,0.512215467861373,0.677450980392157,0.512215467861373,87.7558823529412,96.6620637826749,0.684313725490196,0.815060205791698,0.473986928104575,0.314816125370804,NA,NA,NA,NA,NA,NA,NA,NA,NA,NA,NA,NA,NA,NA,NA,NA,NA,NA,NA,NA,NA,NA,NA,NA,NA,NA,NA,NA,NA,NA,NA,NA,NA,NA,NA,NA,NA,NA,NA,NA,NA,NA,2025,2002-12-13,NA,NA,NA,NA
"Tanner McKee","PHI","QB","15702","weighted",98.245720040282,86.8007956302904,1.72950654582075,2.17903266407094,0.197583081570997,0.345419226804521,12.0090634441088,13.6357849408896,0.0658610271903323,0.115139742268174,0,0,NA,NA,NA,NA,NA,NA,NA,NA,NA,NA,NA,NA,NA,NA,NA,NA,NA,NA,NA,NA,NA,NA,NA,NA,NA,NA,NA,NA,NA,NA,NA,NA,NA,NA,NA,NA,NA,NA,NA,NA,NA,NA,2023,2000-04-27,"O","Thumb",2025,0
"Tyson Bagent","CHI","QB","16384","weighted",128.679697885196,45.9477013573149,1.04942598187311,0.724264278276724,0.505417925478348,0.620090448530329,9.58006042296073,10.7584639820507,0.329305135951662,0.575698711340869,0.481134608929171,0.56211683790339,NA,NA,NA,NA,NA,NA,NA,NA,NA,NA,NA,NA,NA,NA,NA,NA,NA,NA,NA,NA,NA,NA,NA,NA,NA,NA,NA,NA,NA,NA,NA,NA,NA,NA,NA,NA,NA,NA,NA,NA,NA,NA,2023,2000-06-08,NA,NA,NA,NA
"Jarrett Stidham","DEN","QB","14063","weighted",84.4584088620342,58.8152542417124,0.581409869083585,0.378017376740327,0.143182275931521,0.174437789435658,7.865055387714,8.67176387261001,0,0,0,0,NA,NA,NA,NA,NA,NA,NA,NA,NA,NA,NA,NA,NA,NA,NA,NA,NA,NA,NA,NA,NA,NA,NA,NA,NA,NA,NA,NA,NA,NA,NA,NA,NA,NA,NA,NA,NA,NA,NA,NA,NA,NA,2019,1996-08-08,NA,NA,NA,NA
"Brandon Allen","TEN","QB","12621","weighted",90.5504733131923,45.3653292524168,0.753051359516616,0.354108480137616,1.2604833836858,1.12351701799643,6.11581067472306,5.5666766755548,0,0,0.349916079221215,0.40881224574792,NA,NA,NA,NA,NA,NA,NA,NA,NA,NA,NA,NA,NA,NA,NA,NA,NA,NA,NA,NA,NA,NA,NA,NA,NA,NA,NA,NA,NA,NA,NA,NA,NA,NA,NA,NA,NA,NA,NA,NA,NA,NA,2016,1992-09-05,NA,NA,NA,NA
"Kyle Allen","DET","QB","13879","weighted",79.7427391742195,61.4223690570548,0.594380664652568,0.370323979297004,0.143182275931521,0.174437789435658,1.02215508559919,1.00285242248368,0,0,0,0,NA,NA,NA,NA,NA,NA,NA,NA,NA,NA,NA,NA,NA,NA,NA,NA,NA,NA,NA,NA,NA,NA,NA,NA,NA,NA,NA,NA,NA,NA,NA,NA,NA,NA,NA,NA,NA,NA,NA,NA,NA,NA,2018,1996-03-08,NA,NA,NA,NA
"Trey Lance","LAC","QB","15240","weighted",75.974058408862,60.404643512739,0.224753272910373,0.24657181452254,0.143182275931521,0.174437789435658,5.87210473313192,9.04609528485094,0,0,0,0,NA,NA,NA,NA,NA,NA,NA,NA,NA,NA,NA,NA,NA,NA,NA,NA,NA,NA,NA,NA,NA,NA,NA,NA,NA,NA,NA,NA,NA,NA,NA,NA,NA,NA,NA,NA,NA,NA,NA,NA,NA,NA,2021,2000-05-09,NA,NA,NA,NA
"Teddy Bridgewater","TB","QB","11640","weighted",61.5485196374622,54.8754118523718,0.50257804632427,0.464784112783524,0.0843101711983887,0.149089414881086,2.77139979859013,4.66311174756661,0,0,0,0,NA,NA,NA,NA,NA,NA,NA,NA,NA,NA,NA,NA,NA,NA,NA,NA,NA,NA,NA,NA,NA,NA,NA,NA,NA,NA,NA,NA,NA,NA,NA,NA,NA,NA,NA,NA,NA,NA,NA,NA,NA,NA,2014,1992-11-10,NA,NA,NA,NA
"Graham Mertz","HOU","QB","17227","weighted",119,NA,1,NA,0,NA,8,NA,0,NA,0,NA,NA,NA,NA,NA,NA,NA,NA,NA,NA,NA,NA,NA,NA,NA,NA,NA,NA,NA,NA,NA,NA,NA,NA,NA,NA,NA,NA,NA,NA,NA,NA,NA,NA,NA,NA,NA,NA,NA,NA,NA,NA,NA,2025,2000-12-06,NA,NA,NA,NA
"Will Howard","PIT","QB","17036","weighted",89,NA,1,NA,0,NA,6,NA,0,NA,0,NA,NA,NA,NA,NA,NA,NA,NA,NA,NA,NA,NA,NA,NA,NA,NA,NA,NA,NA,NA,NA,NA,NA,NA,NA,NA,NA,NA,NA,NA,NA,NA,NA,NA,NA,NA,NA,NA,NA,NA,NA,NA,NA,2025,2001-09-24,"IR","Hand",2025,0
"Josh Johnson","WAS","QB","9207","weighted",72.59,NA,0.38,NA,0.34,NA,0,NA,0,NA,0,NA,NA,NA,NA,NA,NA,NA,NA,NA,NA,NA,NA,NA,NA,NA,NA,NA,NA,NA,NA,NA,NA,NA,NA,NA,NA,NA,NA,NA,NA,NA,NA,NA,NA,NA,NA,NA,NA,NA,NA,NA,NA,NA,2008,1986-05-15,NA,NA,NA,NA
"Saquon Barkley","PHI","RB","13604","weighted",NA,NA,NA,NA,NA,NA,1668.31054545455,71.0709757720105,11.7953329372153,1.69469863984702,1.3153367003367,0.304748609117065,NA,NA,NA,NA,41.2874410774411,6.81911802813752,313.494067340067,46.4576747734255,2.04988591800356,0.533618574360217,NA,NA,NA,NA,NA,NA,NA,NA,NA,NA,NA,NA,NA,NA,NA,NA,NA,NA,NA,NA,NA,NA,NA,NA,NA,NA,NA,NA,NA,NA,NA,NA,2018,1997-02-09,NA,NA,NA,NA
"Derrick Henry","BAL","RB","12626","weighted",NA,NA,NA,NA,NA,NA,1547.01554882155,85.923562028725,14.0732738716137,1.03584012333869,1.26015151515152,0.340789854347233,NA,NA,NA,NA,17.1407878787879,3.93861356957187,152.584444444444,40.0670909253507,0.932147003807134,0.174196943935118,NA,NA,NA,NA,NA,NA,NA,NA,NA,NA,NA,NA,NA,NA,NA,NA,NA,NA,NA,NA,NA,NA,NA,NA,NA,NA,NA,NA,NA,NA,NA,NA,2016,1994-01-04,NA,NA,NA,NA
"Bijan Robinson","ATL","RB","16161","weighted",NA,NA,NA,NA,NA,NA,1444.50222895623,96.6003938364861,12.0992569933139,0.891610521554256,1.34292929292929,0.289457863404327,NA,NA,NA,NA,60.9528484848485,3.10962445947174,461.243845117845,23.8313193095206,2.24855445449758,0.537202539019073,NA,NA,NA,NA,NA,NA,NA,NA,NA,NA,NA,NA,NA,NA,NA,NA,NA,NA,NA,NA,NA,NA,NA,NA,NA,NA,NA,NA,NA,NA,NA,NA,2023,2002-01-30,NA,NA,NA,NA
"Jonathan Taylor","IND","RB","14802","weighted",NA,NA,NA,NA,NA,NA,1428.30814141414,99.6360214908475,11.0129015266823,1.36602106153417,1.34850168350168,0.306955697539272,NA,NA,NA,NA,27.2315892255892,5.8316064349325,199.732006734007,43.1895430534433,1.23967759789678,0.373971625092278,NA,NA,NA,NA,NA,NA,NA,NA,NA,NA,NA,NA,NA,NA,NA,NA,NA,NA,NA,NA,NA,NA,NA,NA,NA,NA,NA,NA,NA,NA,NA,NA,2020,1999-01-19,NA,NA,NA,NA
"Kyren Williams","LAR","RB","15710","weighted",NA,NA,NA,NA,NA,NA,1296.17927272727,90.7451688295745,12.1145861513688,0.796089946242241,2.7176936026936,0.365630340886224,NA,NA,NA,NA,34.0374343434343,3.18003971783297,210.463185185185,23.9556813182873,1.82001317523057,0.643145630920165,NA,NA,NA,NA,NA,NA,NA,NA,NA,NA,NA,NA,NA,NA,NA,NA,NA,NA,NA,NA,NA,NA,NA,NA,NA,NA,NA,NA,NA,NA,NA,NA,2022,2000-08-26,NA,NA,NA,NA
"Josh Jacobs","GB","RB","14073","weighted",NA,NA,NA,NA,NA,NA,1252.78991919192,74.3827426715928,11.8709283641008,0.913862965853733,1.80099326599327,0.410153204706291,NA,NA,NA,NA,39.0066599326599,3.99855198031355,319.739845117845,51.7049030438692,1.46402786485545,0.579764618412052,NA,NA,NA,NA,NA,NA,NA,NA,NA,NA,NA,NA,NA,NA,NA,NA,NA,NA,NA,NA,NA,NA,NA,NA,NA,NA,NA,NA,NA,NA,NA,NA,2019,1998-02-11,NA,NA,NA,NA
"Bucky Irving","TB","RB","16598","weighted",NA,NA,NA,NA,NA,NA,1213.77365656566,99.1659151759639,8.57527426309882,0.82225758380279,1.23255892255892,0.36099567147134,NA,NA,NA,NA,48.5588484848485,6.50625043844651,379.63501010101,52.4572814575823,1.89047657865202,0.811913356026806,NA,NA,NA,NA,NA,NA,NA,NA,NA,NA,NA,NA,NA,NA,NA,NA,NA,NA,NA,NA,NA,NA,NA,NA,NA,NA,NA,NA,NA,NA,NA,NA,2024,2002-08-19,NA,NA,NA,NA
"Ashton Jeanty","LVR","RB","17042","weighted",NA,NA,NA,NA,NA,NA,1241.21531313131,94.3779650380629,9.23462168858395,1.14174844200637,2.18814814814815,0.910419246419972,NA,NA,NA,NA,49.9377104377104,13.519761388539,387.801845117845,97.4347331146465,2.03899447303221,0.529362620167709,NA,NA,NA,NA,NA,NA,NA,NA,NA,NA,NA,NA,NA,NA,NA,NA,NA,NA,NA,NA,NA,NA,NA,NA,NA,NA,NA,NA,NA,NA,NA,NA,2025,2003-12-02,NA,NA,NA,NA
"Jahmyr Gibbs","DET","RB","16162","weighted",NA,NA,NA,NA,NA,NA,1247.4458989899,69.2145873575988,11.9207620230829,1.96949322866941,1.57468013468013,0.281410300252112,NA,NA,NA,NA,57.8775353535354,3.57171601159746,508.895986531987,45.6422231756193,2.73593831361746,0.601136870827563,NA,NA,NA,NA,NA,NA,NA,NA,NA,NA,NA,NA,NA,NA,NA,NA,NA,NA,NA,NA,NA,NA,NA,NA,NA,NA,NA,NA,NA,NA,NA,NA,2023,2002-03-20,NA,NA,NA,NA
"Chuba Hubbard","CAR","RB","15261","weighted",NA,NA,NA,NA,NA,NA,1148.14876094276,113.354645321384,8.37649062049062,0.945746438622603,1.85646464646465,0.115926501878754,NA,NA,NA,NA,41.0017575757576,7.60985839844412,244.658922558923,45.362214165376,1.08063395863396,0.181563753992374,NA,NA,NA,NA,NA,NA,NA,NA,NA,NA,NA,NA,NA,NA,NA,NA,NA,NA,NA,NA,NA,NA,NA,NA,NA,NA,NA,NA,NA,NA,NA,NA,2021,1999-06-11,NA,NA,NA,NA
"Devon Achane","MIA","RB","16167","weighted",NA,NA,NA,NA,NA,NA,1007.72653198653,115.324645148639,7.48489264740428,1.16679262479108,1.05042087542088,0.499984015265194,NA,NA,NA,NA,70.1513333333333,5.83024739846752,533.759952861953,87.433133807183,4.24392890141727,1.00493854157724,NA,NA,NA,NA,NA,NA,NA,NA,NA,NA,NA,NA,NA,NA,NA,NA,NA,NA,NA,NA,NA,NA,NA,NA,NA,NA,NA,NA,NA,NA,NA,NA,2023,2001-10-13,NA,NA,NA,NA
"James Cook","BUF","RB","15715","weighted",NA,NA,NA,NA,NA,NA,1108.73362962963,89.5160300486167,10.1419693908785,1.93220223522626,1.34292929292929,0.289457863404327,NA,NA,NA,NA,35.0211851851852,4.87975203634416,291.057084175084,42.5642152169075,1.99168717477808,0.224025635437326,NA,NA,NA,NA,NA,NA,NA,NA,NA,NA,NA,NA,NA,NA,NA,NA,NA,NA,NA,NA,NA,NA,NA,NA,NA,NA,NA,NA,NA,NA,NA,NA,2022,1999-09-25,NA,NA,NA,NA
"Omarion Hampton","LAC","RB","17044","weighted",NA,NA,NA,NA,NA,NA,1042.29375084175,142.224628260289,9.07558342549583,1.55420481034465,2.18786195286195,0.365180270033598,NA,NA,NA,NA,38.2674276094276,5.12858604098705,288.549811447811,27.2011218892689,1.37874654083413,0.642890621240123,NA,NA,NA,NA,NA,NA,NA,NA,NA,NA,NA,NA,NA,NA,NA,NA,NA,NA,NA,NA,NA,NA,NA,NA,NA,NA,NA,NA,NA,NA,NA,NA,2025,2003-03-16,NA,NA,NA,NA
"Tony Pollard","TEN","RB","14085","weighted",NA,NA,NA,NA,NA,NA,1034.53847138047,92.2224248828723,5.87781102693603,0.585754743567233,1.44720538720539,0.263326813385756,NA,NA,NA,NA,41.9112053872054,4.63575271437682,259.306808080808,44.7312915666936,0.836997053872054,0.441424830904879,NA,NA,NA,NA,NA,NA,NA,NA,NA,NA,NA,NA,NA,NA,NA,NA,NA,NA,NA,NA,NA,NA,NA,NA,NA,NA,NA,NA,NA,NA,NA,NA,2019,1997-04-30,NA,NA,NA,NA
"Christian McCaffrey","SF","RB","13130","weighted",NA,NA,NA,NA,NA,NA,1101.5918047138,99.7792391382227,8.25839393939394,0.875137404163753,2.30367003367003,0.279649809246638,NA,NA,NA,NA,64.0160808080808,10.1239085927583,544.1332996633,85.5851186034974,3.63408417508418,0.911781399043853,NA,NA,NA,NA,NA,NA,NA,NA,NA,NA,NA,NA,NA,NA,NA,NA,NA,NA,NA,NA,NA,NA,NA,NA,NA,NA,NA,NA,NA,NA,NA,NA,2017,1996-06-07,"Q","Calf",2025,0
"TreVeyon Henderson","NE","RB","17043","weighted",NA,NA,NA,NA,NA,NA,949.563602693603,127.666295809057,6.28748092388857,0.756842983883942,1.65178451178451,0.60002702836935,NA,NA,NA,NA,42.4648552188552,11.4918539994656,337.917164983165,108.423446000544,2.26936756095992,1.240823392598,NA,NA,NA,NA,NA,NA,NA,NA,NA,NA,NA,NA,NA,NA,NA,NA,NA,NA,NA,NA,NA,NA,NA,NA,NA,NA,NA,NA,NA,NA,NA,NA,2025,2002-10-22,NA,NA,NA,NA
"Chase Brown","CIN","RB","16181","weighted",NA,NA,NA,NA,NA,NA,1034.8864040404,118.451651255461,8.19330220367346,1.23888044040928,1.26015151515152,0.340789854347233,NA,NA,NA,NA,58.4771111111111,4.97767280345373,410.87701010101,41.0258404915596,3.11390318353193,0.779947318530424,NA,NA,NA,NA,NA,NA,NA,NA,NA,NA,NA,NA,NA,NA,NA,NA,NA,NA,NA,NA,NA,NA,NA,NA,NA,NA,NA,NA,NA,NA,NA,NA,2023,2000-03-21,NA,NA,NA,NA
"D'Andre Swift","CHI","RB","14797","weighted",NA,NA,NA,NA,NA,NA,1001.31269360269,85.9802485667283,6.44359521137299,1.50433466579326,0.740656565656566,0.293308546230189,NA,NA,NA,NA,38.0998922558923,6.3620320014518,303.89938047138,54.5484136585706,1.08441152263374,0.75438644161545,NA,NA,NA,NA,NA,NA,NA,NA,NA,NA,NA,NA,NA,NA,NA,NA,NA,NA,NA,NA,NA,NA,NA,NA,NA,NA,NA,NA,NA,NA,NA,NA,2020,1999-01-14,NA,NA,NA,NA
"Breece Hall","NYJ","RB","15708","weighted",NA,NA,NA,NA,NA,NA,973.756437710438,103.959662275986,5.70067846509169,1.02061149903467,1.43127946127946,0.267353225012885,NA,NA,NA,NA,50.588505050505,8.41967142345889,413.771858585859,69.8083850093009,2.44257406016084,0.718965351720354,NA,NA,NA,NA,NA,NA,NA,NA,NA,NA,NA,NA,NA,NA,NA,NA,NA,NA,NA,NA,NA,NA,NA,NA,NA,NA,NA,NA,NA,NA,NA,NA,2022,2001-05-31,NA,NA,NA,NA
"James Conner","ARI","RB","13146","weighted",NA,NA,NA,NA,NA,NA,1006.90982491582,75.0998022699509,8.02591931005966,1.29750725975187,1.20496632996633,0.382356014019695,NA,NA,NA,NA,42.0225858585859,3.22626852732507,325.783878787879,30.010043879247,1.7207271545868,0.439820153074171,NA,NA,NA,NA,NA,NA,NA,NA,NA,NA,NA,NA,NA,NA,NA,NA,NA,NA,NA,NA,NA,NA,NA,NA,NA,NA,NA,NA,NA,NA,NA,NA,2017,1995-05-05,NA,NA,NA,NA
"RJ Harvey","DEN","RB","17068","weighted",NA,NA,NA,NA,NA,NA,863.396861952862,90.7465249931934,5.13315469944927,1.11200591154203,1.45698092031425,0.757650891209801,NA,NA,NA,NA,41.6896296296296,10.4379144406742,317.417205387205,93.8987545544543,1.86715506486049,0.593325200533248,NA,NA,NA,NA,NA,NA,NA,NA,NA,NA,NA,NA,NA,NA,NA,NA,NA,NA,NA,NA,NA,NA,NA,NA,NA,NA,NA,NA,NA,NA,NA,NA,2025,2001-02-04,NA,NA,NA,NA
"Aaron Jones","MIN","RB","13319","weighted",NA,NA,NA,NA,NA,NA,905.713676767677,114.559209098218,4.7815650722097,0.694704927810495,2.04961279461279,0.0940783149239391,NA,NA,NA,NA,45.5330572390572,5.48643107864946,338.962767676768,52.5211654388678,2.02962011297548,0.714651633129543,NA,NA,NA,NA,NA,NA,NA,NA,NA,NA,NA,NA,NA,NA,NA,NA,NA,NA,NA,NA,NA,NA,NA,NA,NA,NA,NA,NA,NA,NA,NA,NA,2017,1994-12-02,NA,NA,NA,NA
"Joe Mixon","HOU","RB","13131","weighted",NA,NA,NA,NA,NA,NA,547,271.540673772029,4.65558048012593,2.19109759530561,0.994427609427609,0.0408799146230227,NA,NA,NA,NA,22.276835016835,10.0929944996927,180.761279461279,78.7231324463534,1.04815689361144,0.51875969479283,NA,NA,NA,NA,NA,NA,NA,NA,NA,NA,NA,NA,NA,NA,NA,NA,NA,NA,NA,NA,NA,NA,NA,NA,NA,NA,NA,NA,NA,NA,NA,NA,2017,1996-07-24,NA,"Foot",2025,0
"Kaleb Johnson","PIT","RB","17048","weighted",NA,NA,NA,NA,NA,NA,831.163831649832,103.062834432008,5.97777946127946,1.90271570380186,1.78974747474747,0.536420039684585,NA,NA,NA,NA,24.8631178451178,10.3355848095089,179.629144781145,67.2888106426999,0.958382154882155,0.203307189077017,NA,NA,NA,NA,NA,NA,NA,NA,NA,NA,NA,NA,NA,NA,NA,NA,NA,NA,NA,NA,NA,NA,NA,NA,NA,NA,NA,NA,NA,NA,NA,NA,2025,2003-08-14,NA,NA,NA,NA
"Quinshon Judkins","CLE","RB","17051","weighted",NA,NA,NA,NA,NA,NA,584.650983164983,261.444891022802,3.58843970569896,1.82387060234127,1.37,0.269635140165605,NA,NA,NA,NA,19.765037037037,7.14305708374523,150.815589225589,60.1234067762913,0.714132684873426,0.446295494807067,NA,NA,NA,NA,NA,NA,NA,NA,NA,NA,NA,NA,NA,NA,NA,NA,NA,NA,NA,NA,NA,NA,NA,NA,NA,NA,NA,NA,NA,NA,NA,NA,2025,2003-10-29,"S","Undisclosed",2025,0
"Kenneth Walker III","SEA","RB","15711","weighted",NA,NA,NA,NA,NA,NA,950.127676767677,69.3647263658804,8.02134564393939,1.20937025548001,1.05042087542088,0.499984015265194,NA,NA,NA,NA,45.043265993266,7.61803761792121,324.427703703704,44.0472306964288,1.19134795875421,0.464124131954264,NA,NA,NA,NA,NA,NA,NA,NA,NA,NA,NA,NA,NA,NA,NA,NA,NA,NA,NA,NA,NA,NA,NA,NA,NA,NA,NA,NA,NA,NA,NA,NA,2022,2000-10-20,NA,NA,NA,NA
"Tyrone Tracy","NYG","RB","16747","weighted",NA,NA,NA,NA,NA,NA,883.962289562289,90.5095907959788,5.42096715951788,0.973804745882731,1.85021885521886,0.4278398119061,NA,NA,NA,NA,39.7618922558923,6.67091998077335,297.845225589226,53.563814542445,1.36431903576831,0.486051421754176,NA,NA,NA,NA,NA,NA,NA,NA,NA,NA,NA,NA,NA,NA,NA,NA,NA,NA,NA,NA,NA,NA,NA,NA,NA,NA,NA,NA,NA,NA,NA,NA,2024,1999-11-23,NA,NA,NA,NA
"Alvin Kamara","NO","RB","13132","weighted",NA,NA,NA,NA,NA,NA,900.51430976431,77.6182187987773,5.3536412037037,0.970861557831117,1.05042087542088,0.499984015265194,NA,NA,NA,NA,67.252962962963,9.24880689874237,511.16597979798,76.5788250864993,2.0263587962963,0.258789649796416,NA,NA,NA,NA,NA,NA,NA,NA,NA,NA,NA,NA,NA,NA,NA,NA,NA,NA,NA,NA,NA,NA,NA,NA,NA,NA,NA,NA,NA,NA,NA,NA,2017,1995-07-25,NA,NA,NA,NA
"Jaylen Warren","PIT","RB","15742","weighted",NA,NA,NA,NA,NA,NA,751.449508417508,132.440090986639,3.98148484848485,1.30791524535657,0.988989898989899,0.0332110676536529,NA,NA,NA,NA,51.3398518518519,5.69051556269307,375.143023569024,37.3621453506639,1.25846127946128,0.702281794829934,NA,NA,NA,NA,NA,NA,NA,NA,NA,NA,NA,NA,NA,NA,NA,NA,NA,NA,NA,NA,NA,NA,NA,NA,NA,NA,NA,NA,NA,NA,NA,NA,2022,1998-11-01,NA,NA,NA,NA
"Isiah Pacheco","KC","RB","15749","weighted",NA,NA,NA,NA,NA,NA,855.945696969697,88.5391767240024,6.16945859893433,1.40868049117482,1.02759259259259,0.0291384337340686,NA,NA,NA,NA,36.0123501683502,6.04616226387519,235.063286195286,51.7115227521951,1.28367944820372,0.545196252646403,NA,NA,NA,NA,NA,NA,NA,NA,NA,NA,NA,NA,NA,NA,NA,NA,NA,NA,NA,NA,NA,NA,NA,NA,NA,NA,NA,NA,NA,NA,NA,NA,2022,1999-03-02,NA,NA,NA,NA
"Jordan Mason","MIN","RB","15972","weighted",NA,NA,NA,NA,NA,NA,729.271858585859,150.411220310746,4.1394031640607,1.16517345116433,0.775342312008979,0.102259593764082,NA,NA,NA,NA,14.9294814814815,3.3429257184202,108.752080808081,20.1964674962961,0.384724782067248,0.502609419853354,NA,NA,NA,NA,NA,NA,NA,NA,NA,NA,NA,NA,NA,NA,NA,NA,NA,NA,NA,NA,NA,NA,NA,NA,NA,NA,NA,NA,NA,NA,NA,NA,2022,1999-05-24,NA,NA,NA,NA
"Javonte Williams","DAL","RB","15256","weighted",NA,NA,NA,NA,NA,NA,737.135643097643,150.736422817354,5.16030303030303,2.27662858121962,1.60195286195286,0.201808350668643,NA,NA,NA,NA,37.2878451178451,5.15409718006307,246.539037037037,38.8275411879787,0.910350168350168,0.373437088344365,NA,NA,NA,NA,NA,NA,NA,NA,NA,NA,NA,NA,NA,NA,NA,NA,NA,NA,NA,NA,NA,NA,NA,NA,NA,NA,NA,NA,NA,NA,NA,NA,2021,2000-04-25,NA,NA,NA,NA
"David Montgomery","DET","RB","14071","weighted",NA,NA,NA,NA,NA,NA,824.940882154882,67.1626198002991,9.1369820321596,1.18936498031117,0.862037037037037,0.145692168670343,NA,NA,NA,NA,30.4619124579125,3.84236257352083,248.161683501683,21.8056568395132,0.824048270870701,0.720639482218077,NA,NA,NA,NA,NA,NA,NA,NA,NA,NA,NA,NA,NA,NA,NA,NA,NA,NA,NA,NA,NA,NA,NA,NA,NA,NA,NA,NA,NA,NA,NA,NA,2019,1997-06-07,NA,NA,NA,NA
"Jerome Ford","CLE","RB","15713","weighted",NA,NA,NA,NA,NA,NA,576.717643097643,149.835579287435,3.0368928794114,0.929434376262969,0.746094276094276,0.231125339393026,NA,NA,NA,NA,32.5111582491582,7.11124446615741,218.577097643098,55.634626467592,0.90088489836638,0.455485281136533,NA,NA,NA,NA,NA,NA,NA,NA,NA,NA,NA,NA,NA,NA,NA,NA,NA,NA,NA,NA,NA,NA,NA,NA,NA,NA,NA,NA,NA,NA,NA,NA,2022,1999-09-12,NA,NA,NA,NA
"J.K. Dobbins","DEN","RB","14800","weighted",NA,NA,NA,NA,NA,NA,699.528228956229,92.7513319118974,4.99191884210066,1.10278272203661,1.14420875420875,0.403375140154601,NA,NA,NA,NA,30.3796498316498,9.10995814383609,193.501723905724,68.0225786262598,0.846761292579474,0.655265334857017,NA,NA,NA,NA,NA,NA,NA,NA,NA,NA,NA,NA,NA,NA,NA,NA,NA,NA,NA,NA,NA,NA,NA,NA,NA,NA,NA,NA,NA,NA,NA,NA,2020,1998-12-17,NA,NA,NA,NA
"Cam Skattebo","NYG","RB","17045","weighted",NA,NA,NA,NA,NA,NA,600.815225589226,158.328846653647,3.53540274540275,1.59789559782245,1.14925925925926,0.408324000623539,NA,NA,NA,NA,23.9590841750842,2.78759173334986,180.732734006734,26.3209613833864,0.910146076146076,0.401366556530836,NA,NA,NA,NA,NA,NA,NA,NA,NA,NA,NA,NA,NA,NA,NA,NA,NA,NA,NA,NA,NA,NA,NA,NA,NA,NA,NA,NA,NA,NA,NA,NA,2025,2002-02-05,NA,NA,NA,NA
"Kenneth Gainwell","PIT","RB","15255","weighted",NA,NA,NA,NA,NA,NA,300.244217181108,232.202507989995,1.99343994049833,2.0679103831948,0.342190405355151,0.306558620349211,NA,NA,NA,NA,16.4627370769803,8.0023013681315,114.416065451841,62.0886825928186,0.408136853849014,0.495431076999599,NA,NA,NA,NA,NA,NA,NA,NA,NA,NA,NA,NA,NA,NA,NA,NA,NA,NA,NA,NA,NA,NA,NA,NA,NA,NA,NA,NA,NA,NA,NA,NA,2021,1999-03-14,NA,NA,NA,NA
"Nick Chubb","HOU","RB","13610","weighted",NA,NA,NA,NA,NA,NA,605.088720538721,128.756193086201,4.65735090030742,0.832208590997467,0.876711560044893,0.511297968820411,NA,NA,NA,NA,13.5423838383838,4.8587357701363,102.123750841751,39.366716322261,0.719537988581467,0.817047147414181,NA,NA,NA,NA,NA,NA,NA,NA,NA,NA,NA,NA,NA,NA,NA,NA,NA,NA,NA,NA,NA,NA,NA,NA,NA,NA,NA,NA,NA,NA,NA,NA,2018,1995-12-27,NA,NA,NA,NA
"Tank Bigsby","JAC","RB","16164","weighted",NA,NA,NA,NA,NA,NA,654.79901010101,111.110439964214,5.14409716209716,1.30137615117081,1.01658249158249,0.0125352644700722,NA,NA,NA,NA,11.3143636363636,5.33257322413479,80.2226262626263,37.8031568473546,0.182048534306175,0.354296425059016,NA,NA,NA,NA,NA,NA,NA,NA,NA,NA,NA,NA,NA,NA,NA,NA,NA,NA,NA,NA,NA,NA,NA,NA,NA,NA,NA,NA,NA,NA,NA,NA,2023,2002-08-30,NA,NA,NA,NA
"Rico Dowdle","CAR","RB","14823","weighted",NA,NA,NA,NA,NA,NA,466.07268013468,151.063668240898,2.33534999113947,0.503428139271972,1.21516835016835,0.266727828468911,NA,NA,NA,NA,23.3498653198653,5.52802322148334,159.187050505051,37.0413339751111,1.10392947014,0.40658903360447,NA,NA,NA,NA,NA,NA,NA,NA,NA,NA,NA,NA,NA,NA,NA,NA,NA,NA,NA,NA,NA,NA,NA,NA,NA,NA,NA,NA,NA,NA,NA,NA,2020,1998-06-14,NA,NA,NA,NA
"Dylan Sampson","CLE","RB","17047","weighted",NA,NA,NA,NA,NA,NA,467.927824915825,208.468006726958,2.63789419307228,1.41343531641685,1.10136924803591,0.409038375056329,NA,NA,NA,NA,21.4825925925926,12.6170607860609,166.100814814815,95.1503488504481,0.702671463493381,0.555530372129889,NA,NA,NA,NA,NA,NA,NA,NA,NA,NA,NA,NA,NA,NA,NA,NA,NA,NA,NA,NA,NA,NA,NA,NA,NA,NA,NA,NA,NA,NA,NA,NA,2025,2004-09-14,NA,NA,NA,NA
"Jacory Croskey-Merritt","WAS","RB","17256","weighted",NA,NA,NA,NA,NA,NA,630.177925925926,216.58971338873,4.71501163146618,2.07682385376408,1.82661054994388,0.198184715585805,NA,NA,NA,NA,20.0428686868687,8.44689401360723,154.502033670034,72.0933252250598,0.946355371900826,0.557210776413572,NA,NA,NA,NA,NA,NA,NA,NA,NA,NA,NA,NA,NA,NA,NA,NA,NA,NA,NA,NA,NA,NA,NA,NA,NA,NA,NA,NA,NA,NA,NA,NA,2025,2001-04-12,NA,NA,NA,NA
"Rhamondre Stevenson","NE","RB","15259","weighted",NA,NA,NA,NA,NA,NA,662.810316498316,124.541470730312,5.1048743576112,1.52458169240541,1.75085858585859,0.362113471482194,NA,NA,NA,NA,29.1597306397306,5.26831729496648,184.771494949495,25.7004595938232,1.20266772993089,0.460014965371786,NA,NA,NA,NA,NA,NA,NA,NA,NA,NA,NA,NA,NA,NA,NA,NA,NA,NA,NA,NA,NA,NA,NA,NA,NA,NA,NA,NA,NA,NA,NA,NA,2021,1998-02-23,NA,NA,NA,NA
"Zach Charbonnet","SEA","RB","16169","weighted",NA,NA,NA,NA,NA,NA,575.694929292929,99.1038386503325,4.61146451696452,0.854209544762559,0.690909090909091,0.289132299633034,NA,NA,NA,NA,35.1460269360269,3.61984110121687,262.50764983165,29.9670472629784,1.07821225071225,0.405905176899226,NA,NA,NA,NA,NA,NA,NA,NA,NA,NA,NA,NA,NA,NA,NA,NA,NA,NA,NA,NA,NA,NA,NA,NA,NA,NA,NA,NA,NA,NA,NA,NA,2023,2001-01-08,NA,NA,NA,NA
"Travis Etienne","JAC","RB","15253","weighted",NA,NA,NA,NA,NA,NA,609.27098989899,121.728390391367,3.53513075965131,1.37102637093063,0.801279461279461,0.17329958133762,NA,NA,NA,NA,40.4582154882155,5.29892121868362,299.364437710438,47.9119778111808,1.05808136156081,0.665940717296307,NA,NA,NA,NA,NA,NA,NA,NA,NA,NA,NA,NA,NA,NA,NA,NA,NA,NA,NA,NA,NA,NA,NA,NA,NA,NA,NA,NA,NA,NA,NA,NA,2021,1999-01-26,NA,NA,NA,NA
"Woody Marks","HOU","RB","17053","weighted",NA,NA,NA,NA,NA,NA,276.3553541508,201.989614574795,1.77189328435106,1.59864657943785,0.0437738004569688,0.0176558794830864,NA,NA,NA,NA,21.2798781416603,14.7405492123134,153.650357958873,112.71614581526,0.930551498588773,0.727205936288902,NA,NA,NA,NA,NA,NA,NA,NA,NA,NA,NA,NA,NA,NA,NA,NA,NA,NA,NA,NA,NA,NA,NA,NA,NA,NA,NA,NA,NA,NA,NA,NA,2025,2000-12-29,NA,NA,NA,NA
"Ollie Gordon","MIA","RB","17059","weighted",NA,NA,NA,NA,NA,NA,340.288087542088,189.552001061922,2.55952388078314,1.77642875171864,1.29823232323232,0.294501467977348,NA,NA,NA,NA,11.2365858585859,3.24204149534074,85.4111515151515,30.7088341294937,0.459437469636264,0.443114150767373,NA,NA,NA,NA,NA,NA,NA,NA,NA,NA,NA,NA,NA,NA,NA,NA,NA,NA,NA,NA,NA,NA,NA,NA,NA,NA,NA,NA,NA,NA,NA,NA,2025,2004-01-15,NA,NA,NA,NA
"Najee Harris","LAC","RB","15254","weighted",NA,NA,NA,NA,NA,NA,533.807973063973,101.545987378597,4.108392442948,0.564878257919592,0.690909090909091,0.289132299633034,NA,NA,NA,NA,19.425595959596,5.35666253380015,142.316222222222,45.9650487883804,0.688355031799476,0.524312533350414,NA,NA,NA,NA,NA,NA,NA,NA,NA,NA,NA,NA,NA,NA,NA,NA,NA,NA,NA,NA,NA,NA,NA,NA,NA,NA,NA,NA,NA,NA,NA,NA,2021,1970-01-01,NA,NA,NA,NA
"Trey Benson","ARI","RB","16594","weighted",NA,NA,NA,NA,NA,NA,560.416821548822,75.4614493915854,3.63918871252205,0.829499088982306,0.707491582491582,0.289989700703221,NA,NA,NA,NA,17.6143097643098,6.68974829627881,129.38395959596,47.5115460280794,0.498225428892096,0.45831253312065,NA,NA,NA,NA,NA,NA,NA,NA,NA,NA,NA,NA,NA,NA,NA,NA,NA,NA,NA,NA,NA,NA,NA,NA,NA,NA,NA,NA,NA,NA,NA,NA,2024,2002-07-23,NA,NA,NA,NA
"Jaydon Blue","DAL","RB","17069","weighted",NA,NA,NA,NA,NA,NA,367.437804713805,220.128577394435,2.25683516483516,1.08953076736599,1.21180695847363,0.339477819078967,NA,NA,NA,NA,17.051138047138,9.95935632882699,133.709696969697,78.6855836900587,0.661043623043623,0.450167395548566,NA,NA,NA,NA,NA,NA,NA,NA,NA,NA,NA,NA,NA,NA,NA,NA,NA,NA,NA,NA,NA,NA,NA,NA,NA,NA,NA,NA,NA,NA,NA,NA,2025,2004-01-08,"O","Coach's Decision",2025,0
"Bhayshul Tuten","JAC","RB","17052","weighted",NA,NA,NA,NA,NA,NA,417.432047138047,184.102713886224,2.10850168350168,1.39036189764821,0.979921436588103,0.504822379325767,NA,NA,NA,NA,16.4985185185185,7.54283343799739,131.195872053872,73.0589957678783,0.834057239057239,0.600307140580013,NA,NA,NA,NA,NA,NA,NA,NA,NA,NA,NA,NA,NA,NA,NA,NA,NA,NA,NA,NA,NA,NA,NA,NA,NA,NA,NA,NA,NA,NA,NA,NA,2025,2002-02-14,NA,NA,NA,NA
"Brian Robinson","SF","RB","15716","weighted",NA,NA,NA,NA,NA,NA,477.470632996633,90.2248784236942,4.07731190694827,0.76465792249504,1.39254208754209,0.259611599079209,NA,NA,NA,NA,11.0133400673401,5.5054258812238,89.9979730639731,43.8090548952627,0.425469237832874,0.634397045329332,NA,NA,NA,NA,NA,NA,NA,NA,NA,NA,NA,NA,NA,NA,NA,NA,NA,NA,NA,NA,NA,NA,NA,NA,NA,NA,NA,NA,NA,NA,NA,NA,2022,1999-03-22,NA,NA,NA,NA
"Tyler Allgeier","ATL","RB","15712","weighted",NA,NA,NA,NA,NA,NA,570.322686868687,44.120651230115,3.32087638287638,0.578200519951166,0.690909090909091,0.289132299633034,NA,NA,NA,NA,13.6266936026936,1.52236936222073,102.127744107744,17.4864732162363,0.266369408369408,0.367911236179738,NA,NA,NA,NA,NA,NA,NA,NA,NA,NA,NA,NA,NA,NA,NA,NA,NA,NA,NA,NA,NA,NA,NA,NA,NA,NA,NA,NA,NA,NA,NA,NA,2022,2000-04-15,NA,NA,NA,NA
"Ray Davis","BUF","RB","16603","weighted",NA,NA,NA,NA,NA,NA,480.905966329966,81.3913563080786,3.6967265245043,0.970329239352441,0.746094276094276,0.231125339393026,NA,NA,NA,NA,14.7915151515151,6.30235237225346,124.390740740741,56.5925738392126,1.36239132061354,1.41084575064616,NA,NA,NA,NA,NA,NA,NA,NA,NA,NA,NA,NA,NA,NA,NA,NA,NA,NA,NA,NA,NA,NA,NA,NA,NA,NA,NA,NA,NA,NA,NA,NA,2024,1999-11-20,NA,NA,NA,NA
"Keaton Mitchell","BAL","RB","16178","weighted",NA,NA,NA,NA,NA,NA,271.833198653199,152.315513918362,1.36346999405823,1.00118771224791,0.11043771043771,0.0783516715920152,NA,NA,NA,NA,8.47913804713805,4.43129616865256,73.6143905723906,39.0979795775367,0.327897009308774,0.423858408230625,NA,NA,NA,NA,NA,NA,NA,NA,NA,NA,NA,NA,NA,NA,NA,NA,NA,NA,NA,NA,NA,NA,NA,NA,NA,NA,NA,NA,NA,NA,NA,NA,2023,2002-01-17,NA,NA,NA,NA
"Jaylen Wright","MIA","RB","16610","weighted",NA,NA,NA,NA,NA,NA,362.19880996653,151.661219353297,2.01218296764596,1.14370195986736,1.32852361472666,0.298139711140521,NA,NA,NA,NA,13.4836593529193,9.29136215338735,90.6291409445891,64.6569952930973,0.183421346225363,0.370170800102998,NA,NA,NA,NA,NA,NA,NA,NA,NA,NA,NA,NA,NA,NA,NA,NA,NA,NA,NA,NA,NA,NA,NA,NA,NA,NA,NA,NA,NA,NA,NA,NA,2024,2003-04-01,"O","Knee",2025,0
"Austin Ekeler","WAS","RB","13404","weighted",NA,NA,NA,NA,NA,NA,468.974868686869,75.2934532188038,4.50660183928841,1.38688470833428,1.51353535353535,0.254569298839269,NA,NA,1,0,46.6872053872054,4.84345824521125,394.606841750842,46.3269458117142,1.39122307653651,0.953699834787427,NA,NA,NA,NA,NA,NA,NA,NA,NA,NA,NA,NA,NA,NA,NA,NA,NA,NA,NA,NA,NA,NA,NA,NA,NA,NA,NA,NA,NA,NA,NA,NA,NA,NA,NA,NA,NA,NA
"Braelon Allen","NYJ","RB","16596","weighted",NA,NA,NA,NA,NA,NA,464.621286195286,84.070321322725,2.74209042809043,0.699184655540004,0.587497194163861,0.18113303473501,NA,NA,NA,NA,20.4636026936027,7.75393317732412,151.35637037037,49.2363620767341,0.864017316017316,0.26609409773592,NA,NA,NA,NA,NA,NA,NA,NA,NA,NA,NA,NA,NA,NA,NA,NA,NA,NA,NA,NA,NA,NA,NA,NA,NA,NA,NA,NA,NA,NA,NA,NA,2024,2004-01-20,NA,NA,NA,NA
"Rachaad White","TB","RB","15721","weighted",NA,NA,NA,NA,NA,NA,446.451932659933,84.5171691012584,2.72199768173539,0.418755965054612,1.91084175084175,0.531531723140791,NA,NA,NA,NA,36.7430101010101,6.93600729439537,279.235144781145,51.3819573270169,2.42567235193465,0.823532805494005,NA,NA,NA,NA,NA,NA,NA,NA,NA,NA,NA,NA,NA,NA,NA,NA,NA,NA,NA,NA,NA,NA,NA,NA,NA,NA,NA,NA,NA,NA,NA,NA,2022,1999-01-12,NA,NA,NA,NA
"Kyle Monangai","CHI","RB","17066","weighted",NA,NA,NA,NA,NA,NA,304.518377693283,188.493142508795,2.2716518800169,1.49529792554431,0.792226446979299,0.59645335786888,NA,NA,NA,NA,10.4102239121251,7.77201120654923,80.5906210392902,71.6781999542984,0.301042707552864,0.478336952665913,NA,NA,NA,NA,NA,NA,NA,NA,NA,NA,NA,NA,NA,NA,NA,NA,NA,NA,NA,NA,NA,NA,NA,NA,NA,NA,NA,NA,NA,NA,NA,NA,2025,2002-06-06,NA,NA,NA,NA
"Blake Corum","LAR","RB","16593","weighted",NA,NA,NA,NA,NA,NA,319.753683501683,101.125906892026,1.89407785168761,0.954096209518023,0.342929292929293,0.289457863404327,NA,NA,NA,NA,11.3927272727273,6.90458809010421,84.9328148148148,50.6347752625453,0.306119000641879,0.437876122749394,NA,NA,NA,NA,NA,NA,NA,NA,NA,NA,NA,NA,NA,NA,NA,NA,NA,NA,NA,NA,NA,NA,NA,NA,NA,NA,NA,NA,NA,NA,NA,NA,2024,2000-11-25,NA,NA,NA,NA
"Kareem Hunt","KC","RB","13138","weighted",NA,NA,NA,NA,NA,NA,386.240424242424,82.6954476251225,4.17653553074606,1.17813335227039,0.399652076318743,0.26026633406747,NA,NA,NA,NA,21.6032861952862,2.40062889246333,150.801090909091,18.0091502778853,0.601383661173135,0.561859335329691,NA,NA,NA,NA,NA,NA,NA,NA,NA,NA,NA,NA,NA,NA,NA,NA,NA,NA,NA,NA,NA,NA,NA,NA,NA,NA,NA,NA,NA,NA,NA,NA,2017,1995-08-06,NA,NA,NA,NA
"Chris Rodriguez","WAS","RB","16174","weighted",NA,NA,NA,NA,NA,NA,291.144612794613,119.699703571038,2.68844876437329,1.20506675257653,0.47705948372615,0.25290037159144,NA,NA,NA,NA,5.3629494949495,3.70274313191226,37.7337508417508,26.4439182530772,0.106803128521863,0.191346729338626,NA,NA,NA,NA,NA,NA,NA,NA,NA,NA,NA,NA,NA,NA,NA,NA,NA,NA,NA,NA,NA,NA,NA,NA,NA,NA,NA,NA,NA,NA,NA,NA,2023,1999-09-26,NA,NA,NA,NA
"Emanuel Wilson","GB","RB","16432","weighted",NA,NA,NA,NA,NA,NA,279.034079583488,120.425617757824,2.13425808850874,1.37196996768104,0.342190405355151,0.306558620349211,NA,NA,NA,NA,8.88513201933804,4.58526710072723,55.4844031238379,30.8987158336445,0.203964298995909,0.37385060820182,NA,NA,NA,NA,NA,NA,NA,NA,NA,NA,NA,NA,NA,NA,NA,NA,NA,NA,NA,NA,NA,NA,NA,NA,NA,NA,NA,NA,NA,NA,NA,NA,2023,1999-05-08,NA,NA,NA,NA
"Tyjae Spears","TEN","RB","16165","weighted",NA,NA,NA,NA,NA,NA,333.265872053872,119.489967860003,2.51492970860872,0.556096181460841,0.359511784511785,0.29018437369868,NA,NA,NA,NA,29.5483569023569,9.28566845710795,222.1592996633,72.8751081896894,1.17686827118926,0.503126355456305,NA,NA,NA,NA,NA,NA,NA,NA,NA,NA,NA,NA,NA,NA,NA,NA,NA,NA,NA,NA,NA,NA,NA,NA,NA,NA,NA,NA,NA,NA,NA,NA,2023,2001-06-15,NA,"Ankle",2025,0
"Tyler Goodson","IND","RB","15730","weighted",NA,NA,NA,NA,NA,NA,209.076236453202,188.970214314657,1.21206896551724,1.30332424945397,0,0,NA,NA,NA,NA,7.09298522167488,5.28087835078579,45.6463842364532,34.030870335778,0.394837438423645,0.455060324564345,NA,NA,NA,NA,NA,NA,NA,NA,NA,NA,NA,NA,NA,NA,NA,NA,NA,NA,NA,NA,NA,NA,NA,NA,NA,NA,NA,NA,NA,NA,NA,NA,2022,2000-11-10,"Q","Elbow",2025,0
"MarShawn Lloyd","GB","RB","16604","weighted",NA,NA,NA,NA,NA,NA,252.678519895872,135.897268170736,1.64879137225734,1.27648900833935,0.478145531176398,0.267824157844386,NA,NA,NA,NA,11.2395686128672,5.93443223064254,81.4267460022313,40.2124717868952,0.605046026067974,0.467508831025514,NA,NA,NA,NA,NA,NA,NA,NA,NA,NA,NA,NA,NA,NA,NA,NA,NA,NA,NA,NA,NA,NA,NA,NA,NA,NA,NA,NA,NA,NA,NA,NA,2024,2001-01-05,NA,"Hamstring",2025,0
"Antonio Gibson","NE","RB","14852","weighted",NA,NA,NA,NA,NA,NA,292.392063023141,154.093283952132,1.0803643525357,0.309751729568458,0.392581651075004,0.32811288790616,NA,NA,NA,NA,20.057459379616,7.44338579552112,163.954042343673,65.2055448756216,0.548136961350059,0.510376365634315,NA,NA,NA,NA,NA,NA,NA,NA,NA,NA,NA,NA,NA,NA,NA,NA,NA,NA,NA,NA,NA,NA,NA,NA,NA,NA,NA,NA,NA,NA,NA,NA,2020,1970-01-01,NA,NA,NA,NA
"Kendre Miller","NO","RB","16171","weighted",NA,NA,NA,NA,NA,NA,359.568653198653,95.0893269903461,2.49690477423811,1.44310979799987,0.502861952861953,0.252138042126586,NA,NA,NA,NA,13.1419663299663,2.72724532870588,102.093925925926,23.9497463374597,0.124014754596367,0.22323951324647,NA,NA,NA,NA,NA,NA,NA,NA,NA,NA,NA,NA,NA,NA,NA,NA,NA,NA,NA,NA,NA,NA,NA,NA,NA,NA,NA,NA,NA,NA,NA,NA,2023,2002-06-11,NA,NA,NA,NA
"Zamir White","LVR","RB","15714","weighted",NA,NA,NA,NA,NA,NA,264.074533049041,133.000898883805,1.4200170575693,0.64460991400525,1.01155650319829,0.299406393777966,NA,NA,NA,NA,10.8035138592751,6.89970883668318,74.8654840085288,51.4047343268497,0.184360501613541,0.376493325181198,NA,NA,NA,NA,NA,NA,NA,NA,NA,NA,NA,NA,NA,NA,NA,NA,NA,NA,NA,NA,NA,NA,NA,NA,NA,NA,NA,NA,NA,NA,NA,NA,2022,1999-09-18,NA,NA,NA,NA
"Audric Estime","FA","RB","16595","weighted",NA,NA,NA,NA,NA,NA,440,NA,3,NA,0,NA,NA,NA,NA,NA,11,NA,68,NA,0,NA,NA,NA,NA,NA,NA,NA,NA,NA,NA,NA,NA,NA,NA,NA,NA,NA,NA,NA,NA,NA,NA,NA,NA,NA,NA,NA,NA,NA,NA,NA,NA,NA,2024,2003-09-06,NA,NA,NA,NA
"Raheem Mostert","LVR","RB","12447","weighted",NA,NA,NA,NA,NA,NA,268.239771043771,79.1605541153457,2.11437604111288,1.63808268821106,1.54312008978676,0.180862917911436,NA,NA,NA,NA,15.8181279461279,7.08074564987963,120.593508417508,55.4725205015757,0.423787269170235,0.467667772894435,NA,NA,NA,NA,NA,NA,NA,NA,NA,NA,NA,NA,NA,NA,NA,NA,NA,NA,NA,NA,NA,NA,NA,NA,NA,NA,NA,NA,NA,NA,NA,NA,NA,NA,NA,NA,NA,NA
"Tahj Brooks","CIN","RB","17058","weighted",NA,NA,NA,NA,NA,NA,222.207571587951,147.252930889223,1.72243956861287,1.16301911399313,1.00632205280774,0.534082692625706,NA,NA,NA,NA,9.7932986240238,8.38709778669592,79.594228337672,77.1280645914517,0.363494892703929,0.714670023661419,NA,NA,NA,NA,NA,NA,NA,NA,NA,NA,NA,NA,NA,NA,NA,NA,NA,NA,NA,NA,NA,NA,NA,NA,NA,NA,NA,NA,NA,NA,NA,NA,2025,2002-05-13,NA,NA,NA,NA
"Will Shipley","PHI","RB","16601","weighted",NA,NA,NA,NA,NA,NA,258.359306397306,106.008990054182,1.65550450238822,0.630979206258455,0.0258024691358025,0.0147900577721749,NA,NA,NA,NA,12.5692121212121,6.18194812950888,93.3321683501684,45.1006340933643,0.306057787174066,0.57617462793057,NA,NA,NA,NA,NA,NA,NA,NA,NA,NA,NA,NA,NA,NA,NA,NA,NA,NA,NA,NA,NA,NA,NA,NA,NA,NA,NA,NA,NA,NA,NA,NA,2024,2002-08-29,NA,NA,NA,NA
"DJ Giddens","IND","RB","17060","weighted",NA,NA,NA,NA,NA,NA,182.795023569024,137.246839376934,1.11462177328844,1.07678385497911,0,0,NA,NA,NA,NA,8.40870033670034,5.01600073166265,61.6847609427609,38.6984095946063,0.123203844180727,0.224055526918291,NA,NA,NA,NA,NA,NA,NA,NA,NA,NA,NA,NA,NA,NA,NA,NA,NA,NA,NA,NA,NA,NA,NA,NA,NA,NA,NA,NA,NA,NA,NA,NA,2025,2003-08-26,NA,NA,NA,NA
"Roschon Johnson","CHI","RB","16175","weighted",NA,NA,NA,NA,NA,NA,268.840438824842,72.0758180113984,3.78545184083302,1.15477123109389,0.0250154952274699,0.0154236518364179,NA,NA,NA,NA,16.3310078095946,4.546139522796,105.577768687244,32.1193694631174,0.284589066567497,0.450001264672794,NA,NA,NA,NA,NA,NA,NA,NA,NA,NA,NA,NA,NA,NA,NA,NA,NA,NA,NA,NA,NA,NA,NA,NA,NA,NA,NA,NA,NA,NA,NA,NA,2023,2001-01-31,"Q","Foot",2025,0
"Jaleel McLaughlin","DEN","RB","16390","weighted",NA,NA,NA,NA,NA,NA,210.076562899787,129.499275826164,1.07594882729211,0.139325970969104,0.690191897654584,0.148563179211738,NA,NA,NA,NA,14.3773731343284,14.3095787862187,78.2106524520256,82.5736221023738,0.609767144803217,0.893482032156155,NA,NA,NA,NA,NA,NA,NA,NA,NA,NA,NA,NA,NA,NA,NA,NA,NA,NA,NA,NA,NA,NA,NA,NA,NA,NA,NA,NA,NA,NA,NA,NA,2023,2000-09-13,NA,NA,NA,NA
"Elijah Mitchell","KC","RB","15263","weighted",NA,NA,NA,NA,NA,NA,210.138850224735,98.3352810999509,1.80069637562393,0.791995530535464,0.1,0,NA,NA,NA,NA,8.88460925039873,3.68046483690793,58.318870523416,22.7392012321576,0.204207126422281,0.195132551895285,NA,NA,NA,NA,NA,NA,NA,NA,NA,NA,NA,NA,NA,NA,NA,NA,NA,NA,NA,NA,NA,NA,NA,NA,NA,NA,NA,NA,NA,NA,NA,NA,2021,1998-05-02,"O","Coach's Decision",2025,0
"Miles Sanders","DAL","RB","14079","weighted",NA,NA,NA,NA,NA,NA,301.526582372629,87.654658179512,1.45352919300855,0.540808706959795,0.881244576670386,0.541294417989532,NA,NA,NA,NA,15.5987281517293,6.72660585693763,98.4042171811082,44.9332449433824,0.328344988776444,0.427123659578915,NA,NA,NA,NA,NA,NA,NA,NA,NA,NA,NA,NA,NA,NA,NA,NA,NA,NA,NA,NA,NA,NA,NA,NA,NA,NA,NA,NA,NA,NA,NA,NA,2019,1970-01-01,NA,NA,NA,NA
"Devin Singletary","NYG","RB","14080","weighted",NA,NA,NA,NA,NA,NA,266.060803272592,120.492562236459,1.7998958720714,0.922968790887488,0.887083178381059,0.103181375134544,NA,NA,NA,NA,11.5934994421718,5.16037886670731,72.5859947936036,33.0851323548732,0.062003913348917,0.158181200554936,NA,NA,NA,NA,NA,NA,NA,NA,NA,NA,NA,NA,NA,NA,NA,NA,NA,NA,NA,NA,NA,NA,NA,NA,NA,NA,NA,NA,NA,NA,NA,NA,2019,1997-09-03,NA,NA,NA,NA
"Brashard Smith","KC","RB","17049","weighted",NA,NA,NA,NA,NA,NA,181.031264280274,116.732189266323,1.1712953307165,0.983608284709796,0.618488194973344,0.194214674313951,NA,NA,NA,NA,10.310198019802,9.04347037311052,79.2005483625286,65.5489069860214,0.314957525338333,0.617287976516975,NA,NA,NA,NA,NA,NA,NA,NA,NA,NA,NA,NA,NA,NA,NA,NA,NA,NA,NA,NA,NA,NA,NA,NA,NA,NA,NA,NA,NA,NA,NA,NA,2025,2003-04-11,NA,NA,NA,NA
"Isaac Guerendo","SF","RB","16688","weighted",NA,NA,NA,NA,NA,NA,256.571151515152,73.5551435477395,2.41755937755938,0.768680572890291,0.47705948372615,0.25290037159144,NA,NA,NA,NA,8.41832323232323,6.27070984287697,72.7530235690236,61.4017736110437,0.131027845261852,0.231977212764307,NA,NA,NA,NA,NA,NA,NA,NA,NA,NA,NA,NA,NA,NA,NA,NA,NA,NA,NA,NA,NA,NA,NA,NA,NA,NA,NA,NA,NA,NA,NA,NA,2024,2000-06-28,NA,NA,NA,NA
"Jarquez Hunter","LAR","RB","17064","weighted",NA,NA,NA,NA,NA,NA,247.314367562803,126.466306726924,1.72077009859641,1.00265008931121,0.674118554429264,0.336477756574569,NA,NA,NA,NA,10.05451740855,7.92437295133289,83.6531952401939,65.4289002004143,0.570936173392036,0.557474223979176,NA,NA,NA,NA,NA,NA,NA,NA,NA,NA,NA,NA,NA,NA,NA,NA,NA,NA,NA,NA,NA,NA,NA,NA,NA,NA,NA,NA,NA,NA,NA,NA,2025,2002-12-29,NA,NA,NA,NA
"Dameon Pierce","HOU","RB","15717","weighted",NA,NA,NA,NA,NA,NA,273.220033898305,66.3377550521207,1.52788983050847,0.516364010165894,0.682203389830508,0.661244010146336,NA,NA,NA,NA,7.35371186440678,2.79170769247107,47.9624576271186,18.9289418602785,0.105769665031019,0.158462116261903,NA,NA,NA,NA,NA,NA,NA,NA,NA,NA,NA,NA,NA,NA,NA,NA,NA,NA,NA,NA,NA,NA,NA,NA,NA,NA,NA,NA,NA,NA,NA,NA,2022,2000-02-19,NA,NA,NA,NA
"Ty Johnson","BUF","RB","14095","weighted",NA,NA,NA,NA,NA,NA,209.072532539978,76.5711783001179,0.905667534399405,0.187929428262721,0.0250154952274699,0.0154236518364179,NA,NA,NA,NA,17.4162439568613,6.05852293178115,177.945563406471,53.9830164559652,1.59927110449981,1.18741860771176,NA,NA,NA,NA,NA,NA,NA,NA,NA,NA,NA,NA,NA,NA,NA,NA,NA,NA,NA,NA,NA,NA,NA,NA,NA,NA,NA,NA,NA,NA,NA,NA,2019,1997-09-17,NA,NA,NA,NA
"Trevor Etienne","CAR","RB","17056","weighted",NA,NA,NA,NA,NA,NA,160.739332488382,130.128668743296,1.1318124207858,1.08124859770961,0.863878326996198,0.585407017912135,NA,NA,NA,NA,8.38922686945501,7.79672889426189,67.460498521335,68.5807898060795,0.155514598593102,0.377189466988001,NA,NA,NA,NA,NA,NA,NA,NA,NA,NA,NA,NA,NA,NA,NA,NA,NA,NA,NA,NA,NA,NA,NA,NA,NA,NA,NA,NA,NA,NA,NA,NA,2025,2004-07-09,NA,NA,NA,NA
"Julius Chestnut","TEN","RB","15965","weighted",NA,NA,NA,NA,NA,NA,191.261151515152,134.545594672197,0.718090909090909,0.567627943478004,0.308417508417508,0.262890283273304,NA,NA,NA,NA,9.52833333333333,7.60248186709768,62.7743939393939,51.8692310230872,0.15572155724298,0.364621321676043,NA,NA,NA,NA,NA,NA,NA,NA,NA,NA,NA,NA,NA,NA,NA,NA,NA,NA,NA,NA,NA,NA,NA,NA,NA,NA,NA,NA,NA,NA,NA,NA,2022,2000-10-26,NA,NA,NA,NA
"Jordan James","SF","RB","17055","weighted",NA,NA,NA,NA,NA,NA,157.923076923077,150.28040836783,0.673326673326673,0.574472060389462,0,0,NA,NA,NA,NA,4.64335664335664,6.39841228756228,40.2677322677323,48.0996224493051,0,0,NA,NA,NA,NA,NA,NA,NA,NA,NA,NA,NA,NA,NA,NA,NA,NA,NA,NA,NA,NA,NA,NA,NA,NA,NA,NA,NA,NA,NA,NA,NA,NA,2025,2004-03-29,"D","Finger",2025,0
"Devin Neal","NO","RB","17046","weighted",NA,NA,NA,NA,NA,NA,225.482081023454,82.81890878052,1.42425586353945,0.785692177990481,0.327889125799574,0.0748515984444916,NA,NA,NA,NA,8.60171428571429,3.13200894896046,62.2609637526652,22.6457936705836,0.186985074626866,0.376136995546626,NA,NA,NA,NA,NA,NA,NA,NA,NA,NA,NA,NA,NA,NA,NA,NA,NA,NA,NA,NA,NA,NA,NA,NA,NA,NA,NA,NA,NA,NA,NA,NA,2025,2003-08-12,NA,NA,NA,NA
"Sean Tucker","TB","RB","16166","weighted",NA,NA,NA,NA,NA,NA,212.750576422462,67.695337290978,1.27554481219784,0.405691256780841,0.668677947192265,0.612795922579886,NA,NA,2,0,6.46657493492004,3.57617357860977,55.1468650055783,33.2190097690389,0.334615098549647,0.441385166828897,NA,NA,NA,NA,NA,NA,NA,NA,NA,NA,NA,NA,NA,NA,NA,NA,NA,NA,NA,NA,NA,NA,NA,NA,NA,NA,NA,NA,NA,NA,NA,NA,2023,2001-10-25,NA,NA,NA,NA
"Emari Demercado","ARI","RB","16385","weighted",NA,NA,NA,NA,NA,NA,135.779263666791,91.1103373225735,0.692509538605513,0.399359409714877,0,0,NA,NA,NA,NA,10.8742580885087,5.72456066857813,70.7938118259576,30.6058000819704,0.131042340862528,0.27382789563546,NA,NA,NA,NA,NA,NA,NA,NA,NA,NA,NA,NA,NA,NA,NA,NA,NA,NA,NA,NA,NA,NA,NA,NA,NA,NA,NA,NA,NA,NA,NA,NA,2023,1999-01-20,NA,NA,NA,NA
"Samaje Perine","CIN","RB","13133","weighted",NA,NA,NA,NA,NA,NA,173.839390107847,54.1331497550347,1.07824470063221,0.873378718669347,1.24417069542581,0.823345148325386,NA,NA,NA,NA,19.5818296764597,3.60925868445893,172.003584975827,55.5190487472391,0.91146894756415,0.208336483463384,NA,NA,NA,NA,NA,NA,NA,NA,NA,NA,NA,NA,NA,NA,NA,NA,NA,NA,NA,NA,NA,NA,NA,NA,NA,NA,NA,NA,NA,NA,NA,NA,2017,1995-09-16,NA,NA,NA,NA
"Ty Chandler","MIN","RB","15723","weighted",NA,NA,NA,NA,NA,NA,148.18795667159,56.2122963119955,0.842166420482521,0.404344051820783,0,0,NA,NA,NA,NA,6.89165928114229,3.54015984864706,49.9522796651896,25.0069817969035,0.0466513506399789,0.0815895628571525,NA,NA,NA,NA,NA,NA,NA,NA,NA,NA,NA,NA,NA,NA,NA,NA,NA,NA,NA,NA,NA,NA,NA,NA,NA,NA,NA,NA,NA,NA,NA,NA,2022,1998-05-12,NA,NA,NA,NA
"Kimani Vidal","FA","RB","16757","weighted",NA,NA,NA,NA,NA,NA,254,NA,2,NA,0,NA,NA,NA,NA,NA,15,NA,133,NA,0,NA,NA,NA,NA,NA,NA,NA,NA,NA,NA,NA,NA,NA,NA,NA,NA,NA,NA,NA,NA,NA,NA,NA,NA,NA,NA,NA,NA,NA,NA,NA,NA,NA,2024,2001-08-28,NA,NA,NA,NA
"Justice Hill","BAL","RB","14086","weighted",NA,NA,NA,NA,NA,NA,203.862558922559,28.3798390753846,1.04685107485107,0.29386497556571,0.342929292929293,0.289457863404327,NA,NA,NA,NA,31.8829494949495,9.43021200735426,261.141393939394,81.5478931918989,1.77328360528361,0.628822663103409,NA,NA,NA,NA,NA,NA,NA,NA,NA,NA,NA,NA,NA,NA,NA,NA,NA,NA,NA,NA,NA,NA,NA,NA,NA,NA,NA,NA,NA,NA,NA,NA,2019,1997-11-14,NA,NA,NA,NA
"Isaiah Davis","NYJ","RB","16752","weighted",NA,NA,NA,NA,NA,NA,147.064484938639,50.0192416500497,0.61427296392711,0.741720884521519,0,0,NA,NA,NA,NA,6.47347712904425,2.29639457975545,47.5529564894013,17.8844504651726,0.106088638283835,0.206551565707398,NA,NA,NA,NA,NA,NA,NA,NA,NA,NA,NA,NA,NA,NA,NA,NA,NA,NA,NA,NA,NA,NA,NA,NA,NA,NA,NA,NA,NA,NA,NA,NA,2024,2002-02-21,NA,NA,NA,NA
"Chris Brooks","GB","RB","16387","weighted",NA,NA,NA,NA,NA,NA,131.157595959596,67.7418872235069,1.02153535353535,0.465334209564229,0,0,NA,NA,NA,NA,6.9770404040404,3.5636161082301,46.5118484848485,22.9940750353341,0.0260185133974546,0.0411189173106339,NA,NA,NA,NA,NA,NA,NA,NA,NA,NA,NA,NA,NA,NA,NA,NA,NA,NA,NA,NA,NA,NA,NA,NA,NA,NA,NA,NA,NA,NA,NA,NA,2023,2000-01-11,NA,NA,NA,NA
"AJ Dillon","PHI","RB","14805","weighted",NA,NA,NA,NA,NA,NA,111.455656565657,88.3928146245089,0.442626262626263,0.726859129907168,0,0,NA,NA,NA,NA,2.71241414141414,2.46031417107755,21.8466767676768,19.2287578760728,0.0655749158249158,0.130833677122735,NA,NA,NA,NA,NA,NA,NA,NA,NA,NA,NA,NA,NA,NA,NA,NA,NA,NA,NA,NA,NA,NA,NA,NA,NA,NA,NA,NA,NA,NA,NA,NA,2020,1998-05-02,NA,NA,NA,NA
"Hassan Haskins","LAC","RB","15720","weighted",NA,NA,NA,NA,NA,NA,132.657670196672,53.9206541324303,1.13753403933434,0.162544495770033,0.761649016641452,0.163990856950712,NA,NA,NA,NA,7.23317700453858,6.67887430035996,61.9727231467474,45.1605904903863,0.961300095188583,0.21907689575982,NA,NA,NA,NA,NA,NA,NA,NA,NA,NA,NA,NA,NA,NA,NA,NA,NA,NA,NA,NA,NA,NA,NA,NA,NA,NA,NA,NA,NA,NA,NA,NA,2022,1999-11-26,NA,NA,NA,NA
"LeQuint Allen","JAC","RB","17061","weighted",NA,NA,NA,NA,NA,NA,95.3249758919962,84.9091239951661,0.317261330761813,0.570672387032233,0,0,NA,NA,NA,NA,6.12439729990357,5.83521019440427,42.2362584378014,38.2796805974414,0,0,NA,NA,NA,NA,NA,NA,NA,NA,NA,NA,NA,NA,NA,NA,NA,NA,NA,NA,NA,NA,NA,NA,NA,NA,NA,NA,NA,NA,NA,NA,NA,NA,2025,2004-08-05,NA,NA,NA,NA
"Tyler Badie","DEN","RB","15718","weighted",NA,NA,NA,NA,NA,NA,84.3172205438067,87.7716994542084,0.346424974823766,0.582888968445826,0.787311178247734,0.919827552932819,NA,NA,NA,NA,2.89919436052367,3.41306797375266,4.38368580060423,3.75386819213141,0,0,NA,NA,NA,NA,NA,NA,NA,NA,NA,NA,NA,NA,NA,NA,NA,NA,NA,NA,NA,NA,NA,NA,NA,NA,NA,NA,NA,NA,NA,NA,NA,NA,2022,1999-02-07,NA,NA,NA,NA
"Zonovan Knight","NYJ","RB","15727","weighted",NA,NA,NA,NA,NA,NA,98.5443543543544,107.430733265672,0.598708708708709,0.586898628384834,0,0,NA,NA,NA,NA,3.03948948948949,1.52027957955108,24.5793993993994,8.16001225489276,0.0821921921921922,0.120208152801713,NA,NA,NA,NA,NA,NA,NA,NA,NA,NA,NA,NA,NA,NA,NA,NA,NA,NA,NA,NA,NA,NA,NA,NA,NA,NA,NA,NA,NA,NA,NA,NA,2022,2001-04-11,NA,NA,NA,NA
"Jeremy McNichols","WAS","RB","13143","weighted",NA,NA,NA,NA,NA,NA,76.8767676767677,58.2927446669396,0.977070707070707,0.853988572872409,0,0,NA,NA,NA,NA,3.15621212121212,2.26729845653409,15.9984848484848,10.363857673762,0,0,NA,NA,NA,NA,NA,NA,NA,NA,NA,NA,NA,NA,NA,NA,NA,NA,NA,NA,NA,NA,NA,NA,NA,NA,NA,NA,NA,NA,NA,NA,NA,NA,2017,1995-12-26,NA,NA,NA,NA
"George Holani","SEA","RB","16608","weighted",NA,NA,NA,NA,NA,NA,56.8292433537832,88.3941449109581,0.33640081799591,0.578676606953559,0,0,NA,NA,NA,NA,3.15112474437628,2.7936143328543,15.1053169734151,14.5091334077895,0,0,NA,NA,NA,NA,NA,NA,NA,NA,NA,NA,NA,NA,NA,NA,NA,NA,NA,NA,NA,NA,NA,NA,NA,NA,NA,NA,NA,NA,NA,NA,NA,NA,2024,1999-12-16,NA,NA,NA,NA
"Zavier Scott","MIN","RB","17337","weighted",NA,NA,NA,NA,NA,NA,83.5961251862891,89.095454429505,0.512667660208644,0.707106781186547,0,0,NA,NA,NA,NA,2.90253353204173,0.14142135623731,23.5886736214605,4.94974746830583,0,0,NA,NA,NA,NA,NA,NA,NA,NA,NA,NA,NA,NA,NA,NA,NA,NA,NA,NA,NA,NA,NA,NA,NA,NA,NA,NA,NA,NA,NA,NA,NA,NA,2023,1999-07-17,"O","Ankle",2025,0
"Jeffery Wilson","MIA","RB","14017","weighted",NA,NA,NA,NA,NA,NA,132,NA,0,NA,0,NA,NA,NA,NA,NA,7.3,NA,41,NA,0,NA,NA,NA,NA,NA,NA,NA,NA,NA,NA,NA,NA,NA,NA,NA,NA,NA,NA,NA,NA,NA,NA,NA,NA,NA,NA,NA,NA,NA,NA,NA,NA,NA,2018,1970-01-01,NA,NA,NA,NA
"Kenny McIntosh","SEA","RB","16170","weighted",NA,NA,NA,NA,NA,NA,101.742157164869,41.6980868865707,0.198459167950693,0.282842712474619,0,0,NA,NA,NA,NA,4.48107858243451,4.39113311116846,37.602280431433,30.7874292528623,0.168690292758089,0.240416305603426,NA,NA,NA,NA,NA,NA,NA,NA,NA,NA,NA,NA,NA,NA,NA,NA,NA,NA,NA,NA,NA,NA,NA,NA,NA,NA,NA,NA,NA,NA,NA,NA,2023,2000-03-03,"IR","Knee - ACL",2025,0
"Travis Homer","CHI","RB","14083","weighted",NA,NA,NA,NA,NA,NA,71.0151001540832,79.8323555959612,0.307611710323575,0.438406204335659,0,0,NA,NA,NA,NA,3.3040061633282,3.85373195746668,25.3586440677966,33.2905872582627,0.128998459167951,0.183847763108502,NA,NA,NA,NA,NA,NA,NA,NA,NA,NA,NA,NA,NA,NA,NA,NA,NA,NA,NA,NA,NA,NA,NA,NA,NA,NA,NA,NA,NA,NA,NA,NA,2019,1998-08-07,NA,"Calf",2025,0
"Kalel Mullings","TEN","RB","17050","weighted",NA,NA,NA,NA,NA,NA,76.1080669710807,50.5469274033417,0.751141552511416,0.499237223049372,0,0,NA,NA,NA,NA,4.00608828006088,2.82483181742701,30.2960426179604,21.6742853240642,0.00625951293759513,0.0125063500131096,NA,NA,NA,NA,NA,NA,NA,NA,NA,NA,NA,NA,NA,NA,NA,NA,NA,NA,NA,NA,NA,NA,NA,NA,NA,NA,NA,NA,NA,NA,NA,NA,2025,2002-10-04,"Q","Ankle",2025,0
"Phil Mafah","DAL","RB","17063","weighted",NA,NA,NA,NA,NA,NA,64.1798780487805,83.4386001800126,0.501524390243902,0.707106781186548,0,0,NA,NA,NA,NA,1.50457317073171,2.12132034355964,11.0335365853659,15.556349186104,0,0,NA,NA,NA,NA,NA,NA,NA,NA,NA,NA,NA,NA,NA,NA,NA,NA,NA,NA,NA,NA,NA,NA,NA,NA,NA,NA,NA,NA,NA,NA,NA,NA,2025,2002-10-24,"IR","Shoulder",2025,0
"Craig Reynolds","DET","RB","14727","weighted",NA,NA,NA,NA,NA,NA,96.1279182879377,37.1058698655702,0.0908365758754864,0.164966532921206,0,0,NA,NA,NA,NA,6.01108949416342,5.33807762694976,52.2599610894942,37.9958104114216,0.222392996108949,0.403883580600194,NA,NA,NA,NA,NA,NA,NA,NA,NA,NA,NA,NA,NA,NA,NA,NA,NA,NA,NA,NA,NA,NA,NA,NA,NA,NA,NA,NA,NA,NA,NA,NA,2019,1970-01-01,NA,NA,NA,NA
"Damien Martinez","FA","RB","17054","weighted",NA,NA,NA,NA,NA,NA,121,NA,1,NA,0,NA,NA,NA,NA,NA,5,NA,38,NA,0,NA,NA,NA,NA,NA,NA,NA,NA,NA,NA,NA,NA,NA,NA,NA,NA,NA,NA,NA,NA,NA,NA,NA,NA,NA,NA,NA,NA,NA,NA,NA,NA,NA,2025,2004-01-31,NA,NA,NA,NA
"Dare Ogunbowale","HOU","RB","13148","weighted",NA,NA,NA,NA,NA,NA,43.7138219261054,38.587127697499,0,0,0,0,NA,NA,NA,NA,6.59712901271956,1.91662127066667,58.3349969715324,23.0562958873302,0.300932768019382,0.420234468905509,NA,NA,NA,NA,NA,NA,NA,NA,NA,NA,NA,NA,NA,NA,NA,NA,NA,NA,NA,NA,NA,NA,NA,NA,NA,NA,NA,NA,NA,NA,NA,NA,2017,NA,NA,NA,NA,NA
"Eric Gray","NYG","RB","16173","weighted",NA,NA,NA,NA,NA,NA,47.3427118644068,38.9686547111906,0.173651771956857,0.247487373415292,0.349614791987673,0.0707106781186548,NA,NA,NA,NA,3.75654853620955,1.20208152801713,24.7452696456086,4.63862048458375,0.0644992295839753,0.0919238815542512,NA,NA,NA,NA,NA,NA,NA,NA,NA,NA,NA,NA,NA,NA,NA,NA,NA,NA,NA,NA,NA,NA,NA,NA,NA,NA,NA,NA,NA,NA,NA,NA,2023,1999-11-04,NA,"Undisclosed",2025,0
"Patrick Taylor","SF","RB","14817","weighted",NA,NA,NA,NA,NA,NA,65,NA,0.2,NA,0,NA,NA,NA,NA,NA,2.5,NA,23,NA,0,NA,NA,NA,NA,NA,NA,NA,NA,NA,NA,NA,NA,NA,NA,NA,NA,NA,NA,NA,NA,NA,NA,NA,NA,NA,NA,NA,NA,NA,NA,NA,NA,NA,2020,1998-04-29,"IR","Shoulder",2025,0
"Nathan Carter","ATL","RB","17348","weighted",NA,NA,NA,NA,NA,NA,57,NA,0,NA,0.4,NA,NA,NA,NA,NA,2.7,NA,17,NA,0,NA,NA,NA,NA,NA,NA,NA,NA,NA,NA,NA,NA,NA,NA,NA,NA,NA,NA,NA,NA,NA,NA,NA,NA,NA,NA,NA,NA,NA,NA,NA,NA,NA,2025,2002-05-22,NA,NA,NA,NA
"Hunter Luepke","DAL","RB","16391","weighted",NA,NA,NA,NA,NA,NA,27.6620045906656,14.6035484878885,0.0525019127773527,0.0984955012702391,0,0,NA,NA,NA,NA,5.41140015302219,3.04833007141271,40.9955470543229,30.4566419807525,0.0172456006120888,0.0348291938659656,NA,NA,NA,NA,NA,NA,NA,NA,NA,NA,NA,NA,NA,NA,NA,NA,NA,NA,NA,NA,NA,NA,NA,NA,NA,NA,NA,NA,NA,NA,NA,NA,2023,2000-02-28,NA,NA,NA,NA
"Patrick Ricard","BAL","RB","13455","weighted",NA,NA,NA,NA,NA,NA,17.1419106317411,24.4305392899952,0.158767334360555,0.226274169979695,0,0,NA,NA,NA,NA,3.03848998459168,1.19501046020527,22.6742372881356,3.81130555059549,0.209922958397535,0.0141421356237309,NA,NA,NA,NA,NA,NA,NA,NA,NA,NA,NA,NA,NA,NA,NA,NA,NA,NA,NA,NA,NA,NA,NA,NA,NA,NA,NA,NA,NA,NA,NA,NA,2017,1994-05-27,"O","Calf",2025,0
"Alec Ingold","MIA","RB","14420","weighted",NA,NA,NA,NA,NA,NA,26.0685281647486,7.25890976589593,0.507341005451242,0.865254425823628,0.524954572986069,0.322426590183299,NA,NA,NA,NA,8.14803149606299,3.98413767674242,60.6556874621442,28.8479549453216,0.0312053301029679,0.0708835255524636,NA,NA,NA,NA,NA,NA,NA,NA,NA,NA,NA,NA,NA,NA,NA,NA,NA,NA,NA,NA,NA,NA,NA,NA,NA,NA,NA,NA,NA,NA,NA,NA,2019,1996-07-09,NA,NA,NA,NA
"Rasheen Ali","BAL","RB","16746","weighted",NA,NA,NA,NA,NA,NA,16.1232665639445,22.6274169979695,0,0,0,0,NA,NA,NA,NA,0,0,0,0,0,0,NA,NA,NA,NA,NA,NA,NA,NA,NA,NA,NA,NA,NA,NA,NA,NA,NA,NA,NA,NA,NA,NA,NA,NA,NA,NA,NA,NA,NA,NA,NA,NA,2024,2001-02-16,NA,NA,NA,NA
"Kyle Juszczyk","SF","RB","11367","weighted",NA,NA,NA,NA,NA,NA,23.5896060606061,5.62692272085174,0.424108235114173,0.467208507360641,0.482255892255892,0.31965423695014,NA,NA,NA,NA,15.0713737373737,5.15455306845426,141.169858585859,67.1858401783325,0.923177723280469,1.14222655279227,NA,NA,NA,NA,NA,NA,NA,NA,NA,NA,NA,NA,NA,NA,NA,NA,NA,NA,NA,NA,NA,NA,NA,NA,NA,NA,NA,NA,NA,NA,NA,NA,2013,1991-04-23,NA,NA,NA,NA
"Dylan Laube","LVR","RB","16613","weighted",NA,NA,NA,NA,NA,NA,0,NA,0,NA,0,NA,NA,NA,NA,NA,0,NA,0,NA,0,NA,NA,NA,NA,NA,NA,NA,NA,NA,NA,NA,NA,NA,NA,NA,NA,NA,NA,NA,NA,NA,NA,NA,NA,NA,NA,NA,NA,NA,NA,NA,NA,NA,2024,1999-12-14,NA,NA,NA,NA
"Velus Jones","NO","RB","15767","weighted",NA,NA,NA,NA,NA,NA,20.85,NA,0.17,NA,0,NA,NA,NA,NA,NA,3.61,NA,26.57,NA,0.17,NA,NA,NA,NA,NA,NA,NA,NA,NA,NA,NA,NA,NA,NA,NA,NA,NA,NA,NA,NA,NA,NA,NA,NA,NA,NA,NA,NA,NA,NA,NA,NA,NA,2022,1997-05-11,NA,NA,NA,NA
"Sione Vaki","DET","RB","16678","weighted",NA,NA,NA,NA,NA,NA,10.0770416024653,14.142135623731,0,0,0,0,NA,NA,NA,NA,0.705392912172573,0.989949493661166,10.0770416024653,14.142135623731,0,0,NA,NA,NA,NA,NA,NA,NA,NA,NA,NA,NA,NA,NA,NA,NA,NA,NA,NA,NA,NA,NA,NA,NA,NA,NA,NA,NA,NA,NA,NA,NA,NA,2024,2001-07-30,"O","Hamstring",2025,0
"Reggie Gilliam","BUF","RB","15103","weighted",NA,NA,NA,NA,NA,NA,10.0770416024653,14.142135623731,0,0,0,0,NA,NA,NA,NA,0,0,0,0,0,0,NA,NA,NA,NA,NA,NA,NA,NA,NA,NA,NA,NA,NA,NA,NA,NA,NA,NA,NA,NA,NA,NA,NA,NA,NA,NA,NA,NA,NA,NA,NA,NA,2020,1997-08-20,NA,NA,NA,NA
"C.J. Ham","MIN","RB","12923","weighted",NA,NA,NA,NA,NA,NA,7.51863041289023,8.12660360771496,0.758710976837865,1.11146053181057,0,0,NA,NA,NA,NA,3.1968781470292,2.81595166457148,20.2376636455186,17.2911797537331,0,0,NA,NA,NA,NA,NA,NA,NA,NA,NA,NA,NA,NA,NA,NA,NA,NA,NA,NA,NA,NA,NA,NA,NA,NA,NA,NA,NA,NA,NA,NA,NA,NA,2016,1993-07-22,NA,"Undisclosed",2025,0
"Andrew Beck","NYJ","RB","14319","weighted",NA,NA,NA,NA,NA,NA,2.67683786505539,2.51707145135354,0.705820745216516,1.15437989303887,0,0,NA,NA,NA,NA,2.23826787512588,2.46416228086985,14.4051359516616,8.28510534760482,0.359395770392749,0.571664209432217,NA,NA,NA,NA,NA,NA,NA,NA,NA,NA,NA,NA,NA,NA,NA,NA,NA,NA,NA,NA,NA,NA,NA,NA,NA,NA,NA,NA,NA,NA,NA,NA,2019,1996-05-15,NA,NA,NA,NA
"Michael Burton","DEN","RB","12325","weighted",NA,NA,NA,NA,NA,NA,2.01540832049307,2.82842712474619,0.352696456086287,0.494974746830583,0,0,NA,NA,NA,NA,2.82157164869029,3.95979797464467,20.6579352850539,28.9913780286484,0.100770416024653,0.14142135623731,NA,NA,NA,NA,NA,NA,NA,NA,NA,NA,NA,NA,NA,NA,NA,NA,NA,NA,NA,NA,NA,NA,NA,NA,NA,NA,NA,NA,NA,NA,NA,NA,2015,1992-02-01,"IR","Hamstring",2025,0
"Justin Jefferson","MIN","WR","14836","weighted",NA,NA,NA,NA,NA,NA,1.28949494949495,3.19647698698286,0,0,0.376094276094276,0.291448713330255,NA,NA,NA,NA,105.934202020202,7.20081948945389,1492.79294949495,136.229624212395,9.84185185185185,1.60538521453489,NA,NA,NA,NA,NA,NA,NA,NA,NA,NA,NA,NA,NA,NA,NA,NA,NA,NA,NA,NA,NA,NA,NA,NA,NA,NA,NA,NA,NA,NA,NA,NA,2020,1999-06-16,NA,NA,NA,NA
"Ja'Marr Chase","CIN","WR","15281","weighted",NA,NA,NA,NA,NA,NA,14.0487729143285,8.74058268469691,0,0,0.376094276094276,0.291448713330255,NA,NA,NA,NA,119.738242424242,5.9888126294829,1581.75228282828,75.0268621344573,12.8700202020202,2.11809698140374,NA,NA,NA,NA,NA,NA,NA,NA,NA,NA,NA,NA,NA,NA,NA,NA,NA,NA,NA,NA,NA,NA,NA,NA,NA,NA,NA,NA,NA,NA,NA,NA,2021,2000-03-01,NA,NA,NA,NA
"Puka Nacua","LAR","WR","16211","weighted",NA,NA,NA,NA,NA,NA,63.3774642723532,16.4953792032728,0.588121478482097,0.445982859425129,0.376094276094276,0.291448713330255,NA,NA,NA,NA,108.314282828283,8.69834946864766,1404.4283973064,112.909656057451,6.98577777777778,1.0200188568944,NA,NA,NA,NA,NA,NA,NA,NA,NA,NA,NA,NA,NA,NA,NA,NA,NA,NA,NA,NA,NA,NA,NA,NA,NA,NA,NA,NA,NA,NA,NA,NA,2023,2001-05-29,NA,NA,NA,NA
"CeeDee Lamb","DAL","WR","14832","weighted",NA,NA,NA,NA,NA,NA,53.2647108118219,27.5263053813743,0.379548447437336,0.460190535282899,1.08277777777778,0.0874153012022059,NA,NA,NA,NA,113.798323232323,5.28621653289366,1419.70933333333,72.597145863729,8.82843771043771,1.24708644142505,NA,NA,NA,NA,NA,NA,NA,NA,NA,NA,NA,NA,NA,NA,NA,NA,NA,NA,NA,NA,NA,NA,NA,NA,NA,NA,NA,NA,NA,NA,NA,NA,2020,1999-04-08,NA,NA,NA,NA
"Malik Nabers","NYG","WR","16615","weighted",NA,NA,NA,NA,NA,NA,14.2059558548447,12.4245226724945,0,0,0.376094276094276,0.291448713330255,NA,NA,NA,NA,110.495683501684,7.73213258287233,1365.69878114478,95.8428361351564,9.09321885521886,2.52869309449491,NA,NA,NA,NA,NA,NA,NA,NA,NA,NA,NA,NA,NA,NA,NA,NA,NA,NA,NA,NA,NA,NA,NA,NA,NA,NA,NA,NA,NA,NA,NA,NA,2024,2003-07-28,NA,NA,NA,NA
"Brian Thomas Jr.","JAC","WR","16618","weighted",NA,NA,NA,NA,NA,NA,30.1837598204265,15.2266592468589,0,0,0.376094276094276,0.291448713330255,NA,NA,NA,NA,92.3212592592593,5.99819080791716,1326.29339393939,111.020404168326,9.43919191919192,2.36523555170012,NA,NA,NA,NA,NA,NA,NA,NA,NA,NA,NA,NA,NA,NA,NA,NA,NA,NA,NA,NA,NA,NA,NA,NA,NA,NA,NA,NA,NA,NA,NA,NA,2024,2002-10-08,NA,NA,NA,NA
"Drake London","ATL","WR","15751","weighted",NA,NA,NA,NA,NA,NA,1.28757094757095,3.83303129192833,0,0,0.376094276094276,0.291448713330255,NA,NA,NA,NA,97.7659865319865,5.62590093371747,1262.1296026936,105.522246898291,8.45554208754209,1.93653435616843,NA,NA,NA,NA,NA,NA,NA,NA,NA,NA,NA,NA,NA,NA,NA,NA,NA,NA,NA,NA,NA,NA,NA,NA,NA,NA,NA,NA,NA,NA,NA,NA,2022,2001-07-24,NA,NA,NA,NA
"Amon-Ra St. Brown","DET","WR","15287","weighted",NA,NA,NA,NA,NA,NA,15.0972166105499,11.6028859111114,0.00256734006734007,0.00535785938366226,0.928232323232323,0.057963250939377,NA,NA,NA,NA,113.656168350168,6.12882433506804,1300.48412121212,80.5704400826713,9.18999326599327,1.20819842262997,NA,NA,NA,NA,NA,NA,NA,NA,NA,NA,NA,NA,NA,NA,NA,NA,NA,NA,NA,NA,NA,NA,NA,NA,NA,NA,NA,NA,NA,NA,NA,NA,2021,1999-10-24,NA,NA,NA,NA
"A.J. Brown","PHI","WR","14104","weighted",NA,NA,NA,NA,NA,NA,0,0,0,0,0.729360269360269,0.309580923870704,NA,NA,NA,NA,85.6602828282828,7.97832401467608,1257.41435690236,113.828626711037,8.52819528619529,1.05863608791988,NA,NA,NA,NA,NA,NA,NA,NA,NA,NA,NA,NA,NA,NA,NA,NA,NA,NA,NA,NA,NA,NA,NA,NA,NA,NA,NA,NA,NA,NA,NA,NA,2019,1997-06-30,NA,NA,NA,NA
"Nico Collins","HOU","WR","15290","weighted",NA,NA,NA,NA,NA,NA,2.42248196248196,2.34947252934821,0.0362514029180696,0.0633433285283309,0.359511784511785,0.29018437369868,NA,NA,NA,NA,93.174936026936,4.99756739789109,1347.48760942761,60.4084164111441,9.53789898989899,1.85789061849097,NA,NA,NA,NA,NA,NA,NA,NA,NA,NA,NA,NA,NA,NA,NA,NA,NA,NA,NA,NA,NA,NA,NA,NA,NA,NA,NA,NA,NA,NA,NA,NA,2021,1999-03-19,NA,NA,NA,NA
"Ladd McConkey","LAC","WR","16627","weighted",NA,NA,NA,NA,NA,NA,1.31008177008177,2.22351919546742,0,0,0.392676767676768,0.293243925726513,NA,NA,NA,NA,89.739367003367,5.26267428625919,1213.09372390572,90.8860334045004,7.53985185185185,1.57620809629719,NA,NA,NA,NA,NA,NA,NA,NA,NA,NA,NA,NA,NA,NA,NA,NA,NA,NA,NA,NA,NA,NA,NA,NA,NA,NA,NA,NA,NA,NA,NA,NA,2024,2001-11-11,NA,NA,NA,NA
"Tyreek Hill","MIA","WR","12801","weighted",NA,NA,NA,NA,NA,NA,41.2781185933408,8.15313113990659,0.0314948647245671,0.0655466116666109,0.514057239057239,0.253014946922715,NA,NA,NA,NA,93.1607811447811,4.72657597270503,1188.31286868687,58.8067553603951,7.85958922558923,0.819406237306022,NA,NA,NA,NA,NA,NA,NA,NA,NA,NA,NA,NA,NA,NA,NA,NA,NA,NA,NA,NA,NA,NA,NA,NA,NA,NA,NA,NA,NA,NA,NA,NA,2016,1994-03-01,NA,NA,NA,NA
"Jaxon Smith-Njigba","SEA","WR","16185","weighted",NA,NA,NA,NA,NA,NA,24.9295136550692,16.7818171613501,0,0,0.376094276094276,0.291448713330255,NA,NA,NA,NA,95.2414882154882,8.32296298741371,1137.5711986532,85.4934999797165,6.82851178451178,1.16313580109514,NA,NA,NA,NA,NA,NA,NA,NA,NA,NA,NA,NA,NA,NA,NA,NA,NA,NA,NA,NA,NA,NA,NA,NA,NA,NA,NA,NA,NA,NA,NA,NA,2023,2002-02-14,NA,NA,NA,NA
"Jerry Jeudy","CLE","WR","14833","weighted",NA,NA,NA,NA,NA,NA,3.02372294372294,5.82124213658633,0,0,0.431279461279461,0.267353225012885,NA,NA,NA,NA,83.608,7.94890065577089,1139.62861952862,104.891548034229,4.44438383838384,1.11133357723604,NA,NA,NA,NA,NA,NA,NA,NA,NA,NA,NA,NA,NA,NA,NA,NA,NA,NA,NA,NA,NA,NA,NA,NA,NA,NA,NA,NA,NA,NA,NA,NA,2020,1999-04-24,NA,NA,NA,NA
"Davante Adams","LAR","WR","11675","weighted",NA,NA,NA,NA,NA,NA,2.71885521885522,4.75074963962482,0,0,0.359511784511785,0.29018437369868,NA,NA,NA,NA,86.3267946127946,6.70331653244492,1110.16051851852,110.463664169067,8.46374410774411,1.15629557288773,NA,NA,NA,NA,NA,NA,NA,NA,NA,NA,NA,NA,NA,NA,NA,NA,NA,NA,NA,NA,NA,NA,NA,NA,NA,NA,NA,NA,NA,NA,NA,NA,2014,1992-12-24,NA,NA,NA,NA
"Terry McLaurin","WAS","WR","14109","weighted",NA,NA,NA,NA,NA,NA,5.63807706696596,5.70204094275105,0,0,0.817861952861953,0.173614830469944,NA,NA,NA,NA,83.023771043771,8.86018112670319,1120.08540740741,76.3600507468018,8.94259259259259,1.88849135480636,NA,NA,NA,NA,NA,NA,NA,NA,NA,NA,NA,NA,NA,NA,NA,NA,NA,NA,NA,NA,NA,NA,NA,NA,NA,NA,NA,NA,NA,NA,NA,NA,2019,1995-09-15,NA,NA,NA,NA
"Tee Higgins","CIN","WR","14835","weighted",NA,NA,NA,NA,NA,NA,0.543771043771044,0.950149927924964,0,0,0.900639730639731,0.0866497906688099,NA,NA,NA,NA,85.9648956228956,8.01073120383246,1122.51266666667,114.102838505544,9.2917037037037,1.38286626178668,NA,NA,NA,NA,NA,NA,NA,NA,NA,NA,NA,NA,NA,NA,NA,NA,NA,NA,NA,NA,NA,NA,NA,NA,NA,NA,NA,NA,NA,NA,NA,NA,2020,1999-01-18,NA,NA,NA,NA
"Travis Hunter","JAC","WR","17074","weighted",NA,NA,NA,NA,NA,NA,27.2188002244669,27.123573335619,0.184942760942761,0.328902359177431,1.13818181818182,0.385476898525225,NA,NA,NA,NA,75.47432996633,6.90955272657638,998.683481481482,108.137950350605,5.86965656565657,1.00070779619487,NA,NA,NA,NA,NA,NA,NA,NA,NA,NA,NA,NA,NA,NA,NA,NA,NA,NA,NA,NA,NA,NA,NA,NA,NA,NA,NA,NA,NA,NA,NA,NA,2025,2003-05-18,NA,NA,NA,NA
"D.J. Moore","CHI","WR","13635","weighted",NA,NA,NA,NA,NA,NA,54.3689985035541,7.90355099376574,0.113938909641765,0.183691921119135,1.14897306397306,0.176928334151828,NA,NA,NA,NA,89.3091717171717,8.1696889027685,1055.47932659933,72.9886108981077,6.51779124579125,0.912306981110247,NA,NA,NA,NA,NA,NA,NA,NA,NA,NA,NA,NA,NA,NA,NA,NA,NA,NA,NA,NA,NA,NA,NA,NA,NA,NA,NA,NA,NA,NA,NA,NA,2018,1997-04-14,NA,NA,NA,NA
"Tetairoa McMillan","CAR","WR","17071","weighted",NA,NA,NA,NA,NA,NA,8.97115921115921,8.35336547312452,0,0,1.17685185185185,0.386046601665852,NA,NA,NA,NA,79.6727138047138,8.83166692237865,1056.21461279461,102.658006683948,6.82678787878788,0.792970014469868,NA,NA,NA,NA,NA,NA,NA,NA,NA,NA,NA,NA,NA,NA,NA,NA,NA,NA,NA,NA,NA,NA,NA,NA,NA,NA,NA,NA,NA,NA,NA,NA,2025,2003-04-05,NA,NA,NA,NA
"Courtland Sutton","DEN","WR","13630","weighted",NA,NA,NA,NA,NA,NA,0.925566778900112,1.58859559450539,0,0,0.983417508417508,0.0125352644700723,NA,NA,NA,NA,78.9823636363636,6.68906607733115,1054.43457239057,81.4710992512774,8.20199326599327,0.898128624550803,NA,NA,NA,NA,NA,NA,NA,NA,NA,NA,NA,NA,NA,NA,NA,NA,NA,NA,NA,NA,NA,NA,NA,NA,NA,NA,NA,NA,NA,NA,NA,NA,2018,1995-10-10,NA,NA,NA,NA
"Mike Evans","TB","WR","11671","weighted",NA,NA,NA,NA,NA,NA,0.90628507295174,1.58358321320827,0,0,0.359511784511785,0.29018437369868,NA,NA,NA,NA,78.7562087542087,4.6580031256697,1066.23939393939,54.4906406172621,10.1882491582492,1.27561331273177,NA,NA,NA,NA,NA,NA,NA,NA,NA,NA,NA,NA,NA,NA,NA,NA,NA,NA,NA,NA,NA,NA,NA,NA,NA,NA,NA,NA,NA,NA,NA,NA,2014,1993-08-21,NA,NA,NA,NA
"Marvin Harrison Jr.","ARI","WR","16614","weighted",NA,NA,NA,NA,NA,NA,2.95011063011063,5.08788666374403,0,0,0.972407407407407,0.0291384337340686,NA,NA,NA,NA,80.1230976430976,6.59558707168248,1108.56519191919,69.4936152105491,7.89964983164983,1.47285405069994,NA,NA,NA,NA,NA,NA,NA,NA,NA,NA,NA,NA,NA,NA,NA,NA,NA,NA,NA,NA,NA,NA,NA,NA,NA,NA,NA,NA,NA,NA,NA,NA,2024,2002-08-11,NA,NA,NA,NA
"DK Metcalf","PIT","WR","14102","weighted",NA,NA,NA,NA,NA,NA,1.30037518037518,1.92256299402151,0,0,1.55213804713805,0.268949450121493,NA,NA,NA,NA,77.2130033670034,4.41437860237618,1141.86341414141,36.0964914584595,7.5960202020202,0.874818081112857,NA,NA,NA,NA,NA,NA,NA,NA,NA,NA,NA,NA,NA,NA,NA,NA,NA,NA,NA,NA,NA,NA,NA,NA,NA,NA,NA,NA,NA,NA,NA,NA,2019,1997-12-14,NA,NA,NA,NA
"Brandon Aiyuk","SF","WR","14840","weighted",NA,NA,NA,NA,NA,NA,3.52,6.03654547417644,0,0,0.359511784511785,0.29018437369868,NA,NA,NA,NA,45.210734006734,15.0286217244727,675.224787878788,218.291113059126,3.80807407407407,1.8921058923667,NA,NA,NA,NA,NA,NA,NA,NA,NA,NA,NA,NA,NA,NA,NA,NA,NA,NA,NA,NA,NA,NA,NA,NA,NA,NA,NA,NA,NA,NA,NA,NA,2020,1970-01-01,NA,"Knee - ACL + MCL",2025,0
"Calvin Ridley","TEN","WR","13629","weighted",NA,NA,NA,NA,NA,NA,36.8596483352039,14.8292296669162,0.230664983164983,0.357984646064251,0.928232323232323,0.057963250939377,NA,NA,NA,NA,73.1498585858586,5.26615456961698,1079.24274074074,64.2683030916551,6.46106397306397,1.34515636785098,NA,NA,NA,NA,NA,NA,NA,NA,NA,NA,NA,NA,NA,NA,NA,NA,NA,NA,NA,NA,NA,NA,NA,NA,NA,NA,NA,NA,NA,NA,NA,NA,2018,1994-12-20,NA,NA,NA,NA
"Garrett Wilson","NYJ","WR","15753","weighted",NA,NA,NA,NA,NA,NA,12.9505462027684,13.8697243166391,0,0,1.57973063973064,0.279846127412191,NA,NA,NA,NA,93.4675555555556,5.79877326073991,1113.07206060606,48.6886986069349,6.53806734006734,1.38053938743284,NA,NA,NA,NA,NA,NA,NA,NA,NA,NA,NA,NA,NA,NA,NA,NA,NA,NA,NA,NA,NA,NA,NA,NA,NA,NA,NA,NA,NA,NA,NA,NA,2022,2000-07-22,NA,NA,NA,NA
"DeVonta Smith","PHI","WR","15282","weighted",NA,NA,NA,NA,NA,NA,1.46069264069264,1.6484069479273,0,0,0.497474747474747,0.252517624727006,NA,NA,NA,NA,81.6715084175084,6.74719507761817,995.682868686869,92.1847039608978,7.21977777777778,1.2650760898534,NA,NA,NA,NA,NA,NA,NA,NA,NA,NA,NA,NA,NA,NA,NA,NA,NA,NA,NA,NA,NA,NA,NA,NA,NA,NA,NA,NA,NA,NA,NA,NA,2021,1998-11-14,NA,NA,NA,NA
"Jameson Williams","DET","WR","15756","weighted",NA,NA,NA,NA,NA,NA,67.1458754208754,25.0068694713098,1.17968909958045,0.836359152894164,0.359511784511785,0.29018437369868,NA,NA,NA,NA,63.2247676767677,4.47070414953264,1010.69641750842,78.7791640596428,6.54398653198653,0.685551183423956,NA,NA,NA,NA,NA,NA,NA,NA,NA,NA,NA,NA,NA,NA,NA,NA,NA,NA,NA,NA,NA,NA,NA,NA,NA,NA,NA,NA,NA,NA,NA,NA,2022,2001-03-26,NA,NA,NA,NA
"Chris Olave","NO","WR","15754","weighted",NA,NA,NA,NA,NA,NA,3.27192881192881,3.03216017506026,0,0,0.735084175084175,0.260881011696541,NA,NA,NA,NA,77.5337239057239,6.79338600586676,981.706127946128,90.9229251914653,5.02929966329966,1.53985714540678,NA,NA,NA,NA,NA,NA,NA,NA,NA,NA,NA,NA,NA,NA,NA,NA,NA,NA,NA,NA,NA,NA,NA,NA,NA,NA,NA,NA,NA,NA,NA,NA,2022,2000-06-27,NA,NA,NA,NA
"Chris Godwin","TB","WR","13163","weighted",NA,NA,NA,NA,NA,NA,9.50606434717546,6.70530964131317,0.0678872053872054,0.163404442455977,0.376094276094276,0.291448713330255,NA,NA,NA,NA,68.4019259259259,10.7505541354092,800.530195286195,142.416516305882,5.33715824915825,1.21629520129879,NA,NA,NA,NA,NA,NA,NA,NA,NA,NA,NA,NA,NA,NA,NA,NA,NA,NA,NA,NA,NA,NA,NA,NA,NA,NA,NA,NA,NA,NA,NA,NA,2017,1996-02-27,"O","Ankle",2025,0
"Matthew Golden","GB","WR","17075","weighted",NA,NA,NA,NA,NA,NA,16.7100336700337,12.3952845310982,0,0,1.10136924803591,0.409038375056329,NA,NA,NA,NA,64.0812188552189,9.13519551006676,904.141367003367,134.164763354393,6.4419797979798,0.961313603354037,NA,NA,NA,NA,NA,NA,NA,NA,NA,NA,NA,NA,NA,NA,NA,NA,NA,NA,NA,NA,NA,NA,NA,NA,NA,NA,NA,NA,NA,NA,NA,NA,2025,2003-08-01,NA,NA,NA,NA
"Zay Flowers","BAL","WR","16190","weighted",NA,NA,NA,NA,NA,NA,53.2495847362514,11.8379462706367,0.113961146715567,0.197762272852387,0.497474747474747,0.252517624727006,NA,NA,NA,NA,78.3234208754209,6.77083383203995,1057.15833670034,56.0555050598674,6.48092929292929,0.818616141279224,NA,NA,NA,NA,NA,NA,NA,NA,NA,NA,NA,NA,NA,NA,NA,NA,NA,NA,NA,NA,NA,NA,NA,NA,NA,NA,NA,NA,NA,NA,NA,NA,2023,2000-09-11,NA,NA,NA,NA
"Rashee Rice","KC","WR","16194","weighted",NA,NA,NA,NA,NA,NA,8.40482977927422,9.46465699167094,0.0678872053872054,0.163404442455977,0.569242424242424,0.259870976060675,NA,NA,NA,NA,65.6750909090909,12.1353801509586,778.446653198653,149.676634677109,5.74592592592593,1.29072989971101,NA,NA,NA,NA,NA,NA,NA,NA,NA,NA,NA,NA,NA,NA,NA,NA,NA,NA,NA,NA,NA,NA,NA,NA,NA,NA,NA,NA,NA,NA,NA,NA,2023,2000-04-22,"S","Suspension",2025,0
"George Pickens","DAL","WR","15762","weighted",NA,NA,NA,NA,NA,NA,8.81063224841003,6.60768278206591,0,0,0.873047138047138,0.115562669696513,NA,NA,NA,NA,68.7935488215488,5.61584405546134,1016.70158922559,51.0056811143426,6.66198653198653,0.879109096324187,NA,NA,NA,NA,NA,NA,NA,NA,NA,NA,NA,NA,NA,NA,NA,NA,NA,NA,NA,NA,NA,NA,NA,NA,NA,NA,NA,NA,NA,NA,NA,NA,2022,2001-03-04,NA,NA,NA,NA
"Jaylen Waddle","MIA","WR","15284","weighted",NA,NA,NA,NA,NA,NA,15.4615039281706,7.36193819894783,0.00773328718857174,0.0139990618246378,0.359511784511785,0.29018437369868,NA,NA,NA,NA,78.3218922558923,7.92731530319146,987.188868686869,81.7794511372582,5.04189225589226,1.33876723573667,NA,NA,NA,NA,NA,NA,NA,NA,NA,NA,NA,NA,NA,NA,NA,NA,NA,NA,NA,NA,NA,NA,NA,NA,NA,NA,NA,NA,NA,NA,NA,NA,2021,1998-11-25,NA,NA,NA,NA
"Cooper Kupp","SEA","WR","13164","weighted",NA,NA,NA,NA,NA,NA,6.8048709315376,6.18515663473741,0,0,0.376094276094276,0.291448713330255,NA,NA,NA,NA,74.8734545454545,7.48717350244495,859.902249158249,126.244459199605,5.51171717171717,1.14288954160882,NA,NA,NA,NA,NA,NA,NA,NA,NA,NA,NA,NA,NA,NA,NA,NA,NA,NA,NA,NA,NA,NA,NA,NA,NA,NA,NA,NA,NA,NA,NA,NA,2017,1993-06-15,NA,NA,NA,NA
"Ricky Pearsall","SF","WR","16622","weighted",NA,NA,NA,NA,NA,NA,54.6473512906846,18.83115734849,0.208858207735184,0.34718784931097,0.458872053872054,0.259408151563668,NA,NA,NA,NA,66.7230841750842,9.94431043318202,873.478363636364,145.178250207991,5.49057239057239,1.36165543928669,NA,NA,NA,NA,NA,NA,NA,NA,NA,NA,NA,NA,NA,NA,NA,NA,NA,NA,NA,NA,NA,NA,NA,NA,NA,NA,NA,NA,NA,NA,NA,NA,2024,2000-09-09,NA,NA,NA,NA
"Jakobi Meyers","LVR","WR","14127","weighted",NA,NA,NA,NA,NA,NA,12.8312270856715,9.05669593148128,0.222962962962963,0.358179902139883,0.359511784511785,0.29018437369868,NA,NA,NA,NA,81.0229494949495,6.24106039001988,953.850047138047,71.1957378623847,5.16896296296296,0.741480522061757,NA,NA,NA,NA,NA,NA,NA,NA,NA,NA,NA,NA,NA,NA,NA,NA,NA,NA,NA,NA,NA,NA,NA,NA,NA,NA,NA,NA,NA,NA,NA,NA,2019,1996-11-09,NA,NA,NA,NA
"Jordan Addison","MIN","WR","16186","weighted",NA,NA,NA,NA,NA,NA,9.49096894874673,7.82079169278359,0.200942760942761,0.337656888711167,0.342929292929293,0.289457863404327,NA,NA,NA,NA,60.9177441077441,7.1323775857544,794.343602693603,112.847902425267,6.76832996632997,1.41006080817266,NA,NA,NA,NA,NA,NA,NA,NA,NA,NA,NA,NA,NA,NA,NA,NA,NA,NA,NA,NA,NA,NA,NA,NA,NA,NA,NA,NA,NA,NA,NA,NA,2023,2002-01-27,"S","Suspension",2025,0
"Rome Odunze","CHI","WR","16616","weighted",NA,NA,NA,NA,NA,NA,13.7416386083053,10.8057595822592,0,0,1.09378787878788,0.11886581231992,NA,NA,NA,NA,72.896228956229,7.5265217202799,968.796363636364,62.3119308717583,6.15088215488215,1.41448500044563,NA,NA,NA,NA,NA,NA,NA,NA,NA,NA,NA,NA,NA,NA,NA,NA,NA,NA,NA,NA,NA,NA,NA,NA,NA,NA,NA,NA,NA,NA,NA,NA,2024,2002-06-03,NA,NA,NA,NA
"Deebo Samuel","WAS","WR","14136","weighted",NA,NA,NA,NA,NA,NA,134.6147557052,58.0727563290087,1.43810965285327,0.908473644269338,0.806851851851852,0.20396903613848,NA,NA,NA,NA,66.0611178451178,3.88215282345395,868.80571043771,87.9859905624896,5.1383164983165,0.728761639538048,NA,NA,NA,NA,NA,NA,NA,NA,NA,NA,NA,NA,NA,NA,NA,NA,NA,NA,NA,NA,NA,NA,NA,NA,NA,NA,NA,NA,NA,NA,NA,NA,2019,1970-01-01,NA,NA,NA,NA
"Darnell Mooney","ATL","WR","14974","weighted",NA,NA,NA,NA,NA,NA,2.10238095238095,2.43481594681289,0,0,0.359511784511785,0.29018437369868,NA,NA,NA,NA,58.8029831649832,6.81102128449923,841.190484848485,114.006364013314,4.16387878787879,0.763516597854441,NA,NA,NA,NA,NA,NA,NA,NA,NA,NA,NA,NA,NA,NA,NA,NA,NA,NA,NA,NA,NA,NA,NA,NA,NA,NA,NA,NA,NA,NA,NA,NA,2020,1997-10-29,"Q","Shoulder",2025,0
"Emeka Egbuka","TB","WR","17081","weighted",NA,NA,NA,NA,NA,NA,16.3092966704078,10.9172396955396,0,0,1.18786195286195,0.365180270033598,NA,NA,NA,NA,65.3071851851852,7.52958172499827,814.479407407408,111.308569960346,5.65149494949495,1.03207534626406,NA,NA,NA,NA,NA,NA,NA,NA,NA,NA,NA,NA,NA,NA,NA,NA,NA,NA,NA,NA,NA,NA,NA,NA,NA,NA,NA,NA,NA,NA,NA,NA,2025,2002-10-14,NA,NA,NA,NA
"Khalil Shakir","BUF","WR","15761","weighted",NA,NA,NA,NA,NA,NA,5.15420875420875,4.72780136289853,0,0,0.376094276094276,0.291448713330255,NA,NA,NA,NA,73.9920538720539,8.11434707624322,832.992491582492,98.298767899333,4.73657912457912,0.685342559247625,NA,NA,NA,NA,NA,NA,NA,NA,NA,NA,NA,NA,NA,NA,NA,NA,NA,NA,NA,NA,NA,NA,NA,NA,NA,NA,NA,NA,NA,NA,NA,NA,2022,2000-02-03,NA,NA,NA,NA
"Michael Pittman","IND","WR","14842","weighted",NA,NA,NA,NA,NA,NA,1.80769600769601,2.27362693096666,0,0,0.928232323232323,0.057963250939377,NA,NA,NA,NA,80.8203838383838,6.49545436864472,913.473757575758,71.6338829824122,4.39661952861953,0.817054800224503,NA,NA,NA,NA,NA,NA,NA,NA,NA,NA,NA,NA,NA,NA,NA,NA,NA,NA,NA,NA,NA,NA,NA,NA,NA,NA,NA,NA,NA,NA,NA,NA,2020,1997-10-05,NA,NA,NA,NA
"Jauan Jennings","SF","WR","14860","weighted",NA,NA,NA,NA,NA,NA,14.2258908128908,17.0990650526155,0.0735578002244669,0.116475447347081,0.376094276094276,0.291448713330255,NA,NA,NA,NA,69.0667946127946,6.40967196277113,899.908377104377,90.125704821623,5.81100336700337,1.01272730170279,NA,NA,NA,NA,NA,NA,NA,NA,NA,NA,NA,NA,NA,NA,NA,NA,NA,NA,NA,NA,NA,NA,NA,NA,NA,NA,NA,NA,NA,NA,NA,NA,2020,1997-07-10,NA,NA,NA,NA
"Stefon Diggs","NE","WR","12186","weighted",NA,NA,NA,NA,NA,NA,7.53328843995511,5.38716389668688,0.255252525252525,0.388351078208974,0.359511784511785,0.29018437369868,NA,NA,NA,NA,75.0577777777778,6.36671851326811,842.925306397306,105.742329120244,5.43893602693603,0.849969803785687,NA,NA,NA,NA,NA,NA,NA,NA,NA,NA,NA,NA,NA,NA,NA,NA,NA,NA,NA,NA,NA,NA,NA,NA,NA,NA,NA,NA,NA,NA,NA,NA,2015,1993-11-29,NA,NA,NA,NA
"Xavier Worthy","KC","WR","16620","weighted",NA,NA,NA,NA,NA,NA,83.1831163486719,34.1045807471206,1.21871679760569,0.62510974815983,0.359511784511785,0.29018437369868,NA,NA,NA,NA,68.230404040404,10.3009683387371,832.28734006734,125.473893628507,6.98220202020202,1.05558141501332,NA,NA,NA,NA,NA,NA,NA,NA,NA,NA,NA,NA,NA,NA,NA,NA,NA,NA,NA,NA,NA,NA,NA,NA,NA,NA,NA,NA,NA,NA,NA,NA,2024,2003-04-27,NA,NA,NA,NA
"Xavier Worthy","KC","WR","16620","weighted",NA,NA,NA,NA,NA,NA,83.1831163486719,34.1045807471206,1.21871679760569,0.62510974815983,0.359511784511785,0.29018437369868,NA,NA,NA,NA,68.230404040404,10.3009683387371,832.28734006734,125.473893628507,6.98220202020202,1.05558141501332,NA,NA,NA,NA,NA,NA,NA,NA,NA,NA,NA,NA,NA,NA,NA,NA,NA,NA,NA,NA,NA,NA,NA,NA,NA,NA,NA,NA,NA,NA,NA,NA,2024,2003-03-11,NA,NA,NA,NA
"Jack Bech","LVR","WR","17078","weighted",NA,NA,NA,NA,NA,NA,5.39634206623826,3.47601322427302,0,0,0,0,NA,NA,NA,NA,28.6662876915472,25.6334633021951,351.467128027682,316.719366578431,1.65348492338112,1.73508334716306,NA,NA,NA,NA,NA,NA,NA,NA,NA,NA,NA,NA,NA,NA,NA,NA,NA,NA,NA,NA,NA,NA,NA,NA,NA,NA,NA,NA,NA,NA,NA,NA,2025,2002-12-18,NA,NA,NA,NA
"Jayden Reed","GB","WR","16184","weighted",NA,NA,NA,NA,NA,NA,94.3234493078937,44.0547030917007,0.781425364758698,0.391650342498599,1.06619528619529,0.0899385860254956,NA,NA,NA,NA,55.8944579124579,8.32762498883663,754.949326599327,121.093875220373,5.48735353535354,0.876056281453977,NA,NA,NA,NA,NA,NA,NA,NA,NA,NA,NA,NA,NA,NA,NA,NA,NA,NA,NA,NA,NA,NA,NA,NA,NA,NA,NA,NA,NA,NA,NA,NA,2023,2000-04-28,"Q","Foot",2025,0
"Keon Coleman","BUF","WR","16617","weighted",NA,NA,NA,NA,NA,NA,6.45402597402597,4.91465492650768,0,0,0.359511784511785,0.29018437369868,NA,NA,NA,NA,53.2895622895623,5.71788617214026,830.202828282828,109.970686059388,6.13891582491583,1.27186481939303,NA,NA,NA,NA,NA,NA,NA,NA,NA,NA,NA,NA,NA,NA,NA,NA,NA,NA,NA,NA,NA,NA,NA,NA,NA,NA,NA,NA,NA,NA,NA,NA,2024,2003-05-17,NA,NA,NA,NA
"Keenan Allen","LAC","WR","11222","weighted",NA,NA,NA,NA,NA,NA,1.18696488696489,1.90314950099566,0,0,0.376094276094276,0.291448713330255,NA,NA,NA,NA,62.6711784511784,14.4178940575961,706.911622895623,176.345905333665,5.14283501683502,1.03190503070922,NA,NA,NA,NA,NA,NA,NA,NA,NA,NA,NA,NA,NA,NA,NA,NA,NA,NA,NA,NA,NA,NA,NA,NA,NA,NA,NA,NA,NA,NA,NA,NA,2013,1992-04-27,NA,NA,NA,NA
"Tre Harris","LAC","WR","17072","weighted",NA,NA,NA,NA,NA,NA,10.0181369248036,8.09070385738376,0,0,0.757104377104377,0.202447259266861,NA,NA,NA,NA,32.7302087542088,18.3902212989568,442.815535353535,289.777871561057,2.60235016835017,1.68508461984323,NA,NA,NA,NA,NA,NA,NA,NA,NA,NA,NA,NA,NA,NA,NA,NA,NA,NA,NA,NA,NA,NA,NA,NA,NA,NA,NA,NA,NA,NA,NA,NA,2025,2002-02-28,NA,NA,NA,NA
"Josh Downs","IND","WR","16187","weighted",NA,NA,NA,NA,NA,NA,7.1765367965368,5.8944652459508,0,0,0.359511784511785,0.29018437369868,NA,NA,NA,NA,72.0208148148148,6.74670060000463,799.660498316498,80.9806644743884,4.61942087542088,1.09873712721884,NA,NA,NA,NA,NA,NA,NA,NA,NA,NA,NA,NA,NA,NA,NA,NA,NA,NA,NA,NA,NA,NA,NA,NA,NA,NA,NA,NA,NA,NA,NA,NA,2023,2001-08-12,NA,NA,NA,NA
"Jayden Higgins","HOU","WR","17083","weighted",NA,NA,NA,NA,NA,NA,6.77022607022607,5.6719881662438,0,0,1.14540965207632,0.339728821328709,NA,NA,NA,NA,51.152734006734,13.8038750566993,673.984558922559,199.861162179235,3.82505050505051,1.82656907734928,NA,NA,NA,NA,NA,NA,NA,NA,NA,NA,NA,NA,NA,NA,NA,NA,NA,NA,NA,NA,NA,NA,NA,NA,NA,NA,NA,NA,NA,NA,NA,NA,2025,2002-12-15,NA,NA,NA,NA
"Dont'e Thornton","LVR","WR","17087","weighted",NA,NA,NA,NA,NA,NA,5.65536938309215,5.33058831299277,0.0663290175171363,0.0988667760347236,0.212452399086062,0.0353117589661728,NA,NA,NA,NA,32.9736785986291,13.1139982146856,461.461348057883,198.286145507557,2.69112718964204,1.50686890560582,NA,NA,NA,NA,NA,NA,NA,NA,NA,NA,NA,NA,NA,NA,NA,NA,NA,NA,NA,NA,NA,NA,NA,NA,NA,NA,NA,NA,NA,NA,NA,NA,2025,2002-11-30,NA,NA,NA,NA
"Adam Thielen","MIN","WR","11938","weighted",NA,NA,NA,NA,NA,NA,1.16477633477633,1.18019103244592,0,0,0.359511784511785,0.29018437369868,NA,NA,NA,NA,48.1984983164983,13.9497789556278,557.163784511784,222.000895972783,4.2459595959596,1.441488395452,NA,NA,NA,NA,NA,NA,NA,NA,NA,NA,NA,NA,NA,NA,NA,NA,NA,NA,NA,NA,NA,NA,NA,NA,NA,NA,NA,NA,NA,NA,NA,NA,2014,1990-08-22,NA,NA,NA,NA
"DeAndre Hopkins","BAL","WR","11232","weighted",NA,NA,NA,NA,NA,NA,0.969784306433618,1.32535007028264,0,0,0.0250154952274699,0.0154236518364179,NA,NA,NA,NA,35.9126441056155,14.8111943542034,452.050621048717,196.116803202704,4.23183339531424,1.59593566020029,NA,NA,NA,NA,NA,NA,NA,NA,NA,NA,NA,NA,NA,NA,NA,NA,NA,NA,NA,NA,NA,NA,NA,NA,NA,NA,NA,NA,NA,NA,NA,NA,2013,1992-06-06,NA,NA,NA,NA
"Marvin Mims","DEN","WR","16189","weighted",NA,NA,NA,NA,NA,NA,53.6386344930789,35.1714128685051,0.275462962962963,0.4241645294336,0.657744107744108,0.289045332391615,NA,NA,1,0,49.7653602693603,10.1840582317426,660.481164983165,138.209292165783,5.18244444444444,1.40454466992054,NA,NA,NA,NA,NA,NA,NA,NA,NA,NA,NA,NA,NA,NA,NA,NA,NA,NA,NA,NA,NA,NA,NA,NA,NA,NA,NA,NA,NA,NA,NA,NA,2023,2002-03-19,NA,NA,NA,NA
"Isaac TeSlaa","DET","WR","17157","weighted",NA,NA,NA,NA,NA,NA,0.663290175171363,0.988667760347236,0,0,0.324904798172125,0.0706235179323457,NA,NA,NA,NA,29.0095582635187,14.6762994716969,395.819451637471,237.688088910336,2.4516755521706,1.37096847851092,NA,NA,NA,NA,NA,NA,NA,NA,NA,NA,NA,NA,NA,NA,NA,NA,NA,NA,NA,NA,NA,NA,NA,NA,NA,NA,NA,NA,NA,NA,NA,NA,2025,2002-02-20,NA,NA,NA,NA
"Rashid Shaheed","NO","WR","16080","weighted",NA,NA,NA,NA,NA,NA,44.4191365506921,12.0606341610776,0.0300223677359285,0.0595433211603799,0.757239057239057,0.295751991111695,NA,NA,1,0,54.8680269360269,4.66018593194725,830.738457912458,53.6552355881425,4.57288888888889,0.858951898540362,NA,NA,NA,NA,NA,NA,NA,NA,NA,NA,NA,NA,NA,NA,NA,NA,NA,NA,NA,NA,NA,NA,NA,NA,NA,NA,NA,NA,NA,NA,NA,NA,2022,1998-08-31,NA,NA,NA,NA
"Darius Slayton","NYG","WR","14122","weighted",NA,NA,NA,NA,NA,NA,8.2729797979798,5.60225137167133,0.0271548821548822,0.0653617769823909,0.0516049382716049,0.0295801155443497,NA,NA,NA,NA,39.2190303030303,8.50841582740453,578.247191919192,123.675778944009,2.94188552188552,0.51979965592747,NA,NA,NA,NA,NA,NA,NA,NA,NA,NA,NA,NA,NA,NA,NA,NA,NA,NA,NA,NA,NA,NA,NA,NA,NA,NA,NA,NA,NA,NA,NA,NA,2019,1997-01-12,NA,NA,NA,NA
"Alec Pierce","IND","WR","15768","weighted",NA,NA,NA,NA,NA,NA,0.181257014590348,0.316716642641655,0,0,0.0258024691358025,0.0147900577721749,NA,NA,NA,NA,33.0645993265993,8.78579278397132,569.741548821549,202.932607798941,3.68436363636364,1.73353473687667,NA,NA,NA,NA,NA,NA,NA,NA,NA,NA,NA,NA,NA,NA,NA,NA,NA,NA,NA,NA,NA,NA,NA,NA,NA,NA,NA,NA,NA,NA,NA,NA,2022,2000-05-02,NA,NA,NA,NA
"Troy Franklin","DEN","WR","16619","weighted",NA,NA,NA,NA,NA,NA,8.53422981721249,6.45828302431803,0,0,0.268678598629094,0.0529676384492593,NA,NA,NA,NA,38.068872810358,12.9527925542578,448.134059405941,155.601323442245,3.29165270373191,1.15213739488066,NA,NA,NA,NA,NA,NA,NA,NA,NA,NA,NA,NA,NA,NA,NA,NA,NA,NA,NA,NA,NA,NA,NA,NA,NA,NA,NA,NA,NA,NA,NA,NA,2024,2003-02-06,NA,NA,NA,NA
"Tyler Lockett","TEN","WR","12187","weighted",NA,NA,NA,NA,NA,NA,-0.615787878787879,0.921574760410844,0,0,0.0248611111111111,0.0155215703070575,NA,NA,NA,NA,44.1595909090909,10.8133097958995,518.138363636364,140.649644715294,3.13723484848485,0.947160037752471,NA,NA,NA,NA,NA,NA,NA,NA,NA,NA,NA,NA,NA,NA,NA,NA,NA,NA,NA,NA,NA,NA,NA,NA,NA,NA,NA,NA,NA,NA,NA,NA,2015,1992-09-28,NA,NA,NA,NA
"Cedric Tillman","CLE","WR","16191","weighted",NA,NA,NA,NA,NA,NA,2.36749398749399,3.52008059844829,0,0,1.047822671156,0.0578914759287744,NA,NA,NA,NA,57.1544107744108,7.3393473842525,708.67334006734,115.155508679358,3.77325252525252,1.10522070922231,NA,NA,NA,NA,NA,NA,NA,NA,NA,NA,NA,NA,NA,NA,NA,NA,NA,NA,NA,NA,NA,NA,NA,NA,NA,NA,NA,NA,NA,NA,NA,NA,2023,2000-04-19,NA,NA,NA,NA
"Marquise Brown","KC","WR","14105","weighted",NA,NA,NA,NA,NA,NA,6.19618406285073,4.71686700263979,0.0181257014590348,0.0316716642641655,0.0516049382716049,0.0295801155443497,NA,NA,NA,NA,55.4785858585859,13.5487717620073,668.132356902357,170.033404524223,4.15430976430976,1.26345141139778,NA,NA,NA,NA,NA,NA,NA,NA,NA,NA,NA,NA,NA,NA,NA,NA,NA,NA,NA,NA,NA,NA,NA,NA,NA,NA,NA,NA,NA,NA,NA,NA,2019,1997-06-04,NA,NA,NA,NA
"Luther Burden","CHI","WR","17070","weighted",NA,NA,NA,NA,NA,NA,30.7672162364385,15.6691077490549,0.145524871805052,0.3281012781401,1.04989898989899,0.479422254144946,NA,NA,NA,NA,44.5328215488216,12.6600200653385,539.744181818182,149.003643257525,3.11573737373737,1.35479759130107,NA,NA,NA,NA,NA,NA,NA,NA,NA,NA,NA,NA,NA,NA,NA,NA,NA,NA,NA,NA,NA,NA,NA,NA,NA,NA,NA,NA,NA,NA,NA,NA,2025,2003-12-12,NA,NA,NA,NA
"Xavier Legette","CAR","WR","16639","weighted",NA,NA,NA,NA,NA,NA,25.9961436588103,15.2083288092736,0.0253627946127946,0.0553752725583492,0.359511784511785,0.29018437369868,NA,NA,NA,NA,60.154404040404,7.30352206015956,679.518444444444,106.884918505811,4.23129966329966,0.617352086790092,NA,NA,NA,NA,NA,NA,NA,NA,NA,NA,NA,NA,NA,NA,NA,NA,NA,NA,NA,NA,NA,NA,NA,NA,NA,NA,NA,NA,NA,NA,NA,NA,2024,2001-01-29,NA,NA,NA,NA
"Quentin Johnston","LAC","WR","16188","weighted",NA,NA,NA,NA,NA,NA,5.18911495911496,3.78122825107104,0,0,0.342929292929293,0.289457863404327,NA,NA,NA,NA,45.3403434343434,12.0823458002871,604.865609427609,178.110418125358,4.8233063973064,1.66596051497471,NA,NA,NA,NA,NA,NA,NA,NA,NA,NA,NA,NA,NA,NA,NA,NA,NA,NA,NA,NA,NA,NA,NA,NA,NA,NA,NA,NA,NA,NA,NA,NA,2023,2001-09-06,NA,NA,NA,NA
"Dyami Brown","JAC","WR","15292","weighted",NA,NA,NA,NA,NA,NA,11.7992562290814,10.10174173149,0,0,0.986450973100285,0.126949713756466,NA,NA,NA,NA,37.7311937523243,10.3490395695029,470.979464484939,154.063377877833,2.42316846411305,1.16618522377014,NA,NA,NA,NA,NA,NA,NA,NA,NA,NA,NA,NA,NA,NA,NA,NA,NA,NA,NA,NA,NA,NA,NA,NA,NA,NA,NA,NA,NA,NA,NA,NA,2021,1999-11-01,NA,NA,NA,NA
"Christian Kirk","HOU","WR","13633","weighted",NA,NA,NA,NA,NA,NA,4.24622414622415,3.73899783589462,0,0,0.690909090909091,0.289132299633034,NA,NA,NA,NA,48.7773468013468,9.68336650387884,644.214774410774,126.174867905026,3.03914478114478,1.20903231444262,NA,NA,NA,NA,NA,NA,NA,NA,NA,NA,NA,NA,NA,NA,NA,NA,NA,NA,NA,NA,NA,NA,NA,NA,NA,NA,NA,NA,NA,NA,NA,NA,2018,1996-11-18,"O","Hamstring",2025,0
"Rashod Bateman","BAL","WR","15293","weighted",NA,NA,NA,NA,NA,NA,0.790617283950617,1.29035935586725,0,0,0.0258024691358025,0.0147900577721749,NA,NA,NA,NA,47.4935555555556,4.74194208690322,690.173151515152,71.9744001219772,5.89080808080808,1.6484268628484,NA,NA,NA,NA,NA,NA,NA,NA,NA,NA,NA,NA,NA,NA,NA,NA,NA,NA,NA,NA,NA,NA,NA,NA,NA,NA,NA,NA,NA,NA,NA,NA,2021,1999-11-29,NA,NA,NA,NA
"Ray-Ray McCloud","ATL","WR","13641","weighted",NA,NA,NA,NA,NA,NA,54.8316995165489,15.6595386513286,0.0327396654361496,0.0731488306313242,1.20490888806248,0.386296029865721,NA,NA,NA,NA,46.8115582000744,12.8751824490507,509.456682781703,144.64996481119,2.27081442915582,0.755048754065102,NA,NA,NA,NA,NA,NA,NA,NA,NA,NA,NA,NA,NA,NA,NA,NA,NA,NA,NA,NA,NA,NA,NA,NA,NA,NA,NA,NA,NA,NA,NA,NA,2018,NA,NA,NA,NA,NA
"Romeo Doubs","GB","WR","15779","weighted",NA,NA,NA,NA,NA,NA,2.57317620650954,4.4324033188335,0,0,0.497474747474747,0.252517624727006,NA,NA,NA,NA,49.7495353535354,7.19092820445401,616.472888888889,97.8327628211215,4.55434343434343,1.1401670996659,NA,NA,NA,NA,NA,NA,NA,NA,NA,NA,NA,NA,NA,NA,NA,NA,NA,NA,NA,NA,NA,NA,NA,NA,NA,NA,NA,NA,NA,NA,NA,NA,2022,2000-04-13,NA,NA,NA,NA
"Kayshon Boutte","NE","WR","16193","weighted",NA,NA,NA,NA,NA,NA,0.911335578002245,1.58928575239037,0,0,0.0258024691358025,0.0147900577721749,NA,NA,NA,NA,35.3824444444444,15.8876126557071,471.303414141414,205.075796862116,2.66923232323232,1.3512683567472,NA,NA,NA,NA,NA,NA,NA,NA,NA,NA,NA,NA,NA,NA,NA,NA,NA,NA,NA,NA,NA,NA,NA,NA,NA,NA,NA,NA,NA,NA,NA,NA,2023,2002-05-07,NA,NA,NA,NA
"Amari Cooper","LVR","WR","12175","weighted",NA,NA,NA,NA,NA,NA,0,0,0,0,NA,NA,NA,NA,NA,NA,28.3641881638847,17.9100808560794,406.743550834598,260.103219705335,3.03810052085469,1.66499276917379,NA,NA,NA,NA,NA,NA,NA,NA,NA,NA,NA,NA,NA,NA,NA,NA,NA,NA,NA,NA,NA,NA,NA,NA,NA,NA,NA,NA,NA,NA,NA,NA,2015,1994-06-18,NA,"Undisclosed",2025,0
"Demario Douglas","NE","WR","16342","weighted",NA,NA,NA,NA,NA,NA,15.3404002992892,10.4608234356732,0,0,0.0516049382716049,0.0295801155443497,NA,NA,NA,NA,60.3385185185185,8.21412824967865,635.503205387205,91.3768411343873,3.23415488215488,0.522700554350829,NA,NA,NA,NA,NA,NA,NA,NA,NA,NA,NA,NA,NA,NA,NA,NA,NA,NA,NA,NA,NA,NA,NA,NA,NA,NA,NA,NA,NA,NA,NA,NA,2023,2000-12-08,NA,NA,NA,NA
"Pat Bryant","DEN","WR","17082","weighted",NA,NA,NA,NA,NA,NA,3.07465277777778,3.72513563434669,0,0,0.0429036458333333,0.0188567895545817,NA,NA,NA,NA,32.887109375,10.9060780438305,428.791232638889,169.597727981929,2.67491319444444,1.45100665939374,NA,NA,NA,NA,NA,NA,NA,NA,NA,NA,NA,NA,NA,NA,NA,NA,NA,NA,NA,NA,NA,NA,NA,NA,NA,NA,NA,NA,NA,NA,NA,NA,2025,2002-12-10,NA,NA,NA,NA
"Tory Horton","SEA","WR","17098","weighted",NA,NA,NA,NA,NA,NA,4.61515151515152,4.96538164333523,0,0,1.15297418630752,0.405160969278448,NA,NA,NA,NA,32.6440202020202,13.1113842928276,418.031414141414,176.998945691689,2.02553535353535,1.13644942320054,NA,NA,NA,NA,NA,NA,NA,NA,NA,NA,NA,NA,NA,NA,NA,NA,NA,NA,NA,NA,NA,NA,NA,NA,NA,NA,NA,NA,NA,NA,NA,NA,2025,2002-11-29,NA,NA,NA,NA
"Michael Wilson","ARI","WR","16206","weighted",NA,NA,NA,NA,NA,NA,8.42847811447811,7.800216255886,0.0484175084175084,0.0726032904872823,0.68692480359147,0.132168015026153,NA,NA,NA,NA,48.0119393939394,6.70776051724909,575.585070707071,84.3419015890938,3.89605387205387,1.15145001384193,NA,NA,NA,NA,NA,NA,NA,NA,NA,NA,NA,NA,NA,NA,NA,NA,NA,NA,NA,NA,NA,NA,NA,NA,NA,NA,NA,NA,NA,NA,NA,NA,2023,2000-02-23,NA,NA,NA,NA
"Calvin Austin III","PIT","WR","15777","weighted",NA,NA,NA,NA,NA,NA,12.1028783934548,6.94845880196538,0.117223875046486,0.13582444637287,0.503161026403868,0.267041346312853,NA,NA,NA,NA,37.3913871327631,6.7848913886719,497.099375232428,106.870728354483,3.32287095574563,1.27253337506359,NA,NA,NA,NA,NA,NA,NA,NA,NA,NA,NA,NA,NA,NA,NA,NA,NA,NA,NA,NA,NA,NA,NA,NA,NA,NA,NA,NA,NA,NA,NA,NA,2022,1999-03-24,NA,NA,NA,NA
"Wan'Dale Robinson","NYG","WR","15757","weighted",NA,NA,NA,NA,NA,NA,20.0925476992144,10.2819415155504,0.0271548821548822,0.0653617769823909,0.359511784511785,0.29018437369868,NA,NA,NA,NA,72.2389696969697,12.2598428916455,631.68903030303,93.2624828747571,2.73113131313131,0.690656068163356,NA,NA,NA,NA,NA,NA,NA,NA,NA,NA,NA,NA,NA,NA,NA,NA,NA,NA,NA,NA,NA,NA,NA,NA,NA,NA,NA,NA,NA,NA,NA,NA,2022,2001-01-05,NA,NA,NA,NA
"Jalen Coker","CAR","WR","16809","weighted",NA,NA,NA,NA,NA,NA,3.62857954545455,3.67511287159391,0.0219924242424242,0.0329133843003873,0.136603535353535,0.0810731297473832,NA,NA,NA,NA,39.695303030303,9.0405547917032,498.05053030303,107.569999431347,2.60175,0.88438409002913,NA,NA,NA,NA,NA,NA,NA,NA,NA,NA,NA,NA,NA,NA,NA,NA,NA,NA,NA,NA,NA,NA,NA,NA,NA,NA,NA,NA,NA,NA,NA,NA,2024,2001-10-30,"IR","Quadriceps",2025,0
"Tre Tucker","LVR","WR","16287","weighted",NA,NA,NA,NA,NA,NA,40.2502789140945,20.1692834497677,0.229950725176646,0.379139044855327,0.0250154952274699,0.0154236518364179,NA,NA,NA,NA,38.4122052807735,13.4225753558812,491.311409445891,170.675221238828,2.58293045741911,1.12278331960137,NA,NA,NA,NA,NA,NA,NA,NA,NA,NA,NA,NA,NA,NA,NA,NA,NA,NA,NA,NA,NA,NA,NA,NA,NA,NA,NA,NA,NA,NA,NA,NA,2023,2001-03-08,NA,NA,NA,NA
"Josh Palmer","BUF","WR","15319","weighted",NA,NA,NA,NA,NA,NA,0.772053872053872,0.785277403491576,0,0,0.0258024691358025,0.0147900577721749,NA,NA,NA,NA,41.9553400673401,6.27811488291551,564.415090909091,106.783687821551,3.12292929292929,1.21161542122576,NA,NA,NA,NA,NA,NA,NA,NA,NA,NA,NA,NA,NA,NA,NA,NA,NA,NA,NA,NA,NA,NA,NA,NA,NA,NA,NA,NA,NA,NA,NA,NA,2021,1999-09-22,NA,NA,NA,NA
"KeAndre Lambert-Smith","LAC","WR","17205","weighted",NA,NA,NA,NA,NA,NA,3.32537490134175,3.83963045837699,0,0,0,0,NA,NA,NA,NA,16.9048145224941,16.3717625667807,250.818468823994,284.609117262223,1.62904498816101,2.13409782355268,NA,NA,NA,NA,NA,NA,NA,NA,NA,NA,NA,NA,NA,NA,NA,NA,NA,NA,NA,NA,NA,NA,NA,NA,NA,NA,NA,NA,NA,NA,NA,NA,2025,2001-10-16,NA,NA,NA,NA
"Kyle Williams","NE","WR","17134","weighted",NA,NA,NA,NA,NA,NA,9.73481401057402,5.586335714592,0,0,0.478323262839879,0.269944663866961,NA,NA,NA,NA,31.858081570997,13.1199957110975,401.82250755287,184.879120670975,2.24947129909366,0.933416707416598,NA,NA,NA,NA,NA,NA,NA,NA,NA,NA,NA,NA,NA,NA,NA,NA,NA,NA,NA,NA,NA,NA,NA,NA,NA,NA,NA,NA,NA,NA,NA,NA,2025,2002-11-13,NA,NA,NA,NA
"Malik Washington","MIA","WR","16684","weighted",NA,NA,NA,NA,NA,NA,10.2440144350423,11.6940000052082,0.0230981416957027,0.0372159432436127,0.52424506387921,0.289246030718249,NA,NA,1,0,32.6904181184669,9.99129902712711,349.460304878049,138.946877355181,1.95037456445993,1.81462206866688,NA,NA,NA,NA,NA,NA,NA,NA,NA,NA,NA,NA,NA,NA,NA,NA,NA,NA,NA,NA,NA,NA,NA,NA,NA,NA,NA,NA,NA,NA,NA,NA,2024,2000-10-20,NA,NA,NA,NA
"Brandin Cooks","NO","WR","11674","weighted",NA,NA,NA,NA,NA,NA,4.7726292301971,8.28949121801487,0,0,0.0250154952274699,0.0154236518364179,NA,NA,NA,NA,32.0339977686872,10.8960658849374,379.760661956118,136.042309964777,2.56917813313499,1.23319020266476,NA,NA,NA,NA,NA,NA,NA,NA,NA,NA,NA,NA,NA,NA,NA,NA,NA,NA,NA,NA,NA,NA,NA,NA,NA,NA,NA,NA,NA,NA,NA,NA,2014,1993-09-25,NA,NA,NA,NA
"Devaughn Vele","NO","WR","16788","weighted",NA,NA,NA,NA,NA,NA,1.02572353389185,1.69972931024758,0,0,0.0875476009139375,0.0353117589661728,NA,NA,NA,NA,27.1361690784463,12.2188117031449,314.994546839299,157.15023302696,1.85837776085301,1.04751832507471,NA,NA,NA,NA,NA,NA,NA,NA,NA,NA,NA,NA,NA,NA,NA,NA,NA,NA,NA,NA,NA,NA,NA,NA,NA,NA,NA,NA,NA,NA,NA,NA,2024,1997-12-12,NA,NA,NA,NA
"Adonai Mitchell","IND","WR","16626","weighted",NA,NA,NA,NA,NA,NA,11.5328282828283,10.8202088126844,0.00256734006734007,0.00535785938366226,0.624309764309764,0.158601618031384,NA,NA,NA,NA,29.2736026936027,7.97154819459947,393.21995959596,118.104317742837,2.12221548821549,0.924356072418104,NA,NA,NA,NA,NA,NA,NA,NA,NA,NA,NA,NA,NA,NA,NA,NA,NA,NA,NA,NA,NA,NA,NA,NA,NA,NA,NA,NA,NA,NA,NA,NA,2024,2002-10-08,NA,NA,NA,NA
"Marquez Valdes-Scantling","SF","WR","13793","weighted",NA,NA,NA,NA,NA,NA,7.68745035742653,10.1448099924716,0,0,0,0,NA,NA,NA,NA,18.5153455123114,13.0672006721858,289.064781572677,215.059663428425,1.81223193010326,1.37425314783777,NA,NA,NA,NA,NA,NA,NA,NA,NA,NA,NA,NA,NA,NA,NA,NA,NA,NA,NA,NA,NA,NA,NA,NA,NA,NA,NA,NA,NA,NA,NA,NA,2018,1994-10-10,NA,NA,NA,NA
"Roman Wilson","PIT","WR","16629","weighted",NA,NA,NA,NA,NA,NA,3.99345011424219,3.83956432991374,0,0,0.0437738004569688,0.0176558794830864,NA,NA,NA,NA,26.4684158415842,10.4884189950179,338.18529322163,137.867399656034,2.10586443259711,0.98124047841941,NA,NA,NA,NA,NA,NA,NA,NA,NA,NA,NA,NA,NA,NA,NA,NA,NA,NA,NA,NA,NA,NA,NA,NA,NA,NA,NA,NA,NA,NA,NA,NA,2024,2001-06-19,NA,NA,NA,NA
"Elic Ayomanor","TEN","WR","17073","weighted",NA,NA,NA,NA,NA,NA,5.16859553349876,6.2356048472033,0,0,0.0418858560794045,0.0202018707885822,NA,NA,NA,NA,30.2176476426799,12.0718542049717,355.318044665012,154.666737146645,1.99324069478908,1.09991366735252,NA,NA,NA,NA,NA,NA,NA,NA,NA,NA,NA,NA,NA,NA,NA,NA,NA,NA,NA,NA,NA,NA,NA,NA,NA,NA,NA,NA,NA,NA,NA,NA,2025,2003-06-03,NA,NA,NA,NA
"Dontayvion Wicks","GB","WR","16195","weighted",NA,NA,NA,NA,NA,NA,0.838417508417508,1.61694545097557,0,0,0.184062850729517,0.130586119320025,NA,NA,NA,NA,26.9159663299663,13.4100887594814,344.177851851852,167.449807715306,2.85293602693603,1.45361780804492,NA,NA,NA,NA,NA,NA,NA,NA,NA,NA,NA,NA,NA,NA,NA,NA,NA,NA,NA,NA,NA,NA,NA,NA,NA,NA,NA,NA,NA,NA,NA,NA,2023,2001-06-16,"Q","Calf",2025,0
"Elijah Moore","BUF","WR","15288","weighted",NA,NA,NA,NA,NA,NA,4.70409367859863,5.71774999394806,0,0,0,0,NA,NA,NA,NA,25.6128712871287,15.9313823743356,276.836839299315,179.412825420103,1.40283320639756,0.625439968220051,NA,NA,NA,NA,NA,NA,NA,NA,NA,NA,NA,NA,NA,NA,NA,NA,NA,NA,NA,NA,NA,NA,NA,NA,NA,NA,NA,NA,NA,NA,NA,NA,2021,2000-03-27,NA,NA,NA,NA
"Jalen Nailor","MIN","WR","15786","weighted",NA,NA,NA,NA,NA,NA,4.8364447750093,7.9851334724125,0,0,0.478145531176398,0.267824157844386,NA,NA,NA,NA,20.4457121606545,11.3809827401153,275.419642989959,176.862258340275,2.40299739680179,1.84315703408177,NA,NA,NA,NA,NA,NA,NA,NA,NA,NA,NA,NA,NA,NA,NA,NA,NA,NA,NA,NA,NA,NA,NA,NA,NA,NA,NA,NA,NA,NA,NA,NA,2022,1999-03-02,NA,NA,NA,NA
"Josh Reynolds","NYJ","WR","13168","weighted",NA,NA,NA,NA,NA,NA,0,0,0,0,0.0223152709359606,0.0171825247080365,NA,NA,NA,NA,33.755724137931,5.08695324409317,456.764906403941,45.2774496497465,3.39659113300493,0.674770006078154,NA,NA,NA,NA,NA,NA,NA,NA,NA,NA,NA,NA,NA,NA,NA,NA,NA,NA,NA,NA,NA,NA,NA,NA,NA,NA,NA,NA,NA,NA,NA,NA,2017,1995-02-16,NA,NA,NA,NA
"Christian Watson","GB","WR","15789","weighted",NA,NA,NA,NA,NA,NA,14.2616836208167,6.66242863999411,0,0,0.783547103051747,0.102157766645303,NA,NA,NA,NA,15.4569217160548,8.22945497831602,265.874834144184,160.947260628412,1.64179566563468,0.959464552085057,NA,NA,NA,NA,NA,NA,NA,NA,NA,NA,NA,NA,NA,NA,NA,NA,NA,NA,NA,NA,NA,NA,NA,NA,NA,NA,NA,NA,NA,NA,NA,NA,2022,1999-05-12,NA,"Knee - ACL",2025,0
"Tutu Atwell","LAR","WR","15301","weighted",NA,NA,NA,NA,NA,NA,14.4738194150064,11.682979092125,0.0301483679525223,0.0660431630235771,0.0238519146531016,0.0162471720117715,NA,NA,NA,NA,37.5945485375159,4.40012025172093,477.571801610852,45.9072487213741,1.83396354387452,0.690553771930365,NA,NA,NA,NA,NA,NA,NA,NA,NA,NA,NA,NA,NA,NA,NA,NA,NA,NA,NA,NA,NA,NA,NA,NA,NA,NA,NA,NA,NA,NA,NA,NA,2021,1999-10-07,NA,NA,NA,NA
"Jalen Tolbert","DAL","WR","15788","weighted",NA,NA,NA,NA,NA,NA,0,0,0,0,0.0238519146531016,0.0162471720117715,NA,NA,NA,NA,34.1262568885121,6.03474697707263,410.934167019924,86.961458288872,3.55826197541331,1.58633909240852,NA,NA,NA,NA,NA,NA,NA,NA,NA,NA,NA,NA,NA,NA,NA,NA,NA,NA,NA,NA,NA,NA,NA,NA,NA,NA,NA,NA,NA,NA,NA,NA,2022,1999-02-27,NA,NA,NA,NA
"Noah Brown","WAS","WR","13172","weighted",NA,NA,NA,NA,NA,NA,0.666892751165748,1.05493600593051,0,0,0.25013423767133,0.17518770464775,NA,NA,NA,NA,34.354963967783,5.51965838762387,429.581076727427,74.7785765311017,2.06414582450191,0.636622190708838,NA,NA,NA,NA,NA,NA,NA,NA,NA,NA,NA,NA,NA,NA,NA,NA,NA,NA,NA,NA,NA,NA,NA,NA,NA,NA,NA,NA,NA,NA,NA,NA,2017,NA,NA,NA,NA,NA
"JuJu Smith-Schuster","KC","WR","13156","weighted",NA,NA,NA,NA,NA,NA,0.284739454094293,0.366435200203392,0.0284739454094293,0.0366435200203392,0.0418858560794045,0.0202018707885822,NA,NA,NA,NA,22.5972208436725,12.6073023035249,258.054818858561,140.286313025913,1.66174689826303,0.974321347423732,NA,NA,NA,NA,NA,NA,NA,NA,NA,NA,NA,NA,NA,NA,NA,NA,NA,NA,NA,NA,NA,NA,NA,NA,NA,NA,NA,NA,NA,NA,NA,NA,2017,1996-11-22,NA,NA,NA,NA
"Tai Felton","MIN","WR","17097","weighted",NA,NA,NA,NA,NA,NA,2.9287487283825,2.7590599166222,0,0,0,0,NA,NA,NA,NA,12.2549745676501,13.3873443256111,153.806581892167,189.957082089631,0.742177009155646,0.874343258552065,NA,NA,NA,NA,NA,NA,NA,NA,NA,NA,NA,NA,NA,NA,NA,NA,NA,NA,NA,NA,NA,NA,NA,NA,NA,NA,NA,NA,NA,NA,NA,NA,2025,2003-03-15,NA,NA,NA,NA
"Andrei Iosivas","CIN","WR","16207","weighted",NA,NA,NA,NA,NA,NA,0.182781703235403,0.335397708007601,0,0,0.0250154952274699,0.0154236518364179,NA,NA,NA,NA,32.5301152844924,4.93971944651289,400.664574191149,72.9914264324559,4.0734027519524,0.999579927986033,NA,NA,NA,NA,NA,NA,NA,NA,NA,NA,NA,NA,NA,NA,NA,NA,NA,NA,NA,NA,NA,NA,NA,NA,NA,NA,NA,NA,NA,NA,NA,NA,2023,1999-10-15,NA,NA,NA,NA
"Nick Westbrook-Ikhine","MIA","WR","15109","weighted",NA,NA,NA,NA,NA,NA,0.990207715133531,1.81223758350205,0,0,0.0238519146531016,0.0162471720117715,NA,NA,NA,NA,29.8343196269606,5.28773821566195,409.592412039,83.83762026786,3.60136498516321,0.91953385405823,NA,NA,NA,NA,NA,NA,NA,NA,NA,NA,NA,NA,NA,NA,NA,NA,NA,NA,NA,NA,NA,NA,NA,NA,NA,NA,NA,NA,NA,NA,NA,NA,2020,1997-03-21,NA,NA,NA,NA
"Jamari Thrash","CLE","WR","16624","weighted",NA,NA,NA,NA,NA,NA,1.45759193357058,2.04243564426068,0,0,0.458185053380783,0.132682631667347,NA,NA,NA,NA,23.8526571767497,8.51322650760036,280.835183867141,128.542146334436,1.10780545670225,0.908119755640635,NA,NA,NA,NA,NA,NA,NA,NA,NA,NA,NA,NA,NA,NA,NA,NA,NA,NA,NA,NA,NA,NA,NA,NA,NA,NA,NA,NA,NA,NA,NA,NA,2024,2000-12-19,NA,NA,NA,NA
"Jaylin Noel","HOU","WR","17080","weighted",NA,NA,NA,NA,NA,NA,11.6898475269617,12.1073785466766,0,0,0.378083550266518,0.279575313256321,NA,NA,NA,NA,22.834748977315,8.97832974094882,279.463956861287,129.240200922597,1.44622536258832,0.725736520335511,NA,NA,NA,NA,NA,NA,NA,NA,NA,NA,NA,NA,NA,NA,NA,NA,NA,NA,NA,NA,NA,NA,NA,NA,NA,NA,NA,NA,NA,NA,NA,NA,2025,2002-09-04,NA,NA,NA,NA
"Parker Washington","JAC","WR","16192","weighted",NA,NA,NA,NA,NA,NA,4.19151385927505,5.9925114062496,0,0,0.0430277185501066,0.0187128996111229,NA,NA,NA,NA,21.6747121535181,11.8851094399878,242.633535181237,135.727339168864,1.32954371002132,1.04266082753825,NA,NA,NA,NA,NA,NA,NA,NA,NA,NA,NA,NA,NA,NA,NA,NA,NA,NA,NA,NA,NA,NA,NA,NA,NA,NA,NA,NA,NA,NA,NA,NA,2023,2002-03-21,NA,NA,NA,NA
"Jordan Whittington","LAR","WR","16633","weighted",NA,NA,NA,NA,NA,NA,10.9285359801489,10.522959255218,0,0,0.0418858560794045,0.0202018707885822,NA,NA,NA,NA,26.3854193548387,11.0636986141104,320.144923076923,123.271886816651,1.74010918114144,1.0864957942824,NA,NA,NA,NA,NA,NA,NA,NA,NA,NA,NA,NA,NA,NA,NA,NA,NA,NA,NA,NA,NA,NA,NA,NA,NA,NA,NA,NA,NA,NA,NA,NA,2024,2000-10-01,NA,NA,NA,NA
"Van Jefferson","TEN","WR","14858","weighted",NA,NA,NA,NA,NA,NA,0.569478908188586,0.732870400406783,0,0,0.0418858560794045,0.0202018707885822,NA,NA,NA,NA,21.426253101737,8.88318313145423,269.475136476427,114.19896109442,1.81396526054591,0.604450456483026,NA,NA,NA,NA,NA,NA,NA,NA,NA,NA,NA,NA,NA,NA,NA,NA,NA,NA,NA,NA,NA,NA,NA,NA,NA,NA,NA,NA,NA,NA,NA,NA,2020,1996-07-26,NA,NA,NA,NA
"Tim Patrick","JAC","WR","13377","weighted",NA,NA,NA,NA,NA,NA,0.280487804878049,0.338770403746018,0,0,0,0,NA,NA,NA,NA,14.8325,10.7848787631377,184.191297909408,135.48431182105,1.22718641114983,0.92197727028323,NA,NA,NA,NA,NA,NA,NA,NA,NA,NA,NA,NA,NA,NA,NA,NA,NA,NA,NA,NA,NA,NA,NA,NA,NA,NA,NA,NA,NA,NA,NA,NA,2017,1993-11-23,NA,NA,NA,NA
"Allen Lazard","NYJ","WR","13632","weighted",NA,NA,NA,NA,NA,NA,0.444595167443832,0.703290670620341,0.0444595167443832,0.0703290670620341,0.0238519146531016,0.0162471720117715,NA,NA,NA,NA,24.8447138618059,6.44454758486744,324.203442136499,92.8242286414594,2.35747350572276,0.938614977529192,NA,NA,NA,NA,NA,NA,NA,NA,NA,NA,NA,NA,NA,NA,NA,NA,NA,NA,NA,NA,NA,NA,NA,NA,NA,NA,NA,NA,NA,NA,NA,NA,2018,1995-12-11,NA,NA,NA,NA
"Curtis Samuel","BUF","WR","13157","weighted",NA,NA,NA,NA,NA,NA,21.4575243747351,4.80551776767108,0.0340645971592318,0.0769146578774014,0.0238519146531016,0.0162471720117715,NA,NA,NA,NA,24.9032640949555,8.38288164008852,253.958728274693,84.5435198254654,2.19364985163205,1.06759823376536,NA,NA,NA,NA,NA,NA,NA,NA,NA,NA,NA,NA,NA,NA,NA,NA,NA,NA,NA,NA,NA,NA,NA,NA,NA,NA,NA,NA,NA,NA,NA,NA,2017,1996-08-11,NA,NA,NA,NA
"KaVontae Turpin","DAL","WR","15981","weighted",NA,NA,NA,NA,NA,NA,86.5436540907164,38.327952124984,0.44160237388724,0.51511910250496,0.787208562950403,0.198588423590449,NA,NA,1,0,25.3225519287834,4.87079617816378,324.789927935566,66.5478721593593,1.99674438321323,1.00177226919093,NA,NA,NA,NA,NA,NA,NA,NA,NA,NA,NA,NA,NA,NA,NA,NA,NA,NA,NA,NA,NA,NA,NA,NA,NA,NA,NA,NA,NA,NA,NA,NA,2022,1996-08-02,NA,NA,NA,NA
"Demarcus Robinson","SF","WR","12785","weighted",NA,NA,NA,NA,NA,NA,2.11086053412463,2.06374593904627,0,0,0,0,NA,NA,NA,NA,11.9191182704536,6.33215015665207,181.715464179737,106.320372525542,1.43805849936414,0.876546590349659,NA,NA,NA,NA,NA,NA,NA,NA,NA,NA,NA,NA,NA,NA,NA,NA,NA,NA,NA,NA,NA,NA,NA,NA,NA,NA,NA,NA,NA,NA,NA,NA,2016,1994-09-21,"S","Suspension",2025,0
"Jalen McMillan","TB","WR","16628","weighted",NA,NA,NA,NA,NA,NA,11.7043097643098,11.8961627668711,0,0,0.342929292929293,0.289457863404327,NA,NA,NA,NA,18.1398922558923,6.65068995443083,222.726202020202,78.5648818021809,1.89702356902357,1.07510344081251,NA,NA,NA,NA,NA,NA,NA,NA,NA,NA,NA,NA,NA,NA,NA,NA,NA,NA,NA,NA,NA,NA,NA,NA,NA,NA,NA,NA,NA,NA,NA,NA,2024,2001-12-07,NA,"Neck",2025,0
"Greg Dortch","ARI","WR","14108","weighted",NA,NA,NA,NA,NA,NA,25.3180839338703,7.1907055469252,0.0406184701848973,0.0849389501216212,0.856888512081391,0.0974830320706291,NA,NA,NA,NA,30.2642729970326,5.68695611363184,305.118058499364,55.9684417387782,1.99370072064434,1.04872455515237,NA,NA,NA,NA,NA,NA,NA,NA,NA,NA,NA,NA,NA,NA,NA,NA,NA,NA,NA,NA,NA,NA,NA,NA,NA,NA,NA,NA,NA,NA,NA,NA,2019,1998-05-29,NA,NA,NA,NA
"David Moore","CAR","WR","13348","weighted",NA,NA,NA,NA,NA,NA,0.400977995110024,0.364228013912032,0,0,0.159993887530562,0.0223557447924595,NA,NA,NA,NA,19.2178728606357,8.66606399213228,232.513643031785,94.9091930006797,1.57190709046455,0.996391327107967,NA,NA,NA,NA,NA,NA,NA,NA,NA,NA,NA,NA,NA,NA,NA,NA,NA,NA,NA,NA,NA,NA,NA,NA,NA,NA,NA,NA,NA,NA,NA,NA,2017,1995-01-15,NA,NA,NA,NA
"Nathaniel Dell","HOU","WR","16204","weighted",NA,NA,NA,NA,NA,NA,9.04659498207885,10.4206391058592,0,0,0,0,NA,NA,NA,NA,9.24741935483871,15.3968287851896,111.109677419355,184.996117723191,0.351612903225806,0.585430752288579,NA,NA,NA,NA,NA,NA,NA,NA,NA,NA,NA,NA,NA,NA,NA,NA,NA,NA,NA,NA,NA,NA,NA,NA,NA,NA,NA,NA,NA,NA,NA,NA,2023,1999-10-29,NA,"Knee - ACL + MCL",2025,0
"Mack Hollins","NE","WR","13289","weighted",NA,NA,NA,NA,NA,NA,1.25395533498759,1.92808223788241,0,0,0,0,NA,NA,NA,NA,15.7307493796526,5.98964097948014,196.595950372208,78.0521954070104,1.6312952853598,0.588389307616353,NA,NA,NA,NA,NA,NA,NA,NA,NA,NA,NA,NA,NA,NA,NA,NA,NA,NA,NA,NA,NA,NA,NA,NA,NA,NA,NA,NA,NA,NA,NA,NA,2017,1993-09-16,NA,NA,NA,NA
"Kalif Raymond","DET","WR","13066","weighted",NA,NA,NA,NA,NA,NA,5.73538461538462,5.39362737944493,0,0,0.522977667493796,0.313047937249315,NA,NA,1,0,12.9535384615385,4.91864535097306,160.225121588089,70.4544553697769,1.03085856079404,0.0816733386879813,NA,NA,NA,NA,NA,NA,NA,NA,NA,NA,NA,NA,NA,NA,NA,NA,NA,NA,NA,NA,NA,NA,NA,NA,NA,NA,NA,NA,NA,NA,NA,NA,2016,1994-08-08,NA,NA,NA,NA
"Chimere Dike","TEN","WR","17171","weighted",NA,NA,NA,NA,NA,NA,7.76179604261796,6.39194503904045,0,0,0,0,NA,NA,NA,NA,13.343302891933,9.29123814134516,153.217656012177,114.267408522319,1.00152207001522,0.815874013867377,NA,NA,NA,NA,NA,NA,NA,NA,NA,NA,NA,NA,NA,NA,NA,NA,NA,NA,NA,NA,NA,NA,NA,NA,NA,NA,NA,NA,NA,NA,NA,NA,2025,2001-12-14,NA,NA,NA,NA
"Zay Jones","ARI","WR","13176","weighted",NA,NA,NA,NA,NA,NA,4.46084367245658,4.79722864748831,0,0,0.158114143920596,0.0202018707885822,NA,NA,NA,NA,17.7797022332506,7.7023392546651,188.515722084367,74.2976163056797,0.963960297766749,0.559526275663307,NA,NA,NA,NA,NA,NA,NA,NA,NA,NA,NA,NA,NA,NA,NA,NA,NA,NA,NA,NA,NA,NA,NA,NA,NA,NA,NA,NA,NA,NA,NA,NA,2017,1995-03-30,NA,NA,NA,NA
"Isaiah Bond","CLE","WR","17076","weighted",NA,NA,NA,NA,NA,NA,1.33197969543147,0.576762635175589,0,0,0,0,NA,NA,NA,NA,14.8150253807107,8.44381346062808,157.539086294416,111.608023754698,0.668020304568528,0.576762635175589,NA,NA,NA,NA,NA,NA,NA,NA,NA,NA,NA,NA,NA,NA,NA,NA,NA,NA,NA,NA,NA,NA,NA,NA,NA,NA,NA,NA,NA,NA,NA,NA,2025,2004-03-15,NA,NA,NA,NA
"Sterling Shepard","TB","WR","12658","weighted",NA,NA,NA,NA,NA,NA,12.6888337468983,17.3224396358572,0,0,0,0,NA,NA,NA,NA,11.6777270471464,7.95113395648603,122.39847146402,78.3723461472117,0.840553571386756,0.240477998869943,NA,NA,NA,NA,NA,NA,NA,NA,NA,NA,NA,NA,NA,NA,NA,NA,NA,NA,NA,NA,NA,NA,NA,NA,NA,NA,NA,NA,NA,NA,NA,NA,2016,NA,NA,NA,NA,NA
"KhaDarel Hodge","ATL","WR","13963","weighted",NA,NA,NA,NA,NA,NA,2.01100244498778,2.45060260321215,0,0,0.0400061124694377,0.0223557447924595,NA,NA,NA,NA,9.42388753056235,4.70748532171253,137.603887530562,85.515364559442,0.632652811735941,0.42062583131558,NA,NA,NA,NA,NA,NA,NA,NA,NA,NA,NA,NA,NA,NA,NA,NA,NA,NA,NA,NA,NA,NA,NA,NA,NA,NA,NA,NA,NA,NA,NA,NA,2018,1970-01-01,NA,NA,NA,NA
"Jalin Hyatt","NYG","WR","16183","weighted",NA,NA,NA,NA,NA,NA,0.301584377302874,0.469649473726723,0,0,0,0,NA,NA,NA,NA,15.3301989683125,3.84093276258582,183.189078850405,62.8416301422338,0.856315401621223,0.589483464833098,NA,NA,NA,NA,NA,NA,NA,NA,NA,NA,NA,NA,NA,NA,NA,NA,NA,NA,NA,NA,NA,NA,NA,NA,NA,NA,NA,NA,NA,NA,NA,NA,2023,2001-09-25,NA,NA,NA,NA
"Olamide Zaccheaus","CHI","WR","14592","weighted",NA,NA,NA,NA,NA,NA,5.87295285359801,5.88427003654656,0,0,0.0418858560794045,0.0202018707885822,NA,NA,NA,NA,16.0128138957816,4.98884774839358,180.676873449132,62.1069030292852,1.06097270471464,0.11193180846892,NA,NA,NA,NA,NA,NA,NA,NA,NA,NA,NA,NA,NA,NA,NA,NA,NA,NA,NA,NA,NA,NA,NA,NA,NA,NA,NA,NA,NA,NA,NA,NA,2019,1997-07-23,NA,NA,NA,NA
"Jalen Royals","KC","WR","17086","weighted",NA,NA,NA,NA,NA,NA,2.66119624320316,2.49251587824773,0,0,0,0,NA,NA,NA,NA,10.7236282748393,7.49816813527285,130.02619871478,97.4157510985268,0.838358872960949,0.74382041460183,NA,NA,NA,NA,NA,NA,NA,NA,NA,NA,NA,NA,NA,NA,NA,NA,NA,NA,NA,NA,NA,NA,NA,NA,NA,NA,NA,NA,NA,NA,NA,NA,2025,2003-02-18,"O","Knee",2025,0
"Scott Miller","PIT","WR","14280","weighted",NA,NA,NA,NA,NA,NA,5.99390862944162,2.59543185829015,0.266395939086294,0.115352527035118,0,0,NA,NA,NA,NA,8.67888324873097,9.12192589559688,111.037563451777,127.525402890963,0.265583756345178,0.461410108140471,NA,NA,NA,NA,NA,NA,NA,NA,NA,NA,NA,NA,NA,NA,NA,NA,NA,NA,NA,NA,NA,NA,NA,NA,NA,NA,NA,NA,NA,NA,NA,NA,2019,1997-07-31,NA,NA,NA,NA
"Jahan Dotson","PHI","WR","15755","weighted",NA,NA,NA,NA,NA,NA,2.16432754342432,2.04702209050701,0,0,0,0,NA,NA,NA,NA,16.5181736972705,4.11996690569967,198.864972704715,51.827664681785,1.21146401985112,0.389859008205236,NA,NA,NA,NA,NA,NA,NA,NA,NA,NA,NA,NA,NA,NA,NA,NA,NA,NA,NA,NA,NA,NA,NA,NA,NA,NA,NA,NA,NA,NA,NA,NA,2022,2000-03-22,NA,NA,NA,NA
"Jermaine Burton","CIN","WR","16632","weighted",NA,NA,NA,NA,NA,NA,1.48303677342823,2.58124441778752,0,0,0.0403024911032029,0.0221137719445578,NA,NA,NA,NA,13.4331435349941,5.19018808675935,186.691209964413,63.5003762793937,1.66077105575326,1.05417191363383,NA,NA,NA,NA,NA,NA,NA,NA,NA,NA,NA,NA,NA,NA,NA,NA,NA,NA,NA,NA,NA,NA,NA,NA,NA,NA,NA,NA,NA,NA,NA,NA,2024,2001-06-28,NA,NA,NA,NA
"Gabriel Davis","FA","WR","14845","weighted",NA,NA,NA,NA,NA,NA,0,NA,0,NA,0,NA,NA,NA,NA,NA,17,NA,242,NA,2,NA,NA,NA,NA,NA,NA,NA,NA,NA,NA,NA,NA,NA,NA,NA,NA,NA,NA,NA,NA,NA,NA,NA,NA,NA,NA,NA,NA,NA,NA,NA,NA,NA,2020,1970-01-01,"O","Knee - Meniscus",2025,0
"Ben Skowronek","PIT","WR","15491","weighted",NA,NA,NA,NA,NA,NA,0,0,0,0,0,0,NA,NA,NA,NA,11.3508949416342,7.18705076187187,137.817101167315,91.0964652925485,0.525291828793774,0.507254533010812,NA,NA,NA,NA,NA,NA,NA,NA,NA,NA,NA,NA,NA,NA,NA,NA,NA,NA,NA,NA,NA,NA,NA,NA,NA,NA,NA,NA,NA,NA,NA,NA,2021,1997-06-27,NA,NA,NA,NA
"Jake Bobo","SEA","WR","16393","weighted",NA,NA,NA,NA,NA,NA,0,0,0.0284739454094293,0.0366435200203392,0.0418858560794045,0.0202018707885822,NA,NA,NA,NA,13.7401091811414,4.04757703533411,155.836635235732,46.6658416886254,1.0045459057072,0.0718807427491434,NA,NA,NA,NA,NA,NA,NA,NA,NA,NA,NA,NA,NA,NA,NA,NA,NA,NA,NA,NA,NA,NA,NA,NA,NA,NA,NA,NA,NA,NA,NA,NA,2023,1998-08-04,"O","Concussion",2025,0
"Xavier Hutchinson","HOU","WR","16201","weighted",NA,NA,NA,NA,NA,NA,0,0,0,0,0.159697508896797,0.0221137719445577,NA,NA,NA,NA,14.2634756820878,6.34971507582106,179.26521945433,81.340379925249,0.667200474495848,0.658596707899749,NA,NA,NA,NA,NA,NA,NA,NA,NA,NA,NA,NA,NA,NA,NA,NA,NA,NA,NA,NA,NA,NA,NA,NA,NA,NA,NA,NA,NA,NA,NA,NA,2023,2000-06-01,NA,NA,NA,NA
"Arian Smith","NYJ","WR","17175","weighted",NA,NA,NA,NA,NA,NA,8.96647962197283,6.58023793028582,0,0,0.417601890135853,0.154546401126815,NA,NA,NA,NA,12.0652096869462,6.66880366595016,142.392203189604,83.1228311212437,0.58298877731837,0.55150893487969,NA,NA,NA,NA,NA,NA,NA,NA,NA,NA,NA,NA,NA,NA,NA,NA,NA,NA,NA,NA,NA,NA,NA,NA,NA,NA,NA,NA,NA,NA,NA,NA,2025,2001-10-11,NA,NA,NA,NA
"Tyquan Thornton","KC","WR","15787","weighted",NA,NA,NA,NA,NA,NA,0.400977995110024,0.364228013912032,0,0,0,0,NA,NA,NA,NA,6.59511002444988,5.98193374415596,92.4963325183374,84.6271489241682,0.603300733496333,0.546961003857748,NA,NA,NA,NA,NA,NA,NA,NA,NA,NA,NA,NA,NA,NA,NA,NA,NA,NA,NA,NA,NA,NA,NA,NA,NA,NA,NA,NA,NA,NA,NA,NA,2022,2000-08-07,NA,NA,NA,NA
"Malik Heath","GB","WR","16413","weighted",NA,NA,NA,NA,NA,NA,0,0,0,0,0,0,NA,NA,NA,NA,17.8831741140216,7.00742820155869,159.715254237288,30.3348809129029,1.85996918335901,0.912167747730646,NA,NA,NA,NA,NA,NA,NA,NA,NA,NA,NA,NA,NA,NA,NA,NA,NA,NA,NA,NA,NA,NA,NA,NA,NA,NA,NA,NA,NA,NA,NA,NA,2023,2000-03-03,NA,NA,NA,NA
"Luke McCaffrey","WAS","WR","16635","weighted",NA,NA,NA,NA,NA,NA,0.751066997518611,1.1567811694299,0,0,0.274342431761787,0.0606056123657466,NA,NA,NA,NA,14.435841191067,3.01889835764311,146.7478808933,29.0774834924874,0.866481389578164,0.42388745053868,NA,NA,NA,NA,NA,NA,NA,NA,NA,NA,NA,NA,NA,NA,NA,NA,NA,NA,NA,NA,NA,NA,NA,NA,NA,NA,NA,NA,NA,NA,NA,NA,2024,2001-04-02,NA,NA,NA,NA
"Dareke Young","SEA","WR","15941","weighted",NA,NA,NA,NA,NA,NA,1.00770416024653,1.41421356237309,0,0,0.124036979969183,0.176776695296637,NA,NA,NA,NA,4.91152542372881,6.1447579285111,58.6606163328197,77.9019540833219,0.332419106317411,0.473761543394987,NA,NA,NA,NA,NA,NA,NA,NA,NA,NA,NA,NA,NA,NA,NA,NA,NA,NA,NA,NA,NA,NA,NA,NA,NA,NA,NA,NA,NA,NA,NA,NA,2022,1999-06-04,"O","Hamstring",2025,0
"Hunter Renfrow","FA","WR","14123","weighted",NA,NA,NA,NA,NA,NA,0,0,0,0,0,0,NA,NA,NA,NA,15.7486021505376,1.78898015640196,159.764516129032,11.773327906756,0.866451612903226,0.190918830920368,NA,NA,NA,NA,NA,NA,NA,NA,NA,NA,NA,NA,NA,NA,NA,NA,NA,NA,NA,NA,NA,NA,NA,NA,NA,NA,NA,NA,NA,NA,NA,NA,2019,1970-01-01,NA,NA,NA,NA
"Jacob Cowing","SF","WR","16640","weighted",NA,NA,NA,NA,NA,NA,11.0847457627119,15.556349186104,0,0,0,0,NA,NA,NA,NA,6.39892141756548,8.98025612106915,84.1432973805855,118.086832458153,0.503852080123267,0.707106781186547,NA,NA,NA,NA,NA,NA,NA,NA,NA,NA,NA,NA,NA,NA,NA,NA,NA,NA,NA,NA,NA,NA,NA,NA,NA,NA,NA,NA,NA,NA,NA,NA,2024,2001-02-04,"IR","Hamstring",2025,0
"Xavier Gipson","NYJ","WR","16416","weighted",NA,NA,NA,NA,NA,NA,4.00713465952563,4.97054862722129,0,0,0.500765110941087,0.409032706946297,NA,NA,1,0,7.02907421576129,4.48105460502092,75.9260137719969,53.0045042302283,0.219799404386927,0.373476451271754,NA,NA,NA,NA,NA,NA,NA,NA,NA,NA,NA,NA,NA,NA,NA,NA,NA,NA,NA,NA,NA,NA,NA,NA,NA,NA,NA,NA,NA,NA,NA,NA,2023,2001-03-08,NA,NA,NA,NA
"Tylan Wallace","BAL","WR","15285","weighted",NA,NA,NA,NA,NA,NA,1.21223286661754,2.47622224742741,0,0,0,0,NA,NA,NA,NA,9.40548268238762,3.03704540588932,121.447221812822,34.4403974951043,0.665924834193073,0.674250890021487,NA,NA,NA,NA,NA,NA,NA,NA,NA,NA,NA,NA,NA,NA,NA,NA,NA,NA,NA,NA,NA,NA,NA,NA,NA,NA,NA,NA,NA,NA,NA,NA,2021,1999-05-13,NA,NA,NA,NA
"Jimmy Horn","CAR","WR","17234","weighted",NA,NA,NA,NA,NA,NA,1.24885844748858,0.499237223049372,0,0,0,0,NA,NA,NA,NA,6.73555936073059,3.80082798214383,74.958694824962,53.7799964526912,0.314460560987499,0.473139173216071,NA,NA,NA,NA,NA,NA,NA,NA,NA,NA,NA,NA,NA,NA,NA,NA,NA,NA,NA,NA,NA,NA,NA,NA,NA,NA,NA,NA,NA,NA,NA,NA,2025,2002-09-12,NA,NA,NA,NA
"Casey Washington","ATL","WR","16760","weighted",NA,NA,NA,NA,NA,NA,0,0,0,0,0,0,NA,NA,NA,NA,6.60193548387097,4.85782358675158,83.0701075268817,67.0902913989796,0.599354838709677,0.572756492761104,NA,NA,NA,NA,NA,NA,NA,NA,NA,NA,NA,NA,NA,NA,NA,NA,NA,NA,NA,NA,NA,NA,NA,NA,NA,NA,NA,NA,NA,NA,NA,NA,2024,2001-03-06,NA,NA,NA,NA
"Bub Means","NO","WR","16751","weighted",NA,NA,NA,NA,NA,NA,0,0,0,0,0,0,NA,NA,NA,NA,5.39121725731895,7.56604255869606,63.9892141756549,89.8025612106915,0.503852080123267,0.707106781186547,NA,NA,NA,NA,NA,NA,NA,NA,NA,NA,NA,NA,NA,NA,NA,NA,NA,NA,NA,NA,NA,NA,NA,NA,NA,NA,NA,NA,NA,NA,NA,NA,2024,2001-01-10,"IR","Lower Leg",2025,0
"Ryan Miller","TB","WR","16958","weighted",NA,NA,NA,NA,NA,NA,0,0,0,0,0,0,NA,NA,NA,NA,6.75161787365177,9.47523086789974,61.9738058551618,86.9741340859453,0.957318952234206,1.34350288425444,NA,NA,NA,NA,NA,NA,NA,NA,NA,NA,NA,NA,NA,NA,NA,NA,NA,NA,NA,NA,NA,NA,NA,NA,NA,NA,NA,NA,NA,NA,NA,NA,2023,2000-02-20,NA,NA,NA,NA
"Tez Johnson","TB","WR","17079","weighted",NA,NA,NA,NA,NA,NA,4.66192893401015,2.01866922311456,0,0,0,0,NA,NA,NA,NA,5.65583756345178,5.02971839583528,63.5502538071066,55.5570788759166,0,0,NA,NA,NA,NA,NA,NA,NA,NA,NA,NA,NA,NA,NA,NA,NA,NA,NA,NA,NA,NA,NA,NA,NA,NA,NA,NA,NA,NA,NA,NA,NA,NA,2025,2002-05-18,NA,NA,NA,NA
"Derius Davis","LAC","WR","16299","weighted",NA,NA,NA,NA,NA,NA,33.5336185819071,24.4856414238153,0.0080440097799511,0.0179254956638678,0.520578647106764,0.354415584314284,NA,NA,1,0,4.54944987775061,4.84519346692379,43.2982885085575,42.7748161426518,0.292139364303178,0.5197074211353,NA,NA,NA,NA,NA,NA,NA,NA,NA,NA,NA,NA,NA,NA,NA,NA,NA,NA,NA,NA,NA,NA,NA,NA,NA,NA,NA,NA,NA,NA,NA,NA,2023,2000-09-11,NA,NA,NA,NA
"Irvin Charles","FA","WR","15984","weighted",NA,NA,NA,NA,NA,NA,0,NA,0,NA,0,NA,NA,NA,NA,NA,9.76,NA,112.77,NA,0.59,NA,NA,NA,NA,NA,NA,NA,NA,NA,NA,NA,NA,NA,NA,NA,NA,NA,NA,NA,NA,NA,NA,NA,NA,NA,NA,NA,NA,NA,NA,NA,NA,NA,2022,1997-04-13,NA,"Knee - ACL",2025,0
"Justin Watson","HOU","WR","13776","weighted",NA,NA,NA,NA,NA,NA,0,0,0,0,0,0,NA,NA,NA,NA,7.80582434514638,1.9869700551342,99.4315254237288,12.2117341110917,0.756887519260401,0.346482322781408,NA,NA,NA,NA,NA,NA,NA,NA,NA,NA,NA,NA,NA,NA,NA,NA,NA,NA,NA,NA,NA,NA,NA,NA,NA,NA,NA,NA,NA,NA,NA,NA,2018,1996-04-04,NA,NA,NA,NA
"Devontez Walker","BAL","WR","16621","weighted",NA,NA,NA,NA,NA,NA,5.69427402862986,6.01666274118992,0,0,0,0,NA,NA,NA,NA,5.09087934560327,3.29062451190349,65.3795501022495,49.0792674224408,0.663374233128834,0.415683446953494,NA,NA,NA,NA,NA,NA,NA,NA,NA,NA,NA,NA,NA,NA,NA,NA,NA,NA,NA,NA,NA,NA,NA,NA,NA,NA,NA,NA,NA,NA,NA,NA,2024,2001-06-19,NA,NA,NA,NA
"Savion Williams","GB","WR","17096","weighted",NA,NA,NA,NA,NA,NA,16.4255707762557,13.2338120164904,0.003852007961597,0.00769621539268283,0,0,NA,NA,NA,NA,6.75114155251142,1.50076200157315,72.3051750380517,28.215745654608,0.751141552511416,0.499237223049372,NA,NA,NA,NA,NA,NA,NA,NA,NA,NA,NA,NA,NA,NA,NA,NA,NA,NA,NA,NA,NA,NA,NA,NA,NA,NA,NA,NA,NA,NA,NA,NA,2025,2001-11-22,"Q","Hamstring",2025,0
"Trey Palmer","NO","WR","16199","weighted",NA,NA,NA,NA,NA,NA,1.86078850855746,2.55957040767237,0,0,0,0,NA,NA,NA,NA,6.13057457212714,1.60463608078149,76.4785452322738,18.3510808723626,0.184288506879285,0.327322990714572,NA,NA,NA,NA,NA,NA,NA,NA,NA,NA,NA,NA,NA,NA,NA,NA,NA,NA,NA,NA,NA,NA,NA,NA,NA,NA,NA,NA,NA,NA,NA,NA,2023,2001-04-02,NA,NA,NA,NA
"Trent Sherfield","DEN","WR","13893","weighted",NA,NA,NA,NA,NA,NA,0,0,0,0,0,0,NA,NA,NA,NA,6.28055087987758,4.00603064026597,66.0070849273145,31.5236844085348,0.507559296097934,0.632586607613056,NA,NA,NA,NA,NA,NA,NA,NA,NA,NA,NA,NA,NA,NA,NA,NA,NA,NA,NA,NA,NA,NA,NA,NA,NA,NA,NA,NA,NA,NA,NA,NA,2018,1996-02-26,NA,NA,NA,NA
"David Bell","CLE","WR","15758","weighted",NA,NA,NA,NA,NA,NA,0,NA,0,NA,0,NA,NA,NA,NA,NA,8.3,NA,95,NA,1.4,NA,NA,NA,NA,NA,NA,NA,NA,NA,NA,NA,NA,NA,NA,NA,NA,NA,NA,NA,NA,NA,NA,NA,NA,NA,NA,NA,NA,NA,NA,NA,NA,NA,2022,2000-12-14,NA,"Hip",2025,0
"Charlie Jones","CIN","WR","16203","weighted",NA,NA,NA,NA,NA,NA,1.00770416024653,1.41421356237309,0,0,0,0,NA,NA,NA,NA,6.81137134052388,1.58391918985787,74.9826194144838,27.0539054481973,0.322496147919877,0.459619407771256,NA,NA,NA,NA,NA,NA,NA,NA,NA,NA,NA,NA,NA,NA,NA,NA,NA,NA,NA,NA,NA,NA,NA,NA,NA,NA,NA,NA,NA,NA,NA,NA,2023,1998-10-29,NA,NA,NA,NA
"John Metchie","PHI","WR","15759","weighted",NA,NA,NA,NA,NA,NA,1.33946830265849,1.52552836708153,0,0,0,0,NA,NA,NA,NA,8.2580572597137,1.10205051249439,80.5840695296524,11.6939628026261,0.321949869660888,0.345985041885951,NA,NA,NA,NA,NA,NA,NA,NA,NA,NA,NA,NA,NA,NA,NA,NA,NA,NA,NA,NA,NA,NA,NA,NA,NA,NA,NA,NA,NA,NA,NA,NA,2022,2000-07-18,NA,NA,NA,NA
"Mason Tipton","NO","WR","16858","weighted",NA,NA,NA,NA,NA,NA,0,0,0,0,0,0,NA,NA,NA,NA,10.100092449923,1.85261976670876,88.0016949152542,4.27799602617861,0.312573189522342,0.445477272147525,NA,NA,NA,NA,NA,NA,NA,NA,NA,NA,NA,NA,NA,NA,NA,NA,NA,NA,NA,NA,NA,NA,NA,NA,NA,NA,NA,NA,NA,NA,NA,NA,2024,2000-09-27,NA,NA,NA,NA
"Ryan Flournoy","FA","WR","16778","weighted",NA,NA,NA,NA,NA,NA,0,0,0,0,0.1,1.96261557335472e-17,NA,NA,NA,NA,8,0,84,0,1,0,NA,NA,NA,NA,NA,NA,NA,NA,NA,NA,NA,NA,NA,NA,NA,NA,NA,NA,NA,NA,NA,NA,NA,NA,NA,NA,NA,NA,NA,NA,NA,NA,2024,1999-10-27,NA,NA,NA,NA
"Jaylin Lane","WAS","WR","17184","weighted",NA,NA,NA,NA,NA,NA,9.35228426395939,8.07467689245825,0,0,0.0334010152284264,0.0288381317587795,NA,NA,NA,NA,6.56842639593909,0.749791425728266,63.0568527918782,24.2240306773747,0.668020304568528,0.576762635175589,NA,NA,NA,NA,NA,NA,NA,NA,NA,NA,NA,NA,NA,NA,NA,NA,NA,NA,NA,NA,NA,NA,NA,NA,NA,NA,NA,NA,NA,NA,NA,NA,2025,2002-05-01,NA,NA,NA,NA
"Bo Melton","GB","WR","15785","weighted",NA,NA,NA,NA,NA,NA,0,NA,0,NA,0,NA,NA,NA,NA,NA,6.6,NA,78.1,NA,0.6,NA,NA,NA,NA,NA,NA,NA,NA,NA,NA,NA,NA,NA,NA,NA,NA,NA,NA,NA,NA,NA,NA,NA,NA,NA,NA,NA,NA,NA,NA,NA,NA,NA,2022,1999-05-18,NA,NA,NA,NA
"Skyy Moore","SF","WR","15766","weighted",NA,NA,NA,NA,NA,NA,0.418005610813568,0.418575452491684,0,0,0,0,NA,NA,NA,NA,3.47921958684009,2.17587852888139,47.5291048201989,24.6479800649604,0.142892119357307,0.288584749175144,NA,NA,NA,NA,NA,NA,NA,NA,NA,NA,NA,NA,NA,NA,NA,NA,NA,NA,NA,NA,NA,NA,NA,NA,NA,NA,NA,NA,NA,NA,NA,NA,2022,2000-09-10,NA,NA,NA,NA
"D'Wayne Eskridge","MIA","WR","15302","weighted",NA,NA,NA,NA,NA,NA,0,0,0,0,0,0,NA,NA,NA,NA,4.06046224961479,4.50427019615831,41.3163328197227,47.4822203566767,0.262958397534669,0.37476659402887,NA,NA,NA,NA,NA,NA,NA,NA,NA,NA,NA,NA,NA,NA,NA,NA,NA,NA,NA,NA,NA,NA,NA,NA,NA,NA,NA,NA,NA,NA,NA,NA,2021,1970-01-01,"Q","Concussion",2025,0
"Jamal Agnew","ATL","WR","13308","weighted",NA,NA,NA,NA,NA,NA,0,0,0,0,0,0,NA,NA,NA,NA,2.10895179801071,1.86153896289548,19.7639632746748,18.4602621047923,0.0714460596786534,0.144292374587572,NA,NA,NA,NA,NA,NA,NA,NA,NA,NA,NA,NA,NA,NA,NA,NA,NA,NA,NA,NA,NA,NA,NA,NA,NA,NA,NA,NA,NA,NA,NA,NA,2017,NA,NA,NA,NA,NA
"Cody White","SEA","WR","15589","weighted",NA,NA,NA,NA,NA,NA,0,0,0,0,0,0,NA,NA,NA,NA,2.07090909090909,1.66877200360025,25.1203697996918,20.1242589925691,0.089306625577812,0.127279220613579,NA,NA,NA,NA,NA,NA,NA,NA,NA,NA,NA,NA,NA,NA,NA,NA,NA,NA,NA,NA,NA,NA,NA,NA,NA,NA,NA,NA,NA,NA,NA,NA,2020,1998-11-28,NA,NA,NA,NA
"Brycen Tremayne","CAR","WR","16949","weighted",NA,NA,NA,NA,NA,NA,-0.100770416024653,0.14142135623731,0,0,0,0,NA,NA,NA,NA,2.69562403697997,3.55674710936833,31.5208012326656,42.0728534805996,0.138921417565485,0.197989898732233,NA,NA,NA,NA,NA,NA,NA,NA,NA,NA,NA,NA,NA,NA,NA,NA,NA,NA,NA,NA,NA,NA,NA,NA,NA,NA,NA,NA,NA,NA,NA,NA,2023,1999-11-18,NA,NA,NA,NA
"Xavier Weaver","ARI","WR","16634","weighted",NA,NA,NA,NA,NA,NA,0,0,0,0,0,0,NA,NA,NA,NA,2.61624036979969,3.44361002437849,31.9006163328197,41.1889700041164,0.213343605546995,0.304055915910215,NA,NA,NA,NA,NA,NA,NA,NA,NA,NA,NA,NA,NA,NA,NA,NA,NA,NA,NA,NA,NA,NA,NA,NA,NA,NA,NA,NA,NA,NA,NA,NA,2024,2000-10-12,NA,NA,NA,NA
"DeAndre Carter","FA","WR","12394","weighted",NA,NA,NA,NA,NA,NA,6,NA,0,NA,1,NA,NA,NA,NA,NA,6,NA,60,NA,0,NA,NA,NA,NA,NA,NA,NA,NA,NA,NA,NA,NA,NA,NA,NA,NA,NA,NA,NA,NA,NA,NA,NA,NA,NA,NA,NA,NA,NA,NA,NA,NA,NA,2015,1993-04-10,NA,NA,NA,NA
"Efton Chism","NE","WR","17269","weighted",NA,NA,NA,NA,NA,NA,0,0,0,0,0,0,NA,NA,NA,NA,5,0,57,0,0,0,NA,NA,NA,NA,NA,NA,NA,NA,NA,NA,NA,NA,NA,NA,NA,NA,NA,NA,NA,NA,NA,NA,NA,NA,NA,NA,NA,NA,NA,NA,NA,NA,2025,2001-10-26,NA,NA,NA,NA
"Xavier Smith","LAR","WR","16428","weighted",NA,NA,NA,NA,NA,NA,6.55007704160247,9.19238815542512,0,0,0.124036979969183,0.176776695296637,NA,NA,NA,NA,2.51926040061633,3.53553390593274,28.2157164869029,39.5979797464467,0,0,NA,NA,NA,NA,NA,NA,NA,NA,NA,NA,NA,NA,NA,NA,NA,NA,NA,NA,NA,NA,NA,NA,NA,NA,NA,NA,NA,NA,NA,NA,NA,NA,2023,1997-09-21,NA,NA,NA,NA
"Jonathan Mingo","DAL","WR","16197","weighted",NA,NA,NA,NA,NA,NA,7.557781201849,10.6066017177982,0,0,0.4,7.85069528229409e-17,NA,NA,NA,NA,2.92234206471495,4.10121933088198,28.2157164869029,39.5979797464467,0,0,NA,NA,NA,NA,NA,NA,NA,NA,NA,NA,NA,NA,NA,NA,NA,NA,NA,NA,NA,NA,NA,NA,NA,NA,NA,NA,NA,NA,NA,NA,NA,NA,2023,2001-04-20,NA,"Knee - PCL",2025,0
"Jordan Watkins","SF","WR","17192","weighted",NA,NA,NA,NA,NA,NA,0.83502538071066,0.720953293969486,0,0,0,0,NA,NA,NA,NA,1.63482233502538,0.634438898693148,26.356345177665,9.80496479798501,0,0,NA,NA,NA,NA,NA,NA,NA,NA,NA,NA,NA,NA,NA,NA,NA,NA,NA,NA,NA,NA,NA,NA,NA,NA,NA,NA,NA,NA,NA,NA,NA,NA,2025,2002-02-15,"D","Ankle",2025,0
"Konata Mumpfield","LAR","WR","17254","weighted",NA,NA,NA,NA,NA,NA,0,NA,0,NA,0,NA,NA,NA,NA,NA,4.7,NA,42,NA,0,NA,NA,NA,NA,NA,NA,NA,NA,NA,NA,NA,NA,NA,NA,NA,NA,NA,NA,NA,NA,NA,NA,NA,NA,NA,NA,NA,NA,NA,NA,NA,NA,NA,2025,2002-10-24,NA,NA,NA,NA
"Trishton Jackson","ARI","WR","14859","weighted",NA,NA,NA,NA,NA,NA,0,NA,0,NA,0,NA,NA,NA,NA,NA,3.41,NA,40.58,NA,0.32,NA,NA,NA,NA,NA,NA,NA,NA,NA,NA,NA,NA,NA,NA,NA,NA,NA,NA,NA,NA,NA,NA,NA,NA,NA,NA,NA,NA,NA,NA,NA,NA,NA,2020,NA,"IR","Thumb",2025,0
"Xavier Restrepo","TEN","WR","17077","weighted",NA,NA,NA,NA,NA,NA,2,NA,0,NA,0,NA,NA,NA,NA,NA,4,NA,40,NA,1,NA,NA,NA,NA,NA,NA,NA,NA,NA,NA,NA,NA,NA,NA,NA,NA,NA,NA,NA,NA,NA,NA,NA,NA,NA,NA,NA,NA,NA,NA,NA,NA,NA,2025,2002-04-12,NA,NA,NA,NA
"Gage Larvadain","CLE","WR","17349","weighted",NA,NA,NA,NA,NA,NA,1,NA,0,NA,0,NA,NA,NA,NA,NA,0,NA,0,NA,0,NA,NA,NA,NA,NA,NA,NA,NA,NA,NA,NA,NA,NA,NA,NA,NA,NA,NA,NA,NA,NA,NA,NA,NA,NA,NA,NA,NA,NA,NA,NA,NA,NA,2025,2003-01-03,NA,NA,NA,NA
"Bryce Oliver","TEN","WR","16975","weighted",NA,NA,NA,NA,NA,NA,0,0,0,0,0,0,NA,NA,NA,NA,1.51612903225806,2.12132034355964,19.2043010752688,26.8700576850888,0,0,NA,NA,NA,NA,NA,NA,NA,NA,NA,NA,NA,NA,NA,NA,NA,NA,NA,NA,NA,NA,NA,NA,NA,NA,NA,NA,NA,NA,NA,NA,NA,NA,2024,2000-05-19,NA,NA,NA,NA
"Anthony Gould","IND","WR","16732","weighted",NA,NA,NA,NA,NA,NA,0,NA,0,NA,0,NA,NA,NA,NA,NA,0,NA,0,NA,0,NA,NA,NA,NA,NA,NA,NA,NA,NA,NA,NA,NA,NA,NA,NA,NA,NA,NA,NA,NA,NA,NA,NA,NA,NA,NA,NA,NA,NA,NA,NA,NA,NA,2024,2001-04-06,NA,NA,NA,NA
"Kameron Johnson","TB","WR","16883","weighted",NA,NA,NA,NA,NA,NA,0.503852080123267,0.707106781186547,0,0,0,0,NA,NA,NA,NA,1.20924499229584,1.69705627484771,11.0847457627119,15.556349186104,0,0,NA,NA,NA,NA,NA,NA,NA,NA,NA,NA,NA,NA,NA,NA,NA,NA,NA,NA,NA,NA,NA,NA,NA,NA,NA,NA,NA,NA,NA,NA,NA,NA,2024,2002-03-17,NA,NA,NA,NA
"Tyrell Shavers","BUF","WR","16451","weighted",NA,NA,NA,NA,NA,NA,0,NA,0,NA,0,NA,NA,NA,NA,NA,0.1,NA,1,NA,0.1,NA,NA,NA,NA,NA,NA,NA,NA,NA,NA,NA,NA,NA,NA,NA,NA,NA,NA,NA,NA,NA,NA,NA,NA,NA,NA,NA,NA,NA,NA,NA,NA,NA,2023,1999-08-18,NA,NA,NA,NA
"Ashton Dulin","IND","WR","14315","weighted",NA,NA,NA,NA,NA,NA,13.1001540832049,18.3847763108502,0,0,0.0751926040061633,0.0353553390593274,NA,NA,NA,NA,0.849953775038521,0.926309883354377,10.9438520801233,8.47113923861484,0.185115562403698,0.0212132034355964,NA,NA,NA,NA,NA,NA,NA,NA,NA,NA,NA,NA,NA,NA,NA,NA,NA,NA,NA,NA,NA,NA,NA,NA,NA,NA,NA,NA,NA,NA,NA,NA,2019,1997-05-15,NA,NA,NA,NA
"Beaux Collins","NYG","WR","17303","weighted",NA,NA,NA,NA,NA,NA,0,NA,0,NA,0,NA,NA,NA,NA,NA,1.9,NA,13,NA,0,NA,NA,NA,NA,NA,NA,NA,NA,NA,NA,NA,NA,NA,NA,NA,NA,NA,NA,NA,NA,NA,NA,NA,NA,NA,NA,NA,NA,NA,NA,NA,NA,NA,2025,2002-12-16,NA,NA,NA,NA
"Braxton Berrios","HOU","WR","13638","weighted",NA,NA,NA,NA,NA,NA,0,NA,0,NA,0,NA,NA,NA,NA,NA,0,NA,0,NA,0,NA,NA,NA,NA,NA,NA,NA,NA,NA,NA,NA,NA,NA,NA,NA,NA,NA,NA,NA,NA,NA,NA,NA,NA,NA,NA,NA,NA,NA,NA,NA,NA,NA,2018,1995-10-06,"O","Hamstring",2025,0
"Jason Brownlee","KC","WR","16423","weighted",NA,NA,NA,NA,NA,NA,0,NA,0,NA,0,NA,NA,NA,NA,NA,0,NA,0,NA,0,NA,NA,NA,NA,NA,NA,NA,NA,NA,NA,NA,NA,NA,NA,NA,NA,NA,NA,NA,NA,NA,NA,NA,NA,NA,NA,NA,NA,NA,NA,NA,NA,NA,2023,1999-01-30,NA,NA,NA,NA
"Nikko Remigio","KC","WR","16422","weighted",NA,NA,NA,NA,NA,NA,0,0,0,0,0,0,NA,NA,NA,NA,0.0503852080123267,0.0707106781186548,0.503852080123267,0.707106781186547,0,0,NA,NA,NA,NA,NA,NA,NA,NA,NA,NA,NA,NA,NA,NA,NA,NA,NA,NA,NA,NA,NA,NA,NA,NA,NA,NA,NA,NA,NA,NA,NA,NA,2023,1999-11-04,NA,NA,NA,NA
"Trent Taylor","SF","WR","13316","weighted",NA,NA,NA,NA,NA,NA,-0.201540832049307,0.282842712474619,0,0,0,0,NA,NA,NA,NA,0.251926040061633,0.353553390593274,2.51926040061633,3.53553390593274,0,0,NA,NA,NA,NA,NA,NA,NA,NA,NA,NA,NA,NA,NA,NA,NA,NA,NA,NA,NA,NA,NA,NA,NA,NA,NA,NA,NA,NA,NA,NA,NA,NA,2017,1994-04-30,"IR","Undisclosed",2025,0
"Brock Bowers","LVR","TE","16641","weighted",NA,NA,NA,NA,NA,NA,12.6987654320988,5.40040247902921,0,0,0.359511784511785,0.29018437369868,NA,NA,NA,NA,106.683057239057,4.5795806480271,1141.2628956229,51.5946819318971,6.11099204591383,0.658683013857472,NA,NA,NA,NA,NA,NA,NA,NA,NA,NA,NA,NA,NA,NA,NA,NA,NA,NA,NA,NA,NA,NA,NA,NA,NA,NA,NA,NA,NA,NA,NA,NA,2024,2002-12-13,NA,NA,NA,NA
"George Kittle","SF","TE","13299","weighted",NA,NA,NA,NA,NA,NA,0.333557800224467,0.287306357289548,0,0,0.359511784511785,0.29018437369868,NA,NA,NA,NA,77.5600336700337,5.63880182128972,1055.26033670034,82.2421341186833,7.12282474179468,1.00815832528844,NA,NA,NA,NA,NA,NA,NA,NA,NA,NA,NA,NA,NA,NA,NA,NA,NA,NA,NA,NA,NA,NA,NA,NA,NA,NA,NA,NA,NA,NA,NA,NA,2017,1993-10-09,NA,NA,NA,NA
"Trey McBride","ARI","TE","15794","weighted",NA,NA,NA,NA,NA,NA,1.0020202020202,0.86367393609251,0.350589225589226,0.173590590470911,0.359511784511785,0.29018437369868,NA,NA,NA,NA,106.768249158249,5.5022811523849,1081.76862626263,49.8256924774778,5.86962224978225,1.32468122562894,NA,NA,NA,NA,NA,NA,NA,NA,NA,NA,NA,NA,NA,NA,NA,NA,NA,NA,NA,NA,NA,NA,NA,NA,NA,NA,NA,NA,NA,NA,NA,NA,2022,1999-11-22,NA,NA,NA,NA
"Tyler Warren","IND","TE","17102","weighted",NA,NA,NA,NA,NA,NA,10.3604938271605,8.64162687113589,0,0,1.0223063973064,0.504219992981032,NA,NA,NA,NA,63.6650303030303,8.60333514055727,729.3107003367,105.437706996451,4.72734357046497,0.925106210874819,NA,NA,NA,NA,NA,NA,NA,NA,NA,NA,NA,NA,NA,NA,NA,NA,NA,NA,NA,NA,NA,NA,NA,NA,NA,NA,NA,NA,NA,NA,NA,NA,2025,2002-05-24,NA,NA,NA,NA
"Travis Kelce","KC","TE","11244","weighted",NA,NA,NA,NA,NA,NA,1.2537037037037,0.767649898106106,0,0,0.928232323232323,0.057963250939377,NA,NA,NA,NA,77.8012525252525,6.55540521084045,755.082902356902,71.2609158195749,4.80523908138569,0.954388493470907,NA,NA,NA,NA,NA,NA,NA,NA,NA,NA,NA,NA,NA,NA,NA,NA,NA,NA,NA,NA,NA,NA,NA,NA,NA,NA,NA,NA,NA,NA,NA,NA,2013,1989-10-05,NA,NA,NA,NA
"T.J. Hockenson","MIN","TE","14138","weighted",NA,NA,NA,NA,NA,NA,0,0,0,0,0.359511784511785,0.29018437369868,NA,NA,NA,NA,74.6597239057239,5.48612801726022,782.584168350168,70.2017566984944,4.74180362826106,0.681294443417221,NA,NA,NA,NA,NA,NA,NA,NA,NA,NA,NA,NA,NA,NA,NA,NA,NA,NA,NA,NA,NA,NA,NA,NA,NA,NA,NA,NA,NA,NA,NA,NA,2019,1997-07-03,NA,NA,NA,NA
"Sam LaPorta","DET","TE","16214","weighted",NA,NA,NA,NA,NA,NA,0.667115600448934,0.574612714579096,0,0,0.342929292929293,0.289457863404327,NA,NA,NA,NA,72.4307811447812,4.15319554489529,802.26632996633,39.9083955598,7.24936554284508,0.73525165825914,NA,NA,NA,NA,NA,NA,NA,NA,NA,NA,NA,NA,NA,NA,NA,NA,NA,NA,NA,NA,NA,NA,NA,NA,NA,NA,NA,NA,NA,NA,NA,NA,2023,2001-01-12,NA,NA,NA,NA
"Colston Loveland","CHI","TE","17104","weighted",NA,NA,NA,NA,NA,NA,0,0,0,0,1.0223063973064,0.504219992981032,NA,NA,NA,NA,59.239569023569,9.72408072224821,641.330626262626,123.656444433879,4.42978108879344,1.08880525186539,NA,NA,NA,NA,NA,NA,NA,NA,NA,NA,NA,NA,NA,NA,NA,NA,NA,NA,NA,NA,NA,NA,NA,NA,NA,NA,NA,NA,NA,NA,NA,NA,2025,2004-04-09,NA,NA,NA,NA
"Evan Engram","DEN","TE","13189","weighted",NA,NA,NA,NA,NA,NA,2.40646464646465,2.3172418144148,0,0,1.20988215488215,0.329581221610246,NA,NA,NA,NA,74.5922356902357,8.30782851775981,677.544141414141,85.7922073178846,4.12265482799913,0.894902033687725,NA,NA,NA,NA,NA,NA,NA,NA,NA,NA,NA,NA,NA,NA,NA,NA,NA,NA,NA,NA,NA,NA,NA,NA,NA,NA,NA,NA,NA,NA,NA,NA,2017,1994-09-02,NA,NA,NA,NA
"David Njoku","CLE","TE","13192","weighted",NA,NA,NA,NA,NA,NA,0,0,0,0,0.801279461279461,0.17329958133762,NA,NA,NA,NA,74.1962760942761,6.64478987540406,723.619441077441,45.6188464814035,4.96423504169389,0.652395928622429,NA,NA,NA,NA,NA,NA,NA,NA,NA,NA,NA,NA,NA,NA,NA,NA,NA,NA,NA,NA,NA,NA,NA,NA,NA,NA,NA,NA,NA,NA,NA,NA,2017,1996-07-10,NA,NA,NA,NA
"Tucker Kraft","GB","TE","16222","weighted",NA,NA,NA,NA,NA,NA,7.33827160493827,6.32073986037005,0,0,0.884057239057239,0.0876881022276917,NA,NA,NA,NA,56.766228956229,7.23612237664391,682.51301010101,79.5886019062115,5.04935375290732,1.03625308974518,NA,NA,NA,NA,NA,NA,NA,NA,NA,NA,NA,NA,NA,NA,NA,NA,NA,NA,NA,NA,NA,NA,NA,NA,NA,NA,NA,NA,NA,NA,NA,NA,2023,2000-11-03,NA,NA,NA,NA
"Mark Andrews","BAL","TE","13671","weighted",NA,NA,NA,NA,NA,NA,8.68193041526375,6.66188009494608,0,0,0.994427609427609,0.0408799146230227,NA,NA,NA,NA,59.0511313131313,3.12305770129652,697.952430976431,34.8246344735311,7.90467281795461,0.877358752789915,NA,NA,NA,NA,NA,NA,NA,NA,NA,NA,NA,NA,NA,NA,NA,NA,NA,NA,NA,NA,NA,NA,NA,NA,NA,NA,NA,NA,NA,NA,NA,NA,2018,1995-09-06,NA,NA,NA,NA
"Dalton Kincaid","BUF","TE","16213","weighted",NA,NA,NA,NA,NA,NA,0,0,0,0,0.359511784511785,0.29018437369868,NA,NA,NA,NA,59.7391111111111,5.23709476976009,628.552228956229,59.9221631149765,3.86656036509611,0.873098522776035,NA,NA,NA,NA,NA,NA,NA,NA,NA,NA,NA,NA,NA,NA,NA,NA,NA,NA,NA,NA,NA,NA,NA,NA,NA,NA,NA,NA,NA,NA,NA,NA,2023,1999-10-18,NA,NA,NA,NA
"Kyle Pitts","ATL","TE","15329","weighted",NA,NA,NA,NA,NA,NA,-0.733827160493827,0.632073986037005,0,0,0.0258024691358025,0.0147900577721749,NA,NA,NA,NA,52.0811986531987,4.38361753280109,659.963050505051,38.6499704004697,4.16327684235128,0.37256113255474,NA,NA,NA,NA,NA,NA,NA,NA,NA,NA,NA,NA,NA,NA,NA,NA,NA,NA,NA,NA,NA,NA,NA,NA,NA,NA,NA,NA,NA,NA,NA,NA,2021,2000-10-06,NA,NA,NA,NA
"Dallas Goedert","PHI","TE","13674","weighted",NA,NA,NA,NA,NA,NA,7.17586980920314,5.23210492801247,0,0,0.359511784511785,0.29018437369868,NA,NA,NA,NA,59.3046531986532,6.14586439045411,649.375144781145,79.7868728699001,3.83546725056962,0.633383062226047,NA,NA,NA,NA,NA,NA,NA,NA,NA,NA,NA,NA,NA,NA,NA,NA,NA,NA,NA,NA,NA,NA,NA,NA,NA,NA,NA,NA,NA,NA,NA,NA,2018,1995-01-03,NA,NA,NA,NA
"Jonnu Smith","PIT","TE","13193","weighted",NA,NA,NA,NA,NA,NA,7.58913580246914,7.16104501908379,0,0,1.09378787878788,0.11886581231992,NA,NA,NA,NA,56.2973131313131,7.86885072421708,574.575622895623,87.4970213261796,4.30438090481145,1.49378378553943,NA,NA,NA,NA,NA,NA,NA,NA,NA,NA,NA,NA,NA,NA,NA,NA,NA,NA,NA,NA,NA,NA,NA,NA,NA,NA,NA,NA,NA,NA,NA,NA,2017,1995-08-22,NA,NA,NA,NA
"Jake Ferguson","DAL","TE","15799","weighted",NA,NA,NA,NA,NA,NA,0,0,0,0,1.21530303030303,0.173889752818131,NA,NA,NA,NA,68.8878518518518,3.13443850950545,642.21501010101,30.6063537747495,3.62791105695356,0.827397381292819,NA,NA,NA,NA,NA,NA,NA,NA,NA,NA,NA,NA,NA,NA,NA,NA,NA,NA,NA,NA,NA,NA,NA,NA,NA,NA,NA,NA,NA,NA,NA,NA,2022,1999-01-18,NA,NA,NA,NA
"Hunter Henry","NE","TE","12676","weighted",NA,NA,NA,NA,NA,NA,0,0,0,0,0.342929292929293,0.289457863404327,NA,NA,NA,NA,57.4441818181818,8.65178113512813,596.346835016835,79.0401379649085,4.39140361304718,1.29218151067053,NA,NA,NA,NA,NA,NA,NA,NA,NA,NA,NA,NA,NA,NA,NA,NA,NA,NA,NA,NA,NA,NA,NA,NA,NA,NA,NA,NA,NA,NA,NA,NA,2016,1994-12-07,NA,NA,NA,NA
"Brenton Strange","JAC","TE","16269","weighted",NA,NA,NA,NA,NA,NA,0,0,0,0,0.834175084175084,0.0716948776958709,NA,NA,NA,NA,57.453696969697,4.51835854959087,569.267643097643,52.9040033706719,3.44940985593933,0.90836933583579,NA,NA,NA,NA,NA,NA,NA,NA,NA,NA,NA,NA,NA,NA,NA,NA,NA,NA,NA,NA,NA,NA,NA,NA,NA,NA,NA,NA,NA,NA,NA,NA,2023,2000-12-27,NA,NA,NA,NA
"Mike Gesicki","CIN","TE","13672","weighted",NA,NA,NA,NA,NA,NA,0,0,0,0,0.771560044893378,0.0904314589557181,NA,NA,NA,NA,54.6808888888889,6.48818429308378,541.166895622896,74.7865387451988,3.21452162113253,0.874431612212232,NA,NA,NA,NA,NA,NA,NA,NA,NA,NA,NA,NA,NA,NA,NA,NA,NA,NA,NA,NA,NA,NA,NA,NA,NA,NA,NA,NA,NA,NA,NA,NA,2018,1995-10-03,NA,NA,NA,NA
"Theo Johnson","NYG","TE","16649","weighted",NA,NA,NA,NA,NA,NA,0,0,0,0,0.0258024691358025,0.0147900577721749,NA,NA,NA,NA,45.7324915824916,9.74397240371596,505.931353535354,104.656289123275,2.80813235957626,0.946995513322912,NA,NA,NA,NA,NA,NA,NA,NA,NA,NA,NA,NA,NA,NA,NA,NA,NA,NA,NA,NA,NA,NA,NA,NA,NA,NA,NA,NA,NA,NA,NA,NA,2024,2001-02-26,NA,NA,NA,NA
"Zach Ertz","WAS","TE","11247","weighted",NA,NA,NA,NA,NA,NA,0,0,0,0,0.0994276094276094,0.0504276084253172,NA,NA,NA,NA,58.4787676767677,5.57147056246988,542.89767003367,60.6855409986698,5.07522542779416,0.873571483211619,NA,NA,NA,NA,NA,NA,NA,NA,NA,NA,NA,NA,NA,NA,NA,NA,NA,NA,NA,NA,NA,NA,NA,NA,NA,NA,NA,NA,NA,NA,NA,NA,2013,1990-11-10,NA,NA,NA,NA
"Chigoziem Okonkwo","TEN","TE","15889","weighted",NA,NA,NA,NA,NA,NA,6.51115656377836,3.69792453114766,0,0,0.717822610635924,0.275480440579048,NA,NA,NA,NA,58.2146448493864,3.19607350124057,576.453417627371,44.3278288166275,3.19533655634065,0.945736713164908,NA,NA,NA,NA,NA,NA,NA,NA,NA,NA,NA,NA,NA,NA,NA,NA,NA,NA,NA,NA,NA,NA,NA,NA,NA,NA,NA,NA,NA,NA,NA,NA,2022,1999-09-08,NA,NA,NA,NA
"Cade Otton","TB","TE","15802","weighted",NA,NA,NA,NA,NA,NA,-0.533692480359147,0.459690171663277,0,0,0.834175084175084,0.0716948776958709,NA,NA,NA,NA,53.4484175084175,5.49989584042243,548.153582491582,57.2182547415076,4.33518496358973,0.567127143585018,NA,NA,NA,NA,NA,NA,NA,NA,NA,NA,NA,NA,NA,NA,NA,NA,NA,NA,NA,NA,NA,NA,NA,NA,NA,NA,NA,NA,NA,NA,NA,NA,2022,1999-04-15,NA,NA,NA,NA
"Dalton Schultz","HOU","TE","13772","weighted",NA,NA,NA,NA,NA,NA,0,0,0,0,0.398114478114478,0.265910557265167,NA,NA,NA,NA,52.6985185185185,6.4413876388076,551.50065993266,75.8248176675835,3.24591572794594,0.738532574282694,NA,NA,NA,NA,NA,NA,NA,NA,NA,NA,NA,NA,NA,NA,NA,NA,NA,NA,NA,NA,NA,NA,NA,NA,NA,NA,NA,NA,NA,NA,NA,NA,2018,1996-07-11,NA,NA,NA,NA
"Pat Freiermuth","PIT","TE","15331","weighted",NA,NA,NA,NA,NA,NA,0,0,0,0,1.12138047138047,0.147875995555848,NA,NA,NA,NA,54.1366599326599,7.82969250427089,519.462013468013,70.2066235036241,3.76832504563107,0.995155397802467,NA,NA,NA,NA,NA,NA,NA,NA,NA,NA,NA,NA,NA,NA,NA,NA,NA,NA,NA,NA,NA,NA,NA,NA,NA,NA,NA,NA,NA,NA,NA,NA,2021,1998-10-25,NA,NA,NA,NA
"Elijah Arroyo","SEA","TE","17108","weighted",NA,NA,NA,NA,NA,NA,0,0,0,0,0.478323262839879,0.269944663866961,NA,NA,NA,NA,42.3523413897281,9.04706145348245,460.954682779456,117.05233798391,2.82771151575749,1.50064673134996,NA,NA,NA,NA,NA,NA,NA,NA,NA,NA,NA,NA,NA,NA,NA,NA,NA,NA,NA,NA,NA,NA,NA,NA,NA,NA,NA,NA,NA,NA,NA,NA,2025,2003-04-05,NA,NA,NA,NA
"Tyler Higbee","LAR","TE","12678","weighted",NA,NA,NA,NA,NA,NA,0,0,0,0,0.0258024691358025,0.0147900577721749,NA,NA,NA,NA,47.8508282828283,7.77747182147059,453.942094276094,75.7329771115582,3.78955887485933,0.912849510674104,NA,NA,NA,NA,NA,NA,NA,NA,NA,NA,NA,NA,NA,NA,NA,NA,NA,NA,NA,NA,NA,NA,NA,NA,NA,NA,NA,NA,NA,NA,NA,NA,2016,1993-01-01,NA,NA,NA,NA
"Darren Waller","MIA","TE","12263","weighted",NA,NA,NA,NA,NA,NA,-0.0667115600448934,0.0574612714579096,0,0,0.467553310886644,0.309866195297209,NA,NA,NA,NA,48.3363771043771,5.38147093854348,525.75868013468,84.627045485805,3.09541224201513,0.780444689652676,NA,NA,NA,NA,NA,NA,NA,NA,NA,NA,NA,NA,NA,NA,NA,NA,NA,NA,NA,NA,NA,NA,NA,NA,NA,NA,NA,NA,NA,NA,NA,NA,2015,1992-09-13,"O","Hip",2025,0
"Cole Kmet","CHI","TE","14867","weighted",NA,NA,NA,NA,NA,NA,0.333557800224467,0.287306357289548,0,0,0.342929292929293,0.289457863404327,NA,NA,NA,NA,34.5327003367003,14.2285910983381,337.571878787879,152.645382854027,2.66516548583743,1.38614770413687,NA,NA,NA,NA,NA,NA,NA,NA,NA,NA,NA,NA,NA,NA,NA,NA,NA,NA,NA,NA,NA,NA,NA,NA,NA,NA,NA,NA,NA,NA,NA,NA,2020,1999-03-10,NA,NA,NA,NA
"Juwan Johnson","NO","TE","14861","weighted",NA,NA,NA,NA,NA,NA,1.66778900112233,1.43653178644774,0.10016835016835,0.0495973115631174,0.0516049382716049,0.0295801155443497,NA,NA,NA,NA,49.1300740740741,6.12419888296842,515.935441077441,70.1248067321808,3.23031126523815,1.01674593268732,NA,NA,NA,NA,NA,NA,NA,NA,NA,NA,NA,NA,NA,NA,NA,NA,NA,NA,NA,NA,NA,NA,NA,NA,NA,NA,NA,NA,NA,NA,NA,NA,2020,1996-09-13,NA,NA,NA,NA
"Isaiah Likely","BAL","TE","15798","weighted",NA,NA,NA,NA,NA,NA,0,0,0,0,0.867474747474747,0.0904681492698339,NA,NA,NA,NA,38.5918383838384,7.5864071149931,457.472612794613,75.1710504863936,4.74018941299407,0.859688890252844,NA,NA,NA,NA,NA,NA,NA,NA,NA,NA,NA,NA,NA,NA,NA,NA,NA,NA,NA,NA,NA,NA,NA,NA,NA,NA,NA,NA,NA,NA,NA,NA,2022,2000-04-18,"O","Foot",2025,0
"Mason Taylor","NYJ","TE","17106","weighted",NA,NA,NA,NA,NA,NA,0,0,0,0,0.954118967452301,0.505800743182879,NA,NA,NA,NA,51.4188282828283,4.82009880559356,524.601723905724,47.3611977764999,3.24357376622018,1.05110440381062,NA,NA,NA,NA,NA,NA,NA,NA,NA,NA,NA,NA,NA,NA,NA,NA,NA,NA,NA,NA,NA,NA,NA,NA,NA,NA,NA,NA,NA,NA,NA,NA,2025,2004-05-08,NA,NA,NA,NA
"Tyler Conklin","LAC","TE","13675","weighted",NA,NA,NA,NA,NA,NA,0,0,0,0,0,0,NA,NA,NA,NA,36.3536228956229,10.0015099648902,357.669393939394,111.869238400436,2.45695918659103,1.02715325666574,NA,NA,NA,NA,NA,NA,NA,NA,NA,NA,NA,NA,NA,NA,NA,NA,NA,NA,NA,NA,NA,NA,NA,NA,NA,NA,NA,NA,NA,NA,NA,NA,2018,1995-07-30,NA,NA,NA,NA
"Noah Fant","CIN","TE","14137","weighted",NA,NA,NA,NA,NA,NA,-0.798792756539235,0.503809809967778,0,0,0.0220824949698189,0.0172671295331641,NA,NA,NA,NA,38.4704225352113,7.19447804303218,388.869718309859,76.2727449399966,1.95920523138833,0.734343657378251,NA,NA,NA,NA,NA,NA,NA,NA,NA,NA,NA,NA,NA,NA,NA,NA,NA,NA,NA,NA,NA,NA,NA,NA,NA,NA,NA,NA,NA,NA,NA,NA,2019,1997-11-20,NA,NA,NA,NA
"Ja'Tavion Sanders","CAR","TE","16643","weighted",NA,NA,NA,NA,NA,NA,0,0,0,0,0.0248611111111111,0.0155215703070575,NA,NA,NA,NA,43.2106742424242,5.32257450057158,441.448401515152,45.0210106183656,2.12255784801004,0.697448058484197,NA,NA,NA,NA,NA,NA,NA,NA,NA,NA,NA,NA,NA,NA,NA,NA,NA,NA,NA,NA,NA,NA,NA,NA,NA,NA,NA,NA,NA,NA,NA,NA,2024,2003-03-27,NA,NA,NA,NA
"Robbie Ouzts","SEA","TE","17215","weighted",NA,NA,NA,NA,NA,NA,NA,NA,NA,NA,1,NA,NA,NA,NA,NA,49,NA,482,NA,3,NA,NA,NA,NA,NA,NA,NA,NA,NA,NA,NA,NA,NA,NA,NA,NA,NA,NA,NA,NA,NA,NA,NA,NA,NA,NA,NA,NA,NA,NA,NA,NA,NA,2025,2002-09-06,NA,NA,NA,NA
"Will Dissly","LAC","TE","13763","weighted",NA,NA,NA,NA,NA,NA,0.333557800224467,0.287306357289548,0,0,0.283490460157127,0.179519544286043,NA,NA,NA,NA,40.2520134680135,6.65946719929221,393.807730639731,66.4542847673676,2.31228022726272,0.481134174446889,NA,NA,NA,NA,NA,NA,NA,NA,NA,NA,NA,NA,NA,NA,NA,NA,NA,NA,NA,NA,NA,NA,NA,NA,NA,NA,NA,NA,NA,NA,NA,NA,2018,NA,NA,NA,NA,NA
"Noah Gray","KC","TE","15337","weighted",NA,NA,NA,NA,NA,NA,-0.0962962962962964,1.90940930525671,0,0,0.0258024691358025,0.0147900577721749,NA,NA,NA,NA,33.7066060606061,7.25756263671264,337.788444444444,78.4566248131272,3.07879536157444,1.00675767144264,NA,NA,NA,NA,NA,NA,NA,NA,NA,NA,NA,NA,NA,NA,NA,NA,NA,NA,NA,NA,NA,NA,NA,NA,NA,NA,NA,NA,NA,NA,NA,NA,2021,1999-04-30,NA,NA,NA,NA
"Austin Hooper","NE","TE","12677","weighted",NA,NA,NA,NA,NA,NA,0,0,0,0,0.589673980414032,0.191691557517756,NA,NA,NA,NA,32.0705912978802,8.7493092759331,321.414830792116,88.6671533460156,1.98839717367051,0.133149517767395,NA,NA,NA,NA,NA,NA,NA,NA,NA,NA,NA,NA,NA,NA,NA,NA,NA,NA,NA,NA,NA,NA,NA,NA,NA,NA,NA,NA,NA,NA,NA,NA,2016,1994-10-29,NA,NA,NA,NA
"Terrance Ferguson","LAR","TE","17107","weighted",NA,NA,NA,NA,NA,NA,0,0,0,0,0.479707083509365,0.288387840012328,NA,NA,NA,NA,21.8487536966624,6.82234894923739,234.95690747782,101.149266264588,2.01508238276299,0.541359382481391,NA,NA,NA,NA,NA,NA,NA,NA,NA,NA,NA,NA,NA,NA,NA,NA,NA,NA,NA,NA,NA,NA,NA,NA,NA,NA,NA,NA,NA,NA,NA,NA,2025,2003-03-07,NA,NA,NA,NA
"Harold Fannin","CLE","TE","17103","weighted",NA,NA,NA,NA,NA,NA,0,0,0,0,0.668201661737783,0.155734582147049,NA,NA,NA,NA,29.7341360371779,6.74943179440673,304.2872834812,85.0116966705032,1.71043514997888,0.988957817813523,NA,NA,NA,NA,NA,NA,NA,NA,NA,NA,NA,NA,NA,NA,NA,NA,NA,NA,NA,NA,NA,NA,NA,NA,NA,NA,NA,NA,NA,NA,NA,NA,2025,2004-07-20,NA,NA,NA,NA
"AJ Barner","SEA","TE","16723","weighted",NA,NA,NA,NA,NA,NA,0,0,0,0,0.0250154952274699,0.0154236518364179,NA,NA,NA,NA,32.4470063220528,4.87617660875227,304.167936035701,51.8158105852908,2.61288955001859,1.0135266459789,NA,NA,NA,NA,NA,NA,NA,NA,NA,NA,NA,NA,NA,NA,NA,NA,NA,NA,NA,NA,NA,NA,NA,NA,NA,NA,NA,NA,NA,NA,NA,NA,2024,2002-05-03,NA,NA,NA,NA
"Josh Oliver","MIN","TE","14209","weighted",NA,NA,NA,NA,NA,NA,0,0,0,0,0,0,NA,NA,NA,NA,17.4620952380952,7.03760611688314,184.425627705628,94.5170546036755,1.47061471861472,0.787046796255551,NA,NA,NA,NA,NA,NA,NA,NA,NA,NA,NA,NA,NA,NA,NA,NA,NA,NA,NA,NA,NA,NA,NA,NA,NA,NA,NA,NA,NA,NA,NA,NA,2019,1997-03-21,NA,NA,NA,NA
"Daniel Bellinger","NYG","TE","15873","weighted",NA,NA,NA,NA,NA,NA,0,0,0,0,0,0,NA,NA,NA,NA,19.7802421307506,10.2367385637972,187.385242130751,102.342367177966,0.599673123486683,0.554660364946563,NA,NA,NA,NA,NA,NA,NA,NA,NA,NA,NA,NA,NA,NA,NA,NA,NA,NA,NA,NA,NA,NA,NA,NA,NA,NA,NA,NA,NA,NA,NA,NA,2022,2000-09-22,NA,NA,NA,NA
"Stone Smartt","NYJ","TE","16113","weighted",NA,NA,NA,NA,NA,NA,0,0,0,0,0.464610262436349,0.353716522993805,NA,NA,NA,NA,14.4195652173913,10.3401737794728,167.642185663925,126.146615929669,1.22914218566392,1.28853972548733,NA,NA,NA,NA,NA,NA,NA,NA,NA,NA,NA,NA,NA,NA,NA,NA,NA,NA,NA,NA,NA,NA,NA,NA,NA,NA,NA,NA,NA,NA,NA,NA,2022,1998-10-04,NA,NA,NA,NA
"Michael Mayer","LVR","TE","16212","weighted",NA,NA,NA,NA,NA,NA,0,0,0,0,0.0258024691358025,0.0147900577721749,NA,NA,NA,NA,27.9280134680135,6.59531923168358,262.439501683502,56.8191650134705,1.6732976388114,0.446204006171707,NA,NA,NA,NA,NA,NA,NA,NA,NA,NA,NA,NA,NA,NA,NA,NA,NA,NA,NA,NA,NA,NA,NA,NA,NA,NA,NA,NA,NA,NA,NA,NA,2023,2001-07-06,NA,NA,NA,NA
"Grant Calcaterra","PHI","TE","15804","weighted",NA,NA,NA,NA,NA,NA,0,0,0,0,0,0,NA,NA,NA,NA,15.9038815207781,7.08448278854044,182.990185676393,89.3272327411833,0.986695001399839,0.614571684929676,NA,NA,NA,NA,NA,NA,NA,NA,NA,NA,NA,NA,NA,NA,NA,NA,NA,NA,NA,NA,NA,NA,NA,NA,NA,NA,NA,NA,NA,NA,NA,NA,2022,1998-12-04,NA,NA,NA,NA
"Foster Moreau","NO","TE","14239","weighted",NA,NA,NA,NA,NA,NA,0,0,0,0,0,0,NA,NA,NA,NA,20.2039717367051,4.920882411752,233.466247675716,70.4566734788711,1.88998884343622,0.952043863211995,NA,NA,NA,NA,NA,NA,NA,NA,NA,NA,NA,NA,NA,NA,NA,NA,NA,NA,NA,NA,NA,NA,NA,NA,NA,NA,NA,NA,NA,NA,NA,NA,2019,1997-05-06,NA,"Knee",2025,0
"Andrew Ogletree","IND","TE","15916","weighted",NA,NA,NA,NA,NA,NA,0,0,0,0,0,0,NA,NA,NA,NA,12.0090231621349,8.80992213972692,160.439677744209,138.975411880704,1.47699899295065,2.25047969143839,NA,NA,NA,NA,NA,NA,NA,NA,NA,NA,NA,NA,NA,NA,NA,NA,NA,NA,NA,NA,NA,NA,NA,NA,NA,NA,NA,NA,NA,NA,NA,NA,2022,1998-07-28,NA,NA,NA,NA
"Dawson Knox","BUF","TE","14143","weighted",NA,NA,NA,NA,NA,NA,0,0,0,0,0,0,NA,NA,NA,NA,22.0754545454545,5.88518515476512,247.788215488215,59.4113166337941,1.86165623765413,0.530190657389851,NA,NA,NA,NA,NA,NA,NA,NA,NA,NA,NA,NA,NA,NA,NA,NA,NA,NA,NA,NA,NA,NA,NA,NA,NA,NA,NA,NA,NA,NA,NA,NA,2019,1996-11-14,NA,NA,NA,NA
"Luke Schoonmaker","DAL","TE","16221","weighted",NA,NA,NA,NA,NA,NA,0,0,0,0,0,0,NA,NA,NA,NA,16.6167794719226,5.67615169108522,147.207236891038,53.9911854352004,1.18618073633321,0.398222803477388,NA,NA,NA,NA,NA,NA,NA,NA,NA,NA,NA,NA,NA,NA,NA,NA,NA,NA,NA,NA,NA,NA,NA,NA,NA,NA,NA,NA,NA,NA,NA,NA,2023,1998-09-28,NA,NA,NA,NA
"Gunnar Helm","TEN","TE","17105","weighted",NA,NA,NA,NA,NA,NA,0,0,0,0,0.479707083509365,0.288387840012328,NA,NA,NA,NA,22.6186311787072,3.66321780604296,225.450781580059,47.3797867874772,1.38977608787495,0.562419436730785,NA,NA,NA,NA,NA,NA,NA,NA,NA,NA,NA,NA,NA,NA,NA,NA,NA,NA,NA,NA,NA,NA,NA,NA,NA,NA,NA,NA,NA,NA,NA,NA,2025,2002-09-06,NA,NA,NA,NA
"Jelani Woods","NYJ","TE","15840","weighted",NA,NA,NA,NA,NA,NA,0,NA,NA,NA,0,NA,NA,NA,NA,NA,22,NA,261,NA,1,NA,NA,NA,NA,NA,NA,NA,NA,NA,NA,NA,NA,NA,NA,NA,NA,NA,NA,NA,NA,NA,NA,NA,NA,NA,NA,NA,NA,NA,NA,NA,NA,NA,2022,1998-10-09,NA,NA,NA,NA
"Tommy Tremble","CAR","TE","15332","weighted",NA,NA,NA,NA,NA,NA,0,0,0,0,0.738378579397546,0.107141698379036,NA,NA,NA,NA,20.9644403123838,5.04078421626622,203.287712904425,47.6423162489576,2.04559315730755,0.839935292229797,NA,NA,NA,NA,NA,NA,NA,NA,NA,NA,NA,NA,NA,NA,NA,NA,NA,NA,NA,NA,NA,NA,NA,NA,NA,NA,NA,NA,NA,NA,NA,NA,2021,2000-06-02,NA,NA,NA,NA
"Charlie Kolar","BAL","TE","15795","weighted",NA,NA,NA,NA,NA,NA,1.00151171579743,1.40559846983172,0,0,0.0411438649533888,0.0420584409780248,NA,NA,NA,NA,9.55685563114135,6.57595231330042,136.697944066516,101.334882889894,1.03823129251701,0.834281726411856,NA,NA,NA,NA,NA,NA,NA,NA,NA,NA,NA,NA,NA,NA,NA,NA,NA,NA,NA,NA,NA,NA,NA,NA,NA,NA,NA,NA,NA,NA,NA,NA,2022,1999-02-10,NA,NA,NA,NA
"Colby Parkinson","LAR","TE","14871","weighted",NA,NA,NA,NA,NA,NA,0,0,0,0,0,0,NA,NA,NA,NA,15.9701436130008,10.9705777968787,152.151927437642,107.067659860218,0.92962962962963,0.692453069312317,NA,NA,NA,NA,NA,NA,NA,NA,NA,NA,NA,NA,NA,NA,NA,NA,NA,NA,NA,NA,NA,NA,NA,NA,NA,NA,NA,NA,NA,NA,NA,NA,2020,1999-01-07,NA,NA,NA,NA
"Greg Dulcich","FA","TE","15797","weighted",NA,NA,NA,NA,NA,NA,0,NA,NA,NA,0,NA,NA,NA,NA,NA,22,NA,248,NA,2,NA,NA,NA,NA,NA,NA,NA,NA,NA,NA,NA,NA,NA,NA,NA,NA,NA,NA,NA,NA,NA,NA,NA,NA,NA,NA,NA,NA,NA,NA,NA,NA,NA,2022,2000-03-26,NA,NA,NA,NA
"Luke Musgrave","GB","TE","16215","weighted",NA,NA,NA,NA,NA,NA,0.333557800224467,0.287306357289548,0,0,0,0,NA,NA,NA,NA,19.2432525252525,4.90794338311068,179.522087542088,52.1664040748328,1.14298492244268,0.649791908122798,NA,NA,NA,NA,NA,NA,NA,NA,NA,NA,NA,NA,NA,NA,NA,NA,NA,NA,NA,NA,NA,NA,NA,NA,NA,NA,NA,NA,NA,NA,NA,NA,2023,2000-09-02,NA,NA,NA,NA
"Taysom Hill","NO","TE","13424","weighted",NA,NA,NA,NA,NA,NA,190.851890756303,73.8916812570762,2.26440806501629,1.13504788168199,0.353501400560224,0.417613349922433,NA,NA,NA,NA,15.8557773109244,11.9084720140422,149.28781512605,116.800032516376,1.14368834490318,1.22656973721647,NA,NA,NA,NA,NA,NA,NA,NA,NA,NA,NA,NA,NA,NA,NA,NA,NA,NA,NA,NA,NA,NA,NA,NA,NA,NA,NA,NA,NA,NA,NA,NA,2017,1990-08-23,NA,"Knee - ACL",2025,0
"Oronde Gadsden","LAC","TE","17099","weighted",NA,NA,NA,NA,NA,NA,0,0,0,0,0.0220824949698189,0.0172671295331641,NA,NA,NA,NA,13.2061770623742,6.74183667555895,143.313983903421,77.1188979963064,0.98227495762405,0.629995756421633,NA,NA,NA,NA,NA,NA,NA,NA,NA,NA,NA,NA,NA,NA,NA,NA,NA,NA,NA,NA,NA,NA,NA,NA,NA,NA,NA,NA,NA,NA,NA,NA,2025,2003-06-25,"O","Coach's Decision",2025,0
"Josh Whyle","FA","TE","16312","weighted",NA,NA,NA,NA,NA,NA,0,NA,NA,NA,0,NA,NA,NA,NA,NA,26,NA,239,NA,1,NA,NA,NA,NA,NA,NA,NA,NA,NA,NA,NA,NA,NA,NA,NA,NA,NA,NA,NA,NA,NA,NA,NA,NA,NA,NA,NA,NA,NA,NA,NA,NA,NA,2023,1999-09-08,NA,NA,NA,NA
"Cade Stover","HOU","TE","16642","weighted",NA,NA,NA,NA,NA,NA,0,0,0,0,0,0,NA,NA,NA,NA,17.2882424242424,3.80453303639963,160.585489177489,41.5186202348677,1.07164502164502,0.448857400215246,NA,NA,NA,NA,NA,NA,NA,NA,NA,NA,NA,NA,NA,NA,NA,NA,NA,NA,NA,NA,NA,NA,NA,NA,NA,NA,NA,NA,NA,NA,NA,NA,2024,2000-06-12,NA,NA,NA,NA
"Elijah Higgins","ARI","TE","16333","weighted",NA,NA,NA,NA,NA,NA,0,0,0,0,0,0,NA,NA,NA,NA,14.704025974026,5.76361033404519,144.138164502164,60.6391415388624,1.1434632034632,0.567579134661386,NA,NA,NA,NA,NA,NA,NA,NA,NA,NA,NA,NA,NA,NA,NA,NA,NA,NA,NA,NA,NA,NA,NA,NA,NA,NA,NA,NA,NA,NA,NA,NA,2023,2000-10-27,NA,NA,NA,NA
"Brock Wright","DET","TE","15626","weighted",NA,NA,NA,NA,NA,NA,0,0,0,0,0,0,NA,NA,NA,NA,14.6340891912321,10.7782203135826,129.136054421769,96.6505679362345,1.69909297052154,1.24659363980074,NA,NA,NA,NA,NA,NA,NA,NA,NA,NA,NA,NA,NA,NA,NA,NA,NA,NA,NA,NA,NA,NA,NA,NA,NA,NA,NA,NA,NA,NA,NA,NA,2021,1998-11-27,NA,NA,NA,NA
"Darnell Washington","PIT","TE","16216","weighted",NA,NA,NA,NA,NA,NA,0,0,0,0,0,0,NA,NA,NA,NA,15.7875060532688,5.87836329116984,157.831113801453,60.538850383127,0.833414043583535,0.247567665383493,NA,NA,NA,NA,NA,NA,NA,NA,NA,NA,NA,NA,NA,NA,NA,NA,NA,NA,NA,NA,NA,NA,NA,NA,NA,NA,NA,NA,NA,NA,NA,NA,2023,2001-08-17,NA,NA,NA,NA
"Hunter Long","JAC","TE","15334","weighted",NA,NA,NA,NA,NA,NA,0,0,0,0,0.349916079221215,0.40881224574792,NA,NA,NA,NA,13.9797381671702,9.43475891342091,135.731963746224,87.3088687915252,0.459919436052367,0.511897700542825,NA,NA,NA,NA,NA,NA,NA,NA,NA,NA,NA,NA,NA,NA,NA,NA,NA,NA,NA,NA,NA,NA,NA,NA,NA,NA,NA,NA,NA,NA,NA,NA,2021,1998-08-19,NA,NA,NA,NA
"Payne Durham","TB","TE","16218","weighted",NA,NA,NA,NA,NA,NA,0,0,0,0,0,0,NA,NA,NA,NA,15.578261526833,3.24568090779011,174.34612244898,37.7602272007528,2.05916855631141,1.22382062736056,NA,NA,NA,NA,NA,NA,NA,NA,NA,NA,NA,NA,NA,NA,NA,NA,NA,NA,NA,NA,NA,NA,NA,NA,NA,NA,NA,NA,NA,NA,NA,NA,2023,2000-06-15,NA,NA,NA,NA
"Ben Sinnott","WAS","TE","16644","weighted",NA,NA,NA,NA,NA,NA,0,0,0,0,0,0,NA,NA,NA,NA,16.6577835497835,6.19708648826422,164.667904761905,53.1754970772748,1.19948051948052,0.691088883888306,NA,NA,NA,NA,NA,NA,NA,NA,NA,NA,NA,NA,NA,NA,NA,NA,NA,NA,NA,NA,NA,NA,NA,NA,NA,NA,NA,NA,NA,NA,NA,NA,2024,2002-06-14,NA,NA,NA,NA
"Blake Whiteheart","CLE","TE","16940","weighted",NA,NA,NA,NA,NA,NA,0.502517623363545,0.495156882056708,0,0,0,0,NA,NA,NA,NA,12.1289425981873,7.48049060505287,131.08501510574,69.2273666652456,0.673937562940584,0.578503843023746,NA,NA,NA,NA,NA,NA,NA,NA,NA,NA,NA,NA,NA,NA,NA,NA,NA,NA,NA,NA,NA,NA,NA,NA,NA,NA,NA,NA,NA,NA,NA,NA,2023,2000-03-22,NA,NA,NA,NA
"Tanner Hudson","CIN","TE","14370","weighted",NA,NA,NA,NA,NA,NA,0,0,0,0,0.566785714285714,0.227936184653143,NA,NA,NA,NA,17.9431111111111,9.6537055955465,158.100920634921,80.7061579655686,0.694154077907812,0.453170950754817,NA,NA,NA,NA,NA,NA,NA,NA,NA,NA,NA,NA,NA,NA,NA,NA,NA,NA,NA,NA,NA,NA,NA,NA,NA,NA,NA,NA,NA,NA,NA,NA,2018,1994-11-12,NA,NA,NA,NA
"Mitchell Evans","CAR","TE","17109","weighted",NA,NA,NA,NA,NA,NA,0,0,0,0,0,0,NA,NA,NA,NA,10.135964035964,7.33378994524104,108.823176823177,96.5740822240165,0.673326673326673,0.574472060389462,NA,NA,NA,NA,NA,NA,NA,NA,NA,NA,NA,NA,NA,NA,NA,NA,NA,NA,NA,NA,NA,NA,NA,NA,NA,NA,NA,NA,NA,NA,NA,NA,2025,2003-05-18,NA,NA,NA,NA
"Brevin Jordan","HOU","TE","15330","weighted",NA,NA,NA,NA,NA,NA,0,0,0,0,0,0,NA,NA,NA,NA,15.1767123287671,8.2731493398826,149.767123287671,82.731493398826,0.601826484018265,0.565685424949238,NA,NA,NA,NA,NA,NA,NA,NA,NA,NA,NA,NA,NA,NA,NA,NA,NA,NA,NA,NA,NA,NA,NA,NA,NA,NA,NA,NA,NA,NA,NA,NA,2021,2000-07-16,"IR","Knee",2025,0
"Jeremy Ruckert","NYJ","TE","15796","weighted",NA,NA,NA,NA,NA,NA,0,0,0,0,0,0,NA,NA,NA,NA,16.7920747097426,7.05617272285327,136.259091367996,55.795249480645,0.354073700151439,0.546156838935455,NA,NA,NA,NA,NA,NA,NA,NA,NA,NA,NA,NA,NA,NA,NA,NA,NA,NA,NA,NA,NA,NA,NA,NA,NA,NA,NA,NA,NA,NA,NA,NA,2022,2000-08-11,NA,NA,NA,NA
"Lucas Krull","DEN","TE","15970","weighted",NA,NA,NA,NA,NA,NA,0,0,0,0,0,0,NA,NA,NA,NA,15.0608169440242,8.39294523448052,128.080181543116,73.6718637926652,0.444856278366112,0.486643363754038,NA,NA,NA,NA,NA,NA,NA,NA,NA,NA,NA,NA,NA,NA,NA,NA,NA,NA,NA,NA,NA,NA,NA,NA,NA,NA,NA,NA,NA,NA,NA,NA,2022,1998-07-11,NA,NA,NA,NA
"Connor Heyward","PIT","TE","15800","weighted",NA,NA,NA,NA,NA,NA,1.34441924918115,1.87838703971482,0,0,0,0,NA,NA,NA,NA,12.9472713529856,7.41375020641754,101.052562358277,67.42368604627,0.928798185941043,0.799153341467146,NA,NA,NA,NA,NA,NA,NA,NA,NA,NA,NA,NA,NA,NA,NA,NA,NA,NA,NA,NA,NA,NA,NA,NA,NA,NA,NA,NA,NA,NA,NA,NA,2022,1999-01-22,NA,NA,NA,NA
"Kylen Granson","PHI","TE","15419","weighted",NA,NA,NA,NA,NA,NA,0,0,0,0,0,0,NA,NA,NA,NA,11.7023084780388,5.21367758863137,127.58228804903,61.8523726237235,0.46535240040858,0.505808180559585,NA,NA,NA,NA,NA,NA,NA,NA,NA,NA,NA,NA,NA,NA,NA,NA,NA,NA,NA,NA,NA,NA,NA,NA,NA,NA,NA,NA,NA,NA,NA,NA,2021,1998-03-27,NA,NA,NA,NA
"Adam Trautman","DEN","TE","14870","weighted",NA,NA,NA,NA,NA,NA,0,0,0,0,0,0,NA,NA,NA,NA,13.6822597402597,2.48887490297096,146.723705627706,27.1830612881553,1.38281385281385,0.457147124791916,NA,NA,NA,NA,NA,NA,NA,NA,NA,NA,NA,NA,NA,NA,NA,NA,NA,NA,NA,NA,NA,NA,NA,NA,NA,NA,NA,NA,NA,NA,NA,NA,2020,1997-02-05,NA,NA,NA,NA
"Julian Hill","MIA","TE","16425","weighted",NA,NA,NA,NA,NA,NA,0,0,0,0,0.520808080808081,0.288648000722904,NA,NA,NA,NA,18.2887575757576,4.38604994249889,163.010393939394,20.8927496034677,0.94969696969697,0.293052498974829,NA,NA,NA,NA,NA,NA,NA,NA,NA,NA,NA,NA,NA,NA,NA,NA,NA,NA,NA,NA,NA,NA,NA,NA,NA,NA,NA,NA,NA,NA,NA,NA,2023,2000-07-09,NA,NA,NA,NA
"Mo Alie-Cox","IND","TE","13246","weighted",NA,NA,NA,NA,NA,NA,0,0,0,0,0,0,NA,NA,NA,NA,10.593544433095,6.13453087004765,122.343391215526,76.316573361226,1.13746680286006,0.906117541981895,NA,NA,NA,NA,NA,NA,NA,NA,NA,NA,NA,NA,NA,NA,NA,NA,NA,NA,NA,NA,NA,NA,NA,NA,NA,NA,NA,NA,NA,NA,NA,NA,2016,1993-09-19,NA,NA,NA,NA
"Johnny Mundt","JAC","TE","13940","weighted",NA,NA,NA,NA,NA,NA,0,0,0,0,0,0,NA,NA,NA,NA,11.55329004329,6.47423040624363,96.852380952381,55.3819237930543,0.917229437229437,0.425521420495938,NA,NA,NA,NA,NA,NA,NA,NA,NA,NA,NA,NA,NA,NA,NA,NA,NA,NA,NA,NA,NA,NA,NA,NA,NA,NA,NA,NA,NA,NA,NA,NA,2017,1994-11-23,NA,NA,NA,NA
"Charlie Woerner","ATL","TE","14984","weighted",NA,NA,NA,NA,NA,NA,0,0,0,0,0,0,NA,NA,NA,NA,12.2798639455782,3.2488156632242,107.46015117158,34.1802401401302,0.522872260015117,0.600622353892703,NA,NA,NA,NA,NA,NA,NA,NA,NA,NA,NA,NA,NA,NA,NA,NA,NA,NA,NA,NA,NA,NA,NA,NA,NA,NA,NA,NA,NA,NA,NA,NA,2020,1997-10-16,NA,NA,NA,NA
"Drew Sample","CIN","TE","14146","weighted",NA,NA,NA,NA,NA,NA,-0.867976820357773,1.21818534052082,0,0,0,0,NA,NA,NA,NA,16.7155253212396,6.46380319813775,118.101224489796,35.2690851626781,0.853212396069539,0.190743682739904,NA,NA,NA,NA,NA,NA,NA,NA,NA,NA,NA,NA,NA,NA,NA,NA,NA,NA,NA,NA,NA,NA,NA,NA,NA,NA,NA,NA,NA,NA,NA,NA,2019,1996-04-16,NA,NA,NA,NA
"Luke Farrell","SF","TE","15335","weighted",NA,NA,NA,NA,NA,NA,0,0,0,0,0,0,NA,NA,NA,NA,11.1919274376417,5.51049832471564,100.234693877551,46.9155016023352,0.352879818594104,0.45764033246622,NA,NA,NA,NA,NA,NA,NA,NA,NA,NA,NA,NA,NA,NA,NA,NA,NA,NA,NA,NA,NA,NA,NA,NA,NA,NA,NA,NA,NA,NA,NA,NA,2021,1997-10-14,NA,NA,NA,NA
"Donald Parham","PIT","TE","14341","weighted",NA,NA,NA,NA,NA,NA,0,0,0,0,0,0,NA,NA,NA,NA,10.1630136986301,4.03050865276332,123.114155251142,35.3553390593274,0.502283105022831,0.707106781186548,NA,NA,NA,NA,NA,NA,NA,NA,NA,NA,NA,NA,NA,NA,NA,NA,NA,NA,NA,NA,NA,NA,NA,NA,NA,NA,NA,NA,NA,NA,NA,NA,2019,NA,"IR","Achilles",2025,0
"Will Mallory","IND","TE","16220","weighted",NA,NA,NA,NA,NA,NA,0,0,0,0,0,0,NA,NA,NA,NA,9.72117913832199,5.45549100124278,99.7689795918367,57.1457228683012,0.375540438397581,0.444662253671595,NA,NA,NA,NA,NA,NA,NA,NA,NA,NA,NA,NA,NA,NA,NA,NA,NA,NA,NA,NA,NA,NA,NA,NA,NA,NA,NA,NA,NA,NA,NA,NA,2023,1999-06-22,NA,NA,NA,NA
"Devin Culp","TB","TE","16796","weighted",NA,NA,NA,NA,NA,NA,0,0,0,0,0,0,NA,NA,NA,NA,9.13572289156627,3.48941362761338,106.363895582329,50.1592124639598,0.471465863453815,0.508437287201916,NA,NA,NA,NA,NA,NA,NA,NA,NA,NA,NA,NA,NA,NA,NA,NA,NA,NA,NA,NA,NA,NA,NA,NA,NA,NA,NA,NA,NA,NA,NA,NA,2024,2000-02-02,NA,NA,NA,NA
"John Bates","WAS","TE","15344","weighted",NA,NA,NA,NA,NA,NA,0,0,0,0,0.231297324583544,0.197119403977719,NA,NA,NA,NA,8.15931347804139,4.96122261949149,78.4376577486118,45.7073974533842,0.332155477031802,0.515961148029664,NA,NA,NA,NA,NA,NA,NA,NA,NA,NA,NA,NA,NA,NA,NA,NA,NA,NA,NA,NA,NA,NA,NA,NA,NA,NA,NA,NA,NA,NA,NA,NA,2021,1997-11-06,NA,NA,NA,NA
"Harrison Bryant","HOU","TE","14875","weighted",NA,NA,NA,NA,NA,NA,0,NA,NA,NA,0,NA,NA,NA,NA,NA,16,NA,134,NA,2,NA,NA,NA,NA,NA,NA,NA,NA,NA,NA,NA,NA,NA,NA,NA,NA,NA,NA,NA,NA,NA,NA,NA,NA,NA,NA,NA,NA,NA,NA,NA,NA,NA,2020,1998-04-23,NA,NA,NA,NA
"Durham Smythe","CHI","TE","13676","weighted",NA,NA,NA,NA,NA,NA,0,0,0,0,0,0,NA,NA,NA,NA,8.65635676492819,4.71173005361458,74.4929705215419,44.4649606184419,0.301390778533636,0.484765774178567,NA,NA,NA,NA,NA,NA,NA,NA,NA,NA,NA,NA,NA,NA,NA,NA,NA,NA,NA,NA,NA,NA,NA,NA,NA,NA,NA,NA,NA,NA,NA,NA,2018,1995-08-09,NA,NA,NA,NA
"Teagan Quitoriano","ATL","TE","15905","weighted",NA,NA,NA,NA,NA,NA,0,0,0,0,0,0,NA,NA,NA,NA,4.53514602215509,5.86766527543176,52.9214501510574,68.9703966058949,0.346424974823766,0.582888968445826,NA,NA,NA,NA,NA,NA,NA,NA,NA,NA,NA,NA,NA,NA,NA,NA,NA,NA,NA,NA,NA,NA,NA,NA,NA,NA,NA,NA,NA,NA,NA,NA,2022,2000-03-15,NA,NA,NA,NA
"James Mitchell","CAR","TE","15909","weighted",NA,NA,NA,NA,NA,NA,0,0,0,0,0,0,NA,NA,NA,NA,7.90092024539877,5.86898628384835,84.0039570552147,64.4244988339063,0.0839570552147239,0.120208152801713,NA,NA,NA,NA,NA,NA,NA,NA,NA,NA,NA,NA,NA,NA,NA,NA,NA,NA,NA,NA,NA,NA,NA,NA,NA,NA,NA,NA,NA,NA,NA,NA,2022,1999-08-11,NA,NA,NA,NA
"Ian Thomas","LVR","TE","13678","weighted",NA,NA,NA,NA,NA,NA,0,0,0,0,0,0,NA,NA,NA,NA,8.68967498110355,5.75458265969168,74.273529856387,52.2192883088169,0.609236583522298,0.488847155102752,NA,NA,NA,NA,NA,NA,NA,NA,NA,NA,NA,NA,NA,NA,NA,NA,NA,NA,NA,NA,NA,NA,NA,NA,NA,NA,NA,NA,NA,NA,NA,NA,2018,1996-06-06,NA,NA,NA,NA
"Cam Grandy","CIN","TE","16979","weighted",NA,NA,NA,NA,NA,NA,0,0,0,0,0,0,NA,NA,NA,NA,9.43591591591592,6.67508801440101,82.447027027027,56.3846947318153,0.680900900900901,0.466690475583121,NA,NA,NA,NA,NA,NA,NA,NA,NA,NA,NA,NA,NA,NA,NA,NA,NA,NA,NA,NA,NA,NA,NA,NA,NA,NA,NA,NA,NA,NA,NA,NA,2024,1999-11-19,NA,NA,NA,NA
"Nate Adkins","DEN","TE","16474","weighted",NA,NA,NA,NA,NA,NA,0,0,0,0,0,0,NA,NA,NA,NA,8.44126984126984,6.1770142412996,69.1625094482237,50.5270065161216,1.11549508692366,0.840409716754344,NA,NA,NA,NA,NA,NA,NA,NA,NA,NA,NA,NA,NA,NA,NA,NA,NA,NA,NA,NA,NA,NA,NA,NA,NA,NA,NA,NA,NA,NA,NA,NA,2023,1999-07-09,"O","Ankle",2025,0
"Brevyn Spann-Ford","DAL","TE","16647","weighted",NA,NA,NA,NA,NA,NA,0,0,0,0,0,0,NA,NA,NA,NA,9.08509685230024,4.07808287525004,89.8076755447942,40.5412080674994,0.440520581113801,0.523195299971068,NA,NA,NA,NA,NA,NA,NA,NA,NA,NA,NA,NA,NA,NA,NA,NA,NA,NA,NA,NA,NA,NA,NA,NA,NA,NA,NA,NA,NA,NA,NA,NA,2024,1999-12-27,NA,NA,NA,NA
"Jared Wiley","KC","TE","16648","weighted",NA,NA,NA,NA,NA,NA,0,0,0,0,0,0,NA,NA,NA,NA,4.88157099697885,6.44133028018439,43.0805639476334,61.8017331230618,0.346424974823766,0.582888968445826,NA,NA,NA,NA,NA,NA,NA,NA,NA,NA,NA,NA,NA,NA,NA,NA,NA,NA,NA,NA,NA,NA,NA,NA,NA,NA,NA,NA,NA,NA,NA,NA,2024,2000-11-02,"O","Coach's Decision",2025,0
"Jackson Hawes","BUF","TE","17213","weighted",NA,NA,NA,NA,NA,NA,NA,NA,NA,NA,0,NA,NA,NA,NA,NA,10,NA,112,NA,1,NA,NA,NA,NA,NA,NA,NA,NA,NA,NA,NA,NA,NA,NA,NA,NA,NA,NA,NA,NA,NA,NA,NA,NA,NA,NA,NA,NA,NA,NA,NA,NA,NA,2025,2000-12-06,NA,NA,NA,NA
"Tanner Conner","MIA","TE","15991","weighted",NA,NA,NA,NA,NA,NA,0,0,0,0,0,0,NA,NA,NA,NA,9.95514157973174,5.86898628384834,73.4754098360656,54.4472221513642,0.512667660208644,0.707106781186547,NA,NA,NA,NA,NA,NA,NA,NA,NA,NA,NA,NA,NA,NA,NA,NA,NA,NA,NA,NA,NA,NA,NA,NA,NA,NA,NA,NA,NA,NA,NA,NA,2022,1998-03-20,NA,NA,NA,NA
"Travis Vokolek","ARI","TE","16447","weighted",NA,NA,NA,NA,NA,NA,NA,NA,NA,NA,0,NA,NA,NA,NA,NA,11,NA,111,NA,1,NA,NA,NA,NA,NA,NA,NA,NA,NA,NA,NA,NA,NA,NA,NA,NA,NA,NA,NA,NA,NA,NA,NA,NA,NA,NA,NA,NA,NA,NA,NA,NA,NA,2023,1998-06-04,NA,NA,NA,NA
"Nick Vannett","FA","TE","12680","weighted",NA,NA,NA,NA,NA,NA,0,NA,NA,NA,0,NA,NA,NA,NA,NA,13,NA,110,NA,2,NA,NA,NA,NA,NA,NA,NA,NA,NA,NA,NA,NA,NA,NA,NA,NA,NA,NA,NA,NA,NA,NA,NA,NA,NA,NA,NA,NA,NA,NA,NA,NA,NA,2016,NA,NA,NA,NA,NA
"Thomas Fidone","NYG","TE","17243","weighted",NA,NA,NA,NA,NA,NA,NA,NA,NA,NA,0,NA,NA,NA,NA,NA,11,NA,104,NA,1,NA,NA,NA,NA,NA,NA,NA,NA,NA,NA,NA,NA,NA,NA,NA,NA,NA,NA,NA,NA,NA,NA,NA,NA,NA,NA,NA,NA,NA,NA,NA,NA,NA,2025,2002-09-20,NA,NA,NA,NA
"Gavin Bartholomew","MIN","TE","17231","weighted",NA,NA,NA,NA,NA,NA,0,0,0,0,0,0,NA,NA,NA,NA,6.36840536512667,3.81837661840736,66.3740685543964,48.7903679018718,0.512667660208644,0.707106781186547,NA,NA,NA,NA,NA,NA,NA,NA,NA,NA,NA,NA,NA,NA,NA,NA,NA,NA,NA,NA,NA,NA,NA,NA,NA,NA,NA,NA,NA,NA,NA,NA,2025,2003-04-30,NA,"Back",2025,0
"Moliki Matavao","NO","TE","17259","weighted",NA,NA,NA,NA,NA,NA,0,0,NA,NA,0,0,NA,NA,NA,NA,10,2.51269004968138e-15,97.5103857566766,0.707106781186548,1,0,NA,NA,NA,NA,NA,NA,NA,NA,NA,NA,NA,NA,NA,NA,NA,NA,NA,NA,NA,NA,NA,NA,NA,NA,NA,NA,NA,NA,NA,NA,NA,NA,2025,2003-03-17,NA,NA,NA,NA
"Ben Sims","GB","TE","16483","weighted",NA,NA,NA,NA,NA,NA,0,0,0,0,0,0,NA,NA,NA,NA,5.07784491440081,5.01568409366143,45.1460221550856,50.0537921567187,0.840382678751259,0.756246749578911,NA,NA,NA,NA,NA,NA,NA,NA,NA,NA,NA,NA,NA,NA,NA,NA,NA,NA,NA,NA,NA,NA,NA,NA,NA,NA,NA,NA,NA,NA,NA,NA,2023,2000-05-16,NA,NA,NA,NA
"Irv Smith Jr.","HOU","TE","14141","weighted",NA,NA,NA,NA,NA,NA,0,0,0,0,0,0,NA,NA,NA,NA,9.46901840490798,2.1920310216783,83.7174233128834,20.449528111915,0.261748466257669,0.37476659402887,NA,NA,NA,NA,NA,NA,NA,NA,NA,NA,NA,NA,NA,NA,NA,NA,NA,NA,NA,NA,NA,NA,NA,NA,NA,NA,NA,NA,NA,NA,NA,NA,2019,1970-01-01,"IR","Ankle",2025,0
"Robert Tonyan","FA","TE","13427","weighted",NA,NA,NA,NA,NA,NA,0,NA,NA,NA,0,NA,NA,NA,NA,NA,9,NA,96,NA,0,NA,NA,NA,NA,NA,NA,NA,NA,NA,NA,NA,NA,NA,NA,NA,NA,NA,NA,NA,NA,NA,NA,NA,NA,NA,NA,NA,NA,NA,NA,NA,NA,NA,2017,1994-04-30,NA,NA,NA,NA
"Tip Reiman","ARI","TE","16706","weighted",NA,NA,NA,NA,NA,NA,0,0,0,0,0,0,NA,NA,NA,NA,7.8281973816717,6.6703665875586,54.3152064451158,48.501946580494,0.346424974823766,0.582888968445826,NA,NA,NA,NA,NA,NA,NA,NA,NA,NA,NA,NA,NA,NA,NA,NA,NA,NA,NA,NA,NA,NA,NA,NA,NA,NA,NA,NA,NA,NA,NA,NA,2024,2001-09-17,NA,NA,NA,NA
"Eric Saubert","SEA","TE","13315","weighted",NA,NA,NA,NA,NA,NA,0,0,0,0,0,0,NA,NA,NA,NA,8.97135951661632,2.7043906424965,71.5317421953676,22.6697351795168,0.561450151057402,0.411762348847207,NA,NA,NA,NA,NA,NA,NA,NA,NA,NA,NA,NA,NA,NA,NA,NA,NA,NA,NA,NA,NA,NA,NA,NA,NA,NA,NA,NA,NA,NA,NA,NA,2017,1994-05-09,NA,NA,NA,NA
"Jake Briningstool","KC","TE","17268","weighted",NA,NA,NA,NA,NA,NA,NA,NA,NA,NA,0,NA,NA,NA,NA,NA,10,NA,94,NA,1,NA,NA,NA,NA,NA,NA,NA,NA,NA,NA,NA,NA,NA,NA,NA,NA,NA,NA,NA,NA,NA,NA,NA,NA,NA,NA,NA,NA,NA,NA,NA,NA,NA,2025,2002-12-09,NA,"Hamstring",2025,0
"Chris Manhertz","NYG","TE","12955","weighted",NA,NA,NA,NA,NA,NA,0,0,0,0,0,0,NA,NA,NA,NA,3.77643504531722,4.76271472266055,38.0080563947633,43.8423920091867,0.445216515609265,0.516599483770717,NA,NA,NA,NA,NA,NA,NA,NA,NA,NA,NA,NA,NA,NA,NA,NA,NA,NA,NA,NA,NA,NA,NA,NA,NA,NA,NA,NA,NA,NA,NA,NA,NA,1992-04-10,NA,NA,NA,NA
"Feleipe Franks","ATL","TE","15244","weighted",NA,NA,NA,NA,NA,NA,0,0,0,0,0,0,NA,NA,NA,NA,2.42497482376636,4.08022277912078,26.6576032225579,44.0086574056445,0,0,NA,NA,NA,NA,NA,NA,NA,NA,NA,NA,NA,NA,NA,NA,NA,NA,NA,NA,NA,NA,NA,NA,NA,NA,NA,NA,NA,NA,NA,NA,NA,NA,2021,1997-12-22,NA,NA,NA,NA
"Davis Allen","LAR","TE","16219","weighted",NA,NA,NA,NA,NA,NA,0,0,0,0,0,0,NA,NA,NA,NA,8.11984591679507,0.0282842712474626,66.3551309707242,11.9076781951815,0.37442218798151,0.106066017177982,NA,NA,NA,NA,NA,NA,NA,NA,NA,NA,NA,NA,NA,NA,NA,NA,NA,NA,NA,NA,NA,NA,NA,NA,NA,NA,NA,NA,NA,NA,NA,NA,2023,2001-02-03,NA,NA,NA,NA
"Jack Westover","NE","TE","16839","weighted",NA,NA,NA,NA,NA,NA,0,0,0,0,0,0,NA,NA,NA,NA,6.78360655737705,4.66690475583121,48.9687034277198,26.1629509039023,0,0,NA,NA,NA,NA,NA,NA,NA,NA,NA,NA,NA,NA,NA,NA,NA,NA,NA,NA,NA,NA,NA,NA,NA,NA,NA,NA,NA,NA,NA,NA,NA,NA,2024,1999-06-09,NA,NA,NA,NA
"Shane Zylstra","DET","TE","15604","weighted",NA,NA,NA,NA,NA,NA,0,0,0,0,NA,NA,NA,NA,NA,NA,4.04907975460123,5.65685424949238,31.3803680981595,43.8406204335659,0.506134969325153,0.707106781186548,NA,NA,NA,NA,NA,NA,NA,NA,NA,NA,NA,NA,NA,NA,NA,NA,NA,NA,NA,NA,NA,NA,NA,NA,NA,NA,NA,NA,NA,NA,NA,NA,2021,1996-11-16,NA,NA,NA,NA
"Kenny Yeboah","DET","TE","15339","weighted",NA,NA,NA,NA,NA,NA,0,0,0,0,0,0,NA,NA,NA,NA,1.31001540832049,1.83847763108502,13.6040061633282,19.0918830920368,0.0503852080123267,0.0707106781186548,NA,NA,NA,NA,NA,NA,NA,NA,NA,NA,NA,NA,NA,NA,NA,NA,NA,NA,NA,NA,NA,NA,NA,NA,NA,NA,NA,NA,NA,NA,NA,NA,2021,1970-01-01,"IR","Undisclosed",2025,0
"Erick All","CIN","TE","16645","weighted",NA,NA,NA,NA,NA,NA,0,0,0,0,0,0,NA,NA,NA,NA,4.94773497688752,0.502045814642449,47.5748844375963,9.15703281636579,0.168690292758089,0.240416305603426,NA,NA,NA,NA,NA,NA,NA,NA,NA,NA,NA,NA,NA,NA,NA,NA,NA,NA,NA,NA,NA,NA,NA,NA,NA,NA,NA,NA,NA,NA,NA,NA,2024,2000-09-13,NA,"Knee - ACL",2025,0
"David Martin-Robinson","TEN","TE","16831","weighted",NA,NA,NA,NA,NA,NA,0,0,0,0,0,0,NA,NA,NA,NA,3.37580893682589,4.73761543394987,24.1848998459168,33.9411254969543,0,0,NA,NA,NA,NA,NA,NA,NA,NA,NA,NA,NA,NA,NA,NA,NA,NA,NA,NA,NA,NA,NA,NA,NA,NA,NA,NA,NA,NA,NA,NA,NA,NA,2024,1999-12-26,NA,NA,NA,NA
"Tucker Fisk","LAC","TE","16557","weighted",NA,NA,NA,NA,NA,NA,0,NA,0,NA,0,NA,NA,NA,NA,NA,3.87,NA,38.66,NA,0.33,NA,NA,NA,NA,NA,NA,NA,NA,NA,NA,NA,NA,NA,NA,NA,NA,NA,NA,NA,NA,NA,NA,NA,NA,NA,NA,NA,NA,NA,NA,NA,NA,NA,2022,1999-01-19,"O","Coach's Decision",2025,0
"Ko Kieft","TB","TE","15929","weighted",NA,NA,NA,NA,NA,NA,0,NA,0,NA,0,NA,NA,NA,NA,NA,0,NA,0,NA,0,NA,NA,NA,NA,NA,NA,NA,NA,NA,NA,NA,NA,NA,NA,NA,NA,NA,NA,NA,NA,NA,NA,NA,NA,NA,NA,NA,NA,NA,NA,NA,NA,NA,2022,1998-01-20,NA,NA,NA,NA
"Jake Bates","DET","K","16846","weighted",NA,NA,NA,NA,NA,NA,NA,NA,NA,NA,NA,NA,NA,NA,NA,NA,NA,NA,NA,NA,NA,NA,0.107924415351908,0.0572873051825218,4.96186179896832,0.688013299839213,9.23452790754756,0.756753518023412,6.99844849696841,0.734224820122623,5.0479946091839,0.436044890609504,52.0101963746224,6.14217921119454,NA,NA,NA,NA,NA,NA,NA,NA,NA,NA,NA,NA,NA,NA,NA,NA,NA,NA,NA,NA,2023,1999-03-03,NA,NA,NA,NA
"Tyler Loop","BAL","K","17222","weighted",NA,NA,NA,NA,NA,NA,NA,NA,NA,NA,NA,NA,NA,NA,NA,NA,NA,NA,NA,NA,NA,NA,0.138295101424255,0.0751751316356827,5.88903724615627,1.14344313555188,8.51614581684622,0.782868548361423,7.62864015911077,0.753324736469525,4.19994875878345,0.636098492374523,47.2462235649547,3.56040468988173,NA,NA,NA,NA,NA,NA,NA,NA,NA,NA,NA,NA,NA,NA,NA,NA,NA,NA,NA,NA,2025,2001-08-04,NA,NA,NA,NA
"Tyler Bass","BUF","K","14983","weighted",NA,NA,NA,NA,NA,NA,NA,NA,NA,NA,NA,NA,NA,NA,NA,NA,NA,NA,NA,NA,NA,NA,0.082272044939577,0.0342433868989373,5.47283822201213,1.53212545985912,6.43518452374665,1.96136448629168,5.45218412234934,2.13911049899708,3.60929991591434,1.00522446317262,39.5210725075529,13.4477416797749,NA,NA,NA,NA,NA,NA,NA,NA,NA,NA,NA,NA,NA,NA,NA,NA,NA,NA,NA,NA,2020,1997-02-14,"IR","Hip",2025,0
"Evan McPherson","CIN","K","15368","weighted",NA,NA,NA,NA,NA,NA,NA,NA,NA,NA,NA,NA,NA,NA,NA,NA,NA,NA,NA,NA,NA,NA,0.109417061673091,0.0635818366114883,7.66132656382297,0.977315942330987,7.05999568871662,0.671493499026898,6.86214482029714,0.862488221628396,5.21813839573977,0.697160611029558,45.4108761329305,3.57478256482611,NA,NA,NA,NA,NA,NA,NA,NA,NA,NA,NA,NA,NA,NA,NA,NA,NA,NA,NA,NA,2021,1999-07-21,NA,NA,NA,NA
"Chase McLaughlin","TB","K","14717","weighted",NA,NA,NA,NA,NA,NA,NA,NA,NA,NA,NA,NA,NA,NA,NA,NA,NA,NA,NA,NA,NA,NA,0.118573969398694,0.0676903817580152,8.19538264798087,1.14132911704917,8.31496167673817,0.369492800323449,6.79876061657525,1.63111711487943,5.53309310901748,0.951848867740666,45.6400302114804,3.23098108512799,NA,NA,NA,NA,NA,NA,NA,NA,NA,NA,NA,NA,NA,NA,NA,NA,NA,NA,NA,NA,2019,1996-04-09,NA,NA,NA,NA
"Brandon Aubrey","DAL","K","16414","weighted",NA,NA,NA,NA,NA,NA,NA,NA,NA,NA,NA,NA,NA,NA,NA,NA,NA,NA,NA,NA,NA,NA,0.138934343979284,0.0791143731625089,6.30116995152656,1.16106670160244,8.68386633071728,0.847978271846449,8.63161312360483,1.68836338839172,7.67498590631034,2.14790107679969,40.2083459214501,4.36401003935062,NA,NA,NA,NA,NA,NA,NA,NA,NA,NA,NA,NA,NA,NA,NA,NA,NA,NA,NA,NA,2023,1995-03-14,NA,NA,NA,NA
"Matt Gay","WAS","K","14244","weighted",NA,NA,NA,NA,NA,NA,NA,NA,NA,NA,NA,NA,NA,NA,NA,NA,NA,NA,NA,NA,NA,NA,0.116695035168051,0.0681397321499737,7.89345662694416,0.6169200844935,9.57361705549961,0.933320522490825,7.65623291612718,0.730193325778879,4.20388604157675,0.958262186959541,42.8729607250755,5.50067675352756,NA,NA,NA,NA,NA,NA,NA,NA,NA,NA,NA,NA,NA,NA,NA,NA,NA,NA,NA,NA,2019,1994-03-15,NA,NA,NA,NA
"Jake Elliott","PHI","K","13303","weighted",NA,NA,NA,NA,NA,NA,NA,NA,NA,NA,NA,NA,NA,NA,NA,NA,NA,NA,NA,NA,NA,NA,0.112433821231378,0.0615367394104933,7.74636707304022,0.405981458988111,8.98573923493899,0.519198970425699,7.41576859333476,0.654523963435598,4.27613331590296,0.821613173695227,45.5098942598187,2.70949420095929,NA,NA,NA,NA,NA,NA,NA,NA,NA,NA,NA,NA,NA,NA,NA,NA,NA,NA,NA,NA,2017,1995-01-21,NA,NA,NA,NA
"Brandon McManus","GB","K","11947","weighted",NA,NA,NA,NA,NA,NA,NA,NA,NA,NA,NA,NA,NA,NA,NA,NA,NA,NA,NA,NA,NA,NA,0.113326435045317,0.0651499190519367,6.87007190921694,0.552525892633545,9.70888011518653,1.18046181653817,6.84533388229603,0.817226361901251,4.38330293378623,0.773711979513587,41.2716012084592,4.93163123732234,NA,NA,NA,NA,NA,NA,NA,NA,NA,NA,NA,NA,NA,NA,NA,NA,NA,NA,NA,NA,2014,1991-07-25,NA,NA,NA,NA
"Harrison Butker","KC","K","13354","weighted",NA,NA,NA,NA,NA,NA,NA,NA,NA,NA,NA,NA,NA,NA,NA,NA,NA,NA,NA,NA,NA,NA,0.647626302498129,0.160242815437398,7.97660215544799,1.21118095447888,9.28501899718067,1.03914408495951,6.60756689138222,0.81587103158457,4.51420729666374,0.792198869554173,43.1423716012085,3.9415601936277,NA,NA,NA,NA,NA,NA,NA,NA,NA,NA,NA,NA,NA,NA,NA,NA,NA,NA,NA,NA,2017,1995-07-14,NA,NA,NA,NA
"Younghoe Koo","ATL","K","13403","weighted",NA,NA,NA,NA,NA,NA,NA,NA,NA,NA,NA,NA,NA,NA,NA,NA,NA,NA,NA,NA,NA,NA,0.115875201409869,0.0646914964522539,7.55321139062547,0.948261041081609,8.06084345368072,0.655372616825679,7.7427208826389,0.593057691386551,5.43522326222875,0.716298890860688,36.1963746223565,6.48298050374286,NA,NA,NA,NA,NA,NA,NA,NA,NA,NA,NA,NA,NA,NA,NA,NA,NA,NA,NA,NA,2017,1994-08-03,NA,NA,NA,NA
"Will Reichard","MIN","K","16681","weighted",NA,NA,NA,NA,NA,NA,NA,NA,NA,NA,NA,NA,NA,NA,NA,NA,NA,NA,NA,NA,NA,NA,0.227657709867952,0.0206573631784951,6.29886088251791,0.52276944987719,8.42875652170868,0.518359875822454,6.83409988703326,0.865332899599646,5.49439154358084,0.673600525312386,38.7941842900302,4.69623174055105,NA,NA,NA,NA,NA,NA,NA,NA,NA,NA,NA,NA,NA,NA,NA,NA,NA,NA,NA,NA,2024,2001-01-09,NA,NA,NA,NA
"Wil Lutz","DEN","K","12956","weighted",NA,NA,NA,NA,NA,NA,NA,NA,NA,NA,NA,NA,NA,NA,NA,NA,NA,NA,NA,NA,NA,NA,0.109483390429435,0.0574007016601218,6.20284282003642,0.472703019469336,9.98630979794099,0.957714772672089,7.69729931164493,0.672469485401386,4.8560299035028,0.664562228559906,39.338746223565,3.22610766498259,NA,NA,NA,NA,NA,NA,NA,NA,NA,NA,NA,NA,NA,NA,NA,NA,NA,NA,NA,NA,2016,1994-07-07,NA,NA,NA,NA
"Jake Moody","SF","K","16286","weighted",NA,NA,NA,NA,NA,NA,NA,NA,NA,NA,NA,NA,NA,NA,NA,NA,NA,NA,NA,NA,NA,NA,0.109433106747231,0.0660223388036908,7.28957218670354,1.33674241872943,7.70462095690016,0.799796668635975,6.80805302091607,0.828180373595875,4.03184129823018,0.595258300878445,41.6684290030211,2.63225641138468,NA,NA,NA,NA,NA,NA,NA,NA,NA,NA,NA,NA,NA,NA,NA,NA,NA,NA,NA,NA,2023,1999-11-23,NA,NA,NA,NA
"Spencer Shrader","IND","K","16896","weighted",NA,NA,NA,NA,NA,NA,NA,NA,NA,NA,NA,NA,NA,NA,NA,NA,NA,NA,NA,NA,NA,NA,0.134623395015106,0.08365727216304,7.14279065475343,1.41224952041327,9.43961604274721,0.902765616509323,7.14402562396431,1.57203175197166,3.60999247777352,1.55780653892718,34.1075906344411,5.29673531283948,NA,NA,NA,NA,NA,NA,NA,NA,NA,NA,NA,NA,NA,NA,NA,NA,NA,NA,NA,NA,2024,1999-05-19,NA,NA,NA,NA
"Jason Sanders","MIA","K","13832","weighted",NA,NA,NA,NA,NA,NA,NA,NA,NA,NA,NA,NA,NA,NA,NA,NA,NA,NA,NA,NA,NA,NA,0.102383406064675,0.0614757233821007,5.55635971407697,0.966966557855419,8.22956010702367,1.60015164096748,6.6040965823806,1.90020592862751,4.50331164377263,1.37480251624543,31.4584592145015,4.73518793482834,NA,NA,NA,NA,NA,NA,NA,NA,NA,NA,NA,NA,NA,NA,NA,NA,NA,NA,NA,NA,2018,1995-11-16,NA,"Hip",2025,0
"Joshua Karty","LAR","K","16775","weighted",NA,NA,NA,NA,NA,NA,NA,NA,NA,NA,NA,NA,NA,NA,NA,NA,NA,NA,NA,NA,NA,NA,0.105547563605002,0.0657460759578718,7.95164029069246,0.862859724094247,9.14162421705741,0.986795262310936,6.62368709598398,1.08955017695044,4.48659518855262,0.671378405852137,36.1418714963346,4.16284586663038,NA,NA,NA,NA,NA,NA,NA,NA,NA,NA,NA,NA,NA,NA,NA,NA,NA,NA,NA,NA,2024,2002-03-07,NA,NA,NA,NA
"Chad Ryland","ARI","K","16292","weighted",NA,NA,NA,NA,NA,NA,NA,NA,NA,NA,NA,NA,NA,NA,NA,NA,NA,NA,NA,NA,NA,NA,0.111372478315954,0.0669094786132084,6.11732671060102,0.343345775908831,9.47384975561604,1.08505162697028,7.03839830494621,0.68329217647104,4.53619460031302,0.405742813058245,33.9340634441088,5.20399251490078,NA,NA,NA,NA,NA,NA,NA,NA,NA,NA,NA,NA,NA,NA,NA,NA,NA,NA,NA,NA,2023,1999-10-15,NA,NA,NA,NA
"Cameron Dicker","LAC","K","15979","weighted",NA,NA,NA,NA,NA,NA,NA,NA,NA,NA,NA,NA,NA,NA,NA,NA,NA,NA,NA,NA,NA,NA,0.675221903850228,0.159377695739317,6.330557058932,0.480183781633757,9.65284096879072,0.774321140771871,8.53075360658077,0.748564653187458,5.15209264720719,1.31823891032734,37.6805135951662,4.08367465528324,NA,NA,NA,NA,NA,NA,NA,NA,NA,NA,NA,NA,NA,NA,NA,NA,NA,NA,NA,NA,2022,2000-05-06,NA,NA,NA,NA
"Cairo Santos","CHI","K","11945","weighted",NA,NA,NA,NA,NA,NA,NA,NA,NA,NA,NA,NA,NA,NA,NA,NA,NA,NA,NA,NA,NA,NA,0.122525522406848,0.0592264583866543,6.64218779612267,0.411977164579002,7.74801831886198,0.435031023016604,7.5058902616823,0.926290010999744,4.79249890065542,1.15019279446966,36.1148036253776,4.39865243098372,NA,NA,NA,NA,NA,NA,NA,NA,NA,NA,NA,NA,NA,NA,NA,NA,NA,NA,NA,NA,2014,1991-11-12,NA,NA,NA,NA
"Jason Myers","SEA","K","12437","weighted",NA,NA,NA,NA,NA,NA,NA,NA,NA,NA,NA,NA,NA,NA,NA,NA,NA,NA,NA,NA,NA,NA,0.118896118986753,0.059525840972456,6.44737233003026,0.566617997597832,7.80957746230696,0.489649439876058,7.81673349017445,0.402340816431525,5.14951822802297,0.889453072721229,34.6268882175227,3.53690671805257,NA,NA,NA,NA,NA,NA,NA,NA,NA,NA,NA,NA,NA,NA,NA,NA,NA,NA,NA,NA,NA,1991-05-12,NA,NA,NA,NA
"Blake Grupe","NO","K","16444","weighted",NA,NA,NA,NA,NA,NA,NA,NA,NA,NA,NA,NA,NA,NA,NA,NA,NA,NA,NA,NA,NA,NA,0.109895567046247,0.0568554858434347,5.79404633038557,0.605881124438229,8.48225556289438,0.709979521316265,6.96609057023226,0.45314763786457,4.94249530174564,0.448669278650693,30.8138217522659,4.00018560713859,NA,NA,NA,NA,NA,NA,NA,NA,NA,NA,NA,NA,NA,NA,NA,NA,NA,NA,NA,NA,2023,1998-11-05,NA,NA,NA,NA
"Cam Little","JAC","K","16680","weighted",NA,NA,NA,NA,NA,NA,NA,NA,NA,NA,NA,NA,NA,NA,NA,NA,NA,NA,NA,NA,NA,NA,0.110152364629328,0.0555622333709192,7.55392149762547,0.554807146631959,7.36224157880538,0.697964748961416,7.8223644844449,0.582925143427934,5.28660521257713,1.05030232220101,33.4925604229607,4.68168574272366,NA,NA,NA,NA,NA,NA,NA,NA,NA,NA,NA,NA,NA,NA,NA,NA,NA,NA,NA,NA,2024,2003-08-17,NA,NA,NA,NA
"Daniel Carlson","LVR","K","13718","weighted",NA,NA,NA,NA,NA,NA,NA,NA,NA,NA,NA,NA,NA,NA,NA,NA,NA,NA,NA,NA,NA,NA,0.118015652672153,0.0615425476585673,8.55629286548884,0.707400910510927,8.31194396186353,0.624022139814918,7.20877688742589,0.462152746363498,5.32009936844253,0.955435284224878,32.4864048338369,4.58069858540612,NA,NA,NA,NA,NA,NA,NA,NA,NA,NA,NA,NA,NA,NA,NA,NA,NA,NA,NA,NA,2018,1995-01-23,NA,NA,NA,NA
"Greg Zuerlein","FA","K","10868","weighted",NA,NA,NA,NA,NA,NA,NA,NA,NA,NA,NA,NA,NA,NA,NA,NA,NA,NA,NA,NA,NA,NA,NA,NA,NA,NA,NA,NA,4.57317004345618,4.48647061166637,3.42987753259213,3.36485295874978,25.5777414075286,16.2634559672906,NA,NA,NA,NA,NA,NA,NA,NA,NA,NA,NA,NA,NA,NA,NA,NA,NA,NA,NA,NA,2012,1987-12-27,"Q","Knee",2025,0
"Dustin Hopkins","FA","K","11387","weighted",NA,NA,NA,NA,NA,NA,NA,NA,NA,NA,NA,NA,NA,NA,NA,NA,NA,NA,NA,NA,NA,NA,NA,NA,NA,NA,NA,NA,7.1400254591744,0.183323980307623,4.08001454809965,0.104756560175785,27.7381342062193,13.4350288425444,NA,NA,NA,NA,NA,NA,NA,NA,NA,NA,NA,NA,NA,NA,NA,NA,NA,NA,NA,NA,2013,1990-10-01,NA,NA,NA,NA
"Ryan Fitzgerald","CAR","K","17277","weighted",NA,NA,NA,NA,NA,NA,NA,NA,NA,NA,NA,NA,NA,NA,NA,NA,NA,NA,NA,NA,NA,NA,0.128276632302406,0.0769899834281233,6.6180396252177,1.03603453097526,7.78621373752641,1.65032785161058,6.56713377605867,1.13388371908602,3.3435046340112,1.36638800785756,32.4198330878743,5.10266359007241,NA,NA,NA,NA,NA,NA,NA,NA,NA,NA,NA,NA,NA,NA,NA,NA,NA,NA,NA,NA,2025,2000-08-13,NA,NA,NA,NA
"Kaimi Fairbairn","HOU","K","12860","weighted",NA,NA,NA,NA,NA,NA,NA,NA,NA,NA,NA,NA,NA,NA,NA,NA,NA,NA,NA,NA,NA,NA,0.128935763888889,0.0761713351391097,7.58071698807708,0.651129286501238,10.4017477086385,1.0298869526485,6.93309561819792,1.25912556050972,6.26809899060321,1.44099483409988,34.7304604985213,2.25891657139674,NA,NA,NA,NA,NA,NA,NA,NA,NA,NA,NA,NA,NA,NA,NA,NA,NA,NA,NA,NA,2016,1994-01-29,NA,NA,NA,NA
"Andres Borregales","NE","K","17220","weighted",NA,NA,NA,NA,NA,NA,NA,NA,NA,NA,NA,NA,NA,NA,NA,NA,NA,NA,NA,NA,NA,NA,0.128744177995972,0.0657013932829206,6.16790532122292,0.845045305542709,8.66927068001653,0.894545725965228,6.59544550950313,1.31492085829298,3.76046591789786,0.902398439654338,33.1518126888217,4.00535225647443,NA,NA,NA,NA,NA,NA,NA,NA,NA,NA,NA,NA,NA,NA,NA,NA,NA,NA,NA,NA,2025,2003-01-02,NA,NA,NA,NA
"Chris Boswell","PIT","K","11936","weighted",NA,NA,NA,NA,NA,NA,NA,NA,NA,NA,NA,NA,NA,NA,NA,NA,NA,NA,NA,NA,NA,NA,0.132169989929507,0.0691534896097316,7.60568993922369,0.420249241765317,9.41191365876928,0.48435225012066,7.46054738432183,0.983669041007409,6.16368193583152,1.0050171486561,33.770166163142,3.57706773793239,NA,NA,NA,NA,NA,NA,NA,NA,NA,NA,NA,NA,NA,NA,NA,NA,NA,NA,NA,NA,2014,1991-03-16,NA,NA,NA,NA
"Nick Folk","NYJ","K","8851","weighted",NA,NA,NA,NA,NA,NA,NA,NA,NA,NA,NA,NA,NA,NA,NA,NA,NA,NA,NA,NA,NA,NA,0.102703986663394,0.0590036890831734,6.34048033449748,1.01511426338438,6.99043919836808,1.83178825040078,7.51349581149767,0.762299390315641,3.97356817311034,0.881113497772005,31.2525773195876,3.22264995318273,NA,NA,NA,NA,NA,NA,NA,NA,NA,NA,NA,NA,NA,NA,NA,NA,NA,NA,NA,NA,2007,1984-11-05,NA,NA,NA,NA
"Graham Gano","NYG","K","9694","weighted",NA,NA,NA,NA,NA,NA,NA,NA,NA,NA,NA,NA,NA,NA,NA,NA,NA,NA,NA,NA,NA,NA,0.10413971951387,0.0489479621950304,5.7074300151566,1.04871639470112,7.02211028546628,1.42710025162231,7.24936897508146,0.990016075192909,4.45418749306715,0.928342102308903,30.0759441087613,4.53433624023294,NA,NA,NA,NA,NA,NA,NA,NA,NA,NA,NA,NA,NA,NA,NA,NA,NA,NA,NA,NA,2009,1987-04-09,NA,NA,NA,NA
"Matthew Wright","FA","K","14426","weighted",NA,NA,NA,NA,NA,NA,NA,NA,NA,NA,NA,NA,NA,NA,NA,NA,NA,NA,NA,NA,NA,NA,NA,NA,NA,NA,NA,NA,8.82639700724807,0.227284322524247,1.96142155716624,0.0505076272276107,29.2193126022913,4.94974746830583,NA,NA,NA,NA,NA,NA,NA,NA,NA,NA,NA,NA,NA,NA,NA,NA,NA,NA,NA,NA,2019,NA,NA,NA,NA,NA
"Joey Slye","TEN","K","14600","weighted",NA,NA,NA,NA,NA,NA,NA,NA,NA,NA,NA,NA,NA,NA,NA,NA,NA,NA,NA,NA,NA,NA,0.102908693353474,0.0531399633744305,5.73061248436022,0.414833154881807,8.30904347532293,0.794935462250725,6.43810710628561,0.562135849636413,4.89033275823986,0.315695453075874,29.1057024169184,2.96222944845443,NA,NA,NA,NA,NA,NA,NA,NA,NA,NA,NA,NA,NA,NA,NA,NA,NA,NA,NA,NA,2019,1996-04-10,NA,NA,NA,NA
"Andre Szmyt","CLE","K","16419","weighted",NA,NA,NA,NA,NA,NA,NA,NA,NA,NA,NA,NA,NA,NA,NA,NA,NA,NA,NA,NA,NA,NA,0.118102210187354,0.0732278168484909,6.16091043846706,1.32369270316737,7.26885800923231,1.53666215783991,5.79429991133192,1.20631267620663,3.74684630724506,1.20164693891669,25.7591334894614,4.42830986537381,NA,NA,NA,NA,NA,NA,NA,NA,NA,NA,NA,NA,NA,NA,NA,NA,NA,NA,NA,NA,2023,1998-09-26,NA,NA,NA,NA
"Matt Prater","FA","K","8930","weighted",NA,NA,NA,NA,NA,NA,NA,NA,NA,NA,NA,NA,NA,NA,NA,NA,NA,NA,NA,NA,NA,NA,0.06,6.86283504226341e-18,1.33224368499257,0.459619407771256,2.46329866270431,0.742462120245875,2.23001485884101,0.318198051533946,1.14312035661218,0.197989898732233,10.555720653789,3.53553390593274,NA,NA,NA,NA,NA,NA,NA,NA,NA,NA,NA,NA,NA,NA,NA,NA,NA,NA,NA,NA,2006,1984-08-10,NA,NA,NA,NA
"Riley Patterson","MIA","K","15369","weighted",NA,NA,NA,NA,NA,NA,NA,NA,NA,NA,NA,NA,NA,NA,NA,NA,NA,NA,NA,NA,NA,NA,0.0611178707224335,0.00470798289448325,1.79362642585551,0.180358693993783,2.87943856939163,0.222473287994387,1.83239543726236,0.160632029167318,1.0228125,0.105114257272054,10.217680608365,2.51470934959578,NA,NA,NA,NA,NA,NA,NA,NA,NA,NA,NA,NA,NA,NA,NA,NA,NA,NA,NA,NA,2021,1999-09-07,NA,NA,NA,NA
"Cowboys","DAL","DST","0516","weighted",NA,NA,NA,NA,NA,NA,NA,NA,NA,NA,NA,NA,NA,NA,NA,NA,NA,NA,NA,NA,NA,NA,NA,NA,NA,NA,NA,NA,NA,NA,NA,NA,NA,NA,11.1403049460766,0.993958856471924,46.612383785794,8.29689687615824,0,0,2.88961058279764,1.43495192274418,NA,NA,NA,NA,NA,NA,NA,NA,NA,NA,NA,NA,NA,NA,NA,NA,NA,NA
"Panthers","CAR","DST","0527","weighted",NA,NA,NA,NA,NA,NA,NA,NA,NA,NA,NA,NA,NA,NA,NA,NA,NA,NA,NA,NA,NA,NA,NA,NA,NA,NA,NA,NA,NA,NA,NA,NA,NA,NA,11.6653923391595,1.69370916714996,35.456995165489,1.75326451877113,0,0,2.08775221803113,1.4171057052605,NA,NA,NA,NA,NA,NA,NA,NA,NA,NA,NA,NA,NA,NA,NA,NA,NA,NA
"Bengals","CIN","DST","0506","weighted",NA,NA,NA,NA,NA,NA,NA,NA,NA,NA,NA,NA,NA,NA,NA,NA,NA,NA,NA,NA,NA,NA,NA,NA,NA,NA,NA,NA,NA,NA,NA,NA,NA,NA,12.6959390107847,1.21667514628024,40.210200818148,1.67078636091767,0.292301970992934,0.278656296849915,2.77580831960899,1.02245318177587,NA,NA,NA,NA,NA,NA,NA,NA,NA,NA,NA,NA,NA,NA,NA,NA,NA,NA
"Commanders","WAS","DST","0520","weighted",NA,NA,NA,NA,NA,NA,NA,NA,NA,NA,NA,NA,NA,NA,NA,NA,NA,NA,NA,NA,NA,NA,NA,NA,NA,NA,NA,NA,NA,NA,NA,NA,NA,NA,11.963004834511,2.18380649227115,44.9979062848643,5.65097967124615,0.344118011652411,0.321222163739429,2.64316208893375,1.03878657715767,NA,NA,NA,NA,NA,NA,NA,NA,NA,NA,NA,NA,NA,NA,NA,NA,NA,NA
"Colts","IND","DST","0502","weighted",NA,NA,NA,NA,NA,NA,NA,NA,NA,NA,NA,NA,NA,NA,NA,NA,NA,NA,NA,NA,NA,NA,NA,NA,NA,NA,NA,NA,NA,NA,NA,NA,NA,NA,12.7813313499442,1.76721922860719,40.5678058757903,3.11322625791718,0.675220032230073,0.309618107611017,2.15390639111725,0.787330726155495,NA,NA,NA,NA,NA,NA,NA,NA,NA,NA,NA,NA,NA,NA,NA,NA,NA,NA
"Broncos","DEN","DST","0511","weighted",NA,NA,NA,NA,NA,NA,NA,NA,NA,NA,NA,NA,NA,NA,NA,NA,NA,NA,NA,NA,NA,NA,NA,NA,NA,NA,NA,NA,NA,NA,NA,NA,NA,NA,12.3620007437709,1.27255208528141,53.0979471922648,7.29833933605861,0.506879880996653,0.382784181482045,3.03853902140998,0.758325521797063,NA,NA,NA,NA,NA,NA,NA,NA,NA,NA,NA,NA,NA,NA,NA,NA,NA,NA
"Cardinals","ARI","DST","0519","weighted",NA,NA,NA,NA,NA,NA,NA,NA,NA,NA,NA,NA,NA,NA,NA,NA,NA,NA,NA,NA,NA,NA,NA,NA,NA,NA,NA,NA,NA,NA,NA,NA,NA,NA,11.70493120119,1.58441214817292,43.1193677947192,2.91494844634846,1.42221395810091,0.402503539894322,2.35115762630824,1.37924771432521,NA,NA,NA,NA,NA,NA,NA,NA,NA,NA,NA,NA,NA,NA,NA,NA,NA,NA
"Falcons","ATL","DST","0526","weighted",NA,NA,NA,NA,NA,NA,NA,NA,NA,NA,NA,NA,NA,NA,NA,NA,NA,NA,NA,NA,NA,NA,NA,NA,NA,NA,NA,NA,NA,NA,NA,NA,NA,NA,11.9657344737821,0.832839666711079,38.6505541093343,4.50557692316053,0.798809966530309,0.387428569398195,2.7765095893322,1.04249958610326,NA,NA,NA,NA,NA,NA,NA,NA,NA,NA,NA,NA,NA,NA,NA,NA,NA,NA
"Titans","TEN","DST","0508","weighted",NA,NA,NA,NA,NA,NA,NA,NA,NA,NA,NA,NA,NA,NA,NA,NA,NA,NA,NA,NA,NA,NA,NA,NA,NA,NA,NA,NA,NA,NA,NA,NA,NA,NA,11.3140498326515,1.34631644706121,38.1305652658981,4.66688905306498,1.05863394074625,0.587903283625367,2.14348191042873,1.43144060795432,NA,NA,NA,NA,NA,NA,NA,NA,NA,NA,NA,NA,NA,NA,NA,NA,NA,NA
"Giants","NYG","DST","0517","weighted",NA,NA,NA,NA,NA,NA,NA,NA,NA,NA,NA,NA,NA,NA,NA,NA,NA,NA,NA,NA,NA,NA,NA,NA,NA,NA,NA,NA,NA,NA,NA,NA,NA,NA,10.1273707698029,1.89021908325833,49.496374116772,11.4580749605473,0,0,2.60839611114063,1.02083412938178,NA,NA,NA,NA,NA,NA,NA,NA,NA,NA,NA,NA,NA,NA,NA,NA,NA,NA
"Jaguars","JAC","DST","0509","weighted",NA,NA,NA,NA,NA,NA,NA,NA,NA,NA,NA,NA,NA,NA,NA,NA,NA,NA,NA,NA,NA,NA,NA,NA,NA,NA,NA,NA,NA,NA,NA,NA,NA,NA,10.9708293045742,2.70491325676871,39.2844328746746,4.77830197407815,0.331102020577662,0.313609036794629,2.47003665728099,1.06035762480835,NA,NA,NA,NA,NA,NA,NA,NA,NA,NA,NA,NA,NA,NA,NA,NA,NA,NA
"Browns","CLE","DST","0507","weighted",NA,NA,NA,NA,NA,NA,NA,NA,NA,NA,NA,NA,NA,NA,NA,NA,NA,NA,NA,NA,NA,NA,NA,NA,NA,NA,NA,NA,NA,NA,NA,NA,NA,NA,10.3844031238379,2.09599678590418,45.3936333209371,4.94453768163583,0.324779967769927,0.309618107611017,2.7325123519099,1.54463628717347,NA,NA,NA,NA,NA,NA,NA,NA,NA,NA,NA,NA,NA,NA,NA,NA,NA,NA
"Raiders","LVR","DST","0513","weighted",NA,NA,NA,NA,NA,NA,NA,NA,NA,NA,NA,NA,NA,NA,NA,NA,NA,NA,NA,NA,NA,NA,NA,NA,NA,NA,NA,NA,NA,NA,NA,NA,NA,NA,11.3030717738936,0.465811613855375,42.6985050204537,4.15731150572253,0.344118011652411,0.321222163739429,2.71410508420549,1.51678554799755,NA,NA,NA,NA,NA,NA,NA,NA,NA,NA,NA,NA,NA,NA,NA,NA,NA,NA
"Patriots","NE","DST","0504","weighted",NA,NA,NA,NA,NA,NA,NA,NA,NA,NA,NA,NA,NA,NA,NA,NA,NA,NA,NA,NA,NA,NA,NA,NA,NA,NA,NA,NA,NA,NA,NA,NA,NA,NA,11.241561918929,1.66041233116074,36.6673112681294,4.24787387572192,0,0,2.24024331934336,0.676100536854295,NA,NA,NA,NA,NA,NA,NA,NA,NA,NA,NA,NA,NA,NA,NA,NA,NA,NA
"Lions","DET","DST","0522","weighted",NA,NA,NA,NA,NA,NA,NA,NA,NA,NA,NA,NA,NA,NA,NA,NA,NA,NA,NA,NA,NA,NA,NA,NA,NA,NA,NA,NA,NA,NA,NA,NA,NA,NA,13.1800148754184,1.34821331106457,42.7419970249163,4.82642429914493,0.244142804016363,0.326413749807399,2.54543696541465,0.81480785513799,NA,NA,NA,NA,NA,NA,NA,NA,NA,NA,NA,NA,NA,NA,NA,NA,NA,NA
"Rams","LAR","DST","0528","weighted",NA,NA,NA,NA,NA,NA,NA,NA,NA,NA,NA,NA,NA,NA,NA,NA,NA,NA,NA,NA,NA,NA,NA,NA,NA,NA,NA,NA,NA,NA,NA,NA,NA,NA,12.6361695797694,1.76714682377339,45.5135738192637,5.03395179042644,1.02615594396926,0.560783971779062,2.94611592201031,0.807226731287526,NA,NA,NA,NA,NA,NA,NA,NA,NA,NA,NA,NA,NA,NA,NA,NA,NA,NA
"Saints","NO","DST","0529","weighted",NA,NA,NA,NA,NA,NA,NA,NA,NA,NA,NA,NA,NA,NA,NA,NA,NA,NA,NA,NA,NA,NA,NA,NA,NA,NA,NA,NA,NA,NA,NA,NA,NA,NA,12.6843584975827,2.91785176909915,38.90771662328,2.94263755793985,0.324779967769927,0.309618107611017,2.22033044679382,1.46164180771629,NA,NA,NA,NA,NA,NA,NA,NA,NA,NA,NA,NA,NA,NA,NA,NA,NA,NA
"Dolphins","MIA","DST","0503","weighted",NA,NA,NA,NA,NA,NA,NA,NA,NA,NA,NA,NA,NA,NA,NA,NA,NA,NA,NA,NA,NA,NA,NA,NA,NA,NA,NA,NA,NA,NA,NA,NA,NA,NA,11.5387207140201,1.32804452511864,41.7533134994422,5.62630829478151,0.344118011652411,0.321222163739429,2.29434627848908,1.36341839373304,NA,NA,NA,NA,NA,NA,NA,NA,NA,NA,NA,NA,NA,NA,NA,NA,NA,NA
"Jets","NYJ","DST","0505","weighted",NA,NA,NA,NA,NA,NA,NA,NA,NA,NA,NA,NA,NA,NA,NA,NA,NA,NA,NA,NA,NA,NA,NA,NA,NA,NA,NA,NA,NA,NA,NA,NA,NA,NA,11.6975529936779,0.797392868035363,42.1162142060245,4.56313724806592,0.344118011652411,0.321222163739429,2.39708441799926,1.36466832599658,NA,NA,NA,NA,NA,NA,NA,NA,NA,NA,NA,NA,NA,NA,NA,NA,NA,NA
"Bears","CHI","DST","0521","weighted",NA,NA,NA,NA,NA,NA,NA,NA,NA,NA,NA,NA,NA,NA,NA,NA,NA,NA,NA,NA,NA,NA,NA,NA,NA,NA,NA,NA,NA,NA,NA,NA,NA,NA,12.1971513573819,1.76209137604454,40.4845890665675,4.33752424099002,0.344118011652411,0.321222163739429,2.6365616532965,1.04748289229291,NA,NA,NA,NA,NA,NA,NA,NA,NA,NA,NA,NA,NA,NA,NA,NA,NA,NA
"Vikings","MIN","DST","0524","weighted",NA,NA,NA,NA,NA,NA,NA,NA,NA,NA,NA,NA,NA,NA,NA,NA,NA,NA,NA,NA,NA,NA,NA,NA,NA,NA,NA,NA,NA,NA,NA,NA,NA,NA,13.8458609148382,3.05591688605039,47.2542357753812,5.57633662424338,0.244142804016363,0.326413749807399,2.51037135419434,0.627037935417047,NA,NA,NA,NA,NA,NA,NA,NA,NA,NA,NA,NA,NA,NA,NA,NA,NA,NA
"Eagles","PHI","DST","0518","weighted",NA,NA,NA,NA,NA,NA,NA,NA,NA,NA,NA,NA,NA,NA,NA,NA,NA,NA,NA,NA,NA,NA,NA,NA,NA,NA,NA,NA,NA,NA,NA,NA,NA,NA,14.1126589810338,2.65150108130817,46.161361100781,4.24097512847556,0.244142804016363,0.326413749807399,3.16080752271158,0.655166661601053,NA,NA,NA,NA,NA,NA,NA,NA,NA,NA,NA,NA,NA,NA,NA,NA,NA,NA
"Seahawks","SEA","DST","0515","weighted",NA,NA,NA,NA,NA,NA,NA,NA,NA,NA,NA,NA,NA,NA,NA,NA,NA,NA,NA,NA,NA,NA,NA,NA,NA,NA,NA,NA,NA,NA,NA,NA,NA,NA,12.7606173298624,1.29207533454701,44.7262476757159,2.99623889472519,0.409074005206396,0.294752317656881,2.4736301333475,0.727062792515454,NA,NA,NA,NA,NA,NA,NA,NA,NA,NA,NA,NA,NA,NA,NA,NA,NA,NA
"Chiefs","KC","DST","0512","weighted",NA,NA,NA,NA,NA,NA,NA,NA,NA,NA,NA,NA,NA,NA,NA,NA,NA,NA,NA,NA,NA,NA,NA,NA,NA,NA,NA,NA,NA,NA,NA,NA,NA,NA,12.1027817032354,1.2281591244265,45.2502937895128,3.12790031452302,0.506879880996653,0.382784181482045,2.41830951495511,1.37704456092462,NA,NA,NA,NA,NA,NA,NA,NA,NA,NA,NA,NA,NA,NA,NA,NA,NA,NA
"Packers","GB","DST","0523","weighted",NA,NA,NA,NA,NA,NA,NA,NA,NA,NA,NA,NA,NA,NA,NA,NA,NA,NA,NA,NA,NA,NA,NA,NA,NA,NA,NA,NA,NA,NA,NA,NA,NA,NA,12.3848865749349,0.705309459020786,48.605991074749,5.70594700663128,0.344118011652411,0.321222163739429,2.58465600595017,1.33231501970781,NA,NA,NA,NA,NA,NA,NA,NA,NA,NA,NA,NA,NA,NA,NA,NA,NA,NA
"Steelers","PIT","DST","0510","weighted",NA,NA,NA,NA,NA,NA,NA,NA,NA,NA,NA,NA,NA,NA,NA,NA,NA,NA,NA,NA,NA,NA,NA,NA,NA,NA,NA,NA,NA,NA,NA,NA,NA,NA,13.1037337300112,1.19383370238717,44.3988657493492,1.7540673348641,0.244142804016363,0.326413749807399,2.44896668968815,0.874013496649307,NA,NA,NA,NA,NA,NA,NA,NA,NA,NA,NA,NA,NA,NA,NA,NA,NA,NA
"Chargers","LAC","DST","0514","weighted",NA,NA,NA,NA,NA,NA,NA,NA,NA,NA,NA,NA,NA,NA,NA,NA,NA,NA,NA,NA,NA,NA,NA,NA,NA,NA,NA,NA,NA,NA,NA,NA,NA,NA,12.1608107103012,0.65870888060946,44.8990888806248,5.02084648016663,0,0,2.42138978908782,1.21949198845129,NA,NA,NA,NA,NA,NA,NA,NA,NA,NA,NA,NA,NA,NA,NA,NA,NA,NA
"49ers","SF","DST","0530","weighted",NA,NA,NA,NA,NA,NA,NA,NA,NA,NA,NA,NA,NA,NA,NA,NA,NA,NA,NA,NA,NA,NA,NA,NA,NA,NA,NA,NA,NA,NA,NA,NA,NA,NA,12.7874451468948,1.92212109434778,42.9730568984753,2.98126948644086,0.675220032230073,0.309618107611017,2.74223343781544,0.912072857734917,NA,NA,NA,NA,NA,NA,NA,NA,NA,NA,NA,NA,NA,NA,NA,NA,NA,NA
"Buccaneers","TB","DST","0525","weighted",NA,NA,NA,NA,NA,NA,NA,NA,NA,NA,NA,NA,NA,NA,NA,NA,NA,NA,NA,NA,NA,NA,NA,NA,NA,NA,NA,NA,NA,NA,NA,NA,NA,NA,10.7857047229453,3.14677974496972,44.5180773521755,2.82753314844045,0.701375976199331,0.329260222148236,2.29119162726452,0.727748909392546,NA,NA,NA,NA,NA,NA,NA,NA,NA,NA,NA,NA,NA,NA,NA,NA,NA,NA
"Texans","HOU","DST","0532","weighted",NA,NA,NA,NA,NA,NA,NA,NA,NA,NA,NA,NA,NA,NA,NA,NA,NA,NA,NA,NA,NA,NA,NA,NA,NA,NA,NA,NA,NA,NA,NA,NA,NA,NA,15.5181033841577,2.4136855814447,45.3405727036073,6.08530183981325,1.01801785050205,0.560770441543135,2.98916219518674,0.555854849021331,NA,NA,NA,NA,NA,NA,NA,NA,NA,NA,NA,NA,NA,NA,NA,NA,NA,NA
"Bills","BUF","DST","0501","weighted",NA,NA,NA,NA,NA,NA,NA,NA,NA,NA,NA,NA,NA,NA,NA,NA,NA,NA,NA,NA,NA,NA,NA,NA,NA,NA,NA,NA,NA,NA,NA,NA,NA,NA,13.3285979918185,1.64874024687077,44.387433990331,5.5485044950683,0.871978430643362,0.413499148867253,2.66179992562291,0.686196751934708,NA,NA,NA,NA,NA,NA,NA,NA,NA,NA,NA,NA,NA,NA,NA,NA,NA,NA
"Ravens","BAL","DST","0531","weighted",NA,NA,NA,NA,NA,NA,NA,NA,NA,NA,NA,NA,NA,NA,NA,NA,NA,NA,NA,NA,NA,NA,NA,NA,NA,NA,NA,NA,NA,NA,NA,NA,NA,NA,13.4296690219412,0.847541098307366,52.7877314986984,6.24704741123894,0.493863889921904,0.382798638513123,2.5516995165489,0.728149351566098,NA,NA,NA,NA,NA,NA,NA,NA,NA,NA,NA,NA,NA,NA,NA,NA,NA,NA
"DeForest Buckner","IND","DL","12688","weighted",NA,NA,NA,NA,NA,NA,NA,NA,NA,NA,NA,NA,NA,NA,NA,NA,NA,NA,NA,NA,NA,NA,NA,NA,NA,NA,NA,NA,NA,NA,NA,NA,NA,NA,NA,NA,NA,NA,NA,NA,NA,NA,NA,NA,49.7991304347826,25.5460332272485,7,1.08911651575019e-15,0,0,2.85753623188406,0.151632576927075,0,0,2016,1994-03-17,NA,NA,NA,NA
"Jeffery Simmons","TEN","DL","14163","weighted",NA,NA,NA,NA,NA,NA,NA,NA,NA,NA,NA,NA,NA,NA,NA,NA,NA,NA,NA,NA,NA,NA,NA,NA,NA,NA,NA,NA,NA,NA,NA,NA,NA,NA,NA,NA,NA,NA,NA,NA,NA,NA,NA,NA,50.4028019323671,22.3697722868284,6,0,0,0,3.6675845410628,0.353809346163176,0,0,2019,1997-07-28,NA,NA,NA,NA
"Andrew Van Ginkel","MIN","DL","14249","weighted",NA,NA,NA,NA,NA,NA,NA,NA,NA,NA,NA,NA,NA,NA,NA,NA,NA,NA,NA,NA,NA,NA,NA,NA,NA,NA,NA,NA,NA,NA,NA,NA,NA,NA,NA,NA,NA,NA,NA,NA,NA,NA,NA,NA,53.8857004830918,17.6745423048938,7,1.08911651575019e-15,0.524154589371981,0.506230706963667,3.32966183574879,1.4152373846527,0.5,0,2019,1995-07-01,NA,NA,NA,NA
"Derrick Brown","CAR","DL","14897","weighted",NA,NA,NA,NA,NA,NA,NA,NA,NA,NA,NA,NA,NA,NA,NA,NA,NA,NA,NA,NA,NA,NA,NA,NA,NA,NA,NA,NA,NA,NA,NA,NA,NA,NA,NA,NA,NA,NA,NA,NA,NA,NA,NA,NA,50.047922705314,21.1290344892608,4,0,0.0631884057971014,0.11401297501064,4.14521739130435,0.909795461562453,0,0,2020,1998-04-15,NA,NA,NA,NA
"Cameron Heyward","PIT","DL","10266","weighted",NA,NA,NA,NA,NA,NA,NA,NA,NA,NA,NA,NA,NA,NA,NA,NA,NA,NA,NA,NA,NA,NA,NA,NA,NA,NA,NA,NA,NA,NA,NA,NA,NA,NA,NA,NA,NA,NA,NA,NA,NA,NA,NA,NA,42.5924637681159,24.6464357448582,5,1.08911651575019e-15,0,0,7.7095652173913,1.81959092312491,0,0,2011,1989-05-06,NA,NA,NA,NA
"Maxx Crosby","LVR","DL","14225","weighted",NA,NA,NA,NA,NA,NA,NA,NA,NA,NA,NA,NA,NA,NA,NA,NA,NA,NA,NA,NA,NA,NA,NA,NA,NA,NA,NA,NA,NA,NA,NA,NA,NA,NA,NA,NA,NA,NA,NA,NA,NA,NA,NA,NA,56.143961352657,12.7995889920383,11,0,0,0,4.6648309178744,0.707618692326353,0,0,2019,1997-08-22,NA,NA,NA,NA
"Zach Sieler","MIA","DL","13839","weighted",NA,NA,NA,NA,NA,NA,NA,NA,NA,NA,NA,NA,NA,NA,NA,NA,NA,NA,NA,NA,NA,NA,NA,NA,NA,NA,NA,NA,NA,NA,NA,NA,NA,NA,NA,NA,NA,NA,NA,NA,NA,NA,NA,NA,40.3974879227053,23.8617204322716,7,1.08911651575019e-15,0.221159420289855,0.39904541253724,1.76256038647343,0.252720961545126,0,0,2018,1995-09-07,NA,NA,NA,NA
"Anfernee Jennings","NE","DL","14894","weighted",NA,NA,NA,NA,NA,NA,NA,NA,NA,NA,NA,NA,NA,NA,NA,NA,NA,NA,NA,NA,NA,NA,NA,NA,NA,NA,NA,NA,NA,NA,NA,NA,NA,NA,NA,NA,NA,NA,NA,NA,NA,NA,NA,NA,54.6878531073446,16.2634559672906,4,0,0,0,1,0,NA,NA,2020,1997-05-01,NA,NA,NA,NA
"Leonard Williams","SEA","DL","12225","weighted",NA,NA,NA,NA,NA,NA,NA,NA,NA,NA,NA,NA,NA,NA,NA,NA,NA,NA,NA,NA,NA,NA,NA,NA,NA,NA,NA,NA,NA,NA,NA,NA,NA,NA,NA,NA,NA,NA,NA,NA,NA,NA,NA,NA,45.9671497584541,17.5131141234039,7,1.08911651575019e-15,0.0315942028985507,0.05700648750532,2.61734299516908,0.657074500017327,0.1,1.70174455585967e-17,2015,1994-06-20,NA,NA,NA,NA
"Brian Burns","NYG","DL","14171","weighted",NA,NA,NA,NA,NA,NA,NA,NA,NA,NA,NA,NA,NA,NA,NA,NA,NA,NA,NA,NA,NA,NA,NA,NA,NA,NA,NA,NA,NA,NA,NA,NA,NA,NA,NA,NA,NA,NA,NA,NA,NA,NA,NA,NA,45.3633816425121,16.4599289613475,8,0,0,0,4.80729468599034,0.859251269253428,0,0,2019,1998-04-23,NA,NA,NA,NA
"Zach Allen","DEN","DL","14153","weighted",NA,NA,NA,NA,NA,NA,NA,NA,NA,NA,NA,NA,NA,NA,NA,NA,NA,NA,NA,NA,NA,NA,NA,NA,NA,NA,NA,NA,NA,NA,NA,NA,NA,NA,NA,NA,NA,NA,NA,NA,NA,NA,NA,NA,42.3893719806763,19.0345143540684,8,0,0.0631884057971014,0.11401297501064,1.62009661835749,0.404353538472201,0,0,2019,1997-08-20,NA,NA,NA,NA
"Grover Stewart","IND","DL","13298","weighted",NA,NA,NA,NA,NA,NA,NA,NA,NA,NA,NA,NA,NA,NA,NA,NA,NA,NA,NA,NA,NA,NA,NA,NA,NA,NA,NA,NA,NA,NA,NA,NA,NA,NA,NA,NA,NA,NA,NA,NA,NA,NA,NA,NA,39.3190338164251,21.5087827722611,2,0,0,0,2.04748792270531,0.0505441923090252,0,0,2017,1993-10-20,NA,NA,NA,NA
"Kobie Turner","LAR","DL","16282","weighted",NA,NA,NA,NA,NA,NA,NA,NA,NA,NA,NA,NA,NA,NA,NA,NA,NA,NA,NA,NA,NA,NA,NA,NA,NA,NA,NA,NA,NA,NA,NA,NA,NA,NA,NA,NA,NA,NA,NA,NA,NA,NA,NA,NA,43.09961352657,17.7306277069464,6,0,0,0,2.47763285024155,0.555986115399277,0,0,2023,1999-04-26,NA,NA,NA,NA
"Nick Bosa","SF","DL","14147","weighted",NA,NA,NA,NA,NA,NA,NA,NA,NA,NA,NA,NA,NA,NA,NA,NA,NA,NA,NA,NA,NA,NA,NA,NA,NA,NA,NA,NA,NA,NA,NA,NA,NA,NA,NA,NA,NA,NA,NA,NA,NA,NA,NA,NA,43.6347826086956,16.280981566643,11,0,0.49256038647343,0.511677908595762,1.95251207729469,0.0505441923090252,0,0,2019,1997-10-23,NA,NA,NA,NA
"Harold Landry","NE","DL","13700","weighted",NA,NA,NA,NA,NA,NA,NA,NA,NA,NA,NA,NA,NA,NA,NA,NA,NA,NA,NA,NA,NA,NA,NA,NA,NA,NA,NA,NA,NA,NA,NA,NA,NA,NA,NA,NA,NA,NA,NA,NA,NA,NA,NA,NA,47.0842512077295,13.4463094232772,7,1.08911651575019e-15,0,0,1.76256038647343,0.252720961545126,0,0,2018,1996-06-05,NA,NA,NA,NA
"Dexter Lawrence","NYG","DL","14159","weighted",NA,NA,NA,NA,NA,NA,NA,NA,NA,NA,NA,NA,NA,NA,NA,NA,NA,NA,NA,NA,NA,NA,NA,NA,NA,NA,NA,NA,NA,NA,NA,NA,NA,NA,NA,NA,NA,NA,NA,NA,NA,NA,NA,NA,38.4605797101449,21.5498559490789,6,0,0,0,1.3351690821256,0.707618692326353,0,0,2019,1997-11-12,NA,NA,NA,NA
"B.J. Hill","CIN","DL","13742","weighted",NA,NA,NA,NA,NA,NA,NA,NA,NA,NA,NA,NA,NA,NA,NA,NA,NA,NA,NA,NA,NA,NA,NA,NA,NA,NA,NA,NA,NA,NA,NA,NA,NA,NA,NA,NA,NA,NA,NA,NA,NA,NA,NA,NA,36.6369082125604,22.0794795213818,3,0,0.252753623188406,0.45605190004256,3.37990338164251,0.404353538472201,0,0,2018,1995-04-20,NA,NA,NA,NA
"Jared Verse","LAR","DL","16653","weighted",NA,NA,NA,NA,NA,NA,NA,NA,NA,NA,NA,NA,NA,NA,NA,NA,NA,NA,NA,NA,NA,NA,NA,NA,NA,NA,NA,NA,NA,NA,NA,NA,NA,NA,NA,NA,NA,NA,NA,NA,NA,NA,NA,NA,43.0957487922705,15.934404269548,8,0,0,0,1.47763285024155,0.555986115399277,0,0,2024,2000-11-04,NA,NA,NA,NA
"Adam Butler","LVR","DL","13448","weighted",NA,NA,NA,NA,NA,NA,NA,NA,NA,NA,NA,NA,NA,NA,NA,NA,NA,NA,NA,NA,NA,NA,NA,NA,NA,NA,NA,NA,NA,NA,NA,NA,NA,NA,NA,NA,NA,NA,NA,NA,NA,NA,NA,NA,39.4453140096618,18.9158908404347,5,1.08911651575019e-15,0,0,1.09772946859903,0.960339653871478,0,0,NA,1994-04-12,NA,NA,NA,NA
"AShawn Robinson","CAR","DL","12697","weighted",NA,NA,NA,NA,NA,NA,NA,NA,NA,NA,NA,NA,NA,NA,NA,NA,NA,NA,NA,NA,NA,NA,NA,NA,NA,NA,NA,NA,NA,NA,NA,NA,NA,NA,NA,NA,NA,NA,NA,NA,NA,NA,NA,NA,41.7889855072464,16.9231665605906,2,0,0,0,1.14246376811594,0.151632576927076,0,0,2016,1995-03-21,NA,NA,NA,NA
"T.J. Watt","PIT","DL","13214","weighted",NA,NA,NA,NA,NA,NA,NA,NA,NA,NA,NA,NA,NA,NA,NA,NA,NA,NA,NA,NA,NA,NA,NA,NA,NA,NA,NA,NA,NA,NA,NA,NA,NA,NA,NA,NA,NA,NA,NA,NA,NA,NA,NA,NA,46.1104347826087,11.9085958646343,10,2.17823303150038e-15,0.49256038647343,0.511677908595762,4.52512077294686,0.505441923090252,0,0,2017,1994-10-11,NA,NA,NA,NA
"Jonathan Greenard","MIN","DL","14882","weighted",NA,NA,NA,NA,NA,NA,NA,NA,NA,NA,NA,NA,NA,NA,NA,NA,NA,NA,NA,NA,NA,NA,NA,NA,NA,NA,NA,NA,NA,NA,NA,NA,NA,NA,NA,NA,NA,NA,NA,NA,NA,NA,NA,NA,46.8888888888889,11.3857053221222,9,0,0.0947826086956522,0.17101946251596,2.75980676328502,0.808707076944403,0.3,6.80697822343867e-17,2020,1997-05-25,NA,NA,NA,NA
"Gregory Rousseau","BUF","DL","15346","weighted",NA,NA,NA,NA,NA,NA,NA,NA,NA,NA,NA,NA,NA,NA,NA,NA,NA,NA,NA,NA,NA,NA,NA,NA,NA,NA,NA,NA,NA,NA,NA,NA,NA,NA,NA,NA,NA,NA,NA,NA,NA,NA,NA,NA,42.2761352657005,15.458989271336,9,0,0,0,2.76256038647343,0.252720961545126,0,0,2021,2000-04-05,NA,NA,NA,NA
"Alex Highsmith","PIT","DL","14940","weighted",NA,NA,NA,NA,NA,NA,NA,NA,NA,NA,NA,NA,NA,NA,NA,NA,NA,NA,NA,NA,NA,NA,NA,NA,NA,NA,NA,NA,NA,NA,NA,NA,NA,NA,NA,NA,NA,NA,NA,NA,NA,NA,NA,NA,41.8928502415459,15.3917306621062,9,0,0.587342995169082,0.514469104451476,2.75980676328502,0.808707076944403,0,0,2020,1997-08-07,NA,NA,NA,NA
"Aidan Hutchinson","DET","DL","15805","weighted",NA,NA,NA,NA,NA,NA,NA,NA,NA,NA,NA,NA,NA,NA,NA,NA,NA,NA,NA,NA,NA,NA,NA,NA,NA,NA,NA,NA,NA,NA,NA,NA,NA,NA,NA,NA,NA,NA,NA,NA,NA,NA,NA,NA,44.9913043478261,11.7373425252532,16,0,0.732367149758454,1.1815042757211,4.52512077294686,0.505441923090252,0,0,2022,2000-08-09,NA,NA,NA,NA
"Aidan Hutchinson","DET","DL","15805","weighted",NA,NA,NA,NA,NA,NA,NA,NA,NA,NA,NA,NA,NA,NA,NA,NA,NA,NA,NA,NA,NA,NA,NA,NA,NA,NA,NA,NA,NA,NA,NA,NA,NA,NA,NA,NA,NA,NA,NA,NA,NA,NA,NA,NA,44.9913043478261,11.7373425252532,16,0,0.732367149758454,1.1815042757211,4.52512077294686,0.505441923090252,0,0,2022,2002-02-13,NA,NA,NA,NA
"Jaelan Phillips","MIA","DL","15349","weighted",NA,NA,NA,NA,NA,NA,NA,NA,NA,NA,NA,NA,NA,NA,NA,NA,NA,NA,NA,NA,NA,NA,NA,NA,NA,NA,NA,NA,NA,NA,NA,NA,NA,NA,NA,NA,NA,NA,NA,NA,NA,NA,NA,NA,41.5304347826087,14.7017856538142,7,1.08911651575019e-15,0.189565217391304,0.34203892503192,3.23468599033816,1.31414900003465,0.3,6.80697822343867e-17,2021,1999-05-28,NA,NA,NA,NA
"Carl Granderson","NO","DL","14405","weighted",NA,NA,NA,NA,NA,NA,NA,NA,NA,NA,NA,NA,NA,NA,NA,NA,NA,NA,NA,NA,NA,NA,NA,NA,NA,NA,NA,NA,NA,NA,NA,NA,NA,NA,NA,NA,NA,NA,NA,NA,NA,NA,NA,NA,42.2985507246377,15.666562983285,7,1.08911651575019e-15,0.0631884057971014,0.11401297501064,2,0,0,0,2019,1996-12-18,NA,NA,NA,NA
"Micah Parsons","GB","DL","15350","weighted",NA,NA,NA,NA,NA,NA,NA,NA,NA,NA,NA,NA,NA,NA,NA,NA,NA,NA,NA,NA,NA,NA,NA,NA,NA,NA,NA,NA,NA,NA,NA,NA,NA,NA,NA,NA,NA,NA,NA,NA,NA,NA,NA,NA,42.272270531401,13.5808022729906,12,0,0,0,1.3351690821256,0.707618692326353,0,0,2021,1999-05-26,"Q","Back",2025,0
"Byron Young","LAR","DL","16276","weighted",NA,NA,NA,NA,NA,NA,NA,NA,NA,NA,NA,NA,NA,NA,NA,NA,NA,NA,NA,NA,NA,NA,NA,NA,NA,NA,NA,NA,NA,NA,NA,NA,NA,NA,NA,NA,NA,NA,NA,NA,NA,NA,NA,NA,44.6907012195122,18.8797510576808,6,0,0,0,0.6,0,0,0,2023,1998-03-13,NA,NA,NA,NA
"Jermaine Johnson","NYJ","DL","15809","weighted",NA,NA,NA,NA,NA,NA,NA,NA,NA,NA,NA,NA,NA,NA,NA,NA,NA,NA,NA,NA,NA,NA,NA,NA,NA,NA,NA,NA,NA,NA,NA,NA,NA,NA,NA,NA,NA,NA,NA,NA,NA,NA,NA,NA,37.6979710144928,16.2192004221014,6,0,0.252753623188406,0.45605190004256,3.52512077294686,0.505441923090252,0.8,1.36139564468773e-16,2022,1999-01-08,NA,NA,NA,NA
"Jonathon Cooper","DEN","DL","15484","weighted",NA,NA,NA,NA,NA,NA,NA,NA,NA,NA,NA,NA,NA,NA,NA,NA,NA,NA,NA,NA,NA,NA,NA,NA,NA,NA,NA,NA,NA,NA,NA,NA,NA,NA,NA,NA,NA,NA,NA,NA,NA,NA,NA,NA,37.5494685990338,16.3962750932002,7,1.08911651575019e-15,0,0,1.05024154589372,1.0108838461805,0,0,2021,1998-01-08,NA,NA,NA,NA
"Bradley Chubb","MIA","DL","13681","weighted",NA,NA,NA,NA,NA,NA,NA,NA,NA,NA,NA,NA,NA,NA,NA,NA,NA,NA,NA,NA,NA,NA,NA,NA,NA,NA,NA,NA,NA,NA,NA,NA,NA,NA,NA,NA,NA,NA,NA,NA,NA,NA,NA,NA,43.087922705314,9.9842048487332,9,0,0.284347826086956,0.51305838754788,3.42463768115942,1.51632576927076,0.2,3.40348911171934e-17,2018,1996-06-24,NA,NA,NA,NA
"Travon Walker","JAC","DL","15815","weighted",NA,NA,NA,NA,NA,NA,NA,NA,NA,NA,NA,NA,NA,NA,NA,NA,NA,NA,NA,NA,NA,NA,NA,NA,NA,NA,NA,NA,NA,NA,NA,NA,NA,NA,NA,NA,NA,NA,NA,NA,NA,NA,NA,NA,36.696038647343,15.3489180288878,9,0,0,0,1.04748792270531,0.0505441923090252,0.6,1.36139564468773e-16,2022,2000-12-18,NA,NA,NA,NA
"Christian Barmore","NE","DL","15357","weighted",NA,NA,NA,NA,NA,NA,NA,NA,NA,NA,NA,NA,NA,NA,NA,NA,NA,NA,NA,NA,NA,NA,NA,NA,NA,NA,NA,NA,NA,NA,NA,NA,NA,NA,NA,NA,NA,NA,NA,NA,NA,NA,NA,NA,36.0325603864734,15.9990538385261,5,1.08911651575019e-15,0,0,2.47763285024155,0.555986115399277,0,0,2021,1999-07-28,NA,NA,NA,NA
"Jonathan Allen","MIN","DL","13208","weighted",NA,NA,NA,NA,NA,NA,NA,NA,NA,NA,NA,NA,NA,NA,NA,NA,NA,NA,NA,NA,NA,NA,NA,NA,NA,NA,NA,NA,NA,NA,NA,NA,NA,NA,NA,NA,NA,NA,NA,NA,NA,NA,NA,NA,35.8840579710145,16.3306151087137,4,0,0,0,1.99724637681159,1.06142803848953,0,0,2017,1995-01-16,NA,NA,NA,NA
"YaYa Diaby","TB","DL","16278","weighted",NA,NA,NA,NA,NA,NA,NA,NA,NA,NA,NA,NA,NA,NA,NA,NA,NA,NA,NA,NA,NA,NA,NA,NA,NA,NA,NA,NA,NA,NA,NA,NA,NA,NA,NA,NA,NA,NA,NA,NA,NA,NA,NA,NA,40.9314975845411,11.1407042616571,6,0,0,0,0,0,0,0,2023,1999-05-30,NA,NA,NA,NA
"D.J. Wonnum","CAR","DL","14947","weighted",NA,NA,NA,NA,NA,NA,NA,NA,NA,NA,NA,NA,NA,NA,NA,NA,NA,NA,NA,NA,NA,NA,NA,NA,NA,NA,NA,NA,NA,NA,NA,NA,NA,NA,NA,NA,NA,NA,NA,NA,NA,NA,NA,NA,39.1249275362319,12.2807071123905,6,0,0,0,2.71231884057971,0.758162884635378,0,0,2020,1997-10-31,NA,NA,NA,NA
"Myles Garrett","CLE","DL","13198","weighted",NA,NA,NA,NA,NA,NA,NA,NA,NA,NA,NA,NA,NA,NA,NA,NA,NA,NA,NA,NA,NA,NA,NA,NA,NA,NA,NA,NA,NA,NA,NA,NA,NA,NA,NA,NA,NA,NA,NA,NA,NA,NA,NA,NA,44.3458937198068,7.08748895181234,10,2.17823303150038e-15,0,0,2.09497584541063,0.10108838461805,0,0,2017,1995-12-29,NA,NA,NA,NA
"Danielle Hunter","HOU","DL","12221","weighted",NA,NA,NA,NA,NA,NA,NA,NA,NA,NA,NA,NA,NA,NA,NA,NA,NA,NA,NA,NA,NA,NA,NA,NA,NA,NA,NA,NA,NA,NA,NA,NA,NA,NA,NA,NA,NA,NA,NA,NA,NA,NA,NA,NA,40.5789371980676,11.428676116718,10,2.17823303150038e-15,0,0,2,0,0.5,0,2015,1994-10-29,NA,NA,NA,NA
"Justin Madubuike","BAL","DL","14900","weighted",NA,NA,NA,NA,NA,NA,NA,NA,NA,NA,NA,NA,NA,NA,NA,NA,NA,NA,NA,NA,NA,NA,NA,NA,NA,NA,NA,NA,NA,NA,NA,NA,NA,NA,NA,NA,NA,NA,NA,NA,NA,NA,NA,NA,33.5194202898551,15.4701516812215,5,1.08911651575019e-15,0,0,1.28492753623188,0.303265153854151,0,0,2020,1997-11-17,NA,NA,NA,NA
"Javon Hargrave","MIN","DL","12764","weighted",NA,NA,NA,NA,NA,NA,NA,NA,NA,NA,NA,NA,NA,NA,NA,NA,NA,NA,NA,NA,NA,NA,NA,NA,NA,NA,NA,NA,NA,NA,NA,NA,NA,NA,NA,NA,NA,NA,NA,NA,NA,NA,NA,NA,28.1742995169082,20.9655167572027,5,1.08911651575019e-15,0,0,1.19270531400966,0.859251269253428,0,0,2016,1993-02-07,NA,NA,NA,NA
"Osa Odighizuwa","DAL","DL","15393","weighted",NA,NA,NA,NA,NA,NA,NA,NA,NA,NA,NA,NA,NA,NA,NA,NA,NA,NA,NA,NA,NA,NA,NA,NA,NA,NA,NA,NA,NA,NA,NA,NA,NA,NA,NA,NA,NA,NA,NA,NA,NA,NA,NA,NA,32.4768115942029,16.4378784446983,5,1.08911651575019e-15,0,0,0.76256038647343,0.252720961545126,0,0,2021,1998-08-13,NA,NA,NA,NA
"Will Anderson","HOU","DL","16223","weighted",NA,NA,NA,NA,NA,NA,NA,NA,NA,NA,NA,NA,NA,NA,NA,NA,NA,NA,NA,NA,NA,NA,NA,NA,NA,NA,NA,NA,NA,NA,NA,NA,NA,NA,NA,NA,NA,NA,NA,NA,NA,NA,NA,NA,39.2531400966184,10.2893820890295,10,2.17823303150038e-15,0,0,3.75705314009662,1.87013511543393,0,0,2023,2001-09-02,NA,NA,NA,NA
"Nolan Smith","PHI","DL","16228","weighted",NA,NA,NA,NA,NA,NA,NA,NA,NA,NA,NA,NA,NA,NA,NA,NA,NA,NA,NA,NA,NA,NA,NA,NA,NA,NA,NA,NA,NA,NA,NA,NA,NA,NA,NA,NA,NA,NA,NA,NA,NA,NA,NA,NA,31.2069565217391,17.1282235086037,8,0,0,0,2.14246376811594,0.151632576927075,0,0,2023,2001-01-18,NA,NA,NA,NA
"Josh Allen","JAC","DL","14167","weighted",NA,NA,NA,NA,NA,NA,NA,NA,NA,NA,NA,NA,NA,NA,NA,NA,NA,NA,NA,NA,NA,NA,NA,NA,NA,NA,NA,NA,NA,NA,NA,NA,NA,NA,NA,NA,NA,NA,NA,NA,NA,NA,NA,NA,41.8164251207729,7.70400526916419,8,0,0.524154589371981,0.506230706963667,1.71507246376812,0.303265153854151,0,0,2019,1997-07-13,NA,NA,NA,NA
"Quinnen Williams","NYJ","DL","14157","weighted",NA,NA,NA,NA,NA,NA,NA,NA,NA,NA,NA,NA,NA,NA,NA,NA,NA,NA,NA,NA,NA,NA,NA,NA,NA,NA,NA,NA,NA,NA,NA,NA,NA,NA,NA,NA,NA,NA,NA,NA,NA,NA,NA,NA,35.9859903381642,12.9896032251496,6,0,0,0,1.38265700483092,0.657074500017327,0,0,2019,1997-12-21,NA,NA,NA,NA
"Trey Hendrickson","CIN","DL","13284","weighted",NA,NA,NA,NA,NA,NA,NA,NA,NA,NA,NA,NA,NA,NA,NA,NA,NA,NA,NA,NA,NA,NA,NA,NA,NA,NA,NA,NA,NA,NA,NA,NA,NA,NA,NA,NA,NA,NA,NA,NA,NA,NA,NA,NA,39.2512077294686,9.66717412335135,13,2.17823303150038e-15,0,0,5.51961352657005,1.61741415388881,0,0,2017,1994-12-05,NA,NA,NA,NA
"Jalen Carter","PHI","DL","16233","weighted",NA,NA,NA,NA,NA,NA,NA,NA,NA,NA,NA,NA,NA,NA,NA,NA,NA,NA,NA,NA,NA,NA,NA,NA,NA,NA,NA,NA,NA,NA,NA,NA,NA,NA,NA,NA,NA,NA,NA,NA,NA,NA,NA,NA,31.696038647343,15.3489180288878,5,1.08911651575019e-15,0,0,3.81004830917874,0.202176769236101,0,0,2023,2001-04-04,NA,NA,NA,NA
"Keion White","NE","DL","16262","weighted",NA,NA,NA,NA,NA,NA,NA,NA,NA,NA,NA,NA,NA,NA,NA,NA,NA,NA,NA,NA,NA,NA,NA,NA,NA,NA,NA,NA,NA,NA,NA,NA,NA,NA,NA,NA,NA,NA,NA,NA,NA,NA,NA,NA,39.4323170731707,14.9906637611548,6,0,0,0,3.4,6.28039902315353e-16,0,0,2023,1999-01-20,NA,NA,NA,NA
"George Karlaftis","KC","DL","15808","weighted",NA,NA,NA,NA,NA,NA,NA,NA,NA,NA,NA,NA,NA,NA,NA,NA,NA,NA,NA,NA,NA,NA,NA,NA,NA,NA,NA,NA,NA,NA,NA,NA,NA,NA,NA,NA,NA,NA,NA,NA,NA,NA,NA,NA,35.3719806763285,13.1619983810554,10,2.17823303150038e-15,0,0,3.62009661835749,0.404353538472201,0,0,2022,2001-04-03,NA,NA,NA,NA
"Zaven Collins","ARI","DL","15352","weighted",NA,NA,NA,NA,NA,NA,NA,NA,NA,NA,NA,NA,NA,NA,NA,NA,NA,NA,NA,NA,NA,NA,NA,NA,NA,NA,NA,NA,NA,NA,NA,NA,NA,NA,NA,NA,NA,NA,NA,NA,NA,NA,NA,NA,34.5862801932367,12.2871083284322,5,1.08911651575019e-15,0,0,1.38265700483092,0.657074500017327,0,0,2021,1999-05-19,NA,NA,NA,NA
"Kwity Paye","IND","DL","15345","weighted",NA,NA,NA,NA,NA,NA,NA,NA,NA,NA,NA,NA,NA,NA,NA,NA,NA,NA,NA,NA,NA,NA,NA,NA,NA,NA,NA,NA,NA,NA,NA,NA,NA,NA,NA,NA,NA,NA,NA,NA,NA,NA,NA,NA,35.5005797101449,10.4690512064514,6,0,0,0,1.71231884057971,0.758162884635378,0,0,2021,1998-11-19,NA,NA,NA,NA
"Arden Key","TEN","DL","13682","weighted",NA,NA,NA,NA,NA,NA,NA,NA,NA,NA,NA,NA,NA,NA,NA,NA,NA,NA,NA,NA,NA,NA,NA,NA,NA,NA,NA,NA,NA,NA,NA,NA,NA,NA,NA,NA,NA,NA,NA,NA,NA,NA,NA,NA,31.3872463768116,13.1252861649552,8,0,0,0,1.47763285024155,0.555986115399277,0,0,2018,1996-05-03,NA,NA,NA,NA
"Josh Sweat","ARI","DL","13690","weighted",NA,NA,NA,NA,NA,NA,NA,NA,NA,NA,NA,NA,NA,NA,NA,NA,NA,NA,NA,NA,NA,NA,NA,NA,NA,NA,NA,NA,NA,NA,NA,NA,NA,NA,NA,NA,NA,NA,NA,NA,NA,NA,NA,NA,36.4278260869565,9.26044388012657,7,1.08911651575019e-15,0,0,2.28492753623188,0.303265153854151,0,0,2018,1997-03-29,NA,NA,NA,NA
"Chris Jones","KC","DL","12741","weighted",NA,NA,NA,NA,NA,NA,NA,NA,NA,NA,NA,NA,NA,NA,NA,NA,NA,NA,NA,NA,NA,NA,NA,NA,NA,NA,NA,NA,NA,NA,NA,NA,NA,NA,NA,NA,NA,NA,NA,NA,NA,NA,NA,NA,28.7778743961353,15.3674921778871,8,0,0,0,2.33792270531401,1.76904673081588,0,0,2016,1994-07-03,NA,NA,NA,NA
"Nik Bonitto","DEN","DL","15861","weighted",NA,NA,NA,NA,NA,NA,NA,NA,NA,NA,NA,NA,NA,NA,NA,NA,NA,NA,NA,NA,NA,NA,NA,NA,NA,NA,NA,NA,NA,NA,NA,NA,NA,NA,NA,NA,NA,NA,NA,NA,NA,NA,NA,NA,36.3684057971014,8.11936055086139,8,0,0.284347826086956,0.51305838754788,3.09222222222222,1.16251642310758,1.8,2.72279128937547e-16,2022,1999-09-26,NA,NA,NA,NA
"Uchenna Nwosu","SEA","DL","13704","weighted",NA,NA,NA,NA,NA,NA,NA,NA,NA,NA,NA,NA,NA,NA,NA,NA,NA,NA,NA,NA,NA,NA,NA,NA,NA,NA,NA,NA,NA,NA,NA,NA,NA,NA,NA,NA,NA,NA,NA,NA,NA,NA,NA,NA,31.5466101694915,19.0918830920368,5,0,0,0,1,0,NA,NA,2018,1996-12-28,"O","Knee",2025,0
"Rashan Gary","GB","DL","14149","weighted",NA,NA,NA,NA,NA,NA,NA,NA,NA,NA,NA,NA,NA,NA,NA,NA,NA,NA,NA,NA,NA,NA,NA,NA,NA,NA,NA,NA,NA,NA,NA,NA,NA,NA,NA,NA,NA,NA,NA,NA,NA,NA,NA,NA,31.5805797101449,12.0712357952278,6,0,0,0,1.14246376811594,0.151632576927076,0,0,2019,1997-12-03,NA,NA,NA,NA
"Vita Vea","TB","DL","13692","weighted",NA,NA,NA,NA,NA,NA,NA,NA,NA,NA,NA,NA,NA,NA,NA,NA,NA,NA,NA,NA,NA,NA,NA,NA,NA,NA,NA,NA,NA,NA,NA,NA,NA,NA,NA,NA,NA,NA,NA,NA,NA,NA,NA,NA,29.8931400966184,14.0464341451799,5,1.08911651575019e-15,0,0,0.715072463768116,0.303265153854151,0,0,2018,1995-02-05,"Q","Foot",2025,0
"Abdul Carter","NYG","DL","17112","weighted",NA,NA,NA,NA,NA,NA,NA,NA,NA,NA,NA,NA,NA,NA,NA,NA,NA,NA,NA,NA,NA,NA,NA,NA,NA,NA,NA,NA,NA,NA,NA,NA,NA,NA,NA,NA,NA,NA,NA,NA,NA,NA,NA,NA,23.6127536231884,18.5216092992189,6,0,0,0,0.52512077294686,0.505441923090252,0,0,2025,2003-10-03,NA,NA,NA,NA
"Dorance Armstrong","WAS","DL","13759","weighted",NA,NA,NA,NA,NA,NA,NA,NA,NA,NA,NA,NA,NA,NA,NA,NA,NA,NA,NA,NA,NA,NA,NA,NA,NA,NA,NA,NA,NA,NA,NA,NA,NA,NA,NA,NA,NA,NA,NA,NA,NA,NA,NA,NA,27.6941062801932,14.4921419552948,6,0,0,0,1,0,0,0,2018,1997-06-10,NA,NA,NA,NA
"Calijah Kancey","TB","DL","16254","weighted",NA,NA,NA,NA,NA,NA,NA,NA,NA,NA,NA,NA,NA,NA,NA,NA,NA,NA,NA,NA,NA,NA,NA,NA,NA,NA,NA,NA,NA,NA,NA,NA,NA,NA,NA,NA,NA,NA,NA,NA,NA,NA,NA,NA,30.9094685990338,11.8855491594214,6,0,0,0,0,0,0,0,2023,2001-03-01,NA,NA,NA,NA
"Boye Mafe","SEA","DL","15853","weighted",NA,NA,NA,NA,NA,NA,NA,NA,NA,NA,NA,NA,NA,NA,NA,NA,NA,NA,NA,NA,NA,NA,NA,NA,NA,NA,NA,NA,NA,NA,NA,NA,NA,NA,NA,NA,NA,NA,NA,NA,NA,NA,NA,NA,31.7293719806763,11.4265407085281,6,0,0,0,1.90777777777778,1.16251642310758,0,0,2022,1998-11-30,NA,NA,NA,NA
"Demarcus Lawrence","SEA","DL","11769","weighted",NA,NA,NA,NA,NA,NA,NA,NA,NA,NA,NA,NA,NA,NA,NA,NA,NA,NA,NA,NA,NA,NA,NA,NA,NA,NA,NA,NA,NA,NA,NA,NA,NA,NA,NA,NA,NA,NA,NA,NA,NA,NA,NA,NA,35.1487922705314,10.2335581719152,5,1.08911651575019e-15,0,0,2.85753623188406,0.151632576927075,0,0,2014,1992-04-28,NA,NA,NA,NA
"Michael Danna","KC","DL","14978","weighted",NA,NA,NA,NA,NA,NA,NA,NA,NA,NA,NA,NA,NA,NA,NA,NA,NA,NA,NA,NA,NA,NA,NA,NA,NA,NA,NA,NA,NA,NA,NA,NA,NA,NA,NA,NA,NA,NA,NA,NA,NA,NA,NA,NA,30.4355555555556,12.2121653663091,4,0,0,0,1.61734299516908,0.657074500017327,0,0,2020,1997-12-04,NA,NA,NA,NA
"Ed Oliver","BUF","DL","14158","weighted",NA,NA,NA,NA,NA,NA,NA,NA,NA,NA,NA,NA,NA,NA,NA,NA,NA,NA,NA,NA,NA,NA,NA,NA,NA,NA,NA,NA,NA,NA,NA,NA,NA,NA,NA,NA,NA,NA,NA,NA,NA,NA,NA,NA,27.0343961352657,14.5427100742221,5,1.08911651575019e-15,0.189565217391304,0.34203892503192,1.43014492753623,0.606530307708302,0,0,2019,1997-12-12,NA,NA,NA,NA
"Khalil Mack","LAC","DL","11721","weighted",NA,NA,NA,NA,NA,NA,NA,NA,NA,NA,NA,NA,NA,NA,NA,NA,NA,NA,NA,NA,NA,NA,NA,NA,NA,NA,NA,NA,NA,NA,NA,NA,NA,NA,NA,NA,NA,NA,NA,NA,NA,NA,NA,NA,37.5429951690821,4.56797863283108,7,1.08911651575019e-15,0,0,6.90502415458937,0.10108838461805,0,0,2014,1991-02-22,NA,NA,NA,NA
"Montez Sweat","CHI","DL","14148","weighted",NA,NA,NA,NA,NA,NA,NA,NA,NA,NA,NA,NA,NA,NA,NA,NA,NA,NA,NA,NA,NA,NA,NA,NA,NA,NA,NA,NA,NA,NA,NA,NA,NA,NA,NA,NA,NA,NA,NA,NA,NA,NA,NA,NA,29.3315942028985,11.6553883868693,6,0,0,0,2.71507246376812,0.303265153854151,0,0,2019,1996-09-04,NA,NA,NA,NA
"Milton Williams","NE","DL","15391","weighted",NA,NA,NA,NA,NA,NA,NA,NA,NA,NA,NA,NA,NA,NA,NA,NA,NA,NA,NA,NA,NA,NA,NA,NA,NA,NA,NA,NA,NA,NA,NA,NA,NA,NA,NA,NA,NA,NA,NA,NA,NA,NA,NA,NA,26.6476328502415,13.7293467179102,5,1.08911651575019e-15,0,0,1,0,0,0,2021,1999-04-06,NA,NA,NA,NA
"Kyle Van Noy","BAL","DL","11723","weighted",NA,NA,NA,NA,NA,NA,NA,NA,NA,NA,NA,NA,NA,NA,NA,NA,NA,NA,NA,NA,NA,NA,NA,NA,NA,NA,NA,NA,NA,NA,NA,NA,NA,NA,NA,NA,NA,NA,NA,NA,NA,NA,NA,NA,37.5137195121951,6.36396103067893,9,0,0,0,1.5,0,0,0,2014,1991-03-26,NA,NA,NA,NA
"Tuli Tuipulotu","LAC","DL","16266","weighted",NA,NA,NA,NA,NA,NA,NA,NA,NA,NA,NA,NA,NA,NA,NA,NA,NA,NA,NA,NA,NA,NA,NA,NA,NA,NA,NA,NA,NA,NA,NA,NA,NA,NA,NA,NA,NA,NA,NA,NA,NA,NA,NA,NA,34.2366183574879,7.47144447139336,7,1.08911651575019e-15,0,0,2.71231884057971,0.758162884635378,0,0,2023,2002-09-03,NA,NA,NA,NA
"Braden Fiske","LAR","DL","16694","weighted",NA,NA,NA,NA,NA,NA,NA,NA,NA,NA,NA,NA,NA,NA,NA,NA,NA,NA,NA,NA,NA,NA,NA,NA,NA,NA,NA,NA,NA,NA,NA,NA,NA,NA,NA,NA,NA,NA,NA,NA,NA,NA,NA,NA,36.015243902439,7.07106781186547,5,0,0,0,1.9,0,0,0,2024,2000-01-18,NA,NA,NA,NA
"Kayvon Thibodeaux","NYG","DL","15806","weighted",NA,NA,NA,NA,NA,NA,NA,NA,NA,NA,NA,NA,NA,NA,NA,NA,NA,NA,NA,NA,NA,NA,NA,NA,NA,NA,NA,NA,NA,NA,NA,NA,NA,NA,NA,NA,NA,NA,NA,NA,NA,NA,NA,NA,29.2736231884058,8.18180299808941,6,0,0,0,2.85753623188406,0.151632576927075,0,0,2022,2000-12-15,NA,NA,NA,NA
"Laiatu Latu","IND","DL","16651","weighted",NA,NA,NA,NA,NA,NA,NA,NA,NA,NA,NA,NA,NA,NA,NA,NA,NA,NA,NA,NA,NA,NA,NA,NA,NA,NA,NA,NA,NA,NA,NA,NA,NA,NA,NA,NA,NA,NA,NA,NA,NA,NA,NA,NA,29.5579710144928,8.00398229663946,6,0,0,0,1.28492753623188,0.303265153854151,0,0,2024,2000-12-31,NA,NA,NA,NA
"Jalyx Hunt","PHI","DL","16712","weighted",NA,NA,NA,NA,NA,NA,NA,NA,NA,NA,NA,NA,NA,NA,NA,NA,NA,NA,NA,NA,NA,NA,NA,NA,NA,NA,NA,NA,NA,NA,NA,NA,NA,NA,NA,NA,NA,NA,NA,NA,NA,NA,NA,NA,27.7586473429952,10.1625811110613,5,1.08911651575019e-15,0,0,1.76256038647343,0.252720961545126,0,0,2024,2001-03-13,NA,NA,NA,NA
"Marshawn Kneeland","DAL","DL","16699","weighted",NA,NA,NA,NA,NA,NA,NA,NA,NA,NA,NA,NA,NA,NA,NA,NA,NA,NA,NA,NA,NA,NA,NA,NA,NA,NA,NA,NA,NA,NA,NA,NA,NA,NA,NA,NA,NA,NA,NA,NA,NA,NA,NA,NA,26.7729461756374,14.9199530830362,NA,NA,0,0,1.41685552407932,0.636396103067893,0,0,2024,2001-07-08,NA,NA,NA,NA
"Jalon Walker","ATL","DL","17122","weighted",NA,NA,NA,NA,NA,NA,NA,NA,NA,NA,NA,NA,NA,NA,NA,NA,NA,NA,NA,NA,NA,NA,NA,NA,NA,NA,NA,NA,NA,NA,NA,NA,NA,NA,NA,NA,NA,NA,NA,NA,NA,NA,NA,NA,21.8413526570048,15.9132984485968,6,0,0,0,0.52512077294686,0.505441923090252,0,0,2025,2004-02-24,NA,NA,NA,NA
"Malcolm Koonce","LVR","DL","15395","weighted",NA,NA,NA,NA,NA,NA,NA,NA,NA,NA,NA,NA,NA,NA,NA,NA,NA,NA,NA,NA,NA,NA,NA,NA,NA,NA,NA,NA,NA,NA,NA,NA,NA,NA,NA,NA,NA,NA,NA,NA,NA,NA,NA,NA,31.2419323671498,5.65798076140199,6,0,0,0,0.664830917874396,0.707618692326352,0,0,2021,1998-06-06,NA,NA,NA,NA
"Will McDonald","NYJ","DL","16252","weighted",NA,NA,NA,NA,NA,NA,NA,NA,NA,NA,NA,NA,NA,NA,NA,NA,NA,NA,NA,NA,NA,NA,NA,NA,NA,NA,NA,NA,NA,NA,NA,NA,NA,NA,NA,NA,NA,NA,NA,NA,NA,NA,NA,NA,24.5580676328502,10.5902782484812,8,0,0,0,2.61734299516908,0.657074500017327,0,0,2023,1999-06-04,NA,NA,NA,NA
"Jayson Oweh","BAL","DL","15378","weighted",NA,NA,NA,NA,NA,NA,NA,NA,NA,NA,NA,NA,NA,NA,NA,NA,NA,NA,NA,NA,NA,NA,NA,NA,NA,NA,NA,NA,NA,NA,NA,NA,NA,NA,NA,NA,NA,NA,NA,NA,NA,NA,NA,NA,29.0988405797101,6.62954269883612,8,0,0,0,0.667584541062802,0.353809346163176,0,0,2021,1998-12-15,NA,NA,NA,NA
"Haason Reddick","TB","DL","13245","weighted",NA,NA,NA,NA,NA,NA,NA,NA,NA,NA,NA,NA,NA,NA,NA,NA,NA,NA,NA,NA,NA,NA,NA,NA,NA,NA,NA,NA,NA,NA,NA,NA,NA,NA,NA,NA,NA,NA,NA,NA,NA,NA,NA,NA,29.0915942028985,7.19876781602547,5,1.08911651575019e-15,0,0,1.14246376811594,0.151632576927076,0,0,2017,1994-09-22,NA,NA,NA,NA
"James Pearce","ATL","DL","17115","weighted",NA,NA,NA,NA,NA,NA,NA,NA,NA,NA,NA,NA,NA,NA,NA,NA,NA,NA,NA,NA,NA,NA,NA,NA,NA,NA,NA,NA,NA,NA,NA,NA,NA,NA,NA,NA,NA,NA,NA,NA,NA,NA,NA,NA,23.7405487804878,18.8090403795622,6,0,0,0,0.7,0,0,0,2025,2003-10-12,NA,NA,NA,NA
"Joey Bosa","BUF","DL","12686","weighted",NA,NA,NA,NA,NA,NA,NA,NA,NA,NA,NA,NA,NA,NA,NA,NA,NA,NA,NA,NA,NA,NA,NA,NA,NA,NA,NA,NA,NA,NA,NA,NA,NA,NA,NA,NA,NA,NA,NA,NA,NA,NA,NA,NA,26.7993236714976,9.7689137670615,7,1.08911651575019e-15,0,0,1.14246376811594,0.151632576927076,0,0,2016,1995-07-11,NA,NA,NA,NA
"Dre'Mont Jones","TEN","DL","14164","weighted",NA,NA,NA,NA,NA,NA,NA,NA,NA,NA,NA,NA,NA,NA,NA,NA,NA,NA,NA,NA,NA,NA,NA,NA,NA,NA,NA,NA,NA,NA,NA,NA,NA,NA,NA,NA,NA,NA,NA,NA,NA,NA,NA,NA,28.844154589372,6.01575615893779,5,1.08911651575019e-15,0,0,1.52236714975845,0.555986115399277,0,0,2019,1997-01-05,NA,NA,NA,NA
"Arnold Ebiketie","ATL","DL","15851","weighted",NA,NA,NA,NA,NA,NA,NA,NA,NA,NA,NA,NA,NA,NA,NA,NA,NA,NA,NA,NA,NA,NA,NA,NA,NA,NA,NA,NA,NA,NA,NA,NA,NA,NA,NA,NA,NA,NA,NA,NA,NA,NA,NA,NA,27.58038647343,7.19848476490009,5,1.08911651575019e-15,0,0,1.85753623188406,0.151632576927076,0,0,2022,1999-01-23,NA,NA,NA,NA
"Chop Robinson","MIA","DL","16655","weighted",NA,NA,NA,NA,NA,NA,NA,NA,NA,NA,NA,NA,NA,NA,NA,NA,NA,NA,NA,NA,NA,NA,NA,NA,NA,NA,NA,NA,NA,NA,NA,NA,NA,NA,NA,NA,NA,NA,NA,NA,NA,NA,NA,NA,26.6306280193237,7.43004624107775,6,0,0,0,3.37990338164251,0.404353538472201,0,0,2024,2003-01-02,NA,NA,NA,NA
"Shemar Stewart","CIN","DL","17114","weighted",NA,NA,NA,NA,NA,NA,NA,NA,NA,NA,NA,NA,NA,NA,NA,NA,NA,NA,NA,NA,NA,NA,NA,NA,NA,NA,NA,NA,NA,NA,NA,NA,NA,NA,NA,NA,NA,NA,NA,NA,NA,NA,NA,NA,24.0335365853659,15.556349186104,5,0,0,0,0.9,0,0,0,2025,2003-11-12,NA,NA,NA,NA
"Dayo Odeyingbo","CHI","DL","15386","weighted",NA,NA,NA,NA,NA,NA,NA,NA,NA,NA,NA,NA,NA,NA,NA,NA,NA,NA,NA,NA,NA,NA,NA,NA,NA,NA,NA,NA,NA,NA,NA,NA,NA,NA,NA,NA,NA,NA,NA,NA,NA,NA,NA,NA,23.2961352657005,9.87814533959282,6,0,0,0,0.715072463768116,0.303265153854151,0,0,2021,1999-09-24,NA,NA,NA,NA
"A.J. Epenesa","BUF","DL","14879","weighted",NA,NA,NA,NA,NA,NA,NA,NA,NA,NA,NA,NA,NA,NA,NA,NA,NA,NA,NA,NA,NA,NA,NA,NA,NA,NA,NA,NA,NA,NA,NA,NA,NA,NA,NA,NA,NA,NA,NA,NA,NA,NA,NA,NA,25.0274390243902,12.7279220613579,5,0,0,0,1.2,0,0,0,2020,1998-09-15,NA,NA,NA,NA
"Byron Young","PHI","DL","16273","weighted",NA,NA,NA,NA,NA,NA,NA,NA,NA,NA,NA,NA,NA,NA,NA,NA,NA,NA,NA,NA,NA,NA,NA,NA,NA,NA,NA,NA,NA,NA,NA,NA,NA,NA,NA,NA,NA,NA,NA,NA,NA,NA,NA,NA,18.8732294617564,21.5667568261897,NA,NA,0,0,0.675779036827196,0.494974746830583,0.3,0,2023,2000-11-10,NA,NA,NA,NA
"Kingsley Enagbare","GB","DL","15813","weighted",NA,NA,NA,NA,NA,NA,NA,NA,NA,NA,NA,NA,NA,NA,NA,NA,NA,NA,NA,NA,NA,NA,NA,NA,NA,NA,NA,NA,NA,NA,NA,NA,NA,NA,NA,NA,NA,NA,NA,NA,NA,NA,NA,NA,22.4292682926829,13.5764501987817,3,0,0,0,1,0,0,0,2022,2000-01-18,NA,NA,NA,NA
"Kingsley Enagbare","GB","DL","15813","weighted",NA,NA,NA,NA,NA,NA,NA,NA,NA,NA,NA,NA,NA,NA,NA,NA,NA,NA,NA,NA,NA,NA,NA,NA,NA,NA,NA,NA,NA,NA,NA,NA,NA,NA,NA,NA,NA,NA,NA,NA,NA,NA,NA,NA,22.4292682926829,13.5764501987817,3,0,0,0,1,0,0,0,2022,1998-04-28,NA,NA,NA,NA
"Da'Ron Payne","WAS","DL","13723","weighted",NA,NA,NA,NA,NA,NA,NA,NA,NA,NA,NA,NA,NA,NA,NA,NA,NA,NA,NA,NA,NA,NA,NA,NA,NA,NA,NA,NA,NA,NA,NA,NA,NA,NA,NA,NA,NA,NA,NA,NA,NA,NA,NA,NA,25.256657223796,8.76812408671319,NA,NA,0.0926345609065156,0.14142135623731,2.25892351274788,1.13137084989848,0.2,0,2018,1997-05-27,NA,NA,NA,NA
"Leonard Floyd","ATL","DL","12734","weighted",NA,NA,NA,NA,NA,NA,NA,NA,NA,NA,NA,NA,NA,NA,NA,NA,NA,NA,NA,NA,NA,NA,NA,NA,NA,NA,NA,NA,NA,NA,NA,NA,NA,NA,NA,NA,NA,NA,NA,NA,NA,NA,NA,NA,23.11388101983,9.33380951166243,NA,NA,0,0,0.907365439093485,0.14142135623731,0,0,2016,1992-09-08,NA,NA,NA,NA
"Chase Young","NO","DL","14877","weighted",NA,NA,NA,NA,NA,NA,NA,NA,NA,NA,NA,NA,NA,NA,NA,NA,NA,NA,NA,NA,NA,NA,NA,NA,NA,NA,NA,NA,NA,NA,NA,NA,NA,NA,NA,NA,NA,NA,NA,NA,NA,NA,NA,NA,23.2533333333333,7.06325205747577,7,1.08911651575019e-15,0,0,1.57260869565217,0.454897730781227,0,0,2020,1999-04-14,"O","Calf",2025,0
"Cameron Jordan","NO","DL","10292","weighted",NA,NA,NA,NA,NA,NA,NA,NA,NA,NA,NA,NA,NA,NA,NA,NA,NA,NA,NA,NA,NA,NA,NA,NA,NA,NA,NA,NA,NA,NA,NA,NA,NA,NA,NA,NA,NA,NA,NA,NA,NA,NA,NA,NA,28.3432011331445,2.05060966544099,NA,NA,0.41685552407932,0.636396103067893,3,6.29747486878266e-16,0,0,2011,1989-07-10,NA,NA,NA,NA
"Alex Wright","CLE","DL","15864","weighted",NA,NA,NA,NA,NA,NA,NA,NA,NA,NA,NA,NA,NA,NA,NA,NA,NA,NA,NA,NA,NA,NA,NA,NA,NA,NA,NA,NA,NA,NA,NA,NA,NA,NA,NA,NA,NA,NA,NA,NA,NA,NA,NA,NA,21.2528328611898,9.54594154601839,NA,NA,0,0,2.13895184135977,0.212132034355964,0,0,2022,2000-09-05,NA,NA,NA,NA
"Mykel Williams","SF","DL","17113","weighted",NA,NA,NA,NA,NA,NA,NA,NA,NA,NA,NA,NA,NA,NA,NA,NA,NA,NA,NA,NA,NA,NA,NA,NA,NA,NA,NA,NA,NA,NA,NA,NA,NA,NA,NA,NA,NA,NA,NA,NA,NA,NA,NA,NA,23.3538243626062,6.64680374315355,NA,NA,0,0,0.536827195467422,0.707106781186548,0,0,2025,2004-06-29,NA,NA,NA,NA
"Grady Jarrett","CHI","DL","12305","weighted",NA,NA,NA,NA,NA,NA,NA,NA,NA,NA,NA,NA,NA,NA,NA,NA,NA,NA,NA,NA,NA,NA,NA,NA,NA,NA,NA,NA,NA,NA,NA,NA,NA,NA,NA,NA,NA,NA,NA,NA,NA,NA,NA,NA,25.7304532577904,3.46482322781408,NA,NA,0,0,0.536827195467422,0.707106781186548,0,0,2015,1993-04-28,NA,NA,NA,NA
"Emmanuel Ogbah","JAC","DL","12691","weighted",NA,NA,NA,NA,NA,NA,NA,NA,NA,NA,NA,NA,NA,NA,NA,NA,NA,NA,NA,NA,NA,NA,NA,NA,NA,NA,NA,NA,NA,NA,NA,NA,NA,NA,NA,NA,NA,NA,NA,NA,NA,NA,NA,NA,22.4525495750708,3.88908729652601,NA,NA,0.814730878186969,0.282842712474619,1.95368271954674,0.0707106781186548,0,0,2016,1993-11-06,NA,NA,NA,NA
"David Onyemata","ATL","DL","12782","weighted",NA,NA,NA,NA,NA,NA,NA,NA,NA,NA,NA,NA,NA,NA,NA,NA,NA,NA,NA,NA,NA,NA,NA,NA,NA,NA,NA,NA,NA,NA,NA,NA,NA,NA,NA,NA,NA,NA,NA,NA,NA,NA,NA,NA,24.3705382436261,0.565685424949239,NA,NA,0,0,1,0,0,0,2016,1992-11-13,NA,NA,NA,NA
"Dante Fowler","DAL","DL","12217","weighted",NA,NA,NA,NA,NA,NA,NA,NA,NA,NA,NA,NA,NA,NA,NA,NA,NA,NA,NA,NA,NA,NA,NA,NA,NA,NA,NA,NA,NA,NA,NA,NA,NA,NA,NA,NA,NA,NA,NA,NA,NA,NA,NA,NA,19.2148725212465,6.43467170879758,NA,NA,0.370538243626062,0.565685424949238,1.86104815864023,0.212132034355964,0.4,0,NA,1994-08-03,NA,NA,NA,NA
"Kenny Clark","DAL","DL","12739","weighted",NA,NA,NA,NA,NA,NA,NA,NA,NA,NA,NA,NA,NA,NA,NA,NA,NA,NA,NA,NA,NA,NA,NA,NA,NA,NA,NA,NA,NA,NA,NA,NA,NA,NA,NA,NA,NA,NA,NA,NA,NA,NA,NA,NA,18.8314447592068,6.36396103067893,NA,NA,0,0,1.13895184135977,0.212132034355964,0,0,2016,1995-10-04,NA,NA,NA,NA
"Lukas Van Ness","GB","DL","16230","weighted",NA,NA,NA,NA,NA,NA,NA,NA,NA,NA,NA,NA,NA,NA,NA,NA,NA,NA,NA,NA,NA,NA,NA,NA,NA,NA,NA,NA,NA,NA,NA,NA,NA,NA,NA,NA,NA,NA,NA,NA,NA,NA,NA,NA,22.0736543909348,1.4142135623731,NA,NA,0,0,0.536827195467422,0.707106781186548,0,0,2023,2001-07-06,NA,NA,NA,NA
"Derek Barnett","HOU","DL","13201","weighted",NA,NA,NA,NA,NA,NA,NA,NA,NA,NA,NA,NA,NA,NA,NA,NA,NA,NA,NA,NA,NA,NA,NA,NA,NA,NA,NA,NA,NA,NA,NA,NA,NA,NA,NA,NA,NA,NA,NA,NA,NA,NA,NA,NA,16.6735127478754,8.1317279836453,NA,NA,0,0,1.07365439093484,1.4142135623731,1.3,3.14873743439133e-16,2017,1996-06-25,NA,NA,NA,NA
"Dalvin Tomlinson","ARI","DL","13260","weighted",NA,NA,NA,NA,NA,NA,NA,NA,NA,NA,NA,NA,NA,NA,NA,NA,NA,NA,NA,NA,NA,NA,NA,NA,NA,NA,NA,NA,NA,NA,NA,NA,NA,NA,NA,NA,NA,NA,NA,NA,NA,NA,NA,NA,16.9977337110482,7.63675323681472,NA,NA,0,0,0.536827195467422,0.707106781186548,0,0,2017,1994-02-18,NA,NA,NA,NA
"Gervon Dexter","CHI","DL","16265","weighted",NA,NA,NA,NA,NA,NA,NA,NA,NA,NA,NA,NA,NA,NA,NA,NA,NA,NA,NA,NA,NA,NA,NA,NA,NA,NA,NA,NA,NA,NA,NA,NA,NA,NA,NA,NA,NA,NA,NA,NA,NA,NA,NA,NA,21.2315864022663,0.353553390593274,NA,NA,0,0,2,0,0,0,2023,2000-10-05,NA,NA,NA,NA
"Deatrich Wise","WAS","DL","13296","weighted",NA,NA,NA,NA,NA,NA,NA,NA,NA,NA,NA,NA,NA,NA,NA,NA,NA,NA,NA,NA,NA,NA,NA,NA,NA,NA,NA,NA,NA,NA,NA,NA,NA,NA,NA,NA,NA,NA,NA,NA,NA,NA,NA,NA,18.3599150141643,4.03050865276332,NA,NA,0,0,1.6757790368272,0.494974746830583,0,0,2017,1994-07-26,NA,NA,NA,NA
"Maliek Collins","CLE","DL","12754","weighted",NA,NA,NA,NA,NA,NA,NA,NA,NA,NA,NA,NA,NA,NA,NA,NA,NA,NA,NA,NA,NA,NA,NA,NA,NA,NA,NA,NA,NA,NA,NA,NA,NA,NA,NA,NA,NA,NA,NA,NA,NA,NA,NA,NA,19.8420679886686,1.76776695296637,NA,NA,0,0,0.675779036827196,0.494974746830583,0,0,2016,1995-04-08,NA,NA,NA,NA
"Tyree Wilson","LVR","DL","16226","weighted",NA,NA,NA,NA,NA,NA,NA,NA,NA,NA,NA,NA,NA,NA,NA,NA,NA,NA,NA,NA,NA,NA,NA,NA,NA,NA,NA,NA,NA,NA,NA,NA,NA,NA,NA,NA,NA,NA,NA,NA,NA,NA,NA,NA,17.2019830028329,5.79827560572969,NA,NA,0,0,0.907365439093485,0.14142135623731,0,0,2023,2000-05-20,NA,NA,NA,NA
"Travis Jones","BAL","DL","15863","weighted",NA,NA,NA,NA,NA,NA,NA,NA,NA,NA,NA,NA,NA,NA,NA,NA,NA,NA,NA,NA,NA,NA,NA,NA,NA,NA,NA,NA,NA,NA,NA,NA,NA,NA,NA,NA,NA,NA,NA,NA,NA,NA,NA,NA,18.4988668555241,3.81837661840736,NA,NA,0,0,0.536827195467422,0.707106781186548,0,0,2022,1999-10-15,NA,NA,NA,NA
"Jer'Zhan Newton","WAS","DL","16692","weighted",NA,NA,NA,NA,NA,NA,NA,NA,NA,NA,NA,NA,NA,NA,NA,NA,NA,NA,NA,NA,NA,NA,NA,NA,NA,NA,NA,NA,NA,NA,NA,NA,NA,NA,NA,NA,NA,NA,NA,NA,NA,NA,NA,NA,19.378895184136,2.47487373415292,NA,NA,0,0,0.768413597733711,0.353553390593274,0,0,2024,2002-08-31,NA,NA,NA,NA
"John Franklin-Myers","DEN","DL","13770","weighted",NA,NA,NA,NA,NA,NA,NA,NA,NA,NA,NA,NA,NA,NA,NA,NA,NA,NA,NA,NA,NA,NA,NA,NA,NA,NA,NA,NA,NA,NA,NA,NA,NA,NA,NA,NA,NA,NA,NA,NA,NA,NA,NA,NA,18.5284702549575,2.33345237791561,NA,NA,0,0,1.53682719546742,0.707106781186548,0,0,2018,1996-09-26,NA,NA,NA,NA
"Marcus Davenport","DET","DL","13688","weighted",NA,NA,NA,NA,NA,NA,NA,NA,NA,NA,NA,NA,NA,NA,NA,NA,NA,NA,NA,NA,NA,NA,NA,NA,NA,NA,NA,NA,NA,NA,NA,NA,NA,NA,NA,NA,NA,NA,NA,NA,NA,NA,NA,NA,17.9157223796034,3.18198051533946,NA,NA,0,0,0.675779036827196,0.494974746830583,0,0,2018,1996-09-04,NA,NA,NA,NA
"Mason Graham","CLE","DL","17121","weighted",NA,NA,NA,NA,NA,NA,NA,NA,NA,NA,NA,NA,NA,NA,NA,NA,NA,NA,NA,NA,NA,NA,NA,NA,NA,NA,NA,NA,NA,NA,NA,NA,NA,NA,NA,NA,NA,NA,NA,NA,NA,NA,NA,NA,18.3325779036827,2.54558441227157,NA,NA,0,0,1.7957507082153,1.83847763108502,0,0,2025,2003-09-03,NA,NA,NA,NA
"Devonte Wyatt","GB","DL","15819","weighted",NA,NA,NA,NA,NA,NA,NA,NA,NA,NA,NA,NA,NA,NA,NA,NA,NA,NA,NA,NA,NA,NA,NA,NA,NA,NA,NA,NA,NA,NA,NA,NA,NA,NA,NA,NA,NA,NA,NA,NA,NA,NA,NA,NA,18.3432011331445,2.05060966544099,NA,NA,0,0,0.861048158640227,0.212132034355964,0,0,2022,1998-03-31,NA,NA,NA,NA
"Derrick Harmon","PIT","DL","17137","weighted",NA,NA,NA,NA,NA,NA,NA,NA,NA,NA,NA,NA,NA,NA,NA,NA,NA,NA,NA,NA,NA,NA,NA,NA,NA,NA,NA,NA,NA,NA,NA,NA,NA,NA,NA,NA,NA,NA,NA,NA,NA,NA,NA,NA,17.3325779036827,2.54558441227157,NA,NA,0,0,0.814730878186969,0.282842712474619,0,0,2025,2003-08-03,"O","Knee - MCL",2025,0
"Byron Murphy","SEA","DL","16689","weighted",NA,NA,NA,NA,NA,NA,NA,NA,NA,NA,NA,NA,NA,NA,NA,NA,NA,NA,NA,NA,NA,NA,NA,NA,NA,NA,NA,NA,NA,NA,NA,NA,NA,NA,NA,NA,NA,NA,NA,NA,NA,NA,NA,NA,14.4441926345609,0.848528137423857,NA,NA,0,0,0.629461756373938,0.565685424949238,0,0,2024,2002-09-08,NA,NA,NA,NA
"Alex Singleton","DEN","LB","14412","weighted",NA,NA,NA,NA,NA,NA,NA,NA,NA,NA,NA,NA,NA,NA,NA,NA,NA,NA,NA,NA,NA,NA,NA,NA,NA,NA,NA,NA,NA,NA,NA,NA,NA,NA,NA,NA,NA,NA,NA,NA,NA,NA,NA,NA,107.168695652174,53.9113088621725,2,0,0.854975845410628,0.867047980144436,3.42463768115942,1.51632576927076,0.3,6.80697822343867e-17,2015,1993-12-07,NA,NA,NA,NA
"Roquan Smith","BAL","LB","13696","weighted",NA,NA,NA,NA,NA,NA,NA,NA,NA,NA,NA,NA,NA,NA,NA,NA,NA,NA,NA,NA,NA,NA,NA,NA,NA,NA,NA,NA,NA,NA,NA,NA,NA,NA,NA,NA,NA,NA,NA,NA,NA,NA,NA,NA,105.924347826087,43.6163579456312,2,0,1,0,4.57260869565217,0.454897730781227,0,0,2018,1997-04-08,NA,NA,NA,NA
"Zack Baun","PHI","LB","14893","weighted",NA,NA,NA,NA,NA,NA,NA,NA,NA,NA,NA,NA,NA,NA,NA,NA,NA,NA,NA,NA,NA,NA,NA,NA,NA,NA,NA,NA,NA,NA,NA,NA,NA,NA,NA,NA,NA,NA,NA,NA,NA,NA,NA,NA,110.520676328502,38.9074544750485,3,0,1.85304347826087,1.53917516264364,5.42188405797101,2.57775380776028,0,0,2020,1996-12-30,NA,NA,NA,NA
"Zaire Franklin","IND","LB","13837","weighted",NA,NA,NA,NA,NA,NA,NA,NA,NA,NA,NA,NA,NA,NA,NA,NA,NA,NA,NA,NA,NA,NA,NA,NA,NA,NA,NA,NA,NA,NA,NA,NA,NA,NA,NA,NA,NA,NA,NA,NA,NA,NA,NA,NA,110.221352657005,35.8580936722449,1,0,1.09478260869565,0.17101946251596,5.90502415458937,0.10108838461805,0,0,2018,1996-07-02,NA,NA,NA,NA
"Ernest Jones","SEA","LB","15404","weighted",NA,NA,NA,NA,NA,NA,NA,NA,NA,NA,NA,NA,NA,NA,NA,NA,NA,NA,NA,NA,NA,NA,NA,NA,NA,NA,NA,NA,NA,NA,NA,NA,NA,NA,NA,NA,NA,NA,NA,NA,NA,NA,NA,NA,103.39806763285,38.2261182376278,2,0,1.0631884057971,0.11401297501064,4.3351690821256,0.707618692326352,0,0,2021,1999-11-22,NA,NA,NA,NA
"Jamien Sherwood","NYJ","LB","15428","weighted",NA,NA,NA,NA,NA,NA,NA,NA,NA,NA,NA,NA,NA,NA,NA,NA,NA,NA,NA,NA,NA,NA,NA,NA,NA,NA,NA,NA,NA,NA,NA,NA,NA,NA,NA,NA,NA,NA,NA,NA,NA,NA,NA,NA,106.808695652174,35.3754423350467,1,0,0.317874396135266,0.570997329103885,2.3324154589372,0.353809346163176,0,0,2021,2000-01-12,NA,NA,NA,NA
"Robert Spillane","NE","LB","13987","weighted",NA,NA,NA,NA,NA,NA,NA,NA,NA,NA,NA,NA,NA,NA,NA,NA,NA,NA,NA,NA,NA,NA,NA,NA,NA,NA,NA,NA,NA,NA,NA,NA,NA,NA,NA,NA,NA,NA,NA,NA,NA,NA,NA,NA,104.645024154589,35.4548723529775,2,0,1.22115942028986,0.39904541253724,6.28217391304348,1.36469319234368,0,0,2018,1995-12-14,NA,NA,NA,NA
"Daiyan Henley","LAC","LB","16280","weighted",NA,NA,NA,NA,NA,NA,NA,NA,NA,NA,NA,NA,NA,NA,NA,NA,NA,NA,NA,NA,NA,NA,NA,NA,NA,NA,NA,NA,NA,NA,NA,NA,NA,NA,NA,NA,NA,NA,NA,NA,NA,NA,NA,NA,102.812560386473,37.1125558815796,2,0,0.728599033816425,0.694703515925891,7.14246376811594,0.151632576927075,0,0,2023,1999-11-18,NA,NA,NA,NA
"Kaden Elliss","ATL","LB","14303","weighted",NA,NA,NA,NA,NA,NA,NA,NA,NA,NA,NA,NA,NA,NA,NA,NA,NA,NA,NA,NA,NA,NA,NA,NA,NA,NA,NA,NA,NA,NA,NA,NA,NA,NA,NA,NA,NA,NA,NA,NA,NA,NA,NA,NA,101.091207729469,36.7576256801879,5,1.08911651575019e-15,0.968405797101449,0.05700648750532,2.6648309178744,0.707618692326352,0,0,2019,1995-06-10,NA,NA,NA,NA
"Jordyn Brooks","MIA","LB","14892","weighted",NA,NA,NA,NA,NA,NA,NA,NA,NA,NA,NA,NA,NA,NA,NA,NA,NA,NA,NA,NA,NA,NA,NA,NA,NA,NA,NA,NA,NA,NA,NA,NA,NA,NA,NA,NA,NA,NA,NA,NA,NA,NA,NA,NA,101.698743961353,36.4494762938182,2,0,0.317874396135266,0.570997329103885,3.85753623188406,0.151632576927075,0,0,2020,1997-10-21,NA,NA,NA,NA
"Foyesade Oluokun","JAC","LB","13813","weighted",NA,NA,NA,NA,NA,NA,NA,NA,NA,NA,NA,NA,NA,NA,NA,NA,NA,NA,NA,NA,NA,NA,NA,NA,NA,NA,NA,NA,NA,NA,NA,NA,NA,NA,NA,NA,NA,NA,NA,NA,NA,NA,NA,NA,103.187439613527,34.4645993924927,1,0,0.936811594202898,0.11401297501064,6.28492753623188,0.303265153854151,0.2,3.40348911171934e-17,2018,1995-08-02,NA,NA,NA,NA
"Logan Wilson","CIN","LB","14928","weighted",NA,NA,NA,NA,NA,NA,NA,NA,NA,NA,NA,NA,NA,NA,NA,NA,NA,NA,NA,NA,NA,NA,NA,NA,NA,NA,NA,NA,NA,NA,NA,NA,NA,NA,NA,NA,NA,NA,NA,NA,NA,NA,NA,NA,95.9207729468599,40.8626930668762,2,0,1.30106280193237,1.0937738470796,5.04748792270531,0.050544192309025,0,0,2020,1996-07-08,NA,NA,NA,NA
"Jack Campbell","DET","LB","16239","weighted",NA,NA,NA,NA,NA,NA,NA,NA,NA,NA,NA,NA,NA,NA,NA,NA,NA,NA,NA,NA,NA,NA,NA,NA,NA,NA,NA,NA,NA,NA,NA,NA,NA,NA,NA,NA,NA,NA,NA,NA,NA,NA,NA,NA,92.8850241545894,40.2795058022705,3,0,0.317874396135266,0.570997329103885,3.61734299516908,0.657074500017327,0,0,2023,2000-08-22,NA,NA,NA,NA
"Bobby Okereke","NYG","LB","14218","weighted",NA,NA,NA,NA,NA,NA,NA,NA,NA,NA,NA,NA,NA,NA,NA,NA,NA,NA,NA,NA,NA,NA,NA,NA,NA,NA,NA,NA,NA,NA,NA,NA,NA,NA,NA,NA,NA,NA,NA,NA,NA,NA,NA,NA,95.927536231884,36.9235068510098,1,0,0.968405797101449,0.05700648750532,5.61734299516908,0.657074500017327,0,0,2019,1970-01-01,NA,NA,NA,NA
"Fred Warner","SF","LB","13743","weighted",NA,NA,NA,NA,NA,NA,NA,NA,NA,NA,NA,NA,NA,NA,NA,NA,NA,NA,NA,NA,NA,NA,NA,NA,NA,NA,NA,NA,NA,NA,NA,NA,NA,NA,NA,NA,NA,NA,NA,NA,NA,NA,NA,NA,99.183961352657,33.331869914658,1,0,1.68212560386473,0.570997329103885,7.71507246376812,0.303265153854151,0.5,0,2018,1996-11-19,NA,NA,NA,NA
"Blake Cashman","MIN","LB","14251","weighted",NA,NA,NA,NA,NA,NA,NA,NA,NA,NA,NA,NA,NA,NA,NA,NA,NA,NA,NA,NA,NA,NA,NA,NA,NA,NA,NA,NA,NA,NA,NA,NA,NA,NA,NA,NA,NA,NA,NA,NA,NA,NA,NA,NA,89.5188405797101,40.5954332073521,5,1.08911651575019e-15,0.317874396135266,0.570997329103885,4.90502415458937,0.10108838461805,0,0,2019,1996-05-10,NA,NA,NA,NA
"Azeez Al-Shaair","HOU","LB","14590","weighted",NA,NA,NA,NA,NA,NA,NA,NA,NA,NA,NA,NA,NA,NA,NA,NA,NA,NA,NA,NA,NA,NA,NA,NA,NA,NA,NA,NA,NA,NA,NA,NA,NA,NA,NA,NA,NA,NA,NA,NA,NA,NA,NA,NA,96.7043478260869,33.7460168982576,2,0,0.317874396135266,0.570997329103885,3.52512077294686,0.505441923090252,0,0,2019,1997-08-04,NA,NA,NA,NA
"Quay Walker","GB","LB","15846","weighted",NA,NA,NA,NA,NA,NA,NA,NA,NA,NA,NA,NA,NA,NA,NA,NA,NA,NA,NA,NA,NA,NA,NA,NA,NA,NA,NA,NA,NA,NA,NA,NA,NA,NA,NA,NA,NA,NA,NA,NA,NA,NA,NA,NA,89.1564251207729,40.0494407224219,2,0,0.317874396135266,0.570997329103885,3.00275362318841,1.06142803848953,0,0,2022,2000-05-08,NA,NA,NA,NA
"Terrel Bernard","BUF","LB","15869","weighted",NA,NA,NA,NA,NA,NA,NA,NA,NA,NA,NA,NA,NA,NA,NA,NA,NA,NA,NA,NA,NA,NA,NA,NA,NA,NA,NA,NA,NA,NA,NA,NA,NA,NA,NA,NA,NA,NA,NA,NA,NA,NA,NA,NA,88.0791304347826,42.8978014155063,2,0,1.46096618357488,0.523314928940804,3.3351690821256,0.707618692326352,0,0,2022,1999-05-07,NA,NA,NA,NA
"Bobby Wagner","WAS","LB","10775","weighted",NA,NA,NA,NA,NA,NA,NA,NA,NA,NA,NA,NA,NA,NA,NA,NA,NA,NA,NA,NA,NA,NA,NA,NA,NA,NA,NA,NA,NA,NA,NA,NA,NA,NA,NA,NA,NA,NA,NA,NA,NA,NA,NA,NA,97.7285990338164,31.331850912446,3,0,0.317874396135266,0.570997329103885,2.81004830917874,0.202176769236101,0,0,2012,1990-06-27,NA,NA,NA,NA
"Edgerrin Cooper","GB","LB","16696","weighted",NA,NA,NA,NA,NA,NA,NA,NA,NA,NA,NA,NA,NA,NA,NA,NA,NA,NA,NA,NA,NA,NA,NA,NA,NA,NA,NA,NA,NA,NA,NA,NA,NA,NA,NA,NA,NA,NA,NA,NA,NA,NA,NA,NA,90.743961352657,36.1739352827045,2,0,0.810434782608696,0.34203892503192,3.76531400966184,1.31414900003465,0,0,2024,2001-11-17,NA,NA,NA,NA
"Dre Greenlaw","DEN","LB","14247","weighted",NA,NA,NA,NA,NA,NA,NA,NA,NA,NA,NA,NA,NA,NA,NA,NA,NA,NA,NA,NA,NA,NA,NA,NA,NA,NA,NA,NA,NA,NA,NA,NA,NA,NA,NA,NA,NA,NA,NA,NA,NA,NA,NA,NA,75.9932367149758,57.2316531943515,1,0,0.684057971014493,0.5700648750532,1.95526570048309,1.11197223079855,0,0,2019,1997-05-25,"O","Quadriceps",2025,0
"Demario Davis","NO","LB","10816","weighted",NA,NA,NA,NA,NA,NA,NA,NA,NA,NA,NA,NA,NA,NA,NA,NA,NA,NA,NA,NA,NA,NA,NA,NA,NA,NA,NA,NA,NA,NA,NA,NA,NA,NA,NA,NA,NA,NA,NA,NA,NA,NA,NA,NA,86.7246376811594,36.7285611489144,3,0,0.570628019323671,0.540742292404704,5.52236714975845,0.555986115399277,0,0,2012,1989-01-11,NA,NA,NA,NA
"Patrick Queen","PIT","LB","14896","weighted",NA,NA,NA,NA,NA,NA,NA,NA,NA,NA,NA,NA,NA,NA,NA,NA,NA,NA,NA,NA,NA,NA,NA,NA,NA,NA,NA,NA,NA,NA,NA,NA,NA,NA,NA,NA,NA,NA,NA,NA,NA,NA,NA,NA,87.9274396135266,34.3919542284181,2,0,0.810434782608696,0.34203892503192,6.3324154589372,0.353809346163176,0,0,2020,1999-08-13,NA,NA,NA,NA
"Christian Rozeboom","CAR","LB","15076","weighted",NA,NA,NA,NA,NA,NA,NA,NA,NA,NA,NA,NA,NA,NA,NA,NA,NA,NA,NA,NA,NA,NA,NA,NA,NA,NA,NA,NA,NA,NA,NA,NA,NA,NA,NA,NA,NA,NA,NA,NA,NA,NA,NA,NA,82.8366183574879,38.644305962629,1,0,0.570628019323671,0.540742292404704,3.56985507246377,0.606530307708302,0,0,2020,1997-01-30,NA,NA,NA,NA
"Tyrel Dodson","MIA","LB","14472","weighted",NA,NA,NA,NA,NA,NA,NA,NA,NA,NA,NA,NA,NA,NA,NA,NA,NA,NA,NA,NA,NA,NA,NA,NA,NA,NA,NA,NA,NA,NA,NA,NA,NA,NA,NA,NA,NA,NA,NA,NA,NA,NA,NA,NA,88.1149758454106,30.892427447023,2,0,1.88463768115942,1.59618165014896,5.18444444444444,2.32503284621516,0,0,2019,1998-06-25,NA,NA,NA,NA
"T.J. Edwards","CHI","LB","14322","weighted",NA,NA,NA,NA,NA,NA,NA,NA,NA,NA,NA,NA,NA,NA,NA,NA,NA,NA,NA,NA,NA,NA,NA,NA,NA,NA,NA,NA,NA,NA,NA,NA,NA,NA,NA,NA,NA,NA,NA,NA,NA,NA,NA,NA,95.4009661835749,23.9611277497329,2,0,1.31594202898551,0.5700648750532,4.52236714975845,0.555986115399277,0,0,2019,1996-08-12,"D","Hamstring",2025,0
"Lavonte David","TB","LB","10768","weighted",NA,NA,NA,NA,NA,NA,NA,NA,NA,NA,NA,NA,NA,NA,NA,NA,NA,NA,NA,NA,NA,NA,NA,NA,NA,NA,NA,NA,NA,NA,NA,NA,NA,NA,NA,NA,NA,NA,NA,NA,NA,NA,NA,NA,92.4809661835749,25.5598098857329,4,0,0.873623188405797,0.22802595002128,5.28492753623188,0.303265153854151,0,0,2012,1990-01-23,NA,NA,NA,NA
"Nate Landman","LAR","LB","16013","weighted",NA,NA,NA,NA,NA,NA,NA,NA,NA,NA,NA,NA,NA,NA,NA,NA,NA,NA,NA,NA,NA,NA,NA,NA,NA,NA,NA,NA,NA,NA,NA,NA,NA,NA,NA,NA,NA,NA,NA,NA,NA,NA,NA,NA,83.271497584541,33.4435000313404,1,0,0.524154589371981,0.506230706963667,3.47487922705314,0.505441923090252,0,0,2022,1998-11-19,NA,NA,NA,NA
"Nick Bolton","KC","LB","15355","weighted",NA,NA,NA,NA,NA,NA,NA,NA,NA,NA,NA,NA,NA,NA,NA,NA,NA,NA,NA,NA,NA,NA,NA,NA,NA,NA,NA,NA,NA,NA,NA,NA,NA,NA,NA,NA,NA,NA,NA,NA,NA,NA,NA,NA,93.5661835748792,23.935090950986,3,0,0.936811594202898,0.11401297501064,5.47212560386473,1.56686996157978,0,0,2021,2000-03-10,NA,NA,NA,NA
"Alex Anzalone","DET","LB","13268","weighted",NA,NA,NA,NA,NA,NA,NA,NA,NA,NA,NA,NA,NA,NA,NA,NA,NA,NA,NA,NA,NA,NA,NA,NA,NA,NA,NA,NA,NA,NA,NA,NA,NA,NA,NA,NA,NA,NA,NA,NA,NA,NA,NA,NA,92.4512077294686,23.9829963693981,2,0,0.317874396135266,0.570997329103885,5.81004830917874,0.202176769236101,0,0,2017,1994-09-22,NA,NA,NA,NA
"Germaine Pratt","LVR","LB","14210","weighted",NA,NA,NA,NA,NA,NA,NA,NA,NA,NA,NA,NA,NA,NA,NA,NA,NA,NA,NA,NA,NA,NA,NA,NA,NA,NA,NA,NA,NA,NA,NA,NA,NA,NA,NA,NA,NA,NA,NA,NA,NA,NA,NA,NA,69.7781642512077,44.6762747982867,1,0,1.1263768115942,0.22802595002128,3.23468599033816,1.31414900003465,0,0,2019,1970-01-01,NA,NA,NA,NA
"Quincy Williams","NYJ","LB","14221","weighted",NA,NA,NA,NA,NA,NA,NA,NA,NA,NA,NA,NA,NA,NA,NA,NA,NA,NA,NA,NA,NA,NA,NA,NA,NA,NA,NA,NA,NA,NA,NA,NA,NA,NA,NA,NA,NA,NA,NA,NA,NA,NA,NA,NA,90.4416425120773,22.2619325367535,2,0,0.317874396135266,0.570997329103885,5.43014492753623,0.606530307708302,0,0,2019,1996-08-28,NA,NA,NA,NA
"Tremaine Edmunds","CHI","LB","13697","weighted",NA,NA,NA,NA,NA,NA,NA,NA,NA,NA,NA,NA,NA,NA,NA,NA,NA,NA,NA,NA,NA,NA,NA,NA,NA,NA,NA,NA,NA,NA,NA,NA,NA,NA,NA,NA,NA,NA,NA,NA,NA,NA,NA,NA,77.2307246376811,33.0711064604654,2,0,1.31594202898551,0.5700648750532,7.23743961352657,0.252720961545126,0.4,6.80697822343867e-17,2018,1998-05-02,NA,NA,NA,NA
"Tyrice Knight","SEA","LB","16722","weighted",NA,NA,NA,NA,NA,NA,NA,NA,NA,NA,NA,NA,NA,NA,NA,NA,NA,NA,NA,NA,NA,NA,NA,NA,NA,NA,NA,NA,NA,NA,NA,NA,NA,NA,NA,NA,NA,NA,NA,NA,NA,NA,NA,NA,77.7346859903381,33.8704357425784,2,0,0.317874396135266,0.570997329103885,2.28768115942029,0.758162884635378,0,0,2024,1999-12-20,NA,NA,NA,NA
"Carson Schwesinger","CLE","LB","17147","weighted",NA,NA,NA,NA,NA,NA,NA,NA,NA,NA,NA,NA,NA,NA,NA,NA,NA,NA,NA,NA,NA,NA,NA,NA,NA,NA,NA,NA,NA,NA,NA,NA,NA,NA,NA,NA,NA,NA,NA,NA,NA,NA,NA,NA,83.7619323671498,27.383034708623,2,0,0.633816425120773,0.590752137860549,3.75705314009662,1.87013511543393,0,0,2025,2003-02-24,NA,NA,NA,NA
"Micah McFadden","NYG","LB","15890","weighted",NA,NA,NA,NA,NA,NA,NA,NA,NA,NA,NA,NA,NA,NA,NA,NA,NA,NA,NA,NA,NA,NA,NA,NA,NA,NA,NA,NA,NA,NA,NA,NA,NA,NA,NA,NA,NA,NA,NA,NA,NA,NA,NA,NA,76.3810628019324,31.676948026327,1,0,0.126376811594203,0.22802595002128,2.28492753623188,0.303265153854151,0,0,2022,2000-01-03,NA,NA,NA,NA
"Pete Werner","NO","LB","15387","weighted",NA,NA,NA,NA,NA,NA,NA,NA,NA,NA,NA,NA,NA,NA,NA,NA,NA,NA,NA,NA,NA,NA,NA,NA,NA,NA,NA,NA,NA,NA,NA,NA,NA,NA,NA,NA,NA,NA,NA,NA,NA,NA,NA,NA,74.7860869565217,31.1571142436916,1,0,0.126376811594203,0.22802595002128,1.37990338164251,0.404353538472201,0,0,2021,1999-06-05,NA,NA,NA,NA
"Drue Tranquill","KC","LB","14235","weighted",NA,NA,NA,NA,NA,NA,NA,NA,NA,NA,NA,NA,NA,NA,NA,NA,NA,NA,NA,NA,NA,NA,NA,NA,NA,NA,NA,NA,NA,NA,NA,NA,NA,NA,NA,NA,NA,NA,NA,NA,NA,NA,NA,NA,68.8143961352657,35.5608406537573,3,0,0,0,1.14246376811594,0.151632576927076,0,0,2019,1995-08-15,NA,NA,NA,NA
"Matt Milano","BUF","LB","13307","weighted",NA,NA,NA,NA,NA,NA,NA,NA,NA,NA,NA,NA,NA,NA,NA,NA,NA,NA,NA,NA,NA,NA,NA,NA,NA,NA,NA,NA,NA,NA,NA,NA,NA,NA,NA,NA,NA,NA,NA,NA,NA,NA,NA,NA,53.4695652173913,48.0932564652905,3,0,0.684057971014493,0.5700648750532,1.05024154589372,1.0108838461805,0,0,2017,NA,NA,NA,NA,NA
"Nakobe Dean","PHI","LB","15821","weighted",NA,NA,NA,NA,NA,NA,NA,NA,NA,NA,NA,NA,NA,NA,NA,NA,NA,NA,NA,NA,NA,NA,NA,NA,NA,NA,NA,NA,NA,NA,NA,NA,NA,NA,NA,NA,NA,NA,NA,NA,NA,NA,NA,NA,68.0686956521739,35.1396191858254,2,0,0.936811594202898,0.11401297501064,1.80729468599034,0.859251269253428,0,0,2022,2000-12-13,NA,"Knee",2025,0
"Cody Barton","TEN","LB","14217","weighted",NA,NA,NA,NA,NA,NA,NA,NA,NA,NA,NA,NA,NA,NA,NA,NA,NA,NA,NA,NA,NA,NA,NA,NA,NA,NA,NA,NA,NA,NA,NA,NA,NA,NA,NA,NA,NA,NA,NA,NA,NA,NA,NA,NA,79.6705314009662,25.3933749840637,2,0,1.34753623188406,0.62707136255852,4.71231884057971,0.758162884635378,0.6,1.36139564468773e-16,2019,1996-11-13,NA,NA,NA,NA
"Frankie Luvu","WAS","LB","13952","weighted",NA,NA,NA,NA,NA,NA,NA,NA,NA,NA,NA,NA,NA,NA,NA,NA,NA,NA,NA,NA,NA,NA,NA,NA,NA,NA,NA,NA,NA,NA,NA,NA,NA,NA,NA,NA,NA,NA,NA,NA,NA,NA,NA,NA,73.7449275362319,29.6193277863889,5,1.08911651575019e-15,1,0,6,0,0,0,2018,1996-09-19,NA,NA,NA,NA
"Trevin Wallace","CAR","LB","16704","weighted",NA,NA,NA,NA,NA,NA,NA,NA,NA,NA,NA,NA,NA,NA,NA,NA,NA,NA,NA,NA,NA,NA,NA,NA,NA,NA,NA,NA,NA,NA,NA,NA,NA,NA,NA,NA,NA,NA,NA,NA,NA,NA,NA,NA,65.7492753623188,28.1834562999376,1,0,0,0,2.18995169082126,0.202176769236101,0,0,2024,2003-02-22,NA,NA,NA,NA
"Elandon Roberts","LVR","LB","12831","weighted",NA,NA,NA,NA,NA,NA,NA,NA,NA,NA,NA,NA,NA,NA,NA,NA,NA,NA,NA,NA,NA,NA,NA,NA,NA,NA,NA,NA,NA,NA,NA,NA,NA,NA,NA,NA,NA,NA,NA,NA,NA,NA,NA,NA,67.3471497584541,21.3843145600151,2,0,0.189565217391304,0.34203892503192,1.80729468599034,0.859251269253428,0,0,2016,1994-04-22,NA,NA,NA,NA
"Henry To'oTo'o","HOU","LB","16236","weighted",NA,NA,NA,NA,NA,NA,NA,NA,NA,NA,NA,NA,NA,NA,NA,NA,NA,NA,NA,NA,NA,NA,NA,NA,NA,NA,NA,NA,NA,NA,NA,NA,NA,NA,NA,NA,NA,NA,NA,NA,NA,NA,NA,NA,68.096231884058,20.4696201457743,1,0,0.618937198067633,0.527856177068405,2.47487922705314,0.505441923090252,0,0,2023,2001-01-05,NA,NA,NA,NA
"Mack Wilson","ARI","LB","14169","weighted",NA,NA,NA,NA,NA,NA,NA,NA,NA,NA,NA,NA,NA,NA,NA,NA,NA,NA,NA,NA,NA,NA,NA,NA,NA,NA,NA,NA,NA,NA,NA,NA,NA,NA,NA,NA,NA,NA,NA,NA,NA,NA,NA,NA,63.7259903381642,22.0528774482056,4,0,0.936811594202898,0.11401297501064,3.95251207729469,0.0505441923090252,0,0,2019,1998-02-14,NA,NA,NA,NA
"Trenton Simpson","BAL","LB","16234","weighted",NA,NA,NA,NA,NA,NA,NA,NA,NA,NA,NA,NA,NA,NA,NA,NA,NA,NA,NA,NA,NA,NA,NA,NA,NA,NA,NA,NA,NA,NA,NA,NA,NA,NA,NA,NA,NA,NA,NA,NA,NA,NA,NA,NA,58.2582608695652,26.5702178120162,2,0,0.317874396135266,0.570997329103885,2.76256038647343,0.252720961545126,0,0,2023,2001-06-14,NA,NA,NA,NA
"Marist Liufau","DAL","LB","16707","weighted",NA,NA,NA,NA,NA,NA,NA,NA,NA,NA,NA,NA,NA,NA,NA,NA,NA,NA,NA,NA,NA,NA,NA,NA,NA,NA,NA,NA,NA,NA,NA,NA,NA,NA,NA,NA,NA,NA,NA,NA,NA,NA,NA,NA,53.1427053140097,29.2518997096155,2,0,0.317874396135266,0.570997329103885,1.52236714975845,0.555986115399277,0,0,2024,2001-02-09,NA,NA,NA,NA
"Kenneth Murray","DAL","LB","14889","weighted",NA,NA,NA,NA,NA,NA,NA,NA,NA,NA,NA,NA,NA,NA,NA,NA,NA,NA,NA,NA,NA,NA,NA,NA,NA,NA,NA,NA,NA,NA,NA,NA,NA,NA,NA,NA,NA,NA,NA,NA,NA,NA,NA,NA,57.2712077294686,26.3050045252716,2,0,0.397777777777778,0.563422947680743,1.47763285024155,0.555986115399277,0,0,2020,1998-11-16,NA,NA,NA,NA
"Devin Lloyd","JAC","LB","15822","weighted",NA,NA,NA,NA,NA,NA,NA,NA,NA,NA,NA,NA,NA,NA,NA,NA,NA,NA,NA,NA,NA,NA,NA,NA,NA,NA,NA,NA,NA,NA,NA,NA,NA,NA,NA,NA,NA,NA,NA,NA,NA,NA,NA,NA,72.6163285024155,14.3062956706156,1,0,1.27140096618357,0.694703515925891,5.38265700483092,0.657074500017327,0,0,2022,1998-09-30,NA,NA,NA,NA
"Akeem Davis-Gaither","ARI","LB","14943","weighted",NA,NA,NA,NA,NA,NA,NA,NA,NA,NA,NA,NA,NA,NA,NA,NA,NA,NA,NA,NA,NA,NA,NA,NA,NA,NA,NA,NA,NA,NA,NA,NA,NA,NA,NA,NA,NA,NA,NA,NA,NA,NA,NA,NA,54.5871497584541,25.9444185084326,1,0,0.936811594202898,0.11401297501064,3.71231884057971,0.758162884635378,0,0,2020,1997-09-21,NA,NA,NA,NA
"Demetrius Knight","CIN","LB","17125","weighted",NA,NA,NA,NA,NA,NA,NA,NA,NA,NA,NA,NA,NA,NA,NA,NA,NA,NA,NA,NA,NA,NA,NA,NA,NA,NA,NA,NA,NA,NA,NA,NA,NA,NA,NA,NA,NA,NA,NA,NA,NA,NA,NA,NA,60.7429951690821,20.2451318790945,1,0,0.412657004830918,0.514469104451476,2.61734299516908,0.657074500017327,0,0,2025,2000-07-21,NA,NA,NA,NA
"Jahlani Tavai","NE","LB","14200","weighted",NA,NA,NA,NA,NA,NA,NA,NA,NA,NA,NA,NA,NA,NA,NA,NA,NA,NA,NA,NA,NA,NA,NA,NA,NA,NA,NA,NA,NA,NA,NA,NA,NA,NA,NA,NA,NA,NA,NA,NA,NA,NA,NA,NA,48.708309178744,29.7799141059508,1,0,0.349468599033816,0.5468869235398,1.18995169082126,0.202176769236101,0,0,2019,NA,NA,"Undisclosed",2025,0
"Dee Winters","SF","LB","16346","weighted",NA,NA,NA,NA,NA,NA,NA,NA,NA,NA,NA,NA,NA,NA,NA,NA,NA,NA,NA,NA,NA,NA,NA,NA,NA,NA,NA,NA,NA,NA,NA,NA,NA,NA,NA,NA,NA,NA,NA,NA,NA,NA,NA,NA,58.8646341463415,29.9813275223096,1,0,0.601219512195122,0.565685424949238,4.4,0,0,0,2023,2000-10-17,NA,NA,NA,NA
"Jack Sanborn","DAL","LB","15975","weighted",NA,NA,NA,NA,NA,NA,NA,NA,NA,NA,NA,NA,NA,NA,NA,NA,NA,NA,NA,NA,NA,NA,NA,NA,NA,NA,NA,NA,NA,NA,NA,NA,NA,NA,NA,NA,NA,NA,NA,NA,NA,NA,NA,NA,56.778328611898,29.3449314192417,NA,NA,0.370538243626062,0.565685424949238,2.41685552407932,0.636396103067893,0.3,0,2022,2000-07-29,NA,NA,NA,NA
"Jaylon Carlies","IND","LB","16738","weighted",NA,NA,NA,NA,NA,NA,NA,NA,NA,NA,NA,NA,NA,NA,NA,NA,NA,NA,NA,NA,NA,NA,NA,NA,NA,NA,NA,NA,NA,NA,NA,NA,NA,NA,NA,NA,NA,NA,NA,NA,NA,NA,NA,NA,50.54,36.6602391533167,1,0,0,0,1.57536231884058,1.51632576927076,0.6,1.36139564468773e-16,2024,2001-09-13,NA,"Ankle",2025,0
"Jerome Baker","CLE","LB","13706","weighted",NA,NA,NA,NA,NA,NA,NA,NA,NA,NA,NA,NA,NA,NA,NA,NA,NA,NA,NA,NA,NA,NA,NA,NA,NA,NA,NA,NA,NA,NA,NA,NA,NA,NA,NA,NA,NA,NA,NA,NA,NA,NA,NA,NA,49.1137198067633,28.030468609953,1,0,0.684057971014493,0.5700648750532,3.14521739130435,0.909795461562453,0,0,2018,1996-12-25,NA,NA,NA,NA
"Ivan Pace","MIN","LB","16383","weighted",NA,NA,NA,NA,NA,NA,NA,NA,NA,NA,NA,NA,NA,NA,NA,NA,NA,NA,NA,NA,NA,NA,NA,NA,NA,NA,NA,NA,NA,NA,NA,NA,NA,NA,NA,NA,NA,NA,NA,NA,NA,NA,NA,NA,61.9217391304348,7.39961809103817,2,0,0.808502415458937,0.706288406401684,2.42739130434783,0.454897730781227,0.6,1.36139564468773e-16,2023,2000-12-16,NA,NA,NA,NA
"James Williams","TEN","LB","16793","weighted",NA,NA,NA,NA,NA,NA,NA,NA,NA,NA,NA,NA,NA,NA,NA,NA,NA,NA,NA,NA,NA,NA,NA,NA,NA,NA,NA,NA,NA,NA,NA,NA,NA,NA,NA,NA,NA,NA,NA,NA,NA,NA,NA,NA,57.030487804878,14.1421356237309,1,0,0.249237804878049,0.353553390593274,1.9,0,0,0,2024,2003-02-15,NA,NA,NA,NA
"SirVocea Dennis","TB","LB","16314","weighted",NA,NA,NA,NA,NA,NA,NA,NA,NA,NA,NA,NA,NA,NA,NA,NA,NA,NA,NA,NA,NA,NA,NA,NA,NA,NA,NA,NA,NA,NA,NA,NA,NA,NA,NA,NA,NA,NA,NA,NA,NA,NA,NA,NA,53.0894817073171,18.3140656327316,1,0,0.149542682926829,0.212132034355964,2.9,0,0,0,2023,2000-03-09,NA,NA,NA,NA
"Devin White","LVR","LB","14168","weighted",NA,NA,NA,NA,NA,NA,NA,NA,NA,NA,NA,NA,NA,NA,NA,NA,NA,NA,NA,NA,NA,NA,NA,NA,NA,NA,NA,NA,NA,NA,NA,NA,NA,NA,NA,NA,NA,NA,NA,NA,NA,NA,NA,NA,39.6203966005666,31.1126983722081,NA,NA,0,0,1.07365439093484,1.4142135623731,0,0,2019,1970-01-01,NA,NA,NA,NA
"Payton Wilson","PIT","LB","16716","weighted",NA,NA,NA,NA,NA,NA,NA,NA,NA,NA,NA,NA,NA,NA,NA,NA,NA,NA,NA,NA,NA,NA,NA,NA,NA,NA,NA,NA,NA,NA,NA,NA,NA,NA,NA,NA,NA,NA,NA,NA,NA,NA,NA,NA,52.7934844192635,9.47523086789974,NA,NA,1.04631728045326,0.0707106781186548,2.13895184135977,0.212132034355964,1,0,2024,2000-04-21,NA,NA,NA,NA
"Cedric Gray","TEN","LB","16667","weighted",NA,NA,NA,NA,NA,NA,NA,NA,NA,NA,NA,NA,NA,NA,NA,NA,NA,NA,NA,NA,NA,NA,NA,NA,NA,NA,NA,NA,NA,NA,NA,NA,NA,NA,NA,NA,NA,NA,NA,NA,NA,NA,NA,NA,37.778328611898,29.3449314192417,NA,NA,0,0,1.61048158640227,2.12132034355964,0,0,2024,2002-10-30,NA,NA,NA,NA
"Divine Deablo","ATL","LB","15396","weighted",NA,NA,NA,NA,NA,NA,NA,NA,NA,NA,NA,NA,NA,NA,NA,NA,NA,NA,NA,NA,NA,NA,NA,NA,NA,NA,NA,NA,NA,NA,NA,NA,NA,NA,NA,NA,NA,NA,NA,NA,NA,NA,NA,NA,51.2019830028329,5.79827560572969,NA,NA,0.536827195467422,0.707106781186548,2.37053824362606,0.565685424949238,0,0,2021,1998-08-17,NA,NA,NA,NA
"Omar Speights","LAR","LB","16870","weighted",NA,NA,NA,NA,NA,NA,NA,NA,NA,NA,NA,NA,NA,NA,NA,NA,NA,NA,NA,NA,NA,NA,NA,NA,NA,NA,NA,NA,NA,NA,NA,NA,NA,NA,NA,NA,NA,NA,NA,NA,NA,NA,NA,NA,53.0463172804533,0.0707106781186558,NA,NA,0,0,2.37053824362606,0.565685424949238,0,0,2024,2001-03-02,NA,NA,NA,NA
"Jack Gibbens","NE","LB","16009","weighted",NA,NA,NA,NA,NA,NA,NA,NA,NA,NA,NA,NA,NA,NA,NA,NA,NA,NA,NA,NA,NA,NA,NA,NA,NA,NA,NA,NA,NA,NA,NA,NA,NA,NA,NA,NA,NA,NA,NA,NA,NA,NA,NA,NA,29.5171388101983,35.850313806158,NA,NA,0,0,1.07365439093484,1.4142135623731,0,0,2022,1998-11-24,NA,NA,NA,NA
"Junior Colson","LAC","LB","16665","weighted",NA,NA,NA,NA,NA,NA,NA,NA,NA,NA,NA,NA,NA,NA,NA,NA,NA,NA,NA,NA,NA,NA,NA,NA,NA,NA,NA,NA,NA,NA,NA,NA,NA,NA,NA,NA,NA,NA,NA,NA,NA,NA,NA,NA,34.9742209631728,24.4658946290545,NA,NA,0,0,1.72209631728045,0.424264068711929,0,0,2024,2002-12-06,"IR","Shoulder",2025,0
"Dorian Williams","BUF","LB","16284","weighted",NA,NA,NA,NA,NA,NA,NA,NA,NA,NA,NA,NA,NA,NA,NA,NA,NA,NA,NA,NA,NA,NA,NA,NA,NA,NA,NA,NA,NA,NA,NA,NA,NA,NA,NA,NA,NA,NA,NA,NA,NA,NA,NA,NA,39.8086402266289,10.3944696834423,NA,NA,0,0,0.536827195467422,0.707106781186548,0,0,2023,2001-06-28,NA,NA,NA,NA
"Christian Elliss","NE","LB","15681","weighted",NA,NA,NA,NA,NA,NA,NA,NA,NA,NA,NA,NA,NA,NA,NA,NA,NA,NA,NA,NA,NA,NA,NA,NA,NA,NA,NA,NA,NA,NA,NA,NA,NA,NA,NA,NA,NA,NA,NA,NA,NA,NA,NA,NA,46.6484419263456,0.989949493661166,NA,NA,0.277903682719547,0.424264068711929,3.15793201133144,1.76776695296637,0,0,2021,1999-01-02,NA,NA,NA,NA
"E.J. Speed","HOU","LB","14257","weighted",NA,NA,NA,NA,NA,NA,NA,NA,NA,NA,NA,NA,NA,NA,NA,NA,NA,NA,NA,NA,NA,NA,NA,NA,NA,NA,NA,NA,NA,NA,NA,NA,NA,NA,NA,NA,NA,NA,NA,NA,NA,NA,NA,NA,40.743342776204,8.76812408671319,NA,NA,0.277903682719547,0.424264068711929,2.06529745042493,1.62634559672906,0,0,2019,1995-06-01,NA,NA,NA,NA
"Isaiah McDuffie","GB","LB","15473","weighted",NA,NA,NA,NA,NA,NA,NA,NA,NA,NA,NA,NA,NA,NA,NA,NA,NA,NA,NA,NA,NA,NA,NA,NA,NA,NA,NA,NA,NA,NA,NA,NA,NA,NA,NA,NA,NA,NA,NA,NA,NA,NA,NA,NA,41.1177053824363,8.98025612106916,NA,NA,0.0926345609065156,0.14142135623731,2.04631728045326,0.0707106781186548,0,0,2021,1999-07-21,NA,NA,NA,NA
"Leo Chenal","KC","LB","15831","weighted",NA,NA,NA,NA,NA,NA,NA,NA,NA,NA,NA,NA,NA,NA,NA,NA,NA,NA,NA,NA,NA,NA,NA,NA,NA,NA,NA,NA,NA,NA,NA,NA,NA,NA,NA,NA,NA,NA,NA,NA,NA,NA,NA,NA,37.943059490085,4.66690475583122,NA,NA,0.536827195467422,0.707106781186548,2.13895184135977,0.212132034355964,0,0,2022,2000-10-26,NA,NA,NA,NA
"Jihaad Campbell","PHI","LB","17123","weighted",NA,NA,NA,NA,NA,NA,NA,NA,NA,NA,NA,NA,NA,NA,NA,NA,NA,NA,NA,NA,NA,NA,NA,NA,NA,NA,NA,NA,NA,NA,NA,NA,NA,NA,NA,NA,NA,NA,NA,NA,NA,NA,NA,NA,26.5869688385269,18.9504617357995,NA,NA,0,0,0.953682719546742,0.0707106781186548,0,0,2025,1999-10-08,NA,NA,NA,NA
"Jihaad Campbell","PHI","LB","17123","weighted",NA,NA,NA,NA,NA,NA,NA,NA,NA,NA,NA,NA,NA,NA,NA,NA,NA,NA,NA,NA,NA,NA,NA,NA,NA,NA,NA,NA,NA,NA,NA,NA,NA,NA,NA,NA,NA,NA,NA,NA,NA,NA,NA,NA,26.5869688385269,18.9504617357995,NA,NA,0,0,0.953682719546742,0.0707106781186548,0,0,2025,2004-02-24,NA,NA,NA,NA
"Troy Andersen","ATL","LB","15858","weighted",NA,NA,NA,NA,NA,NA,NA,NA,NA,NA,NA,NA,NA,NA,NA,NA,NA,NA,NA,NA,NA,NA,NA,NA,NA,NA,NA,NA,NA,NA,NA,NA,NA,NA,NA,NA,NA,NA,NA,NA,NA,NA,NA,NA,29.2186968838527,11.879393923934,NA,NA,0.0926345609065156,0.14142135623731,1.16628895184136,1.27279220613579,0.2,0,2022,1999-04-23,NA,"Knee",2025,0
"DeMarvion Overshown","DAL","LB","16283","weighted",NA,NA,NA,NA,NA,NA,NA,NA,NA,NA,NA,NA,NA,NA,NA,NA,NA,NA,NA,NA,NA,NA,NA,NA,NA,NA,NA,NA,NA,NA,NA,NA,NA,NA,NA,NA,NA,NA,NA,NA,NA,NA,NA,NA,28.014447592068,13.717871555019,NA,NA,0,0,1.53682719546742,0.707106781186548,0,0,2023,2000-08-13,NA,"Knee - ACL + MCL",2025,0
"Cody Simon","ARI","LB","17178","weighted",NA,NA,NA,NA,NA,NA,NA,NA,NA,NA,NA,NA,NA,NA,NA,NA,NA,NA,NA,NA,NA,NA,NA,NA,NA,NA,NA,NA,NA,NA,NA,NA,NA,NA,NA,NA,NA,NA,NA,NA,NA,NA,NA,NA,17.2650141643059,11.8086832458153,NA,NA,0,0,1.62946175637394,0.565685424949238,0,0,2025,2002-04-01,NA,NA,NA,NA
"Budda Baker","ARI","DB","13251","weighted",NA,NA,NA,NA,NA,NA,NA,NA,NA,NA,NA,NA,NA,NA,NA,NA,NA,NA,NA,NA,NA,NA,NA,NA,NA,NA,NA,NA,NA,NA,NA,NA,NA,NA,NA,NA,NA,NA,NA,NA,NA,NA,NA,NA,105.28193236715,26.6904075404327,1,0,1.06512077294686,0.880704458917579,3.52236714975845,0.555986115399277,0,0,2017,1996-01-10,NA,NA,NA,NA
"Nick Cross","IND","DB","15839","weighted",NA,NA,NA,NA,NA,NA,NA,NA,NA,NA,NA,NA,NA,NA,NA,NA,NA,NA,NA,NA,NA,NA,NA,NA,NA,NA,NA,NA,NA,NA,NA,NA,NA,NA,NA,NA,NA,NA,NA,NA,NA,NA,NA,NA,87.6726570048309,31.2476399546777,1,0,2.94782608695652,1.7101946251596,4.80729468599034,0.859251269253428,0,0,2022,2001-09-10,NA,NA,NA,NA
"Brian Branch","DET","DB","16244","weighted",NA,NA,NA,NA,NA,NA,NA,NA,NA,NA,NA,NA,NA,NA,NA,NA,NA,NA,NA,NA,NA,NA,NA,NA,NA,NA,NA,NA,NA,NA,NA,NA,NA,NA,NA,NA,NA,NA,NA,NA,NA,NA,NA,NA,95.0214492753623,23.8197124889763,1,0,3.82338164251208,0.821421435568415,14.1452173913043,0.909795461562454,0,0,2023,2001-10-22,NA,NA,NA,NA
"DeShon Elliott","PIT","DB","13806","weighted",NA,NA,NA,NA,NA,NA,NA,NA,NA,NA,NA,NA,NA,NA,NA,NA,NA,NA,NA,NA,NA,NA,NA,NA,NA,NA,NA,NA,NA,NA,NA,NA,NA,NA,NA,NA,NA,NA,NA,NA,NA,NA,NA,NA,88.5793236714976,29.2349868624346,1,0,1.73053140096618,1.07339888298735,6.04748792270531,0.050544192309025,0,0,2018,1997-04-21,NA,NA,NA,NA
"Kevin Byard","CHI","DB","12752","weighted",NA,NA,NA,NA,NA,NA,NA,NA,NA,NA,NA,NA,NA,NA,NA,NA,NA,NA,NA,NA,NA,NA,NA,NA,NA,NA,NA,NA,NA,NA,NA,NA,NA,NA,NA,NA,NA,NA,NA,NA,NA,NA,NA,NA,92.5845410628019,26.711722701207,0,0,1.8104347826087,0.34203892503192,7.04473429951691,1.11197223079855,0,0,2016,1993-08-17,NA,NA,NA,NA
"Jaquan Brisker","CHI","DB","15835","weighted",NA,NA,NA,NA,NA,NA,NA,NA,NA,NA,NA,NA,NA,NA,NA,NA,NA,NA,NA,NA,NA,NA,NA,NA,NA,NA,NA,NA,NA,NA,NA,NA,NA,NA,NA,NA,NA,NA,NA,NA,NA,NA,NA,NA,84.5683091787439,29.8460385348023,1,0,1.66541062801932,0.62211754358461,5.75705314009662,1.87013511543393,0,0,2022,1999-04-20,NA,NA,NA,NA
"Jeremy Chinn","LVR","DB","14927","weighted",NA,NA,NA,NA,NA,NA,NA,NA,NA,NA,NA,NA,NA,NA,NA,NA,NA,NA,NA,NA,NA,NA,NA,NA,NA,NA,NA,NA,NA,NA,NA,NA,NA,NA,NA,NA,NA,NA,NA,NA,NA,NA,NA,NA,87.0328502415459,23.4108904932593,1,0,1.50743961352657,0.511677908595762,6.42463768115942,1.51632576927076,0,0,2020,1998-02-26,NA,NA,NA,NA
"Tyler Nubin","NYG","DB","16679","weighted",NA,NA,NA,NA,NA,NA,NA,NA,NA,NA,NA,NA,NA,NA,NA,NA,NA,NA,NA,NA,NA,NA,NA,NA,NA,NA,NA,NA,NA,NA,NA,NA,NA,NA,NA,NA,NA,NA,NA,NA,NA,NA,NA,NA,80.3474396135266,28.4037540177372,0,0,0.968405797101449,0.05700648750532,2.6648309178744,0.707618692326352,0,0,2024,2001-06-14,NA,NA,NA,NA
"Grant Delpit","CLE","DB","14907","weighted",NA,NA,NA,NA,NA,NA,NA,NA,NA,NA,NA,NA,NA,NA,NA,NA,NA,NA,NA,NA,NA,NA,NA,NA,NA,NA,NA,NA,NA,NA,NA,NA,NA,NA,NA,NA,NA,NA,NA,NA,NA,NA,NA,NA,86.1961352657005,22.7979452500549,1,0,1.23980676328502,0.734951401383043,3.28768115942029,0.758162884635378,0.5,0,2020,1998-09-20,NA,NA,NA,NA
"Antoine Winfield","TB","DB","14909","weighted",NA,NA,NA,NA,NA,NA,NA,NA,NA,NA,NA,NA,NA,NA,NA,NA,NA,NA,NA,NA,NA,NA,NA,NA,NA,NA,NA,NA,NA,NA,NA,NA,NA,NA,NA,NA,NA,NA,NA,NA,NA,NA,NA,NA,86.824154589372,21.1251111986374,2,0,2,0,8,0,0,0,2020,1998-08-16,NA,NA,NA,NA
"Kyle Hamilton","BAL","DB","15834","weighted",NA,NA,NA,NA,NA,NA,NA,NA,NA,NA,NA,NA,NA,NA,NA,NA,NA,NA,NA,NA,NA,NA,NA,NA,NA,NA,NA,NA,NA,NA,NA,NA,NA,NA,NA,NA,NA,NA,NA,NA,NA,NA,NA,NA,88.4840579710145,16.406607706194,2,0,2.22115942028986,0.39904541253724,10.6648309178744,0.707618692326353,0.5,0,2022,2001-03-16,NA,NA,NA,NA
"Jordan Battle","CIN","DB","16245","weighted",NA,NA,NA,NA,NA,NA,NA,NA,NA,NA,NA,NA,NA,NA,NA,NA,NA,NA,NA,NA,NA,NA,NA,NA,NA,NA,NA,NA,NA,NA,NA,NA,NA,NA,NA,NA,NA,NA,NA,NA,NA,NA,NA,NA,80.9714975845411,21.8246247217592,1,0,2.34753623188406,0.62707136255852,6.51685990338164,2.67884219237833,0.7,1.36139564468773e-16,2023,2000-12-14,NA,NA,NA,NA
"Jalen Thompson","ARI","DB","14518","weighted",NA,NA,NA,NA,NA,NA,NA,NA,NA,NA,NA,NA,NA,NA,NA,NA,NA,NA,NA,NA,NA,NA,NA,NA,NA,NA,NA,NA,NA,NA,NA,NA,NA,NA,NA,NA,NA,NA,NA,NA,NA,NA,NA,NA,77.4972946859903,24.2977411139591,1,0,1.01487922705314,1.02335581719152,3.7095652173913,1.81959092312491,0,0,2019,1998-07-18,NA,NA,NA,NA
"Quentin Lake","LAR","DB","15923","weighted",NA,NA,NA,NA,NA,NA,NA,NA,NA,NA,NA,NA,NA,NA,NA,NA,NA,NA,NA,NA,NA,NA,NA,NA,NA,NA,NA,NA,NA,NA,NA,NA,NA,NA,NA,NA,NA,NA,NA,NA,NA,NA,NA,NA,78.6483091787439,22.6293032613316,1,0,0.381062801932367,0.527856177068405,5.90227053140097,0.960339653871478,0,0,2022,1999-01-29,NA,NA,NA,NA
"Brandon Jones","DEN","DB","14910","weighted",NA,NA,NA,NA,NA,NA,NA,NA,NA,NA,NA,NA,NA,NA,NA,NA,NA,NA,NA,NA,NA,NA,NA,NA,NA,NA,NA,NA,NA,NA,NA,NA,NA,NA,NA,NA,NA,NA,NA,NA,NA,NA,NA,NA,84.3961352657005,18.8410976280454,1,0,2.15990338164251,0.747190305008916,6.14246376811594,0.151632576927075,0,0,2020,1998-04-02,NA,NA,NA,NA
"Derwin James","LAC","DB","13714","weighted",NA,NA,NA,NA,NA,NA,NA,NA,NA,NA,NA,NA,NA,NA,NA,NA,NA,NA,NA,NA,NA,NA,NA,NA,NA,NA,NA,NA,NA,NA,NA,NA,NA,NA,NA,NA,NA,NA,NA,NA,NA,NA,NA,NA,82.8502415458937,16.0617692026302,3,0,1.44425120772947,0.507172805300447,7.18995169082126,0.202176769236101,0,0,2018,1996-08-03,NA,NA,NA,NA
"Trevon Moehrig","CAR","DB","15365","weighted",NA,NA,NA,NA,NA,NA,NA,NA,NA,NA,NA,NA,NA,NA,NA,NA,NA,NA,NA,NA,NA,NA,NA,NA,NA,NA,NA,NA,NA,NA,NA,NA,NA,NA,NA,NA,NA,NA,NA,NA,NA,NA,NA,NA,79.2386473429952,19.7110918755233,2,0,2.44425120772947,0.507172805300447,9.90227053140097,0.960339653871478,0,0,2021,1999-06-16,NA,NA,NA,NA
"Tony Adams","NYJ","DB","16014","weighted",NA,NA,NA,NA,NA,NA,NA,NA,NA,NA,NA,NA,NA,NA,NA,NA,NA,NA,NA,NA,NA,NA,NA,NA,NA,NA,NA,NA,NA,NA,NA,NA,NA,NA,NA,NA,NA,NA,NA,NA,NA,NA,NA,NA,64.8280193236715,33.9724782546412,1,0,2.17091787439614,1.37099737725191,6.99173913043478,3.18428411546859,0,0,2022,1999-01-24,NA,NA,NA,NA
"Reed Blankenship","PHI","DB","16018","weighted",NA,NA,NA,NA,NA,NA,NA,NA,NA,NA,NA,NA,NA,NA,NA,NA,NA,NA,NA,NA,NA,NA,NA,NA,NA,NA,NA,NA,NA,NA,NA,NA,NA,NA,NA,NA,NA,NA,NA,NA,NA,NA,NA,NA,76.495652173913,21.4030026295822,0,0,3.72473429951691,2.20492244991968,9.09222222222222,1.16251642310758,1.8,2.72279128937547e-16,2022,1999-03-02,NA,NA,NA,NA
"Julian Love","SEA","DB","14179","weighted",NA,NA,NA,NA,NA,NA,NA,NA,NA,NA,NA,NA,NA,NA,NA,NA,NA,NA,NA,NA,NA,NA,NA,NA,NA,NA,NA,NA,NA,NA,NA,NA,NA,NA,NA,NA,NA,NA,NA,NA,NA,NA,NA,NA,85.7275362318841,12.8738107178989,0,0,3.15797101449275,0.2850324375266,12.2821739130435,1.36469319234368,0,0,2019,1998-03-19,NA,NA,NA,NA
"Josh Metellus","MIN","DB","14995","weighted",NA,NA,NA,NA,NA,NA,NA,NA,NA,NA,NA,NA,NA,NA,NA,NA,NA,NA,NA,NA,NA,NA,NA,NA,NA,NA,NA,NA,NA,NA,NA,NA,NA,NA,NA,NA,NA,NA,NA,NA,NA,NA,NA,NA,68.2777777777778,28.5009117236585,2,0,1.56869565217391,1.02611677509576,5.18444444444444,2.32503284621516,0,0,2020,1998-01-21,NA,NA,NA,NA
"Jessie Bates","ATL","DB","13737","weighted",NA,NA,NA,NA,NA,NA,NA,NA,NA,NA,NA,NA,NA,NA,NA,NA,NA,NA,NA,NA,NA,NA,NA,NA,NA,NA,NA,NA,NA,NA,NA,NA,NA,NA,NA,NA,NA,NA,NA,NA,NA,NA,NA,NA,81.2403864734299,15.2135869439745,0,0,3.68212560386473,0.570997329103885,9.76256038647343,0.252720961545126,1.4,2.72279128937547e-16,2018,1997-02-26,NA,NA,NA,NA
"Camryn Bynum","IND","DB","15418","weighted",NA,NA,NA,NA,NA,NA,NA,NA,NA,NA,NA,NA,NA,NA,NA,NA,NA,NA,NA,NA,NA,NA,NA,NA,NA,NA,NA,NA,NA,NA,NA,NA,NA,NA,NA,NA,NA,NA,NA,NA,NA,NA,NA,NA,77.3227053140097,18.3969868099018,0,0,3.01294685990338,1.11106233565436,9.3324154589372,0.353809346163176,0.4,6.80697822343867e-17,2021,1998-07-19,NA,NA,NA,NA
"Jalen Pitre","HOU","DB","15850","weighted",NA,NA,NA,NA,NA,NA,NA,NA,NA,NA,NA,NA,NA,NA,NA,NA,NA,NA,NA,NA,NA,NA,NA,NA,NA,NA,NA,NA,NA,NA,NA,NA,NA,NA,NA,NA,NA,NA,NA,NA,NA,NA,NA,NA,70.4293719806763,24.7995685599049,2,0,1.62086956521739,0.68407785006384,7.28492753623188,0.303265153854151,0,0,2022,1999-06-03,NA,NA,NA,NA
"Talanoa Hufanga","DEN","DB","15452","weighted",NA,NA,NA,NA,NA,NA,NA,NA,NA,NA,NA,NA,NA,NA,NA,NA,NA,NA,NA,NA,NA,NA,NA,NA,NA,NA,NA,NA,NA,NA,NA,NA,NA,NA,NA,NA,NA,NA,NA,NA,NA,NA,NA,NA,67.724154589372,23.8317051009843,0,0,1.65053140096618,0.5468869235398,5.75980676328502,0.808707076944403,0.8,1.36139564468773e-16,2021,2000-02-01,NA,NA,NA,NA
"Justin Reid","NO","DB","13717","weighted",NA,NA,NA,NA,NA,NA,NA,NA,NA,NA,NA,NA,NA,NA,NA,NA,NA,NA,NA,NA,NA,NA,NA,NA,NA,NA,NA,NA,NA,NA,NA,NA,NA,NA,NA,NA,NA,NA,NA,NA,NA,NA,NA,NA,70.4103381642512,21.3069583954605,1,0,2.31787439613527,0.570997329103885,8.52236714975845,0.555986115399277,0,0,2018,1997-02-15,NA,NA,NA,NA
"Paulson Adebo","NYG","DB","15394","weighted",NA,NA,NA,NA,NA,NA,NA,NA,NA,NA,NA,NA,NA,NA,NA,NA,NA,NA,NA,NA,NA,NA,NA,NA,NA,NA,NA,NA,NA,NA,NA,NA,NA,NA,NA,NA,NA,NA,NA,NA,NA,NA,NA,NA,62.0074396135266,27.8175194373148,0,0,2.55768115942029,0.79809082507448,10.4384057971014,3.79081442317689,0,0,2021,1999-07-03,NA,NA,NA,NA
"Deommodore Lenoir","SF","DB","15445","weighted",NA,NA,NA,NA,NA,NA,NA,NA,NA,NA,NA,NA,NA,NA,NA,NA,NA,NA,NA,NA,NA,NA,NA,NA,NA,NA,NA,NA,NA,NA,NA,NA,NA,NA,NA,NA,NA,NA,NA,NA,NA,NA,NA,NA,63.8585507246377,25.8571549375026,1,0,1.62086956521739,0.68407785006384,7.09772946859903,0.960339653871478,0.9,1.36139564468773e-16,2021,1999-10-06,NA,NA,NA,NA
"Isaiah Pola-Mao","LVR","DB","16102","weighted",NA,NA,NA,NA,NA,NA,NA,NA,NA,NA,NA,NA,NA,NA,NA,NA,NA,NA,NA,NA,NA,NA,NA,NA,NA,NA,NA,NA,NA,NA,NA,NA,NA,NA,NA,NA,NA,NA,NA,NA,NA,NA,NA,NA,68.5455072463768,20.7565363147361,1,0,1.22309178743961,0.667752014875981,5.51961352657005,1.61741415388881,0,0,2022,1999-06-30,NA,NA,NA,NA
"Devon Witherspoon","SEA","DB","16241","weighted",NA,NA,NA,NA,NA,NA,NA,NA,NA,NA,NA,NA,NA,NA,NA,NA,NA,NA,NA,NA,NA,NA,NA,NA,NA,NA,NA,NA,NA,NA,NA,NA,NA,NA,NA,NA,NA,NA,NA,NA,NA,NA,NA,NA,70.772270531401,17.7953074766873,1,0,0.684057971014493,0.5700648750532,10.5753623188406,1.51632576927076,0,0,2023,2000-12-11,NA,NA,NA,NA
"Daxton Hill","CIN","DB","15836","weighted",NA,NA,NA,NA,NA,NA,NA,NA,NA,NA,NA,NA,NA,NA,NA,NA,NA,NA,NA,NA,NA,NA,NA,NA,NA,NA,NA,NA,NA,NA,NA,NA,NA,NA,NA,NA,NA,NA,NA,NA,NA,NA,NA,NA,61.4535265700483,26.9407611775065,1,0,1.33458937198068,0.62211754358461,5.9580193236715,2.17340026928808,0.6,1.36139564468773e-16,2022,2000-09-29,NA,NA,NA,NA
"DaRon Bland","DAL","DB","15904","weighted",NA,NA,NA,NA,NA,NA,NA,NA,NA,NA,NA,NA,NA,NA,NA,NA,NA,NA,NA,NA,NA,NA,NA,NA,NA,NA,NA,NA,NA,NA,NA,NA,NA,NA,NA,NA,NA,NA,NA,NA,NA,NA,NA,NA,57.860193236715,27.7445687636273,0,0,2.60599033816425,1.31388259280664,8.76531400966184,1.31414900003465,0,0,2022,1999-07-12,NA,NA,NA,NA
"Amani Hooker","TEN","DB","14182","weighted",NA,NA,NA,NA,NA,NA,NA,NA,NA,NA,NA,NA,NA,NA,NA,NA,NA,NA,NA,NA,NA,NA,NA,NA,NA,NA,NA,NA,NA,NA,NA,NA,NA,NA,NA,NA,NA,NA,NA,NA,NA,NA,NA,NA,62.091884057971,24.6060621671408,1,0,3.44425120772947,0.507172805300447,6.76256038647343,0.252720961545126,0,0,2019,1998-06-14,NA,NA,NA,NA
"Mike Sainristil","WAS","DB","16698","weighted",NA,NA,NA,NA,NA,NA,NA,NA,NA,NA,NA,NA,NA,NA,NA,NA,NA,NA,NA,NA,NA,NA,NA,NA,NA,NA,NA,NA,NA,NA,NA,NA,NA,NA,NA,NA,NA,NA,NA,NA,NA,NA,NA,NA,68.6314009661836,18.8065037602177,0,0,2.88657004830918,0.91395333806995,13.9525120772947,0.050544192309025,0,0,2024,2000-10-03,NA,NA,NA,NA
"Eric Murray","JAC","DB","12772","weighted",NA,NA,NA,NA,NA,NA,NA,NA,NA,NA,NA,NA,NA,NA,NA,NA,NA,NA,NA,NA,NA,NA,NA,NA,NA,NA,NA,NA,NA,NA,NA,NA,NA,NA,NA,NA,NA,NA,NA,NA,NA,NA,NA,NA,69.7547826086956,21.6251821866422,1,0,1.47777777777778,1.29900697189962,7.70405797101449,3.94244700010396,0,0,2016,1994-01-07,NA,NA,NA,NA
"Alohi Gilman","LAC","DB","14982","weighted",NA,NA,NA,NA,NA,NA,NA,NA,NA,NA,NA,NA,NA,NA,NA,NA,NA,NA,NA,NA,NA,NA,NA,NA,NA,NA,NA,NA,NA,NA,NA,NA,NA,NA,NA,NA,NA,NA,NA,NA,NA,NA,NA,NA,56.9995169082126,27.6807087441143,0,0,2.50550724637681,0.91210380008512,7.37990338164251,0.404353538472201,0.6,1.36139564468773e-16,2020,1997-09-17,NA,NA,NA,NA
"Donovan Wilson","DAL","DB","14283","weighted",NA,NA,NA,NA,NA,NA,NA,NA,NA,NA,NA,NA,NA,NA,NA,NA,NA,NA,NA,NA,NA,NA,NA,NA,NA,NA,NA,NA,NA,NA,NA,NA,NA,NA,NA,NA,NA,NA,NA,NA,NA,NA,NA,NA,64.8024154589372,20.6065126492544,2,0,1.34946859903382,0.5468869235398,3.6648309178744,0.707618692326353,0.2,3.40348911171934e-17,2019,1970-01-01,NA,NA,NA,NA
"Chamarri Conner","KC","DB","16295","weighted",NA,NA,NA,NA,NA,NA,NA,NA,NA,NA,NA,NA,NA,NA,NA,NA,NA,NA,NA,NA,NA,NA,NA,NA,NA,NA,NA,NA,NA,NA,NA,NA,NA,NA,NA,NA,NA,NA,NA,NA,NA,NA,NA,NA,78.7314024390244,14.5663996924429,1,0,2.0467987804878,1.48492424049175,5.6,0,0,0,2023,2000-07-11,NA,NA,NA,NA
"Xavier McKinney","GB","DB","14908","weighted",NA,NA,NA,NA,NA,NA,NA,NA,NA,NA,NA,NA,NA,NA,NA,NA,NA,NA,NA,NA,NA,NA,NA,NA,NA,NA,NA,NA,NA,NA,NA,NA,NA,NA,NA,NA,NA,NA,NA,NA,NA,NA,NA,NA,68.9434782608696,16.5193852121087,0,0,4.01671497584541,1.01632567714195,8.72057971014493,2.42612123083321,0,0,2020,1999-08-09,NA,NA,NA,NA
"L'Jarius Sneed","TEN","DB","14956","weighted",NA,NA,NA,NA,NA,NA,NA,NA,NA,NA,NA,NA,NA,NA,NA,NA,NA,NA,NA,NA,NA,NA,NA,NA,NA,NA,NA,NA,NA,NA,NA,NA,NA,NA,NA,NA,NA,NA,NA,NA,NA,NA,NA,NA,62.6444444444444,20.7841115503939,1,0,1.20821256038647,0.777298931547827,7.81830917874396,3.38646088470469,0.3,6.80697822343867e-17,2020,1997-01-21,"Q","Knee",2025,0
"Theo Jackson","MIN","DB","15921","weighted",NA,NA,NA,NA,NA,NA,NA,NA,NA,NA,NA,NA,NA,NA,NA,NA,NA,NA,NA,NA,NA,NA,NA,NA,NA,NA,NA,NA,NA,NA,NA,NA,NA,NA,NA,NA,NA,NA,NA,NA,NA,NA,NA,NA,49.5602898550725,35.8085130426329,1,0,1.62086956521739,0.68407785006384,6.19545893719807,1.92067930774296,0,0,2022,1998-10-02,NA,NA,NA,NA
"Harrison Smith","MIN","DB","10783","weighted",NA,NA,NA,NA,NA,NA,NA,NA,NA,NA,NA,NA,NA,NA,NA,NA,NA,NA,NA,NA,NA,NA,NA,NA,NA,NA,NA,NA,NA,NA,NA,NA,NA,NA,NA,NA,NA,NA,NA,NA,NA,NA,NA,NA,61.4331400966184,24.9854910372263,1,0,1.74724637681159,0.45605190004256,6.38265700483092,0.657074500017327,0,0,2012,1989-02-02,"D","Illness",2025,0
"Kamren Curl","LAR","DB","15001","weighted",NA,NA,NA,NA,NA,NA,NA,NA,NA,NA,NA,NA,NA,NA,NA,NA,NA,NA,NA,NA,NA,NA,NA,NA,NA,NA,NA,NA,NA,NA,NA,NA,NA,NA,NA,NA,NA,NA,NA,NA,NA,NA,NA,NA,65.627922705314,20.1622113208625,1,0,1.38299516908213,1.41257681280337,7.09222222222222,1.16251642310758,0.5,0,2020,1999-03-03,NA,NA,NA,NA
"Kerby Joseph","DET","DB","15871","weighted",NA,NA,NA,NA,NA,NA,NA,NA,NA,NA,NA,NA,NA,NA,NA,NA,NA,NA,NA,NA,NA,NA,NA,NA,NA,NA,NA,NA,NA,NA,NA,NA,NA,NA,NA,NA,NA,NA,NA,NA,NA,NA,NA,NA,73.976038647343,11.6457123322813,0,0,5.0463768115942,1.71299198731166,11.4273913043478,0.454897730781227,1,0,2022,2000-11-14,NA,NA,NA,NA
"Alontae Taylor","NO","DB","15856","weighted",NA,NA,NA,NA,NA,NA,NA,NA,NA,NA,NA,NA,NA,NA,NA,NA,NA,NA,NA,NA,NA,NA,NA,NA,NA,NA,NA,NA,NA,NA,NA,NA,NA,NA,NA,NA,NA,NA,NA,NA,NA,NA,NA,NA,66.5604830917874,15.1073793085447,1,0,1.90521739130435,0.17101946251596,13.9525120772947,0.050544192309025,0,0,2022,1998-12-03,NA,NA,NA,NA
"Keisean Nixon","GB","DB","14669","weighted",NA,NA,NA,NA,NA,NA,NA,NA,NA,NA,NA,NA,NA,NA,NA,NA,NA,NA,NA,NA,NA,NA,NA,NA,NA,NA,NA,NA,NA,NA,NA,NA,NA,NA,NA,NA,NA,NA,NA,NA,NA,NA,NA,NA,66.8707246376811,14.3897978216389,1,0,0.747246376811594,0.45605190004256,5.85753623188406,0.151632576927075,0,0,2019,1997-06-22,NA,NA,NA,NA
"Tyrique Stevenson","CHI","DB","16267","weighted",NA,NA,NA,NA,NA,NA,NA,NA,NA,NA,NA,NA,NA,NA,NA,NA,NA,NA,NA,NA,NA,NA,NA,NA,NA,NA,NA,NA,NA,NA,NA,NA,NA,NA,NA,NA,NA,NA,NA,NA,NA,NA,NA,NA,65.2609661835749,15.7744477678147,0,0,2.74531400966184,0.632013981617356,13.3799033816425,0.404353538472202,0.6,1.36139564468773e-16,2023,2000-05-26,NA,NA,NA,NA
"Taron Johnson","BUF","DB","13764","weighted",NA,NA,NA,NA,NA,NA,NA,NA,NA,NA,NA,NA,NA,NA,NA,NA,NA,NA,NA,NA,NA,NA,NA,NA,NA,NA,NA,NA,NA,NA,NA,NA,NA,NA,NA,NA,NA,NA,NA,NA,NA,NA,NA,NA,66.1425120772947,16.8736691371164,1,0,1.42937198067633,0.540742292404704,6.52512077294686,0.505441923090252,0.6,1.36139564468773e-16,2018,1996-07-27,NA,NA,NA,NA
"Byron Murphy","MIN","DB","14180","weighted",NA,NA,NA,NA,NA,NA,NA,NA,NA,NA,NA,NA,NA,NA,NA,NA,NA,NA,NA,NA,NA,NA,NA,NA,NA,NA,NA,NA,NA,NA,NA,NA,NA,NA,NA,NA,NA,NA,NA,NA,NA,NA,NA,NA,62.4935265700483,15.6647025938711,0,0,3.30106280193237,1.0937738470796,11.6703381642512,1.41523738465271,0,0,2019,1998-01-18,NA,NA,NA,NA
"Coby Bryant","SEA","DB","15872","weighted",NA,NA,NA,NA,NA,NA,NA,NA,NA,NA,NA,NA,NA,NA,NA,NA,NA,NA,NA,NA,NA,NA,NA,NA,NA,NA,NA,NA,NA,NA,NA,NA,NA,NA,NA,NA,NA,NA,NA,NA,NA,NA,NA,NA,68.2840579710145,18.9310573788072,0,0,2.82144927536232,1.48216867513832,7.94149758454106,4.19516796164909,1.3,0,2022,1999-03-29,NA,NA,NA,NA
"Nate Hobbs","GB","DB","15441","weighted",NA,NA,NA,NA,NA,NA,NA,NA,NA,NA,NA,NA,NA,NA,NA,NA,NA,NA,NA,NA,NA,NA,NA,NA,NA,NA,NA,NA,NA,NA,NA,NA,NA,NA,NA,NA,NA,NA,NA,NA,NA,NA,NA,NA,52.2250241545894,26.5293305250773,1,0,0.905217391304348,0.17101946251596,5.10048309178744,2.02176769236101,0,0,2021,1999-06-24,"Q","Knee",2025,0
"Zyon McCollum","TB","DB","15895","weighted",NA,NA,NA,NA,NA,NA,NA,NA,NA,NA,NA,NA,NA,NA,NA,NA,NA,NA,NA,NA,NA,NA,NA,NA,NA,NA,NA,NA,NA,NA,NA,NA,NA,NA,NA,NA,NA,NA,NA,NA,NA,NA,NA,NA,62.4227053140097,14.715861778465,0,0,1.57256038647343,1.19914981846991,14.5223671497585,0.555986115399277,0,0,2022,1999-05-03,NA,NA,NA,NA
"Cooper DeJean","PHI","DB","16675","weighted",NA,NA,NA,NA,NA,NA,NA,NA,NA,NA,NA,NA,NA,NA,NA,NA,NA,NA,NA,NA,NA,NA,NA,NA,NA,NA,NA,NA,NA,NA,NA,NA,NA,NA,NA,NA,NA,NA,NA,NA,NA,NA,NA,NA,56.8579710144927,19.3981647472096,1,0,1.31787439613527,0.570997329103885,9.3771497584541,1.46578157696173,0.7,1.36139564468773e-16,2024,2003-02-09,NA,NA,NA,NA
"Will Harris","WAS","DB","14213","weighted",NA,NA,NA,NA,NA,NA,NA,NA,NA,NA,NA,NA,NA,NA,NA,NA,NA,NA,NA,NA,NA,NA,NA,NA,NA,NA,NA,NA,NA,NA,NA,NA,NA,NA,NA,NA,NA,NA,NA,NA,NA,NA,NA,NA,61.8951841359773,21.2132034355964,NA,NA,1.46317280453258,0.707106781186548,8.97492917847025,9.12167747730646,0,0,2019,1995-12-19,NA,NA,NA,NA
"Renardo Green","SF","DB","16702","weighted",NA,NA,NA,NA,NA,NA,NA,NA,NA,NA,NA,NA,NA,NA,NA,NA,NA,NA,NA,NA,NA,NA,NA,NA,NA,NA,NA,NA,NA,NA,NA,NA,NA,NA,NA,NA,NA,NA,NA,NA,NA,NA,NA,NA,61.5004573170732,23.4052344572747,0,0,2.0030487804878,1.4142135623731,11.6,0,0,0,2024,2000-11-09,NA,NA,NA,NA
"Carlton Davis","NE","DB","13710","weighted",NA,NA,NA,NA,NA,NA,NA,NA,NA,NA,NA,NA,NA,NA,NA,NA,NA,NA,NA,NA,NA,NA,NA,NA,NA,NA,NA,NA,NA,NA,NA,NA,NA,NA,NA,NA,NA,NA,NA,NA,NA,NA,NA,NA,50.5572946859903,22.3777321827074,0,0,1.36811594202899,1.1401297501064,9.71507246376811,0.303265153854151,0,0,2018,1996-12-31,NA,NA,NA,NA
"Christian Benford","BUF","DB","15913","weighted",NA,NA,NA,NA,NA,NA,NA,NA,NA,NA,NA,NA,NA,NA,NA,NA,NA,NA,NA,NA,NA,NA,NA,NA,NA,NA,NA,NA,NA,NA,NA,NA,NA,NA,NA,NA,NA,NA,NA,NA,NA,NA,NA,NA,53.4342028985507,17.5544876135047,0,0,2.0631884057971,0.11401297501064,9.76256038647343,0.252720961545126,0.2,3.40348911171934e-17,2022,2000-09-21,NA,NA,NA,NA
"Ji'Ayir Brown","SF","DB","16281","weighted",NA,NA,NA,NA,NA,NA,NA,NA,NA,NA,NA,NA,NA,NA,NA,NA,NA,NA,NA,NA,NA,NA,NA,NA,NA,NA,NA,NA,NA,NA,NA,NA,NA,NA,NA,NA,NA,NA,NA,NA,NA,NA,NA,NA,59.3203966005666,18.8090403795622,NA,NA,1.41685552407932,0.636396103067893,7.68640226628895,4.10121933088198,0,0,2023,2000-01-25,NA,NA,NA,NA
"Marlon Humphrey","BAL","DB","13223","weighted",NA,NA,NA,NA,NA,NA,NA,NA,NA,NA,NA,NA,NA,NA,NA,NA,NA,NA,NA,NA,NA,NA,NA,NA,NA,NA,NA,NA,NA,NA,NA,NA,NA,NA,NA,NA,NA,NA,NA,NA,NA,NA,NA,NA,54.7778743961353,15.3674921778871,1,0,2.74531400966184,0.632013981617356,12.5251207729469,0.505441923090252,0.6,1.36139564468773e-16,2017,1996-07-08,NA,NA,NA,NA
"Tykee Smith","TB","DB","16708","weighted",NA,NA,NA,NA,NA,NA,NA,NA,NA,NA,NA,NA,NA,NA,NA,NA,NA,NA,NA,NA,NA,NA,NA,NA,NA,NA,NA,NA,NA,NA,NA,NA,NA,NA,NA,NA,NA,NA,NA,NA,NA,NA,NA,NA,60.8496618357488,11.637760625163,2,0,1.77690821256039,0.667752014875981,10.7570531400966,1.87013511543393,0,0,2024,2001-02-18,NA,NA,NA,NA
"Kyle Dugger","NE","DB","14921","weighted",NA,NA,NA,NA,NA,NA,NA,NA,NA,NA,NA,NA,NA,NA,NA,NA,NA,NA,NA,NA,NA,NA,NA,NA,NA,NA,NA,NA,NA,NA,NA,NA,NA,NA,NA,NA,NA,NA,NA,NA,NA,NA,NA,NA,61.800283286119,13.4350288425444,NA,NA,1.09263456090652,0.14142135623731,5.52847025495751,2.33345237791561,0,0,2020,1996-03-22,NA,NA,NA,NA
"Xavier Woods","TEN","DB","13325","weighted",NA,NA,NA,NA,NA,NA,NA,NA,NA,NA,NA,NA,NA,NA,NA,NA,NA,NA,NA,NA,NA,NA,NA,NA,NA,NA,NA,NA,NA,NA,NA,NA,NA,NA,NA,NA,NA,NA,NA,NA,NA,NA,NA,NA,68.3895184135977,2.12132034355964,NA,NA,2.04631728045326,0.0707106781186548,5.62946175637394,0.565685424949238,0,0,2017,1995-07-26,NA,NA,NA,NA
"Damar Hamlin","BUF","DB","15469","weighted",NA,NA,NA,NA,NA,NA,NA,NA,NA,NA,NA,NA,NA,NA,NA,NA,NA,NA,NA,NA,NA,NA,NA,NA,NA,NA,NA,NA,NA,NA,NA,NA,NA,NA,NA,NA,NA,NA,NA,NA,NA,NA,NA,NA,52.9665722379603,12.1622366364086,NA,NA,1.46317280453258,0.707106781186548,4.69475920679887,1.06066017177982,0,0,2021,1998-03-24,NA,NA,NA,NA
"Minkah Fitzpatrick","MIA","DB","13713","weighted",NA,NA,NA,NA,NA,NA,NA,NA,NA,NA,NA,NA,NA,NA,NA,NA,NA,NA,NA,NA,NA,NA,NA,NA,NA,NA,NA,NA,NA,NA,NA,NA,NA,NA,NA,NA,NA,NA,NA,NA,NA,NA,NA,NA,58.2885269121813,5.02045814642449,NA,NA,1.62946175637394,0.565685424949238,6.29688385269122,1.97989898732233,0,0,2018,1996-11-17,NA,NA,NA,NA
"Jevon Holland","NYG","DB","15366","weighted",NA,NA,NA,NA,NA,NA,NA,NA,NA,NA,NA,NA,NA,NA,NA,NA,NA,NA,NA,NA,NA,NA,NA,NA,NA,NA,NA,NA,NA,NA,NA,NA,NA,NA,NA,NA,NA,NA,NA,NA,NA,NA,NA,NA,58.5178470254958,2.26274169979695,NA,NA,0.861048158640227,0.212132034355964,5.06529745042493,1.62634559672906,0,0,2021,2000-03-03,NA,NA,NA,NA
"Kenny Moore","IND","DB","13470","weighted",NA,NA,NA,NA,NA,NA,NA,NA,NA,NA,NA,NA,NA,NA,NA,NA,NA,NA,NA,NA,NA,NA,NA,NA,NA,NA,NA,NA,NA,NA,NA,NA,NA,NA,NA,NA,NA,NA,NA,NA,NA,NA,NA,NA,57.7137393767705,2.61629509039023,NA,NA,3.13895184135977,0.212132034355964,6.64844192634561,0.989949493661167,1.1,0,2017,1995-08-23,NA,NA,NA,NA
"Evan Williams","GB","DB","16719","weighted",NA,NA,NA,NA,NA,NA,NA,NA,NA,NA,NA,NA,NA,NA,NA,NA,NA,NA,NA,NA,NA,NA,NA,NA,NA,NA,NA,NA,NA,NA,NA,NA,NA,NA,NA,NA,NA,NA,NA,NA,NA,NA,NA,NA,55.056940509915,4.66690475583122,NA,NA,2.97266288951841,1.48492424049175,6.2042492917847,1.83847763108502,0.2,0,2024,2001-07-28,NA,NA,NA,NA
"Bryan Cook","KC","DB","15860","weighted",NA,NA,NA,NA,NA,NA,NA,NA,NA,NA,NA,NA,NA,NA,NA,NA,NA,NA,NA,NA,NA,NA,NA,NA,NA,NA,NA,NA,NA,NA,NA,NA,NA,NA,NA,NA,NA,NA,NA,NA,NA,NA,NA,NA,55.9916430594901,3.04055915910215,NA,NA,3.01898016997167,1.55563491861041,5.89900849858357,2.89913780286484,0,0,2022,1999-09-07,NA,NA,NA,NA
"Calen Bullock","HOU","DB","16705","weighted",NA,NA,NA,NA,NA,NA,NA,NA,NA,NA,NA,NA,NA,NA,NA,NA,NA,NA,NA,NA,NA,NA,NA,NA,NA,NA,NA,NA,NA,NA,NA,NA,NA,NA,NA,NA,NA,NA,NA,NA,NA,NA,NA,NA,57.6294617563739,0.565685424949236,NA,NA,4.83371104815864,1.27279220613579,12.3432011331445,2.05060966544099,0.7,0,2024,2003-04-30,NA,NA,NA,NA
"Jason Pinnock","SF","DB","15448","weighted",NA,NA,NA,NA,NA,NA,NA,NA,NA,NA,NA,NA,NA,NA,NA,NA,NA,NA,NA,NA,NA,NA,NA,NA,NA,NA,NA,NA,NA,NA,NA,NA,NA,NA,NA,NA,NA,NA,NA,NA,NA,NA,NA,NA,54.2042492917847,1.83847763108503,NA,NA,0.722096317280453,0.424264068711929,3.69475920679887,1.06066017177982,0,0,2021,1999-06-30,NA,NA,NA,NA
"Michael Jackson","CAR","DB","14252","weighted",NA,NA,NA,NA,NA,NA,NA,NA,NA,NA,NA,NA,NA,NA,NA,NA,NA,NA,NA,NA,NA,NA,NA,NA,NA,NA,NA,NA,NA,NA,NA,NA,NA,NA,NA,NA,NA,NA,NA,NA,NA,NA,NA,NA,54.5094900849858,0.777817459305203,NA,NA,1.23158640226629,0.353553390593274,13.9263456090652,1.4142135623731,0,0,2019,1997-01-10,NA,NA,NA,NA
"Michael Jackson","CAR","DB","14252","weighted",NA,NA,NA,NA,NA,NA,NA,NA,NA,NA,NA,NA,NA,NA,NA,NA,NA,NA,NA,NA,NA,NA,NA,NA,NA,NA,NA,NA,NA,NA,NA,NA,NA,NA,NA,NA,NA,NA,NA,NA,NA,NA,NA,NA,54.5094900849858,0.777817459305203,NA,NA,1.23158640226629,0.353553390593274,13.9263456090652,1.4142135623731,0,0,2019,2002-05-24,NA,NA,NA,NA
"Christian Gonzalez","NE","DB","16251","weighted",NA,NA,NA,NA,NA,NA,NA,NA,NA,NA,NA,NA,NA,NA,NA,NA,NA,NA,NA,NA,NA,NA,NA,NA,NA,NA,NA,NA,NA,NA,NA,NA,NA,NA,NA,NA,NA,NA,NA,NA,NA,NA,NA,NA,42.77223796034,18.6676190233249,NA,NA,1.39787535410765,0.919238815542512,9.22096317280453,4.24264068711929,0.6,0,2023,2002-06-28,"O","Hamstring",2025,0
"D.J. Reed","DET","DB","13774","weighted",NA,NA,NA,NA,NA,NA,NA,NA,NA,NA,NA,NA,NA,NA,NA,NA,NA,NA,NA,NA,NA,NA,NA,NA,NA,NA,NA,NA,NA,NA,NA,NA,NA,NA,NA,NA,NA,NA,NA,NA,NA,NA,NA,NA,45.5512747875354,14.4249783362056,NA,NA,0.536827195467422,0.707106781186548,8.70311614730878,1.97989898732233,0,0,2018,1996-11-11,NA,NA,NA,NA
"Cole Bishop","BUF","DB","16700","weighted",NA,NA,NA,NA,NA,NA,NA,NA,NA,NA,NA,NA,NA,NA,NA,NA,NA,NA,NA,NA,NA,NA,NA,NA,NA,NA,NA,NA,NA,NA,NA,NA,NA,NA,NA,NA,NA,NA,NA,NA,NA,NA,NA,NA,41.3940509915014,17.3948268171891,NA,NA,1.18526912181303,0.282842712474619,3.2042492917847,1.83847763108502,0.8,0,2024,2002-10-24,NA,NA,NA,NA
"Terrion Arnold","DET","DB","16671","weighted",NA,NA,NA,NA,NA,NA,NA,NA,NA,NA,NA,NA,NA,NA,NA,NA,NA,NA,NA,NA,NA,NA,NA,NA,NA,NA,NA,NA,NA,NA,NA,NA,NA,NA,NA,NA,NA,NA,NA,NA,NA,NA,NA,NA,54.2315864022663,0.353553390593274,NA,NA,1.07365439093484,1.4142135623731,10.0736543909348,1.4142135623731,0,0,2024,2003-03-22,NA,NA,NA,NA
"Xavier Watts","ATL","DB","17131","weighted",NA,NA,NA,NA,NA,NA,NA,NA,NA,NA,NA,NA,NA,NA,NA,NA,NA,NA,NA,NA,NA,NA,NA,NA,NA,NA,NA,NA,NA,NA,NA,NA,NA,NA,NA,NA,NA,NA,NA,NA,NA,NA,NA,NA,51.6674220963173,2.54558441227157,NA,NA,1.23158640226629,0.353553390593274,6.40849858356941,3.67695526217005,0.8,0,2025,2001-11-22,NA,NA,NA,NA
"Cam Taylor-Britt","CIN","DB","15859","weighted",NA,NA,NA,NA,NA,NA,NA,NA,NA,NA,NA,NA,NA,NA,NA,NA,NA,NA,NA,NA,NA,NA,NA,NA,NA,NA,NA,NA,NA,NA,NA,NA,NA,NA,NA,NA,NA,NA,NA,NA,NA,NA,NA,NA,51.621104815864,2.47487373415292,NA,NA,2.49050991501416,0.777817459305203,14.250566572238,1.90918830920368,0.7,0,2022,1999-10-15,NA,NA,NA,NA
"Tyson Campbell","JAC","DB","15380","weighted",NA,NA,NA,NA,NA,NA,NA,NA,NA,NA,NA,NA,NA,NA,NA,NA,NA,NA,NA,NA,NA,NA,NA,NA,NA,NA,NA,NA,NA,NA,NA,NA,NA,NA,NA,NA,NA,NA,NA,NA,NA,NA,NA,NA,48.7980169971671,5.79827560572969,NA,NA,0.138951841359773,0.212132034355964,9.65679886685552,2.05060966544099,0.2,0,2021,2000-03-17,NA,NA,NA,NA
"Darius Slay","PIT","DB","11348","weighted",NA,NA,NA,NA,NA,NA,NA,NA,NA,NA,NA,NA,NA,NA,NA,NA,NA,NA,NA,NA,NA,NA,NA,NA,NA,NA,NA,NA,NA,NA,NA,NA,NA,NA,NA,NA,NA,NA,NA,NA,NA,NA,NA,NA,44.8549575070822,10.4651803615609,NA,NA,1.25892351274788,1.13137084989848,12.5368271954674,0.707106781186548,0,0,2013,1991-01-01,NA,NA,NA,NA
"Jartavius Martin","WAS","DB","16263","weighted",NA,NA,NA,NA,NA,NA,NA,NA,NA,NA,NA,NA,NA,NA,NA,NA,NA,NA,NA,NA,NA,NA,NA,NA,NA,NA,NA,NA,NA,NA,NA,NA,NA,NA,NA,NA,NA,NA,NA,NA,NA,NA,NA,NA,44.5892351274788,11.3137084989848,NA,NA,1.90736543909348,0.14142135623731,3.6757790368272,0.494974746830583,0.7,0,2023,2000-04-17,NA,NA,NA,NA
"Kamari Lassiter","HOU","DB","16672","weighted",NA,NA,NA,NA,NA,NA,NA,NA,NA,NA,NA,NA,NA,NA,NA,NA,NA,NA,NA,NA,NA,NA,NA,NA,NA,NA,NA,NA,NA,NA,NA,NA,NA,NA,NA,NA,NA,NA,NA,NA,NA,NA,NA,NA,48.943059490085,4.66690475583122,NA,NA,3.41685552407932,0.636396103067893,12.7873937677054,1.20208152801713,0,0,2024,2003-01-23,NA,NA,NA,NA
"Jaycee Horn","CAR","DB","15361","weighted",NA,NA,NA,NA,NA,NA,NA,NA,NA,NA,NA,NA,NA,NA,NA,NA,NA,NA,NA,NA,NA,NA,NA,NA,NA,NA,NA,NA,NA,NA,NA,NA,NA,NA,NA,NA,NA,NA,NA,NA,NA,NA,NA,NA,47.9240793201133,6.22253967444162,NA,NA,1.30524079320113,1.06066017177982,11.3052407932011,1.06066017177982,0,0,2021,1999-11-26,NA,NA,NA,NA
"A.J. Terrell","ATL","DB","14918","weighted",NA,NA,NA,NA,NA,NA,NA,NA,NA,NA,NA,NA,NA,NA,NA,NA,NA,NA,NA,NA,NA,NA,NA,NA,NA,NA,NA,NA,NA,NA,NA,NA,NA,NA,NA,NA,NA,NA,NA,NA,NA,NA,NA,NA,47.2756373937677,7.21248916810279,NA,NA,1.44419263456091,0.848528137423857,8.3242209631728,0.494974746830583,0,0,2020,1998-09-23,NA,NA,NA,NA
"A.J. Terrell","ATL","DB","14918","weighted",NA,NA,NA,NA,NA,NA,NA,NA,NA,NA,NA,NA,NA,NA,NA,NA,NA,NA,NA,NA,NA,NA,NA,NA,NA,NA,NA,NA,NA,NA,NA,NA,NA,NA,NA,NA,NA,NA,NA,NA,NA,NA,NA,NA,47.2756373937677,7.21248916810279,NA,NA,1.44419263456091,0.848528137423857,8.3242209631728,0.494974746830583,0,0,2020,2001-03-28,NA,NA,NA,NA
"Geno Stone","CIN","DB","15003","weighted",NA,NA,NA,NA,NA,NA,NA,NA,NA,NA,NA,NA,NA,NA,NA,NA,NA,NA,NA,NA,NA,NA,NA,NA,NA,NA,NA,NA,NA,NA,NA,NA,NA,NA,NA,NA,NA,NA,NA,NA,NA,NA,NA,NA,49.378895184136,2.47487373415292,NA,NA,4.09263456090652,0.14142135623731,6.18526912181303,0.282842712474619,1.1,0,2020,1999-04-19,NA,NA,NA,NA
"Trent McDuffie","KC","DB","15845","weighted",NA,NA,NA,NA,NA,NA,NA,NA,NA,NA,NA,NA,NA,NA,NA,NA,NA,NA,NA,NA,NA,NA,NA,NA,NA,NA,NA,NA,NA,NA,NA,NA,NA,NA,NA,NA,NA,NA,NA,NA,NA,NA,NA,NA,47.2946175637394,5.65685424949238,NA,NA,1.72209631728045,0.424264068711929,12.2315864022663,0.353553390593274,0,0,2022,2000-09-13,NA,NA,NA,NA
"Taylor Rapp","BUF","DB","14186","weighted",NA,NA,NA,NA,NA,NA,NA,NA,NA,NA,NA,NA,NA,NA,NA,NA,NA,NA,NA,NA,NA,NA,NA,NA,NA,NA,NA,NA,NA,NA,NA,NA,NA,NA,NA,NA,NA,NA,NA,NA,NA,NA,NA,NA,49.9347025495751,1.62634559672906,NA,NA,1.92634560906516,1.4142135623731,5.69475920679887,1.06066017177982,0,0,2019,1970-01-01,NA,NA,NA,NA
"Malaki Starks","BAL","DB","17132","weighted",NA,NA,NA,NA,NA,NA,NA,NA,NA,NA,NA,NA,NA,NA,NA,NA,NA,NA,NA,NA,NA,NA,NA,NA,NA,NA,NA,NA,NA,NA,NA,NA,NA,NA,NA,NA,NA,NA,NA,NA,NA,NA,NA,NA,49.250566572238,1.90918830920368,NA,NA,1.69475920679887,1.06066017177982,7.57478753541077,2.40416305603426,0.7,0,2025,2003-11-13,NA,NA,NA,NA
"Tarheeb Still","LAC","DB","16729","weighted",NA,NA,NA,NA,NA,NA,NA,NA,NA,NA,NA,NA,NA,NA,NA,NA,NA,NA,NA,NA,NA,NA,NA,NA,NA,NA,NA,NA,NA,NA,NA,NA,NA,NA,NA,NA,NA,NA,NA,NA,NA,NA,NA,NA,46.3409348441926,5.58614357137373,NA,NA,2.49050991501416,0.777817459305203,10.1473087818697,2.82842712474619,0.2,0,2024,2002-06-09,NA,NA,NA,NA
"Andre Cisco","NYJ","DB","15364","weighted",NA,NA,NA,NA,NA,NA,NA,NA,NA,NA,NA,NA,NA,NA,NA,NA,NA,NA,NA,NA,NA,NA,NA,NA,NA,NA,NA,NA,NA,NA,NA,NA,NA,NA,NA,NA,NA,NA,NA,NA,NA,NA,NA,NA,48.5178470254958,2.26274169979695,NA,NA,1.84206798866856,1.76776695296637,6.41685552407932,0.636396103067893,0,0,2021,2000-03-23,NA,NA,NA,NA
"Mike Hughes","ATL","DB","13731","weighted",NA,NA,NA,NA,NA,NA,NA,NA,NA,NA,NA,NA,NA,NA,NA,NA,NA,NA,NA,NA,NA,NA,NA,NA,NA,NA,NA,NA,NA,NA,NA,NA,NA,NA,NA,NA,NA,NA,NA,NA,NA,NA,NA,NA,49.0736543909348,1.4142135623731,NA,NA,0.536827195467422,0.707106781186548,6.72209631728045,0.424264068711928,0,0,2018,1997-02-11,NA,NA,NA,NA
"Jarvis Brownlee","TEN","DB","16736","weighted",NA,NA,NA,NA,NA,NA,NA,NA,NA,NA,NA,NA,NA,NA,NA,NA,NA,NA,NA,NA,NA,NA,NA,NA,NA,NA,NA,NA,NA,NA,NA,NA,NA,NA,NA,NA,NA,NA,NA,NA,NA,NA,NA,NA,46.6400849858357,4.03050865276332,NA,NA,1.16628895184136,1.27279220613579,6.53682719546742,0.707106781186548,0,0,2024,2001-07-13,NA,NA,NA,NA
"Sydney Brown","PHI","DB","16271","weighted",NA,NA,NA,NA,NA,NA,NA,NA,NA,NA,NA,NA,NA,NA,NA,NA,NA,NA,NA,NA,NA,NA,NA,NA,NA,NA,NA,NA,NA,NA,NA,NA,NA,NA,NA,NA,NA,NA,NA,NA,NA,NA,NA,NA,41.2065155807365,9.47523086789974,NA,NA,1.92634560906516,1.4142135623731,7.56643059490085,5.44472221513642,0.7,0,2023,2000-03-21,NA,NA,NA,NA
"Malik Hooker","DAL","DB","13228","weighted",NA,NA,NA,NA,NA,NA,NA,NA,NA,NA,NA,NA,NA,NA,NA,NA,NA,NA,NA,NA,NA,NA,NA,NA,NA,NA,NA,NA,NA,NA,NA,NA,NA,NA,NA,NA,NA,NA,NA,NA,NA,NA,NA,NA,47.0652974504249,1.62634559672906,NA,NA,2.13895184135977,0.212132034355964,4.60212464589235,0.919238815542512,0.2,0,2017,1996-04-02,NA,NA,NA,NA
"Chauncey Gardner-Johnson","HOU","DB","14224","weighted",NA,NA,NA,NA,NA,NA,NA,NA,NA,NA,NA,NA,NA,NA,NA,NA,NA,NA,NA,NA,NA,NA,NA,NA,NA,NA,NA,NA,NA,NA,NA,NA,NA,NA,NA,NA,NA,NA,NA,NA,NA,NA,NA,NA,42.3682719546742,7.07106781186548,NA,NA,3.8800283286119,1.34350288425444,10.2968838526912,1.97989898732233,0.9,0,2019,1997-12-20,NA,NA,NA,NA
"Jalen Ramsey","PIT","DB","12711","weighted",NA,NA,NA,NA,NA,NA,NA,NA,NA,NA,NA,NA,NA,NA,NA,NA,NA,NA,NA,NA,NA,NA,NA,NA,NA,NA,NA,NA,NA,NA,NA,NA,NA,NA,NA,NA,NA,NA,NA,NA,NA,NA,NA,NA,40.0987252124646,10.5358910396796,NA,NA,2.35155807365439,0.989949493661167,10.8041076487252,4.87903679018718,0,0,2016,1994-10-24,NA,NA,NA,NA
"Kyler Gordon","CHI","DB","15852","weighted",NA,NA,NA,NA,NA,NA,NA,NA,NA,NA,NA,NA,NA,NA,NA,NA,NA,NA,NA,NA,NA,NA,NA,NA,NA,NA,NA,NA,NA,NA,NA,NA,NA,NA,NA,NA,NA,NA,NA,NA,NA,NA,NA,NA,46.185269121813,0.282842712474618,NA,NA,1.44419263456091,0.848528137423857,5.86104815864023,0.212132034355964,0,0,2022,1999-12-17,NA,NA,NA,NA
"Trevon Diggs","DAL","DB","14903","weighted",NA,NA,NA,NA,NA,NA,NA,NA,NA,NA,NA,NA,NA,NA,NA,NA,NA,NA,NA,NA,NA,NA,NA,NA,NA,NA,NA,NA,NA,NA,NA,NA,NA,NA,NA,NA,NA,NA,NA,NA,NA,NA,NA,NA,44.0546742209632,2.9698484809835,NA,NA,2.16628895184136,1.27279220613579,13.9620396600567,3.11126983722081,0,0,2020,1998-09-20,NA,NA,NA,NA
"Joey Porter Jr.","PIT","DB","16240","weighted",NA,NA,NA,NA,NA,NA,NA,NA,NA,NA,NA,NA,NA,NA,NA,NA,NA,NA,NA,NA,NA,NA,NA,NA,NA,NA,NA,NA,NA,NA,NA,NA,NA,NA,NA,NA,NA,NA,NA,NA,NA,NA,NA,NA,43.4988668555241,3.81837661840736,NA,NA,1.04631728045326,0.0707106781186548,7.61048158640227,2.12132034355964,0,0,2023,2000-07-26,NA,NA,NA,NA
"Patrick Surtain II","DEN","DB","15362","weighted",NA,NA,NA,NA,NA,NA,NA,NA,NA,NA,NA,NA,NA,NA,NA,NA,NA,NA,NA,NA,NA,NA,NA,NA,NA,NA,NA,NA,NA,NA,NA,NA,NA,NA,NA,NA,NA,NA,NA,NA,NA,NA,NA,NA,41.9179886685552,4.45477272147525,NA,NA,2.44419263456091,0.848528137423857,10.2862606232295,2.61629509039023,0.2,0,2021,2000-04-14,NA,NA,NA,NA
"Jaden Hicks","KC","DB","16727","weighted",NA,NA,NA,NA,NA,NA,NA,NA,NA,NA,NA,NA,NA,NA,NA,NA,NA,NA,NA,NA,NA,NA,NA,NA,NA,NA,NA,NA,NA,NA,NA,NA,NA,NA,NA,NA,NA,NA,NA,NA,NA,NA,NA,NA,35.4586402266289,14.5663996924429,NA,NA,3.49050991501416,0.777817459305203,5.81473087818697,0.282842712474619,0,0,2024,2002-08-16,NA,NA,NA,NA
"Charvarius Ward","IND","DB","13920","weighted",NA,NA,NA,NA,NA,NA,NA,NA,NA,NA,NA,NA,NA,NA,NA,NA,NA,NA,NA,NA,NA,NA,NA,NA,NA,NA,NA,NA,NA,NA,NA,NA,NA,NA,NA,NA,NA,NA,NA,NA,NA,NA,NA,NA,43.1936260623229,2.75771644662753,NA,NA,1.74943342776204,1.90918830920368,9.8314447592068,6.36396103067893,0,0,2018,1996-05-16,NA,NA,NA,NA
"Malachi Moore","NYJ","DB","17186","weighted",NA,NA,NA,NA,NA,NA,NA,NA,NA,NA,NA,NA,NA,NA,NA,NA,NA,NA,NA,NA,NA,NA,NA,NA,NA,NA,NA,NA,NA,NA,NA,NA,NA,NA,NA,NA,NA,NA,NA,NA,NA,NA,NA,NA,25.6856940509915,29.486352775479,NA,NA,1.07365439093484,1.4142135623731,2.68413597733711,3.53553390593274,0,0,2025,2001-09-13,NA,NA,NA,NA
"Darnell Savage","JAC","DB","14197","weighted",NA,NA,NA,NA,NA,NA,NA,NA,NA,NA,NA,NA,NA,NA,NA,NA,NA,NA,NA,NA,NA,NA,NA,NA,NA,NA,NA,NA,NA,NA,NA,NA,NA,NA,NA,NA,NA,NA,NA,NA,NA,NA,NA,NA,42.2672804532578,4.17193000900063,NA,NA,1,0,5.01898016997167,1.55563491861041,0,0,2019,1997-07-30,NA,NA,NA,NA
"Deonte Banks","NYG","DB","16255","weighted",NA,NA,NA,NA,NA,NA,NA,NA,NA,NA,NA,NA,NA,NA,NA,NA,NA,NA,NA,NA,NA,NA,NA,NA,NA,NA,NA,NA,NA,NA,NA,NA,NA,NA,NA,NA,NA,NA,NA,NA,NA,NA,NA,NA,39.4798866855524,5.37401153701776,NA,NA,1.16628895184136,1.27279220613579,9.93470254957507,1.62634559672906,0,0,2023,2001-04-03,NA,NA,NA,NA
"Jamel Dean","TB","DB","14219","weighted",NA,NA,NA,NA,NA,NA,NA,NA,NA,NA,NA,NA,NA,NA,NA,NA,NA,NA,NA,NA,NA,NA,NA,NA,NA,NA,NA,NA,NA,NA,NA,NA,NA,NA,NA,NA,NA,NA,NA,NA,NA,NA,NA,NA,42.3515580736544,0.989949493661166,NA,NA,1.49050991501416,0.777817459305202,7.60212464589235,0.919238815542513,0,0,2019,1996-10-15,NA,NA,NA,NA
"Kool-Aid McKinstry","NO","DB","16670","weighted",NA,NA,NA,NA,NA,NA,NA,NA,NA,NA,NA,NA,NA,NA,NA,NA,NA,NA,NA,NA,NA,NA,NA,NA,NA,NA,NA,NA,NA,NA,NA,NA,NA,NA,NA,NA,NA,NA,NA,NA,NA,NA,NA,NA,41.2968838526912,1.97989898732233,NA,NA,0.768413597733711,0.353553390593274,9.16628895184136,1.27279220613579,0,0,2024,2002-09-30,NA,NA,NA,NA
"Jaylon Johnson","CHI","DB","14924","weighted",NA,NA,NA,NA,NA,NA,NA,NA,NA,NA,NA,NA,NA,NA,NA,NA,NA,NA,NA,NA,NA,NA,NA,NA,NA,NA,NA,NA,NA,NA,NA,NA,NA,NA,NA,NA,NA,NA,NA,NA,NA,NA,NA,NA,39.6400849858357,4.03050865276332,NA,NA,2.86104815864023,0.212132034355964,10.3515580736544,0.989949493661167,0.3,0,2020,1999-04-19,"Q","Groin",2025,0
"Jaylon Johnson","CHI","DB","14924","weighted",NA,NA,NA,NA,NA,NA,NA,NA,NA,NA,NA,NA,NA,NA,NA,NA,NA,NA,NA,NA,NA,NA,NA,NA,NA,NA,NA,NA,NA,NA,NA,NA,NA,NA,NA,NA,NA,NA,NA,NA,NA,NA,NA,NA,39.6400849858357,4.03050865276332,NA,NA,2.86104815864023,0.212132034355964,10.3515580736544,0.989949493661167,0.3,0,2020,1999-12-02,"Q","Groin",2025,0
"Quinyon Mitchell","PHI","DB","16690","weighted",NA,NA,NA,NA,NA,NA,NA,NA,NA,NA,NA,NA,NA,NA,NA,NA,NA,NA,NA,NA,NA,NA,NA,NA,NA,NA,NA,NA,NA,NA,NA,NA,NA,NA,NA,NA,NA,NA,NA,NA,NA,NA,NA,NA,40.9263456090652,1.4142135623731,NA,NA,2.37053824362606,0.565685424949238,12.5368271954674,0.707106781186548,0,0,2024,2001-07-18,NA,NA,NA,NA
"Andru Phillips","NYG","DB","16703","weighted",NA,NA,NA,NA,NA,NA,NA,NA,NA,NA,NA,NA,NA,NA,NA,NA,NA,NA,NA,NA,NA,NA,NA,NA,NA,NA,NA,NA,NA,NA,NA,NA,NA,NA,NA,NA,NA,NA,NA,NA,NA,NA,NA,NA,40.5094900849858,0.777817459305203,NA,NA,1,0,3.30524079320113,1.06066017177982,0,0,2024,2001-11-30,NA,NA,NA,NA
"Derek Stingley Jr.","HOU","DB","15832","weighted",NA,NA,NA,NA,NA,NA,NA,NA,NA,NA,NA,NA,NA,NA,NA,NA,NA,NA,NA,NA,NA,NA,NA,NA,NA,NA,NA,NA,NA,NA,NA,NA,NA,NA,NA,NA,NA,NA,NA,NA,NA,NA,NA,NA,39.564164305949,2.1920310216783,NA,NA,4.57478753541077,2.40416305603426,18.2042492917847,1.83847763108503,0,0,2022,2001-06-20,NA,NA,NA,NA
"Jourdan Lewis","JAC","DB","13227","weighted",NA,NA,NA,NA,NA,NA,NA,NA,NA,NA,NA,NA,NA,NA,NA,NA,NA,NA,NA,NA,NA,NA,NA,NA,NA,NA,NA,NA,NA,NA,NA,NA,NA,NA,NA,NA,NA,NA,NA,NA,NA,NA,NA,NA,40.7684135977337,0.353553390593274,NA,NA,0.675779036827196,0.494974746830583,8.37053824362606,0.565685424949239,0,0,2017,1995-08-31,NA,NA,NA,NA
"DJ Turner","CIN","DB","16268","weighted",NA,NA,NA,NA,NA,NA,NA,NA,NA,NA,NA,NA,NA,NA,NA,NA,NA,NA,NA,NA,NA,NA,NA,NA,NA,NA,NA,NA,NA,NA,NA,NA,NA,NA,NA,NA,NA,NA,NA,NA,NA,NA,NA,NA,39.7410764872521,1.13137084989848,NA,NA,1.04631728045326,0.0707106781186548,10.2232294617564,3.39411254969543,0,0,2023,2000-11-09,NA,NA,NA,NA
"Ahmad Gardner","NYJ","DB","15833","weighted",NA,NA,NA,NA,NA,NA,NA,NA,NA,NA,NA,NA,NA,NA,NA,NA,NA,NA,NA,NA,NA,NA,NA,NA,NA,NA,NA,NA,NA,NA,NA,NA,NA,NA,NA,NA,NA,NA,NA,NA,NA,NA,NA,NA,37.3135977337111,4.10121933088197,NA,NA,1.44419263456091,0.848528137423857,13.128328611898,4.38406204335659,0,0,2022,2001-08-31,NA,NA,NA,NA
"Tariq Woolen","SEA","DB","15894","weighted",NA,NA,NA,NA,NA,NA,NA,NA,NA,NA,NA,NA,NA,NA,NA,NA,NA,NA,NA,NA,NA,NA,NA,NA,NA,NA,NA,NA,NA,NA,NA,NA,NA,NA,NA,NA,NA,NA,NA,NA,NA,NA,NA,NA,35.9703966005666,6.15182899632296,NA,NA,2.62946175637394,0.565685424949238,13,2.51898994751306e-15,0,0,2022,1999-05-02,NA,NA,NA,NA
"Tariq Woolen","SEA","DB","15894","weighted",NA,NA,NA,NA,NA,NA,NA,NA,NA,NA,NA,NA,NA,NA,NA,NA,NA,NA,NA,NA,NA,NA,NA,NA,NA,NA,NA,NA,NA,NA,NA,NA,NA,NA,NA,NA,NA,NA,NA,NA,NA,NA,NA,NA,35.9703966005666,6.15182899632296,NA,NA,2.62946175637394,0.565685424949238,13,2.51898994751306e-15,0,0,2022,1999-01-14,NA,NA,NA,NA
"Darious Williams","LAR","DB","13959","weighted",NA,NA,NA,NA,NA,NA,NA,NA,NA,NA,NA,NA,NA,NA,NA,NA,NA,NA,NA,NA,NA,NA,NA,NA,NA,NA,NA,NA,NA,NA,NA,NA,NA,NA,NA,NA,NA,NA,NA,NA,NA,NA,NA,NA,37.8694050991501,3.25269119345812,NA,NA,1.72209631728045,0.424264068711929,11.2209631728045,4.24264068711929,0,0,2018,1993-03-15,NA,NA,NA,NA
"Marshon Lattimore","WAS","DB","13224","weighted",NA,NA,NA,NA,NA,NA,NA,NA,NA,NA,NA,NA,NA,NA,NA,NA,NA,NA,NA,NA,NA,NA,NA,NA,NA,NA,NA,NA,NA,NA,NA,NA,NA,NA,NA,NA,NA,NA,NA,NA,NA,NA,NA,NA,39.1199716713881,1.34350288425444,NA,NA,0.629461756373938,0.565685424949238,8.0842776203966,3.18198051533946,0,0,2017,1996-05-19,NA,NA,NA,NA
"Denzel Ward","CLE","DB","13707","weighted",NA,NA,NA,NA,NA,NA,NA,NA,NA,NA,NA,NA,NA,NA,NA,NA,NA,NA,NA,NA,NA,NA,NA,NA,NA,NA,NA,NA,NA,NA,NA,NA,NA,NA,NA,NA,NA,NA,NA,NA,NA,NA,NA,NA,38.4441926345609,0.848528137423859,NA,NA,2.44419263456091,0.848528137423857,13.2399433427762,2.68700576850888,0,0,2018,1997-04-28,NA,NA,NA,NA
"Nate Wiggins","BAL","DB","16673","weighted",NA,NA,NA,NA,NA,NA,NA,NA,NA,NA,NA,NA,NA,NA,NA,NA,NA,NA,NA,NA,NA,NA,NA,NA,NA,NA,NA,NA,NA,NA,NA,NA,NA,NA,NA,NA,NA,NA,NA,NA,NA,NA,NA,NA,37.7220963172805,0.42426406871193,NA,NA,2.76841359773371,0.353553390593274,12.4168555240793,0.636396103067893,1.6,0,2024,2003-08-28,NA,NA,NA,NA
"Lathan Ransom","CAR","DB","17181","weighted",NA,NA,NA,NA,NA,NA,NA,NA,NA,NA,NA,NA,NA,NA,NA,NA,NA,NA,NA,NA,NA,NA,NA,NA,NA,NA,NA,NA,NA,NA,NA,NA,NA,NA,NA,NA,NA,NA,NA,NA,NA,NA,NA,NA,22.2521246458924,24.0416305603426,NA,NA,1.07365439093484,1.4142135623731,1.58314447592068,0.636396103067893,0,0,2025,2002-07-16,NA,NA,NA,NA
"Max Melton","ARI","DB","16695","weighted",NA,NA,NA,NA,NA,NA,NA,NA,NA,NA,NA,NA,NA,NA,NA,NA,NA,NA,NA,NA,NA,NA,NA,NA,NA,NA,NA,NA,NA,NA,NA,NA,NA,NA,NA,NA,NA,NA,NA,NA,NA,NA,NA,NA,32.6735127478754,8.1317279836453,NA,NA,1.07365439093484,1.4142135623731,6.58314447592068,0.636396103067893,0,0,2024,2002-04-15,NA,NA,NA,NA
"Storm Duck","MIA","DB","16889","weighted",NA,NA,NA,NA,NA,NA,NA,NA,NA,NA,NA,NA,NA,NA,NA,NA,NA,NA,NA,NA,NA,NA,NA,NA,NA,NA,NA,NA,NA,NA,NA,NA,NA,NA,NA,NA,NA,NA,NA,NA,NA,NA,NA,NA,37.9073654390935,0.141421356237312,NA,NA,0.768413597733711,0.353553390593274,5.29688385269122,1.97989898732233,0,0,2024,2000-12-15,NA,NA,NA,NA
"Eric Stokes","LVR","DB","15377","weighted",NA,NA,NA,NA,NA,NA,NA,NA,NA,NA,NA,NA,NA,NA,NA,NA,NA,NA,NA,NA,NA,NA,NA,NA,NA,NA,NA,NA,NA,NA,NA,NA,NA,NA,NA,NA,NA,NA,NA,NA,NA,NA,NA,NA,33.2946175637394,5.65685424949238,NA,NA,1.09263456090652,0.14142135623731,6.51784702549575,2.26274169979695,0,0,2021,1999-03-01,NA,NA,NA,NA
"Ifeatu Melifonwu","MIA","DB","15363","weighted",NA,NA,NA,NA,NA,NA,NA,NA,NA,NA,NA,NA,NA,NA,NA,NA,NA,NA,NA,NA,NA,NA,NA,NA,NA,NA,NA,NA,NA,NA,NA,NA,NA,NA,NA,NA,NA,NA,NA,NA,NA,NA,NA,NA,19.4837110481586,23.6880771697493,NA,NA,1.07365439093484,1.4142135623731,2.37889518413598,2.47487373415292,0,0,2021,1999-05-02,NA,NA,NA,NA
